complexity,loss,equation,score,julia_expression,lambda_format,simulation
30,3.7016556,g = (-5.13706 - ((0.94765717 + #8) * #3)) / sqrt(#2 + sqrt(square((-0.57934487 + #5) / square(#4 * inv(#2))) + #4)); d = square((#1 * 0.014921757) - 1.3702635),0.0001572562423729,g = (-5.13706 - ((0.94765717 + #8) * #3)) / sqrt(#2 + sqrt(square((-0.57934487 + #5) / square(#4 * inv(#2))) + #4)); d = square((#1 * 0.014921757) - 1.3702635),<pysr.expression_specs.CallableJuliaExpression object at 0x7222a099fa40>,42
30,3.7019148,g = (sqrt(#1 * (sqrt(inv(square(#5 - 0.55788904) + 0.21744435)) + #8)) * (#3 * -0.028971937)) - (3.3154938 - sqrt(#2 / 1.9135014)); d = square((#1 * 0.014881362) + -1.3358965),0.0002737397653513,g = (sqrt(#1 * (sqrt(inv(square(#5 - 0.55788904) + 0.21744435)) + #8)) * (#3 * -0.028971937)) - (3.3154938 - sqrt(#2 / 1.9135014)); d = square((#1 * 0.014881362) + -1.3358965),<pysr.expression_specs.CallableJuliaExpression object at 0x7222a095a150>,14
30,3.7021527,g = ((1.2649426 - ((#7 + #1) * 0.000885081)) * (sqrt((#2 / sqrt(sqrt(square(#5) + #8))) + #8) + inv(#4))) + -5.2281227; d = square((#1 * -0.01363771) + 1.7613776),8.416370493809335e-05,g = ((1.2649426 - ((#7 + #1) * 0.000885081)) * (sqrt((#2 / sqrt(sqrt(square(#5) + #8))) + #8) + inv(#4))) + -5.2281227; d = square((#1 * -0.01363771) + 1.7613776),<pysr.expression_specs.CallableJuliaExpression object at 0x7222a09582c0>,6
30,3.7023044,g = ((sqrt(((#8 - -0.41271728) * (#1 - #5)) - square(#4 / -1.3980292)) * #3) * -0.0301694) - (3.9923656 - sqrt(#2 * 0.5439383)); d = square((#1 * -0.014229389) + 1.5259565),1.747529710278534e-05,g = ((sqrt(((#8 - -0.41271728) * (#1 - #5)) - square(#4 / -1.3980292)) * #3) * -0.0301694) - (3.9923656 - sqrt(#2 * 0.5439383)); d = square((#1 * -0.014229389) + 1.5259565),<pysr.expression_specs.CallableJuliaExpression object at 0x7222a6c6dc40>,1
28,3.702307,g = inv((-0.8575625 - sqrt(#2)) / ((#3 * (#8 + (0.8447218 / (square((#5 / #2) / -2.8126411) + 0.64710796)))) - -5.0403867)); d = square((#1 * -0.014991912) + 1.330772),0.000450158460947,g = inv((-0.8575625 - sqrt(#2)) / ((#3 * (#8 + (0.8447218 / (square((#5 / #2) / -2.8126411) + 0.64710796)))) - -5.0403867)); d = square((#1 * -0.014991912) + 1.330772),<pysr.expression_specs.CallableJuliaExpression object at 0x7222a0959e20>,13
28,3.7024338,g = ((#3 * -0.0301694) * sqrt(((#8 - -0.41271728) * #1) - square(#4 / 1.3787377))) - (3.9984286 - sqrt(#2 * 0.54382604)); d = square((#1 * -0.014229389) + 1.5259565),0.0009665183248522,g = ((#3 * -0.0301694) * sqrt(((#8 - -0.41271728) * #1) - square(#4 / 1.3787377))) - (3.9984286 - sqrt(#2 * 0.54382604)); d = square((#1 * -0.014229389) + 1.5259565),<pysr.expression_specs.CallableJuliaExpression object at 0x7222a751e720>,1
29,3.7024643,g = (sqrt((#2 / sqrt(sqrt(square(#5) + #8))) + (#8 + 0.7088096)) * (1.2649426 - ((#7 + #1) * 0.000885081))) + -5.2281227; d = square(1.7613776 + (#1 * -0.01363771)),0.000134405916938,g = (sqrt((#2 / sqrt(sqrt(square(#5) + #8))) + (#8 + 0.7088096)) * (1.2649426 - ((#7 + #1) * 0.000885081))) + -5.2281227; d = square(1.7613776 + (#1 * -0.01363771)),<pysr.expression_specs.CallableJuliaExpression object at 0x7222a0958200>,6
28,3.70282,g = (-5.13706 - ((#8 + 0.94765717) * #3)) / sqrt(#2 + sqrt(square(#5 / square(#4 * inv(#2))) + #4)); d = square((0.014921757 * #1) - 1.3702635),0.0002498956817555,g = (-5.13706 - ((#8 + 0.94765717) * #3)) / sqrt(#2 + sqrt(square(#5 / square(#4 * inv(#2))) + #4)); d = square((0.014921757 * #1) - 1.3702635),<pysr.expression_specs.CallableJuliaExpression object at 0x7222a099c1a0>,42
29,3.7029283,g = ((#3 * -0.029665278) * sqrt((inv(square(0.5103702 - #5) + 0.5103702) + #8) * #1)) - (3.318946 - sqrt(#2 / 1.9126495)); d = square((#1 * 0.015209344) + -1.3223517),1.3340704027454123e-05,g = ((#3 * -0.029665278) * sqrt((inv(square(0.5103702 - #5) + 0.5103702) + #8) * #1)) - (3.318946 - sqrt(#2 / 1.9126495)); d = square((#1 * 0.015209344) + -1.3223517),<pysr.expression_specs.CallableJuliaExpression object at 0x7222a095a240>,14
28,3.7029777,g = ((sqrt(#1 * (#8 + sqrt(inv(square(#5) + 0.34037206)))) * #3) * -0.028971937) - (3.3154938 - sqrt(#2 / 1.9135014)); d = square((0.014881362 * #1) + -1.3358965),0.0003922829577604,g = ((sqrt(#1 * (#8 + sqrt(inv(square(#5) + 0.34037206)))) * #3) * -0.028971937) - (3.3154938 - sqrt(#2 / 1.9135014)); d = square((0.014881362 * #1) + -1.3358965),<pysr.expression_specs.CallableJuliaExpression object at 0x7222a09586e0>,14
27,3.7034597,g = ((1.2637464 - ((#7 + #1) * 0.000885081)) * (sqrt(#8 + (#2 / sqrt(sqrt(#4)))) + inv(#4))) + -5.2281227; d = square((#1 * -0.01363771) + 1.7613776),0.0001574889743086,g = ((1.2637464 - ((#7 + #1) * 0.000885081)) * (sqrt(#8 + (#2 / sqrt(sqrt(#4)))) + inv(#4))) + -5.2281227; d = square((#1 * -0.01363771) + 1.7613776),<pysr.expression_specs.CallableJuliaExpression object at 0x7222a0958140>,6
30,3.7034764,g = (((#3 + 5.1022863) + (#8 * #3)) / sqrt(sqrt(#4 + square(#2 + square((inv(#8) + #2) / #4))))) / -1.1411898; d = square(1.3608202 + (-0.015082404 * #1)),0.0002060014242712,g = (((#3 + 5.1022863) + (#8 * #3)) / sqrt(sqrt(#4 + square(#2 + square((inv(#8) + #2) / #4))))) / -1.1411898; d = square(1.3608202 + (-0.015082404 * #1)),<pysr.expression_specs.CallableJuliaExpression object at 0x7222a095a810>,15
29,3.7038655,g = neg(((#3 * ((#8 / sqrt(((#2 + -1.3342617) + sqrt(#4)) * 1.2680317)) + 0.35072878)) - sqrt(#2 * 0.6566977)) + 4.250454); d = square((#1 * -0.014509504) + 1.5405631),9.435642613742956e-05,g = neg(((#3 * ((#8 / sqrt(((#2 + -1.3342617) + sqrt(#4)) * 1.2680317)) + 0.35072878)) - sqrt(#2 * 0.6566977)) + 4.250454); d = square((#1 * -0.014509504) + 1.5405631),<pysr.expression_specs.CallableJuliaExpression object at 0x7222a099ed80>,41
30,3.7039502,g = ((((-4.938694 - (#3 * #8)) - #3) + (#2 / #4)) * 0.838681) / sqrt(sqrt((#4 + square(#2)) - -1.3583769)); d = square((#1 * 0.014915906) + -1.3583769) + -0.30370578,8.119050375379356e-05,g = ((((-4.938694 - (#3 * #8)) - #3) + (#2 / #4)) * 0.838681) / sqrt(sqrt((#4 + square(#2)) - -1.3583769)); d = square((#1 * 0.014915906) + -1.3583769) + -0.30370578,<pysr.expression_specs.CallableJuliaExpression object at 0x7222a09598b0>,70
27,3.703974,g = inv((-0.8269533 - sqrt(#2)) / ((((1.4450577 / sqrt(square(#5 / #2) + 1.1422057)) + #8) * #3) - -5.015354)); d = square((#1 * -0.015610381) + 1.3009332),0.0007525837935239,g = inv((-0.8269533 - sqrt(#2)) / ((((1.4450577 / sqrt(square(#5 / #2) + 1.1422057)) + #8) * #3) - -5.015354)); d = square((#1 * -0.015610381) + 1.3009332),<pysr.expression_specs.CallableJuliaExpression object at 0x7222a0959d60>,13
26,3.704043,g = (sqrt(((#2 + 0.7383844) / sqrt(sqrt(#4))) + #8) * (1.2775686 - ((#1 + #7) * 0.000885081))) + -5.2281227; d = square((#1 * -0.01363771) + 1.7613776),0.0001530525492365,g = (sqrt(((#2 + 0.7383844) / sqrt(sqrt(#4))) + #8) * (1.2775686 - ((#1 + #7) * 0.000885081))) + -5.2281227; d = square((#1 * -0.01363771) + 1.7613776),<pysr.expression_specs.CallableJuliaExpression object at 0x7222a09580b0>,6
29,3.7040486,g = neg((#3 + ((#3 * #8) + 6.653893)) / sqrt((square((#4 * 0.051256426) + (#2 * inv(#4))) + #2) - -3.0018494)); d = square((#1 * -0.01454825) + 1.4836566),0.0002613213581215,g = neg((#3 + ((#3 * #8) + 6.653893)) / sqrt((square((#4 * 0.051256426) + (#2 * inv(#4))) + #2) - -3.0018494)); d = square((#1 * -0.01454825) + 1.4836566),<pysr.expression_specs.CallableJuliaExpression object at 0x7222a09d21e0>,59
30,3.7041383,g = (#1 * -0.003931581) - (((#3 * sqrt((sqrt(inv(square(#5) + 0.3119665)) + #8) * (#1 * 0.00081896776))) + 1.3965018) - sqrt(#8)); d = square((#1 * -0.015000061) + 1.3772376),0.0001231249713129,g = (#1 * -0.003931581) - (((#3 * sqrt((sqrt(inv(square(#5) + 0.3119665)) + #8) * (#1 * 0.00081896776))) + 1.3965018) - sqrt(#8)); d = square((#1 * -0.015000061) + 1.3772376),<pysr.expression_specs.CallableJuliaExpression object at 0x7222a08e83b0>,72
28,3.704215,g = neg(((#3 * ((#8 / sqrt((#2 + (0.085780546 * #4)) * 1.4548281)) + 0.369353)) + 4.250454) - sqrt(#2 * 0.6323467)); d = square(1.5442148 + (#1 * -0.014509504)),0.0001265505207401,g = neg(((#3 * ((#8 / sqrt((#2 + (0.085780546 * #4)) * 1.4548281)) + 0.369353)) + 4.250454) - sqrt(#2 * 0.6323467)); d = square(1.5442148 + (#1 * -0.014509504)),<pysr.expression_specs.CallableJuliaExpression object at 0x7222a099ec00>,41
29,3.7042394,g = (((#3 + (#8 * #3)) + 5.1022863) / (sqrt(sqrt((#4 - -0.53918535) + square(#2))) + (#2 / square(#4)))) / -1.1483077; d = square(1.3608202 + (#1 * -0.015082404)),7.275394762148945e-06,g = (((#3 + (#8 * #3)) + 5.1022863) / (sqrt(sqrt((#4 - -0.53918535) + square(#2))) + (#2 / square(#4)))) / -1.1483077; d = square(1.3608202 + (#1 * -0.015082404)),<pysr.expression_specs.CallableJuliaExpression object at 0x7222a095a720>,15
30,3.70427,g = neg((#3 + ((#3 * (#8 * 0.96403563)) + 4.9751315)) / sqrt(square((inv(#8) + #2) / #4) + (#2 + sqrt(#4)))); d = square((#1 * -0.014989548) + 1.3346272),0.0001914364014549,g = neg((#3 + ((#3 * (#8 * 0.96403563)) + 4.9751315)) / sqrt(square((inv(#8) + #2) / #4) + (#2 + sqrt(#4)))); d = square((#1 * -0.014989548) + 1.3346272),<pysr.expression_specs.CallableJuliaExpression object at 0x7222a09d11f0>,51
27,3.7042933,g = (((#3 + (#8 * #3)) + 5.1022863) / (sqrt(sqrt(#4 + square(#2))) + (#2 / square(#4)))) / -1.1483077; d = square(1.3608202 + (#1 * -0.015082404)),0.0002595839763675,g = (((#3 + (#8 * #3)) + 5.1022863) / (sqrt(sqrt(#4 + square(#2))) + (#2 / square(#4)))) / -1.1483077; d = square(1.3608202 + (#1 * -0.015082404)),<pysr.expression_specs.CallableJuliaExpression object at 0x7222a095a5a0>,15
28,3.704371,g = (((#3 * (#8 + 1.0174059)) - -6.7426667) / -1.1603544) / sqrt(sqrt(#4 + ((#2 + (inv(#8) * 2.3496606)) * #2))); d = square((#1 * -0.014462515) + 1.5276413),7.820185197683751e-05,g = (((#3 * (#8 + 1.0174059)) - -6.7426667) / -1.1603544) / sqrt(sqrt(#4 + ((#2 + (inv(#8) * 2.3496606)) * #2))); d = square((#1 * -0.014462515) + 1.5276413),<pysr.expression_specs.CallableJuliaExpression object at 0x7222a099c5c0>,25
27,3.7044306,g = (sqrt((#8 + inv(square(#5) + 0.58567333)) * #1) * (-0.029665278 * #3)) - (3.318946 - sqrt(#2 / 1.9126495)); d = square((#1 * 0.015172372) + -1.3080003),0.0007293737417249,g = (sqrt((#8 + inv(square(#5) + 0.58567333)) * #1) * (-0.029665278 * #3)) - (3.318946 - sqrt(#2 / 1.9126495)); d = square((#1 * 0.015172372) + -1.3080003),<pysr.expression_specs.CallableJuliaExpression object at 0x7222a0958320>,14
28,3.7045517,g = ((#2 / #4) + ((-4.938694 - (#8 * #3)) - #3)) * (0.838681 / sqrt(sqrt(#4 + square(#2)))); d = square((#1 * 0.014915906) + -1.3583769) + -0.2893957,0.0001368399380999,g = ((#2 / #4) + ((-4.938694 - (#8 * #3)) - #3)) * (0.838681 / sqrt(sqrt(#4 + square(#2)))); d = square((#1 * 0.014915906) + -1.3583769) + -0.2893957,<pysr.expression_specs.CallableJuliaExpression object at 0x7222a0959ac0>,70
29,3.7045944,g = (#1 * -0.003931581) - ((#3 * sqrt(inv(square(#5) + 1.6674883) + ((#1 * 0.00081896776) * #8))) + (1.3965018 - sqrt(#8))); d = square((#1 * -0.015000061) + 1.3772376),0.0009918972495067,g = (#1 * -0.003931581) - ((#3 * sqrt(inv(square(#5) + 1.6674883) + ((#1 * 0.00081896776) * #8))) + (1.3965018 - sqrt(#8))); d = square((#1 * -0.015000061) + 1.3772376),<pysr.expression_specs.CallableJuliaExpression object at 0x7222a08e8350>,72
29,3.7046392,g = sqrt(#2) + (-4.14209 - (((sqrt(#8 + #2) + 0.43403405) * ((#7 + #1) - (#3 * (#5 + #5)))) * 0.0006479046)); d = square((#1 * -0.014316509) + 1.6328125),9.285568369926068e-06,g = sqrt(#2) + (-4.14209 - (((sqrt(#8 + #2) + 0.43403405) * ((#7 + #1) - (#3 * (#5 + #5)))) * 0.0006479046)); d = square((#1 * -0.014316509) + 1.6328125),<pysr.expression_specs.CallableJuliaExpression object at 0x7222a0959280>,11
27,3.7046607,g = (((((#8 + 0.96166253) * #3) - -5.320238) / -1.1719496) / sqrt(sqrt(square(#2) + #4))) + (-0.3091491 + inv(#4)); d = square((#1 * 0.014580307) + -1.4604598),7.078419820794469e-05,g = (((((#8 + 0.96166253) * #3) - -5.320238) / -1.1719496) / sqrt(sqrt(square(#2) + #4))) + (-0.3091491 + inv(#4)); d = square((#1 * 0.014580307) + -1.4604598),<pysr.expression_specs.CallableJuliaExpression object at 0x7222a099caa0>,25
26,3.7046711,g = (-5.13706 - ((#8 + 0.94765717) * #3)) / sqrt(#2 + sqrt(square((#5 / #4) * #2) + #4)); d = square((0.014921757 * #1) - 1.3702635),0.0001540924983615,g = (-5.13706 - ((#8 + 0.94765717) * #3)) / sqrt(#2 + sqrt(square((#5 / #4) * #2) + #4)); d = square((0.014921757 * #1) - 1.3702635),<pysr.expression_specs.CallableJuliaExpression object at 0x7222a099e8a0>,42
27,3.704673,g = (sqrt(#2) + (((-0.93407077 - #3) * ((#8 / (sqrt(#2) + 1.4199635)) + 0.45293608)) + -1.338382)) * 0.99431974; d = square((#1 * -0.014766735) + 1.5710989) - 2.6046438,3.252638169621242e-06,g = (sqrt(#2) + (((-0.93407077 - #3) * ((#8 / (sqrt(#2) + 1.4199635)) + 0.45293608)) + -1.338382)) * 0.99431974; d = square((#1 * -0.014766735) + 1.5710989) - 2.6046438,<pysr.expression_specs.CallableJuliaExpression object at 0x7222a099f1a0>,44
27,3.7046838,g = neg((#3 * ((#8 / sqrt((1.2680317 * #2) + sqrt(#4))) + 0.35072878)) + (4.250454 - sqrt(#2 * 0.6396717))); d = square((-0.014509504 * #1) + 1.5405631),0.0006949864655381,g = neg((#3 * ((#8 / sqrt((1.2680317 * #2) + sqrt(#4))) + 0.35072878)) + (4.250454 - sqrt(#2 * 0.6396717))); d = square((-0.014509504 * #1) + 1.5405631),<pysr.expression_specs.CallableJuliaExpression object at 0x7222a099c710>,41
25,3.7046971,g = (((-0.93407077 - #3) * ((#8 / (sqrt(#2) + 1.4199635)) + 0.45293608)) + -1.338382) + sqrt(#2); d = square((#1 * -0.014766735) + 1.5710989) - 2.6046438,0.0013352882912358,g = (((-0.93407077 - #3) * ((#8 / (sqrt(#2) + 1.4199635)) + 0.45293608)) + -1.338382) + sqrt(#2); d = square((#1 * -0.014766735) + 1.5710989) - 2.6046438,<pysr.expression_specs.CallableJuliaExpression object at 0x7222a099f740>,44
27,3.704708,g = (sqrt(#2) + -4.14209) - ((sqrt(#8 + #2) + 0.43403405) * (((#7 + #1) - (#3 * #5)) * 0.0006479046)); d = square(1.6328125 + (#1 * -0.014316509)),0.0001583805072857,g = (sqrt(#2) + -4.14209) - ((sqrt(#8 + #2) + 0.43403405) * (((#7 + #1) - (#3 * #5)) * 0.0006479046)); d = square(1.6328125 + (#1 * -0.014316509)),<pysr.expression_specs.CallableJuliaExpression object at 0x7222a0958d40>,11
29,3.7049792,g = ((#3 + 4.9751315) + ((#8 * #3) * 0.96403563)) / neg(sqrt(#2 + (square(#2 / (#4 + -0.6442699)) + sqrt(#4)))); d = square((#1 * -0.014989548) + 1.3399355),2.54515868633477e-05,g = ((#3 + 4.9751315) + ((#8 * #3) * 0.96403563)) / neg(sqrt(#2 + (square(#2 / (#4 + -0.6442699)) + sqrt(#4)))); d = square((#1 * -0.014989548) + 1.3399355),<pysr.expression_specs.CallableJuliaExpression object at 0x7222a09d1100>,51
30,3.7051213,g = (((((#8 * 1.7313054) * sqrt(#4)) - (#2 * #3)) * -0.026646873) + (sqrt(#2) - ((sqrt(#8) * #3) * 0.83392954))) - 5.1228185; d = square(1.7313054 + (#1 * -0.013910812)),0.0001130855243863,g = (((((#8 * 1.7313054) * sqrt(#4)) - (#2 * #3)) * -0.026646873) + (sqrt(#2) - ((sqrt(#8) * #3) * 0.83392954))) - 5.1228185; d = square(1.7313054 + (#1 * -0.013910812)),<pysr.expression_specs.CallableJuliaExpression object at 0x7222a09d00e0>,48
27,3.7051678,g = ((#8 * (#3 * 0.9657049)) + (#3 + 4.9751315)) / neg(sqrt(square(#2 / #4) + (#2 + sqrt(#4)))); d = square((#1 * -0.014989548) + 1.3509331),0.0001026838595889,g = ((#8 * (#3 * 0.9657049)) + (#3 + 4.9751315)) / neg(sqrt(square(#2 / #4) + (#2 + sqrt(#4)))); d = square((#1 * -0.014989548) + 1.3509331),<pysr.expression_specs.CallableJuliaExpression object at 0x7222a09d06b0>,51
24,3.705177,g = ((1.2775686 - ((#7 + #1) * 0.00090734666)) * sqrt(#8 + (#2 / sqrt(sqrt(#4))))) + -5.2281227; d = square((#1 * -0.01363771) + 1.7811762),0.0004444144103886,g = ((1.2775686 - ((#7 + #1) * 0.00090734666)) * sqrt(#8 + (#2 / sqrt(sqrt(#4))))) + -5.2281227; d = square((#1 * -0.01363771) + 1.7811762),<pysr.expression_specs.CallableJuliaExpression object at 0x7222a1f8fad0>,6
25,3.7051852,g = ((((#3 * (#8 + 0.9104595)) - -5.320238) / -1.1719496) / sqrt(sqrt(#4 + square(#2)))) + inv(#4); d = square((#1 * 0.014580307) + -1.367853),0.0002606817322366,g = ((((#3 * (#8 + 0.9104595)) - -5.320238) / -1.1719496) / sqrt(sqrt(#4 + square(#2)))) + inv(#4); d = square((#1 * 0.014580307) + -1.367853),<pysr.expression_specs.CallableJuliaExpression object at 0x7222a099c890>,25
26,3.705255,g = (((#3 + 5.1022863) + (#8 * #3)) / sqrt((#2 / #4) + sqrt(#4 + square(#2)))) / -1.1411898; d = square((#1 * -0.015082404) + 1.3608202),0.0001084153305818,g = (((#3 + 5.1022863) + (#8 * #3)) / sqrt((#2 / #4) + sqrt(#4 + square(#2)))) / -1.1411898; d = square((#1 * -0.015082404) + 1.3608202),<pysr.expression_specs.CallableJuliaExpression object at 0x7222a095a690>,15
26,3.7052948,g = (sqrt(#2) + -4.14209) - ((#7 + #1) * (sqrt((#2 + sqrt(#2 / 0.57057476)) + #8) * 0.00064520567)); d = square((#1 * -0.014316509) + 1.6426654),3.056343552641835e-05,g = (sqrt(#2) + -4.14209) - ((#7 + #1) * (sqrt((#2 + sqrt(#2 / 0.57057476)) + #8) * 0.00064520567)); d = square((#1 * -0.014316509) + 1.6426654),<pysr.expression_specs.CallableJuliaExpression object at 0x7222a0958980>,11
24,3.7055213,g = (-4.1158113 - ((#7 + #1) * ((sqrt(#2 + #8) + square(-0.68390805)) * 0.0006479046))) + sqrt(#2); d = square((-0.014316509 * #1) + 1.6328125),4.830617696375338e-06,g = (-4.1158113 - ((#7 + #1) * ((sqrt(#2 + #8) + square(-0.68390805)) * 0.0006479046))) + sqrt(#2); d = square((-0.014316509 * #1) + 1.6328125),<pysr.expression_specs.CallableJuliaExpression object at 0x7222a09587a0>,11
28,3.7055225,g = inv(#4 - sqrt(inv(#8))) + (((((-0.98284215 - #8) * 0.96808535) * #3) - 5.9421287) / sqrt(#2 + sqrt(#4))); d = square((#1 * -0.014742299) + 1.4333131),0.0001381356192015,g = inv(#4 - sqrt(inv(#8))) + (((((-0.98284215 - #8) * 0.96808535) * #3) - 5.9421287) / sqrt(#2 + sqrt(#4))); d = square((#1 * -0.014742299) + 1.4333131),<pysr.expression_specs.CallableJuliaExpression object at 0x7222a09d05f0>,57
23,3.7055392,g = (-4.1158113 - (((#7 + #1) * (sqrt(#2 + #8) + 0.45772624)) * 0.0006479046)) + sqrt(#2); d = square((#1 * -0.014316509) + 1.6328125),0.0004656801834739,g = (-4.1158113 - (((#7 + #1) * (sqrt(#2 + #8) + 0.45772624)) * 0.0006479046)) + sqrt(#2); d = square((#1 * -0.014316509) + 1.6328125),<pysr.expression_specs.CallableJuliaExpression object at 0x7222a0958ce0>,11
26,3.7055657,g = (((-4.938694 - ((#3 + 0.17479) * #8)) - #3) * 0.85073876) / sqrt(sqrt((#3 + 3.5518212) + square(#2))); d = square((#1 * 0.014915906) + -1.4214839),5.913727027496966e-05,g = (((-4.938694 - ((#3 + 0.17479) * #8)) - #3) * 0.85073876) / sqrt(sqrt((#3 + 3.5518212) + square(#2))); d = square((#1 * 0.014915906) + -1.4214839),<pysr.expression_specs.CallableJuliaExpression object at 0x7222a09d0380>,70
30,3.7056282,g = inv(inv(sqrt(#2) - ((#3 - -0.68763536) / sqrt(sqrt((#2 / 0.40257078) / ((#8 - -0.020740878) + 1.0894539)) / #8)))); d = square((#1 * 0.014646176) + -1.5875471) + -4.2226753,1.3438836294734265e-05,g = inv(inv(sqrt(#2) - ((#3 - -0.68763536) / sqrt(sqrt((#2 / 0.40257078) / ((#8 - -0.020740878) + 1.0894539)) / #8)))); d = square((#1 * 0.014646176) + -1.5875471) + -4.2226753,<pysr.expression_specs.CallableJuliaExpression object at 0x7222a099fce0>,43
28,3.7057278,g = sqrt(#2) - ((#3 - -0.71331173) / sqrt(sqrt(((#2 - -0.22750281) / 0.41558662) / (#8 - -0.7909799)) / #8)); d = square((#1 * 0.014263077) + -1.5974454) + -4.236959,2.802339928933157e-05,g = sqrt(#2) - ((#3 - -0.71331173) / sqrt(sqrt(((#2 - -0.22750281) / 0.41558662) / (#8 - -0.7909799)) / #8)); d = square((#1 * 0.014263077) + -1.5974454) + -4.236959,<pysr.expression_specs.CallableJuliaExpression object at 0x7222a099fa10>,43
29,3.7057748,g = -3.3411345 - (((((#8 + ((#4 / #2) * -0.2584373)) + (((#3 - #5) + #1) * 0.016211743)) * #3) - #2) * 0.11048846); d = square((#1 * -0.013432438) + 1.6526458),6.995348583562057e-05,g = -3.3411345 - (((((#8 + ((#4 / #2) * -0.2584373)) + (((#3 - #5) + #1) * 0.016211743)) * #3) - #2) * 0.11048846); d = square((#1 * -0.013432438) + 1.6526458),<pysr.expression_specs.CallableJuliaExpression object at 0x7222a08e8260>,73
24,3.705813,g = (-5.13706 - (#3 * (#8 + 0.90121835))) / sqrt((sqrt(#4) + square(#2 / #4)) + #2); d = square((#1 * 0.014921757) - 1.3702635),0.000606241832816,g = (-5.13706 - (#3 * (#8 + 0.90121835))) / sqrt((sqrt(#4) + square(#2 / #4)) + #2); d = square((#1 * 0.014921757) - 1.3702635),<pysr.expression_specs.CallableJuliaExpression object at 0x7222a099ed50>,42
25,3.7059288,g = ((#3 + (#8 * #3)) + 5.9013114) / neg(sqrt(square(#2 / #4) + (#2 + sqrt(#4)))); d = square((#1 * -0.014973784) + 1.4575284),0.0004803309819594,g = ((#3 + (#8 * #3)) + 5.9013114) / neg(sqrt(square(#2 / #4) + (#2 + sqrt(#4)))); d = square((#1 * -0.014973784) + 1.4575284),<pysr.expression_specs.CallableJuliaExpression object at 0x7222a09d1070>,51
26,3.7059355,g = sqrt(#2) - ((#3 - -0.71331173) / sqrt(sqrt((#2 / 0.41558662) / (#8 - -0.7909799)) / #8)); d = square((#1 * 0.014263077) + -1.5974454) + -4.236959,0.0006667887161208,g = sqrt(#2) - ((#3 - -0.71331173) / sqrt(sqrt((#2 / 0.41558662) / (#8 - -0.7909799)) / #8)); d = square((#1 * 0.014263077) + -1.5974454) + -4.236959,<pysr.expression_specs.CallableJuliaExpression object at 0x7222a099ef30>,43
27,3.705985,g = (((((0.89251024 + #8) * #3) + 6.498423) * -0.99538136) / sqrt(square(#4 * 0.05210617) + (#2 - -2.653502))) / 1.0082088; d = square((-0.01454825 * #1) + 1.5223979),1.265504487493618e-05,g = (((((0.89251024 + #8) * #3) + 6.498423) * -0.99538136) / sqrt(square(#4 * 0.05210617) + (#2 - -2.653502))) / 1.0082088; d = square((-0.01454825 * #1) + 1.5223979),<pysr.expression_specs.CallableJuliaExpression object at 0x7222a09d0da0>,59
24,3.706004,g = (((-4.938694 - (#3 * #8)) - #3) / sqrt(sqrt(square(#2) + (#3 + 3.4783525)))) * 0.85073876; d = square((#1 * 0.014915906) + -1.3875295),8.687848851129757e-05,g = (((-4.938694 - (#3 * #8)) - #3) / sqrt(sqrt(square(#2) + (#3 + 3.4783525)))) * 0.85073876; d = square((#1 * 0.014915906) + -1.3875295),<pysr.expression_specs.CallableJuliaExpression object at 0x7222a09d1b20>,70
27,3.706014,g = ((#3 * sqrt(((#1 - #4) - #4) * (#8 - -0.346439))) * -0.0301694) - (3.9923656 - sqrt(0.5332917 * #2)); d = square((#1 * -0.014229389) + 1.5250463),0.0001977670674635,g = ((#3 * sqrt(((#1 - #4) - #4) * (#8 - -0.346439))) * -0.0301694) - (3.9923656 - sqrt(0.5332917 * #2)); d = square((#1 * -0.014229389) + 1.5250463),<pysr.expression_specs.CallableJuliaExpression object at 0x7222a7151340>,1
27,3.7060344,g = inv(#4 - sqrt(#3)) + (((((-0.98284215 - #8) * 0.97255844) * #3) - 5.9421287) / sqrt(sqrt(#4) + #2)); d = square((#1 * -0.014742299) + 1.4333131),6.079089605181974e-05,g = inv(#4 - sqrt(#3)) + (((((-0.98284215 - #8) * 0.97255844) * #3) - 5.9421287) / sqrt(sqrt(#4) + #2)); d = square((#1 * -0.014742299) + 1.4333131),<pysr.expression_specs.CallableJuliaExpression object at 0x7222a09d1790>,57
24,3.7060585,g = ((#3 * (#8 + 0.98361146)) + 5.1617494) / (sqrt(sqrt((square(#2) + 4.7508297) + #3)) * -1.1590731); d = square((#1 * -0.015082404) + 1.3970522),0.0001233309763687,g = ((#3 * (#8 + 0.98361146)) + 5.1617494) / (sqrt(sqrt((square(#2) + 4.7508297) + #3)) * -1.1590731); d = square((#1 * -0.015082404) + 1.3970522),<pysr.expression_specs.CallableJuliaExpression object at 0x7222a09585c0>,15
25,3.7060788,g = ((((#8 + 0.89251024) * #3) + 6.498423) * -0.99538136) / sqrt((square(#4 * 0.05210617) + #2) - -2.653502); d = square((#1 * -0.01454825) + 1.5223979),5.898243536632553e-05,g = ((((#8 + 0.89251024) * #3) + 6.498423) * -0.99538136) / sqrt((square(#4 * 0.05210617) + #2) - -2.653502); d = square((#1 * -0.01454825) + 1.5223979),<pysr.expression_specs.CallableJuliaExpression object at 0x7222a09d02f0>,59
30,3.7061114,g = ((((#7 + ((1.7981954 - #3) * (sqrt(#6) / #2))) * -0.018234145) + (((#3 * -1.1550415) * #8) + #2)) * 0.0992089) + -2.4622676; d = square((#1 * -0.014438369) + 1.4211566),0.0001060242015516,g = ((((#7 + ((1.7981954 - #3) * (sqrt(#6) / #2))) * -0.018234145) + (((#3 * -1.1550415) * #8) + #2)) * 0.0992089) + -2.4622676; d = square((#1 * -0.014438369) + 1.4211566),<pysr.expression_specs.CallableJuliaExpression object at 0x7222a09d2660>,60
24,3.7061512,g = (((#3 * (#8 + 0.9581027)) - -5.320238) / -1.1719496) / sqrt(sqrt(square(#2) + (#4 + 0.9872547))); d = square(-1.414618 + (0.014580307 * #1)),2.499835514579738e-05,g = (((#3 * (#8 + 0.9581027)) - -5.320238) / -1.1719496) / sqrt(sqrt(square(#2) + (#4 + 0.9872547))); d = square(-1.414618 + (0.014580307 * #1)),<pysr.expression_specs.CallableJuliaExpression object at 0x7222a099ca10>,25
26,3.7062597,g = ((((-0.9370036 - (#8 * 0.951662)) * #3) - 5.9421287) / sqrt(#2 + sqrt(#4))) + inv(#4 + -0.93120646); d = square((#1 * -0.014742299) + 1.4318173),5.7993112199166914e-05,g = ((((-0.9370036 - (#8 * 0.951662)) * #3) - 5.9421287) / sqrt(#2 + sqrt(#4))) + inv(#4 + -0.93120646); d = square((#1 * -0.014742299) + 1.4318173),<pysr.expression_specs.CallableJuliaExpression object at 0x7222a09d1910>,57
27,3.7062933,g = -3.3411345 - (((((#8 + ((#4 / #2) * -0.2584373)) + ((#1 - #5) * 0.016211743)) * #3) - #2) * 0.11048846); d = square((-0.013432438 * #1) + 1.6526458),3.677393469487306e-05,g = -3.3411345 - (((((#8 + ((#4 / #2) * -0.2584373)) + ((#1 - #5) * 0.016211743)) * #3) - #2) * 0.11048846); d = square((-0.013432438 * #1) + 1.6526458),<pysr.expression_specs.CallableJuliaExpression object at 0x7222a08e86b0>,73
24,3.7062974,g = ((#3 * (#8 + 0.9122927)) + 6.498423) / neg(sqrt((#2 + square(#4 * 0.052821305)) - -2.769833)); d = square((#1 * -0.01454825) + 1.5223979),0.0003293580688919,g = ((#3 * (#8 + 0.9122927)) + 6.498423) / neg(sqrt((#2 + square(#4 * 0.052821305)) - -2.769833)); d = square((#1 * -0.01454825) + 1.5223979),<pysr.expression_specs.CallableJuliaExpression object at 0x7222a09d1160>,59
22,3.7063365,g = (((#3 * (#8 + 0.96166253)) - -5.320238) / -1.1719496) / sqrt(sqrt(square(#2) + #4)); d = square((#1 * 0.014580307) + -1.4248319),0.0009736414024347,g = (((#3 * (#8 + 0.96166253)) - -5.320238) / -1.1719496) / sqrt(sqrt(square(#2) + #4)); d = square((#1 * 0.014580307) + -1.4248319),<pysr.expression_specs.CallableJuliaExpression object at 0x7222a099ca40>,25
27,3.7063785,g = ((sqrt(#2) - ((sqrt(#8) * 0.8339453) * #3)) - 5.1362004) + (((#8 / 0.16628936) - (#2 * #3)) * -0.026635813); d = square((#1 * -0.013381192) + 1.7690104),0.000501329844887,g = ((sqrt(#2) - ((sqrt(#8) * 0.8339453) * #3)) - 5.1362004) + (((#8 / 0.16628936) - (#2 * #3)) * -0.026635813); d = square((#1 * -0.013381192) + 1.7690104),<pysr.expression_specs.CallableJuliaExpression object at 0x7222a09d09b0>,48
23,3.7065156,g = (((#8 + 0.9265046) * #3) + 5.0978303) / (sqrt(sqrt((#2 * #2) + #4)) * -1.1600267); d = square((#1 * -0.014818316) + 1.387861),4.532456109599052e-05,g = (((#8 + 0.9265046) * #3) + 5.0978303) / (sqrt(sqrt((#2 * #2) + #4)) * -1.1600267); d = square((#1 * -0.014818316) + 1.387861),<pysr.expression_specs.CallableJuliaExpression object at 0x7222a0958e90>,15
25,3.7065659,g = -3.3411345 - (((((#8 + ((#4 / #2) * -0.2584373)) + (0.016211743 * #1)) * #3) - #2) * 0.11340051); d = square((#1 * -0.013432438) + 1.6526458),0.0011434508546125,g = -3.3411345 - (((((#8 + ((#4 / #2) * -0.2584373)) + (0.016211743 * #1)) * #3) - #2) * 0.11340051); d = square((#1 * -0.013432438) + 1.6526458),<pysr.expression_specs.CallableJuliaExpression object at 0x7222a08e8530>,73
22,3.706648,g = ((-4.938694 - (#3 * #8)) - #3) * (0.85073876 / sqrt(sqrt(#4 + square(#2)))); d = square((#1 * 0.014915906) + -1.3743421),0.0004778378645419,g = ((-4.938694 - (#3 * #8)) - #3) * (0.85073876 / sqrt(sqrt(#4 + square(#2)))); d = square((#1 * 0.014915906) + -1.3743421),<pysr.expression_specs.CallableJuliaExpression object at 0x7222a09d2240>,70
22,3.7066836,g = ((#3 * (#8 + 0.94007176)) + 5.1022863) / (sqrt(sqrt(square(#2) + #4)) * -1.1590731); d = square((#1 * -0.015082404) + 1.3911561),0.0007627630903188,g = ((#3 * (#8 + 0.94007176)) + 5.1022863) / (sqrt(sqrt(square(#2) + #4)) * -1.1590731); d = square((#1 * -0.015082404) + 1.3911561),<pysr.expression_specs.CallableJuliaExpression object at 0x7222a0959520>,15
24,3.7066896,g = ((((#3 * (-0.9385869 - #8)) * 0.97255844) - 5.9421287) / sqrt(sqrt(#4) + #2)) + inv(#4); d = square((#1 * -0.014742299) + 1.4384505),0.0001403616224695,g = ((((#3 * (-0.9385869 - #8)) * 0.97255844) - 5.9421287) / sqrt(sqrt(#4) + #2)) + inv(#4); d = square((#1 * -0.014742299) + 1.4384505),<pysr.expression_specs.CallableJuliaExpression object at 0x7222a09d0830>,57
29,3.7066903,g = ((#3 * (#8 - -0.8933266)) + 3.7060769) * (-0.8933266 / sqrt(#2 + sqrt(sqrt(square(#5 - inv(#2)))))); d = inv(21.603615 / square((#1 / 13.735006) + -5.528641)),0.0001876160947525,g = ((#3 * (#8 - -0.8933266)) + 3.7060769) * (-0.8933266 / sqrt(#2 + sqrt(sqrt(square(#5 - inv(#2)))))); d = inv(21.603615 / square((#1 / 13.735006) + -5.528641)),<pysr.expression_specs.CallableJuliaExpression object at 0x7222a09d0110>,46
26,3.706747,g = (sqrt(((#8 - -0.41271728) * #1) - square(#4 / -1.3670232)) * (#3 * -0.0301694)) - (6.060464 - sqrt(#2)); d = square((#1 * -0.012951769) + 1.9204134),5.8540183198986944e-05,g = (sqrt(((#8 - -0.41271728) * #1) - square(#4 / -1.3670232)) * (#3 * -0.0301694)) - (6.060464 - sqrt(#2)); d = square((#1 * -0.012951769) + 1.9204134),<pysr.expression_specs.CallableJuliaExpression object at 0x7222a1fb4ad0>,1
23,3.7067494,g = (((#7 + #1) * -0.0007157593) - -1.0119685) * sqrt((#8 + #2) + 0.8509914); d = (#1 * ((#1 * 0.00021119179) + -0.044434633)) + -1.9722192,0.0003623965165782,g = (((#7 + #1) * -0.0007157593) - -1.0119685) * sqrt((#8 + #2) + 0.8509914); d = (#1 * ((#1 * 0.00021119179) + -0.044434633)) + -1.9722192,<pysr.expression_specs.CallableJuliaExpression object at 0x7222a1f8dd90>,2
26,3.7067626,g = inv((-0.8102743 - sqrt(#2)) / ((#3 * (#8 + (1.6603981 / (square(#5 / #2) + 1.1761323)))) - -5.040441)); d = square((-0.014782682 * #1) + 1.3282523),0.0004796899569446,g = inv((-0.8102743 - sqrt(#2)) / ((#3 * (#8 + (1.6603981 / (square(#5 / #2) + 1.1761323)))) - -5.040441)); d = square((-0.014782682 * #1) + 1.3282523),<pysr.expression_specs.CallableJuliaExpression object at 0x7222a0959d30>,13
23,3.706824,g = ((1.2775686 - ((#1 + #7) * 0.00090734666)) * sqrt(#8 + (#2 / sqrt(#8)))) + -5.2281227; d = square((#1 * -0.01363771) + 1.763753),0.0004972023871856,g = ((1.2775686 - ((#1 + #7) * 0.00090734666)) * sqrt(#8 + (#2 / sqrt(#8)))) + -5.2281227; d = square((#1 * -0.01363771) + 1.763753),<pysr.expression_specs.CallableJuliaExpression object at 0x7222a1f8fd10>,6
28,3.7069106,g = ((((#8 - ((#1 - (square(#5 * 1.7502282) / #2)) * -0.012620453)) * #3) - #2) * -0.12842429) / 1.0102167; d = square((0.015445919 * #1) - 1.2192664) + -2.0699823,2.28486936615984e-05,g = ((((#8 - ((#1 - (square(#5 * 1.7502282) / #2)) * -0.012620453)) * #3) - #2) * -0.12842429) / 1.0102167; d = square((0.015445919 * #1) - 1.2192664) + -2.0699823,<pysr.expression_specs.CallableJuliaExpression object at 0x7222a09d0ef0>,50
25,3.706964,g = (sqrt((#8 - -0.23826604) * (#1 - #4)) * (#3 * -0.0301694)) - (3.9923656 - sqrt(#2 * 0.5332917)); d = square((#1 * -0.014229389) + 1.5210941),0.0002538225715432,g = (sqrt((#8 - -0.23826604) * (#1 - #4)) * (#3 * -0.0301694)) - (3.9923656 - sqrt(#2 * 0.5332917)); d = square((#1 * -0.014229389) + 1.5210941),<pysr.expression_specs.CallableJuliaExpression object at 0x7222a1fb5220>,1
30,3.707052,g = sqrt(#2 + (#8 + 0.7896981)) * (((#7 - ((#3 * square(#5)) / #2)) * -0.0007262314) - inv((#2 + 1.8190689) * 0.11856456)); d = square((#1 * -0.013359506) + 1.8190689),0.000271337851002,g = sqrt(#2 + (#8 + 0.7896981)) * (((#7 - ((#3 * square(#5)) / #2)) * -0.0007262314) - inv((#2 + 1.8190689) * 0.11856456)); d = square((#1 * -0.013359506) + 1.8190689),<pysr.expression_specs.CallableJuliaExpression object at 0x7222a099eb10>,35
27,3.707072,g = (-6.705612 - (((#8 + 1.4786801) / 1.0599865) * (#3 + 0.28760087))) / sqrt(#2 - (-1.8165528 - sqrt(#3))); d = square(-1.6222576 - (#1 * -0.014317551)) - -0.26126176,3.637509465096115e-05,g = (-6.705612 - (((#8 + 1.4786801) / 1.0599865) * (#3 + 0.28760087))) / sqrt(#2 - (-1.8165528 - sqrt(#3))); d = square(-1.6222576 - (#1 * -0.014317551)) - -0.26126176,<pysr.expression_specs.CallableJuliaExpression object at 0x7222a099dfd0>,32
26,3.70708,g = (((#8 - ((#1 - (square(#5 * -1.7879336) / #2)) * -0.012620453)) * #3) - #2) * -0.12842429; d = square((#1 * 0.015445919) - 1.2192664) + -2.0699823,0.0003484008757146,g = (((#8 - ((#1 - (square(#5 * -1.7879336) / #2)) * -0.012620453)) * #3) - #2) * -0.12842429; d = square((#1 * 0.015445919) - 1.2192664) + -2.0699823,<pysr.expression_specs.CallableJuliaExpression object at 0x7222a09d0290>,50
26,3.7071335,g = (sqrt((#8 + inv(#4 * 0.351998)) * #1) * (#3 * -0.02959159)) - (3.3189454 - sqrt(#2 / 1.9126502)); d = square((#1 * 0.015209344) + -1.3182604),3.2423448295353785e-05,g = (sqrt((#8 + inv(#4 * 0.351998)) * #1) * (#3 * -0.02959159)) - (3.3189454 - sqrt(#2 / 1.9126502)); d = square((#1 * 0.015209344) + -1.3182604),<pysr.expression_specs.CallableJuliaExpression object at 0x7222a09583e0>,14
28,3.707154,g = ((#2 - ((#8 + (((square(#2 - #3) / #2) - #1) * -0.011904714)) * (#3 - -0.599724))) * 0.123074174) - 2.4268231; d = square((-0.014534545 * #1) - -1.484248),0.0004074263630251,g = ((#2 - ((#8 + (((square(#2 - #3) / #2) - #1) * -0.011904714)) * (#3 - -0.599724))) * 0.123074174) - 2.4268231; d = square((-0.014534545 * #1) - -1.484248),<pysr.expression_specs.CallableJuliaExpression object at 0x7222a099d070>,31
29,3.7072482,g = ((((11.771351 - (#4 / (#2 + 1.1530396))) + #8) * (#7 * -0.0018142835)) + #2) * 0.09969707; d = square((#1 * 0.014970899) - 0.6176967) - (0.83994204 - (#1 * -0.021293128)),0.0005988094372088,g = ((((11.771351 - (#4 / (#2 + 1.1530396))) + #8) * (#7 * -0.0018142835)) + #2) * 0.09969707; d = square((#1 * 0.014970899) - 0.6176967) - (0.83994204 - (#1 * -0.021293128)),<pysr.expression_specs.CallableJuliaExpression object at 0x7222a09d15e0>,52
25,3.7072537,g = (sqrt((#8 + inv(sqrt(#4))) * #1) * (#3 * -0.02959159)) - (3.3189454 - sqrt(#2 / 1.9126502)); d = square(-1.3223517 + (0.015209344 * #1)),7.442961393702718e-05,g = (sqrt((#8 + inv(sqrt(#4))) * #1) * (#3 * -0.02959159)) - (3.3189454 - sqrt(#2 / 1.9126502)); d = square(-1.3223517 + (0.015209344 * #1)),<pysr.expression_specs.CallableJuliaExpression object at 0x7222a09594f0>,14
26,3.7072594,g = neg((#3 * ((#8 / sqrt((#2 + 1.6729072) * 1.4548281)) + 0.369353)) + (4.250454 - sqrt(#2 * 0.6323467))); d = square((#1 * -0.014509504) + 1.5442148),9.99020995117344e-05,g = neg((#3 * ((#8 / sqrt((#2 + 1.6729072) * 1.4548281)) + 0.369353)) + (4.250454 - sqrt(#2 * 0.6323467))); d = square((#1 * -0.014509504) + 1.5442148),<pysr.expression_specs.CallableJuliaExpression object at 0x7222a099c320>,41
27,3.7072904,g = ((((#3 * -1.149235) * #8) + (#2 + ((#7 - (#6 * (0.030466067 / #2))) * -0.01791798))) * 0.099263385) + -2.4622693; d = square((#1 * -0.014572742) + 1.4039674),0.0006583494149996,g = ((((#3 * -1.149235) * #8) + (#2 + ((#7 - (#6 * (0.030466067 / #2))) * -0.01791798))) * 0.099263385) + -2.4622693; d = square((#1 * -0.014572742) + 1.4039674),<pysr.expression_specs.CallableJuliaExpression object at 0x7222a09d1d00>,60
25,3.7073417,g = ((-6.705612 - ((0.19188935 + #3) * (#8 + 1.4786801))) / 1.0561132) / sqrt(#2 - (-1.8165528 - sqrt(#3))); d = square((#1 * -0.014317551) - -1.6222576),0.0002532221753033,g = ((-6.705612 - ((0.19188935 + #3) * (#8 + 1.4786801))) / 1.0561132) / sqrt(#2 - (-1.8165528 - sqrt(#3))); d = square((#1 * -0.014317551) - -1.6222576),<pysr.expression_specs.CallableJuliaExpression object at 0x7222a099c380>,32
28,3.7073858,g = ((#3 * (#8 - -0.8933266)) + 3.7060769) * (-0.8933266 / sqrt(#2 + sqrt(sqrt(square(#5 - 0.42597002))))); d = inv(21.603615 / square((#1 / 13.735006) + -5.528641)),0.0001382723942598,g = ((#3 * (#8 - -0.8933266)) + 3.7060769) * (-0.8933266 / sqrt(#2 + sqrt(sqrt(square(#5 - 0.42597002))))); d = inv(21.603615 / square((#1 / 13.735006) + -5.528641)),<pysr.expression_specs.CallableJuliaExpression object at 0x7222a09d0200>,46
30,3.707414,g = ((((-0.6671899 * #3) + (#1 * -0.0035256636)) + 3.0033057) * (sqrt(#8 + 0.5358535) + (#8 / sqrt(#2)))) / 1.6893564; d = -1.8693564 + (((#1 * 0.00020462592) + -0.04514045) * #1),0.0005730655164874,g = ((((-0.6671899 * #3) + (#1 * -0.0035256636)) + 3.0033057) * (sqrt(#8 + 0.5358535) + (#8 / sqrt(#2)))) / 1.6893564; d = -1.8693564 + (((#1 * 0.00020462592) + -0.04514045) * #1),<pysr.expression_specs.CallableJuliaExpression object at 0x7222a09585c0>,7
23,3.7075183,g = (6.498423 + ((#8 + 0.9456353) * #3)) / ((-0.01454825 * #4) + neg(sqrt(#2 - -2.8095694))); d = square((#1 * -0.014314786) + 1.5160573),0.0004555016017369,g = (6.498423 + ((#8 + 0.9456353) * #3)) / ((-0.01454825 * #4) + neg(sqrt(#2 - -2.8095694))); d = square((#1 * -0.014314786) + 1.5160573),<pysr.expression_specs.CallableJuliaExpression object at 0x7222a09d0470>,59
29,3.707565,g = (((((((#3 / -5.042125) / #2) + (#1 * 0.013337449)) - -0.2897977) + #8) * (#3 + 0.63212943)) - #2) * -0.1189514; d = square((#1 * 0.016055161) + -1.2176661) - 1.4801674,0.0003661032252419,g = (((((((#3 / -5.042125) / #2) + (#1 * 0.013337449)) - -0.2897977) + #8) * (#3 + 0.63212943)) - #2) * -0.1189514; d = square((#1 * 0.016055161) + -1.2176661) - 1.4801674,<pysr.expression_specs.CallableJuliaExpression object at 0x7222a099dc10>,30
28,3.7076342,g = ((((#2 + (#3 * (sqrt(#4 * (1.5504868 / #2)) - #8))) * 55.340206) - #7) * 0.0020267128) + -2.2810264; d = square((#1 * -0.014884101) + 1.3233396) - 0.02675371,4.989679858640076e-06,g = ((((#2 + (#3 * (sqrt(#4 * (1.5504868 / #2)) - #8))) * 55.340206) - #7) * 0.0020267128) + -2.2810264; d = square((#1 * -0.014884101) + 1.3233396) - 0.02675371,<pysr.expression_specs.CallableJuliaExpression object at 0x7222a099e660>,34
26,3.7076712,g = ((((#2 + ((sqrt((#4 * 1.5504868) / #2) - #8) * #3)) * 55.340206) - #7) * 0.0020267128) + -2.2810264; d = square((#1 * -0.014884101) + 1.3212365),0.0001869826953048,g = ((((#2 + ((sqrt((#4 * 1.5504868) / #2) - #8) * #3)) * 55.340206) - #7) * 0.0020267128) + -2.2810264; d = square((#1 * -0.014884101) + 1.3212365),<pysr.expression_specs.CallableJuliaExpression object at 0x7222a099d250>,34
24,3.7077093,g = neg(((#8 * #3) + (#3 + 5.9013114)) / sqrt((#2 + sqrt(#4)) + (#2 / #4))); d = square((-0.014973784 * #1) + 1.4406034),0.0001247323128198,g = neg(((#8 * #3) + (#3 + 5.9013114)) / sqrt((#2 + sqrt(#4)) + (#2 / #4))); d = square((-0.014973784 * #1) + 1.4406034),<pysr.expression_specs.CallableJuliaExpression object at 0x7222a09d0e90>,51
22,3.7077303,g = inv(#4) + (((#3 * (-0.841265 - #8)) - 5.8510733) / sqrt(sqrt(#4) + #2)); d = square((#1 * -0.014742299) + 1.431429),0.0001099534090729,g = inv(#4) + (((#3 * (-0.841265 - #8)) - 5.8510733) / sqrt(sqrt(#4) + #2)); d = square((#1 * -0.014742299) + 1.431429),<pysr.expression_specs.CallableJuliaExpression object at 0x7222a09d0d40>,57
23,3.7078056,g = ((sqrt((#8 + 0.3458138) * #1) * #3) * -0.02898705) - (3.3189125 - sqrt(#2 / 2.0118039)); d = square((#1 * 0.015172372) + -1.322527),0.0003373094963603,g = ((sqrt((#8 + 0.3458138) * #1) * #3) * -0.02898705) - (3.3189125 - sqrt(#2 / 2.0118039)); d = square((#1 * 0.015172372) + -1.322527),<pysr.expression_specs.CallableJuliaExpression object at 0x7222a0958a70>,14
26,3.7079542,g = sqrt(#2 * 0.5234452) + ((#3 / (sqrt(sqrt(#2 / #8) / (#8 - -0.27291363)) * -1.2316438)) + -3.4455497); d = square((-0.0149135385 * #1) + 1.3558706),0.0006303646225349,g = sqrt(#2 * 0.5234452) + ((#3 / (sqrt(sqrt(#2 / #8) / (#8 - -0.27291363)) * -1.2316438)) + -3.4455497); d = square((-0.0149135385 * #1) + 1.3558706),<pysr.expression_specs.CallableJuliaExpression object at 0x7222a09d1640>,71
30,3.707955,g = ((#7 + (((-0.0125738075 * #6) - neg(#4)) / #8)) * -0.0017028449) + ((((#8 * (-0.52237445 - #3)) + #2) * 0.11608387) - 4.563359); d = square(1.9691731 + (#1 * -0.0125738075)),4.180114387413625e-05,g = ((#7 + (((-0.0125738075 * #6) - neg(#4)) / #8)) * -0.0017028449) + ((((#8 * (-0.52237445 - #3)) + #2) * 0.11608387) - 4.563359); d = square(1.9691731 + (#1 * -0.0125738075)),<pysr.expression_specs.CallableJuliaExpression object at 0x7222a09d3c80>,69
28,3.7079835,g = (sqrt(#2) - (((0.8691219 - inv(0.010730953 * (#1 - #2))) * sqrt(#8 + 0.10162114)) * (#3 + 0.7571688))) + -3.728199; d = square((0.014870311 * #1) + -1.4430072),5.957061057938946e-05,g = (sqrt(#2) - (((0.8691219 - inv(0.010730953 * (#1 - #2))) * sqrt(#8 + 0.10162114)) * (#3 + 0.7571688))) + -3.728199; d = square((0.014870311 * #1) + -1.4430072),<pysr.expression_specs.CallableJuliaExpression object at 0x7222a08e81a0>,74
24,3.7080002,g = neg((#3 * ((#8 / (sqrt(#2) + 1.0444001)) + 0.35072878)) + (4.250454 - sqrt(#2 * 0.62118715))); d = square((#1 * -0.014509504) + 1.5381672),0.001051940053821,g = neg((#3 * ((#8 / (sqrt(#2) + 1.0444001)) + 0.35072878)) + (4.250454 - sqrt(#2 * 0.62118715))); d = square((#1 * -0.014509504) + 1.5381672),<pysr.expression_specs.CallableJuliaExpression object at 0x7222a099e210>,41
29,3.708058,g = sqrt((#2 + 0.79234445) + #8) * (((#7 - ((#5 + #2) * #3)) * -0.0007262314) - inv((#2 + 1.814253) * 0.11856456)); d = square((#1 * -0.013359506) + 1.823428),6.143188779131806e-05,g = sqrt((#2 + 0.79234445) + #8) * (((#7 - ((#5 + #2) * #3)) * -0.0007262314) - inv((#2 + 1.814253) * 0.11856456)); d = square((#1 * -0.013359506) + 1.823428),<pysr.expression_specs.CallableJuliaExpression object at 0x7222a099c6b0>,35
23,3.7080603,g = (-5.13706 - (#3 * (#8 - -0.9247061))) / sqrt((#2 / #4) + (sqrt(#4) + #2)); d = square((#1 * 0.014921757) - 1.3702635),5.834246488740276e-05,g = (-5.13706 - (#3 * (#8 - -0.9247061))) / sqrt((#2 / #4) + (sqrt(#4) + #2)); d = square((#1 * 0.014921757) - 1.3702635),<pysr.expression_specs.CallableJuliaExpression object at 0x7222a099da00>,42
29,3.70811,g = (-0.0017028449 * (#7 + (-0.0125738075 * ((#6 - #1) / #8)))) + ((((#8 * (-0.52237445 - #3)) + #2) * 0.11608387) - 4.563359); d = square(1.9691731 + (#1 * -0.0125738075)),4.3955771353666224e-05,g = (-0.0017028449 * (#7 + (-0.0125738075 * ((#6 - #1) / #8)))) + ((((#8 * (-0.52237445 - #3)) + #2) * 0.11608387) - 4.563359); d = square(1.9691731 + (#1 * -0.0125738075)),<pysr.expression_specs.CallableJuliaExpression object at 0x7222a09d3c20>,69
21,3.708138,g = ((#3 * (-0.9614423 - #8)) - 5.8510733) / sqrt(#2 + sqrt(#4 + #2)); d = square((#1 * -0.014742299) + 1.4438673),0.0002059234949524,g = ((#3 * (-0.9614423 - #8)) - 5.8510733) / sqrt(#2 + sqrt(#4 + #2)); d = square((#1 * -0.014742299) + 1.4438673),<pysr.expression_specs.CallableJuliaExpression object at 0x7222a09d0230>,57
23,3.7081718,g = neg(((5.9013114 + #3) + (#3 * #8)) / sqrt(sqrt(#4 + #2) + #2)); d = square(square(-1.2091362) + (#1 * -0.014572048)),3.2360907828900487e-06,g = neg(((5.9013114 + #3) + (#3 * #8)) / sqrt(sqrt(#4 + #2) + #2)); d = square(square(-1.2091362) + (#1 * -0.014572048)),<pysr.expression_specs.CallableJuliaExpression object at 0x7222a09d01d0>,51
22,3.7081838,g = neg(((5.9013114 + #3) + (#3 * #8)) / sqrt(sqrt(#4 + #2) + #2)); d = square(1.4575284 + (#1 * -0.014572048)),0.0003871766078946,g = neg(((5.9013114 + #3) + (#3 * #8)) / sqrt(sqrt(#4 + #2) + #2)); d = square(1.4575284 + (#1 * -0.014572048)),<pysr.expression_specs.CallableJuliaExpression object at 0x7222a09d02c0>,51
30,3.7081864,g = (2.1109285 / (((#8 * 0.016896108) + -0.6273965) + (#2 * -0.094899))) + ((#7 * sqrt((#2 / sqrt(sqrt(#2))) + #8)) * -0.00087324623); d = square((#1 * -0.015054235) + 1.4002668),2.98376039212964e-05,g = (2.1109285 / (((#8 * 0.016896108) + -0.6273965) + (#2 * -0.094899))) + ((#7 * sqrt((#2 / sqrt(sqrt(#2))) + #8)) * -0.00087324623); d = square((#1 * -0.015054235) + 1.4002668),<pysr.expression_specs.CallableJuliaExpression object at 0x7222a09d0980>,55
28,3.7082708,g = (#1 * -0.003931581) - ((((inv(#4 + #2) + sqrt(#8 * (#1 * 0.00081896776))) * #3) - sqrt(#8)) + 1.4008052); d = square((#1 * -0.014954028) + 1.373306),0.0001258189253761,g = (#1 * -0.003931581) - ((((inv(#4 + #2) + sqrt(#8 * (#1 * 0.00081896776))) * #3) - sqrt(#8)) + 1.4008052); d = square((#1 * -0.014954028) + 1.373306),<pysr.expression_specs.CallableJuliaExpression object at 0x7222a08e8410>,72
24,3.7082806,g = (-6.705612 - (#3 * ((#8 + 1.4829797) / 1.0561132))) / sqrt(#2 - (neg(1.7021518) - sqrt(#3))); d = square((#1 * -0.014317551) - -1.6166687),6.22928266315583e-06,g = (-6.705612 - (#3 * ((#8 + 1.4829797) / 1.0561132))) / sqrt(#2 - (neg(1.7021518) - sqrt(#3))); d = square((#1 * -0.014317551) - -1.6166687),<pysr.expression_specs.CallableJuliaExpression object at 0x7222a099c8f0>,32
28,3.7082858,g = ((square(#5) * -0.0007127291) + sqrt(#8 + (#2 + 0.8592295))) * ((#7 * -0.0007127291) - inv((#2 + 1.8479778) * 0.11853237)); d = square((#1 * -0.013284421) + 1.8227152),0.0001355251375991,g = ((square(#5) * -0.0007127291) + sqrt(#8 + (#2 + 0.8592295))) * ((#7 * -0.0007127291) - inv((#2 + 1.8479778) * 0.11853237)); d = square((#1 * -0.013284421) + 1.8227152),<pysr.expression_specs.CallableJuliaExpression object at 0x7222a099ea20>,35
23,3.7083037,g = (-6.705612 - (#3 * ((#8 + 1.4829797) / 1.0561132))) / sqrt(#2 - (-1.6857014 - sqrt(#3))); d = square((#1 * -0.014317551) - -1.6166687),0.0001413923722953,g = (-6.705612 - (#3 * ((#8 + 1.4829797) / 1.0561132))) / sqrt(#2 - (-1.6857014 - sqrt(#3))); d = square((#1 * -0.014317551) - -1.6166687),<pysr.expression_specs.CallableJuliaExpression object at 0x7222a099d580>,32
25,3.7084074,g = sqrt(#2) - ((#3 + 0.67964315) / sqrt((((#2 - #8) / #2) - -1.6002142) / #8)); d = square((#1 * 0.015152987) + -1.36006) + -3.5300238,7.644732688327383e-06,g = sqrt(#2) - ((#3 + 0.67964315) / sqrt((((#2 - #8) / #2) - -1.6002142) / #8)); d = square((#1 * 0.015152987) + -1.36006) + -3.5300238,<pysr.expression_specs.CallableJuliaExpression object at 0x7222a099c800>,43
26,3.7084112,g = ((#3 * (#8 - -0.8933266)) + 3.7060769) * (-0.8933266 / sqrt(#2 + sqrt(sqrt(square(#5))))); d = inv(21.603615 / square((#1 / 13.735006) + -5.528641)),0.0004776853044608,g = ((#3 * (#8 - -0.8933266)) + 3.7060769) * (-0.8933266 / sqrt(#2 + sqrt(sqrt(square(#5))))); d = inv(21.603615 / square((#1 / 13.735006) + -5.528641)),<pysr.expression_specs.CallableJuliaExpression object at 0x7222a09d01a0>,46
21,3.7084196,g = (-5.452862 - ((#8 * #3) + #3)) / sqrt(#2 + sqrt(#4 + #2)); d = square(-1.3956046 + (#1 * 0.01509882)),0.0001790199625301,g = (-5.452862 - ((#8 * #3) + #3)) / sqrt(#2 + sqrt(#4 + #2)); d = square(-1.3956046 + (#1 * 0.01509882)),<pysr.expression_specs.CallableJuliaExpression object at 0x7222a09d0bf0>,70
26,3.7084253,g = (sqrt(#2) + -3.728199) - (((0.8669061 - inv(#1 * 0.010693266)) * sqrt(#8 + 0.10162114)) * (#3 + 0.7571688)); d = square((#1 * 0.014870311) + -1.4475898),0.000151375575630837,g = (sqrt(#2) + -3.728199) - (((0.8669061 - inv(#1 * 0.010693266)) * sqrt(#8 + 0.10162114)) * (#3 + 0.7571688)); d = square((#1 * 0.014870311) + -1.4475898),<pysr.expression_specs.CallableJuliaExpression object at 0x7222a08e8710>,74
27,3.708436,g = ((#7 + ((#6 * -0.0125738075) / #8)) * -0.0017028449) + (((((-0.52237445 - #3) * #8) + #2) * 0.11608387) - 4.563359); d = square((#1 * -0.0125738075) + 1.9691731),0.0007108826311745,g = ((#7 + ((#6 * -0.0125738075) / #8)) * -0.0017028449) + (((((-0.52237445 - #3) * #8) + #2) * 0.11608387) - 4.563359); d = square((#1 * -0.0125738075) + 1.9691731),<pysr.expression_specs.CallableJuliaExpression object at 0x7222a09d07d0>,69
23,3.7084641,g = sqrt(#2) - ((#3 + 0.67964315) / sqrt((2.5697293 - (#8 / #2)) / #8)); d = square((#1 * 0.015152987) + -1.3646355) + -3.5302534,0.0016530914040822,g = sqrt(#2) - ((#3 + 0.67964315) / sqrt((2.5697293 - (#8 / #2)) / #8)); d = square((#1 * 0.015152987) + -1.3646355) + -3.5302534,<pysr.expression_specs.CallableJuliaExpression object at 0x7222a099fa70>,43
21,3.708493,g = (-5.13706 - (#3 * (#8 + 0.961009))) / sqrt(sqrt(#4 + #2) + #2); d = square(1.3692642 - (#1 * 0.014921757)),0.0004535315398414,g = (-5.13706 - (#3 * (#8 + 0.961009))) / sqrt(sqrt(#4 + #2) + #2); d = square(1.3692642 - (#1 * 0.014921757)),<pysr.expression_specs.CallableJuliaExpression object at 0x7222a099eff0>,42
28,3.70861,g = inv((-26495.041 / sqrt((#1 - #5) * (#2 + 0.62990236))) / (#7 + square(#8))) - ((#2 / -7.4333615) + 2.4056382); d = square(1.293473 - (#1 * 0.015343095)),0.0001010249519968,g = inv((-26495.041 / sqrt((#1 - #5) * (#2 + 0.62990236))) / (#7 + square(#8))) - ((#2 / -7.4333615) + 2.4056382); d = square(1.293473 - (#1 * 0.015343095)),<pysr.expression_specs.CallableJuliaExpression object at 0x7222a09d0770>,49
26,3.708629,g = (2.1109285 / ((#2 * -0.094899) + -0.6057585)) + (#7 * (sqrt(#8 + (#2 / sqrt(sqrt(#2)))) * -0.00087324623)); d = square((#1 * -0.015054235) + 1.4004934),0.0002521907840681,g = (2.1109285 / ((#2 * -0.094899) + -0.6057585)) + (#7 * (sqrt(#8 + (#2 / sqrt(sqrt(#2)))) * -0.00087324623)); d = square((#1 * -0.015054235) + 1.4004934),<pysr.expression_specs.CallableJuliaExpression object at 0x7222a09d19d0>,55
27,3.7086647,g = ((#2 - ((#8 + ((square(#5 / sqrt(#2)) - #1) * -0.011904714)) * (#3 - -0.599724))) * 0.123074174) - 2.4268231; d = square(-1.4939846 - (#1 * -0.014534545)),0.0002445055584217,g = ((#2 - ((#8 + ((square(#5 / sqrt(#2)) - #1) * -0.011904714)) * (#3 - -0.599724))) * 0.123074174) - 2.4268231; d = square(-1.4939846 - (#1 * -0.014534545)),<pysr.expression_specs.CallableJuliaExpression object at 0x7222a099c5c0>,31
22,3.7086675,g = (sqrt(#8 + #2) * ((1.2775686 - ((#1 + #7) * 0.000885081)) / 1.2068168)) + -5.2281227; d = square((#1 * -0.01363771) + 1.7779511),0.0013923339127223,g = (sqrt(#8 + #2) * ((1.2775686 - ((#1 + #7) * 0.000885081)) / 1.2068168)) + -5.2281227; d = square((#1 * -0.01363771) + 1.7779511),<pysr.expression_specs.CallableJuliaExpression object at 0x7222a1f8d4c0>,6
28,3.708671,g = ((((inv(square(square(square(#5))) - -0.65292) + #8) - (#1 * -0.013184374)) * (#3 + 0.7510595)) - #2) * -0.1171251; d = ((#1 * 0.00021798522) + -0.045292053) * #1,1.935966010076373e-05,g = ((((inv(square(square(square(#5))) - -0.65292) + #8) - (#1 * -0.013184374)) * (#3 + 0.7510595)) - #2) * -0.1171251; d = ((#1 * 0.00021798522) + -0.045292053) * #1,<pysr.expression_specs.CallableJuliaExpression object at 0x7222a099d310>,28
27,3.7087374,g = (#1 * -0.003931581) - (((sqrt(#1 * ((#8 + inv(sqrt(#4))) * 0.00081896776)) * #3) - sqrt(#8)) + 1.5585811); d = square((#1 * -0.015000061) + 1.4171656),5.277798015363653e-05,g = (#1 * -0.003931581) - (((sqrt(#1 * ((#8 + inv(sqrt(#4))) * 0.00081896776)) * #3) - sqrt(#8)) + 1.5585811); d = square((#1 * -0.015000061) + 1.4171656),<pysr.expression_specs.CallableJuliaExpression object at 0x7222a08e81a0>,72
28,3.7087657,g = inv((neg(sqrt(#2 - -0.8166596)) + -1.3392671) / ((#3 * (#8 + sqrt(sqrt((#2 + #8) + #8)))) + 11.124567)); d = square((0.013800761 * #1) + -1.7161013),5.78865286643104e-05,g = inv((neg(sqrt(#2 - -0.8166596)) + -1.3392671) / ((#3 * (#8 + sqrt(sqrt((#2 + #8) + #8)))) + 11.124567)); d = square((0.013800761 * #1) + -1.7161013),<pysr.expression_specs.CallableJuliaExpression object at 0x7222a09d1040>,58
27,3.7087884,g = sqrt(#2 + (0.73894936 + #8)) * (((#7 - (#3 * #2)) * -0.0007262314) - inv((#2 + 1.814253) * 0.11856456)); d = square(1.814253 + (#1 * -0.013496101)),0.0001489617728688,g = sqrt(#2 + (0.73894936 + #8)) * (((#7 - (#3 * #2)) * -0.0007262314) - inv((#2 + 1.814253) * 0.11856456)); d = square(1.814253 + (#1 * -0.013496101)),<pysr.expression_specs.CallableJuliaExpression object at 0x7222a099e8a0>,35
26,3.7088146,g = ((((#8 - (#1 * -0.01333605)) - inv(#2)) * (#3 + 0.72820073)) - (#2 - inv(#8))) * -0.1176302; d = #1 * ((#1 * 0.0002052118) + -0.045766275),0.0003822862855371,g = ((((#8 - (#1 * -0.01333605)) - inv(#2)) * (#3 + 0.72820073)) - (#2 - inv(#8))) * -0.1176302; d = #1 * ((#1 * 0.0002052118) + -0.045766275),<pysr.expression_specs.CallableJuliaExpression object at 0x7222a099d1f0>,28
23,3.7088463,g = ((sqrt((#8 - -0.412704) * #1) * #3) * -0.028077856) - (3.992361 - sqrt(#2 * 0.54393834)); d = square((#1 * -0.013802002) + 1.5259873),0.0001806030657728,g = ((sqrt((#8 - -0.412704) * #1) * #3) * -0.028077856) - (3.992361 - sqrt(#2 * 0.54393834)); d = square((#1 * -0.013802002) + 1.5259873),<pysr.expression_specs.CallableJuliaExpression object at 0x7222a1fb4110>,1
28,3.7088943,g = sqrt(#2) + (((-0.5840709 - (-1.8839608 * (0.047541462 - (#1 * 0.00019531533)))) * sqrt(#8)) * (#3 + 0.67497325)); d = -1.8839608 - ((0.047541462 - (#1 * 0.00019531533)) * #1),0.0002147213998281,g = sqrt(#2) + (((-0.5840709 - (-1.8839608 * (0.047541462 - (#1 * 0.00019531533)))) * sqrt(#8)) * (#3 + 0.67497325)); d = -1.8839608 - ((0.047541462 - (#1 * 0.00019531533)) * #1),<pysr.expression_specs.CallableJuliaExpression object at 0x7222a099c050>,27
29,3.7089016,g = ((((#8 - (sqrt((#3 / #2) / sqrt(#2)) + (#1 * -0.015129783))) * #3) - #2) * -0.1169675) + -2.450546; d = square((-1.3840139 - (#1 * -0.015129783)) + 0.02810455),1.064993995223238e-05,g = ((((#8 - (sqrt((#3 / #2) / sqrt(#2)) + (#1 * -0.015129783))) * #3) - #2) * -0.1169675) + -2.450546; d = square((-1.3840139 - (#1 * -0.015129783)) + 0.02810455),<pysr.expression_specs.CallableJuliaExpression object at 0x7222a0958590>,19
28,3.7089226,g = ((((((#3 / -5.042125) / #2) + (#1 * 0.013337449)) + #8) * (#3 + sqrt(0.45755443))) - #2) * -0.1189514; d = square((#1 * 0.016055161) + -1.2176661) - 1.4801674,1.202498316986574e-05,g = ((((((#3 / -5.042125) / #2) + (#1 * 0.013337449)) + #8) * (#3 + sqrt(0.45755443))) - #2) * -0.1189514; d = square((#1 * 0.016055161) + -1.2176661) - 1.4801674,<pysr.expression_specs.CallableJuliaExpression object at 0x7222a099da00>,30
27,3.7089672,g = (((((((#3 / -0.06617237) / #2) + #1) * 0.013337449) + #8) * (#3 + 0.63212943)) - #2) * -0.1189514; d = square(-1.2176661 + (#1 * 0.016055161)) - 1.5258559,0.0003220903785193,g = (((((((#3 / -0.06617237) / #2) + #1) * 0.013337449) + #8) * (#3 + 0.63212943)) - #2) * -0.1189514; d = square(-1.2176661 + (#1 * 0.016055161)) - 1.5258559,<pysr.expression_specs.CallableJuliaExpression object at 0x7222a099db80>,30
27,3.7089806,g = ((((#8 - (sqrt((#3 / #2) / sqrt(#2)) + (#1 * -0.015129783))) * #3) - #2) * -0.1169675) + -2.450546; d = square(-1.3586509 - (#1 * -0.015129783)),0.0001405678301001,g = ((((#8 - (sqrt((#3 / #2) / sqrt(#2)) + (#1 * -0.015129783))) * #3) - #2) * -0.1169675) + -2.450546; d = square(-1.3586509 - (#1 * -0.015129783)),<pysr.expression_specs.CallableJuliaExpression object at 0x7222a095ab40>,19
21,3.708992,g = (sqrt(#2) - (((#1 + #7) * sqrt(#2 + #8)) * 0.0007276261)) + -4.141546; d = square((#1 * -0.01447477) + 1.6047939),0.0005208944332822,g = (sqrt(#2) - (((#1 + #7) * sqrt(#2 + #8)) * 0.0007276261)) + -4.141546; d = square((#1 * -0.01447477) + 1.6047939),<pysr.expression_specs.CallableJuliaExpression object at 0x7222a0958680>,11
24,3.709058,g = ((((#2 + ((sqrt(#4 / #2) - #8) * #3)) * 55.340206) - #7) * 0.0020267128) + -2.2810264; d = square((#1 * -0.014884101) + 1.3233396),0.0008579629894708,g = ((((#2 + ((sqrt(#4 / #2) - #8) * #3)) * 55.340206) - #7) * 0.0020267128) + -2.2810264; d = square((#1 * -0.014884101) + 1.3233396),<pysr.expression_specs.CallableJuliaExpression object at 0x7222a099cb30>,34
28,3.709073,g = ((inv(#4) + (sqrt(#8 + #2) / 1.5575302)) * ((#7 * -0.0011051174) - -1.0795933)) + (#1 * -0.0026770802); d = -0.9821979 - (#1 / (17.264633 - (#1 * -0.023426635))),0.000730643406982,g = ((inv(#4) + (sqrt(#8 + #2) / 1.5575302)) * ((#7 * -0.0011051174) - -1.0795933)) + (#1 * -0.0026770802); d = -0.9821979 - (#1 / (17.264633 - (#1 * -0.023426635))),<pysr.expression_specs.CallableJuliaExpression object at 0x7222a099c2f0>,36
25,3.7091289,g = (#1 * -0.003931581) - (((sqrt(((#1 * #8) + 189.71152) * 0.00081896776) * #3) + 1.3965018) - sqrt(#8)); d = square((#1 * -0.015000061) + 1.3772376),0.0003522093204386,g = (#1 * -0.003931581) - (((sqrt(((#1 * #8) + 189.71152) * 0.00081896776) * #3) + 1.3965018) - sqrt(#8)); d = square((#1 * -0.015000061) + 1.3772376),<pysr.expression_specs.CallableJuliaExpression object at 0x7222a08e80e0>,72
26,3.7091951,g = inv((neg(sqrt(#2 - -0.57448167)) + -1.3392671) / ((#3 * (#8 + sqrt(sqrt(#2 + #8)))) + 11.124567)); d = square((#1 * 0.013800761) + -1.7161013),0.000176570475982,g = inv((neg(sqrt(#2 - -0.57448167)) + -1.3392671) / ((#3 * (#8 + sqrt(sqrt(#2 + #8)))) + 11.124567)); d = square((#1 * 0.013800761) + -1.7161013),<pysr.expression_specs.CallableJuliaExpression object at 0x7222a09d0500>,58
21,3.7093525,g = (-6.705612 - (#3 * (#8 + 1.3148515))) / sqrt(#2 - (-1.8398695 - sqrt(#3))); d = square((#1 * -0.014317551) - -1.6083539),0.0003093053424306,g = (-6.705612 - (#3 * (#8 + 1.3148515))) / sqrt(#2 - (-1.8398695 - sqrt(#3))); d = square((#1 * -0.014317551) - -1.6083539),<pysr.expression_specs.CallableJuliaExpression object at 0x7222a099c590>,32
26,3.7093594,g = inv((-26495.041 / sqrt((#2 + 0.56166357) * #1)) / (#7 + square(#8))) - ((#2 / -7.4333615) + 2.4073544); d = square(1.2898419 - (#1 * 0.015343095)),0.0006997142786587,g = inv((-26495.041 / sqrt((#2 + 0.56166357) * #1)) / (#7 + square(#8))) - ((#2 / -7.4333615) + 2.4073544); d = square(1.2898419 - (#1 * 0.015343095)),<pysr.expression_specs.CallableJuliaExpression object at 0x7222a09d03e0>,49
21,3.709437,g = (((#1 + #7) * -0.0007157593) - -1.0119685) * sqrt(#8 + #2); d = (#1 * ((0.00021119179 * #1) + -0.045210216)) + -1.9722192,0.0007856203887966,g = (((#1 + #7) * -0.0007157593) - -1.0119685) * sqrt(#8 + #2); d = (#1 * ((0.00021119179 * #1) + -0.045210216)) + -1.9722192,<pysr.expression_specs.CallableJuliaExpression object at 0x7222a1f8d850>,2
28,3.7094688,g = (((#7 * (#8 + (11.771351 - (#4 / (#2 + 1.0134228))))) * -0.0018142835) + #2) * 0.100618884; d = (square((#1 * 0.01527045) - square(1.0942492)) - 1.5692521) - 0.31762254,0.0001283659365795,g = (((#7 * (#8 + (11.771351 - (#4 / (#2 + 1.0134228))))) * -0.0018142835) + #2) * 0.100618884; d = (square((#1 * 0.01527045) - square(1.0942492)) - 1.5692521) - 0.31762254,<pysr.expression_specs.CallableJuliaExpression object at 0x7222a09d0230>,52
26,3.709502,g = -2.450546 + (((#3 * (#8 - ((sqrt(#3) / #2) + (#1 * -0.015129783)))) - #2) * -0.1169675); d = square((-0.015129783 * #1) - -1.3840139) + -0.08474669,0.0001912963616315,g = -2.450546 + (((#3 * (#8 - ((sqrt(#3) / #2) + (#1 * -0.015129783)))) - #2) * -0.1169675); d = square((-0.015129783 * #1) - -1.3840139) + -0.08474669,<pysr.expression_specs.CallableJuliaExpression object at 0x7222a095a6c0>,19
21,3.709512,g = ((#3 * (0.87023836 + #8)) + 5.0789714) / (sqrt(#2 + sqrt(#4)) * -1.0256932); d = square((-0.014707309 * #1) + 1.376964),0.0003094267920364,g = ((#3 * (0.87023836 + #8)) + 5.0789714) / (sqrt(#2 + sqrt(#4)) * -1.0256932); d = square((-0.014707309 * #1) + 1.376964),<pysr.expression_specs.CallableJuliaExpression object at 0x7222a0959370>,15
29,3.7095392,g = (square(square(#8 / (#2 + 1.2633299))) + sqrt(#8)) * (((#3 * -0.6683031) + 3.003311) + (-0.0035154354 * #1)); d = (((#1 * 0.00019549507) + -0.04551302) * #1) + -1.8672496,0.0001979295252014,g = (square(square(#8 / (#2 + 1.2633299))) + sqrt(#8)) * (((#3 * -0.6683031) + 3.003311) + (-0.0035154354 * #1)); d = (((#1 * 0.00019549507) + -0.04551302) * #1) + -1.8672496,<pysr.expression_specs.CallableJuliaExpression object at 0x7222a09581a0>,7
24,3.7095482,g = (sqrt(#2) - (((0.8691219 - inv(#1 * 0.010730953)) * sqrt(#8)) * (#3 + 0.69039196))) + -3.728199; d = square((#1 * 0.014870311) + -1.4218637),0.001761950021319463,g = (sqrt(#2) - (((0.8691219 - inv(#1 * 0.010730953)) * sqrt(#8)) * (#3 + 0.69039196))) + -3.728199; d = square((#1 * 0.014870311) + -1.4218637),<pysr.expression_specs.CallableJuliaExpression object at 0x7222a08e8860>,74
25,3.7095644,g = ((#7 * -0.0010027323) * sqrt(sqrt(#2 * (#8 + 1.341722)))) + (2.1109285 / ((#2 * -0.09381675) + -0.62744665)); d = square((#1 * -0.014976602) + 1.3919858),0.000128920349798,g = ((#7 * -0.0010027323) * sqrt(sqrt(#2 * (#8 + 1.341722)))) + (2.1109285 / ((#2 * -0.09381675) + -0.62744665)); d = square((#1 * -0.014976602) + 1.3919858),<pysr.expression_specs.CallableJuliaExpression object at 0x7222a09d0650>,55
26,3.7095716,g = ((#2 - ((#8 + (((sqrt(#7) / #2) - #1) * -0.011904714)) * (#3 - -0.5552175))) * 0.125199) - 2.5502968; d = square(-1.503647 - (-0.014534545 * #1)),0.0004356427408224,g = ((#2 - ((#8 + (((sqrt(#7) / #2) - #1) * -0.011904714)) * (#3 - -0.5552175))) * 0.125199) - 2.5502968; d = square(-1.503647 - (-0.014534545 * #1)),<pysr.expression_specs.CallableJuliaExpression object at 0x7222a099d760>,31
21,3.7096198,g = ((4.926249 + ((0.89987075 + #8) * #3)) / sqrt(#2 + sqrt(#4))) * -0.98535; d = square(1.3715386 + (#1 * -0.015001967)),0.0003089327266827,g = ((4.926249 + ((0.89987075 + #8) * #3)) / sqrt(#2 + sqrt(#4))) * -0.98535; d = square(1.3715386 + (#1 * -0.015001967)),<pysr.expression_specs.CallableJuliaExpression object at 0x7222a09d0e00>,51
24,3.709664,g = (((#8 - ((#1 - (square(#4) / #2)) * -0.012620453)) * #3) - #2) * -0.12842429; d = square(1.2192664 - (#1 * 0.015445919)) + -2.0699823,0.001245697870338,g = (((#8 - ((#1 - (square(#4) / #2)) * -0.012620453)) * #3) - #2) * -0.12842429; d = square(1.2192664 - (#1 * 0.015445919)) + -2.0699823,<pysr.expression_specs.CallableJuliaExpression object at 0x7222a09d0260>,50
19,3.7096655,g = (((-0.86179 - #8) * #3) - 5.8510733) / sqrt(sqrt(#4) + #2); d = square((#1 * -0.014742299) + 1.4736334),0.0011630671143084,g = (((-0.86179 - #8) * #3) - 5.8510733) / sqrt(sqrt(#4) + #2); d = square((#1 * -0.014742299) + 1.4736334),<pysr.expression_specs.CallableJuliaExpression object at 0x7222a09d1250>,57
19,3.7097476,g = (-5.4769025 - (#3 * (#8 - -0.83740336))) / sqrt(#2 + sqrt(#4)); d = square((#1 * 0.0146640865) + -1.4394128),0.001600390998726,g = (-5.4769025 - (#3 * (#8 - -0.83740336))) / sqrt(#2 + sqrt(#4)); d = square((#1 * 0.0146640865) + -1.4394128),<pysr.expression_specs.CallableJuliaExpression object at 0x7222a09d2720>,70
25,3.7098935,g = (((-0.00069790776 * #7) - inv((2.0783217 + #2) * 0.11853337)) * sqrt((#2 + 1.0362034) + #8)) + -0.089434005; d = square((#1 * -0.013299159) + 1.8194008),1.5229315760096326e-05,g = (((-0.00069790776 * #7) - inv((2.0783217 + #2) * 0.11853337)) * sqrt((#2 + 1.0362034) + #8)) + -0.089434005; d = square((#1 * -0.013299159) + 1.8194008),<pysr.expression_specs.CallableJuliaExpression object at 0x7222a099e9c0>,35
30,3.7099216,g = (#7 * -0.0016682419) - (((#3 * (#8 * 0.11666317)) + 0.6822457) + ((((#3 + #3) / #2) + #2) * -0.11580397)); d = (((#1 * -0.008383862) - -1.9007325) * #1) * -0.02290958,0.0002456591199889,g = (#7 * -0.0016682419) - (((#3 * (#8 * 0.11666317)) + 0.6822457) + ((((#3 + #3) / #2) + #2) * -0.11580397)); d = (((#1 * -0.008383862) - -1.9007325) * #1) * -0.02290958,<pysr.expression_specs.CallableJuliaExpression object at 0x7222a0958b60>,8
27,3.709945,g = (#2 + (#7 * ((#8 + (11.771351 - (#4 / (#2 + 1.0171093)))) * -0.0018142835))) * 0.100618884; d = (square(1.1350061 - (#1 * 0.01527045)) - 1.5692521) + -0.046667743,3.274873915158916e-05,g = (#2 + (#7 * ((#8 + (11.771351 - (#4 / (#2 + 1.0171093)))) * -0.0018142835))) * 0.100618884; d = (square(1.1350061 - (#1 * 0.01527045)) - 1.5692521) + -0.046667743,<pysr.expression_specs.CallableJuliaExpression object at 0x7222a09d0ce0>,52
21,3.7099469,g = ((((#8 + 1.0255868) * #3) - -5.331634) / -1.0318042) / sqrt(sqrt(#4) + #2); d = square((#1 * -0.015303122) + 1.3913621),0.0004683067350743,g = ((((#8 + 1.0255868) * #3) - -5.331634) / -1.0318042) / sqrt(sqrt(#4) + #2); d = square((#1 * -0.015303122) + 1.3913621),<pysr.expression_specs.CallableJuliaExpression object at 0x7222a099c4d0>,25
23,3.7100065,g = ((#7 * -0.00069790776) - inv((#2 + 2.0783217) * 0.11853337)) * sqrt((#8 + 0.94176614) + #2); d = square((#1 * -0.013299159) + 1.7952043),0.0014186403621823,g = ((#7 * -0.00069790776) - inv((#2 + 2.0783217) * 0.11853337)) * sqrt((#8 + 0.94176614) + #2); d = square((#1 * -0.013299159) + 1.7952043),<pysr.expression_specs.CallableJuliaExpression object at 0x7222a099c050>,35
28,3.71003,g = (#3 * -0.29500642) + ((((sqrt(#8) * -0.001015728) * ((#8 * #2) + #7)) - 2.184338) - (#2 * -0.121272825)); d = square((#1 * 0.015601414) + -1.2558366) + -0.019592827,5.727683680933477e-06,g = (#3 * -0.29500642) + ((((sqrt(#8) * -0.001015728) * ((#8 * #2) + #7)) - 2.184338) - (#2 * -0.121272825)); d = square((#1 * 0.015601414) + -1.2558366) + -0.019592827,<pysr.expression_specs.CallableJuliaExpression object at 0x7222a0959700>,12
26,3.7100725,g = (((#3 * -0.29500642) + ((sqrt(#8) * -0.001015728) * (#7 + (#8 * #2)))) - 2.184338) - (#2 * -0.121272825); d = square((#1 * 0.015601414) + -1.2558366),0.0003032095567091,g = (((#3 * -0.29500642) + ((sqrt(#8) * -0.001015728) * (#7 + (#8 * #2)))) - 2.184338) - (#2 * -0.121272825); d = square((#1 * 0.015601414) + -1.2558366),<pysr.expression_specs.CallableJuliaExpression object at 0x7222a0959460>,12
25,3.7100966,g = (((#8 - (#3 * #2)) * -0.026635813) - 5.1228194) + ((sqrt(#2) - (#3 * sqrt(#8))) * 0.84185255); d = square((#1 * -0.013381192) + 1.784949),0.0002071753966068,g = (((#8 - (#3 * #2)) * -0.026635813) - 5.1228194) + ((sqrt(#2) - (#3 * sqrt(#8))) * 0.84185255); d = square((#1 * -0.013381192) + 1.784949),<pysr.expression_specs.CallableJuliaExpression object at 0x7222a09d0b00>,48
28,3.7101712,g = ((-2.6906683 - ((#7 - square(#3 / #8)) * 0.001562956)) + (#2 * 0.12178933)) + (((#3 + 0.9759955) * -0.11604749) * #8); d = square(1.4735433 + (-0.014602053 * #1)),0.0008301560847075,g = ((-2.6906683 - ((#7 - square(#3 / #8)) * 0.001562956)) + (#2 * 0.12178933)) + (((#3 + 0.9759955) * -0.11604749) * #8); d = square(1.4735433 + (-0.014602053 * #1)),<pysr.expression_specs.CallableJuliaExpression object at 0x7222a1f8f470>,4
20,3.7101753,g = (-4.990199 - ((square(-0.9114113) + #8) * #3)) / sqrt(sqrt(#4) + #2); d = square(-1.3797159 + (#1 * 0.01492212)),1.169749207397904e-05,g = (-4.990199 - ((square(-0.9114113) + #8) * #3)) / sqrt(sqrt(#4) + #2); d = square(-1.3797159 + (#1 * 0.01492212)),<pysr.expression_specs.CallableJuliaExpression object at 0x7222a099e390>,42
21,3.7101862,g = (sqrt(#1 * #8) * (#3 * -0.0301694)) - (3.9923656 - sqrt(#2 * 0.5674689)); d = square((#1 * -0.014590811) + 1.486328),0.0004831115418382,g = (sqrt(#1 * #8) * (#3 * -0.0301694)) - (3.9923656 - sqrt(#2 * 0.5674689)); d = square((#1 * -0.014590811) + 1.486328),<pysr.expression_specs.CallableJuliaExpression object at 0x7222a1fb6a50>,1
25,3.710188,g = (#2 + (#7 * ((#8 + (11.771351 - (#4 / (#2 + 1.0171093)))) * -0.0018142835))) * 0.100618884; d = square(1.1350061 - (#1 * 0.01527045)) - 1.5692521,0.001673339119176,g = (#2 + (#7 * ((#8 + (11.771351 - (#4 / (#2 + 1.0171093)))) * -0.0018142835))) * 0.100618884; d = square(1.1350061 - (#1 * 0.01527045)) - 1.5692521,<pysr.expression_specs.CallableJuliaExpression object at 0x7222a09d09b0>,52
19,3.7102187,g = (-4.990199 - ((#8 + 0.8569441) * #3)) / sqrt(sqrt(#4) + #2); d = square((#1 * 0.01492212) + -1.3797159),0.0020746243239717,g = (-4.990199 - ((#8 + 0.8569441) * #3)) / sqrt(sqrt(#4) + #2); d = square((#1 * 0.01492212) + -1.3797159),<pysr.expression_specs.CallableJuliaExpression object at 0x7222a099d9a0>,42
25,3.7102327,g = (-0.1176302 * (((#3 + 0.49190423) * ((#8 - (#1 * -0.01333605)) - inv(#2))) - #2)) - 0.3074609; d = ((#1 * 0.0002052118) + -0.045276955) * #1,0.0001262564613096,g = (-0.1176302 * (((#3 + 0.49190423) * ((#8 - (#1 * -0.01333605)) - inv(#2))) - #2)) - 0.3074609; d = ((#1 * 0.0002052118) + -0.045276955) * #1,<pysr.expression_specs.CallableJuliaExpression object at 0x7222a099cf50>,28
28,3.7102735,g = ((#1 * -0.0035270825) + ((#3 * -0.6873256) + 3.0033054)) * (((#8 / sqrt(#2)) + sqrt(#8)) / 1.6827374); d = (((#1 * 0.00020244814) + -0.045688733) * #1) + -1.7935345,0.0007184220458399,g = ((#1 * -0.0035270825) + ((#3 * -0.6873256) + 3.0033054)) * (((#8 / sqrt(#2)) + sqrt(#8)) / 1.6827374); d = (((#1 * 0.00020244814) + -0.045688733) * #1) + -1.7935345,<pysr.expression_specs.CallableJuliaExpression object at 0x7222a0958380>,7
30,3.7102785,g = (#2 * 0.090847224) - (((((#3 * #8) * 0.031363025) + 0.031363025) / sqrt((#5 + #1) * #8)) * (#1 - #4)); d = square(-1.4664735 - (#1 * -0.014417487)) - 2.142096,5.914300538987276e-05,g = (#2 * 0.090847224) - (((((#3 * #8) * 0.031363025) + 0.031363025) / sqrt((#5 + #1) * #8)) * (#1 - #4)); d = square(-1.4664735 - (#1 * -0.014417487)) - 2.142096,<pysr.expression_specs.CallableJuliaExpression object at 0x7222a09d0890>,47
25,3.7102923,g = sqrt(#2 * 0.5234452) + ((#3 / inv(sqrt(#8 / sqrt(#2 / #8)) * -0.83489347)) + -3.4455497); d = square((#1 * -0.0149135385) + 1.3440225),1.401497009058605e-05,g = sqrt(#2 * 0.5234452) + ((#3 / inv(sqrt(#8 / sqrt(#2 / #8)) * -0.83489347)) + -3.4455497); d = square((#1 * -0.0149135385) + 1.3440225),<pysr.expression_specs.CallableJuliaExpression object at 0x7222a09d3c80>,71
21,3.7103078,g = ((#3 * -0.029796865) * sqrt(#8 * #1)) - (3.3222091 - sqrt(#2 / 1.9126501)); d = square((#1 * 0.01514579) + -1.2980222),0.0006094834427271,g = ((#3 * -0.029796865) * sqrt(#8 * #1)) - (3.3222091 - sqrt(#2 / 1.9126501)); d = square((#1 * 0.01514579) + -1.2980222),<pysr.expression_specs.CallableJuliaExpression object at 0x7222a0958a40>,14
24,3.7103205,g = inv((-0.8075973 - sqrt(#2)) / ((#3 * ((#2 / (#2 + inv(#2))) + #8)) - -5.040441)); d = square((#1 * -0.015036978) + 1.3232955),0.0003349015007795,g = inv((-0.8075973 - sqrt(#2)) / ((#3 * ((#2 / (#2 + inv(#2))) + #8)) - -5.040441)); d = square((#1 * -0.015036978) + 1.3232955),<pysr.expression_specs.CallableJuliaExpression object at 0x7222a0959af0>,13
28,3.7103326,g = -4.5221844 + ((((((-0.012729111 * ((#5 / 0.3515238) - #1)) + #8) - inv(#2)) * (#3 - -0.42123193)) - #2) * -0.12144775); d = square((-0.012729111 * #1) + 2.0050263),4.064160483320233e-05,g = -4.5221844 + ((((((-0.012729111 * ((#5 / 0.3515238) - #1)) + #8) - inv(#2)) * (#3 - -0.42123193)) - #2) * -0.12144775); d = square((-0.012729111 * #1) + 2.0050263),<pysr.expression_specs.CallableJuliaExpression object at 0x7222a09d24e0>,63
24,3.7103443,g = (sqrt(#2 * 0.4949635) + -3.4455497) + ((#3 * sqrt(#8 / sqrt(#2 / #8))) * -0.83489347); d = square((#1 * -0.0149135385) + 1.3534083),0.000563807546434,g = (sqrt(#2 * 0.4949635) + -3.4455497) + ((#3 * sqrt(#8 / sqrt(#2 / #8))) * -0.83489347); d = square((#1 * -0.0149135385) + 1.3534083),<pysr.expression_specs.CallableJuliaExpression object at 0x7222a09d2a20>,71
28,3.7104585,g = -1.8426856 + ((inv(sqrt(#4 * (#4 - #3))) + sqrt(#2 + #8)) * ((-0.00071970106 * #7) + 0.6692259)); d = square(1.2470206 + (-0.01513801 * #1)) - 1.4847287,0.0001508884991529,g = -1.8426856 + ((inv(sqrt(#4 * (#4 - #3))) + sqrt(#2 + #8)) * ((-0.00071970106 * #7) + 0.6692259)); d = square(1.2470206 + (-0.01513801 * #1)) - 1.4847287,<pysr.expression_specs.CallableJuliaExpression object at 0x7222a09d1d90>,56
26,3.7104874,g = sqrt(#2 / 0.6685233) + ((#3 + 1.1221757) * ((-0.5840709 - (#1 * 0.00019531533)) * sqrt(#8))); d = -1.8839608 - (#1 * (0.047282483 - (#1 * 0.00019531533))),0.000116628754766,g = sqrt(#2 / 0.6685233) + ((#3 + 1.1221757) * ((-0.5840709 - (#1 * 0.00019531533)) * sqrt(#8))); d = -1.8839608 - (#1 * (0.047282483 - (#1 * 0.00019531533))),<pysr.expression_specs.CallableJuliaExpression object at 0x7222a099c200>,27
20,3.7105,g = (-6.480202 - (#3 * ((#8 + 1.0627278) / 1.119575))) / sqrt(#2 - -2.9135199); d = square((#1 * -0.014317549) - -1.5172403),0.0005592209109093,g = (-6.480202 - (#3 * ((#8 + 1.0627278) / 1.119575))) / sqrt(#2 - -2.9135199); d = square((#1 * -0.014317549) - -1.5172403),<pysr.expression_specs.CallableJuliaExpression object at 0x7222a099e1e0>,32
24,3.7105052,g = inv((neg(sqrt(#2)) + -1.4258667) / ((#3 * (sqrt(sqrt(#2 + #8)) + #8)) + 8.852293)); d = square(1.5597379 - (#1 * 0.014439163)),6.403030690367212e-05,g = inv((neg(sqrt(#2)) + -1.4258667) / ((#3 * (sqrt(sqrt(#2 + #8)) + #8)) + 8.852293)); d = square(1.5597379 - (#1 * 0.014439163)),<pysr.expression_specs.CallableJuliaExpression object at 0x7222a09d0ef0>,58
23,3.710521,g = (2.1109285 / ((#2 * -0.0938166) + -0.6274466)) + ((sqrt(sqrt(#2) + #8) * #7) * -0.0009892946); d = square((#1 * -0.015086529) + 1.3919858),9.907330450429368e-05,g = (2.1109285 / ((#2 * -0.0938166) + -0.6274466)) + ((sqrt(sqrt(#2) + #8) * #7) * -0.0009892946); d = square((#1 * -0.015086529) + 1.3919858),<pysr.expression_specs.CallableJuliaExpression object at 0x7222a09d0770>,55
28,3.7106,g = (((#7 * 0.01475973) - (#2 + ((sqrt(square(#5 * inv(#2 - -0.9404533))) - #8) * #3))) * -0.11979793) + -1.3511648; d = square(-0.9404533 - (#1 * -0.01714286)),0.0009435260646475,g = (((#7 * 0.01475973) - (#2 + ((sqrt(square(#5 * inv(#2 - -0.9404533))) - #8) * #3))) * -0.11979793) + -1.3511648; d = square(-0.9404533 - (#1 * -0.01714286)),<pysr.expression_specs.CallableJuliaExpression object at 0x7222a0958380>,17
26,3.7106342,g = (((((((#5 - #1) * -0.012859713) + #8) - inv(#2)) * (#3 - -0.42123193)) - #2) * -0.12144775) + -4.5221844; d = square((#1 * -0.012729111) + 2.0050263),7.456390303331038e-05,g = (((((((#5 - #1) * -0.012859713) + #8) - inv(#2)) * (#3 - -0.42123193)) - #2) * -0.12144775) + -4.5221844; d = square((#1 * -0.012729111) + 2.0050263),<pysr.expression_specs.CallableJuliaExpression object at 0x7222a09d1b50>,63
20,3.71066,g = ((((#8 + 1.0913135) * #3) + 7.332758) / sqrt(#2 + 3.5095093)) / -1.0882475; d = square((#1 * -0.014402503) + 1.5085711),0.0018076928589779,g = ((((#8 + 1.0913135) * #3) + 7.332758) / sqrt(#2 + 3.5095093)) / -1.0882475; d = square((#1 * -0.014402503) + 1.5085711),<pysr.expression_specs.CallableJuliaExpression object at 0x7222a0958110>,15
28,3.7107174,g = (#2 * 0.090847224) - (((((#8 * 0.031363025) * #3) + 0.031363025) / sqrt(#1 * #8)) * (#1 - #4)); d = square(-1.4664735 - (#1 * -0.014417487)) - 2.1555715,0.0001453550712339,g = (#2 * 0.090847224) - (((((#8 * 0.031363025) * #3) + 0.031363025) / sqrt(#1 * #8)) * (#1 - #4)); d = square(-1.4664735 - (#1 * -0.014417487)) - 2.1555715,<pysr.expression_specs.CallableJuliaExpression object at 0x7222a09d07a0>,47
20,3.710766,g = neg((5.704332 + ((#3 * #8) + #3)) / sqrt(sqrt(#4) + #2)); d = square((-0.014701307 * #1) + 1.4822992),0.0017186522923746,g = neg((5.704332 + ((#3 * #8) + #3)) / sqrt(sqrt(#4) + #2)); d = square((-0.014701307 * #1) + 1.4822992),<pysr.expression_specs.CallableJuliaExpression object at 0x7222a09d0530>,51
24,3.7108066,g = -3.3411345 - (((((inv(-0.34731263 * #2) + (0.016211743 * #1)) + #8) * #3) - #2) * 0.11048846); d = square((-0.013432438 * #1) + 1.6570451),0.0003139525247232,g = -3.3411345 - (((((inv(-0.34731263 * #2) + (0.016211743 * #1)) + #8) * #3) - #2) * 0.11048846); d = square((-0.013432438 * #1) + 1.6570451),<pysr.expression_specs.CallableJuliaExpression object at 0x7222a08e82f0>,73
21,3.7108974,g = ((#3 + (#3 * #8)) + 6.498423) / neg(sqrt((#2 / 0.7980234) - -3.08847)); d = square((#1 * -0.01454825) + 1.4654197),0.000408076997183,g = ((#3 + (#3 * #8)) + 6.498423) / neg(sqrt((#2 / 0.7980234) - -3.08847)); d = square((#1 * -0.01454825) + 1.4654197),<pysr.expression_specs.CallableJuliaExpression object at 0x7222a09d0890>,59
24,3.7109215,g = -2.450546 + (((#3 * (#8 - ((sqrt(#3) / #2) + (#1 * -0.015129783)))) - #2) * -0.1169675); d = square((-0.015129783 * #1) - -1.3840139),0.0007943657290527,g = -2.450546 + (((#3 * (#8 - ((sqrt(#3) / #2) + (#1 * -0.015129783)))) - #2) * -0.1169675); d = square((-0.015129783 * #1) - -1.3840139),<pysr.expression_specs.CallableJuliaExpression object at 0x7222a0959be0>,19
28,3.7109413,g = ((#7 * -0.0011428425) / sqrt(1.3726153 / (#8 - neg(sqrt(#2))))) - (4.6006923 / ((#2 / 4.8046403) + inv(inv(1.3726153)))); d = square((#1 * 0.015199613) - 1.3726153),0.0003730163544979,g = ((#7 * -0.0011428425) / sqrt(1.3726153 / (#8 - neg(sqrt(#2))))) - (4.6006923 / ((#2 / 4.8046403) + inv(inv(1.3726153)))); d = square((#1 * 0.015199613) - 1.3726153),<pysr.expression_specs.CallableJuliaExpression object at 0x7222a0958170>,9
22,3.7109804,g = inv((neg(sqrt(#2)) + -1.3343165) / ((#3 * (#8 + sqrt(sqrt(#2)))) + 8.847022)); d = square((#1 * 0.014262019) - 1.5792313),0.0008804739122975,g = inv((neg(sqrt(#2)) + -1.3343165) / ((#3 * (#8 + sqrt(sqrt(#2)))) + 8.847022)); d = square((#1 * 0.014262019) - 1.5792313),<pysr.expression_specs.CallableJuliaExpression object at 0x7222a09d2240>,58
26,3.7110732,g = (((#2 + ((-0.68593574 - #3) * #8)) * 0.1161207) + ((#7 - square(#3 / #8)) * -0.0016099765)) - 4.563363; d = square((#1 * -0.012529923) + 1.9887817),0.000883289470946,g = (((#2 + ((-0.68593574 - #3) * #8)) * 0.1161207) + ((#7 - square(#3 / #8)) * -0.0016099765)) - 4.563363; d = square((#1 * -0.012529923) + 1.9887817),<pysr.expression_specs.CallableJuliaExpression object at 0x7222a09d3500>,69
29,3.7111576,g = (#1 + sqrt(#7)) * ((sqrt(#8 / ((#4 / 0.08609587) + #1)) * (-0.030260438 * (#3 - 1.6991639))) - 0.005465581); d = square((#1 / -61.97478) + 1.1230259) + -0.012641794,9.56573928332974e-07,g = (#1 + sqrt(#7)) * ((sqrt(#8 / ((#4 / 0.08609587) + #1)) * (-0.030260438 * (#3 - 1.6991639))) - 0.005465581); d = square((#1 / -61.97478) + 1.1230259) + -0.012641794,<pysr.expression_specs.CallableJuliaExpression object at 0x7222a099e5a0>,37
27,3.7111647,g = (((sqrt(#8 / (#1 + (#4 / 0.08609587))) * -0.030260438) * (#3 - 1.6068158)) - 0.005465581) * (#1 + sqrt(#7)); d = square((#1 / -61.97478) + 1.1326168),0.000633239416441,g = (((sqrt(#8 / (#1 + (#4 / 0.08609587))) * -0.030260438) * (#3 - 1.6068158)) - 0.005465581) * (#1 + sqrt(#7)); d = square((#1 / -61.97478) + 1.1326168),<pysr.expression_specs.CallableJuliaExpression object at 0x7222a099d010>,37
23,3.7111697,g = (((#3 + 0.7831265) * ((#8 - (#1 * -0.01333605)) - inv(#2))) - #2) * -0.1176302; d = (-0.045276955 + (#1 * 0.0002052118)) * #1,0.000408009112628,g = (((#3 + 0.7831265) * ((#8 - (#1 * -0.01333605)) - inv(#2))) - #2) * -0.1176302; d = (-0.045276955 + (#1 * 0.0002052118)) * #1,<pysr.expression_specs.CallableJuliaExpression object at 0x7222a099d160>,28
24,3.7111876,g = ((((#8 - (inv(#2) + (#1 * -0.012859713))) * (#3 - -0.42123193)) - #2) * -0.12144775) + -4.5221844; d = square((#1 * -0.012729111) + 2.0050263),0.0002334017812597,g = ((((#8 - (inv(#2) + (#1 * -0.012859713))) * (#3 - -0.42123193)) - #2) * -0.12144775) + -4.5221844; d = square((#1 * -0.012729111) + 2.0050263),<pysr.expression_specs.CallableJuliaExpression object at 0x7222a09d01d0>,63
25,3.711188,g = ((#2 - (((-1.1034825 / #2) + (#8 - (#1 * -0.011904714))) * (#3 - -0.5552175))) * 0.125199) - 2.5502968; d = square(-1.5001875 - (#1 * -0.014534545)),0.00022933486047,g = ((#2 - (((-1.1034825 / #2) + (#8 - (#1 * -0.011904714))) * (#3 - -0.5552175))) * 0.125199) - 2.5502968; d = square(-1.5001875 - (#1 * -0.014534545)),<pysr.expression_specs.CallableJuliaExpression object at 0x7222a099d820>,31
25,3.7111976,g = ((((#7 + square(#8)) * (-0.0010418381 * sqrt(#8))) + (#3 * -0.26795062)) - 2.184339) - (#2 * -0.11688418); d = square(-1.2543412 + (#1 * 0.015490981)),0.0003798052392127,g = ((((#7 + square(#8)) * (-0.0010418381 * sqrt(#8))) + (#3 * -0.26795062)) - 2.184339) - (#2 * -0.11688418); d = square(-1.2543412 + (#1 * 0.015490981)),<pysr.expression_specs.CallableJuliaExpression object at 0x7222a0958350>,12
21,3.7112563,g = (sqrt(#2 + 1.6500319) + (#7 * (sqrt(#2 + #8) * -0.0007299363))) + -5.138656; d = square(-1.5702697 - (#1 * -0.013964722)),0.0001805935489828,g = (sqrt(#2 + 1.6500319) + (#7 * (sqrt(#2 + #8) * -0.0007299363))) + -5.138656; d = square(-1.5702697 - (#1 * -0.013964722)),<pysr.expression_specs.CallableJuliaExpression object at 0x7222a09d1250>,55
26,3.7112985,g = (((#3 + 0.399648) * ((#8 + (#1 * 0.012449789)) - inv(#2))) - #2) * -0.120636374; d = square(#1 * -0.014069956) + ((#1 / -22.092232) - 0.399648),0.0003018164521174,g = (((#3 + 0.399648) * ((#8 + (#1 * 0.012449789)) - inv(#2))) - #2) * -0.120636374; d = square(#1 * -0.014069956) + ((#1 / -22.092232) - 0.399648),<pysr.expression_specs.CallableJuliaExpression object at 0x7222a09d0800>,54
24,3.711353,g = ((-0.5840709 - (#1 * 0.00019531533)) * ((#3 + 0.6685233) * sqrt(#8))) + sqrt(#2); d = -1.8051223 - (#1 * (0.04729992 - (#1 * 0.00019531533))),0.0005278440453697,g = ((-0.5840709 - (#1 * 0.00019531533)) * ((#3 + 0.6685233) * sqrt(#8))) + sqrt(#2); d = -1.8051223 - (#1 * (0.04729992 - (#1 * 0.00019531533))),<pysr.expression_specs.CallableJuliaExpression object at 0x7222a099c860>,27
23,3.7115633,g = inv((-0.8102743 - sqrt(#2)) / ((#3 * (((-0.31708983 / #2) + 0.9823863) + #8)) - -5.040441)); d = square((#1 * -0.014782682) + 1.3253655),0.0003366584751394,g = inv((-0.8102743 - sqrt(#2)) / ((#3 * (((-0.31708983 / #2) + 0.9823863) + #8)) - -5.040441)); d = square((#1 * -0.014782682) + 1.3253655),<pysr.expression_specs.CallableJuliaExpression object at 0x7222a09586b0>,13
26,3.7115784,g = ((inv(#4 - sqrt(#3)) + sqrt(#2 + #8)) * ((#7 * -0.00071970106) + 0.6692259)) + -1.8426856; d = square((#1 * -0.01513801) + 1.2470206) - 1.4847287,6.886320908181124e-05,g = ((inv(#4 - sqrt(#3)) + sqrt(#2 + #8)) * ((#7 * -0.00071970106) + 0.6692259)) + -1.8426856; d = square((#1 * -0.01513801) + 1.2470206) - 1.4847287,<pysr.expression_specs.CallableJuliaExpression object at 0x7222a09d1100>,56
23,3.7116342,g = (((sqrt(#2) - (#3 * sqrt(#8))) * 0.8363297) + -5.149455) - (#2 * (#3 * -0.02623323)); d = square((#1 * -0.01322103) + 1.7851471),0.0005825304655026,g = (((sqrt(#2) - (#3 * sqrt(#8))) * 0.8363297) + -5.149455) - (#2 * (#3 * -0.02623323)); d = square((#1 * -0.01322103) + 1.7851471),<pysr.expression_specs.CallableJuliaExpression object at 0x7222a09d0650>,48
20,3.7116847,g = (((#8 + 0.9166194) * #3) + 4.6279664) / neg(sqrt(sqrt(#4) + #2)); d = square(1.3525826 + (-0.014773597 * #1)),0.001759134773608,g = (((#8 + 0.9166194) * #3) + 4.6279664) / neg(sqrt(sqrt(#4) + #2)); d = square(1.3525826 + (-0.014773597 * #1)),<pysr.expression_specs.CallableJuliaExpression object at 0x7222a099c200>,25
28,3.7117043,g = (#2 * 0.1272229) - ((((#8 - (#1 * -0.013145313)) + 0.40923393) * (#3 * ((inv(#8) * -0.01339366) + 0.12075073))) + 3.9891372); d = square((#1 * -0.013145313) + 1.7953228),0.0001944954434192,g = (#2 * 0.1272229) - ((((#8 - (#1 * -0.013145313)) + 0.40923393) * (#3 * ((inv(#8) * -0.01339366) + 0.12075073))) + 3.9891372); d = square((#1 * -0.013145313) + 1.7953228),<pysr.expression_specs.CallableJuliaExpression object at 0x7222a099fdd0>,45
23,3.7117426,g = -2.9471483 - (((#7 * 0.00072660414) - 0.65099674) * sqrt(inv(32.677334 - #3) + (#8 + #2))); d = square((#1 * 0.015374466) + -1.1583338),0.0002122541459547,g = -2.9471483 - (((#7 * 0.00072660414) - 0.65099674) * sqrt(inv(32.677334 - #3) + (#8 + #2))); d = square((#1 * 0.015374466) + -1.1583338),<pysr.expression_specs.CallableJuliaExpression object at 0x7222a08e8320>,72
28,3.7117448,g = (#7 * -0.001654895) - ((#8 * (#3 * 0.116664365)) + (((#2 + (#3 / #8)) * -0.11109681) + 0.6738662)); d = #1 * (((#1 * -0.008382933) - -1.9010727) * -0.022935933),0.0005194589695614,g = (#7 * -0.001654895) - ((#8 * (#3 * 0.116664365)) + (((#2 + (#3 / #8)) * -0.11109681) + 0.6738662)); d = #1 * (((#1 * -0.008382933) - -1.9010727) * -0.022935933),<pysr.expression_specs.CallableJuliaExpression object at 0x7222a0958aa0>,8
27,3.711784,g = (((#7 * -0.0011261078) - -1.0307305) * (sqrt(#2 + (#8 + 0.5506709)) / 1.5575302)) + (#1 * -0.0026770802); d = -0.8536821 - (#1 / (17.066326 - (#1 * -0.023426635))),0.0001498784982557,g = (((#7 * -0.0011261078) - -1.0307305) * (sqrt(#2 + (#8 + 0.5506709)) / 1.5575302)) + (#1 * -0.0026770802); d = -0.8536821 - (#1 / (17.066326 - (#1 * -0.023426635))),<pysr.expression_specs.CallableJuliaExpression object at 0x7222a099d9a0>,36
26,3.7117963,g = sqrt(#2 / 2.8005688) - (((sqrt(((#8 + sqrt(0.009788711)) * #1) - #8) * 0.029502511) * #3) + 2.2923148); d = square(-1.0346203 - (#1 * -0.01621537)),1.616467754489658e-07,g = sqrt(#2 / 2.8005688) - (((sqrt(((#8 + sqrt(0.009788711)) * #1) - #8) * 0.029502511) * #3) + 2.2923148); d = square(-1.0346203 - (#1 * -0.01621537)),<pysr.expression_specs.CallableJuliaExpression object at 0x7222a09d04d0>,47
24,3.7117975,g = sqrt(#2 / 2.8005688) - ((sqrt((#8 + sqrt(0.009788711)) * #1) * (0.029502511 * #3)) + 2.2923148); d = square(-1.0346203 - (#1 * -0.01621537)),0.0003944210974808,g = sqrt(#2 / 2.8005688) - ((sqrt((#8 + sqrt(0.009788711)) * #1) * (0.029502511 * #3)) + 2.2923148); d = square(-1.0346203 - (#1 * -0.01621537)),<pysr.expression_specs.CallableJuliaExpression object at 0x7222a09d0740>,47
30,3.7118313,g = 0.13880812 * ((#2 - sqrt(#1 + sqrt(#6))) - (sqrt(sqrt(#1 + square((#1 * -0.015046597) + #8)) * #8) * #3)); d = square((#1 * -0.015046597) + 1.468264),0.0001414724538113,g = 0.13880812 * ((#2 - sqrt(#1 + sqrt(#6))) - (sqrt(sqrt(#1 + square((#1 * -0.015046597) + #8)) * #8) * #3)); d = square((#1 * -0.015046597) + 1.468264),<pysr.expression_specs.CallableJuliaExpression object at 0x7222a1f8fce0>,5
25,3.711834,g = -1.8426856 + ((inv(#4 * 0.6692259) + sqrt(#8 + #2)) * ((#7 * -0.00071970106) + 0.6692259)); d = square((#1 * -0.01513801) + 1.2470206) - 1.5171182,5.404044461090646e-05,g = -1.8426856 + ((inv(#4 * 0.6692259) + sqrt(#8 + #2)) * ((#7 * -0.00071970106) + 0.6692259)); d = square((#1 * -0.01513801) + 1.2470206) - 1.5171182,<pysr.expression_specs.CallableJuliaExpression object at 0x7222a09d0ec0>,56
25,3.7119558,g = inv((-26495.041 / sqrt(#1 * #2)) / (#7 + square(#8))) - ((#2 / -7.4274287) + square(-1.577735)); d = square(1.3143169 - (0.014929601 * #1)),2.4649774191126125e-05,g = inv((-26495.041 / sqrt(#1 * #2)) / (#7 + square(#8))) - ((#2 / -7.4274287) + square(-1.577735)); d = square(1.3143169 - (0.014929601 * #1)),<pysr.expression_specs.CallableJuliaExpression object at 0x7222a09d0920>,49
24,3.7119558,g = (((#3 * (#8 - -1.0346814)) + 3.813954) / sqrt(#2 + sqrt(#4))) * -0.94047207; d = inv(21.603615 / square((#1 / 13.780339) + -5.528641)),0.0007314491127908,g = (((#3 * (#8 - -1.0346814)) + 3.813954) / sqrt(#2 + sqrt(#4))) * -0.94047207; d = inv(21.603615 / square((#1 / 13.780339) + -5.528641)),<pysr.expression_specs.CallableJuliaExpression object at 0x7222a09d0050>,46
23,3.7119718,g = -3.4260178 - (((#3 * ((-1.642823 / #2) + (#8 + (#1 * 0.013085579)))) - #2) * 0.124166645); d = square(1.6052874 + (#1 * -0.014223586)),0.0006191659018259,g = -3.4260178 - (((#3 * ((-1.642823 / #2) + (#8 + (#1 * 0.013085579)))) - #2) * 0.124166645); d = square(1.6052874 + (#1 * -0.014223586)),<pysr.expression_specs.CallableJuliaExpression object at 0x7222a08e82c0>,73
24,3.7120473,g = inv((-26495.041 / sqrt(#1 * #2)) / (#7 + square(#8))) - ((#2 / -7.4274287) + 2.4738274); d = square(1.3143169 - (0.014929601 * #1)),0.0007907332426647,g = inv((-26495.041 / sqrt(#1 * #2)) / (#7 + square(#8))) - ((#2 / -7.4274287) + 2.4738274); d = square(1.3143169 - (0.014929601 * #1)),<pysr.expression_specs.CallableJuliaExpression object at 0x7222a09d04d0>,49
27,3.712121,g = (sqrt(#8) * (#3 * -0.6908967)) + (sqrt((#8 * -0.55445254) + #2) + -4.3051157); d = (#1 / (#1 + -68.66184)) + square((#1 / -71.61494) + 1.438354),0.0004585301202205,g = (sqrt(#8) * (#3 * -0.6908967)) + (sqrt((#8 * -0.55445254) + #2) + -4.3051157); d = (#1 / (#1 + -68.66184)) + square((#1 / -71.61494) + 1.438354),<pysr.expression_specs.CallableJuliaExpression object at 0x7222a09586b0>,20
25,3.712175,g = ((((#7 * -0.014983415) + (#3 / #8)) + (#2 + (#8 * (#3 * -1.0825206)))) * 0.10843946) + -2.5243862; d = square((#1 * -0.014758912) + 1.3804014),0.0003799023757231,g = ((((#7 * -0.014983415) + (#3 / #8)) + (#2 + (#8 * (#3 * -1.0825206)))) * 0.10843946) + -2.5243862; d = square((#1 * -0.014758912) + 1.3804014),<pysr.expression_specs.CallableJuliaExpression object at 0x7222a09d0440>,60
23,3.7122352,g = (((#7 * -0.00071970106) + 0.6692259) * (inv(#4) + sqrt(#2 + #8))) + -1.8426856; d = square((#1 * -0.01513801) + 1.250306) - 1.4942638,0.0003780834360815,g = (((#7 * -0.00071970106) + 0.6692259) * (inv(#4) + sqrt(#2 + #8))) + -1.8426856; d = square((#1 * -0.01513801) + 1.250306) - 1.4942638,<pysr.expression_specs.CallableJuliaExpression object at 0x7222a09d0170>,56
23,3.7122416,g = (((#4 + #7) * -0.0009765267) + 0.94790065) * sqrt(sqrt(#2 * (#8 - -2.0020297))); d = square((#1 * -0.014484667) + 1.395979) - 3.8748822,2.497081149703588e-05,g = (((#4 + #7) * -0.0009765267) + 0.94790065) * sqrt(sqrt(#2 * (#8 - -2.0020297))); d = square((#1 * -0.014484667) + 1.395979) - 3.8748822,<pysr.expression_specs.CallableJuliaExpression object at 0x7222a099e540>,34
27,3.7123258,g = ((#7 / sqrt(1.3726153 / (#8 - neg(sqrt(#2))))) * -0.0011428425) - (4.6006923 / sqrt(#2 + 1.3228726)); d = square((#1 * 0.015199613) - 1.3726153) + -0.013418331,3.394087133861872e-06,g = ((#7 / sqrt(1.3726153 / (#8 - neg(sqrt(#2))))) * -0.0011428425) - (4.6006923 / sqrt(#2 + 1.3228726)); d = square((#1 * 0.015199613) - 1.3726153) + -0.013418331,<pysr.expression_specs.CallableJuliaExpression object at 0x7222a09583e0>,9
25,3.712351,g = ((#7 / sqrt(1.3726153 / (#8 - neg(sqrt(#2))))) * -0.0011428425) - (4.6006923 / sqrt(#2 + 1.3228726)); d = square((#1 * 0.015199613) - 1.3726153),0.0017168972846149,g = ((#7 / sqrt(1.3726153 / (#8 - neg(sqrt(#2))))) * -0.0011428425) - (4.6006923 / sqrt(#2 + 1.3228726)); d = square((#1 * 0.015199613) - 1.3726153),<pysr.expression_specs.CallableJuliaExpression object at 0x7222a09586b0>,9
25,3.7124188,g = -0.120636374 * ((((((#1 - #5) - #5) * 0.012449789) + #8) * (#3 + 0.8181612)) - #2); d = square(#1 * 0.01475614) + (#1 / -22.092232),5.284824428565412e-05,g = -0.120636374 * ((((((#1 - #5) - #5) * 0.012449789) + #8) * (#3 + 0.8181612)) - #2); d = square(#1 * 0.01475614) + (#1 / -22.092232),<pysr.expression_specs.CallableJuliaExpression object at 0x7222a09d0710>,54
21,3.712427,g = sqrt(sqrt(#2 * (#8 - -2.0020297))) * ((#7 * -0.0009765267) + 0.94790065); d = square((#1 * -0.014484667) + 1.395979) - 3.8748822,0.0006816396246287,g = sqrt(sqrt(#2 * (#8 - -2.0020297))) * ((#7 * -0.0009765267) + 0.94790065); d = square((#1 * -0.014484667) + 1.395979) - 3.8748822,<pysr.expression_specs.CallableJuliaExpression object at 0x7222a099c830>,34
24,3.7125528,g = (((#3 + 0.6878001) * ((#8 + (#1 * 0.012936139)) - inv(#2))) - #2) * -0.1189514; d = square((#1 * 0.015937028) + -1.2042639) - 1.4903809,0.0004668204085585,g = (((#3 + 0.6878001) * ((#8 + (#1 * 0.012936139)) - inv(#2))) - #2) * -0.1189514; d = square((#1 * 0.015937028) + -1.2042639) - 1.4903809,<pysr.expression_specs.CallableJuliaExpression object at 0x7222a099cbf0>,30
19,3.712597,g = (#7 * (sqrt(#8 + #2) * -0.00073984294)) + (sqrt(#2) + -5.138966); d = square((#1 * -0.014023325) - -1.6595432),0.0021521312624775,g = (#7 * (sqrt(#8 + #2) * -0.00073984294)) + (sqrt(#2) + -5.138966); d = square((#1 * -0.014023325) - -1.6595432),<pysr.expression_specs.CallableJuliaExpression object at 0x7222a09d0050>,55
24,3.7126074,g = (#3 * (-0.26795465 + ((#2 + #1) * (-0.001015728 * sqrt(#8))))) - (2.184338 - (0.108476326 * #2)); d = square((#1 * 0.015601414) + -1.2558366),0.0002079776574249,g = (#3 * (-0.26795465 + ((#2 + #1) * (-0.001015728 * sqrt(#8))))) - (2.184338 - (0.108476326 * #2)); d = square((#1 * 0.015601414) + -1.2558366),<pysr.expression_specs.CallableJuliaExpression object at 0x7222a09584a0>,12
24,3.712615,g = (((#3 + 0.8181612) * (#8 + ((#1 * 0.012449789) - inv(#2)))) - #2) * -0.120636374; d = square(#1 * -0.014069956) + (#1 / -22.092232),4.500769393957878e-05,g = (((#3 + 0.8181612) * (#8 + ((#1 * 0.012449789) - inv(#2)))) - #2) * -0.120636374; d = square(#1 * -0.014069956) + (#1 / -22.092232),<pysr.expression_specs.CallableJuliaExpression object at 0x7222a09d04d0>,54
27,3.7126503,g = (((#8 + (0.9779879 - (#1 * -0.01012369))) * (#3 + 0.6604561)) - #2) * -0.12461349; d = ((#1 * -0.014360371) + square((#1 * -0.014360371) + 1.1291922)) + -1.4722629,0.0004722464551234,g = (((#8 + (0.9779879 - (#1 * -0.01012369))) * (#3 + 0.6604561)) - #2) * -0.12461349; d = ((#1 * -0.014360371) + square((#1 * -0.014360371) + 1.1291922)) + -1.4722629,<pysr.expression_specs.CallableJuliaExpression object at 0x7222a099c620>,24
28,3.7126741,g = ((((#1 * -0.0055910083) + (sqrt(#8) * (1.4249368 - #3))) * 0.85506713) - ((#3 * -0.032133363) * #2)) - -0.5256147; d = (#1 + (square(#1) * -0.004064788)) * -0.04653993,0.0001669008026384,g = ((((#1 * -0.0055910083) + (sqrt(#8) * (1.4249368 - #3))) * 0.85506713) - ((#3 * -0.032133363) * #2)) - -0.5256147; d = (#1 + (square(#1) * -0.004064788)) * -0.04653993,<pysr.expression_specs.CallableJuliaExpression object at 0x7222a095bb90>,23
22,3.7126842,g = ((((#8 - (#1 * -0.011942045)) + 0.7911117) * (#3 + 0.7517867)) - #2) * -0.1176302; d = ((#1 * 0.0002052118) + -0.045486126) * #1,5.80812865831756e-05,g = ((((#8 - (#1 * -0.011942045)) + 0.7911117) * (#3 + 0.7517867)) - #2) * -0.1176302; d = ((#1 * 0.0002052118) + -0.045486126) * #1,<pysr.expression_specs.CallableJuliaExpression object at 0x7222a099c590>,28
23,3.7127821,g = -0.120636374 * ((((0.012449789 * (#1 - #5)) + #8) * (#3 + 0.8181612)) - #2); d = (#1 / -22.092232) + square(#1 * -0.014626821),8.138786417189282e-05,g = -0.120636374 * ((((0.012449789 * (#1 - #5)) + #8) * (#3 + 0.8181612)) - #2); d = (#1 / -22.092232) + square(#1 * -0.014626821),<pysr.expression_specs.CallableJuliaExpression object at 0x7222a09d0e60>,54
19,3.712858,g = sqrt(#2) + (-4.3750863 - ((#7 * 0.00074040424) * sqrt(#2 + #8))); d = square((#1 * -0.014779594) + 1.4418249),0.0012062937878665,g = sqrt(#2) + (-4.3750863 - ((#7 * 0.00074040424) * sqrt(#2 + #8))); d = square((#1 * -0.014779594) + 1.4418249),<pysr.expression_specs.CallableJuliaExpression object at 0x7222a0959160>,11
23,3.7128906,g = (0.123074174 * (#2 - ((#3 - -0.5806852) * (0.48701698 + (#8 - (-0.0111261215 * #1)))))) - 2.4380877; d = square(-1.4957968 - (#1 * -0.014534545)),8.314931992848044e-05,g = (0.123074174 * (#2 - ((#3 - -0.5806852) * (0.48701698 + (#8 - (-0.0111261215 * #1)))))) - 2.4380877; d = square(-1.4957968 - (#1 * -0.014534545)),<pysr.expression_specs.CallableJuliaExpression object at 0x7222a099d610>,31
25,3.7128968,g = (#1 * -0.00266896) + ((sqrt(#2 + #8) * ((#7 * -0.0011334418) - -1.0307316)) / 1.5575383); d = -0.79994917 - (#1 / (17.135601 - (#1 * -0.023487553))),0.0016259244199686,g = (#1 * -0.00266896) + ((sqrt(#2 + #8) * ((#7 * -0.0011334418) - -1.0307316)) / 1.5575383); d = -0.79994917 - (#1 / (17.135601 - (#1 * -0.023487553))),<pysr.expression_specs.CallableJuliaExpression object at 0x7222a099e0f0>,36
29,3.7129123,g = ((((((#3 / #2) / 0.07358449) - #1) * -0.012698345) + 0.49198508) + #8) * ((#3 * -0.11880232) - (-0.7726759 / (-1.628096 - #8))); d = square((#1 * 0.015032532) + -1.3832403),0.0006584844087786,g = ((((((#3 / #2) / 0.07358449) - #1) * -0.012698345) + 0.49198508) + #8) * ((#3 * -0.11880232) - (-0.7726759 / (-1.628096 - #8))); d = square((#1 * 0.015032532) + -1.3832403),<pysr.expression_specs.CallableJuliaExpression object at 0x7222a099d340>,29
22,3.7129204,g = ((((#8 - (inv(#2) + (#1 * -0.012953478))) * #3) - #2) * -0.12144773) + -4.5250807; d = square((#1 * -0.01273062) + 1.9238616),0.0003140969109575,g = ((((#8 - (inv(#2) + (#1 * -0.012953478))) * #3) - #2) * -0.12144773) + -4.5250807; d = square((#1 * -0.01273062) + 1.9238616),<pysr.expression_specs.CallableJuliaExpression object at 0x7222a09d1190>,63
27,3.71294,g = (((#3 * -0.6683031) + 3.003311) + (#1 * -0.0035154354)) * sqrt(#8 + square(square(#8 / -16.14967))); d = (((#1 * 0.00019549507) + -0.04501512) * #1) + -1.8674451,0.0002715807585366,g = (((#3 * -0.6683031) + 3.003311) + (#1 * -0.0035154354)) * sqrt(#8 + square(square(#8 / -16.14967))); d = (((#1 * 0.00019549507) + -0.04501512) * #1) + -1.8674451,<pysr.expression_specs.CallableJuliaExpression object at 0x7222a09586e0>,7
28,3.7130356,g = (#3 / (10.2776165 / (((#8 * -1.219322) - (-0.63964 / #8)) + (#1 * -0.016140968)))) + (#2 / 10.2776165); d = (#1 * ((#1 * 0.00021788092) + -0.04093115)) + -0.57721835,0.0004067387778436,g = (#3 / (10.2776165 / (((#8 * -1.219322) - (-0.63964 / #8)) + (#1 * -0.016140968)))) + (#2 / 10.2776165); d = (#1 * ((#1 * 0.00021788092) + -0.04093115)) + -0.57721835,<pysr.expression_specs.CallableJuliaExpression object at 0x7222a09d28a0>,61
20,3.7131155,g = (((#8 - (#1 * -0.01333605)) * (#3 + 0.7517867)) - #2) * -0.1176302; d = ((#1 * 0.0002052118) + -0.045486126) * #1,0.0019201262933983,g = (((#8 - (#1 * -0.01333605)) * (#3 + 0.7517867)) - #2) * -0.1176302; d = ((#1 * 0.0002052118) + -0.045486126) * #1,<pysr.expression_specs.CallableJuliaExpression object at 0x7222a099c9b0>,28
26,3.7131484,g = (#2 * 0.12723257) - ((((#8 - (#1 * -0.0133930035)) * #3) * ((inv(#8) * -0.0133930035) + 0.12073305)) + 3.9891367); d = square((#1 * -0.0133930035) + 1.7858152),0.0004132384651451,g = (#2 * 0.12723257) - ((((#8 - (#1 * -0.0133930035)) * #3) * ((inv(#8) * -0.0133930035) + 0.12073305)) + 3.9891367); d = square((#1 * -0.0133930035) + 1.7858152),<pysr.expression_specs.CallableJuliaExpression object at 0x7222a099fc20>,45
27,3.7132525,g = (((0.14719303 / #4) + 0.107211016) * #2) + (((#8 * ((#3 + 0.90470636) * -0.11604749)) + -2.6906683) - (#7 * 0.001562956)); d = square((#1 * -0.014602053) + 1.4589412),0.0001264848796715,g = (((0.14719303 / #4) + 0.107211016) * #2) + (((#8 * ((#3 + 0.90470636) * -0.11604749)) + -2.6906683) - (#7 * 0.001562956)); d = square((#1 * -0.014602053) + 1.4589412),<pysr.expression_specs.CallableJuliaExpression object at 0x7222a1f8f740>,4
23,3.7132618,g = sqrt(#2 / 2.8005688) - (2.2923148 + ((#8 * #3) * (sqrt(#1 / #8) * 0.029502511))); d = square(-1.0346203 - (-0.01621537 * #1)),0.0021210842477234,g = sqrt(#2 / 2.8005688) - (2.2923148 + ((#8 * #3) * (sqrt(#1 / #8) * 0.029502511))); d = square(-1.0346203 - (-0.01621537 * #1)),<pysr.expression_specs.CallableJuliaExpression object at 0x7222a09d0920>,47
27,3.7132938,g = ((((#1 * -0.0055320878) + ((1.4248412 - #3) * sqrt(#8))) - ((#2 * -0.03797198) * #3)) * 0.85434705) - -0.5755335; d = #1 * ((#1 * 0.00020133259) + -0.04456594),0.0018142343730016,g = ((((#1 * -0.0055320878) + ((1.4248412 - #3) * sqrt(#8))) - ((#2 * -0.03797198) * #3)) * 0.85434705) - -0.5755335; d = #1 * ((#1 * 0.00020133259) + -0.04456594),<pysr.expression_specs.CallableJuliaExpression object at 0x7222a095bfe0>,23
21,3.7133186,g = -2.9471483 - ((inv(#4) + sqrt(#8 + #2)) * ((#7 * 0.00072660414) - 0.6224545)); d = square(-1.1639256 + (#1 * 0.015374466)),0.000294464093368,g = -2.9471483 - ((inv(#4) + sqrt(#8 + #2)) * ((#7 * 0.00072660414) - 0.6224545)); d = square(-1.1639256 + (#1 * 0.015374466)),<pysr.expression_specs.CallableJuliaExpression object at 0x7222a08e83e0>,72
30,3.7133713,g = (((#8 / #1) + 0.012950307) * (#7 * -0.11965485)) - (((sqrt(#6) * 0.00023387001) + -0.10036606) * ((#1 * -0.015292809) + #2)); d = square((#1 * -0.015292809) + 1.3356051) + -1.6244608,0.0002056948728871,g = (((#8 / #1) + 0.012950307) * (#7 * -0.11965485)) - (((sqrt(#6) * 0.00023387001) + -0.10036606) * ((#1 * -0.015292809) + #2)); d = square((#1 * -0.015292809) + 1.3356051) + -1.6244608,<pysr.expression_specs.CallableJuliaExpression object at 0x7222a09d32f0>,65
21,3.7133865,g = (((#3 + 0.79770803) * (#8 + (#1 * 0.012449789))) - #2) * -0.120636374; d = square(#1 * -0.01445063) + (#1 / -22.092232),0.0018666321611144,g = (((#3 + 0.79770803) * (#8 + (#1 * 0.012449789))) - #2) * -0.120636374; d = square(#1 * -0.01445063) + (#1 / -22.092232),<pysr.expression_specs.CallableJuliaExpression object at 0x7222a09d13a0>,54
27,3.713407,g = ((#2 - sqrt(sqrt(#6) + #1)) - (sqrt((0.080276765 + #8) * sqrt(#1 - #5)) * #3)) * 0.13880812; d = square((#1 * -0.015046597) + 1.4735243),7.717681921322748e-05,g = ((#2 - sqrt(sqrt(#6) + #1)) - (sqrt((0.080276765 + #8) * sqrt(#1 - #5)) * #3)) * 0.13880812; d = square((#1 * -0.015046597) + 1.4735243),<pysr.expression_specs.CallableJuliaExpression object at 0x7222a1f8fbf0>,5
21,3.7135081,g = ((#2 - ((#3 - -0.59769577) * (#8 - (#1 * -0.011904714)))) * 0.123074174) - 2.4380877; d = square(-1.4957968 - (#1 * -0.014534545)),0.000632330533418,g = ((#2 - ((#3 - -0.59769577) * (#8 - (#1 * -0.011904714)))) * 0.123074174) - 2.4380877; d = square(-1.4957968 - (#1 * -0.014534545)),<pysr.expression_specs.CallableJuliaExpression object at 0x7222a099ce90>,31
26,3.7135155,g = (((#3 - 1.6180654) * (-0.030260438 * sqrt(#8 / (#1 + (inv(#8) * square(#5)))))) - 0.005465581) * #1; d = square(1.1000942 + (#1 / -61.97478)),0.0001454041976715,g = (((#3 - 1.6180654) * (-0.030260438 * sqrt(#8 / (#1 + (inv(#8) * square(#5)))))) - 0.005465581) * #1; d = square(1.1000942 + (#1 / -61.97478)),<pysr.expression_specs.CallableJuliaExpression object at 0x7222a099d610>,37
28,3.7135365,g = (#7 * -0.0015452745) + (((#2 * 0.12668136) + ((#8 * 0.11799938) * (-0.9307943 - #3))) - ((#1 * 0.00021474564) + 0.46637043)); d = #1 * ((#1 * 0.00021474564) + -0.04332878),4.006881820057038e-05,g = (#7 * -0.0015452745) + (((#2 * 0.12668136) + ((#8 * 0.11799938) * (-0.9307943 - #3))) - ((#1 * 0.00021474564) + 0.46637043)); d = #1 * ((#1 * 0.00021474564) + -0.04332878),<pysr.expression_specs.CallableJuliaExpression object at 0x7222a0959010>,10
22,3.713639,g = -1.8426856 + (((#7 * -0.00071970106) + 0.6692259) * sqrt((0.6227568 + #2) + #8)); d = square((#1 * -0.01513801) + 1.250306) - 1.4886643,0.0001479058012784,g = -1.8426856 + (((#7 * -0.00071970106) + 0.6692259) * sqrt((0.6227568 + #2) + #8)); d = square((#1 * -0.01513801) + 1.250306) - 1.4886643,<pysr.expression_specs.CallableJuliaExpression object at 0x7222a09d1dc0>,56
27,3.7136734,g = (#7 * -0.0016306854) - ((#2 * -0.13949603) + (((#8 * square(-0.33688053)) * (#3 + 1.2958852)) + 0.5820083)); d = (((#1 * -0.008359049) - -1.8811119) * #1) * -0.024522135,2.5042558550613103e-06,g = (#7 * -0.0016306854) - ((#2 * -0.13949603) + (((#8 * square(-0.33688053)) * (#3 + 1.2958852)) + 0.5820083)); d = (((#1 * -0.008359049) - -1.8811119) * #1) * -0.024522135,<pysr.expression_specs.CallableJuliaExpression object at 0x7222a0958410>,8
26,3.7136827,g = (#7 * -0.001630566) - ((#2 * -0.13949603) + (((#3 + 1.2876443) * (#8 * 0.11267616)) + 0.5820083)); d = (#1 * ((#1 * -0.008359044) - -1.8811119)) * -0.024522133,3.271674300311836e-06,g = (#7 * -0.001630566) - ((#2 * -0.13949603) + (((#3 + 1.2876443) * (#8 * 0.11267616)) + 0.5820083)); d = (#1 * ((#1 * -0.008359044) - -1.8811119)) * -0.024522133,<pysr.expression_specs.CallableJuliaExpression object at 0x7222a09581d0>,8
27,3.7136853,g = ((#2 * 0.12668136) + (((-1.0735044 - #3) * (0.11818511 * #8)) - 0.5356215)) + ((#7 - square(#5)) * -0.0015452745); d = #1 * ((#1 * 0.00021474564) + -0.042901818),1.80950690699786e-05,g = ((#2 * 0.12668136) + (((-1.0735044 - #3) * (0.11818511 * #8)) - 0.5356215)) + ((#7 - square(#5)) * -0.0015452745); d = #1 * ((#1 * 0.00021474564) + -0.042901818),<pysr.expression_specs.CallableJuliaExpression object at 0x7222a0959130>,10
26,3.7136936,g = ((#2 - sqrt(sqrt(#6) + #1)) - (sqrt(#8 * sqrt(#1 - #5)) * #3)) * 0.13880812; d = square((#1 * -0.015046597) + inv(0.6779259)),3.338988251096712e-06,g = ((#2 - sqrt(sqrt(#6) + #1)) - (sqrt(#8 * sqrt(#1 - #5)) * #3)) * 0.13880812; d = square((#1 * -0.015046597) + inv(0.6779259)),<pysr.expression_specs.CallableJuliaExpression object at 0x7222a1f8fa70>,5
25,3.713706,g = ((#2 - sqrt(sqrt(#6) + #1)) - (sqrt(#8 * sqrt(#1 - #5)) * #3)) * 0.13880812; d = square((#1 * -0.015046597) + 1.4735243),5.10245913392594e-05,g = ((#2 - sqrt(sqrt(#6) + #1)) - (sqrt(#8 * sqrt(#1 - #5)) * #3)) * 0.13880812; d = square((#1 * -0.015046597) + 1.4735243),<pysr.expression_specs.CallableJuliaExpression object at 0x7222a1f8fb60>,5
24,3.713707,g = (#7 * -0.0016307184) - (((#8 * 0.112606645) * (#3 + 1.288963)) + ((#2 * -0.13949603) + 0.57172847)); d = ((#1 * 0.00020498178) - 0.046128884) * #1,0.0004198964987361,g = (#7 * -0.0016307184) - (((#8 * 0.112606645) * (#3 + 1.288963)) + ((#2 * -0.13949603) + 0.57172847)); d = ((#1 * 0.00020498178) - 0.046128884) * #1,<pysr.expression_specs.CallableJuliaExpression object at 0x7222a0958620>,8
26,3.7137222,g = (((#2 + inv(#4)) * 0.1280979) + (-2.7238622 + (-0.11604749 * ((#8 * #3) + #8)))) - (#7 * 0.001562956); d = square((#1 * -0.014602053) + 1.4735433),1.2835255931254882e-06,g = (((#2 + inv(#4)) * 0.1280979) + (-2.7238622 + (-0.11604749 * ((#8 * #3) + #8)))) - (#7 * 0.001562956); d = square((#1 * -0.014602053) + 1.4735433),<pysr.expression_specs.CallableJuliaExpression object at 0x7222a1f8f530>,4
23,3.7137365,g = (#2 * 0.1280979) + ((((#3 + 0.984602) * (#8 * -0.117203705)) - (#7 * 0.001562956)) + -2.771895); d = square((#1 * -0.014602053) + 1.4983746),0.0003013306744632,g = (#2 * 0.1280979) + ((((#3 + 0.984602) * (#8 * -0.117203705)) - (#7 * 0.001562956)) + -2.771895); d = square((#1 * -0.014602053) + 1.4983746),<pysr.expression_specs.CallableJuliaExpression object at 0x7222a1f8f6b0>,4
26,3.7137525,g = (((#7 * -0.0015452745) + ((#2 * 0.12668136) + ((#8 * 0.11799938) * (-0.9307943 - #3)))) - 0.5356215) + -0.014124919; d = #1 * ((#1 * 0.00021474564) + -0.04332878),2.2483946428933053e-06,g = (((#7 * -0.0015452745) + ((#2 * 0.12668136) + ((#8 * 0.11799938) * (-0.9307943 - #3)))) - 0.5356215) + -0.014124919; d = #1 * ((#1 * 0.00021474564) + -0.04332878),<pysr.expression_specs.CallableJuliaExpression object at 0x7222a0958080>,10
24,3.7137692,g = (#7 * -0.0015452745) + (((#2 * 0.12668136) + ((#8 * 0.11799938) * (-0.9307943 - #3))) - 0.5356215); d = #1 * ((#1 * 0.00021474564) + -0.04332878),0.0003788155443666,g = (#7 * -0.0015452745) + (((#2 * 0.12668136) + ((#8 * 0.11799938) * (-0.9307943 - #3))) - 0.5356215); d = #1 * ((#1 * 0.00021474564) + -0.04332878),<pysr.expression_specs.CallableJuliaExpression object at 0x7222a09585f0>,10
19,3.7137728,g = ((#3 * -0.03056125) * sqrt(#8 * #1)) - (4.577259 - sqrt(#2)); d = square((#1 * -0.014590811) + 1.4995815),0.0010680541722313,g = ((#3 * -0.03056125) * sqrt(#8 * #1)) - (4.577259 - sqrt(#2)); d = square((#1 * -0.014590811) + 1.4995815),<pysr.expression_specs.CallableJuliaExpression object at 0x7222a1fb4a40>,1
21,3.7138348,g = ((inv(#4) + sqrt(#2)) * (1.2637464 - ((#7 + #1) * 0.000885081))) + -5.2281227; d = square((#1 * -0.0136410035) + 1.7613786),0.000115803507721,g = ((inv(#4) + sqrt(#2)) * (1.2637464 - ((#7 + #1) * 0.000885081))) + -5.2281227; d = square((#1 * -0.0136410035) + 1.7613786),<pysr.expression_specs.CallableJuliaExpression object at 0x7222a1f8f170>,6
23,3.7138705,g = (((#8 - #2) + ((#8 - ((#1 - #5) * -0.0131213525)) * #3)) * -0.1169675) + -2.3622797; d = square(-1.3776877 - (#1 * -0.015129783)),9.346517455998076e-05,g = (((#8 - #2) + ((#8 - ((#1 - #5) * -0.0131213525)) * #3)) * -0.1169675) + -2.3622797; d = square(-1.3776877 - (#1 * -0.015129783)),<pysr.expression_specs.CallableJuliaExpression object at 0x7222a095ad20>,19
19,3.7139273,g = ((#3 * (#8 + 1.0650015)) + 11.007723) / neg(sqrt(#2 + 4.892629)); d = square((#1 * -0.01327304) + 1.8364457),0.0043954470846921,g = ((#3 * (#8 + 1.0650015)) + 11.007723) / neg(sqrt(#2 + 4.892629)); d = square((#1 * -0.01327304) + 1.8364457),<pysr.expression_specs.CallableJuliaExpression object at 0x7222a09d0080>,59
28,3.7139366,g = (((#7 * -0.0010094291) - (inv(sqrt(#2)) - inv(1.6012193))) * sqrt(#8 + (-0.26604512 + sqrt(#2)))) - 0.07718383; d = square(1.067898 + (-0.016129788 * #1)) - 1.278281,0.0001125965522682,g = (((#7 * -0.0010094291) - (inv(sqrt(#2)) - inv(1.6012193))) * sqrt(#8 + (-0.26604512 + sqrt(#2)))) - 0.07718383; d = square(1.067898 + (-0.016129788 * #1)) - 1.278281,<pysr.expression_specs.CallableJuliaExpression object at 0x7222a09d3170>,64
26,3.7139485,g = sqrt(square(#8 / #2) + #8) * (((#3 * -0.6683776) + 3.0033054) + (#1 * -0.0035753055)); d = (((#1 * 0.00021109851) + -0.04445723) * #1) + -1.8446788,0.0001469217770183,g = sqrt(square(#8 / #2) + #8) * (((#3 * -0.6683776) + 3.0033054) + (#1 * -0.0035753055)); d = (((#1 * 0.00021109851) + -0.04445723) * #1) + -1.8446788,<pysr.expression_specs.CallableJuliaExpression object at 0x7222a0958350>,7
18,3.7139826,g = ((#3 * (-1.4188488 - #8)) - 17.93185) / sqrt(#2 + 7.071037); d = square(2.2428439 + (#1 * -0.011744368)),0.0026754079429669,g = ((#3 * (-1.4188488 - #8)) - 17.93185) / sqrt(#2 + 7.071037); d = square(2.2428439 + (#1 * -0.011744368)),<pysr.expression_specs.CallableJuliaExpression object at 0x7222a09d0050>,57
25,3.7140555,g = ((((#3 - 1.6180654) * sqrt(#8 / (#1 + square(-0.5677612 * #5)))) * -0.030260438) - 0.005465581) * #1; d = square((#1 / -61.97478) + 1.1000942),8.63439318419733e-05,g = ((((#3 - 1.6180654) * sqrt(#8 / (#1 + square(-0.5677612 * #5)))) * -0.030260438) - 0.005465581) * #1; d = square((#1 / -61.97478) + 1.1000942),<pysr.expression_specs.CallableJuliaExpression object at 0x7222a099c6b0>,37
21,3.7140632,g = inv((-0.6156167 - sqrt(#2 + 0.91466314)) / ((#3 * (#8 - -0.8571257)) - -5.23272)); d = square((#1 * -0.014782682) + 1.338561),0.0003805836970935,g = inv((-0.6156167 - sqrt(#2 + 0.91466314)) / ((#3 * (#8 - -0.8571257)) - -5.23272)); d = square((#1 * -0.014782682) + 1.338561),<pysr.expression_specs.CallableJuliaExpression object at 0x7222a09588f0>,13
23,3.714085,g = ((#2 - sqrt(sqrt(#6) + #1)) - (sqrt(#8 * sqrt(#1)) * #3)) * 0.13880812; d = square((#1 * -0.015046597) + 1.4750875),0.0005713099606054,g = ((#2 - sqrt(sqrt(#6) + #1)) - (sqrt(#8 * sqrt(#1)) * #3)) * 0.13880812; d = square((#1 * -0.015046597) + 1.4750875),<pysr.expression_specs.CallableJuliaExpression object at 0x7222a1f8ed80>,5
21,3.7140868,g = ((((#8 - (#1 * -0.01273062)) * (#3 - -0.4097129)) - #2) * -0.12144773) + -4.549146; d = square((#1 * -0.012729111) + 2.017757),0.0003607257093454,g = ((((#8 - (#1 * -0.01273062)) * (#3 - -0.4097129)) - #2) * -0.12144773) + -4.549146; d = square((#1 * -0.012729111) + 2.017757),<pysr.expression_specs.CallableJuliaExpression object at 0x7222a09d1a90>,63
27,3.7141027,g = (((#7 * 0.01475973) - (#2 + (((sqrt(#4) * inv(#2)) - #8) * #3))) * -0.11979793) + -1.2740952; d = square(-0.9404533 - (-0.01664186 * #1)) - 0.07481884,2.1162133364801965e-05,g = (((#7 * 0.01475973) - (#2 + (((sqrt(#4) * inv(#2)) - #8) * #3))) * -0.11979793) + -1.2740952; d = square(-0.9404533 - (-0.01664186 * #1)) - 0.07481884,<pysr.expression_specs.CallableJuliaExpression object at 0x7222a09581d0>,17
29,3.7141352,g = (((#8 / #1) + 0.012950307) * (#7 * -0.11965485)) - (((#2 * 0.00023387001) + -0.096928485) * (#2 + (#1 * -0.015292809))); d = square((#1 * -0.015292809) + 1.3356051) + -1.6244608,3.090798950972276e-05,g = (((#8 / #1) + 0.012950307) * (#7 * -0.11965485)) - (((#2 * 0.00023387001) + -0.096928485) * (#2 + (#1 * -0.015292809))); d = square((#1 * -0.015292809) + 1.3356051) + -1.6244608,<pysr.expression_specs.CallableJuliaExpression object at 0x7222a09d3440>,65
22,3.714152,g = (#3 * -0.285244) + (((#7 * -0.001015728) * sqrt(#8)) - (2.1796763 - (#2 * 0.108476326))); d = square((#1 * 0.015601414) + -1.2481531),0.0018505802253087,g = (#3 * -0.285244) + (((#7 * -0.001015728) * sqrt(#8)) - (2.1796763 - (#2 * 0.108476326))); d = square((#1 * 0.015601414) + -1.2481531),<pysr.expression_specs.CallableJuliaExpression object at 0x7222a0958440>,12
25,3.7142599,g = ((((#4 + #7) * 0.0125844255) - (#2 - ((#3 + 0.741836) * #8))) * -0.12028279) + -2.4360893; d = square((-1.3432913 - (#1 * -0.014697676)) / 0.9744884),2.705780714743708e-06,g = ((((#4 + #7) * 0.0125844255) - (#2 - ((#3 + 0.741836) * #8))) * -0.12028279) + -2.4360893; d = square((-1.3432913 - (#1 * -0.014697676)) / 0.9744884),<pysr.expression_specs.CallableJuliaExpression object at 0x7222a0958b00>,17
20,3.7142649,g = (sqrt(#2 + 0.492615) * (1.2649426 - ((#1 + #7) * 0.000885081))) + -5.2281227; d = square((#1 * -0.01363771) + 1.7613776),0.0001417710782529,g = (sqrt(#2 + 0.492615) * (1.2649426 - ((#1 + #7) * 0.000885081))) + -5.2281227; d = square((#1 * -0.01363771) + 1.7613776),<pysr.expression_specs.CallableJuliaExpression object at 0x7222a1f8db20>,6
23,3.71428,g = (((#7 * 0.0125844255) - (#2 - ((#3 + 0.741836) * #8))) * -0.12028279) + -2.4360893; d = square((-1.3432913 - (#1 * -0.014697676)) / 0.9744884),8.520803924825974e-05,g = (((#7 * 0.0125844255) - (#2 - ((#3 + 0.741836) * #8))) * -0.12028279) + -2.4360893; d = square((-1.3432913 - (#1 * -0.014697676)) / 0.9744884),<pysr.expression_specs.CallableJuliaExpression object at 0x7222a095a270>,17
23,3.7142863,g = (((((#1 - #5) * 0.012936139) + #8) * (#3 + 0.6878001)) - #2) * -0.1189514; d = square(-1.2202457 + (#1 * 0.016055161)) - 1.4903809,9.718284724812236e-05,g = (((((#1 - #5) * 0.012936139) + #8) * (#3 + 0.6878001)) - #2) * -0.1189514; d = square(-1.2202457 + (#1 * 0.016055161)) - 1.4903809,<pysr.expression_specs.CallableJuliaExpression object at 0x7222a099cc20>,30
23,3.714288,g = ((((#8 - ((#1 - #5) * -0.012243259)) * (#3 + 0.7298982)) - #2) * -0.122449145) + -1.8669369; d = square(1.3278371 - (0.015879909 * #1)),0.0001250228766032,g = ((((#8 - ((#1 - #5) * -0.012243259)) * (#3 + 0.7298982)) - #2) * -0.122449145) + -1.8669369; d = square(1.3278371 - (0.015879909 * #1)),<pysr.expression_specs.CallableJuliaExpression object at 0x7222a09d0fb0>,50
28,3.7143524,g = ((((((-0.7586054 - #3) * #8) - #3) * 1.0363667) + #2) / sqrt(sqrt(square(#5) + (#4 + square(#8 + #2))))) - 1.7125428; d = #1 * -0.070916034,0.0003700902469978,g = ((((((-0.7586054 - #3) * #8) - #3) * 1.0363667) + #2) / sqrt(sqrt(square(#5) + (#4 + square(#8 + #2))))) - 1.7125428; d = #1 * -0.070916034,<pysr.expression_specs.CallableJuliaExpression object at 0x7222a09d39b0>,68
25,3.7143526,g = (((#2 + ((-0.83136445 - #3) * #8)) * 0.113925494) - 3.2881577) + (((#4 / #8) + #7) * -0.0016099765); d = square((#1 * -0.014176305) + 1.6496961),7.457502399718069e-06,g = (((#2 + ((-0.83136445 - #3) * #8)) * 0.113925494) - 3.2881577) + (((#4 / #8) + #7) * -0.0016099765); d = square((#1 * -0.014176305) + 1.6496961),<pysr.expression_specs.CallableJuliaExpression object at 0x7222a09d3140>,69
27,3.7143548,g = (sqrt((#8 + sqrt(#2)) - 0.07718383) - 0.07718383) * ((#7 * -0.0010094291) - (inv(sqrt(#2)) - 0.59162587)); d = square((#1 * -0.016129788) + 1.067898) - 1.278281,3.324927100992757e-06,g = (sqrt((#8 + sqrt(#2)) - 0.07718383) - 0.07718383) * ((#7 * -0.0010094291) - (inv(sqrt(#2)) - 0.59162587)); d = square((#1 * -0.016129788) + 1.067898) - 1.278281,<pysr.expression_specs.CallableJuliaExpression object at 0x7222a09d3080>,64
27,3.7143648,g = ((#7 + #4) * (((#8 / #1) + 0.013001486) * -0.11965485)) - (((#1 * -0.015292809) + #2) * -0.096928485); d = square((#1 * -0.015292809) + 1.3331667) + -1.6081309,3.1364618414323e-06,g = ((#7 + #4) * (((#8 / #1) + 0.013001486) * -0.11965485)) - (((#1 * -0.015292809) + #2) * -0.096928485); d = square((#1 * -0.015292809) + 1.3331667) + -1.6081309,<pysr.expression_specs.CallableJuliaExpression object at 0x7222a09d0ad0>,65
24,3.7143762,g = ((((#3 - 1.6030221) * -0.030260392) * sqrt(#8 / (#1 + #2))) - 0.00546541) * (#1 - #5); d = square((#1 / -61.97478) + 1.1072469),0.0001098448723209,g = ((((#3 - 1.6030221) * -0.030260392) * sqrt(#8 / (#1 + #2))) - 0.00546541) * (#1 - #5); d = square((#1 / -61.97478) + 1.1072469),<pysr.expression_specs.CallableJuliaExpression object at 0x7222a099eb40>,37
25,3.7143795,g = ((#7 * -0.0010094291) - (sqrt(inv(#2)) - 0.59162587)) * (sqrt(#8 + sqrt(#2)) - 0.07718383); d = square((#1 * -0.016129788) + 1.067898) - 1.3083949,7.509438735188722e-05,g = ((#7 * -0.0010094291) - (sqrt(inv(#2)) - 0.59162587)) * (sqrt(#8 + sqrt(#2)) - 0.07718383); d = square((#1 * -0.016129788) + 1.067898) - 1.3083949,<pysr.expression_specs.CallableJuliaExpression object at 0x7222a09d2fc0>,64
25,3.7143881,g = ((((#8 / #1) + 0.012950307) * #7) * -0.11965485) - ((#2 + (#1 * -0.015292809)) * -0.09080297); d = square((#1 * -0.015292809) + 1.3356051) + -1.6244608,0.0002388921039772,g = ((((#8 / #1) + 0.012950307) * #7) * -0.11965485) - ((#2 + (#1 * -0.015292809)) * -0.09080297); d = square((#1 * -0.015292809) + 1.3356051) + -1.6244608,<pysr.expression_specs.CallableJuliaExpression object at 0x7222a09d2b70>,65
26,3.714404,g = (((#3 + 0.6002998) * (#8 - ((#1 - (sqrt(#1) / #8)) * -0.012795372))) - #2) * -0.12108558; d = square((#1 * -0.016388046) + 1.1672491) + -1.4315156,6.003636938686562e-06,g = (((#3 + 0.6002998) * (#8 - ((#1 - (sqrt(#1) / #8)) * -0.012795372))) - #2) * -0.12108558; d = square((#1 * -0.016388046) + 1.1672491) + -1.4315156,<pysr.expression_specs.CallableJuliaExpression object at 0x7222a099c560>,24
23,3.714408,g = (((#2 + ((-0.83136445 - #3) * #8)) * 0.113925494) - 3.2881577) + ((#7 - #2) * -0.0016099765); d = square((#1 * -0.014176305) + 1.6496961),1.4080107412474042e-05,g = (((#2 + ((-0.83136445 - #3) * #8)) * 0.113925494) - 3.2881577) + ((#7 - #2) * -0.0016099765); d = square((#1 * -0.014176305) + 1.6496961),<pysr.expression_specs.CallableJuliaExpression object at 0x7222a09d3890>,69
20,3.7144122,g = -2.9471483 - (sqrt((#2 + #8) + 0.7183163) * ((#7 * 0.0007082969) - 0.64433247)); d = square((#1 * -0.015377387) + 1.1468043),8.696447500919078e-05,g = -2.9471483 - (sqrt((#2 + #8) + 0.7183163) * ((#7 * 0.0007082969) - 0.64433247)); d = square((#1 * -0.015377387) + 1.1468043),<pysr.expression_specs.CallableJuliaExpression object at 0x7222a09d1070>,72
25,3.7144263,g = (((#3 + 0.6002998) * (#8 - ((#1 - (#3 / #8)) * -0.012795372))) - #2) * -0.12108558; d = square((#1 * -0.016388046) + 1.1672491) + -1.4315156,6.81216268078277e-05,g = (((#3 + 0.6002998) * (#8 - ((#1 - (#3 / #8)) * -0.012795372))) - #2) * -0.12108558; d = square((#1 * -0.016388046) + 1.1672491) + -1.4315156,<pysr.expression_specs.CallableJuliaExpression object at 0x7222a099c2c0>,24
25,3.7144942,g = ((3.0033054 + (#1 * -0.0035753055)) + (#3 * -0.6683776)) * ((#1 * 0.00021109851) + sqrt(#8)); d = (((#1 * 0.00021109851) + -0.045309447) * #1) + -1.8674685,8.772968597752594e-05,g = ((3.0033054 + (#1 * -0.0035753055)) + (#3 * -0.6683776)) * ((#1 * 0.00021109851) + sqrt(#8)); d = (((#1 * 0.00021109851) + -0.045309447) * #1) + -1.8674685,<pysr.expression_specs.CallableJuliaExpression object at 0x7222a0958440>,7
28,3.7144947,g = (((((-0.6891518 * #3) - 0.8410333) + inv(#4)) * sqrt(#8)) - ((-0.0061838264 + (sqrt(#2) - 3.8463383)) * -1.2864128)) + -0.004604128; d = square(-1.682526 - (#1 * -0.014083753)),1.8845089964961779e-07,g = (((((-0.6891518 * #3) - 0.8410333) + inv(#4)) * sqrt(#8)) - ((-0.0061838264 + (sqrt(#2) - 3.8463383)) * -1.2864128)) + -0.004604128; d = square(-1.682526 - (#1 * -0.014083753)),<pysr.expression_specs.CallableJuliaExpression object at 0x7222a09d2b10>,62
26,3.7144961,g = ((((-0.6891518 * #3) - 0.8410333) + inv(#4)) * sqrt(#8)) - ((-0.0061838264 + (sqrt(#2) - 3.8463383)) * -1.2864128); d = square(-1.682526 - (#1 * -0.014083753)),1.4672224325667135e-06,g = ((((-0.6891518 * #3) - 0.8410333) + inv(#4)) * sqrt(#8)) - ((-0.0061838264 + (sqrt(#2) - 3.8463383)) * -1.2864128); d = square(-1.682526 - (#1 * -0.014083753)),<pysr.expression_specs.CallableJuliaExpression object at 0x7222a09d0a10>,62
24,3.714507,g = (sqrt(#8) * (((#3 * -0.6891518) - 0.8410333) + inv(#4))) - ((sqrt(#2) - 3.8463383) * -1.2864128); d = square(-1.682526 - (#1 * -0.014083753)),0.0001378822786335,g = (sqrt(#8) * (((#3 * -0.6891518) - 0.8410333) + inv(#4))) - ((sqrt(#2) - 3.8463383) * -1.2864128); d = square(-1.682526 - (#1 * -0.014083753)),<pysr.expression_specs.CallableJuliaExpression object at 0x7222a09d03e0>,62
21,3.7145126,g = (#7 * -0.0016099765) + (((((-0.80437505 - #3) * #8) + #2) * 0.113925494) - 3.2881577); d = square((#1 * -0.014176305) + 1.6495359),0.0003958709766778,g = (#7 * -0.0016099765) + (((((-0.80437505 - #3) * #8) + #2) * 0.113925494) - 3.2881577); d = square((#1 * -0.014176305) + 1.6495359),<pysr.expression_specs.CallableJuliaExpression object at 0x7222a09d2090>,69
22,3.7145305,g = ((sqrt(#8 / sqrt(#2 / #8)) * (#3 * -0.85069245)) + sqrt(#2)) + -4.083128; d = square((#1 * -0.0149135385) + 1.3606384),0.0003100372641933,g = ((sqrt(#8 / sqrt(#2 / #8)) * (#3 * -0.85069245)) + sqrt(#2)) + -4.083128; d = square((#1 * -0.0149135385) + 1.3606384),<pysr.expression_specs.CallableJuliaExpression object at 0x7222a09d3d70>,71
21,3.7145648,g = (((#8 + (#3 * (#8 - (#1 * -0.0131213525)))) - #2) * -0.1169675) + -2.450546; d = square((#1 * -0.015129783) - -1.402174),0.0005147616158237,g = (((#8 + (#3 * (#8 - (#1 * -0.0131213525)))) - #2) * -0.1169675) + -2.450546; d = square((#1 * -0.015129783) - -1.402174),<pysr.expression_specs.CallableJuliaExpression object at 0x7222a09581a0>,19
22,3.7145965,g = (((#7 * 0.012324447) - (#2 - ((#3 + square(0.8765582)) * #8))) * -0.12028279) + -2.4360893; d = square((-0.014697676 * #1) - -1.3916568),1.8844575288345125e-07,g = (((#7 * 0.012324447) - (#2 - ((#3 + square(0.8765582)) * #8))) * -0.12028279) + -2.4360893; d = square((-0.014697676 * #1) - -1.3916568),<pysr.expression_specs.CallableJuliaExpression object at 0x7222a0959100>,17
21,3.7145972,g = (((#7 * 0.012324447) - (#2 - ((#3 + 0.7733958) * #8))) * -0.12028279) + -2.4360893; d = square((-0.014697676 * #1) - -1.3916568),0.0003821699242441,g = (((#7 * 0.012324447) - (#2 - ((#3 + 0.7733958) * #8))) * -0.12028279) + -2.4360893; d = square((-0.014697676 * #1) - -1.3916568),<pysr.expression_specs.CallableJuliaExpression object at 0x7222a0958a40>,17
22,3.7145996,g = sqrt(#2) - (#3 / sqrt(sqrt((#2 / 0.48206103) / #8) / #8)); d = square((#1 * 0.013465264) + -1.6673707) + -5.151392,7.117606716899375e-05,g = sqrt(#2) - (#3 / sqrt(sqrt((#2 / 0.48206103) / #8) / #8)); d = square((#1 * 0.013465264) + -1.6673707) + -5.151392,<pysr.expression_specs.CallableJuliaExpression object at 0x7222a099ddf0>,43
23,3.714604,g = (sqrt(#2) + -1.7091982) - ((((#8 / #2) + #3) * 0.6898711) * sqrt(#8)); d = square((#1 * -0.014358231) + 1.6046617) - 2.8530219,0.0005569971046451,g = (sqrt(#2) + -1.7091982) - ((((#8 / #2) + #3) * 0.6898711) * sqrt(#8)); d = square((#1 * -0.014358231) + 1.6046617) - 2.8530219,<pysr.expression_specs.CallableJuliaExpression object at 0x7222a099e0f0>,44
18,3.7146523,g = (-10.468209 - ((#8 + 0.96306425) * #3)) / sqrt(#2 - -4.4592695); d = square(-1.8270826 - (#1 * -0.013065002)),0.002668661085383,g = (-10.468209 - ((#8 + 0.96306425) * #3)) / sqrt(#2 - -4.4592695); d = square(-1.8270826 - (#1 * -0.013065002)),<pysr.expression_specs.CallableJuliaExpression object at 0x7222a099d490>,32
23,3.7146719,g = (-0.8933266 / sqrt(#2 + 1.487167)) * ((#3 * (#8 - -0.69717526)) + 3.854617); d = inv(21.603615 / square((#1 / 13.735006) + -5.528641)),0.0003855855540882,g = (-0.8933266 / sqrt(#2 + 1.487167)) * ((#3 * (#8 - -0.69717526)) + 3.854617); d = inv(21.603615 / square((#1 / 13.735006) + -5.528641)),<pysr.expression_specs.CallableJuliaExpression object at 0x7222a09d0080>,46
20,3.7147377,g = (sqrt(#8 + #2) * ((#7 * -0.0007375347) + 0.7156243)) + -1.826999; d = square((#1 * -0.015363526) + 1.2445076) - 1.5591604,0.0001348231047758,g = (sqrt(#8 + #2) * ((#7 * -0.0007375347) + 0.7156243)) + -1.826999; d = square((#1 * -0.015363526) + 1.2445076) - 1.5591604,<pysr.expression_specs.CallableJuliaExpression object at 0x7222a09d1eb0>,56
22,3.7147524,g = ((((#3 + 0.65345156) * (#8 - (#1 * -0.012243259))) - #2) * -0.122449145) + -1.8092792; d = square(neg(-1.3066428) - (0.015879909 * #1)),4.350128022583654e-05,g = ((((#3 + 0.65345156) * (#8 - (#1 * -0.012243259))) - #2) * -0.122449145) + -1.8092792; d = square(neg(-1.3066428) - (0.015879909 * #1)),<pysr.expression_specs.CallableJuliaExpression object at 0x7222a09d09b0>,50
19,3.7148333,g = (#3 * (sqrt(#1 * #8) * -0.029796865)) - (4.129748 - sqrt(#2)); d = square((#1 * 0.01514579) + -1.3443581),0.0008948647707358,g = (#3 * (sqrt(#1 * #8) * -0.029796865)) - (4.129748 - sqrt(#2)); d = square((#1 * 0.01514579) + -1.3443581),<pysr.expression_specs.CallableJuliaExpression object at 0x7222a095a450>,14
21,3.714864,g = sqrt(#2) - ((#3 + 0.67964315) / sqrt((2.3133063 / #8) + -0.026732614)); d = square((#1 * 0.015152987) + -1.36006) + -3.5302534,0.0002396821407566,g = sqrt(#2) - ((#3 + 0.67964315) / sqrt((2.3133063 / #8) + -0.026732614)); d = square((#1 * 0.015152987) + -1.36006) + -3.5302534,<pysr.expression_specs.CallableJuliaExpression object at 0x7222a099e210>,43
21,3.714914,g = ((((#8 - (-0.012243259 * #1)) * (#3 + 0.7298982)) - #2) * -0.122449145) + -1.8669369; d = square((#1 * 0.015879909) - 1.3278371),0.0004716053992108,g = ((((#8 - (-0.012243259 * #1)) * (#3 + 0.7298982)) - #2) * -0.122449145) + -1.8669369; d = square((#1 * 0.015879909) - 1.3278371),<pysr.expression_specs.CallableJuliaExpression object at 0x7222a09d0800>,50
23,3.7149324,g = (((#3 + 0.6002998) * (#8 - ((#1 - #5) * -0.012795372))) - #2) * -0.12108558; d = square((#1 * -0.016388046) + 1.1672491) + -1.4315156,9.269834241868702e-05,g = (((#3 + 0.6002998) * (#8 - ((#1 - #5) * -0.012795372))) - #2) * -0.12108558; d = square((#1 * -0.016388046) + 1.1672491) + -1.4315156,<pysr.expression_specs.CallableJuliaExpression object at 0x7222a099c710>,24
23,3.7149374,g = sqrt(#8 + sqrt(#2)) * ((#7 * -0.0010094291) + (0.59162587 - inv(sqrt(#2)))); d = square((#1 * -0.016129788) + 1.0984) - 1.3478767,0.0007285794503475,g = sqrt(#8 + sqrt(#2)) * ((#7 * -0.0010094291) + (0.59162587 - inv(sqrt(#2)))); d = square((#1 * -0.016129788) + 1.0984) - 1.3478767,<pysr.expression_specs.CallableJuliaExpression object at 0x7222a09d2d20>,64
20,3.7149584,g = sqrt((#8 + #2) / 1.1274983) * ((#7 * -0.00077076425) + 0.791265); d = square((#1 * -0.014517803) + 1.3811114) - 3.852679,0.0004370291683516,g = sqrt((#8 + #2) / 1.1274983) * ((#7 * -0.00077076425) + 0.791265); d = square((#1 * -0.014517803) + 1.3811114) - 3.852679,<pysr.expression_specs.CallableJuliaExpression object at 0x7222a099d190>,34
23,3.7149837,g = inv((-26495.041 / sqrt(#1 * #2)) / (#7 + -8.492408)) - ((#2 / -8.492408) + 2.4738274); d = square(1.3143169 - (0.014929601 * #1)),0.0014337290237645,g = inv((-26495.041 / sqrt(#1 * #2)) / (#7 + -8.492408)) - ((#2 / -8.492408) + 2.4738274); d = square(1.3143169 - (0.014929601 * #1)),<pysr.expression_specs.CallableJuliaExpression object at 0x7222a09d0890>,49
23,3.7149966,g = ((((#3 - -0.6282754) * -0.11656409) * #8) + -2.3805683) + ((#2 + (#7 * -0.014983415)) * 0.10460793); d = square((#1 * -0.014983415) + 1.388126),0.0001591672717734,g = ((((#3 - -0.6282754) * -0.11656409) * #8) + -2.3805683) + ((#2 + (#7 * -0.014983415)) * 0.10460793); d = square((#1 * -0.014983415) + 1.388126),<pysr.expression_specs.CallableJuliaExpression object at 0x7222a09d0d40>,60
21,3.7150083,g = (((#3 + 0.6878001) * (#8 + (#1 * 0.012936139))) - #2) * -0.1189514; d = square((#1 * 0.016055161) + -1.2202457) - 1.4903809,0.0005407157336252,g = (((#3 + 0.6878001) * (#8 + (#1 * 0.012936139))) - #2) * -0.1189514; d = square((#1 * 0.016055161) + -1.2202457) - 1.4903809,<pysr.expression_specs.CallableJuliaExpression object at 0x7222a099cfe0>,30
23,3.7150192,g = ((sqrt(#8) * ((#3 * -0.6891518) - 0.8410333)) - ((sqrt(#2) - 3.8463383) * -1.2864128)) + 0.18624668; d = square(-1.682526 - (#1 * -0.014083753)),1.729436252811719e-05,g = ((sqrt(#8) * ((#3 * -0.6891518) - 0.8410333)) - ((sqrt(#2) - 3.8463383) * -1.2864128)) + 0.18624668; d = square(-1.682526 - (#1 * -0.014083753)),<pysr.expression_specs.CallableJuliaExpression object at 0x7222a09d28d0>,62
18,3.7150583,g = -2.9471483 - (((#7 * 0.00072660414) - 0.6501004) * sqrt(#8 + #2)); d = square((#1 * 0.015374466) + -1.1583338),0.0009589167791959,g = -2.9471483 - (((#7 * 0.00072660414) - 0.6501004) * sqrt(#8 + #2)); d = square((#1 * 0.015374466) + -1.1583338),<pysr.expression_specs.CallableJuliaExpression object at 0x7222a09d0bf0>,72
23,3.715146,g = sqrt(#8) * ((#3 * -0.68733215) + (((#1 + #8) * -0.0036160175) + 3.0137215)); d = (((#1 * 0.00021049342) + -0.044959683) * #1) + -1.7846982,2.574529708479407e-05,g = sqrt(#8) * ((#3 * -0.68733215) + (((#1 + #8) * -0.0036160175) + 3.0137215)); d = (((#1 * 0.00021049342) + -0.044959683) * #1) + -1.7846982,<pysr.expression_specs.CallableJuliaExpression object at 0x7222a0958050>,7
21,3.7151477,g = (((#3 * -0.6891518) - 0.8410333) * sqrt(#8)) + ((3.7747211 - sqrt(#2)) * -1.2864128); d = square((#1 * -0.014083753) + 1.7125521),0.0002265480037214,g = (((#3 * -0.6891518) - 0.8410333) * sqrt(#8)) + ((3.7747211 - sqrt(#2)) * -1.2864128); d = square((#1 * -0.014083753) + 1.7125521),<pysr.expression_specs.CallableJuliaExpression object at 0x7222a09d1130>,62
23,3.7151763,g = (#7 * -0.0015507746) - (((#2 - 4.2415457) - (#8 * (#3 + sqrt(0.77103454)))) * -0.1166153); d = ((0.00024988496 * #1) + -0.040442917) * #1,4.764230929330004e-06,g = (#7 * -0.0015507746) - (((#2 - 4.2415457) - (#8 * (#3 + sqrt(0.77103454)))) * -0.1166153); d = ((0.00024988496 * #1) + -0.040442917) * #1,<pysr.expression_specs.CallableJuliaExpression object at 0x7222a0958860>,10
22,3.7151923,g = ((((#3 - 1.6030221) * -0.030260392) * sqrt(#8 / #1)) - 0.00546541) * (#1 - #5); d = square((#1 / -61.97478) + 1.1072469),0.0001085559462274,g = ((((#3 - 1.6030221) * -0.030260392) * sqrt(#8 / #1)) - 0.00546541) * (#1 - #5); d = square((#1 / -61.97478) + 1.1072469),<pysr.expression_specs.CallableJuliaExpression object at 0x7222a099e840>,37
22,3.715194,g = (#7 * -0.0015507746) - (((#2 - 4.2415457) - (#8 * (#3 + 0.7851607))) * -0.1166153); d = ((#1 * 0.00024988496) + -0.040442917) * #1,0.0003811806462847,g = (#7 * -0.0015507746) - (((#2 - 4.2415457) - (#8 * (#3 + 0.7851607))) * -0.1166153); d = ((#1 * 0.00024988496) + -0.040442917) * #1,<pysr.expression_specs.CallableJuliaExpression object at 0x7222a0958890>,10
28,3.7152066,g = (((((#2 * -0.54414207) / #8) + #3) / (-1.4874132 + 0.009199335)) * sqrt((-0.33626765 / (#3 - #4)) + #8)) + -3.9294105; d = square((#1 * -0.014564038) + 1.5374304),9.6628954909507e-06,g = (((((#2 * -0.54414207) / #8) + #3) / (-1.4874132 + 0.009199335)) * sqrt((-0.33626765 / (#3 - #4)) + #8)) + -3.9294105; d = square((#1 * -0.014564038) + 1.5374304),<pysr.expression_specs.CallableJuliaExpression object at 0x7222a099c260>,26
23,3.7152667,g = (#7 * -0.001549574) - (((#3 - -0.9988288) * (#8 * 0.11476706)) + ((#2 * -0.11281603) + 2.143135)); d = square((#1 * -0.015114565) + 1.319933),0.0002078422752638,g = (#7 * -0.001549574) - (((#3 - -0.9988288) * (#8 * 0.11476706)) + ((#2 * -0.11281603) + 2.143135)); d = square((#1 * -0.015114565) + 1.319933),<pysr.expression_specs.CallableJuliaExpression object at 0x7222a0958860>,8
19,3.71527,g = (((#7 * -0.00072697556) - -0.7494227) * sqrt(#8 + #2)) + -2.0578353; d = ((#1 * 0.00018381079) + -0.043880995) * #1,0.0013547303837347,g = (((#7 * -0.00072697556) - -0.7494227) * sqrt(#8 + #2)) + -2.0578353; d = ((#1 * 0.00018381079) + -0.043880995) * #1,<pysr.expression_specs.CallableJuliaExpression object at 0x7222a1f8d820>,2
22,3.7152731,g = (sqrt(#8) * ((1.078733 + #3) * -0.6835935)) + sqrt(#2 / 0.6804895); d = -1.8839608 - ((0.047173496 - (0.00019531533 * #1)) * #1),0.0002314906205845,g = (sqrt(#8) * ((1.078733 + #3) * -0.6835935)) + sqrt(#2 / 0.6804895); d = -1.8839608 - ((0.047173496 - (0.00019531533 * #1)) * #1),<pysr.expression_specs.CallableJuliaExpression object at 0x7222a099cad0>,27
22,3.7152734,g = ((#7 * -0.0009744348) - inv((#2 + 0.86215436) * 0.30410504)) * sqrt(sqrt(#2) + #8); d = square((#1 * -0.016665213) + 1.1061875),0.0004943232445576,g = ((#7 * -0.0009744348) - inv((#2 + 0.86215436) * 0.30410504)) * sqrt(sqrt(#2) + #8); d = square((#1 * -0.016665213) + 1.1061875),<pysr.expression_specs.CallableJuliaExpression object at 0x7222a099cdd0>,35
26,3.7152784,g = (((#3 + ((-0.54414207 / #8) * #2)) / -1.4874132) * sqrt((-0.33626765 / (#3 - #4)) + #8)) + -3.9248571; d = square((#1 * -0.014564038) + 1.5374304),0.0002403817932325,g = (((#3 + ((-0.54414207 / #8) * #2)) / -1.4874132) * sqrt((-0.33626765 / (#3 - #4)) + #8)) + -3.9248571; d = square((#1 * -0.014564038) + 1.5374304),<pysr.expression_specs.CallableJuliaExpression object at 0x7222a099c470>,26
18,3.7153182,g = ((1.2649428 - ((#1 + #7) * 0.0008943127)) * sqrt(#2)) + -5.1774206; d = square((#1 * -0.0136410035) + 1.7613786),0.0007044633049739,g = ((1.2649428 - ((#1 + #7) * 0.0008943127)) * sqrt(#2)) + -5.1774206; d = square((#1 * -0.0136410035) + 1.7613786),<pysr.expression_specs.CallableJuliaExpression object at 0x7222a1f8cc50>,6
21,3.7153373,g = sqrt(#8) * ((#1 * -0.0036160175) + ((#3 * -0.68733215) + 3.0137215)); d = (((#1 * 0.00021049342) + -0.044959232) * #1) + -1.8074758,6.088090963889754e-05,g = sqrt(#8) * ((#1 * -0.0036160175) + ((#3 * -0.68733215) + 3.0137215)); d = (((#1 * 0.00021049342) + -0.044959232) * #1) + -1.8074758,<pysr.expression_specs.CallableJuliaExpression object at 0x7222a1f770e0>,7
28,3.715358,g = ((-0.11880232 * #3) - (0.79816437 / (#8 - -1.5815729))) * (#8 + ((square(#3 / (-0.28234342 - #2)) - #1) * -0.012698345)); d = square((#1 * 0.015300102) + -1.3536966),0.0001660536545509,g = ((-0.11880232 * #3) - (0.79816437 / (#8 - -1.5815729))) * (#8 + ((square(#3 / (-0.28234342 - #2)) - #1) * -0.012698345)); d = square((#1 * 0.015300102) + -1.3536966),<pysr.expression_specs.CallableJuliaExpression object at 0x7222a099d610>,29
25,3.7155268,g = (((#3 * sqrt(#8)) * -0.6887347) + sqrt(((#8 * -0.66644484) + 0.41429168) + #2)) + -4.793783; d = square((#1 / -71.61509) + 1.6272988) + 0.0046068537,2.6914083131549053e-08,g = (((#3 * sqrt(#8)) * -0.6887347) + sqrt(((#8 * -0.66644484) + 0.41429168) + #2)) + -4.793783; d = square((#1 / -71.61509) + 1.6272988) + 0.0046068537,<pysr.expression_specs.CallableJuliaExpression object at 0x7222a0958b30>,20
23,3.715527,g = (#3 * (sqrt(#8) * -0.6887347)) + (sqrt((#8 * -0.66644484) + (#2 + 0.41429168)) + -4.793783); d = square((#1 / -71.61509) + 1.6279804),3.689784554592932e-05,g = (#3 * (sqrt(#8) * -0.6887347)) + (sqrt((#8 * -0.66644484) + (#2 + 0.41429168)) + -4.793783); d = square((#1 / -71.61509) + 1.6279804),<pysr.expression_specs.CallableJuliaExpression object at 0x7222a0958260>,20
20,3.7155635,g = sqrt(#8) * (((#3 * -0.6860393) + 3.039911) + (#1 * -0.0036988484)); d = square((#1 * -0.015100238) + 1.3734573) + -3.6081133,0.0008197281371902,g = sqrt(#8) * (((#3 * -0.6860393) + 3.039911) + (#1 * -0.0036988484)); d = square((#1 * -0.015100238) + 1.3734573) + -3.6081133,<pysr.expression_specs.CallableJuliaExpression object at 0x7222a1f75790>,7
29,3.7156155,g = ((((inv(#2 * 3.116377) + 0.12743193) * #8) + 0.6223552) * (neg(#3) - 1.421866)) + ((#2 * 0.17708214) + 0.2876281); d = (#1 - square(#1 * -0.059916824)) * -0.050382737,0.000555150911485,g = ((((inv(#2 * 3.116377) + 0.12743193) * #8) + 0.6223552) * (neg(#3) - 1.421866)) + ((#2 * 0.17708214) + 0.2876281); d = (#1 - square(#1 * -0.059916824)) * -0.050382737,<pysr.expression_specs.CallableJuliaExpression object at 0x7222a095ac30>,16
21,3.7156212,g = (((#8 - (#1 * -0.012795372)) * (#3 + 0.62749934)) - #2) * -0.12108558; d = square((#1 * -0.016388046) + 1.1682764) + -1.404824,0.000524294101067,g = (((#8 - (#1 * -0.012795372)) * (#3 + 0.62749934)) - #2) * -0.12108558; d = square((#1 * -0.016388046) + 1.1682764) + -1.404824,<pysr.expression_specs.CallableJuliaExpression object at 0x7222a099c260>,24
18,3.7156894,g = (-8.34148 - ((#8 - -0.85232574) * #3)) / sqrt(3.561674 + #2); d = square((0.013986891 * #1) + -1.6747606),0.0024624989891288,g = (-8.34148 - ((#8 - -0.85232574) * #3)) / sqrt(3.561674 + #2); d = square((0.013986891 * #1) + -1.6747606),<pysr.expression_specs.CallableJuliaExpression object at 0x7222a09d3650>,70
27,3.7157273,g = (((#8 * (-0.8536639 - #3)) + (#2 - #3)) / sqrt(inv(#2) + sqrt(square(#2 + #8) + square(#5)))) - 1.6828804; d = #1 * -0.07034966,0.0001572112355503,g = (((#8 * (-0.8536639 - #3)) + (#2 - #3)) / sqrt(inv(#2) + sqrt(square(#2 + #8) + square(#5)))) - 1.6828804; d = #1 * -0.07034966,<pysr.expression_specs.CallableJuliaExpression object at 0x7222a09d28d0>,68
18,3.7157395,g = (sqrt(#8 + #2) * ((#7 * -0.0007268541) + 0.66318506)) + -2.7841954; d = square((#1 * -0.015812937) + 1.0904074),0.000691335671421,g = (sqrt(#8 + #2) * ((#7 * -0.0007268541) + 0.66318506)) + -2.7841954; d = square((#1 * -0.015812937) + 1.0904074),<pysr.expression_specs.CallableJuliaExpression object at 0x7222a09d0710>,56
21,3.7158012,g = (sqrt(#2) + (#3 * (sqrt(#8) * -0.68622696))) + ((#8 * -0.12501863) + -4.8009562); d = square((#1 / -71.88632) + 1.6471697),0.0001357934528186,g = (sqrt(#2) + (#3 * (sqrt(#8) * -0.68622696))) + ((#8 * -0.12501863) + -4.8009562); d = square((#1 / -71.88632) + 1.6471697),<pysr.expression_specs.CallableJuliaExpression object at 0x7222a0958fb0>,20
22,3.7158096,g = neg(((#8 * (((#3 / sqrt(#8)) + 0.17820767) * 0.68718004)) + 4.250454) - sqrt(#2)); d = square((#1 * -0.014509504) + 1.4858065),0.0003013155738341,g = neg(((#8 * (((#3 / sqrt(#8)) + 0.17820767) * 0.68718004)) + 4.250454) - sqrt(#2)); d = square((#1 * -0.014509504) + 1.4858065),<pysr.expression_specs.CallableJuliaExpression object at 0x7222a099e450>,41
21,3.715961,g = (sqrt(#2) + ((#8 * -0.13288814) - ((#3 * 0.6870372) * sqrt(#8)))) - 5.0969224; d = square((#1 * -0.0135448035) + 1.7327851),0.0001435627031029,g = (sqrt(#2) + ((#8 * -0.13288814) - ((#3 * 0.6870372) * sqrt(#8)))) - 5.0969224; d = square((#1 * -0.0135448035) + 1.7327851),<pysr.expression_specs.CallableJuliaExpression object at 0x7222a09d0860>,48
27,3.715975,g = (((((#3 / #2) / 0.09770548) - #1) * -0.012698345) + #8) * ((#3 * -0.11880232) - (0.79558694 / (#8 - -1.4922953))); d = square(-1.3594737 + (#1 * 0.015300102)),0.0003518780186782,g = (((((#3 / #2) / 0.09770548) - #1) * -0.012698345) + #8) * ((#3 * -0.11880232) - (0.79558694 / (#8 - -1.4922953))); d = square(-1.3594737 + (#1 * 0.015300102)),<pysr.expression_specs.CallableJuliaExpression object at 0x7222a099d790>,29
21,3.7159753,g = (-2.6703467 - (((#3 * #8) * 0.12311053) + (#7 * 0.0015025405))) - (#2 * -0.1027616); d = square((#1 * -0.014473086) + 1.443279),0.0004529413221406,g = (-2.6703467 - (((#3 * #8) * 0.12311053) + (#7 * 0.0015025405))) - (#2 * -0.1027616); d = square((#1 * -0.014473086) + 1.443279),<pysr.expression_specs.CallableJuliaExpression object at 0x7222a1f8cc50>,4
20,3.715999,g = #1 * ((sqrt(#8 / #1) * ((#3 - 1.5729997) * -0.030038867)) - 0.005619589); d = square((#1 / -62.02604) + 1.1360966),0.0021539925480371,g = #1 * ((sqrt(#8 / #1) * ((#3 - 1.5729997) * -0.030038867)) - 0.005619589); d = square((#1 / -62.02604) + 1.1360966),<pysr.expression_specs.CallableJuliaExpression object at 0x7222a099cb00>,37
26,3.7160573,g = (#2 / 11.942725) + (#3 / (10.2776165 / (((#1 - #5) * -0.016140968) - (#8 * 1.2027607)))); d = (((#1 * 0.00021788092) + -0.04093115) * #1) + -0.44801208,3.736347449381214e-05,g = (#2 / 11.942725) + (#3 / (10.2776165 / (((#1 - #5) * -0.016140968) - (#8 * 1.2027607)))); d = (((#1 * 0.00021788092) + -0.04093115) * #1) + -0.44801208,<pysr.expression_specs.CallableJuliaExpression object at 0x7222a09d0ce0>,61
23,3.71609,g = sqrt(#2 / 0.8067714) + (-3.5646884 - (sqrt(#8 * 0.47205293) * (#3 + 0.928179))); d = square((0.014904196 * #1) + -1.3842394) - 0.021122126,3.1753704917367183e-06,g = sqrt(#2 / 0.8067714) + (-3.5646884 - (sqrt(#8 * 0.47205293) * (#3 + 0.928179))); d = square((0.014904196 * #1) + -1.3842394) - 0.021122126,<pysr.expression_specs.CallableJuliaExpression object at 0x7222a08e8800>,74
22,3.7161045,g = (((#3 * (#8 - -0.8933266)) + 3.806406) * -0.8933266) / sqrt(#2 + 1.7731658); d = square((#1 / 13.735006) + -5.528641) / 21.955952,0.0041267980858002,g = (((#3 * (#8 - -0.8933266)) + 3.806406) * -0.8933266) / sqrt(#2 + 1.7731658); d = square((#1 / 13.735006) + -5.528641) / 21.955952,<pysr.expression_specs.CallableJuliaExpression object at 0x7222a099ddf0>,46
21,3.7161136,g = (sqrt(#2 / 0.8067714) + -3.5646884) - (sqrt(#8 * 0.47205293) * (#3 + 0.928179)); d = square((0.014904196 * #1) + -1.3842394),0.0001223574974127846,g = (sqrt(#2 / 0.8067714) + -3.5646884) - (sqrt(#8 * 0.47205293) * (#3 + 0.928179)); d = square((0.014904196 * #1) + -1.3842394),<pysr.expression_specs.CallableJuliaExpression object at 0x7222a08e88f0>,74
23,3.7161632,g = (#7 * (((#8 / (#1 + #5)) + 0.013001486) * -0.11965485)) - ((#2 * -0.096928485) + 2.4407198); d = square((#1 * -0.015292809) + 1.3768365),7.665921678229405e-05,g = (#7 * (((#8 / (#1 + #5)) + 0.013001486) * -0.11965485)) - ((#2 * -0.096928485) + 2.4407198); d = square((#1 * -0.015292809) + 1.3768365),<pysr.expression_specs.CallableJuliaExpression object at 0x7222a09d25a0>,65
21,3.7161794,g = (((#2 + (#3 * (#8 * -1.1671906))) + (#7 * -0.014983415)) * 0.10384201) + -2.5094028; d = square((#1 * -0.014983415) + 1.3862506),0.0003406236884652,g = (((#2 + (#3 * (#8 * -1.1671906))) + (#7 * -0.014983415)) * 0.10384201) + -2.5094028; d = square((#1 * -0.014983415) + 1.3862506),<pysr.expression_specs.CallableJuliaExpression object at 0x7222a09d0f80>,60
22,3.7162075,g = ((#2 - sqrt(#1)) - (#3 * sqrt(#8 * (sqrt(#1) + 1.9081128)))) * 0.13880812; d = square((-0.015046597 * #1) + 1.468264),0.000284900212134,g = ((#2 - sqrt(#1)) - (#3 * sqrt(#8 * (sqrt(#1) + 1.9081128)))) * 0.13880812; d = square((-0.015046597 * #1) + 1.468264),<pysr.expression_specs.CallableJuliaExpression object at 0x7222a1f8f410>,5
24,3.7162185,g = (0.3020292 - (sqrt(#2) * -0.63677996)) - (((#8 - (#1 * -0.011157961)) * (#3 * 0.1298781)) + 4.185391); d = square((#1 * -0.014119552) + 1.5516753),4.2985398512199e-05,g = (0.3020292 - (sqrt(#2) * -0.63677996)) - (((#8 - (#1 * -0.011157961)) * (#3 * 0.1298781)) + 4.185391); d = square((#1 * -0.014119552) + 1.5516753),<pysr.expression_specs.CallableJuliaExpression object at 0x7222a099f770>,45
26,3.7163115,g = ((#2 + (((-0.8536639 - #3) * #8) - #3)) / sqrt(sqrt(square(#8 + #2) + (square(#5) + 3.6880343)))) - 1.6828804; d = #1 * -0.070674196,0.0001319682896337,g = ((#2 + (((-0.8536639 - #3) * #8) - #3)) / sqrt(sqrt(square(#8 + #2) + (square(#5) + 3.6880343)))) - 1.6828804; d = #1 * -0.070674196,<pysr.expression_specs.CallableJuliaExpression object at 0x7222a09d3920>,68
24,3.716335,g = (#2 / 10.2776165) + (#3 / (10.2776165 / ((-1.203181 * #8) + (#1 * -0.016140968)))); d = (#1 * ((0.00021788092 * #1) + -0.040793844)) + -0.531502,0.0008774470196822,g = (#2 / 10.2776165) + (#3 / (10.2776165 / ((-1.203181 * #8) + (#1 * -0.016140968)))); d = (#1 * ((0.00021788092 * #1) + -0.040793844)) + -0.531502,<pysr.expression_specs.CallableJuliaExpression object at 0x7222a09d1a90>,61
24,3.7164016,g = (#2 * 0.07859163) + ((((#8 + 10.460307) - sqrt(#4 / #2)) * -0.00018207362) * #7); d = square((#1 * 0.015921405) - 1.0077363) + -1.2917199,0.0009862475473731,g = (#2 * 0.07859163) + ((((#8 + 10.460307) - sqrt(#4 / #2)) * -0.00018207362) * #7); d = square((#1 * 0.015921405) - 1.0077363) + -1.2917199,<pysr.expression_specs.CallableJuliaExpression object at 0x7222a09d1280>,52
22,3.716538,g = (sqrt(#2) * 0.6060423) - (((#8 - (#1 * -0.011157961)) * (#3 * 0.1298781)) + 4.185391); d = square((#1 * -0.014119552) + 1.6500498),0.0003076583879821,g = (sqrt(#2) * 0.6060423) - (((#8 - (#1 * -0.011157961)) * (#3 * 0.1298781)) + 4.185391); d = square((#1 * -0.014119552) + 1.6500498),<pysr.expression_specs.CallableJuliaExpression object at 0x7222a099f8f0>,45
21,3.7165713,g = -3.417019 - ((((((#1 - #5) * 0.011848438) + #8) * #3) - #2) * 0.12363096); d = square((#1 * -0.0134407105) + 1.6407723),7.63683245906877e-05,g = -3.417019 - ((((((#1 - #5) * 0.011848438) + #8) * #3) - #2) * 0.12363096); d = square((#1 * -0.0134407105) + 1.6407723),<pysr.expression_specs.CallableJuliaExpression object at 0x7222a09d1820>,73
19,3.7165823,g = ((#7 * -0.00076429) + inv(1.3471695)) * sqrt(#8 + #2); d = square((#1 * -0.014884101) + 1.3813611) - 3.8525898,1.98298499329861e-05,g = ((#7 * -0.00076429) + inv(1.3471695)) * sqrt(#8 + #2); d = square((#1 * -0.014884101) + 1.3813611) - 3.8525898,<pysr.expression_specs.CallableJuliaExpression object at 0x7222a099c500>,34
19,3.7166452,g = sqrt(#2) - ((#3 - -0.6633478) / (1.4532733 / sqrt(#8))); d = square((#1 * 0.014175698) + -1.5543106) + -4.105025,0.0006401273938893,g = sqrt(#2) - ((#3 - -0.6633478) / (1.4532733 / sqrt(#8))); d = square((#1 * 0.014175698) + -1.5543106) + -4.105025,<pysr.expression_specs.CallableJuliaExpression object at 0x7222a099deb0>,43
18,3.716656,g = sqrt(#8 + #2) * ((#7 * -0.00076429) + 0.75668097); d = square((#1 * -0.014884101) + 1.3813611) - 3.8525898,0.0005184769720841,g = sqrt(#8 + #2) * ((#7 * -0.00076429) + 0.75668097); d = square((#1 * -0.014884101) + 1.3813611) - 3.8525898,<pysr.expression_specs.CallableJuliaExpression object at 0x7222a099daf0>,34
22,3.7166736,g = (-3.9310076 - ((#3 - -0.7780969) * sqrt(#8 * 0.47058192))) + sqrt(#2 + neg(0.060332447)); d = square((0.01436285 * #1) + -1.5319768),2.9596313547565893e-06,g = (-3.9310076 - ((#3 - -0.7780969) * sqrt(#8 * 0.47058192))) + sqrt(#2 + neg(0.060332447)); d = square((0.01436285 * #1) + -1.5319768),<pysr.expression_specs.CallableJuliaExpression object at 0x7222a099e5d0>,44
21,3.7166846,g = (-3.9310076 - ((#3 - -0.7780969) * sqrt(#8 * 0.47058192))) + sqrt(#2 + -0.054773327); d = square((#1 * 0.01436285) + -1.5319768),2.0232676862883425e-05,g = (-3.9310076 - ((#3 - -0.7780969) * sqrt(#8 * 0.47058192))) + sqrt(#2 + -0.054773327); d = square((#1 * 0.01436285) + -1.5319768),<pysr.expression_specs.CallableJuliaExpression object at 0x7222a099ed50>,44
21,3.716733,g = (((((#8 / #1) + 0.013001486) * #7) * -0.11965485) - 2.5167363) + (#2 * 0.09852383); d = square((#1 * -0.015292809) + 1.383247),0.0016492251586516,g = (((((#8 / #1) + 0.013001486) * #7) * -0.11965485) - 2.5167363) + (#2 * 0.09852383); d = square((#1 * -0.015292809) + 1.383247),<pysr.expression_specs.CallableJuliaExpression object at 0x7222a09d1190>,65
19,3.7167673,g = ((((#8 - (#1 * -0.012568551)) * #3) - #2) * -0.12144773) + -4.5407887; d = square((#1 * -0.012568551) + 1.934311),0.0016782379857702,g = ((((#8 - (#1 * -0.012568551)) * #3) - #2) * -0.12144773) + -4.5407887; d = square((#1 * -0.012568551) + 1.934311),<pysr.expression_specs.CallableJuliaExpression object at 0x7222a09d12e0>,63
19,3.7168105,g = sqrt(#2) + (((#3 + 0.55924) * (sqrt(#8) * -0.68889004)) - 4.592445); d = square((#1 / -72.47405) + 1.6617016),0.0006186559306805,g = sqrt(#2) + (((#3 + 0.55924) * (sqrt(#8) * -0.68889004)) - 4.592445); d = square((#1 / -72.47405) + 1.6617016),<pysr.expression_specs.CallableJuliaExpression object at 0x7222a095a240>,20
21,3.7168114,g = (#7 * -0.0014545368) - (((#2 * -0.10389309) + 2.1178606) + ((#8 * #3) * 0.12836857)); d = square((#1 * -0.015471492) + 1.2499198),0.0005391500893329,g = (#7 * -0.0014545368) - (((#2 * -0.10389309) + 2.1178606) + ((#8 * #3) * 0.12836857)); d = square((#1 * -0.015471492) + 1.2499198),<pysr.expression_specs.CallableJuliaExpression object at 0x7222a09584d0>,8
19,3.7168314,g = (sqrt(#8) * ((#3 - -0.70701414) * -0.6876496)) - (3.8606193 - sqrt(#2)); d = square(-1.4970464 - (#1 * -0.014287139)),0.000629427756728,g = (sqrt(#8) * ((#3 - -0.70701414) * -0.6876496)) - (3.8606193 - sqrt(#2)); d = square(-1.4970464 - (#1 * -0.014287139)),<pysr.expression_specs.CallableJuliaExpression object at 0x7222a09d0d40>,62
20,3.7168345,g = (sqrt(#2) + neg((#3 + 0.7570514) / sqrt(2.1227944 / #8))) + -3.6692061; d = square((#1 * -0.0146884145) + 1.4437586),0.0011494307144704,g = (sqrt(#2) + neg((#3 + 0.7570514) / sqrt(2.1227944 / #8))) + -3.6692061; d = square((#1 * -0.0146884145) + 1.4437586),<pysr.expression_specs.CallableJuliaExpression object at 0x7222a09d3050>,71
19,3.716835,g = (-3.9310076 - ((#3 - -0.7780969) * sqrt(#8 * 0.47058192))) + sqrt(#2); d = square((#1 * 0.01436285) + -1.5319768),0.0006564181007504,g = (-3.9310076 - ((#3 - -0.7780969) * sqrt(#8 * 0.47058192))) + sqrt(#2); d = square((#1 * 0.01436285) + -1.5319768),<pysr.expression_specs.CallableJuliaExpression object at 0x7222a099ef90>,44
19,3.7168913,g = inv((-0.8180439 - sqrt(#2)) / (((#8 - -0.8750944) * #3) - -4.717257)); d = square((#1 * -0.015577737) + 1.2645247),0.0036023528762725,g = inv((-0.8180439 - sqrt(#2)) / (((#8 - -0.8750944) * #3) - -4.717257)); d = square((#1 * -0.015577737) + 1.2645247),<pysr.expression_specs.CallableJuliaExpression object at 0x7222a0958710>,13
21,3.7169294,g = (sqrt(#8) * ((#3 + 0.6395363) * -0.69226575)) + (sqrt(#2 + -0.040050246) - 4.4356256); d = square((#1 * -0.013644191) + 1.6530222),8.662989685092484e-06,g = (sqrt(#8) * ((#3 + 0.6395363) * -0.69226575)) + (sqrt(#2 + -0.040050246) - 4.4356256); d = square((#1 * -0.013644191) + 1.6530222),<pysr.expression_specs.CallableJuliaExpression object at 0x7222a099eb10>,41
20,3.7169936,g = (((0.5728384 + #3) * -0.6837865) * sqrt(#8)) + sqrt(#2); d = -1.8501773 - ((0.04677006 - (#1 * 0.00018534953)) * #1),0.0006116794801353,g = (((0.5728384 + #3) * -0.6837865) * sqrt(#8)) + sqrt(#2); d = -1.8501773 - ((0.04677006 - (#1 * 0.00018534953)) * #1),<pysr.expression_specs.CallableJuliaExpression object at 0x7222a099d190>,27
19,3.7169938,g = ((sqrt(#8) * (#3 + 0.6395363)) * -0.69226575) + (sqrt(#2) - 4.4356256); d = square((#1 * -0.013644191) + 1.6530222),0.0005988082789574,g = ((sqrt(#8) * (#3 + 0.6395363)) * -0.69226575) + (sqrt(#2) - 4.4356256); d = square((#1 * -0.013644191) + 1.6530222),<pysr.expression_specs.CallableJuliaExpression object at 0x7222a099deb0>,41
19,3.7170231,g = (-3.574001 - ((#3 + 0.795768) * sqrt(#8 * 0.4713202))) + sqrt(#2); d = square((#1 * 0.014904196) + -1.4201483),0.0006345004762814072,g = (-3.574001 - ((#3 + 0.795768) * sqrt(#8 * 0.4713202))) + sqrt(#2); d = square((#1 * 0.014904196) + -1.4201483),<pysr.expression_specs.CallableJuliaExpression object at 0x7222a08e8a10>,74
19,3.7170281,g = (sqrt(#2) - 4.85798) + ((-0.59847546 - #3) * (sqrt(#8) * 0.6855681)); d = square((#1 * -0.01322103) + 1.755511),0.0005891290982501,g = (sqrt(#2) - 4.85798) + ((-0.59847546 - #3) * (sqrt(#8) * 0.6855681)); d = square((#1 * -0.01322103) + 1.755511),<pysr.expression_specs.CallableJuliaExpression object at 0x7222a09d07d0>,48
24,3.717065,g = (sqrt(#8) * ((((#2 * (-0.5351141 / #8)) + #3) / -1.4511259) - -0.13347572)) + -4.057609; d = square((#1 * -0.014538788) + 1.5316577) + -0.005307306,3.631896428168738e-07,g = (sqrt(#8) * ((((#2 * (-0.5351141 / #8)) + #3) / -1.4511259) - -0.13347572)) + -4.057609; d = square((#1 * -0.014538788) + 1.5316577) + -0.005307306,<pysr.expression_specs.CallableJuliaExpression object at 0x7222a099c1a0>,26
22,3.7170677,g = (sqrt(#8) * (((((#2 / #8) * -0.5351141) + #3) / -1.4511259) - -0.13347572)) + -4.057609; d = square((#1 * -0.014538788) + 1.5314938),4.873227686745738e-05,g = (sqrt(#8) * (((((#2 / #8) * -0.5351141) + #3) / -1.4511259) - -0.13347572)) + -4.057609; d = square((#1 * -0.014538788) + 1.5314938),<pysr.expression_specs.CallableJuliaExpression object at 0x7222a099c2c0>,26
21,3.7171104,g = ((#7 * -0.000719093) - inv((#2 + 1.3198025) * 0.11853428)) * sqrt(#2 + #8); d = square((#1 * -0.013301635) + 1.8234282),0.0022017596198972,g = ((#7 * -0.000719093) - inv((#2 + 1.3198025) * 0.11853428)) * sqrt(#2 + #8); d = square((#1 * -0.013301635) + 1.8234282),<pysr.expression_specs.CallableJuliaExpression object at 0x7222a099c470>,35
19,3.717139,g = -3.417019 - (((((#1 * 0.011848438) + #8) * #3) - #2) * 0.12363096); d = square((#1 * -0.0134407105) + 1.6407723),0.0015096073691718,g = -3.417019 - (((((#1 * 0.011848438) + #8) * #3) - #2) * 0.12363096); d = square((#1 * -0.0134407105) + 1.6407723),<pysr.expression_specs.CallableJuliaExpression object at 0x7222a09d3c80>,73
19,3.717149,g = ((#3 * (#8 + 0.8484806)) + 4.936303) / neg(sqrt(#2) + 0.7900795); d = square((#1 * -0.015137185) + 1.3100653),8.705217766672787e-05,g = ((#3 * (#8 + 0.8484806)) + 4.936303) / neg(sqrt(#2) + 0.7900795); d = square((#1 * -0.015137185) + 1.3100653),<pysr.expression_specs.CallableJuliaExpression object at 0x7222a09d0d70>,51
26,3.7172828,g = ((#3 * -0.11880232) - (0.79816437 / (#8 - -1.5815729))) * (#8 + (((#3 / square(#8)) - #1) * -0.012698345)); d = square((#1 * 0.015300102) + -1.3536966),0.000860607917621,g = ((#3 * -0.11880232) - (0.79816437 / (#8 - -1.5815729))) * (#8 + (((#3 / square(#8)) - #1) * -0.012698345)); d = square((#1 * 0.015300102) + -1.3536966),<pysr.expression_specs.CallableJuliaExpression object at 0x7222a099d6d0>,29
24,3.7172925,g = (((#8 * (-0.88060814 - #3)) + (#2 - #3)) / sqrt(sqrt(square(#2 + #8) + square(#5)))) - 1.6842561; d = #1 * -0.0715173,0.0004633751194803,g = (((#8 * (-0.88060814 - #3)) + (#2 - #3)) / sqrt(sqrt(square(#2 + #8) + square(#5)))) - 1.6842561; d = #1 * -0.0715173,<pysr.expression_specs.CallableJuliaExpression object at 0x7222a09d29f0>,68
18,3.7173395,g = (sqrt(#2 + #8) * (0.8559816 - (#7 * 0.0007360762))) + -4.276958; d = square((#1 * -0.014777702) + 1.4115843),0.0004615150102643,g = (sqrt(#2 + #8) * (0.8559816 - (#7 * 0.0007360762))) + -4.276958; d = square((#1 * -0.014777702) + 1.4115843),<pysr.expression_specs.CallableJuliaExpression object at 0x7222a0959370>,11
19,3.7173738,g = ((#3 * (#8 + 1.2529228)) + 6.5480905) / (neg(sqrt(#2)) + -1.1772605); d = square((#1 * -0.014818316) + 1.4031285),0.0035136971228652,g = ((#3 * (#8 + 1.2529228)) + 6.5480905) / (neg(sqrt(#2)) + -1.1772605); d = square((#1 * -0.014818316) + 1.4031285),<pysr.expression_specs.CallableJuliaExpression object at 0x7222a0959100>,15
20,3.71743,g = (((#3 + (#2 * (-0.5949434 / #8))) / -1.4578987) * sqrt(#8)) + -4.154056; d = square((#1 * -0.014538788) + 1.5617441),0.0040412872675322,g = (((#3 + (#2 * (-0.5949434 / #8))) / -1.4578987) * sqrt(#8)) + -4.154056; d = square((#1 * -0.014538788) + 1.5617441),<pysr.expression_specs.CallableJuliaExpression object at 0x7222a099c9b0>,26
19,3.7174375,g = (((#7 * 0.0125844255) - (#2 - (#3 * #8))) * -0.12028279) + -2.4360893; d = square((-0.014697676 * #1) - -1.3432913),0.0051904940114416,g = (((#7 * 0.0125844255) - (#2 - (#3 * #8))) * -0.12028279) + -2.4360893; d = square((-0.014697676 * #1) - -1.3432913),<pysr.expression_specs.CallableJuliaExpression object at 0x7222a095a5a0>,17
19,3.7174547,g = ((-0.0016193112 * #7) + (((#3 * #8) - #2) * -0.11767248)) - 4.355336; d = square(1.9131655 + (-0.012529923 * #1)),0.005177464193943,g = ((-0.0016193112 * #7) + (((#3 * #8) - #2) * -0.11767248)) - 4.355336; d = square(1.9131655 + (-0.012529923 * #1)),<pysr.expression_specs.CallableJuliaExpression object at 0x7222a09d01d0>,69
18,3.7174726,g = (#3 + ((#3 * #8) + 4.213735)) / (-0.8657856 - sqrt(#2)); d = square((#1 * -0.015604223) + 1.2176886),0.004491049640093,g = (#3 + ((#3 * #8) + 4.213735)) / (-0.8657856 - sqrt(#2)); d = square((#1 * -0.015604223) + 1.2176886),<pysr.expression_specs.CallableJuliaExpression object at 0x7222a09d0f50>,51
20,3.717521,g = inv((neg(sqrt(#2)) + -0.84956545) / (3.9649098 + ((#8 + 0.9155501) * #3))); d = square((0.015828865 * #1) - 1.1742901),0.0009431261406844,g = inv((neg(sqrt(#2)) + -0.84956545) / (3.9649098 + ((#8 + 0.9155501) * #3))); d = square((0.015828865 * #1) - 1.1742901),<pysr.expression_specs.CallableJuliaExpression object at 0x7222a09d0560>,58
20,3.7176588,g = (((neg(#2) + (#3 * #8)) * -0.11604749) + -2.6906683) - (#7 * 0.001562956); d = square((#1 * -0.014602053) + 1.4155953),0.0012569367643804,g = (((neg(#2) + (#3 * #8)) * -0.11604749) + -2.6906683) - (#7 * 0.001562956); d = square((#1 * -0.014602053) + 1.4155953),<pysr.expression_specs.CallableJuliaExpression object at 0x7222a1f8d820>,4
28,3.7176788,g = ((((inv(#2 * 3.116377) + 0.12743193) * #8) + 0.6223552) * (neg(#3) - sqrt(1.0949433))) + (#2 * 0.17708214); d = (#1 - square(#1 * -0.059916824)) * -0.050382737,0.000375755300266,g = ((((inv(#2 * 3.116377) + 0.12743193) * #8) + 0.6223552) * (neg(#3) - sqrt(1.0949433))) + (#2 * 0.17708214); d = (#1 - square(#1 * -0.059916824)) * -0.050382737,<pysr.expression_specs.CallableJuliaExpression object at 0x7222a095a9f0>,16
21,3.7176816,g = (#2 * 0.12723257) - (3.9891367 + (((#8 - (#1 * -0.0133930035)) * #3) * 0.12073305)); d = square((#1 * -0.0133930035) + 1.7858152),0.002442544052515,g = (#2 * 0.12723257) - (3.9891367 + (((#8 - (#1 * -0.0133930035)) * #3) * 0.12073305)); d = square((#1 * -0.0133930035) + 1.7858152),<pysr.expression_specs.CallableJuliaExpression object at 0x7222a099f3b0>,45
29,3.7178037,g = ((((#1 + ((#3 - 2.7108493) * #2)) + #7) * sqrt(#8 - -1.1355215)) * -0.0011035105) - (1.9366916 - sqrt(#8 * 1.4395434)); d = square((#1 * -0.016312778) + 1.1295284),4.021029637504976e-05,g = ((((#1 + ((#3 - 2.7108493) * #2)) + #7) * sqrt(#8 - -1.1355215)) * -0.0011035105) - (1.9366916 - sqrt(#8 * 1.4395434)); d = square((#1 * -0.016312778) + 1.1295284),<pysr.expression_specs.CallableJuliaExpression object at 0x7222a09d06e0>,53
18,3.717924,g = (-5.13706 - ((#8 + 0.94011533) * #3)) / (sqrt(#2) + 0.8113198); d = square(1.355307 - (#1 * 0.014921757)),0.002180021667717,g = (-5.13706 - ((#8 + 0.94011533) * #3)) / (sqrt(#2) + 0.8113198); d = square(1.355307 - (#1 * 0.014921757)),<pysr.expression_specs.CallableJuliaExpression object at 0x7222a099eba0>,42
20,3.7180274,g = (#7 * -0.0015452745) - (((#2 - 5.002361) - (#3 * #8)) * -0.11624291); d = #1 * ((#1 * 0.0001993393) + -0.040739443),0.0019424154277036,g = (#7 * -0.0015452745) - (((#2 - 5.002361) - (#3 * #8)) * -0.11624291); d = #1 * ((#1 * 0.0001993393) + -0.040739443),<pysr.expression_specs.CallableJuliaExpression object at 0x7222a0958e90>,10
27,3.7181027,g = ((((#3 * #2) + #7) + #1) * (-0.0011035105 * sqrt(#8 - -1.1355215))) - (1.9366916 - sqrt(#8 * 1.4395434)); d = square(1.1295284 + (#1 * -0.016312778)),0.0003622428251041,g = ((((#3 * #2) + #7) + #1) * (-0.0011035105 * sqrt(#8 - -1.1355215))) - (1.9366916 - sqrt(#8 * 1.4395434)); d = square(1.1295284 + (#1 * -0.016312778)),<pysr.expression_specs.CallableJuliaExpression object at 0x7222a09d00e0>,53
19,3.7182074,g = ((#2 - (#3 * (#8 - (#1 * -0.011904714)))) * 0.123074174) - 2.413618; d = square((#1 * -0.014539696) - -1.3374557),0.0038712210699689,g = ((#2 - (#3 * (#8 - (#1 * -0.011904714)))) * 0.123074174) - 2.413618; d = square((#1 * -0.014539696) - -1.3374557),<pysr.expression_specs.CallableJuliaExpression object at 0x7222a099d460>,31
19,3.7182198,g = ((#3 * (#8 + 0.7818751)) + 4.6279664) / neg(sqrt(#2) - -0.8098392); d = square((#1 * -0.014878347) + 1.2791259),0.0037417204571559,g = ((#3 * (#8 + 0.7818751)) + 4.6279664) / neg(sqrt(#2) - -0.8098392); d = square((#1 * -0.014878347) + 1.2791259),<pysr.expression_specs.CallableJuliaExpression object at 0x7222a099c5f0>,25
20,3.7183256,g = ((#2 - sqrt(#1)) - (sqrt(sqrt(#1) * #8) * #3)) * 0.13880812; d = square((#1 * -0.015046597) + 1.4505777),0.0005507145575024,g = ((#2 - sqrt(#1)) - (sqrt(sqrt(#1) * #8) * #3)) * 0.13880812; d = square((#1 * -0.015046597) + 1.4505777),<pysr.expression_specs.CallableJuliaExpression object at 0x7222a1f8f320>,5
19,3.718391,g = (((#3 * (#8 - (#1 * -0.012976249))) - #2) * -0.11852019) + -2.0513885; d = square((#1 * -0.015550043) + 1.2112145),0.0047149168098202,g = (((#3 * (#8 - (#1 * -0.012976249))) - #2) * -0.11852019) + -2.0513885; d = square((#1 * -0.015550043) + 1.2112145),<pysr.expression_specs.CallableJuliaExpression object at 0x7222a095a210>,19
19,3.7184196,g = (((#8 - (#1 * -0.012620453)) * #3) - #2) * -0.122449145; d = square(1.2192664 - (#1 * 0.015445919)) + -2.0699823,0.0019883392793283,g = (((#8 - (#1 * -0.012620453)) * #3) - #2) * -0.122449145; d = square(1.2192664 - (#1 * 0.015445919)) + -2.0699823,<pysr.expression_specs.CallableJuliaExpression object at 0x7222a09d0140>,50
19,3.7187119,g = (((#2 - (#8 * #3)) + (#7 * -0.014943095)) * 0.11206221) + -2.5411477; d = square((#1 * -0.014943095) + 1.3965509),0.0020032832207879,g = (((#2 - (#8 * #3)) + (#7 * -0.014943095)) * 0.11206221) + -2.5411477; d = square((#1 * -0.014943095) + 1.3965509),<pysr.expression_specs.CallableJuliaExpression object at 0x7222a09d2330>,60
24,3.7187302,g = ((#7 * -0.0011937399) / sqrt(1.4799285 / (#8 - neg(sqrt(#2))))) - (4.6198606 / (#2 + 1.37752)); d = square((#1 * 0.016614472) - 1.0121607),5.8084005499626575e-06,g = ((#7 * -0.0011937399) / sqrt(1.4799285 / (#8 - neg(sqrt(#2))))) - (4.6198606 / (#2 + 1.37752)); d = square((#1 * 0.016614472) - 1.0121607),<pysr.expression_specs.CallableJuliaExpression object at 0x7222a0958f50>,9
22,3.7187734,g = (-0.0011451611 * (sqrt(#8 - -0.8812319) * #7)) - (3.9041877 / ((#2 * 0.18842033) + 1.4440906)); d = square(-1.2756276 - (-0.015560648 * #1)),0.0003922836030312,g = (-0.0011451611 * (sqrt(#8 - -0.8812319) * #7)) - (3.9041877 / ((#2 * 0.18842033) + 1.4440906)); d = square(-1.2756276 - (-0.015560648 * #1)),<pysr.expression_specs.CallableJuliaExpression object at 0x7222a0958950>,9
24,3.7189386,g = (((#7 * -0.0008835091) - -0.8408194) * sqrt(inv(#4) + #2)) + ((#1 * -0.0029628146) + -0.7854064); d = #1 / ((#1 * -0.022859022) - 16.968916),2.1672615567476947e-05,g = (((#7 * -0.0008835091) - -0.8408194) * sqrt(inv(#4) + #2)) + ((#1 * -0.0029628146) + -0.7854064); d = #1 / ((#1 * -0.022859022) - 16.968916),<pysr.expression_specs.CallableJuliaExpression object at 0x7222a099c4d0>,36
29,3.7189682,g = ((#1 + square(((#8 + -2.1201744) - (#2 / #8)) * 1.5311993)) * -0.005963957) + (sqrt(#8) * ((#3 / -1.4569967) - -1.1955647)); d = square((#1 * 0.015840523) + -1.2086769),0.0002674577783244,g = ((#1 + square(((#8 + -2.1201744) - (#2 / #8)) * 1.5311993)) * -0.005963957) + (sqrt(#8) * ((#3 / -1.4569967) - -1.1955647)); d = square((#1 * 0.015840523) + -1.2086769),<pysr.expression_specs.CallableJuliaExpression object at 0x7222a099f080>,38
23,3.7190154,g = ((#2 + (((-0.5985085 - #3) * #8) - #3)) / sqrt((#2 + (#4 / 4.011622)) - -0.90353113)) - 1.8679577; d = #1 * -0.07197143,9.732811764220716e-05,g = ((#2 + (((-0.5985085 - #3) * #8) - #3)) / sqrt((#2 + (#4 / 4.011622)) - -0.90353113)) - 1.8679577; d = #1 * -0.07197143,<pysr.expression_specs.CallableJuliaExpression object at 0x7222a09d1b80>,68
23,3.7190192,g = (((#7 * -0.0008835091) - -0.8408194) * sqrt(#2 + 0.32602036)) + ((#1 * -0.0029628146) + -0.7854064); d = #1 / ((#1 * -0.022859022) - 16.968916),0.0001041295167387,g = (((#7 * -0.0008835091) - -0.8408194) * sqrt(#2 + 0.32602036)) + ((#1 * -0.0029628146) + -0.7854064); d = #1 / ((#1 * -0.022859022) - 16.968916),<pysr.expression_specs.CallableJuliaExpression object at 0x7222a099c8f0>,36
19,3.719028,g = ((((#1 * 0.012936139) + #8) * #3) - #2) * -0.1189514; d = square((#1 * 0.016055161) + -1.2220503) - 2.182401,0.0037240052557375,g = ((((#1 * 0.012936139) + #8) * #3) - #2) * -0.1189514; d = square((#1 * 0.016055161) + -1.2220503) - 2.182401,<pysr.expression_specs.CallableJuliaExpression object at 0x7222a099c620>,30
27,3.719076,g = (#2 * 0.18350907) + ((neg(#3) - 1.4269081) * ((((inv(#2) * 0.33282408) + 0.12743193) * #8) + 0.5719725)); d = (#1 - square(#1 * -0.064503305)) * -0.050382737,0.0010798464110529,g = (#2 * 0.18350907) + ((neg(#3) - 1.4269081) * ((((inv(#2) * 0.33282408) + 0.12743193) * #8) + 0.5719725)); d = (#1 - square(#1 * -0.064503305)) * -0.050382737,<pysr.expression_specs.CallableJuliaExpression object at 0x7222a095a3f0>,16
26,3.7194498,g = ((((square(#8) + #7) + #1) * sqrt(#8 - -1.1355215)) * -0.0011035105) - (1.9366916 - sqrt(#8 * 1.4395434)); d = square((#1 * -0.016312778) + 1.1295284),7.275004949324547e-05,g = ((((square(#8) + #7) + #1) * sqrt(#8 - -1.1355215)) * -0.0011035105) - (1.9366916 - sqrt(#8 * 1.4395434)); d = square((#1 * -0.016312778) + 1.1295284),<pysr.expression_specs.CallableJuliaExpression object at 0x7222a09d0f50>,53
19,3.7195194,g = ((#3 * (#8 - (#1 * -0.012795372))) - #2) * -0.12108558; d = square((#1 * -0.016370807) + 1.1323661) + -1.910855,0.0042730772893655,g = ((#3 * (#8 - (#1 * -0.012795372))) - #2) * -0.12108558; d = square((#1 * -0.016370807) + 1.1323661) + -1.910855,<pysr.expression_specs.CallableJuliaExpression object at 0x7222a099c320>,24
28,3.719648,g = ((-0.6269717 - (((#8 + 1.4649774) * (#1 - #2)) * 0.00021340813)) * (#3 + 0.72186357)) + ((#2 * 0.1193694) / 1.0074854); d = ((#1 * 0.00021340813) - 0.043288916) * #1,6.796111078600154e-05,g = ((-0.6269717 - (((#8 + 1.4649774) * (#1 - #2)) * 0.00021340813)) * (#3 + 0.72186357)) + ((#2 * 0.1193694) / 1.0074854); d = ((#1 * 0.00021340813) - 0.043288916) * #1,<pysr.expression_specs.CallableJuliaExpression object at 0x7222a0958650>,18
25,3.7197204,g = (((#7 - #2) + #1) * (-0.001117218 * sqrt(#8 - -1.1355215))) - (1.9272704 - sqrt(#8 * 1.4395434)); d = square((#1 * -0.016307501) + 1.1190065),2.1372117358294752e-05,g = (((#7 - #2) + #1) * (-0.001117218 * sqrt(#8 - -1.1355215))) - (1.9272704 - sqrt(#8 * 1.4395434)); d = square((#1 * -0.016307501) + 1.1190065),<pysr.expression_specs.CallableJuliaExpression object at 0x7222a09d0530>,53
21,3.7197394,g = ((((-0.61394024 - #3) * #8) + (#2 - #3)) / sqrt(#2 + (#4 / 3.346285))) - 1.8967239; d = #1 * -0.072138764,0.0004592298310889,g = ((((-0.61394024 - #3) * #8) + (#2 - #3)) / sqrt(#2 + (#4 / 3.346285))) - 1.8967239; d = #1 * -0.072138764,<pysr.expression_specs.CallableJuliaExpression object at 0x7222a09d0380>,68
21,3.7197938,g = (#1 * -0.0029628146) + ((((#7 * -0.0008835091) - -0.83726525) * sqrt(#2)) + -0.7854064); d = #1 / ((#1 * -0.022859022) - 16.968916),0.0007231656490998,g = (#1 * -0.0029628146) + ((((#7 * -0.0008835091) - -0.83726525) * sqrt(#2)) + -0.7854064); d = #1 / ((#1 * -0.022859022) - 16.968916),<pysr.expression_specs.CallableJuliaExpression object at 0x7222a099dc10>,36
23,3.7198794,g = ((#7 + #1) * (sqrt(#8 - -1.1355215) * -0.001117218)) - (1.9272704 - sqrt(#8 * 1.4395434)); d = square((#1 * -0.016307501) + 1.1190065),0.0001323658017883,g = ((#7 + #1) * (sqrt(#8 - -1.1355215) * -0.001117218)) - (1.9272704 - sqrt(#8 * 1.4395434)); d = square((#1 * -0.016307501) + 1.1190065),<pysr.expression_specs.CallableJuliaExpression object at 0x7222a09d1970>,53
27,3.7199008,g = (#2 * 0.1193696) + ((#3 + 0.73801386) * (-0.60286844 - (((#8 - -1.9464065) * #1) * 0.00020653197))); d = (#1 + neg(0.39675134)) * ((#1 * 0.00020653197) - 0.044540953),5.26894382887036e-06,g = (#2 * 0.1193696) + ((#3 + 0.73801386) * (-0.60286844 - (((#8 - -1.9464065) * #1) * 0.00020653197))); d = (#1 + neg(0.39675134)) * ((#1 * 0.00020653197) - 0.044540953),<pysr.expression_specs.CallableJuliaExpression object at 0x7222a0958d40>,18
26,3.7199204,g = (#2 * 0.1193696) + ((#3 + 0.73801386) * (-0.60286844 - (((#8 - -1.9464065) * #1) * 0.00020653197))); d = (#1 + -0.16221395) * ((#1 * 0.00020653197) - 0.044540953),4.328030868309054e-06,g = (#2 * 0.1193696) + ((#3 + 0.73801386) * (-0.60286844 - (((#8 - -1.9464065) * #1) * 0.00020653197))); d = (#1 + -0.16221395) * ((#1 * 0.00020653197) - 0.044540953),<pysr.expression_specs.CallableJuliaExpression object at 0x7222a095a4e0>,18
24,3.7199526,g = (#2 * 0.1193696) + ((#3 + 0.73801386) * (-0.60286844 - ((#8 - -1.9464065) * (#1 * 0.00020653197)))); d = #1 * ((#1 * 0.00020653197) - 0.044540953),0.0004932978121289,g = (#2 * 0.1193696) + ((#3 + 0.73801386) * (-0.60286844 - ((#8 - -1.9464065) * (#1 * 0.00020653197)))); d = #1 * ((#1 * 0.00020653197) - 0.044540953),<pysr.expression_specs.CallableJuliaExpression object at 0x7222a0959b80>,18
28,3.719963,g = (-0.005963957 * (#1 + square((#8 + (-2.1754339 - sqrt(#2))) * -1.8855271))) + (((#3 / -1.4569967) - -1.2086769) * sqrt(#8)); d = square((#1 * 0.015840523) + -1.2086769),0.0002179085313442,g = (-0.005963957 * (#1 + square((#8 + (-2.1754339 - sqrt(#2))) * -1.8855271))) + (((#3 / -1.4569967) - -1.2086769) * sqrt(#8)); d = square((#1 * 0.015840523) + -1.2086769),<pysr.expression_specs.CallableJuliaExpression object at 0x7222a099db20>,38
26,3.7200367,g = ((#1 + (#8 * #4)) * -0.0044745747) + ((2.031629 - #3) * sqrt(#8 * 0.47512767)); d = ((#1 + (square(#1) * -0.0044745747)) * -0.044000495) + 0.2716923,5.661074229327184e-05,g = ((#1 + (#8 * #4)) * -0.0044745747) + ((2.031629 - #3) * sqrt(#8 * 0.47512767)); d = ((#1 + (square(#1) * -0.0044745747)) * -0.044000495) + 0.2716923,<pysr.expression_specs.CallableJuliaExpression object at 0x7222a095bfb0>,23
23,3.7200687,g = (#2 * 0.08329564) + ((((-2.9958012 / #2) + (#8 + 10.420804)) * #7) * -0.00017137121); d = square((#1 * 0.016750125) - 0.9275574) - 1.1823589,0.0006436250248637,g = (#2 * 0.08329564) + ((((-2.9958012 / #2) + (#8 + 10.420804)) * #7) * -0.00017137121); d = square((#1 * 0.016750125) - 0.9275574) - 1.1823589,<pysr.expression_specs.CallableJuliaExpression object at 0x7222a09d0b00>,52
21,3.7202325,g = (sqrt(#8 - -0.8812319) * (#7 * -0.0011451611)) - (3.8925586 / sqrt(#2 + 1.5192872)); d = square(-1.2483606 - (-0.015735246 * #1)),0.0012341877742135,g = (sqrt(#8 - -0.8812319) * (#7 * -0.0011451611)) - (3.8925586 / sqrt(#2 + 1.5192872)); d = square(-1.2483606 - (-0.015735246 * #1)),<pysr.expression_specs.CallableJuliaExpression object at 0x7222a0958740>,9
25,3.7202473,g = ((#1 + square(#8 * -1.4927928)) * -0.00401554) + ((2.031629 - #3) * sqrt(#8 * 0.47512767)); d = (#1 + (square(#1) * -0.0044745747)) * -0.044000495,0.0003046107676341,g = ((#1 + square(#8 * -1.4927928)) * -0.00401554) + ((2.031629 - #3) * sqrt(#8 * 0.47512767)); d = (#1 + (square(#1) * -0.0044745747)) * -0.044000495,<pysr.expression_specs.CallableJuliaExpression object at 0x7222a095bd70>,23
19,3.720252,g = (((#8 - (-0.013421026 * #1)) * #3) - #2) * -0.11911321; d = -1.723558 + square(-1.0788515 - (-0.016417598 * #1)),0.0037978974267203,g = (((#8 - (-0.013421026 * #1)) * #3) - #2) * -0.11911321; d = -1.723558 + square(-1.0788515 - (-0.016417598 * #1)),<pysr.expression_specs.CallableJuliaExpression object at 0x7222a099c1a0>,28
18,3.7203066,g = ((-0.0008779874 * #7) - -0.78388566) * (sqrt(#2) + 0.06629601); d = -3.5503078 + square(-1.3475488 - (#1 * -0.014786636)),0.0001427199867733,g = ((-0.0008779874 * #7) - -0.78388566) * (sqrt(#2) + 0.06629601); d = -3.5503078 + square(-1.3475488 - (#1 * -0.014786636)),<pysr.expression_specs.CallableJuliaExpression object at 0x7222a1f8c050>,2
22,3.7203138,g = (((#3 * sqrt(#8)) * -0.68479866) - ((#2 - #8) * -0.20234522)) + 0.055323493; d = square((#1 * -0.014829115) + 1.461848) + -3.0064123,3.800610206728551e-05,g = (((#3 * sqrt(#8)) * -0.68479866) - ((#2 - #8) * -0.20234522)) + 0.055323493; d = square((#1 * -0.014829115) + 1.461848) + -3.0064123,<pysr.expression_specs.CallableJuliaExpression object at 0x7222a09d02f0>,49
20,3.7203245,g = (((#3 * #8) - #2) * -0.12041645) - ((#7 * 0.0015316168) + 0.93248105); d = #1 / ((#1 * -0.02159504) + -17.138481),0.0029877443475387,g = (((#3 * #8) - #2) * -0.12041645) - ((#7 * 0.0015316168) + 0.93248105); d = #1 / ((#1 * -0.02159504) + -17.138481),<pysr.expression_specs.CallableJuliaExpression object at 0x7222a09d0560>,54
29,3.720345,g = (((#3 + 0.97865164) * ((#8 * (-0.113944195 - inv(#2 + ((#3 * 0.1489242) + -0.07745574)))) + -0.49375677)) * 0.9817949) + (#2 * 0.15539224); d = (#1 + 3.436628) * -0.0715344,4.066661753794794e-05,g = (((#3 + 0.97865164) * ((#8 * (-0.113944195 - inv(#2 + ((#3 * 0.1489242) + -0.07745574)))) + -0.49375677)) * 0.9817949) + (#2 * 0.15539224); d = (#1 + 3.436628) * -0.0715344,<pysr.expression_specs.CallableJuliaExpression object at 0x7222a095b4a0>,21
21,3.7203546,g = (((#7 * -0.0010094291) + 0.74254334) * sqrt(#8 + sqrt(#2))) + -1.0680904; d = square((#1 * -0.016129788) + 0.98516154) - 1.1619488,0.0013919088252695,g = (((#7 * -0.0010094291) + 0.74254334) * sqrt(#8 + sqrt(#2))) + -1.0680904; d = square((#1 * -0.016129788) + 0.98516154) - 1.1619488,<pysr.expression_specs.CallableJuliaExpression object at 0x7222a09d2ed0>,64
19,3.7203739,g = ((#2 - sqrt(#1)) - ((#3 * 5.693936) * sqrt(#8))) * 0.12150366; d = square((#1 * -0.015046597) + 1.3815321),0.0008682721931275,g = ((#2 - sqrt(#1)) - ((#3 * 5.693936) * sqrt(#8))) * 0.12150366; d = square((#1 * -0.015046597) + 1.3815321),<pysr.expression_specs.CallableJuliaExpression object at 0x7222a1f8f860>,5
25,3.7204833,g = ((#3 * -0.11880232) - (0.79816437 / (#8 - -1.5815729))) * (#8 + (((#3 / #8) - #1) * -0.012698345)); d = square((#1 * 0.015300102) + -1.3536966),0.000111585952082,g = ((#3 * -0.11880232) - (0.79816437 / (#8 - -1.5815729))) * (#8 + (((#3 / #8) - #1) * -0.012698345)); d = square((#1 * 0.015300102) + -1.3536966),<pysr.expression_specs.CallableJuliaExpression object at 0x7222a099d460>,29
24,3.7205071,g = -5.0037737 - (((#7 * 0.00093220046) - 0.88040847) * sqrt((((-1.7109848 + #2) - 1.0112656) / 1.091368) + 2.927469)); d = square((#1 * -0.013757847) - -1.7109848),0.0001815447913276,g = -5.0037737 - (((#7 * 0.00093220046) - 0.88040847) * sqrt((((-1.7109848 + #2) - 1.0112656) / 1.091368) + 2.927469)); d = square((#1 * -0.013757847) - -1.7109848),<pysr.expression_specs.CallableJuliaExpression object at 0x7222a09d2210>,66
16,3.720512,g = sqrt(#2) * ((#7 * -0.0008969998) + 0.84692585); d = square((#1 * -0.01386109) + 1.5549947) - 4.3080235,0.004390200370477,g = sqrt(#2) * ((#7 * -0.0008969998) + 0.84692585); d = square((#1 * -0.01386109) + 1.5549947) - 4.3080235,<pysr.expression_specs.CallableJuliaExpression object at 0x7222a099d730>,34
16,3.7205565,g = (sqrt(#2) * (0.899698 - (#7 * 0.000888428))) + -4.7577825; d = square((#1 * -0.01363771) + 1.6380218),0.0040923187816533,g = (sqrt(#2) * (0.899698 - (#7 * 0.000888428))) + -4.7577825; d = square((#1 * -0.01363771) + 1.6380218),<pysr.expression_specs.CallableJuliaExpression object at 0x7222a1f8f470>,6
18,3.7205956,g = (sqrt(#2) * ((#7 * -0.0008971054) + 0.8560896)) + -3.0605803; d = square((#1 * -0.014462564) - -1.4246182) - 0.8560896,0.0004315581848516,g = (sqrt(#2) * ((#7 * -0.0008971054) + 0.8560896)) + -3.0605803; d = square((#1 * -0.014462564) - -1.4246182) - 0.8560896,<pysr.expression_specs.CallableJuliaExpression object at 0x7222a09d13d0>,55
20,3.7205966,g = ((sqrt(#8) * -0.68479866) * #3) - ((#2 - #8) * -0.21717434); d = square((#1 * -0.014829115) + 1.4614844) + -2.993563,0.0007256873006603,g = ((sqrt(#8) * -0.68479866) * #3) - ((#2 - #8) * -0.21717434); d = square((#1 * -0.014829115) + 1.4614844) + -2.993563,<pysr.expression_specs.CallableJuliaExpression object at 0x7222a09d0e00>,49
29,3.7206354,g = ((#2 * 0.19762346) - (((#8 * (inv(#2 - (#4 * -0.11923113)) + 0.1122833)) - -0.48388633) * #3)) - (sqrt(#8) + inv(#2 - -0.24328291)); d = #1 * -0.07274587,4.050219389998245e-05,g = ((#2 * 0.19762346) - (((#8 * (inv(#2 - (#4 * -0.11923113)) + 0.1122833)) - -0.48388633) * #3)) - (sqrt(#8) + inv(#2 - -0.24328291)); d = #1 * -0.07274587,<pysr.expression_specs.CallableJuliaExpression object at 0x7222a095bc50>,22
27,3.7206476,g = (((#8 * (-0.113944195 - inv(((#3 * 0.1489242) + -0.08197804) + #2))) + -0.46050814) * (#3 + 0.99534297)) + (#2 * 0.15539224); d = (#1 * -0.0721925) + -0.26480097,8.165922204534575e-05,g = (((#8 * (-0.113944195 - inv(((#3 * 0.1489242) + -0.08197804) + #2))) + -0.46050814) * (#3 + 0.99534297)) + (#2 * 0.15539224); d = (#1 * -0.0721925) + -0.26480097,<pysr.expression_specs.CallableJuliaExpression object at 0x7222a095b170>,21
29,3.7207649,g = ((((#8 * -0.10788049) + -0.4823527) - (inv(#2 + ((#3 + -0.5458144) * 0.13998885)) * #8)) * (#3 + 1.031445)) - (#2 * -0.14865382); d = (#1 * -0.07059434) - 0.13121654,3.99229925863662e-05,g = ((((#8 * -0.10788049) + -0.4823527) - (inv(#2 + ((#3 + -0.5458144) * 0.13998885)) * #8)) * (#3 + 1.031445)) - (#2 * -0.14865382); d = (#1 * -0.07059434) - 0.13121654,<pysr.expression_specs.CallableJuliaExpression object at 0x7222a099d430>,33
16,3.7207723,g = (sqrt(#2) * (0.8964268 - (#7 * 0.0009032))) + -4.3550534; d = square((#1 * -0.014455955) + 1.51744),0.0044364792283932,g = (sqrt(#2) * (0.8964268 - (#7 * 0.0009032))) + -4.3550534; d = square((#1 * -0.014455955) + 1.51744),<pysr.expression_specs.CallableJuliaExpression object at 0x7222a0958b30>,11
27,3.7207737,g = (((#3 / -1.4545593) - -1.2985033) * sqrt(#8)) + (((#1 + square(5.1620026 - (#8 / 0.59864795))) * -0.005752353) - 0.59864795); d = square((#1 * 0.015840523) + -1.2756902),9.070611810583452e-06,g = (((#3 / -1.4545593) - -1.2985033) * sqrt(#8)) + (((#1 + square(5.1620026 - (#8 / 0.59864795))) * -0.005752353) - 0.59864795); d = square((#1 * 0.015840523) + -1.2756902),<pysr.expression_specs.CallableJuliaExpression object at 0x7222a099c620>,38
19,3.7208214,g = (#7 * -0.0014614841) - ((((#8 * #3) - #2) * 0.12283631) + 1.6168686); d = square((#1 * -0.016386565) + 1.0328381),0.0035912707646607,g = (#7 * -0.0014614841) - ((((#8 * #3) - #2) * 0.12283631) + 1.6168686); d = square((#1 * -0.016386565) + 1.0328381),<pysr.expression_specs.CallableJuliaExpression object at 0x7222a09585f0>,8
17,3.7208376,g = sqrt(#2) * ((#7 * -0.0008895514) - -0.93178946); d = (((#1 * 0.0001967574) + -0.04439813) * #1) + -2.1447985,8.046251599990446e-05,g = sqrt(#2) * ((#7 * -0.0008895514) - -0.93178946); d = (((#1 * 0.0001967574) + -0.04439813) * #1) + -2.1447985,<pysr.expression_specs.CallableJuliaExpression object at 0x7222a1f8cc50>,2
25,3.7208412,g = (((#3 / -1.4545593) - -1.1620144) * sqrt(#8)) + ((#1 + square((5.1620026 - #8) / 0.59864795)) * -0.005752353); d = square((#1 * 0.015840523) + -1.2000722),0.0002563876403815,g = (((#3 / -1.4545593) - -1.1620144) * sqrt(#8)) + ((#1 + square((5.1620026 - #8) / 0.59864795)) * -0.005752353); d = square((#1 * 0.015840523) + -1.2000722),<pysr.expression_specs.CallableJuliaExpression object at 0x7222a099dfa0>,38
21,3.7208643,g = (((sqrt(#8 - -1.1720747) * (#7 + #1)) * -0.0010974457) + sqrt(#8)) - 1.677873; d = square((#1 * -0.016324745) + 1.1190069),0.0007372986977919,g = (((sqrt(#8 - -1.1720747) * (#7 + #1)) * -0.0010974457) + sqrt(#8)) - 1.677873; d = square((#1 * -0.016324745) + 1.1190069),<pysr.expression_specs.CallableJuliaExpression object at 0x7222a09d1100>,53
16,3.7208807,g = (((#7 * -0.0009012325) + 0.82281935) * sqrt(#2)) + -3.5651171; d = square((#1 * -0.014978015) + 1.3333172),0.0043227094078193,g = (((#7 * -0.0009012325) + 0.82281935) * sqrt(#2)) + -3.5651171; d = square((#1 * -0.014978015) + 1.3333172),<pysr.expression_specs.CallableJuliaExpression object at 0x7222a09d1010>,56
27,3.7209368,g = ((-0.732383 - #3) * ((#8 * (inv((#2 - (#3 * -0.14158686)) + -0.07004342) + 0.11659173)) - -0.4455722)) + (#2 * 0.149752); d = (#1 * -0.07004342) - 0.480006,7.097171250367265e-05,g = ((-0.732383 - #3) * ((#8 * (inv((#2 - (#3 * -0.14158686)) + -0.07004342) + 0.11659173)) - -0.4455722)) + (#2 * 0.149752); d = (#1 * -0.07004342) - 0.480006,<pysr.expression_specs.CallableJuliaExpression object at 0x7222a095bb60>,22
21,3.7210317,g = (((sqrt(#8 - -1.2654796) * -0.0010681895) * #7) - (#2 * -0.08213168)) - square(-1.3581953); d = square((#1 * 0.01569439) + -1.1755213),1.0373413317925552e-05,g = (((sqrt(#8 - -1.2654796) * -0.0010681895) * #7) - (#2 * -0.08213168)) - square(-1.3581953); d = square((#1 * 0.01569439) + -1.1755213),<pysr.expression_specs.CallableJuliaExpression object at 0x7222a0958fb0>,12
27,3.721062,g = ((#3 + 1.1204345) * ((#8 * -0.10788049) + (-0.4823527 - (inv(#2 + ((#3 + -0.5565741) * 0.13998885)) * #8)))) - (#2 * -0.14680393); d = #1 * -0.07059434,0.000126708518461,g = ((#3 + 1.1204345) * ((#8 * -0.10788049) + (-0.4823527 - (inv(#2 + ((#3 + -0.5565741) * 0.13998885)) * #8)))) - (#2 * -0.14680393); d = #1 * -0.07059434,<pysr.expression_specs.CallableJuliaExpression object at 0x7222a099e210>,33
20,3.7210703,g = (((sqrt(#8 - -1.2654796) * -0.0010681895) * #7) - (#2 * -0.08213168)) - 1.857506; d = square((#1 * 0.01569439) + -1.1755213),0.0006953107519016,g = (((sqrt(#8 - -1.2654796) * -0.0010681895) * #7) - (#2 * -0.08213168)) - 1.857506; d = square((#1 * 0.01569439) + -1.1755213),<pysr.expression_specs.CallableJuliaExpression object at 0x7222a0958aa0>,12
19,3.7211092,g = ((((#3 + 0.110944286) * sqrt(#8)) * -0.6925291) + -4.9293966) + sqrt(#2); d = square((#1 * -0.013787296) + 1.6292341),4.990198442865919e-05,g = ((((#3 + 0.110944286) * sqrt(#8)) * -0.6925291) + -4.9293966) + sqrt(#2); d = square((#1 * -0.013787296) + 1.6292341),<pysr.expression_specs.CallableJuliaExpression object at 0x7222a09d15e0>,71
16,3.721137,g = ((#7 * -0.0008779874) - -0.78388566) * sqrt(#2); d = square((#1 * -0.014786636) - -1.3475488) + -3.5503078,0.0040844019084416,g = ((#7 * -0.0008779874) - -0.78388566) * sqrt(#2); d = square((#1 * -0.014786636) - -1.3475488) + -3.5503078,<pysr.expression_specs.CallableJuliaExpression object at 0x7222a1f8db20>,2
22,3.7211463,g = ((#2 / 0.5538499) - (sqrt(#1 / #8) * ((#3 * #8) + 1.7249534))) * 0.029467866; d = square((#1 * -0.016579367) - -0.87987095),0.0001615773184496,g = ((#2 / 0.5538499) - (sqrt(#1 / #8) * ((#3 * #8) + 1.7249534))) * 0.029467866; d = square((#1 * -0.016579367) - -0.87987095),<pysr.expression_specs.CallableJuliaExpression object at 0x7222a09d03b0>,47
23,3.7211826,g = -5.0037737 - (sqrt(((#2 / 1.0112656) / 1.091368) + square(0.31759673)) * ((#7 * 0.00093220046) - 0.88040847)); d = square(-1.7109848 - (#1 * -0.013757847)),2.793388754944415e-05,g = -5.0037737 - (sqrt(((#2 / 1.0112656) / 1.091368) + square(0.31759673)) * ((#7 * 0.00093220046) - 0.88040847)); d = square(-1.7109848 - (#1 * -0.013757847)),<pysr.expression_specs.CallableJuliaExpression object at 0x7222a09d1b80>,66
25,3.7212553,g = ((((#8 * (-0.11096019 - inv(#2 + (#3 * 0.15875387)))) + -0.49375677) * (#3 + 0.9322028)) + (#2 * 0.15875387)) - 0.30667135; d = #1 * -0.07174918,8.710011573708473e-05,g = ((((#8 * (-0.11096019 - inv(#2 + (#3 * 0.15875387)))) + -0.49375677) * (#3 + 0.9322028)) + (#2 * 0.15875387)) - 0.30667135; d = #1 * -0.07174918,<pysr.expression_specs.CallableJuliaExpression object at 0x7222a095b410>,21
23,3.7213137,g = (((#5 - #1) * -0.012698345) + #8) * ((#3 * -0.11880232) - (0.79558694 / (#8 - -1.564139))); d = square((#1 * 0.015300102) + -1.3594737),8.038181635262878e-05,g = (((#5 - #1) * -0.012698345) + #8) * ((#3 * -0.11880232) - (0.79558694 / (#8 - -1.564139))); d = square((#1 * 0.015300102) + -1.3594737),<pysr.expression_specs.CallableJuliaExpression object at 0x7222a099ca10>,29
24,3.7213807,g = ((#1 + (#8 * #4)) * -0.00401554) + ((2.031629 - #3) * sqrt(#8 * 0.47512767)); d = (#1 + (square(#1) * -0.0044745747)) * -0.044000495,3.568504306128106e-05,g = ((#1 + (#8 * #4)) * -0.00401554) + ((2.031629 - #3) * sqrt(#8 * 0.47512767)); d = (#1 + (square(#1) * -0.0044745747)) * -0.044000495,<pysr.expression_specs.CallableJuliaExpression object at 0x7222a0959b20>,23
21,3.7213905,g = -5.0037737 - (((#7 * 0.00093220046) - 0.9033603) * sqrt((#2 / 1.0112656) / square(1.0112656))); d = square(-1.7109848 - (#1 * -0.013757847)),3.372281619844533e-05,g = -5.0037737 - (((#7 * 0.00093220046) - 0.9033603) * sqrt((#2 / 1.0112656) / square(1.0112656))); d = square(-1.7109848 - (#1 * -0.013757847)),<pysr.expression_specs.CallableJuliaExpression object at 0x7222a09d0890>,66
17,3.7214065,g = sqrt(#2) - (#3 / sqrt(2.0754242 / #8)); d = square((#1 * 0.013601789) + -1.6898416) + -5.141822,0.0040839729137233,g = sqrt(#2) - (#3 / sqrt(2.0754242 / #8)); d = square((#1 * 0.013601789) + -1.6898416) + -5.141822,<pysr.expression_specs.CallableJuliaExpression object at 0x7222a099d070>,43
17,3.7214103,g = (sqrt(#2) - ((sqrt(#8) * #3) * 0.69393873)) - 5.262945; d = square((#1 * -0.01336615) + 1.7257092),0.004249210537576,g = (sqrt(#2) - ((sqrt(#8) * #3) * 0.69393873)) - 5.262945; d = square((#1 * -0.01336615) + 1.7257092),<pysr.expression_specs.CallableJuliaExpression object at 0x7222a09d0470>,48
17,3.7214122,g = (sqrt(#2) + -4.9903693) + ((sqrt(#8) * -0.69447905) * #3); d = square((#1 / -72.71997) + 1.6477959),0.0035795363251672,g = (sqrt(#2) + -4.9903693) + ((sqrt(#8) * -0.69447905) * #3); d = square((#1 / -72.71997) + 1.6477959),<pysr.expression_specs.CallableJuliaExpression object at 0x7222a095ade0>,20
17,3.721448,g = (#3 * (sqrt(#8) * -0.6939908)) + (sqrt(#2) - 4.988126); d = square((#1 * -0.013644191) + 1.6503861),0.0040459518275515,g = (#3 * (sqrt(#8) * -0.6939908)) + (sqrt(#2) - 4.988126); d = square((#1 * -0.013644191) + 1.6503861),<pysr.expression_specs.CallableJuliaExpression object at 0x7222a099c980>,41
25,3.721465,g = (((#8 * (inv(#2 - (#3 * -0.14158686)) + 0.11659173)) - -0.4455722) * (-0.732383 - #3)) + (#2 * 0.149752); d = (#1 * -0.07004342) - 0.480006,8.143978682336637e-05,g = (((#8 * (inv(#2 - (#3 * -0.14158686)) + 0.11659173)) - -0.4455722) * (-0.732383 - #3)) + (#2 * 0.149752); d = (#1 * -0.07004342) - 0.480006,<pysr.expression_specs.CallableJuliaExpression object at 0x7222a095b9e0>,22
17,3.7214806,g = ((#3 * (sqrt(#8) * -0.6925291)) + -4.9293966) + sqrt(#2); d = square(1.6292341 + (#1 * -0.013787296)),0.0022496523419811,g = ((#3 * (sqrt(#8) * -0.6925291)) + -4.9293966) + sqrt(#2); d = square(1.6292341 + (#1 * -0.013787296)),<pysr.expression_specs.CallableJuliaExpression object at 0x7222a09d3500>,71
17,3.7214878,g = ((sqrt(#8) * -0.69521695) * #3) - (5.1188207 - sqrt(#2)); d = square((#1 * 0.01341082) + -1.691588),0.0037800951743284,g = ((sqrt(#8) * -0.69521695) * #3) - (5.1188207 - sqrt(#2)); d = square((#1 * 0.01341082) + -1.691588),<pysr.expression_specs.CallableJuliaExpression object at 0x7222a0959700>,14
17,3.7215133,g = ((sqrt(#8) * #3) * -0.6939159) - (6.0075994 - sqrt(#2)); d = square(-1.9187006 - (#1 * -0.012624186)),0.0040164152594918,g = ((sqrt(#8) * #3) * -0.6939159) - (6.0075994 - sqrt(#2)); d = square(-1.9187006 - (#1 * -0.012624186)),<pysr.expression_specs.CallableJuliaExpression object at 0x7222a09d15b0>,62
23,3.7215135,g = ((#1 + square(#8)) * -0.00401554) + ((2.018108 - #3) * sqrt(#8 * 0.47596866)); d = (#1 - square(-0.067357644 * #1)) * -0.044000495,0.000465266922544,g = ((#1 + square(#8)) * -0.00401554) + ((2.018108 - #3) * sqrt(#8 * 0.47596866)); d = (#1 - square(-0.067357644 * #1)) * -0.044000495,<pysr.expression_specs.CallableJuliaExpression object at 0x7222a09593a0>,23
18,3.7215436,g = (sqrt(#8) * (#3 * -0.6940639)) + sqrt(#2); d = -2.3499358 - ((0.04937931 - (#1 * 0.00015880183)) * #1),0.00200821807501,g = (sqrt(#8) * (#3 * -0.6940639)) + sqrt(#2); d = -2.3499358 - ((0.04937931 - (#1 * 0.00015880183)) * #1),<pysr.expression_specs.CallableJuliaExpression object at 0x7222a099c8f0>,27
19,3.7216415,g = -5.0037737 - (((#7 * 0.00093220046) - 0.9033603) * sqrt(#2 / square(1.0112656))); d = square(-1.7109848 - (-0.013757847 * #1)),6.991294148890203e-05,g = -5.0037737 - (((#7 * 0.00093220046) - 0.9033603) * sqrt(#2 / square(1.0112656))); d = square(-1.7109848 - (-0.013757847 * #1)),<pysr.expression_specs.CallableJuliaExpression object at 0x7222a09d2d20>,66
18,3.72166,g = (sqrt(#8) * (#3 * -0.6956028)) + sqrt(#2); d = (#1 * ((#1 * 0.00016637603) + -0.049362127)) + -2.3905294,0.003238276855768,g = (sqrt(#8) * (#3 * -0.6956028)) + sqrt(#2); d = (#1 * ((#1 * 0.00016637603) + -0.049362127)) + -2.3905294,<pysr.expression_specs.CallableJuliaExpression object at 0x7222a1f75760>,7
17,3.7217143,g = ((sqrt(#8) * #3) * -0.6950934) - (6.060464 - sqrt(#2)); d = square((#1 * -0.012951769) + 1.9198815),0.0037105876563692,g = ((sqrt(#8) * #3) * -0.6950934) - (6.060464 - sqrt(#2)); d = square((#1 * -0.012951769) + 1.9198815),<pysr.expression_specs.CallableJuliaExpression object at 0x7222a1fb7f20>,1
17,3.7217178,g = (sqrt(#2) + -4.435298) - ((sqrt(#8) * #3) * 0.6966177); d = square((#1 * 0.014455158) + -1.4829633),0.0039518312492044,g = (sqrt(#2) + -4.435298) - ((sqrt(#8) * #3) * 0.6966177); d = square((#1 * 0.014455158) + -1.4829633),<pysr.expression_specs.CallableJuliaExpression object at 0x7222a099c680>,44
17,3.721743,g = (sqrt(#2) - (sqrt(#8 * 0.48465586) * #3)) + -4.4756255; d = square((#1 * 0.014494228) + -1.4930739),0.003948887355496618,g = (sqrt(#2) - (sqrt(#8 * 0.48465586) * #3)) + -4.4756255; d = square((#1 * 0.014494228) + -1.4930739),<pysr.expression_specs.CallableJuliaExpression object at 0x7222a08e8140>,74
24,3.7217953,g = (#1 * -0.005175008) + ((sqrt(#8) * ((#3 / (-0.47605956 - 0.9637703)) - -1.1455253)) - 1.0627927); d = square((#1 * -0.014030328) + 1.6208526) + -0.73426414,5.252813691207444e-06,g = (#1 * -0.005175008) + ((sqrt(#8) * ((#3 / (-0.47605956 - 0.9637703)) - -1.1455253)) - 1.0627927); d = square((#1 * -0.014030328) + 1.6208526) + -0.73426414,<pysr.expression_specs.CallableJuliaExpression object at 0x7222a099cc20>,38
22,3.7218344,g = (sqrt(#8) * ((#3 / -1.4371825) - -1.1455253)) + ((#1 * -0.005175008) - 1.0627927); d = square((#1 * -0.014030328) + 1.6208526) + -0.73426414,4.970642445335901e-06,g = (sqrt(#8) * ((#3 / -1.4371825) - -1.1455253)) + ((#1 * -0.005175008) - 1.0627927); d = square((#1 * -0.014030328) + 1.6208526) + -0.73426414,<pysr.expression_specs.CallableJuliaExpression object at 0x7222a099d9a0>,38
20,3.7218714,g = ((#1 * -0.005175008) + (((#3 / -1.461704) - -1.1455253) * sqrt(#8))) - 1.786074; d = square((#1 * -0.014030328) + 1.6146147),0.0005426312428146,g = ((#1 * -0.005175008) + (((#3 / -1.461704) - -1.1455253) * sqrt(#8))) - 1.786074; d = square((#1 * -0.014030328) + 1.6146147),<pysr.expression_specs.CallableJuliaExpression object at 0x7222a099d7f0>,38
18,3.7219017,g = -5.0037737 - (sqrt(#2 / 1.0112656) * ((#7 * 0.00093220046) - 0.9033603)); d = square((#1 * -0.013757847) - -1.7098578),4.168394152542727e-05,g = -5.0037737 - (sqrt(#2 / 1.0112656) * ((#7 * 0.00093220046) - 0.9033603)); d = square((#1 * -0.013757847) - -1.7098578),<pysr.expression_specs.CallableJuliaExpression object at 0x7222a09d1130>,66
23,3.7219036,g = (#2 * 0.15807523) + ((#3 + 1.2028666) * ((#8 * (-0.11088636 - inv(#2 + (#3 * 0.15275097)))) + -0.49178505)); d = #1 * -0.07174918,0.0008391107508831,g = (#2 * 0.15807523) + ((#3 + 1.2028666) * ((#8 * (-0.11088636 - inv(#2 + (#3 * 0.15275097)))) + -0.49178505)); d = #1 * -0.07174918,<pysr.expression_specs.CallableJuliaExpression object at 0x7222a095b3b0>,21
21,3.721912,g = ((#3 * -0.11880232) - (0.79558694 / (#8 - -1.5794392))) * (#8 - (#1 * -0.012698345)); d = square((#1 * 0.015300102) + -1.3594737),0.0026804013400331,g = ((#3 * -0.11880232) - (0.79558694 / (#8 - -1.5794392))) * (#8 - (#1 * -0.012698345)); d = square((#1 * 0.015300102) + -1.3594737),<pysr.expression_specs.CallableJuliaExpression object at 0x7222a099c1d0>,29
25,3.7220051,g = (((#8 * -0.10788049) + (-0.49644658 - (#8 * inv(#2 + (#3 * 0.13998885))))) * (#3 + 1.1231737)) - (#2 * -0.14865382); d = #1 * -0.07059434,0.0003104754324668,g = (((#8 * -0.10788049) + (-0.49644658 - (#8 * inv(#2 + (#3 * 0.13998885))))) * (#3 + 1.1231737)) - (#2 * -0.14865382); d = #1 * -0.07059434,<pysr.expression_specs.CallableJuliaExpression object at 0x7222a099dee0>,33
23,3.7220712,g = (#2 * 0.14537615) + ((-1.1545866 - #3) * ((#8 * (inv(#2 - (#3 * -0.14664114)) + 0.110356085)) - -0.47291923)); d = #1 * -0.07043724,0.0017851527869915,g = (#2 * 0.14537615) + ((-1.1545866 - #3) * ((#8 * (inv(#2 - (#3 * -0.14664114)) + 0.110356085)) - -0.47291923)); d = #1 * -0.07043724,<pysr.expression_specs.CallableJuliaExpression object at 0x7222a0958200>,22
16,3.72219,g = -3.0700104 - (((#7 * 0.0008765825) - 0.7696026) * sqrt(#2)); d = square((#1 * -0.015367253) - -1.1968626),0.0036488976568288,g = -3.0700104 - (((#7 * 0.0008765825) - 0.7696026) * sqrt(#2)); d = square((#1 * -0.015367253) - -1.1968626),<pysr.expression_specs.CallableJuliaExpression object at 0x7222a09d3fe0>,72
17,3.7222016,g = (sqrt(#2) + -4.516276) + ((#7 * sqrt(#2)) * -0.0008841204); d = square((#1 * -0.014256187) - -1.501285),8.481179865336496e-05,g = (sqrt(#2) + -4.516276) + ((#7 * sqrt(#2)) * -0.0008841204); d = square((#1 * -0.014256187) - -1.501285),<pysr.expression_specs.CallableJuliaExpression object at 0x7222a09d0530>,55
16,3.722212,g = -5.0037737 - (sqrt(#2) * ((#7 * 0.00093220046) - 0.9033603)); d = square((#1 * -0.013757847) - -1.7098578),0.004094542548813,g = -5.0037737 - (sqrt(#2) * ((#7 * 0.00093220046) - 0.9033603)); d = square((#1 * -0.013757847) - -1.7098578),<pysr.expression_specs.CallableJuliaExpression object at 0x7222a09d2480>,66
19,3.7223346,g = ((((#8 * #3) - #2) * -0.1027616) + -2.6703467) - (#7 * 0.0015660735); d = square((#1 * -0.014473086) + 1.443279),0.0020959207678955,g = ((((#8 * #3) - #2) * -0.1027616) + -2.6703467) - (#7 * 0.0015660735); d = square((#1 * -0.014473086) + 1.443279),<pysr.expression_specs.CallableJuliaExpression object at 0x7222a1f8dd90>,4
20,3.722349,g = (#2 - (sqrt(#1 / #8) * ((#3 * #8) + 1.5097361))) * 0.029467866; d = square((#1 * -0.01700546) - -0.87987095),0.0016572024264156,g = (#2 - (sqrt(#1 / #8) * ((#3 * #8) + 1.5097361))) * 0.029467866; d = square((#1 * -0.01700546) - -0.87987095),<pysr.expression_specs.CallableJuliaExpression object at 0x7222a09d03e0>,47
22,3.7224638,g = (((#7 * ((#8 - inv(#8)) + 10.43708)) * -0.0026601963) + #2) * 0.063856155; d = square((#1 * 0.015820822) - 1.2086949) - 1.7138442,0.0011199208247762,g = (((#7 * ((#8 - inv(#8)) + 10.43708)) * -0.0026601963) + #2) * 0.063856155; d = square((#1 * 0.015820822) - 1.2086949) - 1.7138442,<pysr.expression_specs.CallableJuliaExpression object at 0x7222a09d0260>,52
20,3.7224848,g = (((#7 * -0.0008835091) - -0.82521737) * (sqrt(#2) + inv(#4))) + -2.1009514; d = #1 / ((#1 * -0.024435554) - 18.053478),0.0002453973504673,g = (((#7 * -0.0008835091) - -0.82521737) * (sqrt(#2) + inv(#4))) + -2.1009514; d = #1 / ((#1 * -0.024435554) - 18.053478),<pysr.expression_specs.CallableJuliaExpression object at 0x7222a099e3f0>,36
16,3.7225173,g = (((#7 * -0.00088336255) + 0.70598537) * sqrt(#2)) + -3.0974019; d = square(1.2816803 - (#1 * 0.014810635)),0.0038139222814942,g = (((#7 * -0.00088336255) + 0.70598537) * sqrt(#2)) + -3.0974019; d = square(1.2816803 - (#1 * 0.014810635)),<pysr.expression_specs.CallableJuliaExpression object at 0x7222a09d0d10>,55
22,3.7228625,g = (#3 / (10.277604 / ((#1 * -0.017384252) - #8))) + (#2 / 11.942726); d = (((#1 * 0.00021866229) + -0.04208617) * #1) + -0.46958762,0.0016351182837964,g = (#3 / (10.277604 / ((#1 * -0.017384252) - #8))) + (#2 / 11.942726); d = (((#1 * 0.00021866229) + -0.04208617) * #1) + -0.46958762,<pysr.expression_specs.CallableJuliaExpression object at 0x7222a09d0770>,61
26,3.7230942,g = inv(#4) + ((((#8 * square(-0.3594633)) + 0.7184938) * (neg(#3) - 1.4269081)) + (#2 * 0.1886362)); d = (#1 - square(0.05676629 * #1)) * -0.050382737,4.034197424770735e-05,g = inv(#4) + ((((#8 * square(-0.3594633)) + 0.7184938) * (neg(#3) - 1.4269081)) + (#2 * 0.1886362)); d = (#1 - square(0.05676629 * #1)) * -0.050382737,<pysr.expression_specs.CallableJuliaExpression object at 0x7222a0959e80>,16
19,3.7231574,g = ((#2 - ((#8 - -0.75596964) * #3)) / sqrt((#4 * 0.23368762) + #2)) - 2.376662; d = #1 * -0.07034966,0.0015013069405242,g = ((#2 - ((#8 - -0.75596964) * #3)) / sqrt((#4 * 0.23368762) + #2)) - 2.376662; d = #1 * -0.07034966,<pysr.expression_specs.CallableJuliaExpression object at 0x7222a09d0d40>,68
25,3.7232444,g = inv(#4) + ((((#8 * 0.12743193) + 0.7184938) * (neg(#3) - 1.4269081)) + (#2 * 0.1886362)); d = (#1 - square(#1 * 0.05676629)) * -0.050382737,8.356260475938112e-05,g = inv(#4) + ((((#8 * 0.12743193) + 0.7184938) * (neg(#3) - 1.4269081)) + (#2 * 0.1886362)); d = (#1 - square(#1 * 0.05676629)) * -0.050382737,<pysr.expression_specs.CallableJuliaExpression object at 0x7222a0959d90>,16
22,3.7232454,g = ((1.9300163 - #3) * sqrt(#8 * 0.47547773)) + ((#1 * -0.0043833605) + 0.2624535); d = (#1 - (square(#1) * 0.004453765)) * -0.043947227,0.0001550020144951,g = ((1.9300163 - #3) * sqrt(#8 * 0.47547773)) + ((#1 * -0.0043833605) + 0.2624535); d = (#1 - (square(#1) * 0.004453765)) * -0.043947227,<pysr.expression_specs.CallableJuliaExpression object at 0x7222a0958080>,23
19,3.7233984,g = -2.132618 + (sqrt(0.31546852 + #2) * ((#7 * -0.0008835091) - -0.8502745)); d = #1 / ((#1 * -0.024435554) - 18.04515),8.073960774385653e-05,g = -2.132618 + (sqrt(0.31546852 + #2) * ((#7 * -0.0008835091) - -0.8502745)); d = #1 / ((#1 * -0.024435554) - 18.04515),<pysr.expression_specs.CallableJuliaExpression object at 0x7222a099e4b0>,36
18,3.7236056,g = (((#7 * -0.00090188) + 0.6936796) * sqrt(#2)) + -0.05749421; d = square((#1 * 0.015819358) - 1.1546342) + -2.7371545,4.620308092843833e-05,g = (((#7 * -0.00090188) + 0.6936796) * sqrt(#2)) + -0.05749421; d = square((#1 * 0.015819358) - 1.1546342) + -2.7371545,<pysr.expression_specs.CallableJuliaExpression object at 0x7222a1f8f4a0>,5
20,3.7236087,g = ((((#7 + #1) * -0.0010974457) + 1.1162876) * sqrt(#8 - -0.89842176)) - 2.0092413; d = square((#1 * -0.016324745) + 1.0243932),0.0016657312180824,g = ((((#7 + #1) * -0.0010974457) + 1.1162876) * sqrt(#8 - -0.89842176)) - 2.0092413; d = square((#1 * -0.016324745) + 1.0243932),<pysr.expression_specs.CallableJuliaExpression object at 0x7222a09d0e90>,53
22,3.7236245,g = ((#3 + 0.7479248) * (-0.7446379 - ((#1 * 0.00022430508) * #8))) + (#2 * 0.12433048); d = ((#1 * 0.00020641138) - 0.042760912) * #1,0.0005952077872874,g = ((#3 + 0.7479248) * (-0.7446379 - ((#1 * 0.00022430508) * #8))) + (#2 * 0.12433048); d = ((#1 * 0.00020641138) - 0.042760912) * #1,<pysr.expression_specs.CallableJuliaExpression object at 0x7222a095ade0>,18
23,3.7238667,g = (((#8 * 0.1341818) + 0.6695311) * ((#3 * -1.0227692) + -1.2588733)) + (#2 * 0.179348); d = -0.050615326 * (#1 - square(#1 * 0.05498996)),7.612764684703604e-05,g = (((#8 * 0.1341818) + 0.6695311) * ((#3 * -1.0227692) + -1.2588733)) + (#2 * 0.179348); d = -0.050615326 * (#1 - square(#1 * 0.05498996)),<pysr.expression_specs.CallableJuliaExpression object at 0x7222a0958c20>,16
16,3.7239497,g = ((#7 * -0.00090188) + 0.6936796) * sqrt(#2); d = square(1.1546342 - (#1 * 0.015819358)) + -2.7371545,0.0040396019913825,g = ((#7 * -0.00090188) + 0.6936796) * sqrt(#2); d = square(1.1546342 - (#1 * 0.015819358)) + -2.7371545,<pysr.expression_specs.CallableJuliaExpression object at 0x7222a1f8f0e0>,5
17,3.7239997,g = (sqrt(#2) * ((#7 * -0.0008835091) - -0.8520715)) + -2.132618; d = #1 / ((#1 * -0.024435554) - 18.04515),0.0035032552083549,g = (sqrt(#2) * ((#7 * -0.0008835091) - -0.8520715)) + -2.132618; d = #1 / ((#1 * -0.024435554) - 18.04515),<pysr.expression_specs.CallableJuliaExpression object at 0x7222a099daf0>,36
22,3.7241502,g = (#2 * 0.18106775) + (((#8 * 0.1338027) + 0.66792816) * (neg(#3) + -1.2919604)); d = (#1 - square(#1 * -0.054374468)) * -0.050615326,0.0002703375876368,g = (#2 * 0.18106775) + (((#8 * 0.1338027) + 0.66792816) * (neg(#3) + -1.2919604)); d = (#1 - square(#1 * -0.054374468)) * -0.050615326,<pysr.expression_specs.CallableJuliaExpression object at 0x7222a0958fb0>,16
28,3.724246,g = ((#8 + (((-0.077352226 / #8) * (#2 + #4)) + 6.2979794)) * ((((#2 / (#8 + 0.34339625)) / -1.3603102) + #3) * -0.12944569)) - 2.220937; d = #1 * -0.0709725,0.0001276068635201,g = ((#8 + (((-0.077352226 / #8) * (#2 + #4)) + 6.2979794)) * ((((#2 / (#8 + 0.34339625)) / -1.3603102) + #3) * -0.12944569)) - 2.220937; d = #1 * -0.0709725,<pysr.expression_specs.CallableJuliaExpression object at 0x7222a099ef90>,40
23,3.724317,g = ((#3 + 1.3066428) * ((#8 * (-0.10768699 - inv(sqrt(square(#5)) + #2))) + -0.5932218)) - (#2 * -0.17452043); d = #1 * -0.070262164,0.0001816275484448,g = ((#3 + 1.3066428) * ((#8 * (-0.10768699 - inv(sqrt(square(#5)) + #2))) + -0.5932218)) - (#2 * -0.17452043); d = #1 * -0.070262164,<pysr.expression_specs.CallableJuliaExpression object at 0x7222a099cd40>,33
20,3.7243998,g = ((1.921414 - #3) * sqrt(#8 * 0.47745496)) + (#1 * -0.0038890617); d = (#1 - square(#1 * -0.065963775)) * -0.044355325,0.0010134578181508,g = ((1.921414 - #3) * sqrt(#8 * 0.47745496)) + (#1 * -0.0038890617); d = (#1 - square(#1 * -0.065963775)) * -0.044355325,<pysr.expression_specs.CallableJuliaExpression object at 0x7222a095af60>,23
18,3.7245398,g = (((#8 + 0.81888187) * #3) + 1.9801401) / (-0.7614917 - sqrt(#2)); d = square((#1 * 0.017209318) - 0.8950928),0.0025760581796615,g = (((#8 + 0.81888187) * #3) + 1.9801401) / (-0.7614917 - sqrt(#2)); d = square((#1 * 0.017209318) - 0.8950928),<pysr.expression_specs.CallableJuliaExpression object at 0x7222a09d09e0>,58
20,3.7248268,g = ((#7 * -0.0011230346) * sqrt(#8 - -0.8949027)) - sqrt(3.8642704 / sqrt(#2)); d = square(-1.1900351 - (#1 * -0.015440818)),0.000622795303266,g = ((#7 * -0.0011230346) * sqrt(#8 - -0.8949027)) - sqrt(3.8642704 / sqrt(#2)); d = square(-1.1900351 - (#1 * -0.015440818)),<pysr.expression_specs.CallableJuliaExpression object at 0x7222a0958110>,9
22,3.7249935,g = ((((-0.10768699 - inv(#2 + sqrt(#3))) * #8) + -0.5663234) * (#3 + 1.2459333)) - (#2 * -0.18087229); d = #1 * -0.07094533,0.0009264179972013,g = ((((-0.10768699 - inv(#2 + sqrt(#3))) * #8) + -0.5663234) * (#3 + 1.2459333)) - (#2 * -0.18087229); d = #1 * -0.07094533,<pysr.expression_specs.CallableJuliaExpression object at 0x7222a099d8b0>,33
22,3.725028,g = ((-0.54397196 + ((-0.11036728 - inv(#2 + sqrt(#3))) * #8)) * (#3 + 1.2266432)) + (0.17132032 * #2); d = #1 * -0.07044021,0.0011968583699039,g = ((-0.54397196 + ((-0.11036728 - inv(#2 + sqrt(#3))) * #8)) * (#3 + 1.2266432)) + (0.17132032 * #2); d = #1 * -0.07044021,<pysr.expression_specs.CallableJuliaExpression object at 0x7222a095a3f0>,21
26,3.7251966,g = ((((#8 + 6.0442038) * -0.12944569) + ((#4 * 0.008527456) / #8)) * (#3 + ((#2 / (#8 + 0.35021472)) / -1.3603102))) - 2.220937; d = #1 * -0.0709725,0.0004618555238145,g = ((((#8 + 6.0442038) * -0.12944569) + ((#4 * 0.008527456) / #8)) * (#3 + ((#2 / (#8 + 0.35021472)) / -1.3603102))) - 2.220937; d = #1 * -0.0709725,<pysr.expression_specs.CallableJuliaExpression object at 0x7222a099d940>,40
20,3.7253036,g = sqrt(#8 + sqrt(#2)) * ((#7 * -0.00095969863) - inv(#2 - -0.14493893)); d = square((#1 * -0.017039306) + 0.845793),0.0001103473334422,g = sqrt(#8 + sqrt(#2)) * ((#7 * -0.00095969863) - inv(#2 - -0.14493893)); d = square((#1 * -0.017039306) + 0.845793),<pysr.expression_specs.CallableJuliaExpression object at 0x7222a099cb00>,35
20,3.7255366,g = sqrt(#8 + sqrt(#2)) * ((#7 * -0.0009496321) - inv(#2)); d = square((#1 * -0.016175311) + 1.1068302) + -0.7391506,7.198703849913796e-05,g = sqrt(#8 + sqrt(#2)) * ((#7 * -0.0009496321) - inv(#2)); d = square((#1 * -0.016175311) + 1.1068302) + -0.7391506,<pysr.expression_specs.CallableJuliaExpression object at 0x7222a09d2870>,64
19,3.7257147,g = (sqrt(#8 + sqrt(#2)) * (#7 * -0.00095969863)) - inv(sqrt(#2)); d = square(0.845793 + (-0.017039306 * #1)),0.0009208219764893,g = (sqrt(#8 + sqrt(#2)) * (#7 * -0.00095969863)) - inv(sqrt(#2)); d = square(0.845793 + (-0.017039306 * #1)),<pysr.expression_specs.CallableJuliaExpression object at 0x7222a099e1e0>,35
19,3.7258048,g = (sqrt(#8 + sqrt(#2)) * (#7 * -0.00095463824)) - sqrt(inv(#2)); d = square((#1 * -0.017326469) + 0.82054806),0.0008855640093116,g = (sqrt(#8 + sqrt(#2)) * (#7 * -0.00095463824)) - sqrt(inv(#2)); d = square((#1 * -0.017326469) + 0.82054806),<pysr.expression_specs.CallableJuliaExpression object at 0x7222a09d2b10>,64
18,3.7259128,g = (#1 * -0.005752353) + (sqrt(#8) * ((#3 / -1.4383782) - -1.0540156)); d = square((#1 * 0.01571803) + -1.1869678),0.0035024491529183,g = (#1 * -0.005752353) + (sqrt(#8) * ((#3 / -1.4383782) - -1.0540156)); d = square((#1 * 0.01571803) + -1.1869678),<pysr.expression_specs.CallableJuliaExpression object at 0x7222a099e3f0>,38
18,3.7260005,g = ((sqrt(#8) * #3) * -0.69409925) + (-3.2258065 - (#2 * -0.14620845)); d = square((#1 * -0.014023715) + 1.5419258),0.0011413692389879,g = ((sqrt(#8) * #3) * -0.69409925) + (-3.2258065 - (#2 * -0.14620845)); d = square((#1 * -0.014023715) + 1.5419258),<pysr.expression_specs.CallableJuliaExpression object at 0x7222a09d09e0>,49
20,3.7261643,g = ((sqrt(#8) * -0.6823134) * #3) + ((#2 * 0.1289938) - 0.65506643); d = (#1 - square(#1 * 0.07526239)) * -0.038351957,0.0006305033851703,g = ((sqrt(#8) * -0.6823134) * #3) + ((#2 * 0.1289938) - 0.65506643); d = (#1 - square(#1 * 0.07526239)) * -0.038351957,<pysr.expression_specs.CallableJuliaExpression object at 0x7222a0958a70>,16
18,3.726169,g = (#2 * 0.1337477) + ((sqrt(#8) * (-0.67703074 * #3)) + -2.7784638); d = square((#1 * 0.013971523) + -1.4455428),0.0014154691784211,g = (#2 * 0.1337477) + ((sqrt(#8) * (-0.67703074 * #3)) + -2.7784638); d = square((#1 * 0.013971523) + -1.4455428),<pysr.expression_specs.CallableJuliaExpression object at 0x7222a09d0cb0>,60
18,3.7262485,g = (#2 * 0.14302523) - ((sqrt(#2) * (#7 * 0.00088096445)) + 3.910831); d = square((#1 * 0.013262656) + -1.7362167),0.0031749892091591,g = (#2 * 0.14302523) - ((sqrt(#2) * (#7 * 0.00088096445)) + 3.910831); d = square((#1 * 0.013262656) + -1.7362167),<pysr.expression_specs.CallableJuliaExpression object at 0x7222a0959190>,12
21,3.726635,g = (#2 + ((-0.0026528786 * (#8 + 10.2000885)) * (#3 + #7))) * 0.063856155; d = square((#1 * 0.015820822) - 1.2118806) - 1.78084,3.7030588984324496e-06,g = (#2 + ((-0.0026528786 * (#8 + 10.2000885)) * (#3 + #7))) * 0.063856155; d = square((#1 * 0.015820822) - 1.2118806) - 1.78084,<pysr.expression_specs.CallableJuliaExpression object at 0x7222a09d02f0>,52
19,3.7266626,g = (#2 + ((-0.0026528786 * (#8 + 10.2000885)) * #7)) * 0.063856155; d = square((#1 * 0.015820822) - 1.2118806) - 1.78084,0.0019316058405656,g = (#2 + ((-0.0026528786 * (#8 + 10.2000885)) * #7)) * 0.063856155; d = square((#1 * 0.015820822) - 1.2118806) - 1.78084,<pysr.expression_specs.CallableJuliaExpression object at 0x7222a09d1220>,52
20,3.7267733,g = ((#3 - sqrt(#2)) * -0.6713562) - ((#3 * (#8 * 0.14043094)) + 3.483351); d = square((#1 * -0.014394977) + 1.4232253),0.0003430075634673,g = ((#3 - sqrt(#2)) * -0.6713562) - ((#3 * (#8 * 0.14043094)) + 3.483351); d = square((#1 * -0.014394977) + 1.4232253),<pysr.expression_specs.CallableJuliaExpression object at 0x7222a099e150>,45
28,3.72687,g = ((((#8 * -0.11901818) - 0.8343734) * (#3 + 1.6728716)) - ((#2 - ((1.4249029 - (#2 + #3)) / (#8 - -0.07125568))) * -0.17781885)) / 0.9875848; d = #1 * -0.070063785,1.9989565181308704e-05,g = ((((#8 * -0.11901818) - 0.8343734) * (#3 + 1.6728716)) - ((#2 - ((1.4249029 - (#2 + #3)) / (#8 - -0.07125568))) * -0.17781885)) / 0.9875848; d = #1 * -0.070063785,<pysr.expression_specs.CallableJuliaExpression object at 0x7222a099f230>,39
25,3.7269175,g = (((#3 + ((#2 / (#8 + 0.23245096)) / -1.4080075)) * -0.12510696) * ((#8 + 6.405298) - inv(#8))) - 2.2696123; d = (#1 - 0.6056376) * -0.0709725,9.377635070474002e-06,g = (((#3 + ((#2 / (#8 + 0.23245096)) / -1.4080075)) * -0.12510696) * ((#8 + 6.405298) - inv(#8))) - 2.2696123; d = (#1 - 0.6056376) * -0.0709725,<pysr.expression_specs.CallableJuliaExpression object at 0x7222a099da00>,40
23,3.7269874,g = (((#8 + 6.405298) - inv(#8)) * ((((#2 / (#8 + 0.23245096)) / -1.4358349) + #3) * -0.12510696)) - 2.1877232; d = #1 * -0.0709725,0.0008772944472164,g = (((#8 + 6.405298) - inv(#8)) * ((((#2 / (#8 + 0.23245096)) / -1.4358349) + #3) * -0.12510696)) - 2.1877232; d = #1 * -0.0709725,<pysr.expression_specs.CallableJuliaExpression object at 0x7222a099d190>,40
26,3.727019,g = (((#8 * -0.11901818) - 0.8343734) * (#3 + 1.6728716)) - ((#2 - ((1.4212558 - (#2 + #3)) / (#8 - -0.07125568))) * -0.17781885); d = #1 * -0.0696945,0.0002548304507263,g = (((#8 * -0.11901818) - 0.8343734) * (#3 + 1.6728716)) - ((#2 - ((1.4212558 - (#2 + #3)) / (#8 - -0.07125568))) * -0.17781885); d = #1 * -0.0696945,<pysr.expression_specs.CallableJuliaExpression object at 0x7222a099d220>,39
30,3.7271743,g = (((((#8 * (#3 + (17.832558 / #2))) - ((#3 / #8) + #2)) / 6.508885) + #3) / -1.2296422) + (inv(#4) - sqrt(0.3190395 / #8)); d = #1 * -0.07142156,0.000151765661769,g = (((((#8 * (#3 + (17.832558 / #2))) - ((#3 / #8) + #2)) / 6.508885) + #3) / -1.2296422) + (inv(#4) - sqrt(0.3190395 / #8)); d = #1 * -0.07142156,<pysr.expression_specs.CallableJuliaExpression object at 0x7222a1f8f0e0>,3
29,3.72774,g = ((#3 + ((((#3 + (17.832733 / #2)) * #8) - (#2 + (#3 / #8))) / 6.524298)) / -1.2246349) - sqrt(0.49271107 / (#8 + #2)); d = #1 * -0.07142156,8.047706806113298e-06,g = ((#3 + ((((#3 + (17.832733 / #2)) * #8) - (#2 + (#3 / #8))) / 6.524298)) / -1.2246349) - sqrt(0.49271107 / (#8 + #2)); d = #1 * -0.07142156,<pysr.expression_specs.CallableJuliaExpression object at 0x7222a1f8f050>,3
27,3.7278,g = (((((#8 * (#3 + (17.832558 / #2))) - ((#3 / #8) + #2)) / 6.508885) + #3) / -1.2296422) - sqrt(0.13963564 / #8); d = #1 * -0.07142156,0.0001903622651681,g = (((((#8 * (#3 + (17.832558 / #2))) - ((#3 / #8) + #2)) / 6.508885) + #3) / -1.2296422) - sqrt(0.13963564 / #8); d = #1 * -0.07142156,<pysr.expression_specs.CallableJuliaExpression object at 0x7222a1f8f350>,3
20,3.7280598,g = ((#3 + 0.7587868) * (-0.7189492 - (#8 * 0.12433048))) + (#2 * 0.12433048); d = ((#1 * 0.00021562596) - 0.042734105) * #1,0.0012594838772141,g = ((#3 + 0.7587868) * (-0.7189492 - (#8 * 0.12433048))) + (#2 * 0.12433048); d = ((#1 * 0.00021562596) - 0.042734105) * #1,<pysr.expression_specs.CallableJuliaExpression object at 0x7222a095a570>,18
17,3.7283788,g = -3.2931347 - (((#3 * (#8 + 4.737086)) - #2) * 0.1408163); d = square((#1 * -0.01355935) + 1.5860114),0.0021466711744588,g = -3.2931347 - (((#3 * (#8 + 4.737086)) - #2) * 0.1408163); d = square((#1 * -0.01355935) + 1.5860114),<pysr.expression_specs.CallableJuliaExpression object at 0x7222a09d2f60>,73
29,3.7284021,g = (((#2 * 0.14814568) - 2.6370523) + ((#3 + 0.41105092) * ((#8 / -7.665225) + (((#4 / #8) / #1) + -0.7233725)))) + sqrt(#2 / #8); d = #1 * -0.071783625,0.0004182686773508,g = (((#2 * 0.14814568) - 2.6370523) + ((#3 + 0.41105092) * ((#8 / -7.665225) + (((#4 / #8) / #1) + -0.7233725)))) + sqrt(#2 / #8); d = #1 * -0.071783625,<pysr.expression_specs.CallableJuliaExpression object at 0x7222a09d3110>,67
21,3.728446,g = ((#3 + 1.5831891) * (((-0.10544132 - inv(#2 + 2.4986506)) * #8) + -0.5162288)) - (#2 * -0.18780868); d = #1 * -0.07032394,0.0013634454849187,g = ((#3 + 1.5831891) * (((-0.10544132 - inv(#2 + 2.4986506)) * #8) + -0.5162288)) - (#2 * -0.18780868); d = #1 * -0.07032394,<pysr.expression_specs.CallableJuliaExpression object at 0x7222a099c8c0>,33
26,3.7285097,g = (((((#8 * (#3 + (17.834032 / #2))) - (((#3 + -0.8463408) / #8) + #2)) / 6.7565036) + #3) / -1.2055868) - 0.24436502; d = #1 * -0.072302796,0.0001522226414489,g = (((((#8 * (#3 + (17.834032 / #2))) - (((#3 + -0.8463408) / #8) + #2)) / 6.7565036) + #3) / -1.2055868) - 0.24436502; d = #1 * -0.072302796,<pysr.expression_specs.CallableJuliaExpression object at 0x7222a1f8eff0>,3
19,3.7285144,g = (sqrt(#2 / 1.8496873) * ((#7 * -0.0012216514) + neg(-0.7689943))) + -2.0482283; d = square((#1 * 0.015968418) - 1.008277),5.5570187145398826e-05,g = (sqrt(#2 / 1.8496873) * ((#7 * -0.0012216514) + neg(-0.7689943))) + -2.0482283; d = square((#1 * 0.015968418) - 1.008277),<pysr.expression_specs.CallableJuliaExpression object at 0x7222a09592b0>,16
19,3.7285228,g = (((#3 * #8) + 1.7821052) * -0.02936573) / sqrt(#8 * inv(#1)); d = square((#1 * -0.016183984) + 1.0168986),0.0005315438007942,g = (((#3 * #8) + 1.7821052) * -0.02936573) / sqrt(#8 * inv(#1)); d = square((#1 * -0.016183984) + 1.0168986),<pysr.expression_specs.CallableJuliaExpression object at 0x7222a09d0350>,47
22,3.7287216,g = (sqrt(#2 * 0.63154453) - (#3 * ((#8 * (inv(#2 - -2.0094366) + 0.10690472)) - -0.49293566))) - 2.2258244; d = #1 * -0.06946305,0.0001675896806832,g = (sqrt(#2 * 0.63154453) - (#3 * ((#8 * (inv(#2 - -2.0094366) + 0.10690472)) - -0.49293566))) - 2.2258244; d = #1 * -0.06946305,<pysr.expression_specs.CallableJuliaExpression object at 0x7222a09595e0>,22
18,3.7287216,g = (sqrt(#2 / 1.8496873) * ((#7 * -0.0012216514) + 0.75549704)) + -2.0482283; d = square((#1 * 0.015968418) - 1.008277),0.0006815652595708,g = (sqrt(#2 / 1.8496873) * ((#7 * -0.0012216514) + 0.75549704)) + -2.0482283; d = square((#1 * 0.015968418) - 1.008277),<pysr.expression_specs.CallableJuliaExpression object at 0x7222a09595b0>,16
18,3.7287512,g = ((#2 - ((#8 - -0.81307733) * #3)) / sqrt(sqrt(#4) + #2)) - 2.2826762; d = #1 * -0.07065921,0.0008387326724203,g = ((#2 - ((#8 - -0.81307733) * #3)) / sqrt(sqrt(#4) + #2)) - 2.2826762; d = #1 * -0.07065921,<pysr.expression_specs.CallableJuliaExpression object at 0x7222a09d12b0>,68
24,3.728919,g = (((#8 * -0.119930215) - 0.858216) * (#3 + 1.6267996)) - ((#2 - ((1.0450242 - (#3 + #2)) / #8)) * -0.1739991); d = #1 * -0.0696945,0.000521943168221,g = (((#8 * -0.119930215) - 0.858216) * (#3 + 1.6267996)) - ((#2 - ((1.0450242 - (#3 + #2)) / #8)) * -0.1739991); d = #1 * -0.0696945,<pysr.expression_specs.CallableJuliaExpression object at 0x7222a099c230>,39
21,3.7289548,g = (#2 / sqrt(#1)) + (#3 / (10.277604 / ((#1 * -0.017456234) - #8))); d = ((#1 * 0.0002508276) + -0.03493271) * #1,0.0009617372996425,g = (#2 / sqrt(#1)) + (#3 / (10.277604 / ((#1 * -0.017456234) - #8))); d = ((#1 * 0.0002508276) + -0.03493271) * #1,<pysr.expression_specs.CallableJuliaExpression object at 0x7222a09d1190>,61
19,3.7290127,g = (#7 * (sqrt(#8 - -1.2495884) * -0.0010927841)) - (1.5020151 / sqrt(#2)); d = square((#1 * -0.017291227) + 0.9272046),7.505726539002972e-05,g = (#7 * (sqrt(#8 - -1.2495884) * -0.0010927841)) - (1.5020151 / sqrt(#2)); d = square((#1 * -0.017291227) + 0.9272046),<pysr.expression_specs.CallableJuliaExpression object at 0x7222a09d01d0>,65
18,3.7291057,g = sqrt(#8 + sqrt(#2)) * ((-0.00097544 * #7) - inv(#2)); d = square(0.83218133 + (#1 * -0.017440993)),0.0019817010824186,g = sqrt(#8 + sqrt(#2)) * ((-0.00097544 * #7) - inv(#2)); d = square(0.83218133 + (#1 * -0.017440993)),<pysr.expression_specs.CallableJuliaExpression object at 0x7222a09d0a10>,64
18,3.729147,g = sqrt(#8 + sqrt(#2)) * ((#7 * -0.00095969863) - inv(#2)); d = square((#1 * -0.017039306) + 0.845793),0.001056332374426,g = sqrt(#8 + sqrt(#2)) * ((#7 * -0.00095969863) - inv(#2)); d = square((#1 * -0.017039306) + 0.845793),<pysr.expression_specs.CallableJuliaExpression object at 0x7222a099dee0>,35
17,3.7292635,g = ((((#8 - -5.0442705) * #3) - #2) * -0.13539651) + -2.518872; d = square((#1 * -0.014686901) + 1.3479044),0.003710062960402,g = ((((#8 - -5.0442705) * #3) - #2) * -0.13539651) + -2.518872; d = square((#1 * -0.014686901) + 1.3479044),<pysr.expression_specs.CallableJuliaExpression object at 0x7222a09d2630>,63
18,3.7292926,g = sqrt(#8 - -1.2957578) * ((#7 * -0.0010755592) - inv(sqrt(#2))); d = square((#1 * -0.016851239) + 0.9700154),0.000808333450556,g = sqrt(#8 - -1.2957578) * ((#7 * -0.0010755592) - inv(sqrt(#2))); d = square((#1 * -0.016851239) + 0.9700154),<pysr.expression_specs.CallableJuliaExpression object at 0x7222a09d29c0>,65
18,3.7293308,g = sqrt(#8 + 1.6975701) * ((#7 * -0.0010248945) - sqrt(inv(#2))); d = square(0.9961276 - (#1 / 59.327442)),0.0012330697597847,g = sqrt(#8 + 1.6975701) * ((#7 * -0.0010248945) - sqrt(inv(#2))); d = square(0.9961276 - (#1 / 59.327442)),<pysr.expression_specs.CallableJuliaExpression object at 0x7222a099c950>,45
18,3.7294693,g = ((#7 * -0.0010862906) - inv(sqrt(#2))) * sqrt(#8 - -1.2897396); d = square(-0.9608059 - (#1 * -0.017114453)),0.0011171808831586,g = ((#7 * -0.0010862906) - inv(sqrt(#2))) * sqrt(#8 - -1.2897396); d = square(-0.9608059 - (#1 * -0.017114453)),<pysr.expression_specs.CallableJuliaExpression object at 0x7222a0958c20>,9
21,3.729489,g = (#2 * 0.1897536) + ((#3 + 1.5926836) * (((-0.1181804 - inv(#8 + #2)) * #8) + -0.47125813)); d = #1 * -0.0715344,0.0009584615265789,g = (#2 * 0.1897536) + ((#3 + 1.5926836) * (((-0.1181804 - inv(#8 + #2)) * #8) + -0.47125813)); d = #1 * -0.0715344,<pysr.expression_specs.CallableJuliaExpression object at 0x7222a095b110>,21
24,3.729645,g = (((((#8 * (#3 + (17.832558 / #2))) - ((#3 / #8) + #2)) / 6.508885) + #3) / -1.2296422) - 0.3264233; d = #1 * -0.07142156,0.0002185110745987,g = (((((#8 * (#3 + (17.832558 / #2))) - ((#3 / #8) + #2)) / 6.508885) + #3) / -1.2296422) - 0.3264233; d = #1 * -0.07142156,<pysr.expression_specs.CallableJuliaExpression object at 0x7222a1f8d0d0>,3
19,3.7298164,g = (sqrt(#8 - inv(-1.0196711)) * ((#7 * -0.0010974457) + 0.6215506)) - 1.6793944; d = square(0.9060002 + (#1 * -0.016324745)),1.356625939408354e-05,g = (sqrt(#8 - inv(-1.0196711)) * ((#7 * -0.0010974457) + 0.6215506)) - 1.6793944; d = square(0.9060002 + (#1 * -0.016324745)),<pysr.expression_specs.CallableJuliaExpression object at 0x7222a09d1580>,53
18,3.729867,g = (sqrt(#8 - -0.8765228) * ((#7 * -0.0010974457) + 0.6215506)) - 1.6793944; d = square((#1 * -0.016324745) + 0.9060002),0.0005436508921552,g = (sqrt(#8 - -0.8765228) * ((#7 * -0.0010974457) + 0.6215506)) - 1.6793944; d = square((#1 * -0.016324745) + 0.9060002),<pysr.expression_specs.CallableJuliaExpression object at 0x7222a09d1460>,53
28,3.7299619,g = ((#2 * 0.15279336) - 2.6370523) + ((((-0.071783625 / neg(#2)) + ((#8 / -7.665225) + -0.7183238)) * (#3 + 0.4360633)) + sqrt(#2 / #8)); d = #1 * -0.071783625,1.5817843429730871e-06,g = ((#2 * 0.15279336) - 2.6370523) + ((((-0.071783625 / neg(#2)) + ((#8 / -7.665225) + -0.7183238)) * (#3 + 0.4360633)) + sqrt(#2 / #8)); d = #1 * -0.071783625,<pysr.expression_specs.CallableJuliaExpression object at 0x7222a09d1c70>,67
27,3.7299678,g = ((#2 * 0.15279336) - 2.6370523) + ((((((-0.6452738 / #2) + #8) / -7.665225) + -0.7183238) * (#3 + 0.43439755)) + sqrt(#2 / #8)); d = #1 * -0.071783625,5.77820245871443e-05,g = ((#2 * 0.15279336) - 2.6370523) + ((((((-0.6452738 / #2) + #8) / -7.665225) + -0.7183238) * (#3 + 0.43439755)) + sqrt(#2 / #8)); d = #1 * -0.071783625,<pysr.expression_specs.CallableJuliaExpression object at 0x7222a09d3140>,67
20,3.7299716,g = (sqrt(#2) - ((((inv(#2 - -1.8830277) + 0.113335475) * #8) - -0.44631618) * #3)) - 2.664732; d = #1 * -0.06866662,0.0002651679315031,g = (sqrt(#2) - ((((inv(#2 - -1.8830277) + 0.113335475) * #8) - -0.44631618) * #3)) - 2.664732; d = #1 * -0.06866662,<pysr.expression_specs.CallableJuliaExpression object at 0x7222a095a8a0>,22
18,3.7301445,g = (((sqrt(#8) + 0.6319025) * #7) * -0.0009639518) - sqrt(inv(#8)); d = square((#1 * 0.01634244) - 0.99653804),0.000801323787924,g = (((sqrt(#8) + 0.6319025) * #7) * -0.0009639518) - sqrt(inv(#8)); d = square((#1 * 0.01634244) - 0.99653804),<pysr.expression_specs.CallableJuliaExpression object at 0x7222a1f8d0a0>,4
22,3.7302585,g = (((#8 + (-0.6458598 / #8)) + 5.8818326) * (((-0.69321275 / (#8 / #2)) + #3) * -0.1291073)) - 2.4858882; d = #1 * -0.07244956,5.514211111261567e-05,g = (((#8 + (-0.6458598 / #8)) + 5.8818326) * (((-0.69321275 / (#8 / #2)) + #3) * -0.1291073)) - 2.4858882; d = #1 * -0.07244956,<pysr.expression_specs.CallableJuliaExpression object at 0x7222a099e390>,40
18,3.7302876,g = ((1.5507832 + (#3 * (#8 - -0.30024227))) * -0.8897678) / sqrt(#2); d = square((#1 * -0.017195387) - -0.8897678),0.0009498240292223,g = ((1.5507832 + (#3 * (#8 - -0.30024227))) * -0.8897678) / sqrt(#2); d = square((#1 * -0.017195387) - -0.8897678),<pysr.expression_specs.CallableJuliaExpression object at 0x7222a09d1700>,59
18,3.730305,g = ((#3 * (#8 + 0.32284093)) - -1.853907) / (sqrt(#2) * -1.1351851); d = square((#1 * -0.016940495) + 0.94750726),0.0014716112408163,g = ((#3 * (#8 + 0.32284093)) - -1.853907) / (sqrt(#2) * -1.1351851); d = square((#1 * -0.016940495) + 0.94750726),<pysr.expression_specs.CallableJuliaExpression object at 0x7222a0958b30>,13
18,3.7304585,g = ((((#8 + 0.33096507) * #3) + 1.6050408) / sqrt(#2)) / -1.1508988; d = square(0.90162283 + (-0.016845835 * #1)),0.0009953070442584,g = ((((#8 + 0.33096507) * #3) + 1.6050408) / sqrt(#2)) / -1.1508988; d = square(0.90162283 + (-0.016845835 * #1)),<pysr.expression_specs.CallableJuliaExpression object at 0x7222a09586b0>,15
21,3.7304642,g = (((#3 + ((#2 / #8) / -1.6089591)) * (#8 + (6.405252 - inv(#8)))) * -0.12429102) - 2.2127044; d = #1 * -0.0702659,0.0002777284702369,g = (((#3 + ((#2 / #8) / -1.6089591)) * (#8 + (6.405252 - inv(#8)))) * -0.12429102) - 2.2127044; d = #1 * -0.0702659,<pysr.expression_specs.CallableJuliaExpression object at 0x7222a099e000>,40
18,3.7305052,g = ((-1.3694224 - (#8 * #3)) * sqrt(#1 / #8)) * 0.029467866; d = square(0.9004682 + (-0.01700546 * #1)),0.001747591735099,g = ((-1.3694224 - (#8 * #3)) * sqrt(#1 / #8)) * 0.029467866; d = square(0.9004682 + (-0.01700546 * #1)),<pysr.expression_specs.CallableJuliaExpression object at 0x7222a099f9e0>,47
23,3.73083,g = ((#2 * 0.14801435) - 2.6370523) + (sqrt(#2 / #8) + (((#8 / -7.665225) + -0.7183238) * (#3 + 0.3911671))); d = #1 * -0.07178818,6.901473106939488e-05,g = ((#2 * 0.14801435) - 2.6370523) + (sqrt(#2 / #8) + (((#8 / -7.665225) + -0.7183238) * (#3 + 0.3911671))); d = #1 * -0.07178818,<pysr.expression_specs.CallableJuliaExpression object at 0x7222a09d2090>,67
19,3.7309608,g = (sqrt(#2) - (((inv(sqrt(#2) - -1.8571771) * #8) - -0.5022089) * #3)) - 2.6958797; d = #1 * -0.070317805,0.0016870152636594,g = (sqrt(#2) - (((inv(sqrt(#2) - -1.8571771) * #8) - -0.5022089) * #3)) - 2.6958797; d = #1 * -0.070317805,<pysr.expression_specs.CallableJuliaExpression object at 0x7222a0958fb0>,22
21,3.731345,g = ((sqrt(#2 / #8) + (#2 * 0.13860178)) + (#3 * ((#8 / -7.6337237) + -0.70836455))) - 2.9832964; d = #1 * -0.071783625,0.0008037837094177,g = ((sqrt(#2 / #8) + (#2 * 0.13860178)) + (#3 * ((#8 / -7.6337237) + -0.70836455))) - 2.9832964; d = #1 * -0.071783625,<pysr.expression_specs.CallableJuliaExpression object at 0x7222a09d2b70>,67
19,3.7314565,g = inv(#4) + (((((#8 + 5.242068) * #3) - #2) * -0.13343814) - (#1 * 0.0030160958)); d = #1 / -13.976215,0.0001043505889171,g = inv(#4) + (((((#8 + 5.242068) * #3) - #2) * -0.13343814) - (#1 * 0.0030160958)); d = #1 / -13.976215,<pysr.expression_specs.CallableJuliaExpression object at 0x7222a09d1340>,54
21,3.7314718,g = (((#8 / -7.5549126) - 0.7060304) * (#3 - (#2 / (#8 + sqrt(#8))))) - 2.0692804; d = (#1 - -0.039857876) * -0.070702784,2.54591166461592e-07,g = (((#8 / -7.5549126) - 0.7060304) * (#3 - (#2 / (#8 + sqrt(#8))))) - 2.0692804; d = (#1 - -0.039857876) * -0.070702784,<pysr.expression_specs.CallableJuliaExpression object at 0x7222a099f1a0>,46
19,3.7314737,g = ((#3 - (#2 / (#8 + sqrt(#8)))) * ((#8 / -7.5549126) - 0.7023043)) - 2.0692804; d = #1 * -0.07070178,0.0008755975356338,g = ((#3 - (#2 / (#8 + sqrt(#8)))) * ((#8 / -7.5549126) - 0.7023043)) - 2.0692804; d = #1 * -0.07070178,<pysr.expression_specs.CallableJuliaExpression object at 0x7222a099c290>,46
20,3.7315004,g = (((-0.6678394 / (#8 / #2)) + #3) * (sqrt(inv(#4) + #8) * -0.6678394)) - 2.343447; d = #1 * -0.07125814,0.0002504844776226,g = (((-0.6678394 / (#8 / #2)) + #3) * (sqrt(inv(#4) + #8) * -0.6678394)) - 2.343447; d = #1 * -0.07125814,<pysr.expression_specs.CallableJuliaExpression object at 0x7222a099e570>,40
18,3.7318459,g = ((((#8 + 5.239202) * #3) - (#2 + 2.8444765)) * -0.13301592) - (#1 * 0.0033445698); d = #1 / -14.080531,0.0001193502758338,g = ((((#8 + 5.239202) * #3) - (#2 + 2.8444765)) * -0.13301592) - (#1 * 0.0033445698); d = #1 / -14.080531,<pysr.expression_specs.CallableJuliaExpression object at 0x7222a09d1220>,54
20,3.7319016,g = (#8 - (#1 * -0.011379632)) * ((#3 * -0.122926444) - (0.15611298 / sqrt(#8))); d = square((#1 * 0.016478026) + -0.9983631),6.856858893316924e-05,g = (#8 - (#1 * -0.011379632)) * ((#3 * -0.122926444) - (0.15611298 / sqrt(#8))); d = square((#1 * 0.016478026) + -0.9983631),<pysr.expression_specs.CallableJuliaExpression object at 0x7222a099c950>,29
18,3.7319565,g = (-2.5629272 - ((#3 + 1.2277391) * sqrt(#8 * 0.4714372))) + sqrt(#2 / 0.49200684); d = #1 * -0.0700919,0.0006163072616315,g = (-2.5629272 - ((#3 + 1.2277391) * sqrt(#8 * 0.4714372))) + sqrt(#2 / 0.49200684); d = #1 * -0.0700919,<pysr.expression_specs.CallableJuliaExpression object at 0x7222a095a3f0>,23
18,3.732042,g = (sqrt(#2) * (((#7 - #2) * -0.0008869429) - -1.4340456)) + (-2.3747985 - sqrt(#8)); d = #1 * -0.07020319,1.1320751936911845e-05,g = (sqrt(#2) * (((#7 - #2) * -0.0008869429) - -1.4340456)) + (-2.3747985 - sqrt(#8)); d = #1 * -0.07020319,<pysr.expression_specs.CallableJuliaExpression object at 0x7222a099e3c0>,37
16,3.7321265,g = (-2.3742137 - sqrt(#8)) + (sqrt(#2) * ((#7 * -0.00088685256) - -1.4332933)); d = #1 * -0.07048363,0.0009984225347586,g = (-2.3742137 - sqrt(#8)) + (sqrt(#2) * ((#7 * -0.00088685256) - -1.4332933)); d = #1 * -0.07048363,<pysr.expression_specs.CallableJuliaExpression object at 0x7222a099c500>,37
19,3.7321575,g = (#3 * ((#8 - (#1 * -0.014182343)) * -0.11139775)) - inv(sqrt(#2)); d = square(-0.8676514 + (#1 * 0.0169199)),0.0009729933459558,g = (#3 * ((#8 - (#1 * -0.014182343)) * -0.11139775)) - inv(sqrt(#2)); d = square(-0.8676514 + (#1 * 0.0169199)),<pysr.expression_specs.CallableJuliaExpression object at 0x7222a099d4f0>,29
18,3.7321584,g = (((#3 * #8) + 3.4388704) / -1.0507206) / sqrt(#2 + 0.53015625); d = square(1.1918454 + (-0.015504385 * #1)),0.0004416307706958,g = (((#3 * #8) + 3.4388704) / -1.0507206) / sqrt(#2 + 0.53015625); d = square(1.1918454 + (-0.015504385 * #1)),<pysr.expression_specs.CallableJuliaExpression object at 0x7222a099c050>,25
19,3.7324352,g = (((#3 + (-0.6612973 / (#8 / #2))) * sqrt(#8 + 0.2132741)) * -0.6584585) - 2.3210063; d = #1 * -0.071367666,3.129275292253151e-05,g = (((#3 + (-0.6612973 / (#8 / #2))) * sqrt(#8 + 0.2132741)) * -0.6584585) - 2.3210063; d = #1 * -0.071367666,<pysr.expression_specs.CallableJuliaExpression object at 0x7222a099d9a0>,40
19,3.7324836,g = (((#3 / -1.5041293) - ((#2 * -0.46486127) / #8)) * sqrt(#8 + 0.18942432)) + -2.4478698; d = #1 * -0.07220122,0.0001563861409947,g = (((#3 / -1.5041293) - ((#2 * -0.46486127) / #8)) * sqrt(#8 + 0.18942432)) + -2.4478698; d = #1 * -0.07220122,<pysr.expression_specs.CallableJuliaExpression object at 0x7222a099cb60>,26
18,3.7324994,g = (#7 * -0.0015428948) - ((#3 - 0.9923422) * (#8 * 0.11879823)); d = #1 * ((#1 * 0.00024448082) + -0.03391049),0.0004343598411659,g = (#7 * -0.0015428948) - ((#3 - 0.9923422) * (#8 * 0.11879823)); d = #1 * ((#1 * 0.00024448082) + -0.03391049),<pysr.expression_specs.CallableJuliaExpression object at 0x7222a0958c80>,10
20,3.7325428,g = (#2 / 13.4908085) + (#3 / (10.277604 / ((#1 * -0.01739097) - #8))); d = ((#1 * 0.00025081975) + -0.03159493) * #1,0.0014297714315852,g = (#2 / 13.4908085) + (#3 / (10.277604 / ((#1 * -0.01739097) - #8))); d = ((#1 * 0.00025081975) + -0.03159493) * #1,<pysr.expression_specs.CallableJuliaExpression object at 0x7222a09d0890>,61
18,3.732552,g = (((((#8 / #2) + #3) * -0.6841707) * sqrt(#8)) + sqrt(#2)) - 2.3073752; d = #1 * -0.068935335,0.0002858761147261,g = (((((#8 / #2) + #3) * -0.6841707) * sqrt(#8)) + sqrt(#2)) - 2.3073752; d = #1 * -0.068935335,<pysr.expression_specs.CallableJuliaExpression object at 0x7222a099cc20>,40
18,3.7326293,g = (#2 - ((#8 * #3) - (((#1 * 1.7895536) + #7) * -0.011794946))) * 0.12278839; d = #1 * -0.07189674,0.000666819379965,g = (#2 - ((#8 * #3) - (((#1 * 1.7895536) + #7) * -0.011794946))) * 0.12278839; d = #1 * -0.07189674,<pysr.expression_specs.CallableJuliaExpression object at 0x7222a099ca10>,31
16,3.7327368,g = (((#3 * (#8 + 5.224328)) - #2) * -0.13344443) - (#1 * 0.0025804706); d = #1 / -14.217911,0.0014429681657254,g = (((#3 * (#8 + 5.224328)) - #2) * -0.13344443) - (#1 * 0.0025804706); d = #1 / -14.217911,<pysr.expression_specs.CallableJuliaExpression object at 0x7222a09d1010>,54
22,3.7328136,g = ((((#8 * -0.12590721) - 0.7290374) * (#3 + 1.0642169)) - (#2 * -0.17686388)) - (#8 / (#2 + -0.07704868)); d = #1 * -0.07114896,6.92593097653434e-05,g = ((((#8 * -0.12590721) - 0.7290374) * (#3 + 1.0642169)) - (#2 * -0.17686388)) - (#8 / (#2 + -0.07704868)); d = #1 * -0.07114896,<pysr.expression_specs.CallableJuliaExpression object at 0x7222a099d970>,39
18,3.7329035,g = ((#1 * 0.022849152) + ((#3 * ((#1 * 0.013227949) + #8)) - #2)) * -0.11611195; d = #1 * -0.073303,0.0005763100230614,g = ((#1 * 0.022849152) + ((#3 * ((#1 * 0.013227949) + #8)) - #2)) * -0.11611195; d = #1 * -0.073303,<pysr.expression_specs.CallableJuliaExpression object at 0x7222a099d520>,30
20,3.7329063,g = ((((#3 + (15.62024 / #2)) * #8) - #2) - (#3 / -0.18300283)) / -7.646498; d = (#1 * -0.07107675) - 0.40422884,0.0005040044660586,g = ((((#3 + (15.62024 / #2)) * #8) - #2) - (#3 / -0.18300283)) / -7.646498; d = (#1 * -0.07107675) - 0.40422884,<pysr.expression_specs.CallableJuliaExpression object at 0x7222a1f8cd70>,3
17,3.7330883,g = sqrt(#2 + #8) * ((#7 * -0.0007128251) - inv(#2)); d = square((-0.01671307 * #1) + 0.8814411),0.000441048665108,g = sqrt(#2 + #8) * ((#7 * -0.0007128251) - inv(#2)); d = square((-0.01671307 * #1) + 0.8814411),<pysr.expression_specs.CallableJuliaExpression object at 0x7222a099e090>,35
17,3.733236,g = (((#8 - -5.9554844) * #3) - #2) * -0.12549554; d = square(1.2073747 - (#1 * 0.015442553)) + -2.0187151,0.0010542394514186,g = (((#8 - -5.9554844) * #3) - #2) * -0.12549554; d = square(1.2073747 - (#1 * 0.015442553)) + -2.0187151,<pysr.expression_specs.CallableJuliaExpression object at 0x7222a09d0620>,50
20,3.7333307,g = ((((#8 * -0.12940738) - 0.71394444) * (#3 + 1.0763336)) - (#2 * -0.18078105)) - (#8 / #2); d = #1 * -0.0696945,0.0008728873960349,g = ((((#8 * -0.12940738) - 0.71394444) * (#3 + 1.0763336)) - (#2 * -0.18078105)) - (#8 / #2); d = #1 * -0.0696945,<pysr.expression_specs.CallableJuliaExpression object at 0x7222a099d670>,39
20,3.733533,g = (((#8 + 1.8249096) * inv(-1.6292307 - sqrt(#2))) * (#3 + 1.2844887)) + (#2 * 0.14085963); d = #1 * -0.070043564,0.0008034734257258,g = (((#8 + 1.8249096) * inv(-1.6292307 - sqrt(#2))) * (#3 + 1.2844887)) + (#2 * 0.14085963); d = #1 * -0.070043564,<pysr.expression_specs.CallableJuliaExpression object at 0x7222a099da90>,33
17,3.7336192,g = ((((-0.68040013 / (#8 / #2)) + #3) * sqrt(#8)) * -0.6833642) - 2.3522353; d = #1 * -0.070919335,0.0007523378650508,g = ((((-0.68040013 / (#8 / #2)) + #3) * sqrt(#8)) * -0.6833642) - 2.3522353; d = #1 * -0.070919335,<pysr.expression_specs.CallableJuliaExpression object at 0x7222a099c650>,40
17,3.7336512,g = (sqrt(#8) * ((#3 / -1.4616877) + ((#2 / #8) * 0.4581674))) + -2.3085341; d = #1 * -0.070745,0.0012301561013136,g = (sqrt(#8) * ((#3 / -1.4616877) + ((#2 / #8) * 0.4581674))) + -2.3085341; d = #1 * -0.070745,<pysr.expression_specs.CallableJuliaExpression object at 0x7222a099c4a0>,26
17,3.7337313,g = (((#3 * -0.6869711) + (#1 * -0.0043589785)) + 3.6324003) * sqrt(#8); d = (#1 * -0.07089275) + -2.5627694,0.0007771240172374,g = (((#3 * -0.6869711) + (#1 * -0.0043589785)) + 3.6324003) * sqrt(#8); d = (#1 * -0.07089275) + -2.5627694,<pysr.expression_specs.CallableJuliaExpression object at 0x7222a1fb4290>,7
17,3.733807,g = ((#3 * #8) + 3.8848295) / neg(sqrt(#2 + 0.7988209)); d = square((#1 * -0.015535381) + 1.2623239),0.00072500224719,g = ((#3 * #8) + 3.8848295) / neg(sqrt(#2 + 0.7988209)); d = square((#1 * -0.015535381) + 1.2623239),<pysr.expression_specs.CallableJuliaExpression object at 0x7222a099c800>,25
16,3.7338078,g = (((#7 * -0.0012216514) + 0.90852785) * sqrt(#8)) + -2.0482283; d = square(0.9675655 - (#1 * 0.015968418)),0.0028157540418843,g = (((#7 * -0.0012216514) + 0.90852785) * sqrt(#8)) + -2.0482283; d = square(0.9675655 - (#1 * 0.015968418)),<pysr.expression_specs.CallableJuliaExpression object at 0x7222a095a960>,16
17,3.7338324,g = neg(((#3 * #8) + 3.686346) / sqrt(#2 + 0.8114127)); d = square(-1.218875 - (#1 * -0.01572832)),0.0007749353133733,g = neg(((#3 * #8) + 3.686346) / sqrt(#2 + 0.8114127)); d = square(-1.218875 - (#1 * -0.01572832)),<pysr.expression_specs.CallableJuliaExpression object at 0x7222a09d1fa0>,59
18,3.733868,g = (((#7 * -0.000844379) - -0.98327845) * (sqrt(#2) + inv(#4 * 0.62002796))) + -2.865809; d = #1 * -0.068026096,0.0001485102420055,g = (((#7 * -0.000844379) - -0.98327845) * (sqrt(#2) + inv(#4 * 0.62002796))) + -2.865809; d = #1 * -0.068026096,<pysr.expression_specs.CallableJuliaExpression object at 0x7222a09d10d0>,52
16,3.7339087,g = (-3.8768814 - (#3 * #8)) / sqrt(#2 + 0.77825624); d = square((#1 * -0.015763044) + 1.2546785),0.0010122693467662,g = (-3.8768814 - (#3 * #8)) / sqrt(#2 + 0.77825624); d = square((#1 * -0.015763044) + 1.2546785),<pysr.expression_specs.CallableJuliaExpression object at 0x7222a09d0a10>,57
16,3.7340343,g = (-3.2553582 - (#3 * #8)) / sqrt(#2 + 0.58635575); d = square((#1 * 0.01590259) + -1.1798671),0.0010089880487456,g = (-3.2553582 - (#3 * #8)) / sqrt(#2 + 0.58635575); d = square((#1 * 0.01590259) + -1.1798671),<pysr.expression_specs.CallableJuliaExpression object at 0x7222a09d1b80>,70
17,3.734121,g = ((inv(sqrt(#4)) + sqrt(#2)) * ((#7 * -0.0008013979) - -0.88714105)) + -2.701647; d = #1 * -0.06699439,0.0003979796694131,g = ((inv(sqrt(#4)) + sqrt(#2)) * ((#7 * -0.0008013979) - -0.88714105)) + -2.701647; d = #1 * -0.06699439,<pysr.expression_specs.CallableJuliaExpression object at 0x7222a0958dd0>,10
17,3.7341468,g = (-3.4259684 - (#3 * #8)) / sqrt(#2 + inv(1.4073514)); d = square((0.015550536 * #1) - 1.2062454),1.338993867722449e-07,g = (-3.4259684 - (#3 * #8)) / sqrt(#2 + inv(1.4073514)); d = square((0.015550536 * #1) - 1.2062454),<pysr.expression_specs.CallableJuliaExpression object at 0x7222a09d2330>,58
16,3.7341473,g = (-3.4259684 - (#3 * #8)) / sqrt(#2 + 0.71155757); d = square((#1 * 0.015550536) - 1.2062454),0.0009664883026489,g = (-3.4259684 - (#3 * #8)) / sqrt(#2 + 0.71155757); d = square((#1 * 0.015550536) - 1.2062454),<pysr.expression_specs.CallableJuliaExpression object at 0x7222a09d01d0>,58
16,3.7341697,g = (-3.2004619 - (#3 * #8)) / sqrt(#2 + 0.6488106); d = square(1.1691731 - (#1 * 0.015803292)),0.0009637562471181,g = (-3.2004619 - (#3 * #8)) / sqrt(#2 + 0.6488106); d = square(1.1691731 - (#1 * 0.015803292)),<pysr.expression_specs.CallableJuliaExpression object at 0x7222a099e000>,42
17,3.7341733,g = neg(((#3 * #8) + 3.861643) / sqrt(#2 + 0.81182414)); d = square((#1 * -0.015962854) + 1.2317939),0.0001149853739013,g = neg(((#3 * #8) + 3.861643) / sqrt(#2 + 0.81182414)); d = square((#1 * -0.015962854) + 1.2317939),<pysr.expression_specs.CallableJuliaExpression object at 0x7222a095a270>,15
17,3.7342055,g = ((#8 * #3) + 4.2862015) / neg(sqrt(#2 + 0.9405029)); d = square((#1 * -0.015068891) + 1.3171251),0.0005288347795442,g = ((#8 * #3) + 4.2862015) / neg(sqrt(#2 + 0.9405029)); d = square((#1 * -0.015068891) + 1.3171251),<pysr.expression_specs.CallableJuliaExpression object at 0x7222a09d0440>,51
18,3.7342079,g = (#7 / -736.11304) - (((#3 * 0.1271876) + -0.12174255) * #8); d = ((#1 * 0.00025156894) - 0.031117987) * #1,0.0002215641657542,g = (#7 / -736.11304) - (((#3 * 0.1271876) + -0.12174255) * #8); d = ((#1 * 0.00025156894) - 0.031117987) * #1,<pysr.expression_specs.CallableJuliaExpression object at 0x7222a0958560>,8
20,3.7343454,g = (#2 * 0.15600911) + ((((#8 / -7.550885) + -0.70190996) * (#3 + (#8 / #2))) + -0.92261726); d = #1 * -0.0694992,0.0001967174494923,g = (#2 * 0.15600911) + ((((#8 / -7.550885) + -0.70190996) * (#3 + (#8 / #2))) + -0.92261726); d = #1 * -0.0694992,<pysr.expression_specs.CallableJuliaExpression object at 0x7222a09d2c00>,67
18,3.734408,g = (((#8 - (#1 * -0.012434197)) * (#3 + 0.76159596)) - #2) * -0.11804008; d = (#1 * -0.069707625) + -0.45872724,0.000383180291889,g = (((#8 - (#1 * -0.012434197)) * (#3 + 0.76159596)) - #2) * -0.11804008; d = (#1 * -0.069707625) + -0.45872724,<pysr.expression_specs.CallableJuliaExpression object at 0x7222a099cbc0>,28
16,3.7345157,g = ((#7 * -0.0012425474) + 0.7876905) * sqrt(#8); d = square((#1 * -0.016382359) + 0.97009563) + -1.9355431,0.0012085560571301,g = ((#7 * -0.0012425474) + 0.7876905) * sqrt(#8); d = square((#1 * -0.016382359) + 0.97009563) + -1.9355431,<pysr.expression_specs.CallableJuliaExpression object at 0x7222a09d02c0>,49
16,3.7345316,g = (-3.0177112 - (#3 * #8)) / sqrt(#2 - -0.55337906); d = square((#1 * -0.015815832) - -1.154067),0.0009160624525921,g = (-3.0177112 - (#3 * #8)) / sqrt(#2 - -0.55337906); d = square((#1 * -0.015815832) - -1.154067),<pysr.expression_specs.CallableJuliaExpression object at 0x7222a099dc10>,32
16,3.7346027,g = (-3.2980413 - (#3 * #8)) / sqrt(#2 + 0.7017229); d = square((#1 * -0.016209466) + 1.1425959),0.0018137814847526,g = (-3.2980413 - (#3 * #8)) / sqrt(#2 + 0.7017229); d = square((#1 * -0.016209466) + 1.1425959),<pysr.expression_specs.CallableJuliaExpression object at 0x7222a0959af0>,15
18,3.7347424,g = (((#8 / -7.626177) - 0.6957057) * (#3 - (#2 / (#8 * 1.4539388)))) - 2.5038464; d = #1 * -0.07305503,0.0002474123377305,g = (((#8 / -7.626177) - 0.6957057) * (#3 - (#2 / (#8 * 1.4539388)))) - 2.5038464; d = #1 * -0.07305503,<pysr.expression_specs.CallableJuliaExpression object at 0x7222a099f260>,46
16,3.734757,g = (sqrt(#8) * ((#7 * -0.0012194144) + 0.89581984)) + -1.7086914; d = square((#1 / -58.628853) + 0.8032341),0.0005810922645203,g = (sqrt(#8) * ((#7 * -0.0012194144) + 0.89581984)) + -1.7086914; d = square((#1 / -58.628853) + 0.8032341),<pysr.expression_specs.CallableJuliaExpression object at 0x7222a095b3e0>,20
16,3.7349772,g = (((#7 * -0.00085529184) - -0.96951526) * (sqrt(#2) + inv(#4))) + -2.7238915; d = #1 * -0.06775114,0.000451975569856,g = (((#7 * -0.00085529184) - -0.96951526) * (sqrt(#2) + inv(#4))) + -2.7238915; d = #1 * -0.06775114,<pysr.expression_specs.CallableJuliaExpression object at 0x7222a09d0bf0>,52
16,3.7350113,g = (-2.6613042 - (#3 * #8)) / sqrt(#2 + 0.39582002); d = square((#1 * 0.016488662) + -1.0864307),0.0008530444185799,g = (-2.6613042 - (#3 * #8)) / sqrt(#2 + 0.39582002); d = square((#1 * 0.016488662) + -1.0864307),<pysr.expression_specs.CallableJuliaExpression object at 0x7222a09d34a0>,68
16,3.7353265,g = sqrt(#8) * ((#7 * -0.0012087597) - -0.65508336); d = square((#1 * -0.01666789) + 0.8939085) + -1.582606,0.0010102712924784,g = sqrt(#8) * ((#7 * -0.0012087597) - -0.65508336); d = square((#1 * -0.01666789) + 0.8939085) + -1.582606,<pysr.expression_specs.CallableJuliaExpression object at 0x7222a09d1070>,65
18,3.7354472,g = (((#8 - (#1 * -0.011818395)) * (#3 + 0.7908221)) - #2) * -0.123288974; d = -0.43828928 + (#1 * -0.06944784),0.0002976535132416,g = (((#8 - (#1 * -0.011818395)) * (#3 + 0.7908221)) - #2) * -0.123288974; d = -0.43828928 + (#1 * -0.06944784),<pysr.expression_specs.CallableJuliaExpression object at 0x7222a0958920>,24
16,3.7355497,g = ((#3 * -0.029427428) * sqrt(#8 * #1)) - (2.7501566 - sqrt(#2)); d = #1 * -0.06823292,0.0001726236808188,g = ((#3 * -0.029427428) * sqrt(#8 * #1)) - (2.7501566 - sqrt(#2)); d = #1 * -0.06823292,<pysr.expression_specs.CallableJuliaExpression object at 0x7222a1fb6ab0>,1
16,3.735582,g = ((#3 * sqrt(#8 * #1)) * -0.02950722) - (2.7920759 - sqrt(#2)); d = #1 * -0.06914878,0.0003586775244282,g = ((#3 * sqrt(#8 * #1)) * -0.02950722) - (2.7920759 - sqrt(#2)); d = #1 * -0.06914878,<pysr.expression_specs.CallableJuliaExpression object at 0x7222a095a090>,14
16,3.7356074,g = ((sqrt(#2) + inv(#4)) * ((#7 * -0.00085863157) - -0.9228717)) + -2.66287; d = #1 * -0.06822761,8.437361562799757e-05,g = ((sqrt(#2) + inv(#4)) * ((#7 * -0.00085863157) - -0.9228717)) + -2.66287; d = #1 * -0.06822761,<pysr.expression_specs.CallableJuliaExpression object at 0x7222a09583b0>,10
15,3.7357967,g = -2.8898757 - (((#7 * 0.0007672036) - 0.93536633) * (sqrt(#2) + 0.45075566)); d = #1 * -0.067529604,0.0003283094182443,g = -2.8898757 - (((#7 * 0.0007672036) - 0.93536633) * (sqrt(#2) + 0.45075566)); d = #1 * -0.067529604,<pysr.expression_specs.CallableJuliaExpression object at 0x7222a09d2690>,72
17,3.7357986,g = inv((-0.23520674 - sqrt(#2)) / ((#8 * #3) - -2.6246037)); d = square((#1 * -0.016435273) + 1.0448476),0.0002811319529956,g = inv((-0.23520674 - sqrt(#2)) / ((#8 * #3) - -2.6246037)); d = square((#1 * -0.016435273) + 1.0448476),<pysr.expression_specs.CallableJuliaExpression object at 0x7222a0958680>,13
15,3.7358134,g = (0.93108016 - (#7 * 0.0007679315)) * (sqrt(#2) + 0.44095403); d = (#1 * -0.06735012) + -2.86949,0.0003785024853919,g = (0.93108016 - (#7 * 0.0007679315)) * (sqrt(#2) + 0.44095403); d = (#1 * -0.06735012) + -2.86949,<pysr.expression_specs.CallableJuliaExpression object at 0x7222a1f8fec0>,6
15,3.7358546,g = (((#7 * -0.00076168345) - -0.9059206) * (sqrt(#2) + 0.47376266)) + -2.8237555; d = #1 * -0.06763348,0.0003196372348117,g = (((#7 * -0.00076168345) - -0.9059206) * (sqrt(#2) + 0.47376266)) + -2.8237555; d = #1 * -0.06763348,<pysr.expression_specs.CallableJuliaExpression object at 0x7222a099ec60>,37
16,3.735863,g = ((#7 / -1133.9308) + 0.99484736) * (sqrt(#2) + inv(#4)); d = (#1 * -0.069862224) + -2.8435662,0.0003326656410491,g = ((#7 / -1133.9308) + 0.99484736) * (sqrt(#2) + inv(#4)); d = (#1 * -0.069862224) + -2.8435662,<pysr.expression_specs.CallableJuliaExpression object at 0x7222a0958080>,8
15,3.7359226,g = ((sqrt(#2) + 0.57843375) * ((#7 * -0.00074222253) - -0.9327846)) + -3.021485; d = #1 * -0.06845951,0.0003110445808663,g = ((sqrt(#2) + 0.57843375) * ((#7 * -0.00074222253) - -0.9327846)) + -3.021485; d = #1 * -0.06845951,<pysr.expression_specs.CallableJuliaExpression object at 0x7222a0958cb0>,10
15,3.7359552,g = ((#7 * -0.0007399978) - -0.89842176) * (sqrt(#2) - -0.5795356); d = (#1 * -0.06790296) + -2.9019244,0.0003216749868624,g = ((#7 * -0.0007399978) - -0.89842176) * (sqrt(#2) - -0.5795356); d = (#1 * -0.06790296) + -2.9019244,<pysr.expression_specs.CallableJuliaExpression object at 0x7222a09d1430>,53
18,3.7359643,g = ((((#8 - -1.1397649) - (#1 * -0.009857091)) * #3) - #2) * -0.122207575; d = (#1 * -0.06838964) + -1.1397649,0.0004950374265916,g = ((((#8 - -1.1397649) - (#1 * -0.009857091)) * #3) - #2) * -0.122207575; d = (#1 * -0.06838964) + -1.1397649,<pysr.expression_specs.CallableJuliaExpression object at 0x7222a0959640>,19
16,3.7361274,g = (sqrt(#2) + inv(#4)) * ((#7 * -0.00083033094) - -0.9153695); d = (#1 * -0.06520232) - 2.553165,0.0002963592499518,g = (sqrt(#2) + inv(#4)) * ((#7 * -0.00083033094) - -0.9153695); d = (#1 * -0.06520232) - 2.553165,<pysr.expression_specs.CallableJuliaExpression object at 0x7222a1f8c350>,4
16,3.7361808,g = ((#8 * #3) + 2.6518824) / (-0.28991196 - sqrt(#2)); d = square((#1 * -0.01592686) + 1.0585264),0.0014047799215645,g = ((#8 * #3) + 2.6518824) / (-0.28991196 - sqrt(#2)); d = square((#1 * -0.01592686) + 1.0585264),<pysr.expression_specs.CallableJuliaExpression object at 0x7222a09d00e0>,51
15,3.7361946,g = ((sqrt(#2) + 0.35992032) * ((#7 * -0.00078928313) - -0.96871144)) - 2.9299645; d = #1 * -0.06948471,0.0005531907303394,g = ((sqrt(#2) + 0.35992032) * ((#7 * -0.00078928313) - -0.96871144)) - 2.9299645; d = #1 * -0.06948471,<pysr.expression_specs.CallableJuliaExpression object at 0x7222a1fb68d0>,1
15,3.7363667,g = ((#7 * -0.0008000735) - -0.9918473) * (sqrt(#2) + 0.30453235); d = (#1 * -0.06946798) + -2.9646804,0.000269079430705,g = ((#7 * -0.0008000735) - -0.9918473) * (sqrt(#2) + 0.30453235); d = (#1 * -0.06946798) + -2.9646804,<pysr.expression_specs.CallableJuliaExpression object at 0x7222a6c6e150>,2
15,3.7363827,g = ((#7 * -0.00080284366) - -0.91231054) * (sqrt(#2) - -0.27710968); d = (#1 * -0.06622001) - 2.6589706,0.0003024337358401,g = ((#7 * -0.00080284366) - -0.91231054) * (sqrt(#2) - -0.27710968); d = (#1 * -0.06622001) - 2.6589706,<pysr.expression_specs.CallableJuliaExpression object at 0x7222a099e9f0>,35
16,3.736391,g = sqrt(#2) + ((sqrt(#8) * ((#3 - -0.4456686) * -0.6755682)) - 2.2573607); d = #1 * -0.06706759,0.0002529876611783,g = sqrt(#2) + ((sqrt(#8) * ((#3 - -0.4456686) * -0.6755682)) - 2.2573607); d = #1 * -0.06706759,<pysr.expression_specs.CallableJuliaExpression object at 0x7222a09d3e00>,73
16,3.7364292,g = ((((#3 + 0.40811488) * -0.6757276) * sqrt(#8)) + sqrt(#2)) - 2.3072627; d = #1 * -0.06706247,0.0002470465439863,g = ((((#3 + 0.40811488) * -0.6757276) * sqrt(#8)) + sqrt(#2)) - 2.3072627; d = #1 * -0.06706247,<pysr.expression_specs.CallableJuliaExpression object at 0x7222a099da30>,40
16,3.7364545,g = (-2.272411 - (sqrt(#8) * ((#3 - -0.43486768) * 0.6694826))) + sqrt(#2); d = #1 * -0.06664312,0.0002420024487229,g = (-2.272411 - (sqrt(#8) * ((#3 - -0.43486768) * 0.6694826))) + sqrt(#2); d = #1 * -0.06664312,<pysr.expression_specs.CallableJuliaExpression object at 0x7222a099fec0>,44
16,3.7364688,g = (-2.3244677 - ((#3 + 0.3926563) * sqrt(#8 * 0.45991564))) + sqrt(#2); d = #1 * -0.067259334,0.00024016912477683514,g = (-2.3244677 - ((#3 + 0.3926563) * sqrt(#8 * 0.45991564))) + sqrt(#2); d = #1 * -0.067259334,<pysr.expression_specs.CallableJuliaExpression object at 0x7222a08e8b60>,74
16,3.7364905,g = ((sqrt(#8) * -0.6750039) * (#3 - -0.422829)) - (2.2807183 - sqrt(#2)); d = #1 * -0.066122904,0.0002436853730992,g = ((sqrt(#8) * -0.6750039) * (#3 - -0.422829)) - (2.2807183 - sqrt(#2)); d = #1 * -0.066122904,<pysr.expression_specs.CallableJuliaExpression object at 0x7222a09d08c0>,62
17,3.736503,g = ((#7 * sqrt(#8 + sqrt(#2))) * -0.00095463824) - 0.91993904; d = square((#1 * -0.016466014) + 1.0000453),0.0005613834935182,g = ((#7 * sqrt(#8 + sqrt(#2))) * -0.00095463824) - 0.91993904; d = square((#1 * -0.016466014) + 1.0000453),<pysr.expression_specs.CallableJuliaExpression object at 0x7222a09d0d40>,64
16,3.736515,g = ((#8 * (#3 * -0.92716724)) + -1.6481177) / sqrt(#2); d = square((#1 * 0.01679737) + -0.92688507),0.0006510920805715,g = ((#8 * (#3 * -0.92716724)) + -1.6481177) / sqrt(#2); d = square((#1 * 0.01679737) + -0.92688507),<pysr.expression_specs.CallableJuliaExpression object at 0x7222a095af90>,25
16,3.736521,g = sqrt(#2) + ((#3 + 0.56981605) * (sqrt(#8) * -0.6749244)); d = -2.114505 - (#1 * 0.066485755),0.0002336119746865,g = sqrt(#2) + ((#3 + 0.56981605) * (sqrt(#8) * -0.6749244)); d = -2.114505 - (#1 * 0.066485755),<pysr.expression_specs.CallableJuliaExpression object at 0x7222a099cc80>,27
19,3.736534,g = ((#3 + 1.5680639) * ((#8 * -0.13053215) + -0.69835675)) - ((#2 - inv(#2)) * -0.20617338); d = #1 * -0.06802273,0.0001875894216307,g = ((#3 + 1.5680639) * ((#8 * -0.13053215) + -0.69835675)) - ((#2 - inv(#2)) * -0.20617338); d = #1 * -0.06802273,<pysr.expression_specs.CallableJuliaExpression object at 0x7222a099c4a0>,33
16,3.7365353,g = (((#3 + 0.3771158) * -0.68099296) * sqrt(#8)) + (sqrt(#2) - 2.337286); d = #1 * -0.06770868,0.0002304812906943,g = (((#3 + 0.3771158) * -0.68099296) * sqrt(#8)) + (sqrt(#2) - 2.337286); d = #1 * -0.06770868,<pysr.expression_specs.CallableJuliaExpression object at 0x7222a099d250>,41
16,3.7365594,g = (sqrt(#2) + -2.307924) - (sqrt(#8 * 0.4530233) * (#3 + 0.3714087)); d = #1 * -0.065821305,0.0002276442694721,g = (sqrt(#2) + -2.307924) - (sqrt(#8 * 0.4530233) * (#3 + 0.3714087)); d = #1 * -0.065821305,<pysr.expression_specs.CallableJuliaExpression object at 0x7222a095b0b0>,23
19,3.7365909,g = (((#8 * -0.13081093) - 0.7073884) * (#3 + 1.4695507)) - ((#2 - inv(#2)) * -0.19288632); d = #1 * -0.06847444,0.0001835997133231,g = (((#8 * -0.13081093) - 0.7073884) * (#3 + 1.4695507)) - ((#2 - inv(#2)) * -0.19288632); d = #1 * -0.06847444,<pysr.expression_specs.CallableJuliaExpression object at 0x7222a099ecf0>,39
16,3.7365909,g = ((((#3 - -0.49049664) * -0.6751089) * sqrt(#8)) + sqrt(#2)) - 2.2640479; d = #1 * -0.06828358,0.0002234559300245,g = ((((#3 - -0.49049664) * -0.6751089) * sqrt(#8)) + sqrt(#2)) - 2.2640479; d = #1 * -0.06828358,<pysr.expression_specs.CallableJuliaExpression object at 0x7222a099f9b0>,46
16,3.736634,g = sqrt(#2) + (sqrt(#8) * ((#3 * -0.66828996) - 0.2556424)); d = (#1 * -0.066905715) + -2.3491015,0.000220778336375,g = sqrt(#2) + (sqrt(#8) * ((#3 * -0.66828996) - 0.2556424)); d = (#1 * -0.066905715) + -2.3491015,<pysr.expression_specs.CallableJuliaExpression object at 0x7222a1fb4140>,7
16,3.7366357,g = sqrt(#2) - ((#3 - -0.34636694) / (1.4605054 / sqrt(#8))); d = (#1 * -0.06738116) + -2.3313484,0.0002173408199365,g = sqrt(#2) - ((#3 - -0.34636694) / (1.4605054 / sqrt(#8))); d = (#1 * -0.06738116) + -2.3313484,<pysr.expression_specs.CallableJuliaExpression object at 0x7222a099ec00>,43
19,3.736645,g = inv(#4) + ((#2 * 0.22272924) + ((#3 + 1.9308784) * ((#8 * -0.13074625) + -0.70574045))); d = #1 * -0.069629535,0.0001197526673996,g = inv(#4) + ((#2 * 0.22272924) + ((#3 + 1.9308784) * ((#8 * -0.13074625) + -0.70574045))); d = #1 * -0.069629535,<pysr.expression_specs.CallableJuliaExpression object at 0x7222a0959f70>,21
15,3.7366657,g = ((sqrt(#2) + 0.17514965) * ((#7 * -0.00083924725) - -0.97494006)) + -2.756165; d = #1 * -0.06815146,0.0002271028017663,g = ((sqrt(#2) + 0.17514965) * ((#7 * -0.00083924725) - -0.97494006)) + -2.756165; d = #1 * -0.06815146,<pysr.expression_specs.CallableJuliaExpression object at 0x7222a09d0560>,52
18,3.736671,g = (((((20.723635 / #2) + #3) * #8) - #2) - (#3 / -0.17902505)) / -7.7186604; d = #1 * -0.06932473,0.0005915281623901,g = (((((20.723635 / #2) + #3) * #8) - #2) - (#3 / -0.17902505)) / -7.7186604; d = #1 * -0.06932473,<pysr.expression_specs.CallableJuliaExpression object at 0x7222a1f8d460>,3
16,3.736727,g = ((#3 * #8) + 1.6191065) * (-0.93124247 / sqrt(#2)); d = square((#1 * -0.017095558) - -0.88384336),0.0012587054488368,g = ((#3 * #8) + 1.6191065) * (-0.93124247 / sqrt(#2)); d = square((#1 * -0.017095558) - -0.88384336),<pysr.expression_specs.CallableJuliaExpression object at 0x7222a09d0950>,59
16,3.7367325,g = sqrt(#2) + (((#3 + 0.5258067) * -0.67437756) * sqrt(#8)); d = (#1 * -0.068696074) + -2.2375636,0.0002041340306106,g = sqrt(#2) + (((#3 + 0.5258067) * -0.67437756) * sqrt(#8)); d = (#1 * -0.068696074) + -2.2375636,<pysr.expression_specs.CallableJuliaExpression object at 0x7222a09d02c0>,60
15,3.7367418,g = (((#7 * -0.0008418158) + 1.0245622) * sqrt(#2 + 0.79092145)) + -2.8710785; d = #1 * -0.06788752,0.0002093631903432,g = (((#7 * -0.0008418158) + 1.0245622) * sqrt(#2 + 0.79092145)) + -2.8710785; d = #1 * -0.06788752,<pysr.expression_specs.CallableJuliaExpression object at 0x7222a09d12e0>,55
18,3.7367516,g = (#2 - (#3 * (((#1 - #5) * 0.011999414) + #8))) * 0.12099806; d = (#1 * -0.067481674) + -1.0954537,5.758681084292403e-05,g = (#2 - (#3 * (((#1 - #5) * 0.011999414) + #8))) * 0.12099806; d = (#1 * -0.067481674) + -1.0954537,<pysr.expression_specs.CallableJuliaExpression object at 0x7222a09d2c60>,69
18,3.736783,g = (((#7 * 0.01250466) + ((#8 * (#3 - -0.33083594)) - #2)) * -0.11861079) + -0.9935058; d = #1 * -0.06663631,9.904598135357064e-05,g = (((#7 * 0.01250466) + ((#8 * (#3 - -0.33083594)) - #2)) * -0.11861079) + -0.9935058; d = #1 * -0.06663631,<pysr.expression_specs.CallableJuliaExpression object at 0x7222a0959df0>,17
16,3.736849,g = ((#3 * #8) - -1.6776769) / (sqrt(#2) * -1.0951535); d = square((#1 * -0.016940495) + 0.889262),0.001215339213961,g = ((#3 * #8) - -1.6776769) / (sqrt(#2) * -1.0951535); d = square((#1 * -0.016940495) + 0.889262),<pysr.expression_specs.CallableJuliaExpression object at 0x7222a0958d40>,13
15,3.7368817,g = sqrt(#2 + 0.7266656) * ((#7 * -0.0008461968) + 1.0615433); d = (#1 * -0.06741203) + -2.9270306,0.0002028820352961,g = sqrt(#2 + 0.7266656) * ((#7 * -0.0008461968) + 1.0615433); d = (#1 * -0.06741203) + -2.9270306,<pysr.expression_specs.CallableJuliaExpression object at 0x7222a099c0b0>,34
15,3.7369998,g = (sqrt(#2 + 0.5561219) * ((#7 * -0.0008520463) + 0.98632485)) + -2.7108448; d = #1 * -0.06686114,0.0001672184981824,g = (sqrt(#2 + 0.5561219) * ((#7 * -0.0008520463) + 0.98632485)) + -2.7108448; d = #1 * -0.06686114,<pysr.expression_specs.CallableJuliaExpression object at 0x7222a09d04a0>,56
17,3.7370303,g = neg(((#8 * #3) + 1.6215765) / sqrt(#2 / 0.87257487)); d = square(0.88690513 + (-0.017228872 * #1)),7.893937484203545e-06,g = neg(((#8 * #3) + 1.6215765) / sqrt(#2 / 0.87257487)); d = square(0.88690513 + (-0.017228872 * #1)),<pysr.expression_specs.CallableJuliaExpression object at 0x7222a099fbc0>,47
16,3.7370598,g = (((#3 * #8) + 1.539963) / sqrt(#2)) * -0.9320606; d = square((#1 * -0.017228872) + 0.8571343),0.0011976845059632,g = (((#3 * #8) + 1.539963) / sqrt(#2)) * -0.9320606; d = square((#1 * -0.017228872) + 0.8571343),<pysr.expression_specs.CallableJuliaExpression object at 0x7222a099e570>,47
16,3.7370687,g = (((#7 * -0.0008491909) - -0.8382868) * (inv(#4) + sqrt(#2))) + -2.2976246; d = #1 / -15.410139,4.540889148876006e-05,g = (((#7 * -0.0008491909) - -0.8382868) * (inv(#4) + sqrt(#2))) + -2.2976246; d = #1 / -15.410139,<pysr.expression_specs.CallableJuliaExpression object at 0x7222a099ef60>,36
18,3.7370925,g = (((#3 + 1.9288083) * ((#8 * -0.1282124) + -0.709538)) + (#2 * 0.22016594)) + 0.20880857; d = #1 * -0.068541475,2.433650936184557e-05,g = (((#3 + 1.9288083) * ((#8 * -0.1282124) + -0.709538)) + (#2 * 0.22016594)) + 0.20880857; d = #1 * -0.068541475,<pysr.expression_specs.CallableJuliaExpression object at 0x7222a095af60>,21
15,3.737106,g = sqrt(#2 - -0.7832222) * ((#7 / -1191.1049) + 1.0559148); d = (-0.06616611 * #1) + -2.9123445,0.0003097104414083,g = sqrt(#2 - -0.7832222) * ((#7 / -1191.1049) + 1.0559148); d = (-0.06616611 * #1) + -2.9123445,<pysr.expression_specs.CallableJuliaExpression object at 0x7222a1f8f740>,8
16,3.7371738,g = ((#3 * (#8 - (#1 * -0.011898064))) - #2) * -0.121945105; d = -1.1160597 - (#1 * 0.06754741),0.0009437397347876,g = ((#3 * (#8 - (#1 * -0.011898064))) - #2) * -0.121945105; d = -1.1160597 - (#1 * 0.06754741),<pysr.expression_specs.CallableJuliaExpression object at 0x7222a09d01a0>,50
16,3.737182,g = (#2 - (#3 * (#8 + (#1 * 0.01204034)))) * 0.12099806; d = (#1 * -0.06787839) + -1.1159799,0.001364161843634,g = (#2 - (#3 * (#8 + (#1 * 0.01204034)))) * 0.12099806; d = (#1 * -0.06787839) + -1.1159799,<pysr.expression_specs.CallableJuliaExpression object at 0x7222a09d2f60>,69
16,3.7372086,g = ((((#8 + (#1 * 0.011844092)) * #3) - #2) * -0.122343965) - 1.1109526; d = #1 * -0.06748371,0.0013783945785294,g = ((((#8 + (#1 * 0.011844092)) * #3) - #2) * -0.122343965) - 1.1109526; d = #1 * -0.06748371,<pysr.expression_specs.CallableJuliaExpression object at 0x7222a099cb90>,30
15,3.7372348,g = (sqrt(#2) - -0.177659) * ((#7 * -0.00083033094) - -0.9153695); d = (#1 * -0.06520232) - 2.553165,0.0001881384867513,g = (sqrt(#2) - -0.177659) * ((#7 * -0.00083033094) - -0.9153695); d = (#1 * -0.06520232) - 2.553165,<pysr.expression_specs.CallableJuliaExpression object at 0x7222a1f8dfd0>,4
18,3.737235,g = (((#8 * -0.13053215) + -0.7049289) * (#3 + 1.6634523)) - (#2 * -0.21151298); d = (#1 + -0.06841599) * -0.06841599,6.421855887160235e-07,g = (((#8 * -0.13053215) + -0.7049289) * (#3 + 1.6634523)) - (#2 * -0.21151298); d = (#1 + -0.06841599) * -0.06841599,<pysr.expression_specs.CallableJuliaExpression object at 0x7222a099e090>,33
15,3.7372384,g = (sqrt(#2 - -0.42937464) * ((#7 * -0.00086640497) - -0.98839676)) + -2.6902273; d = #1 / -14.822333,0.0001347203765756,g = (sqrt(#2 - -0.42937464) * ((#7 * -0.00086640497) - -0.98839676)) + -2.6902273; d = #1 / -14.822333,<pysr.expression_specs.CallableJuliaExpression object at 0x7222a099edb0>,36
16,3.7372398,g = (((#8 * -0.13053215) + -0.7049289) * (#3 + 1.6616641)) - (#2 * -0.21151298); d = #1 * -0.06841599,0.0008498382527959,g = (((#8 * -0.13053215) + -0.7049289) * (#3 + 1.6616641)) - (#2 * -0.21151298); d = #1 * -0.06841599,<pysr.expression_specs.CallableJuliaExpression object at 0x7222a099d610>,33
16,3.737257,g = ((#3 - -1.686537) * ((#8 * -0.13175899) - 0.6913758)) + (#2 * 0.21206346); d = #1 * -0.0679686,0.0001506225565322,g = ((#3 - -1.686537) * ((#8 * -0.13175899) - 0.6913758)) + (#2 * 0.21206346); d = #1 * -0.0679686,<pysr.expression_specs.CallableJuliaExpression object at 0x7222a09d0710>,48
18,3.7372603,g = (#2 * 0.22397651) - ((((#8 * 0.124589) - -0.7221625) * (#3 - -2.2127907)) - 0.48118296); d = #1 * -0.06848398,1.8984134737482463e-05,g = (#2 * 0.22397651) - ((((#8 * 0.124589) - -0.7221625) * (#3 - -2.2127907)) - 0.48118296); d = #1 * -0.06848398,<pysr.expression_specs.CallableJuliaExpression object at 0x7222a095ac30>,22
16,3.737271,g = ((((#8 - (#1 * -0.011942045)) * #3) - #2) * -0.12205036) + -1.1408222; d = #1 * -0.06867196,0.0008381177919829,g = ((((#8 - (#1 * -0.011942045)) * #3) - #2) * -0.12205036) + -1.1408222; d = #1 * -0.06867196,<pysr.expression_specs.CallableJuliaExpression object at 0x7222a099d280>,28
16,3.7372744,g = (#2 * 0.21641323) + ((#3 + 1.7043457) * ((#8 * -0.13001873) + -0.7056392)); d = #1 * -0.06871832,0.0018612020798382,g = (#2 * 0.21641323) + ((#3 + 1.7043457) * ((#8 * -0.13001873) + -0.7056392)); d = #1 * -0.06871832,<pysr.expression_specs.CallableJuliaExpression object at 0x7222a0958560>,21
18,3.737277,g = (((#3 + 1.9089661) * ((#8 * -0.13106783) - 0.69329715)) - (#2 * -0.21875139)) + 0.19785692; d = #1 * -0.06732704,2.22617022607809e-05,g = (((#3 + 1.9089661) * ((#8 * -0.13106783) - 0.69329715)) - (#2 * -0.21875139)) + 0.19785692; d = #1 * -0.06732704,<pysr.expression_specs.CallableJuliaExpression object at 0x7222a099cb00>,39
16,3.737285,g = ((#3 + 1.6416295) * ((#8 / -7.6293297) + -0.6954057)) + (#2 * 0.20791908); d = #1 * -0.067836694,0.0015412148261808,g = ((#3 + 1.6416295) * ((#8 / -7.6293297) + -0.6954057)) + (#2 * 0.20791908); d = #1 * -0.067836694,<pysr.expression_specs.CallableJuliaExpression object at 0x7222a09d1d00>,67
15,3.7373161,g = ((0.93066394 - (#7 * 0.00083666627)) * sqrt(#2 - -0.6595256)) + -2.5868402; d = #1 * -0.06674715,0.0001372320660892,g = ((0.93066394 - (#7 * 0.00083666627)) * sqrt(#2 - -0.6595256)) + -2.5868402; d = #1 * -0.06674715,<pysr.expression_specs.CallableJuliaExpression object at 0x7222a09591f0>,11
16,3.7374022,g = (#2 * 0.20205526) - (((#8 * 0.13032122) - -0.69994265) * (#3 - -1.5846165)); d = #1 * -0.06735018,0.0001183168556047,g = (#2 * 0.20205526) - (((#8 * 0.13032122) - -0.69994265) * (#3 - -1.5846165)); d = #1 * -0.06735018,<pysr.expression_specs.CallableJuliaExpression object at 0x7222a095a4e0>,22
16,3.7374434,g = (((#8 * -0.12621729) - 0.71832395) * (#3 + 1.602762)) - (#2 * -0.20552024); d = #1 * -0.06809956,0.0018162500584881,g = (((#8 * -0.12621729) - 0.71832395) * (#3 + 1.602762)) - (#2 * -0.20552024); d = #1 * -0.06809956,<pysr.expression_specs.CallableJuliaExpression object at 0x7222a099dd60>,39
18,3.7374625,g = (#2 * 0.20145899) + ((#3 + 1.553781) * (-0.71379244 - (#8 * 0.1283261))); d = (#1 * -0.0678065) - 0.010829225,6.689025850542967e-07,g = (#2 * 0.20145899) + ((#3 + 1.553781) * (-0.71379244 - (#8 * 0.1283261))); d = (#1 * -0.0678065) - 0.010829225,<pysr.expression_specs.CallableJuliaExpression object at 0x7222a0958c20>,18
16,3.7374675,g = (#2 * 0.20145899) + ((-0.71379244 - (#8 * 0.1283261)) * (#3 + 1.587822)); d = #1 * -0.0678065,0.0015086270864377,g = (#2 * 0.20145899) + ((-0.71379244 - (#8 * 0.1283261)) * (#3 + 1.587822)); d = #1 * -0.0678065,<pysr.expression_specs.CallableJuliaExpression object at 0x7222a0959eb0>,18
15,3.737484,g = -3.2102022 - (((#7 * 0.00083409465) - 1.1014725) * sqrt(#2 - -1.1628059)); d = #1 * -0.06981715,0.000317168446068,g = -3.2102022 - (((#7 * 0.00083409465) - 1.1014725) * sqrt(#2 - -1.1628059)); d = #1 * -0.06981715,<pysr.expression_specs.CallableJuliaExpression object at 0x7222a09d2b10>,66
16,3.7375233,g = ((((#3 * #8) + (#7 * 0.01250466)) - #2) * -0.11861079) + -1.0570139; d = #1 * -0.06663631,0.0008028684425622,g = ((((#3 * #8) + (#7 * 0.01250466)) - #2) * -0.11861079) + -1.0570139; d = #1 * -0.06663631,<pysr.expression_specs.CallableJuliaExpression object at 0x7222a0958aa0>,17
16,3.7376106,g = (#2 - ((#8 - (#1 * -0.012662059)) * #3)) * 0.11751016; d = (#1 * -0.067193724) - 1.0678893,0.0008700929828636,g = (#2 - ((#8 - (#1 * -0.012662059)) * #3)) * 0.11751016; d = (#1 * -0.067193724) - 1.0678893,<pysr.expression_specs.CallableJuliaExpression object at 0x7222a099cd10>,31
16,3.7376716,g = -0.123288974 * (((#8 - (#1 * -0.011818395)) * #3) - #2); d = (-0.06944784 * #1) + -1.1771941,0.0007920049010544,g = -0.123288974 * (((#8 - (#1 * -0.011818395)) * #3) - #2); d = (-0.06944784 * #1) + -1.1771941,<pysr.expression_specs.CallableJuliaExpression object at 0x7222a0958890>,24
16,3.7378116,g = ((#7 * sqrt(#8 - -1.232692)) + #1) * -0.0010752477; d = square((#1 * -0.01726256) + 0.83422506),0.0005386995832779,g = ((#7 * sqrt(#8 - -1.232692)) + #1) * -0.0010752477; d = square((#1 * -0.01726256) + 0.83422506),<pysr.expression_specs.CallableJuliaExpression object at 0x7222a0958680>,9
17,3.7378142,g = -2.515915 + ((((#8 - -5.275873) * #3) - #2) * -0.12052271); d = square((#1 * -0.013864246) - -1.3840139),0.0002947812610656,g = -2.515915 + ((((#8 - -5.275873) * #3) - #2) * -0.12052271); d = square((#1 * -0.013864246) - -1.3840139),<pysr.expression_specs.CallableJuliaExpression object at 0x7222a095a270>,19
19,3.7378833,g = #3 / (10.249343 / ((inv(#8) - #8) + (#1 * -0.018527238))); d = #1 * ((#1 * 0.0002386211) + -0.038352035),0.0002015376144382,g = #3 / (10.249343 / ((inv(#8) - #8) + (#1 * -0.018527238))); d = #1 * ((#1 * 0.0002386211) + -0.038352035),<pysr.expression_specs.CallableJuliaExpression object at 0x7222a09d1160>,61
17,3.7380981,g = ((#7 * -0.0011890373) - inv(#8 - -0.019765787)) * sqrt(#8); d = square((#1 * 0.016225742) + -0.9482568),8.105693427007498e-06,g = ((#7 * -0.0011890373) - inv(#8 - -0.019765787)) * sqrt(#8); d = square((#1 * 0.016225742) + -0.9482568),<pysr.expression_specs.CallableJuliaExpression object at 0x7222a09595b0>,12
16,3.7381284,g = (sqrt(#8 - -1.3005319) * (-0.0010681895 * #7)) - 1.3748752; d = square((#1 * 0.01569439) + -1.1755213),0.0002921356239404,g = (sqrt(#8 - -1.3005319) * (-0.0010681895 * #7)) - 1.3748752; d = square((#1 * 0.01569439) + -1.1755213),<pysr.expression_specs.CallableJuliaExpression object at 0x7222a0958890>,12
13,3.7382436,g = (sqrt(#2) * ((#7 * -0.0008858189) - -1.0192184)) + -2.6875062; d = #1 * -0.06730636,0.0097346252128778,g = (sqrt(#2) * ((#7 * -0.0008858189) - -1.0192184)) + -2.6875062; d = #1 * -0.06730636,<pysr.expression_specs.CallableJuliaExpression object at 0x7222a099e270>,37
13,3.7382455,g = (sqrt(#2) * ((#7 * -0.0008855058) - -1.0144844)) + -2.6691644; d = #1 / -14.918179,0.004688229637499,g = (sqrt(#2) * ((#7 * -0.0008855058) - -1.0144844)) + -2.6691644; d = #1 / -14.918179,<pysr.expression_specs.CallableJuliaExpression object at 0x7222a099e2d0>,36
16,3.738247,g = (sqrt(#8) * (#3 * -0.6852181)) + ((sqrt(#2) + -2.6399646) / 0.98966694); d = #1 * -0.06727168,2.220287094900332e-06,g = (sqrt(#8) * (#3 * -0.6852181)) + ((sqrt(#2) + -2.6399646) / 0.98966694); d = #1 * -0.06727168,<pysr.expression_specs.CallableJuliaExpression object at 0x7222a099c380>,26
13,3.7382474,g = (((#7 * -0.00088667474) - -1.0193052) * sqrt(#2)) + -2.685818; d = #1 * -0.067414366,0.004657687477836,g = (((#7 * -0.00088667474) - -1.0193052) * sqrt(#2)) + -2.685818; d = #1 * -0.067414366,<pysr.expression_specs.CallableJuliaExpression object at 0x7222a0958290>,10
13,3.7382498,g = (sqrt(#2) * ((#7 * -0.00088558573) + 1.018716)) + -2.669983; d = #1 * -0.06691788,0.0046427737221584,g = (sqrt(#2) * ((#7 * -0.00088558573) + 1.018716)) + -2.669983; d = #1 * -0.06691788,<pysr.expression_specs.CallableJuliaExpression object at 0x7222a09d0f80>,56
13,3.7382505,g = -2.6701825 - (((#7 * 0.0008858279) - 1.018574) * sqrt(#2)); d = #1 * -0.06690652,0.0046465271945057,g = -2.6701825 - (((#7 * 0.0008858279) - 1.018574) * sqrt(#2)); d = #1 * -0.06690652,<pysr.expression_specs.CallableJuliaExpression object at 0x7222a09d24b0>,72
14,3.7382581,g = (sqrt(#2) + (sqrt(#8) * (#3 * -0.6840333))) - 2.6392405; d = #1 * -0.067088716,0.0023485932806627,g = (sqrt(#2) + (sqrt(#8) * (#3 * -0.6840333))) - 2.6392405; d = #1 * -0.067088716,<pysr.expression_specs.CallableJuliaExpression object at 0x7222a099da60>,41
14,3.7382584,g = ((sqrt(#8) * -0.68446296) * #3) + sqrt(#2); d = (#1 * -0.06702871) + -2.6365945,0.0023227394835307,g = ((sqrt(#8) * -0.68446296) * #3) + sqrt(#2); d = (#1 * -0.06702871) + -2.6365945,<pysr.expression_specs.CallableJuliaExpression object at 0x7222a09d1b20>,60
14,3.7382603,g = sqrt(#2) - (2.641794 - (sqrt(#8) * (#3 / -1.4641565))); d = #1 * -0.06716677,0.0023189972781765,g = sqrt(#2) - (2.641794 - (sqrt(#8) * (#3 / -1.4641565))); d = #1 * -0.06716677,<pysr.expression_specs.CallableJuliaExpression object at 0x7222a099fe30>,43
14,3.738261,g = (sqrt(#2) - (#3 * sqrt(#8 * 0.4657474))) + -2.6309083; d = #1 * -0.06683825,0.0024337976725352,g = (sqrt(#2) - (#3 * sqrt(#8 * 0.4657474))) + -2.6309083; d = #1 * -0.06683825,<pysr.expression_specs.CallableJuliaExpression object at 0x7222a0958e90>,23
14,3.7382612,g = sqrt(#2) + ((sqrt(#8) * (#3 * -0.68299)) - 2.6295435); d = #1 * -0.0668495,0.0067379057760695,g = sqrt(#2) + ((sqrt(#8) * (#3 * -0.68299)) - 2.6295435); d = #1 * -0.0668495,<pysr.expression_specs.CallableJuliaExpression object at 0x7222a099fb30>,46
14,3.738262,g = (#3 * (sqrt(#8) * -0.68493474)) - (2.634021 - sqrt(#2)); d = #1 * -0.06708949,2.963900283262433e-05,g = (#3 * (sqrt(#8) * -0.68493474)) - (2.634021 - sqrt(#2)); d = #1 * -0.06708949,<pysr.expression_specs.CallableJuliaExpression object at 0x7222a1fb5be0>,1
15,3.7382624,g = (sqrt(#2) + (#3 / neg(sqrt(2.1300068 / #8)))) + -2.6437519; d = #1 * -0.06723248,4.7186585451045e-05,g = (sqrt(#2) + (#3 / neg(sqrt(2.1300068 / #8)))) + -2.6437519; d = #1 * -0.06723248,<pysr.expression_specs.CallableJuliaExpression object at 0x7222a09d3b00>,71
14,3.7382627,g = (#3 * (sqrt(#8) * -0.68274814)) - (2.627641 - sqrt(#2)); d = #1 * -0.06682797,0.0023187295266033,g = (#3 * (sqrt(#8) * -0.68274814)) - (2.627641 - sqrt(#2)); d = #1 * -0.06682797,<pysr.expression_specs.CallableJuliaExpression object at 0x7222a0958d70>,14
14,3.7382634,g = (sqrt(#2) - ((sqrt(#8) * #3) * 0.68305546)) + -2.630084; d = #1 * -0.066754535,0.0023326812488705,g = (sqrt(#2) - ((sqrt(#8) * #3) * 0.68305546)) + -2.630084; d = #1 * -0.066754535,<pysr.expression_specs.CallableJuliaExpression object at 0x7222a099e000>,44
14,3.7382636,g = sqrt(#2) + (sqrt(#2) * (#7 / -1133.9155)); d = (#1 * -0.06679873) + -2.6311567,1.0833848264590274e-05,g = sqrt(#2) + (sqrt(#2) * (#7 / -1133.9155)); d = (#1 * -0.06679873) + -2.6311567,<pysr.expression_specs.CallableJuliaExpression object at 0x7222a1f8de20>,8
14,3.7382636,g = ((#3 * sqrt(#8)) * -0.6852181) + (sqrt(#2) + -2.6444278); d = #1 * -0.06727168,0.0044364196465461,g = ((#3 * sqrt(#8)) * -0.6852181) + (sqrt(#2) + -2.6444278); d = #1 * -0.06727168,<pysr.expression_specs.CallableJuliaExpression object at 0x7222a099c350>,26
14,3.738264,g = sqrt(#2) + (-2.6462235 - (sqrt(#8 * 0.46944985) * #3)); d = #1 * -0.06725528,0.002327448863507701,g = sqrt(#2) + (-2.6462235 - (sqrt(#8 * 0.46944985) * #3)); d = #1 * -0.06725528,<pysr.expression_specs.CallableJuliaExpression object at 0x7222a09d1c70>,74
14,3.7382672,g = ((#3 * -0.68111134) * sqrt(#8)) + sqrt(#2); d = -2.642654 - (#1 * 0.06697664),0.0088662022492045,g = ((#3 * -0.68111134) * sqrt(#8)) + sqrt(#2); d = -2.642654 - (#1 * 0.06697664),<pysr.expression_specs.CallableJuliaExpression object at 0x7222a099cce0>,27
14,3.7382758,g = ((#3 * -0.6846172) * sqrt(#8)) + (sqrt(#2) - 2.6363769); d = #1 * -0.06680436,0.0044295115447097,g = ((#3 * -0.6846172) * sqrt(#8)) + (sqrt(#2) - 2.6363769); d = #1 * -0.06680436,<pysr.expression_specs.CallableJuliaExpression object at 0x7222a099dd90>,40
14,3.738282,g = ((sqrt(#8) * #3) * -0.68647027) + (sqrt(#2) - 2.6401968); d = #1 * -0.067066416,0.0075075621771761,g = ((sqrt(#8) * #3) * -0.68647027) + (sqrt(#2) - 2.6401968); d = #1 * -0.067066416,<pysr.expression_specs.CallableJuliaExpression object at 0x7222a09d2810>,73
14,3.7382843,g = sqrt(#2) + (#3 * (-0.67971003 * sqrt(#8))); d = (#1 * -0.066755645) + -2.6378005,0.0023165460975268,g = sqrt(#2) + (#3 * (-0.67971003 * sqrt(#8))); d = (#1 * -0.066755645) + -2.6378005,<pysr.expression_specs.CallableJuliaExpression object at 0x7222a1fb5670>,7
14,3.7382867,g = (sqrt(#2) - (#3 * (sqrt(#8) * 0.6820883))) - 2.616406; d = #1 * -0.066424236,0.0023237204235896,g = (sqrt(#2) - (#3 * (sqrt(#8) * 0.6820883))) - 2.616406; d = #1 * -0.066424236,<pysr.expression_specs.CallableJuliaExpression object at 0x7222a0958b30>,22
13,3.7383041,g = ((#7 / -1133.9155) + 1.0167441) * sqrt(#2); d = (#1 * -0.06679873) + -2.6868725,0.0046456353176783,g = ((#7 / -1133.9155) + 1.0167441) * sqrt(#2); d = (#1 * -0.06679873) + -2.6868725,<pysr.expression_specs.CallableJuliaExpression object at 0x7222a1f8ef60>,8
13,3.7383068,g = (((#7 * -0.00088932435) + 1.0476861) * sqrt(#2)) + -2.7656224; d = #1 * -0.06803876,0.0046273929283256,g = (((#7 * -0.00088932435) + 1.0476861) * sqrt(#2)) + -2.7656224; d = #1 * -0.06803876,<pysr.expression_specs.CallableJuliaExpression object at 0x7222a09d0d40>,55
14,3.738312,g = (#3 * (sqrt(#8) * -0.6815858)) - (2.6074526 - sqrt(#2)); d = #1 * -0.066265285,0.0067273722965619,g = (#3 * (sqrt(#8) * -0.6815858)) - (2.6074526 - sqrt(#2)); d = #1 * -0.066265285,<pysr.expression_specs.CallableJuliaExpression object at 0x7222a09d0470>,62
13,3.738342,g = (sqrt(#2) * (0.97956365 - (#7 * 0.000882562))) + -2.5676508; d = #1 * -0.06631096,0.0046149947635127,g = (sqrt(#2) * (0.97956365 - (#7 * 0.000882562))) + -2.5676508; d = #1 * -0.06631096,<pysr.expression_specs.CallableJuliaExpression object at 0x7222a0958710>,11
13,3.7383595,g = sqrt(#2) * ((#7 * -0.0008790485) - -1.0443429); d = (#1 * -0.067446835) + -2.7482429,0.004609967408179,g = sqrt(#2) * ((#7 * -0.0008790485) - -1.0443429); d = (#1 * -0.067446835) + -2.7482429,<pysr.expression_specs.CallableJuliaExpression object at 0x7222a09d03b0>,53
13,3.7383633,g = (((#7 * -0.00088459166) - -0.9760281) * sqrt(#2)) + -2.5844932; d = #1 * -0.06663115,0.0097070293922803,g = (((#7 * -0.00088459166) - -0.9760281) * sqrt(#2)) + -2.5844932; d = #1 * -0.06663115,<pysr.expression_specs.CallableJuliaExpression object at 0x7222a09d04d0>,52
13,3.7383728,g = (sqrt(#2) * ((#7 * -0.0008924033) - -1.0634308)) - 2.7947085; d = #1 * -0.06802685,0.0089076047383957,g = (sqrt(#2) * ((#7 * -0.0008924033) - -1.0634308)) - 2.7947085; d = #1 * -0.06802685,<pysr.expression_specs.CallableJuliaExpression object at 0x7222a1fb6ff0>,1
13,3.738378,g = ((-0.00087817636 * #7) - -0.98553497) * sqrt(#2); d = (#1 * -0.0674931) + -2.616641,0.0046058707787545,g = ((-0.00087817636 * #7) - -0.98553497) * sqrt(#2); d = (#1 * -0.0674931) + -2.616641,<pysr.expression_specs.CallableJuliaExpression object at 0x7222a6c6e900>,2
14,3.738383,g = (sqrt(#2) + -2.586258) - (#3 * sqrt(#8 * 0.46850333)); d = #1 * -0.06633046,0.0074923860932905,g = (sqrt(#2) + -2.586258) - (#3 * sqrt(#8 * 0.46850333)); d = #1 * -0.06633046,<pysr.expression_specs.CallableJuliaExpression object at 0x7222a099fb30>,48
13,3.7383983,g = sqrt(#2) * ((#7 * -0.00088265893) + 0.9750527); d = (#1 * -0.066030405) + -2.5528693,0.0046047008854774,g = sqrt(#2) * ((#7 * -0.00088265893) + 0.9750527); d = (#1 * -0.066030405) + -2.5528693,<pysr.expression_specs.CallableJuliaExpression object at 0x7222a099c200>,34
14,3.7384388,g = (#3 * (sqrt(#8) * -0.68696237)) + (-2.6277676 + sqrt(#2)); d = #1 * -0.06626277,0.0022943775600127,g = (#3 * (sqrt(#8) * -0.68696237)) + (-2.6277676 + sqrt(#2)); d = #1 * -0.06626277,<pysr.expression_specs.CallableJuliaExpression object at 0x7222a09d2630>,71
16,3.7385392,g = ((#7 * -0.0010248945) * sqrt(#8 + 1.6833711)) - 0.94179296; d = square(0.99197537 - (#1 / 59.735924)),0.0008522959344894,g = ((#7 * -0.0010248945) * sqrt(#8 + 1.6833711)) - 0.94179296; d = square(0.99197537 - (#1 / 59.735924)),<pysr.expression_specs.CallableJuliaExpression object at 0x7222a099c710>,45
16,3.7386012,g = (sqrt(#8 + 1.2602671) * -0.0010715184) * #7; d = square((#1 * -0.01692486) + 0.9045762) + -0.70651317,0.0003717277106867,g = (sqrt(#8 + 1.2602671) * -0.0010715184) * #7; d = square((#1 * -0.01692486) + 0.9045762) + -0.70651317,<pysr.expression_specs.CallableJuliaExpression object at 0x7222a09d2ba0>,64
18,3.7386367,g = (((#1 - #5) * -0.012952655) - #8) * (#3 / 8.550569); d = #1 * ((#1 * 0.00024264099) + -0.03780436),8.204189359653093e-05,g = (((#1 - #5) * -0.012952655) - #8) * (#3 / 8.550569); d = #1 * ((#1 * 0.00024264099) + -0.03780436),<pysr.expression_specs.CallableJuliaExpression object at 0x7222a09d1280>,61
13,3.7386413,g = sqrt(#2) * ((#7 * -0.0008903424) - -0.94442075); d = (#1 * -0.067037724) - 2.5008037,0.0045528286933968,g = sqrt(#2) * ((#7 * -0.0008903424) - -0.94442075); d = (#1 * -0.067037724) - 2.5008037,<pysr.expression_specs.CallableJuliaExpression object at 0x7222a1f8f0b0>,4
13,3.7386425,g = (0.94007087 - (#7 * 0.00088539504)) * sqrt(#2); d = (#1 * -0.06734737) + -2.4907844,0.0045348810319273,g = (0.94007087 - (#7 * 0.00088539504)) * sqrt(#2); d = (#1 * -0.06734737) + -2.4907844,<pysr.expression_specs.CallableJuliaExpression object at 0x7222a1f8cd70>,6
13,3.7386434,g = sqrt(#2) * ((#7 * -0.0008978572) - -1.0848283); d = (#1 * -0.068880886) - 2.8562999,0.00453661067329,g = sqrt(#2) * ((#7 * -0.0008978572) - -1.0848283); d = (#1 * -0.068880886) - 2.8562999,<pysr.expression_specs.CallableJuliaExpression object at 0x7222a099d100>,35
14,3.7386696,g = -2.452471 - (((#7 * 0.0008788077) - sqrt(0.86151016)) * sqrt(#2)); d = #1 * -0.06628737,4.145851205909347e-06,g = -2.452471 - (((#7 * 0.0008788077) - sqrt(0.86151016)) * sqrt(#2)); d = #1 * -0.06628737,<pysr.expression_specs.CallableJuliaExpression object at 0x7222a09d0710>,66
13,3.7386851,g = -2.452471 - (sqrt(#2) * ((#7 * 0.0008788077) - 0.92582303)); d = #1 * -0.06628737,0.0045502726413948,g = -2.452471 - (sqrt(#2) * ((#7 * 0.0008788077) - 0.92582303)); d = #1 * -0.06628737,<pysr.expression_specs.CallableJuliaExpression object at 0x7222a09d1fd0>,66
17,3.738882,g = (#1 * -0.006233946) + ((((#3 * -0.6826798) - -1.396269) * sqrt(#8)) + 0.6354953); d = -0.069018744 * #1,0.0002042974149502,g = (#1 * -0.006233946) + ((((#3 * -0.6826798) - -1.396269) * sqrt(#8)) + 0.6354953); d = -0.069018744 * #1,<pysr.expression_specs.CallableJuliaExpression object at 0x7222a1fb6ff0>,3
16,3.7389162,g = ((#3 * (#8 - (#1 * -0.010128472))) - #2) * -0.1303308; d = (-0.06838964 * #1) + -1.2302428,0.0006303200621443,g = ((#3 * (#8 - (#1 * -0.010128472))) - #2) * -0.1303308; d = (-0.06838964 * #1) + -1.2302428,<pysr.expression_specs.CallableJuliaExpression object at 0x7222a0958470>,19
17,3.7389855,g = (#1 * -0.0062646572) + (((#3 / -1.4483708) - -1.442584) * sqrt(#8)); d = (#1 * -0.07020395) + 0.5718863,0.0001893203302513,g = (#1 * -0.0062646572) + (((#3 / -1.4483708) - -1.442584) * sqrt(#8)); d = (#1 * -0.07020395) + 0.5718863,<pysr.expression_specs.CallableJuliaExpression object at 0x7222a099d2b0>,38
15,3.7390234,g = sqrt(#2) * ((#7 * -0.0008586964) + 0.99130636); d = ((-0.06386002 * #1) + -2.5650978) * 1.0337082,5.1147103888941134e-05,g = sqrt(#2) * ((#7 * -0.0008586964) + 0.99130636); d = ((-0.06386002 * #1) + -2.5650978) * 1.0337082,<pysr.expression_specs.CallableJuliaExpression object at 0x7222a1f8f5c0>,5
15,3.7390318,g = ((#7 * -0.0011942416) - inv(#8)) * sqrt(#8); d = square((#1 * -0.016376838) + 0.94241345),0.0014798226571576,g = ((#7 * -0.0011942416) - inv(#8)) * sqrt(#8); d = square((#1 * -0.016376838) + 0.94241345),<pysr.expression_specs.CallableJuliaExpression object at 0x7222a09d00b0>,49
14,3.7391,g = sqrt(#2) + ((sqrt(#8) * (#3 * -0.6857779)) + -2.7599163); d = #1 / -14.289478,0.0022071509414902,g = sqrt(#2) + ((sqrt(#8) * (#3 * -0.6857779)) + -2.7599163); d = #1 / -14.289478,<pysr.expression_specs.CallableJuliaExpression object at 0x7222a095b080>,20
15,3.7391021,g = ((#7 * -0.0011979803) - inv(#8)) * sqrt(#8); d = square((#1 * -0.01665959) + 0.92776906),0.0014791806435863,g = ((#7 * -0.0011979803) - inv(#8)) * sqrt(#8); d = square((#1 * -0.01665959) + 0.92776906),<pysr.expression_specs.CallableJuliaExpression object at 0x7222a09d1160>,65
15,3.7392206,g = sqrt(#8) * ((#7 * -0.0011890373) - inv(#8)); d = square((#1 * 0.016225742) + -0.9482568),0.0014720038044605,g = sqrt(#8) * ((#7 * -0.0011890373) - inv(#8)); d = square((#1 * 0.016225742) + -0.9482568),<pysr.expression_specs.CallableJuliaExpression object at 0x7222a09592b0>,12
16,3.7392502,g = #3 * (((#1 * -0.012952655) - #8) / 8.550569); d = ((#1 * 0.00024264099) + -0.03780436) * #1,0.0010115627575957,g = #3 * (((#1 * -0.012952655) - #8) / 8.550569); d = ((#1 * 0.00024264099) + -0.03780436) * #1,<pysr.expression_specs.CallableJuliaExpression object at 0x7222a09d0140>,61
13,3.7394059,g = sqrt(#2) * ((#7 * -0.0008586964) + 0.99130636); d = (#1 * -0.06386002) + -2.5650978,0.0043439168470634,g = sqrt(#2) * ((#7 * -0.0008586964) + 0.99130636); d = (#1 * -0.06386002) + -2.5650978,<pysr.expression_specs.CallableJuliaExpression object at 0x7222a1f8ed20>,5
17,3.7394273,g = (#3 * ((#8 - (#1 * -0.014390892)) * -0.108906575)) - 1.0468376; d = square((#1 * 0.016113216) + -1.071735),0.0007613682507116,g = (#3 * ((#8 - (#1 * -0.014390892)) * -0.108906575)) - 1.0468376; d = square((#1 * 0.016113216) + -1.071735),<pysr.expression_specs.CallableJuliaExpression object at 0x7222a099d220>,29
15,3.7398257,g = sqrt(#8) * ((#7 * -0.001226245) - inv(#8)); d = square((#1 * -0.016294688) - -0.9502217),0.0012606542047263,g = sqrt(#8) * ((#7 * -0.001226245) - inv(#8)); d = square((#1 * -0.016294688) - -0.9502217),<pysr.expression_specs.CallableJuliaExpression object at 0x7222a09580e0>,9
15,3.7399912,g = (((#7 * -0.0008979585) - -1.0580101) * sqrt(#2)) + -0.7636798; d = -2.107125 + (-0.07182528 * #1),0.0012397688471817,g = (((#7 * -0.0008979585) - -1.0580101) * sqrt(#2)) + -0.7636798; d = -2.107125 + (-0.07182528 * #1),<pysr.expression_specs.CallableJuliaExpression object at 0x7222a09d0bc0>,64
15,3.7404015,g = (sqrt(#8) * ((#3 / -1.4639454) - -1.4811172)) + (#1 * -0.0051331893); d = #1 * -0.06839037,0.0040734731914177,g = (sqrt(#8) * ((#3 / -1.4639454) - -1.4811172)) + (#1 * -0.0051331893); d = #1 * -0.06839037,<pysr.expression_specs.CallableJuliaExpression object at 0x7222a099c650>,38
15,3.74041,g = (#1 * -0.0050712423) + (sqrt(#8) * ((#3 * -0.6847096) - -1.4700587)); d = #1 * -0.068035804,0.0012073202804393,g = (#1 * -0.0050712423) + (sqrt(#8) * ((#3 * -0.6847096) - -1.4700587)); d = #1 * -0.068035804,<pysr.expression_specs.CallableJuliaExpression object at 0x7222a1fb7d10>,3
14,3.7413723,g = (-1.7365954 - (#8 * #3)) / sqrt(#2); d = square((#1 * 0.017080901) - 0.95008403),0.0019028674707938,g = (-1.7365954 - (#8 * #3)) / sqrt(#2); d = square((#1 * 0.017080901) - 0.95008403),<pysr.expression_specs.CallableJuliaExpression object at 0x7222a09d2030>,58
14,3.7413743,g = (-1.7225161 - (#8 * #3)) / sqrt(#2); d = square(0.94459933 - (#1 * 0.01710326)),0.0059026955504417,g = (-1.7225161 - (#8 * #3)) / sqrt(#2); d = square(0.94459933 - (#1 * 0.01710326)),<pysr.expression_specs.CallableJuliaExpression object at 0x7222a099f560>,42
14,3.74138,g = (-1.7440356 - (#3 * #8)) / sqrt(#2); d = square((#1 * 0.017063282) + -0.95271623),0.0085834850912245,g = (-1.7440356 - (#3 * #8)) / sqrt(#2); d = square((#1 * 0.017063282) + -0.95271623),<pysr.expression_specs.CallableJuliaExpression object at 0x7222a099db50>,32
15,3.7413826,g = ((#8 * #3) + 1.7603567) / neg(sqrt(#2)); d = square((#1 * -0.017060887) + 0.9569277),3.48528182092742e-05,g = ((#8 * #3) + 1.7603567) / neg(sqrt(#2)); d = square((#1 * -0.017060887) + 0.9569277),<pysr.expression_specs.CallableJuliaExpression object at 0x7222a095a0f0>,15
14,3.7413838,g = (-1.7407447 - (#8 * #3)) / sqrt(#2); d = square((#1 * 0.017059809) + -0.9535144),0.0059003423756417,g = (-1.7407447 - (#8 * #3)) / sqrt(#2); d = square((#1 * 0.017059809) + -0.9535144),<pysr.expression_specs.CallableJuliaExpression object at 0x7222a0959820>,25
14,3.741389,g = (-1.6705221 - (#3 * #8)) / sqrt(#2); d = square((#1 * -0.017126555) + 0.9354736),0.0063702878001795,g = (-1.6705221 - (#3 * #8)) / sqrt(#2); d = square((#1 * -0.017126555) + 0.9354736),<pysr.expression_specs.CallableJuliaExpression object at 0x7222a09d0350>,68
15,3.7413933,g = ((#8 * #3) - -1.6617697) / neg(sqrt(#2)); d = square((#1 * -0.017134782) + 0.9345418),0.000356728579074,g = ((#8 * #3) - -1.6617697) / neg(sqrt(#2)); d = square((#1 * -0.017134782) + 0.9345418),<pysr.expression_specs.CallableJuliaExpression object at 0x7222a0959280>,13
15,3.741433,g = neg(((#8 * #3) + 1.7998072) / sqrt(#2)); d = square((#1 * -0.01706883) + 0.95658934),0.0037950760306212,g = neg(((#8 * #3) + 1.7998072) / sqrt(#2)); d = square((#1 * -0.01706883) + 0.95658934),<pysr.expression_specs.CallableJuliaExpression object at 0x7222a09d0d40>,51
15,3.7414334,g = ((#3 * #8) + 1.6260818) / neg(sqrt(#2)); d = square((#1 * -0.017146507) - -0.92790383),7.691943185082481e-05,g = ((#3 * #8) + 1.6260818) / neg(sqrt(#2)); d = square((#1 * -0.017146507) - -0.92790383),<pysr.expression_specs.CallableJuliaExpression object at 0x7222a09d0980>,59
14,3.7414758,g = (-1.6818014 - (#3 * #8)) / sqrt(#2); d = square((#1 * -0.017253807) + 0.9271268),0.0058760185540686,g = (-1.6818014 - (#3 * #8)) / sqrt(#2); d = square((#1 * -0.017253807) + 0.9271268),<pysr.expression_specs.CallableJuliaExpression object at 0x7222a09d12e0>,57
14,3.741513,g = (-1.6543244 - (#8 * #3)) / sqrt(#2); d = square((#1 * -0.017301142) + 0.9235021),0.0018833057036725,g = (-1.6543244 - (#8 * #3)) / sqrt(#2); d = square((#1 * -0.017301142) + 0.9235021),<pysr.expression_specs.CallableJuliaExpression object at 0x7222a09596d0>,15
15,3.7415383,g = ((#8 * #3) + 1.6212494) / neg(sqrt(#2)); d = square((#1 * -0.017038254) + 0.933842),0.0025521866444174,g = ((#8 * #3) + 1.6212494) / neg(sqrt(#2)); d = square((#1 * -0.017038254) + 0.933842),<pysr.expression_specs.CallableJuliaExpression object at 0x7222a099c980>,47
14,3.7415771,g = (-1.825019 - (#3 * #8)) / sqrt(#2); d = square((#1 * -0.016866155) + 0.97430956),0.0018929653499425,g = (-1.825019 - (#3 * #8)) / sqrt(#2); d = square((#1 * -0.016866155) + 0.97430956),<pysr.expression_specs.CallableJuliaExpression object at 0x7222a09d3830>,70
14,3.7417212,g = (-1.9170527 - (#3 * #8)) / sqrt(#2); d = square((#1 * -0.01682789) + 0.99749714),0.0058099799088335,g = (-1.9170527 - (#3 * #8)) / sqrt(#2); d = square((#1 * -0.01682789) + 0.99749714),<pysr.expression_specs.CallableJuliaExpression object at 0x7222a09d0140>,59
15,3.7417269,g = sqrt(sqrt(#2) + #8) * (#7 * -0.00094691024); d = square(0.59924906 - (#1 / 55.886063)),0.0007381031762907,g = sqrt(sqrt(#2) + #8) * (#7 * -0.00094691024); d = square(0.59924906 - (#1 / 55.886063)),<pysr.expression_specs.CallableJuliaExpression object at 0x7222a099fd40>,45
15,3.7422836,g = (#7 * (-0.0016781952 - (#8 * 0.00017029914))) + -0.6479234; d = square((#1 * -0.017440075) + 0.87965155),0.0007557767501401,g = (#7 * (-0.0016781952 - (#8 * 0.00017029914))) + -0.6479234; d = square((#1 * -0.017440075) + 0.87965155),<pysr.expression_specs.CallableJuliaExpression object at 0x7222a09d31d0>,69
15,3.7423635,g = (#7 * -0.00017476198) * (#8 + 9.572258); d = square((#1 * 0.017410647) + -0.86727047) - 0.61575896,0.0005324361056546,g = (#7 * -0.00017476198) * (#8 + 9.572258); d = square((#1 * 0.017410647) + -0.86727047) - 0.61575896,<pysr.expression_specs.CallableJuliaExpression object at 0x7222a099c680>,30
14,3.7427282,g = (-1.4118419 - (#3 * #8)) / sqrt(#2); d = square((#1 * -0.016940495) + 0.89332205),0.0014656095850026,g = (-1.4118419 - (#3 * #8)) / sqrt(#2); d = square((#1 * -0.016940495) + 0.89332205),<pysr.expression_specs.CallableJuliaExpression object at 0x7222a0958290>,13
15,3.7430346,g = sqrt(#2) - ((#8 + 5.2881074) * (#3 * 0.13351317)); d = (#1 * -0.06903872) - 2.6376648,0.0003479725678231,g = sqrt(#2) - ((#8 + 5.2881074) * (#3 * 0.13351317)); d = (#1 * -0.06903872) - 2.6376648,<pysr.expression_specs.CallableJuliaExpression object at 0x7222a09d1fa0>,61
15,3.7430494,g = (sqrt(#2) + (#3 * ((#8 / -7.599653) + -0.7094062))) - 2.5926626; d = #1 * -0.068013765,0.0004816836509613,g = (sqrt(#2) + (#3 * ((#8 / -7.599653) + -0.7094062))) - 2.5926626; d = #1 * -0.068013765,<pysr.expression_specs.CallableJuliaExpression object at 0x7222a09d31d0>,67
15,3.7431102,g = ((#8 * -0.00016953592) + -0.001646807) * #7; d = square(0.8353379 - (#1 * 0.017651364)) + -0.55752635,0.0006289071821199,g = ((#8 * -0.00016953592) + -0.001646807) * #7; d = square(0.8353379 - (#1 * 0.017651364)) + -0.55752635,<pysr.expression_specs.CallableJuliaExpression object at 0x7222a0958fb0>,18
16,3.743125,g = (((#8 + 4.944403) * #3) - (#2 * 1.0631579)) * -0.13554513; d = (#1 * -0.0655776) + -1.1559924,5.483085554787732e-05,g = (((#8 + 4.944403) * #3) - (#2 * 1.0631579)) * -0.13554513; d = (#1 * -0.0655776) + -1.1559924,<pysr.expression_specs.CallableJuliaExpression object at 0x7222a09d1580>,63
14,3.7435248,g = (((#3 * (#8 + 4.7982793)) - #2) * -0.13724153) + -1.0990891; d = #1 / -15.433529,0.0079648309685936,g = (((#3 * (#8 + 4.7982793)) - #2) * -0.13724153) + -1.0990891; d = #1 / -15.433529,<pysr.expression_specs.CallableJuliaExpression object at 0x7222a09d0d70>,54
14,3.7435296,g = -1.1145822 - ((#2 + (#3 * (-4.829324 - #8))) * -0.13667876); d = #1 * -0.06536288,0.0037273807812403,g = -1.1145822 - ((#2 + (#3 * (-4.829324 - #8))) * -0.13667876); d = #1 * -0.06536288,<pysr.expression_specs.CallableJuliaExpression object at 0x7222a095aa80>,17
14,3.7435355,g = ((((#8 + 4.944403) * #3) - #2) * -0.13554513) - 1.1101631; d = #1 * -0.0655776,0.0053250010586261,g = ((((#8 + 4.944403) * #3) - #2) * -0.13554513) - 1.1101631; d = #1 * -0.0655776,<pysr.expression_specs.CallableJuliaExpression object at 0x7222a09d29c0>,63
14,3.7435408,g = ((#2 - ((#8 - -4.9849157) * #3)) * 0.13486607) + -1.0839432; d = #1 * -0.06472605,0.0061371193710352,g = ((#2 - ((#8 - -4.9849157) * #3)) * 0.13486607) + -1.0839432; d = #1 * -0.06472605,<pysr.expression_specs.CallableJuliaExpression object at 0x7222a099ce30>,28
14,3.7435968,g = ((#2 - ((#8 + 4.697642) * #3)) * 0.13782325) + -1.1045277; d = #1 * -0.06440588,0.0060565285054068,g = ((#2 - ((#8 + 4.697642) * #3)) * 0.13782325) + -1.1045277; d = #1 * -0.06440588,<pysr.expression_specs.CallableJuliaExpression object at 0x7222a0959e50>,24
14,3.7435973,g = (((#8 + 4.873648) * #3) - (#2 - 7.7772555)) * -0.1366013; d = #1 * -0.06437759,0.003732072844865,g = (((#8 + 4.873648) * #3) - (#2 - 7.7772555)) * -0.1366013; d = #1 * -0.06437759,<pysr.expression_specs.CallableJuliaExpression object at 0x7222a099e180>,33
14,3.7436326,g = ((((#8 + 5.0092864) * #3) - #2) * -0.1341491) + -1.106931; d = #1 * -0.065682665,0.0060501251175249,g = ((((#8 + 5.0092864) * #3) - #2) * -0.1341491) + -1.106931; d = #1 * -0.065682665,<pysr.expression_specs.CallableJuliaExpression object at 0x7222a0958a40>,19
14,3.7441204,g = (#2 - (#3 * (#8 + 4.4581547))) * 0.14017276; d = (#1 * -0.06340787) - 1.1067001,0.0015451431049578,g = (#2 - (#3 * (#8 + 4.4581547))) * 0.14017276; d = (#1 * -0.06340787) - 1.1067001,<pysr.expression_specs.CallableJuliaExpression object at 0x7222a099da90>,31
14,3.7442343,g = ((#3 * (#8 - -4.478549)) - #2) * -0.14210825; d = (#1 * -0.06305457) - 1.0871129,0.001533833534475,g = ((#3 * (#8 - -4.478549)) - #2) * -0.14210825; d = (#1 * -0.06305457) - 1.0871129,<pysr.expression_specs.CallableJuliaExpression object at 0x7222a09d0200>,50
15,3.7442367,g = (#2 * 0.1657126) + (((sqrt(#8) * #3) + 1.9494216) * -0.674961); d = #1 * -0.065479375,0.0002283248798955,g = (#2 * 0.1657126) + (((sqrt(#8) * #3) + 1.9494216) * -0.674961); d = #1 * -0.065479375,<pysr.expression_specs.CallableJuliaExpression object at 0x7222a0958680>,21
15,3.7442377,g = (-1.3227409 - (#2 * -0.16729137)) + ((#3 * sqrt(#8)) * -0.67591554); d = #1 * -0.065378465,0.0018402560551546,g = (-1.3227409 - (#2 * -0.16729137)) + ((#3 * sqrt(#8)) * -0.67591554); d = #1 * -0.065378465,<pysr.expression_specs.CallableJuliaExpression object at 0x7222a099e720>,39
15,3.7443361,g = (#2 * 0.16298667) + (#3 * (sqrt(#8) * -0.6734557)); d = (#1 * -0.064285524) + -1.257725,0.0001079972931223,g = (#2 * 0.16298667) + (#3 * (sqrt(#8) * -0.6734557)); d = (#1 * -0.064285524) + -1.257725,<pysr.expression_specs.CallableJuliaExpression object at 0x7222a095a840>,16
14,3.7443373,g = (#2 - ((#8 + 5.4555106) * #3)) * 0.129842; d = (#1 * -0.06627878) - 1.0695684,0.0058550264998259,g = (#2 - ((#8 + 5.4555106) * #3)) * 0.129842; d = (#1 * -0.06627878) - 1.0695684,<pysr.expression_specs.CallableJuliaExpression object at 0x7222a09d00b0>,61
14,3.7443566,g = ((((#8 + 4.301475) * #3) - #2) * -0.14441743) - 1.1400102; d = #1 * -0.064347655,0.0010793358173734,g = ((((#8 + 4.301475) * #3) - #2) * -0.14441743) - 1.1400102; d = #1 * -0.064347655,<pysr.expression_specs.CallableJuliaExpression object at 0x7222a099cf50>,30
14,3.7444897,g = (sqrt(#8 + 1.2001519) * #7) * -0.0010762723; d = square(0.60399354 - (#1 / 55.533043)),0.0008360260809828,g = (sqrt(#8 + 1.2001519) * #7) * -0.0010762723; d = square(0.60399354 - (#1 / 55.533043)),<pysr.expression_specs.CallableJuliaExpression object at 0x7222a099d340>,45
14,3.7445433,g = (sqrt(#8 - -1.1470361) * #7) * -0.001083871; d = square(-0.59965426 - (#1 * -0.0181189)),0.0014881651836034,g = (sqrt(#8 - -1.1470361) * #7) * -0.001083871; d = square(-0.59965426 - (#1 * -0.0181189)),<pysr.expression_specs.CallableJuliaExpression object at 0x7222a0958980>,9
14,3.744569,g = (#7 * sqrt(#8 + 1.1382143)) * -0.0010845367; d = square((#1 * -0.018160675) + 0.5964457),0.0014898723577296,g = (#7 * sqrt(#8 + 1.1382143)) * -0.0010845367; d = square((#1 * -0.018160675) + 0.5964457),<pysr.expression_specs.CallableJuliaExpression object at 0x7222a09d01d0>,49
14,3.7446308,g = (sqrt(#8 + 1.2887757) * #7) * -0.0010561983; d = square((#1 * -0.01773566) + 0.6230423),0.0009947167026233,g = (sqrt(#8 + 1.2887757) * #7) * -0.0010561983; d = square((#1 * -0.01773566) + 0.6230423),<pysr.expression_specs.CallableJuliaExpression object at 0x7222a09d1dc0>,64
14,3.744637,g = sqrt(#8 - -1.0763795) * (#7 * -0.0010797306); d = square((#1 * -0.01783098) + 0.60353583),0.0014739097844864,g = sqrt(#8 - -1.0763795) * (#7 * -0.0010797306); d = square((#1 * -0.01783098) + 0.60353583),<pysr.expression_specs.CallableJuliaExpression object at 0x7222a09d33b0>,65
14,3.7447288,g = (sqrt(#8 + 1.0290955) * -0.001102109) * #7; d = square((#1 * 0.018099159) + -0.5957179),0.0014535845850851,g = (sqrt(#8 + 1.0290955) * -0.001102109) * #7; d = square((#1 * 0.018099159) + -0.5957179),<pysr.expression_specs.CallableJuliaExpression object at 0x7222a0958b90>,12
14,3.7447405,g = (sqrt(#8 - -1.2840571) * -0.0010544738) * #7; d = square((#1 * -0.017683567) - -0.6224714),0.0014553507158693,g = (sqrt(#8 - -1.2840571) * -0.0010544738) * #7; d = square((#1 * -0.017683567) - -0.6224714),<pysr.expression_specs.CallableJuliaExpression object at 0x7222a0958410>,16
14,3.7448528,g = (sqrt(#8 + 1.0376098) * #7) * -0.0011079753; d = square(-0.59062445 - (#1 * -0.018328717)),0.0014401036254029,g = (sqrt(#8 + 1.0376098) * #7) * -0.0011079753; d = square(-0.59062445 - (#1 * -0.018328717)),<pysr.expression_specs.CallableJuliaExpression object at 0x7222a09d0c20>,67
14,3.7449286,g = (((sqrt(#8) * #3) - sqrt(#2)) * -0.6724328) + -1.8464907; d = #1 * -0.064457886,0.001427986176916,g = (((sqrt(#8) * #3) - sqrt(#2)) * -0.6724328) + -1.8464907; d = #1 * -0.064457886,<pysr.expression_specs.CallableJuliaExpression object at 0x7222a1fb6840>,3
14,3.7450917,g = (#7 * sqrt(#8 - -0.99076736)) * -0.0011130725; d = square((#1 * -0.018465754) + 0.5846208),0.0014071025261444,g = (#7 * sqrt(#8 - -0.99076736)) * -0.0011130725; d = square((#1 * -0.018465754) + 0.5846208),<pysr.expression_specs.CallableJuliaExpression object at 0x7222a09590a0>,21
14,3.745113,g = (#2 - (#3 * (#8 + 5.6561856))) * 0.12941189; d = (#1 * -0.067103885) + -1.0753595,0.000881934158613,g = (#2 - (#3 * (#8 + 5.6561856))) * 0.12941189; d = (#1 * -0.067103885) + -1.0753595,<pysr.expression_specs.CallableJuliaExpression object at 0x7222a09d3da0>,69
15,3.7451258,g = (#3 * (#8 - (#1 * -0.013912024))) * -0.112646244; d = square(0.6425043 - (#1 * 0.017762642)),0.0031895935771322,g = (#3 * (#8 - (#1 * -0.013912024))) * -0.112646244; d = square(0.6425043 - (#1 * 0.017762642)),<pysr.expression_specs.CallableJuliaExpression object at 0x7222a099d100>,29
13,3.7476215,g = (#7 * -0.00017028007) * (#8 + 9.779834); d = square((#1 / 55.74652) + -0.627039),0.0021376575430013,g = (#7 * -0.00017028007) * (#8 + 9.779834); d = square((#1 / 55.74652) + -0.627039),<pysr.expression_specs.CallableJuliaExpression object at 0x7222a099efc0>,45
13,3.7478213,g = ((#8 * -0.0001680143) + -0.001646807) * #7; d = square(0.63784283 - (#1 * 0.017724589)),0.0022306743003487,g = ((#8 * -0.0001680143) + -0.001646807) * #7; d = square(0.63784283 - (#1 * 0.017724589)),<pysr.expression_specs.CallableJuliaExpression object at 0x7222a0958d10>,18
13,3.7482176,g = ((#8 - -8.778086) * -0.00018054416) * #7; d = square((#1 * -0.017978085) - -0.61877704),0.0061970995863612,g = ((#8 - -8.778086) * -0.00018054416) * #7; d = square((#1 * -0.017978085) - -0.61877704),<pysr.expression_specs.CallableJuliaExpression object at 0x7222a09597f0>,13
13,3.7483575,g = sqrt(#2) * ((#7 * -0.0008979585) - -0.7139963); d = (#1 * -0.07182528) + -2.108023,0.0019873751969054,g = sqrt(#2) * ((#7 * -0.0008979585) - -0.7139963); d = (#1 * -0.07182528) + -2.108023,<pysr.expression_specs.CallableJuliaExpression object at 0x7222a09d1fd0>,64
13,3.7484002,g = ((#8 + 8.599279) * -0.00018273041) * #7; d = square((#1 * 0.018035522) + -0.60566664),0.0019925444576302,g = ((#8 + 8.599279) * -0.00018273041) * #7; d = square((#1 * 0.018035522) + -0.60566664),<pysr.expression_specs.CallableJuliaExpression object at 0x7222a099d880>,30
13,3.7484174,g = #7 * (-0.0016753421 - (#8 * 0.0001664614)); d = square((#1 * -0.017441753) + 0.6603949),0.0071874458705462,g = #7 * (-0.0016753421 - (#8 * 0.0001664614)); d = square((#1 * -0.017441753) + 0.6603949),<pysr.expression_specs.CallableJuliaExpression object at 0x7222a09d0bc0>,69
14,3.7510996,g = (sqrt(#1 * #8) * -0.028742742) * #3; d = square((#1 + -33.318607) * 0.017729081),0.0033074462607789,g = (sqrt(#1 * #8) * -0.028742742) * #3; d = square((#1 + -33.318607) * 0.017729081),<pysr.expression_specs.CallableJuliaExpression object at 0x7222a099f470>,47
14,3.7511344,g = (#3 * sqrt(#1 * #8)) * -0.028545445; d = square((#1 * 0.0176935) - 0.5889001),0.0033865396750634,g = (#3 * sqrt(#1 * #8)) * -0.028545445; d = square((#1 * 0.0176935) - 0.5889001),<pysr.expression_specs.CallableJuliaExpression object at 0x7222a099f410>,39
12,3.7556312,g = (sqrt(#8) * #7) * -0.0011831549; d = square((#1 * 0.017957374) + -0.55163664),0.0035669510755443,g = (sqrt(#8) * #7) * -0.0011831549; d = square((#1 * 0.017957374) + -0.55163664),<pysr.expression_specs.CallableJuliaExpression object at 0x7222a09583e0>,12
12,3.7556324,g = sqrt(#8) * (#7 * -0.0011836907); d = square((#1 * -0.017972503) - -0.5514927),0.0076681891229492,g = sqrt(#8) * (#7 * -0.0011836907); d = square((#1 * -0.017972503) - -0.5514927),<pysr.expression_specs.CallableJuliaExpression object at 0x7222a0959bb0>,15
12,3.755633,g = (#7 * -0.0011821374) * sqrt(#8); d = square((#1 * -0.017947542) + 0.552268),0.0035628119028059,g = (#7 * -0.0011821374) * sqrt(#8); d = square((#1 * -0.017947542) + 0.552268),<pysr.expression_specs.CallableJuliaExpression object at 0x7222a09d3e00>,71
12,3.755633,g = (#7 * sqrt(#8)) * -0.0011810113; d = square((#1 * -0.017968908) + 0.550629),0.0076641451337162,g = (#7 * sqrt(#8)) * -0.0011810113; d = square((#1 * -0.017968908) + 0.550629),<pysr.expression_specs.CallableJuliaExpression object at 0x7222a09d16d0>,53
12,3.7556343,g = (#7 * sqrt(#8)) * -0.0011824655; d = square((#1 * -0.01798882) - -0.55040425),0.0035608410685929,g = (#7 * sqrt(#8)) * -0.0011824655; d = square((#1 * -0.01798882) - -0.55040425),<pysr.expression_specs.CallableJuliaExpression object at 0x7222a0958410>,11
12,3.7556353,g = sqrt(#8) * (#7 * -0.0011842317); d = square((#1 * -0.01800584) + 0.54957),0.0078093527181357,g = sqrt(#8) * (#7 * -0.0011842317); d = square((#1 * -0.01800584) + 0.54957),<pysr.expression_specs.CallableJuliaExpression object at 0x7222a1f8fcb0>,6
12,3.7556362,g = (#7 * -0.0011797225) * sqrt(#8); d = square((#1 * -0.017946878) + 0.5513405),0.0076648784821399,g = (#7 * -0.0011797225) * sqrt(#8); d = square((#1 * -0.017946878) + 0.5513405),<pysr.expression_specs.CallableJuliaExpression object at 0x7222a6c6eba0>,2
12,3.7556381,g = #7 * (sqrt(#8) * -0.0011836083); d = square((#1 * 0.018020375) + -0.54920346),0.0045837878202269,g = #7 * (sqrt(#8) * -0.0011836083); d = square((#1 * 0.018020375) + -0.54920346),<pysr.expression_specs.CallableJuliaExpression object at 0x7222a09d1640>,58
12,3.7556386,g = (#7 * sqrt(#8)) * -0.001177994; d = square((#1 * -0.017953897) + 0.55094194),0.0049025978482715,g = (#7 * sqrt(#8)) * -0.001177994; d = square((#1 * -0.017953897) + 0.55094194),<pysr.expression_specs.CallableJuliaExpression object at 0x7222a099f590>,43
12,3.755639,g = (#7 * -0.0011857625) * sqrt(#8); d = square((#1 * 0.017969552) - 0.5508929),0.007805989772233,g = (#7 * -0.0011857625) * sqrt(#8); d = square((#1 * 0.017969552) - 0.5508929),<pysr.expression_specs.CallableJuliaExpression object at 0x7222a0959640>,14
12,3.7556393,g = #7 * (sqrt(#8) * -0.0011790188); d = square((#1 * 0.01794223) - 0.55133563),0.0076687299761878,g = #7 * (sqrt(#8) * -0.0011790188); d = square((#1 * 0.01794223) - 0.55133563),<pysr.expression_specs.CallableJuliaExpression object at 0x7222a1fb5c10>,3
12,3.7556412,g = (sqrt(#8) * #7) * -0.0011811092; d = square(-0.5490769 - (#1 / -55.49395)),0.0035600282004641,g = (sqrt(#8) * #7) * -0.0011811092; d = square(-0.5490769 - (#1 / -55.49395)),<pysr.expression_specs.CallableJuliaExpression object at 0x7222a099f920>,45
12,3.755642,g = #7 * (sqrt(#8) * -0.0011821142); d = square(0.55406153 - (#1 / 55.767395)),0.0035602257275099,g = #7 * (sqrt(#8) * -0.0011821142); d = square(0.55406153 - (#1 / 55.767395)),<pysr.expression_specs.CallableJuliaExpression object at 0x7222a0959850>,20
12,3.7556427,g = (#7 * sqrt(#8)) * -0.0011792871; d = square((#1 * -0.017999146) + 0.54854167),0.0076623814744954,g = (#7 * sqrt(#8)) * -0.0011792871; d = square((#1 * -0.017999146) + 0.54854167),<pysr.expression_specs.CallableJuliaExpression object at 0x7222a099cc50>,35
12,3.7556443,g = (sqrt(#8) * #7) * -0.0011778426; d = square((#1 * -0.017944608) + 0.5530589),0.0076652319399401,g = (sqrt(#8) * #7) * -0.0011778426; d = square((#1 * -0.017944608) + 0.5530589),<pysr.expression_specs.CallableJuliaExpression object at 0x7222a1f8d9d0>,7
12,3.7556455,g = #7 * (sqrt(#8) * -0.0011873122); d = square((#1 * 0.01798275) + -0.55091655),0.007665916504708,g = #7 * (sqrt(#8) * -0.0011873122); d = square((#1 * 0.01798275) + -0.55091655),<pysr.expression_specs.CallableJuliaExpression object at 0x7222a09d1070>,55
12,3.755646,g = (#7 * sqrt(#8)) * -0.0011777009; d = square((#1 * -0.018003639) + 0.54843676),0.0076635902401151,g = (#7 * sqrt(#8)) * -0.0011777009; d = square((#1 * -0.018003639) + 0.54843676),<pysr.expression_specs.CallableJuliaExpression object at 0x7222a09d0ad0>,56
12,3.755646,g = (#7 * sqrt(#8)) * -0.0011871547; d = square((#1 * 0.017972482) + -0.55181426),0.0079503740614127,g = (#7 * sqrt(#8)) * -0.0011871547; d = square((#1 * 0.017972482) + -0.55181426),<pysr.expression_specs.CallableJuliaExpression object at 0x7222a0959be0>,21
12,3.7556522,g = (#7 * sqrt(#8)) * -0.0011888543; d = square((#1 * -0.018015126) + 0.5494415),0.007663973985877,g = (#7 * sqrt(#8)) * -0.0011888543; d = square((#1 * -0.018015126) + 0.5494415),<pysr.expression_specs.CallableJuliaExpression object at 0x7222a099c8f0>,34
12,3.7556543,g = #7 * (sqrt(#8) * -0.0011891571); d = square((#1 * -0.018012853) + 0.5493586),0.0076581301651304,g = #7 * (sqrt(#8) * -0.0011891571); d = square((#1 * -0.018012853) + 0.5493586),<pysr.expression_specs.CallableJuliaExpression object at 0x7222a09d0260>,67
12,3.7556562,g = sqrt(#8) * (#7 * -0.0011845883); d = square((#1 * -0.01804757) - -0.5472498),0.0076599230935394,g = sqrt(#8) * (#7 * -0.0011845883); d = square((#1 * -0.01804757) - -0.5472498),<pysr.expression_specs.CallableJuliaExpression object at 0x7222a0959070>,16
14,3.755659,g = ((#3 * #8) / sqrt(#2)) / -1.0866079; d = square((#1 * 0.01801761) + -0.54964006),0.0020938433198314,g = ((#3 * #8) / sqrt(#2)) / -1.0866079; d = square((#1 * 0.01801761) + -0.54964006),<pysr.expression_specs.CallableJuliaExpression object at 0x7222a09d06e0>,51
12,3.7556608,g = (#7 * -0.0011890284) * sqrt(#8); d = square((#1 * -0.018029409) + 0.548101),0.0076579848449438,g = (#7 * -0.0011890284) * sqrt(#8); d = square((#1 * -0.018029409) + 0.548101),<pysr.expression_specs.CallableJuliaExpression object at 0x7222a09d2600>,72
12,3.7556648,g = (#7 * -0.0011842115) * sqrt(#8); d = square((#1 * -0.01806269) + 0.5467299),0.0097941326772968,g = (#7 * -0.0011842115) * sqrt(#8); d = square((#1 * -0.01806269) + 0.5467299),<pysr.expression_specs.CallableJuliaExpression object at 0x7222a09d1f40>,60
14,3.755669,g = (#8 * (#3 / -1.095318)) / sqrt(#2); d = square((#1 * 0.01790459) + -0.5538364),0.0020899584176372,g = (#8 * (#3 / -1.095318)) / sqrt(#2); d = square((#1 * 0.01790459) + -0.5538364),<pysr.expression_specs.CallableJuliaExpression object at 0x7222a099cc50>,38
12,3.7556849,g = sqrt(#8) * (#7 * -0.0011840297); d = square(0.54043406 - (#1 * 0.018071461)),0.0036208553248067,g = sqrt(#8) * (#7 * -0.0011840297); d = square(0.54043406 - (#1 * 0.018071461)),<pysr.expression_specs.CallableJuliaExpression object at 0x7222a1f8db50>,5
12,3.7556918,g = (#7 * -0.0011858117) * sqrt(#8); d = square((#1 * -0.017905826) + 0.55864584),0.0076492022053852,g = (#7 * -0.0011858117) * sqrt(#8); d = square((#1 * -0.017905826) + 0.55864584),<pysr.expression_specs.CallableJuliaExpression object at 0x7222a09d21e0>,65
12,3.7556996,g = #7 * (sqrt(#8) * -0.001178114); d = square((#1 * -0.018096715) + 0.5390912),0.0035521475394714,g = #7 * (sqrt(#8) * -0.001178114); d = square((#1 * -0.018096715) + 0.5390912),<pysr.expression_specs.CallableJuliaExpression object at 0x7222a0958800>,10
12,3.7557006,g = (sqrt(#8) * -0.0011863065) * #7; d = square(-0.5573331 - (#1 * -0.017898463)),0.0080802404014013,g = (sqrt(#8) * -0.0011863065) * #7; d = square(-0.5573331 - (#1 * -0.017898463)),<pysr.expression_specs.CallableJuliaExpression object at 0x7222a0958260>,22
12,3.7557015,g = (#7 * sqrt(#8)) * -0.0011920761; d = square((#1 * -0.01794943) - -0.5565503),0.0076552334405594,g = (#7 * sqrt(#8)) * -0.0011920761; d = square((#1 * -0.01794943) - -0.5565503),<pysr.expression_specs.CallableJuliaExpression object at 0x7222a1f8ef90>,4
12,3.7557049,g = (sqrt(#8) * -0.0011861186) * #7; d = square((#1 * -0.017893251) - -0.5565187),0.007648277234998,g = (sqrt(#8) * -0.0011861186) * #7; d = square((#1 * -0.017893251) - -0.5565187),<pysr.expression_specs.CallableJuliaExpression object at 0x7222a09585c0>,9
12,3.7557058,g = #7 * (sqrt(#8) * -0.001185326); d = square((#1 * 0.017888125) - 0.5567909),0.007645315996740404,g = #7 * (sqrt(#8) * -0.001185326); d = square((#1 * 0.017888125) - 0.5567909),<pysr.expression_specs.CallableJuliaExpression object at 0x7222a09d2720>,74
12,3.7557087,g = (sqrt(#8) * -0.0011816235) * #7; d = square((#1 * 0.017871493) + -0.55764943),0.0045728452611124,g = (sqrt(#8) * -0.0011816235) * #7; d = square((#1 * 0.017871493) + -0.55764943),<pysr.expression_specs.CallableJuliaExpression object at 0x7222a099da30>,31
12,3.7557113,g = #7 * (sqrt(#8) / -838.8244); d = square((#1 * 0.018068602) - 0.5444191),0.0076431117048762,g = #7 * (sqrt(#8) / -838.8244); d = square((#1 * 0.018068602) - 0.5444191),<pysr.expression_specs.CallableJuliaExpression object at 0x7222a1f8d4c0>,8
12,3.7557359,g = (#7 * sqrt(#8)) * -0.0011885744; d = square(0.5644314 - (#1 * 0.017929709)),0.0077781810124062,g = (#7 * sqrt(#8)) * -0.0011885744; d = square(0.5644314 - (#1 * 0.017929709)),<pysr.expression_specs.CallableJuliaExpression object at 0x7222a09d1a90>,66
12,3.755738,g = (sqrt(#8) * -0.001169356) * #7; d = square(-0.5407043 - (#1 * -0.018088397)),0.0076479987019397,g = (sqrt(#8) * -0.001169356) * #7; d = square(-0.5407043 - (#1 * -0.018088397)),<pysr.expression_specs.CallableJuliaExpression object at 0x7222a09d0590>,50
12,3.7557435,g = sqrt(#8) * (#7 * -0.0011722418); d = square((#1 * -0.018121913) + 0.5375799),0.0076363613445246,g = sqrt(#8) * (#7 * -0.0011722418); d = square((#1 * -0.018121913) + 0.5375799),<pysr.expression_specs.CallableJuliaExpression object at 0x7222a099cb00>,49
12,3.7557445,g = (sqrt(#8) * -0.0011742795) * #7; d = square(0.5581374 - (#1 * 0.017843649)),0.0048875895900304,g = (sqrt(#8) * -0.0011742795) * #7; d = square(0.5581374 - (#1 * 0.017843649)),<pysr.expression_specs.CallableJuliaExpression object at 0x7222a099ff80>,44
12,3.7557693,g = (#7 * sqrt(#8)) * -0.0011955731; d = square((#1 * 0.018112928) + -0.54716825),0.0048878343239462,g = (#7 * sqrt(#8)) * -0.0011955731; d = square((#1 * 0.018112928) + -0.54716825),<pysr.expression_specs.CallableJuliaExpression object at 0x7222a09d2690>,70
12,3.7558124,g = sqrt(#8) * (-0.0011827858 * #7); d = square((29.211374 - #1) / 54.78394),0.0076163780288567,g = sqrt(#8) * (-0.0011827858 * #7); d = square((29.211374 - #1) / 54.78394),<pysr.expression_specs.CallableJuliaExpression object at 0x7222a099e4e0>,36
12,3.7558143,g = (#7 * -0.0011769361) * sqrt(#8); d = square((#1 * 0.0178051) + -0.5612448),0.0076248824781419,g = (#7 * -0.0011769361) * sqrt(#8); d = square((#1 * 0.0178051) + -0.5612448),<pysr.expression_specs.CallableJuliaExpression object at 0x7222a09d1880>,64
12,3.7558587,g = (#7 * -0.0011838621) * sqrt(#8); d = square((#1 * -0.018297007) + 0.5343218),0.0076168393793248,g = (#7 * -0.0011838621) * sqrt(#8); d = square((#1 * -0.018297007) + 0.5343218),<pysr.expression_specs.CallableJuliaExpression object at 0x7222a099c110>,41
12,3.7558765,g = #7 * (sqrt(#8) * -0.0011632523); d = square(-0.52678007 - (#1 * -0.018188855)),0.0076000247253543,g = #7 * (sqrt(#8) * -0.0011632523); d = square(-0.52678007 - (#1 * -0.018188855)),<pysr.expression_specs.CallableJuliaExpression object at 0x7222a099d7f0>,30
12,3.7561908,g = (sqrt(#8) * -0.0011818443) * #7; d = square((#1 * 0.017651364) - 0.5793837),0.0034871676582492,g = (sqrt(#8) * -0.0011818443) * #7; d = square((#1 * 0.017651364) - 0.5793837),<pysr.expression_specs.CallableJuliaExpression object at 0x7222a0958740>,18
12,3.7565017,g = (#7 * -0.001185078) * sqrt(#8); d = square((#1 * 0.01756317) + -0.578941),0.0047842102107488,g = (#7 * -0.001185078) * sqrt(#8); d = square((#1 * 0.01756317) + -0.578941),<pysr.expression_specs.CallableJuliaExpression object at 0x7222a095b3b0>,23
14,3.7570903,g = ((#1 * -0.0011929366) * #3) * sqrt(#8); d = square((#1 * 0.018852293) - 0.5153218),0.0025210600895621,g = ((#1 * -0.0011929366) * #3) * sqrt(#8); d = square((#1 * 0.018852293) - 0.5153218),<pysr.expression_specs.CallableJuliaExpression object at 0x7222a099d550>,29
13,3.763523,g = #3 * (#8 / neg(sqrt(#2))); d = square(-0.55485404 - (#1 * -0.018555185)),0.0021339115379778,g = #3 * (#8 / neg(sqrt(#2))); d = square(-0.55485404 - (#1 * -0.018555185)),<pysr.expression_specs.CallableJuliaExpression object at 0x7222a09d2f00>,63
13,3.7635238,g = #3 / (sqrt(#2) / neg(#8)); d = square((#1 * -0.01856815) - -0.5544356),0.0021303581752645,g = #3 / (sqrt(#2) / neg(#8)); d = square((#1 * -0.01856815) - -0.5544356),<pysr.expression_specs.CallableJuliaExpression object at 0x7222a099c680>,42
13,3.7635238,g = (#8 * #3) / neg(sqrt(#2)); d = square((#1 * -0.018564362) + 0.5541468),0.0021194872540638,g = (#8 * #3) / neg(sqrt(#2)); d = square((#1 * -0.018564362) + 0.5541468),<pysr.expression_specs.CallableJuliaExpression object at 0x7222a09d1880>,59
13,3.7635245,g = #8 * (#3 / neg(sqrt(#2))); d = square((#1 * 0.018569624) + -0.55409163),0.0032917515303992,g = #8 * (#3 / neg(sqrt(#2))); d = square((#1 * 0.018569624) + -0.55409163),<pysr.expression_specs.CallableJuliaExpression object at 0x7222a095b8c0>,25
13,3.7635255,g = neg(#8 * (#3 / sqrt(#2))); d = square((#1 * 0.018521817) + -0.55554193),0.0032896584576938,g = neg(#8 * (#3 / sqrt(#2))); d = square((#1 * 0.018521817) + -0.55554193),<pysr.expression_specs.CallableJuliaExpression object at 0x7222a09d0b60>,57
13,3.7635264,g = #3 * (#8 / neg(sqrt(#2))); d = square((#1 * 0.018574273) + -0.55477977),0.0021177358283794,g = #3 * (#8 / neg(sqrt(#2))); d = square((#1 * 0.018574273) + -0.55477977),<pysr.expression_specs.CallableJuliaExpression object at 0x7222a099daf0>,38
13,3.7635267,g = (#8 * #3) / neg(sqrt(#2)); d = square((#1 * -0.01858155) + 0.5535903),0.0021455756149004,g = (#8 * #3) / neg(sqrt(#2)); d = square((#1 * -0.01858155) + 0.5535903),<pysr.expression_specs.CallableJuliaExpression object at 0x7222a099f7d0>,47
13,3.763531,g = (#3 * #8) / neg(sqrt(#2)); d = square((#1 * -0.018581593) + 0.5519589),0.0021378576078323,g = (#3 * #8) / neg(sqrt(#2)); d = square((#1 * -0.018581593) + 0.5519589),<pysr.expression_specs.CallableJuliaExpression object at 0x7222a09d0a40>,51
13,3.7635343,g = #3 * neg(#8 / sqrt(#2)); d = square((#1 * -0.018443413) + 0.5601295),0.0021220002225952,g = #3 * neg(#8 / sqrt(#2)); d = square((#1 * -0.018443413) + 0.5601295),<pysr.expression_specs.CallableJuliaExpression object at 0x7222a099c200>,46
13,3.7635458,g = neg(#8 * (#3 / sqrt(#2))); d = square(0.5642508 - (#1 * 0.018388692)),0.0021290995698961,g = neg(#8 * (#3 / sqrt(#2))); d = square(0.5642508 - (#1 * 0.018388692)),<pysr.expression_specs.CallableJuliaExpression object at 0x7222a09d2780>,62
13,3.7638593,g = #3 * (#8 / neg(sqrt(#2))); d = square((#1 * 0.018849216) + -0.5240677),0.0020331035621584,g = #3 * (#8 / neg(sqrt(#2))); d = square((#1 * 0.018849216) + -0.5240677),<pysr.expression_specs.CallableJuliaExpression object at 0x7222a099c860>,39
13,3.7652988,g = ((#2 - (#8 * #3)) / sqrt(#2)) - 2.8302746; d = #1 * -0.07065921,0.0028179003094398,g = ((#2 - (#8 * #3)) / sqrt(#2)) - 2.8302746; d = #1 * -0.07065921,<pysr.expression_specs.CallableJuliaExpression object at 0x7222a09d3a40>,68
13,3.7663248,g = ((-5.109657 - #8) * #3) / 7.820897; d = square((#1 * -0.017456228) + 0.63235474),0.0017226895050035,g = ((-5.109657 - #8) * #3) / 7.820897; d = square((#1 * -0.017456228) + 0.63235474),<pysr.expression_specs.CallableJuliaExpression object at 0x7222a09d0320>,61
13,3.7663388,g = #3 * ((#8 - -5.1933184) * -0.12655215); d = square((#1 * -0.01740472) + 0.63637453),0.0036946919483943,g = #3 * ((#8 - -5.1933184) * -0.12655215); d = square((#1 * -0.01740472) + 0.63637453),<pysr.expression_specs.CallableJuliaExpression object at 0x7222a095a8a0>,24
13,3.7663507,g = ((#8 * -0.12867789) + -0.6503552) * #3; d = square((#1 * -0.017496618) + 0.6307933),0.001378103713677,g = ((#8 * -0.12867789) + -0.6503552) * #3; d = square((#1 * -0.017496618) + 0.6307933),<pysr.expression_specs.CallableJuliaExpression object at 0x7222a09581d0>,19
13,3.766453,g = #3 * (-0.66390574 - (#8 * 0.12655689)); d = square(-0.64603835 - (#1 * -0.017287206)),0.0013997542116618,g = #3 * (-0.66390574 - (#8 * 0.12655689)); d = square(-0.64603835 - (#1 * -0.017287206)),<pysr.expression_specs.CallableJuliaExpression object at 0x7222a09d3d70>,73
13,3.7664976,g = ((#8 * -0.13069957) - 0.6442615) * #3; d = square((#1 * -0.017349837) + 0.6425613),0.0013527029638961,g = ((#8 * -0.13069957) - 0.6442615) * #3; d = square((#1 * -0.017349837) + 0.6425613),<pysr.expression_specs.CallableJuliaExpression object at 0x7222a099dfa0>,48
13,3.7665741,g = ((#8 + 4.862594) * #3) * -0.13143353; d = square((#1 * 0.01730611) - 0.63960725),0.0013207263071883,g = ((#8 + 4.862594) * #3) * -0.13143353; d = square((#1 * 0.01730611) - 0.63960725),<pysr.expression_specs.CallableJuliaExpression object at 0x7222a099c500>,29
13,3.766586,g = (#8 - -4.7242036) * (#3 * -0.1330413); d = square((#1 * 0.017492518) + -0.6254487),0.003632049262664,g = (#8 - -4.7242036) * (#3 * -0.1330413); d = square((#1 * 0.017492518) + -0.6254487),<pysr.expression_specs.CallableJuliaExpression object at 0x7222a099c9e0>,28
12,3.771505,g = (#3 * sqrt(#8)) / -1.5454228; d = square((#1 * 0.017609037) - 0.60483676),0.0027919349693988,g = (#3 * sqrt(#8)) / -1.5454228; d = square((#1 * 0.017609037) - 0.60483676),<pysr.expression_specs.CallableJuliaExpression object at 0x7222a099f1d0>,38
12,3.771509,g = (sqrt(#8) * #3) / -1.5460665; d = square((#1 * -0.017585294) + 0.6087682),0.0027990114911344,g = (sqrt(#8) * #3) / -1.5460665; d = square((#1 * -0.017585294) + 0.6087682),<pysr.expression_specs.CallableJuliaExpression object at 0x7222a09d2270>,59
12,3.7715178,g = sqrt(#8) * (#3 * -0.6460023); d = square((#1 * -0.017611992) + 0.6023419),0.0014514572206439,g = sqrt(#8) * (#3 * -0.6460023); d = square((#1 * -0.017611992) + 0.6023419),<pysr.expression_specs.CallableJuliaExpression object at 0x7222a09598e0>,13
12,3.7715194,g = sqrt(#8) * (#3 / -1.5471458); d = square((#1 * 0.01763915) + -0.60026205),0.0027884834505436,g = sqrt(#8) * (#3 / -1.5471458); d = square((#1 * 0.01763915) + -0.60026205),<pysr.expression_specs.CallableJuliaExpression object at 0x7222a099caa0>,39
12,3.771529,g = #3 * (sqrt(#8) / -1.5390595); d = square((#1 * -0.017551841) + 0.6140178),0.0027865779458458,g = #3 * (sqrt(#8) / -1.5390595); d = square((#1 * -0.017551841) + 0.6140178),<pysr.expression_specs.CallableJuliaExpression object at 0x7222a099d9a0>,46
12,3.7715404,g = (sqrt(#8) * -0.646048) * #3; d = square((#1 * 0.017671326) + -0.594949),0.0027874396569672,g = (sqrt(#8) * -0.646048) * #3; d = square((#1 * 0.017671326) + -0.594949),<pysr.expression_specs.CallableJuliaExpression object at 0x7222a099f470>,40
12,3.771541,g = #3 * (sqrt(#8) * -0.6471768); d = square((#1 * -0.017692098) + 0.59770966),0.0034594890863669,g = #3 * (sqrt(#8) * -0.6471768); d = square((#1 * -0.017692098) + 0.59770966),<pysr.expression_specs.CallableJuliaExpression object at 0x7222a0959250>,17
12,3.7715447,g = (#3 * -0.64513594) * sqrt(#8); d = square((#1 * -0.017663654) + 0.59846014),0.0027856962672432,g = (#3 * -0.64513594) * sqrt(#8); d = square((#1 * -0.017663654) + 0.59846014),<pysr.expression_specs.CallableJuliaExpression object at 0x7222a095adb0>,19
12,3.77155,g = #3 / (-1.5392822 / sqrt(#8)); d = square((#1 * 0.017660616) - 0.59845173),0.0027893046277078,g = #3 / (-1.5392822 / sqrt(#8)); d = square((#1 * 0.017660616) - 0.59845173),<pysr.expression_specs.CallableJuliaExpression object at 0x7222a099f0e0>,42
12,3.771552,g = #3 * (sqrt(#8) * -0.64905226); d = square((#1 * 0.01766063) - 0.59651136),0.0027940755176146,g = #3 * (sqrt(#8) * -0.64905226); d = square((#1 * 0.01766063) - 0.59651136),<pysr.expression_specs.CallableJuliaExpression object at 0x7222a099c2c0>,29
13,3.7715588,g = #3 / (neg(1.5457215) / sqrt(#8)); d = square((0.017721182 * #1) - 0.59658265),3.340788151785914e-06,g = #3 / (neg(1.5457215) / sqrt(#8)); d = square((0.017721182 * #1) - 0.59658265),<pysr.expression_specs.CallableJuliaExpression object at 0x7222a099c740>,27
12,3.7715626,g = (#3 * sqrt(#8)) / -1.5444138; d = square((#1 * -0.017611977) - -0.61410165),0.0027950168783167,g = (#3 * sqrt(#8)) / -1.5444138; d = square((#1 * -0.017611977) - -0.61410165),<pysr.expression_specs.CallableJuliaExpression object at 0x7222a09d1220>,63
12,3.7715673,g = (sqrt(#8) * -0.64416367) * #3; d = square((#1 * 0.017669465) - 0.6006316),0.0027849017980169,g = (sqrt(#8) * -0.64416367) * #3; d = square((#1 * 0.017669465) - 0.6006316),<pysr.expression_specs.CallableJuliaExpression object at 0x7222a09d2480>,62
12,3.7715714,g = #3 / (-1.5406593 / sqrt(#8)); d = square(0.59658265 - (#1 * 0.017721182)),0.0027858743526097,g = #3 / (-1.5406593 / sqrt(#8)); d = square(0.59658265 - (#1 * 0.017721182)),<pysr.expression_specs.CallableJuliaExpression object at 0x7222a099c0b0>,27
12,3.7715802,g = #3 * (sqrt(#8) / -1.5374509); d = square(0.6167463 - (#1 * 0.01747705)),0.0027813063991018,g = #3 * (sqrt(#8) / -1.5374509); d = square(0.6167463 - (#1 * 0.01747705)),<pysr.expression_specs.CallableJuliaExpression object at 0x7222a095b260>,26
12,3.7715855,g = #3 * (sqrt(#8) / -1.5394968); d = square((#1 * -0.017461274) + 0.6160966),0.0014455488946526,g = #3 * (sqrt(#8) / -1.5394968); d = square((#1 * -0.017461274) + 0.6160966),<pysr.expression_specs.CallableJuliaExpression object at 0x7222a09d0a10>,51
12,3.771596,g = (sqrt(#8) * #3) * -0.64876074; d = square((#1 * 0.017750774) + -0.59249425),0.0027829690751676,g = (sqrt(#8) * #3) * -0.64876074; d = square((#1 * 0.017750774) + -0.59249425),<pysr.expression_specs.CallableJuliaExpression object at 0x7222a099fc80>,48
12,3.7716103,g = (sqrt(#8) * -0.65013516) * #3; d = square((#1 + -33.481216) * -0.017746856),0.0027787003111242,g = (sqrt(#8) * -0.65013516) * #3; d = square((#1 + -33.481216) * -0.017746856),<pysr.expression_specs.CallableJuliaExpression object at 0x7222a099fec0>,47
12,3.7716446,g = (sqrt(#8) * #3) * -0.6496177; d = square((#1 * -0.017390408) - -0.6202906),0.0027748782925918,g = (sqrt(#8) * #3) * -0.6496177; d = square((#1 * -0.017390408) - -0.6202906),<pysr.expression_specs.CallableJuliaExpression object at 0x7222a099d070>,33
12,3.7717288,g = (#3 * -0.64318746) * sqrt(#8); d = square((#1 * -0.017796341) + 0.58500654),0.0027633865914636,g = (#3 * -0.64318746) * sqrt(#8); d = square((#1 * -0.017796341) + 0.58500654),<pysr.expression_specs.CallableJuliaExpression object at 0x7222a09d0380>,73
12,3.7718215,g = (#3 * -0.6480132) * sqrt(#8); d = square((#1 * -0.017221835) + 0.62523377),0.0014127695752813,g = (#3 * -0.6480132) * sqrt(#8); d = square((#1 * -0.017221835) + 0.62523377),<pysr.expression_specs.CallableJuliaExpression object at 0x7222a1fb6840>,1
12,3.7728186,g = #3 / (-1.5377419 / sqrt(#8)); d = square((#1 * 0.016611038) + -0.6608498),0.00262301157049,g = #3 / (-1.5377419 / sqrt(#8)); d = square((#1 * 0.016611038) + -0.6608498),<pysr.expression_specs.CallableJuliaExpression object at 0x7222a09d0b60>,61
13,3.7734604,g = ((#3 + -1.789194) * -0.6554219) * sqrt(#8); d = (#1 / -16.92995) + -1.7726594,0.0017793013625887,g = ((#3 + -1.789194) * -0.6554219) * sqrt(#8); d = (#1 / -16.92995) + -1.7726594,<pysr.expression_specs.CallableJuliaExpression object at 0x7222a09d1610>,54
13,3.7736323,g = (((#3 - 1.8157843) / -1.517516) * sqrt(#8)) - 1.8300786; d = #1 * -0.060619585,0.0006069761270839,g = (((#3 - 1.8157843) / -1.517516) * sqrt(#8)) - 1.8300786; d = #1 * -0.060619585,<pysr.expression_specs.CallableJuliaExpression object at 0x7222a099d910>,32
12,3.7748117,g = ((#7 * 0.00015821829) * (-10.354217 - #8)) - 0.375882; d = #1 * -0.064395875,0.0010145306218559,g = ((#7 * 0.00015821829) * (-10.354217 - #8)) - 0.375882; d = #1 * -0.064395875,<pysr.expression_specs.CallableJuliaExpression object at 0x7222a099ecf0>,37
12,3.7748284,g = (#8 + 10.404952) * (#7 * -0.00015758065); d = (#1 * -0.064338304) + -0.3748205,0.0010127944740656,g = (#8 + 10.404952) * (#7 * -0.00015758065); d = (#1 * -0.064338304) + -0.3748205,<pysr.expression_specs.CallableJuliaExpression object at 0x7222a09d0c50>,52
12,3.775456,g = #7 * (-0.001543542 - (#8 * 0.00016088075)); d = (#1 / -16.205654) + -0.32471153,0.0009293545251255,g = #7 * (-0.001543542 - (#8 * 0.00016088075)); d = (#1 / -16.205654) + -0.32471153,<pysr.expression_specs.CallableJuliaExpression object at 0x7222a09d3b60>,69
12,3.7759235,g = (0.8607445 - #3) * (#8 / sqrt(#2)); d = square(#1 * -0.021484328),0.0022056863420833,g = (0.8607445 - #3) * (#8 / sqrt(#2)); d = square(#1 * -0.021484328),<pysr.expression_specs.CallableJuliaExpression object at 0x7222a099daf0>,32
12,3.775924,g = (#8 * (0.8638152 - #3)) / sqrt(#2); d = square(#1 * -0.021476632),0.0022078876913301,g = (#8 * (0.8638152 - #3)) / sqrt(#2); d = square(#1 * -0.021476632),<pysr.expression_specs.CallableJuliaExpression object at 0x7222a09d2a20>,68
12,3.7759266,g = ((0.86122316 - #3) * #8) / sqrt(#2); d = square(#1 * -0.021491766),0.0022087694640258,g = ((0.86122316 - #3) * #8) / sqrt(#2); d = square(#1 * -0.021491766),<pysr.expression_specs.CallableJuliaExpression object at 0x7222a09d19a0>,57
12,3.7759335,g = ((0.85996246 - #3) * #8) / sqrt(#2); d = square(#1) * 0.00046259462,0.002205878265573,g = ((0.85996246 - #3) * #8) / sqrt(#2); d = square(#1) * 0.00046259462,<pysr.expression_specs.CallableJuliaExpression object at 0x7222a095af60>,25
12,3.7801805,g = #3 * (((#1 * 0.0148929935) + #8) * -0.10369687); d = #1 / -17.531116,0.0016412064747029,g = #3 * (((#1 * 0.0148929935) + #8) * -0.10369687); d = #1 / -17.531116,<pysr.expression_specs.CallableJuliaExpression object at 0x7222a09d0320>,54
12,3.78028,g = (#8 - (#1 * -0.014184128)) * (#3 * -0.10815125); d = #1 * -0.05781433,0.0011367825912765,g = (#8 - (#1 * -0.014184128)) * (#3 * -0.10815125); d = #1 * -0.05781433,<pysr.expression_specs.CallableJuliaExpression object at 0x7222a0958470>,24
12,3.7802913,g = ((#8 - (#1 * -0.013768904)) * -0.10791883) * #3; d = #1 * -0.056299265,0.0016292143719616,g = ((#8 - (#1 * -0.013768904)) * -0.10791883) * #3; d = #1 * -0.056299265,<pysr.expression_specs.CallableJuliaExpression object at 0x7222a099d1c0>,28
10,3.7824762,g = ((#8 * -0.00015858054) - 0.0016499027) * #7; d = #1 * -0.057465244,0.0058865767459926,g = ((#8 * -0.00015858054) - 0.0016499027) * #7; d = #1 * -0.057465244,<pysr.expression_specs.CallableJuliaExpression object at 0x7222a09584a0>,10
10,3.7824762,g = #7 * ((#8 * -0.00015860892) - 0.0016486984); d = #1 * -0.057362247,0.0058868132887996,g = #7 * ((#8 * -0.00015860892) - 0.0016486984); d = #1 * -0.057362247,<pysr.expression_specs.CallableJuliaExpression object at 0x7222a0958e00>,11
10,3.782477,g = #7 * ((#8 + 10.416619) * -0.00015850124); d = #1 * -0.057445407,0.0058863652443537,g = #7 * ((#8 + 10.416619) * -0.00015850124); d = #1 * -0.057445407,<pysr.expression_specs.CallableJuliaExpression object at 0x7222a099fef0>,45
10,3.7824788,g = #7 * ((-10.372858 - #8) * 0.00015846088); d = #1 * -0.05718256,0.0058858893658298,g = #7 * ((-10.372858 - #8) * 0.00015846088); d = #1 * -0.05718256,<pysr.expression_specs.CallableJuliaExpression object at 0x7222a099c890>,37
10,3.7824793,g = ((#8 * -0.00015890336) - 0.0016373707) * #7; d = #1 * -0.05722664,0.0058857571773911,g = ((#8 * -0.00015890336) - 0.0016373707) * #7; d = #1 * -0.05722664,<pysr.expression_specs.CallableJuliaExpression object at 0x7222a095af00>,18
10,3.7824793,g = (#8 + 10.463697) * (#7 * -0.00015838444); d = #1 / -17.335474,0.0058857571773911,g = (#8 + 10.463697) * (#7 * -0.00015838444); d = #1 / -17.335474,<pysr.expression_specs.CallableJuliaExpression object at 0x7222a0959af0>,20
10,3.78248,g = (-0.0016565294 - (#8 * 0.0001583528)) * #7; d = #1 / -17.335556,0.0058855721136063,g = (-0.0016565294 - (#8 * 0.0001583528)) * #7; d = #1 / -17.335556,<pysr.expression_specs.CallableJuliaExpression object at 0x7222a09d0440>,69
10,3.7824821,g = (#8 - -10.49243) * (#7 * -0.00015830353); d = #1 * -0.057721373,0.0058855688555867,g = (#8 - -10.49243) * (#7 * -0.00015830353); d = #1 * -0.057721373,<pysr.expression_specs.CallableJuliaExpression object at 0x7222a0959520>,13
10,3.7824824,g = ((#8 + 10.468688) * -0.00015790737) * #7; d = #1 * -0.05739393,0.0058851215872048,g = ((#8 + 10.468688) * -0.00015790737) * #7; d = #1 * -0.05739393,<pysr.expression_specs.CallableJuliaExpression object at 0x7222a09d0710>,52
10,3.7824898,g = ((#8 + 10.474263) * -0.00015722914) * #7; d = #1 / -17.497465,0.005882981224215,g = ((#8 + 10.474263) * -0.00015722914) * #7; d = #1 / -17.497465,<pysr.expression_specs.CallableJuliaExpression object at 0x7222a09d3440>,71
10,3.782494,g = ((#8 * -0.00015933155) + -0.0016201395) * #7; d = #1 * -0.057132162,0.0058818708451023,g = ((#8 * -0.00015933155) + -0.0016201395) * #7; d = #1 * -0.057132162,<pysr.expression_specs.CallableJuliaExpression object at 0x7222a1fb62a0>,1
10,3.7825053,g = #7 * ((#8 * -0.00015808636) + -0.0016696979); d = #1 * -0.0580788,0.0058788834026579,g = #7 * ((#8 * -0.00015808636) + -0.0016696979); d = #1 * -0.0580788,<pysr.expression_specs.CallableJuliaExpression object at 0x7222a099ed80>,51
10,3.7825193,g = #7 * ((#8 * -0.0001593756) - 0.001618563); d = #1 * -0.05747475,0.0058751821589104,g = #7 * ((#8 * -0.0001593756) - 0.001618563); d = #1 * -0.05747475,<pysr.expression_specs.CallableJuliaExpression object at 0x7222a0958bf0>,12
10,3.7829812,g = ((#8 + 9.6897745) * -0.00016089315) * #7; d = #1 * -0.05582793,0.0057530752340417,g = ((#8 + 9.6897745) * -0.00016089315) * #7; d = #1 * -0.05582793,<pysr.expression_specs.CallableJuliaExpression object at 0x7222a1f8f6e0>,5
11,3.784526,g = (-0.00096074137 * #7) * sqrt(#8 + 2.1713536); d = #1 * -0.057356715,0.0015018340085889,g = (-0.00096074137 * #7) * sqrt(#8 + 2.1713536); d = #1 * -0.057356715,<pysr.expression_specs.CallableJuliaExpression object at 0x7222a09d2d50>,67
11,3.7845266,g = (sqrt(#8 + 2.1413832) * #7) / -1039.7711; d = #1 * -0.05718798,0.0015069258176607,g = (sqrt(#8 + 2.1413832) * #7) / -1039.7711; d = #1 * -0.05718798,<pysr.expression_specs.CallableJuliaExpression object at 0x7222a1f8f2f0>,8
11,3.7845273,g = sqrt(#8 - -2.1267104) * (#7 * -0.0009628781); d = #1 * -0.057143748,0.0015017015744541,g = sqrt(#8 - -2.1267104) * (#7 * -0.0009628781); d = #1 * -0.057143748,<pysr.expression_specs.CallableJuliaExpression object at 0x7222a09d0080>,53
11,3.7845273,g = (#7 * -0.0009637034) * sqrt(#8 - -2.1122532); d = #1 / -17.500341,0.0015017015744541,g = (#7 * -0.0009637034) * sqrt(#8 - -2.1122532); d = #1 / -17.500341,<pysr.expression_specs.CallableJuliaExpression object at 0x7222a099cc20>,36
11,3.7845294,g = sqrt(#8 + 2.1339571) * (#7 * -0.000963433); d = #1 * -0.057239614,0.001506476182693614,g = sqrt(#8 + 2.1339571) * (#7 * -0.000963433); d = #1 * -0.057239614,<pysr.expression_specs.CallableJuliaExpression object at 0x7222a09d0440>,74
11,3.78453,g = #7 * (sqrt(#8 - -2.2233527) * -0.00095881516); d = #1 * -0.05750346,0.0015009881434697,g = #7 * (sqrt(#8 - -2.2233527) * -0.00095881516); d = #1 * -0.05750346,<pysr.expression_specs.CallableJuliaExpression object at 0x7222a09d24b0>,65
11,3.78453,g = sqrt(#8 + 2.0929384) * (#7 * -0.00096510455); d = #1 * -0.057158224,0.0015017268876079,g = sqrt(#8 + 2.0929384) * (#7 * -0.00096510455); d = #1 * -0.057158224,<pysr.expression_specs.CallableJuliaExpression object at 0x7222a099d580>,30
11,3.7845304,g = sqrt(#8 + 2.1487496) * (#7 * -0.0009624807); d = #1 * -0.057480566,0.0015008824500339,g = sqrt(#8 + 2.1487496) * (#7 * -0.0009624807); d = #1 * -0.057480566,<pysr.expression_specs.CallableJuliaExpression object at 0x7222a099c110>,35
11,3.784532,g = (#7 * sqrt(#8 - -2.1302373)) * -0.0009644597; d = #1 * -0.057400923,0.0015007762810996,g = (#7 * sqrt(#8 - -2.1302373)) * -0.0009644597; d = #1 * -0.057400923,<pysr.expression_specs.CallableJuliaExpression object at 0x7222a09d3bc0>,72
11,3.7845333,g = (#7 * sqrt(#8 + 2.149934)) * -0.00096337934; d = #1 * -0.057571504,0.0015000370217678,g = (#7 * sqrt(#8 + 2.149934)) * -0.00096337934; d = #1 * -0.057571504,<pysr.expression_specs.CallableJuliaExpression object at 0x7222a6d029c0>,2
11,3.7845335,g = #7 * (sqrt(#8 + 2.088702) * -0.00096672284); d = #1 * -0.05717913,0.0014998522564307,g = #7 * (sqrt(#8 + 2.088702) * -0.00096672284); d = #1 * -0.05717913,<pysr.expression_specs.CallableJuliaExpression object at 0x7222a099fc20>,49
11,3.7845347,g = #7 * (sqrt(#8 - -2.126322) * -0.00096561573); d = -0.057351608 * #1,0.002136499460598,g = #7 * (sqrt(#8 - -2.126322) * -0.00096561573); d = -0.057351608 * #1,<pysr.expression_specs.CallableJuliaExpression object at 0x7222a095a540>,16
11,3.7845383,g = (#7 * sqrt(#8 + 2.1649225)) * -0.0009634835; d = #1 * -0.057735763,0.0014989796930501,g = (#7 * sqrt(#8 + 2.1649225)) * -0.0009634835; d = #1 * -0.057735763,<pysr.expression_specs.CallableJuliaExpression object at 0x7222a09d1b50>,56
11,3.7845397,g = #7 * (sqrt(#8 - -2.070783) * -0.00096917234); d = #1 * -0.057241537,0.0014982140109451,g = #7 * (sqrt(#8 - -2.070783) * -0.00096917234); d = #1 * -0.057241537,<pysr.expression_specs.CallableJuliaExpression object at 0x7222a1f8c050>,9
11,3.784542,g = (sqrt(#8 + 2.274256) * #7) * -0.0009537906; d = #1 * -0.057413667,0.0015052839126751,g = (sqrt(#8 + 2.274256) * #7) * -0.0009537906; d = #1 * -0.057413667,<pysr.expression_specs.CallableJuliaExpression object at 0x7222a0959580>,15
11,3.7845428,g = #7 * (sqrt(#8 + 2.2010608) * -0.00096353877); d = #1 * -0.05779574,0.0014979225637602,g = #7 * (sqrt(#8 + 2.2010608) * -0.00096353877); d = #1 * -0.05779574,<pysr.expression_specs.CallableJuliaExpression object at 0x7222a1f8eea0>,7
11,3.784546,g = #7 * (sqrt(#8 + 2.1766872) * -0.0009655491); d = #1 * -0.057462398,0.0014978685307507,g = #7 * (sqrt(#8 + 2.1766872) * -0.0009655491); d = #1 * -0.057462398,<pysr.expression_specs.CallableJuliaExpression object at 0x7222a099deb0>,34
11,3.7845466,g = sqrt(#8 + 2.1632626) * (#7 * -0.0009650177); d = #1 * -0.057826508,0.0014966546427254,g = sqrt(#8 + 2.1632626) * (#7 * -0.0009650177); d = #1 * -0.057826508,<pysr.expression_specs.CallableJuliaExpression object at 0x7222a09d0950>,55
11,3.784551,g = (sqrt(#8 + 2.1107016) * #7) * -0.00097096496; d = #1 * -0.057461318,0.0014970750430462,g = (sqrt(#8 + 2.1107016) * #7) * -0.00097096496; d = #1 * -0.057461318,<pysr.expression_specs.CallableJuliaExpression object at 0x7222a1fb6a50>,3
11,3.7845614,g = #7 * (sqrt(#8 + 2.1551383) * -0.0009686485); d = #1 * -0.057964128,0.0014924801728808,g = #7 * (sqrt(#8 + 2.1551383) * -0.0009686485); d = #1 * -0.057964128,<pysr.expression_specs.CallableJuliaExpression object at 0x7222a09d1b20>,64
11,3.7845626,g = sqrt(#8 - -2.1306736) * (#7 * -0.00096918107); d = #1 * -0.0579631,0.0014936933506695,g = sqrt(#8 - -2.1306736) * (#7 * -0.00096918107); d = #1 * -0.0579631,<pysr.expression_specs.CallableJuliaExpression object at 0x7222a1f8d4c0>,4
11,3.784572,g = (sqrt(#8 - -2.0547783) * #7) * -0.0009752481; d = #1 * -0.05704974,0.001489679323843,g = (sqrt(#8 - -2.0547783) * #7) * -0.0009752481; d = #1 * -0.05704974,<pysr.expression_specs.CallableJuliaExpression object at 0x7222a099fe30>,50
11,3.7845757,g = #7 * (sqrt(#8 + 2.0196564) * -0.0009653028); d = #1 * -0.05708482,0.0021317303315063,g = #7 * (sqrt(#8 + 2.0196564) * -0.0009653028); d = #1 * -0.05708482,<pysr.expression_specs.CallableJuliaExpression object at 0x7222a099f680>,41
11,3.7845798,g = (#7 * -0.00094101473) * sqrt(#8 - -2.3816826); d = #1 * -0.05761194,0.0021214185737471,g = (#7 * -0.00094101473) * sqrt(#8 - -2.3816826); d = #1 * -0.05761194,<pysr.expression_specs.CallableJuliaExpression object at 0x7222a095b620>,24
11,3.7846112,g = (#7 * sqrt(#8 + 1.9172559)) * -0.0009792432; d = #1 * -0.05739004,0.0021156530126943,g = (#7 * sqrt(#8 + 1.9172559)) * -0.0009792432; d = #1 * -0.05739004,<pysr.expression_specs.CallableJuliaExpression object at 0x7222a095aab0>,17
11,3.7850626,g = #7 * ((-1.2002342 - sqrt(#8)) * 0.00076665205); d = #1 * -0.057515036,0.0013617183318615,g = #7 * ((-1.2002342 - sqrt(#8)) * 0.00076665205); d = #1 * -0.057515036,<pysr.expression_specs.CallableJuliaExpression object at 0x7222a09d2810>,66
11,3.7850702,g = (sqrt(#8) + 1.1770195) * (#7 * -0.0007698545); d = #1 * -0.05695405,0.0013623488066495,g = (sqrt(#8) + 1.1770195) * (#7 * -0.0007698545); d = #1 * -0.05695405,<pysr.expression_specs.CallableJuliaExpression object at 0x7222a0959c70>,14
11,3.7850792,g = #7 * ((-1.1344672 - sqrt(#8)) * 0.0007819199); d = #1 * -0.05702018,0.0013576492850935,g = #7 * ((-1.1344672 - sqrt(#8)) * 0.0007819199); d = #1 * -0.05702018,<pysr.expression_specs.CallableJuliaExpression object at 0x7222a1f8fc20>,6
11,3.7856238,g = (sqrt(#8 - -2.0599387) * #7) * -0.0009915377; d = #1 * -0.060382314,0.0012125124763916,g = (sqrt(#8 - -2.0599387) * #7) * -0.0009915377; d = #1 * -0.060382314,<pysr.expression_specs.CallableJuliaExpression object at 0x7222a095b6b0>,21
11,3.7861705,g = #3 * ((#2 * 0.062829025) - sqrt(#8)); d = #1 * -0.058779344,0.001703226275409,g = #3 * ((#2 * 0.062829025) - sqrt(#8)); d = #1 * -0.058779344,<pysr.expression_specs.CallableJuliaExpression object at 0x7222a09588f0>,22
10,3.790214,g = sqrt(sqrt(#8)) * (#7 * -0.0017830975); d = #1 * -0.058487173,0.0038429693915103,g = sqrt(sqrt(#8)) * (#7 * -0.0017830975); d = #1 * -0.058487173,<pysr.expression_specs.CallableJuliaExpression object at 0x7222a09d1c10>,67
10,3.790214,g = (sqrt(sqrt(#8)) * #7) * -0.0017838856; d = #1 * -0.058448747,0.0038433899120175,g = (sqrt(sqrt(#8)) * #7) * -0.0017838856; d = #1 * -0.058448747,<pysr.expression_specs.CallableJuliaExpression object at 0x7222a099f140>,50
10,3.790214,g = (sqrt(sqrt(#8)) * -0.0017832263) * #7; d = #1 * -0.058532473,0.0038429693915103,g = (sqrt(sqrt(#8)) * -0.0017832263) * #7; d = #1 * -0.058532473,<pysr.expression_specs.CallableJuliaExpression object at 0x7222a1f8d9d0>,9
10,3.790214,g = (#7 * sqrt(sqrt(#8))) * -0.0017835633; d = #1 * -0.05845397,0.003843468759593,g = (#7 * sqrt(sqrt(#8))) * -0.0017835633; d = #1 * -0.05845397,<pysr.expression_specs.CallableJuliaExpression object at 0x7222a09d2cc0>,64
10,3.790214,g = (sqrt(sqrt(#8)) * #7) * -0.0017834111; d = #1 * -0.058452357,0.0038437841498323,g = (sqrt(sqrt(#8)) * #7) * -0.0017834111; d = #1 * -0.058452357,<pysr.expression_specs.CallableJuliaExpression object at 0x7222a099e900>,49
10,3.7902145,g = #7 * (sqrt(sqrt(#8)) * -0.001783677); d = #1 * -0.058452517,0.0038428374728465,g = #7 * (sqrt(sqrt(#8)) * -0.001783677); d = #1 * -0.058452517,<pysr.expression_specs.CallableJuliaExpression object at 0x7222a6d02c60>,2
10,3.7902148,g = (sqrt(sqrt(#8)) * #7) * -0.0017821334; d = #1 * -0.058506396,0.0038429422994001,g = (sqrt(sqrt(#8)) * #7) * -0.0017821334; d = #1 * -0.058506396,<pysr.expression_specs.CallableJuliaExpression object at 0x7222a099c8c0>,31
10,3.7902148,g = (sqrt(sqrt(#8)) * #7) * -0.0017845435; d = #1 * -0.05857118,0.0038427583216564,g = (sqrt(sqrt(#8)) * #7) * -0.0017845435; d = #1 * -0.05857118,<pysr.expression_specs.CallableJuliaExpression object at 0x7222a09d2420>,65
10,3.7902148,g = (sqrt(sqrt(#8)) * -0.001784578) * #7; d = #1 / -17.074667,0.0038427583216564,g = (sqrt(sqrt(#8)) * -0.001784578) * #7; d = #1 / -17.074667,<pysr.expression_specs.CallableJuliaExpression object at 0x7222a099e810>,36
10,3.7902148,g = (sqrt(sqrt(#8)) * -0.0017845064) * #7; d = #1 * -0.058576174,0.0038429422994001,g = (sqrt(sqrt(#8)) * -0.0017845064) * #7; d = #1 * -0.058576174,<pysr.expression_specs.CallableJuliaExpression object at 0x7222a099d010>,35
10,3.7902148,g = (sqrt(sqrt(#8)) * #7) * -0.0017818859; d = #1 * -0.058470342,0.0038429422994001,g = (sqrt(sqrt(#8)) * #7) * -0.0017818859; d = #1 * -0.058470342,<pysr.expression_specs.CallableJuliaExpression object at 0x7222a09d0380>,53
10,3.790215,g = #7 * (sqrt(sqrt(#8)) * -0.0017830657); d = #1 * -0.058384947,0.0038432049222825,g = #7 * (sqrt(sqrt(#8)) * -0.0017830657); d = #1 * -0.058384947,<pysr.expression_specs.CallableJuliaExpression object at 0x7222a09d0290>,55
10,3.7902155,g = #7 * (sqrt(sqrt(#8)) * -0.0017842532); d = #1 * -0.05857494,0.0038438877615684,g = #7 * (sqrt(sqrt(#8)) * -0.0017842532); d = #1 * -0.05857494,<pysr.expression_specs.CallableJuliaExpression object at 0x7222a09d0500>,56
10,3.790216,g = (#7 * -0.00178295) * sqrt(sqrt(#8)); d = #1 * -0.058337197,0.0038425468471022,g = (#7 * -0.00178295) * sqrt(sqrt(#8)); d = #1 * -0.058337197,<pysr.expression_specs.CallableJuliaExpression object at 0x7222a1f8f1a0>,7
10,3.790216,g = (sqrt(sqrt(#8)) * #7) * -0.0017832094; d = #1 * -0.05859,0.0038453853567953,g = (sqrt(sqrt(#8)) * #7) * -0.0017832094; d = #1 * -0.05859,<pysr.expression_specs.CallableJuliaExpression object at 0x7222a09d2ae0>,72
10,3.7902167,g = (#7 * -0.0017842858) * sqrt(sqrt(#8)); d = #1 * -0.05844601,0.0038422570309317,g = (#7 * -0.0017842858) * sqrt(sqrt(#8)); d = #1 * -0.05844601,<pysr.expression_specs.CallableJuliaExpression object at 0x7222a0959430>,21
10,3.7902176,g = (sqrt(sqrt(#8)) * #7) * -0.0017824005; d = #1 * -0.05828516,0.0038420195775183,g = (sqrt(sqrt(#8)) * #7) * -0.0017824005; d = #1 * -0.05828516,<pysr.expression_specs.CallableJuliaExpression object at 0x7222a099c6b0>,30
10,3.790219,g = #7 * (sqrt(sqrt(#8)) * -0.001779913); d = #1 * -0.058348943,0.0038416502056539,g = #7 * (sqrt(sqrt(#8)) * -0.001779913); d = #1 * -0.058348943,<pysr.expression_specs.CallableJuliaExpression object at 0x7222a099c4d0>,34
10,3.7902198,g = (#7 * -0.001779211) * sqrt(sqrt(#8)); d = #1 * -0.058350883,0.0038414391360783,g = (#7 * -0.001779211) * sqrt(sqrt(#8)); d = #1 * -0.058350883,<pysr.expression_specs.CallableJuliaExpression object at 0x7222a1f8f290>,4
10,3.7902203,g = (sqrt(sqrt(#8)) * #7) * -0.0017818587; d = #1 * -0.058216594,0.0038413072176163,g = (sqrt(sqrt(#8)) * #7) * -0.0017818587; d = #1 * -0.058216594,<pysr.expression_specs.CallableJuliaExpression object at 0x7222a09d2900>,66
10,3.790221,g = (#7 * -0.0017825636) * sqrt(sqrt(#8)); d = #1 * -0.058671627,0.0038413065095422,g = (#7 * -0.0017825636) * sqrt(sqrt(#8)); d = #1 * -0.058671627,<pysr.expression_specs.CallableJuliaExpression object at 0x7222a1fb4950>,3
10,3.7902215,g = (#7 * sqrt(sqrt(#8))) * -0.0017865114; d = #1 * -0.058761302,0.0038409906133783,g = (#7 * sqrt(sqrt(#8))) * -0.0017865114; d = #1 * -0.058761302,<pysr.expression_specs.CallableJuliaExpression object at 0x7222a1f8eff0>,6
10,3.7902265,g = (sqrt(sqrt(#8)) * #7) * -0.0017771876; d = #1 * -0.0581162,0.003840486188454,g = (sqrt(sqrt(#8)) * #7) * -0.0017771876; d = #1 * -0.0581162,<pysr.expression_specs.CallableJuliaExpression object at 0x7222a09d1f10>,58
10,3.7902303,g = (#7 * sqrt(sqrt(#8))) * -0.0017864438; d = #1 * -0.058851596,0.0038395361753809,g = (#7 * sqrt(sqrt(#8))) * -0.0017864438; d = #1 * -0.058851596,<pysr.expression_specs.CallableJuliaExpression object at 0x7222a0959be0>,14
10,3.7902339,g = (#7 * sqrt(sqrt(#8))) / -563.4561; d = #1 * -0.057995405,0.0038377190421214,g = (#7 * sqrt(sqrt(#8))) / -563.4561; d = #1 * -0.057995405,<pysr.expression_specs.CallableJuliaExpression object at 0x7222a1f8dd90>,8
10,3.790235,g = (sqrt(sqrt(#8)) * -0.0017798765) * #7; d = #1 * -0.05874789,0.0038374288226074474,g = (sqrt(sqrt(#8)) * -0.0017798765) * #7; d = #1 * -0.05874789,<pysr.expression_specs.CallableJuliaExpression object at 0x7222a09d3ad0>,74
10,3.7902431,g = #7 * (sqrt(sqrt(#8)) * -0.0017877361); d = #1 * -0.058919676,0.0038352129066196,g = #7 * (sqrt(sqrt(#8)) * -0.0017877361); d = #1 * -0.058919676,<pysr.expression_specs.CallableJuliaExpression object at 0x7222a0958b60>,15
10,3.792607,g = ((#8 / -8.093054) - 0.6704428) * #3; d = #1 / -18.00173,0.003211727002137,g = ((#8 / -8.093054) - 0.6704428) * #3; d = #1 / -18.00173,<pysr.expression_specs.CallableJuliaExpression object at 0x7222a099d280>,46
10,3.792609,g = #3 * ((#8 + 5.3837194) * -0.12388647); d = #1 / -18.006147,0.003211278508144,g = #3 * ((#8 + 5.3837194) * -0.12388647); d = #1 / -18.006147,<pysr.expression_specs.CallableJuliaExpression object at 0x7222a09d07a0>,54
10,3.7926118,g = #3 * ((#8 * -0.123770624) - 0.66732454); d = #1 * -0.055487093,0.0032107767731675,g = #3 * ((#8 * -0.123770624) - 0.66732454); d = #1 * -0.055487093,<pysr.expression_specs.CallableJuliaExpression object at 0x7222a099de20>,39
10,3.7926161,g = (#3 * (#8 - -5.4699163)) * -0.123243086; d = #1 * -0.05556453,0.0032094064476827,g = (#3 * (#8 - -5.4699163)) * -0.123243086; d = #1 * -0.05556453,<pysr.expression_specs.CallableJuliaExpression object at 0x7222a095a990>,19
10,3.792617,g = (#3 * (#8 + 5.3687577)) * -0.12416683; d = #1 * -0.055560198,0.0032094056873012,g = (#3 * (#8 + 5.3687577)) * -0.12416683; d = #1 * -0.055560198,<pysr.expression_specs.CallableJuliaExpression object at 0x7222a0958680>,24
10,3.7926173,g = (#3 * (-5.348232 - #8)) * 0.12409083; d = #1 * -0.05542484,0.0032094054338408,g = (#3 * (-5.348232 - #8)) * 0.12409083; d = #1 * -0.05542484,<pysr.expression_specs.CallableJuliaExpression object at 0x7222a099c500>,32
10,3.792618,g = #3 * ((#8 / -8.107723) - 0.67252433); d = #1 * -0.055409737,0.0032090894520945,g = #3 * ((#8 / -8.107723) - 0.67252433); d = #1 * -0.055409737,<pysr.expression_specs.CallableJuliaExpression object at 0x7222a095b470>,23
10,3.7926185,g = #3 * (-0.66931677 - (#8 / 8.081034)); d = #1 * -0.05540487,0.0032090101821122,g = #3 * (-0.66931677 - (#8 / 8.081034)); d = #1 * -0.05540487,<pysr.expression_specs.CallableJuliaExpression object at 0x7222a095bbf0>,26
10,3.7926235,g = ((#8 / -8.119879) - 0.6726999) * #3; d = #1 * -0.055402968,0.0032079546578876,g = ((#8 / -8.119879) - 0.6726999) * #3; d = #1 * -0.055402968,<pysr.expression_specs.CallableJuliaExpression object at 0x7222a099d730>,38
10,3.7926247,g = #3 * (-0.66757506 - (#8 * 0.12365222)); d = #1 * -0.055233408,0.0032071388861835,g = #3 * (-0.66757506 - (#8 * 0.12365222)); d = #1 * -0.055233408,<pysr.expression_specs.CallableJuliaExpression object at 0x7222a0959280>,22
10,3.792625,g = (#8 + 5.343413) * (#3 * -0.12400802); d = #1 * -0.055189934,0.0032073751756907,g = (#8 + 5.343413) * (#3 * -0.12400802); d = #1 * -0.055189934,<pysr.expression_specs.CallableJuliaExpression object at 0x7222a099d130>,40
10,3.7926266,g = ((#8 - -5.4691777) * #3) * -0.12294916; d = #1 * -0.055564523,0.0032066379139877,g = ((#8 - -5.4691777) * #3) * -0.12294916; d = #1 * -0.055564523,<pysr.expression_specs.CallableJuliaExpression object at 0x7222a095a210>,17
10,3.7926288,g = ((#8 / -8.055234) + -0.66209316) * #3; d = #1 * -0.055183,0.0032060578412323,g = ((#8 / -8.055234) + -0.66209316) * #3; d = #1 * -0.055183,<pysr.expression_specs.CallableJuliaExpression object at 0x7222a0959850>,25
11,3.792629,g = #3 * ((#8 * -0.12309601) + inv(-1.4928864)); d = -0.055499192 * #1,5.009704985103868e-06,g = #3 * ((#8 * -0.12309601) + inv(-1.4928864)); d = -0.055499192 * #1,<pysr.expression_specs.CallableJuliaExpression object at 0x7222a09d08c0>,60
10,3.792629,g = #3 * ((#8 * -0.123810455) + -0.66376793); d = #1 * -0.055177353,0.0032062416501692,g = #3 * ((#8 * -0.123810455) + -0.66376793); d = #1 * -0.055177353,<pysr.expression_specs.CallableJuliaExpression object at 0x7222a099f560>,47
10,3.792629,g = ((#8 * -0.1235223) + -0.6677758) * #3; d = #1 * -0.05518429,0.0032060051073622,g = ((#8 * -0.1235223) + -0.6677758) * #3; d = #1 * -0.05518429,<pysr.expression_specs.CallableJuliaExpression object at 0x7222a095a5d0>,16
10,3.7926292,g = #3 * ((#8 - -5.341666) / -8.037909); d = #1 * -0.055583697,0.0032059523734947,g = #3 * ((#8 - -5.341666) / -8.037909); d = #1 * -0.055583697,<pysr.expression_specs.CallableJuliaExpression object at 0x7222a099cc20>,28
10,3.792632,g = (#3 * -0.12341315) * (#8 + 5.422751); d = #1 * -0.05516417,0.0032052140996435,g = (#3 * -0.12341315) * (#8 + 5.422751); d = #1 * -0.05516417,<pysr.expression_specs.CallableJuliaExpression object at 0x7222a09d28a0>,73
10,3.7926328,g = (#3 * (#8 + 5.3115826)) * -0.12421414; d = #1 * -0.05515392,0.0032052397071644,g = (#3 * (#8 + 5.3115826)) * -0.12421414; d = #1 * -0.05515392,<pysr.expression_specs.CallableJuliaExpression object at 0x7222a09d0bc0>,62
10,3.7926345,g = #3 * ((#8 + 5.504895) * -0.122621186); d = #1 * -0.055529486,0.003204738904766,g = #3 * ((#8 + 5.504895) * -0.122621186); d = #1 * -0.055529486,<pysr.expression_specs.CallableJuliaExpression object at 0x7222a09d03e0>,68
10,3.7926345,g = ((#8 + 5.3840437) * -0.124064915) * #3; d = #1 * -0.05529772,0.0032044760794076,g = ((#8 + 5.3840437) * -0.124064915) * #3; d = #1 * -0.05529772,<pysr.expression_specs.CallableJuliaExpression object at 0x7222a099dfa0>,33
10,3.7926376,g = (#3 * (-5.519921 - #8)) * 0.122713834; d = #1 * -0.055480205,0.0032042369216583,g = (#3 * (-5.519921 - #8)) * 0.122713834; d = #1 * -0.055480205,<pysr.expression_specs.CallableJuliaExpression object at 0x7222a099f410>,44
10,3.7926438,g = #3 * ((#8 * -0.12262421) - 0.67454576); d = #1 * -0.055343945,0.003202023961072,g = #3 * ((#8 * -0.12262421) - 0.67454576); d = #1 * -0.055343945,<pysr.expression_specs.CallableJuliaExpression object at 0x7222a09d0080>,57
10,3.7926443,g = #3 * ((#8 / -8.170813) - 0.67822737); d = #1 * -0.05555527,0.003201970974538,g = #3 * ((#8 / -8.170813) - 0.67822737); d = #1 * -0.05555527,<pysr.expression_specs.CallableJuliaExpression object at 0x7222a099ca10>,27
10,3.7926445,g = ((#8 * -0.12467842) + -0.66036177) * #3; d = #1 * -0.05516963,0.0032020233710265,g = ((#8 * -0.12467842) + -0.66036177) * #3; d = #1 * -0.05516963,<pysr.expression_specs.CallableJuliaExpression object at 0x7222a099d040>,43
10,3.792647,g = ((#8 * -0.122255355) - 0.6761735) * #3; d = #1 * -0.055516005,0.0032015744608316,g = ((#8 * -0.122255355) - 0.6761735) * #3; d = #1 * -0.055516005,<pysr.expression_specs.CallableJuliaExpression object at 0x7222a099f740>,48
10,3.792648,g = #3 * ((#8 * -0.12309601) + -0.66668284); d = #1 * -0.055499192,0.0032009954023771,g = #3 * ((#8 * -0.12309601) + -0.66668284); d = #1 * -0.055499192,<pysr.expression_specs.CallableJuliaExpression object at 0x7222a09d0c50>,60
10,3.7926488,g = (#3 * (#8 + 5.4514637)) / -8.147213; d = #1 * -0.055422768,0.003200784467981,g = (#3 * (#8 + 5.4514637)) / -8.147213; d = #1 * -0.055422768,<pysr.expression_specs.CallableJuliaExpression object at 0x7222a099ee70>,42
10,3.792652,g = #3 * ((#8 * -0.12507087) + -0.6627576); d = #1 * -0.055564567,0.003200124708585,g = #3 * ((#8 * -0.12507087) + -0.6627576); d = #1 * -0.055564567,<pysr.expression_specs.CallableJuliaExpression object at 0x7222a099ede0>,41
10,3.7926629,g = #3 * ((-5.49594 - #8) / 8.110677); d = #1 * -0.05572794,0.0031972507342956,g = #3 * ((-5.49594 - #8) / 8.110677); d = #1 * -0.05572794,<pysr.expression_specs.CallableJuliaExpression object at 0x7222a09d2720>,61
10,3.7926645,g = (-5.251851 - #8) * (#3 / 7.992336); d = #1 * -0.055495467,0.0031968814322685,g = (-5.251851 - #8) * (#3 / 7.992336); d = #1 * -0.055495467,<pysr.expression_specs.CallableJuliaExpression object at 0x7222a09d1430>,70
10,3.7926812,g = (#3 * (#8 + 5.5064454)) * -0.12186479; d = #1 * -0.055328943,0.0031923467924716,g = (#3 * (#8 + 5.5064454)) * -0.12186479; d = #1 * -0.055328943,<pysr.expression_specs.CallableJuliaExpression object at 0x7222a09d0d10>,59
10,3.792687,g = (#3 * -0.12558052) * (#8 - -5.218546); d = #1 * -0.055326205,0.0031914483131227,g = (#3 * -0.12558052) * (#8 - -5.218546); d = #1 * -0.055326205,<pysr.expression_specs.CallableJuliaExpression object at 0x7222a099d070>,29
10,3.7927048,g = ((#8 - -5.378343) * -0.1233564) * #3; d = #1 * -0.055688098,0.0031862557136234,g = ((#8 - -5.378343) * -0.1233564) * #3; d = #1 * -0.055688098,<pysr.expression_specs.CallableJuliaExpression object at 0x7222a09d2b40>,63
9,3.8048074,g = (sqrt(#8) * -0.6161161) * #3; d = #1 * -0.05283187,0.0080163377086742,g = (sqrt(#8) * -0.6161161) * #3; d = #1 * -0.05283187,<pysr.expression_specs.CallableJuliaExpression object at 0x7222a099c470>,33
9,3.8048074,g = #3 * (sqrt(#8) * -0.6157121); d = #1 * -0.05276921,0.0080242637755736,g = #3 * (sqrt(#8) * -0.6157121); d = #1 * -0.05276921,<pysr.expression_specs.CallableJuliaExpression object at 0x7222a0959730>,15
9,3.8048074,g = (#3 * sqrt(#8)) * -0.6157768; d = #1 * -0.052770197,0.008028904667163,g = (#3 * sqrt(#8)) * -0.6157768; d = #1 * -0.052770197,<pysr.expression_specs.CallableJuliaExpression object at 0x7222a09d0bc0>,57
9,3.8048074,g = (sqrt(#8) * #3) / -1.6232573; d = #1 * -0.052788235,0.0080172763251389,g = (sqrt(#8) * #3) / -1.6232573; d = #1 * -0.052788235,<pysr.expression_specs.CallableJuliaExpression object at 0x7222a099e2d0>,46
9,3.8048077,g = sqrt(#8) * (#3 / -1.6236762); d = #1 * -0.052700363,0.0076511745405207,g = sqrt(#8) * (#3 / -1.6236762); d = #1 * -0.052700363,<pysr.expression_specs.CallableJuliaExpression object at 0x7222a099f740>,42
9,3.8048077,g = (sqrt(#8) * #3) / -1.6240938; d = #1 * -0.05274571,0.0080191268530459,g = (sqrt(#8) * #3) / -1.6240938; d = #1 * -0.05274571,<pysr.expression_specs.CallableJuliaExpression object at 0x7222a099c230>,28
9,3.8048077,g = (sqrt(#8) * #3) / -1.6245387; d = #1 * -0.052761942,0.0080164413698855,g = (sqrt(#8) * #3) / -1.6245387; d = #1 * -0.052761942,<pysr.expression_specs.CallableJuliaExpression object at 0x7222a099ce60>,51
9,3.8048077,g = (#7 * sqrt(#2)) * -0.0007965994; d = #1 * -0.052733988,0.0080156331162601,g = (#7 * sqrt(#2)) * -0.0007965994; d = #1 * -0.052733988,<pysr.expression_specs.CallableJuliaExpression object at 0x7222a1f8f980>,9
9,3.8048077,g = #7 * (sqrt(#2) * -0.0007965772); d = #1 * -0.052712973,0.0080219948368073,g = #7 * (sqrt(#2) * -0.0007965772); d = #1 * -0.052712973,<pysr.expression_specs.CallableJuliaExpression object at 0x7222a0958320>,12
9,3.8048077,g = (#3 * -0.61589813) * sqrt(#8); d = #1 / -18.945997,0.0080159459887088,g = (#3 * -0.61589813) * sqrt(#8); d = #1 / -18.945997,<pysr.expression_specs.CallableJuliaExpression object at 0x7222a09d0cb0>,54
9,3.8048077,g = sqrt(#2) * (#7 * -0.0007963083); d = #1 / -18.950657,0.0080153202437136,g = sqrt(#2) * (#7 * -0.0007963083); d = #1 / -18.950657,<pysr.expression_specs.CallableJuliaExpression object at 0x7222a09d2cc0>,71
9,3.8048077,g = #7 * (sqrt(#2) * -0.000797004); d = #1 * -0.05284199,0.0080154506072866,g = #7 * (sqrt(#2) * -0.000797004); d = #1 * -0.05284199,<pysr.expression_specs.CallableJuliaExpression object at 0x7222a099c8f0>,30
9,3.8048077,g = sqrt(#2) * (#7 * -0.00079692545); d = #1 * -0.052834023,0.0080155809708424,g = sqrt(#2) * (#7 * -0.00079692545); d = #1 * -0.052834023,<pysr.expression_specs.CallableJuliaExpression object at 0x7222a0958200>,10
9,3.8048077,g = sqrt(#8) * (#3 / -1.623953); d = #1 * -0.05272513,0.0080161284975917,g = sqrt(#8) * (#3 / -1.623953); d = #1 * -0.05272513,<pysr.expression_specs.CallableJuliaExpression object at 0x7222a095ba40>,27
9,3.8048077,g = sqrt(#2) * (#7 * -0.00079629227); d = #1 * -0.052679557,0.0080161284975917,g = sqrt(#2) * (#7 * -0.00079629227); d = #1 * -0.052679557,<pysr.expression_specs.CallableJuliaExpression object at 0x7222a6c6dd60>,4
9,3.8048077,g = (#3 * sqrt(#8)) * -0.61578226; d = #1 * -0.05275087,0.0080235331156175,g = (#3 * sqrt(#8)) * -0.61578226; d = #1 * -0.05275087,<pysr.expression_specs.CallableJuliaExpression object at 0x7222a0958e90>,19
9,3.8048077,g = sqrt(#2) * (#7 * -0.000796649); d = #1 / -18.928236,0.0080159459887088,g = sqrt(#2) * (#7 * -0.000796649); d = #1 / -18.928236,<pysr.expression_specs.CallableJuliaExpression object at 0x7222a099e8d0>,36
9,3.8048077,g = (sqrt(#8) * #3) * -0.6160581; d = #1 * -0.052835733,0.0080158416979034,g = (sqrt(#8) * #3) * -0.6160581; d = #1 * -0.052835733,<pysr.expression_specs.CallableJuliaExpression object at 0x7222a09d11f0>,66
9,3.8048077,g = (#3 * sqrt(#8)) * -0.61573845; d = #1 * -0.052758366,0.0080154506072866,g = (#3 * sqrt(#8)) * -0.61573845; d = #1 * -0.052758366,<pysr.expression_specs.CallableJuliaExpression object at 0x7222a0959790>,16
9,3.8048077,g = (#3 * sqrt(#8)) * -0.6161318; d = #1 * -0.052812602,0.0080158416979034,g = (#3 * sqrt(#8)) * -0.6161318; d = #1 * -0.052812602,<pysr.expression_specs.CallableJuliaExpression object at 0x7222a1f74200>,2
9,3.8048077,g = sqrt(#2) * (#7 * -0.00079693145); d = #1 * -0.05282929,0.0080156331162601,g = sqrt(#2) * (#7 * -0.00079693145); d = #1 * -0.05282929,<pysr.expression_specs.CallableJuliaExpression object at 0x7222a099dac0>,34
9,3.8048077,g = sqrt(#8) * (#3 * -0.6157141); d = #1 * -0.052735515,0.008015137734683,g = sqrt(#8) * (#3 * -0.6157141); d = #1 * -0.052735515,<pysr.expression_specs.CallableJuliaExpression object at 0x7222a095b0b0>,21
9,3.8048077,g = (sqrt(#8) * -0.6160027) * #3; d = #1 * -0.05276569,0.0080156331162601,g = (sqrt(#8) * -0.6160027) * #3; d = #1 * -0.05276569,<pysr.expression_specs.CallableJuliaExpression object at 0x7222a1f8ee70>,6
9,3.8048077,g = (sqrt(#8) * -0.6157548) * #3; d = #1 * -0.052774273,0.0080224902149875,g = (sqrt(#8) * -0.6157548) * #3; d = #1 * -0.052774273,<pysr.expression_specs.CallableJuliaExpression object at 0x7222a1f74bf0>,1
9,3.8048077,g = (sqrt(#8) * #3) * -0.6161031; d = #1 / -18.94713,0.008015137734683,g = (sqrt(#8) * #3) * -0.6161031; d = #1 / -18.94713,<pysr.expression_specs.CallableJuliaExpression object at 0x7222a095b020>,20
9,3.8048077,g = (-0.6156297 * #3) * sqrt(#8); d = -0.05277927 * #1,0.0080180578751762,g = (-0.6156297 * #3) * sqrt(#8); d = -0.05277927 * #1,<pysr.expression_specs.CallableJuliaExpression object at 0x7222a1f8f1a0>,5
9,3.8048077,g = (#3 * sqrt(#8)) / -1.623354; d = #1 * -0.05278388,0.008022281634731,g = (#3 * sqrt(#8)) / -1.623354; d = #1 * -0.05278388,<pysr.expression_specs.CallableJuliaExpression object at 0x7222a0958080>,25
9,3.8048077,g = (sqrt(#8) * #3) * -0.6157813; d = #1 * -0.052710116,0.0080154506072866,g = (sqrt(#8) * #3) * -0.6157813; d = #1 * -0.052710116,<pysr.expression_specs.CallableJuliaExpression object at 0x7222a09584d0>,22
9,3.8048077,g = sqrt(#2) * (#7 * -0.00079645176); d = #1 * -0.052725557,0.0080162588610594,g = sqrt(#2) * (#7 * -0.00079645176); d = #1 * -0.052725557,<pysr.expression_specs.CallableJuliaExpression object at 0x7222a099e360>,37
9,3.8048077,g = (sqrt(#8) * -0.6158565) * #3; d = #1 * -0.05271737,0.0080234027530982,g = (sqrt(#8) * -0.6158565) * #3; d = #1 * -0.05271737,<pysr.expression_specs.CallableJuliaExpression object at 0x7222a09d1640>,73
9,3.8048077,g = (#7 * sqrt(#2)) / -1255.409; d = #1 * -0.052808408,0.0076515396914259,g = (#7 * sqrt(#2)) / -1255.409; d = #1 * -0.052808408,<pysr.expression_specs.CallableJuliaExpression object at 0x7222a1f8fda0>,8
9,3.8048077,g = (sqrt(#8) * -0.6157938) * #3; d = #1 * -0.052794375,0.0080164413698855,g = (sqrt(#8) * -0.6157938) * #3; d = #1 * -0.052794375,<pysr.expression_specs.CallableJuliaExpression object at 0x7222a0959040>,17
9,3.8048077,g = (#3 * sqrt(#8)) * -0.61589015; d = #1 * -0.052812893,0.0080173278408523,g = (#3 * sqrt(#8)) * -0.61589015; d = #1 * -0.052812893,<pysr.expression_specs.CallableJuliaExpression object at 0x7222a09d18e0>,60
9,3.8048077,g = (sqrt(#2) * -0.00079630327) * #7; d = #1 / -18.951979,0.0080175624948002,g = (sqrt(#2) * -0.00079630327) * #7; d = #1 / -18.951979,<pysr.expression_specs.CallableJuliaExpression object at 0x7222a09d39e0>,69
9,3.8048077,g = (#7 * sqrt(#2)) * -0.00079620193; d = #1 * -0.052700996,0.0080161284975917,g = (#7 * sqrt(#2)) * -0.00079620193; d = #1 * -0.052700996,<pysr.expression_specs.CallableJuliaExpression object at 0x7222a09d0980>,65
9,3.8048077,g = (sqrt(#8) * -0.61615294) * #3; d = #1 / -18.94096,0.0080166238786781,g = (sqrt(#8) * -0.61615294) * #3; d = #1 / -18.94096,<pysr.expression_specs.CallableJuliaExpression object at 0x7222a099dca0>,45
9,3.8048077,g = (#7 * -0.0007964211) * sqrt(#2); d = #1 * -0.052767288,0.008016936750816783,g = (#7 * -0.0007964211) * sqrt(#2); d = #1 * -0.052767288,<pysr.expression_specs.CallableJuliaExpression object at 0x7222a09d0830>,74
9,3.8048077,g = (sqrt(#8) * -0.61606467) * #3; d = #1 * -0.05280502,0.0080203001201243,g = (sqrt(#8) * -0.61606467) * #3; d = #1 * -0.05280502,<pysr.expression_specs.CallableJuliaExpression object at 0x7222a0958b30>,18
9,3.8048077,g = sqrt(#8) * (#3 * -0.6158202); d = #1 * -0.05276433,0.0080169367508167,g = sqrt(#8) * (#3 * -0.6158202); d = #1 * -0.05276433,<pysr.expression_specs.CallableJuliaExpression object at 0x7222a09d0620>,67
9,3.8048081,g = sqrt(#8) * (#3 * -0.6154812); d = #1 * -0.052677978,0.0076510694103774,g = sqrt(#8) * (#3 * -0.6154812); d = #1 * -0.052677978,<pysr.expression_specs.CallableJuliaExpression object at 0x7222a099d340>,43
9,3.8048081,g = sqrt(#8) * (#3 / -1.6242536); d = #1 * -0.052714575,0.0080166491119378,g = sqrt(#8) * (#3 / -1.6242536); d = #1 * -0.052714575,<pysr.expression_specs.CallableJuliaExpression object at 0x7222a09d1190>,59
9,3.8048081,g = (#3 * sqrt(#8)) * -0.6154309; d = #1 * -0.052711986,0.0080150326045396,g = (#3 * sqrt(#8)) * -0.6154309; d = #1 * -0.052711986,<pysr.expression_specs.CallableJuliaExpression object at 0x7222a1f8f6e0>,7
9,3.8048084,g = (sqrt(#8) * #3) * -0.6154462; d = #1 * -0.052819844,0.0080191775288281,g = (sqrt(#8) * #3) * -0.6154462; d = #1 * -0.052819844,<pysr.expression_specs.CallableJuliaExpression object at 0x7222a1fb4a10>,3
9,3.8048084,g = sqrt(#8) * (#3 * -0.61540717); d = #1 * -0.052684296,0.0080173263717396,g = sqrt(#8) * (#3 * -0.61540717); d = #1 * -0.052684296,<pysr.expression_specs.CallableJuliaExpression object at 0x7222a099ce30>,31
9,3.8048084,g = (#3 * sqrt(#8)) * -0.6153714; d = #1 * -0.052669525,0.0080206115214004,g = (#3 * sqrt(#8)) * -0.6153714; d = #1 * -0.052669525,<pysr.expression_specs.CallableJuliaExpression object at 0x7222a09d0f20>,53
9,3.8048084,g = (sqrt(#2) * #7) * -0.0007968934; d = #1 * -0.05286069,0.0080148494660498,g = (sqrt(#2) * #7) * -0.0007968934; d = #1 * -0.05286069,<pysr.expression_specs.CallableJuliaExpression object at 0x7222a099d520>,35
9,3.8048084,g = sqrt(#8) * (#3 * -0.6160736); d = #1 * -0.05272838,0.0080236098628613,g = sqrt(#8) * (#3 * -0.6160736); d = #1 * -0.05272838,<pysr.expression_specs.CallableJuliaExpression object at 0x7222a095b080>,23
9,3.8048084,g = (sqrt(#8) * #3) / -1.6231995; d = #1 * -0.05274194,0.0080185257133427,g = (sqrt(#8) * #3) / -1.6231995; d = #1 * -0.05274194,<pysr.expression_specs.CallableJuliaExpression object at 0x7222a09d0290>,61
9,3.8048084,g = (#7 * sqrt(#2)) * -0.00079710566; d = #1 * -0.052853912,0.0080175610256447,g = (#7 * sqrt(#2)) * -0.00079710566; d = #1 * -0.052853912,<pysr.expression_specs.CallableJuliaExpression object at 0x7222a09d0bc0>,52
9,3.8048084,g = (sqrt(#8) * #3) * -0.61625165; d = #1 * -0.05286334,0.0080154491385164,g = (sqrt(#8) * #3) * -0.61625165; d = #1 * -0.05286334,<pysr.expression_specs.CallableJuliaExpression object at 0x7222a09d2240>,68
9,3.8048084,g = (sqrt(#8) * #3) * -0.61631894; d = #1 * -0.052850176,0.0080170134997804,g = (sqrt(#8) * #3) * -0.61631894; d = #1 * -0.052850176,<pysr.expression_specs.CallableJuliaExpression object at 0x7222a099dca0>,41
9,3.8048086,g = (#3 * sqrt(#8)) / -1.6252077; d = #1 * -0.052637476,0.0080163873358711,g = (#3 * sqrt(#8)) / -1.6252077; d = #1 * -0.052637476,<pysr.expression_specs.CallableJuliaExpression object at 0x7222a099e5d0>,39
9,3.8048086,g = (#3 * sqrt(#8)) * -0.6153077; d = #1 * -0.052655138,0.0080195681980521,g = (#3 * sqrt(#8)) * -0.6153077; d = #1 * -0.052655138,<pysr.expression_specs.CallableJuliaExpression object at 0x7222a095b260>,24
9,3.8048086,g = sqrt(#8) * (#3 / -1.6263078); d = #1 * -0.052757688,0.0080229837027356,g = sqrt(#8) * (#3 / -1.6263078); d = #1 * -0.052757688,<pysr.expression_specs.CallableJuliaExpression object at 0x7222a095aea0>,26
9,3.8048086,g = (sqrt(#8) * -0.61604476) * #3; d = #1 * -0.05270271,0.0080152140644797,g = (sqrt(#8) * -0.61604476) * #3; d = #1 * -0.05270271,<pysr.expression_specs.CallableJuliaExpression object at 0x7222a09d1670>,63
9,3.8048086,g = sqrt(#2) * (#7 * -0.0007968314); d = #1 * -0.052737784,0.0080162048270784,g = sqrt(#2) * (#7 * -0.0007968314); d = #1 * -0.052737784,<pysr.expression_specs.CallableJuliaExpression object at 0x7222a0958a10>,11
9,3.8048086,g = sqrt(#8) * (#3 * -0.61574924); d = #1 * -0.05263533,0.007650312024423,g = sqrt(#8) * (#3 * -0.61574924); d = #1 * -0.05263533,<pysr.expression_specs.CallableJuliaExpression object at 0x7222a09d37a0>,70
9,3.8048086,g = #3 * (sqrt(#8) * -0.6150247); d = #1 * -0.05273711,0.0080206893191963,g = #3 * (sqrt(#8) * -0.6150247); d = #1 * -0.05273711,<pysr.expression_specs.CallableJuliaExpression object at 0x7222a09d2960>,62
9,3.8048086,g = sqrt(#8) * (#3 * -0.61511284); d = #1 * -0.052660916,0.0080192031815945,g = sqrt(#8) * (#3 * -0.61511284); d = #1 * -0.052660916,<pysr.expression_specs.CallableJuliaExpression object at 0x7222a099f8f0>,47
9,3.8048089,g = (sqrt(#8) * #3) * -0.61482936; d = #1 * -0.05266815,0.0080150048533167,g = (sqrt(#8) * #3) * -0.61482936; d = #1 * -0.05266815,<pysr.expression_specs.CallableJuliaExpression object at 0x7222a099e210>,48
9,3.8048089,g = sqrt(#8) * (#3 * -0.6150841); d = #1 * -0.052753177,0.0080178728479953,g = sqrt(#8) * (#3 * -0.6150841); d = #1 * -0.052753177,<pysr.expression_specs.CallableJuliaExpression object at 0x7222a099c6e0>,32
9,3.8048089,g = #3 * (sqrt(#8) * -0.61483794); d = #1 * -0.052760035,0.0080159434706625,g = #3 * (sqrt(#8) * -0.61483794); d = #1 * -0.052760035,<pysr.expression_specs.CallableJuliaExpression object at 0x7222a099ed50>,40
9,3.8048093,g = sqrt(#8) * (#3 * -0.61474425); d = #1 * -0.052674126,0.0080146129232862,g = sqrt(#8) * (#3 * -0.61474425); d = #1 * -0.052674126,<pysr.expression_specs.CallableJuliaExpression object at 0x7222a099e210>,50
9,3.8048096,g = sqrt(#2) * (#7 * -0.00079474284); d = #1 * -0.05267544,0.0080204264939207,g = sqrt(#2) * (#7 * -0.00079474284); d = #1 * -0.05267544,<pysr.expression_specs.CallableJuliaExpression object at 0x7222a09d1b80>,64
9,3.8048096,g = sqrt(#8) * (#3 / -1.6271822); d = #1 * -0.052689325,0.0080180538872242,g = sqrt(#8) * (#3 / -1.6271822); d = #1 * -0.052689325,<pysr.expression_specs.CallableJuliaExpression object at 0x7222a099ce60>,38
9,3.8048096,g = (#3 * sqrt(#8)) * -0.61517507; d = #1 * -0.05262827,0.0080142994211695,g = (#3 * sqrt(#8)) * -0.61517507; d = #1 * -0.05262827,<pysr.expression_specs.CallableJuliaExpression object at 0x7222a09d1280>,55
9,3.8048096,g = (#3 * -0.614548) * sqrt(#8); d = #1 * -0.05266951,0.0080146383666005,g = (#3 * -0.614548) * sqrt(#8); d = #1 * -0.05266951,<pysr.expression_specs.CallableJuliaExpression object at 0x7222a099eea0>,44
9,3.8048098,g = (sqrt(#8) * -0.61440414) * #3; d = #1 * -0.052661415,0.0076501270452351,g = (sqrt(#8) * -0.61440414) * #3; d = #1 * -0.052661415,<pysr.expression_specs.CallableJuliaExpression object at 0x7222a0958bc0>,13
9,3.8048105,g = sqrt(#8) * (#3 * -0.6161947); d = #1 * -0.052696627,0.0080247526405956,g = sqrt(#8) * (#3 * -0.6161947); d = #1 * -0.052696627,<pysr.expression_specs.CallableJuliaExpression object at 0x7222a099ca40>,29
9,3.8048108,g = (sqrt(#8) * -0.6157784) * #3; d = #1 * -0.05290147,0.0080276981928074,g = (sqrt(#8) * -0.6157784) * #3; d = #1 * -0.05290147,<pysr.expression_specs.CallableJuliaExpression object at 0x7222a09d10d0>,58
9,3.8048108,g = (sqrt(#8) * #3) * -0.6165544; d = #1 * -0.052872024,0.0080164348645355,g = (sqrt(#8) * #3) * -0.6165544; d = #1 * -0.052872024,<pysr.expression_specs.CallableJuliaExpression object at 0x7222a099de20>,49
9,3.804811,g = (#3 * sqrt(#8)) * -0.61428756; d = #1 * -0.052728288,0.0080145832839344,g = (#3 * sqrt(#8)) * -0.61428756; d = #1 * -0.052728288,<pysr.expression_specs.CallableJuliaExpression object at 0x7222a09589e0>,14
9,3.8048127,g = (#7 * -0.0007973431) * sqrt(#2); d = #1 * -0.052984152,0.0080145275719057,g = (#7 * -0.0007973431) * sqrt(#2); d = #1 * -0.052984152,<pysr.expression_specs.CallableJuliaExpression object at 0x7222a09d16d0>,56
9,3.8048189,g = (#7 * sqrt(#2)) * -0.00079815893; d = #1 * -0.053060062,0.0080123766038773,g = (#7 * sqrt(#2)) * -0.00079815893; d = #1 * -0.053060062,<pysr.expression_specs.CallableJuliaExpression object at 0x7222a09d0a10>,72
8,3.8340282,g = #7 / (#2 + -451.43634); d = #1 * -0.059790798,0.0007283762121613,g = #7 / (#2 + -451.43634); d = #1 * -0.059790798,<pysr.expression_specs.CallableJuliaExpression object at 0x7222a09d3cb0>,70
8,3.8340287,g = #7 / (#2 + -452.06674); d = #1 * -0.05971664,0.0007282198516724,g = #7 / (#2 + -452.06674); d = #1 * -0.05971664,<pysr.expression_specs.CallableJuliaExpression object at 0x7222a0958e90>,13
8,3.8340306,g = #7 / (#2 + -450.63855); d = #1 * -0.059881486,0.0007280632255159,g = #7 / (#2 + -450.63855); d = #1 * -0.059881486,<pysr.expression_specs.CallableJuliaExpression object at 0x7222a099f110>,42
8,3.8340306,g = #7 / (#2 + -450.94818); d = #1 * -0.05993865,0.0007281543804208,g = #7 / (#2 + -450.94818); d = #1 * -0.05993865,<pysr.expression_specs.CallableJuliaExpression object at 0x7222a099cce0>,43
8,3.834032,g = #7 / (#2 + -450.77676); d = #1 * -0.059996154,0.0007278546058017,g = #7 / (#2 + -450.77676); d = #1 * -0.059996154,<pysr.expression_specs.CallableJuliaExpression object at 0x7222a1f8db20>,8
8,3.835425,g = (#7 * -0.0022268142) + -0.25823915; d = #1 * -0.06452142,0.0005464073666913,g = (#7 * -0.0022268142) + -0.25823915; d = #1 * -0.06452142,<pysr.expression_specs.CallableJuliaExpression object at 0x7222a09d10d0>,55
8,3.8354259,g = #7 * -0.0022263566; d = (#1 * -0.06456178) - 0.25851905,0.0005461077296179,g = #7 * -0.0022263566; d = (#1 * -0.06456178) - 0.25851905,<pysr.expression_specs.CallableJuliaExpression object at 0x7222a099e5a0>,35
8,3.8354259,g = #7 * -0.0022296852; d = (#1 * -0.06458975) - 0.25849327,0.0005464463049129,g = #7 * -0.0022296852; d = (#1 * -0.06458975) - 0.25849327,<pysr.expression_specs.CallableJuliaExpression object at 0x7222a099f260>,50
8,3.8354263,g = (#7 * -0.0022277953) - 0.25880954; d = #1 * -0.064627916,0.0005461727833396,g = (#7 * -0.0022277953) - 0.25880954; d = #1 * -0.064627916,<pysr.expression_specs.CallableJuliaExpression object at 0x7222a1f8f320>,7
8,3.8354263,g = #7 * -0.0022218989; d = (#1 * -0.06452112) + -0.25796005,0.0005462769603535,g = #7 * -0.0022218989; d = (#1 * -0.06452112) + -0.25796005,<pysr.expression_specs.CallableJuliaExpression object at 0x7222a0958080>,21
8,3.8354263,g = (#7 * -0.0022218504) + -0.2579722; d = #1 * -0.06451405,0.0005460816284348,g = (#7 * -0.0022218504) + -0.2579722; d = #1 * -0.06451405,<pysr.expression_specs.CallableJuliaExpression object at 0x7222a099f230>,44
8,3.8354263,g = (#7 * -0.0022285786) + -0.2574836; d = #1 * -0.06450217,0.0005460816284348,g = (#7 * -0.0022285786) + -0.2574836; d = #1 * -0.06450217,<pysr.expression_specs.CallableJuliaExpression object at 0x7222a095ab10>,20
8,3.835427,g = (#7 * -0.0022230383) + -0.25851366; d = #1 / -15.474811,0.0005463029049528,g = (#7 * -0.0022230383) + -0.25851366; d = #1 / -15.474811,<pysr.expression_specs.CallableJuliaExpression object at 0x7222a09d2d20>,71
8,3.835427,g = (#7 * -0.0022234248) - 0.25870758; d = #1 * -0.06452114,0.0005460164181796,g = (#7 * -0.0022234248) - 0.25870758; d = #1 * -0.06452114,<pysr.expression_specs.CallableJuliaExpression object at 0x7222a099f260>,48
8,3.835427,g = #7 * -0.002226167; d = (#1 * -0.06464713) + -0.2588906,0.0005459903739194,g = #7 * -0.002226167; d = (#1 * -0.06464713) + -0.2588906,<pysr.expression_specs.CallableJuliaExpression object at 0x7222a09d34a0>,72
8,3.8354275,g = (#7 * -0.0022335304) - 0.2587454; d = #1 * -0.06462156,0.0005464200328456,g = (#7 * -0.0022335304) - 0.2587454; d = #1 * -0.06462156,<pysr.expression_specs.CallableJuliaExpression object at 0x7222a099c050>,30
8,3.8354275,g = #7 * -0.0022299702; d = (#1 * -0.06448527) - 0.25793275,0.0005460163470378,g = #7 * -0.0022299702; d = (#1 * -0.06448527) - 0.25793275,<pysr.expression_specs.CallableJuliaExpression object at 0x7222a09589b0>,14
8,3.8354275,g = (#7 * -0.0022226872) - 0.2580682; d = #1 * -0.064595245,0.0005460423912934,g = (#7 * -0.0022226872) - 0.2580682; d = #1 * -0.064595245,<pysr.expression_specs.CallableJuliaExpression object at 0x7222a095b560>,22
8,3.8354275,g = (#7 * -0.0022336429) - 0.25814074; d = #1 * -0.06460193,0.0005461726125505,g = (#7 * -0.0022336429) - 0.25814074; d = #1 * -0.06460193,<pysr.expression_specs.CallableJuliaExpression object at 0x7222a09d2b70>,63
8,3.8354275,g = (#7 * -0.0022329164) + -0.2591141; d = #1 * -0.064738475,0.000546081457674,g = (#7 * -0.0022329164) + -0.2591141; d = #1 * -0.064738475,<pysr.expression_specs.CallableJuliaExpression object at 0x7222a0958e60>,16
8,3.835428,g = (#7 * -0.0022275078) - 0.25923985; d = #1 * -0.06471379,0.0005458860546153,g = (#7 * -0.0022275078) - 0.25923985; d = #1 * -0.06471379,<pysr.expression_specs.CallableJuliaExpression object at 0x7222a1f8f740>,10
8,3.8354282,g = (#7 * -0.002227365) + -0.2584389; d = #1 * -0.06472086,0.0005459902031873,g = (#7 * -0.002227365) + -0.2584389; d = #1 * -0.06472086,<pysr.expression_specs.CallableJuliaExpression object at 0x7222a099d970>,34
8,3.8354282,g = (#7 * -0.0022327749) - 0.25924087; d = #1 * -0.06476746,0.0005459250925511,g = (#7 * -0.0022327749) - 0.25924087; d = #1 * -0.06476746,<pysr.expression_specs.CallableJuliaExpression object at 0x7222a1f8f7a0>,6
8,3.8354282,g = #7 * -0.0022248672; d = (#1 * -0.06447154) - 0.2573174,0.0005458078933846,g = #7 * -0.0022248672; d = (#1 * -0.06447154) - 0.2573174,<pysr.expression_specs.CallableJuliaExpression object at 0x7222a09d3380>,68
8,3.8354282,g = (#7 * -0.0022293907) + -0.2577943; d = #1 * -0.06467751,0.0005460292695649,g = (#7 * -0.0022293907) + -0.2577943; d = #1 * -0.06467751,<pysr.expression_specs.CallableJuliaExpression object at 0x7222a1f8f320>,9
8,3.835429,g = #7 * -0.002220981; d = (#1 * -0.064491175) - 0.2576158,0.0005457556910848,g = #7 * -0.002220981; d = (#1 * -0.064491175) - 0.2576158,<pysr.expression_specs.CallableJuliaExpression object at 0x7222a1f74230>,2
8,3.835429,g = #7 * -0.002233988; d = (#1 * -0.0648921) + -0.25942326,0.0005457556910848,g = #7 * -0.002233988; d = (#1 * -0.0648921) + -0.25942326,<pysr.expression_specs.CallableJuliaExpression object at 0x7222a09d1670>,66
8,3.835429,g = #7 * -0.0022345239; d = (#1 * -0.06474547) - 0.25854948,0.0005457556910848,g = #7 * -0.0022345239; d = (#1 * -0.06474547) - 0.25854948,<pysr.expression_specs.CallableJuliaExpression object at 0x7222a09d1b80>,56
8,3.8354294,g = (#7 * -0.0022348238) + -0.25984454; d = #1 / -15.4081545,0.0005457035456821,g = (#7 * -0.0022348238) + -0.25984454; d = #1 / -15.4081545,<pysr.expression_specs.CallableJuliaExpression object at 0x7222a099e7b0>,36
8,3.8354294,g = -0.25957245 - (#7 * 0.0022350047); d = #1 / -15.433529,0.0005463286075209,g = -0.25957245 - (#7 * 0.0022350047); d = #1 / -15.433529,<pysr.expression_specs.CallableJuliaExpression object at 0x7222a09d0ec0>,54
8,3.8354301,g = #7 * -0.0022356678; d = (#1 * -0.06488262) + -0.25936976,0.0005456122912406,g = #7 * -0.0022356678; d = (#1 * -0.06488262) + -0.25936976,<pysr.expression_specs.CallableJuliaExpression object at 0x7222a6c6e660>,4
8,3.8354301,g = (#7 * -0.002226447) - 0.2598272; d = #1 * -0.064783625,0.0005456774018853,g = (#7 * -0.002226447) - 0.2598272; d = #1 * -0.064783625,<pysr.expression_specs.CallableJuliaExpression object at 0x7222a09d2cf0>,65
8,3.8354301,g = #7 * -0.0022270412; d = (#1 * -0.064827204) - 0.25960982,0.0005455602027188,g = #7 * -0.0022270412; d = (#1 * -0.064827204) - 0.25960982,<pysr.expression_specs.CallableJuliaExpression object at 0x7222a095b8f0>,27
8,3.8354306,g = (#7 * -0.0022291557) - 0.25558978; d = #1 * -0.06448871,0.0005457684856641,g = (#7 * -0.0022291557) - 0.25558978; d = #1 * -0.06448871,<pysr.expression_specs.CallableJuliaExpression object at 0x7222a099d0d0>,33
8,3.8354306,g = #7 * -0.0022254642; d = (#1 + 3.9920356) * -0.064788386,0.0005456122201515,g = #7 * -0.0022254642; d = (#1 + 3.9920356) * -0.064788386,<pysr.expression_specs.CallableJuliaExpression object at 0x7222a099c6b0>,40
8,3.8354306,g = (#7 * -0.0022346112) - 0.2603074; d = #1 * -0.064907566,0.0005455210652466,g = (#7 * -0.0022346112) - 0.2603074; d = #1 * -0.064907566,<pysr.expression_specs.CallableJuliaExpression object at 0x7222a099d970>,37
8,3.8354313,g = #7 * -0.0022361232; d = (#1 * -0.064991355) + -0.26012778,0.0005461460274958,g = #7 * -0.0022361232; d = (#1 * -0.064991355) + -0.26012778,<pysr.expression_specs.CallableJuliaExpression object at 0x7222a09581a0>,17
8,3.8354313,g = (#7 * -0.0022333974) - 0.2608996; d = #1 * -0.064941,0.0005458334967148,g = (#7 * -0.0022333974) - 0.2608996; d = #1 * -0.064941,<pysr.expression_specs.CallableJuliaExpression object at 0x7222a0958530>,11
8,3.8354313,g = (#7 * -0.0022320708) + -0.25734684; d = #1 * -0.06478876,0.0005454298108336,g = (#7 * -0.0022320708) + -0.25734684; d = #1 * -0.06478876,<pysr.expression_specs.CallableJuliaExpression object at 0x7222a099ed50>,51
8,3.835432,g = #7 * -0.0022345746; d = (#1 * -0.065003745) + -0.26061112,0.0005454948219783,g = #7 * -0.0022345746; d = (#1 * -0.065003745) + -0.26061112,<pysr.expression_specs.CallableJuliaExpression object at 0x7222a099f830>,45
8,3.835432,g = #7 * -0.0022353032; d = -0.2603816 + (-0.06502192 * #1),0.0005461849942006,g = #7 * -0.0022353032; d = -0.2603816 + (-0.06502192 * #1),<pysr.expression_specs.CallableJuliaExpression object at 0x7222a099f140>,39
8,3.8354325,g = (#7 * -0.0022332615) + -0.26037; d = #1 * -0.06503596,0.0005454296402768,g = (#7 * -0.0022332615) + -0.26037; d = #1 * -0.06503596,<pysr.expression_specs.CallableJuliaExpression object at 0x7222a09d18b0>,59
8,3.8354332,g = (#7 * -0.0022365367) + -0.26054633; d = #1 * -0.065063745,0.0005452732752728034,g = (#7 * -0.0022365367) + -0.26054633; d = #1 * -0.065063745,<pysr.expression_specs.CallableJuliaExpression object at 0x7222a09d1bb0>,74
8,3.8354332,g = (#7 * -0.0022354883) - 0.26048604; d = #1 * -0.06506492,0.0005452732752728,g = (#7 * -0.0022354883) - 0.26048604; d = #1 * -0.06506492,<pysr.expression_specs.CallableJuliaExpression object at 0x7222a09d2f60>,67
8,3.8354342,g = (#7 * -0.0022269848) - 0.2615183; d = #1 * -0.064875446,0.0005449606020927,g = (#7 * -0.0022269848) - 0.2615183; d = #1 * -0.064875446,<pysr.expression_specs.CallableJuliaExpression object at 0x7222a099f500>,41
8,3.8354342,g = #7 * -0.0022218921; d = (#1 * -0.06467018) + -0.25867814,0.0005450778012744,g = #7 * -0.0022218921; d = (#1 * -0.06467018) + -0.25867814,<pysr.expression_specs.CallableJuliaExpression object at 0x7222a099e4b0>,46
8,3.8354344,g = #7 * -0.0022263427; d = (#1 * -0.06439376) + -0.2567068,0.0005461325642114,g = #7 * -0.0022263427; d = (#1 * -0.06439376) + -0.2567068,<pysr.expression_specs.CallableJuliaExpression object at 0x7222a099f920>,49
8,3.8354347,g = #7 * -0.0022346496; d = (#1 * -0.06505375) + -0.2618717,0.0005453902612314,g = #7 * -0.0022346496; d = (#1 * -0.06505375) + -0.2618717,<pysr.expression_specs.CallableJuliaExpression object at 0x7222a09d15e0>,60
8,3.8354354,g = (#7 * -0.0022362634) + -0.25845808; d = #1 * -0.0646013,0.0005449864759395,g = (#7 * -0.0022362634) + -0.25845808; d = #1 * -0.0646013,<pysr.expression_specs.CallableJuliaExpression object at 0x7222a099c650>,31
8,3.8354356,g = #7 * -0.0022190518; d = (#1 * -0.06446826) + -0.2580788,0.0005448692483762,g = #7 * -0.0022190518; d = (#1 * -0.06446826) + -0.2580788,<pysr.expression_specs.CallableJuliaExpression object at 0x7222a09d3410>,69
8,3.8354363,g = #7 * -0.0022223843; d = (#1 * -0.06437901) - 0.25626278,0.0005447779940821,g = #7 * -0.0022223843; d = (#1 * -0.06437901) - 0.25626278,<pysr.expression_specs.CallableJuliaExpression object at 0x7222a09d0800>,52
8,3.8354375,g = (#7 * -0.0022375416) - 0.26068088; d = #1 * -0.06499625,0.0005465097635395,g = (#7 * -0.0022375416) - 0.26068088; d = #1 * -0.06499625,<pysr.expression_specs.CallableJuliaExpression object at 0x7222a1f8d700>,5
8,3.835438,g = (#7 * -0.0022373751) - 0.2596181; d = #1 * -0.06509934,0.0005455460575156,g = (#7 * -0.0022373751) - 0.2596181; d = #1 * -0.06509934,<pysr.expression_specs.CallableJuliaExpression object at 0x7222a099d190>,32
8,3.8354394,g = (#7 * -0.0022370259) + -0.2607889; d = #1 * -0.065185,0.0005442827132014,g = (#7 * -0.0022370259) + -0.2607889; d = #1 * -0.065185,<pysr.expression_specs.CallableJuliaExpression object at 0x7222a099e570>,38
8,3.83544,g = (#7 * -0.0022365837) + -0.25873592; d = #1 * -0.06455757,0.0005449728005584,g = (#7 * -0.0022365837) + -0.25873592; d = #1 * -0.06455757,<pysr.expression_specs.CallableJuliaExpression object at 0x7222a09d1b80>,61
8,3.8354416,g = #7 * -0.0022365374; d = (#1 * -0.065174036) - 0.25966987,0.0005444907551345,g = #7 * -0.0022365374; d = (#1 * -0.065174036) - 0.25966987,<pysr.expression_specs.CallableJuliaExpression object at 0x7222a099cbf0>,28
8,3.8354425,g = (#7 * -0.0022263408) + -0.2552207; d = #1 * -0.06430391,0.0005439436982287,g = (#7 * -0.0022263408) + -0.2552207; d = #1 * -0.06430391,<pysr.expression_specs.CallableJuliaExpression object at 0x7222a1fb6690>,3
8,3.8354428,g = (#7 * -0.0022277862) + -0.25628352; d = #1 * -0.06430982,0.0005440478327359,g = (#7 * -0.0022277862) + -0.25628352; d = #1 * -0.06430982,<pysr.expression_specs.CallableJuliaExpression object at 0x7222a099fc20>,47
8,3.8354442,g = #7 * -0.0022378892; d = (#1 * -0.0652218) + -0.26047882,0.0005438392802515,g = #7 * -0.0022378892; d = (#1 * -0.0652218) + -0.26047882,<pysr.expression_specs.CallableJuliaExpression object at 0x7222a095bb30>,24
8,3.8354461,g = (#7 * -0.0022308007) - 0.26120028; d = #1 * -0.06519316,0.0005455839722465,g = (#7 * -0.0022308007) - 0.26120028; d = #1 * -0.06519316,<pysr.expression_specs.CallableJuliaExpression object at 0x7222a0959ca0>,18
8,3.835448,g = (#7 * -0.002221035) + -0.2555134; d = #1 * -0.06423448,0.0005436824763247,g = (#7 * -0.002221035) + -0.2555134; d = #1 * -0.06423448,<pysr.expression_specs.CallableJuliaExpression object at 0x7222a09d0da0>,53
8,3.8354485,g = (#7 + 117.964745) * -0.0022375565; d = #1 * -0.065262474,0.0005434349851922,g = (#7 + 117.964745) * -0.0022375565; d = #1 * -0.065262474,<pysr.expression_specs.CallableJuliaExpression object at 0x7222a09d0170>,64
8,3.8354485,g = #7 * -0.0022169498; d = (#1 * -0.06423721) - 0.25687572,0.0005433438303157,g = #7 * -0.0022169498; d = (#1 * -0.06423721) - 0.25687572,<pysr.expression_specs.CallableJuliaExpression object at 0x7222a09d22d0>,62
8,3.8354526,g = #7 * -0.0022301113; d = (#1 * -0.064242095) + -0.2533761,0.000542770276533,g = #7 * -0.0022301113; d = (#1 * -0.064242095) + -0.2533761,<pysr.expression_specs.CallableJuliaExpression object at 0x7222a0958b60>,12
8,3.8354537,g = (#7 * -0.0022182711) - 0.25461617; d = #1 * -0.06418361,0.000542535722671,g = (#7 * -0.0022182711) - 0.25461617; d = #1 * -0.06418361,<pysr.expression_specs.CallableJuliaExpression object at 0x7222a095bf80>,25
8,3.8354545,g = -0.25514796 - (#7 * 0.0022243264); d = #1 * -0.064169124,0.0005424053882825,g = -0.25514796 - (#7 * 0.0022243264); d = #1 * -0.064169124,<pysr.expression_specs.CallableJuliaExpression object at 0x7222a1f77c20>,1
8,3.8354573,g = #7 * -0.0022395507; d = (#1 * -0.06531497) + -0.26268005,0.0005424440588862,g = #7 * -0.0022395507; d = (#1 * -0.06531497) + -0.26268005,<pysr.expression_specs.CallableJuliaExpression object at 0x7222a095a3c0>,26
8,3.835458,g = (#7 * -0.0022327264) + -0.24648003; d = #1 * -0.06467834,0.0005421053847682,g = (#7 * -0.0022327264) + -0.24648003; d = #1 * -0.06467834,<pysr.expression_specs.CallableJuliaExpression object at 0x7222a09d35f0>,73
8,3.8354585,g = #7 * -0.002242785; d = (#1 * -0.06482204) - 0.25888002,0.0005424699334948,g = #7 * -0.002242785; d = (#1 * -0.06482204) - 0.25888002,<pysr.expression_specs.CallableJuliaExpression object at 0x7222a095aae0>,19
8,3.8354595,g = #7 * -0.0022199824; d = (#1 * -0.064104125) - 0.2555311,0.0005417535754738,g = #7 * -0.0022199824; d = (#1 * -0.064104125) - 0.2555311,<pysr.expression_specs.CallableJuliaExpression object at 0x7222a095ad20>,23
8,3.835461,g = (#7 * -0.0022421135) - 0.2579078; d = #1 * -0.06465529,0.0005419877619173,g = (#7 * -0.0022421135) - 0.2579078; d = #1 * -0.06465529,<pysr.expression_specs.CallableJuliaExpression object at 0x7222a0958b90>,15
8,3.835466,g = (#7 * -0.0022207107) - 0.25249314; d = #1 * -0.06405329,0.0005419610115474,g = (#7 * -0.0022207107) - 0.25249314; d = #1 * -0.06405329,<pysr.expression_specs.CallableJuliaExpression object at 0x7222a099c320>,29
8,3.8354776,g = (#7 * -0.002225975) - 0.24627388; d = #1 * -0.06398727,0.0005394851751165,g = (#7 * -0.002225975) - 0.24627388; d = #1 * -0.06398727,<pysr.expression_specs.CallableJuliaExpression object at 0x7222a09d0440>,58
8,3.8354788,g = #7 * -0.0022196416; d = (#1 * -0.06395945) - 0.24991442,0.0005392636302624,g = #7 * -0.0022196416; d = (#1 * -0.06395945) - 0.24991442,<pysr.expression_specs.CallableJuliaExpression object at 0x7222a09d07a0>,57
6,3.8396168,g = #7 * -0.0022510213; d = #1 * -0.05992204,0.0134916512149019,g = #7 * -0.0022510213; d = #1 * -0.05992204,<pysr.expression_specs.CallableJuliaExpression object at 0x7222a099c800>,41
6,3.8396168,g = #7 * -0.0022507363; d = #1 * -0.05988308,0.0134916512149019,g = #7 * -0.0022507363; d = #1 * -0.05988308,<pysr.expression_specs.CallableJuliaExpression object at 0x7222a0959010>,13
6,3.8396168,g = #7 * -0.0022508467; d = #1 * -0.059897922,0.0134916512149019,g = #7 * -0.0022508467; d = #1 * -0.059897922,<pysr.expression_specs.CallableJuliaExpression object at 0x7222a099e900>,38
6,3.8396173,g = #7 * -0.0022508125; d = #1 * -0.059891853,0.0134915209935819,g = #7 * -0.0022508125; d = #1 * -0.059891853,<pysr.expression_specs.CallableJuliaExpression object at 0x7222a1fb7350>,3
6,3.8396173,g = #7 * -0.0022506271; d = #1 * -0.0599127,0.0134915209935819,g = #7 * -0.0022506271; d = #1 * -0.0599127,<pysr.expression_specs.CallableJuliaExpression object at 0x7222a095b950>,27
6,3.8396173,g = #7 / -444.2512; d = #1 * -0.059910342,0.0134915209935819,g = #7 / -444.2512; d = #1 * -0.059910342,<pysr.expression_specs.CallableJuliaExpression object at 0x7222a1f8ff80>,8
6,3.8396173,g = #7 * -0.0022506402; d = #1 * -0.059868865,0.0134915209935819,g = #7 * -0.0022506402; d = #1 * -0.059868865,<pysr.expression_specs.CallableJuliaExpression object at 0x7222a099c6e0>,35
6,3.8396173,g = #7 * -0.0022510353; d = #1 * -0.059928793,0.0134915209935819,g = #7 * -0.0022510353; d = #1 * -0.059928793,<pysr.expression_specs.CallableJuliaExpression object at 0x7222a09d1040>,68
6,3.8396175,g = #7 * -0.0022506951; d = #1 * -0.05983008,0.0134914689050587,g = #7 * -0.0022506951; d = #1 * -0.05983008,<pysr.expression_specs.CallableJuliaExpression object at 0x7222a1f762d0>,1
6,3.8396175,g = #7 / -444.19537; d = #1 * -0.059939954,0.0134914689050587,g = #7 / -444.19537; d = #1 * -0.059939954,<pysr.expression_specs.CallableJuliaExpression object at 0x7222a099e3f0>,42
6,3.8396175,g = #7 * -0.0022501205; d = #1 * -0.059879776,0.0134914689050587,g = #7 * -0.0022501205; d = #1 * -0.059879776,<pysr.expression_specs.CallableJuliaExpression object at 0x7222a099c980>,37
6,3.8396175,g = #7 * -0.0022503992; d = #1 * -0.059903067,0.0134914689050587,g = #7 * -0.0022503992; d = #1 * -0.059903067,<pysr.expression_specs.CallableJuliaExpression object at 0x7222a09d3680>,69
6,3.8396175,g = #7 * -0.0022511769; d = #1 * -0.059930414,0.0134914689050587,g = #7 * -0.0022511769; d = #1 * -0.059930414,<pysr.expression_specs.CallableJuliaExpression object at 0x7222a099d250>,52
6,3.8396175,g = #7 * -0.0022507461; d = #1 * -0.059874967,0.0134914689050587,g = #7 * -0.0022507461; d = #1 * -0.059874967,<pysr.expression_specs.CallableJuliaExpression object at 0x7222a0959fd0>,23
6,3.8396175,g = #7 * -0.0022510001; d = #1 * -0.059879147,0.0134914689050587,g = #7 * -0.0022510001; d = #1 * -0.059879147,<pysr.expression_specs.CallableJuliaExpression object at 0x7222a095aea0>,20
6,3.8396175,g = #7 * -0.0022507377; d = #1 * -0.059861306,0.0134914689050587,g = #7 * -0.0022507377; d = #1 * -0.059861306,<pysr.expression_specs.CallableJuliaExpression object at 0x7222a099f500>,44
6,3.8396175,g = #7 / -444.27185; d = #1 * -0.059866194,0.0134914689050587,g = #7 / -444.27185; d = #1 * -0.059866194,<pysr.expression_specs.CallableJuliaExpression object at 0x7222a09d2600>,70
6,3.8396175,g = #7 * -0.0022511769; d = #1 * -0.05989266,0.0134914689050587,g = #7 * -0.0022511769; d = #1 * -0.05989266,<pysr.expression_specs.CallableJuliaExpression object at 0x7222a099e9f0>,51
6,3.8396175,g = #7 * -0.0022511855; d = #1 * -0.059932556,0.0134914689050587,g = #7 * -0.0022511855; d = #1 * -0.059932556,<pysr.expression_specs.CallableJuliaExpression object at 0x7222a09d1f70>,72
6,3.8396177,g = #7 * -0.002249776; d = #1 * -0.05988969,0.0134914168165384,g = #7 * -0.002249776; d = #1 * -0.05988969,<pysr.expression_specs.CallableJuliaExpression object at 0x7222a1f8ff80>,10
6,3.8396177,g = #7 * -0.0022500758; d = #1 * -0.059846744,0.0134914168165384,g = #7 * -0.0022500758; d = #1 * -0.059846744,<pysr.expression_specs.CallableJuliaExpression object at 0x7222a6c6eab0>,4
6,3.8396177,g = #7 * -0.0022501762; d = #1 / -16.70975,0.0134914168165384,g = #7 * -0.0022501762; d = #1 / -16.70975,<pysr.expression_specs.CallableJuliaExpression object at 0x7222a099c260>,36
6,3.8396177,g = #7 * -0.0022503305; d = #1 * -0.059923615,0.0134914168165384,g = #7 * -0.0022503305; d = #1 * -0.059923615,<pysr.expression_specs.CallableJuliaExpression object at 0x7222a1f774d0>,2
6,3.8396177,g = #7 * -0.002251202; d = #1 * -0.059951607,0.0134914168165384,g = #7 * -0.002251202; d = #1 * -0.059951607,<pysr.expression_specs.CallableJuliaExpression object at 0x7222a099ff50>,46
6,3.8396177,g = #7 * -0.0022510497; d = #1 * -0.05987965,0.0134914168165384,g = #7 * -0.0022510497; d = #1 * -0.05987965,<pysr.expression_specs.CallableJuliaExpression object at 0x7222a095b8f0>,25
6,3.8396177,g = #7 * -0.0022499536; d = #1 * -0.0598712,0.0134914168165384,g = #7 * -0.0022499536; d = #1 * -0.0598712,<pysr.expression_specs.CallableJuliaExpression object at 0x7222a09d1b50>,66
6,3.8396177,g = #7 * -0.0022508905; d = #1 * -0.059856627,0.0134914168165384,g = #7 * -0.0022508905; d = #1 * -0.059856627,<pysr.expression_specs.CallableJuliaExpression object at 0x7222a09d1820>,57
6,3.8396177,g = #7 * -0.0022508458; d = #1 * -0.05993953,0.0134914168165384,g = #7 * -0.0022508458; d = #1 * -0.05993953,<pysr.expression_specs.CallableJuliaExpression object at 0x7222a09d16a0>,56
6,3.8396177,g = #7 * -0.0022507212; d = #1 * -0.059831828,0.0134914168165384,g = #7 * -0.0022507212; d = #1 * -0.059831828,<pysr.expression_specs.CallableJuliaExpression object at 0x7222a099f5c0>,48
6,3.8396182,g = #7 * -0.002251288; d = #1 * -0.059901685,0.013491286595249,g = #7 * -0.002251288; d = #1 * -0.059901685,<pysr.expression_specs.CallableJuliaExpression object at 0x7222a099e360>,40
6,3.8396182,g = #7 * -0.0022506432; d = #1 * -0.05981587,0.013491286595249,g = #7 * -0.0022506432; d = #1 * -0.05981587,<pysr.expression_specs.CallableJuliaExpression object at 0x7222a09d1d00>,58
6,3.8396182,g = #7 * -0.0022512092; d = #1 * -0.05997138,0.013491286595249,g = #7 * -0.0022512092; d = #1 * -0.05997138,<pysr.expression_specs.CallableJuliaExpression object at 0x7222a1f8c050>,6
6,3.8396182,g = #7 * -0.00224968; d = #1 * -0.05983951,0.013491286595249,g = #7 * -0.00224968; d = #1 * -0.05983951,<pysr.expression_specs.CallableJuliaExpression object at 0x7222a09d3740>,67
6,3.8396182,g = #7 / -444.23282; d = #1 * -0.059961595,0.013491286595249,g = #7 / -444.23282; d = #1 * -0.059961595,<pysr.expression_specs.CallableJuliaExpression object at 0x7222a099c3e0>,43
6,3.8396182,g = #7 * -0.0022501112; d = #1 * -0.05992778,0.013491286595249,g = #7 * -0.0022501112; d = #1 * -0.05992778,<pysr.expression_specs.CallableJuliaExpression object at 0x7222a09d1d90>,65
6,3.8396182,g = #7 * -0.0022505978; d = #1 * -0.059852928,0.013491286595249,g = #7 * -0.0022505978; d = #1 * -0.059852928,<pysr.expression_specs.CallableJuliaExpression object at 0x7222a1f8fbc0>,7
6,3.8396182,g = #7 * -0.0022512346; d = #1 * -0.05988984,0.013491286595249,g = #7 * -0.0022512346; d = #1 * -0.05988984,<pysr.expression_specs.CallableJuliaExpression object at 0x7222a095a3c0>,24
6,3.8396182,g = #7 * -0.0022498781; d = #1 * -0.059914533,0.013491286595249,g = #7 * -0.0022498781; d = #1 * -0.059914533,<pysr.expression_specs.CallableJuliaExpression object at 0x7222a099d2b0>,31
6,3.8396182,g = #7 * -0.0022509287; d = #1 * -0.05995898,0.013491286595249,g = #7 * -0.0022509287; d = #1 * -0.05995898,<pysr.expression_specs.CallableJuliaExpression object at 0x7222a0959e80>,14
6,3.8396182,g = #7 * -0.0022509985; d = #1 * -0.059956018,0.013491286595249003,g = #7 * -0.0022509985; d = #1 * -0.059956018,<pysr.expression_specs.CallableJuliaExpression object at 0x7222a09d0ef0>,74
6,3.8396184,g = #7 * -0.0022512535; d = #1 * -0.059969876,0.013491234506738,g = #7 * -0.0022512535; d = #1 * -0.059969876,<pysr.expression_specs.CallableJuliaExpression object at 0x7222a09586e0>,12
6,3.8396184,g = #7 * -0.0022507801; d = #1 * -0.059961345,0.013491234506738,g = #7 * -0.0022507801; d = #1 * -0.059961345,<pysr.expression_specs.CallableJuliaExpression object at 0x7222a099e900>,47
6,3.8396184,g = #7 * -0.0022513738; d = #1 * -0.059962127,0.013491234506738,g = #7 * -0.0022513738; d = #1 * -0.059962127,<pysr.expression_specs.CallableJuliaExpression object at 0x7222a0959ca0>,22
6,3.8396187,g = #7 * -0.0022512956; d = #1 * -0.05998673,0.0134911563739766,g = #7 * -0.0022512956; d = #1 * -0.05998673,<pysr.expression_specs.CallableJuliaExpression object at 0x7222a09d1cd0>,59
6,3.8396187,g = #7 * -0.0022513059; d = #1 * -0.059840184,0.0134911563739766,g = #7 * -0.0022513059; d = #1 * -0.059840184,<pysr.expression_specs.CallableJuliaExpression object at 0x7222a099d280>,34
6,3.8396187,g = #7 * -0.0022494611; d = #1 * -0.059905324,0.0134911563739766,g = #7 * -0.0022494611; d = #1 * -0.059905324,<pysr.expression_specs.CallableJuliaExpression object at 0x7222a09d3d40>,73
6,3.8396187,g = #7 * -0.0022518188; d = #1 * -0.05994775,0.0134911563739766,g = #7 * -0.0022518188; d = #1 * -0.05994775,<pysr.expression_specs.CallableJuliaExpression object at 0x7222a09d04a0>,62
6,3.8396187,g = #7 * -0.0022491412; d = #1 * -0.05982124,0.0134911563739766,g = #7 * -0.0022491412; d = #1 * -0.05982124,<pysr.expression_specs.CallableJuliaExpression object at 0x7222a0958d40>,16
6,3.8396187,g = #7 * -0.0022512171; d = #1 * -0.05997926,0.0134911563739766,g = #7 * -0.0022512171; d = #1 * -0.05997926,<pysr.expression_specs.CallableJuliaExpression object at 0x7222a09d1700>,55
6,3.8396187,g = #7 * -0.0022514174; d = #1 * -0.05998312,0.0134911563739766,g = #7 * -0.0022514174; d = #1 * -0.05998312,<pysr.expression_specs.CallableJuliaExpression object at 0x7222a099cbf0>,45
6,3.839619,g = #7 * -0.002251171; d = #1 * -0.059990115,0.0134910782412213,g = #7 * -0.002251171; d = #1 * -0.059990115,<pysr.expression_specs.CallableJuliaExpression object at 0x7222a095a180>,21
6,3.839619,g = #7 * -0.0022513983; d = #1 * -0.05999585,0.0134910782412213,g = #7 * -0.0022513983; d = #1 * -0.05999585,<pysr.expression_specs.CallableJuliaExpression object at 0x7222a1f8f9e0>,9
6,3.8396194,g = #7 * -0.0022508735; d = #1 * -0.059805688,0.0134909740642237,g = #7 * -0.0022508735; d = #1 * -0.059805688,<pysr.expression_specs.CallableJuliaExpression object at 0x7222a09d2210>,64
6,3.8396194,g = #7 * -0.0022503543; d = #1 * -0.05978166,0.0134909740642237,g = #7 * -0.0022503543; d = #1 * -0.05978166,<pysr.expression_specs.CallableJuliaExpression object at 0x7222a099da60>,33
6,3.8396194,g = #7 * -0.0022490942; d = #1 * -0.059797358,0.0134909740642237,g = #7 * -0.0022490942; d = #1 * -0.059797358,<pysr.expression_specs.CallableJuliaExpression object at 0x7222a09d10a0>,63
6,3.8396199,g = #7 * -0.0022495687; d = #1 * -0.05994538,0.013490843842992,g = #7 * -0.0022495687; d = #1 * -0.05994538,<pysr.expression_specs.CallableJuliaExpression object at 0x7222a099d070>,50
6,3.8396199,g = #7 * -0.0022480185; d = #1 / -16.702682,0.013490843842992,g = #7 * -0.0022480185; d = #1 / -16.702682,<pysr.expression_specs.CallableJuliaExpression object at 0x7222a09d1b50>,71
6,3.8396206,g = #7 * -0.00224904; d = #1 * -0.059939723,0.0134906615332963,g = #7 * -0.00224904; d = #1 * -0.059939723,<pysr.expression_specs.CallableJuliaExpression object at 0x7222a09d2180>,60
6,3.8396206,g = #7 * -0.0022519873; d = #1 * -0.059858408,0.0134906615332963,g = #7 * -0.0022519873; d = #1 * -0.059858408,<pysr.expression_specs.CallableJuliaExpression object at 0x7222a0958890>,28
6,3.8396206,g = #7 * -0.0022501475; d = #1 * -0.059757724,0.0134906615332963,g = #7 * -0.0022501475; d = #1 * -0.059757724,<pysr.expression_specs.CallableJuliaExpression object at 0x7222a09582c0>,11
6,3.8396206,g = #7 * -0.0022488777; d = #1 * -0.059766695,0.0134906615332963,g = #7 * -0.0022488777; d = #1 * -0.059766695,<pysr.expression_specs.CallableJuliaExpression object at 0x7222a095b620>,26
6,3.8396208,g = #7 * -0.0022525254; d = #1 * -0.059961822,0.0134906094448178,g = #7 * -0.0022525254; d = #1 * -0.059961822,<pysr.expression_specs.CallableJuliaExpression object at 0x7222a09d0ef0>,53
6,3.8396208,g = #7 * -0.0022479387; d = #1 * -0.059784062,0.0134906094448178,g = #7 * -0.0022479387; d = #1 * -0.059784062,<pysr.expression_specs.CallableJuliaExpression object at 0x7222a0958350>,15
6,3.8396213,g = #7 * -0.0022473251; d = #1 * -0.059801623,0.0134904792236336,g = #7 * -0.0022473251; d = #1 * -0.059801623,<pysr.expression_specs.CallableJuliaExpression object at 0x7222a099c380>,30
6,3.839622,g = #7 * -0.002252699; d = #1 * -0.06000463,0.0134902969140043,g = #7 * -0.002252699; d = #1 * -0.06000463,<pysr.expression_specs.CallableJuliaExpression object at 0x7222a0958560>,19
6,3.8396225,g = #7 * -0.002247446; d = #1 * -0.059900805,0.0134901666928607,g = #7 * -0.002247446; d = #1 * -0.059900805,<pysr.expression_specs.CallableJuliaExpression object at 0x7222a09d0fe0>,54
6,3.8396227,g = #7 * -0.0022502737; d = #1 * -0.059718855,0.013490114604408,g = #7 * -0.0022502737; d = #1 * -0.059718855,<pysr.expression_specs.CallableJuliaExpression object at 0x7222a09d1b50>,61
6,3.839623,g = #7 * -0.0022481417; d = #1 * -0.05971436,0.0134900364717341,g = #7 * -0.0022481417; d = #1 * -0.05971436,<pysr.expression_specs.CallableJuliaExpression object at 0x7222a095a2a0>,17
6,3.839624,g = #7 * -0.002250247; d = #1 * -0.05969985,0.0134897760295319,g = #7 * -0.002250247; d = #1 * -0.05969985,<pysr.expression_specs.CallableJuliaExpression object at 0x7222a099e750>,39
6,3.8396251,g = #7 * -0.0022452318; d = #1 * -0.05981581,0.0134894895431878,g = #7 * -0.0022452318; d = #1 * -0.05981581,<pysr.expression_specs.CallableJuliaExpression object at 0x7222a099d640>,32
6,3.8396256,g = #7 * -0.0022465442; d = #1 * -0.059900623,0.0134893593221495,g = #7 * -0.0022465442; d = #1 * -0.059900623,<pysr.expression_specs.CallableJuliaExpression object at 0x7222a099cc50>,29
6,3.839626,g = #7 * -0.0022543555; d = #1 * -0.059904847,0.013489255145331,g = #7 * -0.0022543555; d = #1 * -0.059904847,<pysr.expression_specs.CallableJuliaExpression object at 0x7222a099f9e0>,49
6,3.839632,g = #7 * -0.002244351; d = #1 * -0.059651773,0.0134876924943561,g = #7 * -0.002244351; d = #1 * -0.059651773,<pysr.expression_specs.CallableJuliaExpression object at 0x7222a1f8ecf0>,5
6,3.8396335,g = #7 * -0.0022572437; d = #1 * -0.060024865,0.013487301831994,g = #7 * -0.0022572437; d = #1 * -0.060024865,<pysr.expression_specs.CallableJuliaExpression object at 0x7222a09586b0>,18
