datetime,Magnitude,BGSM_X,BGSM_Y,BGSM_Z
1999-01-01 00:00:00,6.792,-1.686,1.284,5.65
1999-01-01 01:00:00,6.884,-4.513,-0.361,3.255
1999-01-01 02:00:00,7.073,-3.813,-1.808,4.681
1999-01-01 03:00:00,6.644,-3.535,1.753,0.515
1999-01-01 04:00:00,6.645,-3.082,1.73,2.866
1999-01-01 05:00:00,6.448,-2.463,2.401,3.637
1999-01-01 06:00:00,6.822,-1.931,0.765,5.589
1999-01-01 07:00:00,6.077,-2.678,4.193,1.829
1999-01-01 08:00:00,5.794,-0.893,4.134,0.051
1999-01-01 09:00:00,6.023,-1.898,4.561,-1.966
1999-01-01 10:00:00,6.17,-0.633,5.212,-0.67
1999-01-01 11:00:00,6.186,0.531,4.417,2.517
1999-01-01 12:00:00,5.606,0.403,1.352,3.024
1999-01-01 13:00:00,5.692,-1.948,3.657,0.854
1999-01-01 14:00:00,5.579,1.618,2.513,3.122
1999-01-01 15:00:00,5.679,1.537,3.165,2.181
1999-01-01 16:00:00,5.876,2.294,2.813,3.414
1999-01-01 17:00:00,5.609,0.391,4.526,1.595
1999-01-01 18:00:00,5.58,-3.603,2.315,1.22
1999-01-01 19:00:00,5.41,-0.714,2.952,1.9
1999-01-01 20:00:00,5.698,0.381,4.284,3.008
1999-01-01 21:00:00,5.664,-4.451,2.639,0.109
1999-01-01 22:00:00,5.925,-1.352,4.236,1.187
1999-01-01 23:00:00,6.08,0.653,4.722,1.715
1999-01-02 00:00:00,5.9,-0.17,2.352,3.879
1999-01-02 01:00:00,5.996,-0.208,3.925,3.087
1999-01-02 02:00:00,5.59,-0.345,3.216,1.509
1999-01-02 03:00:00,5.655,-2.869,3.457,0.441
1999-01-02 04:00:00,6.075,-2.717,3.969,-1.638
1999-01-02 05:00:00,5.96,0.205,4.444,0.14
1999-01-02 06:00:00,6.131,-0.082,5.693,0.58
1999-01-02 07:00:00,6.237,-0.457,5.031,-1.835
1999-01-02 08:00:00,6.11,-1.252,5.257,0.51
1999-01-02 09:00:00,6.074,-4.271,2.57,-3.097
1999-01-02 10:00:00,5.728,-4.377,1.183,-3.037
1999-01-02 11:00:00,5.324,-1.832,2.323,-3.411
1999-01-02 12:00:00,5.372,-3.063,1.36,-3.318
1999-01-02 13:00:00,5.513,-1.747,3.915,-1.049
1999-01-02 14:00:00,5.633,1.426,4.985,0.948
1999-01-02 15:00:00,5.745,-4.18,-1.438,-2.094
1999-01-02 16:00:00,5.57,-4.69,1.401,-1.049
1999-01-02 17:00:00,5.349,-3.902,1.902,0.252
1999-01-02 18:00:00,5.058,-0.581,3.661,2.382
1999-01-02 19:00:00,5.163,-0.499,3.267,2.816
1999-01-02 20:00:00,5.315,-0.43,2.12,3.896
1999-01-02 21:00:00,5.14,-1.171,3.416,0.877
1999-01-02 22:00:00,5.226,-2.055,3.452,0.26
1999-01-02 23:00:00,5.134,-0.138,3.192,-1.691
1999-01-03 00:00:00,5.077,-0.523,3.827,0.552
1999-01-03 01:00:00,4.989,-2.577,2.992,-1.092
1999-01-03 02:00:00,5.03,-3.856,1.781,-1.519
1999-01-03 03:00:00,5.114,-3.367,2.542,2.255
1999-01-03 04:00:00,4.96,-2.464,3.223,0.075
1999-01-03 05:00:00,4.995,-3.906,1.503,2.276
1999-01-03 06:00:00,4.724,-4.103,1.384,0.473
1999-01-03 07:00:00,4.834,-2.672,2.854,1.247
1999-01-03 08:00:00,4.792,-2.979,-0.702,3.39
1999-01-03 09:00:00,4.825,-2.78,-0.355,3.66
1999-01-03 10:00:00,4.727,-3.494,2.688,0.964
1999-01-03 11:00:00,4.726,-2.168,4.041,-0.169
1999-01-03 12:00:00,4.686,-2.036,3.765,-1.547
1999-01-03 13:00:00,4.479,-2.252,3.334,-1.157
1999-01-03 14:00:00,4.378,-2.805,2.468,0.676
1999-01-03 15:00:00,4.344,-0.876,3.554,-0.593
1999-01-03 16:00:00,4.489,-1.936,1.96,1.793
1999-01-03 17:00:00,4.476,-2.208,2.449,1.951
1999-01-03 18:00:00,4.666,-2.228,2.28,2.383
1999-01-03 19:00:00,5.204,-1.797,4.216,-1.251
1999-01-03 20:00:00,5.497,-2.168,4.211,-0.061
1999-01-03 21:00:00,5.66,-0.889,5.336,1.17
1999-01-03 22:00:00,5.631,0.662,5.109,1.625
1999-01-03 23:00:00,6.065,-0.515,5.864,-0.486
1999-01-04 00:00:00,6.971,-1.055,6.713,-1.241
1999-01-04 01:00:00,7.747,0.123,7.462,-1.545
1999-01-04 02:00:00,8.265,0.268,8.095,-1.262
1999-01-04 03:00:00,8.421,-0.615,7.501,-3.656
1999-01-04 04:00:00,7.965,1.318,5.737,-5.199
1999-01-04 05:00:00,7.665,0.421,6.347,-4.062
1999-01-04 06:00:00,7.522,0.972,6.608,-3.196
1999-01-04 07:00:00,7.775,2.477,7.149,-0.211
1999-01-04 08:00:00,7.439,2.91,6.624,0.74
1999-01-04 09:00:00,7.034,-0.504,6.053,-3.274
1999-01-04 10:00:00,7.135,1.065,6.422,-2.355
1999-01-04 11:00:00,7.571,0.65,7.054,-1.636
1999-01-04 12:00:00,8.359,0.864,7.98,-2.184
1999-01-04 13:00:00,7.825,0.566,7.301,-2.333
1999-01-04 14:00:00,8.604,0.648,7.91,-3.121
1999-01-04 15:00:00,8.843,0.672,8.19,-3.144
1999-01-04 16:00:00,9.127,0.594,8.405,-3.463
1999-01-04 17:00:00,9.254,0.507,8.416,-3.781
1999-01-04 18:00:00,9.592,-0.373,8.626,-4.142
1999-01-04 19:00:00,9.711,-0.282,9.18,-2.852
1999-01-04 20:00:00,9.593,0.982,9.448,-1.086
1999-01-04 21:00:00,9.68,-1.128,7.126,-5.245
1999-01-04 22:00:00,8.29,-1.206,2.573,-6.37
1999-01-04 23:00:00,6.886,-2.858,-1.268,-6.082
1999-01-05 00:00:00,8.646,-3.495,-0.382,-7.672
1999-01-05 01:00:00,8.231,-3.712,1.376,-7.134
1999-01-05 02:00:00,7.752,-2.874,0.85,-7.057
1999-01-05 03:00:00,7.126,-2.623,-0.147,-6.384
1999-01-05 04:00:00,7.099,-1.588,-1.836,-6.606
1999-01-05 05:00:00,6.952,-0.603,-3.063,-6.16
1999-01-05 06:00:00,6.284,-0.428,-2.837,-5.408
1999-01-05 07:00:00,7.093,0.033,-3.774,-5.877
1999-01-05 08:00:00,7.264,0.705,-4.955,-5.102
1999-01-05 09:00:00,7.574,1.579,-4.968,-5.248
1999-01-05 10:00:00,7.306,1.475,-5.203,-4.007
1999-01-05 11:00:00,7.148,1.4,-6.319,-1.604
1999-01-05 12:00:00,5.787,3.503,-1.967,1.442
1999-01-05 13:00:00,6.988,1.018,-3.895,2.315
1999-01-05 14:00:00,7.821,-3.595,-6.121,-2.888
1999-01-05 15:00:00,6.827,-0.975,-4.759,-1.141
1999-01-05 16:00:00,7.907,4.861,1.415,5.352
1999-01-05 17:00:00,5.693,1.612,-0.854,3.243
1999-01-05 18:00:00,6.71,-1.339,-5.364,-0.149
1999-01-05 19:00:00,7.061,-0.029,-6.648,-0.842
1999-01-05 20:00:00,7.417,-1.474,-4.594,-0.747
1999-01-05 21:00:00,8.034,-1.146,-6.204,-0.75
1999-01-05 22:00:00,8.554,-2.833,-6.496,-2.481
1999-01-05 23:00:00,5.937,-1.255,-2.529,-3.167
1999-01-06 00:00:00,4.963,1.04,-2.221,-0.015
1999-01-06 01:00:00,3.611,0.982,-2.173,-1.668
1999-01-06 02:00:00,6.029,5.069,-2.931,1.073
1999-01-06 03:00:00,6.841,5.828,-3.38,-0.495
1999-01-06 04:00:00,7.822,5.169,-5.143,-2.482
1999-01-06 05:00:00,8.386,5.045,-5.96,-2.763
1999-01-06 06:00:00,9.664,2.797,-8.616,-2.779
1999-01-06 07:00:00,11.742,3.532,-10.908,-1.509
1999-01-06 08:00:00,11.562,5.752,-9.747,1.977
1999-01-06 09:00:00,11.921,7.645,-7.323,5.159
1999-01-06 10:00:00,12.31,8.63,-5.162,7.021
1999-01-06 11:00:00,13.191,8.67,-3.745,9.079
1999-01-06 12:00:00,11.655,7.097,-5.38,6.239
1999-01-06 13:00:00,16.483,-2.2,-12.224,-6.74
1999-01-06 14:00:00,16.535,5.33,-13.549,3.862
1999-01-06 15:00:00,15.23,6.854,-9.851,6.676
1999-01-06 16:00:00,14.333,3.289,-9.534,0.223
1999-01-06 17:00:00,11.86,0.464,-10.084,-4.977
1999-01-06 18:00:00,11.753,0.324,-9.341,-4.444
1999-01-06 19:00:00,10.509,4.062,-8.146,-1.849
1999-01-06 20:00:00,10.904,0.872,-8.703,-4.372
1999-01-06 21:00:00,10.392,4.378,-8.918,0.202
1999-01-06 22:00:00,9.715,5.59,-6.269,0.401
1999-01-06 23:00:00,9.499,9.033,-2.356,1.109
1999-01-07 00:00:00,8.786,7.772,-0.38,2.524
1999-01-07 01:00:00,8.606,6.299,-3.992,1.922
1999-01-07 02:00:00,8.305,7.027,-3.912,0.427
1999-01-07 03:00:00,7.651,7.075,-1.197,2.021
1999-01-07 04:00:00,6.693,5.869,-1.793,-0.604
1999-01-07 05:00:00,6.596,6.42,-0.62,-0.124
1999-01-07 06:00:00,6.2,4.316,-3.591,-0.535
1999-01-07 07:00:00,6.309,5.768,-1.468,0.516
1999-01-07 08:00:00,6.617,5.455,0.724,-0.907
1999-01-07 09:00:00,6.971,6.096,-1.523,2.515
1999-01-07 10:00:00,6.916,6.297,-1.239,0.843
1999-01-07 11:00:00,6.688,3.834,-1.959,-2.515
1999-01-07 12:00:00,6.827,3.774,-3.521,2.057
1999-01-07 13:00:00,7.26,0.757,-5.056,0.618
1999-01-07 14:00:00,7.487,0.35,-6.347,0.89
1999-01-07 15:00:00,7.573,1.16,-6.151,-1.087
1999-01-07 16:00:00,7.905,3.471,-5.699,0.472
1999-01-07 17:00:00,8.034,3.626,-5.748,-1.106
1999-01-07 18:00:00,8.358,3.639,-6.5,0.358
1999-01-07 19:00:00,8.891,2.621,-5.268,-2.114
1999-01-07 20:00:00,9.414,3.938,-6.28,0.242
1999-01-07 21:00:00,9.688,2.96,-8.61,0.074
1999-01-07 22:00:00,10.04,4.398,-6.686,-2.94
1999-01-07 23:00:00,9.674,5.106,-6.863,-1.54
1999-01-08 00:00:00,9.257,4.467,0.429,-6.791
1999-01-08 01:00:00,9.183,6.897,-4.565,-0.734
1999-01-08 02:00:00,8.663,7.516,-0.866,-0.732
1999-01-08 03:00:00,7.443,4.376,-2.282,-0.068
1999-01-08 04:00:00,7.33,3.026,-5.541,-2.148
1999-01-08 05:00:00,7.683,3.492,-5.772,-0.386
1999-01-08 06:00:00,8.197,4.105,-6.312,0.24
1999-01-08 07:00:00,8.268,2.371,-4.584,-4.601
1999-01-08 08:00:00,9.026,3.724,-6.293,0.528
1999-01-08 09:00:00,9.195,5.422,-5.63,-0.978
1999-01-08 10:00:00,9.156,7.917,-2.158,-0.537
1999-01-08 11:00:00,11.169,7.916,-4.535,2.649
1999-01-08 12:00:00,12.321,9.61,-2.794,2.028
1999-01-08 13:00:00,11.596,9.764,-3.139,-1.361
1999-01-08 14:00:00,12.925,1.537,-10.795,0.745
1999-01-08 15:00:00,12.58,6.364,-5.333,-6.74
1999-01-08 16:00:00,10.808,6.227,-3.537,-4.382
1999-01-08 17:00:00,9.981,4.364,-6.7,-2.944
1999-01-08 18:00:00,8.893,5.764,-1.662,-5.134
1999-01-08 19:00:00,8.107,6.763,-2.012,-1.417
1999-01-08 20:00:00,8.325,3.938,-3.575,2.663
1999-01-08 21:00:00,8.298,3.887,-3.739,1.016
1999-01-08 22:00:00,7.761,4.78,0.969,-5.675
1999-01-08 23:00:00,6.957,6.486,0.004,-0.747
1999-01-09 00:00:00,6.305,5.312,-2.796,0.092
1999-01-09 01:00:00,7.253,2.225,-4.163,3.628
1999-01-09 02:00:00,7.64,-0.219,-5.281,3.484
1999-01-09 03:00:00,7.022,-0.726,-0.566,2.015
1999-01-09 04:00:00,7.698,-2.543,-6.408,-2.256
1999-01-09 05:00:00,7.996,-2.458,-6.453,-3.192
1999-01-09 06:00:00,8.117,-1.334,-7.271,-1.456
1999-01-09 07:00:00,8.142,1.345,-7.126,0.104
1999-01-09 08:00:00,7.79,2.578,-7.115,-0.405
1999-01-09 09:00:00,7.622,1.554,-7.187,0.81
1999-01-09 10:00:00,7.823,3.072,-6.946,-0.356
1999-01-09 11:00:00,7.817,4.389,-5.999,-0.731
1999-01-09 12:00:00,7.885,2.48,-7.223,-0.184
1999-01-09 13:00:00,7.881,5.463,-5.268,-0.226
1999-01-09 14:00:00,7.916,6.098,-4.55,-0.872
1999-01-09 15:00:00,7.457,6.069,-3.557,-1.896
1999-01-09 16:00:00,7.492,5.983,-4.316,-0.264
1999-01-09 17:00:00,7.355,5.611,-4.094,0.962
1999-01-09 18:00:00,7.777,4.551,-4.928,0.706
1999-01-09 19:00:00,7.025,5.551,-0.097,-2.738
1999-01-09 20:00:00,7.108,5.291,-3.197,-2.7
1999-01-09 21:00:00,7.576,-1.139,-6.951,-0.695
1999-01-09 22:00:00,4.008,1.567,-1.328,2.212
1999-01-09 23:00:00,7.124,-0.317,-5.86,0.101
1999-01-10 00:00:00,6.685,4.64,0.626,-2.554
1999-01-10 01:00:00,6.922,2.545,-5.448,0.009
1999-01-10 02:00:00,6.148,-2.951,-4.891,-1.478
1999-01-10 03:00:00,6.701,1.951,-4.84,-0.313
1999-01-10 04:00:00,7.124,5.009,-4.116,1.738
1999-01-10 05:00:00,6.591,5.491,-2.587,1.612
1999-01-10 06:00:00,6.198,5.276,-2.279,-1.616
1999-01-10 07:00:00,7.167,5.347,-3.003,-2.972
1999-01-10 08:00:00,6.656,4.834,-4.041,1.718
1999-01-10 09:00:00,6.911,5.792,-2.242,1.497
1999-01-10 10:00:00,7.199,2.943,5.402,0.558
1999-01-10 11:00:00,6.473,2.082,5.405,2.517
1999-01-10 12:00:00,6.412,4.756,-2.79,1.856
1999-01-10 13:00:00,7.526,4.853,-5.266,2.17
1999-01-10 14:00:00,7.511,4.917,-5.4,1.488
1999-01-10 15:00:00,7.484,4.738,-5.607,0.716
1999-01-10 16:00:00,7.597,4.864,-5.754,0.359
1999-01-10 17:00:00,7.631,4.565,-5.803,-1.717
1999-01-10 18:00:00,7.07,3.554,-5.97,-0.736
1999-01-10 19:00:00,7.102,4.554,-5.062,-1.765
1999-01-10 20:00:00,7.184,4.605,-4.618,-1.925
1999-01-10 21:00:00,7.207,4.577,-4.74,-2.539
1999-01-10 22:00:00,6.835,4.497,-3.341,-2.88
1999-01-10 23:00:00,6.373,4.103,-4.671,-0.906
1999-01-11 00:00:00,6.404,4.14,-4.406,-1.009
1999-01-11 01:00:00,6.07,5.104,-0.126,-0.742
1999-01-11 02:00:00,6.323,5.272,-3.086,-0.735
1999-01-11 03:00:00,6.105,4.859,-0.597,0.788
1999-01-11 04:00:00,6.213,4.17,-2.733,-2.331
1999-01-11 05:00:00,6.201,4.558,-2.93,-0.606
1999-01-11 06:00:00,6.472,3.453,-5.074,-0.254
1999-01-11 07:00:00,6.097,3.287,-3.933,-2.362
1999-01-11 08:00:00,5.822,4.607,1.17,-0.462
1999-01-11 09:00:00,5.505,4.42,-1.794,-1.068
1999-01-11 10:00:00,5.814,4.269,-3.337,-0.574
1999-01-11 11:00:00,5.723,3.582,-3.681,0.571
1999-01-11 12:00:00,5.752,3.295,-4.411,0.417
1999-01-11 13:00:00,5.45,3.405,1.59,0.769
1999-01-11 14:00:00,6.052,3.653,-4.451,-1.572
1999-01-11 15:00:00,5.948,3.712,-4.314,-0.722
1999-01-11 16:00:00,6.106,1.756,-5.163,-1.985
1999-01-11 17:00:00,6.189,-0.247,-5.552,-2.594
1999-01-11 18:00:00,5.769,2.375,-4.396,-2.072
1999-01-11 19:00:00,5.824,2.796,-4.588,-2.063
1999-01-11 20:00:00,5.535,2.737,-3.673,-1.805
1999-01-11 21:00:00,5.265,3.417,-3.061,-0.56
1999-01-11 22:00:00,5.025,3.172,-3.197,-1.494
1999-01-11 23:00:00,4.52,2.814,-2.631,-1.79
1999-01-12 00:00:00,4.576,3.53,-0.682,-1.569
1999-01-12 01:00:00,4.515,2.66,-3.193,1.455
1999-01-12 02:00:00,4.525,3.581,-0.696,2.27
1999-01-12 03:00:00,4.492,3.738,-1.257,1.076
1999-01-12 04:00:00,4.496,2.82,-2.524,-1.375
1999-01-12 05:00:00,4.835,2.417,-2.6,-1.028
1999-01-12 06:00:00,5.34,3.252,-2.591,2.382
1999-01-12 07:00:00,5.873,5.007,-0.429,2.712
1999-01-12 08:00:00,6.138,5.735,-1.854,-0.47
1999-01-12 09:00:00,5.888,5.13,-1.785,-2.111
1999-01-12 10:00:00,5.414,3.173,-2.114,-3.215
1999-01-12 11:00:00,5.136,3.182,-2.515,-1.206
1999-01-12 12:00:00,5.114,1.879,-2.668,-2.993
1999-01-12 13:00:00,5.528,1.561,-1.137,1.783
1999-01-12 14:00:00,5.496,2.155,-2.127,4.477
1999-01-12 15:00:00,5.286,1.29,-0.479,4.943
1999-01-12 16:00:00,5.351,2.668,-4.222,0.316
1999-01-12 17:00:00,4.643,0.964,-4.016,-1.844
1999-01-12 18:00:00,5.168,-1.348,-2.215,-4.142
1999-01-12 19:00:00,4.894,-0.337,-1.968,-3.23
1999-01-12 20:00:00,4.7,2.013,-1.805,-1.07
1999-01-12 21:00:00,4.869,1.798,-3.417,-0.575
1999-01-12 22:00:00,4.948,0.453,-2.771,-2.97
1999-01-12 23:00:00,5.059,4.199,-1.966,-1.729
1999-01-13 00:00:00,5.115,3.592,-2.117,-2.489
1999-01-13 01:00:00,5.445,2.938,-1.388,-4.268
1999-01-13 02:00:00,5.211,1.198,-0.931,-4.912
1999-01-13 03:00:00,5.24,0.916,-1.069,-4.919
1999-01-13 04:00:00,5.423,-1.358,-1.46,-4.677
1999-01-13 05:00:00,5.43,-2.729,0.754,-4.279
1999-01-13 06:00:00,5.096,0.546,0.072,-4.337
1999-01-13 07:00:00,4.723,4.283,-0.296,-1.109
1999-01-13 08:00:00,4.678,3.617,-1.761,-1.332
1999-01-13 09:00:00,5.424,-1.061,-1.201,-4.113
1999-01-13 10:00:00,11.733,-3.416,-3.484,-10.32
1999-01-13 11:00:00,10.565,1.047,-4.65,-5.686
1999-01-13 12:00:00,13.243,7.502,-10.146,-0.144
1999-01-13 13:00:00,14.632,7.039,-10.519,6.041
1999-01-13 14:00:00,14.054,2.801,-5.941,2.934
1999-01-13 15:00:00,17.182,-1.911,7.918,-14.979
1999-01-13 16:00:00,17.61,-2.309,10.397,-13.919
1999-01-13 17:00:00,18.687,-2.251,12.639,-13.341
1999-01-13 18:00:00,18.641,-2.622,15.438,-9.932
1999-01-13 19:00:00,18.019,-2.082,16.315,-6.355
1999-01-13 20:00:00,17.84,-0.722,13.529,-9.91
1999-01-13 21:00:00,18.234,0.616,11.232,-9.536
1999-01-13 22:00:00,17.864,2.086,7.442,15.664
1999-01-13 23:00:00,16.544,1.437,10.48,12.509
1999-01-14 00:00:00,16.717,2.871,9.217,13.232
1999-01-14 01:00:00,16.494,0.583,11.669,11.191
1999-01-14 02:00:00,14.863,-1.996,11.728,6.739
1999-01-14 03:00:00,15.418,-5.203,9.961,9.563
1999-01-14 04:00:00,15.411,-2.273,6.655,10.896
1999-01-14 05:00:00,15.357,-4.505,8.315,10.651
1999-01-14 06:00:00,16.261,-3.675,14.777,3.055
1999-01-14 07:00:00,16.258,-4.925,10.967,-10.197
1999-01-14 08:00:00,13.871,-4.267,6.011,-5.67
1999-01-14 09:00:00,12.588,-3.445,9.501,0.246
1999-01-14 10:00:00,11.708,-6.609,6.918,0.509
1999-01-14 11:00:00,11.604,-3.793,9.312,-3.007
1999-01-14 12:00:00,9.799,-2.991,5.867,-6.256
1999-01-14 13:00:00,9.301,-5.126,5.912,-3.608
1999-01-14 14:00:00,8.741,-5.482,3.916,4.586
1999-01-14 15:00:00,8.875,-5.355,3.743,3.855
1999-01-14 16:00:00,8.667,-5.189,4.583,2.581
1999-01-14 17:00:00,9.086,-6.334,5.023,-1.442
1999-01-14 18:00:00,8.683,-6.065,0.679,4.274
1999-01-14 19:00:00,8.736,-6.321,4.887,-0.132
1999-01-14 20:00:00,9.32,-1.943,8.226,-2.063
1999-01-14 21:00:00,9.298,-5.716,6.085,0.126
1999-01-14 22:00:00,9.634,-6.139,6.928,1.142
1999-01-14 23:00:00,9.604,-2.391,8.681,-0.56
1999-01-15 00:00:00,9.154,-1.03,8.354,-2.355
1999-01-15 01:00:00,7.874,-5.605,1.544,2.368
1999-01-15 02:00:00,7.668,-4.36,1.393,-4.007
1999-01-15 03:00:00,7.405,-4.035,2.232,-3.937
1999-01-15 04:00:00,6.788,-3.41,3.276,-0.799
1999-01-15 05:00:00,6.105,-2.841,3.95,-0.234
1999-01-15 06:00:00,5.859,-1.081,3.286,1.83
1999-01-15 07:00:00,5.605,-2.681,2.945,-1.312
1999-01-15 08:00:00,5.614,-3.481,2.507,-1.967
1999-01-15 09:00:00,5.635,-4.541,2.314,0.147
1999-01-15 10:00:00,5.711,-4.949,1.716,-0.519
1999-01-15 11:00:00,5.603,-4.009,1.241,2.712
1999-01-15 12:00:00,5.532,-3.558,0.135,-0.025
1999-01-15 13:00:00,5.506,-3.742,2.431,-0.352
1999-01-15 14:00:00,5.297,-3.575,1.914,-0.336
1999-01-15 15:00:00,5.304,-3.159,2.813,-1.726
1999-01-15 16:00:00,5.491,-1.313,3.409,0.097
1999-01-15 17:00:00,6.091,-2.42,3.539,-0.621
1999-01-15 18:00:00,6.06,-3.922,3.245,-0.651
1999-01-15 19:00:00,6.173,-3.752,0.299,3.112
1999-01-15 20:00:00,5.628,-3.248,-1.402,2.803
1999-01-15 21:00:00,6.14,-2.43,4.744,1.297
1999-01-15 22:00:00,5.728,-1.842,3.796,0.274
1999-01-15 23:00:00,5.598,-1.469,3.501,2.782
1999-01-16 00:00:00,5.471,-1.842,4.544,-0.501
1999-01-16 01:00:00,5.497,-1.378,2.661,-2.346
1999-01-16 02:00:00,5.519,-1.219,3.486,0.917
1999-01-16 03:00:00,4.874,0.17,3.571,0.645
1999-01-16 04:00:00,4.655,-3.509,0.375,1.444
1999-01-16 05:00:00,4.615,-0.753,3.213,-0.454
1999-01-16 06:00:00,4.766,-3.076,1.248,0.046
1999-01-16 07:00:00,4.859,-2.451,2.353,-1.877
1999-01-16 08:00:00,4.858,-3.865,-0.259,0.128
1999-01-16 09:00:00,4.995,-3.373,-0.621,-2.279
1999-01-16 10:00:00,5.077,-3.612,-1.68,-0.906
1999-01-16 11:00:00,5.323,-4.891,-1.62,0.708
1999-01-16 12:00:00,5.388,-5.287,-0.003,-0.348
1999-01-16 13:00:00,5.217,-5.122,-0.123,0.411
1999-01-16 14:00:00,5.261,-5.039,0.279,1.096
1999-01-16 15:00:00,4.951,-4.453,1.544,0.496
1999-01-16 16:00:00,5.184,-4.61,1.674,0.971
1999-01-16 17:00:00,5.059,-2.826,3.493,0.821
1999-01-16 18:00:00,4.65,-3.042,2.718,0.511
1999-01-16 19:00:00,4.83,-3.611,2.731,0.515
1999-01-16 20:00:00,5.027,-4.618,0.482,0.303
1999-01-16 21:00:00,4.723,-3.421,0.451,-1.647
1999-01-16 22:00:00,4.882,-4.009,-0.031,-0.829
1999-01-16 23:00:00,5.284,-4.252,1.673,-0.965
1999-01-17 00:00:00,5.076,-2.467,2.132,-1.769
1999-01-17 01:00:00,5.121,-4.439,0.749,-0.02
1999-01-17 02:00:00,5.51,-3.187,2.157,-0.207
1999-01-17 03:00:00,5.638,-4.651,0.217,-0.675
1999-01-17 04:00:00,5.801,-3.031,3.052,-0.317
1999-01-17 05:00:00,5.983,-5.0,2.048,0.755
1999-01-17 06:00:00,5.942,-5.287,0.202,1.531
1999-01-17 07:00:00,5.961,-5.245,1.891,-0.041
1999-01-17 08:00:00,6.07,-4.306,3.666,0.809
1999-01-17 09:00:00,6.214,-2.817,5.097,0.669
1999-01-17 10:00:00,6.466,-2.551,5.451,-0.041
1999-01-17 11:00:00,6.83,-3.076,5.661,-0.117
1999-01-17 12:00:00,7.021,-3.204,5.92,1.418
1999-01-17 13:00:00,7.077,-2.812,6.065,2.224
1999-01-17 14:00:00,7.163,-0.523,6.135,3.191
1999-01-17 15:00:00,7.167,0.086,5.738,4.024
1999-01-17 16:00:00,5.126,-2.242,1.981,0.822
1999-01-17 17:00:00,4.759,-2.438,2.205,0.078
1999-01-17 18:00:00,5.002,-4.378,1.819,0.522
1999-01-17 19:00:00,4.673,-3.242,1.936,-1.927
1999-01-17 20:00:00,5.492,-4.724,1.243,1.923
1999-01-17 21:00:00,4.855,-1.647,2.401,2.02
1999-01-17 22:00:00,4.446,0.284,3.712,2.126
1999-01-17 23:00:00,4.877,-1.721,3.051,2.162
1999-01-18 00:00:00,5.324,-0.487,3.499,3.402
1999-01-18 01:00:00,5.874,-2.745,1.926,4.489
1999-01-18 02:00:00,6.038,-0.627,5.031,3.119
1999-01-18 03:00:00,4.917,-3.461,0.103,2.043
1999-01-18 04:00:00,4.528,-1.956,2.958,2.513
1999-01-18 05:00:00,4.624,-1.27,4.185,1.141
1999-01-18 06:00:00,4.795,-3.396,2.413,1.875
1999-01-18 07:00:00,4.891,-3.632,2.54,1.548
1999-01-18 08:00:00,4.812,-2.676,3.468,1.407
1999-01-18 09:00:00,5.534,-2.459,4.525,1.539
1999-01-18 10:00:00,5.479,-2.396,4.501,0.675
1999-01-18 11:00:00,6.428,-1.508,6.187,0.081
1999-01-18 12:00:00,6.961,-2.246,6.083,1.966
1999-01-18 13:00:00,7.681,-1.941,6.88,2.674
1999-01-18 14:00:00,8.067,-4.101,5.837,0.691
1999-01-18 15:00:00,7.973,-1.854,3.341,-1.224
1999-01-18 16:00:00,7.646,-2.095,-1.29,-4.075
1999-01-18 17:00:00,7.45,-1.472,-3.078,-4.357
1999-01-18 18:00:00,7.966,-2.974,3.176,-3.95
1999-01-18 19:00:00,5.482,-1.001,2.919,-3.166
1999-01-18 20:00:00,5.037,-3.208,-0.384,-0.909
1999-01-18 21:00:00,4.247,-3.276,1.235,-1.041
1999-01-18 22:00:00,5.702,-4.853,-0.614,1.296
1999-01-18 23:00:00,5.06,-4.014,0.979,2.103
1999-01-19 00:00:00,5.892,-1.922,-1.45,5.105
1999-01-19 01:00:00,5.715,-0.525,2.338,3.662
1999-01-19 02:00:00,6.449,3.165,3.963,2.237
1999-01-19 03:00:00,5.66,-0.587,3.799,0.116
1999-01-19 04:00:00,5.675,0.295,0.501,4.871
1999-01-19 05:00:00,5.503,-2.807,2.081,1.2
1999-01-19 06:00:00,5.538,-2.098,4.735,-0.879
1999-01-19 07:00:00,5.236,-2.394,4.032,-0.252
1999-01-19 08:00:00,5.344,-1.671,4.413,-2.257
1999-01-19 09:00:00,4.906,-2.21,3.712,-0.011
1999-01-19 10:00:00,4.757,-3.343,3.167,-0.642
1999-01-19 11:00:00,5.099,-2.281,4.457,0.026
1999-01-19 12:00:00,5.219,-2.872,4.164,0.755
1999-01-19 13:00:00,5.049,-3.13,2.686,2.04
1999-01-19 14:00:00,4.845,-1.316,1.332,1.849
1999-01-19 15:00:00,5.541,4.216,2.506,2.452
1999-01-19 16:00:00,5.563,2.808,3.676,2.974
1999-01-19 17:00:00,5.334,2.618,4.435,1.102
1999-01-19 18:00:00,5.31,2.787,4.405,-0.157
1999-01-19 19:00:00,5.226,3.328,3.868,-0.682
1999-01-19 20:00:00,4.952,2.942,3.858,0.529
1999-01-19 21:00:00,4.954,1.368,3.861,0.148
1999-01-19 22:00:00,5.353,-1.768,4.347,1.433
1999-01-19 23:00:00,5.746,-1.772,5.289,1.026
1999-01-20 00:00:00,6.68,-4.322,4.735,1.703
1999-01-20 01:00:00,6.894,-4.552,4.949,1.205
1999-01-20 02:00:00,7.202,-4.439,4.728,2.72
1999-01-20 03:00:00,7.109,-4.597,5.056,1.503
1999-01-20 04:00:00,8.527,-2.937,2.305,7.413
1999-01-20 05:00:00,9.017,-4.448,3.835,6.727
1999-01-20 06:00:00,9.316,-4.815,5.012,6.155
1999-01-20 07:00:00,8.892,-5.04,4.317,5.831
1999-01-20 08:00:00,8.737,-5.555,5.154,1.028
1999-01-20 09:00:00,8.797,-6.203,5.176,-2.005
1999-01-20 10:00:00,9.239,-6.342,5.304,-2.935
1999-01-20 11:00:00,9.167,-6.382,4.344,-3.108
1999-01-20 12:00:00,8.699,-4.973,6.361,-1.664
1999-01-20 13:00:00,9.226,-4.146,6.185,-2.523
1999-01-20 14:00:00,9.07,-4.211,5.211,-3.788
1999-01-20 15:00:00,7.823,-5.469,3.631,-1.636
1999-01-20 16:00:00,7.953,-6.634,1.606,2.344
1999-01-20 17:00:00,9.001,-2.741,5.225,-3.929
1999-01-20 18:00:00,8.841,-1.519,6.796,2.37
1999-01-20 19:00:00,9.054,-3.17,0.688,7.1
1999-01-20 20:00:00,10.038,-5.594,-1.275,7.73
1999-01-20 21:00:00,10.003,-3.309,-0.904,9.175
1999-01-20 22:00:00,9.345,-4.987,-0.464,7.66
1999-01-20 23:00:00,7.308,-4.947,1.731,3.399
1999-01-21 00:00:00,7.355,-1.992,4.628,1.94
1999-01-21 01:00:00,6.914,-5.427,1.975,-0.07
1999-01-21 02:00:00,7.924,-3.575,6.058,-1.954
1999-01-21 03:00:00,9.161,-7.202,4.709,2.638
1999-01-21 04:00:00,9.787,-8.31,4.767,1.552
1999-01-21 05:00:00,9.629,-8.475,3.21,1.915
1999-01-21 06:00:00,8.982,-6.15,0.855,6.152
1999-01-21 07:00:00,9.243,-6.393,1.357,5.994
1999-01-21 08:00:00,9.652,-7.578,4.727,-3.328
1999-01-21 09:00:00,9.569,-8.115,4.313,0.296
1999-01-21 10:00:00,9.532,-7.116,2.494,5.465
1999-01-21 11:00:00,9.746,-8.14,4.425,1.574
1999-01-21 12:00:00,9.547,-7.743,4.988,-0.581
1999-01-21 13:00:00,9.249,-6.64,1.328,6.005
1999-01-21 14:00:00,8.831,-7.78,3.431,0.964
1999-01-21 15:00:00,8.566,-7.439,3.536,1.919
1999-01-21 16:00:00,8.454,-7.199,3.51,2.304
1999-01-21 17:00:00,8.476,-7.042,2.825,2.533
1999-01-21 18:00:00,8.566,-6.781,0.367,5.06
1999-01-21 19:00:00,8.525,-7.593,2.135,2.887
1999-01-21 20:00:00,8.439,-7.965,2.152,1.225
1999-01-21 21:00:00,8.559,-7.696,2.309,2.646
1999-01-21 22:00:00,8.475,-7.659,2.997,1.52
1999-01-21 23:00:00,8.514,-7.938,2.947,0.528
1999-01-22 00:00:00,8.333,-7.335,2.796,1.576
1999-01-22 01:00:00,7.775,-4.359,0.026,5.25
1999-01-22 02:00:00,8.443,3.566,-5.719,4.361
1999-01-22 03:00:00,8.593,-1.727,-2.306,5.407
1999-01-22 04:00:00,9.107,-8.023,2.683,2.984
1999-01-22 05:00:00,9.201,-7.193,4.269,2.967
1999-01-22 06:00:00,8.932,-6.727,5.425,1.561
1999-01-22 07:00:00,8.937,-5.897,0.816,5.282
1999-01-22 08:00:00,8.641,-4.589,2.904,5.065
1999-01-22 09:00:00,8.95,-3.867,3.646,4.537
1999-01-22 10:00:00,8.284,-4.967,1.76,5.08
1999-01-22 11:00:00,9.195,-7.49,3.281,2.433
1999-01-22 12:00:00,8.961,-5.546,2.357,-4.809
1999-01-22 13:00:00,8.55,-3.88,0.211,-6.522
1999-01-22 14:00:00,9.245,-6.549,2.574,-4.968
1999-01-22 15:00:00,9.949,-7.79,3.114,-3.685
1999-01-22 16:00:00,10.516,-8.513,4.871,-2.152
1999-01-22 17:00:00,10.435,-8.033,5.548,-2.41
1999-01-22 18:00:00,10.386,-7.618,5.824,-2.755
1999-01-22 19:00:00,11.571,-7.338,7.864,0.001
1999-01-22 20:00:00,17.593,-7.965,12.017,7.806
1999-01-22 21:00:00,18.772,-0.388,5.652,16.856
1999-01-22 22:00:00,18.192,-1.922,2.692,17.211
1999-01-22 23:00:00,18.288,-6.073,7.729,11.74
1999-01-23 00:00:00,18.496,-8.482,4.419,14.612
1999-01-23 01:00:00,18.139,-5.95,11.591,10.777
1999-01-23 02:00:00,16.714,-2.894,13.211,8.731
1999-01-23 03:00:00,16.303,-1.221,12.832,6.288
1999-01-23 04:00:00,16.346,0.248,14.582,5.75
1999-01-23 05:00:00,17.365,-2.72,15.131,7.343
1999-01-23 06:00:00,17.393,0.096,15.895,5.683
1999-01-23 07:00:00,16.822,-0.488,15.733,5.047
1999-01-23 08:00:00,15.965,1.86,14.419,5.212
1999-01-23 09:00:00,12.093,1.676,6.676,6.639
1999-01-23 10:00:00,13.119,-2.4,10.468,6.925
1999-01-23 11:00:00,13.054,-2.548,9.471,8.125
1999-01-23 12:00:00,13.017,-2.35,9.749,8.03
1999-01-23 13:00:00,12.352,-0.729,11.509,3.823
1999-01-23 14:00:00,10.168,-3.0,8.476,-1.392
1999-01-23 15:00:00,9.329,-1.678,5.261,-3.73
1999-01-23 16:00:00,8.91,-2.621,4.285,-5.075
1999-01-23 17:00:00,9.213,0.718,5.041,-0.81
1999-01-23 18:00:00,8.646,-0.444,3.116,-1.885
1999-01-23 19:00:00,6.957,-4.578,0.266,-4.354
1999-01-23 20:00:00,7.602,-6.213,-1.196,-2.655
1999-01-23 21:00:00,6.39,-1.406,-0.439,-5.42
1999-01-23 22:00:00,6.637,-2.05,3.486,-3.8
1999-01-23 23:00:00,7.781,-6.635,-1.348,-2.842
1999-01-24 00:00:00,8.283,-7.495,-1.738,2.343
1999-01-24 01:00:00,8.439,-7.994,-1.499,-0.426
1999-01-24 02:00:00,8.199,-2.925,-1.59,-5.425
1999-01-24 03:00:00,8.324,-4.08,-4.646,-4.101
1999-01-24 04:00:00,7.522,-3.815,-4.547,-1.802
1999-01-24 05:00:00,7.754,-5.647,1.299,-0.971
1999-01-24 06:00:00,9.47,-3.124,-2.441,4.628
1999-01-24 07:00:00,9.579,0.077,-7.994,0.012
1999-01-24 08:00:00,8.643,0.807,-7.049,-1.812
1999-01-24 09:00:00,8.344,-1.425,-3.703,-0.834
1999-01-24 10:00:00,6.58,-4.42,-0.976,2.965
1999-01-24 11:00:00,7.299,-4.105,-0.326,3.905
1999-01-24 12:00:00,8.307,-6.643,-0.752,3.689
1999-01-24 13:00:00,7.135,-3.007,-4.209,-1.771
1999-01-24 14:00:00,7.222,-6.141,-0.954,-1.425
1999-01-24 15:00:00,7.027,-3.06,-2.254,-3.883
1999-01-24 16:00:00,7.042,-4.704,-2.826,-1.44
1999-01-24 17:00:00,6.832,-3.574,-1.594,-3.187
1999-01-24 18:00:00,6.643,-3.345,-3.957,-0.294
1999-01-24 19:00:00,6.388,-4.935,1.419,1.631
1999-01-24 20:00:00,6.403,-5.252,1.052,2.556
1999-01-24 21:00:00,6.59,-5.339,2.942,-1.032
1999-01-24 22:00:00,6.48,-4.766,3.981,-1.379
1999-01-24 23:00:00,5.832,-1.496,3.389,-3.497
1999-01-25 00:00:00,5.182,-1.445,3.409,-2.527
1999-01-25 01:00:00,4.488,-0.097,2.106,-3.161
1999-01-25 02:00:00,4.036,0.429,0.999,-2.956
1999-01-25 03:00:00,3.649,0.819,2.782,0.124
1999-01-25 04:00:00,3.079,-0.11,2.141,-0.302
1999-01-25 05:00:00,2.671,-1.243,0.491,-1.66
1999-01-25 06:00:00,1.588,1.219,0.333,-0.28
1999-01-25 07:00:00,3.511,-1.27,0.859,-2.651
1999-01-25 08:00:00,4.046,-2.988,1.628,-1.45
1999-01-25 09:00:00,4.048,-3.209,2.201,0.121
1999-01-25 10:00:00,4.16,-3.695,1.357,-0.283
1999-01-25 11:00:00,4.435,-3.934,-1.607,0.953
1999-01-25 12:00:00,4.409,-3.223,-1.824,1.638
1999-01-25 13:00:00,4.438,-3.91,-0.125,0.408
1999-01-25 14:00:00,4.388,-4.141,0.791,-0.401
1999-01-25 15:00:00,4.272,-4.141,0.348,-0.488
1999-01-25 16:00:00,4.081,-3.603,0.677,-0.976
1999-01-25 17:00:00,4.237,-1.867,2.102,-0.986
1999-01-25 18:00:00,4.355,-3.805,-0.855,0.691
1999-01-25 19:00:00,4.205,0.321,3.377,0.399
1999-01-25 20:00:00,4.389,-1.825,-0.232,1.136
1999-01-25 21:00:00,3.728,-2.337,1.076,0.977
1999-01-25 22:00:00,4.507,-1.815,2.382,-2.391
1999-01-25 23:00:00,4.635,-3.745,0.424,-0.651
1999-01-26 00:00:00,4.456,-2.269,1.724,1.935
1999-01-26 01:00:00,4.624,-1.747,3.599,0.699
1999-01-26 02:00:00,4.952,-3.493,2.079,1.386
1999-01-26 03:00:00,5.225,-2.715,1.305,1.794
1999-01-26 04:00:00,4.885,2.839,3.636,-0.082
1999-01-26 05:00:00,5.275,3.751,3.507,0.631
1999-01-26 06:00:00,5.496,3.693,3.741,-0.4
1999-01-26 07:00:00,5.349,3.183,3.856,-0.65
1999-01-26 08:00:00,5.162,2.448,2.531,-2.665
1999-01-26 09:00:00,4.813,2.343,3.594,-0.691
1999-01-26 10:00:00,4.514,0.736,3.026,2.14
1999-01-26 11:00:00,3.904,-1.284,2.125,1.339
1999-01-26 12:00:00,4.196,-1.262,2.726,2.013
1999-01-26 13:00:00,4.722,-2.471,3.223,2.143
1999-01-26 14:00:00,4.797,-3.383,2.538,1.825
1999-01-26 15:00:00,4.865,-3.551,1.957,2.21
1999-01-26 16:00:00,5.03,-3.624,1.708,2.924
1999-01-26 17:00:00,4.964,-3.689,2.118,1.306
1999-01-26 18:00:00,5.174,-4.119,2.218,1.706
1999-01-26 19:00:00,5.503,-4.195,3.06,-1.249
1999-01-26 20:00:00,5.85,-4.627,2.321,-2.456
1999-01-26 21:00:00,6.742,-5.444,2.491,-2.279
1999-01-26 22:00:00,7.199,-4.971,2.429,-4.116
1999-01-26 23:00:00,7.256,-3.042,3.247,-5.451
1999-01-27 00:00:00,7.079,-5.291,2.007,-3.511
1999-01-27 01:00:00,7.134,-6.516,1.452,-2.431
1999-01-27 02:00:00,7.272,-6.324,2.354,-2.521
1999-01-27 03:00:00,7.633,-6.584,2.749,-2.468
1999-01-27 04:00:00,7.7,-5.923,2.304,-4.117
1999-01-27 05:00:00,8.069,-6.311,4.416,-1.907
1999-01-27 06:00:00,8.128,-6.634,3.849,-2.473
1999-01-27 07:00:00,7.692,-4.71,3.191,-4.934
1999-01-27 08:00:00,6.93,-2.25,0.574,-6.201
1999-01-27 09:00:00,7.728,-3.938,3.329,-5.454
1999-01-27 10:00:00,8.075,-4.025,3.368,-4.166
1999-01-27 11:00:00,8.192,-3.109,3.938,-5.104
1999-01-27 12:00:00,8.612,-3.946,6.081,-3.884
1999-01-27 13:00:00,8.497,-4.623,6.779,-1.309
1999-01-27 14:00:00,8.355,-3.517,6.989,-1.898
1999-01-27 15:00:00,8.068,-3.854,4.538,-0.909
1999-01-27 16:00:00,8.183,-2.923,6.002,-0.083
1999-01-27 17:00:00,8.509,-2.972,4.668,5.382
1999-01-27 18:00:00,8.127,-3.107,3.586,4.818
1999-01-27 19:00:00,8.155,-3.281,4.457,3.799
1999-01-27 20:00:00,8.455,-4.809,2.819,4.56
1999-01-27 21:00:00,8.203,-2.557,6.206,-0.485
1999-01-27 22:00:00,8.243,-2.262,1.289,6.553
1999-01-27 23:00:00,8.067,-3.795,0.594,5.316
1999-01-28 00:00:00,7.848,-2.858,-0.553,6.173
1999-01-28 01:00:00,8.145,-3.728,-0.882,5.633
1999-01-28 02:00:00,8.036,-4.514,1.368,3.511
1999-01-28 03:00:00,8.133,-5.38,4.023,-1.238
1999-01-28 04:00:00,7.82,-3.667,5.428,-1.206
1999-01-28 05:00:00,7.988,-3.581,6.125,-0.187
1999-01-28 06:00:00,8.291,-5.841,4.903,-0.939
1999-01-28 07:00:00,8.824,-6.056,4.816,-0.906
1999-01-28 08:00:00,8.741,-5.915,5.379,0.078
1999-01-28 09:00:00,8.372,-4.982,5.488,0.559
1999-01-28 10:00:00,8.15,-5.274,3.373,-4.253
1999-01-28 11:00:00,8.162,-2.251,5.743,-3.375
1999-01-28 12:00:00,8.428,-3.833,6.438,1.18
1999-01-28 13:00:00,8.255,-5.597,5.037,-0.544
1999-01-28 14:00:00,7.837,-3.557,6.051,0.864
1999-01-28 15:00:00,7.469,-3.304,1.71,0.064
1999-01-28 16:00:00,7.255,-2.048,4.391,2.976
1999-01-28 17:00:00,7.177,-2.683,5.742,0.607
1999-01-28 18:00:00,7.584,-5.347,4.535,0.494
1999-01-28 19:00:00,7.523,-4.618,4.524,-2.117
1999-01-28 20:00:00,7.316,-4.993,4.052,0.927
1999-01-28 21:00:00,7.229,-3.72,3.61,2.246
1999-01-28 22:00:00,7.446,-3.14,4.449,2.44
1999-01-28 23:00:00,7.626,-2.779,6.046,2.286
1999-01-29 00:00:00,8.016,-3.396,5.499,4.038
1999-01-29 01:00:00,8.14,-3.995,6.056,2.652
1999-01-29 02:00:00,8.096,-3.773,6.539,0.76
1999-01-29 03:00:00,8.391,-4.595,5.77,2.74
1999-01-29 04:00:00,7.893,-3.571,5.935,2.394
1999-01-29 05:00:00,7.633,-2.419,6.649,-0.111
1999-01-29 06:00:00,7.624,-2.014,6.294,0.015
1999-01-29 07:00:00,7.058,-2.767,5.571,0.7
1999-01-29 08:00:00,6.722,-3.911,3.608,-1.123
1999-01-29 09:00:00,6.744,-4.682,-1.641,1.976
1999-01-29 10:00:00,6.442,-3.553,1.71,0.789
1999-01-29 11:00:00,6.912,-2.975,3.116,0.486
1999-01-29 12:00:00,6.735,-3.513,4.34,-0.196
1999-01-29 13:00:00,6.903,-4.87,3.739,-2.053
1999-01-29 14:00:00,7.201,-1.596,5.188,-1.221
1999-01-29 15:00:00,6.827,-1.377,5.827,0.636
1999-01-29 16:00:00,6.798,-1.208,3.181,4.698
1999-01-29 17:00:00,6.829,-4.256,4.392,-0.001
1999-01-29 18:00:00,6.979,-4.755,4.582,-0.829
1999-01-29 19:00:00,7.033,-3.552,4.964,2.421
1999-01-29 20:00:00,7.027,-2.927,5.378,-0.631
1999-01-29 21:00:00,6.662,-4.171,2.917,-3.106
1999-01-29 22:00:00,6.451,-3.957,2.402,-2.409
1999-01-29 23:00:00,6.383,-2.84,4.011,2.313
1999-01-30 00:00:00,6.663,-3.167,4.753,2.777
1999-01-30 01:00:00,6.465,-3.454,3.171,3.585
1999-01-30 02:00:00,6.71,-5.362,3.059,-0.435
1999-01-30 03:00:00,6.162,-2.77,4.558,1.735
1999-01-30 04:00:00,6.044,-1.284,5.599,0.15
1999-01-30 05:00:00,5.755,-1.944,4.342,0.609
1999-01-30 06:00:00,5.94,-4.62,3.239,-0.814
1999-01-30 07:00:00,6.008,-2.701,4.539,-0.419
1999-01-30 08:00:00,6.225,-1.009,5.752,-0.121
1999-01-30 09:00:00,6.235,-4.996,2.189,0.591
1999-01-30 10:00:00,6.306,-6.202,0.181,0.081
1999-01-30 11:00:00,6.208,-5.614,-0.287,1.887
1999-01-30 12:00:00,6.419,-5.364,0.031,2.949
1999-01-30 13:00:00,6.423,-4.442,3.306,2.73
1999-01-30 14:00:00,6.106,-5.622,0.993,1.514
1999-01-30 15:00:00,5.88,-3.729,1.803,2.028
1999-01-30 16:00:00,5.876,-3.15,4.483,0.318
1999-01-30 17:00:00,5.96,-0.016,5.25,2.127
1999-01-30 18:00:00,5.765,0.499,5.212,1.437
1999-01-30 19:00:00,5.757,-2.586,4.46,1.33
1999-01-30 20:00:00,5.889,-3.584,3.526,0.437
1999-01-30 21:00:00,5.852,-2.508,4.392,2.607
1999-01-30 22:00:00,5.961,-2.145,4.59,2.192
1999-01-30 23:00:00,6.133,-2.667,3.518,2.585
1999-01-31 00:00:00,5.929,-3.59,4.438,0.018
1999-01-31 01:00:00,5.569,-3.489,3.481,0.732
1999-01-31 02:00:00,5.504,-1.823,4.329,-0.122
1999-01-31 03:00:00,5.509,-4.479,-0.602,-2.194
1999-01-31 04:00:00,5.651,-3.62,-3.241,-2.307
1999-01-31 05:00:00,5.488,-5.051,-0.482,-1.023
1999-01-31 06:00:00,5.486,-5.092,1.261,0.79
1999-01-31 07:00:00,5.271,-4.816,0.586,0.444
1999-01-31 08:00:00,5.334,-4.594,-1.67,-1.211
1999-01-31 09:00:00,5.227,-3.054,3.438,-1.407
1999-01-31 10:00:00,5.274,-1.638,4.443,-0.183
1999-01-31 11:00:00,5.219,-1.773,3.644,0.202
1999-01-31 12:00:00,5.306,-4.248,2.588,-0.86
1999-01-31 13:00:00,5.345,-3.976,1.436,-2.763
1999-01-31 14:00:00,5.328,-3.839,1.683,-2.209
1999-01-31 15:00:00,5.275,-3.801,3.094,-1.225
1999-01-31 16:00:00,5.315,-3.866,3.17,0.242
1999-01-31 17:00:00,5.235,-2.271,4.261,0.718
1999-01-31 18:00:00,5.242,-3.464,3.68,-0.335
1999-01-31 19:00:00,5.076,-3.13,3.296,0.658
1999-01-31 20:00:00,5.301,-0.648,4.882,1.22
1999-01-31 21:00:00,5.32,-0.105,4.326,2.477
1999-01-31 22:00:00,5.135,-2.89,2.991,2.516
1999-01-31 23:00:00,5.24,-3.769,3.006,1.216
1999-02-01 00:00:00,5.069,-4.7,0.808,0.816
1999-02-01 01:00:00,5.004,-1.635,3.759,2.005
1999-02-01 02:00:00,4.848,-3.463,2.481,1.537
1999-02-01 03:00:00,4.74,-3.969,0.864,1.951
1999-02-01 04:00:00,4.958,-3.275,3.115,0.468
1999-02-01 05:00:00,5.028,-2.718,3.687,1.183
1999-02-01 06:00:00,5.179,-2.602,4.059,1.15
1999-02-01 07:00:00,4.938,-3.576,3.166,0.47
1999-02-01 08:00:00,4.431,-3.006,2.967,0.952
1999-02-01 09:00:00,4.639,-2.949,2.048,2.052
1999-02-01 10:00:00,4.842,-3.331,2.607,1.807
1999-02-01 11:00:00,4.62,-2.807,3.442,1.021
1999-02-01 12:00:00,4.591,-2.418,3.624,1.179
1999-02-01 13:00:00,4.565,-1.506,4.195,0.756
1999-02-01 14:00:00,4.413,-1.336,3.972,0.362
1999-02-01 15:00:00,4.011,-1.661,3.489,-0.577
1999-02-01 16:00:00,4.303,-1.813,3.712,0.317
1999-02-01 17:00:00,4.322,-1.29,4.012,-0.061
1999-02-01 18:00:00,4.213,-1.323,3.861,0.083
1999-02-01 19:00:00,4.245,-0.648,4.065,-0.013
1999-02-01 20:00:00,4.352,-2.403,2.896,1.495
1999-02-01 21:00:00,4.528,-0.55,3.224,2.939
1999-02-01 22:00:00,4.266,-1.372,2.697,2.86
1999-02-01 23:00:00,4.257,-1.497,3.601,1.353
1999-02-02 00:00:00,4.43,-1.443,3.999,0.744
1999-02-02 01:00:00,4.515,-0.506,4.171,1.405
1999-02-02 02:00:00,4.177,0.06,3.885,0.441
1999-02-02 03:00:00,3.103,-1.097,2.773,0.258
1999-02-02 04:00:00,2.534,-1.434,1.923,0.691
1999-02-02 05:00:00,2.403,-1.072,1.901,0.891
1999-02-02 06:00:00,2.287,-1.2,1.584,1.049
1999-02-02 07:00:00,2.131,-1.174,1.223,1.24
1999-02-02 08:00:00,2.32,-1.783,0.992,1.082
1999-02-02 09:00:00,2.33,-2.004,0.383,1.086
1999-02-02 10:00:00,2.724,-2.348,0.449,1.224
1999-02-02 11:00:00,2.36,-1.919,-0.123,1.252
1999-02-02 12:00:00,2.874,-1.99,0.436,1.95
1999-02-02 13:00:00,2.77,-1.999,-0.625,1.756
1999-02-02 14:00:00,3.309,-2.305,-0.29,2.299
1999-02-02 15:00:00,3.488,-2.421,0.079,2.479
1999-02-02 16:00:00,3.43,-2.367,-0.254,2.446
1999-02-02 17:00:00,2.977,-2.236,-0.276,1.87
1999-02-02 18:00:00,3.794,1.034,-1.457,-0.122
1999-02-02 19:00:00,4.557,-3.514,-2.42,1.039
1999-02-02 20:00:00,5.041,-4.341,-2.309,-0.546
1999-02-02 21:00:00,5.117,-1.007,-4.002,-1.383
1999-02-02 22:00:00,5.777,0.864,-5.327,0.347
1999-02-02 23:00:00,6.732,3.339,-5.204,1.408
1999-02-03 00:00:00,6.116,2.605,-2.903,4.309
1999-02-03 01:00:00,6.095,0.226,-5.587,0.069
1999-02-03 02:00:00,5.927,0.748,-4.947,-1.557
1999-02-03 03:00:00,6.161,-0.226,-5.838,-0.435
1999-02-03 04:00:00,6.1,-1.475,-5.141,-1.485
1999-02-03 05:00:00,5.551,0.813,-4.881,-2.125
1999-02-03 06:00:00,5.839,-0.231,-3.861,-4.162
1999-02-03 07:00:00,5.965,0.494,-4.771,-3.306
1999-02-03 08:00:00,8.464,5.135,-5.38,3.072
1999-02-03 09:00:00,8.896,5.702,-6.451,-0.459
1999-02-03 10:00:00,6.507,2.576,-3.833,-1.621
1999-02-03 11:00:00,7.024,3.229,-4.607,0.282
1999-02-03 12:00:00,8.622,-0.301,-6.26,-5.026
1999-02-03 13:00:00,8.612,2.634,-7.257,-0.154
1999-02-03 14:00:00,7.296,3.151,-4.287,-2.884
1999-02-03 15:00:00,6.609,3.345,-3.806,-1.844
1999-02-03 16:00:00,6.587,5.011,-3.696,-0.738
1999-02-03 17:00:00,6.731,-0.086,-4.308,-3.802
1999-02-03 18:00:00,6.249,-1.384,-3.912,-1.539
1999-02-03 19:00:00,6.037,2.131,-4.165,-2.814
1999-02-03 20:00:00,5.632,-1.499,-3.02,-3.473
1999-02-03 21:00:00,8.67,4.83,-4.6,-2.48
1999-02-03 22:00:00,9.765,7.457,-5.68,-2.433
1999-02-03 23:00:00,9.222,6.082,-5.981,-3.133
1999-02-04 00:00:00,9.37,6.67,-5.182,-3.804
1999-02-04 01:00:00,8.464,2.976,-4.793,-5.641
1999-02-04 02:00:00,9.496,5.253,-5.903,-4.852
1999-02-04 03:00:00,10.383,4.89,-7.17,-5.443
1999-02-04 04:00:00,10.265,5.384,-7.247,-4.372
1999-02-04 05:00:00,10.195,5.107,-8.312,-2.677
1999-02-04 06:00:00,8.318,5.181,-6.204,-0.065
1999-02-04 07:00:00,8.265,4.402,-6.56,-1.721
1999-02-04 08:00:00,8.06,4.275,-5.699,-3.323
1999-02-04 09:00:00,8.651,5.674,-4.678,1.604
1999-02-04 10:00:00,14.014,7.829,-7.853,7.139
1999-02-04 11:00:00,14.246,8.072,-10.839,2.321
1999-02-04 12:00:00,14.587,10.559,-8.43,-4.343
1999-02-04 13:00:00,11.253,2.101,2.748,-3.446
1999-02-04 14:00:00,10.398,5.664,-0.651,1.052
1999-02-04 15:00:00,11.6,6.211,-7.966,-4.085
1999-02-04 16:00:00,13.192,4.652,-8.877,-8.109
1999-02-04 17:00:00,12.927,4.71,-7.96,-7.591
1999-02-04 18:00:00,12.608,5.788,-6.806,-5.339
1999-02-04 19:00:00,11.936,5.972,-5.354,5.322
1999-02-04 20:00:00,12.14,2.819,-5.813,8.444
1999-02-04 21:00:00,12.298,7.956,-6.961,-0.261
1999-02-04 22:00:00,11.662,7.186,-8.396,-0.446
1999-02-04 23:00:00,10.864,6.043,-8.071,-1.831
1999-02-05 00:00:00,9.731,6.539,-3.663,1.147
1999-02-05 01:00:00,10.192,6.587,-6.189,1.409
1999-02-05 02:00:00,10.238,2.002,-1.429,6.828
1999-02-05 03:00:00,10.406,5.127,-5.232,0.777
1999-02-05 04:00:00,10.442,6.161,-4.824,-3.001
1999-02-05 05:00:00,10.898,7.789,-2.208,5.213
1999-02-05 06:00:00,11.251,9.165,-5.403,-1.902
1999-02-05 07:00:00,11.692,6.071,-8.327,-3.097
1999-02-05 08:00:00,11.712,4.161,-10.275,-2.373
1999-02-05 09:00:00,11.395,3.934,-9.572,-3.704
1999-02-05 10:00:00,10.997,4.288,-9.232,-2.388
1999-02-05 11:00:00,9.811,7.082,-4.159,2.558
1999-02-05 12:00:00,9.283,6.291,-6.001,-1.128
1999-02-05 13:00:00,8.937,7.254,-3.28,-0.18
1999-02-05 14:00:00,9.18,6.467,-5.669,-1.268
1999-02-05 15:00:00,8.628,5.679,-3.58,-1.857
1999-02-05 16:00:00,8.765,3.39,-6.615,-3.227
1999-02-05 17:00:00,8.36,4.473,-4.146,-2.544
1999-02-05 18:00:00,8.549,5.646,-5.509,-0.565
1999-02-05 19:00:00,8.441,5.532,-4.472,2.142
1999-02-05 20:00:00,8.21,6.983,-3.488,0.485
1999-02-05 21:00:00,7.598,4.554,-4.634,-1.628
1999-02-05 22:00:00,7.771,6.717,-2.504,1.871
1999-02-05 23:00:00,7.028,4.594,-3.548,1.395
1999-02-06 00:00:00,6.22,2.247,-3.866,2.355
1999-02-06 01:00:00,6.491,2.938,-4.004,-0.013
1999-02-06 02:00:00,6.15,2.441,-1.562,-1.273
1999-02-06 03:00:00,6.454,5.769,-0.81,-1.137
1999-02-06 04:00:00,6.298,5.524,-1.405,-1.007
1999-02-06 05:00:00,6.469,2.327,-4.621,0.606
1999-02-06 06:00:00,6.442,3.915,-2.627,-2.766
1999-02-06 07:00:00,6.261,4.137,0.187,-2.794
1999-02-06 08:00:00,5.9,1.586,-1.002,-4.359
1999-02-06 09:00:00,5.263,0.498,-1.033,-2.642
1999-02-06 10:00:00,5.714,2.112,-2.277,-3.252
1999-02-06 11:00:00,5.801,2.997,-2.055,-2.901
1999-02-06 12:00:00,6.303,2.55,-2.929,-4.011
1999-02-06 13:00:00,6.482,2.433,-3.762,-2.431
1999-02-06 14:00:00,6.525,1.026,-2.916,-5.265
1999-02-06 15:00:00,6.408,4.172,-2.738,-2.892
1999-02-06 16:00:00,5.966,3.343,-2.477,-1.874
1999-02-06 17:00:00,5.754,1.262,-2.456,3.354
1999-02-06 18:00:00,6.508,2.448,-4.503,-0.988
1999-02-06 19:00:00,6.226,0.387,-4.914,-0.541
1999-02-06 20:00:00,6.081,2.149,-4.601,-1.293
1999-02-06 21:00:00,6.072,2.234,-4.311,-1.323
1999-02-06 22:00:00,6.103,5.273,-1.424,-1.302
1999-02-06 23:00:00,5.852,3.814,-2.773,2.035
1999-02-07 00:00:00,6.284,5.478,-0.053,1.278
1999-02-07 01:00:00,6.282,4.005,-0.408,-3.471
1999-02-07 02:00:00,6.559,5.635,-0.832,-1.633
1999-02-07 03:00:00,6.342,3.604,-2.734,-3.154
1999-02-07 04:00:00,6.221,2.541,-2.838,-3.429
1999-02-07 05:00:00,5.976,1.845,0.475,-5.056
1999-02-07 06:00:00,6.035,3.226,-1.559,-2.523
1999-02-07 07:00:00,6.749,1.741,-5.076,3.099
1999-02-07 08:00:00,7.06,2.39,-2.205,-3.294
1999-02-07 09:00:00,5.766,0.489,-4.456,0.428
1999-02-07 10:00:00,6.37,3.256,-1.751,-2.208
1999-02-07 11:00:00,6.877,3.912,0.339,-5.312
1999-02-07 12:00:00,6.336,4.747,1.378,-2.066
1999-02-07 13:00:00,6.044,1.089,-4.634,1.961
1999-02-07 14:00:00,5.643,2.779,-2.88,-0.354
1999-02-07 15:00:00,5.69,1.306,-1.331,-3.901
1999-02-07 16:00:00,6.036,2.984,-3.654,-2.093
1999-02-07 17:00:00,6.221,4.803,-2.029,-1.893
1999-02-07 18:00:00,5.632,4.102,-2.855,1.116
1999-02-07 19:00:00,5.579,3.867,-2.928,-0.502
1999-02-07 20:00:00,5.947,3.385,-2.868,-2.642
1999-02-07 21:00:00,6.075,3.969,-3.414,-1.176
1999-02-07 22:00:00,5.913,5.153,-1.391,-2.075
1999-02-07 23:00:00,5.555,4.998,-0.627,-0.639
1999-02-08 00:00:00,5.549,4.897,-1.306,0.097
1999-02-08 01:00:00,5.956,4.617,-2.715,-1.506
1999-02-08 02:00:00,5.748,3.007,-3.423,-2.589
1999-02-08 03:00:00,5.647,2.539,-4.07,-1.081
1999-02-08 04:00:00,5.465,2.607,-4.158,0.258
1999-02-08 05:00:00,5.43,1.269,-3.291,-1.92
1999-02-08 06:00:00,5.581,3.164,-3.8,1.753
1999-02-08 07:00:00,5.287,3.252,-3.472,-0.414
1999-02-08 08:00:00,5.407,3.506,0.622,-2.479
1999-02-08 09:00:00,5.441,4.037,-2.665,1.332
1999-02-08 10:00:00,5.353,3.792,-2.204,0.481
1999-02-08 11:00:00,5.357,2.858,-3.642,-0.984
1999-02-08 12:00:00,5.648,2.136,-4.737,-1.255
1999-02-08 13:00:00,5.58,2.84,-4.057,-0.787
1999-02-08 14:00:00,5.125,3.657,-1.239,0.856
1999-02-08 15:00:00,5.113,4.922,-0.134,0.843
1999-02-08 16:00:00,4.764,4.503,-0.306,0.546
1999-02-08 17:00:00,5.185,4.187,-1.768,-0.885
1999-02-08 18:00:00,4.994,2.783,-2.257,-0.578
1999-02-08 19:00:00,5.106,3.593,0.84,1.272
1999-02-08 20:00:00,5.396,3.508,1.986,3.288
1999-02-08 21:00:00,6.349,4.188,0.008,4.406
1999-02-08 22:00:00,6.19,3.842,-2.252,0.639
1999-02-08 23:00:00,5.469,2.053,-3.679,0.433
1999-02-09 00:00:00,5.62,4.074,-0.546,-3.284
1999-02-09 01:00:00,5.436,5.155,-1.304,0.536
1999-02-09 02:00:00,5.013,3.526,-2.015,0.201
1999-02-09 03:00:00,5.273,2.511,-2.095,-2.033
1999-02-09 04:00:00,4.535,4.207,0.442,-1.032
1999-02-09 05:00:00,5.212,4.731,1.801,-0.861
1999-02-09 06:00:00,5.051,4.92,0.627,-0.571
1999-02-09 07:00:00,5.162,5.065,-0.866,-0.213
1999-02-09 08:00:00,4.901,4.656,-0.925,0.937
1999-02-09 09:00:00,4.635,3.363,-2.971,0.537
1999-02-09 10:00:00,4.675,4.107,-1.939,0.452
1999-02-09 11:00:00,4.701,3.713,-2.724,0.218
1999-02-09 12:00:00,4.827,3.244,-3.478,-0.137
1999-02-09 13:00:00,5.069,3.856,-3.006,-1.18
1999-02-09 14:00:00,5.262,3.662,-3.18,-1.916
1999-02-09 15:00:00,5.391,3.967,-3.434,-0.754
1999-02-09 16:00:00,5.762,3.706,-4.183,-0.843
1999-02-09 17:00:00,6.139,4.929,-2.681,-1.268
1999-02-09 18:00:00,6.438,6.025,-0.849,-2.057
1999-02-09 19:00:00,6.629,6.059,-0.848,-2.466
1999-02-09 20:00:00,6.471,5.855,-1.454,-2.162
1999-02-09 21:00:00,6.183,5.608,-1.093,-2.311
1999-02-09 22:00:00,5.853,5.309,-1.614,-1.586
1999-02-09 23:00:00,5.99,5.304,-1.511,-2.232
1999-02-10 00:00:00,5.489,4.271,-2.304,-2.381
1999-02-10 01:00:00,5.297,4.526,-2.277,-1.408
1999-02-10 02:00:00,5.422,4.811,-1.518,-1.591
1999-02-10 03:00:00,5.701,3.854,-3.111,-2.209
1999-02-10 04:00:00,6.107,4.808,-0.512,-3.358
1999-02-10 05:00:00,5.701,3.693,0.574,-3.754
1999-02-10 06:00:00,5.787,4.424,-1.73,-0.899
1999-02-10 07:00:00,5.679,3.686,-4.199,0.758
1999-02-10 08:00:00,5.043,2.149,-3.829,0.264
1999-02-10 09:00:00,5.365,4.583,-2.367,0.344
1999-02-10 10:00:00,5.483,5.198,-0.913,0.502
1999-02-10 11:00:00,6.596,6.427,-0.143,0.19
1999-02-10 12:00:00,6.632,6.109,-1.634,-0.955
1999-02-10 13:00:00,6.612,4.34,-4.673,-1.114
1999-02-10 14:00:00,6.979,5.43,-2.664,0.102
1999-02-10 15:00:00,6.593,-0.002,-5.99,-2.133
1999-02-10 16:00:00,6.553,-1.775,-5.851,-1.919
1999-02-10 17:00:00,6.955,0.496,-6.212,-2.742
1999-02-10 18:00:00,6.866,0.643,-5.109,-3.716
1999-02-10 19:00:00,7.063,-2.265,-0.696,-6.089
1999-02-10 20:00:00,5.267,-1.017,0.911,-2.868
1999-02-10 21:00:00,5.531,1.681,-4.064,-0.181
1999-02-10 22:00:00,6.261,3.455,-3.102,-3.051
1999-02-10 23:00:00,6.506,1.898,-1.061,-3.33
1999-02-11 00:00:00,7.833,6.368,-4.11,1.781
1999-02-11 01:00:00,6.541,2.801,-0.86,-0.954
1999-02-11 02:00:00,5.362,-0.802,4.721,-1.921
1999-02-11 03:00:00,3.38,0.617,2.174,-2.442
1999-02-11 04:00:00,5.776,2.52,1.725,-4.816
1999-02-11 05:00:00,4.997,2.046,0.339,-4.392
1999-02-11 06:00:00,4.447,1.701,-1.57,-3.265
1999-02-11 07:00:00,4.407,3.032,-2.521,-1.531
1999-02-11 08:00:00,6.491,3.152,-4.71,1.424
1999-02-11 09:00:00,7.947,-3.309,5.399,-2.994
1999-02-11 10:00:00,6.221,-1.402,4.99,-0.187
1999-02-11 11:00:00,8.4,-3.563,7.031,-1.696
1999-02-11 12:00:00,9.963,-4.174,7.293,-4.339
1999-02-11 13:00:00,7.946,-2.921,2.85,-4.871
1999-02-11 14:00:00,9.153,-1.012,-3.526,-2.299
1999-02-11 15:00:00,7.4,4.206,-2.62,1.492
1999-02-11 16:00:00,12.613,4.608,-6.561,7.214
1999-02-11 17:00:00,17.224,7.685,-11.831,5.823
1999-02-11 18:00:00,21.762,9.8,-13.155,8.726
1999-02-11 19:00:00,25.483,-2.736,1.287,25.185
1999-02-11 20:00:00,22.583,-7.838,8.312,15.799
1999-02-11 21:00:00,19.995,-9.333,14.886,7.799
1999-02-11 22:00:00,20.343,-8.737,10.652,13.978
1999-02-11 23:00:00,19.097,-6.541,14.903,6.347
1999-02-12 00:00:00,18.269,-5.038,16.508,1.714
1999-02-12 01:00:00,16.241,-2.999,14.376,1.006
1999-02-12 02:00:00,16.632,-0.277,15.608,3.607
1999-02-12 03:00:00,16.148,-3.533,13.238,1.854
1999-02-12 04:00:00,11.645,-4.998,7.583,2.651
1999-02-12 05:00:00,12.882,-2.864,9.45,-0.052
1999-02-12 06:00:00,11.841,-3.307,8.228,-1.451
1999-02-12 07:00:00,7.089,-4.257,1.465,1.669
1999-02-12 08:00:00,6.263,-5.273,1.641,-2.086
1999-02-12 09:00:00,6.583,-3.509,4.502,-1.839
1999-02-12 10:00:00,6.443,-1.994,2.06,-3.955
1999-02-12 11:00:00,5.963,-4.29,0.5,1.497
1999-02-12 12:00:00,6.346,-2.224,3.378,-3.274
1999-02-12 13:00:00,6.255,-4.172,2.166,-2.798
1999-02-12 14:00:00,6.195,-5.086,0.123,-0.067
1999-02-12 15:00:00,6.137,-4.153,0.726,-2.273
1999-02-12 16:00:00,6.051,-3.686,-2.77,1.802
1999-02-12 17:00:00,6.139,-4.147,-0.699,2.761
1999-02-12 18:00:00,6.121,-2.189,3.013,-1.033
1999-02-12 19:00:00,6.346,-1.904,2.307,3.769
1999-02-12 20:00:00,6.301,-2.604,1.439,2.573
1999-02-12 21:00:00,6.015,-4.0,-0.566,3.547
1999-02-12 22:00:00,5.984,-2.509,0.067,4.64
1999-02-12 23:00:00,5.736,-1.749,1.258,1.96
1999-02-13 00:00:00,5.274,-1.989,3.384,-0.982
1999-02-13 01:00:00,5.412,-2.856,1.592,1.755
1999-02-13 02:00:00,5.951,-2.474,2.971,2.213
1999-02-13 03:00:00,6.262,-0.177,4.337,0.442
1999-02-13 04:00:00,6.325,-0.547,4.651,2.288
1999-02-13 05:00:00,6.113,-2.485,4.808,0.503
1999-02-13 06:00:00,5.906,-3.151,4.243,1.288
1999-02-13 07:00:00,6.101,0.685,4.033,0.213
1999-02-13 08:00:00,5.898,-0.716,4.32,0.007
1999-02-13 09:00:00,5.47,1.955,4.01,1.107
1999-02-13 10:00:00,4.001,-1.779,0.612,1.734
1999-02-13 11:00:00,4.856,0.225,2.226,2.429
1999-02-13 12:00:00,4.743,0.253,1.843,3.863
1999-02-13 13:00:00,4.418,-2.608,0.975,-0.087
1999-02-13 14:00:00,4.773,-1.134,4.108,0.883
1999-02-13 15:00:00,5.286,-2.539,4.089,1.072
1999-02-13 16:00:00,5.636,-4.757,2.175,0.683
1999-02-13 17:00:00,5.546,-4.001,3.441,0.342
1999-02-13 18:00:00,6.081,-2.011,4.307,0.808
1999-02-13 19:00:00,7.105,-0.248,6.456,-0.955
1999-02-13 20:00:00,7.277,-2.214,4.329,4.982
1999-02-13 21:00:00,7.392,-2.333,4.375,5.081
1999-02-13 22:00:00,7.603,-3.577,3.121,5.749
1999-02-13 23:00:00,8.224,1.127,5.27,4.851
1999-02-14 00:00:00,8.529,4.145,5.861,3.256
1999-02-14 01:00:00,7.878,1.179,5.197,5.302
1999-02-14 02:00:00,7.862,0.829,6.138,3.835
1999-02-14 03:00:00,7.98,-3.64,5.965,2.124
1999-02-14 04:00:00,8.381,-0.908,8.036,1.32
1999-02-14 05:00:00,8.508,-2.3,8.058,0.739
1999-02-14 06:00:00,9.14,-2.379,8.757,-0.202
1999-02-14 07:00:00,8.843,-0.421,8.497,0.097
1999-02-14 08:00:00,10.002,-1.181,9.107,-3.618
1999-02-14 09:00:00,10.531,1.027,9.042,-4.58
1999-02-14 10:00:00,10.211,2.535,8.664,-4.422
1999-02-14 11:00:00,10.817,0.477,9.97,-3.708
1999-02-14 12:00:00,10.435,-3.327,7.023,-4.554
1999-02-14 13:00:00,10.775,-5.943,8.249,-2.59
1999-02-14 14:00:00,12.419,-4.402,9.681,0.256
1999-02-14 15:00:00,11.217,-3.949,7.942,2.339
1999-02-14 16:00:00,10.438,-4.024,6.867,5.234
1999-02-14 17:00:00,9.635,-5.109,4.305,4.295
1999-02-14 18:00:00,10.1,-4.237,6.564,1.475
1999-02-14 19:00:00,10.441,-7.29,5.446,3.281
1999-02-14 20:00:00,10.365,-6.512,4.941,2.68
1999-02-14 21:00:00,10.023,-5.496,2.252,5.999
1999-02-14 22:00:00,10.412,-6.453,4.514,3.918
1999-02-14 23:00:00,9.183,-5.053,4.695,0.219
1999-02-15 00:00:00,9.377,-6.19,4.437,0.371
1999-02-15 01:00:00,9.543,-6.033,2.878,3.006
1999-02-15 02:00:00,10.18,-3.45,6.142,-0.146
1999-02-15 03:00:00,9.573,-4.667,6.487,0.348
1999-02-15 04:00:00,8.973,-5.021,5.428,1.176
1999-02-15 05:00:00,8.324,-4.262,3.496,3.353
1999-02-15 06:00:00,8.422,-3.94,4.274,3.617
1999-02-15 07:00:00,8.221,-3.071,1.923,4.758
1999-02-15 08:00:00,8.249,-4.136,5.076,2.89
1999-02-15 09:00:00,7.885,-4.715,5.375,0.192
1999-02-15 10:00:00,7.818,-5.11,4.585,1.724
1999-02-15 11:00:00,8.641,-3.463,4.402,5.555
1999-02-15 12:00:00,8.589,-4.211,4.857,3.794
1999-02-15 13:00:00,8.224,-4.572,3.438,-0.098
1999-02-15 14:00:00,7.99,-1.845,3.051,5.659
1999-02-15 15:00:00,5.726,-3.173,-0.595,2.322
1999-02-15 16:00:00,5.697,-3.117,0.94,2.649
1999-02-15 17:00:00,5.759,0.628,-1.331,2.4
1999-02-15 18:00:00,5.451,0.936,0.998,3.304
1999-02-15 19:00:00,5.446,-3.272,3.1,2.165
1999-02-15 20:00:00,5.286,-2.084,1.924,2.183
1999-02-15 21:00:00,4.015,-3.149,1.016,1.249
1999-02-15 22:00:00,4.36,-3.863,0.806,1.198
1999-02-15 23:00:00,4.14,-2.846,2.038,0.377
1999-02-16 00:00:00,3.845,-2.297,1.105,1.501
1999-02-16 01:00:00,4.56,-2.37,-0.091,1.997
1999-02-16 02:00:00,6.025,1.915,1.362,2.596
1999-02-16 03:00:00,6.157,2.663,1.521,4.254
1999-02-16 04:00:00,5.814,-0.325,-3.436,3.937
1999-02-16 05:00:00,5.421,1.785,-2.611,2.573
1999-02-16 06:00:00,5.258,1.72,1.581,0.172
1999-02-16 07:00:00,4.349,1.243,2.535,0.408
1999-02-16 08:00:00,3.958,1.494,3.034,-1.246
1999-02-16 09:00:00,3.517,-1.133,2.649,-0.744
1999-02-16 10:00:00,3.694,1.956,2.305,1.199
1999-02-16 11:00:00,3.497,0.674,2.843,-0.011
1999-02-16 12:00:00,3.377,1.269,1.841,1.561
1999-02-16 13:00:00,3.386,0.687,1.155,0.953
1999-02-16 14:00:00,3.735,-1.261,0.574,3.097
1999-02-16 15:00:00,3.952,-0.254,0.78,3.521
1999-02-16 16:00:00,4.318,-0.972,0.271,4.002
1999-02-16 17:00:00,4.31,-0.376,1.853,3.621
1999-02-16 18:00:00,4.386,-1.383,3.315,2.118
1999-02-16 19:00:00,4.176,-0.19,2.299,1.331
1999-02-16 20:00:00,4.534,-2.267,2.171,3.003
1999-02-16 21:00:00,5.67,-2.246,3.477,3.517
1999-02-16 22:00:00,6.2,-2.083,0.396,5.617
1999-02-16 23:00:00,6.751,-0.64,4.995,3.465
1999-02-17 00:00:00,6.457,-1.901,4.75,3.26
1999-02-17 01:00:00,6.523,1.603,5.977,0.528
1999-02-17 02:00:00,6.192,2.983,5.049,-1.752
1999-02-17 03:00:00,5.827,1.513,4.916,-0.162
1999-02-17 04:00:00,6.156,2.493,4.855,-2.251
1999-02-17 05:00:00,6.631,0.809,6.391,-0.032
1999-02-17 06:00:00,10.349,0.888,9.999,-0.369
1999-02-17 07:00:00,13.305,2.063,12.621,-3.008
1999-02-17 08:00:00,13.284,2.226,8.444,-9.289
1999-02-17 09:00:00,11.041,-2.171,9.74,-1.808
1999-02-17 10:00:00,10.884,-1.264,6.555,-6.324
1999-02-17 11:00:00,8.137,-2.538,3.329,-6.103
1999-02-17 12:00:00,8.036,-2.022,6.651,-2.316
1999-02-17 13:00:00,8.305,-1.205,7.339,2.575
1999-02-17 14:00:00,8.237,-1.689,7.542,1.644
1999-02-17 15:00:00,7.944,-2.583,7.191,-1.057
1999-02-17 16:00:00,8.051,-1.578,7.755,0.299
1999-02-17 17:00:00,7.786,-3.497,6.016,-0.114
1999-02-17 18:00:00,8.574,-3.634,6.8,3.409
1999-02-17 19:00:00,8.694,-4.214,6.495,-1.345
1999-02-17 20:00:00,8.066,-5.323,5.164,2.501
1999-02-17 21:00:00,7.93,-6.854,2.751,2.629
1999-02-17 22:00:00,7.707,-5.402,5.048,0.478
1999-02-17 23:00:00,7.457,-5.992,4.073,0.41
1999-02-18 00:00:00,7.499,-5.359,2.709,3.986
1999-02-18 01:00:00,7.257,-5.357,3.268,1.917
1999-02-18 02:00:00,20.192,-2.769,14.234,-1.783
1999-02-18 03:00:00,26.796,-0.857,24.75,-8.626
1999-02-18 04:00:00,26.012,-0.016,24.962,-5.096
1999-02-18 05:00:00,26.33,-1.848,23.799,-9.582
1999-02-18 06:00:00,26.727,3.28,20.047,-16.582
1999-02-18 07:00:00,27.737,5.152,20.095,-18.091
1999-02-18 08:00:00,27.977,7.5,15.676,-21.641
1999-02-18 09:00:00,26.89,7.905,16.643,-13.394
1999-02-18 10:00:00,23.968,8.052,14.023,12.87
1999-02-18 11:00:00,17.385,8.003,9.857,-6.364
1999-02-18 12:00:00,19.538,11.482,13.444,-6.072
1999-02-18 13:00:00,15.29,9.383,7.037,-8.454
1999-02-18 14:00:00,14.336,13.283,4.401,0.183
1999-02-18 15:00:00,13.413,12.538,1.483,-1.81
1999-02-18 16:00:00,12.554,12.07,0.023,-3.129
1999-02-18 17:00:00,12.146,11.44,-2.019,-3.402
1999-02-18 18:00:00,11.655,10.425,-2.597,-4.475
1999-02-18 19:00:00,11.196,9.296,-3.396,-5.087
1999-02-18 20:00:00,10.926,8.991,-2.126,-5.644
1999-02-18 21:00:00,10.632,9.032,-1.301,-5.418
1999-02-18 22:00:00,10.28,8.698,-1.651,-5.071
1999-02-18 23:00:00,9.593,6.763,1.249,-6.634
1999-02-19 00:00:00,8.971,6.316,0.898,-6.284
1999-02-19 01:00:00,8.401,6.165,0.571,-5.661
1999-02-19 02:00:00,8.072,5.353,0.824,-5.936
1999-02-19 03:00:00,7.885,5.277,0.506,-5.804
1999-02-19 04:00:00,7.684,5.371,-0.21,-5.452
1999-02-19 05:00:00,7.52,5.07,-0.916,-5.463
1999-02-19 06:00:00,6.952,4.478,-1.676,-4.958
1999-02-19 07:00:00,6.602,2.848,-0.53,-5.514
1999-02-19 08:00:00,5.932,1.211,1.227,-5.054
1999-02-19 09:00:00,6.329,2.318,-1.373,-5.193
1999-02-19 10:00:00,6.005,1.308,-0.24,-5.725
1999-02-19 11:00:00,7.011,0.877,-0.278,-6.451
1999-02-19 12:00:00,6.581,-2.042,3.476,-4.764
1999-02-19 13:00:00,5.536,-4.226,3.053,-0.423
1999-02-19 14:00:00,4.49,-2.61,2.007,2.251
1999-02-19 15:00:00,4.203,-1.107,1.32,-2.705
1999-02-19 16:00:00,6.732,-3.41,5.375,-1.642
1999-02-19 17:00:00,6.251,-2.836,5.549,0.088
1999-02-19 18:00:00,5.19,-2.107,4.605,0.882
1999-02-19 19:00:00,4.552,-1.281,3.739,1.974
1999-02-19 20:00:00,3.882,-2.82,0.66,0.71
1999-02-19 21:00:00,3.576,-1.713,1.54,1.382
1999-02-19 22:00:00,4.339,-1.768,0.847,2.653
1999-02-19 23:00:00,5.104,-0.836,2.294,4.322
1999-02-20 00:00:00,5.289,-1.608,3.076,3.916
1999-02-20 01:00:00,5.34,-2.88,2.584,3.573
1999-02-20 02:00:00,5.16,-3.477,1.836,3.289
1999-02-20 03:00:00,5.077,-3.478,1.775,3.104
1999-02-20 04:00:00,5.263,-3.106,1.322,3.932
1999-02-20 05:00:00,5.216,-2.399,1.768,4.203
1999-02-20 06:00:00,5.269,-2.406,1.908,4.241
1999-02-20 07:00:00,5.245,-1.984,1.514,4.522
1999-02-20 08:00:00,5.572,-1.121,2.369,4.849
1999-02-20 09:00:00,5.699,-2.097,3.546,3.878
1999-02-20 10:00:00,6.283,-2.749,5.266,1.845
1999-02-20 11:00:00,6.276,-2.561,5.549,0.973
1999-02-20 12:00:00,6.238,-3.056,4.937,2.041
1999-02-20 13:00:00,6.281,-3.882,4.518,0.964
1999-02-20 14:00:00,6.391,-4.019,4.512,0.608
1999-02-20 15:00:00,6.639,-3.361,5.46,-0.751
1999-02-20 16:00:00,6.714,-3.099,5.514,0.786
1999-02-20 17:00:00,6.328,-2.183,5.001,-1.003
1999-02-20 18:00:00,6.15,-1.881,3.904,-2.881
1999-02-20 19:00:00,6.218,-1.956,4.776,-0.07
1999-02-20 20:00:00,5.801,-1.552,4.984,1.137
1999-02-20 21:00:00,5.743,-2.709,3.628,2.29
1999-02-20 22:00:00,5.848,-2.542,3.852,3.116
1999-02-20 23:00:00,5.833,-3.51,2.706,3.487
1999-02-21 00:00:00,5.464,-1.936,2.888,3.889
1999-02-21 01:00:00,5.131,-2.076,3.156,2.796
1999-02-21 02:00:00,5.019,-1.699,3.885,1.088
1999-02-21 03:00:00,5.013,-3.745,3.054,0.811
1999-02-21 04:00:00,5.059,-3.693,3.149,-0.89
1999-02-21 05:00:00,5.06,-3.419,3.586,0.523
1999-02-21 06:00:00,4.991,-3.411,3.621,0.297
1999-02-21 07:00:00,4.991,-3.182,3.823,0.184
1999-02-21 08:00:00,4.94,-3.458,3.462,0.397
1999-02-21 09:00:00,4.926,-4.086,2.583,0.739
1999-02-21 10:00:00,5.047,-4.146,2.346,1.416
1999-02-21 11:00:00,5.357,-4.559,1.734,2.121
1999-02-21 12:00:00,5.751,-4.531,2.217,2.514
1999-02-21 13:00:00,6.23,-4.273,2.518,3.041
1999-02-21 14:00:00,6.564,-2.318,5.215,1.573
1999-02-21 15:00:00,6.684,-1.056,6.076,-0.136
1999-02-21 16:00:00,6.775,-1.47,5.843,0.074
1999-02-21 17:00:00,6.827,-2.104,6.118,-1.339
1999-02-21 18:00:00,6.987,-2.152,5.968,1.534
1999-02-21 19:00:00,7.41,-2.822,6.423,1.916
1999-02-21 20:00:00,7.503,-2.725,6.477,2.367
1999-02-21 21:00:00,6.653,-2.605,5.375,1.994
1999-02-21 22:00:00,3.311,-0.273,0.905,-0.105
1999-02-21 23:00:00,6.334,-2.923,3.644,3.72
1999-02-22 00:00:00,7.409,-2.547,3.469,5.718
1999-02-22 01:00:00,8.419,-2.841,1.631,7.411
1999-02-22 02:00:00,7.698,-2.155,0.885,7.33
1999-02-22 03:00:00,7.42,-2.161,0.906,6.965
1999-02-22 04:00:00,8.3,-2.143,1.611,7.658
1999-02-22 05:00:00,6.246,-0.976,-0.795,5.582
1999-02-22 06:00:00,8.935,-2.676,1.566,8.034
1999-02-22 07:00:00,8.802,-1.274,-0.406,7.23
1999-02-22 08:00:00,7.831,-1.276,3.214,3.006
1999-02-22 09:00:00,7.833,0.26,1.197,7.105
1999-02-22 10:00:00,7.696,-1.95,5.377,2.868
1999-02-22 11:00:00,7.828,-1.457,2.609,6.959
1999-02-22 12:00:00,7.662,-1.922,2.23,6.786
1999-02-22 13:00:00,7.726,-2.079,2.23,6.782
1999-02-22 14:00:00,7.274,1.111,2.432,6.501
1999-02-22 15:00:00,7.369,-0.878,3.261,6.059
1999-02-22 16:00:00,6.504,-2.03,4.006,2.74
1999-02-22 17:00:00,6.413,-3.89,3.098,-3.856
1999-02-22 18:00:00,6.68,-2.867,3.714,-4.545
1999-02-22 19:00:00,6.356,-2.918,2.733,-4.071
1999-02-22 20:00:00,6.235,-3.827,-0.042,-4.353
1999-02-22 21:00:00,5.861,-3.921,1.479,-2.288
1999-02-22 22:00:00,6.618,-4.737,0.99,3.83
1999-02-22 23:00:00,7.38,-6.396,-1.894,1.824
1999-02-23 00:00:00,8.017,-6.645,-2.537,0.928
1999-02-23 01:00:00,9.034,-5.593,4.201,4.047
1999-02-23 02:00:00,8.725,-5.108,-0.696,-2.953
1999-02-23 03:00:00,8.654,-7.494,-0.84,-2.393
1999-02-23 04:00:00,8.273,-7.24,1.161,2.815
1999-02-23 05:00:00,8.442,-4.809,2.938,5.345
1999-02-23 06:00:00,8.7,-3.686,3.157,3.01
1999-02-23 07:00:00,8.658,-0.759,4.499,-0.451
1999-02-23 08:00:00,7.838,-4.777,2.264,5.567
1999-02-23 09:00:00,6.022,-1.268,3.183,2.658
1999-02-23 10:00:00,4.321,-2.502,1.808,0.206
1999-02-23 11:00:00,4.728,-0.396,-0.511,-3.29
1999-02-23 12:00:00,4.062,-1.147,-0.855,-2.656
1999-02-23 13:00:00,4.783,-1.563,1.408,-1.947
1999-02-23 14:00:00,4.43,-0.821,3.554,-1.267
1999-02-23 15:00:00,4.476,-1.177,1.982,-2.647
1999-02-23 16:00:00,4.272,-3.287,1.926,1.18
1999-02-23 17:00:00,5.351,-2.05,1.053,3.587
1999-02-23 18:00:00,5.713,-0.582,3.023,4.377
1999-02-23 19:00:00,5.547,-1.44,3.356,3.628
1999-02-23 20:00:00,4.757,-1.711,4.251,0.495
1999-02-23 21:00:00,5.027,-2.174,4.149,1.174
1999-02-23 22:00:00,4.907,-2.461,3.538,1.991
1999-02-23 23:00:00,5.872,-1.952,5.287,1.439
1999-02-24 00:00:00,4.843,-0.249,4.35,0.203
1999-02-24 01:00:00,3.506,1.457,2.496,-1.083
1999-02-24 02:00:00,2.688,0.348,2.219,-0.137
1999-02-24 03:00:00,3.233,-0.409,1.31,1.589
1999-02-24 04:00:00,4.65,1.93,3.83,-0.682
1999-02-24 05:00:00,5.987,2.989,4.331,-2.346
1999-02-24 06:00:00,6.763,-0.184,6.171,-1.269
1999-02-24 07:00:00,7.391,-0.702,-1.093,2.051
1999-02-24 08:00:00,8.24,1.675,-6.604,1.287
1999-02-24 09:00:00,7.802,0.796,5.172,-5.42
1999-02-24 10:00:00,9.27,4.553,-0.823,-6.805
1999-02-24 11:00:00,8.804,4.499,-3.27,-6.424
1999-02-24 12:00:00,8.461,-4.83,4.978,0.928
1999-02-24 13:00:00,7.007,-5.063,2.685,-0.805
1999-02-24 14:00:00,7.74,-5.646,0.043,-2.502
1999-02-24 15:00:00,6.893,-3.201,-1.906,1.769
1999-02-24 16:00:00,6.036,-3.149,-3.031,3.805
1999-02-24 17:00:00,6.249,-2.586,-3.608,2.94
1999-02-24 18:00:00,8.067,-6.095,-4.19,2.633
1999-02-24 19:00:00,6.2,-3.567,-1.745,4.439
1999-02-24 20:00:00,7.528,-2.977,2.133,3.334
1999-02-24 21:00:00,7.431,-5.448,0.066,4.86
1999-02-24 22:00:00,7.345,-4.685,0.217,5.194
1999-02-24 23:00:00,7.101,-4.57,4.124,2.62
1999-02-25 00:00:00,7.456,-3.703,4.885,3.314
1999-02-25 01:00:00,8.38,-4.186,6.006,2.379
1999-02-25 02:00:00,7.921,-2.352,6.255,-3.271
1999-02-25 03:00:00,8.18,0.381,5.846,-1.652
1999-02-25 04:00:00,7.707,-1.305,7.258,1.072
1999-02-25 05:00:00,6.879,-3.185,5.736,1.193
1999-02-25 06:00:00,6.989,-4.792,4.987,-0.01
1999-02-25 07:00:00,7.775,-3.139,6.728,1.369
1999-02-25 08:00:00,6.809,-1.645,5.789,0.994
1999-02-25 09:00:00,6.971,-1.853,6.374,0.464
1999-02-25 10:00:00,7.108,-1.777,6.017,2.36
1999-02-25 11:00:00,7.823,-2.807,6.824,2.008
1999-02-25 12:00:00,8.137,-0.786,7.885,0.504
1999-02-25 13:00:00,8.127,-0.052,7.655,-0.042
1999-02-25 14:00:00,8.751,1.154,8.09,-2.168
1999-02-25 15:00:00,9.625,2.018,8.925,-1.62
1999-02-25 16:00:00,9.259,1.062,8.184,3.602
1999-02-25 17:00:00,7.83,-2.335,4.406,5.299
1999-02-25 18:00:00,8.387,1.648,7.074,3.668
1999-02-25 19:00:00,8.599,-0.633,7.389,4.049
1999-02-25 20:00:00,8.578,1.647,5.419,5.62
1999-02-25 21:00:00,8.632,4.372,3.789,6.319
1999-02-25 22:00:00,7.877,1.312,3.646,6.577
1999-02-25 23:00:00,7.441,-0.712,4.018,6.101
1999-02-26 00:00:00,7.915,-1.722,1.45,6.532
1999-02-26 01:00:00,7.253,-3.339,1.132,5.683
1999-02-26 02:00:00,7.199,-3.498,2.11,5.257
1999-02-26 03:00:00,7.708,-5.001,1.676,4.342
1999-02-26 04:00:00,7.387,-2.821,5.337,2.23
1999-02-26 05:00:00,7.245,-2.077,3.893,4.998
1999-02-26 06:00:00,6.518,-3.086,2.984,4.275
1999-02-26 07:00:00,6.358,-4.177,1.974,4.228
1999-02-26 08:00:00,6.035,-3.519,2.341,3.868
1999-02-26 09:00:00,5.888,-3.945,1.975,3.648
1999-02-26 10:00:00,6.047,-3.831,1.895,3.794
1999-02-26 11:00:00,5.976,-4.162,1.889,3.274
1999-02-26 12:00:00,5.873,-4.627,3.014,0.358
1999-02-26 13:00:00,5.798,-5.294,1.122,-0.44
1999-02-26 14:00:00,5.972,-3.918,2.58,3.107
1999-02-26 15:00:00,5.969,-4.181,1.855,3.626
1999-02-26 16:00:00,5.984,-4.255,1.736,3.346
1999-02-26 17:00:00,6.082,-4.335,2.895,2.638
1999-02-26 18:00:00,6.01,-4.194,2.428,2.716
1999-02-26 19:00:00,5.946,-5.196,2.367,1.339
1999-02-26 20:00:00,5.457,-3.494,2.91,2.481
1999-02-26 21:00:00,5.797,-3.793,2.216,3.423
1999-02-26 22:00:00,5.634,-4.495,1.562,2.125
1999-02-26 23:00:00,5.76,-5.714,0.385,0.127
1999-02-27 00:00:00,4.976,-3.769,2.098,-0.127
1999-02-27 01:00:00,5.155,-2.003,1.383,2.666
1999-02-27 02:00:00,6.162,-1.874,2.298,5.072
1999-02-27 03:00:00,5.868,-3.544,3.823,2.133
1999-02-27 04:00:00,5.727,-3.36,2.2,-1.335
1999-02-27 05:00:00,6.402,-2.289,2.412,-4.616
1999-02-27 06:00:00,6.278,-1.996,3.747,-2.205
1999-02-27 07:00:00,6.604,-2.118,-0.438,-5.869
1999-02-27 08:00:00,6.519,-3.378,4.036,-0.101
1999-02-27 09:00:00,7.142,-3.727,6.006,0.44
1999-02-27 10:00:00,7.157,-3.472,6.056,0.862
1999-02-27 11:00:00,6.995,-2.58,6.157,1.301
1999-02-27 12:00:00,6.787,-2.215,5.956,1.774
1999-02-27 13:00:00,6.814,-0.84,6.415,1.925
1999-02-27 14:00:00,6.124,-1.696,5.389,0.719
1999-02-27 15:00:00,5.646,-1.4,5.084,-0.371
1999-02-27 16:00:00,5.43,-0.563,5.17,-0.264
1999-02-27 17:00:00,4.505,-1.884,3.929,0.336
1999-02-27 18:00:00,5.57,-1.985,5.143,-0.351
1999-02-27 19:00:00,5.464,-2.235,4.928,-0.421
1999-02-27 20:00:00,5.515,-2.454,4.903,0.193
1999-02-27 21:00:00,5.613,-1.864,5.241,0.325
1999-02-27 22:00:00,5.326,-1.757,4.644,1.556
1999-02-27 23:00:00,5.328,-1.103,5.088,0.828
1999-02-28 00:00:00,5.338,-1.028,5.096,1.053
1999-02-28 01:00:00,5.17,-1.904,4.206,2.0
1999-02-28 02:00:00,5.158,-0.893,4.301,1.167
1999-02-28 03:00:00,4.549,-1.334,2.301,3.044
1999-02-28 04:00:00,5.013,0.488,1.801,3.924
1999-02-28 05:00:00,7.63,-1.71,6.047,2.116
1999-02-28 06:00:00,7.622,0.452,6.831,-0.138
1999-02-28 07:00:00,7.241,-1.262,2.468,6.267
1999-02-28 08:00:00,7.968,-2.286,6.595,2.928
1999-02-28 09:00:00,8.241,-4.353,6.015,3.15
1999-02-28 10:00:00,8.125,-4.001,4.922,4.695
1999-02-28 11:00:00,6.574,-0.879,4.712,-1.199
1999-02-28 12:00:00,8.027,1.796,-2.994,-3.687
1999-02-28 13:00:00,8.376,3.656,-4.306,-3.393
1999-02-28 14:00:00,7.857,0.673,0.121,-1.471
1999-02-28 15:00:00,9.368,-1.701,-6.414,6.323
1999-02-28 16:00:00,10.274,2.665,-3.507,-4.97
1999-02-28 17:00:00,10.618,4.584,-1.195,-9.236
1999-02-28 18:00:00,11.651,4.151,-3.778,-10.169
1999-02-28 19:00:00,11.386,4.98,-2.583,-9.879
1999-02-28 20:00:00,13.16,5.147,-3.623,-11.457
1999-02-28 21:00:00,16.061,6.443,-6.426,-13.191
1999-02-28 22:00:00,15.354,4.898,-8.351,-11.573
1999-02-28 23:00:00,14.722,4.85,-4.758,-12.384
1999-03-01 00:00:00,15.569,4.193,-9.187,-11.294
1999-03-01 01:00:00,16.357,5.737,-11.461,-10.037
1999-03-01 02:00:00,16.517,6.007,-10.933,-10.407
1999-03-01 03:00:00,16.157,6.422,-6.084,-12.986
1999-03-01 04:00:00,16.379,3.168,-14.745,-5.556
1999-03-01 05:00:00,14.833,1.581,-14.226,1.139
1999-03-01 06:00:00,13.766,1.397,-9.985,8.984
1999-03-01 07:00:00,14.615,-4.798,-5.63,11.175
1999-03-01 08:00:00,11.731,-0.552,-10.687,3.98
1999-03-01 09:00:00,11.281,3.031,-9.991,2.737
1999-03-01 10:00:00,15.134,5.231,-13.19,-4.296
1999-03-01 11:00:00,18.983,7.82,-16.734,-1.52
1999-03-01 12:00:00,20.025,2.539,-15.303,-7.25
1999-03-01 13:00:00,18.035,6.651,-11.191,0.134
1999-03-01 14:00:00,17.855,3.5,-8.22,-14.031
1999-03-01 15:00:00,16.091,6.376,-10.161,-9.393
1999-03-01 16:00:00,13.918,6.1,-7.472,-7.13
1999-03-01 17:00:00,11.835,5.955,-4.593,-7.76
1999-03-01 18:00:00,11.633,7.769,-5.917,-4.917
1999-03-01 19:00:00,11.11,8.459,-5.659,-1.693
1999-03-01 20:00:00,11.833,9.801,-6.111,1.482
1999-03-01 21:00:00,10.548,7.259,-6.169,-1.836
1999-03-01 22:00:00,10.505,8.81,-4.567,1.032
1999-03-01 23:00:00,10.416,7.218,-5.124,-3.196
1999-03-02 00:00:00,10.452,2.788,-1.328,-8.551
1999-03-02 01:00:00,10.591,7.834,-5.921,2.41
1999-03-02 02:00:00,8.999,5.645,-5.528,-1.292
1999-03-02 03:00:00,8.401,4.544,-4.408,-2.82
1999-03-02 04:00:00,9.068,6.804,-5.361,0.73
1999-03-02 05:00:00,8.436,5.782,-4.331,-2.253
1999-03-02 06:00:00,7.673,3.965,-5.706,-0.893
1999-03-02 07:00:00,6.877,4.546,-4.696,-0.698
1999-03-02 08:00:00,7.37,6.078,-2.302,1.683
1999-03-02 09:00:00,6.934,5.729,0.862,3.596
1999-03-02 10:00:00,6.917,5.781,-0.222,3.14
1999-03-02 11:00:00,6.837,5.777,0.23,1.623
1999-03-02 12:00:00,6.768,5.525,-1.556,-0.946
1999-03-02 13:00:00,6.292,4.015,-2.937,-0.948
1999-03-02 14:00:00,5.488,4.796,-1.587,0.041
1999-03-02 15:00:00,5.475,5.102,-1.072,-1.26
1999-03-02 16:00:00,5.72,4.827,0.126,-0.845
1999-03-02 17:00:00,6.073,5.115,-1.965,-0.844
1999-03-02 18:00:00,6.864,4.688,2.968,-2.576
1999-03-02 19:00:00,7.052,6.068,2.867,-1.149
1999-03-02 20:00:00,6.209,4.473,-0.815,1.821
1999-03-02 21:00:00,6.695,5.18,-3.297,0.101
1999-03-02 22:00:00,6.398,4.833,-3.491,0.189
1999-03-02 23:00:00,6.539,3.36,-2.655,1.18
1999-03-03 00:00:00,6.184,4.296,-3.755,-0.041
1999-03-03 01:00:00,5.701,2.914,-3.283,-1.842
1999-03-03 02:00:00,5.619,2.925,-3.469,-1.026
1999-03-03 03:00:00,5.335,4.582,-0.84,-0.12
1999-03-03 04:00:00,5.333,4.201,-2.648,-0.463
1999-03-03 05:00:00,6.031,4.253,-3.813,0.037
1999-03-03 06:00:00,6.057,4.114,-3.546,-1.947
1999-03-03 07:00:00,6.466,4.558,-3.682,-1.891
1999-03-03 08:00:00,6.732,4.125,-3.839,-2.524
1999-03-03 09:00:00,7.331,2.496,-2.028,-2.944
1999-03-03 10:00:00,8.19,4.873,-6.294,-1.303
1999-03-03 11:00:00,8.331,4.048,-6.287,-3.124
1999-03-03 12:00:00,8.766,4.768,-6.19,-2.743
1999-03-03 13:00:00,9.165,5.378,-6.82,-2.687
1999-03-03 14:00:00,9.17,6.193,-6.107,-2.614
1999-03-03 15:00:00,9.468,5.302,-6.895,-3.515
1999-03-03 16:00:00,9.778,5.265,-6.957,-3.748
1999-03-03 17:00:00,10.052,6.586,-5.486,-4.907
1999-03-03 18:00:00,10.253,6.811,-6.042,-4.41
1999-03-03 19:00:00,9.691,6.858,-5.631,-0.855
1999-03-03 20:00:00,9.769,8.15,-3.522,0.649
1999-03-03 21:00:00,9.493,8.456,-1.859,-3.302
1999-03-03 22:00:00,9.353,8.267,-2.6,-0.174
1999-03-03 23:00:00,9.801,8.662,-2.159,3.682
1999-03-04 00:00:00,9.82,7.318,-2.434,2.897
1999-03-04 01:00:00,9.169,4.859,-1.809,5.056
1999-03-04 02:00:00,9.117,4.702,-2.008,2.667
1999-03-04 03:00:00,11.268,8.866,-5.528,-3.982
1999-03-04 04:00:00,9.901,5.172,-4.562,-3.849
1999-03-04 05:00:00,11.289,6.711,-7.905,-0.669
1999-03-04 06:00:00,11.006,1.162,-6.299,-7.972
1999-03-04 07:00:00,9.509,5.125,-6.564,1.347
1999-03-04 08:00:00,9.13,4.523,-4.603,-2.575
1999-03-04 09:00:00,8.747,5.18,-4.395,1.901
1999-03-04 10:00:00,8.207,6.478,-2.34,2.473
1999-03-04 11:00:00,7.261,4.082,-3.032,-1.017
1999-03-04 12:00:00,7.105,3.683,-1.016,-1.977
1999-03-04 13:00:00,7.631,4.729,-4.883,1.131
1999-03-04 14:00:00,7.478,6.22,-2.042,-0.589
1999-03-04 15:00:00,7.749,5.227,-4.989,-0.794
1999-03-04 16:00:00,8.084,1.528,-5.961,-4.526
1999-03-04 17:00:00,7.817,3.579,-4.903,-4.008
1999-03-04 18:00:00,7.242,4.954,-4.236,0.471
1999-03-04 19:00:00,6.625,4.993,-2.369,-0.526
1999-03-04 20:00:00,6.316,4.137,-1.788,-2.461
1999-03-04 21:00:00,6.211,3.771,-2.41,-3.264
1999-03-04 22:00:00,6.307,3.795,-2.258,-2.948
1999-03-04 23:00:00,6.119,3.042,-2.69,-3.352
1999-03-05 00:00:00,6.328,2.916,-3.819,-2.613
1999-03-05 01:00:00,6.428,2.247,-1.703,-4.475
1999-03-05 02:00:00,6.373,2.625,0.133,2.067
1999-03-05 03:00:00,6.734,3.432,-1.17,2.71
1999-03-05 04:00:00,6.982,4.247,-4.042,-1.199
1999-03-05 05:00:00,7.074,4.136,-4.859,0.136
1999-03-05 06:00:00,6.786,3.008,-3.826,-3.347
1999-03-05 07:00:00,7.025,3.566,-5.701,-1.202
1999-03-05 08:00:00,7.009,4.636,-4.543,0.391
1999-03-05 09:00:00,7.051,4.039,-4.801,-0.587
1999-03-05 10:00:00,6.934,4.294,-3.343,2.581
1999-03-05 11:00:00,6.701,4.792,0.728,2.576
1999-03-05 12:00:00,6.797,4.382,2.884,3.226
1999-03-05 13:00:00,6.843,5.794,2.415,-0.287
1999-03-05 14:00:00,6.376,4.498,2.36,-1.353
1999-03-05 15:00:00,6.422,3.835,-2.429,-1.845
1999-03-05 16:00:00,6.487,5.252,-3.018,-1.317
1999-03-05 17:00:00,6.471,5.628,0.693,1.018
1999-03-05 18:00:00,6.362,5.659,0.417,0.334
1999-03-05 19:00:00,6.415,5.137,0.941,2.937
1999-03-05 20:00:00,6.456,5.388,0.687,2.564
1999-03-05 21:00:00,6.26,5.708,-0.515,1.716
1999-03-05 22:00:00,6.16,5.674,-0.79,-0.723
1999-03-05 23:00:00,6.314,4.419,-4.048,-1.551
1999-03-06 00:00:00,6.42,4.22,-3.824,-2.453
1999-03-06 01:00:00,6.456,4.713,-3.304,-2.296
1999-03-06 02:00:00,6.309,4.924,-2.721,-2.477
1999-03-06 03:00:00,6.284,2.312,-5.604,-0.577
1999-03-06 04:00:00,6.054,3.641,-4.667,-0.703
1999-03-06 05:00:00,6.148,2.55,-5.422,0.847
1999-03-06 06:00:00,6.311,1.014,-6.058,0.819
1999-03-06 07:00:00,6.238,1.085,-6.079,0.124
1999-03-06 08:00:00,6.208,1.083,-5.975,-0.698
1999-03-06 09:00:00,6.157,0.778,-5.634,-0.816
1999-03-06 10:00:00,6.376,-0.769,-6.231,-0.092
1999-03-06 11:00:00,6.525,2.233,-5.798,-1.595
1999-03-06 12:00:00,6.501,2.747,-4.85,-3.02
1999-03-06 13:00:00,6.69,3.422,-5.41,-1.104
1999-03-06 14:00:00,6.77,3.018,-5.641,-1.997
1999-03-06 15:00:00,6.761,3.602,-5.118,-2.271
1999-03-06 16:00:00,6.563,3.095,-5.02,-2.398
1999-03-06 17:00:00,6.507,2.3,-5.136,-2.815
1999-03-06 18:00:00,6.933,3.184,-4.895,-3.339
1999-03-06 19:00:00,7.518,4.753,-2.976,-4.315
1999-03-06 20:00:00,9.087,6.095,-4.693,-3.74
1999-03-06 21:00:00,9.104,4.979,-4.716,-5.113
1999-03-06 22:00:00,8.887,4.283,-5.154,-5.336
1999-03-06 23:00:00,7.974,5.264,-2.991,-4.827
1999-03-07 00:00:00,7.794,5.034,-3.493,-3.91
1999-03-07 01:00:00,8.116,2.594,-4.71,-5.005
1999-03-07 02:00:00,8.383,-0.107,-6.207,-3.864
1999-03-07 03:00:00,8.878,-0.001,-6.223,-6.061
1999-03-07 04:00:00,8.579,-0.112,-4.1,-7.269
1999-03-07 05:00:00,7.838,-0.832,-3.703,-6.708
1999-03-07 06:00:00,7.475,-0.35,-4.013,-6.033
1999-03-07 07:00:00,7.244,-0.577,-4.865,-4.845
1999-03-07 08:00:00,7.304,-1.763,-3.227,-6.145
1999-03-07 09:00:00,7.632,3.221,-0.971,5.669
1999-03-07 10:00:00,7.634,2.137,2.072,6.913
1999-03-07 11:00:00,7.427,2.908,3.122,5.749
1999-03-07 12:00:00,6.48,3.973,1.484,4.591
1999-03-07 13:00:00,6.459,2.953,0.79,3.263
1999-03-07 14:00:00,5.168,3.512,-1.582,-1.529
1999-03-07 15:00:00,6.275,3.118,-3.176,-3.958
1999-03-07 16:00:00,6.322,-0.08,-4.534,-4.162
1999-03-07 17:00:00,6.041,1.789,-2.985,-4.43
1999-03-07 18:00:00,5.841,1.403,-1.317,-4.937
1999-03-07 19:00:00,5.088,3.457,3.045,-1.427
1999-03-07 20:00:00,4.264,3.11,-1.061,-1.68
1999-03-07 21:00:00,4.222,2.902,-1.839,-1.934
1999-03-07 22:00:00,3.765,3.345,-1.18,-0.244
1999-03-07 23:00:00,3.7,2.756,0.747,-0.752
1999-03-08 00:00:00,3.049,-0.043,1.929,-0.476
1999-03-08 01:00:00,4.051,0.894,-0.15,-3.492
1999-03-08 02:00:00,4.328,-2.911,-1.166,-1.966
1999-03-08 03:00:00,4.672,-1.026,-1.718,-3.206
1999-03-08 04:00:00,4.552,-0.048,-3.29,-2.204
1999-03-08 05:00:00,4.411,1.794,-2.877,-1.192
1999-03-08 06:00:00,4.792,4.221,-1.53,1.443
1999-03-08 07:00:00,4.36,3.492,-1.736,1.019
1999-03-08 08:00:00,3.845,2.87,-1.294,-1.112
1999-03-08 09:00:00,4.248,3.139,-1.96,-0.93
1999-03-08 10:00:00,4.641,3.676,-2.74,-0.151
1999-03-08 11:00:00,4.165,2.946,-2.485,-0.792
1999-03-08 12:00:00,4.002,2.765,-2.242,-1.518
1999-03-08 13:00:00,4.029,2.995,-2.413,-0.709
1999-03-08 14:00:00,4.016,1.559,-3.373,-0.361
1999-03-08 15:00:00,4.226,1.061,-3.65,-0.479
1999-03-08 16:00:00,4.528,-0.192,-3.354,-2.558
1999-03-08 17:00:00,4.519,2.058,-2.721,-1.501
1999-03-08 18:00:00,4.637,-1.12,-2.59,-2.925
1999-03-08 19:00:00,5.149,-0.634,-3.259,-3.441
1999-03-08 20:00:00,5.796,-0.179,-2.115,-4.57
1999-03-08 21:00:00,5.599,2.65,-1.135,-3.988
1999-03-08 22:00:00,5.721,1.966,-3.445,-3.519
1999-03-08 23:00:00,6.036,-0.289,-3.157,-4.608
1999-03-09 00:00:00,6.304,-0.852,-1.722,-5.485
1999-03-09 01:00:00,5.984,0.673,-3.743,-3.336
1999-03-09 02:00:00,6.295,2.076,-4.885,-1.857
1999-03-09 03:00:00,6.508,-1.857,-0.96,-5.744
1999-03-09 04:00:00,6.268,1.642,-3.536,-3.945
1999-03-09 05:00:00,6.533,4.887,-3.231,-0.479
1999-03-09 06:00:00,6.782,2.879,-4.696,-3.821
1999-03-09 07:00:00,7.06,0.874,-4.612,-4.809
1999-03-09 08:00:00,7.154,-1.031,-3.39,-5.88
1999-03-09 09:00:00,7.856,-0.841,-6.175,-4.496
1999-03-09 10:00:00,8.598,-0.649,-3.819,-7.293
1999-03-09 11:00:00,8.851,-1.52,-2.901,-7.945
1999-03-09 12:00:00,6.42,2.413,-1.36,-4.175
1999-03-09 13:00:00,7.195,-2.404,0.151,-5.822
1999-03-09 14:00:00,6.161,1.739,-3.493,-1.402
1999-03-09 15:00:00,6.19,4.394,-2.837,-0.224
1999-03-09 16:00:00,6.614,-2.012,-1.416,-4.37
1999-03-09 17:00:00,5.761,-1.18,-0.996,-1.259
1999-03-09 18:00:00,5.38,-0.585,-3.255,-1.342
1999-03-09 19:00:00,6.156,-3.032,-4.222,-1.314
1999-03-09 20:00:00,6.758,-4.653,-3.982,-2.541
1999-03-09 21:00:00,6.238,-2.604,0.296,-3.995
1999-03-09 22:00:00,4.347,-0.664,-0.256,-3.686
1999-03-09 23:00:00,4.463,-2.404,0.569,-3.193
1999-03-10 00:00:00,6.147,-0.765,-1.518,-5.171
1999-03-10 01:00:00,10.169,0.973,-1.886,-9.035
1999-03-10 02:00:00,11.976,1.941,-0.381,-10.151
1999-03-10 03:00:00,9.292,1.001,0.851,-4.876
1999-03-10 04:00:00,9.494,-4.618,-5.024,1.784
1999-03-10 05:00:00,8.037,1.29,-0.554,-4.21
1999-03-10 06:00:00,9.095,2.632,5.212,-4.308
1999-03-10 07:00:00,9.954,4.079,6.206,-6.108
1999-03-10 08:00:00,9.929,-0.202,7.537,-2.776
1999-03-10 09:00:00,8.486,-3.945,7.011,0.552
1999-03-10 10:00:00,7.774,-1.141,4.395,-0.09
1999-03-10 11:00:00,7.926,-0.322,-3.303,3.265
1999-03-10 12:00:00,7.932,1.405,-6.87,2.983
1999-03-10 13:00:00,8.041,1.027,-7.644,1.393
1999-03-10 14:00:00,7.868,1.563,-6.955,2.21
1999-03-10 15:00:00,7.794,1.538,-6.382,2.981
1999-03-10 16:00:00,6.321,3.076,-4.559,1.459
1999-03-10 17:00:00,5.197,0.925,2.481,-2.638
1999-03-10 18:00:00,6.585,-1.467,6.327,0.013
1999-03-10 19:00:00,6.412,-1.915,6.026,-0.618
1999-03-10 20:00:00,5.917,-1.731,5.493,-0.611
1999-03-10 21:00:00,6.416,-1.633,6.176,0.366
1999-03-10 22:00:00,6.546,-1.612,6.305,0.334
1999-03-10 23:00:00,6.462,-2.311,5.933,-0.558
1999-03-11 00:00:00,6.485,-3.56,5.297,-0.477
1999-03-11 01:00:00,5.605,-2.944,4.182,-1.251
1999-03-11 02:00:00,5.243,2.471,3.737,1.186
1999-03-11 03:00:00,6.641,2.43,4.781,2.594
1999-03-11 04:00:00,6.899,4.186,5.181,1.111
1999-03-11 05:00:00,6.811,4.445,4.459,-2.284
1999-03-11 06:00:00,7.286,5.14,3.662,-3.292
1999-03-11 07:00:00,8.544,7.152,4.09,1.958
1999-03-11 08:00:00,8.657,7.656,2.838,2.346
1999-03-11 09:00:00,8.174,6.589,1.265,2.353
1999-03-11 10:00:00,6.462,4.412,1.633,-4.359
1999-03-11 11:00:00,5.723,3.796,1.134,-1.811
1999-03-11 12:00:00,5.305,4.991,1.327,-0.155
1999-03-11 13:00:00,4.73,3.253,1.317,1.4
1999-03-11 14:00:00,4.9,0.467,1.387,-0.405
1999-03-11 15:00:00,4.012,-2.236,0.947,-3.002
1999-03-11 16:00:00,3.522,-0.764,2.532,-1.742
1999-03-11 17:00:00,4.124,1.305,3.413,0.407
1999-03-11 18:00:00,5.25,-0.013,5.091,0.908
1999-03-11 19:00:00,5.579,1.848,2.79,3.717
1999-03-11 20:00:00,5.291,2.721,-0.408,4.409
1999-03-11 21:00:00,5.927,2.365,2.438,4.605
1999-03-11 22:00:00,6.849,0.633,4.328,5.203
1999-03-11 23:00:00,6.752,-0.605,5.069,4.351
1999-03-12 00:00:00,7.059,-1.661,6.009,3.173
1999-03-12 01:00:00,6.088,-0.109,3.96,3.019
1999-03-12 02:00:00,6.675,4.555,-4.372,1.854
1999-03-12 03:00:00,6.233,3.867,-4.463,0.98
1999-03-12 04:00:00,4.943,1.941,-1.121,4.19
1999-03-12 05:00:00,3.207,1.678,-2.066,1.22
1999-03-12 06:00:00,3.838,0.68,-2.11,-1.168
1999-03-12 07:00:00,5.295,1.627,-0.526,-4.216
1999-03-12 08:00:00,5.756,4.326,1.91,-2.975
1999-03-12 09:00:00,5.6,3.035,2.082,-3.907
1999-03-12 10:00:00,7.71,5.032,4.414,-3.608
1999-03-12 11:00:00,4.149,2.211,2.634,1.895
1999-03-12 12:00:00,2.527,1.111,1.952,0.669
1999-03-12 13:00:00,2.177,0.383,1.22,0.562
1999-03-12 14:00:00,7.763,-1.396,6.332,2.766
1999-03-12 15:00:00,10.817,-0.578,10.338,2.153
1999-03-12 16:00:00,10.673,-0.342,10.094,1.171
1999-03-12 17:00:00,11.697,-0.968,8.706,1.138
1999-03-12 18:00:00,11.288,1.785,10.151,0.023
1999-03-12 19:00:00,9.197,2.292,7.067,-3.13
1999-03-12 20:00:00,9.79,-1.972,8.689,2.999
1999-03-12 21:00:00,10.454,-3.716,8.115,4.747
1999-03-12 22:00:00,10.362,-5.846,5.905,5.885
1999-03-12 23:00:00,9.564,-7.247,1.719,5.718
1999-03-13 00:00:00,9.007,-6.285,1.681,5.497
1999-03-13 01:00:00,8.876,-7.033,2.63,4.596
1999-03-13 02:00:00,8.889,-7.593,1.864,4.158
1999-03-13 03:00:00,8.496,-7.421,2.34,3.241
1999-03-13 04:00:00,8.739,-7.92,1.079,3.252
1999-03-13 05:00:00,7.916,-7.351,1.261,2.607
1999-03-13 06:00:00,7.54,-7.304,0.596,1.712
1999-03-13 07:00:00,7.329,-6.872,1.612,1.857
1999-03-13 08:00:00,6.791,-6.382,1.17,1.423
1999-03-13 09:00:00,6.242,-5.136,0.827,2.143
1999-03-13 10:00:00,6.18,-3.3,3.921,-1.59
1999-03-13 11:00:00,5.655,-2.419,2.319,-1.403
1999-03-13 12:00:00,6.376,-2.008,1.777,-4.026
1999-03-13 13:00:00,6.294,-5.842,1.116,-0.293
1999-03-13 14:00:00,6.517,-6.016,0.018,2.101
1999-03-13 15:00:00,7.031,-6.154,-0.202,2.942
1999-03-13 16:00:00,7.005,-5.491,3.796,0.714
1999-03-13 17:00:00,7.511,-5.439,4.719,-0.711
1999-03-13 18:00:00,7.814,-5.938,5.002,-0.249
1999-03-13 19:00:00,7.036,-5.029,4.701,0.147
1999-03-13 20:00:00,6.281,-4.397,3.661,1.095
1999-03-13 21:00:00,6.152,-4.633,3.676,-1.194
1999-03-13 22:00:00,5.916,-3.618,4.127,-1.298
1999-03-13 23:00:00,5.347,-2.94,3.81,0.246
1999-03-14 00:00:00,5.218,-1.485,4.307,0.029
1999-03-14 01:00:00,5.492,-3.435,4.165,-0.803
1999-03-14 02:00:00,5.469,-3.368,4.051,-1.399
1999-03-14 03:00:00,4.837,-2.647,3.587,-1.579
1999-03-14 04:00:00,5.244,-3.361,3.662,-1.473
1999-03-14 05:00:00,5.833,-4.649,3.332,-0.956
1999-03-14 06:00:00,6.354,-4.471,3.492,-1.399
1999-03-14 07:00:00,6.534,-4.756,3.6,-2.501
1999-03-14 08:00:00,6.582,-4.634,4.018,-2.281
1999-03-14 09:00:00,5.588,-3.22,2.528,-3.277
1999-03-14 10:00:00,7.344,-0.757,3.277,-4.568
1999-03-14 11:00:00,8.277,-6.434,1.447,4.413
1999-03-14 12:00:00,7.858,1.541,-5.219,4.581
1999-03-14 13:00:00,8.632,0.317,0.584,1.139
1999-03-14 14:00:00,8.456,-6.206,2.818,3.557
1999-03-14 15:00:00,8.327,-2.629,5.924,-1.602
1999-03-14 16:00:00,9.378,-7.122,-0.39,-1.581
1999-03-14 17:00:00,10.814,-8.193,4.963,1.236
1999-03-14 18:00:00,10.32,-4.804,6.799,0.17
1999-03-14 19:00:00,9.853,-5.337,7.338,2.518
1999-03-14 20:00:00,8.005,-3.516,5.637,0.85
1999-03-14 21:00:00,7.308,-2.086,3.412,0.523
1999-03-14 22:00:00,8.161,-3.554,6.183,-0.792
1999-03-14 23:00:00,9.324,-3.565,8.126,1.162
1999-03-15 00:00:00,10.166,-3.284,9.259,0.91
1999-03-15 01:00:00,9.566,-3.776,7.681,0.591
1999-03-15 02:00:00,8.525,-2.348,7.678,0.238
1999-03-15 03:00:00,6.894,-2.928,3.886,-3.206
1999-03-15 04:00:00,8.54,-1.334,6.894,-2.674
1999-03-15 05:00:00,8.6,-2.953,6.337,-1.406
1999-03-15 06:00:00,7.397,-3.997,4.67,-1.446
1999-03-15 07:00:00,7.576,-1.94,4.889,-2.174
1999-03-15 08:00:00,6.671,-5.115,3.127,-1.092
1999-03-15 09:00:00,6.966,-6.119,2.352,0.243
1999-03-15 10:00:00,7.379,-6.129,3.495,0.429
1999-03-15 11:00:00,7.854,-5.143,4.417,1.249
1999-03-15 12:00:00,6.055,-2.956,4.429,-1.56
1999-03-15 13:00:00,4.584,-3.23,2.974,-0.327
1999-03-15 14:00:00,4.619,-4.103,1.471,0.099
1999-03-15 15:00:00,5.065,-4.289,-1.482,1.556
1999-03-15 16:00:00,5.261,-4.667,-0.618,1.2
1999-03-15 17:00:00,5.521,-4.509,-1.112,2.551
1999-03-15 18:00:00,5.706,-4.822,-2.378,1.615
1999-03-15 19:00:00,5.798,-5.11,-1.96,0.928
1999-03-15 20:00:00,5.999,-5.748,-0.967,0.525
1999-03-15 21:00:00,6.093,-5.127,0.443,2.332
1999-03-15 22:00:00,6.108,-5.409,0.328,2.107
1999-03-15 23:00:00,6.311,-5.852,0.877,1.47
1999-03-16 00:00:00,6.366,-5.141,1.38,3.076
1999-03-16 01:00:00,6.602,-4.088,1.974,3.717
1999-03-16 02:00:00,6.81,-5.326,1.247,3.16
1999-03-16 03:00:00,7.065,-5.846,-0.783,3.514
1999-03-16 04:00:00,7.079,-6.22,-0.755,2.833
1999-03-16 05:00:00,7.338,-6.576,0.624,2.184
1999-03-16 06:00:00,7.179,-2.461,4.452,3.043
1999-03-16 07:00:00,7.219,-6.148,3.408,1.167
1999-03-16 08:00:00,6.855,-5.116,3.604,1.963
1999-03-16 09:00:00,6.879,-3.837,1.86,4.767
1999-03-16 10:00:00,6.764,-5.781,1.238,2.265
1999-03-16 11:00:00,6.334,-3.78,3.592,3.089
1999-03-16 12:00:00,6.565,-4.325,2.059,3.34
1999-03-16 13:00:00,6.743,-2.311,4.618,3.111
1999-03-16 14:00:00,6.934,-2.961,2.372,4.402
1999-03-16 15:00:00,7.076,-2.931,3.696,3.953
1999-03-16 16:00:00,7.657,-2.088,5.752,3.487
1999-03-16 17:00:00,7.713,-0.718,6.245,3.219
1999-03-16 18:00:00,7.665,-2.628,5.466,4.211
1999-03-16 19:00:00,7.558,-0.484,5.599,4.781
1999-03-16 20:00:00,7.648,-0.806,6.139,4.29
1999-03-16 21:00:00,7.107,-0.103,4.253,5.102
1999-03-16 22:00:00,6.533,-1.544,2.351,5.069
1999-03-16 23:00:00,6.294,-3.257,3.585,3.138
1999-03-17 00:00:00,6.125,-1.97,-0.313,4.008
1999-03-17 01:00:00,6.142,-2.587,-1.367,3.879
1999-03-17 02:00:00,6.31,-1.479,3.665,3.956
1999-03-17 03:00:00,6.155,-2.46,0.815,3.739
1999-03-17 04:00:00,6.132,-1.355,2.538,4.734
1999-03-17 05:00:00,6.041,-0.903,5.39,1.305
1999-03-17 06:00:00,6.304,-0.121,5.712,1.864
1999-03-17 07:00:00,6.08,-2.596,4.078,1.533
1999-03-17 08:00:00,6.296,-1.521,5.049,0.77
1999-03-17 09:00:00,6.018,-3.493,2.304,2.406
1999-03-17 10:00:00,6.037,-2.949,0.85,4.126
1999-03-17 11:00:00,5.963,-1.031,3.947,1.646
1999-03-17 12:00:00,6.094,1.641,4.645,2.937
1999-03-17 13:00:00,5.982,1.129,4.152,2.44
1999-03-17 14:00:00,6.016,1.659,3.012,3.694
1999-03-17 15:00:00,5.652,-3.19,0.236,-3.084
1999-03-17 16:00:00,6.114,-0.989,4.689,0.531
1999-03-17 17:00:00,6.215,0.849,5.22,0.857
1999-03-17 18:00:00,5.957,-1.385,4.792,1.605
1999-03-17 19:00:00,6.11,-2.298,3.173,3.485
1999-03-17 20:00:00,6.3,-1.94,2.853,3.822
1999-03-17 21:00:00,6.365,-0.122,3.266,2.963
1999-03-17 22:00:00,6.367,-0.174,4.978,0.816
1999-03-17 23:00:00,6.507,-0.843,0.088,6.022
1999-03-18 00:00:00,6.536,-1.423,4.115,2.962
1999-03-18 01:00:00,6.489,-0.359,4.166,2.241
1999-03-18 02:00:00,6.574,-0.302,4.697,3.47
1999-03-18 03:00:00,6.703,-0.145,5.909,-1.564
1999-03-18 04:00:00,6.431,-1.101,4.416,3.902
1999-03-18 05:00:00,6.514,1.203,5.568,-1.101
1999-03-18 06:00:00,6.059,-0.465,5.109,0.654
1999-03-18 07:00:00,5.987,0.535,4.598,-0.444
1999-03-18 08:00:00,6.25,0.107,5.515,-0.863
1999-03-18 09:00:00,6.696,-2.832,4.698,2.689
1999-03-18 10:00:00,6.479,-3.387,4.804,0.453
1999-03-18 11:00:00,6.643,-4.446,0.364,2.854
1999-03-18 12:00:00,6.211,-2.876,3.597,1.629
1999-03-18 13:00:00,6.92,-3.719,-0.639,4.272
1999-03-18 14:00:00,6.826,-2.061,4.949,2.176
1999-03-18 15:00:00,6.774,1.212,5.863,-1.364
1999-03-18 16:00:00,6.617,1.183,4.307,1.869
1999-03-18 17:00:00,6.425,-0.934,4.045,2.758
1999-03-18 18:00:00,6.41,-2.04,3.782,3.163
1999-03-18 19:00:00,6.522,0.109,4.608,2.731
1999-03-18 20:00:00,6.687,-1.407,5.638,1.948
1999-03-18 21:00:00,6.39,-0.342,5.099,3.296
1999-03-18 22:00:00,6.267,-0.756,4.695,3.689
1999-03-18 23:00:00,6.085,-1.665,4.25,3.37
1999-03-19 00:00:00,5.932,-4.094,3.027,1.876
1999-03-19 01:00:00,5.865,-1.846,4.536,1.871
1999-03-19 02:00:00,5.855,-3.701,4.149,0.617
1999-03-19 03:00:00,5.877,-0.181,4.505,3.019
1999-03-19 04:00:00,5.834,-0.596,4.721,3.148
1999-03-19 05:00:00,5.584,-1.675,4.327,2.571
1999-03-19 06:00:00,5.165,-3.547,2.802,0.324
1999-03-19 07:00:00,5.271,-4.602,1.43,-0.783
1999-03-19 08:00:00,5.132,-3.278,1.652,2.379
1999-03-19 09:00:00,4.644,-3.382,2.148,1.31
1999-03-19 10:00:00,3.942,-2.064,1.689,0.257
1999-03-19 11:00:00,4.261,-0.858,2.327,-3.126
1999-03-19 12:00:00,4.928,0.647,1.442,-4.631
1999-03-19 13:00:00,5.316,0.166,1.994,-4.87
1999-03-19 14:00:00,5.596,-0.675,2.824,-4.771
1999-03-19 15:00:00,5.467,-1.581,2.64,-4.502
1999-03-19 16:00:00,5.277,-1.262,2.286,-4.564
1999-03-19 17:00:00,5.348,-0.925,2.675,-4.508
1999-03-19 18:00:00,5.515,-0.313,3.036,-4.317
1999-03-19 19:00:00,5.67,0.406,2.562,-4.858
1999-03-19 20:00:00,5.918,-0.159,3.182,-4.903
1999-03-19 21:00:00,5.873,-0.816,4.757,-3.243
1999-03-19 22:00:00,5.429,-0.628,4.646,-2.589
1999-03-19 23:00:00,5.645,-0.875,4.248,-3.565
1999-03-20 00:00:00,5.489,-1.721,4.393,-2.608
1999-03-20 01:00:00,5.528,-2.699,4.512,-1.436
1999-03-20 02:00:00,5.583,-2.918,4.502,-1.483
1999-03-20 03:00:00,5.669,-3.022,4.486,-1.534
1999-03-20 04:00:00,5.528,-4.63,2.772,0.393
1999-03-20 05:00:00,5.403,-4.128,3.246,-1.092
1999-03-20 06:00:00,5.556,-3.293,3.086,-2.701
1999-03-20 07:00:00,5.934,-2.137,3.942,-3.657
1999-03-20 08:00:00,6.052,-2.288,4.751,-2.482
1999-03-20 09:00:00,6.064,-1.885,4.648,-3.33
1999-03-20 10:00:00,5.957,-2.255,3.951,-3.606
1999-03-20 11:00:00,5.911,-2.586,4.476,-1.502
1999-03-20 12:00:00,6.353,-2.788,5.376,-1.356
1999-03-20 13:00:00,6.87,-3.734,5.365,-0.925
1999-03-20 14:00:00,7.43,-4.94,4.578,-2.867
1999-03-20 15:00:00,7.683,-5.47,3.326,-3.204
1999-03-20 16:00:00,7.755,-5.6,1.611,-4.358
1999-03-20 17:00:00,6.912,-4.676,4.024,-0.029
1999-03-20 18:00:00,6.574,-3.498,4.842,2.266
1999-03-20 19:00:00,6.691,-4.391,1.26,4.554
1999-03-20 20:00:00,6.844,-4.586,0.797,4.972
1999-03-20 21:00:00,6.846,-5.008,2.16,4.028
1999-03-20 22:00:00,7.099,-5.066,3.336,3.458
1999-03-20 23:00:00,6.933,-4.808,4.436,2.129
1999-03-21 00:00:00,6.937,-5.845,2.036,2.206
1999-03-21 01:00:00,6.864,-4.469,3.596,2.404
1999-03-21 02:00:00,6.912,-4.031,5.283,0.305
1999-03-21 03:00:00,7.227,-3.961,5.957,0.023
1999-03-21 04:00:00,7.701,-3.972,6.325,-1.414
1999-03-21 05:00:00,8.399,-5.084,6.503,0.707
1999-03-21 06:00:00,8.396,-3.278,6.008,4.172
1999-03-21 07:00:00,9.72,-3.062,7.846,4.595
1999-03-21 08:00:00,9.318,-4.186,7.728,-0.033
1999-03-21 09:00:00,9.144,-4.391,7.017,-2.525
1999-03-21 10:00:00,9.028,-2.089,7.583,3.837
1999-03-21 11:00:00,8.644,-4.628,3.691,-5.01
1999-03-21 12:00:00,9.156,-2.046,6.892,3.521
1999-03-21 13:00:00,9.314,-5.583,6.92,1.859
1999-03-21 14:00:00,8.967,-3.864,7.576,0.831
1999-03-21 15:00:00,9.581,-2.433,8.893,2.063
1999-03-21 16:00:00,10.026,-4.296,8.961,0.426
1999-03-21 17:00:00,10.389,-2.431,9.203,-0.817
1999-03-21 18:00:00,11.761,-6.027,3.429,9.314
1999-03-21 19:00:00,11.41,-5.703,1.588,9.619
1999-03-21 20:00:00,11.117,-4.215,6.201,8.088
1999-03-21 21:00:00,11.238,-4.658,6.873,7.439
1999-03-21 22:00:00,10.83,-1.457,8.68,5.483
1999-03-21 23:00:00,10.55,0.329,8.787,5.094
1999-03-22 00:00:00,10.635,-1.25,9.387,4.237
1999-03-22 01:00:00,10.715,-5.913,6.263,5.848
1999-03-22 02:00:00,10.807,-9.221,1.652,5.011
1999-03-22 03:00:00,11.32,-10.066,1.661,4.649
1999-03-22 04:00:00,11.376,-9.765,3.168,4.782
1999-03-22 05:00:00,11.343,-9.749,2.958,4.885
1999-03-22 06:00:00,11.585,-10.01,3.623,4.486
1999-03-22 07:00:00,11.42,-9.818,5.015,2.752
1999-03-22 08:00:00,11.648,-9.246,6.706,2.115
1999-03-22 09:00:00,11.399,-9.95,5.355,1.253
1999-03-22 10:00:00,11.345,-9.003,6.536,1.632
1999-03-22 11:00:00,11.448,-8.375,6.9,3.016
1999-03-22 12:00:00,11.795,-8.172,7.121,1.311
1999-03-22 13:00:00,12.091,-9.777,5.157,-3.14
1999-03-22 14:00:00,12.175,-8.556,8.075,2.597
1999-03-22 15:00:00,10.97,-5.974,7.691,0.11
1999-03-22 16:00:00,10.153,-7.57,6.328,-1.588
1999-03-22 17:00:00,10.548,-6.865,6.57,1.56
1999-03-22 18:00:00,10.234,-5.884,2.674,5.954
1999-03-22 19:00:00,10.262,-7.748,3.563,5.591
1999-03-22 20:00:00,10.653,-8.186,2.562,6.183
1999-03-22 21:00:00,11.303,-7.72,3.267,7.35
1999-03-22 22:00:00,11.327,-7.474,4.593,7.125
1999-03-22 23:00:00,11.16,-7.913,3.558,6.907
1999-03-23 00:00:00,11.345,-8.166,0.08,7.673
1999-03-23 01:00:00,11.16,-7.231,4.354,6.44
1999-03-23 02:00:00,10.486,-5.291,-2.832,6.954
1999-03-23 03:00:00,11.118,-7.599,0.273,6.194
1999-03-23 04:00:00,11.768,-7.037,8.768,2.529
1999-03-23 05:00:00,12.14,-6.95,8.25,4.389
1999-03-23 06:00:00,11.828,-6.934,7.68,4.723
1999-03-23 07:00:00,11.645,-7.419,7.644,4.23
1999-03-23 08:00:00,11.291,-6.38,8.38,1.29
1999-03-23 09:00:00,9.898,-5.791,5.738,1.162
1999-03-23 10:00:00,7.651,-5.334,1.613,1.861
1999-03-23 11:00:00,8.325,-3.808,5.17,-0.079
1999-03-23 12:00:00,9.165,-5.078,5.104,2.9
1999-03-23 13:00:00,9.004,-4.808,5.271,3.621
1999-03-23 14:00:00,8.866,-3.156,7.564,0.018
1999-03-23 15:00:00,8.495,-4.456,5.294,2.466
1999-03-23 16:00:00,8.785,-2.727,6.34,2.232
1999-03-23 17:00:00,8.459,-3.918,5.268,2.507
1999-03-23 18:00:00,8.159,-2.044,6.341,2.093
1999-03-23 19:00:00,8.059,-4.294,5.143,-0.782
1999-03-23 20:00:00,7.871,-0.737,6.944,-1.756
1999-03-23 21:00:00,8.143,-5.067,5.304,1.612
1999-03-23 22:00:00,8.125,-6.73,2.175,3.367
1999-03-23 23:00:00,7.036,-4.576,0.426,4.157
1999-03-24 00:00:00,6.626,-1.923,-1.021,3.097
1999-03-24 01:00:00,6.462,-1.069,5.54,2.546
1999-03-24 02:00:00,6.698,-0.197,5.735,2.834
1999-03-24 03:00:00,6.08,-2.844,4.538,0.135
1999-03-24 04:00:00,5.869,-3.071,1.462,3.741
1999-03-24 05:00:00,5.854,-4.918,0.499,2.519
1999-03-24 06:00:00,5.754,-3.564,1.344,2.166
1999-03-24 07:00:00,5.438,-3.724,1.668,-0.598
1999-03-24 08:00:00,4.953,-1.617,2.291,-1.319
1999-03-24 09:00:00,5.316,0.813,4.164,-1.268
1999-03-24 10:00:00,5.82,-2.449,2.159,2.365
1999-03-24 11:00:00,6.025,-3.468,1.639,4.284
1999-03-24 12:00:00,5.75,-4.326,2.826,1.952
1999-03-24 13:00:00,5.259,-2.963,3.132,2.469
1999-03-24 14:00:00,4.5,-0.326,4.031,0.613
1999-03-24 15:00:00,4.71,-1.992,2.288,2.242
1999-03-24 16:00:00,5.303,-1.702,1.938,4.224
1999-03-24 17:00:00,5.101,0.337,4.193,1.857
1999-03-24 18:00:00,4.488,3.18,2.775,-0.441
1999-03-24 19:00:00,4.175,0.551,3.127,1.664
1999-03-24 20:00:00,4.592,0.916,2.497,1.998
1999-03-24 21:00:00,4.984,2.335,3.159,2.491
1999-03-24 22:00:00,5.146,0.968,3.2,3.739
1999-03-24 23:00:00,5.255,2.509,3.289,2.935
1999-03-25 00:00:00,5.07,2.216,3.105,1.922
1999-03-25 01:00:00,4.833,-3.881,-0.382,2.146
1999-03-25 02:00:00,4.85,-4.596,0.172,1.044
1999-03-25 03:00:00,5.306,-3.381,3.228,2.365
1999-03-25 04:00:00,2.756,-1.629,0.743,0.568
1999-03-25 05:00:00,3.412,-0.429,2.4,0.222
1999-03-25 06:00:00,5.797,-0.906,5.231,1.807
1999-03-25 07:00:00,6.785,-2.011,5.876,1.602
1999-03-25 08:00:00,7.802,-2.876,7.012,-0.055
1999-03-25 09:00:00,8.75,-3.226,4.844,4.262
1999-03-25 10:00:00,9.707,-2.632,6.894,5.8
1999-03-25 11:00:00,9.841,-2.997,7.692,5.03
1999-03-25 12:00:00,10.045,-2.662,9.046,3.166
1999-03-25 13:00:00,10.205,-2.844,8.347,4.167
1999-03-25 14:00:00,10.174,-2.723,5.628,5.357
1999-03-25 15:00:00,10.231,0.952,8.902,1.122
1999-03-25 16:00:00,12.176,0.827,6.424,-9.168
1999-03-25 17:00:00,11.913,-1.573,8.182,-8.261
1999-03-25 18:00:00,12.542,-2.138,11.305,-4.538
1999-03-25 19:00:00,12.598,-3.191,11.719,-3.015
1999-03-25 20:00:00,12.077,-3.526,11.345,-1.634
1999-03-25 21:00:00,12.215,-5.852,8.919,4.932
1999-03-25 22:00:00,11.377,-3.71,4.797,8.421
1999-03-25 23:00:00,10.873,-4.836,1.077,9.144
1999-03-26 00:00:00,10.785,-6.614,7.564,1.882
1999-03-26 01:00:00,10.524,-6.661,5.548,5.557
1999-03-26 02:00:00,9.434,-5.74,3.911,5.256
1999-03-26 03:00:00,9.467,-4.13,7.056,0.966
1999-03-26 04:00:00,8.821,-5.254,5.606,0.722
1999-03-26 05:00:00,8.514,-4.482,5.609,2.057
1999-03-26 06:00:00,8.338,-2.491,6.273,-1.218
1999-03-26 07:00:00,7.398,-4.184,4.789,0.981
1999-03-26 08:00:00,6.12,-3.418,1.63,1.927
1999-03-26 09:00:00,5.973,-3.768,-3.573,1.37
1999-03-26 10:00:00,5.564,-4.519,-1.804,-1.596
1999-03-26 11:00:00,5.411,-4.418,-2.431,-1.209
1999-03-26 12:00:00,5.451,-4.792,2.253,-0.096
1999-03-26 13:00:00,5.344,-3.897,3.359,0.08
1999-03-26 14:00:00,5.182,-2.97,3.129,0.84
1999-03-26 15:00:00,5.422,-4.839,1.598,0.788
1999-03-26 16:00:00,5.283,-4.844,0.226,1.034
1999-03-26 17:00:00,5.539,-4.036,3.142,1.578
1999-03-26 18:00:00,5.438,-3.02,3.595,2.303
1999-03-26 19:00:00,5.578,-2.842,4.19,2.138
1999-03-26 20:00:00,5.334,-2.541,3.658,2.21
1999-03-26 21:00:00,5.378,0.194,-0.685,4.799
1999-03-26 22:00:00,5.767,-1.038,0.649,5.141
1999-03-26 23:00:00,5.942,-1.797,3.893,3.798
1999-03-27 00:00:00,5.861,-2.465,4.918,1.086
1999-03-27 01:00:00,5.622,-2.265,4.911,1.265
1999-03-27 02:00:00,5.036,-1.585,3.422,2.428
1999-03-27 03:00:00,4.433,-2.836,2.244,-0.976
1999-03-27 04:00:00,4.575,-0.965,3.972,1.233
1999-03-27 05:00:00,4.545,-1.612,3.677,0.944
1999-03-27 06:00:00,4.142,-1.274,2.774,1.886
1999-03-27 07:00:00,4.051,-1.719,2.124,2.551
1999-03-27 08:00:00,3.796,-2.297,2.294,0.086
1999-03-27 09:00:00,4.346,-0.53,3.829,1.464
1999-03-27 10:00:00,4.241,-2.546,2.705,1.48
1999-03-27 11:00:00,4.292,-0.821,3.626,1.757
1999-03-27 12:00:00,3.944,1.043,3.513,0.245
1999-03-27 13:00:00,4.133,1.06,2.83,1.908
1999-03-27 14:00:00,3.744,-2.313,2.262,0.686
1999-03-27 15:00:00,4.138,-3.69,1.418,0.964
1999-03-27 16:00:00,4.205,-3.849,1.256,0.966
1999-03-27 17:00:00,4.319,-1.575,2.412,2.523
1999-03-27 18:00:00,4.194,-0.659,3.489,1.625
1999-03-27 19:00:00,3.624,-0.697,1.029,-0.987
1999-03-27 20:00:00,4.266,-2.75,1.664,1.227
1999-03-27 21:00:00,4.499,-3.219,1.535,-2.526
1999-03-27 22:00:00,4.75,-4.181,1.875,-1.04
1999-03-27 23:00:00,4.975,-4.148,0.985,-2.337
1999-03-28 00:00:00,4.919,-3.943,0.393,-2.782
1999-03-28 01:00:00,4.813,-4.058,0.14,-1.994
1999-03-28 02:00:00,4.334,-1.927,3.486,-0.235
1999-03-28 03:00:00,4.665,-3.646,1.874,-1.519
1999-03-28 04:00:00,4.632,-3.805,0.309,-2.203
1999-03-28 05:00:00,4.626,-3.447,2.509,0.42
1999-03-28 06:00:00,4.727,-3.399,3.112,0.29
1999-03-28 07:00:00,4.871,-4.28,1.365,-1.114
1999-03-28 08:00:00,4.634,-3.47,1.271,-2.633
1999-03-28 09:00:00,4.412,-3.431,1.577,-2.068
1999-03-28 10:00:00,4.362,-3.195,1.011,-1.23
1999-03-28 11:00:00,4.475,-2.773,-0.667,-1.87
1999-03-28 12:00:00,4.846,-3.737,0.796,-1.71
1999-03-28 13:00:00,4.972,-3.82,-0.897,0.004
1999-03-28 14:00:00,5.255,-3.378,1.683,3.001
1999-03-28 15:00:00,5.068,-1.21,1.587,3.416
1999-03-28 16:00:00,4.426,0.069,2.864,2.126
1999-03-28 17:00:00,5.679,-0.354,2.662,3.458
1999-03-28 18:00:00,6.278,-2.32,3.208,3.714
1999-03-28 19:00:00,7.906,-4.066,5.353,4.048
1999-03-28 20:00:00,8.509,-6.241,4.706,3.045
1999-03-28 21:00:00,8.552,-5.647,4.933,3.297
1999-03-28 22:00:00,7.722,-3.3,4.969,4.395
1999-03-28 23:00:00,6.989,4.381,-3.264,-2.54
1999-03-29 00:00:00,7.246,5.232,-4.005,-1.303
1999-03-29 01:00:00,7.668,0.924,-4.006,5.998
1999-03-29 02:00:00,7.589,2.938,-3.587,4.461
1999-03-29 03:00:00,4.806,-0.856,0.976,-0.728
1999-03-29 04:00:00,6.406,-0.18,2.274,-5.39
1999-03-29 05:00:00,3.543,-0.511,0.115,0.598
1999-03-29 06:00:00,5.652,-2.049,1.228,3.72
1999-03-29 07:00:00,9.975,7.097,-5.115,-2.712
1999-03-29 08:00:00,11.734,8.732,-5.023,5.045
1999-03-29 09:00:00,13.245,7.705,-5.51,8.356
1999-03-29 10:00:00,12.576,8.27,-5.928,2.569
1999-03-29 11:00:00,11.852,2.915,0.696,-10.919
1999-03-29 12:00:00,11.517,4.729,-0.009,-10.108
1999-03-29 13:00:00,10.145,7.242,-3.951,-1.593
1999-03-29 14:00:00,9.419,7.724,-2.899,3.097
1999-03-29 15:00:00,7.796,5.757,-1.794,4.607
1999-03-29 16:00:00,7.58,6.176,-2.922,2.767
1999-03-29 17:00:00,7.957,2.439,-3.16,3.524
1999-03-29 18:00:00,9.884,4.412,-4.521,0.491
1999-03-29 19:00:00,10.321,5.333,-6.68,4.83
1999-03-29 20:00:00,10.454,7.486,-5.224,-0.671
1999-03-29 21:00:00,10.445,8.577,-3.936,-2.065
1999-03-29 22:00:00,10.447,8.445,-3.121,-2.709
1999-03-29 23:00:00,9.869,8.621,-0.977,-2.716
1999-03-30 00:00:00,9.732,7.148,-2.482,-1.639
1999-03-30 01:00:00,11.676,7.817,-4.774,2.564
1999-03-30 02:00:00,10.507,6.547,-1.478,6.07
1999-03-30 03:00:00,9.539,6.416,1.887,5.372
1999-03-30 04:00:00,9.398,7.428,2.503,3.218
1999-03-30 05:00:00,9.997,7.967,-1.236,-1.13
1999-03-30 06:00:00,10.024,5.884,-2.925,-6.243
1999-03-30 07:00:00,8.841,6.833,-3.693,-2.466
1999-03-30 08:00:00,8.872,2.823,-7.835,0.909
1999-03-30 09:00:00,8.018,4.174,-3.634,-2.812
1999-03-30 10:00:00,8.112,1.914,-5.654,3.426
1999-03-30 11:00:00,8.629,2.298,-5.789,2.021
1999-03-30 12:00:00,8.269,5.17,-5.345,-0.153
1999-03-30 13:00:00,8.312,5.48,-5.147,-2.28
1999-03-30 14:00:00,8.348,5.383,-3.856,0.911
1999-03-30 15:00:00,9.039,5.861,-5.337,-0.672
1999-03-30 16:00:00,9.262,4.466,-4.31,-5.499
1999-03-30 17:00:00,8.715,6.943,-4.565,-1.012
1999-03-30 18:00:00,8.508,5.628,-3.443,-3.705
1999-03-30 19:00:00,7.827,5.891,-1.988,-4.069
1999-03-30 20:00:00,5.668,5.141,-0.409,-2.133
1999-03-30 21:00:00,5.902,4.503,-1.149,-2.033
1999-03-30 22:00:00,5.731,1.129,-2.591,-3.144
1999-03-30 23:00:00,5.677,-1.105,2.171,-2.711
1999-03-31 00:00:00,5.929,3.153,4.557,1.042
1999-03-31 01:00:00,6.127,3.201,-0.718,-2.207
1999-03-31 02:00:00,6.237,3.215,-4.318,-2.377
1999-03-31 03:00:00,6.213,2.135,-5.229,-1.988
1999-03-31 04:00:00,6.395,4.438,-3.012,1.821
1999-03-31 05:00:00,6.587,4.199,-3.669,-1.83
1999-03-31 06:00:00,6.089,2.563,-3.612,-0.427
1999-03-31 07:00:00,6.086,1.536,-2.556,-1.171
1999-03-31 08:00:00,5.533,2.603,0.434,-3.629
1999-03-31 09:00:00,6.594,4.905,3.322,-2.052
1999-03-31 10:00:00,8.196,7.927,0.032,-0.632
1999-03-31 11:00:00,7.051,4.218,-3.992,-1.919
1999-03-31 12:00:00,6.859,2.797,-5.18,-1.456
1999-03-31 13:00:00,6.916,3.484,-5.389,-1.919
1999-03-31 14:00:00,6.828,3.566,-5.456,-1.032
1999-03-31 15:00:00,6.365,4.117,-3.758,-0.33
1999-03-31 16:00:00,5.139,0.14,-2.816,1.897
1999-03-31 17:00:00,6.802,3.898,-4.674,-0.387
1999-03-31 18:00:00,7.419,4.113,-5.267,-1.321
1999-03-31 19:00:00,7.665,2.162,-6.005,1.317
1999-03-31 20:00:00,8.784,1.615,-7.789,0.091
1999-03-31 21:00:00,8.658,3.727,-5.86,-4.422
1999-03-31 22:00:00,8.24,1.945,-5.536,-4.365
1999-03-31 23:00:00,7.829,3.758,-3.149,-5.523
1999-04-01 00:00:00,8.849,5.24,-3.742,-5.367
1999-04-01 01:00:00,10.63,5.254,-6.46,-5.567
1999-04-01 02:00:00,10.518,5.367,-7.102,-3.885
1999-04-01 03:00:00,10.627,1.518,-7.785,-2.811
1999-04-01 04:00:00,9.873,6.67,-4.573,-1.349
1999-04-01 05:00:00,9.261,1.697,-8.646,0.402
1999-04-01 06:00:00,9.52,-1.133,-9.053,1.564
1999-04-01 07:00:00,9.314,-2.592,-8.484,2.791
1999-04-01 08:00:00,8.679,-3.554,-7.123,3.281
1999-04-01 09:00:00,7.621,0.216,-7.325,1.215
1999-04-01 10:00:00,7.198,0.475,-6.532,2.439
1999-04-01 11:00:00,7.436,-1.267,-6.615,2.886
1999-04-01 12:00:00,7.361,1.737,-6.92,1.487
1999-04-01 13:00:00,6.843,1.612,-6.079,0.969
1999-04-01 14:00:00,6.215,4.102,-4.476,-0.876
1999-04-01 15:00:00,5.768,2.348,-5.244,-0.175
1999-04-01 16:00:00,5.754,1.956,-5.281,-0.371
1999-04-01 17:00:00,6.534,-0.404,-6.309,0.068
1999-04-01 18:00:00,6.36,0.446,-6.124,1.375
1999-04-01 19:00:00,6.535,0.78,-6.003,2.202
1999-04-01 20:00:00,6.292,1.728,-5.292,2.708
1999-04-01 21:00:00,5.927,3.828,-4.136,1.494
1999-04-01 22:00:00,5.876,4.114,-3.68,-0.637
1999-04-01 23:00:00,5.717,4.713,-2.172,1.655
1999-04-02 00:00:00,5.22,4.681,-0.869,1.35
1999-04-02 01:00:00,5.098,4.797,0.512,1.096
1999-04-02 02:00:00,5.164,4.068,-1.118,-0.867
1999-04-02 03:00:00,5.296,2.33,-1.932,-3.703
1999-04-02 04:00:00,4.966,4.42,-0.69,-1.628
1999-04-02 05:00:00,5.194,3.499,-3.299,-0.913
1999-04-02 06:00:00,5.963,1.899,-4.852,-1.798
1999-04-02 07:00:00,6.286,1.796,-5.663,0.19
1999-04-02 08:00:00,6.836,-0.94,-6.311,-0.486
1999-04-02 09:00:00,7.376,-0.305,-6.825,1.59
1999-04-02 10:00:00,7.448,-0.639,-6.906,1.761
1999-04-02 11:00:00,7.441,3.061,-4.47,-0.533
1999-04-02 12:00:00,8.435,1.313,-7.666,0.321
1999-04-02 13:00:00,8.857,-0.03,-8.355,0.611
1999-04-02 14:00:00,8.492,-0.43,-7.599,1.406
1999-04-02 15:00:00,8.632,-3.211,-6.157,2.483
1999-04-02 16:00:00,7.553,-1.395,-5.605,1.803
1999-04-02 17:00:00,7.577,0.618,-3.739,-0.004
1999-04-02 18:00:00,8.623,1.827,-4.137,3.222
1999-04-02 19:00:00,8.77,1.671,-6.54,-0.384
1999-04-02 20:00:00,7.271,0.622,-0.089,6.39
1999-04-02 21:00:00,6.783,1.486,-1.993,5.572
1999-04-02 22:00:00,5.808,4.363,-0.106,1.812
1999-04-02 23:00:00,6.048,0.844,-1.057,5.191
1999-04-03 00:00:00,6.102,1.901,-3.609,-2.378
1999-04-03 01:00:00,6.029,3.849,-3.663,-0.339
1999-04-03 02:00:00,6.945,4.946,-3.836,-0.905
1999-04-03 03:00:00,7.696,5.272,-4.642,-2.063
1999-04-03 04:00:00,7.679,4.962,-5.241,-2.065
1999-04-03 05:00:00,7.424,1.514,-5.979,-3.401
1999-04-03 06:00:00,7.376,2.595,-5.758,-3.079
1999-04-03 07:00:00,7.093,2.369,-5.179,-3.927
1999-04-03 08:00:00,6.735,1.979,-5.531,-2.963
1999-04-03 09:00:00,5.536,1.832,-4.761,-1.545
1999-04-03 10:00:00,5.446,2.733,-3.561,-2.467
1999-04-03 11:00:00,5.046,2.943,-1.484,2.39
1999-04-03 12:00:00,4.637,1.888,-1.673,1.605
1999-04-03 13:00:00,4.706,1.554,-3.399,0.681
1999-04-03 14:00:00,5.244,1.425,-2.605,0.643
1999-04-03 15:00:00,5.756,1.395,-4.959,0.44
1999-04-03 16:00:00,5.746,2.246,-0.243,3.489
1999-04-03 17:00:00,5.103,-1.318,-2.166,-2.267
1999-04-03 18:00:00,5.637,0.716,-3.621,-2.508
1999-04-03 19:00:00,5.169,1.05,0.1,-1.072
1999-04-03 20:00:00,4.607,1.307,-3.049,0.027
1999-04-03 21:00:00,4.01,1.857,-2.235,-0.326
1999-04-03 22:00:00,4.477,1.625,-0.756,-2.389
1999-04-03 23:00:00,3.73,0.875,0.141,-2.702
1999-04-04 00:00:00,3.931,-0.125,-1.34,-2.28
1999-04-04 01:00:00,4.845,-1.277,-3.721,-0.417
1999-04-04 02:00:00,4.954,-1.362,-3.981,-1.785
1999-04-04 03:00:00,4.839,0.777,-2.931,-2.438
1999-04-04 04:00:00,5.007,0.445,-2.906,-2.844
1999-04-04 05:00:00,4.578,2.834,-0.089,-0.905
1999-04-04 06:00:00,5.129,3.63,1.642,-1.826
1999-04-04 07:00:00,5.438,1.908,-0.294,-3.684
1999-04-04 08:00:00,4.987,3.759,-2.225,-1.008
1999-04-04 09:00:00,5.222,4.35,-2.052,1.429
1999-04-04 10:00:00,5.823,4.597,-1.759,2.158
1999-04-04 11:00:00,6.514,3.264,0.565,-3.385
1999-04-04 12:00:00,7.516,3.791,2.597,-4.805
1999-04-04 13:00:00,7.248,5.37,-2.28,0.873
1999-04-04 14:00:00,7.961,5.1,-4.994,2.505
1999-04-04 15:00:00,6.922,3.642,-3.966,0.749
1999-04-04 16:00:00,7.943,4.895,-4.269,2.296
1999-04-04 17:00:00,8.341,5.225,-5.809,-0.191
1999-04-04 18:00:00,8.052,2.7,-4.048,-3.631
1999-04-04 19:00:00,7.113,4.029,-3.092,-1.456
1999-04-04 20:00:00,6.674,5.313,-1.97,-1.297
1999-04-04 21:00:00,6.739,6.132,-1.407,-0.33
1999-04-04 22:00:00,6.365,5.125,-2.947,-1.772
1999-04-04 23:00:00,5.246,3.787,-1.776,-1.721
1999-04-05 00:00:00,4.55,-1.736,2.238,0.039
1999-04-05 01:00:00,3.674,1.136,0.943,-0.109
1999-04-05 02:00:00,3.966,-1.267,3.34,-0.271
1999-04-05 03:00:00,4.082,-0.789,2.964,-0.984
1999-04-05 04:00:00,4.197,2.277,0.577,1.905
1999-04-05 05:00:00,4.421,1.909,-1.025,-3.405
1999-04-05 06:00:00,4.411,2.345,-2.782,-1.541
1999-04-05 07:00:00,4.944,4.226,-1.27,-1.044
1999-04-05 08:00:00,4.925,4.251,-2.071,-0.109
1999-04-05 09:00:00,4.977,3.425,-2.205,-0.118
1999-04-05 10:00:00,5.49,2.159,-0.87,-3.776
1999-04-05 11:00:00,5.489,2.569,0.994,-3.372
1999-04-05 12:00:00,5.652,4.581,-1.88,-1.164
1999-04-05 13:00:00,5.37,3.157,-2.819,-1.279
1999-04-05 14:00:00,5.337,3.574,-1.875,-1.538
1999-04-05 15:00:00,5.191,4.284,1.131,-1.145
1999-04-05 16:00:00,5.256,4.885,-0.028,1.024
1999-04-05 17:00:00,5.007,3.252,-2.166,0.731
1999-04-05 18:00:00,4.916,3.398,-3.256,0.838
1999-04-05 19:00:00,4.788,3.28,-3.161,0.907
1999-04-05 20:00:00,4.504,4.068,-1.561,0.691
1999-04-05 21:00:00,4.482,3.732,-2.11,0.731
1999-04-05 22:00:00,4.52,3.626,-2.587,0.463
1999-04-05 23:00:00,4.428,4.015,-1.396,0.829
1999-04-06 00:00:00,4.43,4.016,-0.755,-0.394
1999-04-06 01:00:00,4.584,-2.237,-0.274,-3.781
1999-04-06 02:00:00,4.512,-1.721,-1.293,-3.873
1999-04-06 03:00:00,4.224,-1.023,-2.151,-2.842
1999-04-06 04:00:00,4.109,-0.458,-2.707,-2.004
1999-04-06 05:00:00,3.614,-0.203,-2.364,-0.729
1999-04-06 06:00:00,3.63,0.348,-2.198,2.109
1999-04-06 07:00:00,3.759,2.919,-0.888,1.218
1999-04-06 08:00:00,4.06,2.649,0.47,-1.804
1999-04-06 09:00:00,4.222,4.008,0.723,1.019
1999-04-06 10:00:00,4.181,3.679,0.052,0.892
1999-04-06 11:00:00,4.05,3.054,-1.762,0.009
1999-04-06 12:00:00,4.246,2.55,-2.632,-0.375
1999-04-06 13:00:00,4.481,2.99,-2.287,-0.866
1999-04-06 14:00:00,4.462,2.553,-2.398,-2.139
1999-04-06 15:00:00,4.288,2.735,-1.758,-1.845
1999-04-06 16:00:00,4.223,2.53,-3.188,-0.345
1999-04-06 17:00:00,4.303,3.509,-2.314,-0.124
1999-04-06 18:00:00,4.469,4.293,-0.941,0.288
1999-04-06 19:00:00,4.424,3.423,-1.983,-1.63
1999-04-06 20:00:00,4.521,3.793,-1.54,-1.772
1999-04-06 21:00:00,4.373,2.368,-2.442,-2.487
1999-04-06 22:00:00,4.483,1.444,-2.3,-3.101
1999-04-06 23:00:00,4.605,1.586,-2.031,-3.622
1999-04-07 00:00:00,4.461,-0.232,-2.196,-3.707
1999-04-07 01:00:00,4.569,0.29,-2.089,-3.959
1999-04-07 02:00:00,4.425,-0.528,-2.451,-3.513
1999-04-07 03:00:00,4.626,-0.789,-2.45,-3.66
1999-04-07 04:00:00,4.694,-0.596,-1.98,-4.009
1999-04-07 05:00:00,4.69,-0.566,-2.926,-2.957
1999-04-07 06:00:00,4.604,0.235,-2.997,-3.294
1999-04-07 07:00:00,4.695,0.195,-1.973,-3.786
1999-04-07 08:00:00,4.888,-0.601,-3.822,-2.576
1999-04-07 09:00:00,4.754,0.767,-2.728,-3.325
1999-04-07 10:00:00,4.989,-0.228,-3.693,-3.228
1999-04-07 11:00:00,5.011,0.44,-3.595,-2.582
1999-04-07 12:00:00,4.711,2.181,-0.803,-3.289
1999-04-07 13:00:00,4.609,1.67,-2.279,-3.08
1999-04-07 14:00:00,4.376,1.045,-1.081,-3.623
1999-04-07 15:00:00,4.745,-0.133,-2.604,-3.414
1999-04-07 16:00:00,4.381,0.028,-1.504,-3.543
1999-04-07 17:00:00,4.594,1.067,-3.983,-1.548
1999-04-07 18:00:00,4.542,0.153,-1.82,-3.755
1999-04-07 19:00:00,4.557,1.767,-2.618,-2.367
1999-04-07 20:00:00,4.654,3.375,-2.592,-0.958
1999-04-07 21:00:00,5.039,3.649,-2.795,-1.509
1999-04-07 22:00:00,5.567,4.576,-2.835,1.247
1999-04-07 23:00:00,5.747,4.541,-3.152,1.13
1999-04-08 00:00:00,5.786,4.816,-2.783,-0.356
1999-04-08 01:00:00,5.643,5.295,-1.646,-0.219
1999-04-08 02:00:00,5.365,4.736,-2.343,0.031
1999-04-08 03:00:00,5.278,4.424,-2.638,-0.33
1999-04-08 04:00:00,5.335,4.303,-1.855,-1.156
1999-04-08 05:00:00,4.32,2.904,-0.567,-2.175
1999-04-08 06:00:00,3.371,1.731,-0.023,-2.765
1999-04-08 07:00:00,1.581,0.594,-0.091,-0.75
1999-04-08 08:00:00,1.462,0.619,0.374,-0.428
1999-04-08 09:00:00,1.31,0.548,0.385,-0.801
1999-04-08 10:00:00,2.34,-0.124,0.894,-1.72
1999-04-08 11:00:00,4.17,2.663,-0.155,-2.393
1999-04-08 12:00:00,5.211,3.172,1.078,-2.717
1999-04-08 13:00:00,6.076,2.673,-2.475,-2.808
1999-04-08 14:00:00,8.053,2.575,-6.778,-3.062
1999-04-08 15:00:00,8.005,3.663,-3.74,-5.987
1999-04-08 16:00:00,6.484,1.472,-5.029,-3.212
1999-04-08 17:00:00,6.134,-0.41,-4.962,-1.442
1999-04-08 18:00:00,4.944,-2.898,-2.108,3.298
1999-04-08 19:00:00,3.142,-0.214,-1.312,-0.268
1999-04-08 20:00:00,3.318,0.45,-1.629,-0.224
1999-04-08 21:00:00,5.94,-2.199,-3.963,-0.741
1999-04-08 22:00:00,4.903,0.781,-2.666,1.945
1999-04-08 23:00:00,5.198,2.004,-1.224,4.044
1999-04-09 00:00:00,6.066,-1.461,-2.515,3.716
1999-04-09 01:00:00,4.325,1.74,-0.116,-2.745
1999-04-09 02:00:00,3.824,-1.749,-1.845,1.159
1999-04-09 03:00:00,3.797,-2.937,-1.499,0.845
1999-04-09 04:00:00,4.599,-2.633,-2.627,0.07
1999-04-09 05:00:00,5.537,3.069,-1.338,3.913
1999-04-09 06:00:00,4.768,3.133,2.678,0.626
1999-04-09 07:00:00,5.247,1.91,1.332,4.487
1999-04-09 08:00:00,4.7,3.745,1.169,-0.073
1999-04-09 09:00:00,5.194,3.422,1.027,3.61
1999-04-09 10:00:00,5.604,3.243,0.904,4.437
1999-04-09 11:00:00,6.163,-0.355,-2.813,4.762
1999-04-09 12:00:00,5.533,2.504,-2.608,1.239
1999-04-09 13:00:00,6.162,3.599,-2.403,-0.612
1999-04-09 14:00:00,7.086,2.578,-4.995,-1.243
1999-04-09 15:00:00,6.163,-2.201,1.44,2.918
1999-04-09 16:00:00,6.814,-3.837,2.762,3.615
1999-04-09 17:00:00,5.852,-2.668,3.714,1.489
1999-04-09 18:00:00,5.464,-0.848,4.247,-0.151
1999-04-09 19:00:00,4.957,-1.362,4.315,1.649
1999-04-09 20:00:00,5.007,-1.185,4.046,0.991
1999-04-09 21:00:00,5.935,-3.001,4.414,2.383
1999-04-09 22:00:00,5.725,-3.003,4.48,1.834
1999-04-09 23:00:00,4.476,-0.966,3.573,1.218
1999-04-10 00:00:00,3.701,1.771,3.087,0.588
1999-04-10 01:00:00,4.495,-0.242,4.231,0.933
1999-04-10 02:00:00,5.2,-0.827,4.813,0.206
1999-04-10 03:00:00,7.793,-2.173,7.302,-0.061
1999-04-10 04:00:00,9.455,-2.806,8.964,-0.278
1999-04-10 05:00:00,10.7,-1.418,3.583,-0.399
1999-04-10 06:00:00,10.951,5.723,-2.293,-4.788
1999-04-10 07:00:00,10.466,-8.116,4.584,4.279
1999-04-10 08:00:00,9.054,-4.244,6.45,-2.878
1999-04-10 09:00:00,9.047,-6.367,4.152,1.187
1999-04-10 10:00:00,10.107,-7.447,3.154,5.066
1999-04-10 11:00:00,10.316,-7.494,0.7,6.195
1999-04-10 12:00:00,10.942,-9.5,2.176,4.474
1999-04-10 13:00:00,9.988,-8.009,4.768,-1.77
1999-04-10 14:00:00,8.017,-6.997,1.9,2.411
1999-04-10 15:00:00,7.937,-5.354,-2.328,-1.953
1999-04-10 16:00:00,8.551,-5.848,-0.451,-5.042
1999-04-10 17:00:00,8.897,-7.364,2.869,-3.793
1999-04-10 18:00:00,8.321,-6.837,4.389,0.593
1999-04-10 19:00:00,7.93,-6.01,3.795,2.678
1999-04-10 20:00:00,7.077,-3.992,2.886,0.12
1999-04-10 21:00:00,6.499,-2.823,3.118,-4.027
1999-04-10 22:00:00,7.09,-4.518,5.009,-0.511
1999-04-10 23:00:00,6.426,-4.538,3.86,-1.824
1999-04-11 00:00:00,6.15,-4.565,3.789,-0.555
1999-04-11 01:00:00,6.127,-4.415,3.68,-1.356
1999-04-11 02:00:00,5.093,-3.109,3.341,-0.67
1999-04-11 03:00:00,4.801,-2.876,3.103,1.33
1999-04-11 04:00:00,4.734,-3.09,2.155,2.071
1999-04-11 05:00:00,5.181,-4.371,1.138,-1.743
1999-04-11 06:00:00,4.779,-3.697,1.035,-2.47
1999-04-11 07:00:00,4.912,-3.828,2.771,-0.113
1999-04-11 08:00:00,4.81,-3.207,2.506,-2.192
1999-04-11 09:00:00,4.604,-4.167,1.603,-0.434
1999-04-11 10:00:00,4.731,-4.126,2.153,-0.1
1999-04-11 11:00:00,5.025,-3.65,2.467,-0.327
1999-04-11 12:00:00,4.313,0.62,2.428,-3.153
1999-04-11 13:00:00,4.513,0.629,3.06,-2.502
1999-04-11 14:00:00,4.709,-1.92,3.275,-1.803
1999-04-11 15:00:00,4.83,-3.171,3.358,0.17
1999-04-11 16:00:00,5.12,-4.017,3.051,-0.431
1999-04-11 17:00:00,4.843,-3.781,2.674,-0.462
1999-04-11 18:00:00,4.694,-4.132,1.57,0.127
1999-04-11 19:00:00,4.721,-3.821,2.582,0.181
1999-04-11 20:00:00,5.82,-3.852,3.791,1.374
1999-04-11 21:00:00,5.535,-2.306,3.694,1.667
1999-04-11 22:00:00,5.505,0.491,4.969,-0.305
1999-04-11 23:00:00,6.289,2.279,4.775,-3.037
1999-04-12 00:00:00,5.767,-4.243,2.938,0.584
1999-04-12 01:00:00,6.184,-4.645,1.934,2.461
1999-04-12 02:00:00,6.728,-4.768,3.828,2.07
1999-04-12 03:00:00,5.921,-3.297,3.866,-0.225
1999-04-12 04:00:00,7.078,-2.375,5.748,0.115
1999-04-12 05:00:00,7.611,-6.626,0.714,2.765
1999-04-12 06:00:00,8.016,-6.099,3.666,2.694
1999-04-12 07:00:00,7.909,-5.401,4.929,0.24
1999-04-12 08:00:00,7.387,-4.4,4.799,1.413
1999-04-12 09:00:00,7.358,-2.296,5.78,-2.954
1999-04-12 10:00:00,6.781,-2.32,5.452,-1.506
1999-04-12 11:00:00,6.712,-4.115,4.422,-0.074
1999-04-12 12:00:00,6.572,-4.513,2.868,3.273
1999-04-12 13:00:00,6.891,-4.815,0.372,4.62
1999-04-12 14:00:00,7.11,-5.348,0.133,4.495
1999-04-12 15:00:00,7.166,0.772,6.261,-1.198
1999-04-12 16:00:00,7.702,-0.679,7.081,2.459
1999-04-12 17:00:00,6.989,-1.237,5.511,2.583
1999-04-12 18:00:00,6.705,-4.483,0.375,4.059
1999-04-12 19:00:00,6.763,0.159,6.016,1.95
1999-04-12 20:00:00,5.264,-0.379,2.653,2.608
1999-04-12 21:00:00,5.248,-2.031,1.439,4.018
1999-04-12 22:00:00,4.721,-1.966,1.695,3.046
1999-04-12 23:00:00,5.03,-3.995,-1.413,2.306
1999-04-13 00:00:00,4.764,-3.206,-2.774,1.773
1999-04-13 01:00:00,4.637,-2.279,-1.611,3.55
1999-04-13 02:00:00,4.595,-3.021,-2.843,1.653
1999-04-13 03:00:00,4.547,-3.465,-0.807,2.564
1999-04-13 04:00:00,4.209,-3.673,0.541,1.751
1999-04-13 05:00:00,3.968,-3.041,1.934,1.108
1999-04-13 06:00:00,3.947,-1.853,3.197,-0.163
1999-04-13 07:00:00,4.024,-2.759,2.094,1.601
1999-04-13 08:00:00,4.331,-2.353,3.099,1.26
1999-04-13 09:00:00,4.807,-0.808,3.726,-0.11
1999-04-13 10:00:00,4.835,0.744,4.616,-0.531
1999-04-13 11:00:00,4.426,-0.382,1.894,2.266
1999-04-13 12:00:00,4.802,-1.219,0.084,4.514
1999-04-13 13:00:00,4.896,-2.743,2.731,0.281
1999-04-13 14:00:00,4.823,-4.368,-0.258,-1.011
1999-04-13 15:00:00,4.892,-4.518,0.948,0.173
1999-04-13 16:00:00,5.211,-5.067,-0.836,-0.042
1999-04-13 17:00:00,5.162,-3.238,-0.621,-2.02
1999-04-13 18:00:00,4.93,-3.206,1.136,1.728
1999-04-13 19:00:00,5.146,-1.075,0.106,4.437
1999-04-13 20:00:00,5.151,-0.512,0.253,4.459
1999-04-13 21:00:00,5.066,-0.5,3.383,0.01
1999-04-13 22:00:00,6.094,-4.612,3.005,0.598
1999-04-13 23:00:00,5.691,-3.24,-0.663,4.353
1999-04-14 00:00:00,5.258,-1.876,-0.231,4.397
1999-04-14 01:00:00,4.929,-0.776,0.584,2.031
1999-04-14 02:00:00,4.999,0.618,3.0,3.254
1999-04-14 03:00:00,5.457,-1.484,3.73,2.163
1999-04-14 04:00:00,5.485,-1.847,1.866,-2.253
1999-04-14 05:00:00,5.419,-1.21,-1.761,-4.289
1999-04-14 06:00:00,5.341,-4.141,0.21,-0.409
1999-04-14 07:00:00,4.462,-2.791,1.395,-1.399
1999-04-14 08:00:00,4.449,-1.093,-0.964,-2.27
1999-04-14 09:00:00,4.349,-1.042,3.068,0.176
1999-04-14 10:00:00,4.66,-3.339,1.46,1.651
1999-04-14 11:00:00,4.667,-2.696,-0.507,0.759
1999-04-14 12:00:00,5.074,-4.375,0.059,0.744
1999-04-14 13:00:00,5.36,-4.338,2.68,-0.468
1999-04-14 14:00:00,6.089,-2.61,4.825,-1.763
1999-04-14 15:00:00,6.557,-1.66,5.59,-2.304
1999-04-14 16:00:00,6.268,-1.366,5.421,-1.875
1999-04-14 17:00:00,6.284,-1.623,5.095,0.705
1999-04-14 18:00:00,5.985,-0.166,4.124,2.134
1999-04-14 19:00:00,5.356,-2.87,-2.443,1.504
1999-04-14 20:00:00,5.487,-4.504,-0.973,0.799
1999-04-14 21:00:00,5.81,-2.861,3.086,3.121
1999-04-14 22:00:00,6.116,-1.095,4.757,2.594
1999-04-14 23:00:00,6.292,-0.765,5.762,1.128
1999-04-15 00:00:00,6.174,-0.919,5.449,1.533
1999-04-15 01:00:00,5.926,0.168,5.09,0.585
1999-04-15 02:00:00,5.625,-2.168,4.036,2.7
1999-04-15 03:00:00,5.82,-2.087,3.181,3.535
1999-04-15 04:00:00,5.506,-2.023,4.253,1.124
1999-04-15 05:00:00,5.251,-0.05,4.405,0.763
1999-04-15 06:00:00,4.911,-2.154,2.991,1.907
1999-04-15 07:00:00,4.608,-0.818,3.384,0.864
1999-04-15 08:00:00,4.752,0.066,3.023,-0.732
1999-04-15 09:00:00,5.04,-1.763,2.325,1.852
1999-04-15 10:00:00,5.224,-2.615,2.537,2.447
1999-04-15 11:00:00,5.518,-1.583,3.383,3.232
1999-04-15 12:00:00,5.426,-3.22,1.757,3.567
1999-04-15 13:00:00,5.546,-3.571,0.775,3.878
1999-04-15 14:00:00,5.687,-3.904,0.255,3.908
1999-04-15 15:00:00,5.212,-3.282,2.566,2.054
1999-04-15 16:00:00,5.6,-1.689,0.952,3.867
1999-04-15 17:00:00,5.614,-3.417,0.809,2.328
1999-04-15 18:00:00,5.537,-1.982,3.872,1.42
1999-04-15 19:00:00,5.993,-1.06,-0.219,5.013
1999-04-15 20:00:00,6.25,-2.685,1.115,4.797
1999-04-15 21:00:00,6.224,-0.98,4.22,3.216
1999-04-15 22:00:00,6.077,-1.878,5.028,-0.57
1999-04-15 23:00:00,6.082,-0.462,2.639,5.089
1999-04-16 00:00:00,5.995,-1.561,4.831,1.975
1999-04-16 01:00:00,5.748,-1.71,4.804,0.934
1999-04-16 02:00:00,5.506,-1.701,4.55,-0.186
1999-04-16 03:00:00,5.632,-0.595,4.967,1.365
1999-04-16 04:00:00,5.862,-1.073,5.48,1.143
1999-04-16 05:00:00,6.383,-1.744,5.111,2.626
1999-04-16 06:00:00,6.703,0.368,1.552,6.411
1999-04-16 07:00:00,6.668,-2.305,2.657,5.49
1999-04-16 08:00:00,6.789,-3.151,3.134,4.832
1999-04-16 09:00:00,6.808,-3.117,5.438,2.394
1999-04-16 10:00:00,8.539,-2.949,7.378,1.433
1999-04-16 11:00:00,11.736,-1.748,8.017,2.961
1999-04-16 12:00:00,9.601,-0.903,-6.443,5.865
1999-04-16 13:00:00,6.086,1.136,2.494,2.675
1999-04-16 14:00:00,4.819,0.466,0.001,1.399
1999-04-16 15:00:00,5.482,4.872,-0.002,0.678
1999-04-16 16:00:00,6.189,6.093,0.027,-0.844
1999-04-16 17:00:00,5.918,4.382,1.51,0.116
1999-04-16 18:00:00,8.948,-6.595,-4.09,-4.003
1999-04-16 19:00:00,11.395,-6.717,-8.105,-4.249
1999-04-16 20:00:00,11.973,-5.586,-10.018,-2.988
1999-04-16 21:00:00,12.172,-4.553,-6.952,-7.457
1999-04-16 22:00:00,14.473,-7.889,-6.393,-9.84
1999-04-16 23:00:00,15.601,-10.247,-6.232,-9.854
1999-04-17 00:00:00,16.741,-10.997,-3.762,-11.795
1999-04-17 01:00:00,18.546,-11.752,-1.677,-13.93
1999-04-17 02:00:00,19.874,-13.766,6.647,-12.595
1999-04-17 03:00:00,21.519,-13.667,12.249,-11.139
1999-04-17 04:00:00,22.262,-11.816,16.551,-8.862
1999-04-17 05:00:00,23.172,-11.452,18.63,-7.105
1999-04-17 06:00:00,23.922,-13.35,19.28,-4.531
1999-04-17 07:00:00,24.303,-12.63,20.256,-4.26
1999-04-17 08:00:00,24.58,-13.091,19.913,-5.566
1999-04-17 09:00:00,24.277,-12.666,20.446,-0.694
1999-04-17 10:00:00,22.451,-11.982,18.505,3.855
1999-04-17 11:00:00,20.786,-11.734,16.554,4.155
1999-04-17 12:00:00,19.238,-10.916,15.276,3.95
1999-04-17 13:00:00,17.862,-9.746,14.108,4.841
1999-04-17 14:00:00,16.587,-9.162,12.466,5.889
1999-04-17 15:00:00,14.721,-8.083,9.709,7.481
1999-04-17 16:00:00,12.61,-5.356,8.36,7.608
1999-04-17 17:00:00,11.59,-3.745,7.245,8.146
1999-04-17 18:00:00,10.288,-1.389,4.029,9.135
1999-04-17 19:00:00,8.271,-1.423,4.368,6.255
1999-04-17 20:00:00,6.992,5.108,-3.392,2.099
1999-04-17 21:00:00,6.638,4.261,-4.932,0.401
1999-04-17 22:00:00,7.878,2.962,-6.666,-0.615
1999-04-17 23:00:00,8.039,1.357,-7.427,0.025
1999-04-18 00:00:00,5.113,0.174,-3.981,1.288
1999-04-18 01:00:00,5.397,-3.007,-0.083,3.977
1999-04-18 02:00:00,7.333,-2.739,-1.343,5.64
1999-04-18 03:00:00,6.567,-0.464,-4.722,1.699
1999-04-18 04:00:00,7.027,-3.022,-4.282,2.936
1999-04-18 05:00:00,8.62,-6.232,0.865,5.424
1999-04-18 06:00:00,8.736,-7.152,-0.167,4.409
1999-04-18 07:00:00,8.871,-6.606,0.317,4.588
1999-04-18 08:00:00,8.781,-8.514,0.092,1.296
1999-04-18 09:00:00,8.323,-7.492,-0.915,-1.442
1999-04-18 10:00:00,7.431,-7.001,-1.213,-0.75
1999-04-18 11:00:00,7.029,-6.745,0.772,-1.41
1999-04-18 12:00:00,7.39,-6.591,2.861,-0.228
1999-04-18 13:00:00,7.556,-5.094,5.175,1.909
1999-04-18 14:00:00,7.644,-4.403,5.437,2.703
1999-04-18 15:00:00,7.27,-5.106,4.008,1.735
1999-04-18 16:00:00,7.268,-3.606,3.801,3.18
1999-04-18 17:00:00,6.363,-4.736,2.318,-1.407
1999-04-18 18:00:00,7.128,-6.059,3.085,1.981
1999-04-18 19:00:00,6.899,-5.774,2.21,2.809
1999-04-18 20:00:00,6.285,-5.016,1.016,3.255
1999-04-18 21:00:00,6.236,-3.217,-2.317,3.936
1999-04-18 22:00:00,6.774,-5.26,1.394,3.229
1999-04-18 23:00:00,7.638,-6.835,2.887,1.566
1999-04-19 00:00:00,7.841,-6.173,0.933,3.966
1999-04-19 01:00:00,8.097,-5.121,0.838,5.437
1999-04-19 02:00:00,8.566,-7.394,1.205,2.104
1999-04-19 03:00:00,8.554,-6.988,3.772,0.84
1999-04-19 04:00:00,8.533,-6.119,5.497,0.785
1999-04-19 05:00:00,8.423,-5.427,5.441,2.374
1999-04-19 06:00:00,8.618,-7.392,3.526,1.577
1999-04-19 07:00:00,9.027,-7.436,2.414,-3.348
1999-04-19 08:00:00,8.061,-4.912,-0.52,-6.015
1999-04-19 09:00:00,6.356,2.438,-2.548,-3.645
1999-04-19 10:00:00,6.348,-1.769,-1.727,-4.193
1999-04-19 11:00:00,5.981,-5.458,-0.326,-0.408
1999-04-19 12:00:00,5.226,-3.448,0.525,2.075
1999-04-19 13:00:00,6.971,1.023,-6.234,-1.236
1999-04-19 14:00:00,6.884,-0.348,-6.333,-1.007
1999-04-19 15:00:00,7.59,-3.734,4.689,2.727
1999-04-19 16:00:00,7.524,-5.623,3.3,2.816
1999-04-19 17:00:00,7.709,-6.876,1.471,1.991
1999-04-19 18:00:00,8.069,-5.032,-2.398,-3.594
1999-04-19 19:00:00,7.73,-3.067,-1.561,-5.615
1999-04-19 20:00:00,7.484,-5.934,0.005,-3.333
1999-04-19 21:00:00,7.712,-6.867,2.173,-1.015
1999-04-19 22:00:00,7.973,-1.212,4.787,5.922
1999-04-19 23:00:00,6.6,-3.538,3.503,0.507
1999-04-20 00:00:00,6.666,-4.776,1.668,-1.883
1999-04-20 01:00:00,7.91,-5.204,2.615,1.019
1999-04-20 02:00:00,8.616,-3.732,3.667,5.687
1999-04-20 03:00:00,7.862,-4.27,4.677,-0.966
1999-04-20 04:00:00,8.061,-5.55,2.581,-4.847
1999-04-20 05:00:00,6.939,-4.487,0.038,-2.487
1999-04-20 06:00:00,7.379,-2.384,1.21,4.692
1999-04-20 07:00:00,7.884,-1.731,2.8,1.767
1999-04-20 08:00:00,8.713,-5.0,4.474,-1.147
1999-04-20 09:00:00,7.556,-3.979,2.64,1.76
1999-04-20 10:00:00,7.88,-3.154,-1.547,-0.464
1999-04-20 11:00:00,8.4,-2.249,3.046,-5.763
1999-04-20 12:00:00,8.344,-4.221,-0.134,-5.758
1999-04-20 13:00:00,8.031,-4.976,1.797,-5.044
1999-04-20 14:00:00,8.113,-2.48,3.003,2.724
1999-04-20 15:00:00,8.749,-5.767,3.87,-0.735
1999-04-20 16:00:00,11.673,-3.718,4.363,3.559
1999-04-20 17:00:00,9.938,-2.115,0.803,6.598
1999-04-20 18:00:00,9.28,-3.927,4.164,5.497
1999-04-20 19:00:00,9.148,-0.879,5.868,4.387
1999-04-20 20:00:00,8.824,-1.075,7.276,4.601
1999-04-20 21:00:00,8.762,-1.566,6.782,3.79
1999-04-20 22:00:00,7.914,1.461,2.267,6.828
1999-04-20 23:00:00,7.097,0.519,0.851,6.477
1999-04-21 00:00:00,6.962,4.467,-0.291,4.908
1999-04-21 01:00:00,6.951,1.044,-0.563,6.341
1999-04-21 02:00:00,7.763,3.06,-0.834,6.075
1999-04-21 03:00:00,8.351,4.658,-2.502,6.046
1999-04-21 04:00:00,8.738,0.482,4.214,1.993
1999-04-21 05:00:00,8.561,-0.737,7.911,1.894
1999-04-21 06:00:00,7.649,0.132,7.25,1.882
1999-04-21 07:00:00,6.611,-1.127,6.326,0.75
1999-04-21 08:00:00,5.93,-2.301,5.291,0.222
1999-04-21 09:00:00,6.034,-2.131,5.225,1.014
1999-04-21 10:00:00,5.976,-2.51,4.648,-1.532
1999-04-21 11:00:00,5.673,-3.881,3.319,-1.813
1999-04-21 12:00:00,6.079,-4.202,3.732,-2.195
1999-04-21 13:00:00,6.527,-3.26,4.193,-3.728
1999-04-21 14:00:00,6.774,-2.618,4.439,-4.364
1999-04-21 15:00:00,6.962,-2.072,4.742,-4.576
1999-04-21 16:00:00,7.124,-2.169,5.316,-4.149
1999-04-21 17:00:00,6.959,-2.266,6.117,-2.248
1999-04-21 18:00:00,6.93,-3.098,5.604,-1.893
1999-04-21 19:00:00,6.93,-2.714,5.567,-0.475
1999-04-21 20:00:00,6.99,-4.531,4.767,0.714
1999-04-21 21:00:00,7.403,-0.681,6.738,2.181
1999-04-21 22:00:00,7.746,-1.09,6.635,3.432
1999-04-21 23:00:00,8.123,-0.376,6.967,3.95
1999-04-22 00:00:00,8.253,-0.446,6.949,4.108
1999-04-22 01:00:00,8.301,-1.4,7.131,3.267
1999-04-22 02:00:00,8.589,1.13,6.613,5.241
1999-04-22 03:00:00,8.336,0.978,6.768,4.327
1999-04-22 04:00:00,8.484,0.909,7.133,4.279
1999-04-22 05:00:00,8.829,-0.128,7.496,4.555
1999-04-22 06:00:00,8.809,-0.335,7.606,4.299
1999-04-22 07:00:00,8.946,0.203,7.684,4.502
1999-04-22 08:00:00,9.066,-0.146,7.563,4.862
1999-04-22 09:00:00,8.923,1.227,7.432,4.624
1999-04-22 10:00:00,9.159,0.32,7.571,5.055
1999-04-22 11:00:00,9.208,0.541,6.819,6.002
1999-04-22 12:00:00,9.208,0.76,6.564,6.375
1999-04-22 13:00:00,8.948,0.359,5.016,7.138
1999-04-22 14:00:00,8.817,0.284,6.353,5.179
1999-04-22 15:00:00,8.186,1.728,3.504,6.7
1999-04-22 16:00:00,6.936,0.927,4.046,4.794
1999-04-22 17:00:00,7.174,2.871,5.98,1.176
1999-04-22 18:00:00,6.6,-1.317,4.423,0.62
1999-04-22 19:00:00,6.653,-3.565,5.039,0.333
1999-04-22 20:00:00,5.635,-0.806,4.449,2.461
1999-04-22 21:00:00,5.615,0.694,2.964,4.11
1999-04-22 22:00:00,5.847,0.309,2.52,4.356
1999-04-22 23:00:00,4.235,-0.277,1.558,2.988
1999-04-23 00:00:00,4.319,0.04,1.878,2.034
1999-04-23 01:00:00,3.472,1.531,1.615,1.863
1999-04-23 02:00:00,3.951,2.331,0.986,1.921
1999-04-23 03:00:00,4.584,2.495,-0.622,1.761
1999-04-23 04:00:00,4.132,1.456,-0.011,2.295
1999-04-23 05:00:00,4.31,0.269,-1.805,1.049
1999-04-23 06:00:00,6.572,1.327,-1.924,5.492
1999-04-23 07:00:00,6.668,0.245,3.584,5.37
1999-04-23 08:00:00,4.6,0.168,4.058,0.092
1999-04-23 09:00:00,3.969,0.211,2.509,1.053
1999-04-23 10:00:00,2.97,-0.937,1.295,-2.107
1999-04-23 11:00:00,4.206,-1.194,3.663,-0.197
1999-04-23 12:00:00,2.68,-0.092,1.333,0.562
1999-04-23 13:00:00,4.03,3.633,-0.801,1.061
1999-04-23 14:00:00,3.943,2.875,0.304,1.868
1999-04-23 15:00:00,3.339,2.926,0.22,1.04
1999-04-23 16:00:00,2.947,2.13,0.384,-0.905
1999-04-23 17:00:00,4.286,-1.388,3.705,0.932
1999-04-23 18:00:00,4.703,-1.61,3.651,2.038
1999-04-23 19:00:00,5.118,-3.605,3.13,1.508
1999-04-23 20:00:00,5.825,-2.421,0.106,3.427
1999-04-23 21:00:00,5.375,-1.584,0.726,3.738
1999-04-23 22:00:00,5.412,-2.412,-2.019,2.755
1999-04-23 23:00:00,6.425,-0.381,-5.111,-2.485
1999-04-24 00:00:00,6.115,-1.083,-4.325,0.45
1999-04-24 01:00:00,5.932,-0.45,-5.143,-2.033
1999-04-24 02:00:00,5.831,0.557,1.702,2.168
1999-04-24 03:00:00,5.444,-1.35,4.451,1.263
1999-04-24 04:00:00,4.945,-2.938,3.007,1.758
1999-04-24 05:00:00,5.165,-2.152,3.658,1.615
1999-04-24 06:00:00,4.481,-2.856,2.181,-1.327
1999-04-24 07:00:00,4.839,-2.254,3.301,0.199
1999-04-24 08:00:00,4.412,-1.08,2.988,0.201
1999-04-24 09:00:00,4.429,-1.457,2.43,2.174
1999-04-24 10:00:00,4.252,-1.35,1.944,1.074
1999-04-24 11:00:00,4.178,-2.236,-0.8,3.047
1999-04-24 12:00:00,4.398,-2.23,2.429,1.577
1999-04-24 13:00:00,4.261,-2.525,2.475,-1.084
1999-04-24 14:00:00,4.175,-0.504,3.897,-0.475
1999-04-24 15:00:00,4.235,-1.352,2.929,0.675
1999-04-24 16:00:00,4.033,-1.348,2.644,0.557
1999-04-24 17:00:00,3.401,-2.641,0.618,0.404
1999-04-24 18:00:00,3.59,-0.421,2.31,0.329
1999-04-24 19:00:00,3.542,0.971,2.509,0.382
1999-04-24 20:00:00,4.078,0.932,3.108,1.633
1999-04-24 21:00:00,4.343,1.55,3.044,1.967
1999-04-24 22:00:00,4.553,3.278,2.59,1.233
1999-04-24 23:00:00,4.484,2.824,1.91,2.54
1999-04-25 00:00:00,4.58,2.597,2.664,2.588
1999-04-25 01:00:00,4.202,1.379,3.301,1.65
1999-04-25 02:00:00,4.54,-0.449,3.607,2.129
1999-04-25 03:00:00,4.254,-0.978,3.676,1.021
1999-04-25 04:00:00,4.395,-1.72,3.527,0.936
1999-04-25 05:00:00,4.613,-1.16,3.979,-0.833
1999-04-25 06:00:00,4.591,-0.201,3.867,0.996
1999-04-25 07:00:00,4.902,-1.465,4.247,-0.161
1999-04-25 08:00:00,5.026,-0.605,4.561,0.294
1999-04-25 09:00:00,5.618,-2.174,4.509,2.0
1999-04-25 10:00:00,5.196,-1.475,3.849,2.486
1999-04-25 11:00:00,5.029,2.547,3.016,-0.43
1999-04-25 12:00:00,4.721,-1.205,3.738,1.208
1999-04-25 13:00:00,4.87,-3.234,1.318,0.866
1999-04-25 14:00:00,4.94,-4.344,-1.457,-1.142
1999-04-25 15:00:00,5.027,-4.344,0.749,-1.201
1999-04-25 16:00:00,4.604,-4.011,1.608,1.539
1999-04-25 17:00:00,3.726,0.231,1.734,-0.209
1999-04-25 18:00:00,3.309,2.325,2.188,-0.037
1999-04-25 19:00:00,3.432,0.901,3.176,-0.256
1999-04-25 20:00:00,4.293,1.244,3.376,0.878
1999-04-25 21:00:00,4.756,0.41,4.488,0.656
1999-04-25 22:00:00,4.279,-0.312,4.028,0.739
1999-04-25 23:00:00,4.766,-2.225,3.067,2.338
1999-04-26 00:00:00,5.045,-3.396,2.797,1.786
1999-04-26 01:00:00,4.899,-3.648,1.184,2.082
1999-04-26 02:00:00,4.813,-3.797,0.676,2.128
1999-04-26 03:00:00,4.771,-3.198,0.193,3.164
1999-04-26 04:00:00,4.6,-1.255,-1.415,2.986
1999-04-26 05:00:00,6.041,-3.065,2.803,3.372
1999-04-26 06:00:00,5.605,-2.445,4.102,1.32
1999-04-26 07:00:00,5.143,-1.081,3.421,2.69
1999-04-26 08:00:00,3.815,-1.056,-0.065,1.313
1999-04-26 09:00:00,6.736,4.938,-4.183,1.548
1999-04-26 10:00:00,8.541,5.465,-6.341,1.492
1999-04-26 11:00:00,8.618,4.988,-6.969,0.123
1999-04-26 12:00:00,8.466,3.929,-7.065,-2.053
1999-04-26 13:00:00,8.592,4.146,-6.945,0.463
1999-04-26 14:00:00,9.151,7.645,-4.825,-0.173
1999-04-26 15:00:00,9.444,1.698,-7.285,-2.68
1999-04-26 16:00:00,9.65,-0.458,-7.985,-5.139
1999-04-26 17:00:00,9.678,0.928,-7.381,-4.008
1999-04-26 18:00:00,8.273,0.283,-6.466,-4.801
1999-04-26 19:00:00,9.375,1.897,-7.97,-4.498
1999-04-26 20:00:00,9.27,2.473,-7.93,-4.086
1999-04-26 21:00:00,9.217,2.934,-7.93,-3.621
1999-04-26 22:00:00,9.134,3.104,-7.678,-3.786
1999-04-26 23:00:00,9.082,3.601,-7.355,-3.884
1999-04-27 00:00:00,9.112,3.53,-7.442,-3.86
1999-04-27 01:00:00,9.208,3.798,-7.675,-3.176
1999-04-27 02:00:00,9.253,3.489,-7.737,-3.238
1999-04-27 03:00:00,9.354,3.888,-8.125,-2.252
1999-04-27 04:00:00,9.432,3.94,-8.418,-0.892
1999-04-27 05:00:00,9.37,4.003,-8.367,-0.971
1999-04-27 06:00:00,8.687,5.502,-3.468,-2.991
1999-04-27 07:00:00,9.653,8.244,-0.211,-4.64
1999-04-27 08:00:00,9.958,7.766,-1.312,-4.373
1999-04-27 09:00:00,8.445,3.985,-4.303,2.095
1999-04-27 10:00:00,8.586,4.659,-2.015,5.919
1999-04-27 11:00:00,8.697,4.927,2.084,5.478
1999-04-27 12:00:00,9.605,6.011,-1.712,6.843
1999-04-27 13:00:00,9.344,3.866,-7.207,3.12
1999-04-27 14:00:00,7.139,-0.315,-6.121,-1.859
1999-04-27 15:00:00,8.152,-2.424,-7.208,0.798
1999-04-27 16:00:00,8.818,-1.32,-8.316,-2.044
1999-04-27 17:00:00,7.635,-3.821,-3.456,-2.176
1999-04-27 18:00:00,7.85,0.868,-6.574,-1.987
1999-04-27 19:00:00,7.041,0.08,0.918,-0.179
1999-04-27 20:00:00,4.086,2.904,-0.87,-1.736
1999-04-27 21:00:00,5.886,2.073,0.228,-5.431
1999-04-27 22:00:00,6.504,2.472,0.634,-3.405
1999-04-27 23:00:00,6.895,3.867,1.02,-4.499
1999-04-28 00:00:00,6.568,5.256,0.319,-3.747
1999-04-28 01:00:00,6.229,4.192,-1.755,-4.066
1999-04-28 02:00:00,5.889,4.611,-1.285,-3.316
1999-04-28 03:00:00,6.422,4.575,-2.915,-2.753
1999-04-28 04:00:00,6.474,5.408,-1.52,-2.859
1999-04-28 05:00:00,6.059,3.993,-0.311,-4.335
1999-04-28 06:00:00,6.876,4.164,1.465,-4.975
1999-04-28 07:00:00,6.511,3.375,2.582,-3.959
1999-04-28 08:00:00,6.163,4.044,-2.518,-3.609
1999-04-28 09:00:00,5.096,2.682,-3.139,-2.429
1999-04-28 10:00:00,6.2,4.15,-3.761,-0.636
1999-04-28 11:00:00,6.925,1.086,-5.533,-3.194
1999-04-28 12:00:00,7.23,2.029,-6.177,-2.738
1999-04-28 13:00:00,7.179,-2.834,-5.48,-3.146
1999-04-28 14:00:00,8.174,-1.219,-6.925,-3.167
1999-04-28 15:00:00,8.84,3.791,-6.833,-3.113
1999-04-28 16:00:00,8.754,6.26,-5.254,-2.861
1999-04-28 17:00:00,9.263,0.783,-7.61,-4.023
1999-04-28 18:00:00,9.46,-2.006,-7.297,-5.428
1999-04-28 19:00:00,9.045,-1.15,-6.123,-6.058
1999-04-28 20:00:00,8.709,2.595,-6.137,-5.233
1999-04-28 21:00:00,9.32,1.75,-6.821,-5.642
1999-04-28 22:00:00,8.569,4.157,-5.483,-4.583
1999-04-28 23:00:00,8.236,5.732,-4.466,-2.216
1999-04-29 00:00:00,7.676,5.361,-3.996,-2.742
1999-04-29 01:00:00,7.87,4.9,-4.742,-1.343
1999-04-29 02:00:00,8.329,2.729,-6.674,-3.382
1999-04-29 03:00:00,9.365,4.06,-7.263,-3.705
1999-04-29 04:00:00,9.372,5.377,-6.767,1.309
1999-04-29 05:00:00,9.078,5.082,-7.12,1.733
1999-04-29 06:00:00,8.493,3.76,0.402,6.111
1999-04-29 07:00:00,8.399,5.408,-3.115,3.368
1999-04-29 08:00:00,8.092,5.403,-4.391,0.901
1999-04-29 09:00:00,8.243,3.565,-5.703,-0.337
1999-04-29 10:00:00,7.758,1.649,-3.94,-2.587
1999-04-29 11:00:00,7.086,0.44,-3.775,-3.87
1999-04-29 12:00:00,8.07,3.796,-5.3,-0.631
1999-04-29 13:00:00,8.748,5.776,-4.122,4.518
1999-04-29 14:00:00,9.016,-1.06,-3.286,-5.982
1999-04-29 15:00:00,8.744,5.606,-4.391,2.271
1999-04-29 16:00:00,8.285,2.189,-5.917,-2.469
1999-04-29 17:00:00,7.695,5.1,-3.851,-1.061
1999-04-29 18:00:00,8.434,2.842,-3.942,-3.619
1999-04-29 19:00:00,7.469,4.312,-5.113,-0.573
1999-04-29 20:00:00,6.593,1.056,-3.286,-3.947
1999-04-29 21:00:00,6.656,0.411,-3.163,-3.902
1999-04-29 22:00:00,6.565,3.232,-2.004,-3.222
1999-04-29 23:00:00,6.977,3.76,-1.516,-2.913
1999-04-30 00:00:00,7.663,6.249,-2.833,2.174
1999-04-30 01:00:00,8.216,6.753,-2.528,3.48
1999-04-30 02:00:00,8.141,6.017,-3.586,-1.514
1999-04-30 03:00:00,7.8,6.051,-3.507,-2.174
1999-04-30 04:00:00,7.648,7.018,-2.467,0.578
1999-04-30 05:00:00,7.266,6.115,-3.501,-1.032
1999-04-30 06:00:00,7.255,4.942,-4.222,-2.705
1999-04-30 07:00:00,7.493,5.425,-4.239,-1.335
1999-04-30 08:00:00,6.899,5.321,-4.119,0.161
1999-04-30 09:00:00,5.523,1.687,-1.44,-0.733
1999-04-30 10:00:00,5.109,-0.081,-1.376,-2.272
1999-04-30 11:00:00,5.858,3.521,-2.292,0.851
1999-04-30 12:00:00,6.504,4.835,-3.348,0.547
1999-04-30 13:00:00,6.954,6.143,-1.877,0.436
1999-04-30 14:00:00,6.996,5.612,-3.35,1.049
1999-04-30 15:00:00,5.461,2.81,-1.822,-0.467
1999-04-30 16:00:00,5.081,3.676,0.592,0.17
1999-04-30 17:00:00,5.038,3.4,-0.172,1.283
1999-04-30 18:00:00,5.183,2.756,-2.555,-1.553
1999-04-30 19:00:00,5.224,2.315,-2.301,0.75
1999-04-30 20:00:00,5.109,2.131,-1.875,0.092
1999-04-30 21:00:00,5.368,2.372,-1.52,-1.224
1999-04-30 22:00:00,5.325,1.349,-2.396,-2.678
1999-04-30 23:00:00,5.498,2.349,-3.407,1.685
1999-05-01 00:00:00,5.594,1.735,-2.791,3.345
1999-05-01 01:00:00,5.174,2.855,-1.993,2.998
1999-05-01 02:00:00,4.656,2.729,-2.183,-1.669
1999-05-01 03:00:00,4.844,-0.245,-1.627,-3.712
1999-05-01 04:00:00,4.778,3.713,0.048,0.432
1999-05-01 05:00:00,4.334,2.53,-2.264,-1.02
1999-05-01 06:00:00,4.469,2.551,-1.258,-1.656
1999-05-01 07:00:00,4.557,2.933,-2.465,-1.006
1999-05-01 08:00:00,4.499,2.999,-2.24,-0.01
1999-05-01 09:00:00,4.516,3.577,-2.265,-0.184
1999-05-01 10:00:00,4.38,2.574,-1.898,-1.715
1999-05-01 11:00:00,4.668,2.894,-2.425,-1.386
1999-05-01 12:00:00,4.479,2.962,-1.419,1.58
1999-05-01 13:00:00,4.883,0.997,-3.475,-2.439
1999-05-01 14:00:00,4.984,2.893,-3.271,-0.85
1999-05-01 15:00:00,4.271,0.629,-1.455,-1.978
1999-05-01 16:00:00,3.109,0.995,-0.028,-1.599
1999-05-01 17:00:00,3.914,0.799,-2.224,-1.904
1999-05-01 18:00:00,4.176,1.724,-0.193,-3.32
1999-05-01 19:00:00,4.405,1.851,0.064,-2.462
1999-05-01 20:00:00,4.24,3.14,0.131,0.385
1999-05-01 21:00:00,3.572,2.353,-0.011,0.772
1999-05-01 22:00:00,3.145,1.82,1.25,-1.159
1999-05-01 23:00:00,3.406,0.483,-1.83,-0.583
1999-05-02 00:00:00,4.267,-1.996,-3.424,-0.448
1999-05-02 01:00:00,3.569,0.436,-2.239,-0.608
1999-05-02 02:00:00,3.531,2.728,1.413,0.68
1999-05-02 03:00:00,3.656,2.937,-0.123,-1.023
1999-05-02 04:00:00,3.856,3.338,-0.046,-1.335
1999-05-02 05:00:00,3.773,2.211,-1.156,-2.35
1999-05-02 06:00:00,3.856,-0.363,-1.824,-2.572
1999-05-02 07:00:00,3.633,0.44,-2.474,-1.991
1999-05-02 08:00:00,3.605,3.096,-0.604,0.059
1999-05-02 09:00:00,3.516,1.416,-2.127,1.063
1999-05-02 10:00:00,3.675,-1.289,-2.829,-0.37
1999-05-02 11:00:00,3.259,0.356,-1.705,-1.301
1999-05-02 12:00:00,3.858,1.12,-2.884,-1.224
1999-05-02 13:00:00,4.296,2.548,-1.956,-2.128
1999-05-02 14:00:00,3.923,0.165,-2.915,1.366
1999-05-02 15:00:00,4.186,-1.301,-2.659,-1.959
1999-05-02 16:00:00,4.349,-1.011,-3.25,-1.827
1999-05-02 17:00:00,4.793,-1.442,-2.694,-3.31
1999-05-02 18:00:00,4.647,-1.432,-3.579,-2.293
1999-05-02 19:00:00,4.259,0.617,-3.52,-0.709
1999-05-02 20:00:00,4.188,1.736,-2.293,-2.155
1999-05-02 21:00:00,4.175,2.155,-1.841,-1.322
1999-05-02 22:00:00,4.225,1.67,-2.351,-2.002
1999-05-02 23:00:00,4.098,2.026,-0.864,-1.938
1999-05-03 00:00:00,4.187,1.238,-0.07,-0.642
1999-05-03 01:00:00,4.467,-0.885,-4.043,-0.389
1999-05-03 02:00:00,3.742,0.67,-2.233,-0.98
1999-05-03 03:00:00,3.858,1.11,-2.606,-1.206
1999-05-03 04:00:00,3.801,0.941,-2.776,-0.311
1999-05-03 05:00:00,3.439,2.543,-0.529,1.33
1999-05-03 06:00:00,3.845,2.444,-2.295,1.024
1999-05-03 07:00:00,3.797,2.658,-1.556,-0.673
1999-05-03 08:00:00,4.345,0.837,-1.774,-3.585
1999-05-03 09:00:00,4.069,2.845,-1.945,-1.261
1999-05-03 10:00:00,3.772,2.781,-1.491,0.48
1999-05-03 11:00:00,3.329,1.972,-1.539,-0.775
1999-05-03 12:00:00,3.416,1.291,-2.74,-1.121
1999-05-03 13:00:00,3.822,0.427,-3.485,-0.441
1999-05-03 14:00:00,3.83,2.275,-2.605,1.413
1999-05-03 15:00:00,3.785,2.065,-1.965,-1.578
1999-05-03 16:00:00,3.455,1.468,-2.546,-1.074
1999-05-03 17:00:00,2.765,2.334,-0.229,-0.119
1999-05-03 18:00:00,2.807,2.277,-0.765,-0.273
1999-05-03 19:00:00,2.818,2.648,0.534,0.155
1999-05-03 20:00:00,3.268,3.25,-0.136,-0.181
1999-05-03 21:00:00,3.041,2.968,-0.522,-0.06
1999-05-03 22:00:00,3.477,3.142,-1.031,0.529
1999-05-03 23:00:00,3.458,3.274,-0.161,-0.352
1999-05-04 00:00:00,3.235,3.042,0.473,0.787
1999-05-04 01:00:00,2.421,2.096,-0.132,0.698
1999-05-04 02:00:00,3.222,1.111,1.727,0.713
1999-05-04 03:00:00,2.922,0.939,0.399,0.537
1999-05-04 04:00:00,3.961,-1.775,3.106,-1.614
1999-05-04 05:00:00,3.677,-0.694,2.855,-1.824
1999-05-04 06:00:00,3.713,-0.724,3.348,-0.975
1999-05-04 07:00:00,3.703,-0.964,2.849,-1.94
1999-05-04 08:00:00,2.863,-0.43,2.245,-0.79
1999-05-04 09:00:00,2.317,1.151,0.479,-0.709
1999-05-04 10:00:00,3.087,1.071,2.187,-0.689
1999-05-04 11:00:00,3.063,1.75,2.025,-0.845
1999-05-04 12:00:00,2.73,0.794,2.287,0.147
1999-05-04 13:00:00,2.659,-0.959,2.122,-0.364
1999-05-04 14:00:00,3.118,0.481,2.555,-0.144
1999-05-04 15:00:00,3.278,2.027,2.358,0.563
1999-05-04 16:00:00,3.097,0.743,2.097,1.508
1999-05-04 17:00:00,3.462,-1.785,2.755,-0.209
1999-05-04 18:00:00,3.053,0.762,1.103,1.191
1999-05-04 19:00:00,2.723,1.184,1.616,-0.182
1999-05-04 20:00:00,2.417,0.899,1.711,-1.179
1999-05-04 21:00:00,2.994,1.663,1.675,-1.161
1999-05-04 22:00:00,3.699,3.015,1.443,-0.449
1999-05-04 23:00:00,4.566,3.389,2.805,0.497
1999-05-05 00:00:00,4.647,3.351,3.033,0.312
1999-05-05 01:00:00,4.667,3.716,2.402,1.1
1999-05-05 02:00:00,4.53,3.925,1.628,1.374
1999-05-05 03:00:00,4.383,3.539,1.554,1.796
1999-05-05 04:00:00,4.227,3.202,0.218,2.389
1999-05-05 05:00:00,3.931,3.103,-1.643,0.166
1999-05-05 06:00:00,4.015,0.5,-2.426,-0.636
1999-05-05 07:00:00,3.749,-2.293,-2.267,-0.895
1999-05-05 08:00:00,3.683,-1.115,-2.819,0.359
1999-05-05 09:00:00,4.073,-0.464,-2.352,1.816
1999-05-05 10:00:00,4.14,-0.612,-3.277,-0.291
1999-05-05 11:00:00,4.339,2.422,-1.602,0.942
1999-05-05 12:00:00,4.306,3.908,-0.081,-0.088
1999-05-05 13:00:00,4.21,3.815,-1.056,1.078
1999-05-05 14:00:00,3.766,2.602,-2.428,0.52
1999-05-05 15:00:00,8.764,5.224,-5.313,2.168
1999-05-05 16:00:00,9.208,7.671,-2.517,1.923
1999-05-05 17:00:00,8.074,-4.061,1.695,0.726
1999-05-05 18:00:00,10.122,-6.074,4.016,5.671
1999-05-05 19:00:00,10.91,-7.982,5.403,4.267
1999-05-05 20:00:00,4.444,-1.51,1.856,0.253
1999-05-05 21:00:00,4.443,-2.23,1.604,0.269
1999-05-05 22:00:00,5.286,-2.294,-0.8,3.668
1999-05-05 23:00:00,9.309,-6.252,5.95,1.044
1999-05-06 00:00:00,10.138,-6.593,7.447,0.032
1999-05-06 01:00:00,10.167,-7.085,6.706,-0.534
1999-05-06 02:00:00,9.791,-7.058,6.32,-0.856
1999-05-06 03:00:00,9.325,-7.08,5.036,-1.444
1999-05-06 04:00:00,8.978,-5.052,5.176,3.429
1999-05-06 05:00:00,9.437,-5.925,6.248,-0.033
1999-05-06 06:00:00,9.552,-4.448,5.536,-1.183
1999-05-06 07:00:00,9.234,-5.42,6.263,-1.51
1999-05-06 08:00:00,9.57,-5.616,6.211,2.086
1999-05-06 09:00:00,9.8,-6.194,5.104,-4.932
1999-05-06 10:00:00,9.857,-6.876,5.296,-3.1
1999-05-06 11:00:00,10.309,-1.617,8.457,3.604
1999-05-06 12:00:00,10.298,-0.459,9.135,4.036
1999-05-06 13:00:00,8.892,-4.801,4.153,4.959
1999-05-06 14:00:00,7.81,-6.259,-1.692,2.523
1999-05-06 15:00:00,6.583,-5.565,1.159,-0.187
1999-05-06 16:00:00,6.089,-4.597,-0.231,1.788
1999-05-06 17:00:00,6.332,-3.393,2.14,3.038
1999-05-06 18:00:00,6.405,-5.044,1.586,3.078
1999-05-06 19:00:00,5.89,-3.914,3.281,2.069
1999-05-06 20:00:00,5.783,-3.879,3.155,1.264
1999-05-06 21:00:00,5.714,-4.932,-2.002,0.412
1999-05-06 22:00:00,6.091,-4.944,-3.268,0.439
1999-05-06 23:00:00,6.191,-4.07,-3.867,-0.735
1999-05-07 00:00:00,5.971,-4.303,-3.021,-2.038
1999-05-07 01:00:00,6.069,-4.858,-3.08,-1.222
1999-05-07 02:00:00,6.128,-5.358,-2.213,-1.143
1999-05-07 03:00:00,6.154,-4.388,-3.562,-2.045
1999-05-07 04:00:00,5.977,-4.606,-3.414,-0.882
1999-05-07 05:00:00,5.519,-4.447,-2.616,-0.682
1999-05-07 06:00:00,4.811,-2.165,-2.236,-1.179
1999-05-07 07:00:00,5.027,-3.408,-3.315,-0.216
1999-05-07 08:00:00,4.977,-3.476,-3.419,-0.593
1999-05-07 09:00:00,5.002,-3.397,-3.257,-0.065
1999-05-07 10:00:00,4.825,-3.724,-1.509,1.263
1999-05-07 11:00:00,4.392,-2.111,2.961,0.804
1999-05-07 12:00:00,4.714,-2.675,3.695,-0.445
1999-05-07 13:00:00,4.589,-0.812,3.632,-2.012
1999-05-07 14:00:00,4.679,-2.247,3.086,0.225
1999-05-07 15:00:00,3.856,-3.316,0.367,-0.408
1999-05-07 16:00:00,3.835,-1.861,1.352,0.753
1999-05-07 17:00:00,3.9,-2.495,0.236,0.859
1999-05-07 18:00:00,4.373,-3.048,-1.218,0.143
1999-05-07 19:00:00,4.047,-1.719,-2.759,-1.479
1999-05-07 20:00:00,4.665,-4.022,1.159,1.661
1999-05-07 21:00:00,4.323,-2.863,1.22,0.328
1999-05-07 22:00:00,4.519,-3.78,-1.445,-0.214
1999-05-07 23:00:00,4.737,-4.076,1.108,-1.083
1999-05-08 00:00:00,4.356,-3.641,0.78,-0.742
1999-05-08 01:00:00,4.547,-4.083,-0.896,0.002
1999-05-08 02:00:00,4.438,-3.497,0.945,0.019
1999-05-08 03:00:00,4.126,-2.641,1.453,0.218
1999-05-08 04:00:00,4.646,-4.206,-1.782,-0.362
1999-05-08 05:00:00,4.62,-4.426,-1.017,-0.133
1999-05-08 06:00:00,4.395,-4.082,0.254,-0.641
1999-05-08 07:00:00,4.479,-4.295,0.814,-0.2
1999-05-08 08:00:00,4.536,-3.73,2.275,-0.133
1999-05-08 09:00:00,4.673,-3.279,3.079,-0.484
1999-05-08 10:00:00,4.515,-1.065,4.033,-0.197
1999-05-08 11:00:00,4.575,-3.301,-1.656,0.854
1999-05-08 12:00:00,4.642,-3.933,-1.556,1.078
1999-05-08 13:00:00,4.66,-3.768,-1.821,0.905
1999-05-08 14:00:00,4.75,-4.248,0.985,1.621
1999-05-08 15:00:00,4.78,-4.517,0.88,-0.778
1999-05-08 16:00:00,4.599,-4.336,0.12,-0.282
1999-05-08 17:00:00,4.717,-4.492,-0.675,0.292
1999-05-08 18:00:00,4.775,-4.436,-1.3,-0.543
1999-05-08 19:00:00,4.753,-4.443,-0.895,-0.404
1999-05-08 20:00:00,4.623,-4.126,-0.35,-0.3
1999-05-08 21:00:00,4.679,-4.122,-0.739,-0.751
1999-05-08 22:00:00,4.464,-3.844,-1.422,0.577
1999-05-08 23:00:00,4.4,-4.043,1.034,-0.322
1999-05-09 00:00:00,4.573,-0.518,3.793,1.704
1999-05-09 01:00:00,5.252,-1.455,4.835,0.296
1999-05-09 02:00:00,4.763,-1.284,4.173,-0.199
1999-05-09 03:00:00,4.631,-2.587,3.096,1.603
1999-05-09 04:00:00,4.879,-2.709,2.465,0.645
1999-05-09 05:00:00,4.874,-1.842,3.139,-1.285
1999-05-09 06:00:00,5.031,-3.544,0.18,-0.023
1999-05-09 07:00:00,5.124,-2.73,0.582,3.124
1999-05-09 08:00:00,5.45,-3.481,3.016,-1.57
1999-05-09 09:00:00,5.354,-1.941,3.275,-0.444
1999-05-09 10:00:00,5.39,-2.201,3.937,-1.021
1999-05-09 11:00:00,5.481,-4.21,2.671,1.098
1999-05-09 12:00:00,5.44,-3.46,2.265,2.083
1999-05-09 13:00:00,5.426,-2.907,2.631,2.519
1999-05-09 14:00:00,5.657,-3.048,3.505,2.048
1999-05-09 15:00:00,5.832,-3.789,2.282,1.87
1999-05-09 16:00:00,5.635,-3.206,1.497,3.778
1999-05-09 17:00:00,5.219,-1.775,3.201,0.028
1999-05-09 18:00:00,5.494,-3.115,1.965,3.337
1999-05-09 19:00:00,5.326,-3.859,-0.007,3.49
1999-05-09 20:00:00,5.247,-3.391,-0.182,2.54
1999-05-09 21:00:00,5.081,-2.664,2.456,0.626
1999-05-09 22:00:00,5.013,-3.297,0.449,2.094
1999-05-09 23:00:00,4.975,-0.94,3.867,-0.278
1999-05-10 00:00:00,5.246,-2.18,3.798,0.506
1999-05-10 01:00:00,5.79,-2.732,-2.657,4.154
1999-05-10 02:00:00,5.581,-2.309,1.422,0.282
1999-05-10 03:00:00,5.937,-0.508,4.789,-0.879
1999-05-10 04:00:00,5.614,-2.796,2.897,1.407
1999-05-10 05:00:00,5.343,-1.903,-0.107,4.465
1999-05-10 06:00:00,5.946,-2.422,-0.349,5.213
1999-05-10 07:00:00,5.457,-3.129,-0.294,3.857
1999-05-10 08:00:00,6.108,-5.866,0.119,1.171
1999-05-10 09:00:00,5.182,-4.473,1.564,-0.553
1999-05-10 10:00:00,4.817,-3.886,1.055,1.583
1999-05-10 11:00:00,5.143,-2.982,1.012,2.584
1999-05-10 12:00:00,5.207,-2.884,4.026,-0.56
1999-05-10 13:00:00,5.139,-3.096,3.612,0.918
1999-05-10 14:00:00,5.188,-2.811,3.949,-0.76
1999-05-10 15:00:00,5.054,-2.914,3.829,0.066
1999-05-10 16:00:00,4.851,-3.305,2.879,1.411
1999-05-10 17:00:00,4.956,-3.76,0.634,2.964
1999-05-10 18:00:00,4.645,-3.8,1.557,0.951
1999-05-10 19:00:00,4.751,-2.723,0.326,3.284
1999-05-10 20:00:00,5.268,-4.44,2.147,0.848
1999-05-10 21:00:00,5.432,-3.785,2.984,2.327
1999-05-10 22:00:00,5.207,-4.114,1.679,2.035
1999-05-10 23:00:00,5.438,-4.694,1.971,1.624
1999-05-11 00:00:00,5.768,-4.743,2.377,2.112
1999-05-11 01:00:00,5.951,-4.734,3.038,1.222
1999-05-11 02:00:00,6.101,-4.026,4.372,0.993
1999-05-11 03:00:00,6.178,-4.469,3.708,1.696
1999-05-11 04:00:00,6.3,-5.57,1.441,2.515
1999-05-11 05:00:00,6.402,-5.787,2.296,1.23
1999-05-11 06:00:00,6.44,-5.438,3.134,1.056
1999-05-11 07:00:00,6.556,-5.151,3.875,0.414
1999-05-11 08:00:00,6.554,-4.9,4.196,0.733
1999-05-11 09:00:00,6.567,-4.807,4.375,-0.059
1999-05-11 10:00:00,6.546,-4.878,4.231,0.884
1999-05-11 11:00:00,6.519,-4.813,4.277,0.784
1999-05-11 12:00:00,6.481,-4.671,4.415,0.756
1999-05-11 13:00:00,6.391,-4.814,3.901,1.432
1999-05-11 14:00:00,6.37,-4.473,4.422,0.458
1999-05-11 15:00:00,6.42,-4.29,4.697,0.532
1999-05-11 16:00:00,6.349,-4.594,4.195,1.163
1999-05-11 17:00:00,6.32,-4.549,4.121,1.39
1999-05-11 18:00:00,6.191,-4.551,3.839,1.545
1999-05-11 19:00:00,6.18,-4.942,3.165,1.723
1999-05-11 20:00:00,6.048,-4.703,2.33,2.783
1999-05-11 21:00:00,6.164,-4.936,2.346,2.834
1999-05-11 22:00:00,6.38,-5.324,2.333,2.614
1999-05-11 23:00:00,6.501,-5.336,2.703,2.52
1999-05-12 00:00:00,6.613,-5.224,3.046,2.374
1999-05-12 01:00:00,6.53,-5.028,3.508,2.085
1999-05-12 02:00:00,6.854,-4.256,5.016,0.711
1999-05-12 03:00:00,7.537,1.024,6.186,-3.089
1999-05-12 04:00:00,8.012,-5.632,3.297,-1.045
1999-05-12 05:00:00,8.23,-1.71,6.11,-1.929
1999-05-12 06:00:00,8.729,2.704,8.072,-1.653
1999-05-12 07:00:00,9.484,1.278,8.627,1.177
1999-05-12 08:00:00,9.496,-8.255,1.984,1.918
1999-05-12 09:00:00,9.255,-7.964,3.352,-0.904
1999-05-12 10:00:00,8.844,0.136,7.115,4.135
1999-05-12 11:00:00,9.301,1.292,8.529,3.123
1999-05-12 12:00:00,10.002,1.972,8.902,3.851
1999-05-12 13:00:00,9.486,-0.767,9.269,-0.547
1999-05-12 14:00:00,9.111,3.386,6.456,4.673
1999-05-12 15:00:00,6.532,3.658,3.86,3.411
1999-05-12 16:00:00,5.821,2.472,2.944,0.986
1999-05-12 17:00:00,5.135,0.433,-0.068,-3.999
1999-05-12 18:00:00,4.508,0.519,0.24,-1.699
1999-05-12 19:00:00,5.499,-0.69,-3.48,4.049
1999-05-12 20:00:00,6.676,-1.781,-5.266,2.741
1999-05-12 21:00:00,7.273,-2.49,-6.462,0.713
1999-05-12 22:00:00,8.214,-2.271,-6.842,0.177
1999-05-12 23:00:00,8.431,-3.383,-6.066,-3.508
1999-05-13 00:00:00,9.116,-3.42,-7.534,-3.28
1999-05-13 01:00:00,10.162,-1.986,-8.073,-4.029
1999-05-13 02:00:00,9.454,0.93,-1.315,-9.103
1999-05-13 03:00:00,11.297,2.233,1.676,-10.806
1999-05-13 04:00:00,15.875,0.632,-12.17,-7.166
1999-05-13 05:00:00,17.301,-0.746,-16.403,4.892
1999-05-13 06:00:00,17.766,-1.261,-15.905,7.403
1999-05-13 07:00:00,16.365,2.277,-13.391,7.576
1999-05-13 08:00:00,10.808,3.94,-7.691,-2.121
1999-05-13 09:00:00,9.145,-0.342,-7.647,3.58
1999-05-13 10:00:00,6.895,-0.221,-1.259,3.518
1999-05-13 11:00:00,10.209,3.483,3.134,-7.467
1999-05-13 12:00:00,11.393,2.642,-0.091,-10.029
1999-05-13 13:00:00,12.068,1.279,-10.341,-4.534
1999-05-13 14:00:00,11.172,6.61,-7.34,-2.165
1999-05-13 15:00:00,10.989,5.698,-8.355,2.713
1999-05-13 16:00:00,11.089,4.925,-8.046,1.2
1999-05-13 17:00:00,10.79,6.574,-6.789,2.813
1999-05-13 18:00:00,10.435,6.712,0.267,3.257
1999-05-13 19:00:00,9.57,4.809,-5.022,2.389
1999-05-13 20:00:00,9.162,5.597,-1.891,1.368
1999-05-13 21:00:00,8.864,2.072,-6.994,0.824
1999-05-13 22:00:00,8.767,6.305,-4.643,0.603
1999-05-13 23:00:00,8.765,4.839,-5.965,0.679
1999-05-14 00:00:00,7.532,5.388,-1.824,-3.631
1999-05-14 01:00:00,6.258,5.378,0.915,1.663
1999-05-14 02:00:00,6.121,5.382,0.818,0.601
1999-05-14 03:00:00,6.152,2.061,-3.202,2.818
1999-05-14 04:00:00,6.031,-0.435,-4.575,3.318
1999-05-14 05:00:00,5.373,1.996,-3.126,-1.637
1999-05-14 06:00:00,5.305,4.619,0.005,0.787
1999-05-14 07:00:00,5.366,4.544,-0.968,1.751
1999-05-14 08:00:00,5.433,4.873,-0.484,1.692
1999-05-14 09:00:00,5.551,4.506,-1.058,0.79
1999-05-14 10:00:00,5.811,4.976,1.057,1.258
1999-05-14 11:00:00,5.806,5.132,-0.819,0.522
1999-05-14 12:00:00,5.506,5.003,-1.663,-0.403
1999-05-14 13:00:00,5.573,4.748,-1.954,0.22
1999-05-14 14:00:00,5.431,4.724,-1.315,1.779
1999-05-14 15:00:00,5.093,4.367,-1.709,0.859
1999-05-14 16:00:00,5.081,2.129,-3.068,-0.66
1999-05-14 17:00:00,5.486,0.885,-4.866,1.31
1999-05-14 18:00:00,5.562,2.741,-2.608,2.92
1999-05-14 19:00:00,5.043,2.053,-3.234,2.241
1999-05-14 20:00:00,4.455,2.755,-2.396,1.818
1999-05-14 21:00:00,4.209,2.156,-2.89,-0.107
1999-05-14 22:00:00,4.544,-0.63,-2.273,-2.935
1999-05-14 23:00:00,4.47,2.473,-2.937,1.288
1999-05-15 00:00:00,4.435,3.567,-2.304,0.251
1999-05-15 01:00:00,4.301,1.957,-2.105,1.729
1999-05-15 02:00:00,4.991,3.958,-1.197,2.017
1999-05-15 03:00:00,4.817,3.18,-2.241,-1.154
1999-05-15 04:00:00,4.647,1.141,-2.633,0.676
1999-05-15 05:00:00,5.313,-1.164,-3.457,1.017
1999-05-15 06:00:00,6.07,-1.762,-5.579,0.2
1999-05-15 07:00:00,6.394,-1.515,-5.747,0.989
1999-05-15 08:00:00,6.364,0.764,-5.872,0.155
1999-05-15 09:00:00,6.103,5.567,1.576,-1.341
1999-05-15 10:00:00,5.13,3.428,0.767,-0.483
1999-05-15 11:00:00,4.914,3.319,2.965,-1.279
1999-05-15 12:00:00,5.355,3.802,1.537,0.131
1999-05-15 13:00:00,5.1,2.345,4.21,-0.094
1999-05-15 14:00:00,4.091,2.273,1.702,0.511
1999-05-15 15:00:00,5.003,4.35,1.106,-0.65
1999-05-15 16:00:00,4.553,0.274,-2.121,0.182
1999-05-15 17:00:00,4.545,2.571,-3.272,-0.266
1999-05-15 18:00:00,4.603,1.29,-3.839,-1.266
1999-05-15 19:00:00,4.473,1.741,-3.213,-2.447
1999-05-15 20:00:00,4.456,0.396,-4.015,-1.497
1999-05-15 21:00:00,4.561,-1.236,-4.293,-0.548
1999-05-15 22:00:00,3.484,-1.432,-2.533,-0.874
1999-05-15 23:00:00,3.974,-3.631,-1.499,-0.001
1999-05-16 00:00:00,3.426,-3.163,-0.863,0.816
1999-05-16 01:00:00,3.207,-3.1,0.205,0.364
1999-05-16 02:00:00,2.819,-2.525,-0.406,0.565
1999-05-16 03:00:00,2.92,-1.941,-1.583,0.859
1999-05-16 04:00:00,2.997,-0.558,-2.568,0.526
1999-05-16 05:00:00,2.803,0.634,-1.138,-0.57
1999-05-16 06:00:00,3.137,-0.997,-1.987,1.082
1999-05-16 07:00:00,2.83,-0.832,2.184,1.011
1999-05-16 08:00:00,3.687,-2.025,2.729,0.788
1999-05-16 09:00:00,4.742,-4.188,1.727,1.29
1999-05-16 10:00:00,4.612,-4.15,1.09,1.644
1999-05-16 11:00:00,4.318,-3.622,1.288,1.845
1999-05-16 12:00:00,5.115,-4.436,-0.438,2.344
1999-05-16 13:00:00,5.559,-4.605,-1.284,2.778
1999-05-16 14:00:00,5.488,-4.579,-1.693,2.428
1999-05-16 15:00:00,5.127,-4.095,-1.877,1.982
1999-05-16 16:00:00,5.235,-4.079,-2.507,1.092
1999-05-16 17:00:00,4.522,-3.312,0.772,2.819
1999-05-16 18:00:00,4.402,-2.571,1.475,3.243
1999-05-16 19:00:00,4.264,-2.604,1.333,3.091
1999-05-16 20:00:00,3.985,-3.007,0.691,2.464
1999-05-16 21:00:00,3.94,-3.219,0.725,2.105
1999-05-16 22:00:00,3.754,-3.111,1.088,1.777
1999-05-16 23:00:00,3.677,-2.906,0.69,2.121
1999-05-17 00:00:00,3.529,-2.777,0.777,2.001
1999-05-17 01:00:00,3.308,-2.61,0.719,1.88
1999-05-17 02:00:00,3.885,-3.08,0.77,2.219
1999-05-17 03:00:00,3.839,-3.034,1.285,1.939
1999-05-17 04:00:00,3.849,-3.17,1.431,1.605
1999-05-17 05:00:00,3.479,-2.625,1.432,1.729
1999-05-17 06:00:00,3.65,-2.923,1.736,1.283
1999-05-17 07:00:00,4.139,-3.275,2.092,1.403
1999-05-17 08:00:00,3.28,-2.761,1.69,0.302
1999-05-17 09:00:00,3.77,-3.284,1.303,-0.898
1999-05-17 10:00:00,4.612,-4.214,1.379,0.838
1999-05-17 11:00:00,5.465,-4.758,2.393,-0.936
1999-05-17 12:00:00,5.588,-4.535,2.481,-1.994
1999-05-17 13:00:00,5.458,-4.202,1.87,-2.879
1999-05-17 14:00:00,4.912,-3.815,0.939,-2.783
1999-05-17 15:00:00,4.943,-3.71,2.285,-2.126
1999-05-17 16:00:00,4.879,-4.296,1.989,0.634
1999-05-17 17:00:00,4.564,-4.003,1.822,-0.637
1999-05-17 18:00:00,5.032,-4.731,1.543,0.425
1999-05-17 19:00:00,5.284,-4.924,0.905,1.645
1999-05-17 20:00:00,5.419,-5.193,0.545,1.39
1999-05-17 21:00:00,5.602,-5.379,1.069,1.09
1999-05-17 22:00:00,5.487,-5.136,1.46,1.122
1999-05-17 23:00:00,5.737,-5.355,1.921,0.275
1999-05-18 00:00:00,10.209,-3.975,6.697,3.892
1999-05-18 01:00:00,15.332,-1.073,9.425,9.83
1999-05-18 02:00:00,17.553,0.161,4.033,15.59
1999-05-18 03:00:00,22.996,-1.768,-11.611,17.906
1999-05-18 04:00:00,18.999,3.067,5.338,-12.274
1999-05-18 05:00:00,17.794,0.682,13.311,-2.813
1999-05-18 06:00:00,18.427,0.896,15.617,-2.041
1999-05-18 07:00:00,12.098,-0.757,9.361,2.544
1999-05-18 08:00:00,15.017,-3.55,11.046,-0.384
1999-05-18 09:00:00,13.006,-1.678,11.696,-0.596
1999-05-18 10:00:00,13.038,-5.02,10.737,1.212
1999-05-18 11:00:00,12.356,-2.883,10.354,-0.308
1999-05-18 12:00:00,11.58,-4.165,8.238,-0.82
1999-05-18 13:00:00,11.967,-8.583,6.604,2.807
1999-05-18 14:00:00,12.894,-9.76,5.903,2.603
1999-05-18 15:00:00,10.984,-4.648,6.936,-0.261
1999-05-18 16:00:00,9.243,-3.54,4.704,0.372
1999-05-18 17:00:00,10.148,-6.621,4.295,4.382
1999-05-18 18:00:00,10.364,-5.203,6.246,-0.639
1999-05-18 19:00:00,6.873,-3.032,1.806,3.35
1999-05-18 20:00:00,4.879,-2.242,-2.196,3.321
1999-05-18 21:00:00,4.477,-1.866,-0.686,1.69
1999-05-18 22:00:00,4.354,-3.574,1.45,-0.056
1999-05-18 23:00:00,4.187,-3.123,1.112,0.241
1999-05-19 00:00:00,4.142,-2.466,1.891,0.403
1999-05-19 01:00:00,4.372,-3.32,1.625,-1.05
1999-05-19 02:00:00,4.688,-3.023,2.157,-0.126
1999-05-19 03:00:00,4.655,-3.034,2.825,-0.449
1999-05-19 04:00:00,4.571,-1.209,1.813,3.249
1999-05-19 05:00:00,4.429,-2.351,3.006,0.705
1999-05-19 06:00:00,4.404,-2.982,2.753,0.777
1999-05-19 07:00:00,4.569,-1.359,3.291,1.733
1999-05-19 08:00:00,4.602,-1.626,3.144,2.14
1999-05-19 09:00:00,4.531,-1.079,3.493,0.773
1999-05-19 10:00:00,4.392,-2.384,2.365,1.409
1999-05-19 11:00:00,4.552,-2.188,2.777,0.514
1999-05-19 12:00:00,4.258,-2.025,2.732,-1.645
1999-05-19 13:00:00,4.222,-3.083,1.54,-0.706
1999-05-19 14:00:00,3.979,-0.985,2.612,0.101
1999-05-19 15:00:00,4.167,-2.799,2.488,-0.824
1999-05-19 16:00:00,4.185,-1.448,2.828,0.652
1999-05-19 17:00:00,3.95,-2.892,0.28,0.17
1999-05-19 18:00:00,3.794,-2.633,0.625,0.855
1999-05-19 19:00:00,4.249,-1.625,-1.722,0.844
1999-05-19 20:00:00,4.064,-0.872,1.841,-1.185
1999-05-19 21:00:00,4.239,-0.875,3.196,0.041
1999-05-19 22:00:00,4.094,-0.906,3.04,-0.346
1999-05-19 23:00:00,3.851,-1.468,0.752,0.866
1999-05-20 00:00:00,4.015,-2.511,0.167,1.111
1999-05-20 01:00:00,4.154,-3.487,-0.968,0.751
1999-05-20 02:00:00,4.07,-2.372,-1.104,2.403
1999-05-20 03:00:00,3.906,-2.249,0.507,1.591
1999-05-20 04:00:00,4.027,-1.903,1.752,-0.625
1999-05-20 05:00:00,3.938,-1.516,1.909,1.19
1999-05-20 06:00:00,4.002,-1.751,2.129,0.599
1999-05-20 07:00:00,4.036,-2.707,1.788,0.165
1999-05-20 08:00:00,4.285,-3.183,0.968,1.315
1999-05-20 09:00:00,4.246,-2.796,0.727,-2.636
1999-05-20 10:00:00,4.157,-2.586,2.106,-1.864
1999-05-20 11:00:00,4.143,-2.401,0.473,2.375
1999-05-20 12:00:00,4.019,-1.956,-2.395,1.917
1999-05-20 13:00:00,3.967,-2.809,-0.232,-1.018
1999-05-20 14:00:00,4.195,-3.71,0.84,-1.121
1999-05-20 15:00:00,3.864,-3.092,-0.67,-1.076
1999-05-20 16:00:00,3.582,-1.974,1.72,-1.693
1999-05-20 17:00:00,3.669,-2.383,1.734,-0.682
1999-05-20 18:00:00,3.825,-1.822,2.752,0.376
1999-05-20 19:00:00,3.89,-2.255,1.823,-0.054
1999-05-20 20:00:00,3.89,-3.432,0.262,-1.562
1999-05-20 21:00:00,3.705,-2.151,1.57,-1.996
1999-05-20 22:00:00,3.648,-3.147,0.016,-0.581
1999-05-20 23:00:00,4.216,-3.226,-1.493,-0.61
1999-05-21 00:00:00,4.214,-3.369,-1.953,-0.814
1999-05-21 01:00:00,4.24,-3.67,-1.481,0.208
1999-05-21 02:00:00,4.428,-2.917,-1.44,-0.745
1999-05-21 03:00:00,4.593,-3.391,-2.219,-0.746
1999-05-21 04:00:00,4.295,-3.431,0.844,0.856
1999-05-21 05:00:00,4.09,0.313,3.752,1.312
1999-05-21 06:00:00,4.407,1.667,3.723,0.94
1999-05-21 07:00:00,4.191,-0.481,3.9,0.383
1999-05-21 08:00:00,4.398,-2.207,3.109,0.97
1999-05-21 09:00:00,4.248,-2.582,2.08,2.182
1999-05-21 10:00:00,4.134,-3.356,0.621,0.831
1999-05-21 11:00:00,4.312,-0.643,3.306,1.277
1999-05-21 12:00:00,4.024,-1.805,2.726,-0.746
1999-05-21 13:00:00,4.151,-2.32,2.284,-1.017
1999-05-21 14:00:00,4.119,-1.589,3.502,-0.203
1999-05-21 15:00:00,4.219,-1.128,1.935,-0.236
1999-05-21 16:00:00,4.219,-0.209,3.316,1.278
1999-05-21 17:00:00,4.4,0.616,2.963,2.635
1999-05-21 18:00:00,3.962,-2.772,-1.97,-0.358
1999-05-21 19:00:00,4.253,-3.846,1.274,0.445
1999-05-21 20:00:00,4.219,-0.813,-0.157,1.625
1999-05-21 21:00:00,4.272,-0.13,-0.807,1.592
1999-05-21 22:00:00,4.243,-1.944,-3.183,0.624
1999-05-21 23:00:00,4.13,0.844,2.23,2.399
1999-05-22 00:00:00,4.394,0.639,3.115,2.413
1999-05-22 01:00:00,3.822,-1.486,2.855,0.493
1999-05-22 02:00:00,3.846,-2.219,2.614,-0.083
1999-05-22 03:00:00,3.661,-1.177,-0.961,1.768
1999-05-22 04:00:00,3.72,-0.12,0.343,2.592
1999-05-22 05:00:00,3.69,-1.754,0.153,1.516
1999-05-22 06:00:00,3.706,-2.788,-1.061,0.511
1999-05-22 07:00:00,3.424,-1.512,-1.475,1.483
1999-05-22 08:00:00,3.69,-1.348,-0.99,2.401
1999-05-22 09:00:00,3.827,-3.201,-1.145,0.742
1999-05-22 10:00:00,3.476,-1.754,0.683,0.937
1999-05-22 11:00:00,3.839,-3.569,-0.926,-0.54
1999-05-22 12:00:00,4.188,-3.674,-1.635,-0.739
1999-05-22 13:00:00,4.306,-3.847,0.42,-0.474
1999-05-22 14:00:00,4.241,-3.617,1.256,-0.732
1999-05-22 15:00:00,4.069,-2.126,2.265,0.812
1999-05-22 16:00:00,4.312,-2.527,1.574,2.008
1999-05-22 17:00:00,4.437,-3.065,-1.5,1.62
1999-05-22 18:00:00,5.151,-0.491,0.068,4.668
1999-05-22 19:00:00,5.816,-0.848,2.453,4.711
1999-05-22 20:00:00,5.37,0.895,1.558,3.529
1999-05-22 21:00:00,6.061,-1.561,1.884,4.265
1999-05-22 22:00:00,6.944,-1.657,1.34,5.817
1999-05-22 23:00:00,6.143,-3.299,1.76,4.536
1999-05-23 00:00:00,6.373,-1.703,2.472,4.806
1999-05-23 01:00:00,6.958,-0.228,2.687,6.209
1999-05-23 02:00:00,6.754,-0.175,4.447,4.854
1999-05-23 03:00:00,6.442,-1.174,5.087,3.3
1999-05-23 04:00:00,7.173,-1.713,5.289,4.183
1999-05-23 05:00:00,7.804,-1.159,6.196,4.099
1999-05-23 06:00:00,7.781,-0.692,5.766,4.325
1999-05-23 07:00:00,7.138,0.982,3.83,5.61
1999-05-23 08:00:00,7.067,0.193,-0.921,1.291
1999-05-23 09:00:00,8.097,-2.377,-6.08,-1.224
1999-05-23 10:00:00,8.329,-3.152,-5.788,-4.983
1999-05-23 11:00:00,7.866,-1.524,-3.566,-5.37
1999-05-23 12:00:00,6.954,-1.222,-0.035,-1.864
1999-05-23 13:00:00,6.494,2.875,-1.957,4.629
1999-05-23 14:00:00,6.383,2.264,0.425,5.187
1999-05-23 15:00:00,6.793,-0.243,6.433,0.081
1999-05-23 16:00:00,6.586,1.223,5.052,2.732
1999-05-23 17:00:00,5.222,1.643,3.778,-1.296
1999-05-23 18:00:00,4.987,1.863,1.313,3.701
1999-05-23 19:00:00,5.88,-0.577,1.102,5.68
1999-05-23 20:00:00,6.087,-0.574,-0.339,5.72
1999-05-23 21:00:00,6.891,-0.078,-4.173,5.311
1999-05-23 22:00:00,8.059,-0.208,-5.583,5.481
1999-05-23 23:00:00,7.373,0.492,-6.594,2.647
1999-05-24 00:00:00,6.784,2.276,-5.886,1.983
1999-05-24 01:00:00,6.893,2.502,-6.064,1.066
1999-05-24 02:00:00,6.533,1.858,-5.363,3.033
1999-05-24 03:00:00,6.055,-0.452,-3.947,3.98
1999-05-24 04:00:00,4.349,2.004,-2.867,1.057
1999-05-24 05:00:00,2.817,-0.757,0.435,1.616
1999-05-24 06:00:00,3.474,-0.327,-2.047,1.482
1999-05-24 07:00:00,3.7,-2.55,-1.953,0.293
1999-05-24 08:00:00,3.029,-1.559,-1.086,0.291
1999-05-24 09:00:00,6.653,-5.6,-2.477,-0.261
1999-05-24 10:00:00,4.769,-2.33,3.084,-0.537
1999-05-24 11:00:00,4.396,-2.218,2.846,0.89
1999-05-24 12:00:00,5.553,-3.972,3.114,1.282
1999-05-24 13:00:00,7.29,-4.867,4.432,2.143
1999-05-24 14:00:00,8.342,-6.027,4.495,3.212
1999-05-24 15:00:00,9.471,-7.522,3.739,3.873
1999-05-24 16:00:00,7.182,-2.45,-0.878,6.31
1999-05-24 17:00:00,7.672,-0.001,-2.665,6.61
1999-05-24 18:00:00,8.762,2.539,-4.703,6.208
1999-05-24 19:00:00,11.18,-7.08,1.234,5.819
1999-05-24 20:00:00,10.729,-1.385,-2.022,2.123
1999-05-24 21:00:00,11.919,0.07,-1.004,-4.945
1999-05-24 22:00:00,13.334,9.687,-8.715,-1.644
1999-05-24 23:00:00,11.572,6.617,-2.163,-6.871
1999-05-25 00:00:00,9.807,2.924,-5.194,-3.337
1999-05-25 01:00:00,10.518,4.294,-3.663,-0.322
1999-05-25 02:00:00,12.07,1.61,-9.701,4.232
1999-05-25 03:00:00,11.608,2.051,-6.971,-3.767
1999-05-25 04:00:00,10.267,0.192,-1.994,8.706
1999-05-25 05:00:00,10.795,3.263,-7.807,-0.708
1999-05-25 06:00:00,9.608,7.08,-5.438,-1.531
1999-05-25 07:00:00,9.36,2.635,-4.131,-5.375
1999-05-25 08:00:00,8.727,2.79,-6.633,-3.464
1999-05-25 09:00:00,7.585,4.881,-3.274,-4.173
1999-05-25 10:00:00,4.658,4.12,-1.044,-1.776
1999-05-25 11:00:00,4.275,2.358,-0.463,-2.546
1999-05-25 12:00:00,4.256,3.03,-1.465,-1.963
1999-05-25 13:00:00,3.858,2.826,-0.447,-0.173
1999-05-25 14:00:00,3.991,0.405,-1.483,3.278
1999-05-25 15:00:00,4.075,0.755,-2.882,1.142
1999-05-25 16:00:00,4.383,1.02,-0.558,3.56
1999-05-25 17:00:00,4.161,1.433,-1.569,2.239
1999-05-25 18:00:00,3.854,1.576,-2.009,-0.09
1999-05-25 19:00:00,4.381,1.739,-2.325,1.974
1999-05-25 20:00:00,4.034,1.112,-3.091,1.307
1999-05-25 21:00:00,3.954,1.376,-3.241,-0.681
1999-05-25 22:00:00,3.828,2.21,-2.602,-0.195
1999-05-25 23:00:00,3.705,2.996,-1.54,-1.177
1999-05-26 00:00:00,3.955,3.265,-1.609,-1.367
1999-05-26 01:00:00,3.972,3.141,-2.163,-0.667
1999-05-26 02:00:00,3.77,2.383,-2.591,-0.513
1999-05-26 03:00:00,3.936,2.839,-2.127,0.417
1999-05-26 04:00:00,3.655,2.496,-2.236,0.532
1999-05-26 05:00:00,4.402,3.507,-1.487,-1.118
1999-05-26 06:00:00,4.37,3.544,-0.2,-1.415
1999-05-26 07:00:00,4.404,4.015,-1.472,0.357
1999-05-26 08:00:00,4.071,3.091,-0.943,2.082
1999-05-26 09:00:00,3.849,1.27,-0.454,2.61
1999-05-26 10:00:00,4.547,1.066,-2.129,3.528
1999-05-26 11:00:00,5.256,2.286,-4.066,-2.062
1999-05-26 12:00:00,4.38,2.104,-2.772,-2.231
1999-05-26 13:00:00,4.454,3.484,-2.186,-1.397
1999-05-26 14:00:00,5.352,3.005,-3.419,-2.236
1999-05-26 15:00:00,4.936,3.175,-2.08,0.26
1999-05-26 16:00:00,4.62,3.848,0.427,0.976
1999-05-26 17:00:00,5.089,4.09,-2.268,-0.285
1999-05-26 18:00:00,5.462,3.093,-3.034,-2.508
1999-05-26 19:00:00,5.555,3.385,2.622,-1.7
1999-05-26 20:00:00,5.486,2.844,3.945,1.564
1999-05-26 21:00:00,5.64,3.831,0.368,0.987
1999-05-26 22:00:00,6.486,-0.562,-5.153,-2.267
1999-05-26 23:00:00,6.813,-0.112,-5.036,3.047
1999-05-27 00:00:00,6.7,2.904,-1.699,3.348
1999-05-27 01:00:00,6.748,2.453,-5.546,2.447
1999-05-27 02:00:00,5.965,1.673,-5.528,0.911
1999-05-27 03:00:00,5.994,1.73,-4.989,-0.996
1999-05-27 04:00:00,5.738,0.388,-3.66,-3.316
1999-05-27 05:00:00,5.732,2.336,-4.873,-0.755
1999-05-27 06:00:00,5.523,2.518,-2.632,2.603
1999-05-27 07:00:00,5.016,1.857,-3.223,1.116
1999-05-27 08:00:00,5.607,0.931,-0.86,0.461
1999-05-27 09:00:00,5.753,4.72,0.446,2.821
1999-05-27 10:00:00,5.051,3.997,-1.434,1.814
1999-05-27 11:00:00,5.219,1.68,-3.963,-1.307
1999-05-27 12:00:00,4.94,1.323,-2.813,0.595
1999-05-27 13:00:00,4.997,2.841,-2.042,2.392
1999-05-27 14:00:00,4.731,2.86,0.032,2.055
1999-05-27 15:00:00,4.689,0.161,-4.279,0.876
1999-05-27 16:00:00,4.662,2.059,1.608,1.714
1999-05-27 17:00:00,4.636,2.929,2.08,2.706
1999-05-27 18:00:00,4.423,3.4,0.977,1.589
1999-05-27 19:00:00,3.954,2.887,-1.435,0.195
1999-05-27 20:00:00,3.891,2.82,-2.07,0.388
1999-05-27 21:00:00,4.337,1.594,-0.009,-2.898
1999-05-27 22:00:00,4.06,2.432,-0.302,-2.529
1999-05-27 23:00:00,3.798,2.289,-1.102,-1.492
1999-05-28 00:00:00,3.473,-0.453,-1.558,-1.685
1999-05-28 01:00:00,3.811,-1.297,-2.024,-1.782
1999-05-28 02:00:00,4.076,-1.932,-2.967,-1.633
1999-05-28 03:00:00,3.595,-1.263,-1.88,-1.861
1999-05-28 04:00:00,3.723,-1.864,-1.774,-1.871
1999-05-28 05:00:00,3.325,-0.018,-1.551,-1.658
1999-05-28 06:00:00,3.106,2.446,0.153,-1.766
1999-05-28 07:00:00,3.052,2.111,0.484,-2.01
1999-05-28 08:00:00,3.282,1.319,-1.146,-2.326
1999-05-28 09:00:00,3.457,0.941,-2.134,-1.794
1999-05-28 10:00:00,3.344,2.776,-0.618,-1.547
1999-05-28 11:00:00,3.562,2.23,1.538,-1.959
1999-05-28 12:00:00,3.749,3.258,-0.808,-1.341
1999-05-28 13:00:00,3.519,1.713,-1.815,-2.149
1999-05-28 14:00:00,3.531,2.979,-0.402,-1.149
1999-05-28 15:00:00,3.529,0.389,-2.797,-1.342
1999-05-28 16:00:00,3.688,-0.098,-1.805,-2.473
1999-05-28 17:00:00,3.617,0.577,-0.378,-2.538
1999-05-28 18:00:00,4.142,0.466,-0.59,-3.384
1999-05-28 19:00:00,4.411,1.811,-1.099,-2.809
1999-05-28 20:00:00,5.168,4.334,-0.894,-0.913
1999-05-28 21:00:00,5.556,2.171,-4.409,0.366
1999-05-28 22:00:00,6.217,1.906,-5.466,2.149
1999-05-28 23:00:00,6.38,0.742,-5.835,2.31
1999-05-29 00:00:00,6.542,0.312,-6.174,1.358
1999-05-29 01:00:00,6.812,3.138,-4.609,3.16
1999-05-29 02:00:00,6.585,3.778,-4.165,3.189
1999-05-29 03:00:00,6.651,3.8,-3.353,4.223
1999-05-29 04:00:00,6.887,4.884,-2.842,3.881
1999-05-29 05:00:00,6.917,5.632,-0.717,-1.744
1999-05-29 06:00:00,6.829,5.441,0.407,-3.185
1999-05-29 07:00:00,7.122,3.011,1.338,6.066
1999-05-29 08:00:00,7.364,3.108,3.805,5.411
1999-05-29 09:00:00,7.352,3.283,3.921,5.182
1999-05-29 10:00:00,7.147,2.901,3.952,5.107
1999-05-29 11:00:00,7.228,1.27,-0.939,4.646
1999-05-29 12:00:00,7.254,2.622,3.194,5.208
1999-05-29 13:00:00,7.228,5.028,3.469,2.389
1999-05-29 14:00:00,7.216,5.27,1.537,-3.197
1999-05-29 15:00:00,7.354,5.223,0.899,-4.601
1999-05-29 16:00:00,7.346,6.4,1.126,-2.633
1999-05-29 17:00:00,7.395,6.764,-0.973,-1.812
1999-05-29 18:00:00,6.958,6.6,-1.708,0.731
1999-05-29 19:00:00,6.39,5.16,-0.667,3.358
1999-05-29 20:00:00,6.434,3.904,3.787,3.124
1999-05-29 21:00:00,6.222,3.835,3.649,2.881
1999-05-29 22:00:00,5.429,3.881,3.236,0.462
1999-05-29 23:00:00,5.792,2.197,4.013,3.217
1999-05-30 00:00:00,5.931,0.324,4.576,3.583
1999-05-30 01:00:00,6.148,0.674,4.131,4.457
1999-05-30 02:00:00,6.395,0.395,4.008,4.917
1999-05-30 03:00:00,6.691,0.439,4.08,5.178
1999-05-30 04:00:00,6.443,2.723,0.591,5.212
1999-05-30 05:00:00,6.528,3.011,1.529,4.628
1999-05-30 06:00:00,6.405,3.666,1.43,4.446
1999-05-30 07:00:00,6.132,4.12,3.084,2.681
1999-05-30 08:00:00,6.688,0.512,3.452,5.436
1999-05-30 09:00:00,6.747,2.258,4.887,2.337
1999-05-30 10:00:00,6.24,2.597,3.196,3.48
1999-05-30 11:00:00,5.699,4.139,2.924,-1.852
1999-05-30 12:00:00,5.609,3.227,-0.546,-4.035
1999-05-30 13:00:00,5.687,2.809,-3.442,-2.974
1999-05-30 14:00:00,5.893,2.261,-4.201,-2.571
1999-05-30 15:00:00,6.536,2.151,-5.133,-2.947
1999-05-30 16:00:00,7.013,5.6,-3.851,0.664
1999-05-30 17:00:00,6.714,4.948,-3.692,0.194
1999-05-30 18:00:00,6.644,2.312,-4.879,-2.862
1999-05-30 19:00:00,7.707,3.528,-3.231,-5.292
1999-05-30 20:00:00,6.395,5.415,1.144,-1.233
1999-05-30 21:00:00,6.171,5.412,-0.674,1.916
1999-05-30 22:00:00,6.476,4.915,-2.205,2.244
1999-05-30 23:00:00,6.588,5.104,-3.166,1.145
1999-05-31 00:00:00,6.613,6.256,-0.381,-0.746
1999-05-31 01:00:00,6.637,6.312,0.051,0.492
1999-05-31 02:00:00,6.683,5.833,-2.342,0.886
1999-05-31 03:00:00,6.378,5.438,1.32,2.335
1999-05-31 04:00:00,6.358,5.824,-1.681,1.166
1999-05-31 05:00:00,6.185,4.736,-3.526,0.411
1999-05-31 06:00:00,6.272,5.455,-2.64,0.282
1999-05-31 07:00:00,6.208,3.955,-4.248,-0.475
1999-05-31 08:00:00,6.234,2.841,-5.155,-0.75
1999-05-31 09:00:00,6.304,4.291,-4.143,-0.879
1999-05-31 10:00:00,6.317,4.494,-4.263,-0.065
1999-05-31 11:00:00,6.441,5.699,-2.69,0.41
1999-05-31 12:00:00,6.353,6.059,-1.3,-0.133
1999-05-31 13:00:00,6.383,6.265,-0.726,-0.602
1999-05-31 14:00:00,6.532,6.271,-0.786,0.597
1999-05-31 15:00:00,6.711,6.251,-1.97,0.737
1999-05-31 16:00:00,6.602,5.436,-3.221,-0.569
1999-05-31 17:00:00,6.464,5.318,-3.618,0.127
1999-05-31 18:00:00,6.49,4.539,-4.287,-0.785
1999-05-31 19:00:00,6.211,4.05,-4.142,-1.602
1999-05-31 20:00:00,6.468,2.306,-5.279,-2.611
1999-05-31 21:00:00,6.526,1.773,-4.935,-3.598
1999-05-31 22:00:00,6.567,5.013,-4.053,-0.448
1999-05-31 23:00:00,6.56,5.307,-3.748,0.52
1999-06-01 00:00:00,6.388,5.121,-3.543,1.14
1999-06-01 01:00:00,6.219,4.867,-3.57,1.096
1999-06-01 02:00:00,5.97,4.155,-3.858,-1.157
1999-06-01 03:00:00,5.862,4.173,-3.507,-1.356
1999-06-01 04:00:00,5.819,3.967,-3.319,-1.594
1999-06-01 05:00:00,5.699,3.393,-4.126,1.746
1999-06-01 06:00:00,5.114,3.741,-3.269,-0.806
1999-06-01 07:00:00,5.149,4.277,-2.418,0.589
1999-06-01 08:00:00,5.13,3.982,-2.801,1.229
1999-06-01 09:00:00,5.017,3.295,-3.678,0.344
1999-06-01 10:00:00,4.995,4.058,-2.464,-0.809
1999-06-01 11:00:00,5.051,3.862,-2.418,-0.523
1999-06-01 12:00:00,5.023,2.644,-2.655,-0.632
1999-06-01 13:00:00,6.064,4.519,-2.349,1.755
1999-06-01 14:00:00,6.563,5.393,-0.716,2.904
1999-06-01 15:00:00,5.599,1.551,2.918,-3.74
1999-06-01 16:00:00,5.439,-0.105,2.373,-3.614
1999-06-01 17:00:00,5.593,1.36,4.729,-1.585
1999-06-01 18:00:00,4.627,1.993,3.863,0.16
1999-06-01 19:00:00,4.023,1.433,2.164,2.386
1999-06-01 20:00:00,3.62,2.449,1.748,-0.575
1999-06-01 21:00:00,4.498,0.67,-0.147,1.482
1999-06-01 22:00:00,6.606,-0.317,4.413,-4.588
1999-06-01 23:00:00,4.752,0.132,3.387,-1.626
1999-06-02 00:00:00,3.222,0.886,2.728,-0.291
1999-06-02 01:00:00,3.494,0.671,1.233,-2.497
1999-06-02 02:00:00,4.306,0.934,2.519,2.722
1999-06-02 03:00:00,6.61,-0.886,5.47,2.679
1999-06-02 04:00:00,7.528,-0.448,6.786,3.148
1999-06-02 05:00:00,7.076,-2.165,6.155,1.015
1999-06-02 06:00:00,7.33,-2.686,6.471,-1.827
1999-06-02 07:00:00,7.518,-2.367,6.558,-2.496
1999-06-02 08:00:00,7.24,-1.468,3.745,0.925
1999-06-02 09:00:00,7.861,2.155,1.049,7.073
1999-06-02 10:00:00,8.605,-1.727,7.483,3.095
1999-06-02 11:00:00,8.19,-2.711,3.512,4.979
1999-06-02 12:00:00,8.012,-4.724,4.304,4.566
1999-06-02 13:00:00,7.311,-4.319,2.571,5.034
1999-06-02 14:00:00,6.97,-5.014,1.12,4.05
1999-06-02 15:00:00,7.492,-4.415,-2.709,4.663
1999-06-02 16:00:00,9.565,-7.978,-2.083,4.608
1999-06-02 17:00:00,11.369,-10.266,2.208,3.517
1999-06-02 18:00:00,11.991,-10.507,5.434,1.003
1999-06-02 19:00:00,10.474,-8.92,4.607,-2.378
1999-06-02 20:00:00,8.167,-4.918,4.197,-4.589
1999-06-02 21:00:00,10.344,-0.941,6.671,1.373
1999-06-02 22:00:00,11.267,-0.755,8.668,-4.703
1999-06-02 23:00:00,11.691,-1.122,3.967,10.244
1999-06-03 00:00:00,11.386,0.301,7.497,7.902
1999-06-03 01:00:00,10.992,0.631,9.018,6.069
1999-06-03 02:00:00,10.587,-0.071,8.894,5.512
1999-06-03 03:00:00,9.824,0.129,6.864,6.735
1999-06-03 04:00:00,9.682,2.11,5.869,6.985
1999-06-03 05:00:00,9.083,2.243,5.784,6.367
1999-06-03 06:00:00,8.579,5.094,3.189,5.899
1999-06-03 07:00:00,8.663,4.396,4.34,5.474
1999-06-03 08:00:00,9.039,-0.699,8.081,3.84
1999-06-03 09:00:00,8.921,-2.01,7.994,3.121
1999-06-03 10:00:00,9.078,3.299,4.972,4.465
1999-06-03 11:00:00,9.256,5.732,3.025,6.249
1999-06-03 12:00:00,8.426,4.265,3.348,6.131
1999-06-03 13:00:00,8.558,2.863,4.406,6.681
1999-06-03 14:00:00,9.079,4.381,2.761,7.388
1999-06-03 15:00:00,8.963,4.697,1.341,7.49
1999-06-03 16:00:00,7.9,5.175,-1.114,5.822
1999-06-03 17:00:00,8.106,5.189,-1.836,5.883
1999-06-03 18:00:00,8.425,4.937,-1.957,6.44
1999-06-03 19:00:00,8.711,4.76,-3.912,5.876
1999-06-03 20:00:00,8.525,5.722,-2.453,5.716
1999-06-03 21:00:00,8.657,5.942,1.338,5.364
1999-06-03 22:00:00,7.931,-0.734,6.906,1.601
1999-06-03 23:00:00,7.557,-0.999,7.254,0.979
1999-06-04 00:00:00,7.359,-1.876,6.855,-0.944
1999-06-04 01:00:00,7.127,-2.107,6.422,-0.226
1999-06-04 02:00:00,7.133,-2.425,5.492,-2.184
1999-06-04 03:00:00,6.009,-4.024,2.785,-1.567
1999-06-04 04:00:00,6.235,-0.477,4.683,2.716
1999-06-04 05:00:00,7.26,-1.453,5.878,-1.357
1999-06-04 06:00:00,7.359,-2.687,4.999,-4.291
1999-06-04 07:00:00,5.771,-1.044,4.613,1.563
1999-06-04 08:00:00,5.854,-3.213,3.729,-0.627
1999-06-04 09:00:00,6.059,-4.474,1.543,1.012
1999-06-04 10:00:00,6.836,-2.775,5.025,-2.234
1999-06-04 11:00:00,7.006,-2.834,4.846,-3.315
1999-06-04 12:00:00,6.536,-2.367,4.378,-2.675
1999-06-04 13:00:00,6.428,-1.328,4.608,-2.795
1999-06-04 14:00:00,5.764,-1.738,4.103,1.056
1999-06-04 15:00:00,5.575,-2.148,3.566,2.452
1999-06-04 16:00:00,5.456,-1.375,4.308,-0.271
1999-06-04 17:00:00,4.935,-1.898,1.356,2.389
1999-06-04 18:00:00,4.981,-3.777,1.564,1.881
1999-06-04 19:00:00,4.596,-2.101,3.187,-1.452
1999-06-04 20:00:00,4.499,-2.328,2.718,-1.621
1999-06-04 21:00:00,4.387,-2.394,1.913,-0.434
1999-06-04 22:00:00,5.602,-0.451,4.36,0.094
1999-06-04 23:00:00,5.67,-1.6,3.828,-0.015
1999-06-05 00:00:00,5.655,-1.551,3.736,2.702
1999-06-05 01:00:00,5.541,-2.204,-0.645,3.945
1999-06-05 02:00:00,5.695,-2.659,3.056,3.392
1999-06-05 03:00:00,5.773,-3.177,-3.693,2.199
1999-06-05 04:00:00,5.843,-4.081,-2.089,3.383
1999-06-05 05:00:00,5.223,-3.819,-0.594,3.299
1999-06-05 06:00:00,5.026,-3.464,-0.462,3.117
1999-06-05 07:00:00,4.807,-3.081,-0.092,3.135
1999-06-05 08:00:00,4.875,-2.345,3.25,1.347
1999-06-05 09:00:00,4.495,-0.349,3.98,0.107
1999-06-05 10:00:00,4.409,1.407,3.456,-1.042
1999-06-05 11:00:00,4.036,-0.83,1.467,0.755
1999-06-05 12:00:00,4.377,-3.644,-1.414,1.58
1999-06-05 13:00:00,4.31,-3.819,-0.902,0.773
1999-06-05 14:00:00,4.29,-3.731,-1.036,1.142
1999-06-05 15:00:00,4.59,-4.214,-1.133,0.314
1999-06-05 16:00:00,4.745,-3.987,1.365,-0.755
1999-06-05 17:00:00,4.549,-3.272,0.627,-2.54
1999-06-05 18:00:00,4.404,-3.006,1.41,-1.805
1999-06-05 19:00:00,4.194,-2.001,2.669,-1.473
1999-06-05 20:00:00,4.44,-3.344,0.939,-0.962
1999-06-05 21:00:00,4.657,-4.521,0.279,-0.725
1999-06-05 22:00:00,4.622,-4.535,0.129,-0.447
1999-06-05 23:00:00,4.718,-4.531,0.895,0.594
1999-06-06 00:00:00,4.608,-4.031,1.141,1.629
1999-06-06 01:00:00,4.63,-4.413,-0.42,1.038
1999-06-06 02:00:00,4.479,-4.328,-0.036,0.27
1999-06-06 03:00:00,4.398,-3.912,1.178,0.923
1999-06-06 04:00:00,4.372,-1.651,3.185,1.149
1999-06-06 05:00:00,4.28,-2.291,2.913,0.039
1999-06-06 06:00:00,4.57,-3.079,2.766,-1.633
1999-06-06 07:00:00,4.612,-3.603,2.494,0.811
1999-06-06 08:00:00,4.167,-3.497,1.273,1.157
1999-06-06 09:00:00,3.216,-1.837,2.103,0.32
1999-06-06 10:00:00,4.629,0.779,4.081,-1.808
1999-06-06 11:00:00,4.95,0.357,4.723,-0.023
1999-06-06 12:00:00,5.368,-2.325,2.595,3.613
1999-06-06 13:00:00,5.746,-3.17,2.179,4.028
1999-06-06 14:00:00,5.219,-4.3,2.398,1.504
1999-06-06 15:00:00,5.072,-3.407,2.636,2.148
1999-06-06 16:00:00,5.056,-4.059,1.982,1.995
1999-06-06 17:00:00,5.141,-4.532,1.549,1.445
1999-06-06 18:00:00,5.235,-3.585,2.433,2.491
1999-06-06 19:00:00,5.276,-3.337,2.417,3.053
1999-06-06 20:00:00,4.999,-3.377,2.221,2.853
1999-06-06 21:00:00,4.435,-2.747,2.494,2.263
1999-06-06 22:00:00,4.462,-1.793,2.424,3.089
1999-06-06 23:00:00,4.567,-2.48,2.104,3.144
1999-06-07 00:00:00,3.182,-1.073,1.718,1.403
1999-06-07 01:00:00,3.591,-1.598,2.383,1.336
1999-06-07 02:00:00,2.868,-0.27,2.678,0.306
1999-06-07 03:00:00,2.987,-1.283,1.999,0.394
1999-06-07 04:00:00,2.905,-2.662,1.049,-0.135
1999-06-07 05:00:00,2.901,-1.895,2.094,0.004
1999-06-07 06:00:00,4.674,-2.9,3.588,0.23
1999-06-07 07:00:00,4.989,-3.403,3.084,1.795
1999-06-07 08:00:00,4.977,-3.095,3.107,2.259
1999-06-07 09:00:00,4.386,-2.765,2.677,1.86
1999-06-07 10:00:00,4.532,-3.119,2.606,1.292
1999-06-07 11:00:00,4.91,-3.06,3.528,-0.484
1999-06-07 12:00:00,5.323,-0.905,4.812,-0.519
1999-06-07 13:00:00,5.407,-1.852,4.858,0.114
1999-06-07 14:00:00,5.075,-3.907,3.087,-0.547
1999-06-07 15:00:00,4.52,-3.864,1.025,-0.732
1999-06-07 16:00:00,3.348,1.581,0.311,0.083
1999-06-07 17:00:00,3.684,-2.556,0.268,-1.311
1999-06-07 18:00:00,3.761,-3.167,1.122,0.663
1999-06-07 19:00:00,6.023,-2.467,5.011,-1.514
1999-06-07 20:00:00,5.952,1.343,-0.823,-4.128
1999-06-07 21:00:00,6.516,3.819,-3.474,-3.926
1999-06-07 22:00:00,4.501,2.329,-2.06,-2.391
1999-06-07 23:00:00,3.837,1.933,-2.806,-1.151
1999-06-08 00:00:00,4.498,2.399,-3.395,-0.372
1999-06-08 01:00:00,6.348,2.932,-3.76,-1.242
1999-06-08 02:00:00,6.073,3.538,-4.079,-2.419
1999-06-08 03:00:00,7.17,3.381,-4.813,-4.019
1999-06-08 04:00:00,7.873,3.512,-4.686,-4.837
1999-06-08 05:00:00,5.888,0.919,-1.927,-2.941
1999-06-08 06:00:00,7.172,-0.374,2.399,-4.884
1999-06-08 07:00:00,10.201,-4.909,7.048,2.739
1999-06-08 08:00:00,10.079,-4.194,5.718,6.775
1999-06-08 09:00:00,10.425,-4.214,4.932,-1.259
1999-06-08 10:00:00,7.983,-0.935,1.137,4.239
1999-06-08 11:00:00,10.108,-1.519,3.641,6.926
1999-06-08 12:00:00,8.808,-6.437,5.166,-2.704
1999-06-08 13:00:00,8.95,-5.707,3.41,-4.49
1999-06-08 14:00:00,10.59,-7.279,3.267,-6.57
1999-06-08 15:00:00,9.644,-7.258,4.784,-3.776
1999-06-08 16:00:00,9.411,4.312,-0.178,7.373
1999-06-08 17:00:00,10.701,8.043,-4.712,5.073
1999-06-08 18:00:00,10.772,8.3,-5.679,3.709
1999-06-08 19:00:00,10.609,8.364,-5.372,0.127
1999-06-08 20:00:00,12.012,8.805,-7.859,1.642
1999-06-08 21:00:00,11.795,8.576,-7.395,3.012
1999-06-08 22:00:00,11.524,9.035,-6.301,2.87
1999-06-08 23:00:00,10.525,7.067,-6.475,-0.968
1999-06-09 00:00:00,10.074,7.091,-5.057,-4.332
1999-06-09 01:00:00,10.52,7.092,-5.01,-4.993
1999-06-09 02:00:00,10.206,7.827,-5.537,2.859
1999-06-09 03:00:00,9.902,6.349,-5.909,3.808
1999-06-09 04:00:00,8.258,7.112,-3.626,0.912
1999-06-09 05:00:00,7.286,3.573,-0.698,5.304
1999-06-09 06:00:00,6.209,0.918,0.522,4.886
1999-06-09 07:00:00,5.967,1.517,-0.841,4.571
1999-06-09 08:00:00,6.249,3.801,-1.343,4.203
1999-06-09 09:00:00,6.097,4.554,-2.902,1.303
1999-06-09 10:00:00,6.389,4.981,-3.628,0.705
1999-06-09 11:00:00,6.272,5.126,-3.313,-0.301
1999-06-09 12:00:00,6.67,4.773,-4.244,-0.284
1999-06-09 13:00:00,7.162,4.709,-4.485,-0.496
1999-06-09 14:00:00,7.217,5.314,-3.967,1.154
1999-06-09 15:00:00,6.971,3.487,-3.952,-3.22
1999-06-09 16:00:00,6.346,3.757,-2.963,-3.034
1999-06-09 17:00:00,5.556,3.578,-2.092,-1.122
1999-06-09 18:00:00,4.563,2.628,-1.784,-1.031
1999-06-09 19:00:00,4.386,2.945,0.432,-2.123
1999-06-09 20:00:00,4.327,1.92,1.247,-2.676
1999-06-09 21:00:00,4.469,2.675,1.067,-2.868
1999-06-09 22:00:00,4.267,3.491,0.474,-1.219
1999-06-09 23:00:00,4.311,2.794,2.021,0.249
1999-06-10 00:00:00,4.462,3.478,1.208,1.366
1999-06-10 01:00:00,3.599,0.611,-0.909,-1.612
1999-06-10 02:00:00,4.293,2.506,-0.919,2.35
1999-06-10 03:00:00,5.077,4.148,-0.769,2.477
1999-06-10 04:00:00,5.216,4.457,-1.3,2.174
1999-06-10 05:00:00,5.074,4.082,-1.958,2.041
1999-06-10 06:00:00,4.771,3.133,-3.028,0.762
1999-06-10 07:00:00,4.395,3.133,-2.441,0.836
1999-06-10 08:00:00,4.112,1.808,-3.166,0.094
1999-06-10 09:00:00,3.148,0.947,-2.82,-0.189
1999-06-10 10:00:00,3.016,1.775,-2.179,0.485
1999-06-10 11:00:00,3.381,2.405,-2.106,0.701
1999-06-10 12:00:00,3.016,1.814,-2.021,-0.106
1999-06-10 13:00:00,2.815,0.849,-2.415,-0.513
1999-06-10 14:00:00,2.935,1.744,-2.294,-0.26
1999-06-10 15:00:00,2.615,2.276,-0.955,-0.746
1999-06-10 16:00:00,2.613,2.163,-1.298,-0.291
1999-06-10 17:00:00,2.081,1.395,-1.373,-0.324
1999-06-10 18:00:00,2.276,1.879,-0.529,-0.448
1999-06-10 19:00:00,2.235,1.551,-1.096,-0.879
1999-06-10 20:00:00,1.872,0.628,-1.116,-0.917
1999-06-10 21:00:00,2.279,2.214,-0.059,0.391
1999-06-10 22:00:00,2.105,2.027,-0.34,0.062
1999-06-10 23:00:00,2.179,1.676,-0.998,0.43
1999-06-11 00:00:00,2.222,-0.786,-1.514,-0.151
1999-06-11 01:00:00,2.649,-2.059,-1.215,-1.071
1999-06-11 02:00:00,2.558,-2.012,-1.269,-0.373
1999-06-11 03:00:00,2.406,0.22,-1.745,-0.312
1999-06-11 04:00:00,2.665,1.609,-2.082,-0.232
1999-06-11 05:00:00,2.592,1.724,-1.724,0.239
1999-06-11 06:00:00,3.292,2.239,-1.808,0.534
1999-06-11 07:00:00,3.11,0.719,-1.732,-0.508
1999-06-11 08:00:00,3.691,0.087,-2.075,-2.552
1999-06-11 09:00:00,3.943,-0.767,-2.025,-2.55
1999-06-11 10:00:00,4.004,0.274,-2.994,-1.552
1999-06-11 11:00:00,4.263,1.22,-3.7,-0.854
1999-06-11 12:00:00,4.716,-1.628,-3.167,-2.88
1999-06-11 13:00:00,4.618,-1.051,-2.844,-3.32
1999-06-11 14:00:00,4.423,-0.889,-2.537,-3.172
1999-06-11 15:00:00,4.237,-0.093,-2.944,-2.546
1999-06-11 16:00:00,3.427,0.945,-2.373,-1.777
1999-06-11 17:00:00,3.746,0.548,-2.509,-2.262
1999-06-11 18:00:00,4.829,-1.131,-1.929,-4.066
1999-06-11 19:00:00,5.401,-2.081,-1.853,-4.497
1999-06-11 20:00:00,5.827,-3.486,-0.08,-4.187
1999-06-11 21:00:00,5.906,1.437,-2.675,-2.578
1999-06-11 22:00:00,5.987,4.387,-3.891,-1.109
1999-06-11 23:00:00,5.757,3.89,-3.935,-1.474
1999-06-12 00:00:00,5.819,1.861,-3.257,-3.828
1999-06-12 01:00:00,6.267,1.596,-4.734,-3.439
1999-06-12 02:00:00,5.941,1.244,-5.334,-1.127
1999-06-12 03:00:00,5.876,2.856,-5.005,-0.486
1999-06-12 04:00:00,5.782,3.397,-4.625,-0.291
1999-06-12 05:00:00,5.514,3.3,-4.193,0.739
1999-06-12 06:00:00,5.327,3.646,-3.729,0.489
1999-06-12 07:00:00,5.143,2.851,-1.747,3.41
1999-06-12 08:00:00,4.983,3.233,-2.151,2.541
1999-06-12 09:00:00,5.109,4.164,-2.529,1.176
1999-06-12 10:00:00,5.274,4.121,-3.102,-0.079
1999-06-12 11:00:00,5.124,3.829,-2.579,-1.708
1999-06-12 12:00:00,5.105,3.356,-2.524,-2.651
1999-06-12 13:00:00,5.228,1.465,-1.799,-4.565
1999-06-12 14:00:00,4.739,2.424,-2.802,-2.657
1999-06-12 15:00:00,4.472,2.419,-3.075,-1.965
1999-06-12 16:00:00,4.595,2.167,-2.883,-2.682
1999-06-12 17:00:00,4.656,0.949,-3.119,-3.242
1999-06-12 18:00:00,4.468,-0.618,-3.095,-2.628
1999-06-12 19:00:00,4.528,1.324,-2.869,-2.995
1999-06-12 20:00:00,4.555,1.888,-3.239,-2.279
1999-06-12 21:00:00,4.39,2.546,-2.533,-1.666
1999-06-12 22:00:00,4.444,0.567,-2.953,-2.219
1999-06-12 23:00:00,4.341,1.335,-2.978,-1.713
1999-06-13 00:00:00,4.338,-0.503,-1.753,-3.464
1999-06-13 01:00:00,4.515,1.642,-2.699,-0.305
1999-06-13 02:00:00,4.327,1.666,-3.258,-1.076
1999-06-13 03:00:00,4.304,1.355,-3.742,-1.374
1999-06-13 04:00:00,4.334,1.315,-3.918,-1.138
1999-06-13 05:00:00,4.077,1.408,-3.724,-0.674
1999-06-13 06:00:00,3.543,1.164,-3.183,-0.663
1999-06-13 07:00:00,3.627,-0.007,-3.207,-1.398
1999-06-13 08:00:00,3.81,2.083,-2.654,-0.189
1999-06-13 09:00:00,4.151,3.532,-1.673,-0.525
1999-06-13 10:00:00,4.244,3.931,-1.337,-0.073
1999-06-13 11:00:00,4.198,3.256,-2.294,-0.765
1999-06-13 12:00:00,4.106,3.74,-1.234,-0.471
1999-06-13 13:00:00,4.068,2.349,-2.968,-0.675
1999-06-13 14:00:00,3.857,3.405,-1.609,-0.55
1999-06-13 15:00:00,3.92,3.222,-2.019,0.073
1999-06-13 16:00:00,4.151,2.056,-3.248,1.129
1999-06-13 17:00:00,4.324,2.246,-3.244,-0.529
1999-06-13 18:00:00,4.241,0.935,-2.636,-2.977
1999-06-13 19:00:00,4.081,0.844,-3.764,-0.741
1999-06-13 20:00:00,3.961,1.873,-3.331,-0.625
1999-06-13 21:00:00,2.724,1.473,-2.166,0.096
1999-06-13 22:00:00,2.314,1.697,-0.577,-1.23
1999-06-13 23:00:00,1.921,1.728,-0.668,-0.253
1999-06-14 00:00:00,2.237,1.709,-1.317,0.437
1999-06-14 01:00:00,2.575,1.914,-1.304,0.268
1999-06-14 02:00:00,2.997,0.951,-2.454,-0.952
1999-06-14 03:00:00,3.362,-0.36,-1.943,-2.443
1999-06-14 04:00:00,3.17,0.066,-2.234,-1.694
1999-06-14 05:00:00,3.239,0.374,-1.67,-2.45
1999-06-14 06:00:00,3.19,0.7,-1.23,-1.88
1999-06-14 07:00:00,3.218,1.543,-2.734,0.345
1999-06-14 08:00:00,3.309,2.224,-2.421,0.041
1999-06-14 09:00:00,3.499,2.553,-2.374,0.047
1999-06-14 10:00:00,3.512,2.742,-2.181,-0.008
1999-06-14 11:00:00,3.604,3.101,-1.79,0.25
1999-06-14 12:00:00,3.668,3.314,-1.539,0.126
1999-06-14 13:00:00,3.659,3.161,-1.82,-0.144
1999-06-14 14:00:00,3.622,3.149,-1.765,-0.143
1999-06-14 15:00:00,3.473,2.702,-2.088,0.062
1999-06-14 16:00:00,3.143,2.426,-1.932,0.358
1999-06-14 17:00:00,3.135,1.979,-2.404,-0.038
1999-06-14 18:00:00,3.108,1.728,-2.549,-0.258
1999-06-14 19:00:00,2.868,1.685,-2.257,-0.283
1999-06-14 20:00:00,2.71,1.915,-1.868,-0.306
1999-06-14 21:00:00,2.319,1.45,-1.632,0.012
1999-06-14 22:00:00,2.396,1.608,-1.404,-0.882
1999-06-14 23:00:00,2.802,2.364,-1.381,-0.321
1999-06-15 00:00:00,2.568,2.086,-1.412,0.015
1999-06-15 01:00:00,2.381,1.954,-1.339,0.101
1999-06-15 02:00:00,2.276,2.019,-1.03,0.031
1999-06-15 03:00:00,2.562,2.024,-1.534,0.198
1999-06-15 04:00:00,2.811,2.169,-1.7,-0.283
1999-06-15 05:00:00,2.766,2.201,-1.175,-0.013
1999-06-15 06:00:00,3.116,1.856,-1.481,0.049
1999-06-15 07:00:00,3.648,2.533,-1.063,-1.657
1999-06-15 08:00:00,4.048,2.129,-0.442,-3.172
1999-06-15 09:00:00,4.244,2.806,-2.409,0.005
1999-06-15 10:00:00,4.147,2.881,0.05,2.597
1999-06-15 11:00:00,4.893,2.008,-2.988,1.711
1999-06-15 12:00:00,9.292,1.552,-5.838,4.837
1999-06-15 13:00:00,10.293,0.412,-9.948,-0.601
1999-06-15 14:00:00,9.356,1.613,-1.64,3.192
1999-06-15 15:00:00,7.356,-0.093,1.3,0.724
1999-06-15 16:00:00,9.096,3.137,0.68,8.441
1999-06-15 17:00:00,7.16,1.428,0.212,6.702
1999-06-15 18:00:00,5.275,-2.384,3.402,-1.021
1999-06-15 19:00:00,9.16,-2.602,5.916,1.644
1999-06-15 20:00:00,9.23,-0.931,3.956,8.102
1999-06-15 21:00:00,8.606,-2.127,3.697,5.895
1999-06-15 22:00:00,7.873,-2.302,2.484,6.734
1999-06-15 23:00:00,6.751,-3.384,3.085,4.01
1999-06-16 00:00:00,5.952,-4.144,3.565,0.676
1999-06-16 01:00:00,5.928,-3.261,3.518,1.84
1999-06-16 02:00:00,6.075,-3.764,2.848,2.711
1999-06-16 03:00:00,5.966,-3.542,2.87,3.371
1999-06-16 04:00:00,6.203,-3.856,3.339,-2.069
1999-06-16 05:00:00,6.222,-2.665,3.652,-3.068
1999-06-16 06:00:00,5.84,-1.614,4.54,1.155
1999-06-16 07:00:00,6.346,-2.598,4.626,-1.267
1999-06-16 08:00:00,6.951,-2.096,2.895,-3.443
1999-06-16 09:00:00,7.91,-5.043,4.868,3.313
1999-06-16 10:00:00,7.701,-4.945,5.513,-0.785
1999-06-16 11:00:00,7.035,-4.217,3.225,-1.716
1999-06-16 12:00:00,7.222,-5.76,1.267,-2.674
1999-06-16 13:00:00,6.701,-0.966,-6.021,-1.104
1999-06-16 14:00:00,6.433,1.787,-5.828,-1.027
1999-06-16 15:00:00,6.836,1.233,-6.482,-0.788
1999-06-16 16:00:00,6.464,-0.101,-3.471,-0.979
1999-06-16 17:00:00,6.584,0.385,3.242,-2.744
1999-06-16 18:00:00,8.186,-1.927,7.32,1.842
1999-06-16 19:00:00,7.568,-4.148,5.284,2.413
1999-06-16 20:00:00,8.064,-3.327,6.197,3.254
1999-06-16 21:00:00,8.566,-0.088,8.392,0.536
1999-06-16 22:00:00,7.879,-1.551,6.953,2.059
1999-06-16 23:00:00,7.826,-1.23,5.999,0.101
1999-06-17 00:00:00,8.762,0.312,7.346,-1.366
1999-06-17 01:00:00,9.488,-1.43,8.545,3.113
1999-06-17 02:00:00,8.847,-1.617,7.894,3.146
1999-06-17 03:00:00,8.113,-4.152,4.373,-1.532
1999-06-17 04:00:00,7.724,-5.506,0.737,-2.631
1999-06-17 05:00:00,7.791,-1.523,5.463,0.972
1999-06-17 06:00:00,7.64,-4.568,3.244,4.171
1999-06-17 07:00:00,7.602,-4.616,4.475,3.376
1999-06-17 08:00:00,7.488,-3.492,6.221,0.02
1999-06-17 09:00:00,7.005,-4.124,4.404,1.655
1999-06-17 10:00:00,6.583,-4.075,3.463,1.33
1999-06-17 11:00:00,7.587,-4.778,3.203,2.261
1999-06-17 12:00:00,7.091,-3.973,4.277,2.324
1999-06-17 13:00:00,6.879,-2.559,5.726,-0.118
1999-06-17 14:00:00,7.412,-1.075,7.067,0.034
1999-06-17 15:00:00,7.35,-0.583,7.231,0.64
1999-06-17 16:00:00,7.039,-2.078,6.353,0.61
1999-06-17 17:00:00,7.183,-0.197,6.754,1.727
1999-06-17 18:00:00,6.48,-0.855,5.847,2.209
1999-06-17 19:00:00,5.59,-4.235,2.242,-1.036
1999-06-17 20:00:00,5.589,-4.021,1.233,-2.208
1999-06-17 21:00:00,5.691,-0.878,4.133,2.538
1999-06-17 22:00:00,5.94,-2.407,2.991,3.956
1999-06-17 23:00:00,5.575,-2.747,3.895,0.808
1999-06-18 00:00:00,5.519,-3.256,3.554,1.143
1999-06-18 01:00:00,5.388,-3.307,3.428,0.35
1999-06-18 02:00:00,5.991,-3.12,3.09,-0.19
1999-06-18 03:00:00,7.442,-3.242,4.538,1.607
1999-06-18 04:00:00,6.879,-4.676,-1.468,1.135
1999-06-18 05:00:00,6.664,-5.46,1.743,0.767
1999-06-18 06:00:00,6.605,-2.475,4.788,0.583
1999-06-18 07:00:00,6.806,-1.22,5.046,2.574
1999-06-18 08:00:00,7.02,-2.323,5.89,0.288
1999-06-18 09:00:00,6.449,0.438,4.023,2.353
1999-06-18 10:00:00,5.928,-4.068,3.477,-1.019
1999-06-18 11:00:00,5.921,-3.502,3.776,-0.705
1999-06-18 12:00:00,5.704,-3.076,3.612,-2.36
1999-06-18 13:00:00,5.593,-2.0,4.213,-0.268
1999-06-18 14:00:00,5.218,-1.55,3.122,2.157
1999-06-18 15:00:00,5.682,-3.774,2.3,2.864
1999-06-18 16:00:00,5.357,-3.124,3.633,-0.85
1999-06-18 17:00:00,5.081,-2.901,3.121,-0.283
1999-06-18 18:00:00,5.174,-3.407,2.804,-2.278
1999-06-18 19:00:00,5.498,-3.175,2.468,-1.54
1999-06-18 20:00:00,5.501,-3.045,1.629,-2.667
1999-06-18 21:00:00,5.482,-3.571,1.463,-3.142
1999-06-18 22:00:00,5.36,-2.694,4.073,0.75
1999-06-18 23:00:00,4.988,-1.87,2.109,-2.226
1999-06-19 00:00:00,4.902,-2.809,3.063,-0.169
1999-06-19 01:00:00,4.814,-2.376,3.731,1.227
1999-06-19 02:00:00,4.57,-2.161,-0.679,-2.421
1999-06-19 03:00:00,4.798,-3.962,0.041,-1.034
1999-06-19 04:00:00,4.831,-1.107,2.357,3.532
1999-06-19 05:00:00,4.709,-1.975,3.587,1.763
1999-06-19 06:00:00,4.378,-1.927,2.695,1.057
1999-06-19 07:00:00,4.193,-1.471,3.177,0.73
1999-06-19 08:00:00,4.201,-2.209,1.204,2.303
1999-06-19 09:00:00,4.304,-0.474,2.674,2.84
1999-06-19 10:00:00,4.451,-2.253,2.125,1.802
1999-06-19 11:00:00,4.381,-2.188,2.805,-0.544
1999-06-19 12:00:00,4.186,-0.555,3.35,-0.158
1999-06-19 13:00:00,4.416,-0.507,2.828,-2.707
1999-06-19 14:00:00,4.255,-3.296,2.267,-0.936
1999-06-19 15:00:00,4.225,-3.425,2.148,0.63
1999-06-19 16:00:00,3.924,-3.07,0.255,2.207
1999-06-19 17:00:00,3.234,-0.28,2.134,1.029
1999-06-19 18:00:00,3.159,-0.097,1.638,1.15
1999-06-19 19:00:00,3.451,-0.504,2.359,1.792
1999-06-19 20:00:00,4.169,-1.421,2.688,2.544
1999-06-19 21:00:00,4.232,-2.374,1.101,2.903
1999-06-19 22:00:00,4.451,-1.43,2.455,2.931
1999-06-19 23:00:00,4.909,-1.62,3.489,2.4
1999-06-20 00:00:00,5.07,0.289,3.588,3.467
1999-06-20 01:00:00,5.172,-0.412,3.593,3.461
1999-06-20 02:00:00,5.049,-0.644,4.537,1.986
1999-06-20 03:00:00,4.77,-0.279,4.354,1.596
1999-06-20 04:00:00,4.888,-0.634,4.563,1.218
1999-06-20 05:00:00,4.912,-1.234,4.115,0.978
1999-06-20 06:00:00,5.392,-1.604,4.543,2.091
1999-06-20 07:00:00,5.569,-1.11,5.035,1.902
1999-06-20 08:00:00,5.822,-3.306,4.413,1.478
1999-06-20 09:00:00,6.757,0.196,6.369,0.746
1999-06-20 10:00:00,6.717,1.135,6.437,0.86
1999-06-20 11:00:00,5.86,1.461,4.947,-0.297
1999-06-20 12:00:00,6.568,3.45,5.116,-1.251
1999-06-20 13:00:00,6.726,0.64,6.417,1.149
1999-06-20 14:00:00,6.515,1.894,5.792,1.766
1999-06-20 15:00:00,5.946,3.08,4.51,1.638
1999-06-20 16:00:00,5.404,4.029,2.75,0.116
1999-06-20 17:00:00,5.784,-0.781,4.141,3.473
1999-06-20 18:00:00,6.109,-1.631,4.723,3.412
1999-06-20 19:00:00,6.111,-2.446,4.235,3.604
1999-06-20 20:00:00,6.185,-2.854,3.859,3.863
1999-06-20 21:00:00,5.951,-2.456,3.613,4.018
1999-06-20 22:00:00,5.761,-2.631,3.519,3.701
1999-06-20 23:00:00,5.207,-3.593,2.526,2.72
1999-06-21 00:00:00,5.203,-2.458,3.888,2.211
1999-06-21 01:00:00,5.299,-3.093,3.284,2.698
1999-06-21 02:00:00,5.314,-3.699,2.664,2.589
1999-06-21 03:00:00,5.162,-4.333,1.478,2.36
1999-06-21 04:00:00,4.938,-4.043,2.146,1.813
1999-06-21 05:00:00,4.891,-4.333,1.964,1.096
1999-06-21 06:00:00,4.813,-4.338,1.838,0.876
1999-06-21 07:00:00,4.219,-1.861,2.847,-1.304
1999-06-21 08:00:00,4.26,-1.302,3.075,-0.662
1999-06-21 09:00:00,4.696,0.926,4.562,-0.314
1999-06-21 10:00:00,4.558,-1.751,3.58,-0.543
1999-06-21 11:00:00,4.575,1.03,4.182,1.275
1999-06-21 12:00:00,4.532,-1.614,4.031,-0.795
1999-06-21 13:00:00,4.407,-1.394,4.101,-0.667
1999-06-21 14:00:00,4.071,-2.283,2.826,-0.539
1999-06-21 15:00:00,4.166,-1.06,3.553,1.064
1999-06-21 16:00:00,4.168,-2.784,2.873,-0.533
1999-06-21 17:00:00,3.836,-2.94,1.601,-1.115
1999-06-21 18:00:00,3.758,-3.014,1.436,-1.272
1999-06-21 19:00:00,3.815,-1.091,3.484,0.639
1999-06-21 20:00:00,3.861,-0.169,3.52,1.342
1999-06-21 21:00:00,3.879,0.436,2.537,2.42
1999-06-21 22:00:00,3.846,0.334,2.954,2.302
1999-06-21 23:00:00,3.624,-0.758,2.952,1.608
1999-06-22 00:00:00,3.636,-0.572,2.648,1.858
1999-06-22 01:00:00,3.523,-1.698,1.67,2.077
1999-06-22 02:00:00,3.605,-1.247,1.74,1.919
1999-06-22 03:00:00,3.809,-1.769,2.021,2.638
1999-06-22 04:00:00,3.887,-1.708,0.962,3.206
1999-06-22 05:00:00,4.748,-0.454,4.549,0.979
1999-06-22 06:00:00,4.845,-0.938,4.404,-1.457
1999-06-22 07:00:00,4.731,0.01,4.499,-0.311
1999-06-22 08:00:00,4.514,-0.855,4.111,0.697
1999-06-22 09:00:00,4.675,-1.026,4.241,0.757
1999-06-22 10:00:00,5.426,-0.391,5.341,-0.259
1999-06-22 11:00:00,5.52,-0.721,5.401,0.482
1999-06-22 12:00:00,5.322,-1.529,4.26,2.277
1999-06-22 13:00:00,5.546,-1.367,5.144,1.028
1999-06-22 14:00:00,5.584,-0.897,4.288,3.194
1999-06-22 15:00:00,5.746,-2.601,3.71,3.304
1999-06-22 16:00:00,6.595,-3.312,-0.654,5.214
1999-06-22 17:00:00,7.125,-3.085,-4.26,4.539
1999-06-22 18:00:00,6.892,-2.946,-5.31,3.1
1999-06-22 19:00:00,6.991,-1.456,-6.404,1.894
1999-06-22 20:00:00,6.331,-1.733,-5.623,-1.872
1999-06-22 21:00:00,5.381,-0.254,-4.358,-2.032
1999-06-22 22:00:00,4.939,1.272,-1.879,-4.025
1999-06-22 23:00:00,4.983,0.564,-3.721,-2.696
1999-06-23 00:00:00,5.29,-0.327,-4.662,-2.33
1999-06-23 01:00:00,5.042,-0.119,-4.261,-2.27
1999-06-23 02:00:00,4.542,1.646,-2.752,-2.291
1999-06-23 03:00:00,5.464,0.384,-4.916,-0.993
1999-06-23 04:00:00,5.09,-1.674,-3.85,-0.58
1999-06-23 05:00:00,5.359,-1.03,-4.055,-2.954
1999-06-23 06:00:00,5.542,0.582,-3.61,-4.042
1999-06-23 07:00:00,5.463,0.984,-4.334,-2.953
1999-06-23 08:00:00,5.935,0.697,-4.014,-4.168
1999-06-23 09:00:00,5.751,2.574,-4.241,-2.456
1999-06-23 10:00:00,5.994,2.592,-4.328,-3.075
1999-06-23 11:00:00,6.083,2.485,-4.683,-2.787
1999-06-23 12:00:00,6.15,2.447,-4.253,-3.639
1999-06-23 13:00:00,6.073,3.275,-3.859,-2.664
1999-06-23 14:00:00,6.252,3.187,-3.515,-3.698
1999-06-23 15:00:00,6.157,3.337,-3.501,-3.798
1999-06-23 16:00:00,6.148,3.463,-3.917,-3.137
1999-06-23 17:00:00,5.693,3.182,-3.679,-2.401
1999-06-23 18:00:00,6.023,3.748,-4.327,-1.544
1999-06-23 19:00:00,6.541,3.586,-4.115,-3.081
1999-06-23 20:00:00,6.402,3.438,-2.261,-4.531
1999-06-23 21:00:00,6.656,3.543,-3.535,-4.038
1999-06-23 22:00:00,6.237,3.326,-0.863,-4.382
1999-06-23 23:00:00,6.024,3.658,3.61,-2.911
1999-06-24 00:00:00,6.354,4.121,1.548,-4.479
1999-06-24 01:00:00,5.323,3.361,-1.217,-3.671
1999-06-24 02:00:00,5.424,1.873,-4.558,-1.426
1999-06-24 03:00:00,5.649,2.692,-3.469,-0.685
1999-06-24 04:00:00,4.993,3.467,-1.856,-2.968
1999-06-24 05:00:00,5.623,3.148,-3.611,-2.642
1999-06-24 06:00:00,5.679,3.004,-3.851,-2.383
1999-06-24 07:00:00,5.924,3.472,-4.596,-0.853
1999-06-24 08:00:00,5.095,1.945,-3.53,2.481
1999-06-24 09:00:00,4.058,0.646,-0.277,-1.943
1999-06-24 10:00:00,4.267,0.67,0.343,-4.001
1999-06-24 11:00:00,4.048,-1.577,1.289,0.11
1999-06-24 12:00:00,3.675,-0.58,1.185,-1.171
1999-06-24 13:00:00,3.34,0.307,2.522,-0.743
1999-06-24 14:00:00,4.703,0.128,2.909,-3.31
1999-06-24 15:00:00,4.973,-0.071,1.092,-4.373
1999-06-24 16:00:00,5.225,3.067,-0.593,-3.967
1999-06-24 17:00:00,4.755,0.502,1.652,-2.976
1999-06-24 18:00:00,4.215,-0.703,3.264,1.205
1999-06-24 19:00:00,4.491,-0.467,2.831,2.594
1999-06-24 20:00:00,4.736,-0.648,3.947,-0.863
1999-06-24 21:00:00,4.554,-0.183,2.229,-3.467
1999-06-24 22:00:00,4.286,0.626,2.543,-0.942
1999-06-24 23:00:00,4.819,0.449,3.912,2.051
1999-06-25 00:00:00,4.573,-0.355,4.32,-0.197
1999-06-25 01:00:00,4.584,0.115,4.194,-0.491
1999-06-25 02:00:00,4.809,-0.181,3.97,1.652
1999-06-25 03:00:00,4.75,-0.968,4.071,1.507
1999-06-25 04:00:00,4.555,-3.83,2.203,-0.152
1999-06-25 05:00:00,4.431,-2.513,2.74,-0.169
1999-06-25 06:00:00,4.331,-0.659,3.92,1.097
1999-06-25 07:00:00,4.086,-1.912,3.2,-0.481
1999-06-25 08:00:00,3.833,-3.379,1.194,-0.614
1999-06-25 09:00:00,3.831,-3.289,0.993,0.628
1999-06-25 10:00:00,3.733,-3.611,0.24,-0.551
1999-06-25 11:00:00,3.688,-3.491,-0.017,-0.781
1999-06-25 12:00:00,4.028,-3.35,0.936,-1.473
1999-06-25 13:00:00,3.804,-3.411,-0.382,-1.217
1999-06-25 14:00:00,3.813,-3.488,-0.708,-1.084
1999-06-25 15:00:00,4.149,-3.874,0.636,-0.534
1999-06-25 16:00:00,4.171,-3.701,1.06,-0.982
1999-06-25 17:00:00,4.284,-3.647,1.903,-0.334
1999-06-25 18:00:00,4.264,-3.644,1.652,0.835
1999-06-25 19:00:00,3.981,-1.937,2.515,-0.386
1999-06-25 20:00:00,4.444,-2.611,2.547,-1.633
1999-06-25 21:00:00,4.983,-3.684,1.376,-2.323
1999-06-25 22:00:00,5.274,-3.636,1.893,-3.223
1999-06-25 23:00:00,5.118,-3.856,2.667,0.468
1999-06-26 00:00:00,5.458,-2.873,3.326,1.337
1999-06-26 01:00:00,5.695,0.067,2.025,2.797
1999-06-26 02:00:00,8.682,3.354,-6.434,-3.778
1999-06-26 03:00:00,15.063,6.972,-13.16,0.331
1999-06-26 04:00:00,13.856,5.907,-11.477,-0.588
1999-06-26 05:00:00,12.496,0.671,-2.505,-4.247
1999-06-26 06:00:00,10.847,-1.508,8.406,-5.956
1999-06-26 07:00:00,11.429,-1.535,8.042,-7.027
1999-06-26 08:00:00,13.262,-3.159,7.584,-10.222
1999-06-26 09:00:00,14.54,-4.952,11.015,-6.801
1999-06-26 10:00:00,15.437,-3.857,13.852,-4.81
1999-06-26 11:00:00,15.004,-4.698,13.645,-1.76
1999-06-26 12:00:00,14.39,-3.648,12.685,-1.497
1999-06-26 13:00:00,14.597,-2.713,13.411,-4.353
1999-06-26 14:00:00,14.851,-3.112,14.197,-0.686
1999-06-26 15:00:00,14.129,-4.05,13.306,-0.217
1999-06-26 16:00:00,13.891,-1.27,11.247,5.653
1999-06-26 17:00:00,13.94,-3.953,9.537,8.982
1999-06-26 18:00:00,13.025,-1.861,7.336,10.095
1999-06-26 19:00:00,18.147,-4.839,6.911,14.43
1999-06-26 20:00:00,22.32,-2.748,18.661,10.37
1999-06-26 21:00:00,23.896,-1.372,19.414,12.042
1999-06-26 22:00:00,22.937,-0.367,20.395,9.814
1999-06-26 23:00:00,19.952,0.291,14.212,12.392
1999-06-27 00:00:00,15.117,-2.732,12.838,6.352
1999-06-27 01:00:00,13.846,-3.437,6.026,11.135
1999-06-27 02:00:00,13.799,-4.697,11.006,2.574
1999-06-27 03:00:00,12.463,-6.396,8.433,3.125
1999-06-27 04:00:00,13.946,-4.972,11.288,2.428
1999-06-27 05:00:00,12.47,-4.633,2.636,9.32
1999-06-27 06:00:00,12.349,-6.972,9.122,2.71
1999-06-27 07:00:00,10.819,-4.881,7.833,3.424
1999-06-27 08:00:00,11.12,-7.044,6.27,3.998
1999-06-27 09:00:00,11.963,-5.707,7.608,5.158
1999-06-27 10:00:00,11.569,-3.902,5.186,-6.229
1999-06-27 11:00:00,12.621,-2.53,7.458,-5.377
1999-06-27 12:00:00,10.396,-3.948,6.406,-3.365
1999-06-27 13:00:00,8.931,-4.279,4.513,1.235
1999-06-27 14:00:00,9.346,-4.704,4.192,5.187
1999-06-27 15:00:00,7.054,-3.19,1.576,-4.297
1999-06-27 16:00:00,6.592,-3.685,1.314,-3.395
1999-06-27 17:00:00,8.438,-4.11,3.722,-3.41
1999-06-27 18:00:00,7.914,-2.333,3.49,5.94
1999-06-27 19:00:00,7.237,-3.526,4.334,-2.375
1999-06-27 20:00:00,6.509,-1.35,2.095,-4.793
1999-06-27 21:00:00,6.261,-2.45,4.706,0.167
1999-06-27 22:00:00,9.29,-3.378,1.711,8.134
1999-06-27 23:00:00,10.594,-2.332,-1.862,9.803
1999-06-28 00:00:00,9.729,-1.166,-1.968,9.17
1999-06-28 01:00:00,9.327,-1.979,-2.726,8.344
1999-06-28 02:00:00,12.911,1.58,-3.331,11.609
1999-06-28 03:00:00,15.208,-8.643,9.242,6.568
1999-06-28 04:00:00,15.568,-4.275,3.561,0.121
1999-06-28 05:00:00,10.836,-9.426,0.93,-3.515
1999-06-28 06:00:00,4.726,-2.159,1.824,-0.739
1999-06-28 07:00:00,4.987,-4.223,2.499,-0.667
1999-06-28 08:00:00,4.77,-3.897,2.564,-0.93
1999-06-28 09:00:00,4.943,-4.396,2.06,-0.394
1999-06-28 10:00:00,5.179,-4.632,2.284,-0.299
1999-06-28 11:00:00,4.908,-4.48,1.842,-0.6
1999-06-28 12:00:00,4.588,-4.091,1.836,-0.553
1999-06-28 13:00:00,4.465,-3.354,2.139,-1.505
1999-06-28 14:00:00,4.428,-4.08,0.552,-0.714
1999-06-28 15:00:00,4.464,-4.15,-0.71,-1.016
1999-06-28 16:00:00,4.659,-4.522,0.426,-0.68
1999-06-28 17:00:00,4.904,-4.627,0.938,-0.821
1999-06-28 18:00:00,4.898,-4.693,0.509,-0.837
1999-06-28 19:00:00,4.931,-4.722,0.59,-0.738
1999-06-28 20:00:00,4.85,-4.773,0.162,-0.541
1999-06-28 21:00:00,4.733,-4.713,0.177,-0.047
1999-06-28 22:00:00,4.815,-4.707,0.35,-0.843
1999-06-28 23:00:00,5.099,-5.017,0.529,-0.581
1999-06-29 00:00:00,4.993,-4.888,0.967,0.044
1999-06-29 01:00:00,4.743,-4.664,0.643,0.158
1999-06-29 02:00:00,4.599,-4.078,1.712,-1.058
1999-06-29 03:00:00,4.25,-3.285,-0.655,-1.255
1999-06-29 04:00:00,4.177,-3.19,2.024,-1.494
1999-06-29 05:00:00,4.328,-3.174,2.536,-0.964
1999-06-29 06:00:00,4.239,-3.867,0.55,-1.381
1999-06-29 07:00:00,4.193,-3.952,0.521,-0.917
1999-06-29 08:00:00,4.139,-3.658,0.915,-1.533
1999-06-29 09:00:00,4.126,-3.881,0.966,-0.571
1999-06-29 10:00:00,4.141,-3.191,1.12,-1.169
1999-06-29 11:00:00,4.198,-3.622,0.28,-1.83
1999-06-29 12:00:00,4.246,-4.088,0.815,0.154
1999-06-29 13:00:00,4.165,-3.944,1.034,0.412
1999-06-29 14:00:00,4.39,-3.733,1.928,0.716
1999-06-29 15:00:00,4.439,-3.742,1.659,-0.068
1999-06-29 16:00:00,4.406,-3.438,-0.088,-2.197
1999-06-29 17:00:00,4.468,-3.663,0.792,-0.542
1999-06-29 18:00:00,4.573,-3.432,1.596,2.363
1999-06-29 19:00:00,4.556,-4.102,0.661,1.428
1999-06-29 20:00:00,4.565,-3.782,1.599,1.668
1999-06-29 21:00:00,4.552,-2.655,-0.468,3.049
1999-06-29 22:00:00,4.719,-4.213,0.522,1.684
1999-06-29 23:00:00,4.889,-4.213,1.793,1.556
1999-06-30 00:00:00,4.873,-4.096,1.696,1.766
1999-06-30 01:00:00,4.921,-4.093,0.033,2.165
1999-06-30 02:00:00,4.804,-4.458,1.476,0.672
1999-06-30 03:00:00,4.724,-4.419,-0.473,1.402
1999-06-30 04:00:00,4.673,-3.77,-0.596,2.514
1999-06-30 05:00:00,4.778,-3.641,-0.442,2.434
1999-06-30 06:00:00,4.989,-4.559,1.948,0.174
1999-06-30 07:00:00,5.042,-4.647,1.792,0.564
1999-06-30 08:00:00,4.923,-4.641,0.812,1.266
1999-06-30 09:00:00,4.898,-4.643,0.979,0.4
1999-06-30 10:00:00,4.964,-4.835,0.603,0.853
1999-06-30 11:00:00,5.043,-4.833,0.085,0.911
1999-06-30 12:00:00,5.109,-4.661,1.633,0.122
1999-06-30 13:00:00,5.167,-4.582,1.573,1.562
1999-06-30 14:00:00,5.252,-4.897,-0.561,1.368
1999-06-30 15:00:00,5.405,-5.054,-1.289,0.389
1999-06-30 16:00:00,5.551,-5.438,0.026,0.102
1999-06-30 17:00:00,5.733,-5.413,1.59,0.324
1999-06-30 18:00:00,5.941,-5.632,1.638,0.229
1999-06-30 19:00:00,6.073,-5.54,2.338,0.294
1999-06-30 20:00:00,6.192,-5.445,2.902,-0.007
1999-06-30 21:00:00,6.215,-5.433,2.974,0.001
1999-06-30 22:00:00,6.143,-5.581,2.414,-0.46
1999-06-30 23:00:00,6.146,-5.538,2.254,-1.043
1999-07-01 00:00:00,6.125,-5.345,2.56,-1.081
1999-07-01 01:00:00,5.963,-5.35,2.28,-0.95
1999-07-01 02:00:00,5.894,-4.634,3.12,-1.456
1999-07-01 03:00:00,5.679,-3.175,4.375,-1.412
1999-07-01 04:00:00,5.571,-3.646,3.911,-0.893
1999-07-01 05:00:00,5.563,-3.514,3.922,-0.382
1999-07-01 06:00:00,5.42,-4.334,2.738,-0.62
1999-07-01 07:00:00,5.441,-4.656,2.536,0.113
1999-07-01 08:00:00,5.246,-3.431,3.348,0.862
1999-07-01 09:00:00,5.156,-3.852,2.444,-1.052
1999-07-01 10:00:00,5.151,-2.184,3.395,-0.11
1999-07-01 11:00:00,5.165,-1.848,4.013,1.321
1999-07-01 12:00:00,4.908,-2.333,3.091,1.404
1999-07-01 13:00:00,4.851,-1.576,4.414,0.513
1999-07-01 14:00:00,4.955,-2.515,4.018,0.431
1999-07-01 15:00:00,4.848,-1.659,3.948,0.088
1999-07-01 16:00:00,4.793,-3.535,0.097,-0.509
1999-07-01 17:00:00,4.89,-3.983,-1.387,-1.719
1999-07-01 18:00:00,5.0,-2.142,-0.007,-3.71
1999-07-01 19:00:00,5.025,-2.911,-0.427,-3.873
1999-07-01 20:00:00,5.003,-3.435,1.209,-2.899
1999-07-01 21:00:00,4.994,-3.839,1.847,-1.519
1999-07-01 22:00:00,4.521,-2.854,1.263,1.372
1999-07-01 23:00:00,4.676,-3.072,2.776,0.204
1999-07-02 00:00:00,7.871,-2.13,3.19,3.54
1999-07-02 01:00:00,9.602,-0.204,6.386,5.57
1999-07-02 02:00:00,9.535,-1.534,5.648,6.712
1999-07-02 03:00:00,10.038,0.773,6.609,5.685
1999-07-02 04:00:00,9.395,0.874,7.806,-4.031
1999-07-02 05:00:00,8.383,2.678,5.955,0.764
1999-07-02 06:00:00,9.178,4.059,0.052,-7.057
1999-07-02 07:00:00,8.715,4.351,5.683,3.367
1999-07-02 08:00:00,7.289,5.253,4.4,1.63
1999-07-02 09:00:00,8.776,-2.225,-3.643,-3.492
1999-07-02 10:00:00,9.951,-8.249,-4.481,2.589
1999-07-02 11:00:00,8.006,-6.254,-3.357,2.636
1999-07-02 12:00:00,9.613,-7.827,-1.104,3.839
1999-07-02 13:00:00,9.615,-6.984,-1.908,5.94
1999-07-02 14:00:00,8.231,-1.623,-6.084,-1.129
1999-07-02 15:00:00,9.793,1.302,-8.667,-4.129
1999-07-02 16:00:00,8.449,4.084,-2.722,-4.107
1999-07-02 17:00:00,8.269,-0.187,-0.92,-0.974
1999-07-02 18:00:00,7.921,1.343,-6.175,-3.527
1999-07-02 19:00:00,6.044,-2.766,-4.27,-1.01
1999-07-02 20:00:00,6.225,-0.353,-4.838,-3.246
1999-07-02 21:00:00,5.991,3.485,-1.871,-2.997
1999-07-02 22:00:00,3.725,2.555,-0.249,-1.068
1999-07-02 23:00:00,5.946,5.43,-0.851,0.927
1999-07-03 00:00:00,6.157,5.959,0.451,0.976
1999-07-03 01:00:00,6.297,6.22,0.268,0.477
1999-07-03 02:00:00,6.51,5.518,-2.622,0.717
1999-07-03 03:00:00,6.561,5.311,-3.556,0.29
1999-07-03 04:00:00,7.596,6.682,-1.913,-2.767
1999-07-03 05:00:00,7.383,4.586,-2.229,-4.851
1999-07-03 06:00:00,5.815,2.592,0.933,-4.44
1999-07-03 07:00:00,5.23,4.13,1.802,-2.373
1999-07-03 08:00:00,5.207,4.267,1.223,-2.48
1999-07-03 09:00:00,5.168,4.415,1.215,-2.327
1999-07-03 10:00:00,5.034,4.566,1.184,-1.656
1999-07-03 11:00:00,4.982,4.656,0.612,-1.624
1999-07-03 12:00:00,4.893,4.761,0.221,-1.064
1999-07-03 13:00:00,4.747,4.616,0.167,-1.054
1999-07-03 14:00:00,4.665,4.541,0.394,-0.869
1999-07-03 15:00:00,4.714,4.48,0.44,-0.998
1999-07-03 16:00:00,4.299,3.955,0.37,1.021
1999-07-03 17:00:00,4.216,3.971,-0.047,1.127
1999-07-03 18:00:00,4.042,3.856,-0.431,0.508
1999-07-03 19:00:00,4.216,3.068,-2.383,1.26
1999-07-03 20:00:00,4.486,2.76,-3.173,1.36
1999-07-03 21:00:00,4.624,3.483,-2.855,0.485
1999-07-03 22:00:00,4.394,3.089,-2.785,0.447
1999-07-03 23:00:00,4.117,3.225,-1.575,0.038
1999-07-04 00:00:00,4.386,4.099,-0.603,-1.083
1999-07-04 01:00:00,4.627,4.42,-1.192,-0.146
1999-07-04 02:00:00,4.256,3.254,-2.43,0.754
1999-07-04 03:00:00,4.319,2.902,-2.987,0.832
1999-07-04 04:00:00,4.442,3.746,-1.71,0.222
1999-07-04 05:00:00,4.355,3.296,-2.761,0.159
1999-07-04 06:00:00,4.318,3.643,-2.005,-0.194
1999-07-04 07:00:00,4.281,3.232,-2.66,0.328
1999-07-04 08:00:00,4.358,3.853,-1.809,0.75
1999-07-04 09:00:00,4.361,3.277,-2.812,0.3
1999-07-04 10:00:00,4.084,2.628,-2.862,1.188
1999-07-04 11:00:00,4.046,2.482,-3.055,0.823
1999-07-04 12:00:00,4.01,2.101,-3.111,1.265
1999-07-04 13:00:00,4.069,1.767,-3.309,1.493
1999-07-04 14:00:00,4.155,2.716,-2.733,0.744
1999-07-04 15:00:00,4.092,2.829,-2.749,0.888
1999-07-04 16:00:00,4.192,2.812,-2.856,0.911
1999-07-04 17:00:00,4.244,3.254,-2.672,-0.198
1999-07-04 18:00:00,4.201,3.312,-2.514,-0.25
1999-07-04 19:00:00,4.146,3.485,-2.126,-0.17
1999-07-04 20:00:00,4.103,3.129,-2.501,0.758
1999-07-04 21:00:00,4.124,3.419,-2.026,0.932
1999-07-04 22:00:00,3.974,3.538,-1.581,0.763
1999-07-04 23:00:00,4.097,2.823,-2.491,1.439
1999-07-05 00:00:00,4.176,3.163,-2.23,1.48
1999-07-05 01:00:00,4.345,3.286,-2.446,1.366
1999-07-05 02:00:00,4.395,3.4,-2.253,1.275
1999-07-05 03:00:00,4.378,3.239,-2.38,1.16
1999-07-05 04:00:00,4.382,3.864,-1.647,1.086
1999-07-05 05:00:00,4.422,3.306,-2.235,1.865
1999-07-05 06:00:00,4.182,2.607,-2.064,2.366
1999-07-05 07:00:00,4.368,3.438,-2.5,0.3
1999-07-05 08:00:00,4.385,3.001,-2.892,1.218
1999-07-05 09:00:00,4.464,3.129,-3.07,0.564
1999-07-05 10:00:00,4.458,3.107,-2.915,1.253
1999-07-05 11:00:00,4.421,2.905,-3.085,1.098
1999-07-05 12:00:00,4.401,2.895,-3.182,0.855
1999-07-05 13:00:00,4.286,2.096,-2.392,1.087
1999-07-05 14:00:00,4.237,1.398,-1.488,3.611
1999-07-05 15:00:00,4.075,2.057,-1.972,2.411
1999-07-05 16:00:00,4.053,3.203,-2.239,0.955
1999-07-05 17:00:00,4.239,2.755,-3.006,0.089
1999-07-05 18:00:00,4.262,2.383,-3.067,-0.451
1999-07-05 19:00:00,4.077,1.079,-3.568,-1.255
1999-07-05 20:00:00,4.249,2.156,-0.356,-2.23
1999-07-05 21:00:00,4.682,1.999,1.813,-3.789
1999-07-05 22:00:00,4.866,2.255,1.331,-4.072
1999-07-05 23:00:00,5.134,2.835,1.779,-3.798
1999-07-06 00:00:00,5.206,2.109,-0.348,-4.297
1999-07-06 01:00:00,5.184,1.33,-2.012,-4.549
1999-07-06 02:00:00,4.744,1.089,-0.6,-4.566
1999-07-06 03:00:00,4.908,-0.653,0.162,-4.789
1999-07-06 04:00:00,4.991,0.212,-0.172,-4.724
1999-07-06 05:00:00,5.126,3.778,-2.036,-1.766
1999-07-06 06:00:00,5.33,4.16,-2.974,-1.209
1999-07-06 07:00:00,5.411,4.352,-3.121,-0.087
1999-07-06 08:00:00,5.662,4.628,-2.964,1.19
1999-07-06 09:00:00,5.67,4.794,-2.625,1.001
1999-07-06 10:00:00,5.722,4.717,-2.605,1.716
1999-07-06 11:00:00,5.502,4.484,-2.63,1.418
1999-07-06 12:00:00,5.362,4.016,-1.651,2.766
1999-07-06 13:00:00,5.212,4.218,0.956,2.78
1999-07-06 14:00:00,9.278,4.925,-2.376,7.154
1999-07-06 15:00:00,9.581,5.896,-2.674,6.789
1999-07-06 16:00:00,9.125,5.569,-3.883,5.699
1999-07-06 17:00:00,9.289,4.462,-2.639,6.568
1999-07-06 18:00:00,9.65,1.881,-3.473,3.948
1999-07-06 19:00:00,10.9,0.203,-9.856,2.542
1999-07-06 20:00:00,11.539,-4.603,-9.764,1.14
1999-07-06 21:00:00,11.131,-4.502,-5.128,6.983
1999-07-06 22:00:00,10.122,-0.915,-3.19,9.536
1999-07-06 23:00:00,9.551,-0.947,-0.02,9.401
1999-07-07 00:00:00,8.735,0.077,3.459,7.745
1999-07-07 01:00:00,8.665,0.775,1.697,8.364
1999-07-07 02:00:00,8.08,1.639,1.511,7.633
1999-07-07 03:00:00,7.456,1.754,3.332,5.854
1999-07-07 04:00:00,7.224,2.483,3.63,4.405
1999-07-07 05:00:00,6.168,2.151,0.977,5.064
1999-07-07 06:00:00,5.997,-0.566,1.168,3.505
1999-07-07 07:00:00,6.405,-5.558,-2.036,1.69
1999-07-07 08:00:00,5.833,-5.297,-2.044,1.048
1999-07-07 09:00:00,5.387,-5.1,-1.322,1.045
1999-07-07 10:00:00,5.266,-4.954,-0.059,1.65
1999-07-07 11:00:00,5.35,-5.269,0.146,0.88
1999-07-07 12:00:00,5.169,-5.092,-0.422,0.614
1999-07-07 13:00:00,4.944,-4.874,-0.721,0.199
1999-07-07 14:00:00,4.844,-4.731,-0.945,0.284
1999-07-07 15:00:00,4.547,-4.219,-1.418,0.453
1999-07-07 16:00:00,3.904,-3.267,-1.025,0.729
1999-07-07 17:00:00,2.843,2.247,1.433,-0.167
1999-07-07 18:00:00,3.497,1.36,2.029,2.231
1999-07-07 19:00:00,3.658,1.101,0.797,2.964
1999-07-07 20:00:00,2.997,1.25,-0.15,1.731
1999-07-07 21:00:00,2.692,0.51,0.055,0.348
1999-07-07 22:00:00,3.694,0.076,-2.748,-2.369
1999-07-07 23:00:00,4.228,0.658,-3.388,-2.274
1999-07-08 00:00:00,3.132,1.321,-2.538,0.048
1999-07-08 01:00:00,4.118,0.365,-2.551,2.932
1999-07-08 02:00:00,5.34,0.381,-3.037,4.329
1999-07-08 03:00:00,5.958,1.27,-3.807,4.246
1999-07-08 04:00:00,8.793,-0.947,-4.968,6.571
1999-07-08 05:00:00,9.485,-2.079,-7.26,5.437
1999-07-08 06:00:00,9.79,0.731,-8.292,4.792
1999-07-08 07:00:00,11.235,-0.226,-10.68,-0.445
1999-07-08 08:00:00,11.404,-0.946,-10.022,-4.557
1999-07-08 09:00:00,9.93,0.517,-8.389,-4.552
1999-07-08 10:00:00,9.513,0.28,-8.981,-2.712
1999-07-08 11:00:00,9.458,0.043,-8.099,-4.549
1999-07-08 12:00:00,8.7,-0.194,-6.561,-5.482
1999-07-08 13:00:00,8.32,0.579,-6.404,-5.14
1999-07-08 14:00:00,8.025,4.406,-3.048,-5.86
1999-07-08 15:00:00,7.623,2.896,-3.119,-6.203
1999-07-08 16:00:00,7.066,2.695,0.752,-6.376
1999-07-08 17:00:00,6.394,2.839,-0.115,-5.595
1999-07-08 18:00:00,6.337,1.116,-2.0,-5.446
1999-07-08 19:00:00,6.29,0.466,-3.783,-4.483
1999-07-08 20:00:00,5.669,-1.271,-4.052,-3.394
1999-07-08 21:00:00,5.224,-1.098,-4.151,-2.694
1999-07-08 22:00:00,5.302,1.987,-2.097,-3.932
1999-07-08 23:00:00,5.087,1.21,-2.963,-3.807
1999-07-09 00:00:00,4.711,3.329,-1.611,-2.75
1999-07-09 01:00:00,4.629,1.775,-2.914,-2.711
1999-07-09 02:00:00,4.333,0.796,-3.79,-1.801
1999-07-09 03:00:00,4.318,2.088,-2.973,-2.226
1999-07-09 04:00:00,4.639,3.277,-2.361,-2.155
1999-07-09 05:00:00,4.418,1.833,-3.638,-1.271
1999-07-09 06:00:00,4.46,0.164,-4.105,-0.594
1999-07-09 07:00:00,4.488,-0.649,-4.292,-0.512
1999-07-09 08:00:00,4.38,2.528,-3.204,-0.827
1999-07-09 09:00:00,4.416,2.118,-3.567,-0.619
1999-07-09 10:00:00,4.435,2.01,-3.882,-0.436
1999-07-09 11:00:00,4.443,0.868,-4.154,-0.309
1999-07-09 12:00:00,4.363,0.556,-4.017,-1.115
1999-07-09 13:00:00,4.255,0.265,-4.032,-1.122
1999-07-09 14:00:00,4.319,-0.363,-3.889,-1.303
1999-07-09 15:00:00,4.27,0.631,-3.744,-1.415
1999-07-09 16:00:00,4.419,2.085,-3.302,-2.029
1999-07-09 17:00:00,4.438,2.699,-2.859,-2.002
1999-07-09 18:00:00,4.448,2.368,-3.285,-1.79
1999-07-09 19:00:00,4.264,1.54,-3.022,-2.497
1999-07-09 20:00:00,4.257,-0.303,-3.548,-1.96
1999-07-09 21:00:00,4.176,2.186,-1.591,-3.007
1999-07-09 22:00:00,3.835,1.377,-2.627,-2.276
1999-07-09 23:00:00,3.843,1.013,-2.682,-2.064
1999-07-10 00:00:00,3.869,-0.176,-3.48,-1.618
1999-07-10 01:00:00,3.764,-0.618,-3.44,-1.326
1999-07-10 02:00:00,4.048,-0.258,-3.755,-1.148
1999-07-10 03:00:00,4.311,0.242,-3.76,-1.568
1999-07-10 04:00:00,4.796,-0.236,-4.646,-0.412
1999-07-10 05:00:00,4.461,0.295,-3.867,-2.097
1999-07-10 06:00:00,4.485,1.054,-3.677,-2.075
1999-07-10 07:00:00,4.874,0.732,-4.458,-1.685
1999-07-10 08:00:00,5.322,-0.91,-5.01,1.106
1999-07-10 09:00:00,5.495,-1.956,-4.258,2.789
1999-07-10 10:00:00,5.741,-2.074,-4.343,3.095
1999-07-10 11:00:00,6.012,-1.535,-5.382,2.039
1999-07-10 12:00:00,6.248,-1.071,-5.616,2.359
1999-07-10 13:00:00,5.829,-0.483,-4.673,3.315
1999-07-10 14:00:00,6.486,-0.715,-5.794,2.325
1999-07-10 15:00:00,6.711,0.488,-6.611,-0.546
1999-07-10 16:00:00,5.982,0.179,-4.462,-3.415
1999-07-10 17:00:00,6.256,0.068,-3.058,-5.441
1999-07-10 18:00:00,5.572,2.03,-2.12,-4.333
1999-07-10 19:00:00,5.293,2.883,-2.761,-2.833
1999-07-10 20:00:00,4.779,1.77,-3.196,-2.92
1999-07-10 21:00:00,4.836,1.06,-3.231,-3.212
1999-07-10 22:00:00,4.645,1.66,-2.943,-3.137
1999-07-10 23:00:00,4.675,1.737,-3.311,-2.752
1999-07-11 00:00:00,4.077,1.797,-3.144,-1.77
1999-07-11 01:00:00,5.317,2.862,-3.921,-1.896
1999-07-11 02:00:00,5.314,3.049,-3.68,-2.014
1999-07-11 03:00:00,5.224,3.019,-2.571,-3.151
1999-07-11 04:00:00,5.17,2.067,-2.911,-3.55
1999-07-11 05:00:00,5.12,2.124,-3.577,-2.71
1999-07-11 06:00:00,5.379,2.019,-3.726,-3.097
1999-07-11 07:00:00,5.122,1.613,-2.98,-3.762
1999-07-11 08:00:00,5.056,1.863,-1.67,-4.291
1999-07-11 09:00:00,5.152,0.772,-2.312,-3.689
1999-07-11 10:00:00,4.897,0.473,-3.345,-3.513
1999-07-11 11:00:00,4.411,2.548,-0.447,-3.224
1999-07-11 12:00:00,4.737,0.813,-1.984,-3.917
1999-07-11 13:00:00,5.224,0.887,-2.798,-4.068
1999-07-11 14:00:00,5.014,-2.152,-4.122,-1.593
1999-07-11 15:00:00,5.286,-2.969,-2.917,-3.182
1999-07-11 16:00:00,4.372,1.68,-3.008,-1.244
1999-07-11 17:00:00,4.162,1.213,-3.577,-1.647
1999-07-11 18:00:00,4.612,0.423,-3.444,-2.927
1999-07-11 19:00:00,5.26,-0.024,-3.545,-3.823
1999-07-11 20:00:00,5.233,1.006,-1.631,-4.72
1999-07-11 21:00:00,5.822,1.79,-0.012,-5.447
1999-07-11 22:00:00,5.94,0.636,-1.857,-4.787
1999-07-11 23:00:00,6.154,-0.08,-2.579,-4.498
1999-07-12 00:00:00,6.227,2.625,-2.865,-4.427
1999-07-12 01:00:00,9.654,1.063,-4.961,-7.653
1999-07-12 02:00:00,10.98,-1.514,-5.918,-8.983
1999-07-12 03:00:00,10.267,-1.635,-7.64,-6.384
1999-07-12 04:00:00,10.375,0.792,-6.481,-7.697
1999-07-12 05:00:00,6.994,1.797,-2.054,-6.3
1999-07-12 06:00:00,6.395,0.445,1.23,-5.499
1999-07-12 07:00:00,6.099,-0.456,3.389,-4.059
1999-07-12 08:00:00,4.915,0.717,-0.728,-3.809
1999-07-12 09:00:00,5.9,0.522,2.632,-3.113
1999-07-12 10:00:00,4.421,-1.462,3.093,-1.496
1999-07-12 11:00:00,3.476,0.605,-1.127,-2.892
1999-07-12 12:00:00,4.674,0.704,-1.295,-3.724
1999-07-12 13:00:00,4.639,-0.549,-1.515,-3.972
1999-07-12 14:00:00,4.451,0.05,-0.984,-3.927
1999-07-12 15:00:00,4.478,-0.21,-1.55,-3.995
1999-07-12 16:00:00,3.973,-0.816,0.919,-1.915
1999-07-12 17:00:00,4.775,-0.218,-0.484,-3.979
1999-07-12 18:00:00,5.044,0.409,-3.001,-3.874
1999-07-12 19:00:00,4.596,0.85,-1.025,-4.004
1999-07-12 20:00:00,4.253,1.893,-0.784,-2.942
1999-07-12 21:00:00,4.51,1.587,-2.518,-3.08
1999-07-12 22:00:00,4.266,0.783,-2.566,-3.023
1999-07-12 23:00:00,4.11,0.224,-1.358,-3.403
1999-07-13 00:00:00,4.57,1.052,-2.588,-3.004
1999-07-13 01:00:00,4.242,2.11,-0.332,-3.319
1999-07-13 02:00:00,4.051,3.145,1.629,-1.638
1999-07-13 03:00:00,3.709,0.782,2.583,1.766
1999-07-13 04:00:00,4.168,-0.493,2.747,3.014
1999-07-13 05:00:00,3.292,0.326,2.445,1.905
1999-07-13 06:00:00,4.052,0.188,3.693,1.221
1999-07-13 07:00:00,4.119,-0.173,2.891,2.314
1999-07-13 08:00:00,3.895,0.982,2.426,2.047
1999-07-13 09:00:00,3.872,0.595,1.617,2.936
1999-07-13 10:00:00,3.993,-0.543,2.685,2.387
1999-07-13 11:00:00,3.446,2.311,0.415,-1.916
1999-07-13 12:00:00,3.084,-0.733,2.213,1.375
1999-07-13 13:00:00,3.856,1.005,-0.368,-2.535
1999-07-13 14:00:00,4.075,1.379,1.868,-2.432
1999-07-13 15:00:00,4.374,2.034,0.218,-3.653
1999-07-13 16:00:00,4.06,0.951,2.348,-2.138
1999-07-13 17:00:00,4.174,0.686,3.522,-1.85
1999-07-13 18:00:00,4.17,0.546,3.613,-1.404
1999-07-13 19:00:00,4.038,-0.924,3.66,0.268
1999-07-13 20:00:00,3.676,0.719,2.354,-1.603
1999-07-13 21:00:00,3.713,-1.855,2.972,0.53
1999-07-13 22:00:00,3.749,-1.531,3.372,-0.08
1999-07-13 23:00:00,4.175,-1.438,3.828,0.06
1999-07-14 00:00:00,4.205,-1.97,3.554,0.712
1999-07-14 01:00:00,3.95,-1.856,3.39,0.705
1999-07-14 02:00:00,3.804,-1.907,3.168,0.429
1999-07-14 03:00:00,3.699,-2.149,2.899,0.5
1999-07-14 04:00:00,3.664,-2.108,2.918,0.392
1999-07-14 05:00:00,4.041,-2.273,3.282,-0.38
1999-07-14 06:00:00,4.502,-1.908,3.903,-0.6
1999-07-14 07:00:00,4.75,-1.991,3.908,-1.62
1999-07-14 08:00:00,4.759,-1.837,4.245,-0.115
1999-07-14 09:00:00,4.844,-1.577,4.357,-1.079
1999-07-14 10:00:00,3.176,-0.999,2.909,-0.297
1999-07-14 11:00:00,2.121,0.023,-0.304,0.196
1999-07-14 12:00:00,2.222,0.463,-1.726,0.285
1999-07-14 13:00:00,2.28,0.505,-1.649,1.019
1999-07-14 14:00:00,2.04,0.811,-1.737,-0.202
1999-07-14 15:00:00,2.704,0.942,-1.76,-1.173
1999-07-14 16:00:00,5.044,1.26,-1.253,-3.777
1999-07-14 17:00:00,4.668,0.925,0.607,-3.678
1999-07-14 18:00:00,4.651,1.148,0.662,-4.32
1999-07-14 19:00:00,5.619,-0.768,0.19,3.79
1999-07-14 20:00:00,8.804,-1.39,5.516,6.017
1999-07-14 21:00:00,8.19,-1.164,7.061,3.84
1999-07-14 22:00:00,8.503,-1.713,4.558,-5.409
1999-07-14 23:00:00,7.418,-2.89,3.873,0.379
1999-07-15 00:00:00,8.461,-4.292,5.795,2.802
1999-07-15 01:00:00,9.0,-5.476,6.4,0.066
1999-07-15 02:00:00,9.334,-4.575,6.67,-1.832
1999-07-15 03:00:00,8.413,-3.644,3.501,-4.057
1999-07-15 04:00:00,8.274,-4.788,5.45,-3.569
1999-07-15 05:00:00,8.206,-5.288,5.486,-0.816
1999-07-15 06:00:00,7.641,-4.496,4.587,-3.803
1999-07-15 07:00:00,7.273,-5.187,4.424,-2.054
1999-07-15 08:00:00,5.833,-4.512,1.767,-1.031
1999-07-15 09:00:00,6.446,-3.07,2.31,-4.935
1999-07-15 10:00:00,6.547,-3.261,3.11,-3.994
1999-07-15 11:00:00,6.57,-3.005,2.969,-3.729
1999-07-15 12:00:00,7.092,-3.466,2.391,-4.3
1999-07-15 13:00:00,7.025,-5.478,2.274,-3.101
1999-07-15 14:00:00,7.371,-6.129,3.371,-1.543
1999-07-15 15:00:00,7.256,-4.067,5.108,-2.104
1999-07-15 16:00:00,7.21,-3.603,4.996,-1.413
1999-07-15 17:00:00,6.496,-3.929,3.099,-0.334
1999-07-15 18:00:00,6.446,-4.061,3.428,-2.164
1999-07-15 19:00:00,6.149,-4.969,1.928,-2.344
1999-07-15 20:00:00,5.305,-4.371,1.81,0.446
1999-07-15 21:00:00,4.807,-3.652,2.101,1.767
1999-07-15 22:00:00,5.048,-3.44,2.984,0.505
1999-07-15 23:00:00,5.214,-3.492,2.575,2.692
1999-07-16 00:00:00,5.294,-3.719,3.466,1.097
1999-07-16 01:00:00,5.077,-3.554,3.475,-0.549
1999-07-16 02:00:00,5.121,-4.225,2.671,-0.785
1999-07-16 03:00:00,5.201,-4.627,1.595,1.269
1999-07-16 04:00:00,5.409,-4.348,1.984,2.383
1999-07-16 05:00:00,6.092,-4.78,2.698,2.29
1999-07-16 06:00:00,6.213,-5.071,1.734,2.963
1999-07-16 07:00:00,5.537,-4.026,3.154,-0.039
1999-07-16 08:00:00,5.497,-3.214,3.662,0.848
1999-07-16 09:00:00,5.479,-5.205,1.223,0.341
1999-07-16 10:00:00,5.345,-4.346,1.915,0.08
1999-07-16 11:00:00,5.49,-3.513,3.246,-2.413
1999-07-16 12:00:00,5.973,-4.108,3.737,0.136
1999-07-16 13:00:00,5.794,-3.047,3.522,3.296
1999-07-16 14:00:00,5.647,-2.765,2.408,3.154
1999-07-16 15:00:00,4.983,-3.526,2.588,1.447
1999-07-16 16:00:00,4.868,-3.908,1.259,0.942
1999-07-16 17:00:00,4.546,-3.739,0.792,0.074
1999-07-16 18:00:00,4.688,3.286,1.201,1.063
1999-07-16 19:00:00,4.482,4.04,-0.528,1.607
1999-07-16 20:00:00,4.22,-1.589,3.536,-0.08
1999-07-16 21:00:00,4.634,-2.103,3.614,0.372
1999-07-16 22:00:00,4.695,-1.4,3.989,-0.311
1999-07-16 23:00:00,4.731,-1.859,3.498,2.139
1999-07-17 00:00:00,4.601,-1.403,3.056,1.61
1999-07-17 01:00:00,4.603,-1.028,2.125,3.281
1999-07-17 02:00:00,4.272,-1.267,2.313,2.507
1999-07-17 03:00:00,4.543,-2.114,1.865,3.145
1999-07-17 04:00:00,4.534,-2.259,2.271,2.182
1999-07-17 05:00:00,3.775,-1.543,2.358,0.318
1999-07-17 06:00:00,3.954,0.017,1.717,2.599
1999-07-17 07:00:00,4.432,-3.233,2.227,0.361
1999-07-17 08:00:00,5.701,2.732,3.705,2.804
1999-07-17 09:00:00,5.681,1.012,4.494,1.442
1999-07-17 10:00:00,5.257,0.528,4.512,0.458
1999-07-17 11:00:00,4.531,-1.165,3.21,-0.371
1999-07-17 12:00:00,5.696,-3.992,0.958,-3.188
1999-07-17 13:00:00,5.906,-4.321,2.289,-2.909
1999-07-17 14:00:00,5.119,-2.615,3.935,-0.827
1999-07-17 15:00:00,4.776,-1.807,4.248,-0.28
1999-07-17 16:00:00,5.114,-1.065,4.718,1.171
1999-07-17 17:00:00,5.647,-1.316,4.716,1.726
1999-07-17 18:00:00,5.72,-3.079,4.402,1.352
1999-07-17 19:00:00,5.891,-4.031,3.652,2.057
1999-07-17 20:00:00,5.492,-3.461,4.089,0.944
1999-07-17 21:00:00,5.436,-3.908,3.731,0.426
1999-07-17 22:00:00,5.461,-4.274,3.296,0.661
1999-07-17 23:00:00,4.786,-3.768,2.329,1.192
1999-07-18 00:00:00,4.048,-2.677,0.923,2.419
1999-07-18 01:00:00,4.129,-3.075,2.588,0.751
1999-07-18 02:00:00,3.148,-2.144,1.94,0.097
1999-07-18 03:00:00,4.001,-2.685,2.378,-0.218
1999-07-18 04:00:00,4.465,-0.221,-1.365,2.563
1999-07-18 05:00:00,4.157,-1.711,1.25,0.433
1999-07-18 06:00:00,4.1,1.114,-2.884,1.889
1999-07-18 07:00:00,4.043,2.281,-3.236,0.181
1999-07-18 08:00:00,3.993,2.125,-2.399,1.97
1999-07-18 09:00:00,3.779,2.181,-2.898,-0.069
1999-07-18 10:00:00,2.71,1.203,-1.653,-0.499
1999-07-18 11:00:00,4.655,2.185,-3.663,-1.248
1999-07-18 12:00:00,4.326,1.585,-3.451,-1.493
1999-07-18 13:00:00,3.222,-1.249,-2.01,-1.282
1999-07-18 14:00:00,3.38,-1.459,-2.093,-1.952
1999-07-18 15:00:00,3.335,-1.473,-0.665,-1.752
1999-07-18 16:00:00,3.732,-2.372,1.714,-0.063
1999-07-18 17:00:00,4.69,-0.357,2.296,3.911
1999-07-18 18:00:00,4.53,1.967,0.947,3.802
1999-07-18 19:00:00,4.221,-2.047,2.154,2.36
1999-07-18 20:00:00,2.666,-0.637,-0.154,-1.443
1999-07-18 21:00:00,3.549,0.434,-2.114,-2.535
1999-07-18 22:00:00,2.997,0.115,-1.779,-2.08
1999-07-18 23:00:00,1.51,0.887,0.065,0.599
1999-07-19 00:00:00,1.535,-0.556,0.223,-0.26
1999-07-19 01:00:00,1.555,-0.42,0.002,-0.62
1999-07-19 02:00:00,1.982,0.888,-0.687,0.073
1999-07-19 03:00:00,3.399,-1.089,1.991,0.541
1999-07-19 04:00:00,3.967,-1.339,3.517,0.731
1999-07-19 05:00:00,4.136,-0.895,3.688,1.355
1999-07-19 06:00:00,4.733,-1.679,3.158,2.836
1999-07-19 07:00:00,4.39,-1.482,1.962,2.831
1999-07-19 08:00:00,4.302,-2.074,1.057,1.752
1999-07-19 09:00:00,4.467,-1.899,-1.034,-0.992
1999-07-19 10:00:00,5.36,2.097,-1.135,4.673
1999-07-19 11:00:00,5.597,2.937,-2.573,3.968
1999-07-19 12:00:00,4.843,2.407,-1.848,3.574
1999-07-19 13:00:00,4.739,2.343,-2.895,2.806
1999-07-19 14:00:00,4.939,1.51,-1.419,4.446
1999-07-19 15:00:00,5.046,2.378,-1.736,3.644
1999-07-19 16:00:00,5.183,2.032,-1.054,4.588
1999-07-19 17:00:00,3.952,1.513,-0.7,3.308
1999-07-19 18:00:00,4.109,2.377,-1.098,3.081
1999-07-19 19:00:00,4.089,2.146,-2.637,2.174
1999-07-19 20:00:00,4.233,0.422,-2.52,3.062
1999-07-19 21:00:00,4.412,1.544,-3.226,1.991
1999-07-19 22:00:00,4.868,1.524,-3.687,2.131
1999-07-19 23:00:00,5.845,3.847,-4.137,1.088
1999-07-20 00:00:00,6.34,3.602,-4.771,1.152
1999-07-20 01:00:00,6.247,3.314,-4.331,2.859
1999-07-20 02:00:00,6.357,3.459,-4.842,2.116
1999-07-20 03:00:00,6.844,1.726,-4.737,3.138
1999-07-20 04:00:00,6.768,-2.635,-1.332,5.918
1999-07-20 05:00:00,5.71,-1.925,-0.931,5.167
1999-07-20 06:00:00,5.25,-2.751,2.148,3.839
1999-07-20 07:00:00,4.874,-1.151,1.827,4.021
1999-07-20 08:00:00,4.087,2.221,-0.827,2.71
1999-07-20 09:00:00,5.773,2.687,-3.972,-2.565
1999-07-20 10:00:00,5.576,-1.102,-3.973,1.858
1999-07-20 11:00:00,4.796,1.513,-2.258,-1.601
1999-07-20 12:00:00,7.051,1.601,0.69,-6.466
1999-07-20 13:00:00,8.086,-3.667,3.165,2.041
1999-07-20 14:00:00,8.425,-6.823,2.514,3.941
1999-07-20 15:00:00,6.997,-5.606,3.897,0.681
1999-07-20 16:00:00,6.518,-3.678,5.158,1.138
1999-07-20 17:00:00,6.775,-1.725,6.392,0.826
1999-07-20 18:00:00,5.56,-2.132,4.3,1.63
1999-07-20 19:00:00,7.125,-4.116,4.209,3.595
1999-07-20 20:00:00,6.923,-3.78,1.642,4.814
1999-07-20 21:00:00,8.144,-6.058,5.367,-0.274
1999-07-20 22:00:00,8.718,-6.591,5.59,-0.974
1999-07-20 23:00:00,9.056,-6.387,6.14,-1.595
1999-07-21 00:00:00,9.568,-7.831,4.962,0.349
1999-07-21 01:00:00,10.236,-9.401,3.873,0.737
1999-07-21 02:00:00,10.83,-9.954,3.995,0.918
1999-07-21 03:00:00,11.606,-11.064,2.679,1.012
1999-07-21 04:00:00,11.243,-9.312,1.531,-4.748
1999-07-21 05:00:00,10.306,-6.298,5.585,-5.706
1999-07-21 06:00:00,7.524,-2.752,3.723,-5.043
1999-07-21 07:00:00,6.348,-1.605,5.778,-1.352
1999-07-21 08:00:00,7.096,-2.277,5.254,-3.438
1999-07-21 09:00:00,7.985,-0.897,5.741,-4.347
1999-07-21 10:00:00,9.216,-4.932,7.37,-0.64
1999-07-21 11:00:00,8.386,-5.506,3.247,3.477
1999-07-21 12:00:00,9.476,-6.878,6.363,0.302
1999-07-21 13:00:00,9.279,-6.408,6.217,-1.961
1999-07-21 14:00:00,10.491,-1.655,1.69,-7.256
1999-07-21 15:00:00,10.874,1.694,-3.296,-9.843
1999-07-21 16:00:00,11.447,-0.649,-5.021,-9.357
1999-07-21 17:00:00,12.53,-0.158,-0.957,-6.302
1999-07-21 18:00:00,13.692,-6.593,11.307,2.756
1999-07-21 19:00:00,12.384,-5.702,3.929,9.148
1999-07-21 20:00:00,12.709,-2.92,5.33,10.569
1999-07-21 21:00:00,13.224,-6.687,5.23,7.819
1999-07-21 22:00:00,13.183,-7.932,9.096,2.004
1999-07-21 23:00:00,13.672,-11.187,0.68,6.404
1999-07-22 00:00:00,15.691,-13.766,5.525,2.218
1999-07-22 01:00:00,16.353,-2.156,11.228,8.265
1999-07-22 02:00:00,16.536,-4.953,14.093,-1.859
1999-07-22 03:00:00,16.182,-4.546,12.11,-8.169
1999-07-22 04:00:00,16.127,-3.426,11.369,-9.635
1999-07-22 05:00:00,15.243,-0.186,9.111,-11.184
1999-07-22 06:00:00,17.353,-4.25,12.509,7.995
1999-07-22 07:00:00,16.951,-2.299,13.424,7.686
1999-07-22 08:00:00,16.124,-2.292,8.435,3.963
1999-07-22 09:00:00,15.766,-2.501,11.644,-8.812
1999-07-22 10:00:00,10.049,-2.414,3.469,-0.645
1999-07-22 11:00:00,11.878,-3.035,7.259,4.287
1999-07-22 12:00:00,11.423,-4.762,7.356,2.056
1999-07-22 13:00:00,11.803,-5.651,4.996,-7.535
1999-07-22 14:00:00,11.306,-4.656,3.73,-8.114
1999-07-22 15:00:00,10.447,-2.719,3.339,-4.916
1999-07-22 16:00:00,10.25,-3.404,8.923,-0.349
1999-07-22 17:00:00,10.141,-4.523,7.563,-1.19
1999-07-22 18:00:00,9.042,-5.702,5.952,-0.549
1999-07-22 19:00:00,8.238,-5.289,4.151,-2.22
1999-07-22 20:00:00,6.073,-4.746,1.963,1.724
1999-07-22 21:00:00,5.991,-4.513,2.976,-0.414
1999-07-22 22:00:00,5.991,-4.005,2.649,1.817
1999-07-22 23:00:00,5.9,-4.545,1.178,0.083
1999-07-23 00:00:00,5.812,-2.172,2.431,-3.683
1999-07-23 01:00:00,5.564,-3.487,2.615,-0.903
1999-07-23 02:00:00,5.36,-3.15,-3.36,-0.028
1999-07-23 03:00:00,5.636,-3.757,1.038,1.657
1999-07-23 04:00:00,5.848,-1.834,1.181,4.597
1999-07-23 05:00:00,5.769,-1.754,-1.128,4.3
1999-07-23 06:00:00,5.334,-3.433,-1.112,2.156
1999-07-23 07:00:00,5.431,-2.359,-0.521,0.957
1999-07-23 08:00:00,5.816,-4.251,2.846,-1.863
1999-07-23 09:00:00,5.917,-4.412,1.888,-2.78
1999-07-23 10:00:00,5.984,-3.717,2.665,-3.529
1999-07-23 11:00:00,6.102,-3.538,2.522,-3.28
1999-07-23 12:00:00,6.021,-3.494,1.901,0.586
1999-07-23 13:00:00,5.903,-4.374,2.373,-0.994
1999-07-23 14:00:00,5.801,-4.757,2.147,0.201
1999-07-23 15:00:00,5.767,-3.138,4.002,-0.933
1999-07-23 16:00:00,6.174,-3.749,3.285,2.037
1999-07-23 17:00:00,6.427,-4.364,2.964,-1.99
1999-07-23 18:00:00,6.248,-4.216,3.763,-0.559
1999-07-23 19:00:00,6.756,-3.596,1.535,5.097
1999-07-23 20:00:00,6.556,-4.171,2.23,3.309
1999-07-23 21:00:00,6.528,-4.004,3.316,2.733
1999-07-23 22:00:00,6.326,-2.816,4.361,-0.355
1999-07-23 23:00:00,6.47,-1.772,3.266,-1.168
1999-07-24 00:00:00,6.971,-3.706,4.054,-2.331
1999-07-24 01:00:00,6.657,-3.768,3.985,1.675
1999-07-24 02:00:00,6.297,-3.995,3.447,1.372
1999-07-24 03:00:00,6.408,-4.123,2.941,-1.428
1999-07-24 04:00:00,6.396,-3.042,3.575,3.726
1999-07-24 05:00:00,6.436,-2.93,4.105,3.453
1999-07-24 06:00:00,6.61,-3.035,5.372,1.584
1999-07-24 07:00:00,6.334,-2.095,5.022,2.319
1999-07-24 08:00:00,6.083,-2.553,4.746,1.495
1999-07-24 09:00:00,6.353,-3.967,3.629,-3.018
1999-07-24 10:00:00,5.837,-4.907,0.378,-2.539
1999-07-24 11:00:00,5.497,-4.667,1.494,1.74
1999-07-24 12:00:00,5.026,-2.792,2.291,0.473
1999-07-24 13:00:00,4.707,-2.522,3.065,-0.237
1999-07-24 14:00:00,4.761,-2.912,1.006,2.7
1999-07-24 15:00:00,4.707,-2.064,2.379,1.139
1999-07-24 16:00:00,4.399,-3.119,0.654,0.556
1999-07-24 17:00:00,4.546,-4.102,-1.023,0.07
1999-07-24 18:00:00,4.337,-1.943,1.477,-2.754
1999-07-24 19:00:00,4.39,-1.706,2.574,-1.509
1999-07-24 20:00:00,4.3,-2.51,0.921,0.228
1999-07-24 21:00:00,4.451,-4.095,0.104,1.244
1999-07-24 22:00:00,4.338,-3.836,0.39,0.931
1999-07-24 23:00:00,4.55,-2.768,2.576,-1.256
1999-07-25 00:00:00,4.551,-2.924,0.747,-1.204
1999-07-25 01:00:00,4.657,-4.175,0.443,-0.528
1999-07-25 02:00:00,4.605,-2.987,2.434,1.266
1999-07-25 03:00:00,4.701,-1.087,2.918,2.846
1999-07-25 04:00:00,4.692,-1.838,3.097,0.429
1999-07-25 05:00:00,4.731,-2.428,2.621,-1.348
1999-07-25 06:00:00,4.137,-2.684,-0.583,-0.5
1999-07-25 07:00:00,4.19,-1.283,3.132,0.487
1999-07-25 08:00:00,4.423,-1.493,2.262,-0.893
1999-07-25 09:00:00,4.364,-3.347,1.367,-0.345
1999-07-25 10:00:00,4.418,-2.458,1.659,-1.534
1999-07-25 11:00:00,4.145,-0.983,2.765,-2.256
1999-07-25 12:00:00,4.754,-2.579,3.492,-1.082
1999-07-25 13:00:00,4.689,-3.111,3.332,-0.08
1999-07-25 14:00:00,4.694,-3.604,2.49,0.094
1999-07-25 15:00:00,4.984,-3.34,2.961,1.133
1999-07-25 16:00:00,4.94,-4.175,2.123,0.624
1999-07-25 17:00:00,4.84,-3.914,-0.422,0.584
1999-07-25 18:00:00,4.753,-3.831,1.261,1.066
1999-07-25 19:00:00,4.617,-2.66,2.819,0.436
1999-07-25 20:00:00,4.439,-2.193,1.152,-1.716
1999-07-25 21:00:00,4.608,0.21,1.339,-3.669
1999-07-25 22:00:00,4.637,-1.091,3.802,-0.489
1999-07-25 23:00:00,4.682,-1.254,4.137,0.213
1999-07-26 00:00:00,4.768,-2.466,3.286,1.897
1999-07-26 01:00:00,4.592,-2.265,3.212,1.31
1999-07-26 02:00:00,4.413,-3.053,0.344,2.581
1999-07-26 03:00:00,4.237,-3.469,0.275,-0.136
1999-07-26 04:00:00,4.336,-3.705,-0.826,-1.59
1999-07-26 05:00:00,4.309,-2.189,3.026,-0.253
1999-07-26 06:00:00,4.806,-1.948,3.802,0.632
1999-07-26 07:00:00,4.939,-2.9,3.258,-0.295
1999-07-26 08:00:00,5.025,-3.598,2.777,-1.167
1999-07-26 09:00:00,4.91,-2.325,0.5,-3.407
1999-07-26 10:00:00,4.889,-3.293,2.664,-1.675
1999-07-26 11:00:00,4.834,-2.527,0.385,-3.078
1999-07-26 12:00:00,4.919,-1.879,2.748,-2.089
1999-07-26 13:00:00,4.642,-3.808,0.55,-0.43
1999-07-26 14:00:00,4.374,-0.836,3.459,-0.445
1999-07-26 15:00:00,4.312,-1.987,2.766,-0.462
1999-07-26 16:00:00,4.358,-0.612,3.966,0.364
1999-07-26 17:00:00,4.318,-0.32,3.975,0.305
1999-07-26 18:00:00,4.182,-0.534,2.718,1.102
1999-07-26 19:00:00,4.172,0.267,3.002,2.515
1999-07-26 20:00:00,4.419,0.036,3.427,1.987
1999-07-26 21:00:00,4.293,-1.082,3.748,-0.952
1999-07-26 22:00:00,4.147,0.429,3.383,0.338
1999-07-26 23:00:00,5.033,-2.602,2.963,0.472
1999-07-27 00:00:00,5.937,-2.696,4.26,-0.709
1999-07-27 01:00:00,6.83,0.079,5.921,1.322
1999-07-27 02:00:00,7.533,-2.075,5.76,2.792
1999-07-27 03:00:00,7.5,-1.554,5.991,1.468
1999-07-27 04:00:00,7.495,-2.99,3.691,1.577
1999-07-27 05:00:00,7.078,-3.511,4.801,-2.103
1999-07-27 06:00:00,7.163,-2.869,5.816,2.116
1999-07-27 07:00:00,6.703,-0.67,5.561,2.985
1999-07-27 08:00:00,6.445,-0.5,5.732,1.478
1999-07-27 09:00:00,6.535,1.635,5.224,2.699
1999-07-27 10:00:00,6.138,-3.279,3.897,1.325
1999-07-27 11:00:00,6.098,-2.542,5.209,1.146
1999-07-27 12:00:00,6.024,-1.434,5.356,1.702
1999-07-27 13:00:00,5.93,-2.198,5.079,0.317
1999-07-27 14:00:00,5.746,-2.171,4.902,0.534
1999-07-27 15:00:00,5.608,-2.682,4.447,0.553
1999-07-27 16:00:00,6.024,-3.082,4.91,-1.075
1999-07-27 17:00:00,6.084,-3.371,4.859,0.58
1999-07-27 18:00:00,5.986,-4.253,4.037,0.656
1999-07-27 19:00:00,5.832,-4.81,3.005,0.131
1999-07-27 20:00:00,5.693,-4.623,3.239,-0.115
1999-07-27 21:00:00,5.731,-5.087,2.16,-1.253
1999-07-27 22:00:00,5.513,-5.355,0.011,0.443
1999-07-27 23:00:00,5.242,-5.224,0.058,0.203
1999-07-28 00:00:00,4.786,-4.561,0.784,1.08
1999-07-28 01:00:00,4.866,-3.609,0.37,3.145
1999-07-28 02:00:00,4.837,-2.254,0.521,4.126
1999-07-28 03:00:00,4.693,-1.916,1.035,4.115
1999-07-28 04:00:00,4.801,-2.632,2.475,-1.948
1999-07-28 05:00:00,4.895,-3.508,1.867,-2.79
1999-07-28 06:00:00,4.974,-3.327,0.989,-3.485
1999-07-28 07:00:00,5.177,-3.318,0.985,-3.815
1999-07-28 08:00:00,5.185,-3.638,0.862,-3.547
1999-07-28 09:00:00,4.96,-2.966,2.593,-2.659
1999-07-28 10:00:00,5.064,-2.56,2.804,-3.3
1999-07-28 11:00:00,5.141,-2.144,2.845,-3.324
1999-07-28 12:00:00,4.992,-0.129,3.836,-2.985
1999-07-28 13:00:00,5.455,-0.821,4.251,-3.172
1999-07-28 14:00:00,6.412,-2.726,2.157,-4.881
1999-07-28 15:00:00,7.185,-1.18,4.133,-5.541
1999-07-28 16:00:00,7.175,-2.056,3.243,-5.772
1999-07-28 17:00:00,7.01,-0.898,3.567,-5.838
1999-07-28 18:00:00,6.776,-0.956,3.786,-5.306
1999-07-28 19:00:00,6.776,-0.513,3.408,-5.563
1999-07-28 20:00:00,6.753,-1.896,4.256,-4.804
1999-07-28 21:00:00,7.031,-1.94,4.13,-5.261
1999-07-28 22:00:00,6.854,-0.72,3.555,-5.729
1999-07-28 23:00:00,6.882,-1.404,4.011,-5.263
1999-07-29 00:00:00,6.835,-2.495,4.082,-4.444
1999-07-29 01:00:00,6.969,-4.113,4.692,-1.509
1999-07-29 02:00:00,7.161,-5.565,3.755,2.412
1999-07-29 03:00:00,6.77,-5.399,3.844,1.224
1999-07-29 04:00:00,6.827,-5.602,3.776,-0.435
1999-07-29 05:00:00,6.915,-5.251,4.003,1.526
1999-07-29 06:00:00,6.57,-5.178,3.513,1.881
1999-07-29 07:00:00,6.126,-4.633,3.682,-0.272
1999-07-29 08:00:00,5.846,-5.065,2.79,-0.523
1999-07-29 09:00:00,5.929,-4.752,3.126,-0.802
1999-07-29 10:00:00,6.638,-4.83,3.614,-0.778
1999-07-29 11:00:00,6.416,-4.121,4.563,0.049
1999-07-29 12:00:00,6.016,-4.268,3.561,-0.447
1999-07-29 13:00:00,5.711,-4.993,1.339,1.221
1999-07-29 14:00:00,5.454,-5.018,-0.109,0.165
1999-07-29 15:00:00,5.398,-5.327,-0.174,-0.148
1999-07-29 16:00:00,5.188,-4.832,-0.769,-0.813
1999-07-29 17:00:00,5.194,-4.717,-0.245,-1.786
1999-07-29 18:00:00,5.093,-4.675,0.027,-1.252
1999-07-29 19:00:00,5.527,-5.135,-0.332,1.428
1999-07-29 20:00:00,5.57,-5.305,1.37,-0.488
1999-07-29 21:00:00,6.176,-4.669,2.012,-2.586
1999-07-29 22:00:00,6.315,-1.023,0.53,-5.594
1999-07-29 23:00:00,6.216,-2.111,0.772,-5.453
1999-07-30 00:00:00,6.155,-2.213,3.99,-2.083
1999-07-30 01:00:00,6.432,-2.56,5.469,1.483
1999-07-30 02:00:00,6.661,-2.639,5.543,1.311
1999-07-30 03:00:00,6.73,-2.791,3.486,-4.78
1999-07-30 04:00:00,6.962,-0.693,3.063,-5.929
1999-07-30 05:00:00,7.199,-1.866,5.223,-3.644
1999-07-30 06:00:00,5.501,1.17,-3.218,-3.64
1999-07-30 07:00:00,6.056,2.003,-4.738,-1.648
1999-07-30 08:00:00,5.783,1.786,-4.66,-0.418
1999-07-30 09:00:00,5.914,-2.083,1.327,-1.691
1999-07-30 10:00:00,13.12,-8.365,6.475,-5.956
1999-07-30 11:00:00,16.729,-5.668,-1.636,-6.609
1999-07-30 12:00:00,19.044,11.192,-15.065,-0.183
1999-07-30 13:00:00,13.624,9.756,-6.719,2.36
1999-07-30 14:00:00,19.433,5.014,-17.163,-2.423
1999-07-30 15:00:00,18.893,11.601,-12.278,4.638
1999-07-30 16:00:00,19.563,6.693,-17.602,1.804
1999-07-30 17:00:00,15.208,-1.839,-7.078,-2.171
1999-07-30 18:00:00,15.05,-2.272,-7.301,-1.405
1999-07-30 19:00:00,19.03,-7.481,-2.316,-8.872
1999-07-30 20:00:00,15.208,7.14,3.592,0.608
1999-07-30 21:00:00,10.221,7.355,5.728,2.868
1999-07-30 22:00:00,7.604,3.991,4.16,1.989
1999-07-30 23:00:00,6.426,1.724,1.455,1.412
1999-07-31 00:00:00,5.495,-0.483,-0.509,-3.166
1999-07-31 01:00:00,5.75,-1.89,-1.809,-4.046
1999-07-31 02:00:00,7.886,2.996,-3.671,-6.072
1999-07-31 03:00:00,8.101,3.943,-2.454,-5.487
1999-07-31 04:00:00,6.934,-1.419,1.891,3.38
1999-07-31 05:00:00,7.793,3.642,-1.729,5.343
1999-07-31 06:00:00,9.619,4.614,-0.396,7.352
1999-07-31 07:00:00,9.664,6.062,-2.03,6.54
1999-07-31 08:00:00,9.625,6.531,-3.082,5.556
1999-07-31 09:00:00,9.563,7.141,-4.509,4.407
1999-07-31 10:00:00,8.889,6.829,-4.17,3.64
1999-07-31 11:00:00,8.399,6.258,-3.041,4.401
1999-07-31 12:00:00,8.546,6.778,-3.389,3.426
1999-07-31 13:00:00,8.649,5.77,-4.398,3.437
1999-07-31 14:00:00,8.412,5.548,-3.102,5.307
1999-07-31 15:00:00,7.878,4.76,-5.065,-0.638
1999-07-31 16:00:00,6.707,3.888,-5.234,0.242
1999-07-31 17:00:00,6.312,2.43,-4.214,-1.688
1999-07-31 18:00:00,5.709,3.324,-4.029,1.857
1999-07-31 19:00:00,6.748,-0.46,-5.564,-2.206
1999-07-31 20:00:00,6.553,-1.13,-0.525,-5.906
1999-07-31 21:00:00,6.796,0.299,2.277,-5.659
1999-07-31 22:00:00,6.258,-0.904,4.27,-3.976
1999-07-31 23:00:00,5.341,-0.482,5.195,-0.151
1999-08-01 00:00:00,2.663,1.565,0.457,0.891
1999-08-01 01:00:00,3.788,1.233,2.093,-0.108
1999-08-01 02:00:00,3.148,0.608,2.896,-0.714
1999-08-01 03:00:00,4.592,2.545,3.161,-0.096
1999-08-01 04:00:00,5.484,5.034,1.503,1.445
1999-08-01 05:00:00,5.496,5.027,1.571,1.266
1999-08-01 06:00:00,5.874,4.836,2.936,0.511
1999-08-01 07:00:00,6.011,5.488,1.69,1.429
1999-08-01 08:00:00,6.483,5.92,0.503,2.474
1999-08-01 09:00:00,6.222,5.376,-0.604,3.028
1999-08-01 10:00:00,5.838,5.315,0.759,1.986
1999-08-01 11:00:00,6.071,5.775,-0.148,1.815
1999-08-01 12:00:00,5.895,5.374,-0.994,2.155
1999-08-01 13:00:00,5.72,4.984,-0.607,2.689
1999-08-01 14:00:00,5.64,4.704,-1.468,2.704
1999-08-01 15:00:00,5.5,4.407,-1.849,2.696
1999-08-01 16:00:00,5.459,4.395,-1.98,2.536
1999-08-01 17:00:00,5.345,4.694,-1.305,2.157
1999-08-01 18:00:00,5.354,4.824,-0.892,2.08
1999-08-01 19:00:00,5.414,5.144,-0.481,1.539
1999-08-01 20:00:00,5.36,5.072,-0.482,1.181
1999-08-01 21:00:00,5.32,5.203,-0.228,0.45
1999-08-01 22:00:00,5.18,5.087,-0.496,-0.393
1999-08-01 23:00:00,4.893,4.843,-0.042,-0.496
1999-08-02 00:00:00,4.55,4.313,0.38,-1.067
1999-08-02 01:00:00,4.623,3.943,0.113,-2.344
1999-08-02 02:00:00,4.469,3.742,0.408,-2.368
1999-08-02 03:00:00,4.239,3.126,-0.152,-2.717
1999-08-02 04:00:00,3.726,2.767,-0.947,-2.217
1999-08-02 05:00:00,3.944,2.859,-1.312,-2.164
1999-08-02 06:00:00,4.086,3.205,-2.447,-0.386
1999-08-02 07:00:00,3.963,3.067,-2.021,-1.345
1999-08-02 08:00:00,3.912,3.041,-1.959,-1.336
1999-08-02 09:00:00,3.799,2.962,-2.091,-0.876
1999-08-02 10:00:00,3.753,2.075,-2.127,-1.967
1999-08-02 11:00:00,4.152,1.497,-3.077,-1.92
1999-08-02 12:00:00,4.202,1.639,-3.26,-1.025
1999-08-02 13:00:00,4.014,1.709,-2.932,-1.444
1999-08-02 14:00:00,4.132,2.514,-2.074,-2.236
1999-08-02 15:00:00,3.981,2.295,-1.178,-2.848
1999-08-02 16:00:00,3.549,1.874,-0.547,-2.655
1999-08-02 17:00:00,3.211,1.826,0.742,-2.065
1999-08-02 18:00:00,2.472,2.039,0.098,-0.768
1999-08-02 19:00:00,3.124,2.429,-0.874,-1.596
1999-08-02 20:00:00,3.174,1.853,-0.703,-2.432
1999-08-02 21:00:00,3.291,1.899,-0.692,-2.567
1999-08-02 22:00:00,3.13,1.967,-0.652,-2.319
1999-08-02 23:00:00,2.895,2.014,-0.725,-1.931
1999-08-03 00:00:00,2.553,1.489,-0.676,-1.92
1999-08-03 01:00:00,3.323,1.748,-1.035,-2.383
1999-08-03 02:00:00,3.203,1.722,-0.775,-2.116
1999-08-03 03:00:00,3.06,2.511,0.831,-1.092
1999-08-03 04:00:00,2.948,2.374,0.506,-1.488
1999-08-03 05:00:00,2.897,2.152,1.138,-1.424
1999-08-03 06:00:00,2.981,1.937,-0.468,-2.14
1999-08-03 07:00:00,2.829,2.024,0.394,-1.832
1999-08-03 08:00:00,2.917,2.155,0.909,-1.554
1999-08-03 09:00:00,3.396,1.125,3.055,-0.323
1999-08-03 10:00:00,3.56,1.069,3.192,0.938
1999-08-03 11:00:00,3.952,2.629,2.558,1.199
1999-08-03 12:00:00,3.895,2.274,-0.66,2.638
1999-08-03 13:00:00,3.513,2.46,1.101,1.229
1999-08-03 14:00:00,3.444,2.326,-2.209,0.606
1999-08-03 15:00:00,3.486,1.816,-2.729,0.586
1999-08-03 16:00:00,3.088,1.299,-0.097,1.531
1999-08-03 17:00:00,2.966,1.438,0.18,0.395
1999-08-03 18:00:00,3.416,3.28,0.432,0.596
1999-08-03 19:00:00,3.937,3.42,1.165,-0.615
1999-08-03 20:00:00,5.321,2.502,-0.357,3.808
1999-08-03 21:00:00,6.21,2.844,-5.417,-0.626
1999-08-03 22:00:00,6.102,3.142,-5.105,-0.607
1999-08-03 23:00:00,5.952,3.888,-4.106,0.559
1999-08-04 00:00:00,6.103,4.126,-4.313,-0.629
1999-08-04 01:00:00,11.201,5.792,-8.809,-2.937
1999-08-04 02:00:00,13.522,5.424,-11.16,-3.274
1999-08-04 03:00:00,13.109,2.768,-7.092,-0.192
1999-08-04 04:00:00,11.348,4.422,-5.953,-7.555
1999-08-04 05:00:00,11.293,4.875,-9.208,1.285
1999-08-04 06:00:00,9.36,3.424,-7.304,4.525
1999-08-04 07:00:00,8.741,3.327,-5.534,5.142
1999-08-04 08:00:00,6.627,5.628,-3.382,0.417
1999-08-04 09:00:00,6.389,4.291,-4.125,1.729
1999-08-04 10:00:00,5.638,3.113,-3.736,2.72
1999-08-04 11:00:00,5.89,3.842,-2.974,3.162
1999-08-04 12:00:00,5.104,3.971,-2.71,1.286
1999-08-04 13:00:00,4.665,2.672,-0.593,-1.889
1999-08-04 14:00:00,4.855,3.525,-0.659,-2.514
1999-08-04 15:00:00,5.284,4.45,-2.317,0.957
1999-08-04 16:00:00,4.83,4.003,-2.412,0.975
1999-08-04 17:00:00,5.05,4.078,-2.178,1.902
1999-08-04 18:00:00,5.301,4.407,-2.101,2.002
1999-08-04 19:00:00,4.812,4.353,-0.371,1.836
1999-08-04 20:00:00,4.689,3.353,0.396,1.526
1999-08-04 21:00:00,5.185,4.315,-2.384,1.118
1999-08-04 22:00:00,5.633,4.165,-3.496,0.058
1999-08-04 23:00:00,6.419,3.939,-3.921,-2.055
1999-08-05 00:00:00,6.606,2.181,-3.308,-4.692
1999-08-05 01:00:00,5.083,1.746,-3.753,-1.579
1999-08-05 02:00:00,4.673,-1.177,-0.937,2.496
1999-08-05 03:00:00,4.487,-2.383,2.011,1.996
1999-08-05 04:00:00,5.224,-1.9,0.87,3.567
1999-08-05 05:00:00,5.079,-2.531,2.446,3.136
1999-08-05 06:00:00,4.68,-1.152,3.94,1.594
1999-08-05 07:00:00,4.434,-1.392,3.997,-1.06
1999-08-05 08:00:00,4.786,-1.498,3.986,-2.036
1999-08-05 09:00:00,4.951,-1.471,4.309,-1.835
1999-08-05 10:00:00,5.266,-0.396,4.936,-0.989
1999-08-05 11:00:00,5.786,-0.815,5.165,-0.924
1999-08-05 12:00:00,5.164,-2.7,3.572,-1.109
1999-08-05 13:00:00,4.982,-0.562,2.421,2.877
1999-08-05 14:00:00,5.78,-4.84,-0.068,2.078
1999-08-05 15:00:00,5.634,-2.135,-4.63,-0.141
1999-08-05 16:00:00,6.342,-0.055,-6.077,-0.277
1999-08-05 17:00:00,6.24,2.716,-4.885,2.301
1999-08-05 18:00:00,5.827,1.519,-5.009,2.122
1999-08-05 19:00:00,6.102,-0.646,-5.862,0.189
1999-08-05 20:00:00,5.597,-2.137,-4.604,-1.944
1999-08-05 21:00:00,5.754,-0.719,-5.378,0.187
1999-08-05 22:00:00,6.386,1.284,-4.355,4.1
1999-08-05 23:00:00,6.79,0.574,-4.984,4.378
1999-08-06 00:00:00,5.752,-1.973,-4.344,3.133
1999-08-06 01:00:00,6.511,1.553,-1.817,4.992
1999-08-06 02:00:00,6.32,1.83,1.243,5.702
1999-08-06 03:00:00,7.128,-0.431,2.802,6.308
1999-08-06 04:00:00,6.404,-0.318,4.342,4.347
1999-08-06 05:00:00,5.522,-1.99,4.365,1.956
1999-08-06 06:00:00,5.591,-0.739,3.554,1.148
1999-08-06 07:00:00,7.679,-2.294,5.977,0.044
1999-08-06 08:00:00,8.392,-2.245,6.053,-1.228
1999-08-06 09:00:00,9.787,-0.136,4.559,4.631
1999-08-06 10:00:00,12.062,1.28,8.609,7.26
1999-08-06 11:00:00,12.038,0.981,9.011,-0.755
1999-08-06 12:00:00,9.687,0.557,0.573,2.507
1999-08-06 13:00:00,9.293,-2.504,-3.487,-7.443
1999-08-06 14:00:00,12.199,-5.086,3.112,-10.423
1999-08-06 15:00:00,12.0,-5.07,2.796,-10.306
1999-08-06 16:00:00,10.802,-3.462,5.784,-8.056
1999-08-06 17:00:00,8.586,-4.641,5.283,-3.424
1999-08-06 18:00:00,9.896,-4.324,6.666,-5.621
1999-08-06 19:00:00,9.682,-3.047,7.159,-4.402
1999-08-06 20:00:00,9.48,-4.116,7.724,-2.991
1999-08-06 21:00:00,9.601,-3.225,8.045,-3.117
1999-08-06 22:00:00,9.636,-3.366,7.742,-2.547
1999-08-06 23:00:00,9.497,-3.933,6.599,-3.814
1999-08-07 00:00:00,9.302,-3.245,7.259,-3.383
1999-08-07 01:00:00,9.055,0.089,8.682,-1.29
1999-08-07 02:00:00,9.173,-1.923,8.389,-1.74
1999-08-07 03:00:00,8.784,-1.765,7.879,-1.777
1999-08-07 04:00:00,8.106,-3.001,6.852,1.584
1999-08-07 05:00:00,8.051,-2.313,6.203,3.501
1999-08-07 06:00:00,8.083,-2.39,7.461,-0.025
1999-08-07 07:00:00,7.761,-3.288,6.801,-0.221
1999-08-07 08:00:00,7.724,0.307,7.263,-0.868
1999-08-07 09:00:00,7.354,-4.306,3.962,-2.929
1999-08-07 10:00:00,7.061,-4.885,3.363,-2.964
1999-08-07 11:00:00,7.028,-5.085,4.001,-1.647
1999-08-07 12:00:00,7.159,-1.955,6.468,-0.117
1999-08-07 13:00:00,7.202,-4.484,4.608,-0.946
1999-08-07 14:00:00,7.489,-5.405,4.933,0.607
1999-08-07 15:00:00,7.416,-4.724,5.291,-1.152
1999-08-07 16:00:00,7.043,-3.599,3.403,-3.935
1999-08-07 17:00:00,6.691,-2.953,3.076,-3.774
1999-08-07 18:00:00,6.655,-2.689,5.332,-1.668
1999-08-07 19:00:00,6.035,-2.029,4.646,-1.771
1999-08-07 20:00:00,6.151,-2.974,3.375,-3.528
1999-08-07 21:00:00,6.122,-2.116,4.352,-3.07
1999-08-07 22:00:00,5.435,-0.616,3.19,-0.626
1999-08-07 23:00:00,5.431,-1.049,4.826,-0.29
1999-08-08 00:00:00,5.487,-2.548,4.157,0.245
1999-08-08 01:00:00,5.331,-2.765,2.841,0.526
1999-08-08 02:00:00,5.271,-3.712,1.841,2.828
1999-08-08 03:00:00,5.493,-4.38,1.96,2.435
1999-08-08 04:00:00,5.408,-4.405,2.781,1.169
1999-08-08 05:00:00,5.366,-4.772,1.6,1.196
1999-08-08 06:00:00,5.537,-3.276,3.855,-1.668
1999-08-08 07:00:00,5.567,-3.804,3.15,-2.338
1999-08-08 08:00:00,5.542,-2.887,3.339,-3.096
1999-08-08 09:00:00,5.429,-4.101,0.34,-3.108
1999-08-08 10:00:00,5.515,-3.594,1.815,-3.457
1999-08-08 11:00:00,5.593,-4.791,-0.234,-2.5
1999-08-08 12:00:00,5.574,-4.908,-0.861,-2.325
1999-08-08 13:00:00,5.678,-3.739,1.3,-2.899
1999-08-08 14:00:00,5.58,-2.406,2.841,-4.067
1999-08-08 15:00:00,5.45,-2.723,1.819,-4.309
1999-08-08 16:00:00,5.391,-3.008,1.176,-4.033
1999-08-08 17:00:00,5.739,-2.988,1.877,-4.338
1999-08-08 18:00:00,7.372,-2.711,2.918,-5.851
1999-08-08 19:00:00,7.444,-2.106,2.908,-5.642
1999-08-08 20:00:00,7.451,-0.419,3.465,-6.487
1999-08-08 21:00:00,7.642,-1.478,3.815,-6.258
1999-08-08 22:00:00,8.153,-0.84,0.167,-8.018
1999-08-08 23:00:00,8.529,0.553,4.009,-7.386
1999-08-09 00:00:00,8.226,1.395,6.014,-5.059
1999-08-09 01:00:00,7.991,2.312,7.121,-1.137
1999-08-09 02:00:00,9.204,3.564,8.11,-1.479
1999-08-09 03:00:00,9.117,1.766,7.675,-2.271
1999-08-09 04:00:00,8.536,-0.581,0.92,-8.087
1999-08-09 05:00:00,8.388,-0.351,-3.04,-6.699
1999-08-09 06:00:00,7.656,-1.259,-1.828,-6.947
1999-08-09 07:00:00,7.572,-1.276,-1.829,-6.648
1999-08-09 08:00:00,7.532,-1.328,-1.083,-7.029
1999-08-09 09:00:00,8.055,-0.819,0.223,-6.234
1999-08-09 10:00:00,9.516,0.241,7.55,-5.747
1999-08-09 11:00:00,9.299,-0.34,8.671,-3.286
1999-08-09 12:00:00,9.449,-0.669,8.979,-2.811
1999-08-09 13:00:00,9.684,-0.445,9.419,-2.096
1999-08-09 14:00:00,9.201,-0.916,9.018,0.232
1999-08-09 15:00:00,9.003,-0.932,8.659,1.878
1999-08-09 16:00:00,9.094,-0.681,7.701,4.542
1999-08-09 17:00:00,9.53,-1.229,6.026,7.111
1999-08-09 18:00:00,9.014,-1.729,5.487,6.753
1999-08-09 19:00:00,8.776,-2.239,5.764,6.061
1999-08-09 20:00:00,8.476,-3.426,3.922,6.396
1999-08-09 21:00:00,8.956,-4.768,3.343,6.768
1999-08-09 22:00:00,9.021,-5.878,2.778,6.211
1999-08-09 23:00:00,8.918,-5.866,2.492,6.164
1999-08-10 00:00:00,8.591,-5.035,2.382,6.467
1999-08-10 01:00:00,8.885,-4.377,2.508,7.243
1999-08-10 02:00:00,9.813,-5.248,2.369,7.814
1999-08-10 03:00:00,10.361,-5.711,1.558,8.318
1999-08-10 04:00:00,11.008,-6.031,2.984,8.49
1999-08-10 05:00:00,11.159,-6.632,1.99,8.511
1999-08-10 06:00:00,11.365,-6.634,3.556,8.399
1999-08-10 07:00:00,11.616,-7.302,1.506,8.849
1999-08-10 08:00:00,11.675,-7.228,0.61,9.105
1999-08-10 09:00:00,10.888,-5.961,-0.179,8.432
1999-08-10 10:00:00,10.635,-5.092,4.931,7.683
1999-08-10 11:00:00,11.434,-6.509,-2.814,7.817
1999-08-10 12:00:00,11.35,-6.85,-6.726,5.908
1999-08-10 13:00:00,11.589,-6.605,-8.049,5.052
1999-08-10 14:00:00,12.24,-6.33,-9.575,4.107
1999-08-10 15:00:00,12.556,-5.849,-4.862,8.822
1999-08-10 16:00:00,12.758,-6.283,-6.118,9.207
1999-08-10 17:00:00,11.741,-3.123,-3.418,4.641
1999-08-10 18:00:00,7.722,4.342,3.317,-4.267
1999-08-10 19:00:00,10.674,-2.681,-6.115,2.485
1999-08-10 20:00:00,9.108,-2.908,-5.819,1.766
1999-08-10 21:00:00,9.031,1.379,-7.062,2.04
1999-08-10 22:00:00,10.726,6.424,-4.06,-2.981
1999-08-10 23:00:00,9.328,6.672,-2.084,-4.964
1999-08-11 00:00:00,10.731,6.057,-5.735,-5.895
1999-08-11 01:00:00,12.33,9.075,-6.952,-0.195
1999-08-11 02:00:00,10.477,7.692,-2.814,5.578
1999-08-11 03:00:00,9.996,3.387,-1.007,1.514
1999-08-11 04:00:00,10.82,-2.638,-9.869,3.282
1999-08-11 05:00:00,8.449,-1.155,-6.885,2.242
1999-08-11 06:00:00,9.566,-1.28,-6.933,5.336
1999-08-11 07:00:00,8.978,1.612,-3.319,7.654
1999-08-11 08:00:00,7.786,-1.793,-5.383,0.926
1999-08-11 09:00:00,9.188,-2.2,-7.737,2.914
1999-08-11 10:00:00,9.116,-2.568,-6.843,3.675
1999-08-11 11:00:00,8.356,-1.626,-4.772,4.611
1999-08-11 12:00:00,8.258,2.43,-1.905,5.54
1999-08-11 13:00:00,9.83,1.001,-6.239,5.32
1999-08-11 14:00:00,9.389,0.297,-8.219,3.015
1999-08-11 15:00:00,9.922,-1.327,-8.433,3.577
1999-08-11 16:00:00,10.095,1.768,-8.242,3.824
1999-08-11 17:00:00,9.879,1.695,-6.894,-1.484
1999-08-11 18:00:00,10.819,-1.444,-6.357,7.481
1999-08-11 19:00:00,10.71,0.084,-9.167,4.838
1999-08-11 20:00:00,9.659,1.316,-7.989,4.705
1999-08-11 21:00:00,8.636,3.282,-7.29,0.448
1999-08-11 22:00:00,8.812,0.74,-6.774,4.919
1999-08-11 23:00:00,6.27,0.757,-5.431,2.008
1999-08-12 00:00:00,7.767,3.534,-6.383,2.484
1999-08-12 01:00:00,8.045,3.55,-6.985,1.366
1999-08-12 02:00:00,6.5,2.387,-5.477,2.284
1999-08-12 03:00:00,6.211,0.558,-2.477,4.506
1999-08-12 04:00:00,4.305,1.596,1.001,-3.334
1999-08-12 05:00:00,5.827,1.312,2.741,-4.298
1999-08-12 06:00:00,6.357,-0.007,3.757,-4.642
1999-08-12 07:00:00,7.02,-1.453,5.808,-3.382
1999-08-12 08:00:00,6.642,-2.283,5.261,-2.901
1999-08-12 09:00:00,6.471,-4.022,4.76,0.839
1999-08-12 10:00:00,6.976,-2.161,4.491,3.887
1999-08-12 11:00:00,5.432,-1.454,1.964,-1.038
1999-08-12 12:00:00,2.856,0.879,-1.102,2.342
1999-08-12 13:00:00,3.471,0.893,-0.812,3.155
1999-08-12 14:00:00,3.912,1.229,-1.536,3.03
1999-08-12 15:00:00,3.213,-2.379,-0.101,1.748
1999-08-12 16:00:00,4.02,-2.72,2.528,1.017
1999-08-12 17:00:00,1.885,-0.47,-0.163,-0.507
1999-08-12 18:00:00,2.815,0.799,-1.962,-0.742
1999-08-12 19:00:00,5.636,3.08,-3.488,2.412
1999-08-12 20:00:00,5.223,3.011,-1.381,3.58
1999-08-12 21:00:00,6.634,-1.168,-5.233,-3.191
1999-08-12 22:00:00,6.976,-1.969,-5.359,-3.947
1999-08-12 23:00:00,7.244,-2.317,-5.379,-4.226
1999-08-13 00:00:00,6.898,-2.234,-5.474,-3.448
1999-08-13 01:00:00,6.319,-2.344,-5.012,-3.013
1999-08-13 02:00:00,6.329,-2.96,-4.823,-2.803
1999-08-13 03:00:00,6.387,-3.104,-4.629,-3.087
1999-08-13 04:00:00,6.423,-3.628,-3.988,-3.363
1999-08-13 05:00:00,5.7,-2.765,-4.22,-2.075
1999-08-13 06:00:00,3.857,-2.167,-2.281,-0.977
1999-08-13 07:00:00,5.643,-3.226,-3.834,-2.434
1999-08-13 08:00:00,6.169,-3.624,-4.016,-2.862
1999-08-13 09:00:00,6.089,-3.44,-4.692,-1.681
1999-08-13 10:00:00,3.52,-0.831,-3.274,0.006
1999-08-13 11:00:00,3.823,-0.938,-3.603,-0.649
1999-08-13 12:00:00,4.266,-0.308,-4.172,-0.543
1999-08-13 13:00:00,3.988,-0.573,-3.91,-0.347
1999-08-13 14:00:00,4.429,0.355,-4.357,-0.5
1999-08-13 15:00:00,4.456,-0.503,-4.382,-0.526
1999-08-13 16:00:00,4.342,-0.981,-4.092,-0.953
1999-08-13 17:00:00,4.565,-1.361,-4.167,-1.241
1999-08-13 18:00:00,4.808,-2.216,-4.054,-1.211
1999-08-13 19:00:00,5.323,-3.309,-3.951,-1.184
1999-08-13 20:00:00,5.682,-3.524,-4.163,-1.458
1999-08-13 21:00:00,5.171,-3.167,-3.764,-1.372
1999-08-13 22:00:00,4.054,-1.968,-2.859,-1.045
1999-08-13 23:00:00,3.412,-1.362,-1.223,-0.161
1999-08-14 00:00:00,2.733,-0.236,-1.831,-1.025
1999-08-14 01:00:00,2.854,1.655,-0.898,-0.861
1999-08-14 02:00:00,3.57,-0.549,-1.18,-0.312
1999-08-14 03:00:00,3.458,2.329,-1.161,-0.458
1999-08-14 04:00:00,3.15,2.555,-0.242,-0.672
1999-08-14 05:00:00,4.284,4.043,1.313,0.281
1999-08-14 06:00:00,3.977,3.636,0.756,0.238
1999-08-14 07:00:00,3.626,-0.789,0.952,-3.091
1999-08-14 08:00:00,3.983,1.113,2.309,-2.686
1999-08-14 09:00:00,3.79,3.249,1.652,-0.574
1999-08-14 10:00:00,3.557,2.682,1.863,-1.244
1999-08-14 11:00:00,3.897,1.982,2.947,-0.927
1999-08-14 12:00:00,4.386,3.068,1.628,2.143
1999-08-14 13:00:00,3.422,0.172,-0.811,3.177
1999-08-14 14:00:00,4.069,1.01,-3.107,1.439
1999-08-14 15:00:00,5.426,2.712,-2.021,3.886
1999-08-14 16:00:00,6.412,1.034,-5.341,2.492
1999-08-14 17:00:00,6.133,1.907,-2.929,4.403
1999-08-14 18:00:00,5.314,1.761,-1.538,4.044
1999-08-14 19:00:00,6.618,3.92,-1.967,4.724
1999-08-14 20:00:00,6.841,2.063,-5.184,3.605
1999-08-14 21:00:00,6.738,-0.753,-5.952,2.456
1999-08-14 22:00:00,7.093,0.674,-5.237,4.273
1999-08-14 23:00:00,7.431,2.161,-5.02,4.99
1999-08-15 00:00:00,7.279,2.178,-5.584,3.889
1999-08-15 01:00:00,7.269,0.882,-6.924,1.857
1999-08-15 02:00:00,7.158,0.925,-7.048,0.715
1999-08-15 03:00:00,6.175,0.074,-5.959,-0.246
1999-08-15 04:00:00,4.649,-0.269,-3.983,-1.452
1999-08-15 05:00:00,4.124,-0.708,-2.93,-2.6
1999-08-15 06:00:00,4.235,-1.066,-1.836,-3.554
1999-08-15 07:00:00,4.447,-0.419,-3.127,-3.004
1999-08-15 08:00:00,5.01,-1.936,-3.759,-2.226
1999-08-15 09:00:00,6.162,-0.976,-5.108,0.656
1999-08-15 10:00:00,12.928,-1.006,-8.458,1.816
1999-08-15 11:00:00,13.687,2.085,-12.563,0.989
1999-08-15 12:00:00,13.475,1.254,-12.489,0.448
1999-08-15 13:00:00,15.51,1.814,-14.629,4.051
1999-08-15 14:00:00,16.658,0.815,-14.085,7.856
1999-08-15 15:00:00,13.04,2.301,0.359,-6.983
1999-08-15 16:00:00,11.331,0.746,0.684,0.32
1999-08-15 17:00:00,16.615,-1.177,-9.174,6.3
1999-08-15 18:00:00,18.18,-3.783,-9.693,13.888
1999-08-15 19:00:00,12.897,-2.786,-1.515,12.304
1999-08-15 20:00:00,11.728,-5.049,4.596,7.578
1999-08-15 21:00:00,13.647,-8.713,7.779,4.678
1999-08-15 22:00:00,16.866,-6.499,11.343,2.976
1999-08-15 23:00:00,13.837,-5.819,3.973,11.01
1999-08-16 00:00:00,13.409,-3.96,-0.743,12.593
1999-08-16 01:00:00,13.825,-4.408,1.462,12.372
1999-08-16 02:00:00,17.315,-7.281,8.411,12.159
1999-08-16 03:00:00,18.227,-5.041,9.258,14.71
1999-08-16 04:00:00,14.749,-5.647,8.333,9.646
1999-08-16 05:00:00,13.462,-11.29,5.678,-2.126
1999-08-16 06:00:00,13.061,-8.767,8.115,-2.521
1999-08-16 07:00:00,14.87,-8.14,9.604,-4.995
1999-08-16 08:00:00,12.811,-8.866,4.984,-2.654
1999-08-16 09:00:00,11.835,-8.233,3.769,-4.273
1999-08-16 10:00:00,11.77,-7.304,0.952,-7.874
1999-08-16 11:00:00,12.052,-7.766,2.691,-7.756
1999-08-16 12:00:00,12.057,-7.772,6.509,-3.254
1999-08-16 13:00:00,12.136,-7.198,6.328,-0.041
1999-08-16 14:00:00,11.277,-9.126,3.36,-2.734
1999-08-16 15:00:00,11.549,-9.38,4.792,-0.433
1999-08-16 16:00:00,12.465,-9.176,2.677,-6.35
1999-08-16 17:00:00,12.047,-8.492,4.918,-1.179
1999-08-16 18:00:00,9.456,-8.216,2.194,-0.742
1999-08-16 19:00:00,9.226,-3.745,4.805,0.314
1999-08-16 20:00:00,9.181,-6.043,3.057,3.35
1999-08-16 21:00:00,8.852,-4.465,1.35,5.37
1999-08-16 22:00:00,8.539,-6.614,3.577,1.309
1999-08-16 23:00:00,8.63,-4.974,4.698,0.91
1999-08-17 00:00:00,9.46,-4.548,4.868,-0.788
1999-08-17 01:00:00,7.858,-4.214,3.451,-3.545
1999-08-17 02:00:00,7.059,-5.991,2.882,-0.759
1999-08-17 03:00:00,7.027,-6.5,-0.731,1.835
1999-08-17 04:00:00,6.514,-0.673,-3.284,4.328
1999-08-17 05:00:00,6.598,-2.909,3.479,0.456
1999-08-17 06:00:00,6.932,-3.524,3.644,-4.002
1999-08-17 07:00:00,6.79,-3.274,3.305,1.33
1999-08-17 08:00:00,6.864,-1.405,5.698,-0.383
1999-08-17 09:00:00,7.214,-5.927,1.761,2.684
1999-08-17 10:00:00,6.929,-5.276,1.931,-3.037
1999-08-17 11:00:00,6.666,-1.737,3.701,-3.413
1999-08-17 12:00:00,6.78,-2.005,2.419,-5.564
1999-08-17 13:00:00,6.358,-2.966,4.01,-1.244
1999-08-17 14:00:00,6.508,-3.118,3.138,-3.221
1999-08-17 15:00:00,7.097,-4.824,3.776,-0.122
1999-08-17 16:00:00,7.718,-4.966,3.925,-1.396
1999-08-17 17:00:00,8.04,-4.259,5.251,-2.966
1999-08-17 18:00:00,7.962,-5.437,3.105,1.459
1999-08-17 19:00:00,7.756,-5.232,2.396,3.133
1999-08-17 20:00:00,7.666,-6.464,2.878,1.052
1999-08-17 21:00:00,7.853,-5.226,4.639,-1.467
1999-08-17 22:00:00,8.286,-4.35,4.954,-4.141
1999-08-17 23:00:00,8.425,-4.455,6.045,-3.037
1999-08-18 00:00:00,8.26,-5.286,5.25,-0.98
1999-08-18 01:00:00,9.169,-3.915,5.421,-5.746
1999-08-18 02:00:00,9.38,-5.413,6.271,-3.634
1999-08-18 03:00:00,7.94,-6.407,2.679,-1.802
1999-08-18 04:00:00,7.834,-5.099,3.225,-2.611
1999-08-18 05:00:00,8.088,-5.592,4.629,0.148
1999-08-18 06:00:00,7.961,-4.181,4.183,-2.924
1999-08-18 07:00:00,8.001,-5.623,5.023,-1.656
1999-08-18 08:00:00,8.111,-5.097,5.069,-2.325
1999-08-18 09:00:00,8.12,-3.616,6.168,-1.114
1999-08-18 10:00:00,7.608,-3.453,3.54,-1.662
1999-08-18 11:00:00,7.662,-1.807,5.649,-3.441
1999-08-18 12:00:00,7.711,-1.01,5.545,-4.009
1999-08-18 13:00:00,7.922,-3.386,5.204,-2.161
1999-08-18 14:00:00,8.407,-3.012,7.354,-0.997
1999-08-18 15:00:00,8.076,-4.837,4.361,-2.298
1999-08-18 16:00:00,7.395,-3.795,4.336,-1.906
1999-08-18 17:00:00,7.809,-4.682,5.096,0.879
1999-08-18 18:00:00,7.852,-4.43,5.675,-1.461
1999-08-18 19:00:00,7.907,-4.704,5.731,-1.053
1999-08-18 20:00:00,7.826,-4.852,4.851,-1.892
1999-08-18 21:00:00,7.811,-3.642,5.379,-1.58
1999-08-18 22:00:00,7.23,-3.054,4.675,0.868
1999-08-18 23:00:00,6.787,-2.769,3.583,-1.818
1999-08-19 00:00:00,6.981,-3.364,4.749,-1.559
1999-08-19 01:00:00,6.836,-1.021,5.275,-1.221
1999-08-19 02:00:00,6.615,-2.04,4.406,1.032
1999-08-19 03:00:00,6.724,-2.18,4.511,0.921
1999-08-19 04:00:00,6.728,-1.292,5.327,-1.425
1999-08-19 05:00:00,6.627,-2.787,4.914,-1.332
1999-08-19 06:00:00,6.888,-3.646,3.769,-2.043
1999-08-19 07:00:00,6.761,-3.486,3.713,-2.671
1999-08-19 08:00:00,6.615,-4.318,3.702,-2.055
1999-08-19 09:00:00,6.35,-3.31,2.824,-2.928
1999-08-19 10:00:00,6.788,-2.313,3.258,1.087
1999-08-19 11:00:00,8.172,-1.979,5.458,2.404
1999-08-19 12:00:00,8.807,-3.778,4.461,-1.11
1999-08-19 13:00:00,8.501,-2.447,5.915,0.695
1999-08-19 14:00:00,7.997,-3.964,5.791,-1.421
1999-08-19 15:00:00,7.685,-3.64,5.679,-1.88
1999-08-19 16:00:00,7.713,-3.474,6.258,1.463
1999-08-19 17:00:00,7.516,-2.062,5.783,1.911
1999-08-19 18:00:00,6.806,-1.237,5.49,0.876
1999-08-19 19:00:00,6.549,-0.402,4.145,0.365
1999-08-19 20:00:00,6.512,0.783,3.957,3.487
1999-08-19 21:00:00,6.255,2.13,4.224,-1.072
1999-08-19 22:00:00,6.771,-1.636,4.804,0.459
1999-08-19 23:00:00,7.108,-3.071,5.627,1.295
1999-08-20 00:00:00,6.81,-2.194,4.246,2.47
1999-08-20 01:00:00,6.879,-5.123,2.375,-1.024
1999-08-20 02:00:00,7.325,-0.787,-0.636,-7.034
1999-08-20 03:00:00,6.931,-3.999,-0.075,-4.417
1999-08-20 04:00:00,6.091,-4.613,1.6,-0.908
1999-08-20 05:00:00,5.829,-4.404,0.243,-3.128
1999-08-20 06:00:00,6.116,-3.518,-0.729,-4.057
1999-08-20 07:00:00,6.133,-5.217,-0.906,-2.059
1999-08-20 08:00:00,6.113,-4.855,1.5,-1.249
1999-08-20 09:00:00,6.421,0.02,-0.261,-6.061
1999-08-20 10:00:00,6.65,0.316,-2.624,-5.553
1999-08-20 11:00:00,5.246,-2.026,-0.576,-3.326
1999-08-20 12:00:00,5.16,-3.036,-0.104,-1.481
1999-08-20 13:00:00,5.191,-2.675,-1.539,-3.565
1999-08-20 14:00:00,5.143,-2.24,-2.434,-2.921
1999-08-20 15:00:00,5.114,-3.239,-2.307,1.638
1999-08-20 16:00:00,4.929,-2.921,-1.491,-0.201
1999-08-20 17:00:00,4.54,-2.332,-2.398,-1.965
1999-08-20 18:00:00,4.88,0.102,-4.104,-1.981
1999-08-20 19:00:00,4.821,-4.038,-1.75,-0.939
1999-08-20 20:00:00,5.933,-3.529,-2.211,-2.302
1999-08-20 21:00:00,5.732,-4.143,0.717,-3.374
1999-08-20 22:00:00,5.467,-4.233,-1.186,-2.253
1999-08-20 23:00:00,5.471,-5.054,1.385,1.01
1999-08-21 00:00:00,5.45,-4.954,1.955,0.744
1999-08-21 01:00:00,5.679,-5.333,1.508,0.919
1999-08-21 02:00:00,5.606,-5.267,1.689,-0.567
1999-08-21 03:00:00,5.211,-4.733,-0.668,-0.055
1999-08-21 04:00:00,5.18,-4.992,-0.972,0.495
1999-08-21 05:00:00,5.464,-5.339,0.473,-0.573
1999-08-21 06:00:00,5.471,-5.282,0.599,-1.158
1999-08-21 07:00:00,5.417,-4.9,2.013,-0.299
1999-08-21 08:00:00,5.343,-4.79,1.561,-1.096
1999-08-21 09:00:00,5.379,-5.065,0.707,-1.406
1999-08-21 10:00:00,5.262,-4.896,0.668,-1.001
1999-08-21 11:00:00,5.307,-5.017,0.632,-0.569
1999-08-21 12:00:00,5.312,-4.582,0.185,-2.469
1999-08-21 13:00:00,5.476,-5.183,1.482,-0.851
1999-08-21 14:00:00,5.64,-5.338,1.444,-1.014
1999-08-21 15:00:00,5.709,-4.725,2.979,-0.111
1999-08-21 16:00:00,5.703,-4.296,3.562,0.766
1999-08-21 17:00:00,5.673,-4.168,3.491,0.89
1999-08-21 18:00:00,5.665,-5.076,2.08,-0.287
1999-08-21 19:00:00,5.581,-4.87,2.632,0.266
1999-08-21 20:00:00,5.497,-5.079,1.643,0.834
1999-08-21 21:00:00,5.436,-5.215,1.429,0.393
1999-08-21 22:00:00,5.346,-5.221,0.989,-0.098
1999-08-21 23:00:00,5.227,-4.642,2.325,0.006
1999-08-22 00:00:00,5.092,-4.484,2.344,-0.019
1999-08-22 01:00:00,4.99,-4.365,2.337,0.239
1999-08-22 02:00:00,4.848,-4.23,2.302,0.272
1999-08-22 03:00:00,4.642,-3.805,2.144,-0.833
1999-08-22 04:00:00,4.561,-3.206,2.235,-2.323
1999-08-22 05:00:00,4.664,-3.248,2.674,-1.977
1999-08-22 06:00:00,5.057,-2.798,3.161,-2.472
1999-08-22 07:00:00,4.972,-3.37,2.842,-2.058
1999-08-22 08:00:00,4.916,-3.823,2.739,-1.346
1999-08-22 09:00:00,4.903,-3.383,2.845,-2.076
1999-08-22 10:00:00,5.107,-3.188,2.763,-2.843
1999-08-22 11:00:00,5.376,-3.138,2.478,-3.568
1999-08-22 12:00:00,6.404,-3.441,3.364,-4.179
1999-08-22 13:00:00,6.865,-3.322,4.368,-4.058
1999-08-22 14:00:00,7.066,-2.865,4.005,-3.876
1999-08-22 15:00:00,6.913,-0.323,1.599,-6.509
1999-08-22 16:00:00,7.078,0.116,0.547,-6.705
1999-08-22 17:00:00,7.117,-1.861,2.262,-6.335
1999-08-22 18:00:00,7.102,-0.999,0.849,-6.939
1999-08-22 19:00:00,7.24,-1.068,0.362,-7.116
1999-08-22 20:00:00,7.442,-1.767,-0.093,-7.203
1999-08-22 21:00:00,7.517,-1.149,-0.471,-7.391
1999-08-22 22:00:00,7.914,0.009,-1.664,-7.674
1999-08-22 23:00:00,9.623,-0.461,-2.25,-9.292
1999-08-23 00:00:00,9.587,1.018,-2.5,-9.1
1999-08-23 01:00:00,9.472,1.034,-3.848,-8.436
1999-08-23 02:00:00,9.164,1.492,-4.553,-7.784
1999-08-23 03:00:00,9.097,0.97,-4.784,-7.459
1999-08-23 04:00:00,8.545,1.918,-6.779,-4.734
1999-08-23 05:00:00,8.408,2.146,-7.426,-2.959
1999-08-23 06:00:00,8.088,1.555,-6.733,-2.63
1999-08-23 07:00:00,8.834,0.925,-6.948,-5.276
1999-08-23 08:00:00,9.372,0.437,-7.523,-5.471
1999-08-23 09:00:00,8.734,-0.873,-4.209,-6.314
1999-08-23 10:00:00,8.612,-4.935,1.838,-6.76
1999-08-23 11:00:00,10.25,-5.338,1.786,-8.417
1999-08-23 12:00:00,12.21,-5.075,5.443,-9.149
1999-08-23 13:00:00,11.28,-1.602,4.739,-7.769
1999-08-23 14:00:00,11.074,-3.201,6.982,-7.295
1999-08-23 15:00:00,14.588,-3.616,12.958,-5.213
1999-08-23 16:00:00,15.157,-4.19,13.737,-3.569
1999-08-23 17:00:00,13.453,-5.672,11.089,2.108
1999-08-23 18:00:00,11.559,-6.259,8.509,-0.439
1999-08-23 19:00:00,11.07,-0.091,7.074,-4.282
1999-08-23 20:00:00,10.918,-6.213,7.48,1.921
1999-08-23 21:00:00,9.672,-4.913,7.887,-0.274
1999-08-23 22:00:00,9.217,-4.883,6.106,-1.192
1999-08-23 23:00:00,9.551,-3.541,6.952,-4.433
1999-08-24 00:00:00,10.037,-3.775,5.651,-5.654
1999-08-24 01:00:00,10.019,-3.461,5.134,-6.187
1999-08-24 02:00:00,9.941,-6.474,6.809,-2.093
1999-08-24 03:00:00,10.088,-5.773,7.858,0.363
1999-08-24 04:00:00,10.196,-6.846,6.291,0.914
1999-08-24 05:00:00,9.792,-3.225,8.149,3.134
1999-08-24 06:00:00,10.101,-5.425,7.486,-0.346
1999-08-24 07:00:00,10.5,-1.781,-1.172,-9.364
1999-08-24 08:00:00,9.375,1.291,-6.968,-3.327
1999-08-24 09:00:00,10.144,-4.81,-3.426,-2.956
1999-08-24 10:00:00,12.201,-7.393,3.732,-5.936
1999-08-24 11:00:00,12.325,-3.605,4.217,-5.911
1999-08-24 12:00:00,10.944,-5.575,7.194,0.566
1999-08-24 13:00:00,10.937,-2.785,4.609,1.492
1999-08-24 14:00:00,10.792,-0.476,2.663,9.688
1999-08-24 15:00:00,8.567,4.738,-4.015,4.908
1999-08-24 16:00:00,7.699,4.696,-4.074,3.55
1999-08-24 17:00:00,7.312,5.108,-4.289,0.656
1999-08-24 18:00:00,7.163,4.955,-3.839,0.597
1999-08-24 19:00:00,7.317,5.391,-4.467,0.323
1999-08-24 20:00:00,7.156,6.106,-2.764,-1.564
1999-08-24 21:00:00,7.211,6.008,-1.958,-2.356
1999-08-24 22:00:00,7.459,5.876,-2.363,2.776
1999-08-24 23:00:00,7.877,5.609,-2.116,3.674
1999-08-25 00:00:00,8.255,6.27,-1.028,4.485
1999-08-25 01:00:00,8.158,5.529,-5.004,0.37
1999-08-25 02:00:00,8.324,6.593,-2.916,2.378
1999-08-25 03:00:00,8.406,5.0,4.166,3.678
1999-08-25 04:00:00,8.52,5.398,2.692,5.232
1999-08-25 05:00:00,8.041,5.251,-3.282,4.876
1999-08-25 06:00:00,7.735,3.462,-3.94,4.962
1999-08-25 07:00:00,6.907,3.65,-1.197,3.542
1999-08-25 08:00:00,7.244,1.685,-4.288,4.534
1999-08-25 09:00:00,7.465,0.797,-4.993,4.978
1999-08-25 10:00:00,7.746,-1.095,-6.072,4.513
1999-08-25 11:00:00,7.726,-0.394,-6.598,3.762
1999-08-25 12:00:00,7.259,0.323,-6.078,2.344
1999-08-25 13:00:00,6.984,2.272,-5.467,3.078
1999-08-25 14:00:00,6.773,2.374,-4.226,3.338
1999-08-25 15:00:00,7.132,1.41,-5.484,2.944
1999-08-25 16:00:00,7.285,2.725,-5.45,1.775
1999-08-25 17:00:00,7.062,0.715,-5.769,1.165
1999-08-25 18:00:00,7.064,0.743,-3.423,2.02
1999-08-25 19:00:00,7.207,0.592,-5.812,0.103
1999-08-25 20:00:00,7.645,0.296,-6.555,-1.526
1999-08-25 21:00:00,8.549,-0.367,-5.283,-5.757
1999-08-25 22:00:00,9.02,-1.552,-8.492,-0.882
1999-08-25 23:00:00,8.103,-1.266,-7.608,0.401
1999-08-26 00:00:00,7.787,-0.456,-6.776,1.808
1999-08-26 01:00:00,8.483,0.62,-7.078,2.713
1999-08-26 02:00:00,7.755,2.357,-5.981,-2.445
1999-08-26 03:00:00,7.669,4.359,-5.463,1.394
1999-08-26 04:00:00,6.711,0.983,-3.088,5.59
1999-08-26 05:00:00,7.311,3.456,-4.196,4.735
1999-08-26 06:00:00,7.352,4.166,-4.034,4.252
1999-08-26 07:00:00,7.67,4.99,-4.336,3.441
1999-08-26 08:00:00,7.62,5.386,-3.753,3.512
1999-08-26 09:00:00,7.675,5.424,-3.22,4.235
1999-08-26 10:00:00,7.308,5.511,-1.639,3.85
1999-08-26 11:00:00,7.292,1.605,1.072,-2.775
1999-08-26 12:00:00,6.893,6.515,0.107,-0.553
1999-08-26 13:00:00,7.387,3.999,1.447,-5.495
1999-08-26 14:00:00,7.148,0.805,1.619,-5.931
1999-08-26 15:00:00,7.237,3.342,0.988,-3.016
1999-08-26 16:00:00,8.314,6.483,-4.78,-0.787
1999-08-26 17:00:00,8.583,6.645,-4.858,0.806
1999-08-26 18:00:00,8.269,7.155,-1.773,-2.558
1999-08-26 19:00:00,7.993,6.276,-1.077,-3.645
1999-08-26 20:00:00,8.304,6.286,-3.199,-3.739
1999-08-26 21:00:00,8.063,5.88,-4.037,-2.022
1999-08-26 22:00:00,8.261,4.831,-4.573,1.621
1999-08-26 23:00:00,8.193,4.519,-3.918,2.295
1999-08-27 00:00:00,8.019,4.481,-5.424,0.01
1999-08-27 01:00:00,8.006,5.91,-3.798,-1.293
1999-08-27 02:00:00,7.824,5.902,-2.869,1.698
1999-08-27 03:00:00,7.835,5.068,-3.728,2.458
1999-08-27 04:00:00,7.583,4.639,-3.931,2.9
1999-08-27 05:00:00,7.259,5.67,-2.825,-0.131
1999-08-27 06:00:00,6.965,3.417,-4.565,-0.255
1999-08-27 07:00:00,6.802,4.395,-3.704,3.049
1999-08-27 08:00:00,6.612,4.627,-3.748,1.966
1999-08-27 09:00:00,6.416,5.294,-2.171,1.839
1999-08-27 10:00:00,6.11,4.714,-2.391,2.431
1999-08-27 11:00:00,6.023,3.538,-3.062,0.729
1999-08-27 12:00:00,5.831,1.946,-3.033,3.202
1999-08-27 13:00:00,5.69,3.807,-3.377,-0.642
1999-08-27 14:00:00,5.505,2.092,-2.998,2.979
1999-08-27 15:00:00,5.376,2.472,-2.961,-0.163
1999-08-27 16:00:00,4.655,0.7,-0.405,-0.178
1999-08-27 17:00:00,4.865,2.87,0.333,1.198
1999-08-27 18:00:00,5.098,3.128,-1.762,-2.141
1999-08-27 19:00:00,5.105,3.325,-1.947,-0.42
1999-08-27 20:00:00,4.957,2.447,-1.571,1.764
1999-08-27 21:00:00,4.998,3.496,-2.281,0.248
1999-08-27 22:00:00,5.149,3.612,-2.29,-0.592
1999-08-27 23:00:00,5.157,3.401,-1.722,-2.01
1999-08-28 00:00:00,5.262,3.679,-0.775,-1.753
1999-08-28 01:00:00,5.223,3.231,-2.603,-0.442
1999-08-28 02:00:00,5.071,4.038,-1.206,0.914
1999-08-28 03:00:00,4.995,3.874,1.434,0.548
1999-08-28 04:00:00,5.161,4.415,0.662,-0.989
1999-08-28 05:00:00,5.311,4.213,-0.681,-1.272
1999-08-28 06:00:00,5.318,3.454,1.46,-1.801
1999-08-28 07:00:00,5.224,2.63,3.66,1.317
1999-08-28 08:00:00,5.123,4.001,-0.494,-0.784
1999-08-28 09:00:00,5.205,2.743,0.783,-2.621
1999-08-28 10:00:00,5.05,3.721,-1.501,-0.74
1999-08-28 11:00:00,4.835,3.689,-1.072,-1.039
1999-08-28 12:00:00,4.657,3.533,-1.537,0.609
1999-08-28 13:00:00,4.762,2.282,0.243,-1.119
1999-08-28 14:00:00,4.827,2.997,-2.361,-0.138
1999-08-28 15:00:00,4.843,2.074,-2.491,2.76
1999-08-28 16:00:00,4.862,3.002,-2.321,2.155
1999-08-28 17:00:00,4.806,4.013,-1.53,0.391
1999-08-28 18:00:00,4.754,4.368,-0.548,-1.026
1999-08-28 19:00:00,4.739,2.858,-1.48,-0.466
1999-08-28 20:00:00,4.782,3.018,-2.684,1.597
1999-08-28 21:00:00,4.781,3.324,-2.012,0.27
1999-08-28 22:00:00,4.759,3.051,-2.242,-2.107
1999-08-28 23:00:00,4.812,1.449,-3.987,-0.002
1999-08-29 00:00:00,4.692,3.382,-2.658,-0.846
1999-08-29 01:00:00,4.67,2.263,-2.955,0.851
1999-08-29 02:00:00,4.635,4.07,-0.659,-1.04
1999-08-29 03:00:00,4.702,3.067,-2.04,1.228
1999-08-29 04:00:00,4.706,2.672,-3.172,-0.945
1999-08-29 05:00:00,4.64,2.421,-2.692,0.029
1999-08-29 06:00:00,4.731,3.686,-2.644,0.044
1999-08-29 07:00:00,4.765,4.142,-1.456,-1.39
1999-08-29 08:00:00,4.823,3.8,-2.281,-1.18
1999-08-29 09:00:00,4.826,4.314,-0.778,-1.803
1999-08-29 10:00:00,4.656,4.182,-1.547,-0.386
1999-08-29 11:00:00,4.734,3.584,-1.988,0.776
1999-08-29 12:00:00,4.931,0.709,-2.563,3.52
1999-08-29 13:00:00,4.82,3.661,-2.539,0.253
1999-08-29 14:00:00,4.993,3.277,-2.686,1.685
1999-08-29 15:00:00,5.333,3.86,-2.905,-0.974
1999-08-29 16:00:00,5.554,3.06,-2.739,-2.619
1999-08-29 17:00:00,5.592,3.566,-1.844,-3.441
1999-08-29 18:00:00,5.38,3.72,1.638,-3.402
1999-08-29 19:00:00,4.988,3.69,1.955,-2.336
1999-08-29 20:00:00,5.025,3.64,2.383,-2.179
1999-08-29 21:00:00,4.983,4.033,2.481,-1.367
1999-08-29 22:00:00,4.902,3.879,2.306,0.552
1999-08-29 23:00:00,5.098,3.829,1.465,2.513
1999-08-30 00:00:00,5.146,2.606,-2.792,0.423
1999-08-30 01:00:00,5.097,0.507,-4.499,0.118
1999-08-30 02:00:00,4.968,1.593,-4.127,-2.123
1999-08-30 03:00:00,4.45,-1.42,1.088,1.998
1999-08-30 04:00:00,5.049,-0.368,2.998,3.536
1999-08-30 05:00:00,3.149,0.384,-0.397,2.333
1999-08-30 06:00:00,4.517,2.405,-2.877,-1.035
1999-08-30 07:00:00,5.332,1.825,0.547,-4.82
1999-08-30 08:00:00,5.471,-0.799,3.79,-3.657
1999-08-30 09:00:00,3.232,-0.304,2.524,-1.131
1999-08-30 10:00:00,2.245,0.85,-0.292,-0.516
1999-08-30 11:00:00,3.776,0.634,1.441,-1.364
1999-08-30 12:00:00,6.099,-4.959,3.227,-0.266
1999-08-30 13:00:00,6.531,-3.844,4.402,-2.361
1999-08-30 14:00:00,7.493,-2.87,6.243,-2.822
1999-08-30 15:00:00,7.467,0.654,4.864,-4.509
1999-08-30 16:00:00,7.409,0.6,4.28,-4.463
1999-08-30 17:00:00,7.534,-4.459,5.708,-0.598
1999-08-30 18:00:00,7.156,-4.785,4.792,-0.347
1999-08-30 19:00:00,7.199,-3.78,4.778,-0.693
1999-08-30 20:00:00,7.465,-5.732,1.326,3.814
1999-08-30 21:00:00,7.709,-4.394,5.046,-0.452
1999-08-30 22:00:00,8.057,-3.765,5.862,-1.407
1999-08-30 23:00:00,7.206,-2.502,-2.107,5.277
1999-08-31 00:00:00,7.009,-5.595,2.702,0.211
1999-08-31 01:00:00,6.038,-4.588,2.464,-2.07
1999-08-31 02:00:00,4.912,-2.094,-0.255,0.617
1999-08-31 03:00:00,4.664,-0.017,-1.806,2.745
1999-08-31 04:00:00,5.222,-3.328,-2.754,-0.914
1999-08-31 05:00:00,5.457,-4.612,-0.279,-2.085
1999-08-31 06:00:00,5.102,-4.653,1.761,0.236
1999-08-31 07:00:00,5.066,-1.089,2.267,0.306
1999-08-31 08:00:00,6.374,4.867,3.398,0.023
1999-08-31 09:00:00,6.32,-2.161,5.205,-1.718
1999-08-31 10:00:00,6.325,-2.804,3.741,-2.639
1999-08-31 11:00:00,6.668,-1.619,3.534,-0.136
1999-08-31 12:00:00,5.513,1.303,2.609,1.665
1999-08-31 13:00:00,6.156,0.611,3.334,0.802
1999-08-31 14:00:00,7.256,-3.448,4.969,-2.154
1999-08-31 15:00:00,6.783,-5.427,0.405,-1.556
1999-08-31 16:00:00,7.311,-4.309,-3.506,-2.949
1999-08-31 17:00:00,8.572,-6.343,0.35,-5.027
1999-08-31 18:00:00,7.86,-4.362,2.653,-4.934
1999-08-31 19:00:00,8.376,-4.22,0.985,-5.726
1999-08-31 20:00:00,7.862,-0.933,5.274,-4.418
1999-08-31 21:00:00,7.674,-2.605,5.595,-2.995
1999-08-31 22:00:00,7.352,-3.737,5.132,-1.618
1999-08-31 23:00:00,7.045,-4.365,3.776,-3.451
1999-09-01 00:00:00,6.604,-4.257,3.186,-3.51
1999-09-01 01:00:00,6.801,-4.272,2.516,-3.737
1999-09-01 02:00:00,6.922,-1.534,4.082,-3.636
1999-09-01 03:00:00,6.728,-2.898,3.395,-4.068
1999-09-01 04:00:00,6.37,-1.721,2.93,-4.068
1999-09-01 05:00:00,6.086,-1.82,2.845,-3.607
1999-09-01 06:00:00,5.953,-1.409,2.582,-4.528
1999-09-01 07:00:00,5.784,-3.316,1.85,-3.366
1999-09-01 08:00:00,5.735,-1.403,3.573,-3.822
1999-09-01 09:00:00,5.666,-1.105,3.665,-3.188
1999-09-01 10:00:00,5.514,-0.893,2.854,-3.394
1999-09-01 11:00:00,5.574,-2.244,2.189,-3.396
1999-09-01 12:00:00,5.672,-2.402,2.983,-3.667
1999-09-01 13:00:00,5.426,-4.203,1.976,-0.863
1999-09-01 14:00:00,5.58,-5.351,0.747,-0.88
1999-09-01 15:00:00,5.479,-4.273,1.695,-1.398
1999-09-01 16:00:00,5.827,-3.176,2.765,-2.99
1999-09-01 17:00:00,5.955,-3.344,2.181,-3.533
1999-09-01 18:00:00,6.112,-2.659,3.289,-3.472
1999-09-01 19:00:00,6.269,-2.725,3.998,-2.862
1999-09-01 20:00:00,6.726,-1.689,4.908,-3.94
1999-09-01 21:00:00,6.582,-4.391,3.067,-2.847
1999-09-01 22:00:00,6.543,-4.387,2.444,-3.273
1999-09-01 23:00:00,6.654,-5.265,2.864,-2.414
1999-09-02 00:00:00,6.961,-4.971,3.544,-2.5
1999-09-02 01:00:00,7.074,-4.196,5.046,-2.507
1999-09-02 02:00:00,7.213,-4.694,4.794,-2.566
1999-09-02 03:00:00,7.227,-4.703,4.408,-2.255
1999-09-02 04:00:00,7.164,-6.366,2.87,-1.344
1999-09-02 05:00:00,7.444,-6.319,3.603,-1.335
1999-09-02 06:00:00,7.612,-6.094,4.048,-1.637
1999-09-02 07:00:00,7.706,-6.289,4.325,-0.839
1999-09-02 08:00:00,7.772,-6.95,3.382,0.118
1999-09-02 09:00:00,7.758,-5.416,4.917,-1.63
1999-09-02 10:00:00,7.903,-4.508,5.868,-1.347
1999-09-02 11:00:00,7.877,-6.091,4.67,-0.527
1999-09-02 12:00:00,7.71,-5.988,4.091,-1.659
1999-09-02 13:00:00,7.985,-6.318,3.814,-2.35
1999-09-02 14:00:00,7.78,-6.258,4.123,-1.16
1999-09-02 15:00:00,8.191,-5.438,4.624,-3.278
1999-09-02 16:00:00,8.264,-5.018,6.186,-1.152
1999-09-02 17:00:00,8.158,-5.229,5.861,-1.656
1999-09-02 18:00:00,8.194,-5.652,5.383,-1.043
1999-09-02 19:00:00,8.206,-4.338,6.723,-0.458
1999-09-02 20:00:00,8.288,-4.9,6.507,0.142
1999-09-02 21:00:00,8.242,-4.666,6.684,0.435
1999-09-02 22:00:00,8.239,-3.602,7.254,1.003
1999-09-02 23:00:00,8.445,-5.571,5.928,0.96
1999-09-03 00:00:00,8.067,-5.108,4.356,2.012
1999-09-03 01:00:00,7.416,-5.543,2.467,3.404
1999-09-03 02:00:00,7.638,-5.13,5.219,0.719
1999-09-03 03:00:00,8.564,-0.776,7.187,-3.897
1999-09-03 04:00:00,8.365,-0.076,5.332,-4.043
1999-09-03 05:00:00,8.215,-1.522,6.776,-2.901
1999-09-03 06:00:00,8.086,-1.131,4.637,-2.986
1999-09-03 07:00:00,6.911,-2.235,4.186,-3.513
1999-09-03 08:00:00,7.292,-1.721,4.855,-3.482
1999-09-03 09:00:00,7.224,-1.335,4.154,-4.55
1999-09-03 10:00:00,7.331,-2.051,5.874,-1.461
1999-09-03 11:00:00,6.637,-2.26,4.348,-2.456
1999-09-03 12:00:00,6.812,-2.667,4.329,-1.785
1999-09-03 13:00:00,6.881,-4.746,2.57,0.252
1999-09-03 14:00:00,7.154,-2.296,4.176,-2.396
1999-09-03 15:00:00,6.312,-5.191,0.692,2.748
1999-09-03 16:00:00,5.995,-5.202,0.482,0.864
1999-09-03 17:00:00,6.477,-3.882,0.567,2.602
1999-09-03 18:00:00,6.571,-5.63,0.015,3.042
1999-09-03 19:00:00,7.029,-6.127,-0.057,1.897
1999-09-03 20:00:00,6.366,-4.623,2.714,2.083
1999-09-03 21:00:00,5.479,-0.239,3.695,-1.442
1999-09-03 22:00:00,4.848,1.973,3.59,-0.13
1999-09-03 23:00:00,3.629,-0.196,2.801,0.096
1999-09-04 00:00:00,4.374,-1.417,3.682,-0.348
1999-09-04 01:00:00,6.353,-4.294,2.042,-2.554
1999-09-04 02:00:00,6.805,-1.515,5.027,-1.173
1999-09-04 03:00:00,6.851,-3.934,3.017,2.001
1999-09-04 04:00:00,5.584,1.979,1.709,-1.636
1999-09-04 05:00:00,5.041,1.699,3.349,-2.072
1999-09-04 06:00:00,5.517,0.234,3.123,-3.155
1999-09-04 07:00:00,4.375,2.124,2.254,-2.283
1999-09-04 08:00:00,4.319,-0.147,2.378,-1.473
1999-09-04 09:00:00,3.931,-3.674,-0.121,-0.416
1999-09-04 10:00:00,4.402,-4.25,0.557,-0.118
1999-09-04 11:00:00,4.772,-4.293,1.176,-0.735
1999-09-04 12:00:00,5.601,-5.037,1.477,1.276
1999-09-04 13:00:00,5.477,-5.211,0.865,-0.634
1999-09-04 14:00:00,5.407,-4.441,-0.066,-1.9
1999-09-04 15:00:00,5.373,-3.651,1.978,-2.328
1999-09-04 16:00:00,5.456,-4.96,1.507,-0.333
1999-09-04 17:00:00,5.547,-4.522,1.527,0.841
1999-09-04 18:00:00,5.322,-4.192,2.656,-0.672
1999-09-04 19:00:00,5.808,-4.025,3.401,-0.419
1999-09-04 20:00:00,5.628,-3.43,2.705,-1.542
1999-09-04 21:00:00,5.76,-5.23,0.494,-0.917
1999-09-04 22:00:00,5.007,-3.994,0.185,-1.198
1999-09-04 23:00:00,4.977,0.761,4.492,-1.155
1999-09-05 00:00:00,4.89,-2.725,3.504,-1.541
1999-09-05 01:00:00,5.34,-3.033,3.452,-0.784
1999-09-05 02:00:00,5.638,-2.166,4.187,-2.077
1999-09-05 03:00:00,5.676,-2.413,3.556,-1.737
1999-09-05 04:00:00,6.306,-3.286,4.902,-0.377
1999-09-05 05:00:00,7.197,-5.355,4.285,-0.75
1999-09-05 06:00:00,7.361,-5.759,4.334,-0.562
1999-09-05 07:00:00,7.33,-6.077,3.975,-0.401
1999-09-05 08:00:00,6.94,-5.015,3.878,-1.498
1999-09-05 09:00:00,6.996,-3.635,3.775,-1.759
1999-09-05 10:00:00,6.675,-3.299,3.977,-3.01
1999-09-05 11:00:00,6.927,-5.724,3.225,1.525
1999-09-05 12:00:00,5.788,-2.045,4.807,-1.227
1999-09-05 13:00:00,5.389,0.81,4.64,-0.014
1999-09-05 14:00:00,5.486,-2.962,3.585,-0.351
1999-09-05 15:00:00,5.502,-3.933,2.91,-1.897
1999-09-05 16:00:00,5.017,-3.004,2.927,-2.098
1999-09-05 17:00:00,5.384,-2.49,4.406,-1.337
1999-09-05 18:00:00,5.801,-3.094,3.754,-3.066
1999-09-05 19:00:00,6.293,-2.872,4.746,-2.842
1999-09-05 20:00:00,6.217,-2.383,4.769,-2.81
1999-09-05 21:00:00,4.799,-2.339,3.247,-2.6
1999-09-05 22:00:00,3.96,-2.676,2.412,-1.349
1999-09-05 23:00:00,4.152,-2.877,2.79,-0.927
1999-09-06 00:00:00,4.052,-2.708,2.792,-0.859
1999-09-06 01:00:00,3.866,-1.627,3.248,0.844
1999-09-06 02:00:00,4.346,-2.865,3.037,-0.817
1999-09-06 03:00:00,4.436,-2.985,2.846,-1.389
1999-09-06 04:00:00,4.457,-2.983,2.376,-2.074
1999-09-06 05:00:00,4.496,-3.019,2.998,-1.286
1999-09-06 06:00:00,1.668,0.177,1.212,-0.035
1999-09-06 07:00:00,1.936,1.095,-1.337,-0.572
1999-09-06 08:00:00,4.702,2.819,-3.411,-0.351
1999-09-06 09:00:00,5.44,2.681,-2.992,3.294
1999-09-06 10:00:00,5.637,2.637,-2.37,3.091
1999-09-06 11:00:00,6.544,1.571,-1.713,5.821
1999-09-06 12:00:00,5.287,-2.569,-1.418,4.052
1999-09-06 13:00:00,3.254,1.838,-0.045,1.847
1999-09-06 14:00:00,4.196,1.072,0.37,3.666
1999-09-06 15:00:00,6.879,-0.0,-3.621,4.354
1999-09-06 16:00:00,7.215,1.831,-4.043,4.787
1999-09-06 17:00:00,7.056,1.83,-6.354,0.119
1999-09-06 18:00:00,7.679,1.603,2.604,-4.176
1999-09-06 19:00:00,8.384,-2.164,7.666,-1.814
1999-09-06 20:00:00,8.004,-4.923,3.69,3.715
1999-09-06 21:00:00,8.374,-5.997,4.23,3.671
1999-09-06 22:00:00,8.139,-5.746,5.501,1.374
1999-09-06 23:00:00,7.298,-5.45,3.515,2.119
1999-09-07 00:00:00,7.252,-5.759,3.605,1.642
1999-09-07 01:00:00,7.239,-5.067,2.325,3.74
1999-09-07 02:00:00,6.653,1.396,-4.235,3.915
1999-09-07 03:00:00,9.218,1.491,-4.975,6.738
1999-09-07 04:00:00,10.489,-0.053,-3.188,9.093
1999-09-07 05:00:00,11.049,5.576,-8.242,3.019
1999-09-07 06:00:00,9.374,0.538,2.979,-6.426
1999-09-07 07:00:00,12.838,8.055,-7.579,-3.802
1999-09-07 08:00:00,13.625,7.295,-7.919,-1.256
1999-09-07 09:00:00,11.716,8.452,-6.983,-0.182
1999-09-07 10:00:00,10.353,6.242,-5.671,-0.455
1999-09-07 11:00:00,10.997,6.328,-8.296,1.117
1999-09-07 12:00:00,10.798,5.372,-8.197,0.476
1999-09-07 13:00:00,10.456,4.94,-6.534,0.231
1999-09-07 14:00:00,10.23,5.919,-7.499,1.81
1999-09-07 15:00:00,9.821,6.245,-6.114,1.563
1999-09-07 16:00:00,9.101,4.123,-5.375,4.006
1999-09-07 17:00:00,8.487,5.123,-4.056,-4.451
1999-09-07 18:00:00,8.342,2.656,-4.538,-2.37
1999-09-07 19:00:00,8.112,3.51,-3.707,-4.654
1999-09-07 20:00:00,8.413,5.789,-3.511,-4.19
1999-09-07 21:00:00,8.123,5.877,-1.398,-4.668
1999-09-07 22:00:00,7.627,6.39,-3.27,-1.67
1999-09-07 23:00:00,7.621,2.978,-5.872,0.96
1999-09-08 00:00:00,6.855,5.484,-2.53,-0.761
1999-09-08 01:00:00,6.744,2.884,-4.448,2.488
1999-09-08 02:00:00,7.016,1.526,-4.582,4.61
1999-09-08 03:00:00,7.037,3.627,-3.991,2.84
1999-09-08 04:00:00,7.367,2.158,-4.003,4.748
1999-09-08 05:00:00,7.443,2.588,-3.731,4.893
1999-09-08 06:00:00,7.216,4.66,-1.606,4.06
1999-09-08 07:00:00,7.64,4.761,-3.216,4.566
1999-09-08 08:00:00,7.676,3.451,-5.487,3.355
1999-09-08 09:00:00,7.219,3.787,-5.461,0.216
1999-09-08 10:00:00,6.94,2.606,-5.453,1.323
1999-09-08 11:00:00,6.847,1.5,-5.594,1.932
1999-09-08 12:00:00,6.872,0.619,-5.582,-2.39
1999-09-08 13:00:00,6.6,0.943,-4.467,-4.443
1999-09-08 14:00:00,6.745,0.697,-5.806,-1.979
1999-09-08 15:00:00,6.176,1.328,-4.416,1.589
1999-09-08 16:00:00,7.53,1.868,-2.814,4.696
1999-09-08 17:00:00,7.845,0.74,-5.009,5.413
1999-09-08 18:00:00,7.633,1.034,-6.404,3.354
1999-09-08 19:00:00,6.855,-1.668,-5.795,1.345
1999-09-08 20:00:00,6.77,0.958,-2.948,4.938
1999-09-08 21:00:00,6.585,4.708,-3.036,-1.509
1999-09-08 22:00:00,6.227,2.757,-1.998,-2.416
1999-09-08 23:00:00,6.44,0.757,-2.945,3.631
1999-09-09 00:00:00,6.292,2.411,-3.166,2.61
1999-09-09 01:00:00,6.331,3.262,-3.627,-0.759
1999-09-09 02:00:00,6.734,1.303,-6.251,0.998
1999-09-09 03:00:00,6.831,-0.732,-5.576,3.115
1999-09-09 04:00:00,6.707,3.438,-3.967,1.909
1999-09-09 05:00:00,6.525,3.538,-2.059,-2.314
1999-09-09 06:00:00,7.136,-0.224,-5.574,3.715
1999-09-09 07:00:00,7.018,0.192,-5.38,1.188
1999-09-09 08:00:00,6.985,2.042,-4.377,2.097
1999-09-09 09:00:00,7.127,0.902,-2.408,5.689
1999-09-09 10:00:00,7.54,0.433,-1.881,6.393
1999-09-09 11:00:00,8.098,-0.37,-1.288,5.876
1999-09-09 12:00:00,5.535,0.969,1.238,4.755
1999-09-09 13:00:00,5.141,0.118,-2.613,3.596
1999-09-09 14:00:00,5.398,-1.141,-2.368,3.934
1999-09-09 15:00:00,5.2,-0.82,-1.785,2.956
1999-09-09 16:00:00,9.038,2.1,-8.696,-0.27
1999-09-09 17:00:00,10.011,4.929,-7.946,2.672
1999-09-09 18:00:00,9.363,4.244,-6.922,2.436
1999-09-09 19:00:00,9.872,4.902,-7.071,3.87
1999-09-09 20:00:00,9.453,5.279,-7.272,2.599
1999-09-09 21:00:00,8.971,4.707,-7.047,2.012
1999-09-09 22:00:00,8.75,5.822,-4.829,0.953
1999-09-09 23:00:00,9.185,2.168,-7.313,3.584
1999-09-10 00:00:00,9.765,2.916,-7.422,5.156
1999-09-10 01:00:00,8.14,-1.045,-5.074,-2.407
1999-09-10 02:00:00,9.698,1.562,-8.606,3.132
1999-09-10 03:00:00,8.549,-0.301,-2.527,-4.202
1999-09-10 04:00:00,8.752,2.237,-7.565,0.9
1999-09-10 05:00:00,8.566,2.387,-4.96,-1.572
1999-09-10 06:00:00,9.153,1.636,-1.762,-1.894
1999-09-10 07:00:00,10.298,2.864,-5.958,7.319
1999-09-10 08:00:00,9.677,3.833,-5.994,4.0
1999-09-10 09:00:00,8.844,1.146,-4.456,-0.581
1999-09-10 10:00:00,8.813,4.117,-3.875,2.686
1999-09-10 11:00:00,9.219,1.436,-6.074,1.92
1999-09-10 12:00:00,9.019,3.162,-5.443,-2.084
1999-09-10 13:00:00,7.662,1.799,-3.643,1.621
1999-09-10 14:00:00,6.549,2.983,-3.509,0.608
1999-09-10 15:00:00,7.193,4.204,-1.96,3.286
1999-09-10 16:00:00,7.792,4.521,-1.63,2.397
1999-09-10 17:00:00,8.037,3.671,-4.747,4.156
1999-09-10 18:00:00,6.739,4.335,-1.241,0.795
1999-09-10 19:00:00,6.418,3.115,0.092,-2.911
1999-09-10 20:00:00,7.23,4.623,-2.822,-2.042
1999-09-10 21:00:00,9.206,5.447,-6.126,3.516
1999-09-10 22:00:00,8.403,5.344,-4.768,3.199
1999-09-10 23:00:00,9.033,3.655,-6.615,1.748
1999-09-11 00:00:00,8.095,0.78,-3.494,-6.518
1999-09-11 01:00:00,7.592,0.914,-5.701,-2.575
1999-09-11 02:00:00,6.954,1.649,-2.683,-2.649
1999-09-11 03:00:00,6.803,2.454,-3.466,3.461
1999-09-11 04:00:00,6.182,2.981,-2.35,3.027
1999-09-11 05:00:00,5.935,-0.125,-1.69,2.57
1999-09-11 06:00:00,5.609,0.466,-0.92,4.341
1999-09-11 07:00:00,4.682,1.581,-2.624,1.497
1999-09-11 08:00:00,4.853,3.134,0.606,1.897
1999-09-11 09:00:00,5.029,2.89,0.285,3.269
1999-09-11 10:00:00,5.225,2.058,-2.019,3.48
1999-09-11 11:00:00,5.334,2.509,-3.668,1.544
1999-09-11 12:00:00,5.376,2.334,-3.978,1.154
1999-09-11 13:00:00,5.275,2.851,-3.019,0.871
1999-09-11 14:00:00,5.297,3.299,-2.239,2.588
1999-09-11 15:00:00,4.975,2.126,-0.793,4.187
1999-09-11 16:00:00,5.052,2.951,-1.273,3.632
1999-09-11 17:00:00,4.896,3.429,-1.948,2.138
1999-09-11 18:00:00,4.617,4.011,-1.373,1.575
1999-09-11 19:00:00,4.337,3.104,-1.109,2.066
1999-09-11 20:00:00,3.563,-1.655,-2.814,-0.568
1999-09-11 21:00:00,3.555,0.192,-2.096,1.123
1999-09-11 22:00:00,3.824,-1.084,-1.735,2.363
1999-09-11 23:00:00,4.055,1.172,-1.908,-1.566
1999-09-12 00:00:00,4.119,1.359,-1.566,-3.195
1999-09-12 01:00:00,3.719,2.324,-2.39,-1.099
1999-09-12 02:00:00,4.025,2.397,-2.349,-0.272
1999-09-12 03:00:00,7.547,3.833,-5.862,1.147
1999-09-12 04:00:00,8.863,3.518,-3.558,3.649
1999-09-12 05:00:00,5.441,0.819,-2.047,2.833
1999-09-12 06:00:00,5.841,1.205,-1.573,3.944
1999-09-12 07:00:00,4.764,-0.999,4.347,-0.31
1999-09-12 08:00:00,8.63,-1.7,4.165,-6.417
1999-09-12 09:00:00,11.16,-5.129,6.191,-6.458
1999-09-12 10:00:00,10.662,-1.648,6.194,-0.688
1999-09-12 11:00:00,9.275,2.815,4.806,2.075
1999-09-12 12:00:00,11.751,0.083,10.307,1.769
1999-09-12 13:00:00,12.855,5.852,5.848,8.875
1999-09-12 14:00:00,14.043,0.406,10.512,8.872
1999-09-12 15:00:00,11.541,-7.922,2.236,-2.778
1999-09-12 16:00:00,8.647,-3.627,-0.701,-6.055
1999-09-12 17:00:00,10.094,-6.762,-0.026,-7.186
1999-09-12 18:00:00,10.428,-3.019,-5.326,-6.124
1999-09-12 19:00:00,10.544,-2.24,-4.871,-7.262
1999-09-12 20:00:00,11.333,-0.496,-4.174,-2.171
1999-09-12 21:00:00,9.472,-5.956,0.347,4.311
1999-09-12 22:00:00,8.864,-6.159,4.703,-1.45
1999-09-12 23:00:00,10.582,0.696,5.908,-7.461
1999-09-13 00:00:00,10.489,-0.201,7.874,-5.244
1999-09-13 01:00:00,10.334,-6.286,4.64,-0.191
1999-09-13 02:00:00,9.676,-5.899,2.105,-6.255
1999-09-13 03:00:00,9.569,-7.625,4.017,-0.635
1999-09-13 04:00:00,9.421,-7.466,4.245,-2.702
1999-09-13 05:00:00,9.243,-6.179,0.176,-5.939
1999-09-13 06:00:00,9.02,-5.231,4.223,-3.714
1999-09-13 07:00:00,8.439,-5.226,2.152,-3.036
1999-09-13 08:00:00,7.832,-2.277,3.628,-4.395
1999-09-13 09:00:00,7.285,-1.848,2.728,-4.291
1999-09-13 10:00:00,6.934,-4.798,-0.522,-0.868
1999-09-13 11:00:00,7.104,-4.124,-2.524,-1.889
1999-09-13 12:00:00,7.637,-3.674,-2.004,-1.921
1999-09-13 13:00:00,7.793,-1.077,-2.666,-3.087
1999-09-13 14:00:00,7.085,-3.779,3.392,0.738
1999-09-13 15:00:00,7.313,-5.004,-2.08,-1.377
1999-09-13 16:00:00,7.164,1.377,0.46,-4.296
1999-09-13 17:00:00,6.71,1.046,4.698,-2.928
1999-09-13 18:00:00,6.461,-1.443,5.368,-1.859
1999-09-13 19:00:00,6.199,-1.011,2.477,-3.344
1999-09-13 20:00:00,6.552,-2.131,4.832,-1.23
1999-09-13 21:00:00,6.469,-1.064,5.617,1.125
1999-09-13 22:00:00,6.646,-0.29,5.899,-0.597
1999-09-13 23:00:00,6.596,-1.566,5.268,-2.086
1999-09-14 00:00:00,6.044,-2.906,3.543,-2.875
1999-09-14 01:00:00,5.975,-3.787,1.067,-3.87
1999-09-14 02:00:00,8.464,0.287,2.589,-3.235
1999-09-14 03:00:00,6.964,2.102,6.024,0.672
1999-09-14 04:00:00,6.741,-3.761,3.179,0.442
1999-09-14 05:00:00,7.336,0.829,4.433,-4.61
1999-09-14 06:00:00,7.759,-0.709,6.727,-0.189
1999-09-14 07:00:00,6.502,-1.143,5.092,1.213
1999-09-14 08:00:00,6.014,-0.032,3.279,1.676
1999-09-14 09:00:00,6.196,-0.395,3.057,-3.07
1999-09-14 10:00:00,6.23,-1.31,2.831,4.049
1999-09-14 11:00:00,7.465,-3.046,1.04,5.758
1999-09-14 12:00:00,7.298,-2.574,5.386,1.875
1999-09-14 13:00:00,6.495,1.56,5.769,-1.478
1999-09-14 14:00:00,5.523,-0.03,2.381,-0.659
1999-09-14 15:00:00,4.135,0.626,0.14,-3.266
1999-09-14 16:00:00,4.217,-2.915,1.035,0.559
1999-09-14 17:00:00,5.68,-1.466,-0.124,2.327
1999-09-14 18:00:00,5.869,-1.484,-1.276,5.375
1999-09-14 19:00:00,4.137,-1.949,-2.908,1.032
1999-09-14 20:00:00,4.9,-1.819,-0.705,3.871
1999-09-14 21:00:00,4.523,-0.4,1.609,-1.648
1999-09-14 22:00:00,4.477,-0.916,-2.635,2.003
1999-09-14 23:00:00,4.247,-3.134,-0.474,-1.65
1999-09-15 00:00:00,4.217,-0.937,1.865,-0.848
1999-09-15 01:00:00,4.057,0.506,1.623,-2.254
1999-09-15 02:00:00,4.632,0.153,3.494,-0.986
1999-09-15 03:00:00,4.588,1.61,2.136,-2.27
1999-09-15 04:00:00,4.844,-2.969,1.998,-2.556
1999-09-15 05:00:00,5.363,-1.28,4.028,-2.58
1999-09-15 06:00:00,5.726,-1.321,4.919,-1.379
1999-09-15 07:00:00,10.25,-2.431,7.293,-4.198
1999-09-15 08:00:00,14.741,-3.495,10.338,-8.544
1999-09-15 09:00:00,15.846,-6.099,10.042,-7.408
1999-09-15 10:00:00,15.367,-4.495,13.366,-1.011
1999-09-15 11:00:00,12.838,-3.792,12.041,-0.423
1999-09-15 12:00:00,12.207,-3.618,11.579,0.568
1999-09-15 13:00:00,11.884,-4.267,10.812,-0.184
1999-09-15 14:00:00,10.627,-3.843,9.612,1.007
1999-09-15 15:00:00,9.825,-2.901,8.41,3.778
1999-09-15 16:00:00,8.922,-2.507,6.725,4.994
1999-09-15 17:00:00,5.355,-1.543,3.44,2.895
1999-09-15 18:00:00,3.759,-1.956,1.301,2.702
1999-09-15 19:00:00,5.031,-0.439,3.694,3.012
1999-09-15 20:00:00,8.317,1.721,0.017,6.494
1999-09-15 21:00:00,7.812,1.555,1.38,7.151
1999-09-15 22:00:00,6.12,0.662,-0.094,5.1
1999-09-15 23:00:00,6.364,-1.294,-1.561,4.23
1999-09-16 00:00:00,5.986,-0.112,2.305,0.619
1999-09-16 01:00:00,5.989,-2.413,0.153,-2.552
1999-09-16 02:00:00,7.146,-3.633,-0.687,-5.283
1999-09-16 03:00:00,7.811,-3.601,0.088,-6.756
1999-09-16 04:00:00,7.357,-3.613,-2.077,-5.135
1999-09-16 05:00:00,7.084,-3.553,-3.741,-3.297
1999-09-16 06:00:00,7.121,-2.721,-0.108,-6.133
1999-09-16 07:00:00,6.705,-2.142,0.877,-5.283
1999-09-16 08:00:00,6.6,-2.062,1.345,-5.659
1999-09-16 09:00:00,6.557,-3.71,0.265,-3.946
1999-09-16 10:00:00,6.355,-3.263,0.425,-4.852
1999-09-16 11:00:00,6.258,-4.263,0.826,-3.378
1999-09-16 12:00:00,5.994,-3.58,2.531,-1.379
1999-09-16 13:00:00,5.799,-4.059,1.532,-3.213
1999-09-16 14:00:00,5.475,-3.256,-1.814,0.018
1999-09-16 15:00:00,5.058,-3.082,-0.666,1.362
1999-09-16 16:00:00,5.404,-3.775,2.187,-2.478
1999-09-16 17:00:00,5.376,-3.315,3.624,-0.719
1999-09-16 18:00:00,5.325,-3.8,2.376,-0.514
1999-09-16 19:00:00,5.63,-3.55,3.204,-1.37
1999-09-16 20:00:00,5.643,-1.724,3.414,-3.051
1999-09-16 21:00:00,5.561,-4.435,2.153,-0.618
1999-09-16 22:00:00,5.675,-4.795,1.758,-0.743
1999-09-16 23:00:00,5.817,-4.487,2.121,0.007
1999-09-17 00:00:00,5.459,-3.334,0.987,0.839
1999-09-17 01:00:00,5.584,-5.128,0.933,-0.402
1999-09-17 02:00:00,5.381,-4.867,0.251,-0.729
1999-09-17 03:00:00,5.401,-4.707,2.127,0.147
1999-09-17 04:00:00,5.417,-4.491,1.795,1.103
1999-09-17 05:00:00,5.365,-3.508,1.983,1.831
1999-09-17 06:00:00,5.358,-4.118,2.898,0.414
1999-09-17 07:00:00,5.522,-3.413,0.625,2.033
1999-09-17 08:00:00,5.587,-3.343,3.331,0.147
1999-09-17 09:00:00,5.635,-3.68,0.527,2.812
1999-09-17 10:00:00,5.633,-2.274,0.223,4.658
1999-09-17 11:00:00,5.303,-3.249,0.885,-0.336
1999-09-17 12:00:00,5.669,-2.537,1.279,-4.353
1999-09-17 13:00:00,5.746,-2.568,1.506,-4.191
1999-09-17 14:00:00,5.612,-4.303,0.119,-0.154
1999-09-17 15:00:00,5.95,-4.905,1.21,-1.829
1999-09-17 16:00:00,6.127,-4.086,2.188,-3.022
1999-09-17 17:00:00,5.93,-3.423,-0.251,0.248
1999-09-17 18:00:00,5.728,-3.412,-0.909,-1.194
1999-09-17 19:00:00,5.603,-3.525,1.432,2.283
1999-09-17 20:00:00,5.974,-3.603,1.895,2.47
1999-09-17 21:00:00,6.133,-4.78,-0.936,2.822
1999-09-17 22:00:00,6.203,-4.875,-2.67,2.208
1999-09-17 23:00:00,5.729,-4.127,-2.271,2.406
1999-09-18 00:00:00,5.466,-3.128,-1.034,2.452
1999-09-18 01:00:00,5.361,-4.227,-1.712,1.576
1999-09-18 02:00:00,5.458,-3.914,0.832,0.258
1999-09-18 03:00:00,5.856,-5.027,2.075,-1.617
1999-09-18 04:00:00,5.648,-4.097,-0.155,-0.82
1999-09-18 05:00:00,5.669,-2.848,-3.403,3.268
1999-09-18 06:00:00,5.41,-4.061,-0.501,1.511
1999-09-18 07:00:00,5.026,-0.978,1.94,-3.038
1999-09-18 08:00:00,5.363,-1.869,1.752,-2.131
1999-09-18 09:00:00,5.346,-4.345,2.044,1.097
1999-09-18 10:00:00,5.375,-3.364,2.859,-0.956
1999-09-18 11:00:00,6.248,-0.963,2.544,-5.144
1999-09-18 12:00:00,6.242,-1.351,2.993,-4.455
1999-09-18 13:00:00,6.548,-2.224,1.643,-5.763
1999-09-18 14:00:00,6.306,-2.496,4.427,-3.017
1999-09-18 15:00:00,5.729,-1.656,2.888,3.746
1999-09-18 16:00:00,5.723,-2.666,1.162,4.621
1999-09-18 17:00:00,5.474,-4.273,-0.326,2.972
1999-09-18 18:00:00,5.182,-2.419,0.621,3.973
1999-09-18 19:00:00,5.043,-2.577,2.323,2.037
1999-09-18 20:00:00,5.029,-2.772,1.01,3.29
1999-09-18 21:00:00,5.672,-3.767,0.228,2.659
1999-09-18 22:00:00,6.032,-5.428,0.519,2.033
1999-09-18 23:00:00,5.924,-5.486,1.012,0.023
1999-09-19 00:00:00,5.492,-4.253,1.006,-2.363
1999-09-19 01:00:00,5.615,-5.014,1.13,-0.968
1999-09-19 02:00:00,5.389,-2.856,3.233,-2.566
1999-09-19 03:00:00,4.954,-1.993,3.773,1.574
1999-09-19 04:00:00,4.872,-2.789,3.54,0.285
1999-09-19 05:00:00,4.961,-2.096,3.439,-1.598
1999-09-19 06:00:00,4.911,-2.797,3.652,0.615
1999-09-19 07:00:00,4.926,-1.871,4.353,0.873
1999-09-19 08:00:00,4.762,-1.571,2.33,-1.386
1999-09-19 09:00:00,4.647,-1.383,2.112,-3.423
1999-09-19 10:00:00,4.563,-1.731,2.522,-2.068
1999-09-19 11:00:00,4.701,-2.255,1.64,-0.344
1999-09-19 12:00:00,5.559,-2.42,1.384,-4.133
1999-09-19 13:00:00,5.25,-2.952,3.305,-1.7
1999-09-19 14:00:00,4.72,-2.403,1.654,2.292
1999-09-19 15:00:00,4.237,-1.587,2.533,0.789
1999-09-19 16:00:00,4.544,-3.06,2.376,0.42
1999-09-19 17:00:00,4.593,-3.358,0.526,-2.626
1999-09-19 18:00:00,4.522,-3.138,2.725,-1.482
1999-09-19 19:00:00,4.72,-3.274,3.227,-0.544
1999-09-19 20:00:00,4.676,-2.971,2.697,-2.024
1999-09-19 21:00:00,4.419,-3.074,2.416,-0.751
1999-09-19 22:00:00,4.488,-0.471,3.391,-2.121
1999-09-19 23:00:00,4.488,-3.611,2.259,-1.052
1999-09-20 00:00:00,4.583,-2.876,3.329,-0.995
1999-09-20 01:00:00,4.856,-2.16,3.427,-2.47
1999-09-20 02:00:00,5.034,-2.141,2.039,-3.5
1999-09-20 03:00:00,4.958,-2.993,1.042,-3.373
1999-09-20 04:00:00,5.014,-2.457,2.956,-2.929
1999-09-20 05:00:00,5.192,-1.634,2.726,-3.651
1999-09-20 06:00:00,4.944,-3.485,1.724,-2.481
1999-09-20 07:00:00,4.85,-3.69,1.658,-2.494
1999-09-20 08:00:00,5.021,-3.931,0.955,-2.887
1999-09-20 09:00:00,4.666,-3.429,2.6,-0.54
1999-09-20 10:00:00,4.871,-3.533,3.176,0.381
1999-09-20 11:00:00,5.261,-4.163,3.133,-0.139
1999-09-20 12:00:00,6.417,-3.882,4.602,-0.893
1999-09-20 13:00:00,7.309,-2.32,5.687,-3.348
1999-09-20 14:00:00,7.603,-3.802,4.89,-4.09
1999-09-20 15:00:00,7.143,-4.155,4.597,-3.402
1999-09-20 16:00:00,6.648,-3.695,4.488,-3.085
1999-09-20 17:00:00,5.235,0.758,3.059,-3.844
1999-09-20 18:00:00,5.104,0.485,4.093,-2.713
1999-09-20 19:00:00,5.43,-0.791,5.09,-0.852
1999-09-20 20:00:00,5.123,-2.236,-0.794,-1.878
1999-09-20 21:00:00,5.945,0.478,-3.458,0.9
1999-09-20 22:00:00,7.292,0.664,-6.89,1.594
1999-09-20 23:00:00,7.344,2.058,-2.939,2.07
1999-09-21 00:00:00,8.312,3.723,-4.128,5.353
1999-09-21 01:00:00,8.273,3.356,-3.594,6.443
1999-09-21 02:00:00,7.374,2.233,-0.178,6.313
1999-09-21 03:00:00,6.661,0.991,1.635,6.063
1999-09-21 04:00:00,6.502,3.154,-3.426,2.094
1999-09-21 05:00:00,5.439,4.172,1.013,0.968
1999-09-21 06:00:00,6.232,3.727,-3.516,-1.201
1999-09-21 07:00:00,6.661,4.203,-4.21,-2.307
1999-09-21 08:00:00,6.09,3.853,-4.571,-0.303
1999-09-21 09:00:00,5.951,3.023,-5.052,-0.335
1999-09-21 10:00:00,5.828,2.437,-5.08,-0.819
1999-09-21 11:00:00,5.739,0.186,-3.369,-3.807
1999-09-21 12:00:00,6.989,-2.765,4.221,-4.686
1999-09-21 13:00:00,6.45,-3.703,4.066,-3.239
1999-09-21 14:00:00,5.233,-2.658,3.328,-2.255
1999-09-21 15:00:00,4.888,-3.627,2.364,-1.338
1999-09-21 16:00:00,6.112,-2.456,2.291,-1.459
1999-09-21 17:00:00,7.575,-0.45,6.631,-2.192
1999-09-21 18:00:00,7.991,-5.209,2.347,-4.01
1999-09-21 19:00:00,9.074,-1.771,4.195,-3.174
1999-09-21 20:00:00,10.643,-6.962,-4.226,-6.659
1999-09-21 21:00:00,11.161,-8.403,1.102,-6.873
1999-09-21 22:00:00,11.175,-5.641,6.039,-7.403
1999-09-21 23:00:00,11.967,-6.348,8.011,-5.08
1999-09-22 00:00:00,12.442,-9.397,8.019,-1.001
1999-09-22 01:00:00,12.282,-6.634,9.329,0.545
1999-09-22 02:00:00,12.351,-5.747,10.322,2.21
1999-09-22 03:00:00,12.805,-5.32,10.898,3.706
1999-09-22 04:00:00,11.477,-5.448,7.072,6.845
1999-09-22 05:00:00,10.98,-3.286,9.212,2.98
1999-09-22 06:00:00,11.644,-4.227,10.758,-0.427
1999-09-22 07:00:00,11.257,-3.878,10.035,1.814
1999-09-22 08:00:00,11.205,-2.349,10.59,-1.18
1999-09-22 09:00:00,11.008,-3.326,10.248,0.331
1999-09-22 10:00:00,11.7,-3.664,9.843,-0.31
1999-09-22 11:00:00,13.426,-4.428,-4.198,-1.014
1999-09-22 12:00:00,18.916,9.15,-7.345,7.636
1999-09-22 13:00:00,21.37,5.547,-16.654,9.075
1999-09-22 14:00:00,18.141,11.241,-8.903,7.095
1999-09-22 15:00:00,19.751,7.015,-13.449,11.061
1999-09-22 16:00:00,22.577,10.165,-17.685,5.391
1999-09-22 17:00:00,27.213,11.807,-16.328,14.802
1999-09-22 18:00:00,28.472,9.972,-12.62,15.907
1999-09-22 19:00:00,25.521,7.519,-15.02,-6.681
1999-09-22 20:00:00,21.285,3.451,-13.835,-12.208
1999-09-22 21:00:00,21.204,2.277,-9.207,-17.515
1999-09-22 22:00:00,16.514,11.951,-0.65,-8.965
1999-09-22 23:00:00,16.38,16.048,-1.097,-1.418
1999-09-23 00:00:00,17.049,16.287,-4.057,2.65
1999-09-23 01:00:00,16.145,14.296,-5.459,3.664
1999-09-23 02:00:00,16.128,8.402,-8.223,-2.158
1999-09-23 03:00:00,16.798,8.538,-12.278,-6.397
1999-09-23 04:00:00,15.812,11.201,-9.958,3.191
1999-09-23 05:00:00,14.946,10.49,-4.97,9.202
1999-09-23 06:00:00,13.989,8.595,-6.058,8.236
1999-09-23 07:00:00,12.964,8.685,-4.559,7.607
1999-09-23 08:00:00,10.796,7.794,-3.661,5.948
1999-09-23 09:00:00,7.545,5.837,-3.059,3.526
1999-09-23 10:00:00,7.569,5.703,-2.072,4.198
1999-09-23 11:00:00,7.575,5.791,-0.592,4.604
1999-09-23 12:00:00,7.516,5.818,-2.631,3.309
1999-09-23 13:00:00,7.466,5.463,-0.556,4.418
1999-09-23 14:00:00,6.967,6.095,-0.162,2.373
1999-09-23 15:00:00,6.879,5.796,-0.933,3.134
1999-09-23 16:00:00,6.912,4.246,-3.771,2.255
1999-09-23 17:00:00,6.866,4.921,-4.241,1.096
1999-09-23 18:00:00,6.839,3.362,-3.453,3.707
1999-09-23 19:00:00,7.033,0.965,-3.895,5.511
1999-09-23 20:00:00,6.875,1.629,-3.571,4.347
1999-09-23 21:00:00,7.08,3.175,-4.791,1.949
1999-09-23 22:00:00,6.816,2.387,-4.034,4.219
1999-09-23 23:00:00,6.749,5.568,-0.492,2.647
1999-09-24 00:00:00,6.807,5.02,-2.271,2.865
1999-09-24 01:00:00,6.685,4.131,-2.677,3.882
1999-09-24 02:00:00,6.102,3.978,-3.628,0.796
1999-09-24 03:00:00,5.826,3.331,-0.521,2.963
1999-09-24 04:00:00,6.0,4.882,-1.069,-0.994
1999-09-24 05:00:00,6.726,-2.212,-4.953,3.427
1999-09-24 06:00:00,6.545,-1.788,-4.965,3.222
1999-09-24 07:00:00,6.489,-1.27,-5.229,2.812
1999-09-24 08:00:00,6.371,0.432,-5.395,1.407
1999-09-24 09:00:00,6.304,1.391,-4.084,3.835
1999-09-24 10:00:00,6.151,2.876,-3.106,3.878
1999-09-24 11:00:00,5.929,4.396,-2.139,1.881
1999-09-24 12:00:00,6.1,3.548,-2.982,3.101
1999-09-24 13:00:00,6.036,0.955,-5.275,1.791
1999-09-24 14:00:00,5.974,0.14,-5.379,0.638
1999-09-24 15:00:00,6.088,-0.973,-5.743,0.453
1999-09-24 16:00:00,6.158,0.021,-5.921,0.92
1999-09-24 17:00:00,5.258,2.513,-2.219,3.104
1999-09-24 18:00:00,4.835,1.988,-1.138,3.404
1999-09-24 19:00:00,4.818,1.6,-2.827,2.833
1999-09-24 20:00:00,4.851,1.615,-3.273,1.693
1999-09-24 21:00:00,4.846,2.528,-2.912,2.043
1999-09-24 22:00:00,4.938,3.005,-3.148,-0.26
1999-09-24 23:00:00,4.888,2.784,-3.427,0.754
1999-09-25 00:00:00,5.061,3.583,-2.264,1.288
1999-09-25 01:00:00,4.814,4.737,0.367,-0.247
1999-09-25 02:00:00,4.951,4.537,-1.681,0.106
1999-09-25 03:00:00,5.28,1.875,-3.217,2.858
1999-09-25 04:00:00,5.29,-0.926,-3.851,3.307
1999-09-25 05:00:00,4.889,0.694,-2.741,2.444
1999-09-25 06:00:00,4.886,3.236,-2.872,1.726
1999-09-25 07:00:00,4.935,0.505,-3.227,3.307
1999-09-25 08:00:00,4.698,2.434,-2.81,1.815
1999-09-25 09:00:00,4.615,3.006,-2.85,1.313
1999-09-25 10:00:00,4.419,2.441,-2.471,0.812
1999-09-25 11:00:00,4.399,0.989,-3.427,1.334
1999-09-25 12:00:00,4.267,0.434,-2.335,2.173
1999-09-25 13:00:00,6.162,3.381,-3.267,2.465
1999-09-25 14:00:00,5.479,3.399,-2.061,3.091
1999-09-25 15:00:00,6.763,5.344,-2.634,3.028
1999-09-25 16:00:00,7.197,6.072,-1.661,3.392
1999-09-25 17:00:00,6.53,5.083,-3.048,1.828
1999-09-25 18:00:00,6.235,5.36,-2.615,0.737
1999-09-25 19:00:00,6.752,4.9,-3.044,2.103
1999-09-25 20:00:00,6.694,1.779,-2.996,5.023
1999-09-25 21:00:00,8.011,2.101,-3.593,6.225
1999-09-25 22:00:00,7.705,4.598,-4.402,3.746
1999-09-25 23:00:00,7.386,4.936,-4.392,2.586
1999-09-26 00:00:00,7.205,6.084,-2.522,1.879
1999-09-26 01:00:00,7.417,4.868,-4.162,3.224
1999-09-26 02:00:00,7.372,5.629,-4.244,1.744
1999-09-26 03:00:00,6.996,6.372,-2.63,-0.521
1999-09-26 04:00:00,6.668,5.259,-3.638,-0.411
1999-09-26 05:00:00,6.464,4.253,-4.068,-1.197
1999-09-26 06:00:00,6.325,4.147,-2.683,2.31
1999-09-26 07:00:00,6.539,4.653,-3.65,1.416
1999-09-26 08:00:00,7.72,5.827,-4.081,1.988
1999-09-26 09:00:00,8.275,5.212,-5.475,1.481
1999-09-26 10:00:00,8.373,5.115,-5.432,2.878
1999-09-26 11:00:00,8.618,4.726,-5.816,3.411
1999-09-26 12:00:00,9.429,2.871,-8.451,-2.301
1999-09-26 13:00:00,10.193,3.184,-8.672,3.206
1999-09-26 14:00:00,15.349,5.921,-11.232,-2.761
1999-09-26 15:00:00,16.595,5.355,-11.452,-10.245
1999-09-26 16:00:00,13.811,5.48,-9.452,4.798
1999-09-26 17:00:00,15.536,8.824,-7.366,10.099
1999-09-26 18:00:00,13.113,-1.28,-2.824,-0.151
1999-09-26 19:00:00,10.66,-3.331,-1.543,-3.403
1999-09-26 20:00:00,12.533,-2.518,-3.197,-4.607
1999-09-26 21:00:00,10.081,-7.257,-1.463,2.095
1999-09-26 22:00:00,6.885,0.009,-0.343,1.324
1999-09-26 23:00:00,9.026,-6.853,2.638,-3.091
1999-09-27 00:00:00,9.601,-8.116,3.196,1.322
1999-09-27 01:00:00,9.557,-9.213,1.642,-0.047
1999-09-27 02:00:00,11.382,-10.261,-1.284,0.49
1999-09-27 03:00:00,12.956,-11.317,-4.548,-1.479
1999-09-27 04:00:00,12.282,-10.031,0.788,-2.266
1999-09-27 05:00:00,12.952,-10.208,4.954,-3.338
1999-09-27 06:00:00,11.941,-8.398,4.872,-3.619
1999-09-27 07:00:00,9.587,-7.407,4.078,-0.246
1999-09-27 08:00:00,8.707,-3.672,6.304,-1.599
1999-09-27 09:00:00,9.163,-6.502,5.042,-1.684
1999-09-27 10:00:00,11.032,-8.919,4.841,-2.631
1999-09-27 11:00:00,12.672,-7.299,7.67,-5.411
1999-09-27 12:00:00,11.754,-7.084,3.311,-6.046
1999-09-27 13:00:00,10.566,-4.934,5.781,-4.119
1999-09-27 14:00:00,9.694,-4.575,4.55,-6.267
1999-09-27 15:00:00,8.705,-3.389,1.961,-4.502
1999-09-27 16:00:00,6.372,-2.939,2.809,-3.04
1999-09-27 17:00:00,5.115,-3.784,1.069,-1.061
1999-09-27 18:00:00,5.309,-3.772,2.009,0.235
1999-09-27 19:00:00,5.324,-4.797,0.024,0.072
1999-09-27 20:00:00,5.481,-5.102,0.672,-0.259
1999-09-27 21:00:00,4.974,-3.661,0.438,-0.706
1999-09-27 22:00:00,5.469,-2.31,3.037,-2.452
1999-09-27 23:00:00,5.364,-3.202,2.845,-1.525
1999-09-28 00:00:00,5.275,-4.598,0.32,-1.505
1999-09-28 01:00:00,4.913,-3.978,0.417,0.882
1999-09-28 02:00:00,5.672,-4.281,-0.512,0.922
1999-09-28 03:00:00,5.542,-2.608,4.263,-0.593
1999-09-28 04:00:00,5.41,-3.881,0.863,0.78
1999-09-28 05:00:00,6.184,-5.029,2.754,-0.291
1999-09-28 06:00:00,7.016,-4.086,2.478,-4.194
1999-09-28 07:00:00,6.942,-3.833,4.142,0.51
1999-09-28 08:00:00,6.924,-3.64,3.606,-1.575
1999-09-28 09:00:00,6.489,-2.821,4.783,-1.776
1999-09-28 10:00:00,6.012,-4.125,2.909,-2.333
1999-09-28 11:00:00,5.907,-4.016,0.433,-1.75
1999-09-28 12:00:00,5.693,-3.511,-0.957,-3.405
1999-09-28 13:00:00,5.565,-3.475,2.811,-1.024
1999-09-28 14:00:00,5.969,-3.179,3.144,-2.346
1999-09-28 15:00:00,5.91,-3.064,2.853,-2.207
1999-09-28 16:00:00,6.397,-4.266,3.133,-1.446
1999-09-28 17:00:00,6.252,-3.961,3.315,-1.803
1999-09-28 18:00:00,6.012,-3.552,3.331,-0.956
1999-09-28 19:00:00,6.343,-3.572,3.786,-0.81
1999-09-28 20:00:00,6.454,-2.383,5.304,-1.941
1999-09-28 21:00:00,6.504,-2.587,4.606,-2.575
1999-09-28 22:00:00,6.544,-3.186,4.295,-0.342
1999-09-28 23:00:00,6.341,-4.885,1.738,-1.745
1999-09-29 00:00:00,6.623,-5.2,1.684,-1.488
1999-09-29 01:00:00,6.73,-4.26,2.994,-1.672
1999-09-29 02:00:00,6.922,-2.491,2.434,-2.022
1999-09-29 03:00:00,6.914,-2.262,5.994,0.779
1999-09-29 04:00:00,6.607,-3.255,4.297,0.285
1999-09-29 05:00:00,6.845,-2.75,3.988,2.919
1999-09-29 06:00:00,6.916,-3.546,3.744,-3.419
1999-09-29 07:00:00,7.071,-3.685,3.773,-4.136
1999-09-29 08:00:00,6.913,-4.722,3.404,0.822
1999-09-29 09:00:00,6.365,-1.734,3.877,-2.573
1999-09-29 10:00:00,6.56,-1.033,3.011,3.05
1999-09-29 11:00:00,6.806,-1.989,-1.929,5.808
1999-09-29 12:00:00,6.561,-4.53,-1.596,3.119
1999-09-29 13:00:00,6.57,-5.243,-0.995,0.142
1999-09-29 14:00:00,6.405,-4.158,-2.449,-2.58
1999-09-29 15:00:00,5.977,-3.635,1.34,1.871
1999-09-29 16:00:00,6.225,-1.623,5.229,-0.256
1999-09-29 17:00:00,5.968,-1.037,5.252,-1.372
1999-09-29 18:00:00,6.425,-1.917,2.998,3.024
1999-09-29 19:00:00,7.458,-1.828,6.109,1.877
1999-09-29 20:00:00,7.753,-1.562,6.812,-1.832
1999-09-29 21:00:00,7.678,-1.224,6.307,-3.5
1999-09-29 22:00:00,7.256,-1.785,4.483,-4.625
1999-09-29 23:00:00,7.249,-1.883,4.582,-3.526
1999-09-30 00:00:00,7.072,-1.729,3.458,-5.118
1999-09-30 01:00:00,6.797,-2.863,0.646,-5.363
1999-09-30 02:00:00,6.439,-1.601,3.314,-3.648
1999-09-30 03:00:00,6.246,-2.191,4.419,-2.753
1999-09-30 04:00:00,6.191,-2.592,0.802,-4.524
1999-09-30 05:00:00,5.649,-2.252,2.584,-2.368
1999-09-30 06:00:00,5.254,-0.629,3.25,0.009
1999-09-30 07:00:00,5.105,-2.513,0.986,0.08
1999-09-30 08:00:00,4.888,-2.627,2.397,-0.275
1999-09-30 09:00:00,4.874,-3.448,0.709,-2.596
1999-09-30 10:00:00,4.772,-0.35,3.699,-1.859
1999-09-30 11:00:00,4.47,-0.521,2.784,-2.011
1999-09-30 12:00:00,4.44,0.731,3.152,-1.294
1999-09-30 13:00:00,4.072,-0.824,2.793,0.582
1999-09-30 14:00:00,3.753,0.11,2.816,0.718
1999-09-30 15:00:00,3.6,-2.281,0.977,-1.04
1999-09-30 16:00:00,3.845,0.913,2.505,-0.43
1999-09-30 17:00:00,3.842,-0.6,2.779,1.947
1999-09-30 18:00:00,4.0,-1.74,2.773,-0.631
1999-09-30 19:00:00,3.607,-2.193,1.11,-0.429
1999-09-30 20:00:00,3.482,-1.078,1.722,-0.992
1999-09-30 21:00:00,3.143,-0.521,1.637,0.313
1999-09-30 22:00:00,2.741,0.753,1.953,0.064
1999-09-30 23:00:00,3.198,-0.169,2.452,-0.397
1999-10-01 00:00:00,3.907,2.017,2.479,1.013
1999-10-01 01:00:00,4.468,-1.242,2.983,-0.42
1999-10-01 02:00:00,4.481,0.286,4.021,-0.326
1999-10-01 03:00:00,4.878,-2.877,2.929,-1.096
1999-10-01 04:00:00,3.979,-1.773,2.1,-1.653
1999-10-01 05:00:00,3.772,-1.892,2.431,-0.335
1999-10-01 06:00:00,3.751,-1.661,1.385,-0.031
1999-10-01 07:00:00,3.316,-1.18,0.137,1.155
1999-10-01 08:00:00,3.277,-1.543,1.541,0.055
1999-10-01 09:00:00,3.664,-1.722,2.003,-0.065
1999-10-01 10:00:00,3.884,-3.34,0.806,-0.74
1999-10-01 11:00:00,4.172,-4.122,0.273,-0.269
1999-10-01 12:00:00,4.357,-3.513,1.138,-1.626
1999-10-01 13:00:00,3.976,-1.923,1.407,-1.744
1999-10-01 14:00:00,3.917,-1.115,1.913,-1.553
1999-10-01 15:00:00,4.093,0.542,3.106,-1.14
1999-10-01 16:00:00,4.519,2.089,2.446,1.048
1999-10-01 17:00:00,4.89,0.458,4.528,-1.449
1999-10-01 18:00:00,4.334,2.032,2.867,-2.302
1999-10-01 19:00:00,3.449,0.173,2.063,-0.606
1999-10-01 20:00:00,3.635,-0.111,2.19,0.118
1999-10-01 21:00:00,3.847,0.622,3.188,-0.537
1999-10-01 22:00:00,4.626,-2.077,2.999,-1.945
1999-10-01 23:00:00,6.063,-0.334,4.125,-2.423
1999-10-02 00:00:00,5.951,-2.468,3.111,-0.551
1999-10-02 01:00:00,6.962,-5.296,2.073,-2.785
1999-10-02 02:00:00,6.722,-2.306,3.779,1.168
1999-10-02 03:00:00,6.265,-3.221,1.772,-0.912
1999-10-02 04:00:00,6.164,-3.098,2.029,-4.148
1999-10-02 05:00:00,6.176,-3.579,2.661,-2.776
1999-10-02 06:00:00,5.81,-1.773,3.911,-1.847
1999-10-02 07:00:00,5.74,-0.861,4.555,-0.856
1999-10-02 08:00:00,6.103,-4.899,0.606,-3.417
1999-10-02 09:00:00,6.416,-4.999,0.438,-2.831
1999-10-02 10:00:00,6.284,-2.701,3.189,-2.895
1999-10-02 11:00:00,6.164,-3.815,3.968,-2.066
1999-10-02 12:00:00,6.27,-5.673,0.508,-1.951
1999-10-02 13:00:00,5.764,-3.686,2.491,-2.547
1999-10-02 14:00:00,4.068,-0.017,2.123,-0.493
1999-10-02 15:00:00,4.71,3.949,-0.52,1.824
1999-10-02 16:00:00,6.089,3.791,-3.477,1.622
1999-10-02 17:00:00,5.248,3.614,-3.477,0.031
1999-10-02 18:00:00,5.267,1.104,-4.487,-0.151
1999-10-02 19:00:00,5.714,3.236,-3.228,-1.187
1999-10-02 20:00:00,6.896,4.535,-4.619,-0.946
1999-10-02 21:00:00,7.956,2.077,-6.728,-2.556
1999-10-02 22:00:00,8.312,4.221,-6.821,-0.779
1999-10-02 23:00:00,8.06,4.27,-6.409,0.147
1999-10-03 00:00:00,7.476,4.617,-5.551,0.497
1999-10-03 01:00:00,7.083,4.205,-4.903,1.142
1999-10-03 02:00:00,6.642,5.068,-2.967,2.836
1999-10-03 03:00:00,6.795,4.89,-3.851,-1.303
1999-10-03 04:00:00,7.488,6.044,-2.997,2.733
1999-10-03 05:00:00,7.26,6.066,-2.807,2.684
1999-10-03 06:00:00,8.366,6.887,-3.881,1.374
1999-10-03 07:00:00,6.93,2.321,-0.857,-5.265
1999-10-03 08:00:00,7.462,4.0,-1.867,-2.639
1999-10-03 09:00:00,9.436,7.656,-5.019,-1.775
1999-10-03 10:00:00,9.091,6.773,-5.393,2.432
1999-10-03 11:00:00,8.627,5.886,-5.946,1.783
1999-10-03 12:00:00,5.943,0.419,0.922,-1.137
1999-10-03 13:00:00,7.874,3.313,4.362,-4.465
1999-10-03 14:00:00,7.861,2.101,6.326,-2.024
1999-10-03 15:00:00,7.902,4.357,4.921,-1.587
1999-10-03 16:00:00,7.892,7.143,-0.304,-0.685
1999-10-03 17:00:00,7.586,4.85,-2.605,2.527
1999-10-03 18:00:00,8.667,3.883,-6.832,2.376
1999-10-03 19:00:00,8.601,5.073,-6.578,-0.209
1999-10-03 20:00:00,9.044,4.703,-6.952,-0.56
1999-10-03 21:00:00,9.125,5.805,-5.948,3.624
1999-10-03 22:00:00,8.533,4.578,-5.648,3.048
1999-10-03 23:00:00,7.569,0.59,-4.006,4.31
1999-10-04 00:00:00,6.516,4.704,-1.232,1.885
1999-10-04 01:00:00,7.672,2.977,-5.593,0.179
1999-10-04 02:00:00,7.812,3.799,2.22,-3.648
1999-10-04 03:00:00,7.377,4.957,1.882,-4.456
1999-10-04 04:00:00,7.212,4.562,3.845,-0.645
1999-10-04 05:00:00,6.837,3.367,2.289,2.106
1999-10-04 06:00:00,7.053,5.102,1.57,1.042
1999-10-04 07:00:00,6.771,4.467,1.469,-0.991
1999-10-04 08:00:00,6.786,3.725,-4.301,0.276
1999-10-04 09:00:00,6.693,5.797,0.12,-1.371
1999-10-04 10:00:00,6.446,4.228,0.475,-2.859
1999-10-04 11:00:00,6.294,3.804,2.611,-2.316
1999-10-04 12:00:00,7.133,3.497,3.405,1.271
1999-10-04 13:00:00,9.168,8.173,3.104,0.579
1999-10-04 14:00:00,8.923,6.824,-3.437,-2.684
1999-10-04 15:00:00,9.435,7.083,-2.881,-2.56
1999-10-04 16:00:00,8.865,6.463,-3.897,-4.273
1999-10-04 17:00:00,7.961,2.784,-1.837,-1.047
1999-10-04 18:00:00,8.053,3.02,-3.429,-3.319
1999-10-04 19:00:00,6.073,2.571,-1.411,-1.48
1999-10-04 20:00:00,7.757,0.219,6.552,-2.787
1999-10-04 21:00:00,6.69,1.818,0.396,-3.107
1999-10-04 22:00:00,7.203,5.225,-2.814,-1.637
1999-10-04 23:00:00,7.961,2.523,-5.546,-1.118
1999-10-05 00:00:00,8.845,3.805,3.506,4.096
1999-10-05 01:00:00,10.11,6.477,2.953,4.335
1999-10-05 02:00:00,10.472,5.746,-3.38,5.363
1999-10-05 03:00:00,10.852,8.462,-3.944,1.617
1999-10-05 04:00:00,11.996,6.599,-6.915,-1.315
1999-10-05 05:00:00,13.189,9.74,-3.496,5.449
1999-10-05 06:00:00,13.876,7.322,-6.977,5.444
1999-10-05 07:00:00,11.546,4.049,-7.176,3.143
1999-10-05 08:00:00,9.85,3.441,-6.875,0.862
1999-10-05 09:00:00,9.314,6.375,-3.291,2.734
1999-10-05 10:00:00,8.895,1.364,-6.622,-2.028
1999-10-05 11:00:00,8.803,-0.232,-3.203,-3.302
1999-10-05 12:00:00,10.057,6.773,-4.27,4.681
1999-10-05 13:00:00,9.842,4.525,-6.955,1.189
1999-10-05 14:00:00,10.04,4.12,-7.296,1.798
1999-10-05 15:00:00,9.468,0.664,-7.475,-3.601
1999-10-05 16:00:00,6.621,3.676,-4.509,-0.609
1999-10-05 17:00:00,6.63,6.398,0.16,1.526
1999-10-05 18:00:00,6.831,6.576,0.296,0.813
1999-10-05 19:00:00,6.53,5.384,-0.595,1.633
1999-10-05 20:00:00,6.028,-1.769,-3.291,-1.718
1999-10-05 21:00:00,6.52,-4.594,-2.46,-1.382
1999-10-05 22:00:00,6.361,3.668,-3.682,2.228
1999-10-05 23:00:00,6.415,4.921,-3.034,2.405
1999-10-06 00:00:00,6.014,3.548,-4.105,2.261
1999-10-06 01:00:00,5.69,0.974,-4.554,2.838
1999-10-06 02:00:00,5.82,3.249,-3.427,2.239
1999-10-06 03:00:00,5.248,4.588,-1.559,1.539
1999-10-06 04:00:00,4.929,4.594,-1.201,0.031
1999-10-06 05:00:00,4.22,3.712,0.428,-0.12
1999-10-06 06:00:00,4.469,4.153,0.176,0.587
1999-10-06 07:00:00,3.789,2.741,-0.085,-1.267
1999-10-06 08:00:00,4.161,3.479,1.671,-1.229
1999-10-06 09:00:00,4.569,4.25,0.838,-1.132
1999-10-06 10:00:00,5.4,5.242,-0.348,-0.609
1999-10-06 11:00:00,5.909,5.776,-0.409,0.605
1999-10-06 12:00:00,6.871,4.66,0.037,3.143
1999-10-06 13:00:00,7.135,3.26,-2.937,2.501
1999-10-06 14:00:00,6.146,1.905,-4.903,1.78
1999-10-06 15:00:00,6.602,0.246,-5.682,1.39
1999-10-06 16:00:00,7.159,2.249,-5.448,2.398
1999-10-06 17:00:00,6.916,2.752,-5.772,1.821
1999-10-06 18:00:00,5.683,1.897,-4.213,1.067
1999-10-06 19:00:00,4.645,1.204,-3.803,1.66
1999-10-06 20:00:00,5.734,2.391,-3.632,2.964
1999-10-06 21:00:00,4.854,-0.116,-3.874,1.002
1999-10-06 22:00:00,4.804,-0.19,-3.753,2.289
1999-10-06 23:00:00,4.004,3.881,0.056,0.346
1999-10-07 00:00:00,3.717,2.06,1.041,-1.712
1999-10-07 01:00:00,4.253,3.6,0.613,1.716
1999-10-07 02:00:00,4.056,3.682,1.146,-0.402
1999-10-07 03:00:00,3.818,2.626,-0.262,-1.133
1999-10-07 04:00:00,3.888,1.307,-2.815,-0.733
1999-10-07 05:00:00,4.512,3.052,-2.61,0.556
1999-10-07 06:00:00,4.793,3.925,-2.536,0.209
1999-10-07 07:00:00,4.947,2.334,-2.933,2.832
1999-10-07 08:00:00,5.188,4.745,-1.916,0.448
1999-10-07 09:00:00,5.293,4.901,-1.421,-0.701
1999-10-07 10:00:00,5.176,4.998,-0.965,0.424
1999-10-07 11:00:00,5.617,2.471,-1.933,3.001
1999-10-07 12:00:00,5.975,2.801,-2.682,3.452
1999-10-07 13:00:00,6.208,5.999,-0.609,0.79
1999-10-07 14:00:00,6.314,5.387,-1.836,2.448
1999-10-07 15:00:00,6.353,4.718,-2.967,2.662
1999-10-07 16:00:00,6.227,4.637,-3.387,0.617
1999-10-07 17:00:00,6.561,4.931,-3.507,1.157
1999-10-07 18:00:00,6.84,5.099,-2.343,3.364
1999-10-07 19:00:00,7.489,4.133,-4.492,2.072
1999-10-07 20:00:00,7.631,3.162,-2.785,3.99
1999-10-07 21:00:00,8.147,3.465,-6.226,2.852
1999-10-07 22:00:00,8.133,-0.044,-0.727,6.939
1999-10-07 23:00:00,8.716,3.712,-5.603,1.885
1999-10-08 00:00:00,9.634,8.541,-2.673,-0.724
1999-10-08 01:00:00,9.309,7.769,-2.064,-1.373
1999-10-08 02:00:00,8.89,5.569,-2.394,-0.784
1999-10-08 03:00:00,8.693,-0.113,-7.08,-3.483
1999-10-08 04:00:00,7.721,2.35,-3.865,0.449
1999-10-08 05:00:00,8.027,2.109,-2.401,5.733
1999-10-08 06:00:00,6.6,2.104,-2.779,4.263
1999-10-08 07:00:00,6.766,0.62,-4.38,2.301
1999-10-08 08:00:00,5.158,1.296,-2.929,-2.428
1999-10-08 09:00:00,4.988,2.299,-1.809,-1.601
1999-10-08 10:00:00,4.963,2.866,0.638,-3.683
1999-10-08 11:00:00,4.49,3.514,2.089,-1.215
1999-10-08 12:00:00,3.697,2.475,1.734,1.112
1999-10-08 13:00:00,2.786,0.182,-0.664,1.718
1999-10-08 14:00:00,2.824,-0.371,0.487,1.853
1999-10-08 15:00:00,3.133,0.671,0.558,2.626
1999-10-08 16:00:00,2.219,0.027,0.277,1.822
1999-10-08 17:00:00,2.55,1.451,0.454,1.83
1999-10-08 18:00:00,3.376,-0.361,-0.762,1.679
1999-10-08 19:00:00,3.802,-1.442,-3.182,-0.217
1999-10-08 20:00:00,4.224,-2.101,-3.317,-0.75
1999-10-08 21:00:00,4.378,-0.899,-3.993,0.783
1999-10-08 22:00:00,4.718,0.977,-3.58,0.139
1999-10-08 23:00:00,4.764,-0.843,-3.07,0.018
1999-10-09 00:00:00,4.929,-1.304,-2.554,2.839
1999-10-09 01:00:00,5.457,-1.835,-4.733,1.074
1999-10-09 02:00:00,5.305,-0.157,-4.623,-0.233
1999-10-09 03:00:00,5.622,-4.016,-3.253,1.296
1999-10-09 04:00:00,6.043,-2.4,-1.665,2.258
1999-10-09 05:00:00,5.641,0.393,-4.273,-1.258
1999-10-09 06:00:00,6.23,0.026,-4.965,-1.886
1999-10-09 07:00:00,5.813,-3.245,-3.698,2.378
1999-10-09 08:00:00,5.167,-1.799,-3.164,1.09
1999-10-09 09:00:00,4.184,-2.53,-2.084,0.013
1999-10-09 10:00:00,4.781,-3.261,-1.703,2.25
1999-10-09 11:00:00,4.684,-2.665,-1.466,2.178
1999-10-09 12:00:00,3.041,2.296,-0.327,0.416
1999-10-09 13:00:00,4.222,1.785,-1.813,-1.424
1999-10-09 14:00:00,4.528,-0.167,-3.935,-0.321
1999-10-09 15:00:00,4.524,1.101,-2.224,1.903
1999-10-09 16:00:00,3.692,-0.032,-2.249,0.201
1999-10-09 17:00:00,6.397,0.059,-3.483,4.626
1999-10-09 18:00:00,5.69,1.539,-4.37,-0.038
1999-10-09 19:00:00,6.499,-2.578,3.733,2.892
1999-10-09 20:00:00,8.826,-4.846,4.383,-2.831
1999-10-09 21:00:00,9.611,-8.366,-2.346,-2.238
1999-10-09 22:00:00,10.053,-9.728,0.63,1.527
1999-10-09 23:00:00,12.794,-10.024,3.831,2.77
1999-10-10 00:00:00,16.809,-11.811,11.899,0.305
1999-10-10 01:00:00,17.094,-12.861,11.174,0.559
1999-10-10 02:00:00,16.885,-14.27,8.958,-0.271
1999-10-10 03:00:00,15.309,-11.946,8.772,-3.117
1999-10-10 04:00:00,11.748,-6.464,4.782,-6.806
1999-10-10 05:00:00,14.21,-9.258,8.516,-4.499
1999-10-10 06:00:00,17.078,-9.145,13.606,-4.071
1999-10-10 07:00:00,17.226,-8.701,14.292,-1.664
1999-10-10 08:00:00,15.701,-7.183,11.6,-3.577
1999-10-10 09:00:00,15.175,-3.668,-9.361,-5.919
1999-10-10 10:00:00,13.655,-3.164,-10.304,-6.41
1999-10-10 11:00:00,12.905,0.273,-10.102,-4.368
1999-10-10 12:00:00,13.423,1.51,-9.385,-8.391
1999-10-10 13:00:00,13.084,-4.976,-7.49,-6.379
1999-10-10 14:00:00,13.853,-7.056,2.753,-7.85
1999-10-10 15:00:00,14.758,-7.239,7.57,-7.536
1999-10-10 16:00:00,13.951,-6.764,11.527,-2.676
1999-10-10 17:00:00,12.135,-6.198,8.579,-0.118
1999-10-10 18:00:00,12.637,-8.259,9.273,-0.126
1999-10-10 19:00:00,13.062,-5.098,10.65,2.724
1999-10-10 20:00:00,12.52,-5.374,10.483,1.105
1999-10-10 21:00:00,12.279,-5.601,10.11,2.637
1999-10-10 22:00:00,10.705,-6.45,7.967,1.545
1999-10-10 23:00:00,9.172,-4.686,6.068,0.355
1999-10-11 00:00:00,8.953,-6.51,2.853,-0.563
1999-10-11 01:00:00,8.765,-4.854,4.975,-0.429
1999-10-11 02:00:00,8.758,-4.92,5.586,0.593
1999-10-11 03:00:00,8.444,-5.864,4.763,2.159
1999-10-11 04:00:00,8.446,-7.231,2.469,2.516
1999-10-11 05:00:00,7.893,-5.184,2.941,-4.287
1999-10-11 06:00:00,8.043,-4.96,3.663,-4.345
1999-10-11 07:00:00,8.13,-6.254,3.041,-2.387
1999-10-11 08:00:00,8.617,-7.624,2.258,-2.558
1999-10-11 09:00:00,7.87,-5.666,3.768,-1.491
1999-10-11 10:00:00,8.625,-7.014,3.696,-2.52
1999-10-11 11:00:00,8.275,-6.686,0.948,-3.033
1999-10-11 12:00:00,7.937,-5.857,4.187,0.454
1999-10-11 13:00:00,7.748,-5.58,3.219,0.326
1999-10-11 14:00:00,8.213,-6.403,3.103,-2.789
1999-10-11 15:00:00,7.626,-5.421,3.573,-2.108
1999-10-11 16:00:00,7.009,-3.656,3.959,2.562
1999-10-11 17:00:00,6.48,-3.198,3.693,1.136
1999-10-11 18:00:00,6.454,-4.159,1.352,1.029
1999-10-11 19:00:00,7.085,-5.615,1.746,-0.428
1999-10-11 20:00:00,7.462,-4.515,3.665,-3.076
1999-10-11 21:00:00,7.976,-5.205,2.578,-4.461
1999-10-11 22:00:00,8.073,-4.396,2.485,-4.635
1999-10-11 23:00:00,7.515,-2.514,4.258,3.027
1999-10-12 00:00:00,7.665,-6.885,1.122,0.508
1999-10-12 01:00:00,8.136,-6.296,-2.899,-2.986
1999-10-12 02:00:00,8.619,-5.966,0.452,-5.531
1999-10-12 03:00:00,8.5,-3.757,3.308,-4.721
1999-10-12 04:00:00,7.937,-2.817,6.163,-1.153
1999-10-12 05:00:00,7.705,-4.718,3.756,-1.863
1999-10-12 06:00:00,7.894,-4.443,4.572,2.599
1999-10-12 07:00:00,8.055,-4.253,5.18,-3.495
1999-10-12 08:00:00,8.056,-1.195,5.941,-3.919
1999-10-12 09:00:00,7.847,-1.671,4.446,-5.705
1999-10-12 10:00:00,7.114,-3.265,3.17,-4.628
1999-10-12 11:00:00,6.74,-2.094,1.829,2.849
1999-10-12 12:00:00,6.313,-4.34,-0.625,-1.717
1999-10-12 13:00:00,6.147,-3.724,0.576,-2.584
1999-10-12 14:00:00,6.043,-0.633,3.468,-1.525
1999-10-12 15:00:00,6.68,-1.336,1.72,-5.477
1999-10-12 16:00:00,6.806,-1.347,2.929,-3.413
1999-10-12 17:00:00,7.027,-3.155,1.579,3.578
1999-10-12 18:00:00,6.796,-3.001,4.377,-1.923
1999-10-12 19:00:00,7.077,-3.325,3.741,0.27
1999-10-12 20:00:00,7.215,-4.525,3.503,-0.318
1999-10-12 21:00:00,7.415,-6.114,-0.495,-3.058
1999-10-12 22:00:00,7.269,-4.639,1.21,-3.748
1999-10-12 23:00:00,7.135,-4.962,2.117,-1.871
1999-10-13 00:00:00,7.621,-5.245,0.713,-3.929
1999-10-13 01:00:00,7.547,-6.499,0.355,0.842
1999-10-13 02:00:00,7.805,-6.771,2.716,1.24
1999-10-13 03:00:00,7.81,-5.908,3.235,-1.17
1999-10-13 04:00:00,7.67,-6.649,2.152,-2.581
1999-10-13 05:00:00,7.103,-5.916,2.473,-2.214
1999-10-13 06:00:00,7.289,-4.134,3.538,-3.194
1999-10-13 07:00:00,6.932,-3.341,2.857,-3.498
1999-10-13 08:00:00,6.491,-3.906,2.118,-2.405
1999-10-13 09:00:00,6.533,-3.896,4.593,-0.94
1999-10-13 10:00:00,6.729,-2.722,4.902,-1.191
1999-10-13 11:00:00,7.159,-0.59,4.774,-2.777
1999-10-13 12:00:00,6.025,-4.506,3.069,-0.218
1999-10-13 13:00:00,5.467,0.857,1.702,-0.377
1999-10-13 14:00:00,5.813,-4.683,0.975,0.125
1999-10-13 15:00:00,6.037,-3.415,1.112,-0.293
1999-10-13 16:00:00,7.627,-6.403,2.85,-0.69
1999-10-13 17:00:00,7.946,-5.127,4.803,-1.788
1999-10-13 18:00:00,7.638,-5.995,1.698,-3.543
1999-10-13 19:00:00,7.38,-4.764,2.94,-2.414
1999-10-13 20:00:00,7.153,-5.659,0.109,-0.992
1999-10-13 21:00:00,6.489,-2.882,-4.003,-0.248
1999-10-13 22:00:00,7.273,0.157,-5.661,-1.123
1999-10-13 23:00:00,7.079,-5.342,2.291,-2.603
1999-10-14 00:00:00,6.495,-0.953,4.585,2.442
1999-10-14 01:00:00,6.363,-5.169,1.621,-2.321
1999-10-14 02:00:00,6.522,-4.371,4.431,-0.392
1999-10-14 03:00:00,7.587,-4.505,4.51,0.276
1999-10-14 04:00:00,7.632,-5.42,2.213,-0.054
1999-10-14 05:00:00,7.739,-6.015,2.636,0.637
1999-10-14 06:00:00,7.665,-5.707,1.008,-0.494
1999-10-14 07:00:00,7.832,-3.673,4.177,3.994
1999-10-14 08:00:00,7.968,-3.641,1.233,5.69
1999-10-14 09:00:00,7.504,-6.379,0.535,2.059
1999-10-14 10:00:00,7.806,-4.229,4.514,0.428
1999-10-14 11:00:00,7.898,-4.835,3.199,-3.553
1999-10-14 12:00:00,8.116,-6.699,1.104,-3.438
1999-10-14 13:00:00,8.033,-6.173,-0.076,-4.278
1999-10-14 14:00:00,8.36,-6.683,0.693,-4.55
1999-10-14 15:00:00,7.099,-4.668,2.255,1.125
1999-10-14 16:00:00,7.22,-3.653,3.092,2.185
1999-10-14 17:00:00,7.962,-4.141,-0.11,3.057
1999-10-14 18:00:00,7.119,-5.154,1.093,2.548
1999-10-14 19:00:00,5.975,-1.189,-0.992,-2.844
1999-10-14 20:00:00,6.435,-3.35,-1.987,1.44
1999-10-14 21:00:00,6.95,-2.374,1.843,1.188
1999-10-14 22:00:00,8.688,-6.212,3.041,0.483
1999-10-14 23:00:00,8.493,-3.805,1.493,-5.077
1999-10-15 00:00:00,8.066,-3.618,2.665,-4.502
1999-10-15 01:00:00,8.047,-5.243,2.133,-1.671
1999-10-15 02:00:00,8.133,-5.006,4.865,-0.805
1999-10-15 03:00:00,7.58,-2.233,4.167,-0.241
1999-10-15 04:00:00,7.203,-3.328,1.935,-4.223
1999-10-15 05:00:00,6.726,-1.977,5.383,-0.2
1999-10-15 06:00:00,6.173,-4.936,-1.18,0.093
1999-10-15 07:00:00,5.966,-3.181,2.906,-1.64
1999-10-15 08:00:00,5.86,-3.385,2.205,0.756
1999-10-15 09:00:00,5.547,-2.623,2.577,2.553
1999-10-15 10:00:00,5.317,-3.16,1.746,0.019
1999-10-15 11:00:00,5.703,-3.257,2.088,2.977
1999-10-15 12:00:00,5.846,-2.392,2.713,-2.715
1999-10-15 13:00:00,5.679,-4.218,0.363,-0.704
1999-10-15 14:00:00,5.751,-2.451,1.19,-3.038
1999-10-15 15:00:00,5.729,-3.271,3.027,1.328
1999-10-15 16:00:00,5.069,-3.232,2.024,-0.371
1999-10-15 17:00:00,4.911,-1.982,0.892,0.168
1999-10-15 18:00:00,4.935,-2.913,1.563,1.366
1999-10-15 19:00:00,4.857,-0.764,3.006,1.946
1999-10-15 20:00:00,4.98,-2.047,2.824,2.752
1999-10-15 21:00:00,4.984,-2.826,0.989,3.124
1999-10-15 22:00:00,5.169,-3.82,1.658,1.688
1999-10-15 23:00:00,5.371,-2.292,3.501,-1.213
1999-10-16 00:00:00,4.904,-2.678,2.979,-0.692
1999-10-16 01:00:00,5.535,-3.208,3.136,0.624
1999-10-16 02:00:00,5.713,-2.747,2.426,-3.543
1999-10-16 03:00:00,5.183,-1.625,1.291,-3.321
1999-10-16 04:00:00,5.11,-4.143,1.162,-0.838
1999-10-16 05:00:00,4.726,-3.832,1.716,-1.035
1999-10-16 06:00:00,4.741,1.184,0.506,3.118
1999-10-16 07:00:00,5.065,-1.134,2.522,0.137
1999-10-16 08:00:00,5.72,-4.535,2.479,-1.766
1999-10-16 09:00:00,5.905,-5.48,0.736,-0.4
1999-10-16 10:00:00,5.895,-5.16,1.3,-1.08
1999-10-16 11:00:00,5.663,-2.783,2.663,-2.549
1999-10-16 12:00:00,5.554,-3.884,-0.124,-3.213
1999-10-16 13:00:00,5.368,-2.824,1.687,-2.421
1999-10-16 14:00:00,5.06,-2.653,2.537,-0.912
1999-10-16 15:00:00,5.155,-3.519,0.932,0.917
1999-10-16 16:00:00,5.191,-3.002,1.592,-0.557
1999-10-16 17:00:00,4.743,-1.621,2.842,-1.382
1999-10-16 18:00:00,5.357,1.405,4.21,-1.553
1999-10-16 19:00:00,5.135,-0.561,2.237,-2.002
1999-10-16 20:00:00,5.39,-4.08,1.137,1.783
1999-10-16 21:00:00,5.201,-1.205,3.312,2.88
1999-10-16 22:00:00,5.39,-1.175,3.046,-2.134
1999-10-16 23:00:00,4.899,-0.326,3.472,-0.77
1999-10-17 00:00:00,5.251,-0.779,5.008,-0.029
1999-10-17 01:00:00,5.696,-0.426,4.51,-1.695
1999-10-17 02:00:00,5.526,-2.171,4.1,-1.053
1999-10-17 03:00:00,5.447,-0.516,4.698,-1.63
1999-10-17 04:00:00,5.552,-1.307,4.325,-2.746
1999-10-17 05:00:00,5.785,-2.825,3.667,-2.966
1999-10-17 06:00:00,5.461,-2.195,2.865,-2.536
1999-10-17 07:00:00,5.427,-2.423,0.695,-4.002
1999-10-17 08:00:00,5.072,-3.234,1.302,-1.744
1999-10-17 09:00:00,5.263,-2.539,1.971,-3.548
1999-10-17 10:00:00,5.42,-1.938,2.854,-3.649
1999-10-17 11:00:00,5.225,-1.847,0.624,-3.718
1999-10-17 12:00:00,5.139,-0.442,2.336,-2.475
1999-10-17 13:00:00,4.917,-2.631,0.693,-2.728
1999-10-17 14:00:00,5.076,-3.588,2.813,1.129
1999-10-17 15:00:00,4.735,-2.195,3.365,0.597
1999-10-17 16:00:00,4.772,-3.093,2.158,-0.98
1999-10-17 17:00:00,4.977,-4.234,1.81,0.663
1999-10-17 18:00:00,4.937,-3.432,2.943,0.709
1999-10-17 19:00:00,4.907,-2.315,3.733,1.584
1999-10-17 20:00:00,4.758,-2.548,2.836,1.806
1999-10-17 21:00:00,4.782,-3.318,2.776,1.147
1999-10-17 22:00:00,4.82,-0.978,3.832,1.561
1999-10-17 23:00:00,4.869,-0.913,3.693,2.617
1999-10-18 00:00:00,4.309,-3.048,1.762,0.584
1999-10-18 01:00:00,4.881,-3.16,3.139,1.336
1999-10-18 02:00:00,5.045,-2.448,3.352,1.852
1999-10-18 03:00:00,5.037,-3.225,2.803,1.501
1999-10-18 04:00:00,5.105,-4.566,-0.474,1.256
1999-10-18 05:00:00,5.284,-4.485,-0.963,2.382
1999-10-18 06:00:00,5.58,-4.949,-0.929,2.28
1999-10-18 07:00:00,6.114,-5.574,0.676,1.838
1999-10-18 08:00:00,6.612,-4.828,2.408,3.63
1999-10-18 09:00:00,6.188,-3.137,3.534,1.914
1999-10-18 10:00:00,5.834,0.14,4.24,-0.269
1999-10-18 11:00:00,4.638,-0.336,2.6,-0.99
1999-10-18 12:00:00,5.291,-1.861,4.284,0.569
1999-10-18 13:00:00,4.759,-2.094,3.254,-0.729
1999-10-18 14:00:00,4.255,-2.146,1.406,-2.278
1999-10-18 15:00:00,3.814,-3.189,1.097,-0.638
1999-10-18 16:00:00,4.199,-3.773,1.492,-0.544
1999-10-18 17:00:00,3.864,-2.192,2.528,-1.518
1999-10-18 18:00:00,4.398,-4.133,1.198,-0.636
1999-10-18 19:00:00,4.433,-2.622,1.666,-2.209
1999-10-18 20:00:00,4.648,-3.587,2.093,0.469
1999-10-18 21:00:00,4.505,-3.24,0.751,2.386
1999-10-18 22:00:00,4.099,-3.02,-0.959,-1.239
1999-10-18 23:00:00,4.154,-2.094,2.815,0.444
1999-10-19 00:00:00,4.122,-1.696,3.388,-0.425
1999-10-19 01:00:00,3.804,-2.68,2.438,0.534
1999-10-19 02:00:00,3.726,-2.732,2.318,0.624
1999-10-19 03:00:00,5.063,-1.311,0.555,-3.694
1999-10-19 04:00:00,5.524,0.653,0.206,-5.374
1999-10-19 05:00:00,5.104,-2.398,-0.153,-2.902
1999-10-19 06:00:00,4.803,-2.572,-0.718,-3.624
1999-10-19 07:00:00,4.228,-2.814,-0.257,-2.567
1999-10-19 08:00:00,4.547,-3.891,-1.657,-1.366
1999-10-19 09:00:00,4.695,-3.87,-0.303,1.949
1999-10-19 10:00:00,4.497,-2.907,1.977,2.741
1999-10-19 11:00:00,4.509,-3.807,0.687,2.104
1999-10-19 12:00:00,4.945,-4.485,0.213,2.001
1999-10-19 13:00:00,5.259,-4.315,0.819,2.807
1999-10-19 14:00:00,5.164,-4.133,0.497,2.914
1999-10-19 15:00:00,5.114,-3.617,-1.24,3.055
1999-10-19 16:00:00,5.101,-4.403,-0.641,2.313
1999-10-19 17:00:00,5.165,-4.491,-1.416,1.968
1999-10-19 18:00:00,5.067,-3.408,-3.418,1.101
1999-10-19 19:00:00,5.695,-2.166,1.899,2.086
1999-10-19 20:00:00,5.879,-3.765,-3.519,2.316
1999-10-19 21:00:00,5.455,-3.948,-0.063,2.819
1999-10-19 22:00:00,5.17,-3.593,1.605,3.102
1999-10-19 23:00:00,5.487,-2.419,2.801,3.897
1999-10-20 00:00:00,6.221,-1.403,4.56,3.86
1999-10-20 01:00:00,6.496,0.322,5.717,2.576
1999-10-20 02:00:00,6.415,-1.081,5.721,2.328
1999-10-20 03:00:00,6.983,-2.381,6.029,2.392
1999-10-20 04:00:00,7.352,-1.536,6.184,3.62
1999-10-20 05:00:00,7.449,-1.437,5.997,4.127
1999-10-20 06:00:00,7.727,-2.197,5.922,4.393
1999-10-20 07:00:00,8.116,-3.679,3.631,6.173
1999-10-20 08:00:00,7.15,-2.101,2.869,6.063
1999-10-20 09:00:00,7.429,-1.262,2.094,4.977
1999-10-20 10:00:00,7.68,-1.181,6.614,3.443
1999-10-20 11:00:00,7.513,-1.686,6.374,3.228
1999-10-20 12:00:00,7.543,-0.871,7.157,1.214
1999-10-20 13:00:00,7.347,-0.555,6.627,-0.205
1999-10-20 14:00:00,7.527,-2.299,6.226,2.861
1999-10-20 15:00:00,7.399,-1.659,6.593,2.078
1999-10-20 16:00:00,7.19,-2.387,6.676,0.595
1999-10-20 17:00:00,6.449,-2.097,5.875,-0.133
1999-10-20 18:00:00,5.982,-1.996,5.235,0.603
1999-10-20 19:00:00,6.163,-0.855,4.197,3.895
1999-10-20 20:00:00,6.628,-0.909,4.196,3.579
1999-10-20 21:00:00,6.375,-0.284,5.133,3.277
1999-10-20 22:00:00,6.187,-1.159,5.351,1.455
1999-10-20 23:00:00,8.06,-1.941,7.221,-0.634
1999-10-21 00:00:00,8.807,-2.843,7.955,1.592
1999-10-21 01:00:00,15.472,-3.221,13.178,1.0
1999-10-21 02:00:00,18.912,-2.309,14.41,3.95
1999-10-21 03:00:00,11.952,0.654,-1.335,6.908
1999-10-21 04:00:00,25.678,3.649,-14.324,19.726
1999-10-21 05:00:00,23.756,4.725,-15.965,16.512
1999-10-21 06:00:00,20.996,8.859,-14.442,11.59
1999-10-21 07:00:00,19.919,5.339,-14.763,7.894
1999-10-21 08:00:00,17.392,5.457,-14.253,6.994
1999-10-21 09:00:00,21.125,5.73,-18.071,8.866
1999-10-21 10:00:00,20.485,6.607,-18.354,5.548
1999-10-21 11:00:00,18.963,4.354,-17.915,3.856
1999-10-21 12:00:00,17.92,3.86,-16.236,6.067
1999-10-21 13:00:00,16.366,2.634,-15.32,4.814
1999-10-21 14:00:00,16.291,1.773,-15.606,4.155
1999-10-21 15:00:00,19.508,3.506,-18.972,1.727
1999-10-21 16:00:00,19.25,2.47,-18.627,-3.662
1999-10-21 17:00:00,18.265,4.068,-17.135,-2.948
1999-10-21 18:00:00,18.677,6.326,-16.899,2.045
1999-10-21 19:00:00,19.764,10.299,-16.062,1.329
1999-10-21 20:00:00,20.446,8.625,-12.77,12.871
1999-10-21 21:00:00,21.397,4.835,-8.317,18.708
1999-10-21 22:00:00,21.405,10.823,-7.767,5.729
1999-10-21 23:00:00,22.521,9.915,-5.668,-19.208
1999-10-22 00:00:00,23.1,12.269,-8.963,-17.158
1999-10-22 01:00:00,24.084,15.327,-10.635,-14.309
1999-10-22 02:00:00,27.054,14.184,-7.192,-19.278
1999-10-22 03:00:00,31.006,12.82,-2.622,-28.064
1999-10-22 04:00:00,34.961,17.054,-0.429,-30.415
1999-10-22 05:00:00,36.541,19.03,9.921,-28.119
1999-10-22 06:00:00,21.533,3.349,18.161,-5.524
1999-10-22 07:00:00,13.406,9.889,0.075,1.744
1999-10-22 08:00:00,11.353,10.239,-4.234,0.055
1999-10-22 09:00:00,7.052,-0.241,3.545,-2.306
1999-10-22 10:00:00,8.17,-2.841,6.245,-1.901
1999-10-22 11:00:00,9.154,0.155,8.839,-0.078
1999-10-22 12:00:00,5.954,-3.185,1.705,2.153
1999-10-22 13:00:00,7.797,-3.943,5.364,0.894
1999-10-22 14:00:00,8.526,-2.512,3.817,1.122
1999-10-22 15:00:00,7.581,-4.986,-3.389,-3.081
1999-10-22 16:00:00,8.262,-3.816,6.563,1.545
1999-10-22 17:00:00,6.867,-2.233,3.266,-3.135
1999-10-22 18:00:00,5.893,-5.372,0.684,-0.702
1999-10-22 19:00:00,7.389,-6.755,1.628,1.03
1999-10-22 20:00:00,6.966,-4.486,2.963,0.327
1999-10-22 21:00:00,6.811,-5.122,3.553,1.682
1999-10-22 22:00:00,6.219,-4.837,1.107,0.694
1999-10-22 23:00:00,6.737,-3.866,3.263,1.619
1999-10-23 00:00:00,8.588,-6.714,3.457,2.239
1999-10-23 01:00:00,8.444,-5.188,5.922,-0.71
1999-10-23 02:00:00,7.524,-5.063,3.875,-1.228
1999-10-23 03:00:00,6.877,-4.23,3.061,-0.2
1999-10-23 04:00:00,7.087,-5.882,0.079,2.439
1999-10-23 05:00:00,6.715,-5.736,-1.099,0.053
1999-10-23 06:00:00,6.436,-5.769,-1.117,-0.738
1999-10-23 07:00:00,7.287,-6.716,-1.456,1.677
1999-10-23 08:00:00,7.559,-6.818,-0.459,1.502
1999-10-23 09:00:00,7.375,-6.873,-0.043,2.218
1999-10-23 10:00:00,7.693,-7.355,0.719,0.848
1999-10-23 11:00:00,6.698,-5.964,0.478,1.787
1999-10-23 12:00:00,6.974,-5.35,1.319,-0.204
1999-10-23 13:00:00,7.284,-2.431,4.618,-3.955
1999-10-23 14:00:00,7.167,-0.179,3.925,-4.173
1999-10-23 15:00:00,7.276,-4.768,4.694,-1.537
1999-10-23 16:00:00,6.876,-4.378,4.101,-1.842
1999-10-23 17:00:00,7.288,-6.909,0.854,0.986
1999-10-23 18:00:00,7.31,-6.502,2.835,-0.075
1999-10-23 19:00:00,7.208,-4.868,3.676,-0.13
1999-10-23 20:00:00,7.523,-3.593,5.087,-0.828
1999-10-23 21:00:00,8.349,-3.714,5.976,-0.975
1999-10-23 22:00:00,7.437,-4.315,4.154,-1.418
1999-10-23 23:00:00,7.755,-3.395,4.987,-0.116
1999-10-24 00:00:00,7.946,-1.974,6.128,1.939
1999-10-24 01:00:00,7.797,-2.657,5.757,-2.656
1999-10-24 02:00:00,5.972,-3.885,2.396,-0.74
1999-10-24 03:00:00,5.187,-3.02,1.882,-2.647
1999-10-24 04:00:00,4.769,-3.446,1.898,-0.39
1999-10-24 05:00:00,5.102,-1.096,3.014,-2.709
1999-10-24 06:00:00,5.346,-2.057,2.202,-2.941
1999-10-24 07:00:00,5.429,-2.341,1.305,-3.645
1999-10-24 08:00:00,5.271,-3.05,1.877,-1.75
1999-10-24 09:00:00,5.323,-3.72,1.604,-1.945
1999-10-24 10:00:00,5.466,-3.096,2.509,-2.971
1999-10-24 11:00:00,5.415,-3.063,2.707,-1.124
1999-10-24 12:00:00,5.453,-1.873,3.139,-1.801
1999-10-24 13:00:00,5.208,-1.699,3.222,-0.179
1999-10-24 14:00:00,5.284,-3.697,1.669,1.176
1999-10-24 15:00:00,5.557,-3.164,2.306,0.876
1999-10-24 16:00:00,5.674,-3.753,-0.203,2.492
1999-10-24 17:00:00,5.853,-4.95,-0.408,-0.407
1999-10-24 18:00:00,6.214,-4.382,0.013,2.614
1999-10-24 19:00:00,6.461,-5.537,1.794,-0.46
1999-10-24 20:00:00,6.292,-2.406,4.716,-2.575
1999-10-24 21:00:00,6.336,-0.695,5.371,-2.467
1999-10-24 22:00:00,5.588,-1.835,3.736,-0.194
1999-10-24 23:00:00,5.561,-1.778,3.65,-2.689
1999-10-25 00:00:00,5.063,-1.856,1.667,-2.441
1999-10-25 01:00:00,5.114,-0.734,2.989,-2.224
1999-10-25 02:00:00,4.88,-2.841,2.457,0.512
1999-10-25 03:00:00,4.967,-2.882,2.062,0.899
1999-10-25 04:00:00,5.116,-2.771,0.327,1.689
1999-10-25 05:00:00,5.33,-2.026,3.382,-1.258
1999-10-25 06:00:00,4.907,-2.949,-0.768,0.076
1999-10-25 07:00:00,4.839,-1.412,3.661,-0.456
1999-10-25 08:00:00,4.392,-2.506,1.292,-1.701
1999-10-25 09:00:00,4.723,-2.286,0.263,-3.254
1999-10-25 10:00:00,4.416,-2.099,0.711,-1.424
1999-10-25 11:00:00,4.177,-1.648,0.849,-2.977
1999-10-25 12:00:00,3.655,-1.996,1.952,-0.66
1999-10-25 13:00:00,3.678,-1.407,1.423,-1.704
1999-10-25 14:00:00,3.93,-1.725,-2.074,-2.166
1999-10-25 15:00:00,3.967,0.094,-1.955,-3.008
1999-10-25 16:00:00,4.06,-2.819,-1.349,-1.819
1999-10-25 17:00:00,4.015,-3.206,1.6,0.208
1999-10-25 18:00:00,4.069,-2.402,1.153,2.333
1999-10-25 19:00:00,4.297,-2.038,-0.046,3.344
1999-10-25 20:00:00,4.149,-2.489,-0.726,2.942
1999-10-25 21:00:00,4.04,-3.337,-0.355,1.911
1999-10-25 22:00:00,4.328,-2.849,0.633,2.721
1999-10-25 23:00:00,4.448,-3.526,1.042,2.092
1999-10-26 00:00:00,4.591,-3.93,-0.786,1.86
1999-10-26 01:00:00,4.838,-3.847,1.231,-0.361
1999-10-26 02:00:00,4.689,-3.723,1.377,0.471
1999-10-26 03:00:00,4.845,-3.342,1.841,1.658
1999-10-26 04:00:00,4.881,-3.317,1.675,1.777
1999-10-26 05:00:00,4.876,-3.333,1.499,0.662
1999-10-26 06:00:00,4.92,-2.813,2.506,0.301
1999-10-26 07:00:00,5.087,-1.807,3.676,-0.495
1999-10-26 08:00:00,5.325,-3.527,2.213,-1.87
1999-10-26 09:00:00,5.245,-2.486,2.436,-3.555
1999-10-26 10:00:00,5.114,-1.738,3.411,-2.501
1999-10-26 11:00:00,4.893,-1.245,2.598,-3.454
1999-10-26 12:00:00,4.85,-3.06,2.186,-1.698
1999-10-26 13:00:00,5.008,-0.845,2.811,-2.746
1999-10-26 14:00:00,5.323,-2.489,3.445,-2.069
1999-10-26 15:00:00,5.121,-4.516,1.419,1.427
1999-10-26 16:00:00,4.904,-4.412,0.338,1.584
1999-10-26 17:00:00,4.838,-3.757,2.384,0.533
1999-10-26 18:00:00,4.763,-0.599,3.328,-2.24
1999-10-26 19:00:00,5.245,1.734,4.404,-1.542
1999-10-26 20:00:00,5.341,2.485,3.749,-1.162
1999-10-26 21:00:00,4.578,-0.96,3.037,1.068
1999-10-26 22:00:00,4.873,2.098,2.418,-0.569
1999-10-26 23:00:00,5.18,1.867,1.622,-2.122
1999-10-27 00:00:00,4.822,-1.678,3.806,0.26
1999-10-27 01:00:00,5.975,-2.568,3.407,-2.164
1999-10-27 02:00:00,5.799,-2.364,1.661,-4.621
1999-10-27 03:00:00,5.785,-3.467,0.083,-4.473
1999-10-27 04:00:00,5.969,1.264,4.292,-2.217
1999-10-27 05:00:00,5.878,1.234,3.503,-4.15
1999-10-27 06:00:00,5.845,-0.202,3.361,-4.535
1999-10-27 07:00:00,6.099,-1.319,4.067,-3.712
1999-10-27 08:00:00,5.889,-2.316,3.388,-3.681
1999-10-27 09:00:00,6.337,-2.405,3.528,-3.131
1999-10-27 10:00:00,6.202,-0.806,1.897,-5.593
1999-10-27 11:00:00,6.707,-0.276,0.637,-6.38
1999-10-27 12:00:00,7.128,-1.049,1.211,-6.372
1999-10-27 13:00:00,7.407,-1.908,2.986,-6.365
1999-10-27 14:00:00,6.782,-4.09,2.07,-4.64
1999-10-27 15:00:00,6.254,-2.873,0.789,-4.423
1999-10-27 16:00:00,7.1,-2.791,-1.884,-4.961
1999-10-27 17:00:00,7.399,-4.697,0.856,-5.087
1999-10-27 18:00:00,7.507,-5.779,3.324,-3.001
1999-10-27 19:00:00,7.337,-5.102,4.583,-1.786
1999-10-27 20:00:00,7.046,-4.126,3.894,-2.102
1999-10-27 21:00:00,7.11,-4.471,4.886,-0.998
1999-10-27 22:00:00,6.927,-2.887,4.25,-1.275
1999-10-27 23:00:00,7.349,-3.638,5.077,2.021
1999-10-28 00:00:00,7.316,-2.93,2.262,3.571
1999-10-28 01:00:00,7.508,-2.234,-0.232,5.332
1999-10-28 02:00:00,7.07,-4.514,0.161,1.855
1999-10-28 03:00:00,6.997,-4.053,3.482,0.044
1999-10-28 04:00:00,7.018,-2.896,4.604,0.831
1999-10-28 05:00:00,6.475,-2.912,3.217,-2.463
1999-10-28 06:00:00,6.362,-4.983,1.792,-1.191
1999-10-28 07:00:00,6.409,-4.734,2.474,-0.508
1999-10-28 08:00:00,6.331,-5.469,-0.005,0.244
1999-10-28 09:00:00,6.58,-3.778,4.283,2.254
1999-10-28 10:00:00,6.491,-4.224,3.379,1.48
1999-10-28 11:00:00,8.27,-2.928,3.617,5.456
1999-10-28 12:00:00,11.894,-5.14,6.205,-7.986
1999-10-28 13:00:00,10.991,-3.16,6.69,-7.043
1999-10-28 14:00:00,10.656,-5.226,2.898,-7.89
1999-10-28 15:00:00,10.04,-4.317,3.302,-6.595
1999-10-28 16:00:00,9.985,-4.395,2.878,-6.751
1999-10-28 17:00:00,8.514,-5.076,5.381,0.493
1999-10-28 18:00:00,8.498,-4.355,3.762,-5.478
1999-10-28 19:00:00,8.242,-0.705,7.007,1.636
1999-10-28 20:00:00,7.316,-2.478,5.805,-0.158
1999-10-28 21:00:00,7.728,-4.196,5.948,-1.493
1999-10-28 22:00:00,8.095,-5.564,4.2,-3.297
1999-10-28 23:00:00,7.464,-5.747,3.638,-1.71
1999-10-29 00:00:00,7.249,-0.983,6.083,2.763
1999-10-29 01:00:00,6.953,-1.402,5.195,1.513
1999-10-29 02:00:00,6.479,-3.885,5.065,-0.329
1999-10-29 03:00:00,6.333,-4.01,4.415,-1.528
1999-10-29 04:00:00,6.271,-4.268,3.664,-2.569
1999-10-29 05:00:00,6.476,-5.655,2.122,-2.024
1999-10-29 06:00:00,7.109,-6.973,0.424,-1.143
1999-10-29 07:00:00,7.43,-7.329,-0.183,-1.037
1999-10-29 08:00:00,7.114,-6.12,1.135,-2.208
1999-10-29 09:00:00,7.028,-4.87,0.955,-4.374
1999-10-29 10:00:00,6.825,-4.252,-0.575,-4.578
1999-10-29 11:00:00,7.178,-0.551,6.247,-2.68
1999-10-29 12:00:00,7.679,5.437,3.659,3.759
1999-10-29 13:00:00,8.743,6.362,-0.428,5.338
1999-10-29 14:00:00,8.647,4.706,-0.946,6.66
1999-10-29 15:00:00,7.318,4.328,-2.537,4.625
1999-10-29 16:00:00,7.638,4.89,-4.12,2.247
1999-10-29 17:00:00,6.596,3.497,-4.455,-1.302
1999-10-29 18:00:00,7.635,3.262,-5.229,-3.397
1999-10-29 19:00:00,7.274,0.254,-2.047,6.278
1999-10-29 20:00:00,7.638,4.073,-2.731,2.388
1999-10-29 21:00:00,7.528,3.689,-4.419,1.373
1999-10-29 22:00:00,7.628,5.515,-4.535,2.144
1999-10-29 23:00:00,7.233,6.243,-3.042,0.506
1999-10-30 00:00:00,6.245,5.704,-1.489,0.097
1999-10-30 01:00:00,5.1,4.667,-0.334,-1.767
1999-10-30 02:00:00,3.984,3.075,-1.483,-1.541
1999-10-30 03:00:00,4.861,3.283,-3.09,-1.288
1999-10-30 04:00:00,4.226,3.528,-1.968,-0.373
1999-10-30 05:00:00,4.332,-2.572,0.246,-1.379
1999-10-30 06:00:00,3.639,1.351,-0.527,-1.841
1999-10-30 07:00:00,3.175,2.119,-1.145,-1.103
1999-10-30 08:00:00,3.864,1.904,-1.405,-2.281
1999-10-30 09:00:00,4.094,2.543,-1.42,-1.907
1999-10-30 10:00:00,4.309,2.523,-1.336,-2.431
1999-10-30 11:00:00,4.676,-0.254,-0.863,-4.004
1999-10-30 12:00:00,5.979,-0.156,-2.133,-4.888
1999-10-30 13:00:00,4.814,2.721,-2.93,-2.557
1999-10-30 14:00:00,4.931,3.122,-2.643,-2.492
1999-10-30 15:00:00,6.208,5.637,-1.579,-0.175
1999-10-30 16:00:00,6.044,5.954,-0.862,0.425
1999-10-30 17:00:00,5.5,5.46,-0.306,-0.058
1999-10-30 18:00:00,5.276,5.068,-1.071,-0.303
1999-10-30 19:00:00,5.423,4.924,-0.426,-2.004
1999-10-30 20:00:00,5.045,4.744,0.757,-0.097
1999-10-30 21:00:00,4.707,4.324,0.092,-1.221
1999-10-30 22:00:00,5.451,4.379,0.529,-3.082
1999-10-30 23:00:00,5.68,4.386,-0.828,-3.339
1999-10-31 00:00:00,5.964,4.911,-2.592,-1.725
1999-10-31 01:00:00,6.178,5.885,-0.844,-1.433
1999-10-31 02:00:00,6.645,6.538,-0.745,-0.832
1999-10-31 03:00:00,6.916,6.662,-0.215,-1.322
1999-10-31 04:00:00,5.625,-0.058,5.447,-0.241
1999-10-31 05:00:00,6.196,-1.094,5.984,-0.048
1999-10-31 06:00:00,8.145,-1.494,7.697,0.798
1999-10-31 07:00:00,10.728,0.107,7.42,2.097
1999-10-31 08:00:00,12.852,11.135,2.263,5.339
1999-10-31 09:00:00,11.468,7.38,4.317,6.008
1999-10-31 10:00:00,11.905,7.051,5.707,2.262
1999-10-31 11:00:00,13.546,10.97,1.644,7.464
1999-10-31 12:00:00,12.517,6.084,-6.458,8.043
1999-10-31 13:00:00,11.345,4.137,-7.408,5.791
1999-10-31 14:00:00,7.113,2.044,-5.113,-0.361
1999-10-31 15:00:00,10.903,5.672,-8.599,3.152
1999-10-31 16:00:00,10.005,5.085,-7.855,0.754
1999-10-31 17:00:00,10.618,7.234,-5.438,4.819
1999-10-31 18:00:00,10.285,6.977,-5.489,2.456
1999-10-31 19:00:00,9.762,7.484,-4.622,2.331
1999-10-31 20:00:00,11.35,4.623,-9.555,2.512
1999-10-31 21:00:00,9.95,4.4,-5.825,-4.44
1999-10-31 22:00:00,6.749,1.911,-4.005,-0.63
1999-10-31 23:00:00,8.174,1.03,-5.603,-3.516
1999-11-01 00:00:00,9.256,-0.656,-8.252,0.563
1999-11-01 01:00:00,10.903,3.649,-8.731,0.015
1999-11-01 02:00:00,10.079,3.489,-7.575,-1.629
1999-11-01 03:00:00,11.06,6.004,-7.618,3.619
1999-11-01 04:00:00,10.788,4.705,-6.233,4.144
1999-11-01 05:00:00,10.312,2.868,-7.498,1.999
1999-11-01 06:00:00,7.171,4.834,-2.498,2.627
1999-11-01 07:00:00,6.034,5.12,1.317,-1.782
1999-11-01 08:00:00,6.001,2.362,1.095,-4.574
1999-11-01 09:00:00,5.367,3.148,-2.79,0.423
1999-11-01 10:00:00,5.438,3.634,-0.217,-1.34
1999-11-01 11:00:00,5.744,2.426,-4.219,-0.721
1999-11-01 12:00:00,6.041,2.049,-4.227,3.117
1999-11-01 13:00:00,5.888,4.096,-1.111,-0.783
1999-11-01 14:00:00,5.846,2.823,-3.369,2.62
1999-11-01 15:00:00,6.139,1.361,-3.399,3.752
1999-11-01 16:00:00,6.161,3.657,-3.196,1.188
1999-11-01 17:00:00,5.965,4.784,-1.331,-1.196
1999-11-01 18:00:00,6.094,4.491,-1.986,1.489
1999-11-01 19:00:00,5.61,1.217,-2.827,-0.421
1999-11-01 20:00:00,6.101,-0.62,-4.384,2.022
1999-11-01 21:00:00,6.237,2.775,-4.734,0.447
1999-11-01 22:00:00,6.197,4.593,-2.595,-1.884
1999-11-01 23:00:00,6.04,3.961,-3.054,-2.174
1999-11-02 00:00:00,5.812,3.915,-2.07,-0.736
1999-11-02 01:00:00,5.804,4.128,-1.992,-0.609
1999-11-02 02:00:00,5.742,5.037,-0.276,0.565
1999-11-02 03:00:00,5.952,4.146,-2.424,0.465
1999-11-02 04:00:00,6.034,3.142,-2.917,2.305
1999-11-02 05:00:00,6.197,2.61,-2.608,-2.088
1999-11-02 06:00:00,6.054,3.685,-2.017,-2.824
1999-11-02 07:00:00,6.248,3.554,-3.985,-1.382
1999-11-02 08:00:00,5.944,4.372,-1.011,-1.738
1999-11-02 09:00:00,5.727,4.147,-2.413,1.219
1999-11-02 10:00:00,6.268,-0.438,-4.904,1.121
1999-11-02 11:00:00,6.242,1.009,-4.06,2.702
1999-11-02 12:00:00,6.042,2.524,-2.255,4.6
1999-11-02 13:00:00,5.934,1.63,-0.924,4.468
1999-11-02 14:00:00,5.808,1.532,-2.713,1.765
1999-11-02 15:00:00,5.746,1.991,-3.233,0.979
1999-11-02 16:00:00,5.817,0.774,-2.203,4.761
1999-11-02 17:00:00,5.769,1.7,-3.549,3.204
1999-11-02 18:00:00,5.849,4.679,-1.368,-0.556
1999-11-02 19:00:00,6.044,4.212,-2.943,-1.864
1999-11-02 20:00:00,5.937,4.499,-2.354,-2.656
1999-11-02 21:00:00,6.012,3.938,-1.796,-3.847
1999-11-02 22:00:00,5.817,4.483,-1.681,-2.964
1999-11-02 23:00:00,5.951,2.805,-4.216,-0.4
1999-11-03 00:00:00,5.953,1.557,-5.508,-0.996
1999-11-03 01:00:00,6.087,0.079,-5.952,-0.245
1999-11-03 02:00:00,6.017,1.67,-4.172,0.112
1999-11-03 03:00:00,5.943,5.86,-0.598,-0.671
1999-11-03 04:00:00,5.739,5.442,-1.327,-0.519
1999-11-03 05:00:00,5.644,5.027,-2.411,-0.452
1999-11-03 06:00:00,5.72,5.025,-2.532,-0.056
1999-11-03 07:00:00,5.83,3.671,-3.633,1.597
1999-11-03 08:00:00,5.979,2.941,-4.151,-1.667
1999-11-03 09:00:00,6.67,1.427,-5.616,1.411
1999-11-03 10:00:00,5.995,-0.53,-3.458,4.023
1999-11-03 11:00:00,6.123,-1.2,-4.178,3.079
1999-11-03 12:00:00,6.169,2.395,-5.084,0.647
1999-11-03 13:00:00,5.921,2.627,-4.095,1.516
1999-11-03 14:00:00,6.081,2.107,-4.17,2.765
1999-11-03 15:00:00,6.246,1.825,-5.143,2.177
1999-11-03 16:00:00,6.305,3.052,-4.178,3.106
1999-11-03 17:00:00,6.511,3.832,-4.274,-1.152
1999-11-03 18:00:00,7.201,4.176,-5.103,-0.68
1999-11-03 19:00:00,7.658,5.787,-4.073,-2.636
1999-11-03 20:00:00,7.571,5.313,-4.643,1.039
1999-11-03 21:00:00,7.839,2.78,-6.506,2.455
1999-11-03 22:00:00,9.133,3.263,-7.812,1.845
1999-11-03 23:00:00,9.699,2.17,-7.006,4.655
1999-11-04 00:00:00,10.606,3.913,-8.869,-1.023
1999-11-04 01:00:00,11.204,4.717,-9.606,-3.078
1999-11-04 02:00:00,11.548,3.799,-10.347,-2.12
1999-11-04 03:00:00,11.511,3.26,-10.239,-1.312
1999-11-04 04:00:00,11.192,4.139,-9.94,1.451
1999-11-04 05:00:00,11.254,4.281,-7.497,6.364
1999-11-04 06:00:00,10.189,2.539,-4.682,6.913
1999-11-04 07:00:00,9.871,3.261,-6.411,5.228
1999-11-04 08:00:00,9.58,5.241,-7.294,2.123
1999-11-04 09:00:00,9.63,5.95,-7.204,1.628
1999-11-04 10:00:00,9.356,5.71,-5.641,3.352
1999-11-04 11:00:00,9.263,4.491,-6.48,3.725
1999-11-04 12:00:00,8.688,6.065,-1.363,4.607
1999-11-04 13:00:00,8.012,5.425,-3.819,2.301
1999-11-04 14:00:00,8.274,3.521,-3.999,4.139
1999-11-04 15:00:00,8.142,2.816,1.009,3.533
1999-11-04 16:00:00,7.725,3.29,-4.542,3.171
1999-11-04 17:00:00,7.297,2.592,-5.115,1.348
1999-11-04 18:00:00,7.122,4.957,-0.194,3.322
1999-11-04 19:00:00,6.914,4.926,-3.372,1.179
1999-11-04 20:00:00,7.064,5.658,-0.305,1.007
1999-11-04 21:00:00,7.016,4.208,-3.363,1.085
1999-11-04 22:00:00,6.964,3.84,-4.053,1.181
1999-11-04 23:00:00,6.87,3.232,-5.364,1.089
1999-11-05 00:00:00,6.537,3.3,-4.049,1.107
1999-11-05 01:00:00,6.472,5.908,-1.455,0.643
1999-11-05 02:00:00,6.374,5.916,-1.23,1.298
1999-11-05 03:00:00,6.298,5.377,-2.306,0.976
1999-11-05 04:00:00,6.12,5.443,-1.193,1.889
1999-11-05 05:00:00,5.923,5.02,-1.572,2.002
1999-11-05 06:00:00,5.987,5.608,0.26,0.653
1999-11-05 07:00:00,5.918,5.758,0.25,0.021
1999-11-05 08:00:00,5.779,5.374,-0.816,0.945
1999-11-05 09:00:00,5.807,4.314,-2.572,2.462
1999-11-05 10:00:00,6.09,4.248,-2.347,3.353
1999-11-05 11:00:00,6.296,5.621,0.158,2.131
1999-11-05 12:00:00,6.632,4.897,-2.242,3.653
1999-11-05 13:00:00,6.656,5.088,-2.349,3.345
1999-11-05 14:00:00,6.868,5.634,-2.605,0.069
1999-11-05 15:00:00,6.426,4.984,-3.31,-0.883
1999-11-05 16:00:00,6.314,3.3,-4.638,-1.44
1999-11-05 17:00:00,6.249,4.043,-4.56,0.063
1999-11-05 18:00:00,6.483,3.871,-5.088,-0.823
1999-11-05 19:00:00,9.569,-0.283,-8.328,1.776
1999-11-05 20:00:00,10.318,1.058,-8.714,-1.385
1999-11-05 21:00:00,7.752,3.738,-1.65,-5.165
1999-11-05 22:00:00,7.379,2.675,-3.488,-4.044
1999-11-05 23:00:00,8.548,0.319,-7.265,-1.54
1999-11-06 00:00:00,7.43,-2.857,-5.943,-1.605
1999-11-06 01:00:00,7.282,-0.295,-6.685,2.057
1999-11-06 02:00:00,6.68,0.531,-6.413,-0.875
1999-11-06 03:00:00,6.304,-1.193,-6.069,-0.268
1999-11-06 04:00:00,6.918,-3.415,-5.525,-0.936
1999-11-06 05:00:00,7.177,-6.144,-2.716,2.172
1999-11-06 06:00:00,7.578,-6.326,-0.683,3.423
1999-11-06 07:00:00,7.141,-5.837,1.084,3.947
1999-11-06 08:00:00,5.834,-2.098,-0.371,1.054
1999-11-06 09:00:00,6.327,3.461,-4.531,-2.632
1999-11-06 10:00:00,5.937,3.428,-3.774,-2.622
1999-11-06 11:00:00,5.613,3.65,-3.093,-2.667
1999-11-06 12:00:00,3.475,1.701,-1.989,-0.558
1999-11-06 13:00:00,3.409,-2.479,1.661,1.535
1999-11-06 14:00:00,4.474,-4.081,0.198,1.343
1999-11-06 15:00:00,4.817,-2.738,-3.303,0.679
1999-11-06 16:00:00,8.565,2.671,-2.072,-7.107
1999-11-06 17:00:00,4.614,-0.882,1.832,-2.603
1999-11-06 18:00:00,3.785,-0.037,-1.041,-1.581
1999-11-06 19:00:00,4.888,1.896,-2.413,-1.379
1999-11-06 20:00:00,4.724,2.838,-2.707,-2.031
1999-11-06 21:00:00,4.143,-0.881,-3.543,1.056
1999-11-06 22:00:00,4.31,0.257,-3.448,0.106
1999-11-06 23:00:00,9.049,3.3,3.553,-3.996
1999-11-07 00:00:00,15.417,-0.535,14.256,-0.792
1999-11-07 01:00:00,13.134,-4.262,6.627,3.162
1999-11-07 02:00:00,14.894,-2.081,-12.952,-1.265
1999-11-07 03:00:00,15.704,2.205,-6.148,-13.783
1999-11-07 04:00:00,15.717,3.116,4.856,-13.278
1999-11-07 05:00:00,12.381,4.007,10.707,-2.693
1999-11-07 06:00:00,13.609,-0.691,9.506,2.718
1999-11-07 07:00:00,15.996,-6.508,4.449,13.299
1999-11-07 08:00:00,12.251,-8.106,-0.277,5.133
1999-11-07 09:00:00,12.612,-6.435,4.527,5.849
1999-11-07 10:00:00,16.327,-8.115,11.882,-4.806
1999-11-07 11:00:00,14.356,-5.774,9.188,-3.627
1999-11-07 12:00:00,13.927,-5.323,9.915,-1.889
1999-11-07 13:00:00,13.123,-4.851,10.169,-0.664
1999-11-07 14:00:00,12.534,-9.531,7.661,-0.966
1999-11-07 15:00:00,12.809,-9.441,8.182,1.175
1999-11-07 16:00:00,14.573,-9.663,10.781,0.726
1999-11-07 17:00:00,15.814,-8.496,13.278,0.163
1999-11-07 18:00:00,16.584,-6.537,14.474,3.582
1999-11-07 19:00:00,12.908,-3.228,9.865,2.828
1999-11-07 20:00:00,14.929,-6.106,12.157,0.813
1999-11-07 21:00:00,11.669,-7.293,6.653,-1.78
1999-11-07 22:00:00,12.107,-6.061,4.599,-7.685
1999-11-07 23:00:00,10.955,-5.851,7.575,-0.107
1999-11-08 00:00:00,8.742,-2.548,6.215,2.418
1999-11-08 01:00:00,7.195,-0.644,3.048,3.574
1999-11-08 02:00:00,7.046,-2.664,3.023,1.34
1999-11-08 03:00:00,8.201,-3.735,4.351,-4.705
1999-11-08 04:00:00,8.78,0.436,3.576,4.709
1999-11-08 05:00:00,9.688,-2.634,4.587,0.657
1999-11-08 06:00:00,9.188,-5.576,6.446,-2.5
1999-11-08 07:00:00,8.177,-5.006,4.611,-2.535
1999-11-08 08:00:00,8.294,-3.662,5.277,-2.673
1999-11-08 09:00:00,8.096,-3.531,2.996,-2.328
1999-11-08 10:00:00,8.414,-5.307,2.584,-3.247
1999-11-08 11:00:00,9.176,-4.311,2.596,-6.955
1999-11-08 12:00:00,9.214,-6.034,3.01,-5.149
1999-11-08 13:00:00,8.677,-5.877,3.648,-3.094
1999-11-08 14:00:00,7.061,-3.731,1.841,3.951
1999-11-08 15:00:00,7.858,-5.773,1.916,0.658
1999-11-08 16:00:00,8.32,-3.608,6.518,0.92
1999-11-08 17:00:00,8.452,-5.276,3.74,-2.403
1999-11-08 18:00:00,9.078,-6.083,3.466,-4.382
1999-11-08 19:00:00,9.113,-5.974,3.152,1.262
1999-11-08 20:00:00,9.259,-6.04,5.855,-2.053
1999-11-08 21:00:00,8.602,-4.053,6.471,1.14
1999-11-08 22:00:00,8.366,-3.748,6.379,-0.228
1999-11-08 23:00:00,8.056,-3.081,5.386,-1.142
1999-11-09 00:00:00,7.881,-5.245,3.222,-0.153
1999-11-09 01:00:00,7.8,-5.649,2.932,-0.009
1999-11-09 02:00:00,7.561,-3.857,0.3,-2.015
1999-11-09 03:00:00,7.876,-3.316,4.101,-2.862
1999-11-09 04:00:00,7.414,-2.956,3.314,-3.206
1999-11-09 05:00:00,7.208,-2.229,5.076,3.36
1999-11-09 06:00:00,7.127,-4.449,3.222,2.237
1999-11-09 07:00:00,7.412,-3.699,4.418,-2.114
1999-11-09 08:00:00,7.365,-5.329,1.804,-3.754
1999-11-09 09:00:00,7.563,-4.844,-0.951,-4.522
1999-11-09 10:00:00,6.533,-3.486,1.34,-4.127
1999-11-09 11:00:00,3.983,-0.921,2.362,-0.611
1999-11-09 12:00:00,4.184,-1.358,1.316,0.351
1999-11-09 13:00:00,5.051,-2.884,2.903,-1.584
1999-11-09 14:00:00,5.621,-4.455,-0.256,-2.76
1999-11-09 15:00:00,5.176,-3.978,1.964,0.164
1999-11-09 16:00:00,5.433,-1.467,2.735,0.876
1999-11-09 17:00:00,5.265,-2.63,2.066,0.112
1999-11-09 18:00:00,5.521,-4.685,0.631,0.643
1999-11-09 19:00:00,5.498,-2.348,2.825,-1.813
1999-11-09 20:00:00,5.503,-3.944,2.627,-0.579
1999-11-09 21:00:00,5.41,-3.134,2.071,0.765
1999-11-09 22:00:00,5.386,-3.202,2.907,-0.309
1999-11-09 23:00:00,5.325,-0.575,3.907,1.92
1999-11-10 00:00:00,5.49,-1.641,2.925,1.507
1999-11-10 01:00:00,5.45,-3.483,1.985,-1.173
1999-11-10 02:00:00,5.032,-3.657,1.931,-0.494
1999-11-10 03:00:00,4.517,-2.135,0.171,2.326
1999-11-10 04:00:00,5.077,-3.089,-0.185,2.526
1999-11-10 05:00:00,5.377,-4.701,0.825,-0.378
1999-11-10 06:00:00,5.408,-4.155,-0.559,2.608
1999-11-10 07:00:00,5.559,-4.99,1.721,-0.504
1999-11-10 08:00:00,5.572,-2.924,3.431,0.979
1999-11-10 09:00:00,4.805,-3.672,1.46,1.101
1999-11-10 10:00:00,5.038,-4.471,-0.066,0.487
1999-11-10 11:00:00,5.175,-4.651,1.183,-0.69
1999-11-10 12:00:00,5.36,-3.983,2.702,-1.057
1999-11-10 13:00:00,5.911,-2.768,3.463,0.167
1999-11-10 14:00:00,6.209,-2.347,4.891,0.786
1999-11-10 15:00:00,6.44,-4.099,3.159,0.558
1999-11-10 16:00:00,6.306,-5.371,1.118,-1.906
1999-11-10 17:00:00,5.39,-2.221,2.972,0.865
1999-11-10 18:00:00,5.744,-1.156,3.706,0.463
1999-11-10 19:00:00,5.91,-4.089,2.876,-2.377
1999-11-10 20:00:00,5.864,-4.148,1.507,0.066
1999-11-10 21:00:00,6.878,-5.026,3.401,0.606
1999-11-10 22:00:00,7.173,-4.883,2.613,-3.16
1999-11-10 23:00:00,6.72,-3.514,4.804,-1.054
1999-11-11 00:00:00,6.584,-4.751,0.219,-2.942
1999-11-11 01:00:00,7.908,-5.193,4.303,-0.123
1999-11-11 02:00:00,7.854,-2.796,4.07,-4.85
1999-11-11 03:00:00,7.901,-2.495,2.66,-6.158
1999-11-11 04:00:00,7.666,-3.655,2.855,-4.49
1999-11-11 05:00:00,8.113,-4.85,4.405,-3.898
1999-11-11 06:00:00,7.909,-5.187,3.004,-2.619
1999-11-11 07:00:00,7.891,-6.767,2.163,-2.217
1999-11-11 08:00:00,7.22,-2.838,4.769,-1.507
1999-11-11 09:00:00,7.049,-3.038,5.123,-0.898
1999-11-11 10:00:00,6.6,-3.156,4.095,-1.728
1999-11-11 11:00:00,6.849,-3.102,4.312,2.55
1999-11-11 12:00:00,6.51,-3.851,2.961,1.967
1999-11-11 13:00:00,6.418,-3.734,3.224,1.957
1999-11-11 14:00:00,6.549,-2.657,5.357,0.835
1999-11-11 15:00:00,6.124,-3.278,3.281,-1.871
1999-11-11 16:00:00,5.946,-2.657,0.839,-3.142
1999-11-11 17:00:00,6.213,-4.134,1.383,-2.995
1999-11-11 18:00:00,6.288,-3.662,3.97,1.896
1999-11-11 19:00:00,5.797,-3.591,1.206,-3.401
1999-11-11 20:00:00,5.842,-4.596,2.46,-1.887
1999-11-11 21:00:00,5.437,-3.262,3.463,-0.706
1999-11-11 22:00:00,4.947,-2.045,2.342,1.737
1999-11-11 23:00:00,4.639,-2.255,2.255,0.656
1999-11-12 00:00:00,5.097,-2.473,2.082,0.402
1999-11-12 01:00:00,4.869,-2.871,2.577,-1.359
1999-11-12 02:00:00,4.763,-2.564,2.485,0.005
1999-11-12 03:00:00,4.729,-3.977,1.424,-0.233
1999-11-12 04:00:00,4.558,-4.0,0.574,-0.283
1999-11-12 05:00:00,4.634,-3.993,1.733,-0.457
1999-11-12 06:00:00,4.609,-2.789,3.083,-0.198
1999-11-12 07:00:00,4.487,-2.84,3.222,0.565
1999-11-12 08:00:00,4.627,-3.292,3.042,-0.258
1999-11-12 09:00:00,4.558,-2.192,3.505,-0.401
1999-11-12 10:00:00,4.754,-2.993,3.502,-0.988
1999-11-12 11:00:00,4.714,-2.335,3.439,-0.311
1999-11-12 12:00:00,4.642,0.257,3.46,0.422
1999-11-12 13:00:00,4.896,-2.935,3.659,-1.276
1999-11-12 14:00:00,5.113,-3.668,3.227,-1.333
1999-11-12 15:00:00,4.942,-3.5,2.74,-2.105
1999-11-12 16:00:00,4.998,-3.457,3.0,-1.878
1999-11-12 17:00:00,5.072,-3.619,3.354,-0.938
1999-11-12 18:00:00,5.152,-1.641,3.104,-2.428
1999-11-12 19:00:00,4.974,0.639,2.479,-4.159
1999-11-12 20:00:00,5.179,0.616,3.108,-4.043
1999-11-12 21:00:00,5.601,1.354,2.978,-4.453
1999-11-12 22:00:00,5.895,1.649,2.597,-4.87
1999-11-12 23:00:00,6.203,2.179,3.508,-4.579
1999-11-13 00:00:00,6.305,0.291,2.304,-5.757
1999-11-13 01:00:00,6.337,0.174,2.739,-5.641
1999-11-13 02:00:00,6.146,1.539,3.918,-4.383
1999-11-13 03:00:00,6.2,1.852,4.327,-4.003
1999-11-13 04:00:00,6.182,1.884,4.115,-3.687
1999-11-13 05:00:00,6.144,2.013,3.986,-4.034
1999-11-13 06:00:00,5.998,2.045,3.864,-4.016
1999-11-13 07:00:00,6.038,1.717,4.363,-3.594
1999-11-13 08:00:00,6.165,2.031,4.748,-3.259
1999-11-13 09:00:00,6.477,1.3,4.57,-4.3
1999-11-13 10:00:00,6.66,-0.481,3.726,-5.456
1999-11-13 11:00:00,6.616,1.02,-0.721,-6.297
1999-11-13 12:00:00,9.523,1.046,1.418,-9.195
1999-11-13 13:00:00,10.822,1.796,5.493,-8.887
1999-11-13 14:00:00,11.591,2.507,9.045,-5.926
1999-11-13 15:00:00,11.233,3.069,9.879,-3.785
1999-11-13 16:00:00,11.492,1.277,5.793,-8.71
1999-11-13 17:00:00,11.858,-0.127,0.803,-11.685
1999-11-13 18:00:00,11.92,1.059,2.346,-11.345
1999-11-13 19:00:00,11.781,-3.18,-0.964,-11.073
1999-11-13 20:00:00,14.362,-2.616,8.271,-6.243
1999-11-13 21:00:00,12.945,-2.705,9.875,3.376
1999-11-13 22:00:00,9.465,-1.628,4.458,7.748
1999-11-13 23:00:00,9.068,-1.199,5.687,6.735
1999-11-14 00:00:00,9.806,2.482,6.842,-0.275
1999-11-14 01:00:00,9.878,-0.907,2.102,9.378
1999-11-14 02:00:00,9.349,-0.469,7.124,5.78
1999-11-14 03:00:00,8.567,1.755,7.666,3.269
1999-11-14 04:00:00,8.054,2.95,7.444,0.199
1999-11-14 05:00:00,7.534,3.679,6.419,-1.29
1999-11-14 06:00:00,7.076,3.781,5.78,-1.305
1999-11-14 07:00:00,5.775,3.501,3.979,-2.047
1999-11-14 08:00:00,5.667,4.209,2.459,-2.557
1999-11-14 09:00:00,5.319,3.247,-0.68,-2.265
1999-11-14 10:00:00,5.038,3.508,3.184,-1.563
1999-11-14 11:00:00,4.668,3.453,1.894,-2.36
1999-11-14 12:00:00,4.554,3.821,0.328,-2.226
1999-11-14 13:00:00,4.674,3.295,-0.819,-2.857
1999-11-14 14:00:00,4.562,3.324,-0.906,-2.422
1999-11-14 15:00:00,4.694,3.706,2.26,-1.086
1999-11-14 16:00:00,4.239,3.628,1.635,-1.113
1999-11-14 17:00:00,3.979,3.279,2.108,-0.484
1999-11-14 18:00:00,4.313,3.836,1.312,-0.984
1999-11-14 19:00:00,4.042,2.975,0.191,-2.601
1999-11-14 20:00:00,4.01,1.631,-1.013,-3.121
1999-11-14 21:00:00,4.219,2.545,0.51,-2.865
1999-11-14 22:00:00,4.189,1.921,0.769,-3.089
1999-11-14 23:00:00,2.451,0.334,0.408,-1.887
1999-11-15 00:00:00,2.69,2.072,1.266,-0.344
1999-11-15 01:00:00,2.844,2.546,0.795,-0.857
1999-11-15 02:00:00,3.654,2.868,1.516,-1.151
1999-11-15 03:00:00,2.869,1.307,2.054,-1.034
1999-11-15 04:00:00,2.923,1.391,1.632,-1.338
1999-11-15 05:00:00,3.411,0.853,3.059,0.345
1999-11-15 06:00:00,4.511,1.799,3.726,-1.471
1999-11-15 07:00:00,4.843,1.426,3.946,-1.786
1999-11-15 08:00:00,4.904,0.672,4.021,-1.618
1999-11-15 09:00:00,4.58,2.146,3.641,-1.4
1999-11-15 10:00:00,4.451,2.328,3.67,0.169
1999-11-15 11:00:00,4.871,-2.15,4.142,0.269
1999-11-15 12:00:00,4.252,-1.196,2.453,-0.565
1999-11-15 13:00:00,5.242,-3.277,2.81,-1.177
1999-11-15 14:00:00,5.954,-3.744,3.924,-0.096
1999-11-15 15:00:00,6.458,-5.113,3.616,-0.223
1999-11-15 16:00:00,6.951,-3.489,5.738,-0.587
1999-11-15 17:00:00,7.113,-1.44,6.65,-0.883
1999-11-15 18:00:00,7.351,-0.39,6.757,2.196
1999-11-15 19:00:00,7.06,-0.409,6.92,-0.125
1999-11-15 20:00:00,7.295,0.304,6.861,0.346
1999-11-15 21:00:00,6.988,-0.666,6.892,-0.176
1999-11-15 22:00:00,7.086,-0.323,7.018,0.483
1999-11-15 23:00:00,6.041,-0.622,5.665,-0.213
1999-11-16 00:00:00,5.798,-1.695,4.61,-1.047
1999-11-16 01:00:00,5.6,-0.228,5.023,-2.222
1999-11-16 02:00:00,5.74,-0.961,5.096,-1.374
1999-11-16 03:00:00,6.737,-2.885,1.678,-4.598
1999-11-16 04:00:00,6.496,-4.434,2.21,-3.497
1999-11-16 05:00:00,6.607,-5.385,3.277,-1.182
1999-11-16 06:00:00,7.83,-5.571,5.053,-1.671
1999-11-16 07:00:00,9.034,-2.474,7.164,-3.285
1999-11-16 08:00:00,11.433,-5.295,2.684,-8.72
1999-11-16 09:00:00,13.95,-7.336,-2.645,-10.666
1999-11-16 10:00:00,14.643,-7.678,3.538,-11.894
1999-11-16 11:00:00,15.235,-8.864,1.093,-12.062
1999-11-16 12:00:00,14.848,-8.953,2.352,-11.347
1999-11-16 13:00:00,14.294,-5.711,8.041,-10.207
1999-11-16 14:00:00,14.001,-3.611,8.668,-9.912
1999-11-16 15:00:00,13.695,-4.197,10.72,-6.409
1999-11-16 16:00:00,13.844,-4.021,12.45,-0.377
1999-11-16 17:00:00,14.337,-4.556,13.033,-1.318
1999-11-16 18:00:00,14.147,2.285,13.426,3.146
1999-11-16 19:00:00,14.174,-0.587,13.441,0.14
1999-11-16 20:00:00,15.069,-1.177,14.791,-0.113
1999-11-16 21:00:00,15.238,-0.346,13.216,5.105
1999-11-16 22:00:00,14.919,1.992,10.829,9.208
1999-11-16 23:00:00,13.432,3.03,-2.518,4.497
1999-11-17 00:00:00,14.673,7.661,-11.423,4.668
1999-11-17 01:00:00,14.398,6.407,-11.682,5.174
1999-11-17 02:00:00,12.856,7.272,-9.883,2.979
1999-11-17 03:00:00,14.532,6.812,-8.513,9.169
1999-11-17 04:00:00,15.147,7.979,-8.313,9.627
1999-11-17 05:00:00,13.449,5.588,-6.726,3.008
1999-11-17 06:00:00,14.276,5.737,-10.718,-2.141
1999-11-17 07:00:00,12.26,4.869,-9.638,-0.366
1999-11-17 08:00:00,10.819,4.932,-8.668,1.596
1999-11-17 09:00:00,10.561,5.831,-5.301,4.178
1999-11-17 10:00:00,9.632,1.603,-7.103,0.112
1999-11-17 11:00:00,10.671,5.924,-3.641,4.234
1999-11-17 12:00:00,9.935,4.45,3.972,7.409
1999-11-17 13:00:00,9.212,5.252,-1.72,5.621
1999-11-17 14:00:00,7.544,4.441,-0.593,2.798
1999-11-17 15:00:00,8.29,4.981,4.813,0.601
1999-11-17 16:00:00,8.07,4.911,0.369,-3.117
1999-11-17 17:00:00,9.459,0.043,-8.375,-2.361
1999-11-17 18:00:00,8.462,2.647,-5.571,-1.502
1999-11-17 19:00:00,8.4,2.372,-5.637,-3.259
1999-11-17 20:00:00,8.293,4.899,-4.76,0.009
1999-11-17 21:00:00,7.49,2.932,-5.224,-2.009
1999-11-17 22:00:00,7.06,0.861,-5.966,-0.805
1999-11-17 23:00:00,7.073,2.734,-5.524,0.046
1999-11-18 00:00:00,6.852,1.657,-5.822,-0.707
1999-11-18 01:00:00,6.124,2.404,-3.708,-2.753
1999-11-18 02:00:00,5.948,3.236,-3.156,1.43
1999-11-18 03:00:00,6.288,1.263,-3.867,-0.013
1999-11-18 04:00:00,6.342,3.348,-2.123,-1.482
1999-11-18 05:00:00,6.044,2.634,1.007,-3.799
1999-11-18 06:00:00,5.637,4.206,-1.476,0.041
1999-11-18 07:00:00,6.659,-0.478,-5.226,1.074
1999-11-18 08:00:00,6.642,1.742,-5.378,-0.516
1999-11-18 09:00:00,6.993,1.889,-5.655,-0.729
1999-11-18 10:00:00,6.326,2.217,-4.477,-1.027
1999-11-18 11:00:00,5.422,1.51,-3.888,-1.703
1999-11-18 12:00:00,5.134,1.367,-2.943,-2.112
1999-11-18 13:00:00,4.912,0.757,-3.681,-1.918
1999-11-18 14:00:00,4.661,2.377,-3.085,-0.386
1999-11-18 15:00:00,4.772,3.726,-2.01,0.846
1999-11-18 16:00:00,5.597,-0.737,-3.573,-2.05
1999-11-18 17:00:00,5.127,-1.464,-2.518,-2.303
1999-11-18 18:00:00,5.844,-1.774,-2.675,-3.031
1999-11-18 19:00:00,6.054,-1.049,-2.892,-2.81
1999-11-18 20:00:00,7.557,2.653,-5.637,-3.687
1999-11-18 21:00:00,8.894,4.631,-6.268,-3.281
1999-11-18 22:00:00,6.341,-4.655,-0.268,-2.687
1999-11-18 23:00:00,5.747,-3.092,-0.484,-4.024
1999-11-19 00:00:00,7.036,-4.121,-2.228,-4.777
1999-11-19 01:00:00,6.728,-4.447,-3.775,-3.22
1999-11-19 02:00:00,6.157,-4.069,-3.771,-1.57
1999-11-19 03:00:00,5.993,-0.981,-2.349,-2.952
1999-11-19 04:00:00,4.399,0.696,-1.394,-0.997
1999-11-19 05:00:00,4.006,1.343,0.329,-2.501
1999-11-19 06:00:00,3.631,1.085,-1.867,-2.025
1999-11-19 07:00:00,4.472,-2.1,-1.681,-3.185
1999-11-19 08:00:00,5.458,-2.848,-2.639,-3.58
1999-11-19 09:00:00,5.134,-1.939,-2.791,-3.16
1999-11-19 10:00:00,4.018,-0.147,-2.3,-2.248
1999-11-19 11:00:00,3.715,0.148,-2.442,-2.584
1999-11-19 12:00:00,5.007,-2.239,-3.205,-2.805
1999-11-19 13:00:00,5.223,-1.053,-4.321,-2.548
1999-11-19 14:00:00,5.405,-1.988,-3.833,-2.798
1999-11-19 15:00:00,5.187,-0.005,-4.507,-2.313
1999-11-19 16:00:00,5.514,-1.519,-4.422,-2.773
1999-11-19 17:00:00,5.58,-1.726,-3.421,-3.945
1999-11-19 18:00:00,5.911,-1.137,-3.884,-3.758
1999-11-19 19:00:00,5.928,0.454,-5.41,-1.71
1999-11-19 20:00:00,6.556,-0.888,-4.394,-4.231
1999-11-19 21:00:00,6.512,-0.624,-3.137,-5.504
1999-11-19 22:00:00,5.833,-1.636,-2.178,-4.187
1999-11-19 23:00:00,6.507,-2.787,-0.246,-4.818
1999-11-20 00:00:00,11.474,-4.577,-7.364,-5.275
1999-11-20 01:00:00,12.374,1.519,-10.41,2.583
1999-11-20 02:00:00,11.042,2.058,-10.141,0.995
1999-11-20 03:00:00,10.398,4.356,-8.855,-1.182
1999-11-20 04:00:00,10.902,8.628,-5.929,0.408
1999-11-20 05:00:00,10.758,8.246,-6.746,0.11
1999-11-20 06:00:00,10.39,8.018,-5.693,1.68
1999-11-20 07:00:00,9.072,5.715,-6.202,-2.923
1999-11-20 08:00:00,7.911,5.664,-4.705,1.722
1999-11-20 09:00:00,7.019,3.938,-4.748,-1.436
1999-11-20 10:00:00,6.765,3.822,-3.173,2.545
1999-11-20 11:00:00,6.422,4.796,-2.039,3.446
1999-11-20 12:00:00,6.22,4.296,-2.87,2.932
1999-11-20 13:00:00,6.237,5.167,-2.939,1.596
1999-11-20 14:00:00,6.246,5.065,-2.188,2.494
1999-11-20 15:00:00,6.443,6.288,0.073,1.203
1999-11-20 16:00:00,6.603,6.42,-0.393,1.177
1999-11-20 17:00:00,6.892,6.034,-0.588,2.557
1999-11-20 18:00:00,6.806,5.113,-2.895,2.147
1999-11-20 19:00:00,6.798,5.69,-2.301,2.35
1999-11-20 20:00:00,6.895,5.567,-3.626,0.492
1999-11-20 21:00:00,7.137,5.7,-3.973,-0.141
1999-11-20 22:00:00,7.084,2.426,-5.202,-3.809
1999-11-20 23:00:00,6.974,4.19,-4.499,-0.729
1999-11-21 00:00:00,6.991,6.589,-1.063,0.685
1999-11-21 01:00:00,6.942,5.75,-3.118,0.795
1999-11-21 02:00:00,7.177,6.476,-1.156,1.132
1999-11-21 03:00:00,7.456,6.622,1.418,-2.761
1999-11-21 04:00:00,7.699,5.949,1.505,-3.7
1999-11-21 05:00:00,7.276,4.122,-3.722,-3.006
1999-11-21 06:00:00,7.133,2.95,-4.733,-3.995
1999-11-21 07:00:00,9.179,4.856,-6.659,-2.884
1999-11-21 08:00:00,9.86,5.573,-7.668,1.86
1999-11-21 09:00:00,9.866,4.094,-8.36,2.517
1999-11-21 10:00:00,10.001,4.445,-7.444,4.06
1999-11-21 11:00:00,9.905,5.192,-5.783,5.809
1999-11-21 12:00:00,9.293,5.037,-5.492,5.294
1999-11-21 13:00:00,9.238,5.475,-4.559,5.668
1999-11-21 14:00:00,10.031,4.489,-5.469,7.034
1999-11-21 15:00:00,12.037,2.937,-8.958,5.37
1999-11-21 16:00:00,12.999,-1.39,-10.688,-2.343
1999-11-21 17:00:00,13.358,4.152,-7.532,3.085
1999-11-21 18:00:00,12.838,2.579,-7.633,-0.29
1999-11-21 19:00:00,11.691,7.965,-5.594,5.822
1999-11-21 20:00:00,11.885,3.63,-9.042,2.504
1999-11-21 21:00:00,12.218,4.718,-10.16,-0.884
1999-11-21 22:00:00,12.466,7.325,-8.683,1.539
1999-11-21 23:00:00,14.448,7.33,-11.139,-0.484
1999-11-22 00:00:00,14.05,2.677,-4.434,3.978
1999-11-22 01:00:00,14.888,-2.44,0.703,13.919
1999-11-22 02:00:00,13.924,-0.488,-0.472,13.362
1999-11-22 03:00:00,14.711,-7.146,7.607,7.798
1999-11-22 04:00:00,14.974,-8.43,10.742,5.836
1999-11-22 05:00:00,14.464,-6.793,12.169,3.439
1999-11-22 06:00:00,13.954,-6.624,12.202,0.302
1999-11-22 07:00:00,13.128,-5.634,11.71,-0.957
1999-11-22 08:00:00,12.118,-4.256,11.066,-2.012
1999-11-22 09:00:00,10.661,-2.8,8.64,-5.316
1999-11-22 10:00:00,9.058,-3.162,7.908,-2.65
1999-11-22 11:00:00,8.604,-3.373,5.79,-4.623
1999-11-22 12:00:00,6.244,-3.054,4.794,-0.165
1999-11-22 13:00:00,6.022,-3.535,4.467,-1.651
1999-11-22 14:00:00,5.158,-3.553,2.853,-1.921
1999-11-22 15:00:00,4.977,-3.913,2.699,-1.246
1999-11-22 16:00:00,5.654,-4.313,3.409,-1.028
1999-11-22 17:00:00,6.484,-4.704,3.941,1.704
1999-11-22 18:00:00,7.016,-4.476,4.666,2.628
1999-11-22 19:00:00,6.789,-4.62,4.113,2.649
1999-11-22 20:00:00,6.401,-4.717,3.048,2.849
1999-11-22 21:00:00,6.513,-2.842,4.284,3.106
1999-11-22 22:00:00,6.454,-3.6,5.308,0.339
1999-11-22 23:00:00,6.928,-3.053,5.45,2.497
1999-11-23 00:00:00,7.296,-2.453,6.441,1.103
1999-11-23 01:00:00,6.635,-3.452,2.643,4.71
1999-11-23 02:00:00,7.828,-3.843,6.173,1.547
1999-11-23 03:00:00,7.636,-3.308,6.409,-1.92
1999-11-23 04:00:00,7.111,-0.685,2.253,-6.095
1999-11-23 05:00:00,6.836,-0.098,6.339,-0.475
1999-11-23 06:00:00,9.04,3.091,4.88,-6.797
1999-11-23 07:00:00,9.472,4.095,4.79,-7.04
1999-11-23 08:00:00,9.596,4.186,6.505,-5.525
1999-11-23 09:00:00,9.231,2.871,7.097,-5.043
1999-11-23 10:00:00,9.016,3.333,6.793,-4.796
1999-11-23 11:00:00,8.791,2.468,7.406,-3.847
1999-11-23 12:00:00,8.774,2.187,7.042,-4.696
1999-11-23 13:00:00,8.726,2.185,7.178,-4.324
1999-11-23 14:00:00,8.74,2.766,7.112,-4.113
1999-11-23 15:00:00,8.876,0.839,6.92,-5.352
1999-11-23 16:00:00,9.165,1.062,6.616,-5.494
1999-11-23 17:00:00,9.089,-0.514,7.881,-3.174
1999-11-23 18:00:00,8.705,-2.908,7.283,0.355
1999-11-23 19:00:00,8.189,-0.958,4.608,-0.402
1999-11-23 20:00:00,9.243,3.115,5.431,-6.463
1999-11-23 21:00:00,10.089,0.074,9.683,-0.696
1999-11-23 22:00:00,10.566,-0.78,10.397,0.438
1999-11-23 23:00:00,11.629,0.91,11.432,-0.934
1999-11-24 00:00:00,11.813,-0.933,11.573,0.286
1999-11-24 01:00:00,11.652,-0.576,10.88,3.294
1999-11-24 02:00:00,11.767,-0.662,11.616,0.935
1999-11-24 03:00:00,11.236,-1.073,10.851,1.54
1999-11-24 04:00:00,10.804,-2.132,9.317,4.478
1999-11-24 05:00:00,10.299,0.289,7.075,7.002
1999-11-24 06:00:00,9.946,-0.576,6.299,1.139
1999-11-24 07:00:00,10.392,-1.046,0.888,-9.843
1999-11-24 08:00:00,9.118,0.343,3.168,-5.686
1999-11-24 09:00:00,8.512,3.578,7.347,-0.815
1999-11-24 10:00:00,3.512,0.092,1.524,-1.753
1999-11-24 11:00:00,2.887,0.331,-1.087,-1.95
1999-11-24 12:00:00,4.555,-1.565,-0.595,-3.606
1999-11-24 13:00:00,4.095,-3.021,1.487,-1.968
1999-11-24 14:00:00,4.589,-3.327,2.533,-1.617
1999-11-24 15:00:00,4.683,-3.505,2.094,-2.171
1999-11-24 16:00:00,3.615,-2.742,1.627,-1.152
1999-11-24 17:00:00,2.664,-1.686,1.774,-0.843
1999-11-24 18:00:00,3.669,-0.598,2.098,-0.745
1999-11-24 19:00:00,3.296,-2.492,1.466,-0.38
1999-11-24 20:00:00,4.106,-3.413,2.053,-0.757
1999-11-24 21:00:00,2.8,-1.45,1.497,-0.616
1999-11-24 22:00:00,3.632,1.03,-3.288,0.801
1999-11-24 23:00:00,5.862,1.43,-5.539,0.727
1999-11-25 00:00:00,6.411,2.879,-5.231,1.328
1999-11-25 01:00:00,8.58,1.596,-6.828,-1.329
1999-11-25 02:00:00,7.92,5.044,-5.419,-0.561
1999-11-25 03:00:00,6.96,4.332,-1.838,0.032
1999-11-25 04:00:00,6.938,3.517,-4.706,-3.072
1999-11-25 05:00:00,5.715,3.582,-1.061,-1.087
1999-11-25 06:00:00,6.081,4.577,2.342,0.038
1999-11-25 07:00:00,9.536,7.636,-1.649,2.594
1999-11-25 08:00:00,13.023,7.085,-2.414,8.406
1999-11-25 09:00:00,13.023,8.617,2.99,-6.125
1999-11-25 10:00:00,12.806,-1.438,-5.769,3.043
1999-11-25 11:00:00,10.987,-1.126,-8.252,2.277
1999-11-25 12:00:00,10.383,-1.866,-7.588,0.549
1999-11-25 13:00:00,7.551,-1.78,-1.48,3.634
1999-11-25 14:00:00,7.784,-3.353,-6.041,-0.202
1999-11-25 15:00:00,7.611,-3.571,0.065,4.369
1999-11-25 16:00:00,7.772,-3.741,-4.111,-4.866
1999-11-25 17:00:00,3.655,0.458,-0.787,-2.878
1999-11-25 18:00:00,5.477,-0.892,-1.131,2.736
1999-11-25 19:00:00,7.109,-5.438,-1.67,-0.017
1999-11-25 20:00:00,8.25,-3.551,-7.032,-1.752
1999-11-25 21:00:00,7.914,-5.136,-5.058,-2.26
1999-11-25 22:00:00,7.853,-5.532,-5.331,-0.589
1999-11-25 23:00:00,6.826,-3.441,-5.267,0.068
1999-11-26 00:00:00,6.885,-4.147,-5.161,-0.45
1999-11-26 01:00:00,5.849,-3.153,-4.406,1.345
1999-11-26 02:00:00,5.409,-3.552,-3.581,0.757
1999-11-26 03:00:00,5.148,-2.813,-4.033,1.141
1999-11-26 04:00:00,5.128,-0.934,-4.905,0.305
1999-11-26 05:00:00,5.563,0.62,-5.235,0.481
1999-11-26 06:00:00,5.855,-0.455,-5.218,-0.165
1999-11-26 07:00:00,5.991,0.516,-4.669,-1.597
1999-11-26 08:00:00,4.653,0.4,-2.957,-2.535
1999-11-26 09:00:00,4.84,2.542,-3.63,-1.173
1999-11-26 10:00:00,4.949,3.986,-2.144,-1.67
1999-11-26 11:00:00,4.958,4.144,-1.819,-1.932
1999-11-26 12:00:00,4.811,4.035,-1.641,-0.949
1999-11-26 13:00:00,4.546,4.046,-1.917,0.393
1999-11-26 14:00:00,4.578,3.84,-2.21,0.523
1999-11-26 15:00:00,4.496,3.103,-2.123,2.03
1999-11-26 16:00:00,4.506,3.762,-2.069,1.082
1999-11-26 17:00:00,4.618,3.724,-2.403,0.948
1999-11-26 18:00:00,4.506,3.516,-1.489,1.953
1999-11-26 19:00:00,4.56,3.474,-2.447,0.797
1999-11-26 20:00:00,4.604,4.024,-1.42,1.306
1999-11-26 21:00:00,4.74,3.492,-1.56,1.971
1999-11-26 22:00:00,4.949,3.588,-2.256,2.362
1999-11-26 23:00:00,4.985,3.192,-3.022,1.661
1999-11-27 00:00:00,4.885,2.061,-4.263,0.575
1999-11-27 01:00:00,4.782,1.889,-4.085,0.96
1999-11-27 02:00:00,4.721,2.373,-3.629,1.153
1999-11-27 03:00:00,5.533,4.482,-2.046,0.988
1999-11-27 04:00:00,5.896,0.425,-5.133,1.261
1999-11-27 05:00:00,6.587,-2.916,-4.921,2.22
1999-11-27 06:00:00,6.548,-2.765,-4.466,3.579
1999-11-27 07:00:00,6.765,-2.709,-4.892,3.372
1999-11-27 08:00:00,6.868,-3.566,-5.515,1.281
1999-11-27 09:00:00,6.276,-2.11,-3.469,3.716
1999-11-27 10:00:00,6.113,-0.527,-5.266,2.186
1999-11-27 11:00:00,6.112,-0.343,-5.425,-0.734
1999-11-27 12:00:00,6.22,1.004,-4.793,1.555
1999-11-27 13:00:00,5.905,1.175,-3.801,3.741
1999-11-27 14:00:00,5.961,1.982,-3.535,2.687
1999-11-27 15:00:00,6.158,3.142,-4.247,2.697
1999-11-27 16:00:00,6.226,3.454,-4.511,2.031
1999-11-27 17:00:00,6.571,4.042,-4.478,2.174
1999-11-27 18:00:00,6.69,4.31,-4.901,1.04
1999-11-27 19:00:00,6.758,3.553,-5.538,0.629
1999-11-27 20:00:00,6.88,3.193,-5.788,1.08
1999-11-27 21:00:00,7.097,3.912,-5.6,0.532
1999-11-27 22:00:00,7.448,3.252,-5.944,-1.361
1999-11-27 23:00:00,4.275,-0.383,-1.284,1.237
1999-11-28 00:00:00,5.053,0.602,-0.552,-1.798
1999-11-28 01:00:00,6.587,1.518,-6.015,1.077
1999-11-28 02:00:00,8.057,0.136,-6.882,-2.895
1999-11-28 03:00:00,4.686,0.547,-2.753,-1.483
1999-11-28 04:00:00,8.588,1.054,-7.79,-3.354
1999-11-28 05:00:00,7.14,0.741,-2.77,-5.657
1999-11-28 06:00:00,7.258,-1.885,2.185,-6.585
1999-11-28 07:00:00,4.775,-2.363,2.714,-2.618
1999-11-28 08:00:00,5.3,-0.195,-2.4,-1.846
1999-11-28 09:00:00,6.179,2.746,-3.936,2.603
1999-11-28 10:00:00,4.488,-1.295,1.698,-0.844
1999-11-28 11:00:00,3.48,-1.32,1.085,0.027
1999-11-28 12:00:00,2.783,0.431,0.242,-1.071
1999-11-28 13:00:00,3.321,0.735,1.137,-2.676
1999-11-28 14:00:00,2.08,-0.793,-0.525,-1.624
1999-11-28 15:00:00,4.946,-2.018,-1.249,-3.959
1999-11-28 16:00:00,8.743,3.943,-7.336,-1.469
1999-11-28 17:00:00,9.225,4.694,-7.527,-2.063
1999-11-28 18:00:00,8.522,4.042,-5.04,-2.792
1999-11-28 19:00:00,8.947,5.284,-5.636,1.892
1999-11-28 20:00:00,9.631,4.521,-4.726,-2.975
1999-11-28 21:00:00,9.051,4.021,-7.716,-0.841
1999-11-28 22:00:00,8.72,5.11,-5.915,1.597
1999-11-28 23:00:00,8.63,4.833,-5.862,-1.576
1999-11-29 00:00:00,8.051,4.355,-5.693,-2.117
1999-11-29 01:00:00,7.879,6.004,-4.313,-1.197
1999-11-29 02:00:00,7.725,7.523,1.1,0.378
1999-11-29 03:00:00,7.621,6.851,1.327,-2.444
1999-11-29 04:00:00,7.261,6.136,0.972,-0.841
1999-11-29 05:00:00,7.26,6.946,0.628,0.276
1999-11-29 06:00:00,7.031,6.563,0.444,1.85
1999-11-29 07:00:00,6.598,5.08,-1.804,2.512
1999-11-29 08:00:00,7.768,6.65,-0.922,3.253
1999-11-29 09:00:00,8.091,7.145,-2.575,-2.262
1999-11-29 10:00:00,8.091,4.789,-2.275,4.317
1999-11-29 11:00:00,7.907,3.485,-4.201,4.877
1999-11-29 12:00:00,7.632,5.731,-4.072,2.116
1999-11-29 13:00:00,8.063,2.211,-6.55,3.802
1999-11-29 14:00:00,8.275,0.813,-7.276,3.513
1999-11-29 15:00:00,8.084,2.438,-6.457,2.743
1999-11-29 16:00:00,8.223,-0.97,-7.742,2.153
1999-11-29 17:00:00,8.23,1.779,-7.822,0.834
1999-11-29 18:00:00,8.154,2.71,-7.234,0.242
1999-11-29 19:00:00,8.376,4.307,-6.088,-0.47
1999-11-29 20:00:00,9.174,3.273,-7.802,-1.33
1999-11-29 21:00:00,9.337,2.708,-7.066,-2.66
1999-11-29 22:00:00,9.498,-1.77,-8.494,-3.463
1999-11-29 23:00:00,9.349,0.5,-8.456,-3.624
1999-11-30 00:00:00,8.923,4.218,-4.428,-3.189
1999-11-30 01:00:00,9.172,1.754,-6.958,-1.772
1999-11-30 02:00:00,9.285,2.217,-7.605,-2.005
1999-11-30 03:00:00,9.078,6.148,-5.142,-3.499
1999-11-30 04:00:00,9.228,7.153,-5.363,1.055
1999-11-30 05:00:00,8.704,3.222,-4.669,2.118
1999-11-30 06:00:00,12.594,-0.01,-11.267,1.323
1999-11-30 07:00:00,13.353,2.467,-1.764,6.34
1999-11-30 08:00:00,14.104,7.397,-10.178,2.212
1999-11-30 09:00:00,11.018,4.926,-4.419,-3.237
1999-11-30 10:00:00,11.606,4.668,-8.598,-4.537
1999-11-30 11:00:00,13.347,3.377,-12.104,-1.464
1999-11-30 12:00:00,12.823,-2.31,-6.43,7.105
1999-11-30 13:00:00,13.955,-1.943,-11.789,7.097
1999-11-30 14:00:00,13.77,-1.474,-12.055,6.285
1999-11-30 15:00:00,13.344,-2.174,-11.068,6.096
1999-11-30 16:00:00,12.598,-3.318,-9.289,6.201
1999-11-30 17:00:00,13.0,-2.939,-12.453,1.261
1999-11-30 18:00:00,12.122,-3.634,-11.196,1.69
1999-11-30 19:00:00,10.284,-3.179,-8.22,-4.435
1999-11-30 20:00:00,11.279,-2.968,-10.204,-0.812
1999-11-30 21:00:00,11.103,-1.216,-8.269,7.05
1999-11-30 22:00:00,10.919,-0.97,-8.074,7.188
1999-11-30 23:00:00,10.273,0.071,-5.395,8.668
1999-12-01 00:00:00,8.955,0.679,-3.122,6.374
1999-12-01 01:00:00,9.367,-1.34,-7.869,-0.835
1999-12-01 02:00:00,8.994,2.54,-3.371,7.48
1999-12-01 03:00:00,8.171,4.366,0.983,6.596
1999-12-01 04:00:00,8.063,3.789,1.054,6.574
1999-12-01 05:00:00,8.846,3.472,-1.612,7.611
1999-12-01 06:00:00,8.567,3.136,-3.012,7.045
1999-12-01 07:00:00,8.105,6.796,-1.424,3.782
1999-12-01 08:00:00,8.938,6.152,-1.245,5.599
1999-12-01 09:00:00,9.666,5.296,-0.578,5.045
1999-12-01 10:00:00,10.347,1.524,-8.718,4.335
1999-12-01 11:00:00,10.157,1.13,-8.948,2.098
1999-12-01 12:00:00,10.186,2.798,-9.669,-0.202
1999-12-01 13:00:00,10.278,2.797,-9.807,0.336
1999-12-01 14:00:00,10.185,3.078,-9.618,0.342
1999-12-01 15:00:00,9.701,1.811,-9.429,-0.856
1999-12-01 16:00:00,9.74,2.168,-9.452,-0.591
1999-12-01 17:00:00,9.475,2.915,-8.035,-1.689
1999-12-01 18:00:00,9.636,2.025,-6.998,-5.636
1999-12-01 19:00:00,9.889,-0.998,-9.174,-1.76
1999-12-01 20:00:00,10.012,-0.617,-9.808,-0.575
1999-12-01 21:00:00,10.262,-2.272,-9.887,1.253
1999-12-01 22:00:00,10.106,-3.274,-9.017,0.366
1999-12-01 23:00:00,10.332,-0.913,-9.363,3.913
1999-12-02 00:00:00,10.713,-2.094,-8.44,5.57
1999-12-02 01:00:00,9.8,0.466,-9.026,1.721
1999-12-02 02:00:00,10.064,4.596,-7.146,3.701
1999-12-02 03:00:00,9.762,6.095,-6.279,4.131
1999-12-02 04:00:00,9.905,5.236,-7.266,4.144
1999-12-02 05:00:00,10.181,1.712,-6.553,6.217
1999-12-02 06:00:00,9.98,1.251,-5.94,7.715
1999-12-02 07:00:00,9.678,-1.275,-8.657,2.729
1999-12-02 08:00:00,9.52,-2.94,-8.553,1.76
1999-12-02 09:00:00,9.828,-3.22,-8.382,3.864
1999-12-02 10:00:00,10.185,-3.274,-7.894,5.489
1999-12-02 11:00:00,9.89,-2.819,-6.842,5.304
1999-12-02 12:00:00,8.745,-2.329,-6.233,3.89
1999-12-02 13:00:00,10.246,-3.252,-6.375,7.238
1999-12-02 14:00:00,10.221,-5.942,-6.436,3.077
1999-12-02 15:00:00,8.777,-4.321,-6.567,3.592
1999-12-02 16:00:00,9.183,-4.541,-5.156,6.006
1999-12-02 17:00:00,10.216,1.876,-6.937,1.429
1999-12-02 18:00:00,10.631,5.777,-8.164,-2.736
1999-12-02 19:00:00,11.231,4.587,-9.063,-4.27
1999-12-02 20:00:00,11.917,5.628,-7.907,-6.371
1999-12-02 21:00:00,10.787,4.328,-4.942,-7.589
1999-12-02 22:00:00,8.782,3.018,-4.024,-4.096
1999-12-02 23:00:00,9.732,3.962,-6.096,3.13
1999-12-03 00:00:00,10.252,7.246,-0.919,-4.909
1999-12-03 01:00:00,10.884,8.696,-1.801,-5.737
1999-12-03 02:00:00,13.572,9.332,-5.947,-1.935
1999-12-03 03:00:00,11.888,6.854,-5.841,2.212
1999-12-03 04:00:00,12.852,6.275,-8.454,3.358
1999-12-03 05:00:00,11.625,8.608,-6.112,-0.929
1999-12-03 06:00:00,10.965,7.838,-4.364,0.133
1999-12-03 07:00:00,12.845,5.088,-8.366,5.265
1999-12-03 08:00:00,11.175,2.624,-4.757,-3.123
1999-12-03 09:00:00,7.056,-2.903,3.803,-3.304
1999-12-03 10:00:00,12.879,-9.774,7.096,-3.324
1999-12-03 11:00:00,13.415,-10.43,7.333,-3.86
1999-12-03 12:00:00,13.113,-9.324,7.879,-4.515
1999-12-03 13:00:00,12.914,-8.746,6.613,-6.239
1999-12-03 14:00:00,11.632,-6.533,6.664,-5.846
1999-12-03 15:00:00,12.259,-9.382,6.868,-2.763
1999-12-03 16:00:00,14.017,-11.441,7.424,0.539
1999-12-03 17:00:00,14.334,-12.292,6.407,1.302
1999-12-03 18:00:00,13.875,-11.059,8.078,0.601
1999-12-03 19:00:00,14.305,-11.03,8.97,-0.662
1999-12-03 20:00:00,15.169,-10.913,9.99,1.216
1999-12-03 21:00:00,15.998,-11.628,10.359,3.384
1999-12-03 22:00:00,16.967,-10.731,12.357,3.063
1999-12-03 23:00:00,17.281,-8.57,14.762,0.531
1999-12-04 00:00:00,14.17,-8.757,8.565,3.738
1999-12-04 01:00:00,14.66,-8.65,9.961,2.511
1999-12-04 02:00:00,17.525,-11.591,9.546,4.53
1999-12-04 03:00:00,20.194,-15.79,9.09,8.297
1999-12-04 04:00:00,19.27,-12.175,6.443,9.491
1999-12-04 05:00:00,18.558,-12.857,12.005,-2.12
1999-12-04 06:00:00,18.064,-15.212,9.428,0.468
1999-12-04 07:00:00,18.245,-15.329,7.605,-3.012
1999-12-04 08:00:00,17.52,-13.173,10.258,0.549
1999-12-04 09:00:00,13.695,-8.08,9.873,0.064
1999-12-04 10:00:00,8.58,-5.107,2.17,-2.528
1999-12-04 11:00:00,8.47,-4.566,5.077,-1.119
1999-12-04 12:00:00,9.685,-4.981,6.011,-1.648
1999-12-04 13:00:00,10.163,-6.712,3.863,-4.136
1999-12-04 14:00:00,8.164,-4.7,1.156,-3.464
1999-12-04 15:00:00,6.939,-4.224,2.305,-0.116
1999-12-04 16:00:00,6.732,-3.292,2.934,-2.877
1999-12-04 17:00:00,6.275,-4.141,3.012,0.138
1999-12-04 18:00:00,6.223,-2.472,3.003,0.087
1999-12-04 19:00:00,6.392,-5.092,2.138,-1.983
1999-12-04 20:00:00,6.21,-4.769,0.759,0.747
1999-12-04 21:00:00,6.211,-4.101,1.412,-0.576
1999-12-04 22:00:00,6.496,-1.321,3.249,2.163
1999-12-04 23:00:00,6.576,-4.626,2.341,0.006
1999-12-05 00:00:00,6.271,-3.046,1.199,-4.002
1999-12-05 01:00:00,6.189,-4.291,2.751,-1.273
1999-12-05 02:00:00,6.322,-4.839,2.559,-2.191
1999-12-05 03:00:00,6.332,-2.153,5.378,0.496
1999-12-05 04:00:00,6.319,-3.002,3.837,-2.488
1999-12-05 05:00:00,6.197,-2.894,3.165,-2.899
1999-12-05 06:00:00,5.692,-3.219,2.035,-0.335
1999-12-05 07:00:00,5.567,-2.446,3.689,0.579
1999-12-05 08:00:00,5.404,-2.495,2.244,0.247
1999-12-05 09:00:00,5.193,-1.37,3.558,-1.803
1999-12-05 10:00:00,4.842,-3.21,2.172,0.154
1999-12-05 11:00:00,5.162,-3.205,2.098,-1.459
1999-12-05 12:00:00,4.814,-2.924,0.243,-1.657
1999-12-05 13:00:00,4.875,-2.869,2.247,-1.789
1999-12-05 14:00:00,4.953,-2.036,1.77,-0.807
1999-12-05 15:00:00,5.059,-2.209,1.558,2.727
1999-12-05 16:00:00,4.907,-3.592,1.572,-1.893
1999-12-05 17:00:00,4.84,-4.021,1.691,-0.316
1999-12-05 18:00:00,5.04,-4.079,1.721,-1.015
1999-12-05 19:00:00,5.111,-3.844,2.325,0.766
1999-12-05 20:00:00,5.236,-4.462,0.191,-0.809
1999-12-05 21:00:00,5.402,-4.676,1.395,0.976
1999-12-05 22:00:00,5.468,-4.125,2.179,0.876
1999-12-05 23:00:00,5.44,-3.643,1.069,2.902
1999-12-06 00:00:00,5.668,-4.239,2.405,2.066
1999-12-06 01:00:00,5.273,-2.4,1.567,0.36
1999-12-06 02:00:00,5.21,-2.734,1.168,-2.005
1999-12-06 03:00:00,5.339,-3.916,-0.748,2.111
1999-12-06 04:00:00,5.572,-1.853,0.756,-2.937
1999-12-06 05:00:00,5.355,-2.806,-1.277,0.577
1999-12-06 06:00:00,5.233,-0.841,0.108,-4.119
1999-12-06 07:00:00,5.106,-1.434,3.424,-2.073
1999-12-06 08:00:00,5.267,-0.886,3.183,-2.26
1999-12-06 09:00:00,5.632,-2.858,2.152,-0.789
1999-12-06 10:00:00,5.937,-4.435,2.718,0.831
1999-12-06 11:00:00,6.206,-3.486,2.337,-2.111
1999-12-06 12:00:00,6.458,-2.228,3.704,-4.587
1999-12-06 13:00:00,6.7,-5.484,2.511,-2.301
1999-12-06 14:00:00,6.884,-5.651,2.667,1.43
1999-12-06 15:00:00,6.774,-5.491,2.839,-1.1
1999-12-06 16:00:00,6.701,-4.415,2.887,-0.941
1999-12-06 17:00:00,6.01,-4.479,1.835,1.558
1999-12-06 18:00:00,6.366,-4.659,1.753,1.622
1999-12-06 19:00:00,6.282,-3.759,3.73,2.383
1999-12-06 20:00:00,4.831,-2.862,1.582,2.247
1999-12-06 21:00:00,4.74,-2.235,2.859,0.757
1999-12-06 22:00:00,5.307,0.333,3.14,2.207
1999-12-06 23:00:00,4.824,-2.671,0.155,0.677
1999-12-07 00:00:00,5.304,-3.469,2.556,-1.699
1999-12-07 01:00:00,5.547,-2.96,3.187,-0.829
1999-12-07 02:00:00,4.709,-3.277,2.46,-0.753
1999-12-07 03:00:00,3.98,-1.69,2.308,-0.989
1999-12-07 04:00:00,3.51,-0.896,2.341,-0.961
1999-12-07 05:00:00,3.838,-1.316,2.54,-0.434
1999-12-07 06:00:00,4.87,-2.609,3.14,0.856
1999-12-07 07:00:00,4.888,-2.693,2.256,2.082
1999-12-07 08:00:00,4.896,-3.739,1.968,1.003
1999-12-07 09:00:00,5.035,-3.953,2.212,-0.957
1999-12-07 10:00:00,4.719,-1.704,2.632,0.015
1999-12-07 11:00:00,4.967,-1.617,3.006,0.847
1999-12-07 12:00:00,5.049,-2.702,2.765,1.275
1999-12-07 13:00:00,4.955,-3.638,2.117,-0.654
1999-12-07 14:00:00,4.902,-2.475,2.908,-1.023
1999-12-07 15:00:00,4.77,-3.025,-0.586,0.486
1999-12-07 16:00:00,4.94,-2.053,3.034,-1.924
1999-12-07 17:00:00,4.905,-1.083,3.058,-2.07
1999-12-07 18:00:00,5.114,-2.733,3.22,0.212
1999-12-07 19:00:00,5.135,-1.627,2.321,2.47
1999-12-07 20:00:00,5.162,0.176,3.772,-0.977
1999-12-07 21:00:00,5.35,-2.117,4.077,0.071
1999-12-07 22:00:00,5.432,-2.12,3.653,0.347
1999-12-07 23:00:00,5.682,-3.977,2.203,-0.208
1999-12-08 00:00:00,5.979,-2.191,4.004,-2.229
1999-12-08 01:00:00,4.694,-2.018,0.873,-0.037
1999-12-08 02:00:00,4.798,-0.944,2.526,2.477
1999-12-08 03:00:00,4.756,-1.518,1.771,0.401
1999-12-08 04:00:00,5.413,1.222,2.396,3.854
1999-12-08 05:00:00,5.479,-1.94,2.286,-3.363
1999-12-08 06:00:00,5.59,-1.63,2.801,0.707
1999-12-08 07:00:00,5.629,-3.443,0.99,-2.296
1999-12-08 08:00:00,5.422,-3.071,2.851,-0.934
1999-12-08 09:00:00,5.286,-2.554,2.028,3.098
1999-12-08 10:00:00,4.977,-0.605,3.397,-1.234
1999-12-08 11:00:00,4.981,-1.737,2.141,2.645
1999-12-08 12:00:00,5.137,-1.057,3.067,3.382
1999-12-08 13:00:00,5.291,-0.302,3.809,0.501
1999-12-08 14:00:00,5.591,-0.924,4.268,-1.394
1999-12-08 15:00:00,5.603,-1.035,3.439,-2.076
1999-12-08 16:00:00,5.479,-0.071,4.216,-0.531
1999-12-08 17:00:00,5.349,0.076,3.242,-2.854
1999-12-08 18:00:00,4.839,-2.323,2.602,-1.327
1999-12-08 19:00:00,4.656,-2.037,1.998,-1.01
1999-12-08 20:00:00,4.579,-0.83,2.463,-0.237
1999-12-08 21:00:00,5.126,0.729,3.393,-2.678
1999-12-08 22:00:00,5.361,0.403,4.17,-2.989
1999-12-08 23:00:00,5.253,-0.136,4.006,1.478
1999-12-09 00:00:00,5.686,-4.19,2.934,1.096
1999-12-09 01:00:00,5.441,-3.525,1.901,-1.303
1999-12-09 02:00:00,5.619,-0.879,4.558,-2.334
1999-12-09 03:00:00,5.53,-1.426,4.542,-0.889
1999-12-09 04:00:00,5.233,-1.475,4.253,-0.949
1999-12-09 05:00:00,5.157,-2.941,0.152,-1.919
1999-12-09 06:00:00,5.219,-3.845,0.568,-1.434
1999-12-09 07:00:00,4.785,0.554,1.583,-2.676
1999-12-09 08:00:00,5.071,2.889,-0.176,-3.513
1999-12-09 09:00:00,4.612,-0.193,2.199,-2.391
1999-12-09 10:00:00,4.785,-1.168,3.393,-1.265
1999-12-09 11:00:00,4.995,-2.006,3.835,0.214
1999-12-09 12:00:00,5.004,-2.673,2.937,-0.017
1999-12-09 13:00:00,5.131,-4.12,1.289,-1.278
1999-12-09 14:00:00,5.339,-2.972,3.488,-0.245
1999-12-09 15:00:00,5.322,-2.915,3.588,0.197
1999-12-09 16:00:00,5.267,-2.188,3.83,2.301
1999-12-09 17:00:00,4.976,-2.319,2.378,-0.904
1999-12-09 18:00:00,5.175,-1.46,2.64,2.214
1999-12-09 19:00:00,5.327,-2.906,1.822,3.041
1999-12-09 20:00:00,4.798,-1.388,3.273,-0.834
1999-12-09 21:00:00,4.908,-1.46,3.567,-2.602
1999-12-09 22:00:00,4.73,-2.834,1.835,1.699
1999-12-09 23:00:00,4.333,-2.621,1.024,1.472
1999-12-10 00:00:00,4.583,-2.006,2.965,-0.029
1999-12-10 01:00:00,4.636,-3.536,2.074,0.953
1999-12-10 02:00:00,4.675,-3.695,2.241,-1.414
1999-12-10 03:00:00,4.412,-2.097,2.568,-1.968
1999-12-10 04:00:00,4.541,1.067,3.793,-1.094
1999-12-10 05:00:00,4.539,-0.363,4.181,-1.083
1999-12-10 06:00:00,4.28,-2.699,1.417,-0.987
1999-12-10 07:00:00,3.767,-2.773,1.175,0.551
1999-12-10 08:00:00,3.824,-0.377,2.187,-0.002
1999-12-10 09:00:00,3.957,0.142,3.229,0.466
1999-12-10 10:00:00,3.965,-1.663,2.586,-1.713
1999-12-10 11:00:00,4.158,-0.115,2.363,-3.209
1999-12-10 12:00:00,3.991,-2.455,1.888,-1.092
1999-12-10 13:00:00,3.983,-1.564,1.794,-1.693
1999-12-10 14:00:00,4.016,-2.204,1.561,-0.988
1999-12-10 15:00:00,4.147,2.469,0.629,-1.151
1999-12-10 16:00:00,3.817,0.024,0.519,-1.565
1999-12-10 17:00:00,3.917,-1.605,0.976,-2.5
1999-12-10 18:00:00,3.832,0.39,-1.097,-3.11
1999-12-10 19:00:00,3.958,-1.479,2.38,0.044
1999-12-10 20:00:00,4.193,-1.036,2.151,-1.045
1999-12-10 21:00:00,4.133,-0.429,2.224,-2.475
1999-12-10 22:00:00,4.005,-2.53,2.362,0.847
1999-12-10 23:00:00,4.414,-1.853,2.391,2.916
1999-12-11 00:00:00,4.486,-1.095,3.606,1.916
1999-12-11 01:00:00,4.628,-2.918,2.935,1.773
1999-12-11 02:00:00,4.561,-3.695,1.85,-0.112
1999-12-11 03:00:00,4.687,-3.032,3.033,-1.263
1999-12-11 04:00:00,4.819,-2.941,2.518,0.436
1999-12-11 05:00:00,5.324,-1.316,1.41,-4.662
1999-12-11 06:00:00,4.364,-1.712,1.288,-2.939
1999-12-11 07:00:00,4.755,-1.419,1.959,-3.239
1999-12-11 08:00:00,4.46,-1.419,3.467,-0.873
1999-12-11 09:00:00,4.041,-0.881,2.261,-1.392
1999-12-11 10:00:00,4.852,-4.064,0.181,-0.718
1999-12-11 11:00:00,3.762,-0.804,-0.463,-1.816
1999-12-11 12:00:00,7.001,0.526,2.333,-3.13
1999-12-11 13:00:00,7.176,-2.014,4.915,-3.265
1999-12-11 14:00:00,7.167,-6.409,2.86,0.951
1999-12-11 15:00:00,6.421,-5.676,0.424,2.594
1999-12-11 16:00:00,6.107,-5.205,-0.2,2.56
1999-12-11 17:00:00,5.87,-3.428,2.957,3.3
1999-12-11 18:00:00,5.201,-4.304,2.004,1.283
1999-12-11 19:00:00,4.777,-4.106,1.73,1.285
1999-12-11 20:00:00,4.446,-4.075,1.272,-0.01
1999-12-11 21:00:00,4.219,-3.929,1.166,0.183
1999-12-11 22:00:00,4.061,-3.945,0.685,-0.063
1999-12-11 23:00:00,4.056,-3.857,0.778,-0.447
1999-12-12 00:00:00,4.223,-2.574,2.482,-1.368
1999-12-12 01:00:00,4.778,0.835,2.516,-2.551
1999-12-12 02:00:00,4.441,-2.853,2.313,-2.121
1999-12-12 03:00:00,4.686,-3.256,2.973,-1.211
1999-12-12 04:00:00,5.076,-3.535,3.418,-1.151
1999-12-12 05:00:00,5.031,-3.13,3.305,-2.05
1999-12-12 06:00:00,5.085,-2.827,3.363,-2.506
1999-12-12 07:00:00,5.007,-2.719,2.855,-2.983
1999-12-12 08:00:00,5.061,-2.378,3.459,-2.74
1999-12-12 09:00:00,4.951,-2.886,3.221,-2.386
1999-12-12 10:00:00,4.792,-2.889,2.506,-2.785
1999-12-12 11:00:00,4.821,-2.837,3.22,-1.943
1999-12-12 12:00:00,4.779,-2.876,3.003,-2.128
1999-12-12 13:00:00,4.734,-3.357,2.896,-1.407
1999-12-12 14:00:00,4.851,-3.383,2.828,-1.776
1999-12-12 15:00:00,8.81,-5.1,6.532,-1.199
1999-12-12 16:00:00,9.566,-2.882,0.389,-0.579
1999-12-12 17:00:00,9.575,0.674,7.241,-4.464
1999-12-12 18:00:00,8.94,3.56,6.898,-4.044
1999-12-12 19:00:00,7.957,2.39,7.177,0.103
1999-12-12 20:00:00,9.072,2.33,8.636,0.891
1999-12-12 21:00:00,9.508,2.821,9.037,0.057
1999-12-12 22:00:00,9.852,3.411,9.079,-1.169
1999-12-12 23:00:00,9.994,3.665,8.586,-1.973
1999-12-13 00:00:00,9.402,2.93,8.833,-1.029
1999-12-13 01:00:00,9.941,3.78,8.525,-3.28
1999-12-13 02:00:00,10.158,3.358,8.868,-3.362
1999-12-13 03:00:00,9.487,5.026,6.65,-4.329
1999-12-13 04:00:00,10.311,5.211,7.581,-4.531
1999-12-13 05:00:00,10.073,4.256,4.981,-6.83
1999-12-13 06:00:00,12.772,0.787,9.438,-7.721
1999-12-13 07:00:00,12.629,4.189,7.083,-9.476
1999-12-13 08:00:00,14.232,5.048,11.497,-5.87
1999-12-13 09:00:00,14.745,3.999,12.868,-5.691
1999-12-13 10:00:00,14.546,3.902,12.568,-5.604
1999-12-13 11:00:00,14.504,4.151,13.713,-1.839
1999-12-13 12:00:00,14.541,2.591,14.173,-1.671
1999-12-13 13:00:00,14.712,2.847,14.189,-2.098
1999-12-13 14:00:00,14.353,-0.194,-0.993,6.787
1999-12-13 15:00:00,14.476,-1.234,-10.753,9.495
1999-12-13 16:00:00,12.575,-1.511,-3.796,6.209
1999-12-13 17:00:00,10.359,-2.425,6.188,6.82
1999-12-13 18:00:00,5.546,0.256,2.727,4.43
1999-12-13 19:00:00,7.836,3.3,3.113,5.864
1999-12-13 20:00:00,9.143,4.118,0.221,7.324
1999-12-13 21:00:00,8.273,7.091,-1.452,3.386
1999-12-13 22:00:00,9.363,4.184,-2.899,7.792
1999-12-13 23:00:00,11.911,3.622,-2.593,10.861
1999-12-14 00:00:00,10.377,2.456,-6.145,6.847
1999-12-14 01:00:00,7.111,-1.318,-1.029,3.601
1999-12-14 02:00:00,6.483,-2.648,-2.268,4.838
1999-12-14 03:00:00,6.686,-3.452,0.903,1.771
1999-12-14 04:00:00,10.338,-8.403,3.084,5.122
1999-12-14 05:00:00,11.148,-7.91,2.182,7.176
1999-12-14 06:00:00,11.302,-8.125,1.838,7.39
1999-12-14 07:00:00,11.201,-7.748,1.264,7.894
1999-12-14 08:00:00,11.173,-9.059,1.959,6.043
1999-12-14 09:00:00,10.881,-9.955,1.587,3.128
1999-12-14 10:00:00,11.032,-10.305,0.723,3.466
1999-12-14 11:00:00,11.077,-10.816,-0.914,2.039
1999-12-14 12:00:00,11.052,-10.8,-0.465,0.89
1999-12-14 13:00:00,11.17,-10.596,-2.632,2.059
1999-12-14 14:00:00,11.38,-10.569,-2.925,2.905
1999-12-14 15:00:00,10.92,-10.03,-3.272,2.646
1999-12-14 16:00:00,10.994,-9.522,-3.247,4.384
1999-12-14 17:00:00,10.821,-8.992,-3.598,4.807
1999-12-14 18:00:00,9.824,-8.617,-3.493,2.389
1999-12-14 19:00:00,9.087,-8.284,-3.306,0.725
1999-12-14 20:00:00,7.76,-5.423,-4.133,2.954
1999-12-14 21:00:00,7.428,-3.792,-5.188,3.044
1999-12-14 22:00:00,7.602,-0.832,-5.762,4.553
1999-12-14 23:00:00,7.292,-0.924,-5.077,4.227
1999-12-15 00:00:00,7.919,-1.359,-5.172,5.582
1999-12-15 01:00:00,8.478,-0.48,-5.565,5.994
1999-12-15 02:00:00,8.099,0.498,-6.94,2.594
1999-12-15 03:00:00,8.372,-1.071,-6.538,3.279
1999-12-15 04:00:00,8.743,-1.105,-6.954,4.936
1999-12-15 05:00:00,8.606,0.323,-6.796,4.796
1999-12-15 06:00:00,8.511,1.555,-7.176,3.164
1999-12-15 07:00:00,8.844,6.247,-5.325,2.473
1999-12-15 08:00:00,9.705,4.668,-7.567,3.217
1999-12-15 09:00:00,10.002,4.01,-7.182,5.382
1999-12-15 10:00:00,10.511,2.717,-7.877,6.057
1999-12-15 11:00:00,10.591,4.015,-9.087,2.969
1999-12-15 12:00:00,10.455,2.841,-8.897,4.012
1999-12-15 13:00:00,10.586,2.27,-9.07,4.751
1999-12-15 14:00:00,10.561,3.109,-9.246,3.595
1999-12-15 15:00:00,10.168,3.849,-7.813,4.137
1999-12-15 16:00:00,9.905,2.634,-7.868,2.735
1999-12-15 17:00:00,9.95,5.243,-7.207,2.105
1999-12-15 18:00:00,10.087,2.639,-8.451,3.384
1999-12-15 19:00:00,8.941,6.411,-3.586,-1.392
1999-12-15 20:00:00,10.308,7.53,-2.905,-4.277
1999-12-15 21:00:00,9.854,2.009,-5.625,2.023
1999-12-15 22:00:00,8.887,5.31,-1.56,1.986
1999-12-15 23:00:00,9.305,2.35,-8.558,-0.911
1999-12-16 00:00:00,8.164,4.218,-6.083,0.051
1999-12-16 01:00:00,7.249,5.249,-2.903,0.944
1999-12-16 02:00:00,6.997,5.085,-0.621,-2.76
1999-12-16 03:00:00,7.131,5.416,-1.655,0.122
1999-12-16 04:00:00,7.341,6.398,0.237,1.295
1999-12-16 05:00:00,7.536,4.129,-2.58,5.082
1999-12-16 06:00:00,7.827,4.648,-4.591,3.877
1999-12-16 07:00:00,7.629,4.213,-4.68,3.175
1999-12-16 08:00:00,7.645,3.661,-4.767,4.132
1999-12-16 09:00:00,7.581,3.223,-3.922,4.389
1999-12-16 10:00:00,7.113,2.112,-4.345,3.373
1999-12-16 11:00:00,7.165,0.639,-2.593,5.584
1999-12-16 12:00:00,7.017,3.07,-3.682,4.565
1999-12-16 13:00:00,7.328,2.334,-4.241,3.858
1999-12-16 14:00:00,6.732,2.335,1.549,3.689
1999-12-16 15:00:00,6.047,3.089,-1.179,1.469
1999-12-16 16:00:00,6.746,2.213,-4.876,3.277
1999-12-16 17:00:00,6.825,3.3,-4.949,2.682
1999-12-16 18:00:00,6.633,4.824,-2.725,-0.067
1999-12-16 19:00:00,6.582,2.962,-4.314,-1.787
1999-12-16 20:00:00,6.702,3.79,-1.736,-2.911
1999-12-16 21:00:00,6.683,3.682,-1.541,-3.805
1999-12-16 22:00:00,6.789,1.745,-4.792,-1.593
1999-12-16 23:00:00,6.771,2.289,-4.694,0.82
1999-12-17 00:00:00,6.616,1.065,-5.138,2.236
1999-12-17 01:00:00,6.254,2.512,-2.218,-2.836
1999-12-17 02:00:00,5.988,2.646,-0.41,-3.966
1999-12-17 03:00:00,5.947,0.118,-2.868,0.832
1999-12-17 04:00:00,5.97,2.097,-3.532,-0.099
1999-12-17 05:00:00,6.05,3.261,-2.534,1.344
1999-12-17 06:00:00,6.03,4.689,-2.357,1.759
1999-12-17 07:00:00,6.038,4.638,-2.889,0.166
1999-12-17 08:00:00,6.019,4.387,-3.179,0.189
1999-12-17 09:00:00,5.987,3.392,-3.961,-0.64
1999-12-17 10:00:00,6.054,1.553,-4.554,-0.67
1999-12-17 11:00:00,5.934,4.426,-2.935,-0.304
1999-12-17 12:00:00,5.764,3.875,-1.888,-1.482
1999-12-17 13:00:00,5.69,5.305,-0.066,-1.503
1999-12-17 14:00:00,5.767,5.093,1.309,-0.902
1999-12-17 15:00:00,5.602,5.292,0.201,0.098
1999-12-17 16:00:00,5.71,5.209,-1.744,0.346
1999-12-17 17:00:00,5.746,5.392,0.447,0.578
1999-12-17 18:00:00,5.828,5.538,1.198,0.496
1999-12-17 19:00:00,5.904,5.612,0.946,0.803
1999-12-17 20:00:00,5.797,5.61,0.262,-0.294
1999-12-17 21:00:00,5.905,5.652,0.984,0.068
1999-12-17 22:00:00,5.831,4.711,1.401,-0.266
1999-12-17 23:00:00,5.552,5.198,0.382,0.515
1999-12-18 00:00:00,5.467,2.869,-3.428,0.337
1999-12-18 01:00:00,5.617,4.315,-2.363,0.648
1999-12-18 02:00:00,6.067,3.036,-4.676,-0.372
1999-12-18 03:00:00,5.869,1.579,-4.983,0.688
1999-12-18 04:00:00,6.128,4.881,-3.263,-0.461
1999-12-18 05:00:00,6.034,4.577,-1.685,-2.669
1999-12-18 06:00:00,5.948,3.891,-3.766,-0.314
1999-12-18 07:00:00,5.953,5.296,-0.888,-1.086
1999-12-18 08:00:00,6.199,4.469,-0.587,1.981
1999-12-18 09:00:00,6.142,5.131,0.989,1.391
1999-12-18 10:00:00,5.888,1.923,-4.331,1.513
1999-12-18 11:00:00,6.222,2.632,-4.791,0.702
1999-12-18 12:00:00,6.412,1.093,-5.398,0.95
1999-12-18 13:00:00,6.535,2.761,-5.198,1.119
1999-12-18 14:00:00,6.576,1.379,-5.436,-1.032
1999-12-18 15:00:00,6.582,5.105,-1.329,-3.282
1999-12-18 16:00:00,6.336,4.626,-0.527,-2.282
1999-12-18 17:00:00,6.077,0.861,-5.111,2.163
1999-12-18 18:00:00,6.02,3.375,-3.444,-1.796
1999-12-18 19:00:00,6.046,3.37,-4.114,-0.297
1999-12-18 20:00:00,6.048,4.333,-0.573,-2.839
1999-12-18 21:00:00,6.28,3.536,-0.265,-2.067
1999-12-18 22:00:00,6.442,2.199,-5.836,0.425
1999-12-18 23:00:00,6.526,2.635,-5.749,-0.819
1999-12-19 00:00:00,6.29,3.481,-4.69,-0.573
1999-12-19 01:00:00,6.132,3.155,-3.795,0.063
1999-12-19 02:00:00,6.3,3.701,-3.233,0.085
1999-12-19 03:00:00,6.096,2.489,0.301,4.828
1999-12-19 04:00:00,5.838,2.978,1.804,3.164
1999-12-19 05:00:00,5.615,3.423,-0.709,2.494
1999-12-19 06:00:00,5.898,4.353,-2.954,-0.593
1999-12-19 07:00:00,6.054,3.517,-3.895,-2.142
1999-12-19 08:00:00,5.725,1.504,-4.902,-0.463
1999-12-19 09:00:00,5.676,0.797,-4.507,-1.282
1999-12-19 10:00:00,5.216,0.887,1.116,-1.486
1999-12-19 11:00:00,5.305,3.597,-0.524,-1.408
1999-12-19 12:00:00,5.313,2.433,-3.683,1.795
1999-12-19 13:00:00,4.999,1.939,-3.305,-0.298
1999-12-19 14:00:00,4.597,3.231,-0.788,0.713
1999-12-19 15:00:00,4.321,3.924,-0.999,-0.05
1999-12-19 16:00:00,4.431,3.417,-1.804,0.895
1999-12-19 17:00:00,4.584,3.227,2.232,-0.452
1999-12-19 18:00:00,4.888,4.259,0.321,2.064
1999-12-19 19:00:00,4.185,2.526,-0.091,1.753
1999-12-19 20:00:00,3.965,1.575,-3.029,0.368
1999-12-19 21:00:00,4.524,1.86,-2.724,1.974
1999-12-19 22:00:00,5.545,-0.65,-3.527,3.851
1999-12-19 23:00:00,5.576,0.337,-2.696,4.719
1999-12-20 00:00:00,5.435,1.053,-4.07,2.374
1999-12-20 01:00:00,5.753,1.544,-4.982,1.558
1999-12-20 02:00:00,6.056,1.202,-5.709,-0.728
1999-12-20 03:00:00,5.987,1.208,-5.635,-1.363
1999-12-20 04:00:00,5.666,1.021,-5.125,-1.256
1999-12-20 05:00:00,5.203,-0.347,-4.426,-2.373
1999-12-20 06:00:00,5.214,2.583,-3.615,-0.16
1999-12-20 07:00:00,4.685,0.908,-3.092,-0.061
1999-12-20 08:00:00,3.797,2.154,-1.667,-0.47
1999-12-20 09:00:00,3.645,2.232,-1.54,-1.071
1999-12-20 10:00:00,4.36,2.75,-1.815,1.815
1999-12-20 11:00:00,4.634,0.274,-3.622,1.866
1999-12-20 12:00:00,4.09,2.267,-0.249,2.634
1999-12-20 13:00:00,3.719,2.669,1.134,1.584
1999-12-20 14:00:00,4.168,1.095,-2.555,-2.57
1999-12-20 15:00:00,3.917,2.622,-0.915,0.301
1999-12-20 16:00:00,3.942,2.296,-1.123,1.249
1999-12-20 17:00:00,4.008,3.312,1.774,0.522
1999-12-20 18:00:00,4.283,2.779,1.068,1.827
1999-12-20 19:00:00,4.801,-0.96,-4.028,-1.284
1999-12-20 20:00:00,4.852,-1.968,-3.041,-2.576
1999-12-20 21:00:00,4.472,0.669,-2.321,-1.17
1999-12-20 22:00:00,3.913,3.431,-0.378,-0.052
1999-12-20 23:00:00,4.265,3.827,0.509,1.147
1999-12-21 00:00:00,3.84,3.245,-1.816,-0.075
1999-12-21 01:00:00,3.681,2.692,-2.025,-0.356
1999-12-21 02:00:00,3.898,2.726,-2.616,-0.243
1999-12-21 03:00:00,3.602,2.469,-2.094,-0.013
1999-12-21 04:00:00,3.337,0.11,-2.011,-1.282
1999-12-21 05:00:00,2.715,1.724,-0.491,-0.189
1999-12-21 06:00:00,3.56,2.57,-0.76,-1.969
1999-12-21 07:00:00,3.773,3.496,-0.247,-0.232
1999-12-21 08:00:00,4.338,3.808,-1.301,1.208
1999-12-21 09:00:00,4.254,3.56,-1.142,1.385
1999-12-21 10:00:00,4.119,3.968,-0.135,0.902
1999-12-21 11:00:00,4.117,3.926,-0.768,0.343
1999-12-21 12:00:00,3.966,3.291,-1.637,0.996
1999-12-21 13:00:00,3.762,3.411,-0.881,1.109
1999-12-21 14:00:00,3.393,0.258,-2.042,-2.112
1999-12-21 15:00:00,3.016,0.731,-2.372,-0.931
1999-12-21 16:00:00,3.664,1.545,0.115,-1.515
1999-12-21 17:00:00,3.154,1.914,-2.1,0.126
1999-12-21 18:00:00,2.923,1.809,-0.865,-1.457
1999-12-21 19:00:00,2.286,1.263,-1.328,-0.203
1999-12-21 20:00:00,3.284,2.642,-1.358,0.088
1999-12-21 21:00:00,2.326,-0.739,-1.188,0.077
1999-12-21 22:00:00,2.934,1.999,-1.42,1.021
1999-12-21 23:00:00,3.504,3.361,-0.618,0.246
1999-12-22 00:00:00,3.78,3.73,-0.517,-0.037
1999-12-22 01:00:00,3.736,3.606,-0.23,0.717
1999-12-22 02:00:00,3.867,3.117,-1.477,1.231
1999-12-22 03:00:00,3.842,3.122,-1.098,1.052
1999-12-22 04:00:00,4.078,1.471,2.22,2.506
1999-12-22 05:00:00,4.443,3.032,1.146,2.901
1999-12-22 06:00:00,4.29,1.832,1.513,3.403
1999-12-22 07:00:00,4.014,1.898,-0.285,1.966
1999-12-22 08:00:00,4.357,2.056,-3.016,2.112
1999-12-22 09:00:00,3.979,1.95,-2.385,1.683
1999-12-22 10:00:00,3.977,2.282,-1.087,1.247
1999-12-22 11:00:00,4.13,1.966,-3.47,-0.098
1999-12-22 12:00:00,4.174,1.509,-3.47,-1.083
1999-12-22 13:00:00,3.995,1.107,-2.792,-2.261
1999-12-22 14:00:00,3.724,2.022,-2.75,-0.319
1999-12-22 15:00:00,3.735,1.857,-2.877,-1.236
1999-12-22 16:00:00,3.744,1.405,-2.203,-1.712
1999-12-22 17:00:00,3.409,2.057,-2.141,1.279
1999-12-22 18:00:00,3.175,1.931,-2.034,0.717
1999-12-22 19:00:00,3.612,2.402,-2.366,0.538
1999-12-22 20:00:00,3.622,1.947,-2.137,-0.564
1999-12-22 21:00:00,3.616,1.137,-2.495,-1.549
1999-12-22 22:00:00,3.568,0.498,-2.922,0.407
1999-12-22 23:00:00,3.574,1.182,-2.418,-1.93
1999-12-23 00:00:00,3.732,2.334,-2.427,-1.399
1999-12-23 01:00:00,3.327,2.339,-1.435,-1.379
1999-12-23 02:00:00,2.215,1.308,-0.373,0.089
1999-12-23 03:00:00,2.271,1.575,-0.345,1.564
1999-12-23 04:00:00,2.219,1.793,-0.553,1.098
1999-12-23 05:00:00,2.372,1.76,-0.276,1.542
1999-12-23 06:00:00,2.737,1.891,-0.36,1.888
1999-12-23 07:00:00,2.956,1.824,0.037,2.294
1999-12-23 08:00:00,2.695,1.589,0.65,1.542
1999-12-23 09:00:00,3.274,1.838,-1.531,0.945
1999-12-23 10:00:00,4.4,2.706,-2.586,2.224
1999-12-23 11:00:00,4.886,2.323,-2.434,3.336
1999-12-23 12:00:00,6.698,2.692,-5.132,2.346
1999-12-23 13:00:00,7.838,2.431,-6.998,0.517
1999-12-23 14:00:00,7.946,2.937,-6.821,2.049
1999-12-23 15:00:00,7.725,1.239,-6.374,-2.016
1999-12-23 16:00:00,7.643,2.635,-6.886,1.782
1999-12-23 17:00:00,6.204,2.368,-5.441,0.909
1999-12-23 18:00:00,4.156,1.21,-3.324,-0.621
1999-12-23 19:00:00,4.803,-0.356,-3.638,-1.897
1999-12-23 20:00:00,7.042,-0.91,-6.456,-1.261
1999-12-23 21:00:00,5.371,-0.372,-3.869,-3.151
1999-12-23 22:00:00,6.288,-0.144,-1.073,-3.788
1999-12-23 23:00:00,11.165,-0.831,10.449,-1.167
1999-12-24 00:00:00,12.447,2.808,-8.11,3.273
1999-12-24 01:00:00,15.265,1.691,1.376,12.14
1999-12-24 02:00:00,17.992,-0.195,9.901,14.487
1999-12-24 03:00:00,16.911,-6.292,14.085,-3.487
1999-12-24 04:00:00,18.48,-6.966,11.908,-3.97
1999-12-24 05:00:00,12.097,-0.057,7.438,5.05
1999-12-24 06:00:00,11.957,-0.652,6.104,9.084
1999-12-24 07:00:00,17.619,-0.671,15.495,2.823
1999-12-24 08:00:00,16.829,-5.62,15.456,-0.016
1999-12-24 09:00:00,16.557,-6.575,12.902,6.995
1999-12-24 10:00:00,13.344,-2.386,7.837,8.117
1999-12-24 11:00:00,12.05,-5.187,8.128,6.28
1999-12-24 12:00:00,10.592,-6.393,4.534,5.239
1999-12-24 13:00:00,11.141,-8.242,4.857,3.521
1999-12-24 14:00:00,10.94,-5.383,6.671,4.718
1999-12-24 15:00:00,10.967,-5.935,6.032,5.267
1999-12-24 16:00:00,11.513,-7.192,7.442,3.554
1999-12-24 17:00:00,12.356,-7.576,7.217,5.037
1999-12-24 18:00:00,12.246,-7.639,6.813,3.251
1999-12-24 19:00:00,11.774,-6.421,6.959,5.026
1999-12-24 20:00:00,11.938,-8.859,7.007,-0.437
1999-12-24 21:00:00,11.832,-7.077,7.582,-2.174
1999-12-24 22:00:00,11.793,-8.076,6.987,-1.064
1999-12-24 23:00:00,10.515,-6.956,6.424,2.431
1999-12-25 00:00:00,10.654,-3.939,8.1,3.507
1999-12-25 01:00:00,10.758,-7.037,6.086,4.03
1999-12-25 02:00:00,9.761,-5.748,3.958,3.893
1999-12-25 03:00:00,9.264,-3.926,6.716,-0.759
1999-12-25 04:00:00,8.165,4.307,3.06,-2.008
1999-12-25 05:00:00,7.454,2.133,6.022,-0.829
1999-12-25 06:00:00,7.201,0.299,6.549,-0.367
1999-12-25 07:00:00,8.861,-7.391,4.468,0.412
1999-12-25 08:00:00,9.457,-9.019,2.39,-0.286
1999-12-25 09:00:00,10.287,-9.742,2.456,-0.817
1999-12-25 10:00:00,11.347,-10.434,3.518,2.125
1999-12-25 11:00:00,11.396,-2.577,3.914,-0.223
1999-12-25 12:00:00,10.023,-0.248,7.28,-4.07
1999-12-25 13:00:00,10.858,-3.155,8.441,1.733
1999-12-25 14:00:00,10.245,-3.58,7.932,4.141
1999-12-25 15:00:00,9.866,-1.877,6.261,2.856
1999-12-25 16:00:00,10.338,-6.847,5.882,4.32
1999-12-25 17:00:00,10.598,-7.118,6.018,4.806
1999-12-25 18:00:00,10.402,-6.942,6.396,4.218
1999-12-25 19:00:00,9.447,-5.88,4.876,4.773
1999-12-25 20:00:00,7.854,-5.358,0.816,3.594
1999-12-25 21:00:00,6.548,-3.466,2.808,1.302
1999-12-25 22:00:00,4.583,-2.29,-0.195,2.835
1999-12-25 23:00:00,4.293,-0.794,1.888,-1.009
1999-12-26 00:00:00,5.048,-1.682,3.178,2.797
1999-12-26 01:00:00,6.579,-5.16,-1.664,2.947
1999-12-26 02:00:00,7.417,-4.308,1.014,5.209
1999-12-26 03:00:00,6.652,-4.796,1.442,3.785
1999-12-26 04:00:00,6.917,-5.007,0.172,4.018
1999-12-26 05:00:00,7.049,-5.483,1.992,3.608
1999-12-26 06:00:00,7.022,-4.049,3.394,4.461
1999-12-26 07:00:00,7.106,-3.217,5.301,2.905
1999-12-26 08:00:00,7.387,-6.616,2.021,2.459
1999-12-26 09:00:00,7.34,-6.607,2.219,2.162
1999-12-26 10:00:00,7.396,-6.476,2.909,1.909
1999-12-26 11:00:00,7.528,-7.09,2.193,1.229
1999-12-26 12:00:00,7.152,-6.673,2.055,1.402
1999-12-26 13:00:00,7.295,-6.658,2.42,1.711
1999-12-26 14:00:00,7.466,-7.031,1.749,1.63
1999-12-26 15:00:00,7.657,-7.163,1.225,1.862
1999-12-26 16:00:00,7.955,-7.105,0.05,3.427
1999-12-26 17:00:00,8.167,-7.391,2.514,2.019
1999-12-26 18:00:00,8.206,-7.305,3.397,0.97
1999-12-26 19:00:00,8.132,-7.33,3.121,1.294
1999-12-26 20:00:00,8.23,-7.419,3.511,0.109
1999-12-26 21:00:00,10.071,-8.069,4.953,2.601
1999-12-26 22:00:00,11.389,-6.917,6.429,-1.674
1999-12-26 23:00:00,11.826,-9.341,4.094,-1.869
1999-12-27 00:00:00,10.712,-7.868,5.429,0.888
1999-12-27 01:00:00,10.914,-9.127,2.44,5.391
1999-12-27 02:00:00,8.713,-4.117,-1.791,5.323
1999-12-27 03:00:00,9.011,-4.79,2.128,6.448
1999-12-27 04:00:00,5.754,0.605,-0.191,0.222
1999-12-27 05:00:00,5.769,-2.444,-4.198,1.392
1999-12-27 06:00:00,5.049,-2.712,-3.395,-1.883
1999-12-27 07:00:00,7.552,-4.0,-5.435,-3.034
1999-12-27 08:00:00,6.32,-1.38,-5.133,-2.958
1999-12-27 09:00:00,5.574,-0.398,-4.258,-2.294
1999-12-27 10:00:00,5.955,-4.86,-2.18,-0.884
1999-12-27 11:00:00,7.298,-6.381,-2.384,-1.03
1999-12-27 12:00:00,8.308,-7.618,-2.142,1.583
1999-12-27 13:00:00,8.15,-5.213,-5.648,1.872
1999-12-27 14:00:00,6.336,0.914,-5.868,0.081
1999-12-27 15:00:00,6.329,2.173,-5.658,0.937
1999-12-27 16:00:00,6.586,3.844,-4.775,-1.146
1999-12-27 17:00:00,7.824,3.073,-6.323,-2.016
1999-12-27 18:00:00,8.7,7.155,-2.383,-3.299
1999-12-27 19:00:00,8.951,8.35,-0.846,-3.007
1999-12-27 20:00:00,9.024,8.563,-1.081,-2.506
1999-12-27 21:00:00,9.149,8.3,-2.436,-2.87
1999-12-27 22:00:00,9.134,8.039,-2.638,-3.096
1999-12-27 23:00:00,8.992,7.435,-3.416,-3.61
1999-12-28 00:00:00,8.442,7.603,-0.975,-3.407
1999-12-28 01:00:00,7.699,6.824,0.224,-3.528
1999-12-28 02:00:00,8.07,6.993,-0.198,-3.925
1999-12-28 03:00:00,7.429,6.418,-1.06,-3.377
1999-12-28 04:00:00,6.091,4.859,-0.9,-3.204
1999-12-28 05:00:00,4.909,1.095,-3.719,-1.528
1999-12-28 06:00:00,4.204,-0.864,-0.805,3.136
1999-12-28 07:00:00,4.286,-3.361,1.968,-0.626
1999-12-28 08:00:00,2.579,-0.107,-0.684,-1.121
1999-12-28 09:00:00,3.546,-2.04,-1.303,-1.858
1999-12-28 10:00:00,2.967,-1.706,-1.239,-1.212
1999-12-28 11:00:00,3.932,-3.369,1.172,-0.716
1999-12-28 12:00:00,3.848,2.22,-2.194,-0.551
1999-12-28 13:00:00,3.514,2.232,-1.86,-1.411
1999-12-28 14:00:00,4.485,3.981,-0.532,-1.837
1999-12-28 15:00:00,4.266,3.745,0.712,-0.991
1999-12-28 16:00:00,4.881,-3.288,3.211,0.412
1999-12-28 17:00:00,5.297,-4.77,1.661,-0.429
1999-12-28 18:00:00,7.034,-0.195,-0.052,-5.125
1999-12-28 19:00:00,8.596,6.03,-3.379,-4.228
1999-12-28 20:00:00,9.384,7.16,-2.966,-5.05
1999-12-28 21:00:00,9.311,6.288,-2.079,-6.43
1999-12-28 22:00:00,8.918,1.466,0.404,-7.569
1999-12-28 23:00:00,9.91,-3.358,6.555,-6.261
1999-12-29 00:00:00,10.392,-4.031,6.33,-6.894
1999-12-29 01:00:00,10.292,-5.252,7.68,-3.938
1999-12-29 02:00:00,9.247,-3.867,7.117,-3.416
1999-12-29 03:00:00,4.473,-1.774,3.121,-0.777
1999-12-29 04:00:00,3.162,-1.18,-1.339,-0.308
1999-12-29 05:00:00,4.746,-4.236,1.064,-1.57
1999-12-29 06:00:00,3.491,-3.192,0.809,0.111
1999-12-29 07:00:00,3.852,2.622,-2.415,0.781
1999-12-29 08:00:00,4.806,2.351,-1.675,3.147
1999-12-29 09:00:00,7.026,3.626,-2.803,4.586
1999-12-29 10:00:00,8.211,2.804,-4.49,5.38
1999-12-29 11:00:00,8.106,1.683,-6.059,4.994
1999-12-29 12:00:00,7.627,3.75,-3.77,2.992
1999-12-29 13:00:00,7.266,6.39,-0.016,-2.523
1999-12-29 14:00:00,7.387,6.003,-0.225,-1.631
1999-12-29 15:00:00,7.057,5.849,0.625,-1.305
1999-12-29 16:00:00,7.38,4.538,-3.202,-1.062
1999-12-29 17:00:00,7.908,5.727,2.606,-3.669
1999-12-29 18:00:00,7.864,5.868,-0.312,-2.319
1999-12-29 19:00:00,7.895,4.84,-4.435,-2.566
1999-12-29 20:00:00,8.079,5.14,-4.096,-2.024
1999-12-29 21:00:00,9.318,6.134,-6.699,0.386
1999-12-29 22:00:00,10.168,5.466,-8.354,1.778
1999-12-29 23:00:00,10.177,5.868,-7.541,2.942
1999-12-30 00:00:00,10.031,6.031,-7.739,1.426
1999-12-30 01:00:00,9.911,5.883,-6.596,3.384
1999-12-30 02:00:00,9.476,4.766,-6.442,3.505
1999-12-30 03:00:00,9.197,6.699,-4.145,2.519
1999-12-30 04:00:00,9.002,6.595,-4.139,-0.658
1999-12-30 05:00:00,8.85,6.867,-2.724,2.477
1999-12-30 06:00:00,9.34,7.846,-3.067,-2.361
1999-12-30 07:00:00,9.312,5.897,-2.555,-2.049
1999-12-30 08:00:00,9.349,5.761,-3.73,2.634
1999-12-30 09:00:00,9.284,7.388,-4.107,0.706
1999-12-30 10:00:00,9.724,6.085,-5.173,5.108
1999-12-30 11:00:00,10.782,7.693,-6.836,2.782
1999-12-30 12:00:00,11.635,8.455,-7.021,3.253
1999-12-30 13:00:00,13.867,9.286,-8.453,4.776
1999-12-30 14:00:00,14.566,11.242,-8.76,1.753
1999-12-30 15:00:00,13.673,8.177,-8.678,4.9
1999-12-30 16:00:00,16.297,-12.861,4.44,5.772
1999-12-30 17:00:00,18.581,-14.193,11.578,0.872
1999-12-30 18:00:00,17.657,-13.272,8.15,2.008
1999-12-30 19:00:00,14.627,-10.563,7.166,1.07
1999-12-30 20:00:00,14.512,-11.399,6.495,-0.727
1999-12-30 21:00:00,13.722,-7.211,7.308,-1.383
1999-12-30 22:00:00,12.863,-8.499,1.968,3.261
1999-12-30 23:00:00,14.15,-11.094,3.164,4.872
1999-12-31 00:00:00,13.931,-9.418,4.299,2.728
1999-12-31 01:00:00,14.671,-11.79,6.336,2.414
1999-12-31 02:00:00,14.483,-13.164,4.711,-1.56
1999-12-31 03:00:00,13.271,-7.122,8.112,-0.016
1999-12-31 04:00:00,11.27,-1.688,7.947,5.028
1999-12-31 05:00:00,10.717,-8.139,3.846,-1.196
1999-12-31 06:00:00,10.495,-8.132,4.202,0.129
1999-12-31 07:00:00,10.85,-4.088,6.875,-1.834
1999-12-31 08:00:00,10.781,-5.839,5.624,-0.12
1999-12-31 09:00:00,11.018,-5.189,8.093,-1.489
1999-12-31 10:00:00,11.742,-10.954,-0.223,-0.117
1999-12-31 11:00:00,11.851,-10.342,3.329,-0.264
1999-12-31 12:00:00,11.126,-8.846,3.479,-0.471
1999-12-31 13:00:00,9.598,-6.734,3.882,1.186
1999-12-31 14:00:00,9.588,-5.046,3.652,0.538
1999-12-31 15:00:00,10.082,-5.682,6.481,-1.588
1999-12-31 16:00:00,11.327,-7.327,6.092,-1.903
1999-12-31 17:00:00,11.158,-6.073,7.224,-2.619
1999-12-31 18:00:00,8.981,-6.149,4.085,-1.074
1999-12-31 19:00:00,8.469,-5.6,2.944,-1.278
1999-12-31 20:00:00,8.058,-4.254,5.084,-0.169
1999-12-31 21:00:00,7.188,-4.144,1.362,-3.366
1999-12-31 22:00:00,7.49,-6.659,1.499,-1.023
1999-12-31 23:00:00,7.164,-5.326,1.356,0.635
2000-01-01 00:00:00,8.014,-5.867,3.697,-0.937
