datetime,Magnitude,BGSEc_X,BGSEc_Y,BGSEc_Z
2022-01-01 00:00:00,8.349,-6.069,4.097,-2.176
2022-01-01 01:00:00,9.213,-4.103,4.544,-2.402
2022-01-01 02:00:00,9.051,0.903,2.341,-8.152
2022-01-01 03:00:00,8.508,-0.662,2.204,-7.036
2022-01-01 04:00:00,8.706,-6.174,5.858,0.033
2022-01-01 05:00:00,9.137,-5.606,6.958,0.079
2022-01-01 06:00:00,9.4,-6.693,5.952,-2.007
2022-01-01 07:00:00,9.508,-4.88,5.679,2.57
2022-01-01 08:00:00,9.539,-2.877,6.589,5.729
2022-01-01 09:00:00,9.956,-5.925,7.301,2.6
2022-01-01 10:00:00,9.473,-5.796,7.162,1.805
2022-01-01 11:00:00,9.035,-4.648,7.111,2.046
2022-01-01 12:00:00,8.723,-6.05,6.061,1.547
2022-01-01 13:00:00,8.44,-5.815,5.893,0.982
2022-01-01 14:00:00,8.158,-5.819,5.508,0.704
2022-01-01 15:00:00,7.533,-5.831,4.511,-0.376
2022-01-01 16:00:00,7.115,-5.709,0.533,-2.396
2022-01-01 17:00:00,7.431,-7.041,-1.263,-0.277
2022-01-01 18:00:00,7.315,-5.866,0.696,-2.19
2022-01-01 19:00:00,7.365,-4.769,2.071,-0.483
2022-01-01 20:00:00,7.204,-4.784,4.779,1.565
2022-01-01 21:00:00,7.245,-4.178,5.657,0.363
2022-01-01 22:00:00,6.668,-4.233,4.372,-0.132
2022-01-01 23:00:00,6.981,-2.832,5.644,-0.14
2022-01-02 00:00:00,6.54,-2.501,3.656,-1.958
2022-01-02 01:00:00,6.991,-3.948,4.703,0.858
2022-01-02 02:00:00,7.103,-4.289,5.054,1.109
2022-01-02 03:00:00,7.146,-5.191,3.766,-0.449
2022-01-02 04:00:00,6.936,-5.581,2.688,-0.858
2022-01-02 05:00:00,7.059,-4.745,4.974,0.497
2022-01-02 06:00:00,7.44,-3.684,6.296,0.397
2022-01-02 07:00:00,7.372,-3.859,6.104,0.105
2022-01-02 08:00:00,7.358,-4.494,5.737,0.456
2022-01-02 09:00:00,6.999,-5.0,4.722,0.882
2022-01-02 10:00:00,6.57,-4.377,4.534,-0.696
2022-01-02 11:00:00,5.734,-3.198,4.379,-0.708
2022-01-02 12:00:00,6.175,-5.231,3.048,0.407
2022-01-02 13:00:00,6.241,-5.765,2.032,-0.431
2022-01-02 14:00:00,5.541,-5.144,-0.166,-1.623
2022-01-02 15:00:00,5.696,-3.35,-3.628,-2.037
2022-01-02 16:00:00,5.839,-4.447,0.722,-0.587
2022-01-02 17:00:00,6.193,-5.344,0.41,-1.872
2022-01-02 18:00:00,5.787,-4.506,-1.475,-2.532
2022-01-02 19:00:00,6.241,-0.556,-5.21,-2.583
2022-01-02 20:00:00,6.253,-1.988,-4.536,-0.794
2022-01-02 21:00:00,6.427,-5.642,-1.564,0.015
2022-01-02 22:00:00,6.431,-5.403,2.054,-1.144
2022-01-02 23:00:00,6.385,-2.416,-1.714,-0.167
2022-01-03 00:00:00,6.719,-3.9,3.241,1.143
2022-01-03 01:00:00,6.396,-2.917,4.232,-0.778
2022-01-03 02:00:00,5.915,-3.071,3.447,-0.211
2022-01-03 03:00:00,5.721,-0.066,-0.039,-3.434
2022-01-03 04:00:00,7.05,3.164,-0.47,-3.973
2022-01-03 05:00:00,6.62,5.235,0.276,-3.815
2022-01-03 06:00:00,6.237,3.502,2.116,-3.85
2022-01-03 07:00:00,6.223,-2.352,4.63,-2.953
2022-01-03 08:00:00,6.406,-4.004,3.437,-3.042
2022-01-03 09:00:00,8.446,-7.979,2.187,-0.373
2022-01-03 10:00:00,7.92,-6.697,1.826,3.518
2022-01-03 11:00:00,6.48,-4.782,2.002,3.77
2022-01-03 12:00:00,5.222,-3.591,1.415,3.168
2022-01-03 13:00:00,4.92,-3.373,1.796,1.326
2022-01-03 14:00:00,5.713,-5.015,2.158,-1.127
2022-01-03 15:00:00,5.339,-4.594,1.797,0.198
2022-01-03 16:00:00,5.353,-4.111,2.758,-1.702
2022-01-03 17:00:00,5.567,-4.101,2.772,-2.222
2022-01-03 18:00:00,5.785,-3.673,3.769,-2.145
2022-01-03 19:00:00,5.793,-3.665,4.125,-1.485
2022-01-03 20:00:00,6.032,-4.199,4.128,-0.686
2022-01-03 21:00:00,6.217,-4.99,3.252,-0.926
2022-01-03 22:00:00,6.35,-3.846,4.306,-2.298
2022-01-03 23:00:00,6.633,-1.901,5.625,-1.823
2022-01-04 00:00:00,6.69,-1.68,6.253,-1.39
2022-01-04 01:00:00,6.53,-1.257,6.059,-1.233
2022-01-04 02:00:00,6.05,-1.752,5.09,-1.382
2022-01-04 03:00:00,5.739,-2.892,-2.215,-1.712
2022-01-04 04:00:00,5.546,-3.49,-3.712,-1.331
2022-01-04 05:00:00,5.647,-4.921,-2.214,-0.158
2022-01-04 06:00:00,5.477,-4.368,-2.239,-1.608
2022-01-04 07:00:00,5.402,-4.376,2.149,-1.893
2022-01-04 08:00:00,5.4,-0.815,4.292,0.33
2022-01-04 09:00:00,5.337,-0.02,5.126,1.084
2022-01-04 10:00:00,5.41,-1.108,5.095,0.858
2022-01-04 11:00:00,5.203,-1.926,4.782,0.434
2022-01-04 12:00:00,5.141,-2.377,4.486,0.435
2022-01-04 13:00:00,5.563,-3.415,4.332,-0.007
2022-01-04 14:00:00,5.727,-4.334,3.682,-0.13
2022-01-04 15:00:00,5.593,-4.737,2.893,-0.264
2022-01-04 16:00:00,5.476,-4.499,2.947,0.432
2022-01-04 17:00:00,5.57,-4.935,2.462,-0.278
2022-01-04 18:00:00,5.587,-4.962,2.441,0.22
2022-01-04 19:00:00,5.484,-4.655,2.772,0.103
2022-01-04 20:00:00,5.235,-3.983,2.71,1.303
2022-01-04 21:00:00,5.635,-4.486,2.95,1.472
2022-01-04 22:00:00,5.838,-4.332,3.744,0.7
2022-01-04 23:00:00,5.969,-4.158,4.047,-0.233
2022-01-05 00:00:00,5.891,-1.906,5.151,0.466
2022-01-05 01:00:00,5.976,-2.151,5.345,-0.853
2022-01-05 02:00:00,5.918,-0.782,4.991,-1.511
2022-01-05 03:00:00,6.689,-0.156,6.405,-1.203
2022-01-05 04:00:00,6.892,-0.589,6.23,1.575
2022-01-05 05:00:00,6.312,-1.842,3.665,4.333
2022-01-05 06:00:00,5.558,-0.188,4.588,2.196
2022-01-05 07:00:00,5.43,-1.067,3.14,1.148
2022-01-05 08:00:00,5.383,-3.387,0.181,3.61
2022-01-05 09:00:00,5.123,-3.358,1.98,2.78
2022-01-05 10:00:00,5.108,-3.4,1.829,2.846
2022-01-05 11:00:00,4.657,-1.865,2.179,-1.338
2022-01-05 12:00:00,5.464,-2.454,2.412,-3.043
2022-01-05 13:00:00,5.05,-4.559,-0.525,-0.614
2022-01-05 14:00:00,5.249,-4.691,1.423,-1.083
2022-01-05 15:00:00,5.372,-4.658,2.088,0.762
2022-01-05 16:00:00,5.376,-4.054,3.106,0.303
2022-01-05 17:00:00,5.377,-3.018,3.846,0.561
2022-01-05 18:00:00,5.513,-2.57,4.28,1.47
2022-01-05 19:00:00,5.37,-2.627,4.095,1.129
2022-01-05 20:00:00,5.024,-3.048,3.139,-0.741
2022-01-05 21:00:00,5.057,-3.135,2.697,2.289
2022-01-05 22:00:00,5.192,-0.184,4.978,-0.034
2022-01-05 23:00:00,5.062,-1.934,3.638,0.782
2022-01-06 00:00:00,5.025,-4.062,2.138,1.668
2022-01-06 01:00:00,5.048,-2.756,4.026,0.323
2022-01-06 02:00:00,5.127,-3.324,3.651,1.159
2022-01-06 03:00:00,5.175,-2.208,4.491,0.632
2022-01-06 04:00:00,5.277,-2.01,4.699,1.049
2022-01-06 05:00:00,4.937,-1.79,4.292,1.421
2022-01-06 06:00:00,4.368,1.656,3.169,2.054
2022-01-06 07:00:00,4.512,3.338,2.254,1.727
2022-01-06 08:00:00,4.314,3.6,1.836,1.255
2022-01-06 09:00:00,4.365,2.747,2.595,2.061
2022-01-06 10:00:00,4.554,2.905,1.75,2.611
2022-01-06 11:00:00,4.368,3.317,2.161,1.735
2022-01-06 12:00:00,4.242,3.358,2.103,1.331
2022-01-06 13:00:00,3.987,2.789,1.993,1.497
2022-01-06 14:00:00,3.761,1.864,1.811,2.245
2022-01-06 15:00:00,4.726,0.269,3.954,1.509
2022-01-06 16:00:00,4.436,-1.949,3.827,-0.508
2022-01-06 17:00:00,3.983,-2.004,2.623,-1.558
2022-01-06 18:00:00,4.3,-3.121,2.496,-1.181
2022-01-06 19:00:00,4.398,-3.067,3.015,-0.058
2022-01-06 20:00:00,4.048,-2.653,2.488,0.64
2022-01-06 21:00:00,3.573,-0.672,3.149,0.803
2022-01-06 22:00:00,3.869,-2.681,2.571,-0.723
2022-01-06 23:00:00,3.687,-2.552,2.547,0.354
2022-01-07 00:00:00,3.687,-2.673,1.716,1.377
2022-01-07 01:00:00,3.787,-3.446,1.271,0.423
2022-01-07 02:00:00,3.649,-2.58,2.323,0.891
2022-01-07 03:00:00,3.603,-2.631,2.322,0.439
2022-01-07 04:00:00,3.506,-2.865,1.687,-0.461
2022-01-07 05:00:00,3.467,-2.046,1.539,0.54
2022-01-07 06:00:00,3.626,-2.353,2.146,0.847
2022-01-07 07:00:00,3.753,-2.564,2.506,0.893
2022-01-07 08:00:00,3.803,-2.249,1.838,1.732
2022-01-07 09:00:00,3.804,-1.102,1.474,3.227
2022-01-07 10:00:00,4.052,-2.438,1.737,2.535
2022-01-07 11:00:00,4.187,-2.505,3.099,1.073
2022-01-07 12:00:00,3.935,-2.159,2.954,1.148
2022-01-07 13:00:00,3.726,-1.621,3.215,0.513
2022-01-07 14:00:00,3.686,-2.336,2.422,0.82
2022-01-07 15:00:00,3.762,-2.558,2.473,0.927
2022-01-07 16:00:00,3.548,-3.237,0.969,0.756
2022-01-07 17:00:00,3.456,-1.425,1.996,0.801
2022-01-07 18:00:00,3.464,-1.824,1.802,-0.14
2022-01-07 19:00:00,3.382,-3.016,1.387,-0.042
2022-01-07 20:00:00,3.342,-2.907,1.558,0.114
2022-01-07 21:00:00,3.214,-2.844,1.348,0.196
2022-01-07 22:00:00,3.212,-2.971,0.634,0.671
2022-01-07 23:00:00,3.258,-3.132,-0.612,0.402
2022-01-08 00:00:00,3.301,-2.374,0.325,0.716
2022-01-08 01:00:00,3.431,-2.62,1.591,1.372
2022-01-08 02:00:00,3.31,-0.283,2.933,-0.229
2022-01-08 03:00:00,3.565,-0.272,3.416,-0.618
2022-01-08 04:00:00,3.832,-0.498,3.621,-0.339
2022-01-08 05:00:00,3.892,0.134,3.658,-0.546
2022-01-08 06:00:00,3.97,-0.159,3.209,-0.996
2022-01-08 07:00:00,4.382,0.214,3.232,-2.665
2022-01-08 08:00:00,2.918,-0.726,1.09,0.805
2022-01-08 09:00:00,4.045,-2.221,1.221,1.617
2022-01-08 10:00:00,5.508,-1.192,4.595,-1.219
2022-01-08 11:00:00,4.244,-1.229,3.262,-2.117
2022-01-08 12:00:00,4.586,-1.286,3.779,-2.097
2022-01-08 13:00:00,3.637,-1.43,2.424,-2.148
2022-01-08 14:00:00,3.907,-0.736,2.326,-2.746
2022-01-08 15:00:00,5.67,-1.14,3.601,-3.792
2022-01-08 16:00:00,4.925,0.512,4.196,-1.665
2022-01-08 17:00:00,13.434,-0.25,12.135,-4.97
2022-01-08 18:00:00,15.872,-1.128,8.738,-9.294
2022-01-08 19:00:00,14.783,-1.641,12.094,-7.3
2022-01-08 20:00:00,11.474,-3.805,-2.983,-6.717
2022-01-08 21:00:00,11.758,-1.836,-0.244,-4.197
2022-01-08 22:00:00,14.384,8.369,1.914,10.388
2022-01-08 23:00:00,16.368,6.915,-7.175,7.608
2022-01-09 00:00:00,18.464,7.697,-8.353,13.226
2022-01-09 01:00:00,17.418,5.037,-10.529,8.276
2022-01-09 02:00:00,17.002,5.372,-12.037,7.625
2022-01-09 03:00:00,14.71,6.33,-9.145,7.479
2022-01-09 04:00:00,15.505,9.079,-9.179,5.087
2022-01-09 05:00:00,10.223,4.254,-7.851,0.901
2022-01-09 06:00:00,9.301,4.769,-6.422,2.34
2022-01-09 07:00:00,6.505,1.614,-4.029,0.062
2022-01-09 08:00:00,4.057,3.897,-0.803,0.098
2022-01-09 09:00:00,4.047,3.938,0.0,-0.447
2022-01-09 10:00:00,4.181,4.034,0.224,-0.303
2022-01-09 11:00:00,3.765,3.637,-0.342,-0.155
2022-01-09 12:00:00,3.969,3.73,-0.215,-0.94
2022-01-09 13:00:00,2.08,1.323,-0.202,-0.493
2022-01-09 14:00:00,2.961,2.319,-1.394,0.121
2022-01-09 15:00:00,3.665,3.484,-0.775,0.44
2022-01-09 16:00:00,3.179,2.585,-0.631,-0.444
2022-01-09 17:00:00,3.047,-0.009,-1.605,-0.976
2022-01-09 18:00:00,2.444,-1.726,-0.163,-1.4
2022-01-09 19:00:00,2.559,-0.885,-0.924,-1.001
2022-01-09 20:00:00,3.086,-2.28,-1.492,-0.77
2022-01-09 21:00:00,3.627,-2.626,-1.631,-1.174
2022-01-09 22:00:00,3.273,0.434,-0.86,-2.267
2022-01-09 23:00:00,3.634,-0.343,-2.268,-1.247
2022-01-10 00:00:00,3.719,-1.026,-2.818,-0.615
2022-01-10 01:00:00,4.25,-0.851,-3.304,0.841
2022-01-10 02:00:00,4.774,0.261,-3.134,2.999
2022-01-10 03:00:00,4.312,-0.25,1.312,-2.665
2022-01-10 04:00:00,4.799,3.472,2.929,0.479
2022-01-10 05:00:00,4.264,2.681,2.133,1.91
2022-01-10 06:00:00,3.852,1.396,-1.655,1.738
2022-01-10 07:00:00,4.439,-0.245,-3.098,2.034
2022-01-10 08:00:00,4.27,-2.426,-2.973,-0.583
2022-01-10 09:00:00,4.283,-2.043,-3.411,1.126
2022-01-10 10:00:00,3.486,-1.106,-2.953,0.704
2022-01-10 11:00:00,3.145,-1.002,-2.218,-1.503
2022-01-10 12:00:00,3.452,-1.678,-2.697,-0.778
2022-01-10 13:00:00,3.077,-1.023,-2.473,-1.334
2022-01-10 14:00:00,3.441,-0.688,-2.773,-1.565
2022-01-10 15:00:00,3.993,-2.131,-2.554,-1.981
2022-01-10 16:00:00,4.082,-0.992,-2.744,-2.451
2022-01-10 17:00:00,4.298,-1.962,-2.518,-2.387
2022-01-10 18:00:00,3.696,-1.195,-2.504,-1.872
2022-01-10 19:00:00,3.747,-1.148,-2.673,-1.42
2022-01-10 20:00:00,3.661,-0.397,-2.705,-1.614
2022-01-10 21:00:00,3.559,-2.612,-0.607,-1.88
2022-01-10 22:00:00,2.811,0.785,0.93,-1.078
2022-01-10 23:00:00,2.76,-0.773,-0.095,-1.117
2022-01-11 00:00:00,3.795,-3.196,-0.958,-1.698
2022-01-11 01:00:00,4.299,-3.493,-1.339,-2.005
2022-01-11 02:00:00,4.008,-2.228,-1.962,-2.306
2022-01-11 03:00:00,3.069,1.935,-1.924,-0.115
2022-01-11 04:00:00,3.973,2.641,-2.672,-0.631
2022-01-11 05:00:00,4.889,3.493,-3.363,-0.32
2022-01-11 06:00:00,5.021,3.632,-3.362,0.414
2022-01-11 07:00:00,4.888,2.371,-3.316,-0.77
2022-01-11 08:00:00,4.222,3.088,-1.975,1.318
2022-01-11 09:00:00,3.861,2.682,-1.964,-0.69
2022-01-11 10:00:00,4.006,3.767,0.699,0.712
2022-01-11 11:00:00,4.922,2.372,-1.055,-0.273
2022-01-11 12:00:00,5.195,0.354,-3.972,-1.738
2022-01-11 13:00:00,4.885,0.315,-2.746,-0.348
2022-01-11 14:00:00,5.116,-1.514,-3.536,-2.159
2022-01-11 15:00:00,5.389,1.257,-4.61,-0.003
2022-01-11 16:00:00,5.666,2.727,-2.947,1.468
2022-01-11 17:00:00,5.683,4.313,-2.028,2.743
2022-01-11 18:00:00,5.589,4.665,-2.454,1.612
2022-01-11 19:00:00,5.715,5.103,-0.516,2.271
2022-01-11 20:00:00,5.728,5.195,-0.79,2.096
2022-01-11 21:00:00,5.793,5.226,-1.175,2.011
2022-01-11 22:00:00,5.869,5.283,-0.024,2.354
2022-01-11 23:00:00,5.303,3.986,-1.941,1.54
2022-01-12 00:00:00,5.517,4.337,-2.89,0.896
2022-01-12 01:00:00,5.443,2.556,-4.697,-0.311
2022-01-12 02:00:00,5.835,3.678,2.55,3.252
2022-01-12 03:00:00,5.936,3.296,2.602,3.557
2022-01-12 04:00:00,6.542,4.043,2.404,3.414
2022-01-12 05:00:00,6.974,5.455,1.627,3.324
2022-01-12 06:00:00,7.182,4.766,3.749,3.646
2022-01-12 07:00:00,6.811,3.846,3.382,3.653
2022-01-12 08:00:00,6.905,4.079,4.187,3.17
2022-01-12 09:00:00,7.385,5.025,4.306,3.136
2022-01-12 10:00:00,7.217,6.419,0.761,2.218
2022-01-12 11:00:00,6.709,5.99,1.576,2.34
2022-01-12 12:00:00,6.695,5.862,1.892,2.322
2022-01-12 13:00:00,7.117,2.952,-4.394,0.977
2022-01-12 14:00:00,7.072,2.341,-6.491,0.626
2022-01-12 15:00:00,6.906,2.899,-5.674,0.814
2022-01-12 16:00:00,6.842,2.145,-5.763,0.042
2022-01-12 17:00:00,6.729,2.811,-5.133,1.818
2022-01-12 18:00:00,6.688,2.617,-5.706,1.17
2022-01-12 19:00:00,5.781,1.1,-2.707,3.083
2022-01-12 20:00:00,5.53,2.008,-3.543,2.228
2022-01-12 21:00:00,5.195,0.991,-4.262,-1.489
2022-01-12 22:00:00,5.176,2.073,-3.58,1.447
2022-01-12 23:00:00,4.823,0.599,-2.172,2.786
2022-01-13 00:00:00,4.298,1.263,0.432,2.92
2022-01-13 01:00:00,5.779,2.163,-2.357,3.942
2022-01-13 02:00:00,5.386,3.018,-0.185,3.803
2022-01-13 03:00:00,5.686,1.016,-4.554,2.702
2022-01-13 04:00:00,5.637,2.496,-3.126,3.656
2022-01-13 05:00:00,5.204,2.214,-3.009,3.272
2022-01-13 06:00:00,4.416,1.688,-2.683,2.285
2022-01-13 07:00:00,4.7,3.357,-1.671,2.592
2022-01-13 08:00:00,4.705,3.141,-1.343,2.912
2022-01-13 09:00:00,4.672,0.904,-1.926,0.434
2022-01-13 10:00:00,5.061,2.957,-3.385,1.762
2022-01-13 11:00:00,5.402,0.641,-5.048,1.024
2022-01-13 12:00:00,5.292,1.562,-4.621,1.229
2022-01-13 13:00:00,5.287,2.75,-4.078,0.617
2022-01-13 14:00:00,5.472,1.611,-4.692,1.859
2022-01-13 15:00:00,5.541,1.587,-5.054,-0.559
2022-01-13 16:00:00,5.459,2.077,-4.773,-1.255
2022-01-13 17:00:00,5.405,2.381,-4.188,-1.964
2022-01-13 18:00:00,5.656,3.064,-4.285,-0.927
2022-01-13 19:00:00,6.239,2.076,-5.327,0.781
2022-01-13 20:00:00,6.356,1.364,-2.461,5.108
2022-01-13 21:00:00,6.117,0.016,-3.072,2.937
2022-01-13 22:00:00,6.44,-0.031,0.451,6.304
2022-01-13 23:00:00,6.256,0.055,-1.618,5.986
2022-01-14 00:00:00,6.411,-0.396,-2.492,5.759
2022-01-14 01:00:00,6.619,1.077,-3.566,5.254
2022-01-14 02:00:00,6.79,2.647,-5.472,2.52
2022-01-14 03:00:00,6.592,0.033,-5.997,2.352
2022-01-14 04:00:00,6.528,-1.337,-6.042,1.017
2022-01-14 05:00:00,6.907,-0.831,-5.992,-0.517
2022-01-14 06:00:00,7.61,-0.45,-7.049,2.264
2022-01-14 07:00:00,8.574,2.572,-2.414,7.491
2022-01-14 08:00:00,8.797,1.54,2.652,7.962
2022-01-14 09:00:00,8.283,1.687,3.923,6.832
2022-01-14 10:00:00,8.735,2.442,-5.013,5.796
2022-01-14 11:00:00,8.859,1.637,-8.136,2.214
2022-01-14 12:00:00,8.595,1.664,-8.023,-1.95
2022-01-14 13:00:00,9.841,3.036,-8.894,0.445
2022-01-14 14:00:00,11.3,2.242,-10.371,-3.014
2022-01-14 15:00:00,11.871,-0.166,-9.5,-6.965
2022-01-14 16:00:00,12.847,-0.559,-8.655,-9.316
2022-01-14 17:00:00,13.361,-1.092,-7.831,-10.708
2022-01-14 18:00:00,13.69,-3.438,-6.877,-11.288
2022-01-14 19:00:00,14.165,-4.904,-6.847,-11.337
2022-01-14 20:00:00,15.731,-6.191,-6.887,-12.64
2022-01-14 21:00:00,15.359,-3.931,-3.418,-8.429
2022-01-14 22:00:00,10.729,0.591,-3.565,6.051
2022-01-14 23:00:00,10.221,2.329,-8.33,-1.094
2022-01-15 00:00:00,8.546,4.43,-5.409,-2.328
2022-01-15 01:00:00,7.467,2.493,-4.712,0.544
2022-01-15 02:00:00,7.126,-1.521,0.567,-3.51
2022-01-15 03:00:00,4.705,-2.502,0.021,0.231
2022-01-15 04:00:00,4.267,-1.245,-2.398,0.183
2022-01-15 05:00:00,3.859,-3.424,-0.55,-0.767
2022-01-15 06:00:00,3.97,-3.549,-1.083,-1.031
2022-01-15 07:00:00,3.953,1.85,-0.384,-0.039
2022-01-15 08:00:00,2.802,0.215,-1.184,0.353
2022-01-15 09:00:00,3.51,2.289,-1.779,0.178
2022-01-15 10:00:00,4.009,1.208,-1.783,-0.503
2022-01-15 11:00:00,5.347,-0.771,-2.612,-0.718
2022-01-15 12:00:00,7.071,-5.119,-2.203,-2.814
2022-01-15 13:00:00,7.934,-1.183,-2.218,-1.957
2022-01-15 14:00:00,11.075,6.428,-6.732,2.408
2022-01-15 15:00:00,11.221,7.092,-7.033,2.934
2022-01-15 16:00:00,9.337,5.448,-3.337,4.646
2022-01-15 17:00:00,9.856,4.779,-5.593,-1.459
2022-01-15 18:00:00,10.287,2.614,-7.966,4.502
2022-01-15 19:00:00,10.218,2.744,-5.883,2.844
2022-01-15 20:00:00,10.447,2.509,-8.444,-1.329
2022-01-15 21:00:00,8.637,4.209,-4.116,2.552
2022-01-15 22:00:00,8.626,1.388,-6.559,-1.196
2022-01-15 23:00:00,8.082,3.165,-3.735,-0.391
2022-01-16 00:00:00,5.093,1.837,-2.172,0.989
2022-01-16 01:00:00,5.025,1.304,-2.343,0.803
2022-01-16 02:00:00,4.879,0.943,-2.664,2.035
2022-01-16 03:00:00,5.053,1.019,-1.309,4.047
2022-01-16 04:00:00,4.704,2.774,-2.773,-0.102
2022-01-16 05:00:00,4.863,3.772,-1.698,1.802
2022-01-16 06:00:00,4.773,2.224,-3.356,1.432
2022-01-16 07:00:00,4.795,3.645,-1.74,0.416
2022-01-16 08:00:00,5.352,2.499,-2.98,-1.686
2022-01-16 09:00:00,6.1,1.253,-5.523,0.768
2022-01-16 10:00:00,5.836,1.114,-3.668,-1.03
2022-01-16 11:00:00,5.624,2.655,-2.878,-2.625
2022-01-16 12:00:00,5.713,1.804,-4.26,-0.57
2022-01-16 13:00:00,5.79,1.285,-4.156,1.683
2022-01-16 14:00:00,5.253,1.88,-2.722,0.315
2022-01-16 15:00:00,4.751,0.891,2.51,-1.098
2022-01-16 16:00:00,4.525,0.527,1.29,0.455
2022-01-16 17:00:00,4.066,2.846,1.602,0.645
2022-01-16 18:00:00,5.406,0.252,-2.294,1.402
2022-01-16 19:00:00,6.167,2.033,0.39,0.534
2022-01-16 20:00:00,5.889,3.94,-1.2,0.313
2022-01-16 21:00:00,5.948,-0.695,-3.89,2.621
2022-01-16 22:00:00,6.264,0.854,-4.947,0.654
2022-01-16 23:00:00,5.382,2.533,-1.588,0.091
2022-01-17 00:00:00,4.913,-2.301,-0.806,2.807
2022-01-17 01:00:00,4.399,-0.652,0.21,2.215
2022-01-17 02:00:00,4.587,-0.742,2.479,2.152
2022-01-17 03:00:00,4.048,1.08,2.023,2.121
2022-01-17 04:00:00,4.61,2.432,2.2,2.314
2022-01-17 05:00:00,5.533,3.228,-2.212,2.553
2022-01-17 06:00:00,4.188,0.416,-2.04,2.313
2022-01-17 07:00:00,4.339,2.936,2.545,-0.307
2022-01-17 08:00:00,4.164,3.45,0.437,-0.288
2022-01-17 09:00:00,4.057,3.751,-0.519,0.018
2022-01-17 10:00:00,4.073,1.276,-1.809,-0.926
2022-01-17 11:00:00,4.978,-2.495,-0.704,3.296
2022-01-17 12:00:00,4.786,-2.297,1.653,3.108
2022-01-17 13:00:00,4.581,0.471,1.455,-0.606
2022-01-17 14:00:00,4.79,2.256,-3.181,-1.341
2022-01-17 15:00:00,5.15,3.175,-3.477,-1.616
2022-01-17 16:00:00,5.336,3.272,-3.183,-2.385
2022-01-17 17:00:00,5.262,3.317,-2.942,-2.626
2022-01-17 18:00:00,5.127,2.547,-2.801,-2.754
2022-01-17 19:00:00,4.855,-0.193,-3.454,-0.194
2022-01-17 20:00:00,4.545,2.273,-0.856,0.973
2022-01-17 21:00:00,5.372,1.999,-2.071,-0.391
2022-01-17 22:00:00,7.659,0.778,-6.204,-0.911
2022-01-17 23:00:00,6.505,1.295,1.295,-3.157
2022-01-18 00:00:00,5.515,-1.345,2.915,-0.267
2022-01-18 01:00:00,5.029,-0.982,-2.103,0.601
2022-01-18 02:00:00,4.963,2.117,3.871,-1.164
2022-01-18 03:00:00,5.034,3.642,-2.327,-0.48
2022-01-18 04:00:00,5.254,4.381,0.41,-2.17
2022-01-18 05:00:00,4.932,2.844,2.982,-0.254
2022-01-18 06:00:00,4.954,4.126,-0.544,-1.652
2022-01-18 07:00:00,4.896,2.572,-3.0,-1.682
2022-01-18 08:00:00,4.533,3.693,-1.049,-1.221
2022-01-18 09:00:00,4.469,3.022,-1.876,-1.511
2022-01-18 10:00:00,4.881,3.174,-3.053,-0.843
2022-01-18 11:00:00,4.869,2.4,-3.564,-0.817
2022-01-18 12:00:00,4.876,2.476,-2.454,-2.18
2022-01-18 13:00:00,5.214,1.352,-4.583,-1.012
2022-01-18 14:00:00,5.093,2.631,-3.42,-0.991
2022-01-18 15:00:00,4.718,2.914,-1.628,-2.413
2022-01-18 16:00:00,4.714,3.5,-1.056,-2.446
2022-01-18 17:00:00,4.742,3.54,-2.146,-1.407
2022-01-18 18:00:00,4.811,1.651,-3.563,-1.645
2022-01-18 19:00:00,4.904,1.141,-3.764,-2.325
2022-01-18 20:00:00,4.859,1.716,-3.657,-2.162
2022-01-18 21:00:00,4.705,1.205,-3.39,-2.622
2022-01-18 22:00:00,4.782,2.555,-2.444,-1.835
2022-01-18 23:00:00,7.745,1.188,-6.285,-2.863
2022-01-19 00:00:00,8.455,0.49,-5.255,-5.094
2022-01-19 01:00:00,8.633,3.486,-3.045,-5.349
2022-01-19 02:00:00,7.905,0.756,3.625,0.086
2022-01-19 03:00:00,7.819,-3.809,-0.254,6.436
2022-01-19 04:00:00,8.124,0.615,-7.091,-1.232
2022-01-19 05:00:00,7.02,-2.529,-5.631,1.928
2022-01-19 06:00:00,6.877,-5.737,-2.581,2.529
2022-01-19 07:00:00,6.719,-5.658,-2.873,2.009
2022-01-19 08:00:00,4.733,-0.488,-1.962,0.289
2022-01-19 09:00:00,3.926,3.334,-0.239,0.955
2022-01-19 10:00:00,3.695,3.344,-0.423,0.619
2022-01-19 11:00:00,3.758,3.412,0.757,-0.747
2022-01-19 12:00:00,3.301,-0.49,-2.45,0.616
2022-01-19 13:00:00,3.086,-2.375,-1.644,0.767
2022-01-19 14:00:00,3.504,-2.894,-1.666,0.692
2022-01-19 15:00:00,3.492,-2.688,-2.05,0.252
2022-01-19 16:00:00,3.342,-2.724,-1.856,-0.053
2022-01-19 17:00:00,3.648,-3.275,-1.377,-0.581
2022-01-19 18:00:00,3.945,-3.749,-0.843,-0.725
2022-01-19 19:00:00,4.308,-4.055,-1.136,-0.744
2022-01-19 20:00:00,4.545,-4.309,-1.234,-0.536
2022-01-19 21:00:00,4.678,-4.51,-1.114,-0.126
2022-01-19 22:00:00,4.588,-4.419,-0.81,-0.664
2022-01-19 23:00:00,3.957,-3.48,-1.089,-0.851
2022-01-20 00:00:00,4.271,0.022,-2.109,2.995
2022-01-20 01:00:00,4.35,3.748,-0.504,1.754
2022-01-20 02:00:00,4.387,3.483,1.461,1.113
2022-01-20 03:00:00,4.846,4.267,0.031,1.998
2022-01-20 04:00:00,5.019,4.138,-0.363,2.641
2022-01-20 05:00:00,5.1,1.706,-1.728,4.376
2022-01-20 06:00:00,4.843,2.507,-1.472,3.686
2022-01-20 07:00:00,4.492,3.771,-0.158,2.051
2022-01-20 08:00:00,4.354,4.293,0.061,-0.177
2022-01-20 09:00:00,4.314,4.151,0.112,-0.879
2022-01-20 10:00:00,4.428,4.351,0.021,-0.345
2022-01-20 11:00:00,4.368,4.267,0.167,0.368
2022-01-20 12:00:00,4.423,4.216,-0.241,0.36
2022-01-20 13:00:00,4.306,4.215,-0.305,-0.19
2022-01-20 14:00:00,4.281,4.228,0.016,0.268
2022-01-20 15:00:00,4.362,4.077,-0.603,1.022
2022-01-20 16:00:00,4.402,3.832,-0.327,1.58
2022-01-20 17:00:00,4.272,3.941,-0.64,1.209
2022-01-20 18:00:00,4.194,3.811,0.228,0.864
2022-01-20 19:00:00,4.214,3.205,-1.232,1.865
2022-01-20 20:00:00,4.37,2.821,-1.4,2.797
2022-01-20 21:00:00,4.359,2.69,-1.487,2.765
2022-01-20 22:00:00,4.0,2.508,-1.423,2.484
2022-01-20 23:00:00,4.258,0.322,-2.316,0.876
2022-01-21 00:00:00,3.907,2.664,0.069,2.578
2022-01-21 01:00:00,3.892,2.471,-0.669,2.705
2022-01-21 02:00:00,3.8,0.947,-0.082,3.291
2022-01-21 03:00:00,4.149,0.354,-1.017,3.443
2022-01-21 04:00:00,4.114,0.29,-2.661,2.135
2022-01-21 05:00:00,3.508,1.697,-1.559,0.446
2022-01-21 06:00:00,4.131,3.598,0.628,-1.76
2022-01-21 07:00:00,4.168,4.01,0.141,-0.602
2022-01-21 08:00:00,3.739,2.991,-1.041,0.087
2022-01-21 09:00:00,3.748,3.005,-1.789,-0.233
2022-01-21 10:00:00,3.685,2.896,-1.303,1.258
2022-01-21 11:00:00,3.653,1.604,-2.63,1.5
2022-01-21 12:00:00,3.764,1.872,-2.705,0.981
2022-01-21 13:00:00,6.255,3.548,-1.07,-1.378
2022-01-21 14:00:00,6.252,4.92,0.56,-3.055
2022-01-21 15:00:00,6.03,3.909,-0.275,-4.059
2022-01-21 16:00:00,5.785,0.344,-3.998,-1.31
2022-01-21 17:00:00,5.573,-0.852,-4.517,-1.529
2022-01-21 18:00:00,5.394,-1.182,-3.838,-1.792
2022-01-21 19:00:00,5.471,-2.525,-4.195,0.949
2022-01-21 20:00:00,5.287,-0.298,-4.237,-2.511
2022-01-21 21:00:00,5.011,0.677,-1.862,-3.885
2022-01-21 22:00:00,4.76,1.109,-3.468,-2.344
2022-01-21 23:00:00,4.568,0.981,-1.663,-3.615
2022-01-22 00:00:00,4.121,0.758,-2.343,-3.091
2022-01-22 01:00:00,4.4,2.474,-1.491,-3.166
2022-01-22 02:00:00,4.442,2.87,3.028,-0.424
2022-01-22 03:00:00,4.964,2.057,0.986,-3.995
2022-01-22 04:00:00,4.628,1.735,-1.747,-2.181
2022-01-22 05:00:00,3.975,0.326,-3.055,-1.593
2022-01-22 06:00:00,3.814,-1.408,-2.864,-1.772
2022-01-22 07:00:00,3.91,-1.916,-2.811,-1.108
2022-01-22 08:00:00,3.791,1.175,-1.691,-2.866
2022-01-22 09:00:00,3.906,2.889,-0.802,-2.043
2022-01-22 10:00:00,3.998,-0.53,-1.585,-1.97
2022-01-22 11:00:00,4.121,-0.203,-1.166,-2.194
2022-01-22 12:00:00,3.582,0.154,0.756,-1.193
2022-01-22 13:00:00,4.348,-1.981,-1.28,-2.312
2022-01-22 14:00:00,4.639,-3.094,-2.729,-1.906
2022-01-22 15:00:00,4.63,-3.445,-2.215,-1.408
2022-01-22 16:00:00,4.642,-4.048,-1.604,-0.679
2022-01-22 17:00:00,4.628,-4.42,-0.974,-0.371
2022-01-22 18:00:00,4.475,-4.101,-1.12,-0.68
2022-01-22 19:00:00,4.342,-0.537,-1.106,-2.393
2022-01-22 20:00:00,4.295,1.877,-2.275,-2.701
2022-01-22 21:00:00,4.503,0.862,-3.139,-1.422
2022-01-22 22:00:00,4.697,-2.251,-2.669,-2.777
2022-01-22 23:00:00,4.46,-1.572,-1.468,-3.481
2022-01-23 00:00:00,4.487,0.164,-2.315,-3.53
2022-01-23 01:00:00,4.398,1.168,-2.967,-2.437
2022-01-23 02:00:00,4.607,-1.844,-2.544,-1.496
2022-01-23 03:00:00,5.097,-2.892,-2.224,-2.774
2022-01-23 04:00:00,5.02,2.575,-1.525,-3.462
2022-01-23 05:00:00,4.926,1.859,-1.413,-2.68
2022-01-23 06:00:00,5.017,-3.926,-2.853,-1.025
2022-01-23 07:00:00,5.126,-2.62,-2.618,-1.76
2022-01-23 08:00:00,5.223,-1.757,-1.754,-1.083
2022-01-23 09:00:00,5.113,2.102,-3.042,-2.605
2022-01-23 10:00:00,5.183,-0.017,-2.083,-1.523
2022-01-23 11:00:00,5.169,-1.182,-3.478,-2.593
2022-01-23 12:00:00,4.882,-1.878,-3.559,-1.497
2022-01-23 13:00:00,5.189,-3.59,-2.087,0.452
2022-01-23 14:00:00,4.554,1.079,-2.916,-1.094
2022-01-23 15:00:00,5.368,0.084,-4.743,-0.567
2022-01-23 16:00:00,4.806,-1.037,-4.428,1.169
2022-01-23 17:00:00,4.134,1.085,-2.904,1.149
2022-01-23 18:00:00,4.448,3.085,-1.314,2.674
2022-01-23 19:00:00,4.711,3.451,-2.296,1.853
2022-01-23 20:00:00,4.417,1.973,-3.219,1.821
2022-01-23 21:00:00,4.061,2.201,-2.378,1.569
2022-01-23 22:00:00,3.861,0.216,-2.334,1.238
2022-01-23 23:00:00,3.881,-3.044,-1.214,1.721
2022-01-24 00:00:00,3.984,-2.458,-2.133,1.598
2022-01-24 01:00:00,4.066,-0.6,-2.726,2.126
2022-01-24 02:00:00,4.31,0.016,-3.002,2.498
2022-01-24 03:00:00,4.813,1.366,-3.075,0.525
2022-01-24 04:00:00,4.101,-2.166,-2.924,0.661
2022-01-24 05:00:00,4.392,-1.129,-3.474,1.066
2022-01-24 06:00:00,4.279,-1.503,-2.215,0.459
2022-01-24 07:00:00,3.793,-2.477,-2.027,0.342
2022-01-24 08:00:00,3.649,-2.355,-2.656,0.531
2022-01-24 09:00:00,3.796,-2.239,-2.799,0.61
2022-01-24 10:00:00,4.16,-1.896,-2.277,-0.973
2022-01-24 11:00:00,5.511,0.064,-5.314,-0.01
2022-01-24 12:00:00,3.967,-0.03,-3.579,1.011
2022-01-24 13:00:00,5.452,0.24,-5.1,1.377
2022-01-24 14:00:00,5.195,-0.339,-5.077,0.27
2022-01-24 15:00:00,5.398,-0.158,-5.207,0.431
2022-01-24 16:00:00,4.211,0.25,-4.028,-0.61
2022-01-24 17:00:00,6.154,-0.112,-5.765,0.258
2022-01-24 18:00:00,6.818,0.681,-5.62,2.789
2022-01-24 19:00:00,8.625,0.888,-7.44,3.191
2022-01-24 20:00:00,10.565,0.571,-10.482,0.782
2022-01-24 21:00:00,10.396,-0.436,-10.131,0.029
2022-01-24 22:00:00,10.541,-1.414,-10.186,-1.039
2022-01-24 23:00:00,10.462,-1.47,-10.183,-0.961
2022-01-25 00:00:00,9.109,1.874,-8.447,-1.985
2022-01-25 01:00:00,8.933,1.597,-8.477,-0.343
2022-01-25 02:00:00,7.439,0.373,-6.83,-1.457
2022-01-25 03:00:00,5.509,0.685,-4.682,-2.223
2022-01-25 04:00:00,10.499,-1.034,-0.016,1.244
2022-01-25 05:00:00,10.707,-0.564,10.093,2.102
2022-01-25 06:00:00,9.492,-2.412,2.085,3.258
2022-01-25 07:00:00,8.832,1.208,0.168,-4.622
2022-01-25 08:00:00,7.406,1.058,5.147,-0.652
2022-01-25 09:00:00,11.179,6.209,4.768,-7.649
2022-01-25 10:00:00,11.375,0.245,8.686,2.637
2022-01-25 11:00:00,8.278,-0.728,2.832,2.228
2022-01-25 12:00:00,7.943,1.754,-0.467,6.169
2022-01-25 13:00:00,9.569,5.769,5.302,-0.323
2022-01-25 14:00:00,10.317,6.895,2.474,-7.082
2022-01-25 15:00:00,9.8,5.23,1.946,-6.582
2022-01-25 16:00:00,8.966,2.446,2.364,-2.482
2022-01-25 17:00:00,8.014,2.467,-3.129,-2.174
2022-01-25 18:00:00,6.337,2.419,4.103,-1.904
2022-01-25 19:00:00,6.462,5.176,1.447,-0.891
2022-01-25 20:00:00,4.959,4.444,1.601,-0.816
2022-01-25 21:00:00,4.41,3.858,1.933,0.375
2022-01-25 22:00:00,4.656,4.295,1.53,0.041
2022-01-25 23:00:00,5.834,-2.103,2.088,1.58
2022-01-26 00:00:00,6.771,-1.932,5.487,-0.707
2022-01-26 01:00:00,6.056,1.006,2.929,-1.056
2022-01-26 02:00:00,6.576,-0.731,4.753,0.258
2022-01-26 03:00:00,6.717,-3.779,3.554,3.932
2022-01-26 04:00:00,6.013,-0.425,4.693,0.462
2022-01-26 05:00:00,6.335,-3.833,3.868,1.691
2022-01-26 06:00:00,6.993,-5.216,3.637,0.461
2022-01-26 07:00:00,7.546,-6.047,1.172,0.301
2022-01-26 08:00:00,6.707,-5.347,0.095,-0.212
2022-01-26 09:00:00,6.954,-1.62,2.035,-2.227
2022-01-26 10:00:00,7.509,-5.592,1.035,4.636
2022-01-26 11:00:00,6.478,-3.854,1.413,3.834
2022-01-26 12:00:00,6.176,-2.983,-2.105,3.72
2022-01-26 13:00:00,5.239,-1.231,-1.627,3.514
2022-01-26 14:00:00,4.641,-0.223,1.737,-1.408
2022-01-26 15:00:00,4.066,-0.935,1.736,-1.541
2022-01-26 16:00:00,5.392,-3.282,1.907,-2.734
2022-01-26 17:00:00,4.945,-3.585,2.175,1.871
2022-01-26 18:00:00,4.334,0.235,1.906,-3.158
2022-01-26 19:00:00,4.583,-1.187,3.43,-2.155
2022-01-26 20:00:00,3.877,-0.677,0.098,-1.377
2022-01-26 21:00:00,4.439,0.92,-1.82,-0.897
2022-01-26 22:00:00,4.932,-0.598,0.254,2.179
2022-01-26 23:00:00,4.764,-1.297,1.352,3.687
2022-01-27 00:00:00,5.021,1.356,3.62,0.5
2022-01-27 01:00:00,5.407,-1.481,4.053,0.128
2022-01-27 02:00:00,4.209,0.302,0.624,2.678
2022-01-27 03:00:00,4.062,-0.404,-0.971,2.933
2022-01-27 04:00:00,3.918,-0.936,-0.236,2.433
2022-01-27 05:00:00,4.185,-3.254,-2.253,0.571
2022-01-27 06:00:00,5.088,-4.46,-2.079,-0.577
2022-01-27 07:00:00,4.93,-4.75,-0.132,-0.584
2022-01-27 08:00:00,4.051,-3.917,0.287,-0.541
2022-01-27 09:00:00,3.804,-1.92,2.591,-0.934
2022-01-27 10:00:00,4.915,-1.016,3.86,-1.46
2022-01-27 11:00:00,5.034,1.241,4.703,0.405
2022-01-27 12:00:00,4.939,-2.142,2.129,-0.564
2022-01-27 13:00:00,4.212,-1.678,1.862,0.529
2022-01-27 14:00:00,4.537,-2.011,2.255,-0.323
2022-01-27 15:00:00,5.295,-0.306,4.391,-0.094
2022-01-27 16:00:00,5.562,1.582,4.58,1.545
2022-01-27 17:00:00,5.725,-0.024,3.969,-0.904
2022-01-27 18:00:00,8.057,-5.394,2.353,-5.081
2022-01-27 19:00:00,5.864,-2.521,2.515,-3.072
2022-01-27 20:00:00,4.295,0.258,1.952,-0.46
2022-01-27 21:00:00,4.323,-0.893,2.515,0.007
2022-01-27 22:00:00,5.164,-0.22,3.804,-1.016
2022-01-27 23:00:00,4.598,1.343,3.178,-1.214
2022-01-28 00:00:00,4.662,1.02,2.123,-0.105
2022-01-28 01:00:00,3.73,-3.14,0.762,-0.94
2022-01-28 02:00:00,3.354,-2.727,1.24,-0.106
2022-01-28 03:00:00,3.897,-2.872,1.182,-1.282
2022-01-28 04:00:00,4.314,-2.05,0.676,-3.113
2022-01-28 05:00:00,4.881,-2.728,-1.332,-3.139
2022-01-28 06:00:00,4.333,-1.125,2.998,-2.182
2022-01-28 07:00:00,3.92,-1.164,2.823,-1.807
2022-01-28 08:00:00,3.781,-2.365,2.275,-1.023
2022-01-28 09:00:00,4.11,-2.957,1.952,-1.847
2022-01-28 10:00:00,4.004,-2.973,1.471,-1.885
2022-01-28 11:00:00,4.302,-2.828,2.31,-2.012
2022-01-28 12:00:00,4.139,-0.851,3.558,-1.275
2022-01-28 13:00:00,4.579,-1.054,2.458,-1.215
2022-01-28 14:00:00,5.382,-0.384,2.418,4.481
2022-01-28 15:00:00,6.226,-2.001,4.66,2.532
2022-01-28 16:00:00,6.359,-1.213,5.686,-1.886
2022-01-28 17:00:00,6.198,-2.589,4.275,-0.634
2022-01-28 18:00:00,6.829,-4.806,4.219,-0.977
2022-01-28 19:00:00,7.632,-6.529,-0.676,-2.728
2022-01-28 20:00:00,8.149,-3.017,1.894,-6.55
2022-01-28 21:00:00,7.494,-3.151,-1.678,-5.646
2022-01-28 22:00:00,6.594,-2.141,4.51,-2.344
2022-01-28 23:00:00,6.311,-3.389,4.619,-0.288
2022-01-29 00:00:00,6.601,-0.542,-3.926,-1.098
2022-01-29 01:00:00,8.125,-0.506,-0.114,-5.145
2022-01-29 02:00:00,8.138,-3.505,5.944,-4.135
2022-01-29 03:00:00,6.788,-3.088,2.756,-4.371
2022-01-29 04:00:00,6.863,-4.705,4.643,-0.174
2022-01-29 05:00:00,6.002,-2.538,2.5,2.391
2022-01-29 06:00:00,6.392,-3.211,3.536,-3.639
2022-01-29 07:00:00,6.776,-3.132,3.645,-3.866
2022-01-29 08:00:00,6.668,-2.742,2.362,-4.467
2022-01-29 09:00:00,6.343,-2.368,4.153,-2.832
2022-01-29 10:00:00,6.542,-4.337,1.061,-2.581
2022-01-29 11:00:00,6.441,-1.851,2.022,-3.556
2022-01-29 12:00:00,5.235,-2.806,0.364,-1.622
2022-01-29 13:00:00,4.293,-0.121,1.887,2.539
2022-01-29 14:00:00,4.483,-0.101,0.214,2.822
2022-01-29 15:00:00,4.853,-1.998,-0.883,3.499
2022-01-29 16:00:00,5.344,-1.88,2.69,3.47
2022-01-29 17:00:00,5.028,-1.268,3.296,2.861
2022-01-29 18:00:00,5.202,-2.809,3.978,0.984
2022-01-29 19:00:00,5.486,-3.22,4.341,0.337
2022-01-29 20:00:00,5.665,-3.056,4.661,-0.202
2022-01-29 21:00:00,4.997,-3.102,3.535,-1.118
2022-01-29 22:00:00,4.674,-2.359,3.063,-2.315
2022-01-29 23:00:00,4.783,-2.338,3.634,-0.311
2022-01-30 00:00:00,4.773,-1.844,3.546,-1.661
2022-01-30 01:00:00,4.854,-2.93,2.443,-1.245
2022-01-30 02:00:00,4.94,-0.985,3.85,-1.143
2022-01-30 03:00:00,5.437,-1.062,3.651,-2.789
2022-01-30 04:00:00,5.334,-3.153,2.081,-3.343
2022-01-30 05:00:00,5.284,-2.811,2.471,-3.161
2022-01-30 06:00:00,5.314,-2.568,3.336,-2.275
2022-01-30 07:00:00,5.393,-3.198,2.248,-1.854
2022-01-30 08:00:00,5.614,-4.722,1.157,-1.203
2022-01-30 09:00:00,5.386,-4.626,0.783,-0.37
2022-01-30 10:00:00,5.542,-4.832,0.939,-1.258
2022-01-30 11:00:00,5.363,-4.262,-0.382,-0.082
2022-01-30 12:00:00,5.6,-5.161,-0.365,-0.096
2022-01-30 13:00:00,5.781,-2.802,-4.298,-0.437
2022-01-30 14:00:00,6.023,-1.967,-4.105,1.746
2022-01-30 15:00:00,5.837,-2.677,-4.299,0.351
2022-01-30 16:00:00,5.712,-4.779,-1.482,-0.043
2022-01-30 17:00:00,5.725,-2.59,-4.478,1.69
2022-01-30 18:00:00,5.551,-3.132,-0.834,0.563
2022-01-30 19:00:00,5.205,-2.896,0.931,-1.07
2022-01-30 20:00:00,5.256,-2.848,2.421,-2.813
2022-01-30 21:00:00,5.26,-2.73,-2.565,-2.505
2022-01-30 22:00:00,5.089,-1.645,-4.0,-2.333
2022-01-30 23:00:00,4.88,0.14,-3.982,-2.523
2022-01-31 00:00:00,5.164,1.136,-4.026,-2.77
2022-01-31 01:00:00,5.27,2.236,-3.326,-3.224
2022-01-31 02:00:00,5.159,0.704,-4.442,-2.255
2022-01-31 03:00:00,5.545,-3.132,-1.353,-3.841
2022-01-31 04:00:00,5.284,-3.695,-0.241,-3.502
2022-01-31 05:00:00,5.191,-3.173,-0.276,-3.606
2022-01-31 06:00:00,5.375,-3.581,1.118,-3.572
2022-01-31 07:00:00,5.345,-3.426,2.103,-3.37
2022-01-31 08:00:00,5.341,-1.811,2.427,-4.225
2022-01-31 09:00:00,5.428,-2.049,3.069,-3.699
2022-01-31 10:00:00,5.434,-1.387,3.955,-3.294
2022-01-31 11:00:00,5.394,-1.846,3.866,-3.051
2022-01-31 12:00:00,5.573,-2.253,3.293,-3.759
2022-01-31 13:00:00,5.745,-1.294,3.11,-4.42
2022-01-31 14:00:00,5.943,-2.953,3.478,-3.688
2022-01-31 15:00:00,6.245,-3.189,3.915,-3.462
2022-01-31 16:00:00,6.147,-3.787,4.329,-1.875
2022-01-31 17:00:00,6.27,-3.983,4.579,0.104
2022-01-31 18:00:00,6.316,-4.164,3.251,-1.063
2022-01-31 19:00:00,6.179,-4.972,3.053,-0.023
2022-01-31 20:00:00,5.59,-2.127,3.318,1.688
2022-01-31 21:00:00,5.525,-1.011,4.312,1.694
2022-01-31 22:00:00,5.654,-1.659,2.637,3.688
2022-01-31 23:00:00,5.877,-1.949,5.133,-1.072
2022-02-01 00:00:00,6.031,-0.992,4.76,-2.954
2022-02-01 01:00:00,5.726,-0.993,4.927,-0.027
2022-02-01 02:00:00,5.798,-3.303,3.878,-1.639
2022-02-01 03:00:00,5.047,-3.279,2.325,1.086
2022-02-01 04:00:00,4.96,-1.249,-4.01,1.341
2022-02-01 05:00:00,5.298,-3.019,-2.35,-0.31
2022-02-01 06:00:00,5.543,-4.658,-0.457,-1.101
2022-02-01 07:00:00,5.418,-3.974,1.066,1.444
2022-02-01 08:00:00,5.322,-3.797,2.965,-0.471
2022-02-01 09:00:00,4.722,-3.39,2.563,0.503
2022-02-01 10:00:00,4.239,0.179,2.608,0.279
2022-02-01 11:00:00,4.605,-0.642,3.665,-0.926
2022-02-01 12:00:00,4.887,-1.663,0.987,1.541
2022-02-01 13:00:00,5.089,-3.755,1.328,2.894
2022-02-01 14:00:00,5.327,-4.391,-0.821,2.006
2022-02-01 15:00:00,5.143,-3.746,2.178,-1.692
2022-02-01 16:00:00,4.939,-2.921,2.671,-1.75
2022-02-01 17:00:00,5.223,-3.745,2.739,0.54
2022-02-01 18:00:00,5.3,-3.202,3.758,0.748
2022-02-01 19:00:00,5.315,-3.346,2.765,2.721
2022-02-01 20:00:00,5.539,-3.823,3.496,0.044
2022-02-01 21:00:00,8.1,-3.483,5.294,0.278
2022-02-01 22:00:00,12.681,-1.361,4.547,-7.407
2022-02-01 23:00:00,12.276,0.461,11.2,-2.71
2022-02-02 00:00:00,11.698,1.517,11.0,-0.214
2022-02-02 01:00:00,11.84,1.399,11.056,-1.895
2022-02-02 02:00:00,10.785,2.047,6.121,7.025
2022-02-02 03:00:00,8.984,1.117,4.085,5.509
2022-02-02 04:00:00,7.539,-2.086,3.433,4.405
2022-02-02 05:00:00,9.084,-2.713,2.846,7.538
2022-02-02 06:00:00,7.709,-2.072,3.108,6.174
2022-02-02 07:00:00,7.439,-1.154,3.105,6.339
2022-02-02 08:00:00,6.541,-0.074,2.583,4.983
2022-02-02 09:00:00,6.272,3.125,4.87,0.968
2022-02-02 10:00:00,7.077,2.804,6.016,2.012
2022-02-02 11:00:00,7.082,3.775,5.713,1.38
2022-02-02 12:00:00,7.294,2.952,6.414,1.621
2022-02-02 13:00:00,6.874,1.745,4.912,-0.558
2022-02-02 14:00:00,6.812,-0.35,1.327,-6.206
2022-02-02 15:00:00,7.023,-0.526,-0.075,-4.856
2022-02-02 16:00:00,7.722,1.489,5.001,4.618
2022-02-02 17:00:00,7.946,1.317,6.69,3.893
2022-02-02 18:00:00,7.315,1.055,6.307,3.183
2022-02-02 19:00:00,7.666,1.179,6.914,1.13
2022-02-02 20:00:00,9.441,3.221,7.602,2.86
2022-02-02 21:00:00,11.596,2.963,10.768,2.547
2022-02-02 22:00:00,11.024,0.826,10.864,0.46
2022-02-02 23:00:00,12.201,2.481,11.337,-2.471
2022-02-03 00:00:00,13.08,1.622,12.54,-0.165
2022-02-03 01:00:00,12.661,-1.589,11.29,-5.152
2022-02-03 02:00:00,12.888,-2.31,11.11,-5.711
2022-02-03 03:00:00,13.818,-3.403,10.997,-7.114
2022-02-03 04:00:00,14.661,-5.12,9.719,-9.526
2022-02-03 05:00:00,15.441,-4.937,9.266,-10.965
2022-02-03 06:00:00,17.833,-6.372,8.771,-13.628
2022-02-03 07:00:00,17.8,-5.837,1.804,-15.864
2022-02-03 08:00:00,18.278,-4.719,-5.103,-16.541
2022-02-03 09:00:00,18.913,-2.023,-12.552,-13.431
2022-02-03 10:00:00,16.324,-0.023,-13.779,-6.982
2022-02-03 11:00:00,11.924,2.249,-4.856,9.189
2022-02-03 12:00:00,9.432,0.986,-8.751,-0.446
2022-02-03 13:00:00,4.705,1.948,-3.348,-2.512
2022-02-03 14:00:00,3.85,1.711,-2.68,-2.055
2022-02-03 15:00:00,3.556,-0.173,-0.118,-0.971
2022-02-03 16:00:00,3.169,-0.535,-0.809,-0.362
2022-02-03 17:00:00,3.891,1.04,-2.627,1.121
2022-02-03 18:00:00,2.504,-0.845,-1.608,0.076
2022-02-03 19:00:00,3.242,-1.944,-0.715,0.659
2022-02-03 20:00:00,3.116,-1.497,0.367,0.414
2022-02-03 21:00:00,3.056,-1.825,0.545,-0.508
2022-02-03 22:00:00,3.128,2.235,0.303,1.258
2022-02-03 23:00:00,6.183,-0.243,-2.366,-0.491
2022-02-04 00:00:00,7.211,-4.552,-4.668,1.092
2022-02-04 01:00:00,6.087,-0.616,-5.716,0.601
2022-02-04 02:00:00,6.094,-1.335,-4.547,0.42
2022-02-04 03:00:00,8.283,-1.383,-7.563,1.793
2022-02-04 04:00:00,10.495,1.275,-10.168,-1.179
2022-02-04 05:00:00,11.344,3.266,-10.518,-2.425
2022-02-04 06:00:00,10.912,3.173,-9.328,-4.508
2022-02-04 07:00:00,11.054,2.909,-8.297,-6.517
2022-02-04 08:00:00,11.08,3.402,-6.535,-8.199
2022-02-04 09:00:00,10.9,3.025,-7.035,-7.715
2022-02-04 10:00:00,10.801,2.451,-6.631,-8.118
2022-02-04 11:00:00,10.905,2.502,-8.412,-6.146
2022-02-04 12:00:00,10.185,3.433,-7.478,-5.828
2022-02-04 13:00:00,8.955,3.039,-5.899,-4.961
2022-02-04 14:00:00,7.343,-0.316,0.162,-4.426
2022-02-04 15:00:00,8.878,-0.18,-3.123,-2.842
2022-02-04 16:00:00,9.586,0.9,-0.587,-8.624
2022-02-04 17:00:00,9.759,0.69,-3.508,-8.623
2022-02-04 18:00:00,9.826,2.651,-7.396,-5.496
2022-02-04 19:00:00,9.389,2.002,-6.745,-6.037
2022-02-04 20:00:00,5.259,2.088,-3.982,2.204
2022-02-04 21:00:00,8.208,3.363,-7.056,2.311
2022-02-04 22:00:00,7.852,3.918,-6.536,1.316
2022-02-04 23:00:00,7.371,3.014,-6.066,2.362
2022-02-05 00:00:00,7.595,2.286,-6.7,1.837
2022-02-05 01:00:00,6.954,1.489,-6.48,1.128
2022-02-05 02:00:00,6.586,1.727,-5.665,2.127
2022-02-05 03:00:00,7.249,4.28,-5.28,-1.335
2022-02-05 04:00:00,6.661,3.121,-5.449,-1.048
2022-02-05 05:00:00,7.1,3.497,-4.324,1.771
2022-02-05 06:00:00,7.738,2.759,-6.539,1.609
2022-02-05 07:00:00,8.356,3.538,-5.795,-4.255
2022-02-05 08:00:00,8.01,3.238,-6.285,-2.587
2022-02-05 09:00:00,7.387,3.201,-6.044,0.136
2022-02-05 10:00:00,6.939,3.234,-5.105,1.045
2022-02-05 11:00:00,6.208,3.96,-3.163,2.121
2022-02-05 12:00:00,5.712,2.936,-4.102,-0.321
2022-02-05 13:00:00,5.18,1.445,-2.948,1.812
2022-02-05 14:00:00,4.988,3.194,-1.509,1.939
2022-02-05 15:00:00,5.204,4.342,-0.646,2.181
2022-02-05 16:00:00,4.779,-0.517,-2.875,-1.346
2022-02-05 17:00:00,4.564,0.695,-2.389,1.693
2022-02-05 18:00:00,5.565,-3.574,-1.137,3.496
2022-02-05 19:00:00,4.887,1.891,-0.938,2.877
2022-02-05 20:00:00,5.149,2.142,-1.649,3.652
2022-02-05 21:00:00,5.262,1.131,-0.387,2.209
2022-02-05 22:00:00,5.655,2.004,-3.702,0.3
2022-02-05 23:00:00,5.346,1.869,-4.379,0.388
2022-02-06 00:00:00,5.241,1.41,-4.439,0.567
2022-02-06 01:00:00,5.476,1.942,-1.103,2.581
2022-02-06 02:00:00,4.938,1.483,-3.563,-0.823
2022-02-06 03:00:00,4.431,2.218,-1.5,-0.367
2022-02-06 04:00:00,4.602,3.982,1.182,0.24
2022-02-06 05:00:00,4.988,4.332,-1.077,1.502
2022-02-06 06:00:00,4.603,3.431,-1.406,0.671
2022-02-06 07:00:00,4.267,3.355,-0.803,1.68
2022-02-06 08:00:00,5.201,-1.799,-1.632,-2.415
2022-02-06 09:00:00,5.021,2.308,-1.51,0.88
2022-02-06 10:00:00,5.228,3.364,-2.271,2.255
2022-02-06 11:00:00,5.293,3.282,-3.315,-1.079
2022-02-06 12:00:00,4.825,4.47,-0.554,0.038
2022-02-06 13:00:00,4.759,4.196,-1.127,1.02
2022-02-06 14:00:00,4.767,4.144,-1.605,1.251
2022-02-06 15:00:00,4.729,3.512,-2.804,0.461
2022-02-06 16:00:00,4.382,1.492,-2.511,-0.774
2022-02-06 17:00:00,4.208,3.284,0.302,-0.258
2022-02-06 18:00:00,4.312,3.679,-0.437,-1.56
2022-02-06 19:00:00,4.003,2.334,0.115,-1.345
2022-02-06 20:00:00,4.414,4.188,0.698,-0.061
2022-02-06 21:00:00,4.414,4.12,-1.113,0.213
2022-02-06 22:00:00,4.221,3.46,-1.426,-0.038
2022-02-06 23:00:00,4.094,3.193,-2.208,-0.631
2022-02-07 00:00:00,3.913,2.842,-1.366,-1.72
2022-02-07 01:00:00,3.974,2.325,-2.126,-0.082
2022-02-07 02:00:00,3.926,2.57,-1.453,0.002
2022-02-07 03:00:00,3.383,2.267,0.163,1.472
2022-02-07 04:00:00,3.654,3.229,-0.347,-0.542
2022-02-07 05:00:00,3.751,3.516,-0.579,-0.63
2022-02-07 06:00:00,3.448,3.049,-0.667,-1.038
2022-02-07 07:00:00,3.415,3.173,-0.142,0.235
2022-02-07 08:00:00,3.235,0.008,-2.98,-0.315
2022-02-07 09:00:00,3.352,1.41,-1.706,-1.905
2022-02-07 10:00:00,3.322,0.022,-2.837,-0.129
2022-02-07 11:00:00,3.673,2.797,-0.979,-1.032
2022-02-07 12:00:00,3.433,2.912,-1.368,-0.767
2022-02-07 13:00:00,3.147,-0.219,-2.717,-0.476
2022-02-07 14:00:00,3.548,-0.612,-2.343,-2.293
2022-02-07 15:00:00,3.719,1.515,-3.155,-0.266
2022-02-07 16:00:00,3.733,1.044,-2.961,0.681
2022-02-07 17:00:00,3.672,-0.472,-2.689,-0.888
2022-02-07 18:00:00,3.343,0.517,-2.32,-0.103
2022-02-07 19:00:00,3.459,1.828,-2.807,-0.115
2022-02-07 20:00:00,3.172,1.471,-2.641,-0.383
2022-02-07 21:00:00,3.114,1.67,-2.33,-0.656
2022-02-07 22:00:00,3.11,1.507,-2.406,-0.078
2022-02-07 23:00:00,3.227,2.059,-1.69,0.143
2022-02-08 00:00:00,3.253,-1.298,-2.291,-0.85
2022-02-08 01:00:00,3.264,-0.441,-2.619,0.689
2022-02-08 02:00:00,3.081,-0.115,-2.562,0.313
2022-02-08 03:00:00,3.273,-0.095,-2.374,1.253
2022-02-08 04:00:00,3.01,-0.709,-2.32,0.097
2022-02-08 05:00:00,3.341,-1.9,-2.366,-0.206
2022-02-08 06:00:00,3.39,0.602,-3.157,-0.057
2022-02-08 07:00:00,3.869,-0.19,-3.56,-0.889
2022-02-08 08:00:00,3.916,-1.554,-2.399,-2.407
2022-02-08 09:00:00,3.874,-1.929,-1.501,-2.867
2022-02-08 10:00:00,3.921,-2.37,-2.233,-1.866
2022-02-08 11:00:00,3.705,-0.064,-3.124,-1.126
2022-02-08 12:00:00,4.064,0.87,-3.285,0.259
2022-02-08 13:00:00,3.681,-1.201,-1.836,0.215
2022-02-08 14:00:00,3.573,-2.429,-1.881,-1.424
2022-02-08 15:00:00,3.795,-1.96,-1.514,-1.87
2022-02-08 16:00:00,3.584,-2.186,-0.962,-1.4
2022-02-08 17:00:00,2.714,-1.603,0.151,-1.653
2022-02-08 18:00:00,3.684,-1.426,-1.549,-1.651
2022-02-08 19:00:00,3.358,0.506,-2.816,-0.424
2022-02-08 20:00:00,3.401,0.746,-2.84,0.058
2022-02-08 21:00:00,2.706,0.955,-1.97,-0.326
2022-02-08 22:00:00,3.142,2.439,-1.394,1.09
2022-02-08 23:00:00,3.266,2.706,-1.277,0.838
2022-02-09 00:00:00,3.675,3.518,-0.354,0.81
2022-02-09 01:00:00,2.824,2.266,-0.689,1.17
2022-02-09 02:00:00,3.394,2.844,-0.656,1.293
2022-02-09 03:00:00,3.893,3.669,-0.16,1.069
2022-02-09 04:00:00,3.247,2.904,-0.345,0.76
2022-02-09 05:00:00,2.952,0.447,-2.19,0.537
2022-02-09 06:00:00,2.958,-1.264,-2.316,0.796
2022-02-09 07:00:00,3.001,-0.074,-2.644,0.55
2022-02-09 08:00:00,3.297,0.79,-2.039,1.203
2022-02-09 09:00:00,3.256,-0.188,-2.633,1.339
2022-02-09 10:00:00,3.466,0.021,-1.411,2.504
2022-02-09 11:00:00,3.174,0.516,-1.201,2.474
2022-02-09 12:00:00,2.814,1.221,-1.298,1.478
2022-02-09 13:00:00,3.571,-0.256,-2.523,1.61
2022-02-09 14:00:00,4.048,-0.36,-2.976,2.507
2022-02-09 15:00:00,4.125,-0.771,-3.408,1.532
2022-02-09 16:00:00,4.135,-0.863,-3.638,1.325
2022-02-09 17:00:00,4.103,-1.147,-3.507,1.018
2022-02-09 18:00:00,4.177,-1.183,-3.646,1.414
2022-02-09 19:00:00,4.131,0.019,-3.625,1.857
2022-02-09 20:00:00,6.906,-1.485,-6.296,1.97
2022-02-09 21:00:00,7.497,-1.564,-6.205,2.874
2022-02-09 22:00:00,7.742,-2.54,-6.923,1.158
2022-02-09 23:00:00,9.215,-1.617,-8.523,2.442
2022-02-10 00:00:00,9.872,-1.674,-9.076,2.854
2022-02-10 01:00:00,9.688,-2.095,-8.487,3.598
2022-02-10 02:00:00,9.537,-2.058,-8.309,3.489
2022-02-10 03:00:00,9.16,1.133,-8.258,3.464
2022-02-10 04:00:00,8.672,2.713,-6.401,4.09
2022-02-10 05:00:00,9.642,2.655,-6.788,4.909
2022-02-10 06:00:00,10.995,1.7,-9.886,2.386
2022-02-10 07:00:00,11.068,2.537,-8.146,2.276
2022-02-10 08:00:00,11.666,6.234,-7.796,5.474
2022-02-10 09:00:00,10.814,4.587,-7.775,3.374
2022-02-10 10:00:00,11.372,5.116,-8.47,5.196
2022-02-10 11:00:00,11.396,3.962,-2.297,7.612
2022-02-10 12:00:00,12.505,2.127,-11.485,4.14
2022-02-10 13:00:00,13.103,-1.844,-9.503,-5.459
2022-02-10 14:00:00,13.642,-4.502,-4.943,-11.783
2022-02-10 15:00:00,13.954,-3.96,-6.397,-11.525
2022-02-10 16:00:00,13.654,-2.983,-9.095,-9.65
2022-02-10 17:00:00,13.134,-3.01,-8.822,-9.195
2022-02-10 18:00:00,12.848,-3.34,-9.956,-7.27
2022-02-10 19:00:00,12.485,-3.377,-10.262,-6.125
2022-02-10 20:00:00,11.823,-2.056,-11.424,-1.671
2022-02-10 21:00:00,11.631,-1.571,-10.48,-4.371
2022-02-10 22:00:00,11.772,-0.778,-10.918,-3.289
2022-02-10 23:00:00,11.816,-0.353,-11.584,-0.105
2022-02-11 00:00:00,11.116,0.793,-10.877,0.784
2022-02-11 01:00:00,11.386,0.246,-11.197,0.199
2022-02-11 02:00:00,12.183,1.906,-11.37,-1.794
2022-02-11 03:00:00,12.311,0.032,-10.116,6.694
2022-02-11 04:00:00,11.918,0.492,-8.555,8.09
2022-02-11 05:00:00,11.126,0.825,-7.593,7.212
2022-02-11 06:00:00,10.564,1.197,-6.649,2.979
2022-02-11 07:00:00,11.063,1.989,-5.234,9.499
2022-02-11 08:00:00,11.359,1.857,-5.089,9.959
2022-02-11 09:00:00,11.986,1.029,-7.301,8.586
2022-02-11 10:00:00,14.809,1.898,-8.74,11.397
2022-02-11 11:00:00,16.085,3.722,-2.264,15.352
2022-02-11 12:00:00,17.652,3.34,0.123,17.259
2022-02-11 13:00:00,18.253,3.264,1.827,17.768
2022-02-11 14:00:00,18.381,3.06,5.727,17.042
2022-02-11 15:00:00,15.618,2.091,9.365,11.787
2022-02-11 16:00:00,16.312,3.566,3.527,14.41
2022-02-11 17:00:00,18.522,5.455,-10.12,8.614
2022-02-11 18:00:00,15.05,3.123,-14.076,0.75
2022-02-11 19:00:00,15.519,2.824,-13.318,-3.368
2022-02-11 20:00:00,12.195,1.886,-8.218,3.586
2022-02-11 21:00:00,10.406,2.639,-8.037,0.666
2022-02-11 22:00:00,5.752,3.892,-1.339,-0.384
2022-02-11 23:00:00,5.24,3.425,-1.014,1.97
2022-02-12 00:00:00,6.008,2.594,-1.487,2.736
2022-02-12 01:00:00,6.332,3.434,-3.554,1.145
2022-02-12 02:00:00,5.954,3.757,-1.45,2.904
2022-02-12 03:00:00,6.344,2.985,1.665,3.902
2022-02-12 04:00:00,6.387,4.273,-2.591,1.05
2022-02-12 05:00:00,6.455,2.439,-2.803,3.022
2022-02-12 06:00:00,6.065,1.285,-2.372,3.526
2022-02-12 07:00:00,6.202,1.934,-1.361,3.833
2022-02-12 08:00:00,6.099,2.261,-2.593,2.681
2022-02-12 09:00:00,7.281,-1.32,1.132,6.233
2022-02-12 10:00:00,7.159,4.105,-5.337,0.166
2022-02-12 11:00:00,7.238,2.751,-3.224,1.952
2022-02-12 12:00:00,7.836,0.979,-5.214,4.413
2022-02-12 13:00:00,7.328,1.879,-5.171,-0.584
2022-02-12 14:00:00,6.889,1.294,-5.31,1.181
2022-02-12 15:00:00,6.909,2.386,-5.335,-0.297
2022-02-12 16:00:00,6.823,5.067,-3.33,0.173
2022-02-12 17:00:00,6.862,3.953,-5.087,-0.195
2022-02-12 18:00:00,6.844,2.824,-5.16,0.603
2022-02-12 19:00:00,6.612,2.687,-5.384,-0.523
2022-02-12 20:00:00,6.552,2.833,-4.764,0.041
2022-02-12 21:00:00,6.452,1.386,-4.973,0.931
2022-02-12 22:00:00,6.511,2.294,-5.483,0.67
2022-02-12 23:00:00,6.625,3.09,-4.787,-0.45
2022-02-13 00:00:00,6.813,2.123,-5.397,-0.973
2022-02-13 01:00:00,6.79,3.143,-5.397,-1.388
2022-02-13 02:00:00,6.838,3.438,-5.19,0.582
2022-02-13 03:00:00,5.91,4.0,-1.92,-0.272
2022-02-13 04:00:00,6.394,3.506,-4.077,1.304
2022-02-13 05:00:00,6.717,3.282,-4.687,-1.029
2022-02-13 06:00:00,6.38,2.834,-3.364,2.017
2022-02-13 07:00:00,6.484,2.304,-1.268,4.987
2022-02-13 08:00:00,5.727,2.906,1.184,2.392
2022-02-13 09:00:00,5.024,3.379,-0.864,0.586
2022-02-13 10:00:00,4.16,2.856,-0.42,-2.476
2022-02-13 11:00:00,4.231,2.772,-0.969,-2.38
2022-02-13 12:00:00,4.223,2.959,-0.792,-2.13
2022-02-13 13:00:00,4.097,3.036,-2.085,-1.067
2022-02-13 14:00:00,4.012,3.567,-1.199,0.554
2022-02-13 15:00:00,3.84,0.127,-2.993,-2.108
2022-02-13 16:00:00,4.311,-0.69,-1.583,-2.517
2022-02-13 17:00:00,4.238,-1.544,-3.252,0.116
2022-02-13 18:00:00,3.852,-2.159,-1.866,-0.736
2022-02-13 19:00:00,3.678,0.042,-1.54,-2.491
2022-02-13 20:00:00,4.58,-1.876,-3.323,-1.799
2022-02-13 21:00:00,4.423,-1.333,-3.538,0.065
2022-02-13 22:00:00,3.614,0.162,-2.444,1.642
2022-02-13 23:00:00,3.866,0.797,-2.573,-1.407
2022-02-14 00:00:00,4.812,-1.743,-3.246,-1.56
2022-02-14 01:00:00,4.15,-2.072,-2.796,0.687
2022-02-14 02:00:00,3.713,-0.481,-1.301,-0.765
2022-02-14 03:00:00,4.178,-0.888,-1.095,3.457
2022-02-14 04:00:00,4.338,0.542,-2.838,2.39
2022-02-14 05:00:00,4.593,0.402,-4.11,-0.508
2022-02-14 06:00:00,4.441,-1.487,-2.542,-1.125
2022-02-14 07:00:00,3.914,0.374,-2.741,-0.373
2022-02-14 08:00:00,3.71,-1.62,-0.823,-2.279
2022-02-14 09:00:00,4.667,-3.114,-2.777,-1.338
2022-02-14 10:00:00,4.211,-1.925,-3.133,0.961
2022-02-14 11:00:00,3.171,-1.435,-1.447,-0.414
2022-02-14 12:00:00,2.573,0.003,-0.777,-0.598
2022-02-14 13:00:00,3.472,3.034,0.325,-0.076
2022-02-14 14:00:00,4.087,3.42,-0.467,-1.605
2022-02-14 15:00:00,4.334,1.709,-1.521,-3.456
2022-02-14 16:00:00,4.245,1.406,-1.19,-3.697
2022-02-14 17:00:00,4.406,3.283,0.765,-2.334
2022-02-14 18:00:00,4.23,3.795,1.594,-0.741
2022-02-14 19:00:00,4.337,4.057,0.012,0.806
2022-02-14 20:00:00,4.368,4.3,-0.1,-0.002
2022-02-14 21:00:00,4.328,4.148,-0.732,-0.504
2022-02-14 22:00:00,4.406,4.035,0.222,-1.199
2022-02-14 23:00:00,4.235,4.031,0.465,-0.541
2022-02-15 00:00:00,4.364,4.293,-0.486,0.059
2022-02-15 01:00:00,4.349,3.608,-1.491,-1.574
2022-02-15 02:00:00,4.285,3.075,-2.377,-1.577
2022-02-15 03:00:00,4.151,2.523,-2.366,-2.113
2022-02-15 04:00:00,4.106,2.589,-2.587,-1.117
2022-02-15 05:00:00,4.179,3.339,-1.981,-0.623
2022-02-15 06:00:00,4.496,4.096,-1.485,-0.765
2022-02-15 07:00:00,4.577,4.297,-0.867,-0.992
2022-02-15 08:00:00,4.512,4.386,0.438,0.189
2022-02-15 09:00:00,4.463,3.246,-2.068,1.649
2022-02-15 10:00:00,4.568,3.41,-1.979,1.823
2022-02-15 11:00:00,5.348,3.571,-3.116,0.646
2022-02-15 12:00:00,4.57,1.832,-3.921,-1.083
2022-02-15 13:00:00,3.75,-1.227,-3.008,-1.615
2022-02-15 14:00:00,3.731,-2.339,-2.536,-1.302
2022-02-15 15:00:00,3.367,-1.031,-2.501,-1.27
2022-02-15 16:00:00,3.012,-0.29,-2.35,-1.278
2022-02-15 17:00:00,3.088,0.028,-1.232,-0.142
2022-02-15 18:00:00,3.615,3.5,0.082,0.615
2022-02-15 19:00:00,4.044,3.942,-0.256,0.578
2022-02-15 20:00:00,4.21,4.133,-0.326,0.218
2022-02-15 21:00:00,4.2,4.113,-0.11,-0.585
2022-02-15 22:00:00,4.166,3.992,-0.153,-0.639
2022-02-15 23:00:00,3.684,3.148,-1.366,-0.582
2022-02-16 00:00:00,3.602,2.8,-1.563,-0.578
2022-02-16 01:00:00,3.842,0.128,-2.957,-1.358
2022-02-16 02:00:00,3.996,0.139,-3.213,-2.145
2022-02-16 03:00:00,4.12,0.405,-3.261,-1.671
2022-02-16 04:00:00,4.505,0.617,-3.972,-0.111
2022-02-16 05:00:00,4.748,0.131,-4.087,-1.029
2022-02-16 06:00:00,4.535,1.63,-3.996,0.395
2022-02-16 07:00:00,4.214,0.288,-3.658,-0.464
2022-02-16 08:00:00,4.341,1.697,-3.309,-1.451
2022-02-16 09:00:00,5.047,2.078,-3.431,0.052
2022-02-16 10:00:00,5.261,4.941,-1.335,0.819
2022-02-16 11:00:00,4.98,3.795,-2.54,0.73
2022-02-16 12:00:00,5.397,4.288,-2.452,1.085
2022-02-16 13:00:00,5.998,2.138,-5.078,-0.897
2022-02-16 14:00:00,5.892,1.338,-4.743,-2.083
2022-02-16 15:00:00,6.531,-2.214,-5.267,-1.632
2022-02-16 16:00:00,6.535,-0.881,-6.111,0.701
2022-02-16 17:00:00,6.919,-1.132,-6.672,0.225
2022-02-16 18:00:00,6.616,0.069,-6.155,-1.789
2022-02-16 19:00:00,6.479,-0.817,-4.667,-0.596
2022-02-16 20:00:00,6.329,-0.226,-3.521,-3.904
2022-02-16 21:00:00,6.57,-0.083,-5.073,-3.594
2022-02-16 22:00:00,6.559,-2.322,-5.486,-0.493
2022-02-16 23:00:00,6.413,-2.931,-4.68,2.805
2022-02-17 00:00:00,5.468,-2.082,-3.125,2.084
2022-02-17 01:00:00,3.901,1.534,-0.6,-2.109
2022-02-17 02:00:00,3.275,-2.166,0.075,-0.227
2022-02-17 03:00:00,3.98,-3.766,0.307,-0.821
2022-02-17 04:00:00,3.57,-3.337,-0.811,0.323
2022-02-17 05:00:00,3.383,-3.071,-1.149,-0.096
2022-02-17 06:00:00,3.928,-3.682,-0.681,-1.0
2022-02-17 07:00:00,4.232,-4.123,0.024,0.386
2022-02-17 08:00:00,4.002,-3.246,1.474,1.045
2022-02-17 09:00:00,3.203,-0.459,2.963,-0.198
2022-02-17 10:00:00,3.152,-2.482,1.075,-0.298
2022-02-17 11:00:00,3.014,-1.887,-1.47,0.298
2022-02-17 12:00:00,2.949,0.375,-1.676,1.13
2022-02-17 13:00:00,3.654,2.509,-1.974,1.032
2022-02-17 14:00:00,3.868,0.472,-3.495,0.535
2022-02-17 15:00:00,3.895,1.143,-3.458,0.663
2022-02-17 16:00:00,3.76,-0.014,-3.682,-0.173
2022-02-17 17:00:00,3.876,0.163,-3.743,0.52
2022-02-17 18:00:00,3.922,0.853,-3.647,0.127
2022-02-17 19:00:00,3.84,1.588,-3.317,-0.473
2022-02-17 20:00:00,3.475,0.602,-3.199,-0.02
2022-02-17 21:00:00,2.971,0.735,-2.035,0.385
2022-02-17 22:00:00,3.731,1.475,-2.822,0.682
2022-02-17 23:00:00,3.857,0.233,-2.425,1.612
2022-02-18 00:00:00,4.096,0.128,-2.659,2.659
2022-02-18 01:00:00,4.438,-0.028,-2.758,2.769
2022-02-18 02:00:00,5.125,0.352,-2.981,3.732
2022-02-18 03:00:00,5.548,0.207,-4.518,2.946
2022-02-18 04:00:00,5.134,0.793,-4.299,2.15
2022-02-18 05:00:00,5.916,1.792,-5.187,1.495
2022-02-18 06:00:00,6.793,1.585,-5.441,1.443
2022-02-18 07:00:00,7.548,2.736,-6.577,1.909
2022-02-18 08:00:00,7.007,3.694,-5.729,0.793
2022-02-18 09:00:00,6.284,2.585,-5.425,0.097
2022-02-18 10:00:00,7.082,3.198,-6.227,0.346
2022-02-18 11:00:00,6.469,2.877,-5.704,-0.585
2022-02-18 12:00:00,5.78,2.994,-2.329,-3.48
2022-02-18 13:00:00,6.424,2.026,-4.758,1.976
2022-02-18 14:00:00,8.585,2.183,-6.17,4.982
2022-02-18 15:00:00,8.729,3.648,-5.356,1.732
2022-02-18 16:00:00,9.346,5.79,-5.912,-4.228
2022-02-18 17:00:00,9.542,6.382,-4.911,-4.612
2022-02-18 18:00:00,10.244,7.083,-6.873,-2.365
2022-02-18 19:00:00,9.419,6.831,-5.748,-2.814
2022-02-18 20:00:00,8.524,6.067,-5.277,-2.209
2022-02-18 21:00:00,8.097,5.931,-5.113,-1.066
2022-02-18 22:00:00,7.755,5.716,-4.74,-1.881
2022-02-18 23:00:00,7.618,5.521,-4.073,-2.612
2022-02-19 00:00:00,7.106,5.388,-3.366,-0.624
2022-02-19 01:00:00,7.086,5.025,-2.537,-4.108
2022-02-19 02:00:00,8.382,6.245,-2.624,-4.405
2022-02-19 03:00:00,8.08,6.457,-3.051,-3.717
2022-02-19 04:00:00,7.705,5.448,-1.865,-4.886
2022-02-19 05:00:00,7.737,5.791,-2.676,-4.217
2022-02-19 06:00:00,6.932,5.71,-2.746,-2.707
2022-02-19 07:00:00,6.52,5.218,-3.102,-2.271
2022-02-19 08:00:00,6.736,5.451,-3.182,-1.869
2022-02-19 09:00:00,9.405,7.213,-5.765,-1.419
2022-02-19 10:00:00,9.092,6.82,-5.898,-0.168
2022-02-19 11:00:00,8.943,6.662,-5.686,-0.474
2022-02-19 12:00:00,9.182,6.439,-6.028,-0.422
2022-02-19 13:00:00,9.579,5.758,-6.434,-1.759
2022-02-19 14:00:00,9.386,5.342,-5.009,-3.301
2022-02-19 15:00:00,9.476,6.062,-5.934,-0.825
2022-02-19 16:00:00,9.104,5.739,-6.598,0.356
2022-02-19 17:00:00,8.64,6.35,-5.269,1.788
2022-02-19 18:00:00,8.015,6.856,-3.835,0.118
2022-02-19 19:00:00,7.965,4.569,-5.233,3.232
2022-02-19 20:00:00,9.359,5.516,-6.202,3.266
2022-02-19 21:00:00,8.732,2.708,-4.314,1.323
2022-02-19 22:00:00,10.84,2.69,-7.965,2.88
2022-02-19 23:00:00,9.397,5.167,-2.033,-4.845
2022-02-20 00:00:00,10.302,4.761,-8.45,-1.123
2022-02-20 01:00:00,8.981,1.181,-4.057,1.123
2022-02-20 02:00:00,7.644,-3.726,5.417,3.106
2022-02-20 03:00:00,4.964,-3.17,1.868,2.656
2022-02-20 04:00:00,7.02,-4.997,4.234,1.626
2022-02-20 05:00:00,7.396,-5.239,4.723,0.638
2022-02-20 06:00:00,7.618,-4.134,5.003,2.897
2022-02-20 07:00:00,7.204,-4.719,4.604,1.264
2022-02-20 08:00:00,6.748,-4.256,4.532,2.226
2022-02-20 09:00:00,6.052,-5.166,1.754,1.604
2022-02-20 10:00:00,6.77,-5.489,0.987,0.9
2022-02-20 11:00:00,6.948,-6.366,0.435,1.926
2022-02-20 12:00:00,7.05,-6.318,0.903,2.41
2022-02-20 13:00:00,7.097,-6.243,1.111,1.23
2022-02-20 14:00:00,7.151,-5.761,2.425,-1.05
2022-02-20 15:00:00,7.265,-5.922,3.529,-0.027
2022-02-20 16:00:00,7.327,-5.367,3.61,-0.565
2022-02-20 17:00:00,7.503,-6.351,3.493,-1.249
2022-02-20 18:00:00,7.987,-6.18,4.361,-0.846
2022-02-20 19:00:00,6.397,-3.94,4.084,-0.555
2022-02-20 20:00:00,7.057,-2.374,5.885,2.387
2022-02-20 21:00:00,7.305,-1.825,5.664,3.3
2022-02-20 22:00:00,7.621,-5.247,5.034,0.838
2022-02-20 23:00:00,7.601,-5.523,4.452,1.785
2022-02-21 00:00:00,7.673,-6.14,2.301,2.373
2022-02-21 01:00:00,7.458,-2.919,4.958,-0.191
2022-02-21 02:00:00,7.653,-4.803,4.431,3.591
2022-02-21 03:00:00,7.832,-4.897,3.877,4.541
2022-02-21 04:00:00,7.359,-3.736,2.986,4.258
2022-02-21 05:00:00,6.778,-3.222,4.134,1.464
2022-02-21 06:00:00,5.436,-0.438,3.132,-2.173
2022-02-21 07:00:00,5.246,-1.516,1.322,-3.389
2022-02-21 08:00:00,5.092,-2.785,2.709,-1.3
2022-02-21 09:00:00,5.094,-2.224,2.938,0.374
2022-02-21 10:00:00,5.465,-1.652,3.28,2.043
2022-02-21 11:00:00,6.149,-1.55,4.202,2.566
2022-02-21 12:00:00,7.121,-3.681,3.621,-3.6
2022-02-21 13:00:00,5.817,-1.379,2.44,-2.531
2022-02-21 14:00:00,5.577,-2.343,2.95,-3.003
2022-02-21 15:00:00,5.613,-3.259,3.716,-0.437
2022-02-21 16:00:00,6.079,-4.403,2.442,1.708
2022-02-21 17:00:00,6.157,-2.731,4.198,-1.221
2022-02-21 18:00:00,6.718,-2.833,4.856,-1.929
2022-02-21 19:00:00,6.403,-4.005,4.377,-0.451
2022-02-21 20:00:00,5.669,-2.089,3.909,-2.152
2022-02-21 21:00:00,5.197,-2.208,2.653,-1.943
2022-02-21 22:00:00,5.02,-2.562,0.81,-2.214
2022-02-21 23:00:00,5.756,-1.52,2.492,-3.54
2022-02-22 00:00:00,5.329,-1.69,1.142,-3.417
2022-02-22 01:00:00,5.602,-2.109,1.552,-3.966
2022-02-22 02:00:00,5.805,-2.714,3.199,-2.715
2022-02-22 03:00:00,5.929,-3.384,1.591,-2.761
2022-02-22 04:00:00,5.434,-3.832,0.851,-1.586
2022-02-22 05:00:00,6.512,-3.259,1.823,-4.887
2022-02-22 06:00:00,6.098,-2.424,0.674,-4.724
2022-02-22 07:00:00,5.022,-2.52,0.777,-2.861
2022-02-22 08:00:00,5.0,-2.559,-2.646,-0.687
2022-02-22 09:00:00,4.871,-0.876,1.68,-1.887
2022-02-22 10:00:00,4.937,0.459,2.728,3.121
2022-02-22 11:00:00,4.356,-1.469,1.137,-0.97
2022-02-22 12:00:00,4.496,-1.23,3.09,0.463
2022-02-22 13:00:00,4.603,-1.951,3.059,2.264
2022-02-22 14:00:00,4.718,-1.526,3.321,2.251
2022-02-22 15:00:00,4.522,-2.143,2.895,1.998
2022-02-22 16:00:00,4.244,-1.701,2.674,2.492
2022-02-22 17:00:00,3.685,-2.301,0.635,-1.828
2022-02-22 18:00:00,4.097,-3.094,0.854,0.6
2022-02-22 19:00:00,4.484,-3.681,1.993,-0.874
2022-02-22 20:00:00,4.559,-3.91,1.861,-0.623
2022-02-22 21:00:00,4.903,-3.851,2.597,-1.018
2022-02-22 22:00:00,4.415,-2.467,2.429,1.681
2022-02-22 23:00:00,4.049,0.151,2.032,0.682
2022-02-23 00:00:00,4.836,0.873,1.312,4.258
2022-02-23 01:00:00,4.605,-0.629,3.223,2.486
2022-02-23 02:00:00,4.581,-1.191,3.814,0.733
2022-02-23 03:00:00,5.347,-1.563,4.23,0.581
2022-02-23 04:00:00,5.878,-1.478,3.697,2.729
2022-02-23 05:00:00,5.565,-3.115,1.796,-3.655
2022-02-23 06:00:00,4.688,-2.791,-0.235,1.921
2022-02-23 07:00:00,4.856,-1.234,-3.511,1.382
2022-02-23 08:00:00,4.158,-1.743,-3.553,0.56
2022-02-23 09:00:00,4.549,-3.37,1.479,2.214
2022-02-23 10:00:00,4.986,-3.925,2.745,-0.401
2022-02-23 11:00:00,5.189,-4.576,1.587,-1.242
2022-02-23 12:00:00,5.56,-4.328,-0.689,-2.519
2022-02-23 13:00:00,5.471,-3.848,-2.416,-2.798
2022-02-23 14:00:00,5.218,-3.756,-2.803,-2.023
2022-02-23 15:00:00,4.902,-2.007,-3.689,-2.361
2022-02-23 16:00:00,4.711,-1.262,-4.045,-1.813
2022-02-23 17:00:00,4.697,-1.098,-3.691,-2.317
2022-02-23 18:00:00,4.838,-2.595,-3.393,-2.041
2022-02-23 19:00:00,4.79,-3.926,-1.822,-1.532
2022-02-23 20:00:00,4.988,-3.981,-1.49,-2.167
2022-02-23 21:00:00,5.028,-4.143,-0.764,-2.201
2022-02-23 22:00:00,5.28,-3.125,-2.646,-2.646
2022-02-23 23:00:00,5.264,-1.149,-2.048,-2.756
2022-02-24 00:00:00,4.945,-0.075,-3.372,-2.663
2022-02-24 01:00:00,4.203,-2.15,-1.748,-1.958
2022-02-24 02:00:00,4.298,-2.717,-2.277,-1.254
2022-02-24 03:00:00,4.138,-2.505,-2.943,-0.046
2022-02-24 04:00:00,3.976,1.128,-2.489,0.006
2022-02-24 05:00:00,4.621,-4.39,-0.25,0.362
2022-02-24 06:00:00,2.946,-2.255,0.007,0.377
2022-02-24 07:00:00,3.729,-1.627,0.369,2.346
2022-02-24 08:00:00,3.608,-1.509,1.892,0.83
2022-02-24 09:00:00,3.326,-2.164,1.733,0.935
2022-02-24 10:00:00,3.409,-2.504,1.468,1.308
2022-02-24 11:00:00,2.571,-1.177,1.001,1.514
2022-02-24 12:00:00,2.088,-0.02,0.216,1.114
2022-02-24 13:00:00,3.681,-1.897,1.074,2.399
2022-02-24 14:00:00,3.155,-0.791,0.421,1.002
2022-02-24 15:00:00,4.098,-0.886,-0.406,3.396
2022-02-24 16:00:00,4.78,-0.737,1.045,2.932
2022-02-24 17:00:00,5.705,0.373,0.689,4.834
2022-02-24 18:00:00,6.566,-1.558,4.258,3.257
2022-02-24 19:00:00,6.927,-1.262,6.212,0.851
2022-02-24 20:00:00,6.785,-3.821,3.22,-2.603
2022-02-24 21:00:00,6.534,-3.805,3.567,-2.157
2022-02-24 22:00:00,6.734,-2.072,3.426,-4.555
2022-02-24 23:00:00,6.407,-2.916,3.348,-2.99
2022-02-25 00:00:00,7.012,-3.484,3.109,-5.004
2022-02-25 01:00:00,7.423,-3.227,4.68,-4.585
2022-02-25 02:00:00,7.287,-4.363,4.774,-2.419
2022-02-25 03:00:00,7.473,-5.126,3.996,0.182
2022-02-25 04:00:00,7.564,-5.218,2.642,-4.077
2022-02-25 05:00:00,6.849,-2.834,4.294,-2.145
2022-02-25 06:00:00,6.667,-2.886,3.303,-2.711
2022-02-25 07:00:00,7.076,1.335,6.525,1.952
2022-02-25 08:00:00,7.236,1.859,6.348,-0.039
2022-02-25 09:00:00,6.526,-0.745,3.558,-2.43
2022-02-25 10:00:00,5.877,-2.299,-2.789,-0.745
2022-02-25 11:00:00,5.431,-3.277,-2.245,0.966
2022-02-25 12:00:00,4.74,-4.012,1.333,0.403
2022-02-25 13:00:00,4.29,-3.807,0.342,-0.812
2022-02-25 14:00:00,5.263,-2.139,4.383,1.102
2022-02-25 15:00:00,5.266,-1.682,4.871,-0.152
2022-02-25 16:00:00,5.093,-1.351,4.723,-0.202
2022-02-25 17:00:00,4.969,-2.727,4.037,-0.561
2022-02-25 18:00:00,4.729,-2.58,3.545,-1.624
2022-02-25 19:00:00,4.526,-3.369,2.71,-1.094
2022-02-25 20:00:00,3.517,-3.151,0.718,-0.213
2022-02-25 21:00:00,3.347,-2.983,1.073,0.406
2022-02-25 22:00:00,2.557,-1.297,0.335,0.469
2022-02-25 23:00:00,2.742,2.288,0.87,0.078
2022-02-26 00:00:00,3.037,1.786,1.613,1.087
2022-02-26 01:00:00,2.814,-0.334,1.253,0.759
2022-02-26 02:00:00,2.788,1.431,1.087,1.728
2022-02-26 03:00:00,2.964,0.113,0.624,0.508
2022-02-26 04:00:00,3.404,-1.777,2.01,-1.656
2022-02-26 05:00:00,2.947,0.142,1.633,0.325
2022-02-26 06:00:00,3.265,0.842,1.818,2.226
2022-02-26 07:00:00,3.334,0.427,1.709,2.541
2022-02-26 08:00:00,3.524,0.872,1.648,2.533
2022-02-26 09:00:00,3.555,0.967,2.821,1.432
2022-02-26 10:00:00,3.529,1.179,2.887,1.004
2022-02-26 11:00:00,3.637,0.444,2.971,1.521
2022-02-26 12:00:00,3.853,1.485,2.161,2.149
2022-02-26 13:00:00,3.447,0.704,2.27,1.551
2022-02-26 14:00:00,4.095,0.251,3.814,0.417
2022-02-26 15:00:00,3.693,1.089,2.627,0.993
2022-02-26 16:00:00,3.447,1.124,2.062,1.631
2022-02-26 17:00:00,3.802,1.185,2.869,-0.794
2022-02-26 18:00:00,4.018,1.567,3.071,-0.491
2022-02-26 19:00:00,4.227,1.983,3.281,0.142
2022-02-26 20:00:00,4.219,1.622,3.656,0.098
2022-02-26 21:00:00,3.713,1.999,0.91,1.398
2022-02-26 22:00:00,4.453,-0.599,1.851,0.582
2022-02-26 23:00:00,4.638,-1.432,0.266,2.811
2022-02-27 00:00:00,5.308,-1.774,2.752,3.387
2022-02-27 01:00:00,6.168,-0.844,3.779,1.372
2022-02-27 02:00:00,7.188,-0.056,4.463,2.1
2022-02-27 03:00:00,9.688,0.426,5.154,3.8
2022-02-27 04:00:00,11.325,-1.991,9.342,-3.884
2022-02-27 05:00:00,11.871,-3.832,7.14,-8.141
2022-02-27 06:00:00,13.053,-3.393,2.209,-9.629
2022-02-27 07:00:00,9.076,-2.495,6.392,4.571
2022-02-27 08:00:00,8.362,-2.318,7.745,-0.078
2022-02-27 09:00:00,8.447,1.202,6.892,-0.085
2022-02-27 10:00:00,8.74,-1.313,4.478,0.62
2022-02-27 11:00:00,10.143,1.803,7.598,5.471
2022-02-27 12:00:00,10.114,0.697,9.015,3.868
2022-02-27 13:00:00,8.965,1.156,8.291,1.142
2022-02-27 14:00:00,7.267,-2.78,3.878,-1.305
2022-02-27 15:00:00,7.122,-5.475,-0.835,-2.599
2022-02-27 16:00:00,7.645,-4.029,3.37,0.371
2022-02-27 17:00:00,7.285,-6.265,-1.74,0.94
2022-02-27 18:00:00,6.815,-5.257,2.513,-0.903
2022-02-27 19:00:00,7.246,-1.805,3.994,1.839
2022-02-27 20:00:00,7.9,-1.097,4.905,1.248
2022-02-27 21:00:00,9.121,-1.362,8.759,1.426
2022-02-27 22:00:00,8.274,-4.17,3.82,0.021
2022-02-27 23:00:00,7.689,-1.615,5.597,2.101
2022-02-28 00:00:00,9.079,-0.509,7.921,3.292
2022-02-28 01:00:00,8.214,-0.007,5.754,-1.074
2022-02-28 02:00:00,8.073,-2.04,6.655,1.022
2022-02-28 03:00:00,8.139,-2.539,4.799,-0.504
2022-02-28 04:00:00,8.06,-2.994,5.464,4.107
2022-02-28 05:00:00,6.351,-4.229,1.067,1.473
2022-02-28 06:00:00,6.58,-2.366,1.918,4.677
2022-02-28 07:00:00,6.622,-0.97,5.66,0.41
2022-02-28 08:00:00,7.495,-3.082,4.655,1.046
2022-02-28 09:00:00,6.59,-1.962,3.262,0.983
2022-02-28 10:00:00,5.751,-0.127,4.857,-0.212
2022-02-28 11:00:00,5.315,-3.865,0.564,-1.417
2022-02-28 12:00:00,5.18,-3.72,0.989,-1.711
2022-02-28 13:00:00,5.291,-3.485,2.568,-0.27
2022-02-28 14:00:00,5.332,-3.409,2.493,0.43
2022-02-28 15:00:00,5.461,-3.307,3.313,0.222
2022-02-28 16:00:00,5.376,-3.719,2.649,-1.244
2022-02-28 17:00:00,5.272,-2.583,2.084,-2.393
2022-02-28 18:00:00,5.4,-2.041,3.618,-1.478
2022-02-28 19:00:00,4.791,-2.26,2.115,0.933
2022-02-28 20:00:00,5.593,-2.634,-1.075,3.708
2022-02-28 21:00:00,6.224,-5.456,1.333,-1.279
2022-02-28 22:00:00,5.992,-4.226,2.946,-1.322
2022-02-28 23:00:00,5.631,-3.216,1.862,-0.765
2022-03-01 00:00:00,5.49,-4.078,2.186,-0.558
2022-03-01 01:00:00,5.439,-3.486,3.285,1.393
2022-03-01 02:00:00,5.308,-3.3,1.927,-1.255
2022-03-01 03:00:00,5.332,-2.766,3.178,-1.365
2022-03-01 04:00:00,5.478,-4.296,2.807,-0.757
2022-03-01 05:00:00,5.107,-2.964,2.676,-2.665
2022-03-01 06:00:00,5.248,-0.352,3.814,-3.02
2022-03-01 07:00:00,5.149,-0.749,3.262,-1.728
2022-03-01 08:00:00,4.597,-3.369,-0.408,1.725
2022-03-01 09:00:00,4.344,-3.756,-0.433,1.29
2022-03-01 10:00:00,4.363,-3.338,2.008,-0.923
2022-03-01 11:00:00,4.195,-1.842,1.887,-0.756
2022-03-01 12:00:00,4.334,-2.954,0.404,2.271
2022-03-01 13:00:00,3.764,-2.748,-0.063,0.344
2022-03-01 14:00:00,4.027,-0.345,3.436,-1.298
2022-03-01 15:00:00,3.763,-0.241,2.922,-0.671
2022-03-01 16:00:00,3.725,-2.169,1.317,0.113
2022-03-01 17:00:00,4.155,-2.664,1.842,-1.29
2022-03-01 18:00:00,3.971,-1.599,3.115,-0.338
2022-03-01 19:00:00,4.158,-0.37,3.237,0.376
2022-03-01 20:00:00,4.126,-2.104,2.188,-2.014
2022-03-01 21:00:00,3.993,-2.333,1.951,0.551
2022-03-01 22:00:00,3.859,-1.908,2.308,1.43
2022-03-01 23:00:00,3.062,-2.206,1.221,0.401
2022-03-02 00:00:00,3.008,-2.338,0.114,1.36
2022-03-02 01:00:00,2.894,-1.912,0.918,1.371
2022-03-02 02:00:00,2.616,-1.861,0.4,-0.568
2022-03-02 03:00:00,2.98,-2.547,-0.849,0.019
2022-03-02 04:00:00,3.085,-2.852,-0.276,0.166
2022-03-02 05:00:00,3.241,-2.88,-0.945,0.663
2022-03-02 06:00:00,3.205,-2.922,-0.753,-0.416
2022-03-02 07:00:00,3.102,-2.945,-0.5,-0.285
2022-03-02 08:00:00,2.955,-2.56,0.344,-1.03
2022-03-02 09:00:00,2.901,-2.753,0.211,-0.632
2022-03-02 10:00:00,3.018,-2.917,0.345,0.037
2022-03-02 11:00:00,2.826,-2.736,-0.094,0.163
2022-03-02 12:00:00,2.802,-2.695,0.343,-0.195
2022-03-02 13:00:00,2.981,-2.805,0.765,-0.104
2022-03-02 14:00:00,3.118,-2.775,0.286,-1.149
2022-03-02 15:00:00,3.028,-2.382,0.97,-0.916
2022-03-02 16:00:00,3.073,-2.869,0.883,-0.276
2022-03-02 17:00:00,3.246,-3.04,0.948,0.075
2022-03-02 18:00:00,3.171,-3.019,0.654,-0.254
2022-03-02 19:00:00,3.192,-3.095,0.182,-0.392
2022-03-02 20:00:00,3.074,-2.988,-0.043,-0.344
2022-03-02 21:00:00,2.791,-1.901,1.513,-0.34
2022-03-02 22:00:00,2.882,-0.685,2.588,-0.179
2022-03-02 23:00:00,2.898,-0.558,2.199,1.097
2022-03-03 00:00:00,2.767,-1.574,1.635,-0.755
2022-03-03 01:00:00,2.983,-1.262,1.919,-1.55
2022-03-03 02:00:00,3.17,-2.221,1.729,-0.571
2022-03-03 03:00:00,3.285,-3.042,0.692,0.255
2022-03-03 04:00:00,2.725,-1.212,1.972,-0.477
2022-03-03 05:00:00,2.793,-2.446,0.906,0.506
2022-03-03 06:00:00,2.514,-1.183,1.885,-0.093
2022-03-03 07:00:00,2.719,-2.385,0.962,0.231
2022-03-03 08:00:00,3.137,-2.818,0.867,-0.781
2022-03-03 09:00:00,3.149,-2.583,1.541,0.132
2022-03-03 10:00:00,2.829,-1.918,1.586,0.27
2022-03-03 11:00:00,3.687,-0.869,2.191,0.22
2022-03-03 12:00:00,3.782,-1.879,2.734,0.001
2022-03-03 13:00:00,4.169,-1.965,2.91,-1.625
2022-03-03 14:00:00,4.187,-2.315,2.743,-1.647
2022-03-03 15:00:00,4.698,-2.011,2.877,-1.384
2022-03-03 16:00:00,3.238,0.705,0.186,-0.86
2022-03-03 17:00:00,5.194,3.753,-2.376,-1.423
2022-03-03 18:00:00,6.772,4.127,-4.496,2.511
2022-03-03 19:00:00,7.099,3.859,-4.645,0.976
2022-03-03 20:00:00,6.391,1.734,-1.931,3.655
2022-03-03 21:00:00,5.494,-1.341,2.701,-0.113
2022-03-03 22:00:00,5.015,-0.752,0.733,2.191
2022-03-03 23:00:00,4.647,1.663,-1.795,-1.953
2022-03-04 00:00:00,6.328,3.388,-4.48,-0.627
2022-03-04 01:00:00,7.097,2.886,-2.961,5.179
2022-03-04 02:00:00,7.138,0.302,1.345,5.261
2022-03-04 03:00:00,6.711,1.879,-4.309,1.317
2022-03-04 04:00:00,5.414,1.316,-1.906,-0.307
2022-03-04 05:00:00,5.174,2.576,-3.19,1.018
2022-03-04 06:00:00,5.38,-0.307,-2.279,1.155
2022-03-04 07:00:00,5.935,0.55,-3.097,-0.388
2022-03-04 08:00:00,6.529,2.896,-3.733,-2.585
2022-03-04 09:00:00,5.804,4.315,-2.041,-2.664
2022-03-04 10:00:00,4.206,0.539,-1.258,1.847
2022-03-04 11:00:00,5.063,-3.051,0.521,3.36
2022-03-04 12:00:00,4.883,-0.112,-2.139,1.491
2022-03-04 13:00:00,5.39,3.29,-3.042,-1.888
2022-03-04 14:00:00,5.535,3.474,-3.398,-1.405
2022-03-04 15:00:00,5.648,2.411,-4.608,-0.553
2022-03-04 16:00:00,5.448,2.752,-2.895,0.575
2022-03-04 17:00:00,5.783,1.143,-4.368,0.342
2022-03-04 18:00:00,5.992,2.633,-1.573,-3.868
2022-03-04 19:00:00,5.586,-0.069,-3.116,1.035
2022-03-04 20:00:00,4.963,1.992,-1.722,-0.527
2022-03-04 21:00:00,5.847,3.339,-2.375,-1.893
2022-03-04 22:00:00,6.075,0.831,-3.199,-4.35
2022-03-04 23:00:00,6.212,4.598,-2.87,-2.234
2022-03-05 00:00:00,6.269,4.951,-3.091,0.139
2022-03-05 01:00:00,6.47,4.265,-4.403,1.201
2022-03-05 02:00:00,6.707,5.666,-2.186,0.043
2022-03-05 03:00:00,6.885,4.447,-4.267,1.509
2022-03-05 04:00:00,7.176,4.71,-4.497,-0.8
2022-03-05 05:00:00,7.847,3.894,-6.363,0.25
2022-03-05 06:00:00,8.482,2.841,-5.041,5.04
2022-03-05 07:00:00,8.644,5.693,-4.935,2.976
2022-03-05 08:00:00,8.72,6.572,-2.157,-0.842
2022-03-05 09:00:00,9.076,5.715,-2.715,-4.574
2022-03-05 10:00:00,9.915,-2.603,8.414,-2.974
2022-03-05 11:00:00,11.652,-3.276,6.685,-7.572
2022-03-05 12:00:00,10.442,-1.479,-2.528,-9.079
2022-03-05 13:00:00,8.739,3.02,-6.045,1.136
2022-03-05 14:00:00,7.695,2.197,-4.919,1.002
2022-03-05 15:00:00,7.214,2.107,-3.468,-3.558
2022-03-05 16:00:00,6.803,2.854,-1.867,-3.699
2022-03-05 17:00:00,7.571,0.526,-3.782,-5.938
2022-03-05 18:00:00,7.125,3.796,-3.765,-3.124
2022-03-05 19:00:00,7.142,4.026,-2.589,-4.814
2022-03-05 20:00:00,6.775,4.368,-3.311,-2.455
2022-03-05 21:00:00,7.244,5.078,-3.105,-2.338
2022-03-05 22:00:00,6.897,5.598,-3.143,0.656
2022-03-05 23:00:00,6.99,4.805,-3.893,-2.318
2022-03-06 00:00:00,8.184,5.852,-4.874,-1.177
2022-03-06 01:00:00,7.428,5.828,-3.341,1.729
2022-03-06 02:00:00,7.235,6.098,-3.04,1.883
2022-03-06 03:00:00,7.592,6.684,-3.168,-0.506
2022-03-06 04:00:00,7.277,5.444,-2.608,-3.175
2022-03-06 05:00:00,7.254,4.157,-1.422,-4.485
2022-03-06 06:00:00,7.114,5.126,-4.36,0.397
2022-03-06 07:00:00,5.917,4.879,-2.452,0.649
2022-03-06 08:00:00,5.534,5.251,-0.273,-0.185
2022-03-06 09:00:00,5.468,4.558,-0.956,-2.347
2022-03-06 10:00:00,5.038,2.996,-3.174,-1.481
2022-03-06 11:00:00,5.002,3.564,-1.919,-1.674
2022-03-06 12:00:00,4.798,3.476,-1.253,-1.047
2022-03-06 13:00:00,4.935,4.211,-0.697,-1.092
2022-03-06 14:00:00,5.061,4.663,-1.452,-0.719
2022-03-06 15:00:00,5.056,3.744,-2.347,-2.277
2022-03-06 16:00:00,5.111,4.373,-1.348,-1.976
2022-03-06 17:00:00,4.7,4.067,-0.864,-1.888
2022-03-06 18:00:00,4.178,2.753,-1.508,-1.838
2022-03-06 19:00:00,4.401,4.08,0.848,-0.812
2022-03-06 20:00:00,4.224,3.918,0.097,0.872
2022-03-06 21:00:00,3.697,1.629,-2.097,-1.538
2022-03-06 22:00:00,3.741,2.186,-2.167,-0.206
2022-03-06 23:00:00,3.184,0.788,-2.05,-1.696
2022-03-07 00:00:00,3.528,1.963,-1.4,-1.949
2022-03-07 01:00:00,3.493,0.79,-1.568,-2.018
2022-03-07 02:00:00,3.963,3.175,-0.704,-1.596
2022-03-07 03:00:00,4.104,3.334,-1.78,-0.224
2022-03-07 04:00:00,4.055,2.016,-2.723,-1.171
2022-03-07 05:00:00,4.461,3.745,-1.91,0.527
2022-03-07 06:00:00,4.294,3.524,-1.845,1.36
2022-03-07 07:00:00,4.421,3.601,-2.264,0.735
2022-03-07 08:00:00,4.384,3.641,-2.206,0.375
2022-03-07 09:00:00,4.153,2.403,-2.213,-2.201
2022-03-07 10:00:00,4.005,-1.326,0.17,-3.312
2022-03-07 11:00:00,4.349,0.937,-2.216,-2.221
2022-03-07 12:00:00,4.786,1.446,-3.63,-2.171
2022-03-07 13:00:00,4.887,1.508,-3.231,-3.042
2022-03-07 14:00:00,4.936,2.486,-2.799,-2.703
2022-03-07 15:00:00,5.063,2.707,-3.191,-2.693
2022-03-07 16:00:00,4.885,2.638,-2.353,-2.368
2022-03-07 17:00:00,4.422,1.735,-2.007,-0.871
2022-03-07 18:00:00,3.564,1.678,-2.561,0.956
2022-03-07 19:00:00,2.854,1.613,0.272,-0.01
2022-03-07 20:00:00,2.339,-0.931,0.315,-0.729
2022-03-07 21:00:00,1.594,-0.025,0.187,-0.354
2022-03-07 22:00:00,3.23,2.713,-0.318,0.123
2022-03-07 23:00:00,3.87,1.051,-2.081,1.665
2022-03-08 00:00:00,3.827,-2.768,-1.35,-1.592
2022-03-08 01:00:00,3.131,-0.679,-0.986,0.534
2022-03-08 02:00:00,2.998,-0.365,-0.561,-0.533
2022-03-08 03:00:00,3.2,-2.198,-1.066,-0.546
2022-03-08 04:00:00,3.184,1.588,-1.157,0.891
2022-03-08 05:00:00,3.423,2.682,-1.555,0.772
2022-03-08 06:00:00,3.384,2.421,-1.78,1.015
2022-03-08 07:00:00,3.259,1.867,-2.175,0.283
2022-03-08 08:00:00,3.134,1.348,-2.467,0.924
2022-03-08 09:00:00,3.4,1.441,-2.941,0.635
2022-03-08 10:00:00,3.775,1.856,-3.194,0.328
2022-03-08 11:00:00,3.786,1.91,-3.16,-0.424
2022-03-08 12:00:00,3.877,2.346,-2.953,-0.276
2022-03-08 13:00:00,3.928,2.76,-2.675,-0.03
2022-03-08 14:00:00,3.789,2.031,-3.079,0.448
2022-03-08 15:00:00,4.071,2.241,-3.225,0.386
2022-03-08 16:00:00,4.144,1.901,-3.117,-0.839
2022-03-08 17:00:00,3.756,2.253,-2.743,-0.909
2022-03-08 18:00:00,3.572,0.873,-2.701,-0.813
2022-03-08 19:00:00,3.726,2.722,-2.319,-0.298
2022-03-08 20:00:00,3.528,1.816,-2.66,-0.784
2022-03-08 21:00:00,3.559,0.176,-2.666,-1.342
2022-03-08 22:00:00,3.564,-0.21,-2.379,-1.928
2022-03-08 23:00:00,3.55,1.64,-2.9,-0.38
2022-03-09 00:00:00,3.441,1.673,-2.461,-0.456
2022-03-09 01:00:00,3.654,3.318,-0.627,0.722
2022-03-09 02:00:00,3.811,3.446,1.115,0.2
2022-03-09 03:00:00,3.739,3.313,1.345,-0.111
2022-03-09 04:00:00,3.05,2.268,0.459,-1.227
2022-03-09 05:00:00,4.128,3.937,0.744,-0.329
2022-03-09 06:00:00,4.231,4.121,0.624,0.048
2022-03-09 07:00:00,4.294,4.122,0.76,0.34
2022-03-09 08:00:00,4.156,3.895,0.489,0.817
2022-03-09 09:00:00,3.835,1.746,-1.999,0.455
2022-03-09 10:00:00,3.682,-1.181,-3.081,-0.901
2022-03-09 11:00:00,3.534,-0.109,-3.05,-0.766
2022-03-09 12:00:00,3.598,2.18,-2.414,-0.157
2022-03-09 13:00:00,3.936,3.572,-1.444,-0.005
2022-03-09 14:00:00,3.727,3.218,-1.65,0.041
2022-03-09 15:00:00,3.763,3.623,-0.618,0.004
2022-03-09 16:00:00,2.942,-0.037,-0.904,-1.033
2022-03-09 17:00:00,2.75,-0.596,-1.221,-1.617
2022-03-09 18:00:00,2.523,-0.072,-0.766,-1.582
2022-03-09 19:00:00,2.715,-0.733,-0.62,-2.177
2022-03-09 20:00:00,2.787,0.15,-1.307,-1.34
2022-03-09 21:00:00,3.228,1.357,-1.798,-1.956
2022-03-09 22:00:00,3.076,0.729,-1.717,-1.8
2022-03-09 23:00:00,2.875,-1.254,-1.724,-1.374
2022-03-10 00:00:00,3.484,-2.325,-1.093,-2.081
2022-03-10 01:00:00,3.647,0.775,0.246,-2.429
2022-03-10 02:00:00,4.035,-0.095,-1.774,-2.74
2022-03-10 03:00:00,4.259,-2.624,-0.601,-2.779
2022-03-10 04:00:00,4.711,-3.006,-2.15,-2.222
2022-03-10 05:00:00,4.377,-0.733,-2.587,-2.652
2022-03-10 06:00:00,4.109,-0.963,-0.416,-3.772
2022-03-10 07:00:00,3.594,0.539,0.534,-2.641
2022-03-10 08:00:00,4.189,-0.529,-1.849,-2.534
2022-03-10 09:00:00,5.423,-2.917,-4.34,-0.38
2022-03-10 10:00:00,4.914,-2.114,-4.008,-0.705
2022-03-10 11:00:00,5.302,-0.879,-4.098,-2.222
2022-03-10 12:00:00,5.435,-0.007,-3.246,-3.885
2022-03-10 13:00:00,5.348,0.97,-2.193,-3.764
2022-03-10 14:00:00,5.51,-0.319,-3.872,-3.547
2022-03-10 15:00:00,6.07,-2.068,-3.433,-4.453
2022-03-10 16:00:00,7.096,-0.026,-0.312,-6.886
2022-03-10 17:00:00,8.5,0.704,0.287,-7.838
2022-03-10 18:00:00,8.772,4.097,2.176,-4.984
2022-03-10 19:00:00,12.394,2.186,7.897,8.053
2022-03-10 20:00:00,16.027,2.527,13.008,8.163
2022-03-10 21:00:00,16.148,2.76,15.545,-1.814
2022-03-10 22:00:00,14.562,2.729,13.524,-4.199
2022-03-10 23:00:00,13.182,2.971,9.857,-7.676
2022-03-11 00:00:00,11.879,3.12,6.113,-9.345
2022-03-11 01:00:00,10.732,5.168,7.072,4.955
2022-03-11 02:00:00,11.89,7.941,8.204,2.646
2022-03-11 03:00:00,10.237,7.917,5.376,-2.816
2022-03-11 04:00:00,7.677,3.173,1.388,-2.522
2022-03-11 05:00:00,9.233,0.662,-4.944,-7.281
2022-03-11 06:00:00,8.46,2.043,1.491,-4.124
2022-03-11 07:00:00,7.807,3.16,-0.04,-1.521
2022-03-11 08:00:00,7.527,5.176,-2.725,-3.865
2022-03-11 09:00:00,7.403,7.261,-0.112,0.165
2022-03-11 10:00:00,8.429,7.189,-2.085,3.564
2022-03-11 11:00:00,11.692,6.224,-8.137,3.974
2022-03-11 12:00:00,10.621,0.768,-10.121,-1.619
2022-03-11 13:00:00,9.539,1.173,-4.795,3.505
2022-03-11 14:00:00,9.735,-1.578,-7.723,-2.22
2022-03-11 15:00:00,9.432,-1.423,-0.779,7.673
2022-03-11 16:00:00,9.006,-0.56,-6.961,0.19
2022-03-11 17:00:00,8.835,1.411,-5.59,1.381
2022-03-11 18:00:00,7.031,5.347,1.571,2.041
2022-03-11 19:00:00,7.471,0.467,-5.253,0.326
2022-03-11 20:00:00,8.694,-2.252,-6.897,2.105
2022-03-11 21:00:00,9.699,-2.606,-5.345,-6.962
2022-03-11 22:00:00,9.232,-3.472,-1.426,-7.097
2022-03-11 23:00:00,8.968,-2.719,4.438,-6.477
2022-03-12 00:00:00,9.42,-3.195,-0.192,-8.079
2022-03-12 01:00:00,8.008,-2.53,-5.205,-5.201
2022-03-12 02:00:00,5.843,-2.237,-3.448,-4.02
2022-03-12 03:00:00,5.316,-1.1,-1.844,-3.873
2022-03-12 04:00:00,3.273,0.912,0.6,-2.657
2022-03-12 05:00:00,2.815,0.337,-0.028,-2.091
2022-03-12 06:00:00,3.799,1.159,-0.431,3.259
2022-03-12 07:00:00,4.33,1.728,-1.4,3.568
2022-03-12 08:00:00,4.319,2.145,-2.57,2.494
2022-03-12 09:00:00,3.45,2.26,-1.555,1.503
2022-03-12 10:00:00,3.201,1.909,-2.393,-0.35
2022-03-12 11:00:00,3.286,1.981,-2.447,-0.051
2022-03-12 12:00:00,3.762,2.322,-2.853,-0.119
2022-03-12 13:00:00,3.925,2.828,-2.563,0.339
2022-03-12 14:00:00,3.823,2.546,-2.12,1.636
2022-03-12 15:00:00,3.881,2.033,-3.181,0.275
2022-03-12 16:00:00,4.019,1.961,-3.249,-0.056
2022-03-12 17:00:00,4.058,1.947,-3.419,-0.036
2022-03-12 18:00:00,4.072,0.584,-3.868,0.751
2022-03-12 19:00:00,3.991,-0.066,-3.853,-0.537
2022-03-12 20:00:00,4.091,1.306,-3.578,-0.375
2022-03-12 21:00:00,4.092,1.414,-3.404,-1.067
2022-03-12 22:00:00,4.127,1.191,-3.482,-0.954
2022-03-12 23:00:00,4.267,1.11,-3.995,-0.354
2022-03-13 00:00:00,4.168,1.431,-3.671,-0.288
2022-03-13 01:00:00,4.058,2.528,-3.008,0.563
2022-03-13 02:00:00,3.61,2.814,-1.463,1.397
2022-03-13 03:00:00,3.773,3.166,-1.289,1.359
2022-03-13 04:00:00,3.665,3.082,-1.335,1.021
2022-03-13 05:00:00,3.277,2.708,-1.431,0.459
2022-03-13 06:00:00,3.191,2.079,-1.743,0.932
2022-03-13 07:00:00,3.304,2.471,-1.554,0.644
2022-03-13 08:00:00,3.453,2.681,-1.498,-0.652
2022-03-13 09:00:00,3.424,2.686,-0.787,-0.915
2022-03-13 10:00:00,11.553,0.776,-1.378,-0.188
2022-03-13 11:00:00,11.504,-5.969,2.356,-5.396
2022-03-13 12:00:00,15.063,8.229,-5.589,-7.308
2022-03-13 13:00:00,20.727,11.68,-14.523,-3.209
2022-03-13 14:00:00,16.723,5.371,-3.381,9.48
2022-03-13 15:00:00,19.646,1.685,-13.077,7.698
2022-03-13 16:00:00,22.282,-1.33,-20.965,-3.836
2022-03-13 17:00:00,24.959,1.642,-15.669,18.218
2022-03-13 18:00:00,23.678,3.288,-1.272,22.283
2022-03-13 19:00:00,23.864,-1.14,-15.833,17.564
2022-03-13 20:00:00,21.967,0.321,-0.167,16.906
2022-03-13 21:00:00,23.359,6.213,0.329,-17.492
2022-03-13 22:00:00,23.56,2.615,2.539,-10.878
2022-03-13 23:00:00,23.155,4.785,22.479,1.906
2022-03-14 00:00:00,23.036,4.392,21.886,5.403
2022-03-14 01:00:00,23.112,3.625,21.886,6.319
2022-03-14 02:00:00,23.418,3.955,21.09,9.266
2022-03-14 03:00:00,23.799,4.255,20.797,10.559
2022-03-14 04:00:00,24.14,3.714,18.86,14.492
2022-03-14 05:00:00,24.255,4.614,16.77,16.819
2022-03-14 06:00:00,24.213,5.805,12.641,19.416
2022-03-14 07:00:00,23.73,6.203,5.184,22.26
2022-03-14 08:00:00,22.653,6.098,1.989,21.607
2022-03-14 09:00:00,21.469,5.753,0.636,20.635
2022-03-14 10:00:00,20.618,7.006,-2.393,19.19
2022-03-14 11:00:00,19.578,6.138,-3.025,18.275
2022-03-14 12:00:00,18.416,5.949,-4.376,16.81
2022-03-14 13:00:00,17.31,5.003,-5.738,15.291
2022-03-14 14:00:00,16.284,3.521,-8.119,13.291
2022-03-14 15:00:00,15.205,3.716,-9.658,10.612
2022-03-14 16:00:00,14.543,3.951,-10.056,9.431
2022-03-14 17:00:00,13.543,4.62,-7.787,9.981
2022-03-14 18:00:00,13.362,5.794,-7.319,9.483
2022-03-14 19:00:00,12.774,4.322,-6.536,9.947
2022-03-14 20:00:00,13.057,5.04,-7.796,9.055
2022-03-14 21:00:00,12.07,5.35,-7.136,8.046
2022-03-14 22:00:00,11.822,4.48,-6.169,8.845
2022-03-14 23:00:00,11.403,3.464,-6.37,8.612
2022-03-15 00:00:00,10.369,3.589,-4.083,8.704
2022-03-15 01:00:00,10.424,2.999,-1.653,9.641
2022-03-15 02:00:00,11.203,3.041,-1.835,10.54
2022-03-15 03:00:00,11.32,3.182,-4.357,9.47
2022-03-15 04:00:00,11.829,3.803,-7.657,8.066
2022-03-15 05:00:00,11.238,3.383,-5.657,8.871
2022-03-15 06:00:00,10.216,1.903,-8.749,4.688
2022-03-15 07:00:00,9.563,0.617,-6.362,6.572
2022-03-15 08:00:00,8.816,0.84,-3.291,7.787
2022-03-15 09:00:00,8.098,0.163,-3.503,7.018
2022-03-15 10:00:00,8.138,1.143,-7.185,2.052
2022-03-15 11:00:00,7.616,2.002,-6.845,0.955
2022-03-15 12:00:00,7.481,-1.057,-4.71,4.849
2022-03-15 13:00:00,6.736,0.584,-6.033,1.236
2022-03-15 14:00:00,6.447,0.674,-6.18,0.489
2022-03-15 15:00:00,6.619,1.155,-6.319,0.453
2022-03-15 16:00:00,6.856,1.237,-6.558,-1.156
2022-03-15 17:00:00,6.543,2.144,-5.865,-0.607
2022-03-15 18:00:00,5.457,2.389,-1.052,2.423
2022-03-15 19:00:00,4.712,1.171,-2.708,0.378
2022-03-15 20:00:00,4.538,0.301,-3.583,-1.485
2022-03-15 21:00:00,3.433,1.81,-0.59,0.023
2022-03-15 22:00:00,3.291,1.936,1.619,1.353
2022-03-15 23:00:00,3.425,1.654,1.785,2.307
2022-03-16 00:00:00,3.521,1.286,1.192,2.892
2022-03-16 01:00:00,3.471,1.491,0.632,2.777
2022-03-16 02:00:00,3.327,1.508,1.058,1.837
2022-03-16 03:00:00,3.644,1.915,-0.022,2.31
2022-03-16 04:00:00,3.642,1.783,1.231,2.536
2022-03-16 05:00:00,3.013,-0.934,-0.996,-0.302
2022-03-16 06:00:00,2.751,-1.426,-1.613,0.365
2022-03-16 07:00:00,3.293,0.944,-0.871,0.639
2022-03-16 08:00:00,3.047,2.233,0.99,0.789
2022-03-16 09:00:00,2.8,1.814,-1.29,-0.707
2022-03-16 10:00:00,2.74,-0.224,-1.907,-0.499
2022-03-16 11:00:00,3.152,1.182,-2.428,0.952
2022-03-16 12:00:00,3.464,-0.411,-3.205,-0.079
2022-03-16 13:00:00,2.727,-0.434,-2.276,0.049
2022-03-16 14:00:00,2.574,-0.525,-0.843,-1.256
2022-03-16 15:00:00,3.072,1.579,-2.014,-0.422
2022-03-16 16:00:00,3.258,1.771,-0.798,-2.35
2022-03-16 17:00:00,3.291,2.215,-1.802,-0.888
2022-03-16 18:00:00,3.081,0.77,-1.854,-1.23
2022-03-16 19:00:00,3.183,0.257,-1.49,-2.366
2022-03-16 20:00:00,3.07,0.425,-2.302,-0.666
2022-03-16 21:00:00,3.352,1.29,-0.955,-2.681
2022-03-16 22:00:00,3.62,2.783,-1.259,-1.288
2022-03-16 23:00:00,3.901,3.283,-1.519,-0.92
2022-03-17 00:00:00,4.396,4.108,-0.326,0.402
2022-03-17 01:00:00,4.612,4.335,-0.243,0.705
2022-03-17 02:00:00,3.999,1.815,-0.631,-0.604
2022-03-17 03:00:00,3.704,2.05,-1.222,-1.141
2022-03-17 04:00:00,4.292,3.522,-1.043,-0.38
2022-03-17 05:00:00,3.646,-0.017,-3.273,0.322
2022-03-17 06:00:00,4.423,-2.035,-3.519,-0.677
2022-03-17 07:00:00,4.177,0.588,-2.601,-0.326
2022-03-17 08:00:00,4.431,3.878,-0.167,-0.662
2022-03-17 09:00:00,3.933,1.351,-2.29,0.189
2022-03-17 10:00:00,3.959,-2.07,-2.983,0.643
2022-03-17 11:00:00,4.373,-2.38,-3.51,0.169
2022-03-17 12:00:00,4.071,-1.982,-2.619,-0.205
2022-03-17 13:00:00,3.79,1.217,-1.27,0.132
2022-03-17 14:00:00,4.119,3.831,-0.865,-0.22
2022-03-17 15:00:00,4.002,1.405,-1.515,1.026
2022-03-17 16:00:00,4.477,4.292,-0.892,0.29
2022-03-17 17:00:00,4.059,3.054,-2.41,0.277
2022-03-17 18:00:00,3.799,2.174,-2.743,0.232
2022-03-17 19:00:00,3.739,1.732,-2.965,0.557
2022-03-17 20:00:00,4.198,3.562,-1.018,-1.572
2022-03-17 21:00:00,3.667,1.35,-2.624,0.731
2022-03-17 22:00:00,3.714,0.727,-2.45,0.842
2022-03-17 23:00:00,4.035,1.279,-3.104,-1.586
2022-03-18 00:00:00,4.171,1.045,-3.774,-1.22
2022-03-18 01:00:00,4.212,0.554,-3.931,0.769
2022-03-18 02:00:00,4.104,0.403,-3.36,1.884
2022-03-18 03:00:00,3.786,0.95,-2.41,1.566
2022-03-18 04:00:00,4.33,1.979,-1.429,3.47
2022-03-18 05:00:00,4.736,2.388,-3.17,2.446
2022-03-18 06:00:00,4.528,2.335,-3.576,1.253
2022-03-18 07:00:00,4.289,2.451,-3.416,-0.287
2022-03-18 08:00:00,4.091,1.779,-3.606,0.09
2022-03-18 09:00:00,3.86,1.786,-2.898,-1.359
2022-03-18 10:00:00,3.667,1.905,-2.643,-1.487
2022-03-18 11:00:00,2.946,1.558,-1.978,-0.583
2022-03-18 12:00:00,3.113,2.692,-0.254,0.114
2022-03-18 13:00:00,3.342,2.761,-1.648,-0.11
2022-03-18 14:00:00,3.397,2.922,-1.283,0.611
2022-03-18 15:00:00,3.408,2.906,-1.15,0.769
2022-03-18 16:00:00,3.496,1.919,-2.701,0.204
2022-03-18 17:00:00,3.496,0.766,-3.179,0.312
2022-03-18 18:00:00,3.544,0.001,-3.365,-0.011
2022-03-18 19:00:00,3.695,-1.141,-3.192,0.407
2022-03-18 20:00:00,3.89,-1.814,-2.974,1.383
2022-03-18 21:00:00,3.709,-1.124,-3.411,0.369
2022-03-18 22:00:00,3.622,-0.98,-3.208,0.338
2022-03-18 23:00:00,3.661,2.367,-1.428,0.92
2022-03-19 00:00:00,3.8,2.542,2.08,-1.129
2022-03-19 01:00:00,3.954,2.57,1.236,-2.373
2022-03-19 02:00:00,3.726,0.766,0.848,-2.356
2022-03-19 03:00:00,4.126,1.272,1.76,-3.329
2022-03-19 04:00:00,4.047,0.691,0.022,-2.354
2022-03-19 05:00:00,4.082,0.853,-2.46,-1.12
2022-03-19 06:00:00,4.381,0.86,0.256,-3.968
2022-03-19 07:00:00,4.135,1.072,-2.519,-2.296
2022-03-19 08:00:00,4.162,-0.197,-2.73,2.807
2022-03-19 09:00:00,4.146,0.669,-2.719,0.342
2022-03-19 10:00:00,4.903,0.098,-3.658,3.176
2022-03-19 11:00:00,5.046,-0.088,-3.77,3.204
2022-03-19 12:00:00,5.23,0.232,-3.797,3.377
2022-03-19 13:00:00,4.798,2.524,-3.28,1.765
2022-03-19 14:00:00,4.544,3.546,-2.161,1.637
2022-03-19 15:00:00,5.66,3.336,-4.081,1.429
2022-03-19 16:00:00,6.029,2.229,-5.302,0.999
2022-03-19 17:00:00,6.113,1.452,-5.507,0.009
2022-03-19 18:00:00,5.708,2.331,-3.851,1.284
2022-03-19 19:00:00,6.012,1.805,-4.6,0.308
2022-03-19 20:00:00,6.319,0.877,-4.815,-0.083
2022-03-19 21:00:00,7.152,-0.029,-5.1,0.033
2022-03-19 22:00:00,7.437,-2.178,-6.121,0.183
2022-03-19 23:00:00,7.861,-2.375,-7.163,0.483
2022-03-20 00:00:00,7.695,-2.084,-6.892,-0.978
2022-03-20 01:00:00,7.779,-1.205,-6.287,-2.644
2022-03-20 02:00:00,8.332,-0.209,-7.962,-0.851
2022-03-20 03:00:00,8.76,-0.391,-8.13,-2.574
2022-03-20 04:00:00,9.049,-0.197,-8.878,-0.591
2022-03-20 05:00:00,9.511,-0.285,-9.045,2.389
2022-03-20 06:00:00,9.683,-0.125,-8.609,4.228
2022-03-20 07:00:00,9.771,-1.337,-7.063,6.47
2022-03-20 08:00:00,9.591,-0.427,-6.025,7.327
2022-03-20 09:00:00,9.298,1.088,-5.617,7.22
2022-03-20 10:00:00,9.342,1.077,-5.308,7.465
2022-03-20 11:00:00,8.692,1.282,-4.725,7.014
2022-03-20 12:00:00,8.375,1.941,-3.051,7.402
2022-03-20 13:00:00,8.799,1.327,-0.071,8.636
2022-03-20 14:00:00,8.589,-1.862,-3.685,6.278
2022-03-20 15:00:00,8.556,-2.305,-3.331,7.167
2022-03-20 16:00:00,9.493,-1.218,4.769,3.63
2022-03-20 17:00:00,9.936,-1.177,8.96,3.945
2022-03-20 18:00:00,9.869,-0.753,9.073,3.633
2022-03-20 19:00:00,9.671,-0.766,9.378,2.039
2022-03-20 20:00:00,6.096,2.765,-0.807,-4.597
2022-03-20 21:00:00,6.566,2.669,-0.113,-4.878
2022-03-20 22:00:00,6.543,1.934,3.599,-4.153
2022-03-20 23:00:00,6.193,1.324,4.829,-2.822
2022-03-21 00:00:00,6.477,0.401,5.818,-0.86
2022-03-21 01:00:00,6.786,-2.462,6.172,0.322
2022-03-21 02:00:00,6.383,-1.52,6.106,0.069
2022-03-21 03:00:00,5.654,-1.905,5.19,0.809
2022-03-21 04:00:00,5.204,-2.414,4.393,1.079
2022-03-21 05:00:00,4.583,-1.632,3.806,0.477
2022-03-21 06:00:00,6.413,-2.149,5.47,0.234
2022-03-21 07:00:00,6.763,-1.85,6.374,-0.253
2022-03-21 08:00:00,6.501,-3.31,5.353,0.876
2022-03-21 09:00:00,6.392,-2.761,5.645,0.765
2022-03-21 10:00:00,6.169,-2.491,5.568,-0.449
2022-03-21 11:00:00,6.535,-2.931,5.63,-1.377
2022-03-21 12:00:00,6.457,-2.292,5.54,-2.293
2022-03-21 13:00:00,6.178,-2.574,5.439,-0.925
2022-03-21 14:00:00,5.862,-1.887,5.311,-1.217
2022-03-21 15:00:00,4.469,-0.395,4.236,-0.664
2022-03-21 16:00:00,4.475,-1.048,4.184,0.774
2022-03-21 17:00:00,5.214,-0.113,4.826,-1.048
2022-03-21 18:00:00,7.15,-1.689,6.65,-1.578
2022-03-21 19:00:00,6.614,0.132,5.637,-2.977
2022-03-21 20:00:00,6.989,-0.571,6.282,-2.663
2022-03-21 21:00:00,6.274,-0.282,-0.492,0.478
2022-03-21 22:00:00,7.137,2.652,-6.237,1.23
2022-03-21 23:00:00,6.188,3.136,-4.491,-1.27
2022-03-22 00:00:00,5.757,4.245,-1.302,-1.699
2022-03-22 01:00:00,5.546,2.811,-2.844,-2.369
2022-03-22 02:00:00,6.597,4.704,-3.559,-1.861
2022-03-22 03:00:00,8.235,4.698,-5.739,2.648
2022-03-22 04:00:00,6.657,5.303,1.105,-0.626
2022-03-22 05:00:00,6.806,-1.556,5.351,-2.923
2022-03-22 06:00:00,7.945,-5.468,5.55,-1.235
2022-03-22 07:00:00,8.099,-6.63,4.287,0.114
2022-03-22 08:00:00,7.342,-6.112,-0.274,3.426
2022-03-22 09:00:00,5.844,-5.404,-0.808,1.284
2022-03-22 10:00:00,5.102,-2.793,-2.881,1.431
2022-03-22 11:00:00,4.236,0.494,-0.975,-0.047
2022-03-22 12:00:00,5.305,-3.592,0.462,-1.246
2022-03-22 13:00:00,6.298,-4.75,3.151,-2.03
2022-03-22 14:00:00,6.519,-4.401,2.255,-3.887
2022-03-22 15:00:00,6.134,-1.435,3.501,-0.463
2022-03-22 16:00:00,4.902,3.954,-1.204,1.36
2022-03-22 17:00:00,6.313,5.2,-2.683,0.613
2022-03-22 18:00:00,6.772,0.584,-1.105,-5.241
2022-03-22 19:00:00,9.393,-4.439,6.765,-3.674
2022-03-22 20:00:00,9.178,-3.242,5.057,-5.601
2022-03-22 21:00:00,8.601,-3.783,6.068,4.599
2022-03-22 22:00:00,8.481,-4.109,5.138,5.198
2022-03-22 23:00:00,7.048,-3.504,4.028,4.448
2022-03-23 00:00:00,7.615,-2.809,5.615,1.992
2022-03-23 01:00:00,8.501,-3.339,5.92,3.934
2022-03-23 02:00:00,8.213,-4.553,5.47,2.516
2022-03-23 03:00:00,8.567,-3.776,6.276,2.562
2022-03-23 04:00:00,8.237,-5.682,4.589,-2.442
2022-03-23 05:00:00,7.553,-3.975,0.494,-4.34
2022-03-23 06:00:00,5.98,-2.735,0.716,-2.891
2022-03-23 07:00:00,6.591,-2.523,3.787,2.241
2022-03-23 08:00:00,8.027,2.733,2.325,6.175
2022-03-23 09:00:00,6.125,3.76,1.829,3.383
2022-03-23 10:00:00,6.192,-0.162,0.773,5.306
2022-03-23 11:00:00,3.803,-1.223,0.192,1.144
2022-03-23 12:00:00,4.406,-2.559,1.625,1.667
2022-03-23 13:00:00,4.919,-1.748,1.405,-0.417
2022-03-23 14:00:00,6.401,3.065,2.529,3.979
2022-03-23 15:00:00,5.901,-2.495,0.048,-2.676
2022-03-23 16:00:00,7.457,-5.949,4.062,0.984
2022-03-23 17:00:00,7.275,-4.675,4.379,3.055
2022-03-23 18:00:00,7.49,-4.312,3.762,4.406
2022-03-23 19:00:00,6.915,0.221,2.739,5.897
2022-03-23 20:00:00,7.298,-1.603,3.789,5.341
2022-03-23 21:00:00,7.626,-2.813,3.108,4.507
2022-03-23 22:00:00,7.889,-4.048,3.342,0.441
2022-03-23 23:00:00,9.157,-4.945,2.897,-6.125
2022-03-24 00:00:00,8.787,-4.51,5.757,-3.986
2022-03-24 01:00:00,8.291,-4.313,3.747,0.953
2022-03-24 02:00:00,7.782,-5.496,4.421,2.539
2022-03-24 03:00:00,7.375,-3.849,2.716,3.604
2022-03-24 04:00:00,7.343,-4.363,4.321,2.515
2022-03-24 05:00:00,7.798,-4.703,3.197,5.033
2022-03-24 06:00:00,7.966,-4.335,4.507,4.689
2022-03-24 07:00:00,6.509,-3.932,2.564,1.98
2022-03-24 08:00:00,6.014,-3.396,2.0,0.701
2022-03-24 09:00:00,5.595,-1.001,3.478,1.241
2022-03-24 10:00:00,4.581,-1.818,0.46,-1.777
2022-03-24 11:00:00,4.298,-2.896,2.696,0.897
2022-03-24 12:00:00,4.129,1.541,2.187,2.616
2022-03-24 13:00:00,4.2,-1.658,2.051,1.763
2022-03-24 14:00:00,3.989,0.899,2.681,-2.0
2022-03-24 15:00:00,4.068,0.735,2.947,0.384
2022-03-24 16:00:00,3.784,-0.821,2.286,0.093
2022-03-24 17:00:00,4.34,-3.397,0.57,2.366
2022-03-24 18:00:00,3.981,-2.971,0.59,1.484
2022-03-24 19:00:00,4.129,-3.608,-1.056,1.138
2022-03-24 20:00:00,4.302,-3.767,-0.5,0.992
2022-03-24 21:00:00,4.224,-3.578,-0.685,1.657
2022-03-24 22:00:00,4.279,-4.044,-0.634,-0.806
2022-03-24 23:00:00,4.405,-4.078,0.321,-0.839
2022-03-25 00:00:00,4.162,-3.406,0.615,-1.983
2022-03-25 01:00:00,4.146,-3.233,0.492,-1.935
2022-03-25 02:00:00,4.099,-3.468,0.195,-1.585
2022-03-25 03:00:00,3.716,-2.964,1.603,-0.57
2022-03-25 04:00:00,3.603,-2.417,0.768,-2.185
2022-03-25 05:00:00,3.18,-0.197,1.408,-2.213
2022-03-25 06:00:00,3.098,-1.782,0.058,-2.285
2022-03-25 07:00:00,3.216,-0.023,1.423,-2.664
2022-03-25 08:00:00,3.473,-0.42,1.371,-3.005
2022-03-25 09:00:00,3.687,-0.07,2.147,-2.688
2022-03-25 10:00:00,4.181,1.523,3.157,-1.576
2022-03-25 11:00:00,4.317,1.797,2.876,-0.809
2022-03-25 12:00:00,3.634,0.328,2.358,-1.485
2022-03-25 13:00:00,4.022,1.056,2.874,-1.756
2022-03-25 14:00:00,4.285,0.093,3.775,-1.171
2022-03-25 15:00:00,4.194,1.341,1.93,-3.287
2022-03-25 16:00:00,4.227,-1.335,0.61,-3.208
2022-03-25 17:00:00,4.316,-0.427,1.107,-2.551
2022-03-25 18:00:00,3.996,1.237,2.546,1.565
2022-03-25 19:00:00,3.77,2.022,2.474,0.771
2022-03-25 20:00:00,3.196,-0.245,1.535,2.149
2022-03-25 21:00:00,3.626,-2.399,-0.24,1.505
2022-03-25 22:00:00,4.271,-3.732,-1.82,0.526
2022-03-25 23:00:00,4.229,-3.956,-1.085,0.465
2022-03-26 00:00:00,4.445,-2.761,-1.198,2.747
2022-03-26 01:00:00,3.841,-2.478,-0.719,2.433
2022-03-26 02:00:00,2.768,-0.297,1.429,-1.09
2022-03-26 03:00:00,2.795,-1.277,1.919,-0.457
2022-03-26 04:00:00,3.25,-1.527,2.165,-0.654
2022-03-26 05:00:00,2.73,0.577,2.361,-0.027
2022-03-26 06:00:00,3.625,0.634,3.209,-1.29
2022-03-26 07:00:00,3.541,0.387,2.359,-1.734
2022-03-26 08:00:00,2.986,-1.308,1.823,-1.381
2022-03-26 09:00:00,3.974,-0.219,2.375,-0.426
2022-03-26 10:00:00,4.788,3.112,3.326,1.004
2022-03-26 11:00:00,5.565,3.491,4.095,0.272
2022-03-26 12:00:00,5.555,3.381,3.994,1.688
2022-03-26 13:00:00,6.083,4.159,3.879,1.837
2022-03-26 14:00:00,5.864,3.787,4.126,1.129
2022-03-26 15:00:00,6.394,1.895,4.524,-2.738
2022-03-26 16:00:00,7.107,0.15,1.942,-6.598
2022-03-26 17:00:00,7.656,-0.222,2.609,-6.908
2022-03-26 18:00:00,8.322,-1.023,2.407,-7.75
2022-03-26 19:00:00,7.56,1.957,4.822,4.286
2022-03-26 20:00:00,8.102,1.989,4.412,4.108
2022-03-26 21:00:00,7.225,-0.205,6.896,1.255
2022-03-26 22:00:00,7.319,-1.726,6.285,-0.991
2022-03-26 23:00:00,7.089,-1.899,4.44,-1.331
2022-03-27 00:00:00,8.231,-3.992,4.343,-1.713
2022-03-27 01:00:00,7.981,-0.81,-2.23,5.8
2022-03-27 02:00:00,9.155,-2.47,6.404,3.904
2022-03-27 03:00:00,8.428,-0.738,5.861,3.233
2022-03-27 04:00:00,11.592,-0.996,7.214,7.81
2022-03-27 05:00:00,11.803,-1.933,8.38,7.603
2022-03-27 06:00:00,12.448,-2.253,9.609,5.13
2022-03-27 07:00:00,11.149,-2.257,8.916,2.522
2022-03-27 08:00:00,9.982,-1.471,1.604,4.966
2022-03-27 09:00:00,9.52,-3.057,4.891,-4.56
2022-03-27 10:00:00,9.26,-2.108,7.993,-1.131
2022-03-27 11:00:00,8.349,-4.742,5.837,-2.281
2022-03-27 12:00:00,6.582,-2.14,3.368,0.18
2022-03-27 13:00:00,8.118,-2.747,7.244,-1.9
2022-03-27 14:00:00,7.779,-3.209,6.64,-1.075
2022-03-27 15:00:00,6.81,-4.482,-0.805,-2.298
2022-03-27 16:00:00,7.589,-2.293,1.832,-6.593
2022-03-27 17:00:00,8.981,-4.153,3.701,-4.401
2022-03-27 18:00:00,7.659,-0.242,6.575,-0.185
2022-03-27 19:00:00,7.981,-1.512,2.95,-5.259
2022-03-27 20:00:00,8.256,-2.4,6.434,0.033
2022-03-27 21:00:00,8.17,-1.554,3.942,-0.393
2022-03-27 22:00:00,6.139,-2.492,2.876,2.633
2022-03-27 23:00:00,5.435,-4.088,1.189,0.757
2022-03-28 00:00:00,4.782,-3.577,-0.355,-1.827
2022-03-28 01:00:00,4.286,-2.076,-0.478,-2.496
2022-03-28 02:00:00,3.889,-1.546,1.563,-1.287
2022-03-28 03:00:00,4.255,-1.353,3.195,0.094
2022-03-28 04:00:00,3.791,-2.5,-1.207,-1.103
2022-03-28 05:00:00,4.201,1.52,3.539,-0.55
2022-03-28 06:00:00,4.394,1.755,3.677,-0.794
2022-03-28 07:00:00,4.544,2.542,3.45,-0.299
2022-03-28 08:00:00,4.035,1.867,3.201,-0.727
2022-03-28 09:00:00,4.351,3.745,1.32,-1.217
2022-03-28 10:00:00,4.476,3.61,1.942,-0.662
2022-03-28 11:00:00,4.325,3.06,2.738,0.496
2022-03-28 12:00:00,4.267,2.46,3.115,1.303
2022-03-28 13:00:00,4.013,2.06,2.959,1.591
2022-03-28 14:00:00,3.495,1.234,2.841,0.983
2022-03-28 15:00:00,3.335,2.318,2.123,-0.095
2022-03-28 16:00:00,3.7,2.528,2.486,0.515
2022-03-28 17:00:00,2.753,0.59,1.862,0.545
2022-03-28 18:00:00,2.837,0.534,1.893,0.372
2022-03-28 19:00:00,2.804,0.548,1.991,-0.686
2022-03-28 20:00:00,3.091,0.311,2.607,0.748
2022-03-28 21:00:00,3.513,0.207,2.761,0.17
2022-03-28 22:00:00,3.42,0.402,3.165,0.195
2022-03-28 23:00:00,4.165,1.878,2.214,0.919
2022-03-29 00:00:00,3.4,-0.747,1.33,-1.327
2022-03-29 01:00:00,4.325,1.909,3.704,-0.134
2022-03-29 02:00:00,4.405,2.364,2.876,2.011
2022-03-29 03:00:00,4.77,-0.656,3.946,-2.111
2022-03-29 04:00:00,3.808,-1.27,1.664,-1.72
2022-03-29 05:00:00,3.554,1.34,2.432,0.726
2022-03-29 06:00:00,3.486,0.643,-0.106,1.736
2022-03-29 07:00:00,4.379,1.138,1.916,1.801
2022-03-29 08:00:00,4.508,0.4,3.813,-0.724
2022-03-29 09:00:00,4.783,-0.28,0.779,4.449
2022-03-29 10:00:00,4.251,-0.537,-1.926,1.554
2022-03-29 11:00:00,3.545,-0.959,-0.559,0.802
2022-03-29 12:00:00,4.118,1.713,2.986,-1.721
2022-03-29 13:00:00,3.4,1.387,1.686,0.208
2022-03-29 14:00:00,3.359,0.034,1.422,-0.157
2022-03-29 15:00:00,4.051,0.926,0.532,-2.736
2022-03-29 16:00:00,3.585,-0.304,0.356,-2.045
2022-03-29 17:00:00,3.464,-1.214,-0.792,-0.778
2022-03-29 18:00:00,4.112,-2.837,-2.693,-0.7
2022-03-29 19:00:00,3.831,-2.93,-2.205,-0.272
2022-03-29 20:00:00,2.973,-2.597,-0.987,0.445
2022-03-29 21:00:00,2.971,-2.352,-1.043,0.623
2022-03-29 22:00:00,3.434,-2.408,-1.982,1.227
2022-03-29 23:00:00,3.109,-2.115,-1.695,1.152
2022-03-30 00:00:00,2.871,-0.946,-0.463,1.057
2022-03-30 01:00:00,3.153,2.34,1.802,0.199
2022-03-30 02:00:00,3.095,1.89,1.63,-0.984
2022-03-30 03:00:00,2.565,0.205,1.845,-0.742
2022-03-30 04:00:00,2.386,0.143,1.208,1.15
2022-03-30 05:00:00,2.387,0.637,-0.139,-0.041
2022-03-30 06:00:00,3.049,2.687,0.871,-0.851
2022-03-30 07:00:00,3.295,2.953,0.897,-0.856
2022-03-30 08:00:00,3.477,2.938,0.981,-0.831
2022-03-30 09:00:00,2.996,0.476,1.092,0.17
2022-03-30 10:00:00,3.803,0.199,3.005,2.039
2022-03-30 11:00:00,3.693,-0.21,2.902,1.943
2022-03-30 12:00:00,4.428,-2.157,3.307,1.53
2022-03-30 13:00:00,4.747,-2.289,3.994,0.778
2022-03-30 14:00:00,4.99,-1.49,4.111,0.603
2022-03-30 15:00:00,5.168,-1.57,4.542,-1.527
2022-03-30 16:00:00,4.049,-1.973,1.848,-1.978
2022-03-30 17:00:00,4.089,-1.358,0.397,-3.313
2022-03-30 18:00:00,4.456,1.931,-2.856,-2.336
2022-03-30 19:00:00,4.211,2.997,-2.336,0.576
2022-03-30 20:00:00,5.188,1.828,-4.309,-1.134
2022-03-30 21:00:00,4.731,2.112,-4.015,-0.229
2022-03-30 22:00:00,4.454,-0.224,2.594,1.103
2022-03-30 23:00:00,4.975,0.64,3.636,2.778
2022-03-31 00:00:00,4.413,-0.148,0.14,-1.017
2022-03-31 01:00:00,5.642,-0.882,-1.426,-3.996
2022-03-31 02:00:00,11.274,-0.024,-2.299,-5.364
2022-03-31 03:00:00,16.114,-5.069,-10.24,6.489
2022-03-31 04:00:00,14.458,-3.057,-7.596,3.129
2022-03-31 05:00:00,12.235,5.455,-5.692,-2.491
2022-03-31 06:00:00,11.239,-5.646,7.466,4.288
2022-03-31 07:00:00,5.021,-2.868,1.981,0.162
2022-03-31 08:00:00,7.88,-0.512,6.073,-2.805
2022-03-31 09:00:00,8.866,-3.831,2.651,4.863
2022-03-31 10:00:00,11.254,-4.553,-8.998,2.612
2022-03-31 11:00:00,11.805,-6.282,2.276,5.365
2022-03-31 12:00:00,19.294,-10.232,-10.003,12.488
2022-03-31 13:00:00,18.229,-8.655,-9.898,11.217
2022-03-31 14:00:00,17.771,-8.973,-13.508,6.622
2022-03-31 15:00:00,18.638,-9.159,-12.932,9.401
2022-03-31 16:00:00,19.016,-9.645,-8.769,13.709
2022-03-31 17:00:00,19.443,-9.989,-4.505,15.979
2022-03-31 18:00:00,20.063,-11.636,-1.794,16.11
2022-03-31 19:00:00,21.223,-13.584,2.667,15.71
2022-03-31 20:00:00,22.164,-15.333,10.154,11.601
2022-03-31 21:00:00,22.142,-14.263,13.111,10.109
2022-03-31 22:00:00,22.767,-13.896,14.813,10.129
2022-03-31 23:00:00,22.77,-13.358,16.357,8.303
2022-04-01 00:00:00,22.606,-12.376,17.9,5.936
2022-04-01 01:00:00,22.018,-9.868,19.453,2.47
2022-04-01 02:00:00,21.24,-8.631,19.167,-1.899
2022-04-01 03:00:00,20.135,-5.508,18.909,-3.265
2022-04-01 04:00:00,19.57,-5.575,18.354,-2.087
2022-04-01 05:00:00,18.946,-0.145,16.926,-8.376
2022-04-01 06:00:00,17.974,0.74,15.628,-8.793
2022-04-01 07:00:00,17.629,-0.082,14.677,-9.513
2022-04-01 08:00:00,18.269,-3.013,14.072,-11.153
2022-04-01 09:00:00,17.221,-4.187,12.367,-11.157
2022-04-01 10:00:00,15.944,-3.663,12.935,-8.313
2022-04-01 11:00:00,13.751,-3.539,12.342,-4.104
2022-04-01 12:00:00,11.155,4.125,-9.706,2.196
2022-04-01 13:00:00,12.448,5.341,-10.555,3.647
2022-04-01 14:00:00,12.075,1.293,-11.383,1.189
2022-04-01 15:00:00,11.955,1.882,-10.923,1.845
2022-04-01 16:00:00,10.98,4.014,-9.622,2.905
2022-04-01 17:00:00,9.566,3.67,-8.4,2.39
2022-04-01 18:00:00,9.203,3.114,-8.171,2.41
2022-04-01 19:00:00,8.917,3.119,-8.019,2.109
2022-04-01 20:00:00,8.857,2.278,-8.321,0.844
2022-04-01 21:00:00,8.424,3.632,-7.059,2.165
2022-04-01 22:00:00,8.696,4.22,-7.136,1.753
2022-04-01 23:00:00,8.086,4.344,-6.087,0.581
2022-04-02 00:00:00,8.33,0.883,-5.337,-3.367
2022-04-02 01:00:00,9.421,1.843,3.551,-2.886
2022-04-02 02:00:00,8.988,0.572,4.637,-4.941
2022-04-02 03:00:00,6.932,3.096,-2.041,-3.509
2022-04-02 04:00:00,6.672,1.552,-4.401,-3.637
2022-04-02 05:00:00,6.203,1.663,-3.304,-4.073
2022-04-02 06:00:00,4.87,2.322,1.592,-1.267
2022-04-02 07:00:00,3.72,2.326,-1.802,-0.37
2022-04-02 08:00:00,3.308,1.886,-2.05,0.066
2022-04-02 09:00:00,4.059,0.809,-3.424,1.068
2022-04-02 10:00:00,4.753,0.305,-4.201,1.552
2022-04-02 11:00:00,5.018,1.345,-4.158,2.12
2022-04-02 12:00:00,5.436,0.654,-4.229,2.783
2022-04-02 13:00:00,4.903,1.222,-2.664,1.029
2022-04-02 14:00:00,5.114,-0.118,-4.102,2.054
2022-04-02 15:00:00,4.457,1.937,-1.89,-2.205
2022-04-02 16:00:00,4.495,3.045,-1.885,-1.61
2022-04-02 17:00:00,5.0,0.98,-3.426,-3.045
2022-04-02 18:00:00,4.718,1.747,-3.601,0.918
2022-04-02 19:00:00,5.161,0.65,-3.995,2.516
2022-04-02 20:00:00,4.796,1.096,-3.832,1.607
2022-04-02 21:00:00,4.377,2.999,-2.215,0.822
2022-04-02 22:00:00,4.482,1.972,-1.504,-3.302
2022-04-02 23:00:00,4.694,3.639,-2.292,-0.817
2022-04-03 00:00:00,4.811,3.239,-3.264,0.493
2022-04-03 01:00:00,4.995,4.742,-1.118,-0.201
2022-04-03 02:00:00,5.062,4.239,-2.074,0.999
2022-04-03 03:00:00,5.331,1.85,-4.75,1.302
2022-04-03 04:00:00,5.364,2.344,-4.577,0.603
2022-04-03 05:00:00,5.557,4.074,-3.214,1.589
2022-04-03 06:00:00,5.599,4.76,-2.047,1.743
2022-04-03 07:00:00,6.745,5.114,-2.97,2.988
2022-04-03 08:00:00,7.018,4.795,-3.844,2.974
2022-04-03 09:00:00,6.766,3.105,-5.089,2.76
2022-04-03 10:00:00,6.678,4.347,-3.566,2.802
2022-04-03 11:00:00,6.714,5.543,-3.288,0.259
2022-04-03 12:00:00,6.157,5.462,-2.357,0.209
2022-04-03 13:00:00,6.353,6.08,-0.865,-0.193
2022-04-03 14:00:00,6.842,-2.526,-4.555,1.506
2022-04-03 15:00:00,7.428,-4.089,-5.723,2.079
2022-04-03 16:00:00,7.269,-3.3,-6.299,0.924
2022-04-03 17:00:00,7.304,-3.781,-5.709,2.404
2022-04-03 18:00:00,7.318,-2.588,-5.879,2.708
2022-04-03 19:00:00,7.379,-3.153,-4.965,4.29
2022-04-03 20:00:00,7.077,-3.816,-4.725,3.327
2022-04-03 21:00:00,6.776,-1.924,-5.717,2.118
2022-04-03 22:00:00,6.794,0.08,-4.885,-0.038
2022-04-03 23:00:00,6.073,-0.102,-3.975,-1.18
2022-04-04 00:00:00,6.105,0.143,-5.214,1.203
2022-04-04 01:00:00,6.265,-1.38,-2.352,-3.81
2022-04-04 02:00:00,6.894,-3.905,-5.487,-0.023
2022-04-04 03:00:00,7.004,-4.991,-4.211,-1.399
2022-04-04 04:00:00,7.244,-5.787,-3.019,-2.763
2022-04-04 05:00:00,6.771,-4.766,-4.16,-2.243
2022-04-04 06:00:00,6.594,-4.159,-4.761,-1.69
2022-04-04 07:00:00,6.334,-4.165,-4.617,-0.508
2022-04-04 08:00:00,5.574,-2.574,-3.337,-0.908
2022-04-04 09:00:00,4.693,3.385,3.088,-0.234
2022-04-04 10:00:00,4.893,3.986,2.403,-1.273
2022-04-04 11:00:00,5.114,3.908,2.958,-1.1
2022-04-04 12:00:00,4.707,3.808,-1.99,-1.228
2022-04-04 13:00:00,4.938,4.247,-0.382,-1.941
2022-04-04 14:00:00,4.895,3.992,0.677,-2.212
2022-04-04 15:00:00,4.553,3.234,0.711,-1.526
2022-04-04 16:00:00,4.096,0.136,-3.466,-1.463
2022-04-04 17:00:00,4.176,2.135,-1.462,1.392
2022-04-04 18:00:00,4.759,3.785,1.944,1.663
2022-04-04 19:00:00,4.507,3.57,0.054,2.202
2022-04-04 20:00:00,4.759,4.239,0.93,1.567
2022-04-04 21:00:00,5.01,4.686,0.22,-0.771
2022-04-04 22:00:00,4.867,4.353,-1.056,0.506
2022-04-04 23:00:00,4.906,4.307,-1.88,0.849
2022-04-05 00:00:00,4.985,4.23,-1.739,-1.211
2022-04-05 01:00:00,5.04,4.662,-0.35,-1.528
2022-04-05 02:00:00,5.018,4.094,-2.193,0.008
2022-04-05 03:00:00,4.252,0.931,-3.497,-0.181
2022-04-05 04:00:00,3.902,-2.868,-2.141,-0.457
2022-04-05 05:00:00,4.074,0.48,-2.257,1.977
2022-04-05 06:00:00,6.551,-0.925,-4.862,-0.066
2022-04-05 07:00:00,6.194,4.431,-1.809,1.845
2022-04-05 08:00:00,6.23,-1.749,-3.681,0.904
2022-04-05 09:00:00,6.224,-1.101,-2.258,2.011
2022-04-05 10:00:00,5.724,-2.488,-1.255,3.639
2022-04-05 11:00:00,6.024,-5.384,-0.763,0.663
2022-04-05 12:00:00,4.855,-3.049,-2.41,0.793
2022-04-05 13:00:00,2.694,1.19,-0.902,0.421
2022-04-05 14:00:00,3.511,2.804,-1.162,-0.008
2022-04-05 15:00:00,3.434,1.005,-2.271,1.05
2022-04-05 16:00:00,3.591,-1.419,-1.984,-0.085
2022-04-05 17:00:00,3.582,-1.504,-2.437,-1.366
2022-04-05 18:00:00,3.78,-2.004,-2.283,0.251
2022-04-05 19:00:00,3.573,-1.876,-2.433,-0.034
2022-04-05 20:00:00,3.541,-1.923,-2.559,-0.411
2022-04-05 21:00:00,3.597,-1.717,-2.94,0.655
2022-04-05 22:00:00,4.074,-2.109,-3.034,0.852
2022-04-05 23:00:00,4.058,-2.286,-2.968,0.116
2022-04-06 00:00:00,3.83,-2.459,-2.707,-0.309
2022-04-06 01:00:00,3.912,-2.211,-2.97,-0.584
2022-04-06 02:00:00,3.864,0.084,-3.144,-1.095
2022-04-06 03:00:00,3.848,1.239,-3.372,-0.074
2022-04-06 04:00:00,3.764,0.847,-3.144,-1.458
2022-04-06 05:00:00,3.525,-1.264,-2.38,-1.851
2022-04-06 06:00:00,3.398,-0.197,-1.362,0.372
2022-04-06 07:00:00,3.036,0.244,-0.865,2.512
2022-04-06 08:00:00,3.226,-1.228,-2.677,0.67
2022-04-06 09:00:00,3.491,-1.227,-2.317,-0.309
2022-04-06 10:00:00,3.381,-0.731,-2.455,-0.255
2022-04-06 11:00:00,3.438,-1.437,-2.264,-1.012
2022-04-06 12:00:00,3.059,1.486,0.415,1.127
2022-04-06 13:00:00,3.566,0.352,0.831,2.888
2022-04-06 14:00:00,3.797,-1.697,-2.552,-1.575
2022-04-06 15:00:00,3.924,-1.44,-3.253,-1.033
2022-04-06 16:00:00,3.847,-2.294,-2.691,-0.86
2022-04-06 17:00:00,4.111,-2.511,-2.941,-0.928
2022-04-06 18:00:00,4.147,-1.75,-3.249,-0.748
2022-04-06 19:00:00,4.14,0.377,-2.835,2.41
2022-04-06 20:00:00,4.175,2.37,1.506,2.052
2022-04-06 21:00:00,4.195,2.132,2.785,2.038
2022-04-06 22:00:00,5.334,2.481,3.273,1.07
2022-04-06 23:00:00,5.595,-0.336,-2.54,1.145
2022-04-07 00:00:00,6.38,0.385,-2.021,2.841
2022-04-07 01:00:00,6.478,1.948,-2.212,1.403
2022-04-07 02:00:00,6.479,-1.757,-5.482,-1.776
2022-04-07 03:00:00,6.986,-0.513,-6.55,0.093
2022-04-07 04:00:00,5.498,-0.347,-3.949,-1.76
2022-04-07 05:00:00,6.594,0.413,-4.805,-0.795
2022-04-07 06:00:00,6.576,1.282,-5.718,-1.069
2022-04-07 07:00:00,6.884,1.998,-6.271,1.386
2022-04-07 08:00:00,6.689,1.894,-6.238,0.074
2022-04-07 09:00:00,6.162,0.587,-5.755,-1.562
2022-04-07 10:00:00,5.331,0.477,-4.824,-2.04
2022-04-07 11:00:00,5.41,1.719,-2.975,-3.927
2022-04-07 12:00:00,4.976,1.165,-2.094,-3.858
2022-04-07 13:00:00,6.214,-3.64,-4.665,-0.195
2022-04-07 14:00:00,6.557,-4.067,-5.103,0.054
2022-04-07 15:00:00,6.867,-4.242,-5.334,-0.274
2022-04-07 16:00:00,6.559,-3.908,-4.75,-1.504
2022-04-07 17:00:00,7.047,-4.784,-5.052,-0.676
2022-04-07 18:00:00,7.098,-5.03,-4.738,-1.323
2022-04-07 19:00:00,6.855,-4.373,-4.433,-2.756
2022-04-07 20:00:00,6.63,-3.341,-3.848,-4.148
2022-04-07 21:00:00,6.553,-2.681,-3.456,-4.787
2022-04-07 22:00:00,6.763,-1.685,-1.208,-6.241
2022-04-07 23:00:00,6.703,-2.488,-4.733,-3.648
2022-04-08 00:00:00,6.279,-2.132,-5.722,1.097
2022-04-08 01:00:00,5.986,-2.117,-5.282,1.763
2022-04-08 02:00:00,5.634,-2.265,-4.593,2.168
2022-04-08 03:00:00,6.145,-2.479,-4.245,3.504
2022-04-08 04:00:00,9.25,-2.034,-6.792,5.897
2022-04-08 05:00:00,9.228,-3.618,-5.693,6.063
2022-04-08 06:00:00,9.542,-3.73,-6.331,6.032
2022-04-08 07:00:00,9.365,-3.71,-6.036,6.064
2022-04-08 08:00:00,9.433,-3.108,-6.235,6.29
2022-04-08 09:00:00,9.176,-3.396,-6.055,5.951
2022-04-08 10:00:00,8.345,-3.4,-4.906,5.749
2022-04-08 11:00:00,7.955,-3.121,-4.637,5.463
2022-04-08 12:00:00,8.193,-2.353,-5.17,5.803
2022-04-08 13:00:00,8.231,-2.525,-4.884,6.056
2022-04-08 14:00:00,8.37,-2.283,-5.441,5.745
2022-04-08 15:00:00,8.327,-2.833,-5.239,5.556
2022-04-08 16:00:00,7.964,-3.133,-4.281,5.795
2022-04-08 17:00:00,6.915,-3.647,-2.099,4.781
2022-04-08 18:00:00,5.793,1.05,-4.421,2.359
2022-04-08 19:00:00,6.387,-0.669,-4.679,4.085
2022-04-08 20:00:00,5.992,-1.42,-3.991,4.102
2022-04-08 21:00:00,6.222,-1.345,-3.157,5.03
2022-04-08 22:00:00,8.732,2.61,-5.187,-2.371
2022-04-08 23:00:00,10.011,3.957,-8.295,2.81
2022-04-09 00:00:00,10.752,6.024,-8.832,-0.322
2022-04-09 01:00:00,10.974,5.792,-9.186,-0.268
2022-04-09 02:00:00,10.83,5.072,-9.404,0.035
2022-04-09 03:00:00,10.644,4.251,-9.098,-3.069
2022-04-09 04:00:00,8.596,3.834,-5.593,-5.122
2022-04-09 05:00:00,8.384,4.006,-4.281,-5.935
2022-04-09 06:00:00,7.902,2.145,-2.638,-6.802
2022-04-09 07:00:00,5.687,-0.427,2.463,-4.636
2022-04-09 08:00:00,5.153,1.229,0.418,-4.844
2022-04-09 09:00:00,4.037,3.479,-0.971,-1.059
2022-04-09 10:00:00,5.325,-0.835,3.441,-1.002
2022-04-09 11:00:00,5.984,-1.675,4.551,-2.368
2022-04-09 12:00:00,6.35,0.293,-0.914,-0.888
2022-04-09 13:00:00,10.126,-1.99,6.357,-5.547
2022-04-09 14:00:00,12.88,-2.468,7.637,-9.476
2022-04-09 15:00:00,13.494,-4.603,11.305,-4.044
2022-04-09 16:00:00,13.157,-4.491,11.505,-4.208
2022-04-09 17:00:00,12.512,-5.075,11.155,-1.321
2022-04-09 18:00:00,12.071,-4.838,10.324,3.768
2022-04-09 19:00:00,11.903,-4.783,10.536,1.322
2022-04-09 20:00:00,12.009,-5.729,9.337,4.007
2022-04-09 21:00:00,13.593,-2.873,11.051,6.691
2022-04-09 22:00:00,14.268,-2.767,12.014,6.342
2022-04-09 23:00:00,14.643,-3.556,2.989,12.05
2022-04-10 00:00:00,16.519,-1.654,12.605,7.329
2022-04-10 01:00:00,17.735,-1.203,16.725,4.223
2022-04-10 02:00:00,17.322,0.879,-9.543,-4.637
2022-04-10 03:00:00,16.478,0.75,-14.644,-6.17
2022-04-10 04:00:00,7.97,-0.856,-0.994,-6.139
2022-04-10 05:00:00,12.133,0.13,-9.012,-3.311
2022-04-10 06:00:00,11.455,-0.097,-10.85,0.075
2022-04-10 07:00:00,11.492,-1.575,-10.283,3.586
2022-04-10 08:00:00,9.348,-0.065,-6.781,-1.925
2022-04-10 09:00:00,8.801,-0.401,-7.622,3.348
2022-04-10 10:00:00,8.462,-0.591,-6.964,1.498
2022-04-10 11:00:00,8.428,0.845,-7.262,1.959
2022-04-10 12:00:00,7.385,5.54,-3.637,1.358
2022-04-10 13:00:00,5.548,4.317,-2.581,-0.805
2022-04-10 14:00:00,4.833,2.231,-4.025,-0.097
2022-04-10 15:00:00,5.284,3.177,-4.055,0.268
2022-04-10 16:00:00,5.319,3.304,-3.311,-0.604
2022-04-10 17:00:00,5.596,2.782,-4.457,1.322
2022-04-10 18:00:00,5.973,4.114,-3.904,0.149
2022-04-10 19:00:00,6.149,4.158,-4.273,0.459
2022-04-10 20:00:00,6.494,4.597,-4.043,1.941
2022-04-10 21:00:00,6.643,4.281,-4.867,1.043
2022-04-10 22:00:00,6.636,4.562,-4.175,1.489
2022-04-10 23:00:00,6.792,4.456,-0.469,0.447
2022-04-11 00:00:00,6.57,1.789,-1.644,1.383
2022-04-11 01:00:00,6.277,1.285,-2.074,1.19
2022-04-11 02:00:00,7.608,4.393,-1.207,4.027
2022-04-11 03:00:00,5.988,2.612,-3.065,1.066
2022-04-11 04:00:00,5.21,0.67,-2.678,0.981
2022-04-11 05:00:00,5.136,2.191,-3.972,0.264
2022-04-11 06:00:00,4.088,2.337,-1.81,0.25
2022-04-11 07:00:00,4.171,2.755,-2.322,-1.109
2022-04-11 08:00:00,3.926,1.782,-2.336,-1.135
2022-04-11 09:00:00,3.495,-0.369,-0.605,-2.773
2022-04-11 10:00:00,3.381,-0.157,1.06,0.327
2022-04-11 11:00:00,4.115,0.625,1.32,0.736
2022-04-11 12:00:00,3.43,2.272,-0.19,0.858
2022-04-11 13:00:00,3.374,0.955,0.838,2.604
2022-04-11 14:00:00,4.436,3.447,-1.576,1.588
2022-04-11 15:00:00,4.369,3.061,-2.519,-1.103
2022-04-11 16:00:00,4.701,3.339,-3.1,-0.859
2022-04-11 17:00:00,4.499,3.231,-2.233,-1.981
2022-04-11 18:00:00,3.393,2.019,-0.195,0.192
2022-04-11 19:00:00,3.699,1.068,1.023,2.842
2022-04-11 20:00:00,3.31,1.089,1.316,2.221
2022-04-11 21:00:00,2.981,1.4,-0.333,1.017
2022-04-11 22:00:00,3.089,2.394,-1.126,-0.635
2022-04-11 23:00:00,3.36,2.465,-1.095,-0.582
2022-04-12 00:00:00,3.443,2.543,-1.04,-0.566
2022-04-12 01:00:00,3.513,1.883,-1.08,1.929
2022-04-12 02:00:00,3.598,2.34,-1.442,1.511
2022-04-12 03:00:00,3.434,2.048,-1.986,1.388
2022-04-12 04:00:00,3.611,1.587,-0.982,2.489
2022-04-12 05:00:00,3.92,0.435,-3.286,1.493
2022-04-12 06:00:00,4.349,1.397,-0.744,3.929
2022-04-12 07:00:00,4.201,3.608,-0.023,1.904
2022-04-12 08:00:00,4.43,3.868,-0.369,1.768
2022-04-12 09:00:00,3.905,3.286,-1.103,-0.144
2022-04-12 10:00:00,4.548,2.826,-2.258,-2.132
2022-04-12 11:00:00,6.779,1.925,-4.069,-2.16
2022-04-12 12:00:00,5.545,1.929,-0.511,-2.697
2022-04-12 13:00:00,5.711,-2.443,1.754,-3.924
2022-04-12 14:00:00,5.525,-2.33,-0.529,-4.072
2022-04-12 15:00:00,5.943,-0.811,-1.495,-1.95
2022-04-12 16:00:00,5.559,-0.61,1.465,0.637
2022-04-12 17:00:00,6.676,-4.071,4.008,-2.976
2022-04-12 18:00:00,6.047,0.417,0.015,-2.489
2022-04-12 19:00:00,6.515,2.781,-5.017,2.405
2022-04-12 20:00:00,6.409,2.035,-5.823,1.012
2022-04-12 21:00:00,4.255,1.399,0.622,-0.66
2022-04-12 22:00:00,5.956,4.088,-3.116,0.17
2022-04-12 23:00:00,4.152,-0.249,-2.982,0.725
2022-04-13 00:00:00,5.92,2.99,-2.751,4.036
2022-04-13 01:00:00,6.732,-2.892,-0.343,-2.532
2022-04-13 02:00:00,9.26,-6.913,1.826,-5.742
2022-04-13 03:00:00,9.534,-7.343,1.443,-5.759
2022-04-13 04:00:00,9.892,-8.148,1.46,-5.177
2022-04-13 05:00:00,10.548,-9.526,0.621,-4.244
2022-04-13 06:00:00,10.945,-10.459,-1.773,-2.396
2022-04-13 07:00:00,11.024,-10.687,-1.985,-1.482
2022-04-13 08:00:00,11.078,-10.567,-3.024,-1.0
2022-04-13 09:00:00,11.107,-10.558,-3.206,0.082
2022-04-13 10:00:00,11.002,-10.767,-1.699,0.365
2022-04-13 11:00:00,10.764,-10.416,-1.359,1.573
2022-04-13 12:00:00,10.575,-10.02,-2.034,2.451
2022-04-13 13:00:00,10.595,-10.086,-0.893,2.985
2022-04-13 14:00:00,10.453,-9.823,-1.069,3.193
2022-04-13 15:00:00,10.195,-9.357,-1.83,3.408
2022-04-13 16:00:00,9.864,-8.464,0.233,4.738
2022-04-13 17:00:00,9.441,-8.074,0.123,4.481
2022-04-13 18:00:00,9.07,-6.936,3.254,4.601
2022-04-13 19:00:00,8.666,-5.886,3.672,4.916
2022-04-13 20:00:00,8.274,-5.943,2.834,4.128
2022-04-13 21:00:00,8.146,-4.515,5.372,3.491
2022-04-13 22:00:00,7.88,-2.67,6.748,2.787
2022-04-13 23:00:00,6.662,1.426,6.288,-0.433
2022-04-14 00:00:00,6.438,3.82,3.731,-2.649
2022-04-14 01:00:00,6.139,3.802,-0.709,-4.563
2022-04-14 02:00:00,5.956,2.699,-1.296,-4.845
2022-04-14 03:00:00,5.294,3.638,-0.675,-2.751
2022-04-14 04:00:00,7.222,3.771,-2.931,-5.233
2022-04-14 05:00:00,7.524,3.596,-4.634,-3.978
2022-04-14 06:00:00,7.113,3.605,-4.68,-2.185
2022-04-14 07:00:00,6.611,3.146,-4.651,-1.444
2022-04-14 08:00:00,9.016,4.192,-4.024,-6.04
2022-04-14 09:00:00,10.979,2.095,-2.48,-1.546
2022-04-14 10:00:00,10.717,-5.332,5.1,6.862
2022-04-14 11:00:00,10.588,-5.064,4.163,7.833
2022-04-14 12:00:00,10.644,-4.672,3.339,3.732
2022-04-14 13:00:00,12.078,3.887,4.016,-9.797
2022-04-14 14:00:00,13.864,6.326,4.699,-11.3
2022-04-14 15:00:00,15.071,8.383,8.757,-7.892
2022-04-14 16:00:00,17.024,10.624,6.382,-11.466
2022-04-14 17:00:00,18.127,13.529,4.28,-11.11
2022-04-14 18:00:00,18.833,16.323,0.202,-9.181
2022-04-14 19:00:00,19.541,18.162,-1.135,-6.944
2022-04-14 20:00:00,20.198,17.929,-7.5,-3.777
2022-04-14 21:00:00,20.854,17.459,-10.978,-1.721
2022-04-14 22:00:00,20.414,16.336,-11.885,1.63
2022-04-14 23:00:00,19.698,15.651,-11.657,-1.171
2022-04-15 00:00:00,19.09,13.783,-12.533,-3.524
2022-04-15 01:00:00,16.354,11.736,-6.197,9.161
2022-04-15 02:00:00,12.469,-5.972,5.515,8.53
2022-04-15 03:00:00,12.776,0.007,5.608,7.794
2022-04-15 04:00:00,12.318,2.528,6.65,7.694
2022-04-15 05:00:00,12.005,1.114,9.197,7.132
2022-04-15 06:00:00,9.557,-2.964,4.655,2.307
2022-04-15 07:00:00,8.976,-3.527,7.773,0.148
2022-04-15 08:00:00,9.685,-7.802,-2.415,1.105
2022-04-15 09:00:00,12.183,-7.611,-6.919,0.189
2022-04-15 10:00:00,8.773,-0.547,5.109,-2.758
2022-04-15 11:00:00,10.303,-6.011,6.138,4.745
2022-04-15 12:00:00,10.876,-4.067,7.243,4.639
2022-04-15 13:00:00,10.253,-2.156,5.31,-3.215
2022-04-15 14:00:00,8.911,-3.221,6.588,-4.249
2022-04-15 15:00:00,8.385,-1.556,6.535,-2.457
2022-04-15 16:00:00,7.5,1.211,4.503,-4.468
2022-04-15 17:00:00,6.979,-4.741,4.742,-0.671
2022-04-15 18:00:00,6.161,-4.439,3.797,-1.485
2022-04-15 19:00:00,5.619,-2.964,4.066,-1.25
2022-04-15 20:00:00,6.033,-4.515,2.061,1.793
2022-04-15 21:00:00,6.271,-4.621,2.461,2.067
2022-04-15 22:00:00,6.153,-4.354,2.383,1.751
2022-04-15 23:00:00,6.792,-3.518,2.199,3.574
2022-04-16 00:00:00,7.499,-1.755,4.353,3.593
2022-04-16 01:00:00,8.13,-1.553,6.699,2.301
2022-04-16 02:00:00,8.537,-4.361,2.919,4.406
2022-04-16 03:00:00,8.295,-4.068,4.024,3.32
2022-04-16 04:00:00,8.581,-3.079,6.812,2.593
2022-04-16 05:00:00,9.091,-4.578,5.634,3.149
2022-04-16 06:00:00,8.374,-2.689,4.514,4.111
2022-04-16 07:00:00,8.554,-0.225,0.589,7.184
2022-04-16 08:00:00,8.814,-0.414,1.91,6.803
2022-04-16 09:00:00,8.027,-2.557,6.86,1.322
2022-04-16 10:00:00,8.07,-3.105,6.661,0.144
2022-04-16 11:00:00,7.552,-3.208,4.973,-2.425
2022-04-16 12:00:00,7.979,-4.166,4.533,-3.733
2022-04-16 13:00:00,6.091,-5.34,1.39,-1.17
2022-04-16 14:00:00,5.646,-4.85,1.296,-1.221
2022-04-16 15:00:00,5.75,-4.331,2.421,-1.151
2022-04-16 16:00:00,5.949,-5.034,2.3,-0.51
2022-04-16 17:00:00,5.516,-3.175,0.196,2.629
2022-04-16 18:00:00,5.347,-2.097,0.507,2.672
2022-04-16 19:00:00,5.426,-1.967,3.01,1.278
2022-04-16 20:00:00,5.588,-2.399,1.109,2.842
2022-04-16 21:00:00,6.257,-3.31,4.072,-0.297
2022-04-16 22:00:00,6.269,-3.112,4.004,-1.29
2022-04-16 23:00:00,6.529,-2.236,4.129,-0.055
2022-04-17 00:00:00,6.807,-2.414,5.295,0.806
2022-04-17 01:00:00,6.604,-2.949,4.358,-0.893
2022-04-17 02:00:00,6.271,-3.27,4.092,-2.038
2022-04-17 03:00:00,6.158,-5.084,2.378,-1.514
2022-04-17 04:00:00,6.287,-4.707,3.505,-0.739
2022-04-17 05:00:00,6.204,-3.97,4.092,-1.751
2022-04-17 06:00:00,5.718,-3.245,3.288,-1.547
2022-04-17 07:00:00,6.189,-4.526,3.328,-0.62
2022-04-17 08:00:00,6.54,-3.221,4.993,-1.756
2022-04-17 09:00:00,6.642,-4.089,3.675,-0.452
2022-04-17 10:00:00,6.678,-3.929,3.922,0.551
2022-04-17 11:00:00,6.432,-3.983,3.223,0.194
2022-04-17 12:00:00,6.884,-5.353,2.634,0.927
2022-04-17 13:00:00,7.77,-5.743,-2.565,1.815
2022-04-17 14:00:00,8.873,-6.823,0.615,0.538
2022-04-17 15:00:00,8.362,-3.842,-5.044,1.441
2022-04-17 16:00:00,7.195,-4.957,-1.828,2.012
2022-04-17 17:00:00,7.805,-6.323,1.552,1.175
2022-04-17 18:00:00,7.865,-4.037,4.771,3.364
2022-04-17 19:00:00,8.677,-6.771,3.006,-2.15
2022-04-17 20:00:00,9.441,-1.027,7.447,2.599
2022-04-17 21:00:00,8.032,-2.395,5.098,2.871
2022-04-17 22:00:00,7.67,-3.46,5.746,1.727
2022-04-17 23:00:00,6.387,-4.995,2.919,1.423
2022-04-18 00:00:00,7.407,-5.496,4.335,1.286
2022-04-18 01:00:00,7.616,-5.426,4.684,0.82
2022-04-18 02:00:00,7.232,-0.498,2.491,4.359
2022-04-18 03:00:00,6.659,-3.023,4.603,0.675
2022-04-18 04:00:00,6.671,-3.604,4.529,-1.078
2022-04-18 05:00:00,6.465,-3.218,3.952,-1.557
2022-04-18 06:00:00,6.131,-4.833,2.34,0.852
2022-04-18 07:00:00,5.795,-4.815,2.141,-0.648
2022-04-18 08:00:00,5.821,-3.802,3.143,-0.635
2022-04-18 09:00:00,5.748,-3.363,2.968,-1.378
2022-04-18 10:00:00,5.869,-3.366,3.438,0.222
2022-04-18 11:00:00,5.842,-2.859,4.016,1.778
2022-04-18 12:00:00,5.589,-2.377,4.102,2.114
2022-04-18 13:00:00,5.291,-1.669,4.124,0.776
2022-04-18 14:00:00,5.13,-2.207,3.78,0.373
2022-04-18 15:00:00,4.846,-2.771,2.3,-1.574
2022-04-18 16:00:00,4.683,-3.232,1.96,-0.007
2022-04-18 17:00:00,4.954,-2.867,1.822,-2.727
2022-04-18 18:00:00,5.24,-0.792,3.45,-2.917
2022-04-18 19:00:00,5.061,-2.836,2.662,-0.455
2022-04-18 20:00:00,4.843,-1.717,3.579,-1.07
2022-04-18 21:00:00,3.958,-2.243,1.999,0.823
2022-04-18 22:00:00,4.292,-3.212,0.8,0.736
2022-04-18 23:00:00,4.265,-3.009,0.994,-0.328
2022-04-19 00:00:00,4.254,-1.426,2.403,-2.372
2022-04-19 01:00:00,3.988,-0.624,2.246,-1.239
2022-04-19 02:00:00,4.312,-2.365,-2.851,1.279
2022-04-19 03:00:00,4.195,-2.808,-2.453,-0.128
2022-04-19 04:00:00,4.535,-4.066,-1.381,-0.154
2022-04-19 05:00:00,4.447,-2.828,0.8,2.408
2022-04-19 06:00:00,4.214,-3.352,1.805,0.528
2022-04-19 07:00:00,4.052,-2.855,1.388,-0.201
2022-04-19 08:00:00,4.222,-1.696,3.035,0.973
2022-04-19 09:00:00,4.312,-1.707,2.203,-1.114
2022-04-19 10:00:00,4.292,-1.574,1.789,-2.336
2022-04-19 11:00:00,5.024,-2.596,3.708,1.305
2022-04-19 12:00:00,5.052,-2.588,2.846,2.681
2022-04-19 13:00:00,4.383,-0.441,3.532,1.19
2022-04-19 14:00:00,3.862,-1.392,2.384,0.259
2022-04-19 15:00:00,3.903,-3.02,0.283,0.7
2022-04-19 16:00:00,4.176,0.429,3.175,0.752
2022-04-19 17:00:00,4.363,1.0,3.952,-0.383
2022-04-19 18:00:00,4.643,0.369,4.263,-1.085
2022-04-19 19:00:00,4.501,-0.401,3.592,-2.33
2022-04-19 20:00:00,4.262,-0.306,3.389,-1.903
2022-04-19 21:00:00,3.961,-1.913,1.878,0.852
2022-04-19 22:00:00,3.861,-2.308,2.483,1.195
2022-04-19 23:00:00,3.824,0.192,0.93,-2.247
2022-04-20 00:00:00,3.876,1.046,0.59,-3.393
2022-04-20 01:00:00,3.887,0.065,1.755,-2.469
2022-04-20 02:00:00,3.233,-0.626,2.129,-0.687
2022-04-20 03:00:00,3.682,-1.827,-0.112,-2.503
2022-04-20 04:00:00,3.818,-3.302,-1.17,-1.018
2022-04-20 05:00:00,3.839,-3.18,-1.198,-1.371
2022-04-20 06:00:00,3.768,-2.773,-0.638,0.191
2022-04-20 07:00:00,3.75,-2.651,-0.027,2.325
2022-04-20 08:00:00,3.703,-2.213,-0.462,1.254
2022-04-20 09:00:00,3.827,-3.3,0.851,0.338
2022-04-20 10:00:00,4.036,-2.321,2.707,-0.243
2022-04-20 11:00:00,4.326,-1.347,2.055,3.389
2022-04-20 12:00:00,4.345,-1.27,2.371,2.524
2022-04-20 13:00:00,4.711,0.049,2.774,3.273
2022-04-20 14:00:00,4.719,-1.51,1.72,3.706
2022-04-20 15:00:00,5.8,-1.38,-1.652,4.838
2022-04-20 16:00:00,7.398,-1.802,-1.425,5.963
2022-04-20 17:00:00,7.106,-2.105,-2.121,5.952
2022-04-20 18:00:00,6.086,-3.354,-0.091,3.201
2022-04-20 19:00:00,4.685,-3.187,-0.482,-0.465
2022-04-20 20:00:00,5.7,-3.483,-3.599,-1.133
2022-04-20 21:00:00,5.976,-2.427,-4.256,0.029
2022-04-20 22:00:00,5.927,-2.683,-1.843,-0.165
2022-04-20 23:00:00,5.651,-1.236,3.54,-3.374
2022-04-21 00:00:00,5.473,-0.69,3.888,-1.063
2022-04-21 01:00:00,6.449,0.912,-0.329,-2.239
2022-04-21 02:00:00,6.149,-0.838,-4.553,-0.828
2022-04-21 03:00:00,5.475,-2.548,0.188,-2.892
2022-04-21 04:00:00,6.81,-3.126,-4.008,-3.15
2022-04-21 05:00:00,7.568,-3.077,-1.227,-3.92
2022-04-21 06:00:00,7.749,-3.988,-5.546,-2.968
2022-04-21 07:00:00,6.963,-5.385,-0.468,0.758
2022-04-21 08:00:00,7.579,-3.315,6.179,0.292
2022-04-21 09:00:00,7.584,-2.049,6.127,0.729
2022-04-21 10:00:00,8.499,-2.462,6.521,3.979
2022-04-21 11:00:00,9.266,-3.824,6.437,-4.188
2022-04-21 12:00:00,10.344,-5.956,6.997,-2.768
2022-04-21 13:00:00,9.477,-5.839,6.391,-0.234
2022-04-21 14:00:00,8.421,-5.043,5.894,0.546
2022-04-21 15:00:00,7.91,-1.792,6.397,1.063
2022-04-21 16:00:00,6.737,-4.251,4.388,-0.273
2022-04-21 17:00:00,6.245,-3.981,3.614,-1.43
2022-04-21 18:00:00,6.356,-4.195,3.382,0.826
2022-04-21 19:00:00,6.596,-2.703,1.379,4.129
2022-04-21 20:00:00,6.255,-3.249,2.807,2.284
2022-04-21 21:00:00,5.886,-3.564,3.348,0.606
2022-04-21 22:00:00,5.363,-2.631,1.675,-1.91
2022-04-21 23:00:00,5.704,-2.944,3.13,3.048
2022-04-22 00:00:00,5.773,-1.014,3.152,3.926
2022-04-22 01:00:00,5.735,-1.857,3.81,0.246
2022-04-22 02:00:00,5.647,-1.155,3.654,-0.715
2022-04-22 03:00:00,5.686,-3.497,2.602,1.95
2022-04-22 04:00:00,5.818,-0.903,2.836,3.247
2022-04-22 05:00:00,5.579,-1.343,2.478,2.547
2022-04-22 06:00:00,5.361,-1.171,3.271,1.363
2022-04-22 07:00:00,5.263,-3.28,2.645,1.888
2022-04-22 08:00:00,4.907,-2.799,2.835,0.962
2022-04-22 09:00:00,5.373,-0.726,4.345,-1.436
2022-04-22 10:00:00,5.093,-3.395,2.125,0.894
2022-04-22 11:00:00,5.033,-3.221,0.539,2.097
2022-04-22 12:00:00,5.041,-2.758,2.387,1.322
2022-04-22 13:00:00,4.764,-3.589,1.591,0.242
2022-04-22 14:00:00,5.074,-2.611,3.385,1.024
2022-04-22 15:00:00,4.741,-1.648,1.71,-3.441
2022-04-22 16:00:00,5.163,-2.884,1.982,-2.981
2022-04-22 17:00:00,5.074,-3.064,1.756,1.145
2022-04-22 18:00:00,5.128,-3.008,-1.227,3.261
2022-04-22 19:00:00,4.818,-3.874,1.317,0.801
2022-04-22 20:00:00,5.272,-2.41,0.754,1.787
2022-04-22 21:00:00,5.347,-2.182,0.979,3.174
2022-04-22 22:00:00,5.628,-4.479,0.895,0.388
2022-04-22 23:00:00,5.875,-1.993,4.707,-1.093
2022-04-23 00:00:00,5.571,-2.678,3.167,-1.011
2022-04-23 01:00:00,5.083,-3.464,-0.413,-2.786
2022-04-23 02:00:00,5.264,-2.221,2.865,1.7
2022-04-23 03:00:00,5.428,-4.436,0.928,0.468
2022-04-23 04:00:00,5.753,-3.071,3.562,0.751
2022-04-23 05:00:00,5.526,-3.351,2.879,2.309
2022-04-23 06:00:00,5.601,-3.365,-1.086,1.975
2022-04-23 07:00:00,5.34,-3.42,0.418,0.529
2022-04-23 08:00:00,5.993,-0.946,4.133,-3.195
2022-04-23 09:00:00,5.961,-1.417,0.49,-4.812
2022-04-23 10:00:00,5.724,-2.453,1.886,-3.997
2022-04-23 11:00:00,5.527,-2.553,-0.911,-3.367
2022-04-23 12:00:00,4.895,-2.486,-0.356,-2.55
2022-04-23 13:00:00,5.018,-2.961,3.071,-1.345
2022-04-23 14:00:00,5.145,-3.327,1.373,1.243
2022-04-23 15:00:00,5.202,-3.735,2.394,0.901
2022-04-23 16:00:00,4.942,-2.599,1.433,2.723
2022-04-23 17:00:00,4.853,-2.622,1.593,-0.796
2022-04-23 18:00:00,5.403,-3.219,2.739,-2.375
2022-04-23 19:00:00,5.379,-2.569,2.157,-1.896
2022-04-23 20:00:00,5.295,-3.631,-1.002,-3.02
2022-04-23 21:00:00,4.75,-2.14,-2.44,-1.457
2022-04-23 22:00:00,5.313,-3.363,2.211,-0.507
2022-04-23 23:00:00,5.12,-3.627,2.344,0.342
2022-04-24 00:00:00,5.129,-4.265,1.45,-0.209
2022-04-24 01:00:00,4.681,-2.894,1.011,0.525
2022-04-24 02:00:00,4.865,-4.099,1.092,0.711
2022-04-24 03:00:00,4.782,-4.343,0.457,-0.994
2022-04-24 04:00:00,5.289,-4.931,0.967,-0.761
2022-04-24 05:00:00,5.099,-4.421,0.946,-0.262
2022-04-24 06:00:00,5.135,-4.377,1.99,-0.268
2022-04-24 07:00:00,5.144,-4.067,2.762,-0.267
2022-04-24 08:00:00,5.102,-4.702,1.432,0.179
2022-04-24 09:00:00,5.144,-2.505,4.113,0.907
2022-04-24 10:00:00,4.878,-4.079,1.961,0.127
2022-04-24 11:00:00,4.938,-4.302,1.776,0.992
2022-04-24 12:00:00,4.936,-3.267,1.656,2.006
2022-04-24 13:00:00,4.671,-3.189,0.739,1.802
2022-04-24 14:00:00,5.12,-2.27,2.609,2.791
2022-04-24 15:00:00,5.16,-3.046,3.193,1.956
2022-04-24 16:00:00,5.063,-2.884,3.095,-0.991
2022-04-24 17:00:00,4.773,-2.051,3.278,0.645
2022-04-24 18:00:00,4.711,-1.113,3.663,-0.019
2022-04-24 19:00:00,5.207,0.221,3.621,3.101
2022-04-24 20:00:00,5.523,0.035,4.066,3.003
2022-04-24 21:00:00,5.674,1.009,4.686,2.261
2022-04-24 22:00:00,5.188,0.962,4.498,1.496
2022-04-24 23:00:00,5.127,-1.665,3.473,2.378
2022-04-25 00:00:00,5.199,-0.461,4.182,2.279
2022-04-25 01:00:00,5.136,-0.564,3.445,3.131
2022-04-25 02:00:00,4.908,-0.117,3.446,2.149
2022-04-25 03:00:00,4.432,0.243,3.748,0.222
2022-04-25 04:00:00,5.272,0.13,3.877,1.979
2022-04-25 05:00:00,4.842,0.146,3.088,2.946
2022-04-25 06:00:00,5.136,1.544,3.222,3.38
2022-04-25 07:00:00,4.986,-0.609,1.392,-0.079
2022-04-25 08:00:00,4.379,-1.486,0.832,-3.743
2022-04-25 09:00:00,4.262,0.384,2.737,-2.039
2022-04-25 10:00:00,4.18,0.143,3.208,-1.67
2022-04-25 11:00:00,4.284,0.076,3.695,-1.734
2022-04-25 12:00:00,3.95,-0.256,1.497,1.62
2022-04-25 13:00:00,3.923,-0.14,0.056,2.997
2022-04-25 14:00:00,3.729,-0.338,1.349,0.802
2022-04-25 15:00:00,3.585,0.061,0.719,0.614
2022-04-25 16:00:00,3.704,-1.236,1.805,-2.756
2022-04-25 17:00:00,3.498,-1.509,1.734,0.773
2022-04-25 18:00:00,3.848,-3.463,0.648,-0.891
2022-04-25 19:00:00,3.709,-3.114,0.974,-0.376
2022-04-25 20:00:00,3.724,-2.294,1.703,0.873
2022-04-25 21:00:00,3.786,-1.085,2.529,0.207
2022-04-25 22:00:00,3.593,-2.018,-0.035,1.963
2022-04-25 23:00:00,3.879,-2.41,1.879,1.238
2022-04-26 00:00:00,3.916,-2.34,2.178,1.963
2022-04-26 01:00:00,4.132,-1.492,2.874,2.255
2022-04-26 02:00:00,4.075,-1.436,2.918,1.499
2022-04-26 03:00:00,3.888,-2.361,2.58,1.166
2022-04-26 04:00:00,4.011,-3.663,0.794,1.078
2022-04-26 05:00:00,4.057,-2.142,2.379,-1.408
2022-04-26 06:00:00,4.146,-0.499,3.56,-0.465
2022-04-26 07:00:00,4.497,-1.293,1.792,2.335
2022-04-26 08:00:00,4.751,-1.873,3.132,1.747
2022-04-26 09:00:00,5.423,-2.233,4.085,1.641
2022-04-26 10:00:00,5.348,-2.26,3.86,1.108
2022-04-26 11:00:00,4.988,-1.755,3.711,-2.253
2022-04-26 12:00:00,4.978,-0.899,1.533,1.37
2022-04-26 13:00:00,4.621,-1.48,1.688,3.697
2022-04-26 14:00:00,4.118,-2.249,1.44,2.265
2022-04-26 15:00:00,2.629,-1.914,-0.278,0.547
2022-04-26 16:00:00,3.568,-0.666,-0.219,2.946
2022-04-26 17:00:00,4.241,2.257,2.211,1.762
2022-04-26 18:00:00,3.9,2.048,1.383,1.272
2022-04-26 19:00:00,4.067,-0.034,-1.606,2.618
2022-04-26 20:00:00,4.784,-2.964,2.411,1.364
2022-04-26 21:00:00,4.834,-3.11,1.245,2.681
2022-04-26 22:00:00,5.033,-1.878,-1.36,4.124
2022-04-26 23:00:00,4.465,-2.603,0.673,1.873
2022-04-27 00:00:00,4.099,-2.302,-0.335,0.647
2022-04-27 01:00:00,4.379,-2.558,-2.424,-0.487
2022-04-27 02:00:00,4.847,-2.734,-2.659,1.81
2022-04-27 03:00:00,4.157,-0.29,2.019,0.588
2022-04-27 04:00:00,5.597,-2.321,2.21,-1.018
2022-04-27 05:00:00,6.974,-2.75,5.428,1.076
2022-04-27 06:00:00,7.205,-1.454,5.231,0.857
2022-04-27 07:00:00,7.91,-2.145,6.448,2.801
2022-04-27 08:00:00,8.006,-0.734,2.925,5.493
2022-04-27 09:00:00,9.203,-1.861,4.949,6.636
2022-04-27 10:00:00,10.284,-3.33,6.774,6.43
2022-04-27 11:00:00,10.856,-6.308,7.538,2.214
2022-04-27 12:00:00,10.638,-0.909,1.12,-9.803
2022-04-27 13:00:00,7.255,1.106,-2.517,-4.384
2022-04-27 14:00:00,7.42,1.873,-2.924,-5.618
2022-04-27 15:00:00,7.913,1.043,-4.954,-5.823
2022-04-27 16:00:00,5.07,-0.229,0.889,-3.673
2022-04-27 17:00:00,5.5,-0.462,1.026,-4.784
2022-04-27 18:00:00,5.22,-1.515,2.935,-3.131
2022-04-27 19:00:00,5.1,-3.215,2.725,-2.06
2022-04-27 20:00:00,3.702,-2.775,1.649,1.282
2022-04-27 21:00:00,4.17,-1.431,-1.197,3.143
2022-04-27 22:00:00,7.06,0.733,-4.428,0.359
2022-04-27 23:00:00,5.573,2.777,-3.055,-3.197
2022-04-28 00:00:00,6.419,2.383,-4.871,-1.684
2022-04-28 01:00:00,5.718,3.472,-2.414,-1.254
2022-04-28 02:00:00,7.743,6.202,3.863,-1.725
2022-04-28 03:00:00,5.956,4.087,2.304,-2.219
2022-04-28 04:00:00,5.217,4.444,-0.969,-2.136
2022-04-28 05:00:00,4.162,3.36,-2.219,-0.251
2022-04-28 06:00:00,9.092,4.298,-6.247,-4.144
2022-04-28 07:00:00,9.665,0.435,-9.302,0.733
2022-04-28 08:00:00,9.201,0.878,-8.9,1.412
2022-04-28 09:00:00,8.483,3.204,-7.337,-0.26
2022-04-28 10:00:00,8.045,3.163,-6.541,-0.756
2022-04-28 11:00:00,8.208,3.428,-6.567,1.965
2022-04-28 12:00:00,8.313,4.468,-6.626,0.703
2022-04-28 13:00:00,8.3,5.098,-5.743,1.562
2022-04-28 14:00:00,7.542,3.711,-5.36,0.533
2022-04-28 15:00:00,6.79,1.597,-4.464,0.071
2022-04-28 16:00:00,7.308,2.797,-4.288,-0.941
2022-04-28 17:00:00,7.252,3.003,-5.74,-0.09
2022-04-28 18:00:00,6.391,2.251,-2.863,-1.963
2022-04-28 19:00:00,5.822,0.079,2.481,-4.045
2022-04-28 20:00:00,5.807,3.052,1.81,-2.18
2022-04-28 21:00:00,6.241,4.262,-0.301,-2.916
2022-04-28 22:00:00,5.942,4.287,2.86,0.341
2022-04-28 23:00:00,6.086,1.934,-4.111,0.165
2022-04-29 00:00:00,6.527,2.85,-4.967,0.303
2022-04-29 01:00:00,6.633,2.461,-5.107,-2.255
2022-04-29 02:00:00,6.413,2.624,-4.333,-1.519
2022-04-29 03:00:00,6.012,3.643,-2.839,-1.366
2022-04-29 04:00:00,6.189,1.774,-4.945,0.31
2022-04-29 05:00:00,6.027,4.444,-2.346,-0.004
2022-04-29 06:00:00,6.131,5.166,-2.406,-0.738
2022-04-29 07:00:00,6.078,4.971,-1.158,-0.768
2022-04-29 08:00:00,6.288,3.99,-3.39,-1.129
2022-04-29 09:00:00,6.011,4.136,-2.579,-0.723
2022-04-29 10:00:00,6.16,2.121,-4.877,-1.973
2022-04-29 11:00:00,6.79,0.668,-6.436,-0.7
2022-04-29 12:00:00,7.165,3.059,-6.276,-0.697
2022-04-29 13:00:00,6.94,5.373,-2.85,-1.544
2022-04-29 14:00:00,6.861,6.42,-1.546,-1.298
2022-04-29 15:00:00,6.896,6.207,1.631,0.124
2022-04-29 16:00:00,6.57,5.803,1.57,-0.693
2022-04-29 17:00:00,6.284,5.516,-1.89,-1.448
2022-04-29 18:00:00,6.332,6.008,0.72,-0.552
2022-04-29 19:00:00,6.108,5.529,0.166,-0.575
2022-04-29 20:00:00,6.055,2.509,-5.082,0.5
2022-04-29 21:00:00,6.453,2.225,1.711,0.83
2022-04-29 22:00:00,6.128,4.541,2.647,1.006
2022-04-29 23:00:00,8.58,5.415,-5.598,-2.104
2022-04-30 00:00:00,10.436,4.173,-6.522,-2.565
2022-04-30 01:00:00,10.033,4.631,-6.658,-3.326
2022-04-30 02:00:00,8.636,5.023,-3.764,-3.375
2022-04-30 03:00:00,8.216,5.151,-4.992,0.848
2022-04-30 04:00:00,7.64,1.695,-5.846,-2.652
2022-04-30 05:00:00,6.924,4.8,-2.588,-0.821
2022-04-30 06:00:00,6.399,5.141,-2.167,-0.701
2022-04-30 07:00:00,6.11,4.669,-2.006,-0.936
2022-04-30 08:00:00,6.019,4.105,-2.577,-2.53
2022-04-30 09:00:00,5.805,5.085,0.383,-1.39
2022-04-30 10:00:00,5.947,4.712,-2.215,1.074
2022-04-30 11:00:00,6.161,4.535,-3.401,1.77
2022-04-30 12:00:00,6.305,3.402,-0.027,2.637
2022-04-30 13:00:00,5.664,2.224,2.515,-1.015
2022-04-30 14:00:00,5.925,2.7,-3.954,-2.157
2022-04-30 15:00:00,6.046,0.387,-3.742,-0.385
2022-04-30 16:00:00,6.01,2.998,0.061,3.799
2022-04-30 17:00:00,6.041,3.846,-2.977,2.982
2022-04-30 18:00:00,6.1,4.498,-3.007,1.9
2022-04-30 19:00:00,6.255,3.955,-3.235,2.998
2022-04-30 20:00:00,5.706,2.348,-4.363,1.23
2022-04-30 21:00:00,5.678,2.515,-4.603,0.755
2022-04-30 22:00:00,6.243,3.972,-4.483,0.295
2022-04-30 23:00:00,6.531,3.508,-5.36,-0.106
2022-05-01 00:00:00,6.224,1.996,-5.765,0.31
2022-05-01 01:00:00,5.744,2.856,-4.797,0.38
2022-05-01 02:00:00,5.645,4.26,-3.202,-0.256
2022-05-01 03:00:00,5.347,4.91,-1.715,-0.211
2022-05-01 04:00:00,5.217,4.098,-2.571,-0.944
2022-05-01 05:00:00,4.921,2.87,-1.17,-2.42
2022-05-01 06:00:00,4.709,2.38,-1.699,-0.441
2022-05-01 07:00:00,4.541,2.926,-0.201,-1.377
2022-05-01 08:00:00,4.565,3.776,-1.696,-0.056
2022-05-01 09:00:00,4.729,3.421,-2.582,-0.681
2022-05-01 10:00:00,5.077,2.54,-4.024,0.202
2022-05-01 11:00:00,4.866,3.377,-1.804,1.256
2022-05-01 12:00:00,5.058,2.962,-1.933,1.952
2022-05-01 13:00:00,4.988,2.748,-2.38,1.796
2022-05-01 14:00:00,4.96,3.686,1.605,0.002
2022-05-01 15:00:00,4.991,4.442,-1.31,0.234
2022-05-01 16:00:00,5.384,3.395,-3.607,-0.45
2022-05-01 17:00:00,5.284,3.316,-3.186,0.96
2022-05-01 18:00:00,5.179,3.627,-2.02,1.928
2022-05-01 19:00:00,4.836,3.488,0.28,2.48
2022-05-01 20:00:00,6.069,2.341,-0.117,3.158
2022-05-01 21:00:00,5.526,2.748,3.001,0.964
2022-05-01 22:00:00,5.997,5.378,0.093,-1.368
2022-05-01 23:00:00,6.221,4.731,-3.674,-0.643
2022-05-02 00:00:00,5.703,4.272,-2.11,0.842
2022-05-02 01:00:00,5.685,4.955,1.953,1.551
2022-05-02 02:00:00,5.921,5.529,1.131,0.488
2022-05-02 03:00:00,5.421,4.533,1.883,-1.213
2022-05-02 04:00:00,4.687,3.446,2.886,-0.855
2022-05-02 05:00:00,4.872,3.301,3.18,0.069
2022-05-02 06:00:00,4.735,2.952,3.342,-0.734
2022-05-02 07:00:00,4.79,3.757,2.765,0.489
2022-05-02 08:00:00,4.395,3.206,1.668,1.484
2022-05-02 09:00:00,4.156,2.228,2.143,2.154
2022-05-02 10:00:00,4.239,3.545,0.898,1.652
2022-05-02 11:00:00,4.43,3.738,-0.613,2.042
2022-05-02 12:00:00,4.292,3.926,0.885,0.804
2022-05-02 13:00:00,3.852,3.023,1.488,1.304
2022-05-02 14:00:00,3.947,1.407,-2.015,0.431
2022-05-02 15:00:00,3.886,0.848,-3.577,0.316
2022-05-02 16:00:00,3.722,0.391,-3.171,-0.166
2022-05-02 17:00:00,3.803,2.702,-1.815,0.742
2022-05-02 18:00:00,3.459,-0.046,-1.556,1.19
2022-05-02 19:00:00,3.649,1.036,-2.855,0.719
2022-05-02 20:00:00,3.399,1.383,-1.623,0.67
2022-05-02 21:00:00,3.968,3.693,0.35,0.529
2022-05-02 22:00:00,3.891,3.531,-1.204,-0.117
2022-05-02 23:00:00,3.771,2.783,-2.247,-0.202
2022-05-03 00:00:00,4.265,3.699,-1.852,-0.196
2022-05-03 01:00:00,4.373,3.766,-1.55,-1.343
2022-05-03 02:00:00,3.658,2.611,-1.465,-1.218
2022-05-03 03:00:00,3.286,2.125,-1.283,-0.476
2022-05-03 04:00:00,3.398,0.804,-2.134,-0.148
2022-05-03 05:00:00,3.586,-0.406,-3.118,-0.462
2022-05-03 06:00:00,3.597,2.739,-1.217,0.667
2022-05-03 07:00:00,3.513,2.33,-0.799,0.971
2022-05-03 08:00:00,3.864,1.482,-3.353,-0.154
2022-05-03 09:00:00,3.858,0.654,-3.275,-1.606
2022-05-03 10:00:00,3.702,-0.291,-3.262,-1.328
2022-05-03 11:00:00,3.788,-0.407,-3.251,-1.396
2022-05-03 12:00:00,3.94,-0.429,-3.683,-0.665
2022-05-03 13:00:00,3.801,1.455,-2.62,-1.297
2022-05-03 14:00:00,3.828,0.072,-3.042,-0.926
2022-05-03 15:00:00,3.546,1.074,-2.421,-1.067
2022-05-03 16:00:00,3.737,1.024,-2.615,-0.307
2022-05-03 17:00:00,4.496,2.486,-3.518,-0.648
2022-05-03 18:00:00,4.559,3.439,-2.407,-1.206
2022-05-03 19:00:00,4.155,1.568,-3.009,-1.116
2022-05-03 20:00:00,4.171,0.46,-3.881,-0.937
2022-05-03 21:00:00,4.171,0.041,-3.598,-1.661
2022-05-03 22:00:00,4.066,0.8,-2.706,-1.693
2022-05-03 23:00:00,4.242,2.981,-1.981,-1.279
2022-05-04 00:00:00,4.238,-0.644,-3.599,-1.324
2022-05-04 01:00:00,4.169,0.999,-3.557,-0.97
2022-05-04 02:00:00,4.264,0.971,-2.56,-1.857
2022-05-04 03:00:00,4.173,2.029,-1.546,-3.016
2022-05-04 04:00:00,4.349,3.859,-0.177,-1.159
2022-05-04 05:00:00,4.309,3.165,-1.425,1.551
2022-05-04 06:00:00,4.181,1.917,-1.306,-3.075
2022-05-04 07:00:00,4.573,2.054,-1.737,-3.214
2022-05-04 08:00:00,4.58,2.257,-2.122,-2.96
2022-05-04 09:00:00,4.564,3.049,-1.795,-1.861
2022-05-04 10:00:00,4.346,1.5,-2.748,-2.019
2022-05-04 11:00:00,4.312,2.754,-1.794,-0.192
2022-05-04 12:00:00,4.43,4.134,0.458,0.416
2022-05-04 13:00:00,4.558,4.297,0.84,0.943
2022-05-04 14:00:00,4.324,4.07,0.31,1.177
2022-05-04 15:00:00,4.349,4.05,0.726,0.635
2022-05-04 16:00:00,3.942,2.522,-1.415,-1.736
2022-05-04 17:00:00,4.125,2.705,-0.764,-2.731
2022-05-04 18:00:00,4.139,2.647,-1.734,0.014
2022-05-04 19:00:00,4.5,3.826,-0.499,1.009
2022-05-04 20:00:00,4.109,2.556,-1.972,-1.086
2022-05-04 21:00:00,3.872,1.225,-2.2,-1.549
2022-05-04 22:00:00,4.013,0.032,-3.012,0.763
2022-05-04 23:00:00,4.553,3.629,1.032,1.801
2022-05-05 00:00:00,4.736,3.972,-0.663,0.759
2022-05-05 01:00:00,4.801,2.44,-3.334,-0.374
2022-05-05 02:00:00,4.713,3.057,-2.467,-1.668
2022-05-05 03:00:00,4.83,3.466,-1.941,-2.021
2022-05-05 04:00:00,4.772,3.772,-1.708,-1.557
2022-05-05 05:00:00,4.756,1.204,-4.2,-1.295
2022-05-05 06:00:00,4.722,3.149,-2.726,0.668
2022-05-05 07:00:00,4.77,3.918,-0.128,-0.456
2022-05-05 08:00:00,4.762,3.067,3.079,-1.049
2022-05-05 09:00:00,4.874,4.321,2.056,-0.389
2022-05-05 10:00:00,4.73,4.106,1.236,1.599
2022-05-05 11:00:00,4.723,4.621,0.129,0.313
2022-05-05 12:00:00,4.711,4.405,0.259,-0.318
2022-05-05 13:00:00,5.037,4.877,-0.396,0.361
2022-05-05 14:00:00,5.255,4.509,-1.99,1.081
2022-05-05 15:00:00,5.653,3.928,-3.426,-0.472
2022-05-05 16:00:00,5.936,0.084,-3.31,0.154
2022-05-05 17:00:00,5.278,4.046,0.033,2.012
2022-05-05 18:00:00,5.245,3.481,-3.034,0.933
2022-05-05 19:00:00,5.305,2.504,-3.443,0.622
2022-05-05 20:00:00,5.143,4.078,-2.384,1.242
2022-05-05 21:00:00,5.319,4.421,-1.094,2.549
2022-05-05 22:00:00,5.21,4.344,-0.44,2.618
2022-05-05 23:00:00,5.215,3.761,-1.016,2.771
2022-05-06 00:00:00,5.142,4.328,-1.612,1.65
2022-05-06 01:00:00,4.894,4.695,-0.423,0.957
2022-05-06 02:00:00,4.844,4.176,-0.941,-1.34
2022-05-06 03:00:00,4.957,4.129,-1.363,-1.761
2022-05-06 04:00:00,5.109,3.408,-3.271,-0.485
2022-05-06 05:00:00,5.119,3.074,-2.669,-2.59
2022-05-06 06:00:00,4.976,3.561,-0.91,-2.873
2022-05-06 07:00:00,4.884,4.002,0.071,-2.256
2022-05-06 08:00:00,4.86,2.712,-3.289,-0.041
2022-05-06 09:00:00,4.789,2.416,-3.561,-1.1
2022-05-06 10:00:00,4.937,3.62,-1.999,-2.298
2022-05-06 11:00:00,5.044,4.728,-1.268,0.025
2022-05-06 12:00:00,5.038,4.764,-0.707,1.136
2022-05-06 13:00:00,4.902,4.497,-0.756,1.558
2022-05-06 14:00:00,4.509,1.986,-1.945,-1.672
2022-05-06 15:00:00,4.164,0.623,-2.08,-2.085
2022-05-06 16:00:00,4.644,3.304,-2.671,-1.332
2022-05-06 17:00:00,4.58,2.772,-2.818,-1.31
2022-05-06 18:00:00,4.625,2.401,-3.14,-2.197
2022-05-06 19:00:00,4.524,2.986,-3.082,-1.113
2022-05-06 20:00:00,4.642,3.524,-2.827,-0.526
2022-05-06 21:00:00,4.733,3.576,-2.332,-1.568
2022-05-06 22:00:00,4.696,3.251,-2.416,-1.206
2022-05-06 23:00:00,4.684,2.888,-3.339,-1.189
2022-05-07 00:00:00,4.758,3.031,-3.302,-1.136
2022-05-07 01:00:00,4.956,3.445,-3.156,-1.312
2022-05-07 02:00:00,5.117,3.231,-3.659,-1.314
2022-05-07 03:00:00,5.195,3.395,-3.412,-1.721
2022-05-07 04:00:00,5.212,3.315,-3.364,-2.063
2022-05-07 05:00:00,5.185,3.098,-3.343,-2.136
2022-05-07 06:00:00,5.077,3.342,-3.259,-1.704
2022-05-07 07:00:00,5.002,3.915,-2.792,-1.006
2022-05-07 08:00:00,5.29,2.944,-3.632,-1.854
2022-05-07 09:00:00,5.54,3.223,-3.937,-1.872
2022-05-07 10:00:00,5.501,2.114,-4.128,-2.716
2022-05-07 11:00:00,5.59,1.582,-3.92,-3.41
2022-05-07 12:00:00,5.542,2.502,-4.76,-0.458
2022-05-07 13:00:00,5.082,2.346,-4.266,-0.887
2022-05-07 14:00:00,4.652,2.801,-3.522,-0.866
2022-05-07 15:00:00,4.735,3.279,-3.2,-0.617
2022-05-07 16:00:00,4.778,3.614,-3.0,0.046
2022-05-07 17:00:00,4.879,4.141,-2.425,-0.342
2022-05-07 18:00:00,4.982,4.27,-1.916,-0.393
2022-05-07 19:00:00,4.977,4.061,-2.277,-1.121
2022-05-07 20:00:00,5.251,3.655,-3.322,-1.536
2022-05-07 21:00:00,4.986,3.474,-3.37,-0.348
2022-05-07 22:00:00,4.529,4.043,-0.83,1.529
2022-05-07 23:00:00,4.805,1.58,-4.234,-0.918
2022-05-08 00:00:00,3.795,0.464,-3.351,-1.447
2022-05-08 01:00:00,4.661,1.157,-4.337,-0.819
2022-05-08 02:00:00,3.456,1.075,-3.037,-0.106
2022-05-08 03:00:00,3.528,-0.777,-2.989,-1.368
2022-05-08 04:00:00,5.028,-0.264,-4.606,-1.73
2022-05-08 05:00:00,5.153,1.501,-4.431,-0.126
2022-05-08 06:00:00,5.936,2.196,-5.348,0.359
2022-05-08 07:00:00,7.806,0.931,-7.563,-1.4
2022-05-08 08:00:00,8.102,1.478,-7.616,-2.05
2022-05-08 09:00:00,7.933,1.794,-7.421,-1.168
2022-05-08 10:00:00,6.206,2.259,-5.631,0.045
2022-05-08 11:00:00,4.93,1.502,-3.999,1.264
2022-05-08 12:00:00,3.995,1.158,-0.286,0.251
2022-05-08 13:00:00,7.626,2.234,-6.965,-1.751
2022-05-08 14:00:00,7.585,4.52,-5.994,-0.624
2022-05-08 15:00:00,7.36,4.38,-5.843,-0.434
2022-05-08 16:00:00,6.986,4.161,-5.487,-0.788
2022-05-08 17:00:00,6.484,3.385,-5.386,-0.979
2022-05-08 18:00:00,6.456,3.189,-5.411,-0.936
2022-05-08 19:00:00,6.065,2.042,-5.541,-1.131
2022-05-08 20:00:00,6.033,2.021,-5.453,-1.421
2022-05-08 21:00:00,5.007,0.397,-4.401,-1.553
2022-05-08 22:00:00,5.542,1.302,-4.91,-2.023
2022-05-08 23:00:00,5.068,1.293,-4.507,-1.607
2022-05-09 00:00:00,5.439,1.998,-4.515,-2.114
2022-05-09 01:00:00,6.303,1.504,-5.495,-2.096
2022-05-09 02:00:00,7.115,1.412,-5.095,-4.602
2022-05-09 03:00:00,5.877,1.479,-4.489,-3.225
2022-05-09 04:00:00,7.522,2.359,-5.656,-3.915
2022-05-09 05:00:00,6.733,1.702,-5.052,-1.718
2022-05-09 06:00:00,5.123,1.097,-4.384,2.18
2022-05-09 07:00:00,6.119,1.086,-4.91,3.011
2022-05-09 08:00:00,3.795,0.692,-1.44,1.037
2022-05-09 09:00:00,4.095,0.475,3.61,-0.351
2022-05-09 10:00:00,4.295,-0.406,3.88,-1.555
2022-05-09 11:00:00,3.15,-0.34,2.838,-0.729
2022-05-09 12:00:00,2.817,0.493,0.702,-1.275
2022-05-09 13:00:00,5.775,1.595,5.226,1.423
2022-05-09 14:00:00,5.739,0.114,5.389,-0.849
2022-05-09 15:00:00,6.076,1.26,5.496,-1.965
2022-05-09 16:00:00,5.894,0.408,5.473,-1.413
2022-05-09 17:00:00,5.785,-0.055,4.089,-3.499
2022-05-09 18:00:00,4.898,0.673,3.12,-3.177
2022-05-09 19:00:00,4.645,1.74,2.952,-2.739
2022-05-09 20:00:00,4.725,2.363,3.173,-2.395
2022-05-09 21:00:00,4.835,2.105,4.195,-0.494
2022-05-09 22:00:00,4.464,2.723,2.365,-2.492
2022-05-09 23:00:00,4.681,2.888,3.328,-1.249
2022-05-10 00:00:00,4.856,2.916,3.806,-0.284
2022-05-10 01:00:00,5.074,2.312,4.447,-0.007
2022-05-10 02:00:00,5.331,1.458,4.715,-1.322
2022-05-10 03:00:00,4.87,3.51,0.609,1.298
2022-05-10 04:00:00,5.156,4.796,-0.961,1.403
2022-05-10 05:00:00,4.78,4.267,-0.633,1.327
2022-05-10 06:00:00,4.937,3.866,-2.046,1.911
2022-05-10 07:00:00,5.079,3.263,-2.043,3.037
2022-05-10 08:00:00,5.417,3.208,-2.961,2.846
2022-05-10 09:00:00,5.923,4.028,-1.729,3.662
2022-05-10 10:00:00,5.764,4.344,-1.451,3.397
2022-05-10 11:00:00,6.069,5.08,-1.279,2.864
2022-05-10 12:00:00,6.715,4.644,-2.727,2.888
2022-05-10 13:00:00,7.383,2.076,-5.622,0.349
2022-05-10 14:00:00,5.787,0.333,-5.524,1.222
2022-05-10 15:00:00,5.343,2.28,-3.95,2.366
2022-05-10 16:00:00,5.157,2.591,-3.724,1.847
2022-05-10 17:00:00,5.234,3.328,-3.277,1.576
2022-05-10 18:00:00,5.678,3.301,-2.527,2.626
2022-05-10 19:00:00,5.327,3.843,-2.945,1.14
2022-05-10 20:00:00,4.781,3.468,-0.938,-2.835
2022-05-10 21:00:00,5.597,4.006,-1.471,-3.52
2022-05-10 22:00:00,5.83,3.717,-1.978,-3.867
2022-05-10 23:00:00,6.004,4.487,-1.278,-3.639
2022-05-11 00:00:00,6.079,4.676,-1.465,-3.477
2022-05-11 01:00:00,5.946,4.635,-1.487,-3.234
2022-05-11 02:00:00,5.844,4.66,-2.436,-2.388
2022-05-11 03:00:00,5.879,4.706,-2.633,-2.106
2022-05-11 04:00:00,6.498,4.967,-3.069,-2.648
2022-05-11 05:00:00,6.661,4.764,-3.186,-3.241
2022-05-11 06:00:00,6.634,4.799,-2.759,-3.536
2022-05-11 07:00:00,6.73,5.486,-0.749,-3.739
2022-05-11 08:00:00,6.383,5.481,0.212,-3.09
2022-05-11 09:00:00,6.208,5.729,-0.053,-2.245
2022-05-11 10:00:00,6.154,5.653,-0.64,-2.178
2022-05-11 11:00:00,6.213,5.293,-2.007,-1.676
2022-05-11 12:00:00,6.891,4.476,-5.023,-0.011
2022-05-11 13:00:00,9.202,3.451,-8.055,1.016
2022-05-11 14:00:00,8.801,1.814,-6.493,5.003
2022-05-11 15:00:00,10.262,3.946,-8.14,4.666
2022-05-11 16:00:00,9.819,4.179,-8.05,0.393
2022-05-11 17:00:00,10.386,4.035,-8.759,-2.63
2022-05-11 18:00:00,10.495,3.172,-6.913,-6.892
2022-05-11 19:00:00,10.138,2.344,-5.81,-7.826
2022-05-11 20:00:00,9.192,2.504,-5.871,-6.046
2022-05-11 21:00:00,7.709,1.647,-5.53,-2.553
2022-05-11 22:00:00,6.862,1.132,-3.679,-5.071
2022-05-11 23:00:00,5.81,0.303,-2.074,-4.194
2022-05-12 00:00:00,5.756,2.784,-3.785,-2.642
2022-05-12 01:00:00,6.902,1.167,-3.479,-3.462
2022-05-12 02:00:00,7.526,1.679,-4.522,-5.077
2022-05-12 03:00:00,7.243,1.806,-6.406,-1.699
2022-05-12 04:00:00,7.151,1.984,-6.421,-1.147
2022-05-12 05:00:00,7.028,2.546,-6.445,0.079
2022-05-12 06:00:00,7.466,1.252,-4.975,4.19
2022-05-12 07:00:00,8.644,3.241,-5.486,5.614
2022-05-12 08:00:00,9.943,3.071,-5.818,7.339
2022-05-12 09:00:00,9.08,1.044,-3.129,8.325
2022-05-12 10:00:00,9.405,0.371,-4.413,7.188
2022-05-12 11:00:00,9.107,3.055,-7.602,0.566
2022-05-12 12:00:00,10.125,2.026,-8.929,-3.993
2022-05-12 13:00:00,9.091,1.409,-4.11,0.323
2022-05-12 14:00:00,8.284,-3.937,5.655,4.289
2022-05-12 15:00:00,8.875,-3.252,7.051,3.354
2022-05-12 16:00:00,7.724,-1.97,6.87,0.118
2022-05-12 17:00:00,7.546,-1.909,7.073,-1.012
2022-05-12 18:00:00,7.09,-0.167,3.561,-2.372
2022-05-12 19:00:00,7.203,0.489,0.488,4.896
2022-05-12 20:00:00,6.824,-1.415,4.058,2.813
2022-05-12 21:00:00,5.687,-2.346,3.45,-1.223
2022-05-12 22:00:00,5.961,-0.871,4.113,-0.082
2022-05-12 23:00:00,5.668,-3.609,2.723,-2.487
2022-05-13 00:00:00,5.425,-0.004,3.821,-0.379
2022-05-13 01:00:00,5.276,-3.75,2.614,-2.095
2022-05-13 02:00:00,5.278,-2.195,3.32,-0.183
2022-05-13 03:00:00,5.162,-4.563,1.31,0.341
2022-05-13 04:00:00,4.859,-4.319,-0.453,-1.78
2022-05-13 05:00:00,4.579,-4.236,0.301,-1.309
2022-05-13 06:00:00,4.233,-4.044,0.933,-0.166
2022-05-13 07:00:00,4.209,-2.459,1.485,-1.855
2022-05-13 08:00:00,4.289,-1.012,1.858,-3.367
2022-05-13 09:00:00,4.535,0.682,1.567,-3.325
2022-05-13 10:00:00,4.521,2.392,1.401,-3.267
2022-05-13 11:00:00,4.464,0.536,-0.013,-4.049
2022-05-13 12:00:00,4.149,-0.47,0.792,-2.803
2022-05-13 13:00:00,4.712,-2.078,2.222,-3.156
2022-05-13 14:00:00,5.649,-2.849,3.12,-3.465
2022-05-13 15:00:00,5.897,-2.064,3.218,-3.959
2022-05-13 16:00:00,6.421,-1.986,0.051,-5.663
2022-05-13 17:00:00,7.105,-1.847,-2.464,-6.337
2022-05-13 18:00:00,6.465,-1.925,-2.14,-5.734
2022-05-13 19:00:00,6.329,-1.639,-2.711,-5.375
2022-05-13 20:00:00,7.0,-2.868,-2.125,-5.885
2022-05-13 21:00:00,7.108,-3.624,-1.288,-5.52
2022-05-13 22:00:00,7.726,-4.993,2.307,-5.243
2022-05-13 23:00:00,8.14,-5.676,3.459,-4.402
2022-05-14 00:00:00,8.255,-5.382,4.523,-4.124
2022-05-14 01:00:00,8.206,-5.152,5.359,-2.828
2022-05-14 02:00:00,8.713,-6.008,5.344,-2.852
2022-05-14 03:00:00,9.207,-6.831,4.341,-3.924
2022-05-14 04:00:00,9.902,-6.456,6.753,-3.033
2022-05-14 05:00:00,10.748,-5.866,8.861,0.143
2022-05-14 06:00:00,10.783,-6.182,8.494,2.047
2022-05-14 07:00:00,10.42,-5.651,8.176,2.027
2022-05-14 08:00:00,9.846,-4.874,7.636,1.278
2022-05-14 09:00:00,9.228,-5.327,5.12,3.82
2022-05-14 10:00:00,10.555,-1.74,-1.297,10.1
2022-05-14 11:00:00,10.837,-5.846,2.072,6.662
2022-05-14 12:00:00,10.141,-5.974,7.364,2.299
2022-05-14 13:00:00,9.423,-3.728,7.701,-0.284
2022-05-14 14:00:00,12.313,-5.79,4.821,6.15
2022-05-14 15:00:00,14.94,-5.513,5.197,5.687
2022-05-14 16:00:00,13.585,-8.953,8.404,3.661
2022-05-14 17:00:00,15.753,-11.183,3.584,9.657
2022-05-14 18:00:00,18.333,-11.539,-4.57,13.048
2022-05-14 19:00:00,17.1,-4.577,6.778,3.237
2022-05-14 20:00:00,12.886,4.881,10.409,-3.089
2022-05-14 21:00:00,13.774,-1.465,12.47,-1.876
2022-05-14 22:00:00,12.991,-7.794,9.873,0.333
2022-05-14 23:00:00,12.756,-7.787,4.041,2.468
2022-05-15 00:00:00,12.11,-9.138,-4.499,-2.782
2022-05-15 01:00:00,8.957,5.53,1.622,-3.7
2022-05-15 02:00:00,9.972,3.044,3.028,-4.118
2022-05-15 03:00:00,9.708,-6.809,-2.76,1.955
2022-05-15 04:00:00,10.209,-9.012,1.817,3.588
2022-05-15 05:00:00,9.306,-8.461,2.128,1.702
2022-05-15 06:00:00,9.453,-7.5,4.192,2.759
2022-05-15 07:00:00,9.04,-4.915,4.372,1.626
2022-05-15 08:00:00,10.44,-8.044,0.566,4.256
2022-05-15 09:00:00,10.491,-9.139,1.622,4.301
2022-05-15 10:00:00,9.601,-8.709,0.492,2.474
2022-05-15 11:00:00,8.864,-8.255,2.816,0.025
2022-05-15 12:00:00,8.352,-7.963,1.559,-1.238
2022-05-15 13:00:00,8.237,-7.982,1.3,-0.28
2022-05-15 14:00:00,9.2,-6.847,3.712,3.923
2022-05-15 15:00:00,8.134,-6.332,3.609,1.771
2022-05-15 16:00:00,8.555,-7.247,1.875,0.166
2022-05-15 17:00:00,8.685,-8.234,1.815,0.356
2022-05-15 18:00:00,9.407,-8.23,2.23,3.16
2022-05-15 19:00:00,9.774,-8.536,3.337,1.833
2022-05-15 20:00:00,9.629,-5.829,6.157,3.535
2022-05-15 21:00:00,9.369,-7.22,4.23,2.786
2022-05-15 22:00:00,9.027,-7.258,4.264,0.861
2022-05-15 23:00:00,8.86,-4.778,6.708,1.21
2022-05-16 00:00:00,8.702,-7.434,1.05,3.108
2022-05-16 01:00:00,8.839,-7.718,2.402,2.15
2022-05-16 02:00:00,8.58,-3.761,6.388,-0.559
2022-05-16 03:00:00,8.186,-1.338,5.355,-2.0
2022-05-16 04:00:00,6.829,-3.469,3.713,0.763
2022-05-16 05:00:00,6.448,-4.244,2.858,1.279
2022-05-16 06:00:00,7.151,-5.281,-2.79,1.55
2022-05-16 07:00:00,7.482,-4.877,-4.93,-0.871
2022-05-16 08:00:00,8.43,-7.418,-3.491,0.686
2022-05-16 09:00:00,7.358,-6.905,-0.303,1.155
2022-05-16 10:00:00,7.634,-6.606,2.649,0.962
2022-05-16 11:00:00,8.554,-8.32,0.866,1.389
2022-05-16 12:00:00,8.677,-6.792,2.94,2.556
2022-05-16 13:00:00,7.54,-6.039,2.847,1.635
2022-05-16 14:00:00,7.256,-4.372,1.769,1.411
2022-05-16 15:00:00,6.145,-1.989,4.738,-0.188
2022-05-16 16:00:00,5.302,-3.467,3.311,-0.129
2022-05-16 17:00:00,5.037,-2.161,2.678,-1.765
2022-05-16 18:00:00,4.734,-4.002,1.727,-0.765
2022-05-16 19:00:00,5.11,-1.336,2.478,0.576
2022-05-16 20:00:00,4.979,1.519,3.727,2.283
2022-05-16 21:00:00,5.37,-0.31,4.356,2.014
2022-05-16 22:00:00,5.421,3.458,3.634,0.187
2022-05-16 23:00:00,5.495,0.268,3.562,1.742
2022-05-17 00:00:00,5.356,-2.373,3.626,2.181
2022-05-17 01:00:00,5.959,2.392,4.612,0.616
2022-05-17 02:00:00,6.87,0.842,3.529,0.401
2022-05-17 03:00:00,7.074,0.995,3.595,-1.533
2022-05-17 04:00:00,7.597,-1.402,6.352,-1.972
2022-05-17 05:00:00,8.804,-2.592,3.701,6.109
2022-05-17 06:00:00,10.39,-6.04,1.269,2.281
2022-05-17 07:00:00,9.323,-4.248,6.636,-0.471
2022-05-17 08:00:00,7.5,-4.447,3.554,-0.735
2022-05-17 09:00:00,7.428,-2.992,4.623,-0.782
2022-05-17 10:00:00,7.294,-2.028,4.989,1.174
2022-05-17 11:00:00,6.674,-0.735,4.911,-1.043
2022-05-17 12:00:00,5.199,-0.907,1.551,-1.829
2022-05-17 13:00:00,5.262,-3.836,-0.735,-0.367
2022-05-17 14:00:00,5.077,-2.843,0.075,2.557
2022-05-17 15:00:00,4.591,-3.37,1.439,1.131
2022-05-17 16:00:00,4.927,0.316,0.383,-0.504
2022-05-17 17:00:00,4.605,-3.623,1.415,-1.594
2022-05-17 18:00:00,3.719,-0.964,1.988,-1.589
2022-05-17 19:00:00,4.557,-0.113,3.509,-1.857
2022-05-17 20:00:00,4.319,-0.15,3.685,0.025
2022-05-17 21:00:00,3.531,-2.33,1.09,0.816
2022-05-17 22:00:00,3.807,-1.037,0.54,0.42
2022-05-17 23:00:00,4.191,-2.229,-0.166,-1.068
2022-05-18 00:00:00,4.735,-3.378,-1.05,-2.03
2022-05-18 01:00:00,4.71,-3.845,2.052,-0.613
2022-05-18 02:00:00,4.368,-0.315,2.883,0.384
2022-05-18 03:00:00,3.703,1.095,2.351,-0.072
2022-05-18 04:00:00,3.817,0.874,1.856,1.332
2022-05-18 05:00:00,4.089,-0.081,1.552,2.876
2022-05-18 06:00:00,4.654,-3.013,0.698,1.965
2022-05-18 07:00:00,4.945,-4.339,1.708,0.478
2022-05-18 08:00:00,5.003,-4.594,1.08,0.443
2022-05-18 09:00:00,4.943,-3.109,2.267,-0.15
2022-05-18 10:00:00,5.174,-0.565,3.936,1.003
2022-05-18 11:00:00,4.78,-2.544,1.526,-0.445
2022-05-18 12:00:00,5.389,2.027,4.304,-0.91
2022-05-18 13:00:00,5.487,-0.637,4.755,-1.159
2022-05-18 14:00:00,5.476,-1.667,4.7,0.491
2022-05-18 15:00:00,5.299,0.904,2.947,3.02
2022-05-18 16:00:00,5.175,-1.241,2.047,1.111
2022-05-18 17:00:00,5.033,-4.014,1.913,0.916
2022-05-18 18:00:00,5.791,-2.185,3.003,-0.501
2022-05-18 19:00:00,5.269,0.398,-2.231,3.201
2022-05-18 20:00:00,6.233,-3.403,1.534,3.467
2022-05-18 21:00:00,5.201,-0.816,-1.434,1.419
2022-05-18 22:00:00,5.482,-1.671,-3.809,-1.196
2022-05-18 23:00:00,4.785,-1.425,2.147,-1.812
2022-05-19 00:00:00,4.328,-2.376,0.597,-1.705
2022-05-19 01:00:00,5.112,-2.074,2.89,-1.433
2022-05-19 02:00:00,5.867,-1.197,3.876,-2.407
2022-05-19 03:00:00,5.626,-1.585,3.545,2.722
2022-05-19 04:00:00,5.722,-2.609,2.408,0.686
2022-05-19 05:00:00,6.064,-2.0,4.741,-1.25
2022-05-19 06:00:00,5.89,-2.143,4.124,-2.079
2022-05-19 07:00:00,5.94,-2.744,2.915,-0.993
2022-05-19 08:00:00,5.798,-4.267,0.225,2.043
2022-05-19 09:00:00,5.683,-3.985,2.99,0.536
2022-05-19 10:00:00,5.491,-2.37,2.294,3.14
2022-05-19 11:00:00,4.959,-2.245,-0.243,1.258
2022-05-19 12:00:00,5.826,-3.181,2.563,1.403
2022-05-19 13:00:00,8.254,-2.744,7.038,0.765
2022-05-19 14:00:00,8.801,-4.88,4.532,0.155
2022-05-19 15:00:00,7.61,-5.47,2.161,1.992
2022-05-19 16:00:00,7.229,-3.388,3.93,0.736
2022-05-19 17:00:00,7.32,-1.579,4.641,-1.371
2022-05-19 18:00:00,7.151,-4.19,3.276,2.077
2022-05-19 19:00:00,6.922,-4.969,3.528,-1.223
2022-05-19 20:00:00,6.158,-5.132,0.763,-2.344
2022-05-19 21:00:00,6.053,-4.637,2.169,1.441
2022-05-19 22:00:00,6.149,-4.191,3.166,-0.014
2022-05-19 23:00:00,6.705,-5.152,0.675,3.811
2022-05-20 00:00:00,6.12,-4.121,3.139,2.809
2022-05-20 01:00:00,5.942,-4.191,3.554,-0.066
2022-05-20 02:00:00,6.16,-4.189,3.634,-0.409
2022-05-20 03:00:00,6.478,-3.532,2.297,-3.411
2022-05-20 04:00:00,6.298,-2.204,-4.513,0.201
2022-05-20 05:00:00,6.037,-5.451,0.535,1.202
2022-05-20 06:00:00,5.355,-1.931,1.343,2.597
2022-05-20 07:00:00,5.04,-2.268,0.003,-1.646
2022-05-20 08:00:00,5.03,-1.66,0.831,-4.089
2022-05-20 09:00:00,4.644,-1.982,-0.985,-1.746
2022-05-20 10:00:00,4.652,-2.462,1.328,0.672
2022-05-20 11:00:00,5.03,-3.384,1.787,1.494
2022-05-20 12:00:00,5.773,-3.392,-2.275,3.165
2022-05-20 13:00:00,5.691,-4.078,1.971,0.28
2022-05-20 14:00:00,5.737,-3.521,-0.008,3.359
2022-05-20 15:00:00,6.317,-3.315,0.22,-2.539
2022-05-20 16:00:00,5.649,-2.762,2.476,-1.396
2022-05-20 17:00:00,6.389,-2.209,4.919,-2.56
2022-05-20 18:00:00,7.023,-3.896,5.377,0.731
2022-05-20 19:00:00,6.999,-3.79,5.159,0.477
2022-05-20 20:00:00,6.928,-3.217,5.262,-2.179
2022-05-20 21:00:00,6.735,-1.737,4.856,-2.913
2022-05-20 22:00:00,6.441,-0.623,4.031,-4.684
2022-05-20 23:00:00,6.106,-1.222,2.529,-4.362
2022-05-21 00:00:00,5.719,-2.66,2.166,-4.397
2022-05-21 01:00:00,5.337,-2.967,0.798,-4.111
2022-05-21 02:00:00,5.049,-3.353,0.569,-3.104
2022-05-21 03:00:00,5.14,-4.547,-0.423,-1.694
2022-05-21 04:00:00,5.019,-3.377,-2.261,-1.818
2022-05-21 05:00:00,4.825,-3.193,-1.05,1.788
2022-05-21 06:00:00,4.467,-0.048,2.542,1.025
2022-05-21 07:00:00,4.522,-1.015,2.533,0.81
2022-05-21 08:00:00,4.109,-1.437,1.898,1.919
2022-05-21 09:00:00,3.489,-1.145,0.425,2.405
2022-05-21 10:00:00,3.83,-2.684,1.152,1.364
2022-05-21 11:00:00,3.766,-1.471,1.657,2.583
2022-05-21 12:00:00,4.337,-1.558,2.201,-1.987
2022-05-21 13:00:00,4.048,-0.85,-0.433,-3.581
2022-05-21 14:00:00,4.176,-1.105,-0.53,-3.248
2022-05-21 15:00:00,3.637,-0.611,1.251,-1.859
2022-05-21 16:00:00,3.827,-0.297,0.895,-2.963
2022-05-21 17:00:00,4.439,-1.165,2.944,2.289
2022-05-21 18:00:00,4.441,-1.915,3.219,1.662
2022-05-21 19:00:00,4.444,-1.015,3.668,0.167
2022-05-21 20:00:00,4.56,-1.576,3.381,1.995
2022-05-21 21:00:00,4.497,-2.484,3.284,1.264
2022-05-21 22:00:00,4.851,-2.687,3.383,1.793
2022-05-21 23:00:00,4.783,-2.36,1.262,-1.13
2022-05-22 00:00:00,5.267,-1.423,-1.142,-4.816
2022-05-22 01:00:00,5.159,-0.666,-0.646,-4.684
2022-05-22 02:00:00,5.085,-0.903,0.463,-4.343
2022-05-22 03:00:00,4.217,-2.525,0.435,0.363
2022-05-22 04:00:00,4.538,-2.378,0.36,-1.206
2022-05-22 05:00:00,4.885,-2.138,-0.32,-3.132
2022-05-22 06:00:00,5.308,-2.086,-1.37,-3.898
2022-05-22 07:00:00,5.525,-3.143,1.418,-3.298
2022-05-22 08:00:00,5.161,-2.202,3.867,0.887
2022-05-22 09:00:00,4.315,-2.576,-0.55,1.082
2022-05-22 10:00:00,4.247,-1.458,1.217,-2.158
2022-05-22 11:00:00,4.641,0.032,-0.489,-4.323
2022-05-22 12:00:00,4.754,-1.581,2.766,-1.598
2022-05-22 13:00:00,4.834,-2.037,3.786,1.412
2022-05-22 14:00:00,4.572,-2.922,2.031,-1.212
2022-05-22 15:00:00,4.661,-3.638,1.52,1.471
2022-05-22 16:00:00,4.5,-2.978,2.233,-0.416
2022-05-22 17:00:00,4.653,-2.026,2.372,1.102
2022-05-22 18:00:00,4.31,-2.948,2.015,0.653
2022-05-22 19:00:00,4.678,-2.71,1.694,1.733
2022-05-22 20:00:00,4.776,-1.764,2.364,2.377
2022-05-22 21:00:00,4.452,-2.348,3.332,-0.286
2022-05-22 22:00:00,4.416,-1.973,3.533,0.227
2022-05-22 23:00:00,4.313,-1.329,3.22,-0.982
2022-05-23 00:00:00,4.285,-2.388,2.029,0.75
2022-05-23 01:00:00,4.255,-3.156,1.955,0.549
2022-05-23 02:00:00,4.631,-2.199,1.889,2.584
2022-05-23 03:00:00,4.258,-0.891,1.684,1.802
2022-05-23 04:00:00,3.871,-2.545,1.928,-0.332
2022-05-23 05:00:00,4.582,-1.467,2.224,-2.46
2022-05-23 06:00:00,4.786,-1.807,3.151,-2.348
2022-05-23 07:00:00,4.655,-1.573,2.008,-3.352
2022-05-23 08:00:00,4.355,-2.451,2.882,0.768
2022-05-23 09:00:00,4.391,0.26,2.093,3.072
2022-05-23 10:00:00,4.245,0.546,2.258,2.34
2022-05-23 11:00:00,4.483,0.617,0.859,3.746
2022-05-23 12:00:00,4.429,0.711,0.524,3.474
2022-05-23 13:00:00,4.247,1.579,1.493,2.904
2022-05-23 14:00:00,3.759,0.864,1.941,2.276
2022-05-23 15:00:00,3.645,0.609,-0.635,2.83
2022-05-23 16:00:00,3.451,-0.455,-0.639,2.82
2022-05-23 17:00:00,3.086,-1.561,-0.296,2.44
2022-05-23 18:00:00,3.16,-2.287,0.725,1.896
2022-05-23 19:00:00,3.105,-2.281,0.997,1.666
2022-05-23 20:00:00,3.117,-2.399,1.586,0.783
2022-05-23 21:00:00,3.03,-1.978,1.596,1.083
2022-05-23 22:00:00,2.851,-2.013,1.82,0.251
2022-05-23 23:00:00,2.743,-1.325,1.994,-0.604
2022-05-24 00:00:00,2.353,-0.652,1.493,-0.015
2022-05-24 01:00:00,2.086,0.188,0.781,-1.102
2022-05-24 02:00:00,2.376,-1.193,0.924,0.828
2022-05-24 03:00:00,2.272,-1.078,1.203,0.784
2022-05-24 04:00:00,2.949,-1.019,1.399,0.838
2022-05-24 05:00:00,3.11,0.681,2.351,0.488
2022-05-24 06:00:00,3.533,0.7,-0.326,2.56
2022-05-24 07:00:00,4.191,2.829,-0.309,2.833
2022-05-24 08:00:00,3.294,-0.641,0.76,0.756
2022-05-24 09:00:00,3.275,-2.341,-0.073,-1.954
2022-05-24 10:00:00,3.029,-1.867,-0.099,-1.87
2022-05-24 11:00:00,3.057,-2.193,1.336,-0.044
2022-05-24 12:00:00,3.167,-0.776,2.021,-0.858
2022-05-24 13:00:00,3.259,0.083,2.687,0.22
2022-05-24 14:00:00,3.067,-0.074,1.421,2.362
2022-05-24 15:00:00,2.93,-1.82,1.687,0.195
2022-05-24 16:00:00,2.628,-1.165,2.08,-0.139
2022-05-24 17:00:00,2.967,-1.04,2.189,0.632
2022-05-24 18:00:00,3.537,-1.742,2.912,-0.052
2022-05-24 19:00:00,3.185,-1.719,1.927,-0.284
2022-05-24 20:00:00,2.903,-1.737,0.921,-1.512
2022-05-24 21:00:00,2.829,-0.465,-0.059,-2.158
2022-05-24 22:00:00,2.534,-0.381,1.349,-1.433
2022-05-24 23:00:00,2.793,-0.211,2.495,-0.707
2022-05-25 00:00:00,3.038,-0.97,1.517,-2.005
2022-05-25 01:00:00,2.84,-1.212,1.213,-1.332
2022-05-25 02:00:00,3.643,-2.072,-0.083,-2.268
2022-05-25 03:00:00,4.434,-2.197,0.709,-3.268
2022-05-25 04:00:00,4.348,-2.295,-1.122,-1.899
2022-05-25 05:00:00,4.933,-1.771,4.39,-0.17
2022-05-25 06:00:00,5.538,-2.35,3.939,-1.669
2022-05-25 07:00:00,6.089,-2.266,1.296,-5.082
2022-05-25 08:00:00,7.44,-3.294,6.251,-1.707
2022-05-25 09:00:00,7.978,-1.61,6.722,2.971
2022-05-25 10:00:00,6.85,-1.524,3.635,5.058
2022-05-25 11:00:00,5.604,1.934,2.629,4.269
2022-05-25 12:00:00,5.9,2.321,2.554,4.702
2022-05-25 13:00:00,5.398,2.13,2.363,4.054
2022-05-25 14:00:00,5.164,-0.017,3.109,2.857
2022-05-25 15:00:00,5.675,-3.709,2.426,-3.134
2022-05-25 16:00:00,4.642,-2.321,2.689,-1.362
2022-05-25 17:00:00,4.632,0.088,3.122,1.536
2022-05-25 18:00:00,5.285,0.489,4.26,-0.32
2022-05-25 19:00:00,4.189,-2.804,-0.626,-1.283
2022-05-25 20:00:00,3.899,-1.939,2.015,1.245
2022-05-25 21:00:00,4.063,-2.9,0.994,0.306
2022-05-25 22:00:00,4.439,1.081,0.189,1.573
2022-05-25 23:00:00,5.017,4.208,0.87,2.069
2022-05-26 00:00:00,5.826,4.582,0.994,2.887
2022-05-26 01:00:00,5.259,2.308,2.899,1.613
2022-05-26 02:00:00,4.305,3.184,1.541,0.3
2022-05-26 03:00:00,5.495,5.029,-1.859,0.791
2022-05-26 04:00:00,5.483,4.555,-2.843,-0.144
2022-05-26 05:00:00,3.554,3.089,-1.449,0.129
2022-05-26 06:00:00,4.149,3.876,-1.17,-0.439
2022-05-26 07:00:00,4.254,3.312,-2.392,-0.509
2022-05-26 08:00:00,3.704,2.887,-1.3,-1.305
2022-05-26 09:00:00,4.098,3.708,0.492,0.315
2022-05-26 10:00:00,4.485,3.45,2.04,-0.467
2022-05-26 11:00:00,4.497,3.132,1.286,1.816
2022-05-26 12:00:00,3.777,-1.165,1.186,1.845
2022-05-26 13:00:00,2.992,-0.284,-2.173,1.367
2022-05-26 14:00:00,2.436,1.594,-0.202,1.191
2022-05-26 15:00:00,4.934,-0.645,4.084,1.426
2022-05-26 16:00:00,5.382,-1.193,4.691,1.595
2022-05-26 17:00:00,6.636,-1.74,5.536,1.929
2022-05-26 18:00:00,7.139,-2.491,5.995,2.131
2022-05-26 19:00:00,7.322,-3.14,6.183,1.35
2022-05-26 20:00:00,6.921,-0.244,6.767,0.196
2022-05-26 21:00:00,6.092,-0.39,5.531,0.79
2022-05-26 22:00:00,3.673,0.43,3.335,0.175
2022-05-26 23:00:00,3.372,0.513,3.234,0.045
2022-05-27 00:00:00,3.811,-0.707,3.244,0.361
2022-05-27 01:00:00,5.444,0.668,5.226,-0.901
2022-05-27 02:00:00,5.782,1.305,5.5,-0.14
2022-05-27 03:00:00,6.036,0.541,5.884,-0.605
2022-05-27 04:00:00,5.462,-0.927,4.832,0.088
2022-05-27 05:00:00,5.976,-0.959,5.725,-0.222
2022-05-27 06:00:00,5.001,-1.129,4.339,-0.372
2022-05-27 07:00:00,4.795,-2.064,4.095,-0.593
2022-05-27 08:00:00,6.55,-3.26,5.181,-0.316
2022-05-27 09:00:00,6.53,-3.365,5.206,-1.364
2022-05-27 10:00:00,9.844,0.397,1.155,3.312
2022-05-27 11:00:00,13.656,5.186,-5.672,-10.815
2022-05-27 12:00:00,13.667,3.891,-3.413,-5.94
2022-05-27 13:00:00,12.982,1.317,0.256,-9.129
2022-05-27 14:00:00,12.13,4.237,-6.648,-6.654
2022-05-27 15:00:00,10.211,3.021,-7.447,1.576
2022-05-27 16:00:00,6.898,3.52,0.555,-0.29
2022-05-27 17:00:00,8.694,3.341,-0.383,6.485
2022-05-27 18:00:00,8.696,5.44,-3.548,-0.192
2022-05-27 19:00:00,7.291,4.396,-0.45,2.155
2022-05-27 20:00:00,8.593,4.15,-3.658,1.711
2022-05-27 21:00:00,9.624,5.192,-1.593,-7.327
2022-05-27 22:00:00,9.547,5.719,-2.247,-5.309
2022-05-27 23:00:00,9.642,2.815,-6.162,1.808
2022-05-28 00:00:00,9.189,2.961,-6.532,3.665
2022-05-28 01:00:00,8.796,5.948,-2.606,-4.86
2022-05-28 02:00:00,7.56,4.1,-0.648,-4.096
2022-05-28 03:00:00,7.241,3.612,-3.817,-3.455
2022-05-28 04:00:00,8.23,1.35,0.325,-6.709
2022-05-28 05:00:00,7.433,2.559,2.154,-4.181
2022-05-28 06:00:00,7.27,4.689,0.586,0.543
2022-05-28 07:00:00,7.482,3.867,-4.233,-2.39
2022-05-28 08:00:00,7.18,4.035,-3.763,-1.157
2022-05-28 09:00:00,6.882,3.78,-1.243,-3.939
2022-05-28 10:00:00,6.683,5.099,-0.249,0.68
2022-05-28 11:00:00,6.885,4.671,-2.952,2.361
2022-05-28 12:00:00,6.425,4.384,-1.348,3.361
2022-05-28 13:00:00,6.453,2.298,-1.156,5.449
2022-05-28 14:00:00,6.598,2.729,0.912,5.369
2022-05-28 15:00:00,6.347,3.468,-0.121,5.06
2022-05-28 16:00:00,6.329,4.878,-0.187,3.032
2022-05-28 17:00:00,6.481,5.59,-1.201,2.545
2022-05-28 18:00:00,6.428,5.277,-1.09,2.978
2022-05-28 19:00:00,6.585,4.441,-2.915,2.9
2022-05-28 20:00:00,6.862,4.724,0.807,4.577
2022-05-28 21:00:00,6.356,2.094,-4.401,2.882
2022-05-28 22:00:00,5.963,4.194,-3.556,-0.373
2022-05-28 23:00:00,5.256,2.86,-2.965,0.045
2022-05-29 00:00:00,5.766,-1.949,-5.028,-1.432
2022-05-29 01:00:00,6.035,-0.654,-5.704,0.562
2022-05-29 02:00:00,5.968,3.761,-2.742,0.734
2022-05-29 03:00:00,6.04,3.103,-3.317,-2.421
2022-05-29 04:00:00,6.325,0.863,-4.388,-3.192
2022-05-29 05:00:00,6.619,1.224,-2.949,-5.021
2022-05-29 06:00:00,6.582,3.127,-4.373,-2.747
2022-05-29 07:00:00,7.45,3.902,-5.222,-2.172
2022-05-29 08:00:00,7.764,3.982,-4.779,-3.441
2022-05-29 09:00:00,8.016,3.626,-5.983,-3.663
2022-05-29 10:00:00,7.47,2.976,-5.561,-3.012
2022-05-29 11:00:00,6.891,5.333,-3.199,-0.434
2022-05-29 12:00:00,6.753,5.179,-3.666,-1.019
2022-05-29 13:00:00,6.277,4.864,-2.878,-0.238
2022-05-29 14:00:00,6.087,2.874,-4.388,-2.367
2022-05-29 15:00:00,6.191,2.807,-3.903,-1.162
2022-05-29 16:00:00,6.345,1.833,-3.49,-2.595
2022-05-29 17:00:00,5.978,3.296,-3.781,0.48
2022-05-29 18:00:00,5.633,3.369,-3.548,0.912
2022-05-29 19:00:00,5.414,1.499,-4.245,0.83
2022-05-29 20:00:00,5.143,1.088,-4.044,-2.04
2022-05-29 21:00:00,4.573,0.855,-3.114,0.605
2022-05-29 22:00:00,4.562,2.322,-1.693,2.132
2022-05-29 23:00:00,4.852,2.885,-2.354,1.007
2022-05-30 00:00:00,4.946,2.739,-2.483,-2.25
2022-05-30 01:00:00,4.95,1.396,-2.738,-1.418
2022-05-30 02:00:00,4.917,-0.987,-1.894,-0.478
2022-05-30 03:00:00,5.15,1.986,-3.252,-0.007
2022-05-30 04:00:00,4.87,1.869,-2.075,-0.689
2022-05-30 05:00:00,5.121,3.52,-2.88,0.201
2022-05-30 06:00:00,5.484,2.017,-3.407,1.836
2022-05-30 07:00:00,5.634,1.218,-3.716,2.237
2022-05-30 08:00:00,5.608,1.013,-3.299,1.332
2022-05-30 09:00:00,5.571,1.147,-0.734,3.728
2022-05-30 10:00:00,5.082,0.788,0.719,2.371
2022-05-30 11:00:00,5.346,2.983,-2.081,3.104
2022-05-30 12:00:00,5.567,2.116,-2.466,3.183
2022-05-30 13:00:00,5.799,0.569,-4.69,2.51
2022-05-30 14:00:00,5.613,-0.005,-5.176,-1.107
2022-05-30 15:00:00,5.289,-0.291,-4.707,0.299
2022-05-30 16:00:00,5.274,-1.854,-4.616,-0.266
2022-05-30 17:00:00,5.269,-2.293,-4.327,0.166
2022-05-30 18:00:00,4.978,-1.726,-4.343,0.275
2022-05-30 19:00:00,5.212,-2.733,-4.253,-0.009
2022-05-30 20:00:00,5.35,-3.815,-3.624,-0.169
2022-05-30 21:00:00,5.674,-3.995,-3.916,0.271
2022-05-30 22:00:00,6.346,3.602,-3.986,-2.128
2022-05-30 23:00:00,6.184,3.474,-3.886,-1.684
2022-05-31 00:00:00,5.899,1.933,-4.194,-1.317
2022-05-31 01:00:00,5.583,3.395,-2.734,-1.373
2022-05-31 02:00:00,5.709,-1.057,-4.92,-0.185
2022-05-31 03:00:00,5.37,2.445,-2.274,-2.87
2022-05-31 04:00:00,4.955,2.302,-3.43,-1.186
2022-05-31 05:00:00,5.772,-1.028,-5.357,0.109
2022-05-31 06:00:00,5.445,-0.091,-4.772,-1.441
2022-05-31 07:00:00,5.165,1.409,-4.359,-1.776
2022-05-31 08:00:00,5.149,-0.18,-3.126,-2.362
2022-05-31 09:00:00,4.785,-2.086,-2.838,-2.69
2022-05-31 10:00:00,4.483,-1.909,-2.767,-2.535
2022-05-31 11:00:00,3.99,-0.866,-1.321,-0.242
2022-05-31 12:00:00,3.698,0.736,2.053,-1.725
2022-05-31 13:00:00,4.801,-2.611,-1.821,-2.999
2022-05-31 14:00:00,4.915,-3.229,-2.967,-1.785
2022-05-31 15:00:00,4.871,-2.488,-3.442,-1.528
2022-05-31 16:00:00,4.831,-2.475,-1.03,-2.928
2022-05-31 17:00:00,4.873,-2.329,-2.71,-2.737
2022-05-31 18:00:00,4.521,-0.162,-0.472,-3.154
2022-05-31 19:00:00,4.77,-2.203,-3.734,-1.423
2022-05-31 20:00:00,4.532,-2.231,-3.493,-0.499
2022-05-31 21:00:00,4.419,-0.943,-3.729,-0.608
2022-05-31 22:00:00,4.723,-1.313,-3.978,0.234
2022-05-31 23:00:00,4.647,-1.41,-3.849,1.661
2022-06-01 00:00:00,4.374,-1.432,-2.136,-2.061
2022-06-01 01:00:00,4.037,0.383,-1.539,-1.914
2022-06-01 02:00:00,3.938,2.687,0.622,-1.615
2022-06-01 03:00:00,3.804,3.293,0.043,0.775
2022-06-01 04:00:00,3.32,1.088,-2.335,-0.655
2022-06-01 05:00:00,3.013,0.551,-1.594,-0.857
2022-06-01 06:00:00,3.102,0.613,-2.1,-1.158
2022-06-01 07:00:00,3.414,2.71,-1.475,0.866
2022-06-01 08:00:00,2.88,0.202,-1.001,-0.711
2022-06-01 09:00:00,2.861,-0.851,-1.845,-1.562
2022-06-01 10:00:00,2.877,2.097,-0.446,0.121
2022-06-01 11:00:00,3.121,1.975,-1.418,-0.143
2022-06-01 12:00:00,3.954,0.757,-3.567,-1.149
2022-06-01 13:00:00,3.791,0.781,-3.531,-0.511
2022-06-01 14:00:00,3.328,-0.091,-2.866,-0.341
2022-06-01 15:00:00,3.191,0.366,-2.96,-0.257
2022-06-01 16:00:00,3.461,1.32,-2.896,-0.119
2022-06-01 17:00:00,3.826,3.569,-0.563,0.379
2022-06-01 18:00:00,3.914,2.977,-1.956,0.562
2022-06-01 19:00:00,4.084,2.264,-3.246,0.661
2022-06-01 20:00:00,3.657,0.664,-3.323,-0.197
2022-06-01 21:00:00,3.547,-0.131,-3.257,-1.053
2022-06-01 22:00:00,3.453,-0.193,-3.095,-1.341
2022-06-01 23:00:00,3.491,0.383,-2.31,-0.376
2022-06-02 00:00:00,3.813,2.171,-2.836,0.249
2022-06-02 01:00:00,3.594,1.801,-2.798,-0.895
2022-06-02 02:00:00,3.512,1.008,-2.948,-1.407
2022-06-02 03:00:00,3.557,0.077,-2.927,-1.784
2022-06-02 04:00:00,3.617,0.225,-3.324,-1.139
2022-06-02 05:00:00,3.77,0.314,-3.234,-1.586
2022-06-02 06:00:00,3.902,1.43,-3.324,-0.503
2022-06-02 07:00:00,3.955,1.861,-2.264,0.921
2022-06-02 08:00:00,3.729,1.525,-2.685,-0.142
2022-06-02 09:00:00,3.782,0.469,-2.861,-1.756
2022-06-02 10:00:00,4.344,-1.202,-2.883,-2.456
2022-06-02 11:00:00,4.258,-0.105,-3.813,-0.726
2022-06-02 12:00:00,4.325,0.905,-2.945,0.053
2022-06-02 13:00:00,4.305,2.72,-2.35,-1.766
2022-06-02 14:00:00,4.608,3.601,-1.879,-0.716
2022-06-02 15:00:00,4.265,2.928,-1.648,1.658
2022-06-02 16:00:00,4.068,3.095,-1.414,0.002
2022-06-02 17:00:00,4.345,3.772,-0.152,-1.398
2022-06-02 18:00:00,3.422,1.489,-1.025,-2.41
2022-06-02 19:00:00,3.617,2.595,-1.173,-0.515
2022-06-02 20:00:00,3.331,0.282,-1.104,-2.497
2022-06-02 21:00:00,3.454,0.114,-1.267,-3.054
2022-06-02 22:00:00,3.768,0.152,-1.676,-3.179
2022-06-02 23:00:00,3.768,-0.257,-2.821,-2.228
2022-06-03 00:00:00,3.763,-0.2,-3.235,-1.659
2022-06-03 01:00:00,3.059,-0.535,-2.718,-0.8
2022-06-03 02:00:00,2.784,-0.052,-2.375,-1.148
2022-06-03 03:00:00,2.778,-1.021,-2.322,-0.622
2022-06-03 04:00:00,3.37,0.838,-2.333,-1.502
2022-06-03 05:00:00,3.713,-0.541,-3.304,-1.088
2022-06-03 06:00:00,3.931,-0.395,-2.771,-2.574
2022-06-03 07:00:00,3.803,-0.644,-2.619,-2.495
2022-06-03 08:00:00,3.696,-0.565,-2.157,-2.741
2022-06-03 09:00:00,3.26,-0.264,-2.329,-1.969
2022-06-03 10:00:00,3.137,-0.35,-2.036,-2.104
2022-06-03 11:00:00,4.096,0.76,-3.366,-0.838
2022-06-03 12:00:00,4.03,1.597,-3.413,0.939
2022-06-03 13:00:00,3.775,0.486,-3.598,0.308
2022-06-03 14:00:00,3.578,0.413,-3.313,-0.701
2022-06-03 15:00:00,3.561,0.299,-3.437,0.161
2022-06-03 16:00:00,3.476,0.036,-3.357,0.119
2022-06-03 17:00:00,3.081,1.963,-0.672,-1.657
2022-06-03 18:00:00,3.137,2.529,-0.709,-0.143
2022-06-03 19:00:00,3.33,1.922,0.427,-2.419
2022-06-03 20:00:00,3.427,2.453,0.025,-2.053
2022-06-03 21:00:00,3.559,3.005,0.031,-1.672
2022-06-03 22:00:00,3.868,2.686,-1.965,-1.287
2022-06-03 23:00:00,3.949,1.734,-3.245,-1.263
2022-06-04 00:00:00,3.788,0.784,-3.336,-0.797
2022-06-04 01:00:00,3.891,-0.513,-3.732,-0.431
2022-06-04 02:00:00,3.857,-0.611,-3.642,-0.736
2022-06-04 03:00:00,3.908,0.156,-3.711,-0.304
2022-06-04 04:00:00,3.394,-0.73,-1.869,-2.2
2022-06-04 05:00:00,3.436,1.525,-1.202,-1.934
2022-06-04 06:00:00,4.286,3.669,-0.348,-1.031
2022-06-04 07:00:00,4.314,3.475,-0.726,1.591
2022-06-04 08:00:00,3.879,2.901,0.233,2.356
2022-06-04 09:00:00,3.612,1.384,-2.11,0.91
2022-06-04 10:00:00,3.87,1.144,-3.474,-0.422
2022-06-04 11:00:00,3.765,0.007,-3.293,-1.135
2022-06-04 12:00:00,3.759,0.798,-3.445,-0.422
2022-06-04 13:00:00,3.881,0.454,-3.636,0.562
2022-06-04 14:00:00,3.87,1.433,-2.829,1.912
2022-06-04 15:00:00,3.663,2.103,-2.34,1.131
2022-06-04 16:00:00,3.49,0.202,-2.878,-0.082
2022-06-04 17:00:00,3.682,1.393,-3.143,-0.117
2022-06-04 18:00:00,3.834,-0.766,-3.254,0.535
2022-06-04 19:00:00,4.46,-2.536,-3.124,-1.433
2022-06-04 20:00:00,3.93,-2.581,-1.669,-2.332
2022-06-04 21:00:00,3.418,-2.399,-1.08,-1.976
2022-06-04 22:00:00,3.157,-1.901,-0.798,-2.025
2022-06-04 23:00:00,3.352,-1.238,-2.673,-0.729
2022-06-05 00:00:00,3.067,-0.027,-2.249,-1.537
2022-06-05 01:00:00,3.694,0.372,-1.215,-2.709
2022-06-05 02:00:00,3.864,0.323,-3.092,-1.766
2022-06-05 03:00:00,3.982,1.694,-3.478,-0.122
2022-06-05 04:00:00,4.103,1.991,-3.341,0.55
2022-06-05 05:00:00,3.922,0.335,-2.589,1.37
2022-06-05 06:00:00,3.964,0.921,-0.606,-3.558
2022-06-05 07:00:00,4.103,0.335,-1.844,-3.562
2022-06-05 08:00:00,4.034,0.401,-2.862,-2.672
2022-06-05 09:00:00,4.524,0.654,-3.771,-2.069
2022-06-05 10:00:00,4.591,-1.093,-4.277,-0.176
2022-06-05 11:00:00,5.702,-0.571,-5.309,0.042
2022-06-05 12:00:00,5.37,-1.297,-4.794,1.682
2022-06-05 13:00:00,5.913,-1.358,-5.183,1.91
2022-06-05 14:00:00,6.196,-1.662,-4.624,3.668
2022-06-05 15:00:00,5.588,-1.586,-3.802,3.342
2022-06-05 16:00:00,6.399,-0.303,-5.944,0.83
2022-06-05 17:00:00,6.588,1.202,-5.523,-2.22
2022-06-05 18:00:00,6.481,3.628,-4.563,1.717
2022-06-05 19:00:00,5.388,2.215,-2.485,3.366
2022-06-05 20:00:00,5.707,3.456,-4.127,0.252
2022-06-05 21:00:00,5.541,2.573,-3.703,-2.45
2022-06-05 22:00:00,5.166,2.678,-3.203,-2.728
2022-06-05 23:00:00,4.904,3.024,-2.754,-2.032
2022-06-06 00:00:00,4.945,2.741,-3.056,-2.487
2022-06-06 01:00:00,5.469,2.867,-2.52,-3.624
2022-06-06 02:00:00,5.441,2.443,-1.66,-4.426
2022-06-06 03:00:00,4.978,0.827,-0.667,-4.643
2022-06-06 04:00:00,4.973,2.153,-1.966,-3.883
2022-06-06 05:00:00,4.971,2.426,-1.395,-3.785
2022-06-06 06:00:00,5.057,2.733,-1.035,-3.964
2022-06-06 07:00:00,4.104,2.404,-0.408,-3.162
2022-06-06 08:00:00,3.476,1.975,-0.376,-2.05
2022-06-06 09:00:00,5.773,0.636,0.681,-5.123
2022-06-06 10:00:00,7.915,3.102,-0.621,-5.055
2022-06-06 11:00:00,6.993,2.371,-1.336,4.964
2022-06-06 12:00:00,6.957,-0.638,-1.661,4.974
2022-06-06 13:00:00,10.919,0.037,0.085,10.735
2022-06-06 14:00:00,12.049,-0.271,-1.416,11.719
2022-06-06 15:00:00,9.701,-1.723,-2.999,7.708
2022-06-06 16:00:00,10.681,-0.674,-3.734,9.178
2022-06-06 17:00:00,8.824,-2.785,-5.604,4.073
2022-06-06 18:00:00,8.551,-5.104,-6.553,-1.252
2022-06-06 19:00:00,7.54,-3.694,-5.82,-1.946
2022-06-06 20:00:00,6.857,-3.565,-4.602,-2.827
2022-06-06 21:00:00,6.67,-3.739,-4.907,0.509
2022-06-06 22:00:00,5.855,-3.632,-4.285,0.239
2022-06-06 23:00:00,8.545,-5.159,-6.34,-2.108
2022-06-07 00:00:00,9.346,-4.927,-7.183,-3.199
2022-06-07 01:00:00,9.402,-4.318,-7.742,-2.989
2022-06-07 02:00:00,8.73,-3.954,-5.439,-5.412
2022-06-07 03:00:00,7.748,-2.454,-2.683,-6.739
2022-06-07 04:00:00,7.953,-2.729,-5.377,-5.013
2022-06-07 05:00:00,7.76,-1.894,-4.3,-6.088
2022-06-07 06:00:00,7.429,-1.181,-4.792,-5.444
2022-06-07 07:00:00,7.45,-1.072,-5.05,-4.868
2022-06-07 08:00:00,7.694,0.28,-4.321,-5.943
2022-06-07 09:00:00,6.838,-0.414,-4.38,-3.968
2022-06-07 10:00:00,5.538,-3.034,-3.679,-2.448
2022-06-07 11:00:00,6.202,-2.508,-4.037,-3.849
2022-06-07 12:00:00,6.297,-3.959,-3.194,-3.604
2022-06-07 13:00:00,5.895,-4.424,-2.787,-2.095
2022-06-07 14:00:00,5.948,-5.784,-0.741,-0.698
2022-06-07 15:00:00,6.008,-5.801,0.469,-1.073
2022-06-07 16:00:00,6.097,-5.232,1.074,-2.794
2022-06-07 17:00:00,5.943,-3.57,1.17,-4.237
2022-06-07 18:00:00,5.642,-1.349,-1.463,-5.07
2022-06-07 19:00:00,5.514,0.705,-3.323,-4.024
2022-06-07 20:00:00,5.325,-0.105,-3.886,-3.307
2022-06-07 21:00:00,4.298,0.489,2.82,-0.473
2022-06-07 22:00:00,5.6,-0.833,3.103,-2.925
2022-06-07 23:00:00,4.764,-0.043,-3.916,-2.174
2022-06-08 00:00:00,5.402,0.32,4.943,1.107
2022-06-08 01:00:00,5.869,0.76,5.444,1.878
2022-06-08 02:00:00,5.884,2.157,4.837,2.39
2022-06-08 03:00:00,5.245,2.692,2.24,1.51
2022-06-08 04:00:00,6.197,5.236,-3.114,0.647
2022-06-08 05:00:00,7.22,5.96,-3.581,1.765
2022-06-08 06:00:00,8.356,6.988,-3.441,0.188
2022-06-08 07:00:00,8.123,5.657,-3.003,-4.706
2022-06-08 08:00:00,7.368,4.569,-3.804,-2.788
2022-06-08 09:00:00,7.44,5.635,-4.254,2.162
2022-06-08 10:00:00,7.092,5.93,-0.723,3.413
2022-06-08 11:00:00,6.519,5.651,-1.608,2.545
2022-06-08 12:00:00,6.433,5.905,-1.175,1.887
2022-06-08 13:00:00,6.421,5.557,-2.416,1.704
2022-06-08 14:00:00,6.134,5.126,-2.426,1.79
2022-06-08 15:00:00,6.094,4.644,-3.43,1.178
2022-06-08 16:00:00,5.833,3.787,-3.893,-0.928
2022-06-08 17:00:00,5.256,2.162,-3.239,-1.693
2022-06-08 18:00:00,4.861,2.151,-2.65,-3.11
2022-06-08 19:00:00,4.266,-1.595,-1.698,-2.355
2022-06-08 20:00:00,3.611,-0.006,-1.81,-1.002
2022-06-08 21:00:00,4.869,2.079,-3.179,1.638
2022-06-08 22:00:00,4.653,-2.305,-2.712,-2.319
2022-06-08 23:00:00,4.476,-1.96,-2.064,-2.722
2022-06-09 00:00:00,4.058,-0.562,-2.345,-1.372
2022-06-09 01:00:00,4.317,-3.218,-1.715,-1.536
2022-06-09 02:00:00,4.727,-2.399,-3.099,-2.033
2022-06-09 03:00:00,4.368,-0.604,-2.904,-1.911
2022-06-09 04:00:00,4.692,2.388,-3.295,0.84
2022-06-09 05:00:00,4.163,-1.138,-0.843,-0.52
2022-06-09 06:00:00,4.91,-3.217,-2.645,-2.067
2022-06-09 07:00:00,4.269,-0.58,-3.424,-0.077
2022-06-09 08:00:00,4.381,-1.044,-3.195,-1.797
2022-06-09 09:00:00,4.925,0.786,-4.104,-2.067
2022-06-09 10:00:00,5.2,1.204,-2.033,-4.365
2022-06-09 11:00:00,5.192,0.834,-0.579,-4.012
2022-06-09 12:00:00,4.519,-1.521,-0.862,-2.885
2022-06-09 13:00:00,4.495,-0.071,-3.54,-2.04
2022-06-09 14:00:00,4.477,-1.837,-2.571,-1.929
2022-06-09 15:00:00,4.582,-2.035,-2.53,-2.544
2022-06-09 16:00:00,4.36,-1.203,-2.522,-2.453
2022-06-09 17:00:00,5.467,2.385,-4.496,-1.477
2022-06-09 18:00:00,6.075,3.947,-4.474,-0.386
2022-06-09 19:00:00,6.504,3.83,-4.877,0.647
2022-06-09 20:00:00,6.553,2.283,-5.352,-2.029
2022-06-09 21:00:00,6.273,0.667,-4.69,-3.06
2022-06-09 22:00:00,6.898,3.737,-5.524,1.173
2022-06-09 23:00:00,6.536,2.132,-5.379,-2.113
2022-06-10 00:00:00,6.548,4.281,-2.562,1.77
2022-06-10 01:00:00,7.198,5.185,-4.652,0.712
2022-06-10 02:00:00,5.81,3.007,-3.029,-1.652
2022-06-10 03:00:00,4.956,0.395,-2.202,-2.585
2022-06-10 04:00:00,7.015,4.657,-4.958,-0.055
2022-06-10 05:00:00,7.648,5.33,-5.051,1.965
2022-06-10 06:00:00,7.564,5.057,-4.878,2.546
2022-06-10 07:00:00,7.397,5.034,-3.805,3.726
2022-06-10 08:00:00,7.648,5.378,-3.151,4.279
2022-06-10 09:00:00,6.799,3.601,-3.081,2.318
2022-06-10 10:00:00,5.431,-2.879,1.93,-4.074
2022-06-10 11:00:00,5.14,-1.383,0.645,-4.34
2022-06-10 12:00:00,5.087,-1.735,0.813,-4.108
2022-06-10 13:00:00,6.647,2.489,-5.678,1.188
2022-06-10 14:00:00,6.871,3.389,-5.145,2.431
2022-06-10 15:00:00,6.73,2.814,-4.664,3.799
2022-06-10 16:00:00,6.717,4.211,-4.216,2.669
2022-06-10 17:00:00,6.556,4.384,-4.028,2.092
2022-06-10 18:00:00,6.512,3.389,-4.507,3.037
2022-06-10 19:00:00,6.38,3.18,-4.379,2.665
2022-06-10 20:00:00,6.341,4.895,-2.77,2.596
2022-06-10 21:00:00,6.495,3.16,-5.239,0.801
2022-06-10 22:00:00,6.438,2.299,-5.832,0.536
2022-06-10 23:00:00,6.076,3.654,2.709,-0.698
2022-06-11 00:00:00,4.032,-0.66,-2.401,0.587
2022-06-11 01:00:00,2.845,-0.199,-1.674,0.127
2022-06-11 02:00:00,4.493,1.524,3.762,0.452
2022-06-11 03:00:00,4.128,1.057,-2.151,-0.694
2022-06-11 04:00:00,6.127,3.036,-2.386,-4.36
2022-06-11 05:00:00,5.846,1.669,-1.773,-3.003
2022-06-11 06:00:00,4.356,1.673,1.465,-1.309
2022-06-11 07:00:00,3.887,0.622,2.704,1.255
2022-06-11 08:00:00,4.845,0.224,0.76,-0.535
2022-06-11 09:00:00,3.623,-1.257,2.883,0.985
2022-06-11 10:00:00,2.993,-1.033,2.401,-0.318
2022-06-11 11:00:00,4.161,-0.914,-1.183,2.195
2022-06-11 12:00:00,2.795,-0.167,0.235,1.678
2022-06-11 13:00:00,5.994,-2.312,0.381,2.508
2022-06-11 14:00:00,7.691,-4.35,3.401,4.038
2022-06-11 15:00:00,7.73,-4.944,3.638,4.484
2022-06-11 16:00:00,7.366,-4.688,4.129,3.0
2022-06-11 17:00:00,7.072,-3.534,5.047,1.154
2022-06-11 18:00:00,6.651,-1.58,4.604,0.248
2022-06-11 19:00:00,6.68,-4.566,1.234,3.859
2022-06-11 20:00:00,7.274,-4.164,3.055,3.539
2022-06-11 21:00:00,7.767,-1.355,5.007,-4.4
2022-06-11 22:00:00,7.276,-0.724,6.472,-1.221
2022-06-11 23:00:00,7.393,-1.578,5.196,3.954
2022-06-12 00:00:00,6.785,-5.306,1.252,3.812
2022-06-12 01:00:00,7.124,-5.688,1.775,3.381
2022-06-12 02:00:00,7.082,-6.445,1.938,0.135
2022-06-12 03:00:00,7.181,-3.59,4.724,-2.133
2022-06-12 04:00:00,9.346,-3.663,7.495,3.098
2022-06-12 05:00:00,10.424,-5.199,8.259,-1.276
2022-06-12 06:00:00,13.285,-6.791,10.908,2.8
2022-06-12 07:00:00,13.305,-6.971,8.265,7.212
2022-06-12 08:00:00,13.654,-7.131,9.529,3.138
2022-06-12 09:00:00,14.246,-6.653,11.949,3.316
2022-06-12 10:00:00,14.048,-6.335,10.351,-0.307
2022-06-12 11:00:00,14.698,-9.119,10.502,-3.634
2022-06-12 12:00:00,14.598,-7.599,11.969,-1.255
2022-06-12 13:00:00,13.592,-7.298,10.188,-2.584
2022-06-12 14:00:00,13.059,-8.43,5.739,5.47
2022-06-12 15:00:00,12.984,-6.427,6.068,7.053
2022-06-12 16:00:00,13.76,-5.353,12.242,1.41
2022-06-12 17:00:00,13.336,-6.684,10.989,2.376
2022-06-12 18:00:00,12.426,-4.428,3.564,6.42
2022-06-12 19:00:00,13.743,-6.685,8.05,7.011
2022-06-12 20:00:00,12.749,-6.334,10.645,-0.388
2022-06-12 21:00:00,11.984,-7.485,8.316,-0.543
2022-06-12 22:00:00,11.835,-5.757,9.197,-1.156
2022-06-12 23:00:00,11.608,-6.735,7.336,3.045
2022-06-13 00:00:00,11.718,-5.137,9.301,-1.605
2022-06-13 01:00:00,11.947,-5.117,7.308,-6.526
2022-06-13 02:00:00,11.878,-2.762,10.09,-2.798
2022-06-13 03:00:00,11.39,-4.766,9.597,2.236
2022-06-13 04:00:00,10.901,-4.442,7.599,2.554
2022-06-13 05:00:00,10.733,-4.485,8.624,0.0
2022-06-13 06:00:00,10.236,-3.493,8.343,1.282
2022-06-13 07:00:00,10.321,-3.954,8.685,-0.386
2022-06-13 08:00:00,10.249,-2.774,9.305,1.301
2022-06-13 09:00:00,10.354,-0.613,9.948,0.506
2022-06-13 10:00:00,10.111,-5.456,7.852,0.217
2022-06-13 11:00:00,10.068,-5.408,7.302,1.077
2022-06-13 12:00:00,10.034,-6.775,6.657,-1.101
2022-06-13 13:00:00,10.062,-5.193,8.198,-1.065
2022-06-13 14:00:00,9.972,-1.907,9.401,-0.186
2022-06-13 15:00:00,9.553,-5.134,6.938,-1.641
2022-06-13 16:00:00,9.053,-4.568,6.471,0.536
2022-06-13 17:00:00,8.432,-6.395,3.82,1.129
2022-06-13 18:00:00,8.471,-5.716,5.983,-0.144
2022-06-13 19:00:00,8.259,-4.517,6.568,0.084
2022-06-13 20:00:00,7.678,-5.219,3.708,0.456
2022-06-13 21:00:00,7.649,-5.131,4.564,-0.363
2022-06-13 22:00:00,7.936,-3.193,6.185,-1.235
2022-06-13 23:00:00,7.535,-2.782,4.731,1.149
2022-06-14 00:00:00,7.147,-6.078,0.071,1.578
2022-06-14 01:00:00,7.895,-4.58,-1.284,4.589
2022-06-14 02:00:00,8.03,-2.943,5.739,3.399
2022-06-14 03:00:00,7.639,-5.215,4.279,1.094
2022-06-14 04:00:00,7.456,-5.038,3.732,0.899
2022-06-14 05:00:00,7.766,-5.384,4.157,-0.233
2022-06-14 06:00:00,7.006,-3.278,2.604,2.726
2022-06-14 07:00:00,7.077,-4.491,1.417,4.634
2022-06-14 08:00:00,7.089,-4.111,2.901,1.159
2022-06-14 09:00:00,7.326,-2.886,6.038,-1.071
2022-06-14 10:00:00,7.289,-2.184,6.251,-1.269
2022-06-14 11:00:00,6.877,-3.087,5.285,0.416
2022-06-14 12:00:00,7.014,-2.9,2.695,1.784
2022-06-14 13:00:00,6.863,0.135,-2.916,3.526
2022-06-14 14:00:00,6.865,-2.536,-3.732,3.769
2022-06-14 15:00:00,6.883,-1.145,5.12,-2.868
2022-06-14 16:00:00,6.003,-4.098,-2.94,1.493
2022-06-14 17:00:00,6.138,-4.227,-0.757,2.35
2022-06-14 18:00:00,6.733,-3.838,3.103,3.288
2022-06-14 19:00:00,6.515,-3.076,3.694,2.132
2022-06-14 20:00:00,6.436,-2.189,5.15,0.275
2022-06-14 21:00:00,6.39,-4.08,4.169,1.37
2022-06-14 22:00:00,5.724,-4.645,0.957,1.459
2022-06-14 23:00:00,5.889,-5.115,1.886,0.142
2022-06-15 00:00:00,5.628,-4.499,2.068,1.469
2022-06-15 01:00:00,6.055,-2.176,5.282,0.259
2022-06-15 02:00:00,5.613,-1.299,4.537,-0.951
2022-06-15 03:00:00,5.654,0.715,4.93,-0.628
2022-06-15 04:00:00,11.553,-4.528,6.181,1.638
2022-06-15 05:00:00,11.8,-4.374,7.51,3.827
2022-06-15 06:00:00,11.92,-5.76,7.352,3.877
2022-06-15 07:00:00,12.59,-2.005,9.711,-2.948
2022-06-15 08:00:00,9.763,-3.908,3.853,6.182
2022-06-15 09:00:00,7.41,-2.421,6.537,0.107
2022-06-15 10:00:00,7.181,-0.723,4.529,-3.32
2022-06-15 11:00:00,7.708,4.484,2.907,-5.321
2022-06-15 12:00:00,7.024,3.069,2.219,-5.618
2022-06-15 13:00:00,7.656,2.027,2.199,-6.86
2022-06-15 14:00:00,7.855,-3.748,5.085,-2.735
2022-06-15 15:00:00,7.799,-2.979,5.536,-3.76
2022-06-15 16:00:00,7.566,-3.485,6.009,-0.98
2022-06-15 17:00:00,8.408,-5.865,4.597,2.47
2022-06-15 18:00:00,8.857,-6.225,3.903,4.508
2022-06-15 19:00:00,8.176,-5.164,5.153,2.181
2022-06-15 20:00:00,7.679,-5.104,0.258,4.375
2022-06-15 21:00:00,6.6,-3.399,2.125,-1.081
2022-06-15 22:00:00,6.232,-3.142,0.47,3.1
2022-06-15 23:00:00,6.709,-3.903,-0.743,4.512
2022-06-16 00:00:00,6.784,-5.412,0.728,2.605
2022-06-16 01:00:00,6.675,-3.472,2.606,4.098
2022-06-16 02:00:00,6.651,-3.415,2.431,4.05
2022-06-16 03:00:00,6.624,-2.593,2.472,4.895
2022-06-16 04:00:00,6.136,-3.26,2.555,-0.688
2022-06-16 05:00:00,5.875,-3.518,1.278,1.865
2022-06-16 06:00:00,5.774,-3.185,-0.153,4.074
2022-06-16 07:00:00,5.058,-3.213,1.544,0.329
2022-06-16 08:00:00,5.523,-3.65,1.956,-1.155
2022-06-16 09:00:00,5.484,-3.508,2.746,0.53
2022-06-16 10:00:00,6.149,-1.347,3.642,2.133
2022-06-16 11:00:00,6.016,-2.334,3.36,-0.54
2022-06-16 12:00:00,6.203,-3.197,2.337,-2.776
2022-06-16 13:00:00,5.921,-3.916,2.292,1.352
2022-06-16 14:00:00,5.718,-4.708,2.002,1.262
2022-06-16 15:00:00,5.912,-4.322,1.128,2.504
2022-06-16 16:00:00,5.751,-3.372,0.409,1.154
2022-06-16 17:00:00,5.959,-4.367,0.538,2.087
2022-06-16 18:00:00,5.767,-3.696,1.345,-0.771
2022-06-16 19:00:00,6.313,-5.438,2.334,0.555
2022-06-16 20:00:00,7.258,-3.965,2.751,-0.135
2022-06-16 21:00:00,7.059,-1.537,3.106,-2.128
2022-06-16 22:00:00,6.589,-4.787,-0.661,1.38
2022-06-16 23:00:00,6.74,-3.012,4.022,2.743
2022-06-17 00:00:00,6.917,-3.591,1.085,-1.681
2022-06-17 01:00:00,6.972,-4.52,4.619,-1.818
2022-06-17 02:00:00,6.859,-5.085,3.697,0.136
2022-06-17 03:00:00,7.043,-4.142,4.811,0.918
2022-06-17 04:00:00,7.23,-5.022,2.767,2.495
2022-06-17 05:00:00,6.745,-3.167,-1.54,2.913
2022-06-17 06:00:00,6.002,-3.135,1.377,2.441
2022-06-17 07:00:00,5.949,-3.336,3.639,2.06
2022-06-17 08:00:00,5.319,-3.084,2.135,0.911
2022-06-17 09:00:00,5.133,-3.105,1.702,0.737
2022-06-17 10:00:00,4.974,-2.58,-0.785,-1.618
2022-06-17 11:00:00,5.471,-2.183,-2.371,-0.053
2022-06-17 12:00:00,5.413,-2.595,1.139,0.229
2022-06-17 13:00:00,5.599,-2.555,3.443,1.893
2022-06-17 14:00:00,5.375,-2.966,1.615,1.405
2022-06-17 15:00:00,5.755,-3.865,1.292,2.738
2022-06-17 16:00:00,5.823,-3.597,1.625,1.222
2022-06-17 17:00:00,5.883,-2.133,2.92,-0.728
2022-06-17 18:00:00,5.946,-3.539,2.493,0.725
2022-06-17 19:00:00,5.756,-1.109,2.328,1.983
2022-06-17 20:00:00,5.406,-1.169,2.737,3.015
2022-06-17 21:00:00,5.494,-3.795,1.839,2.025
2022-06-17 22:00:00,5.231,-1.57,2.318,-0.208
2022-06-17 23:00:00,4.637,-2.647,1.085,-0.838
2022-06-18 00:00:00,4.968,-1.161,3.45,-0.269
2022-06-18 01:00:00,5.23,-0.224,3.331,-2.76
2022-06-18 02:00:00,4.594,-1.271,3.698,0.628
2022-06-18 03:00:00,5.273,-0.25,4.434,2.158
2022-06-18 04:00:00,5.121,-0.993,4.837,0.343
2022-06-18 05:00:00,5.397,-0.83,5.213,-0.151
2022-06-18 06:00:00,6.23,-1.486,5.542,1.261
2022-06-18 07:00:00,6.053,-2.755,1.4,2.615
2022-06-18 08:00:00,5.238,-1.87,0.857,-1.245
2022-06-18 09:00:00,5.84,-4.63,-0.22,1.905
2022-06-18 10:00:00,6.123,-4.367,1.86,3.171
2022-06-18 11:00:00,5.847,-3.188,3.147,3.4
2022-06-18 12:00:00,5.921,-3.123,4.038,2.737
2022-06-18 13:00:00,5.845,-3.504,3.676,2.511
2022-06-18 14:00:00,5.696,-2.644,4.505,0.725
2022-06-18 15:00:00,5.544,-3.34,2.645,2.754
2022-06-18 16:00:00,5.179,-2.789,3.728,1.597
2022-06-18 17:00:00,5.209,-3.125,3.093,2.252
2022-06-18 18:00:00,5.15,-2.138,0.499,-0.424
2022-06-18 19:00:00,5.54,-3.053,-2.513,0.439
2022-06-18 20:00:00,5.344,-3.027,0.63,-1.697
2022-06-18 21:00:00,5.543,-2.212,-1.269,-0.493
2022-06-18 22:00:00,5.319,-2.129,-2.968,-2.375
2022-06-18 23:00:00,5.356,-0.703,-2.816,1.144
2022-06-19 00:00:00,5.089,-1.604,-2.684,-0.9
2022-06-19 01:00:00,4.588,-2.95,-1.58,-1.641
2022-06-19 02:00:00,4.068,-2.565,-1.033,-0.597
2022-06-19 03:00:00,4.547,-3.137,1.864,-1.494
2022-06-19 04:00:00,4.659,-3.975,-0.477,0.693
2022-06-19 05:00:00,4.31,-2.123,-1.558,1.929
2022-06-19 06:00:00,4.419,-2.762,-2.223,-0.66
2022-06-19 07:00:00,4.993,-3.058,-3.308,-1.243
2022-06-19 08:00:00,4.345,-3.838,-1.075,-0.242
2022-06-19 09:00:00,3.437,-2.808,0.131,-0.225
2022-06-19 10:00:00,4.299,-2.864,1.316,-0.383
2022-06-19 11:00:00,5.424,-5.014,0.911,-1.012
2022-06-19 12:00:00,5.641,3.062,2.047,1.977
2022-06-19 13:00:00,5.686,4.982,2.328,0.642
2022-06-19 14:00:00,4.867,-0.878,1.402,-1.524
2022-06-19 15:00:00,5.474,-4.799,0.53,-1.743
2022-06-19 16:00:00,5.301,-4.288,1.721,-2.003
2022-06-19 17:00:00,5.095,-4.665,0.908,-0.2
2022-06-19 18:00:00,4.985,-4.351,0.885,0.562
2022-06-19 19:00:00,4.981,-4.098,1.087,0.84
2022-06-19 20:00:00,4.963,-4.735,-0.043,0.856
2022-06-19 21:00:00,5.288,-4.892,0.193,1.339
2022-06-19 22:00:00,5.61,-5.202,0.101,1.392
2022-06-19 23:00:00,6.006,-5.837,-0.223,0.706
2022-06-20 00:00:00,6.297,-6.019,0.462,-0.533
2022-06-20 01:00:00,6.8,-6.658,0.822,0.049
2022-06-20 02:00:00,6.945,-6.825,-0.734,0.171
2022-06-20 03:00:00,7.346,-7.185,-0.988,-0.117
2022-06-20 04:00:00,7.407,-6.555,2.804,-0.854
2022-06-20 05:00:00,6.976,-5.881,2.741,-1.099
2022-06-20 06:00:00,7.69,-4.722,5.401,-0.031
2022-06-20 07:00:00,8.594,-3.544,7.294,-0.291
2022-06-20 08:00:00,8.625,-5.404,6.273,-0.093
2022-06-20 09:00:00,5.875,-3.894,2.734,-1.071
2022-06-20 10:00:00,4.438,-1.399,1.958,-1.662
2022-06-20 11:00:00,6.543,-3.731,4.824,-2.068
2022-06-20 12:00:00,6.281,-1.78,4.085,-2.102
2022-06-20 13:00:00,6.517,4.221,1.937,-4.351
2022-06-20 14:00:00,6.202,3.251,1.514,-4.906
2022-06-20 15:00:00,5.492,3.295,0.167,-4.165
2022-06-20 16:00:00,5.279,4.312,-0.821,-2.776
2022-06-20 17:00:00,4.4,3.455,-2.302,-0.642
2022-06-20 18:00:00,4.63,-2.663,2.173,1.316
2022-06-20 19:00:00,4.744,-3.879,2.373,-0.387
2022-06-20 20:00:00,4.71,-2.11,3.214,0.808
2022-06-20 21:00:00,4.608,-3.241,2.895,-0.077
2022-06-20 22:00:00,4.603,-3.729,1.645,-1.66
2022-06-20 23:00:00,4.508,-4.056,1.186,-0.436
2022-06-21 00:00:00,4.822,-3.939,1.537,-1.853
2022-06-21 01:00:00,5.084,-2.913,3.8,-1.178
2022-06-21 02:00:00,5.426,-0.662,4.515,1.795
2022-06-21 03:00:00,5.528,-4.798,2.157,0.631
2022-06-21 04:00:00,5.73,-3.378,3.589,1.392
2022-06-21 05:00:00,5.978,-4.275,3.896,0.648
2022-06-21 06:00:00,6.594,-3.15,5.543,-0.188
2022-06-21 07:00:00,6.298,-3.308,4.632,-0.803
2022-06-21 08:00:00,5.788,-3.457,1.371,0.62
2022-06-21 09:00:00,5.329,0.009,-2.011,-0.33
2022-06-21 10:00:00,4.586,3.658,-1.779,-1.488
2022-06-21 11:00:00,2.442,1.507,-0.096,-0.75
2022-06-21 12:00:00,3.053,-1.156,1.997,-0.87
2022-06-21 13:00:00,4.222,-3.511,-0.582,1.133
2022-06-21 14:00:00,4.677,-0.948,-4.252,0.362
2022-06-21 15:00:00,4.953,-2.436,-3.819,0.225
2022-06-21 16:00:00,5.157,-2.09,-4.11,1.687
2022-06-21 17:00:00,5.579,0.138,-5.24,0.357
2022-06-21 18:00:00,5.838,1.242,-5.355,0.675
2022-06-21 19:00:00,5.916,2.524,-5.156,0.949
2022-06-21 20:00:00,5.959,3.854,-3.641,0.477
2022-06-21 21:00:00,6.006,4.162,0.293,-3.207
2022-06-21 22:00:00,6.1,4.88,-1.686,-1.166
2022-06-21 23:00:00,6.405,3.564,-4.484,0.719
2022-06-22 00:00:00,6.54,4.753,-3.647,-1.113
2022-06-22 01:00:00,6.701,4.284,-4.892,0.634
2022-06-22 02:00:00,6.787,4.152,-4.409,-0.709
2022-06-22 03:00:00,7.361,5.694,-4.137,-0.928
2022-06-22 04:00:00,7.396,5.593,-2.857,-3.355
2022-06-22 05:00:00,7.849,4.011,-6.382,-1.074
2022-06-22 06:00:00,7.465,4.465,0.581,-4.25
2022-06-22 07:00:00,7.118,4.664,-2.508,-3.936
2022-06-22 08:00:00,5.43,3.005,-3.857,-0.659
2022-06-22 09:00:00,6.074,3.071,-4.42,-0.52
2022-06-22 10:00:00,6.564,5.65,-2.473,-1.266
2022-06-22 11:00:00,6.84,5.682,1.602,-2.392
2022-06-22 12:00:00,7.831,6.111,1.162,-4.295
2022-06-22 13:00:00,7.234,6.282,2.452,-1.484
2022-06-22 14:00:00,7.038,6.329,2.081,-1.342
2022-06-22 15:00:00,7.074,6.627,-0.69,1.119
2022-06-22 16:00:00,7.01,5.474,-3.82,0.341
2022-06-22 17:00:00,7.132,5.393,-4.36,-0.191
2022-06-22 18:00:00,6.21,3.801,-3.193,-2.651
2022-06-22 19:00:00,6.33,4.607,-3.989,-0.704
2022-06-22 20:00:00,6.328,4.98,-3.344,-0.774
2022-06-22 21:00:00,6.191,2.129,-4.909,1.143
2022-06-22 22:00:00,5.86,2.542,-3.497,-2.352
2022-06-22 23:00:00,5.806,4.501,-2.082,-0.899
2022-06-23 00:00:00,5.792,3.792,-3.543,-0.941
2022-06-23 01:00:00,5.823,2.206,-3.8,-1.451
2022-06-23 02:00:00,6.075,2.907,-4.481,-1.48
2022-06-23 03:00:00,6.335,2.985,-5.01,-0.361
2022-06-23 04:00:00,6.323,2.942,-3.931,1.296
2022-06-23 05:00:00,6.299,2.489,-3.021,3.626
2022-06-23 06:00:00,6.395,4.827,-1.783,0.196
2022-06-23 07:00:00,5.941,0.357,-3.266,-1.569
2022-06-23 08:00:00,6.135,4.322,-3.376,0.846
2022-06-23 09:00:00,6.181,3.126,-3.466,1.723
2022-06-23 10:00:00,6.468,4.384,-4.108,1.536
2022-06-23 11:00:00,6.416,3.162,-4.95,1.162
2022-06-23 12:00:00,6.473,4.532,-3.246,0.899
2022-06-23 13:00:00,6.485,4.515,-3.004,-0.118
2022-06-23 14:00:00,6.594,5.895,-2.38,-0.002
2022-06-23 15:00:00,6.471,5.809,-1.484,0.333
2022-06-23 16:00:00,6.465,4.235,-2.787,-0.875
2022-06-23 17:00:00,6.492,4.8,-2.237,0.173
2022-06-23 18:00:00,6.719,2.894,-4.998,-1.625
2022-06-23 19:00:00,8.299,4.218,-2.812,3.854
2022-06-23 20:00:00,7.82,4.85,-3.04,3.328
2022-06-23 21:00:00,7.65,4.199,-5.445,0.668
2022-06-23 22:00:00,7.446,4.55,-2.196,-2.435
2022-06-23 23:00:00,7.412,5.494,-2.674,1.324
2022-06-24 00:00:00,7.375,6.812,-2.22,1.061
2022-06-24 01:00:00,7.43,6.335,-3.214,1.915
2022-06-24 02:00:00,7.28,4.874,-1.84,4.604
2022-06-24 03:00:00,6.937,5.044,-1.937,4.063
2022-06-24 04:00:00,7.279,5.376,-1.245,4.545
2022-06-24 05:00:00,7.217,5.473,-3.307,3.092
2022-06-24 06:00:00,7.021,5.066,-3.781,2.846
2022-06-24 07:00:00,6.93,6.002,-0.807,2.551
2022-06-24 08:00:00,7.419,6.541,-1.894,2.634
2022-06-24 09:00:00,7.19,6.369,-2.876,1.118
2022-06-24 10:00:00,6.986,5.354,-3.803,2.033
2022-06-24 11:00:00,7.067,3.377,-5.825,1.847
2022-06-24 12:00:00,7.06,2.648,-6.372,1.307
2022-06-24 13:00:00,6.915,2.379,-6.388,0.892
2022-06-24 14:00:00,6.74,6.072,-0.218,0.776
2022-06-24 15:00:00,7.497,7.109,-0.955,-1.098
2022-06-24 16:00:00,8.431,4.805,-6.195,-1.019
2022-06-24 17:00:00,9.352,3.586,-7.737,-2.849
2022-06-24 18:00:00,9.554,1.691,-7.585,-5.29
2022-06-24 19:00:00,9.204,4.979,-6.487,-1.306
2022-06-24 20:00:00,8.951,3.111,-6.78,-4.452
2022-06-24 21:00:00,8.921,4.017,-6.74,-2.798
2022-06-24 22:00:00,9.132,1.888,-7.333,-4.629
2022-06-24 23:00:00,9.158,1.687,-7.412,-4.009
2022-06-25 00:00:00,8.996,4.788,-6.182,-3.034
2022-06-25 01:00:00,9.139,4.125,-7.467,-2.922
2022-06-25 02:00:00,8.836,3.132,-7.377,-3.124
2022-06-25 03:00:00,8.541,4.26,-6.706,-2.705
2022-06-25 04:00:00,8.414,3.928,-6.459,-3.202
2022-06-25 05:00:00,8.656,3.733,-6.786,-3.693
2022-06-25 06:00:00,8.759,4.643,-6.461,-3.265
2022-06-25 07:00:00,9.038,4.322,-5.363,-4.691
2022-06-25 08:00:00,9.728,6.116,-5.167,-2.957
2022-06-25 09:00:00,11.553,5.465,-7.991,0.067
2022-06-25 10:00:00,12.783,6.9,-9.941,0.565
2022-06-25 11:00:00,12.904,7.521,-8.753,-5.106
2022-06-25 12:00:00,12.244,8.309,-6.302,-6.294
2022-06-25 13:00:00,11.892,6.811,-5.838,-7.616
2022-06-25 14:00:00,11.591,5.393,-5.588,-8.519
2022-06-25 15:00:00,11.834,4.042,-8.93,-6.297
2022-06-25 16:00:00,12.407,3.873,-8.435,-8.104
2022-06-25 17:00:00,12.565,3.068,-7.445,-9.444
2022-06-25 18:00:00,12.184,2.978,-5.598,-8.318
2022-06-25 19:00:00,10.616,6.222,-5.736,5.283
2022-06-25 20:00:00,11.539,1.61,-7.564,-8.302
2022-06-25 21:00:00,12.032,0.232,-8.308,-8.443
2022-06-25 22:00:00,11.127,-0.526,-5.177,-8.48
2022-06-25 23:00:00,11.35,-2.097,-2.807,-4.284
2022-06-26 00:00:00,11.155,7.603,-5.876,0.132
2022-06-26 01:00:00,12.646,9.469,-8.166,-0.652
2022-06-26 02:00:00,12.026,10.135,-6.198,-1.523
2022-06-26 03:00:00,11.313,9.09,-6.428,-1.278
2022-06-26 04:00:00,10.144,8.993,-4.167,0.683
2022-06-26 05:00:00,8.944,7.617,-1.796,3.615
2022-06-26 06:00:00,7.318,3.75,-1.063,2.152
2022-06-26 07:00:00,6.402,-4.388,-1.013,-4.228
2022-06-26 08:00:00,5.726,-2.293,-2.509,-3.652
2022-06-26 09:00:00,6.428,-0.066,-2.54,-5.274
2022-06-26 10:00:00,7.487,0.295,-5.003,-2.589
2022-06-26 11:00:00,8.441,-1.815,-2.48,-5.605
2022-06-26 12:00:00,6.25,1.103,-4.608,1.536
2022-06-26 13:00:00,6.284,4.225,-0.932,1.452
2022-06-26 14:00:00,6.797,5.027,-1.62,0.039
2022-06-26 15:00:00,7.163,2.84,-5.256,-0.633
2022-06-26 16:00:00,7.662,1.991,-4.254,-2.442
2022-06-26 17:00:00,7.771,1.18,-4.222,-0.657
2022-06-26 18:00:00,7.411,2.336,-3.149,1.944
2022-06-26 19:00:00,7.872,3.859,-2.189,4.686
2022-06-26 20:00:00,6.971,2.724,-4.669,-0.773
2022-06-26 21:00:00,7.021,2.432,-3.993,-1.164
2022-06-26 22:00:00,6.724,3.644,-1.299,-1.844
2022-06-26 23:00:00,6.331,4.868,-0.233,-2.951
2022-06-27 00:00:00,5.924,1.428,-2.357,3.218
2022-06-27 01:00:00,6.084,1.018,-3.85,-3.829
2022-06-27 02:00:00,5.812,-0.059,-4.41,-1.654
2022-06-27 03:00:00,6.209,4.04,-2.519,-3.079
2022-06-27 04:00:00,6.483,5.694,-1.244,-2.435
2022-06-27 05:00:00,5.887,2.215,-4.575,-0.615
2022-06-27 06:00:00,6.178,0.967,-5.474,1.165
2022-06-27 07:00:00,6.559,1.249,-4.538,3.41
2022-06-27 08:00:00,6.392,4.894,-1.276,3.425
2022-06-27 09:00:00,6.275,4.835,-1.949,2.917
2022-06-27 10:00:00,6.483,5.718,-1.444,1.96
2022-06-27 11:00:00,6.483,6.206,0.254,1.448
2022-06-27 12:00:00,6.351,6.141,0.965,0.694
2022-06-27 13:00:00,6.594,6.505,0.1,0.408
2022-06-27 14:00:00,6.075,6.001,-0.315,0.185
2022-06-27 15:00:00,5.907,5.821,-0.464,-0.075
2022-06-27 16:00:00,6.021,5.793,-1.303,0.446
2022-06-27 17:00:00,6.106,5.603,-2.12,-0.032
2022-06-27 18:00:00,5.713,5.114,-2.073,0.172
2022-06-27 19:00:00,5.505,4.659,-2.588,-0.279
2022-06-27 20:00:00,5.068,3.864,-2.697,0.352
2022-06-27 21:00:00,4.924,3.656,-2.553,-0.763
2022-06-27 22:00:00,4.702,1.336,-3.391,0.138
2022-06-27 23:00:00,5.096,3.056,-3.414,0.599
2022-06-28 00:00:00,5.104,2.523,-3.281,0.851
2022-06-28 01:00:00,4.888,-0.668,-3.466,1.755
2022-06-28 02:00:00,4.857,2.128,-0.91,2.655
2022-06-28 03:00:00,5.616,0.646,-4.518,1.295
2022-06-28 04:00:00,5.106,0.416,-3.124,-2.912
2022-06-28 05:00:00,4.955,0.17,-3.653,0.993
2022-06-28 06:00:00,4.543,-0.514,-3.264,-0.659
2022-06-28 07:00:00,4.665,-0.956,-2.979,0.928
2022-06-28 08:00:00,4.558,-1.82,-2.172,0.078
2022-06-28 09:00:00,4.511,0.611,-2.028,0.887
2022-06-28 10:00:00,3.828,-0.148,-2.255,-0.043
2022-06-28 11:00:00,4.104,1.321,-0.987,2.745
2022-06-28 12:00:00,3.434,0.635,-1.215,0.89
2022-06-28 13:00:00,3.491,1.088,-1.562,0.364
2022-06-28 14:00:00,3.669,-1.194,-2.037,2.426
2022-06-28 15:00:00,3.654,0.988,-1.094,2.292
2022-06-28 16:00:00,4.133,2.129,-1.353,1.29
2022-06-28 17:00:00,3.952,3.25,-0.765,-1.215
2022-06-28 18:00:00,4.29,4.029,0.161,0.273
2022-06-28 19:00:00,4.015,2.706,0.274,-1.601
2022-06-28 20:00:00,3.722,0.065,-1.253,-2.452
2022-06-28 21:00:00,3.679,1.57,-1.18,-1.591
2022-06-28 22:00:00,3.458,1.616,-0.722,-2.103
2022-06-28 23:00:00,3.548,2.227,-0.022,-2.258
2022-06-29 00:00:00,3.363,-0.543,-1.325,-0.444
2022-06-29 01:00:00,3.017,-1.359,-1.557,0.159
2022-06-29 02:00:00,3.682,1.706,-0.886,2.283
2022-06-29 03:00:00,3.903,1.335,-2.336,1.191
2022-06-29 04:00:00,3.347,1.257,-1.376,-1.831
2022-06-29 05:00:00,4.29,-3.331,-1.805,-0.723
2022-06-29 06:00:00,5.092,-2.347,-4.034,-0.793
2022-06-29 07:00:00,5.939,-4.562,-3.534,-0.843
2022-06-29 08:00:00,6.053,-4.896,-2.739,-2.039
2022-06-29 09:00:00,6.234,-5.168,-2.629,-2.143
2022-06-29 10:00:00,5.547,-4.417,-1.771,-2.52
2022-06-29 11:00:00,4.574,-3.02,-2.076,-2.249
2022-06-29 12:00:00,4.155,-0.987,-2.524,0.467
2022-06-29 13:00:00,4.908,1.496,-2.096,2.863
2022-06-29 14:00:00,4.801,1.542,-1.627,3.695
2022-06-29 15:00:00,4.59,1.611,-1.531,3.87
2022-06-29 16:00:00,4.493,2.429,-0.402,3.451
2022-06-29 17:00:00,3.893,1.432,-1.164,2.971
2022-06-29 18:00:00,3.788,1.787,-1.274,2.348
2022-06-29 19:00:00,3.681,2.362,-1.26,1.647
2022-06-29 20:00:00,3.224,0.243,-2.429,1.408
2022-06-29 21:00:00,4.459,1.818,-3.411,1.765
2022-06-29 22:00:00,3.576,-0.327,-2.42,2.177
2022-06-29 23:00:00,3.385,0.007,-2.115,1.461
2022-06-30 00:00:00,3.245,0.362,-2.451,1.387
2022-06-30 01:00:00,2.865,0.474,-2.431,-0.071
2022-06-30 02:00:00,3.529,1.566,-1.778,1.126
2022-06-30 03:00:00,4.127,3.479,-0.281,1.964
2022-06-30 04:00:00,3.612,2.514,0.478,2.114
2022-06-30 05:00:00,3.53,2.692,-1.394,0.827
2022-06-30 06:00:00,4.364,4.024,1.09,0.846
2022-06-30 07:00:00,4.442,3.874,1.553,-0.723
2022-06-30 08:00:00,4.344,3.82,0.622,-1.646
2022-06-30 09:00:00,3.923,2.572,-1.713,-2.07
2022-06-30 10:00:00,4.063,0.917,-3.423,-1.534
2022-06-30 11:00:00,4.262,2.048,-2.411,-2.038
2022-06-30 12:00:00,3.907,0.788,-3.308,-1.34
2022-06-30 13:00:00,3.794,1.852,-2.734,-1.71
2022-06-30 14:00:00,3.872,2.913,-1.643,-1.648
2022-06-30 15:00:00,4.337,3.986,-1.076,-1.044
2022-06-30 16:00:00,4.628,4.445,-0.946,0.217
2022-06-30 17:00:00,4.168,3.276,-1.625,-0.293
2022-06-30 18:00:00,3.568,2.686,-2.133,-0.533
2022-06-30 19:00:00,3.855,3.018,-2.044,-0.077
2022-06-30 20:00:00,4.056,3.85,-0.714,-0.027
2022-06-30 21:00:00,4.239,4.028,-0.999,-0.02
2022-06-30 22:00:00,4.236,4.004,-1.124,0.235
2022-06-30 23:00:00,4.064,3.819,-1.161,-0.13
2022-07-01 00:00:00,3.988,3.607,-1.223,0.585
2022-07-01 01:00:00,3.955,3.612,-0.908,0.736
2022-07-01 02:00:00,4.044,3.856,-0.373,0.591
2022-07-01 03:00:00,3.877,3.661,-0.906,0.159
2022-07-01 04:00:00,3.444,2.484,-2.162,0.083
2022-07-01 05:00:00,3.377,1.89,-2.473,-0.288
2022-07-01 06:00:00,3.086,1.298,-2.569,0.029
2022-07-01 07:00:00,2.878,0.912,-2.639,0.221
2022-07-01 08:00:00,2.888,0.376,-2.729,0.372
2022-07-01 09:00:00,4.183,0.082,-4.069,0.185
2022-07-01 10:00:00,4.403,-0.206,-4.191,-0.016
2022-07-01 11:00:00,4.669,0.174,-4.298,-1.102
2022-07-01 12:00:00,4.837,0.57,-3.535,2.261
2022-07-01 13:00:00,5.065,0.934,-4.565,0.08
2022-07-01 14:00:00,5.373,1.78,-4.183,1.097
2022-07-01 15:00:00,5.614,-1.582,-5.193,0.047
2022-07-01 16:00:00,6.054,0.335,-5.849,-0.448
2022-07-01 17:00:00,6.747,-0.994,-5.638,-1.376
2022-07-01 18:00:00,7.267,-0.029,-6.752,-1.09
2022-07-01 19:00:00,8.825,0.639,-8.737,0.011
2022-07-01 20:00:00,9.504,-0.07,-9.126,-2.219
2022-07-01 21:00:00,9.73,0.585,-7.803,-5.058
2022-07-01 22:00:00,9.073,-0.349,-5.575,-4.716
2022-07-01 23:00:00,10.302,0.439,2.322,-8.741
2022-07-02 00:00:00,12.158,0.794,8.311,-6.622
2022-07-02 01:00:00,13.231,1.389,12.026,-5.102
2022-07-02 02:00:00,12.807,1.249,9.557,-8.114
2022-07-02 03:00:00,12.455,1.848,5.931,-10.533
2022-07-02 04:00:00,12.267,1.345,-0.482,-12.049
2022-07-02 05:00:00,12.929,0.589,-4.682,-11.945
2022-07-02 06:00:00,13.137,-0.413,-5.903,-11.613
2022-07-02 07:00:00,13.384,-0.191,-7.302,-11.157
2022-07-02 08:00:00,13.383,0.444,-7.948,-10.682
2022-07-02 09:00:00,13.544,1.355,-9.65,-9.305
2022-07-02 10:00:00,13.646,2.292,-10.86,-7.782
2022-07-02 11:00:00,13.362,-1.665,-13.137,-0.751
2022-07-02 12:00:00,12.848,-1.243,-12.683,0.36
2022-07-02 13:00:00,12.033,0.917,-11.898,-1.171
2022-07-02 14:00:00,11.368,0.943,-11.181,-0.634
2022-07-02 15:00:00,11.334,2.193,-10.921,-0.477
2022-07-02 16:00:00,11.224,2.234,-10.797,1.139
2022-07-02 17:00:00,11.029,3.409,-9.76,3.433
2022-07-02 18:00:00,10.291,0.81,-9.11,4.284
2022-07-02 19:00:00,9.829,-0.881,-7.638,5.889
2022-07-02 20:00:00,8.484,-0.359,-6.27,5.478
2022-07-02 21:00:00,9.185,-0.507,-6.822,4.991
2022-07-02 22:00:00,8.472,0.412,-7.393,3.823
2022-07-02 23:00:00,7.029,1.895,-6.474,1.183
2022-07-03 00:00:00,4.73,-0.381,-4.132,2.103
2022-07-03 01:00:00,4.385,-0.456,-3.636,2.267
2022-07-03 02:00:00,5.155,0.156,-3.841,3.31
2022-07-03 03:00:00,4.476,1.225,-3.167,2.754
2022-07-03 04:00:00,4.477,1.641,-2.649,3.121
2022-07-03 05:00:00,4.879,1.423,-2.443,3.921
2022-07-03 06:00:00,5.365,1.729,-2.913,4.096
2022-07-03 07:00:00,7.563,1.214,-3.642,6.461
2022-07-03 08:00:00,9.038,0.778,-1.931,8.685
2022-07-03 09:00:00,9.165,0.513,-0.665,8.957
2022-07-03 10:00:00,9.974,1.155,-0.563,9.612
2022-07-03 11:00:00,9.542,-0.688,1.803,8.875
2022-07-03 12:00:00,10.283,0.414,-3.236,9.186
2022-07-03 13:00:00,11.127,1.081,-8.876,6.412
2022-07-03 14:00:00,9.817,-0.998,-6.629,6.483
2022-07-03 15:00:00,9.833,-2.789,-8.007,4.73
2022-07-03 16:00:00,8.897,-1.095,-8.456,1.267
2022-07-03 17:00:00,8.881,-0.092,-8.617,-0.591
2022-07-03 18:00:00,9.98,-1.706,-9.565,-0.953
2022-07-03 19:00:00,9.041,1.123,-5.312,2.624
2022-07-03 20:00:00,10.131,7.928,0.568,5.848
2022-07-03 21:00:00,12.36,7.503,-5.971,7.183
2022-07-03 22:00:00,13.057,6.662,-10.231,3.922
2022-07-03 23:00:00,12.051,5.076,-10.568,-0.604
2022-07-04 00:00:00,9.656,4.013,-7.556,-3.482
2022-07-04 01:00:00,7.851,1.597,-2.967,-4.275
2022-07-04 02:00:00,10.77,-2.158,-4.053,-9.393
2022-07-04 03:00:00,13.885,-0.064,-9.552,-3.103
2022-07-04 04:00:00,18.097,1.931,-16.975,-2.691
2022-07-04 05:00:00,15.844,0.573,-15.565,-0.643
2022-07-04 06:00:00,15.417,-1.174,-6.531,12.396
2022-07-04 07:00:00,14.316,-1.023,-8.052,11.656
2022-07-04 08:00:00,15.159,-2.345,-3.345,12.558
2022-07-04 09:00:00,10.481,1.522,-8.608,0.708
2022-07-04 10:00:00,12.867,0.862,-11.252,-0.114
2022-07-04 11:00:00,12.679,1.596,-12.275,1.76
2022-07-04 12:00:00,14.031,2.902,-12.232,5.728
2022-07-04 13:00:00,12.904,5.215,-9.3,1.694
2022-07-04 14:00:00,10.65,7.826,-1.197,-5.78
2022-07-04 15:00:00,10.375,7.059,-1.769,-7.01
2022-07-04 16:00:00,9.751,5.916,-5.805,-3.252
2022-07-04 17:00:00,8.375,4.597,-6.282,-0.451
2022-07-04 18:00:00,7.774,3.981,-4.106,-4.672
2022-07-04 19:00:00,6.891,3.771,-5.004,-2.427
2022-07-04 20:00:00,5.667,2.729,-4.122,-2.54
2022-07-04 21:00:00,4.892,3.344,-2.674,-1.022
2022-07-04 22:00:00,3.312,-1.129,-2.52,0.048
2022-07-04 23:00:00,3.845,0.809,-3.165,0.185
2022-07-05 00:00:00,4.002,2.781,-2.384,1.264
2022-07-05 01:00:00,4.294,3.415,-1.106,2.035
2022-07-05 02:00:00,3.487,1.041,-2.876,1.326
2022-07-05 03:00:00,4.348,-2.269,-2.936,-0.169
2022-07-05 04:00:00,3.396,-1.335,-2.714,-0.638
2022-07-05 05:00:00,3.509,1.977,-1.99,1.073
2022-07-05 06:00:00,3.137,1.736,-2.207,-0.896
2022-07-05 07:00:00,3.711,3.327,-1.347,-0.078
2022-07-05 08:00:00,3.628,3.141,-1.601,0.178
2022-07-05 09:00:00,2.988,1.986,-2.011,0.057
2022-07-05 10:00:00,2.056,0.727,-1.66,-0.532
2022-07-05 11:00:00,2.193,0.742,-1.872,0.028
2022-07-05 12:00:00,2.614,1.449,-1.942,0.565
2022-07-05 13:00:00,2.245,0.775,-1.924,-0.028
2022-07-05 14:00:00,1.999,0.094,-1.517,-0.456
2022-07-05 15:00:00,2.514,0.727,-1.633,0.479
2022-07-05 16:00:00,2.383,1.899,-0.344,0.489
2022-07-05 17:00:00,2.083,1.418,-1.025,0.444
2022-07-05 18:00:00,1.572,0.873,-0.649,-0.227
2022-07-05 19:00:00,1.563,1.116,-0.14,-0.178
2022-07-05 20:00:00,1.78,0.881,-0.436,-0.618
2022-07-05 21:00:00,3.446,0.08,2.796,-0.471
2022-07-05 22:00:00,4.101,-2.154,3.17,-1.204
2022-07-05 23:00:00,4.027,-1.276,3.245,-1.09
2022-07-06 00:00:00,3.508,2.535,1.074,1.771
2022-07-06 01:00:00,2.878,1.489,-0.038,2.149
2022-07-06 02:00:00,3.491,1.672,1.852,2.099
2022-07-06 03:00:00,3.917,0.729,2.295,2.824
2022-07-06 04:00:00,4.662,0.529,4.219,0.887
2022-07-06 05:00:00,4.78,-0.467,3.209,-0.72
2022-07-06 06:00:00,4.281,0.948,2.56,-1.662
2022-07-06 07:00:00,6.706,1.539,4.698,-1.767
2022-07-06 08:00:00,6.511,1.503,5.579,1.868
2022-07-06 09:00:00,4.693,-0.265,2.538,1.367
2022-07-06 10:00:00,3.38,-0.549,1.403,-0.003
2022-07-06 11:00:00,3.224,-2.109,1.112,-0.128
2022-07-06 12:00:00,4.677,-4.438,-0.922,-0.216
2022-07-06 13:00:00,4.247,0.626,3.281,0.035
2022-07-06 14:00:00,3.881,-1.139,2.636,-0.637
2022-07-06 15:00:00,4.975,-1.756,0.385,-1.871
2022-07-06 16:00:00,6.383,2.656,5.15,1.583
2022-07-06 17:00:00,5.267,1.17,4.617,1.256
2022-07-06 18:00:00,4.782,2.481,3.777,0.975
2022-07-06 19:00:00,5.138,2.563,3.477,2.006
2022-07-06 20:00:00,4.898,2.157,2.776,2.858
2022-07-06 21:00:00,4.631,2.196,2.311,3.009
2022-07-06 22:00:00,4.712,3.607,1.465,1.937
2022-07-06 23:00:00,4.21,2.696,2.543,0.884
2022-07-07 00:00:00,4.099,0.433,2.955,2.09
2022-07-07 01:00:00,4.287,1.343,2.23,2.319
2022-07-07 02:00:00,4.016,1.847,2.435,1.338
2022-07-07 03:00:00,3.78,2.435,1.927,0.507
2022-07-07 04:00:00,3.251,-0.885,2.821,0.766
2022-07-07 05:00:00,2.453,0.501,1.957,-0.255
2022-07-07 06:00:00,2.366,0.272,0.468,-0.252
2022-07-07 07:00:00,2.822,-1.532,1.167,1.264
2022-07-07 08:00:00,6.597,4.732,2.69,-1.472
2022-07-07 09:00:00,4.268,-0.057,0.762,2.355
2022-07-07 10:00:00,7.767,1.443,1.062,-0.815
2022-07-07 11:00:00,19.079,11.319,10.213,-9.233
2022-07-07 12:00:00,20.486,11.524,10.921,-12.586
2022-07-07 13:00:00,21.075,12.204,7.959,-14.661
2022-07-07 14:00:00,20.568,11.678,3.265,-16.418
2022-07-07 15:00:00,20.017,10.68,1.483,-16.757
2022-07-07 16:00:00,19.505,9.439,-3.704,-16.47
2022-07-07 17:00:00,19.332,9.957,-5.936,-15.217
2022-07-07 18:00:00,18.697,8.52,-8.352,-14.116
2022-07-07 19:00:00,18.243,7.287,-9.961,-13.354
2022-07-07 20:00:00,18.202,7.212,-10.387,-12.714
2022-07-07 21:00:00,17.655,3.522,-13.323,-10.907
2022-07-07 22:00:00,17.847,1.361,-15.053,-9.374
2022-07-07 23:00:00,17.897,1.035,-16.03,-7.72
2022-07-08 00:00:00,19.784,-0.835,-17.448,-9.125
2022-07-08 01:00:00,21.658,-2.993,-21.108,-3.129
2022-07-08 02:00:00,21.211,-5.302,-19.944,3.788
2022-07-08 03:00:00,19.502,-6.076,-14.455,11.2
2022-07-08 04:00:00,18.729,-6.682,-9.173,14.736
2022-07-08 05:00:00,15.258,-2.922,-3.07,10.485
2022-07-08 06:00:00,14.489,-1.443,-8.517,2.917
2022-07-08 07:00:00,10.905,-2.377,-5.553,7.459
2022-07-08 08:00:00,12.249,-8.314,1.376,7.205
2022-07-08 09:00:00,12.113,-10.996,1.148,0.873
2022-07-08 10:00:00,11.8,-10.9,1.935,-3.666
2022-07-08 11:00:00,11.931,-11.481,-0.104,-2.993
2022-07-08 12:00:00,11.73,-11.244,-1.101,-2.647
2022-07-08 13:00:00,10.725,-10.033,-2.632,-0.949
2022-07-08 14:00:00,10.041,-9.009,-2.941,0.329
2022-07-08 15:00:00,9.025,-8.796,0.737,1.459
2022-07-08 16:00:00,7.888,-7.06,2.881,1.318
2022-07-08 17:00:00,6.706,-4.332,3.044,-3.317
2022-07-08 18:00:00,6.299,0.13,0.769,3.723
2022-07-08 19:00:00,4.562,1.493,-0.965,3.638
2022-07-08 20:00:00,4.94,2.072,-1.875,3.868
2022-07-08 21:00:00,7.81,2.699,-0.119,7.068
2022-07-08 22:00:00,7.835,-0.106,2.755,7.07
2022-07-08 23:00:00,7.624,-4.883,2.545,3.784
2022-07-09 00:00:00,7.34,-6.41,0.845,2.53
2022-07-09 01:00:00,6.391,-4.919,-2.863,-0.893
2022-07-09 02:00:00,6.339,-5.508,-2.044,-0.523
2022-07-09 03:00:00,6.342,-5.895,-1.746,0.644
2022-07-09 04:00:00,5.989,-5.215,-1.755,0.021
2022-07-09 05:00:00,6.431,-4.762,-3.429,2.336
2022-07-09 06:00:00,6.54,-3.983,-4.064,3.045
2022-07-09 07:00:00,6.342,-3.104,-3.651,4.04
2022-07-09 08:00:00,6.675,-3.523,-4.451,3.37
2022-07-09 09:00:00,6.076,-1.942,-3.615,4.387
2022-07-09 10:00:00,5.865,-2.159,-3.255,4.312
2022-07-09 11:00:00,4.932,-0.061,0.285,4.178
2022-07-09 12:00:00,5.063,0.198,0.043,-0.889
2022-07-09 13:00:00,4.884,1.14,-0.3,-4.441
2022-07-09 14:00:00,4.289,-0.59,-2.076,-3.598
2022-07-09 15:00:00,4.377,-2.286,-2.782,-0.37
2022-07-09 16:00:00,4.778,-3.414,-2.996,0.784
2022-07-09 17:00:00,5.09,-3.552,-2.905,-0.817
2022-07-09 18:00:00,5.313,-3.84,-3.105,-0.577
2022-07-09 19:00:00,4.558,-3.243,0.552,2.458
2022-07-09 20:00:00,5.023,-3.628,-2.79,0.366
2022-07-09 21:00:00,4.924,-4.022,-2.071,0.521
2022-07-09 22:00:00,4.68,-4.137,-1.854,0.465
2022-07-09 23:00:00,4.715,-4.248,-1.419,1.062
2022-07-10 00:00:00,5.035,-4.766,-0.996,0.994
2022-07-10 01:00:00,4.94,-4.203,-2.359,0.095
2022-07-10 02:00:00,4.579,-4.082,-1.145,1.014
2022-07-10 03:00:00,4.475,-4.064,-0.574,1.412
2022-07-10 04:00:00,4.479,-4.329,-0.295,0.69
2022-07-10 05:00:00,4.622,-4.323,0.093,1.314
2022-07-10 06:00:00,4.793,-3.827,-0.169,2.649
2022-07-10 07:00:00,7.267,-3.898,-0.189,5.984
2022-07-10 08:00:00,8.829,-6.117,3.449,4.957
2022-07-10 09:00:00,9.456,-6.187,6.939,1.409
2022-07-10 10:00:00,9.745,-5.069,7.394,-0.399
2022-07-10 11:00:00,9.513,-6.793,1.082,5.349
2022-07-10 12:00:00,7.046,-4.472,2.27,2.438
2022-07-10 13:00:00,5.291,-3.288,2.724,0.973
2022-07-10 14:00:00,7.165,-6.155,2.324,1.667
2022-07-10 15:00:00,6.734,-5.579,3.155,-0.73
2022-07-10 16:00:00,6.384,-4.836,3.444,-2.064
2022-07-10 17:00:00,5.515,-4.653,1.731,-2.183
2022-07-10 18:00:00,4.399,-1.68,0.895,-3.141
2022-07-10 19:00:00,4.777,-4.092,1.061,-1.056
2022-07-10 20:00:00,4.235,-3.906,-1.026,0.093
2022-07-10 21:00:00,3.978,-3.42,-1.448,-0.676
2022-07-10 22:00:00,3.418,1.026,-2.603,0.972
2022-07-10 23:00:00,3.14,-2.088,-1.672,0.765
2022-07-11 00:00:00,2.56,-1.815,-1.359,0.604
2022-07-11 01:00:00,3.273,-2.781,-1.006,0.823
2022-07-11 02:00:00,3.333,-2.584,-0.891,1.452
2022-07-11 03:00:00,2.981,-2.042,-1.357,1.395
2022-07-11 04:00:00,2.858,-1.388,-1.793,1.325
2022-07-11 05:00:00,4.927,-3.249,-0.881,2.962
2022-07-11 06:00:00,6.403,-5.124,-0.23,3.682
2022-07-11 07:00:00,7.368,-6.73,0.624,2.648
2022-07-11 08:00:00,6.886,-5.873,2.248,2.145
2022-07-11 09:00:00,6.87,-5.024,3.981,0.373
2022-07-11 10:00:00,9.428,-7.551,5.336,0.577
2022-07-11 11:00:00,11.164,-9.104,5.977,-2.024
2022-07-11 12:00:00,10.409,-8.072,6.061,-2.004
2022-07-11 13:00:00,10.26,-6.623,6.494,-3.491
2022-07-11 14:00:00,10.31,-6.169,7.106,-3.523
2022-07-11 15:00:00,7.885,-3.5,6.247,-2.119
2022-07-11 16:00:00,16.019,-4.652,14.443,-4.51
2022-07-11 17:00:00,14.0,-2.773,11.265,-6.175
2022-07-11 18:00:00,11.983,-2.546,8.308,-6.365
2022-07-11 19:00:00,12.568,-1.839,12.223,-1.853
2022-07-11 20:00:00,13.368,-1.14,12.733,-3.333
2022-07-11 21:00:00,11.821,-1.592,9.436,-4.543
2022-07-11 22:00:00,10.574,-1.916,9.834,-2.049
2022-07-11 23:00:00,10.182,-1.162,9.435,-2.619
2022-07-12 00:00:00,8.562,-1.988,7.786,-2.138
2022-07-12 01:00:00,8.369,-3.084,5.816,-1.563
2022-07-12 02:00:00,10.249,-6.289,5.641,1.234
2022-07-12 03:00:00,11.938,-5.0,10.019,-2.355
2022-07-12 04:00:00,12.729,-4.737,10.317,-2.012
2022-07-12 05:00:00,13.16,-7.564,4.229,7.66
2022-07-12 06:00:00,13.292,-4.163,6.544,-0.935
2022-07-12 07:00:00,15.176,-3.882,13.13,-3.103
2022-07-12 08:00:00,15.206,-8.39,3.244,10.992
2022-07-12 09:00:00,12.923,-7.509,3.994,8.901
2022-07-12 10:00:00,11.092,-3.121,6.074,-4.076
2022-07-12 11:00:00,9.942,-2.704,6.344,-5.308
2022-07-12 12:00:00,7.107,-5.448,2.293,0.569
2022-07-12 13:00:00,6.283,-4.124,3.863,-0.721
2022-07-12 14:00:00,7.187,-2.215,5.273,0.42
2022-07-12 15:00:00,8.167,-1.71,6.76,-2.866
2022-07-12 16:00:00,8.068,-2.28,6.865,-3.09
2022-07-12 17:00:00,7.268,0.243,5.726,-3.073
2022-07-12 18:00:00,5.877,-2.543,4.877,-0.716
2022-07-12 19:00:00,6.08,-2.997,4.851,-0.495
2022-07-12 20:00:00,6.714,-5.279,3.486,1.473
2022-07-12 21:00:00,6.572,-0.289,5.818,-1.118
2022-07-12 22:00:00,6.909,-1.982,6.237,0.469
2022-07-12 23:00:00,6.416,-2.438,5.365,1.652
2022-07-13 00:00:00,6.015,-2.083,5.214,1.953
2022-07-13 01:00:00,5.291,1.219,3.551,2.458
2022-07-13 02:00:00,4.724,1.065,3.651,1.638
2022-07-13 03:00:00,4.234,-1.153,3.017,1.784
2022-07-13 04:00:00,4.537,-1.177,3.381,1.177
2022-07-13 05:00:00,4.433,-1.017,3.153,1.712
2022-07-13 06:00:00,4.005,2.528,1.777,0.278
2022-07-13 07:00:00,3.066,-1.741,1.029,-0.338
2022-07-13 08:00:00,4.054,-1.16,2.859,0.574
2022-07-13 09:00:00,5.064,1.679,2.825,0.646
2022-07-13 10:00:00,5.187,3.974,3.044,-1.081
2022-07-13 11:00:00,4.979,3.664,2.983,-1.28
2022-07-13 12:00:00,4.984,3.102,2.942,-2.41
2022-07-13 13:00:00,4.711,0.151,3.73,-1.081
2022-07-13 14:00:00,5.508,-3.663,3.904,0.622
2022-07-13 15:00:00,5.641,-3.921,3.359,1.606
2022-07-13 16:00:00,5.601,-3.873,3.61,0.82
2022-07-13 17:00:00,5.734,-4.627,2.947,1.179
2022-07-13 18:00:00,5.984,-5.249,1.356,2.385
2022-07-13 19:00:00,6.076,-5.047,2.75,1.79
2022-07-13 20:00:00,6.118,-5.09,2.613,1.95
2022-07-13 21:00:00,6.253,-5.571,1.667,2.172
2022-07-13 22:00:00,6.455,-5.667,2.28,1.944
2022-07-13 23:00:00,6.58,-4.508,4.209,1.719
2022-07-14 00:00:00,6.641,-5.45,3.183,1.75
2022-07-14 01:00:00,6.613,-5.335,3.824,0.103
2022-07-14 02:00:00,6.761,-5.293,4.061,0.661
2022-07-14 03:00:00,6.986,-5.155,4.386,1.534
2022-07-14 04:00:00,7.099,-4.873,4.775,1.727
2022-07-14 05:00:00,7.187,-4.704,5.037,1.857
2022-07-14 06:00:00,7.113,-5.418,4.111,1.837
2022-07-14 07:00:00,7.028,-5.853,3.503,1.451
2022-07-14 08:00:00,7.074,-6.03,3.181,1.702
2022-07-14 09:00:00,7.172,-6.439,2.236,2.102
2022-07-14 10:00:00,8.301,-7.281,2.701,2.667
2022-07-14 11:00:00,8.992,-7.578,2.454,4.059
2022-07-14 12:00:00,8.784,-7.531,1.495,3.864
2022-07-14 13:00:00,9.376,-7.038,-0.626,5.586
2022-07-14 14:00:00,9.172,-6.084,6.19,-0.038
2022-07-14 15:00:00,9.004,-7.111,5.302,-0.973
2022-07-14 16:00:00,8.974,-6.333,5.887,-0.961
2022-07-14 17:00:00,8.761,-4.973,6.66,-2.126
2022-07-14 18:00:00,8.596,-4.332,6.928,-1.835
2022-07-14 19:00:00,8.315,-3.411,7.151,-2.352
2022-07-14 20:00:00,8.042,-4.458,6.402,-1.465
2022-07-14 21:00:00,7.848,-0.725,6.788,-3.5
2022-07-14 22:00:00,7.592,1.337,6.584,-3.196
2022-07-14 23:00:00,7.51,-1.243,6.563,-3.164
2022-07-15 00:00:00,7.394,0.401,6.809,-2.533
2022-07-15 01:00:00,6.585,-3.005,5.202,-1.19
2022-07-15 02:00:00,6.675,-4.85,4.365,0.376
2022-07-15 03:00:00,6.255,-5.234,3.254,0.637
2022-07-15 04:00:00,6.116,-5.269,2.962,0.153
2022-07-15 05:00:00,5.81,-5.038,2.275,0.688
2022-07-15 06:00:00,5.764,-4.808,1.81,2.37
2022-07-15 07:00:00,6.469,-5.577,2.823,0.931
2022-07-15 08:00:00,6.553,-5.344,3.368,-0.915
2022-07-15 09:00:00,6.563,-4.699,3.056,-1.215
2022-07-15 10:00:00,6.643,-4.627,3.9,-0.737
2022-07-15 11:00:00,6.903,-4.872,4.449,1.472
2022-07-15 12:00:00,7.29,-4.663,5.314,-1.297
2022-07-15 13:00:00,7.353,-3.561,5.945,-1.646
2022-07-15 14:00:00,7.443,-3.504,5.226,-3.523
2022-07-15 15:00:00,6.825,-3.608,1.941,-4.602
2022-07-15 16:00:00,6.501,-2.959,4.494,-2.844
2022-07-15 17:00:00,6.373,-0.556,2.694,-4.395
2022-07-15 18:00:00,6.718,0.356,4.531,-3.771
2022-07-15 19:00:00,7.078,2.42,4.941,-4.181
2022-07-15 20:00:00,7.215,0.232,6.254,-2.885
2022-07-15 21:00:00,7.442,0.487,7.008,-1.681
2022-07-15 22:00:00,7.12,0.86,6.836,-1.255
2022-07-15 23:00:00,6.916,-1.033,6.686,-0.593
2022-07-16 00:00:00,6.848,-1.337,5.756,-2.098
2022-07-16 01:00:00,6.686,0.658,5.964,-2.314
2022-07-16 02:00:00,6.406,-0.596,5.684,-0.965
2022-07-16 03:00:00,6.618,-0.248,5.687,-1.387
2022-07-16 04:00:00,6.561,-1.595,5.693,-1.876
2022-07-16 05:00:00,6.65,0.55,5.353,-3.409
2022-07-16 06:00:00,6.606,-3.119,5.381,-0.337
2022-07-16 07:00:00,6.551,-3.267,5.244,-0.903
2022-07-16 08:00:00,6.712,-2.294,6.018,-0.391
2022-07-16 09:00:00,6.511,-3.022,5.451,0.385
2022-07-16 10:00:00,6.528,-4.458,4.085,1.984
2022-07-16 11:00:00,6.26,-3.975,4.549,1.21
2022-07-16 12:00:00,6.351,-5.137,3.074,1.868
2022-07-16 13:00:00,6.299,-4.489,4.248,0.569
2022-07-16 14:00:00,6.43,-4.985,3.788,0.629
2022-07-16 15:00:00,6.706,-2.736,5.765,1.829
2022-07-16 16:00:00,6.568,-4.047,4.779,1.628
2022-07-16 17:00:00,6.572,-4.123,4.776,1.352
2022-07-16 18:00:00,6.441,-2.52,5.622,0.584
2022-07-16 19:00:00,6.246,-2.247,5.427,0.684
2022-07-16 20:00:00,6.462,-1.897,5.623,-0.214
2022-07-16 21:00:00,6.578,-3.026,4.17,1.095
2022-07-16 22:00:00,6.448,-4.702,3.851,1.796
2022-07-16 23:00:00,6.322,-4.388,4.398,0.751
2022-07-17 00:00:00,6.226,-4.666,3.954,0.664
2022-07-17 01:00:00,6.15,-4.688,3.791,0.32
2022-07-17 02:00:00,6.099,-4.733,3.567,0.308
2022-07-17 03:00:00,6.004,-4.939,2.925,-0.027
2022-07-17 04:00:00,6.1,-5.01,3.169,-0.793
2022-07-17 05:00:00,6.202,-5.238,2.842,0.79
2022-07-17 06:00:00,6.039,-4.031,3.738,2.077
2022-07-17 07:00:00,5.817,-3.223,3.521,2.304
2022-07-17 08:00:00,5.73,-2.469,3.857,2.422
2022-07-17 09:00:00,5.639,-1.828,4.501,2.292
2022-07-17 10:00:00,5.586,-1.481,4.492,2.321
2022-07-17 11:00:00,5.647,-0.123,4.929,2.247
2022-07-17 12:00:00,5.774,-0.265,4.217,3.32
2022-07-17 13:00:00,5.59,0.802,4.148,3.213
2022-07-17 14:00:00,5.621,0.078,4.146,3.528
2022-07-17 15:00:00,5.405,-0.817,4.22,2.948
2022-07-17 16:00:00,5.26,-3.198,3.48,-0.045
2022-07-17 17:00:00,5.365,-1.011,4.392,0.723
2022-07-17 18:00:00,5.356,-3.724,2.603,-1.735
2022-07-17 19:00:00,5.404,-4.369,2.913,0.203
2022-07-17 20:00:00,5.316,-3.849,3.246,0.861
2022-07-17 21:00:00,5.286,-3.36,3.913,0.075
2022-07-17 22:00:00,5.113,-2.813,3.162,1.474
2022-07-17 23:00:00,5.223,-3.089,1.698,3.543
2022-07-18 00:00:00,4.977,-1.98,1.607,3.72
2022-07-18 01:00:00,5.081,-0.936,2.669,3.847
2022-07-18 02:00:00,5.348,-1.515,3.777,2.248
2022-07-18 03:00:00,5.731,-1.586,4.701,0.283
2022-07-18 04:00:00,5.825,-4.075,2.203,-1.181
2022-07-18 05:00:00,5.685,-5.142,-0.843,-0.594
2022-07-18 06:00:00,5.917,-3.509,0.068,-3.672
2022-07-18 07:00:00,5.532,-3.057,-1.961,-3.315
2022-07-18 08:00:00,5.825,-4.817,0.556,-2.58
2022-07-18 09:00:00,6.046,-4.166,0.766,-3.294
2022-07-18 10:00:00,7.357,-5.599,2.12,-3.667
2022-07-18 11:00:00,7.914,-4.193,0.804,5.325
2022-07-18 12:00:00,7.79,-2.808,1.329,6.216
2022-07-18 13:00:00,8.897,-4.029,1.201,7.426
2022-07-18 14:00:00,9.125,-5.394,4.146,5.643
2022-07-18 15:00:00,9.373,-4.875,6.605,4.132
2022-07-18 16:00:00,9.936,-6.305,5.229,2.895
2022-07-18 17:00:00,10.433,-8.092,5.354,-2.524
2022-07-18 18:00:00,9.399,-5.398,4.958,-5.43
2022-07-18 19:00:00,8.823,-3.728,-0.682,-7.106
2022-07-18 20:00:00,10.62,-3.376,7.555,-1.924
2022-07-18 21:00:00,14.824,-1.714,11.952,8.187
2022-07-18 22:00:00,14.596,-2.326,6.659,12.459
2022-07-18 23:00:00,15.179,-0.717,2.094,14.495
2022-07-19 00:00:00,13.971,-3.702,2.899,11.624
2022-07-19 01:00:00,6.751,1.337,-2.12,3.612
2022-07-19 02:00:00,7.432,-1.109,-3.967,3.822
2022-07-19 03:00:00,6.465,0.193,-1.831,4.425
2022-07-19 04:00:00,10.67,-0.662,-5.849,-7.678
2022-07-19 05:00:00,12.604,1.244,-10.102,-6.767
2022-07-19 06:00:00,12.436,-3.53,-7.516,-8.916
2022-07-19 07:00:00,12.33,-5.108,1.943,-10.573
2022-07-19 08:00:00,11.988,-6.158,1.483,-9.955
2022-07-19 09:00:00,11.7,-7.092,-0.037,-9.238
2022-07-19 10:00:00,10.637,-7.782,-1.016,-7.041
2022-07-19 11:00:00,9.695,-4.353,0.878,-7.818
2022-07-19 12:00:00,10.136,0.731,3.328,-9.496
2022-07-19 13:00:00,9.913,1.928,3.709,-8.915
2022-07-19 14:00:00,9.68,0.68,3.913,-8.787
2022-07-19 15:00:00,9.412,1.002,3.965,-8.418
2022-07-19 16:00:00,9.053,1.508,4.885,-7.322
2022-07-19 17:00:00,9.173,2.994,3.943,-7.618
2022-07-19 18:00:00,9.011,2.719,4.621,-7.091
2022-07-19 19:00:00,8.842,3.976,5.054,-5.918
2022-07-19 20:00:00,8.858,4.432,5.774,-4.953
2022-07-19 21:00:00,8.388,4.313,5.752,-3.853
2022-07-19 22:00:00,8.166,5.327,5.567,-2.157
2022-07-19 23:00:00,8.239,5.1,5.873,-2.514
2022-07-20 00:00:00,8.417,5.766,5.838,-1.399
2022-07-20 01:00:00,8.941,7.054,4.639,-2.139
2022-07-20 02:00:00,8.859,7.222,4.574,0.356
2022-07-20 03:00:00,8.756,7.218,3.466,2.98
2022-07-20 04:00:00,9.646,7.019,2.446,6.004
2022-07-20 05:00:00,9.52,8.636,2.484,2.843
2022-07-20 06:00:00,9.488,8.1,3.088,3.689
2022-07-20 07:00:00,9.444,9.192,0.686,1.276
2022-07-20 08:00:00,8.87,6.919,1.787,4.874
2022-07-20 09:00:00,8.361,5.838,2.69,2.651
2022-07-20 10:00:00,7.668,5.568,4.763,1.679
2022-07-20 11:00:00,7.499,7.126,0.2,0.331
2022-07-20 12:00:00,7.636,6.374,3.952,0.214
2022-07-20 13:00:00,7.511,5.987,4.238,0.919
2022-07-20 14:00:00,7.35,6.381,1.917,0.608
2022-07-20 15:00:00,7.489,7.196,1.441,0.35
2022-07-20 16:00:00,7.812,6.926,2.441,-0.609
2022-07-20 17:00:00,7.638,6.678,1.968,-0.658
2022-07-20 18:00:00,7.535,7.27,-0.478,0.766
2022-07-20 19:00:00,7.355,6.984,-0.425,-0.385
2022-07-20 20:00:00,6.883,5.787,-2.245,-0.012
2022-07-20 21:00:00,6.363,5.075,-2.657,-2.02
2022-07-20 22:00:00,6.229,5.495,-2.131,-1.179
2022-07-20 23:00:00,6.156,5.016,-2.614,1.206
2022-07-21 00:00:00,6.387,4.427,-3.863,1.124
2022-07-21 01:00:00,6.795,5.528,-2.932,1.295
2022-07-21 02:00:00,7.388,6.688,-2.653,0.882
2022-07-21 03:00:00,7.936,7.033,-2.976,0.053
2022-07-21 04:00:00,8.92,6.813,-4.927,1.355
2022-07-21 05:00:00,9.123,6.885,-5.318,1.413
2022-07-21 06:00:00,9.552,5.216,-6.438,-1.804
2022-07-21 07:00:00,9.932,6.691,-6.462,-1.667
2022-07-21 08:00:00,9.971,3.839,-5.147,-6.928
2022-07-21 09:00:00,10.064,4.068,-6.324,-5.744
2022-07-21 10:00:00,10.126,2.063,-4.291,-4.827
2022-07-21 11:00:00,10.539,6.142,-5.449,5.841
2022-07-21 12:00:00,10.875,4.324,-6.604,3.166
2022-07-21 13:00:00,12.045,6.042,-7.246,5.63
2022-07-21 14:00:00,13.975,1.884,-8.126,-8.939
2022-07-21 15:00:00,17.377,-0.667,-11.73,-10.381
2022-07-21 16:00:00,19.697,1.8,-16.483,6.483
2022-07-21 17:00:00,19.008,4.199,-13.548,10.294
2022-07-21 18:00:00,16.716,3.893,-13.941,1.229
2022-07-21 19:00:00,15.887,3.08,-13.068,-4.795
2022-07-21 20:00:00,15.227,3.568,-13.38,-1.238
2022-07-21 21:00:00,12.767,5.263,-8.664,5.931
2022-07-21 22:00:00,12.876,2.787,-10.738,-5.085
2022-07-21 23:00:00,11.453,6.131,-7.3,0.479
2022-07-22 00:00:00,11.586,7.214,-7.313,1.698
2022-07-22 01:00:00,12.918,6.748,-9.41,1.719
2022-07-22 02:00:00,13.017,4.189,-10.225,0.374
2022-07-22 03:00:00,11.736,5.526,-6.525,2.32
2022-07-22 04:00:00,10.481,5.43,-6.925,-0.899
2022-07-22 05:00:00,9.275,4.151,-7.531,-2.279
2022-07-22 06:00:00,9.187,3.803,-6.157,-3.752
2022-07-22 07:00:00,9.045,3.582,-6.225,0.448
2022-07-22 08:00:00,8.746,3.54,-5.748,1.808
2022-07-22 09:00:00,7.996,4.567,-3.719,0.774
2022-07-22 10:00:00,8.269,4.516,-5.907,1.433
2022-07-22 11:00:00,8.752,5.38,-5.095,3.441
2022-07-22 12:00:00,8.361,4.765,-6.079,0.84
2022-07-22 13:00:00,8.333,4.192,-6.389,1.326
2022-07-22 14:00:00,8.072,3.554,-6.542,1.066
2022-07-22 15:00:00,7.293,3.36,-4.335,-0.407
2022-07-22 16:00:00,7.467,4.884,-4.003,1.695
2022-07-22 17:00:00,7.269,5.76,-3.115,1.727
2022-07-22 18:00:00,7.37,5.395,-3.491,1.484
2022-07-22 19:00:00,7.314,5.544,-2.86,2.902
2022-07-22 20:00:00,7.374,3.848,-3.686,3.047
2022-07-22 21:00:00,7.294,3.28,-5.494,-0.813
2022-07-22 22:00:00,7.087,5.015,-3.754,0.269
2022-07-22 23:00:00,7.047,2.549,-4.416,-0.676
2022-07-23 00:00:00,7.022,2.395,-5.614,-1.44
2022-07-23 01:00:00,6.85,4.251,-4.156,-0.699
2022-07-23 02:00:00,10.075,4.247,-3.421,-3.825
2022-07-23 03:00:00,12.13,6.913,-7.962,-4.502
2022-07-23 04:00:00,13.007,5.511,-10.434,-2.931
2022-07-23 05:00:00,12.277,5.838,-9.422,1.608
2022-07-23 06:00:00,10.021,2.102,-8.58,-1.73
2022-07-23 07:00:00,8.791,5.511,-4.444,-1.85
2022-07-23 08:00:00,7.676,5.098,-2.264,-1.234
2022-07-23 09:00:00,7.752,0.954,-6.83,0.262
2022-07-23 10:00:00,7.392,-0.341,-7.098,0.369
2022-07-23 11:00:00,6.512,2.008,-5.656,0.265
2022-07-23 12:00:00,6.26,2.899,-4.718,1.009
2022-07-23 13:00:00,5.351,3.953,-3.132,-0.557
2022-07-23 14:00:00,3.93,0.821,-2.893,1.842
2022-07-23 15:00:00,3.699,2.285,-2.465,0.199
2022-07-23 16:00:00,3.586,2.747,-1.448,-0.91
2022-07-23 17:00:00,3.463,2.642,-1.216,-0.671
2022-07-23 18:00:00,3.511,2.968,-1.174,-0.002
2022-07-23 19:00:00,3.579,3.131,-0.962,-0.788
2022-07-23 20:00:00,3.914,2.72,-1.858,-1.294
2022-07-23 21:00:00,4.329,1.33,-3.081,-0.651
2022-07-23 22:00:00,5.104,2.38,-2.888,-2.713
2022-07-23 23:00:00,5.177,1.158,-3.307,-2.842
2022-07-24 00:00:00,5.145,-0.524,-2.432,-1.369
2022-07-24 01:00:00,4.228,0.64,3.109,0.075
2022-07-24 02:00:00,4.014,2.273,1.965,-1.431
2022-07-24 03:00:00,4.056,2.541,1.028,-1.098
2022-07-24 04:00:00,4.07,2.151,-2.061,0.765
2022-07-24 05:00:00,4.457,2.166,-2.754,0.419
2022-07-24 06:00:00,4.746,3.675,0.449,-0.353
2022-07-24 07:00:00,4.894,3.762,-1.682,-0.354
2022-07-24 08:00:00,4.701,2.606,-3.193,0.286
2022-07-24 09:00:00,4.88,2.637,-2.287,-0.4
2022-07-24 10:00:00,4.641,3.624,-1.742,0.807
2022-07-24 11:00:00,4.424,4.186,-0.628,-0.003
2022-07-24 12:00:00,4.376,3.937,-0.663,-0.473
2022-07-24 13:00:00,4.35,3.705,-0.833,-0.688
2022-07-24 14:00:00,4.412,3.917,0.891,-0.291
2022-07-24 15:00:00,4.433,3.989,-0.186,-0.151
2022-07-24 16:00:00,4.507,3.573,1.584,-1.123
2022-07-24 17:00:00,4.375,2.074,-1.64,0.029
2022-07-24 18:00:00,4.347,3.569,-1.332,0.964
2022-07-24 19:00:00,4.438,3.768,1.822,0.171
2022-07-24 20:00:00,4.701,3.899,1.821,-0.202
2022-07-24 21:00:00,4.904,4.0,-1.594,1.308
2022-07-24 22:00:00,5.052,4.18,1.685,-1.19
2022-07-24 23:00:00,4.83,4.245,-0.437,-1.526
2022-07-25 00:00:00,4.599,4.284,0.407,-0.741
2022-07-25 01:00:00,4.56,3.873,-1.657,-0.827
2022-07-25 02:00:00,4.563,2.16,-3.079,-1.229
2022-07-25 03:00:00,4.825,3.095,-3.365,-0.458
2022-07-25 04:00:00,4.72,3.037,-3.384,-0.381
2022-07-25 05:00:00,4.443,2.486,-1.837,0.738
2022-07-25 06:00:00,4.893,3.591,0.173,2.102
2022-07-25 07:00:00,4.822,4.443,-1.137,-0.501
2022-07-25 08:00:00,5.018,4.66,-0.941,1.268
2022-07-25 09:00:00,4.78,4.408,0.063,0.408
2022-07-25 10:00:00,4.902,4.66,-0.598,-0.155
2022-07-25 11:00:00,4.841,3.671,-2.155,-0.018
2022-07-25 12:00:00,5.29,4.541,-0.939,2.252
2022-07-25 13:00:00,5.313,4.252,-1.39,1.998
2022-07-25 14:00:00,4.996,2.703,-2.965,-1.591
2022-07-25 15:00:00,5.265,5.04,-0.919,0.662
2022-07-25 16:00:00,5.354,4.628,-1.78,-0.616
2022-07-25 17:00:00,5.374,4.843,-2.079,-0.36
2022-07-25 18:00:00,5.269,4.619,-2.246,-0.402
2022-07-25 19:00:00,5.403,4.414,-2.762,-0.755
2022-07-25 20:00:00,5.371,4.708,-1.589,-1.727
2022-07-25 21:00:00,5.336,4.481,-0.658,-2.45
2022-07-25 22:00:00,5.375,1.457,-4.075,-2.297
2022-07-25 23:00:00,5.733,1.158,-2.705,-4.735
2022-07-26 00:00:00,5.507,0.349,-1.752,-5.133
2022-07-26 01:00:00,5.66,2.172,-1.647,-4.046
2022-07-26 02:00:00,6.73,6.018,-2.877,-0.223
2022-07-26 03:00:00,6.827,5.909,-3.35,-0.014
2022-07-26 04:00:00,6.825,5.803,-3.507,0.178
2022-07-26 05:00:00,7.007,5.897,-3.671,-0.261
2022-07-26 06:00:00,6.962,5.767,-3.468,-0.809
2022-07-26 07:00:00,6.899,5.595,-3.299,-1.322
2022-07-26 08:00:00,6.624,5.367,-3.506,-0.657
2022-07-26 09:00:00,6.674,5.583,-2.75,-1.495
2022-07-26 10:00:00,6.926,5.002,1.769,-2.586
2022-07-26 11:00:00,7.191,5.068,-3.723,-3.319
2022-07-26 12:00:00,7.158,5.099,-3.913,-2.965
2022-07-26 13:00:00,6.673,5.286,-3.626,-0.897
2022-07-26 14:00:00,6.676,5.357,-2.761,-1.536
2022-07-26 15:00:00,6.826,6.186,-2.142,1.718
2022-07-26 16:00:00,6.82,6.171,-2.074,0.307
2022-07-26 17:00:00,6.981,5.918,-2.756,-0.706
2022-07-26 18:00:00,7.006,5.722,-2.452,0.115
2022-07-26 19:00:00,7.172,5.43,-2.626,-1.925
2022-07-26 20:00:00,6.997,5.777,-0.828,-1.275
2022-07-26 21:00:00,6.932,6.113,-2.519,-0.825
2022-07-26 22:00:00,6.926,5.042,-3.535,-2.655
2022-07-26 23:00:00,6.892,4.345,-4.48,-2.683
2022-07-27 00:00:00,6.997,3.853,-5.099,-2.588
2022-07-27 01:00:00,6.332,1.908,-3.82,-3.71
2022-07-27 02:00:00,5.587,2.418,-3.954,-2.152
2022-07-27 03:00:00,5.225,2.582,-0.714,-2.173
2022-07-27 04:00:00,5.533,-0.307,2.443,-1.479
2022-07-27 05:00:00,5.914,2.408,-4.692,-1.358
2022-07-27 06:00:00,6.321,0.56,-5.769,-1.244
2022-07-27 07:00:00,6.482,0.284,-5.122,-0.877
2022-07-27 08:00:00,6.387,3.732,0.946,4.52
2022-07-27 09:00:00,6.134,1.965,-4.021,-1.737
2022-07-27 10:00:00,5.202,0.799,-2.765,-1.297
2022-07-27 11:00:00,5.131,-0.379,-3.377,1.741
2022-07-27 12:00:00,5.203,-0.865,-3.652,-0.684
2022-07-27 13:00:00,5.215,0.902,-3.651,-0.164
2022-07-27 14:00:00,5.4,1.624,-3.379,-2.97
2022-07-27 15:00:00,5.791,1.377,-4.65,-1.768
2022-07-27 16:00:00,5.001,1.59,-4.173,-0.531
2022-07-27 17:00:00,5.517,1.929,-3.754,-0.328
2022-07-27 18:00:00,6.79,5.246,-2.865,1.938
2022-07-27 19:00:00,7.411,2.219,-5.991,-2.043
2022-07-27 20:00:00,7.503,2.165,-4.228,1.301
2022-07-27 21:00:00,7.85,2.657,-3.902,-2.173
2022-07-27 22:00:00,8.678,4.193,-7.203,-1.52
2022-07-27 23:00:00,8.798,4.216,-7.544,-0.513
2022-07-28 00:00:00,8.329,4.666,-5.798,2.51
2022-07-28 01:00:00,7.678,3.426,-6.3,0.312
2022-07-28 02:00:00,7.266,0.67,-5.897,-3.494
2022-07-28 03:00:00,7.532,3.31,-6.027,-0.128
2022-07-28 04:00:00,7.717,-0.851,-5.211,-5.164
2022-07-28 05:00:00,8.979,0.658,-7.055,-5.313
2022-07-28 06:00:00,8.966,-0.669,-8.556,0.607
2022-07-28 07:00:00,8.742,0.745,-8.026,2.016
2022-07-28 08:00:00,8.54,0.619,-7.512,2.099
2022-07-28 09:00:00,7.953,-0.687,-5.174,5.848
2022-07-28 10:00:00,7.597,0.602,-5.39,2.965
2022-07-28 11:00:00,7.342,3.509,-3.951,-3.999
2022-07-28 12:00:00,7.412,6.096,0.377,-2.159
2022-07-28 13:00:00,7.34,4.882,-3.819,-0.669
2022-07-28 14:00:00,7.303,4.358,-4.847,0.924
2022-07-28 15:00:00,6.595,0.697,-6.155,-0.403
2022-07-28 16:00:00,6.628,-0.068,-5.811,1.833
2022-07-28 17:00:00,5.95,1.31,-3.886,0.656
2022-07-28 18:00:00,5.346,1.347,-2.651,-2.78
2022-07-28 19:00:00,5.528,0.362,-4.715,-1.114
2022-07-28 20:00:00,5.8,2.207,-4.839,1.528
2022-07-28 21:00:00,5.684,2.71,-4.332,1.679
2022-07-28 22:00:00,5.67,1.313,-5.081,-0.408
2022-07-28 23:00:00,5.883,0.497,-5.121,2.061
2022-07-29 00:00:00,5.955,1.719,-4.603,2.017
2022-07-29 01:00:00,6.124,-0.254,-5.167,0.144
2022-07-29 02:00:00,6.337,-0.942,-5.456,1.089
2022-07-29 03:00:00,6.125,-1.776,-5.549,0.561
2022-07-29 04:00:00,6.05,-1.586,-5.443,0.323
2022-07-29 05:00:00,6.035,-2.29,-4.645,2.13
2022-07-29 06:00:00,6.195,-2.373,-5.484,0.996
2022-07-29 07:00:00,6.279,-2.852,-5.406,1.045
2022-07-29 08:00:00,6.393,-2.246,-5.404,1.727
2022-07-29 09:00:00,6.648,-1.55,-5.948,0.275
2022-07-29 10:00:00,6.439,1.143,-5.512,-1.477
2022-07-29 11:00:00,6.172,1.762,-4.289,-3.319
2022-07-29 12:00:00,6.628,-1.811,-6.072,-0.406
2022-07-29 13:00:00,6.878,-3.216,-5.893,0.537
2022-07-29 14:00:00,7.126,-1.478,-6.663,-1.591
2022-07-29 15:00:00,7.056,0.006,-6.463,-2.525
2022-07-29 16:00:00,6.581,0.246,-5.88,-2.665
2022-07-29 17:00:00,6.315,0.245,-5.239,-3.202
2022-07-29 18:00:00,4.818,-2.042,-3.963,0.061
2022-07-29 19:00:00,4.893,-1.278,-4.201,0.009
2022-07-29 20:00:00,4.972,0.21,-4.239,0.397
2022-07-29 21:00:00,4.504,0.801,-3.439,1.551
2022-07-29 22:00:00,4.739,0.92,-4.181,-0.707
2022-07-29 23:00:00,5.071,0.172,-3.93,-1.419
2022-07-30 00:00:00,5.406,1.352,-3.143,-2.551
2022-07-30 01:00:00,4.907,-1.438,-3.685,-2.258
2022-07-30 02:00:00,4.805,-0.392,-3.685,-2.085
2022-07-30 03:00:00,5.001,-0.339,-3.977,-0.824
2022-07-30 04:00:00,6.058,2.771,-3.897,-3.213
2022-07-30 05:00:00,7.255,5.03,-4.609,-0.703
2022-07-30 06:00:00,5.841,0.928,-4.24,2.655
2022-07-30 07:00:00,6.05,1.248,-4.842,0.457
2022-07-30 08:00:00,6.578,2.65,-4.645,-1.459
2022-07-30 09:00:00,7.367,2.914,-5.696,-0.703
2022-07-30 10:00:00,8.567,3.819,-3.26,-5.918
2022-07-30 11:00:00,7.953,2.922,-2.496,-1.768
2022-07-30 12:00:00,7.072,1.737,-5.828,0.799
2022-07-30 13:00:00,8.372,2.466,-7.204,0.789
2022-07-30 14:00:00,8.188,2.829,-6.468,3.508
2022-07-30 15:00:00,8.779,4.727,-6.26,3.679
2022-07-30 16:00:00,9.456,6.171,-6.821,1.94
2022-07-30 17:00:00,9.786,5.841,-6.615,3.838
2022-07-30 18:00:00,10.174,6.751,-6.208,4.16
2022-07-30 19:00:00,9.597,5.831,-7.072,0.167
2022-07-30 20:00:00,9.122,5.536,-6.334,-0.428
2022-07-30 21:00:00,9.436,6.228,-6.033,3.364
2022-07-30 22:00:00,8.585,4.151,-6.028,-1.136
2022-07-30 23:00:00,8.247,5.529,-4.214,0.073
2022-07-31 00:00:00,7.78,4.946,-2.669,3.335
2022-07-31 01:00:00,7.48,5.024,-3.833,2.104
2022-07-31 02:00:00,7.556,3.198,-6.332,-0.284
2022-07-31 03:00:00,7.817,1.263,-5.837,-3.892
2022-07-31 04:00:00,7.975,1.691,-2.572,-5.639
2022-07-31 05:00:00,7.914,5.988,-4.403,1.026
2022-07-31 06:00:00,8.066,5.359,-2.987,3.184
2022-07-31 07:00:00,8.215,6.539,-0.903,3.72
2022-07-31 08:00:00,8.976,6.389,-4.113,1.811
2022-07-31 09:00:00,10.488,6.003,-6.538,3.021
2022-07-31 10:00:00,10.674,4.9,-7.475,-2.725
2022-07-31 11:00:00,12.035,7.813,-5.212,7.09
2022-07-31 12:00:00,10.084,0.619,-5.175,-5.051
2022-07-31 13:00:00,9.519,-0.663,-3.567,-7.194
2022-07-31 14:00:00,9.776,5.909,-3.737,5.986
2022-07-31 15:00:00,9.914,5.553,3.803,6.19
2022-07-31 16:00:00,10.48,7.456,-3.987,5.455
2022-07-31 17:00:00,9.976,6.447,-4.573,5.382
2022-07-31 18:00:00,9.783,7.258,-4.177,4.685
2022-07-31 19:00:00,9.824,0.813,-5.01,0.176
2022-07-31 20:00:00,12.783,7.725,-9.8,1.727
2022-07-31 21:00:00,12.881,6.501,-9.744,-1.109
2022-07-31 22:00:00,9.338,2.148,-8.09,-1.968
2022-07-31 23:00:00,7.985,6.019,-3.1,1.977
2022-08-01 00:00:00,7.666,6.171,-2.225,3.515
2022-08-01 01:00:00,5.988,4.127,-2.906,0.873
2022-08-01 02:00:00,6.248,1.043,-2.793,-1.545
2022-08-01 03:00:00,6.052,4.58,-1.918,0.789
2022-08-01 04:00:00,5.539,1.017,-3.115,-0.191
2022-08-01 05:00:00,5.918,4.018,-3.275,0.029
2022-08-01 06:00:00,7.071,6.777,-1.143,0.955
2022-08-01 07:00:00,7.027,6.501,-1.794,-0.746
2022-08-01 08:00:00,5.735,5.383,-0.964,-0.967
2022-08-01 09:00:00,4.212,1.925,-3.178,-0.722
2022-08-01 10:00:00,4.806,1.55,-1.828,-1.214
2022-08-01 11:00:00,6.297,3.236,-3.323,-1.728
2022-08-01 12:00:00,6.219,2.981,-2.513,-3.878
2022-08-01 13:00:00,6.425,4.662,-3.989,0.738
2022-08-01 14:00:00,6.618,5.723,-1.251,2.152
2022-08-01 15:00:00,6.23,5.3,-0.251,2.587
2022-08-01 16:00:00,6.294,5.052,-0.441,3.412
2022-08-01 17:00:00,5.951,3.479,-0.564,3.213
2022-08-01 18:00:00,5.777,2.648,-4.025,-1.183
2022-08-01 19:00:00,5.492,1.614,-3.84,0.607
2022-08-01 20:00:00,6.114,3.821,-2.943,0.479
2022-08-01 21:00:00,7.565,6.607,-2.938,1.608
2022-08-01 22:00:00,7.532,6.594,-2.921,1.87
2022-08-01 23:00:00,6.547,4.815,-3.089,-0.063
2022-08-02 00:00:00,6.615,4.809,-3.192,-0.74
2022-08-02 01:00:00,6.539,4.286,-2.208,-1.236
2022-08-02 02:00:00,7.301,5.091,-2.731,2.406
2022-08-02 03:00:00,6.998,4.268,-3.21,-0.333
2022-08-02 04:00:00,6.686,3.803,-2.744,-1.594
2022-08-02 05:00:00,6.892,3.495,-3.361,-0.971
2022-08-02 06:00:00,7.437,1.937,-4.861,-2.878
2022-08-02 07:00:00,7.511,3.664,-5.16,-0.435
2022-08-02 08:00:00,7.752,4.967,-2.589,1.554
2022-08-02 09:00:00,7.429,2.558,-3.274,-1.61
2022-08-02 10:00:00,7.655,5.265,-3.285,3.435
2022-08-02 11:00:00,7.498,5.671,-3.241,1.971
2022-08-02 12:00:00,7.241,5.028,-3.635,2.733
2022-08-02 13:00:00,7.445,5.05,-4.615,-0.822
2022-08-02 14:00:00,7.305,4.245,-3.793,0.695
2022-08-02 15:00:00,6.992,4.154,-1.575,4.811
2022-08-02 16:00:00,6.557,4.939,-0.67,2.921
2022-08-02 17:00:00,6.509,4.876,1.939,2.361
2022-08-02 18:00:00,6.743,5.291,2.946,1.531
2022-08-02 19:00:00,6.579,5.211,-0.501,-0.095
2022-08-02 20:00:00,6.757,5.507,-1.306,-1.911
2022-08-02 21:00:00,7.744,4.756,-5.698,-0.083
2022-08-02 22:00:00,7.417,3.922,-5.757,1.371
2022-08-02 23:00:00,6.024,1.941,-4.035,1.827
2022-08-03 00:00:00,5.964,1.253,-4.366,-2.082
2022-08-03 01:00:00,4.457,1.362,-0.653,0.932
2022-08-03 02:00:00,4.207,3.052,-2.027,0.506
2022-08-03 03:00:00,3.993,2.463,-1.541,-1.459
2022-08-03 04:00:00,3.653,0.13,-0.265,-2.41
2022-08-03 05:00:00,4.876,3.65,-1.585,-0.311
2022-08-03 06:00:00,4.729,0.874,-2.134,3.305
2022-08-03 07:00:00,4.34,2.159,0.14,1.492
2022-08-03 08:00:00,4.068,1.642,-1.997,0.267
2022-08-03 09:00:00,4.519,3.462,1.07,0.186
2022-08-03 10:00:00,4.497,3.279,1.072,0.867
2022-08-03 11:00:00,3.884,3.067,-1.729,0.193
2022-08-03 12:00:00,3.785,0.535,-2.665,0.498
2022-08-03 13:00:00,3.62,2.429,-1.76,-0.449
2022-08-03 14:00:00,4.034,2.955,-1.669,-0.15
2022-08-03 15:00:00,3.814,1.291,-0.969,-2.822
2022-08-03 16:00:00,4.153,2.077,1.427,-1.822
2022-08-03 17:00:00,4.35,0.324,-1.5,-1.826
2022-08-03 18:00:00,4.612,0.302,1.556,-1.509
2022-08-03 19:00:00,4.437,2.692,1.026,2.398
2022-08-03 20:00:00,5.282,3.447,1.911,2.369
2022-08-03 21:00:00,5.392,4.301,2.6,0.191
2022-08-03 22:00:00,5.249,4.171,-2.49,0.046
2022-08-03 23:00:00,4.95,2.241,-4.061,0.166
2022-08-04 00:00:00,5.382,2.145,-3.945,-1.44
2022-08-04 01:00:00,5.985,2.714,-3.697,0.803
2022-08-04 02:00:00,5.725,1.506,-4.963,-0.179
2022-08-04 03:00:00,6.198,3.597,-3.925,1.128
2022-08-04 04:00:00,6.728,2.012,-5.087,1.58
2022-08-04 05:00:00,6.549,4.84,-2.45,1.017
2022-08-04 06:00:00,6.37,5.07,-1.738,0.782
2022-08-04 07:00:00,6.35,2.042,-5.437,1.769
2022-08-04 08:00:00,6.245,4.049,-4.208,-0.544
2022-08-04 09:00:00,5.812,2.76,-3.749,-1.997
2022-08-04 10:00:00,5.541,4.663,-1.964,0.003
2022-08-04 11:00:00,5.268,1.327,-1.72,-2.161
2022-08-04 12:00:00,5.318,2.394,-1.901,-3.699
2022-08-04 13:00:00,5.642,4.191,-0.283,-3.472
2022-08-04 14:00:00,5.772,4.968,1.414,-2.262
2022-08-04 15:00:00,5.507,4.228,2.089,-2.323
2022-08-04 16:00:00,5.36,3.268,1.128,-3.65
2022-08-04 17:00:00,5.579,4.634,-0.876,-2.269
2022-08-04 18:00:00,5.711,4.641,-3.019,-0.427
2022-08-04 19:00:00,6.04,4.979,-3.112,0.969
2022-08-04 20:00:00,5.715,5.142,-1.644,-1.256
2022-08-04 21:00:00,5.048,3.488,-1.602,-2.566
2022-08-04 22:00:00,5.555,3.359,-2.534,-3.346
2022-08-04 23:00:00,5.239,0.954,1.093,-4.038
2022-08-05 00:00:00,7.82,5.07,-1.54,-4.472
2022-08-05 01:00:00,6.402,3.452,-5.044,0.746
2022-08-05 02:00:00,5.606,2.454,-3.775,-0.138
2022-08-05 03:00:00,5.988,3.001,-4.369,2.586
2022-08-05 04:00:00,5.578,2.915,-4.025,2.27
2022-08-05 05:00:00,5.582,2.462,-3.328,3.284
2022-08-05 06:00:00,5.909,2.532,-3.409,3.748
2022-08-05 07:00:00,5.209,2.312,-2.391,1.059
2022-08-05 08:00:00,4.08,2.671,-2.404,0.685
2022-08-05 09:00:00,4.22,2.537,-2.551,1.145
2022-08-05 10:00:00,4.376,1.47,-3.74,-0.643
2022-08-05 11:00:00,4.227,0.378,-3.104,-1.689
2022-08-05 12:00:00,4.369,2.37,-3.219,-0.975
2022-08-05 13:00:00,4.608,2.401,-3.628,-0.703
2022-08-05 14:00:00,4.434,3.638,-1.485,-0.715
2022-08-05 15:00:00,4.478,2.593,-3.031,1.478
2022-08-05 16:00:00,4.786,1.815,-3.175,2.393
2022-08-05 17:00:00,4.512,2.891,-2.958,1.142
2022-08-05 18:00:00,4.575,2.347,-3.804,0.122
2022-08-05 19:00:00,4.646,2.171,-3.883,-0.736
2022-08-05 20:00:00,4.097,-1.855,-0.985,-1.416
2022-08-05 21:00:00,4.055,-2.97,-1.7,-1.524
2022-08-05 22:00:00,4.224,-0.162,-0.797,-0.778
2022-08-05 23:00:00,4.549,2.358,-2.436,1.765
2022-08-06 00:00:00,4.932,4.43,-1.291,0.611
2022-08-06 01:00:00,5.039,3.59,-2.914,1.219
2022-08-06 02:00:00,5.059,2.648,-3.862,1.652
2022-08-06 03:00:00,5.147,3.125,-3.943,0.364
2022-08-06 04:00:00,4.939,2.976,-3.707,0.112
2022-08-06 05:00:00,5.004,2.399,-4.046,-0.435
2022-08-06 06:00:00,5.277,3.121,-3.647,1.33
2022-08-06 07:00:00,5.389,3.455,-3.605,1.712
2022-08-06 08:00:00,4.653,2.463,-3.738,0.351
2022-08-06 09:00:00,5.099,3.965,-2.553,1.342
2022-08-06 10:00:00,4.993,4.062,-2.577,0.043
2022-08-06 11:00:00,4.814,2.405,-3.87,0.521
2022-08-06 12:00:00,4.748,2.849,-3.191,0.068
2022-08-06 13:00:00,4.994,3.686,-2.671,0.89
2022-08-06 14:00:00,5.647,3.266,-4.024,1.689
2022-08-06 15:00:00,6.439,3.021,-4.159,3.614
2022-08-06 16:00:00,7.304,3.577,-2.685,5.549
2022-08-06 17:00:00,7.51,0.528,-3.286,6.614
2022-08-06 18:00:00,8.083,0.562,-2.871,7.439
2022-08-06 19:00:00,8.561,1.952,-3.119,7.46
2022-08-06 20:00:00,8.87,1.304,-2.954,8.216
2022-08-06 21:00:00,8.406,-0.228,-1.378,8.164
2022-08-06 22:00:00,7.673,-1.566,-1.135,7.363
2022-08-06 23:00:00,8.035,-1.94,-1.608,7.454
2022-08-07 00:00:00,8.702,-5.939,2.224,4.225
2022-08-07 01:00:00,8.212,-6.144,4.065,3.075
2022-08-07 02:00:00,8.176,-6.428,3.006,2.793
2022-08-07 03:00:00,9.335,-6.032,4.182,-5.231
2022-08-07 04:00:00,11.181,-6.85,4.935,-7.196
2022-08-07 05:00:00,11.757,-7.541,6.314,-6.301
2022-08-07 06:00:00,12.287,-8.293,8.046,-3.306
2022-08-07 07:00:00,13.176,-7.793,9.787,-3.351
2022-08-07 08:00:00,12.936,-9.158,8.481,-3.008
2022-08-07 09:00:00,11.808,-7.327,7.412,-5.136
2022-08-07 10:00:00,9.925,-2.931,4.295,-3.67
2022-08-07 11:00:00,10.844,-1.399,6.586,-7.29
2022-08-07 12:00:00,10.949,-6.304,7.977,0.696
2022-08-07 13:00:00,12.32,-6.638,6.005,2.884
2022-08-07 14:00:00,12.037,-5.979,9.079,-0.461
2022-08-07 15:00:00,11.589,-4.44,8.651,-3.412
2022-08-07 16:00:00,11.546,-7.843,7.75,-1.894
2022-08-07 17:00:00,11.275,-7.79,7.09,-2.271
2022-08-07 18:00:00,11.111,-5.594,8.515,-0.578
2022-08-07 19:00:00,10.618,-6.034,2.035,2.76
2022-08-07 20:00:00,11.286,-7.149,0.783,5.11
2022-08-07 21:00:00,11.95,-7.961,3.682,3.228
2022-08-07 22:00:00,12.72,-9.12,1.343,3.828
2022-08-07 23:00:00,12.738,-8.481,4.81,3.091
2022-08-08 00:00:00,10.649,-7.259,5.934,2.105
2022-08-08 01:00:00,10.998,-1.93,7.787,-0.17
2022-08-08 02:00:00,10.066,-4.504,3.598,1.806
2022-08-08 03:00:00,10.036,-4.924,7.673,0.388
2022-08-08 04:00:00,10.189,-4.328,8.3,-1.372
2022-08-08 05:00:00,11.274,-4.406,9.337,-3.563
2022-08-08 06:00:00,10.944,-6.203,8.296,0.638
2022-08-08 07:00:00,9.822,-2.537,6.705,2.698
2022-08-08 08:00:00,8.244,-3.696,6.103,0.271
2022-08-08 09:00:00,7.233,-2.634,5.294,0.697
2022-08-08 10:00:00,7.436,-2.972,5.759,0.307
2022-08-08 11:00:00,6.602,-3.817,3.979,-0.461
2022-08-08 12:00:00,6.19,-2.524,3.893,1.465
2022-08-08 13:00:00,6.74,-1.914,5.576,0.219
2022-08-08 14:00:00,6.308,-3.317,4.542,-0.187
2022-08-08 15:00:00,6.909,-1.516,6.356,-0.2
2022-08-08 16:00:00,6.948,-3.176,5.384,0.406
2022-08-08 17:00:00,6.828,-2.993,4.942,-2.052
2022-08-08 18:00:00,6.167,-2.162,4.438,-1.362
2022-08-08 19:00:00,5.679,-2.784,3.507,1.42
2022-08-08 20:00:00,6.117,-1.85,5.208,-0.874
2022-08-08 21:00:00,6.072,-1.647,4.803,-2.32
2022-08-08 22:00:00,5.545,-3.676,1.881,1.531
2022-08-08 23:00:00,5.866,-2.83,0.761,3.286
2022-08-09 00:00:00,6.005,-3.796,3.018,1.424
2022-08-09 01:00:00,5.925,-2.773,2.174,-0.881
2022-08-09 02:00:00,6.403,-0.223,5.346,-0.769
2022-08-09 03:00:00,6.587,-0.798,5.081,-2.136
2022-08-09 04:00:00,6.771,-5.333,0.655,3.679
2022-08-09 05:00:00,6.935,-4.646,3.414,2.466
2022-08-09 06:00:00,6.569,-5.049,1.734,1.539
2022-08-09 07:00:00,7.195,-2.726,4.638,-1.99
2022-08-09 08:00:00,7.534,-2.651,5.994,-1.62
2022-08-09 09:00:00,6.662,-3.861,4.756,-0.781
2022-08-09 10:00:00,6.333,-2.206,3.748,-2.005
2022-08-09 11:00:00,6.087,-0.059,4.463,-2.825
2022-08-09 12:00:00,5.863,-3.58,2.777,0.596
2022-08-09 13:00:00,6.441,-4.8,1.554,3.127
2022-08-09 14:00:00,6.201,-4.371,2.05,0.377
2022-08-09 15:00:00,6.673,-2.204,5.26,-1.875
2022-08-09 16:00:00,6.172,-2.882,4.764,-0.621
2022-08-09 17:00:00,5.912,-2.481,4.407,-1.54
2022-08-09 18:00:00,5.989,-0.831,4.846,-2.582
2022-08-09 19:00:00,5.787,-3.276,3.127,-2.537
2022-08-09 20:00:00,5.679,-3.97,2.687,-1.398
2022-08-09 21:00:00,5.307,-3.661,2.159,1.128
2022-08-09 22:00:00,5.124,-3.989,-1.26,1.788
2022-08-09 23:00:00,5.173,-4.122,-0.594,1.95
2022-08-10 00:00:00,5.765,-4.292,-1.471,1.882
2022-08-10 01:00:00,5.734,-4.867,-1.162,1.871
2022-08-10 02:00:00,5.712,-3.606,2.233,1.645
2022-08-10 03:00:00,5.877,-3.585,-0.016,3.284
2022-08-10 04:00:00,5.766,-4.394,1.804,0.672
2022-08-10 05:00:00,5.647,-2.889,2.081,1.134
2022-08-10 06:00:00,5.445,-3.357,-0.558,3.429
2022-08-10 07:00:00,5.668,-3.78,1.567,3.055
2022-08-10 08:00:00,5.581,-3.955,1.3,2.555
2022-08-10 09:00:00,5.567,-3.349,1.117,3.072
2022-08-10 10:00:00,5.549,-3.633,3.226,-1.199
2022-08-10 11:00:00,5.381,-3.98,2.452,-0.22
2022-08-10 12:00:00,5.428,-4.437,2.262,-0.596
2022-08-10 13:00:00,5.468,-5.132,0.863,1.253
2022-08-10 14:00:00,5.353,-4.93,0.67,0.632
2022-08-10 15:00:00,5.043,-4.811,0.675,-0.136
2022-08-10 16:00:00,4.936,-2.21,3.668,-1.276
2022-08-10 17:00:00,4.793,-1.721,3.781,-1.231
2022-08-10 18:00:00,4.49,-3.557,0.748,1.445
2022-08-10 19:00:00,4.276,-0.061,3.149,-0.151
2022-08-10 20:00:00,4.576,0.756,3.76,-1.296
2022-08-10 21:00:00,4.278,-0.742,3.672,0.451
2022-08-10 22:00:00,4.044,0.306,3.189,0.838
2022-08-10 23:00:00,4.38,-0.181,3.947,0.143
2022-08-11 00:00:00,4.501,-1.144,3.852,-1.24
2022-08-11 01:00:00,3.979,-0.471,3.078,-0.651
2022-08-11 02:00:00,3.781,-0.57,2.889,-1.104
2022-08-11 03:00:00,3.998,-2.995,1.666,0.961
2022-08-11 04:00:00,4.475,-1.923,2.255,-0.63
2022-08-11 05:00:00,4.893,0.636,4.483,-0.688
2022-08-11 06:00:00,4.874,-0.523,3.925,-0.308
2022-08-11 07:00:00,4.384,-2.985,2.563,1.284
2022-08-11 08:00:00,4.172,-2.262,2.68,0.936
2022-08-11 09:00:00,4.586,1.635,3.412,-1.822
2022-08-11 10:00:00,4.447,2.205,2.602,-2.666
2022-08-11 11:00:00,4.539,2.772,1.561,-2.94
2022-08-11 12:00:00,5.129,2.712,1.541,-3.789
2022-08-11 13:00:00,5.524,2.177,2.742,-3.703
2022-08-11 14:00:00,5.912,-2.712,-0.284,-3.263
2022-08-11 15:00:00,5.828,-3.808,0.083,-3.383
2022-08-11 16:00:00,6.666,3.211,3.885,-4.18
2022-08-11 17:00:00,7.621,4.132,4.808,-3.675
2022-08-11 18:00:00,8.322,4.74,5.037,-4.228
2022-08-11 19:00:00,8.557,4.77,6.522,-2.188
2022-08-11 20:00:00,8.325,3.94,6.458,-1.608
2022-08-11 21:00:00,9.271,4.525,7.678,0.778
2022-08-11 22:00:00,9.426,5.565,7.213,-1.598
2022-08-11 23:00:00,9.741,6.339,7.093,0.126
2022-08-12 00:00:00,9.85,4.826,5.864,3.893
2022-08-12 01:00:00,7.749,0.448,3.341,5.293
2022-08-12 02:00:00,7.38,2.22,2.6,5.838
2022-08-12 03:00:00,7.142,3.21,3.862,4.104
2022-08-12 04:00:00,7.113,1.426,4.859,4.595
2022-08-12 05:00:00,5.962,-1.147,0.207,1.728
2022-08-12 06:00:00,7.046,1.247,4.945,1.67
2022-08-12 07:00:00,5.986,-2.796,-0.227,2.831
2022-08-12 08:00:00,5.473,-2.909,-1.202,1.912
2022-08-12 09:00:00,5.053,-2.556,0.716,-2.101
2022-08-12 10:00:00,4.703,-1.744,2.779,-1.962
2022-08-12 11:00:00,4.255,-3.186,1.934,-0.676
2022-08-12 12:00:00,4.047,-3.788,0.85,-0.159
2022-08-12 13:00:00,3.78,-3.439,1.256,0.261
2022-08-12 14:00:00,3.998,-3.311,1.687,0.541
2022-08-12 15:00:00,4.16,-3.233,2.189,0.665
2022-08-12 16:00:00,4.197,-2.804,2.771,0.768
2022-08-12 17:00:00,4.151,-2.898,2.364,1.44
2022-08-12 18:00:00,4.227,-2.773,1.804,2.343
2022-08-12 19:00:00,4.294,-2.617,1.656,2.88
2022-08-12 20:00:00,4.203,-2.822,1.624,2.41
2022-08-12 21:00:00,3.966,-2.262,-0.163,0.486
2022-08-12 22:00:00,3.74,1.763,-2.894,0.008
2022-08-12 23:00:00,4.072,0.268,-3.892,-0.259
2022-08-13 00:00:00,4.171,-0.815,-3.929,-0.024
2022-08-13 01:00:00,4.29,-1.793,-3.437,0.731
2022-08-13 02:00:00,4.775,-1.339,-0.41,3.188
2022-08-13 03:00:00,4.69,-1.881,3.335,-0.729
2022-08-13 04:00:00,4.567,-1.837,3.343,-0.996
2022-08-13 05:00:00,4.456,-0.478,2.95,0.139
2022-08-13 06:00:00,4.907,-1.642,2.19,3.267
2022-08-13 07:00:00,4.908,-0.858,3.333,-0.298
2022-08-13 08:00:00,4.968,-1.332,4.084,0.57
2022-08-13 09:00:00,6.054,0.945,4.617,3.291
2022-08-13 10:00:00,6.061,-0.494,4.461,3.768
2022-08-13 11:00:00,4.72,-0.39,3.589,-0.313
2022-08-13 12:00:00,4.063,-1.566,0.669,-2.278
2022-08-13 13:00:00,4.434,-0.055,3.36,-1.978
2022-08-13 14:00:00,6.488,3.301,4.891,0.793
2022-08-13 15:00:00,5.412,1.58,4.488,-0.946
2022-08-13 16:00:00,5.61,2.837,4.261,-0.104
2022-08-13 17:00:00,5.163,2.071,4.089,0.921
2022-08-13 18:00:00,4.472,-0.052,3.384,-0.253
2022-08-13 19:00:00,5.028,2.563,3.87,0.724
2022-08-13 20:00:00,5.508,2.347,3.765,1.173
2022-08-13 21:00:00,4.391,0.327,2.934,-1.596
2022-08-13 22:00:00,4.528,-1.195,2.07,-0.047
2022-08-13 23:00:00,5.137,-3.635,-2.201,-0.965
2022-08-14 00:00:00,5.051,-2.203,-1.048,-1.597
2022-08-14 01:00:00,4.614,-3.524,-1.661,0.127
2022-08-14 02:00:00,3.797,-2.12,1.232,1.233
2022-08-14 03:00:00,4.065,-2.586,1.732,-0.686
2022-08-14 04:00:00,4.603,-0.756,3.128,-0.419
2022-08-14 05:00:00,4.643,-2.703,-0.354,2.816
2022-08-14 06:00:00,4.529,-1.727,0.886,2.245
2022-08-14 07:00:00,3.793,-1.883,-1.079,0.98
2022-08-14 08:00:00,4.22,-1.927,0.445,0.885
2022-08-14 09:00:00,4.364,-3.088,-2.31,-0.938
2022-08-14 10:00:00,4.585,-3.737,-2.05,0.145
2022-08-14 11:00:00,4.931,-4.307,-1.219,-0.769
2022-08-14 12:00:00,5.291,-3.809,-1.431,1.394
2022-08-14 13:00:00,5.099,-4.507,1.121,1.247
2022-08-14 14:00:00,5.282,-5.003,0.618,0.59
2022-08-14 15:00:00,5.56,-4.191,1.293,2.874
2022-08-14 16:00:00,5.658,-4.914,0.652,2.552
2022-08-14 17:00:00,5.718,-4.465,0.458,2.95
2022-08-14 18:00:00,5.658,-4.237,-0.785,3.387
2022-08-14 19:00:00,5.241,-4.133,-0.998,2.711
2022-08-14 20:00:00,5.305,-4.467,-1.735,1.786
2022-08-14 21:00:00,5.216,-4.559,-1.669,1.367
2022-08-14 22:00:00,5.238,-4.635,-0.832,1.952
2022-08-14 23:00:00,5.169,-4.639,-0.936,1.644
2022-08-15 00:00:00,5.006,-4.195,-0.059,1.652
2022-08-15 01:00:00,4.611,-3.173,3.136,0.23
2022-08-15 02:00:00,4.642,-3.327,2.166,1.337
2022-08-15 03:00:00,4.403,-3.509,1.78,1.532
2022-08-15 04:00:00,4.578,-3.709,2.16,0.78
2022-08-15 05:00:00,4.459,-3.537,2.255,-1.081
2022-08-15 06:00:00,4.251,-2.946,1.273,1.821
2022-08-15 07:00:00,4.003,-2.57,1.506,2.198
2022-08-15 08:00:00,4.238,-3.156,1.947,1.6
2022-08-15 09:00:00,4.221,-3.313,0.175,1.6
2022-08-15 10:00:00,4.246,-3.439,1.417,-0.54
2022-08-15 11:00:00,4.475,-0.38,4.139,1.049
2022-08-15 12:00:00,4.323,-1.986,3.135,-0.911
2022-08-15 13:00:00,4.333,-0.134,2.821,-2.721
2022-08-15 14:00:00,4.408,1.732,3.598,-0.336
2022-08-15 15:00:00,3.766,-0.316,2.51,0.422
2022-08-15 16:00:00,3.696,-2.485,1.106,0.422
2022-08-15 17:00:00,3.832,-0.82,2.503,2.221
2022-08-15 18:00:00,3.132,-2.0,1.785,0.8
2022-08-15 19:00:00,2.703,-2.417,0.858,-0.218
2022-08-15 20:00:00,3.184,-2.975,0.722,0.016
2022-08-15 21:00:00,2.346,-1.889,0.878,0.685
2022-08-15 22:00:00,1.721,-1.231,0.792,0.113
2022-08-15 23:00:00,1.438,-0.953,-0.089,-0.352
2022-08-16 00:00:00,1.595,-1.164,0.094,-0.15
2022-08-16 01:00:00,1.474,-0.762,0.687,0.728
2022-08-16 02:00:00,2.941,-1.985,1.491,-1.27
2022-08-16 03:00:00,3.426,-2.599,0.875,-1.931
2022-08-16 04:00:00,3.51,-2.592,1.762,-1.308
2022-08-16 05:00:00,3.704,-2.063,2.516,-1.393
2022-08-16 06:00:00,3.569,-3.034,1.434,-0.912
2022-08-16 07:00:00,3.634,-3.402,0.701,-0.805
2022-08-16 08:00:00,3.628,-3.122,1.169,-0.968
2022-08-16 09:00:00,3.68,-2.656,2.13,-1.186
2022-08-16 10:00:00,3.228,-1.912,1.708,-0.413
2022-08-16 11:00:00,2.77,-0.432,-0.345,1.047
2022-08-16 12:00:00,3.098,0.398,-1.192,2.412
2022-08-16 13:00:00,2.866,0.601,-1.57,1.79
2022-08-16 14:00:00,3.215,1.263,-1.94,1.331
2022-08-16 15:00:00,3.434,1.409,0.357,2.127
2022-08-16 16:00:00,3.117,2.217,0.098,1.505
2022-08-16 17:00:00,3.73,3.462,-0.989,0.369
2022-08-16 18:00:00,3.995,3.858,-0.469,0.453
2022-08-16 19:00:00,4.396,4.248,-0.087,-0.247
2022-08-16 20:00:00,3.964,2.6,-1.453,-2.046
2022-08-16 21:00:00,4.065,2.937,-0.304,-2.44
2022-08-16 22:00:00,4.531,3.37,-1.897,1.507
2022-08-16 23:00:00,6.406,-0.254,-0.653,5.721
2022-08-17 00:00:00,8.857,0.859,-2.295,8.384
2022-08-17 01:00:00,8.659,5.007,-4.598,5.242
2022-08-17 02:00:00,16.403,10.688,-9.421,7.174
2022-08-17 03:00:00,17.215,9.923,-10.602,5.146
2022-08-17 04:00:00,17.072,10.915,-10.313,5.475
2022-08-17 05:00:00,15.341,10.126,-5.374,8.489
2022-08-17 06:00:00,14.5,10.687,-4.717,7.639
2022-08-17 07:00:00,13.903,6.895,-8.602,7.133
2022-08-17 08:00:00,11.578,3.061,-9.276,-3.406
2022-08-17 09:00:00,11.849,-1.615,-8.513,-4.556
2022-08-17 10:00:00,11.303,3.07,-9.472,1.16
2022-08-17 11:00:00,10.566,4.895,2.057,7.022
2022-08-17 12:00:00,11.127,3.08,0.883,3.03
2022-08-17 13:00:00,13.846,6.177,-10.922,3.315
2022-08-17 14:00:00,14.693,7.246,-10.945,-3.873
2022-08-17 15:00:00,11.761,3.186,-8.867,-4.553
2022-08-17 16:00:00,11.579,-1.699,-4.379,-10.045
2022-08-17 17:00:00,14.661,-4.813,7.925,-10.222
2022-08-17 18:00:00,16.66,-4.568,7.515,-12.303
2022-08-17 19:00:00,16.05,-0.869,-2.251,-15.472
2022-08-17 20:00:00,14.433,8.739,-6.921,7.774
2022-08-17 21:00:00,14.603,10.872,-7.353,-4.026
2022-08-17 22:00:00,15.575,6.631,-4.873,11.799
2022-08-17 23:00:00,15.92,2.917,-4.18,12.644
2022-08-18 00:00:00,16.192,6.682,-6.674,10.175
2022-08-18 01:00:00,14.782,8.74,-7.858,5.887
2022-08-18 02:00:00,12.494,7.367,-7.982,1.373
2022-08-18 03:00:00,12.226,7.729,-6.879,5.515
2022-08-18 04:00:00,11.616,9.492,-2.983,-3.449
2022-08-18 05:00:00,11.241,8.172,-2.118,-3.905
2022-08-18 06:00:00,11.353,7.493,-4.198,6.631
2022-08-18 07:00:00,11.551,5.486,-5.421,5.392
2022-08-18 08:00:00,11.099,7.628,-6.738,2.961
2022-08-18 09:00:00,10.089,5.035,-7.897,-1.035
2022-08-18 10:00:00,9.269,5.493,-0.888,-3.088
2022-08-18 11:00:00,9.4,4.656,5.909,-1.986
2022-08-18 12:00:00,9.68,5.141,5.204,-0.515
2022-08-18 13:00:00,9.618,6.542,-0.074,-4.349
2022-08-18 14:00:00,10.029,5.85,-0.526,-5.873
2022-08-18 15:00:00,8.829,4.787,-1.589,-1.738
2022-08-18 16:00:00,7.856,0.496,-0.807,4.706
2022-08-18 17:00:00,7.99,2.119,-4.829,0.866
2022-08-18 18:00:00,7.629,3.559,-3.91,-3.705
2022-08-18 19:00:00,7.522,2.706,-4.606,-3.633
2022-08-18 20:00:00,7.516,4.805,-4.467,-1.138
2022-08-18 21:00:00,7.109,4.141,-0.089,-3.678
2022-08-18 22:00:00,6.769,5.335,-0.963,-2.289
2022-08-18 23:00:00,6.837,5.681,-0.808,-0.895
2022-08-19 00:00:00,7.331,2.881,-5.742,-2.206
2022-08-19 01:00:00,6.57,4.263,-0.014,0.576
2022-08-19 02:00:00,6.874,3.239,-4.358,-2.663
2022-08-19 03:00:00,6.603,5.574,0.315,0.36
2022-08-19 04:00:00,6.275,4.186,-0.351,3.082
2022-08-19 05:00:00,6.256,4.6,-2.691,-0.264
2022-08-19 06:00:00,5.991,2.397,-3.079,-3.823
2022-08-19 07:00:00,5.959,4.672,-0.356,-0.919
2022-08-19 08:00:00,5.939,5.318,1.381,0.346
2022-08-19 09:00:00,5.536,4.76,0.284,1.135
2022-08-19 10:00:00,5.311,4.246,0.304,0.859
2022-08-19 11:00:00,5.402,3.237,1.283,3.256
2022-08-19 12:00:00,5.449,4.463,0.557,1.714
2022-08-19 13:00:00,5.618,2.29,-4.021,-0.288
2022-08-19 14:00:00,5.57,3.934,-3.202,-0.197
2022-08-19 15:00:00,5.432,3.73,-2.539,-1.823
2022-08-19 16:00:00,5.399,3.863,-1.205,-1.635
2022-08-19 17:00:00,9.497,5.69,0.483,-3.772
2022-08-19 18:00:00,8.709,3.097,-1.358,-6.646
2022-08-19 19:00:00,8.929,-2.059,-3.239,-0.502
2022-08-19 20:00:00,7.381,-2.754,-3.702,-0.486
2022-08-19 21:00:00,7.931,-4.389,-2.271,-0.341
2022-08-19 22:00:00,6.372,1.052,-3.8,-3.461
2022-08-19 23:00:00,5.158,0.929,-0.206,-0.902
2022-08-20 00:00:00,6.125,1.172,-2.532,-0.432
2022-08-20 01:00:00,5.716,-4.069,-0.494,1.215
2022-08-20 02:00:00,5.891,3.529,1.018,-2.121
2022-08-20 03:00:00,6.044,4.041,3.6,-0.181
2022-08-20 04:00:00,6.976,6.553,1.022,1.3
2022-08-20 05:00:00,7.29,4.926,-4.344,0.551
2022-08-20 06:00:00,5.856,-0.096,-3.904,-3.454
2022-08-20 07:00:00,6.282,-1.38,-4.808,2.049
2022-08-20 08:00:00,6.104,1.992,-4.133,3.018
2022-08-20 09:00:00,5.638,4.132,-2.111,2.382
2022-08-20 10:00:00,5.001,4.578,-1.101,1.296
2022-08-20 11:00:00,4.83,4.466,-1.08,1.31
2022-08-20 12:00:00,5.249,4.727,-1.586,1.47
2022-08-20 13:00:00,5.346,4.698,-1.763,1.642
2022-08-20 14:00:00,4.617,3.444,-0.769,2.24
2022-08-20 15:00:00,4.178,3.459,-1.493,1.387
2022-08-20 16:00:00,4.465,3.893,-0.463,1.939
2022-08-20 17:00:00,5.418,-1.948,2.72,-0.385
2022-08-20 18:00:00,6.561,2.01,-2.894,3.157
2022-08-20 19:00:00,6.449,-1.295,-2.795,-4.923
2022-08-20 20:00:00,7.475,0.302,-5.642,-3.64
2022-08-20 21:00:00,7.35,1.463,-5.514,-3.309
2022-08-20 22:00:00,8.131,2.446,-5.409,-4.277
2022-08-20 23:00:00,8.268,3.319,-5.349,-4.085
2022-08-21 00:00:00,8.18,3.442,-4.063,-4.131
2022-08-21 01:00:00,8.127,2.959,-7.213,-1.188
2022-08-21 02:00:00,8.253,4.737,-5.082,2.313
2022-08-21 03:00:00,7.519,1.808,-5.143,2.142
2022-08-21 04:00:00,7.688,5.813,-3.968,-1.136
2022-08-21 05:00:00,7.896,6.564,-4.21,0.762
2022-08-21 06:00:00,7.672,6.61,-3.677,0.737
2022-08-21 07:00:00,7.779,6.783,-2.661,-1.67
2022-08-21 08:00:00,8.665,7.336,-2.411,-2.573
2022-08-21 09:00:00,8.451,6.391,-4.077,-1.842
2022-08-21 10:00:00,7.804,5.713,-4.953,0.477
2022-08-21 11:00:00,7.253,5.189,-2.886,-1.538
2022-08-21 12:00:00,7.179,3.717,-4.817,-0.494
2022-08-21 13:00:00,7.398,4.21,-4.492,-0.293
2022-08-21 14:00:00,7.003,4.809,-1.214,-3.755
2022-08-21 15:00:00,6.827,4.191,-0.473,-3.533
2022-08-21 16:00:00,6.527,4.868,-1.076,-2.435
2022-08-21 17:00:00,6.426,4.674,-0.99,-2.302
2022-08-21 18:00:00,6.285,4.728,0.846,-2.558
2022-08-21 19:00:00,6.036,3.97,2.4,-0.875
2022-08-21 20:00:00,6.28,4.697,-0.589,1.892
2022-08-21 21:00:00,6.291,3.123,2.388,1.623
2022-08-21 22:00:00,6.317,5.41,0.562,-1.29
2022-08-21 23:00:00,6.658,5.295,-2.513,-1.068
2022-08-22 00:00:00,6.533,5.629,-1.579,-1.38
2022-08-22 01:00:00,6.657,4.902,-3.552,1.465
2022-08-22 02:00:00,6.554,4.737,-2.586,-1.38
2022-08-22 03:00:00,6.495,5.872,-0.653,-1.003
2022-08-22 04:00:00,6.65,6.284,-0.599,-0.919
2022-08-22 05:00:00,6.603,6.257,-1.546,0.271
2022-08-22 06:00:00,6.577,6.184,-1.416,-0.588
2022-08-22 07:00:00,6.701,5.874,-2.424,1.087
2022-08-22 08:00:00,6.581,5.698,-2.279,-0.07
2022-08-22 09:00:00,6.444,5.063,-2.603,1.012
2022-08-22 10:00:00,6.422,6.096,-0.309,0.749
2022-08-22 11:00:00,6.344,5.714,-1.872,0.894
2022-08-22 12:00:00,6.36,5.474,-2.763,0.683
2022-08-22 13:00:00,6.305,5.676,-2.122,1.164
2022-08-22 14:00:00,6.278,5.312,-2.841,-0.478
2022-08-22 15:00:00,6.356,6.155,-1.236,-0.38
2022-08-22 16:00:00,6.459,6.058,-1.966,-0.69
2022-08-22 17:00:00,6.51,6.163,-1.913,-0.261
2022-08-22 18:00:00,6.387,6.028,-1.687,0.551
2022-08-22 19:00:00,6.541,6.22,-1.502,0.93
2022-08-22 20:00:00,6.404,6.005,-2.1,-0.24
2022-08-22 21:00:00,6.411,6.192,-1.478,-0.181
2022-08-22 22:00:00,6.288,5.917,-1.538,-0.07
2022-08-22 23:00:00,6.367,5.297,-3.332,-0.109
2022-08-23 00:00:00,6.41,5.592,-2.903,0.125
2022-08-23 01:00:00,6.38,5.66,-2.796,0.077
2022-08-23 02:00:00,5.969,2.353,-4.89,-0.665
2022-08-23 03:00:00,6.039,4.823,-3.425,0.036
2022-08-23 04:00:00,6.021,5.193,-2.574,1.073
2022-08-23 05:00:00,5.912,5.6,-1.611,0.463
2022-08-23 06:00:00,5.839,5.514,-1.607,0.604
2022-08-23 07:00:00,5.893,5.791,-0.767,-0.204
2022-08-23 08:00:00,5.736,5.614,-0.446,-0.667
2022-08-23 09:00:00,5.565,5.295,-1.059,-1.049
2022-08-23 10:00:00,5.666,4.867,-2.529,-1.031
2022-08-23 11:00:00,5.872,4.607,-3.45,-0.552
2022-08-23 12:00:00,5.767,4.528,-2.595,-1.994
2022-08-23 13:00:00,5.508,4.257,-2.953,-0.168
2022-08-23 14:00:00,5.338,4.248,-2.999,0.653
2022-08-23 15:00:00,5.228,4.641,-1.901,0.961
2022-08-23 16:00:00,5.187,3.919,-2.442,1.604
2022-08-23 17:00:00,4.852,2.265,-3.469,0.498
2022-08-23 18:00:00,4.811,2.884,-2.879,1.094
2022-08-23 19:00:00,4.89,2.141,-3.408,1.756
2022-08-23 20:00:00,5.103,2.706,-3.471,-0.072
2022-08-23 21:00:00,4.926,2.473,-2.759,1.881
2022-08-23 22:00:00,5.138,3.001,-2.636,0.67
2022-08-23 23:00:00,4.552,0.759,-3.518,2.225
2022-08-24 00:00:00,4.588,2.758,-2.7,1.763
2022-08-24 01:00:00,4.842,2.818,-3.105,0.227
2022-08-24 02:00:00,5.254,2.073,-3.907,0.563
2022-08-24 03:00:00,6.137,-0.005,-3.706,2.814
2022-08-24 04:00:00,6.596,-1.597,-5.491,-0.131
2022-08-24 05:00:00,6.692,-1.624,-6.095,-0.903
2022-08-24 06:00:00,6.32,-1.226,-5.919,-0.746
2022-08-24 07:00:00,6.128,-2.431,-5.467,-0.719
2022-08-24 08:00:00,5.676,3.236,-2.733,-0.166
2022-08-24 09:00:00,5.424,5.07,-1.6,-0.14
2022-08-24 10:00:00,5.762,4.339,-3.014,0.817
2022-08-24 11:00:00,5.596,4.588,-2.131,1.608
2022-08-24 12:00:00,5.468,1.839,-4.606,-0.17
2022-08-24 13:00:00,5.387,0.721,-5.116,-0.949
2022-08-24 14:00:00,5.603,-0.098,-5.261,-1.057
2022-08-24 15:00:00,5.523,3.403,-3.073,0.856
2022-08-24 16:00:00,5.407,3.541,-3.893,0.748
2022-08-24 17:00:00,5.179,3.268,-3.875,0.443
2022-08-24 18:00:00,4.991,3.594,-3.389,0.239
2022-08-24 19:00:00,5.021,2.795,-4.069,0.306
2022-08-24 20:00:00,5.138,0.04,-4.79,1.103
2022-08-24 21:00:00,5.319,0.149,-5.062,0.307
2022-08-24 22:00:00,5.292,0.671,-5.094,-0.12
2022-08-24 23:00:00,5.316,1.253,-4.921,-0.663
2022-08-25 00:00:00,5.666,2.513,-4.629,-1.203
2022-08-25 01:00:00,5.617,3.876,-3.872,0.336
2022-08-25 02:00:00,5.86,3.491,-4.159,0.357
2022-08-25 03:00:00,5.966,4.771,-3.048,1.649
2022-08-25 04:00:00,5.378,3.196,-3.671,0.18
2022-08-25 05:00:00,5.259,2.851,-2.822,-1.501
2022-08-25 06:00:00,5.681,4.643,2.305,-1.135
2022-08-25 07:00:00,5.796,5.635,-0.518,0.563
2022-08-25 08:00:00,5.924,5.757,0.026,1.091
2022-08-25 09:00:00,5.956,5.861,0.083,0.082
2022-08-25 10:00:00,5.996,5.532,1.894,-0.71
2022-08-25 11:00:00,6.078,4.544,-2.191,1.818
2022-08-25 12:00:00,6.452,4.691,-3.71,2.141
2022-08-25 13:00:00,6.186,4.347,-4.097,1.038
2022-08-25 14:00:00,6.408,5.444,-2.99,0.975
2022-08-25 15:00:00,6.435,5.163,-3.41,0.655
2022-08-25 16:00:00,6.469,4.919,-3.526,2.156
2022-08-25 17:00:00,6.307,5.134,-3.079,1.788
2022-08-25 18:00:00,6.105,5.122,-2.804,1.514
2022-08-25 19:00:00,5.866,3.328,-3.674,-1.041
2022-08-25 20:00:00,5.485,3.447,-3.805,-1.542
2022-08-25 21:00:00,5.144,4.015,-2.651,-0.501
2022-08-25 22:00:00,5.084,4.3,-2.304,0.904
2022-08-25 23:00:00,5.532,3.662,-3.492,-1.021
2022-08-26 00:00:00,5.378,4.131,-3.093,-1.043
2022-08-26 01:00:00,5.3,3.411,-3.577,-1.078
2022-08-26 02:00:00,5.483,2.307,-4.738,-1.069
2022-08-26 03:00:00,5.711,2.043,-4.354,-2.927
2022-08-26 04:00:00,5.957,1.696,-4.299,-2.427
2022-08-26 05:00:00,5.716,2.207,-5.027,-1.188
2022-08-26 06:00:00,5.732,0.373,-5.506,0.668
2022-08-26 07:00:00,5.831,0.073,-5.716,-0.561
2022-08-26 08:00:00,6.405,1.532,-6.001,-0.835
2022-08-26 09:00:00,6.387,1.078,-4.891,0.063
2022-08-26 10:00:00,5.577,-1.038,-5.097,0.452
2022-08-26 11:00:00,5.821,0.911,-5.493,-1.27
2022-08-26 12:00:00,5.916,0.913,-5.403,-1.78
2022-08-26 13:00:00,6.256,2.373,-5.144,-2.308
2022-08-26 14:00:00,6.449,1.331,-5.949,-1.832
2022-08-26 15:00:00,6.447,0.056,-6.146,-1.602
2022-08-26 16:00:00,6.592,-0.349,-6.529,-0.326
2022-08-26 17:00:00,6.508,-0.773,-6.376,-0.364
2022-08-26 18:00:00,6.812,-0.084,-6.602,-1.134
2022-08-26 19:00:00,6.928,0.656,-6.727,-1.343
2022-08-26 20:00:00,6.85,1.255,-6.469,-1.749
2022-08-26 21:00:00,6.853,1.258,-6.395,-2.017
2022-08-26 22:00:00,6.818,0.846,-6.202,-2.22
2022-08-26 23:00:00,6.867,-0.124,-6.381,-1.991
2022-08-27 00:00:00,6.99,0.616,-6.367,-2.023
2022-08-27 01:00:00,7.271,0.867,-6.601,-2.638
2022-08-27 02:00:00,7.175,-0.02,-5.816,-3.898
2022-08-27 03:00:00,7.161,1.222,-6.276,-2.805
2022-08-27 04:00:00,6.998,2.573,-5.905,-2.033
2022-08-27 05:00:00,6.203,5.058,-3.193,-0.384
2022-08-27 06:00:00,6.91,2.01,-4.753,-4.487
2022-08-27 07:00:00,7.092,4.43,-4.216,-2.802
2022-08-27 08:00:00,9.521,7.364,-3.94,-3.755
2022-08-27 09:00:00,11.239,1.536,-5.871,-8.852
2022-08-27 10:00:00,10.807,-0.931,-1.366,-9.814
2022-08-27 11:00:00,11.94,-1.416,-3.469,-10.624
2022-08-27 12:00:00,10.974,0.635,-7.92,-5.089
2022-08-27 13:00:00,12.872,4.868,-10.502,0.749
2022-08-27 14:00:00,12.533,7.572,-8.563,-1.209
2022-08-27 15:00:00,12.177,6.308,-4.964,8.493
2022-08-27 16:00:00,12.854,6.486,-7.719,-3.771
2022-08-27 17:00:00,12.966,5.683,-7.772,-8.448
2022-08-27 18:00:00,12.405,8.113,-8.439,-2.697
2022-08-27 19:00:00,11.958,5.971,-6.379,-3.698
2022-08-27 20:00:00,8.003,4.023,-3.161,-2.095
2022-08-27 21:00:00,6.82,4.589,-1.898,1.547
2022-08-27 22:00:00,4.985,1.041,-0.125,2.471
2022-08-27 23:00:00,4.789,2.82,-1.435,1.74
2022-08-28 00:00:00,8.406,5.906,-0.943,5.146
2022-08-28 01:00:00,8.296,6.348,-4.144,1.49
2022-08-28 02:00:00,7.456,4.44,-3.573,0.356
2022-08-28 03:00:00,6.952,3.954,-0.486,4.384
2022-08-28 04:00:00,7.924,6.49,-3.913,0.385
2022-08-28 05:00:00,7.242,3.78,-3.765,-3.883
2022-08-28 06:00:00,4.72,2.34,-0.896,-0.892
2022-08-28 07:00:00,5.7,3.294,-3.011,2.149
2022-08-28 08:00:00,6.619,2.773,-3.575,-2.389
2022-08-28 09:00:00,7.219,4.105,-1.957,-1.235
2022-08-28 10:00:00,7.925,3.71,-6.232,1.253
2022-08-28 11:00:00,6.781,3.023,-5.579,0.189
2022-08-28 12:00:00,5.012,-0.081,-2.046,2.626
2022-08-28 13:00:00,5.896,0.274,-4.308,0.089
2022-08-28 14:00:00,6.39,4.723,-3.551,-1.242
2022-08-28 15:00:00,5.853,4.477,-3.509,-0.191
2022-08-28 16:00:00,5.688,4.888,-2.295,1.509
2022-08-28 17:00:00,4.882,2.72,-3.062,-1.319
2022-08-28 18:00:00,5.154,4.183,-1.008,2.181
2022-08-28 19:00:00,5.331,4.278,-0.676,2.812
2022-08-28 20:00:00,5.356,4.346,-2.46,0.698
2022-08-28 21:00:00,5.705,4.735,-2.944,0.393
2022-08-28 22:00:00,6.306,3.745,-4.022,1.565
2022-08-28 23:00:00,6.887,3.107,-4.875,-1.49
2022-08-29 00:00:00,6.186,1.689,-4.689,-2.392
2022-08-29 01:00:00,5.332,0.271,-2.188,-1.619
2022-08-29 02:00:00,5.781,-1.293,-2.752,-4.011
2022-08-29 03:00:00,9.175,1.078,-1.48,-0.834
2022-08-29 04:00:00,9.119,0.998,0.132,1.264
2022-08-29 05:00:00,7.98,4.439,-3.123,1.898
2022-08-29 06:00:00,9.538,3.256,-4.605,-0.216
2022-08-29 07:00:00,10.127,8.423,-2.743,4.481
2022-08-29 08:00:00,10.014,7.409,-5.319,2.418
2022-08-29 09:00:00,9.743,2.557,-7.385,-2.87
2022-08-29 10:00:00,9.284,-0.029,-7.964,-2.199
2022-08-29 11:00:00,8.463,-3.178,-4.356,-5.279
2022-08-29 12:00:00,5.871,-3.176,-2.455,-0.797
2022-08-29 13:00:00,6.156,-4.455,-3.17,0.374
2022-08-29 14:00:00,5.667,-2.119,-3.083,0.633
2022-08-29 15:00:00,7.84,3.85,-5.664,2.312
2022-08-29 16:00:00,9.035,5.146,-6.41,3.184
2022-08-29 17:00:00,8.93,4.431,-5.884,0.028
2022-08-29 18:00:00,8.523,5.481,-5.42,1.158
2022-08-29 19:00:00,8.626,6.007,-1.531,5.097
2022-08-29 20:00:00,9.374,5.335,1.488,6.599
2022-08-29 21:00:00,10.149,7.265,2.911,5.909
2022-08-29 22:00:00,10.635,7.007,1.106,7.621
2022-08-29 23:00:00,10.3,-0.657,3.605,5.052
2022-08-30 00:00:00,8.772,-5.324,2.236,-0.226
2022-08-30 01:00:00,8.567,1.642,-6.431,-4.044
2022-08-30 02:00:00,7.887,-0.545,-3.431,-6.033
2022-08-30 03:00:00,8.264,2.176,-5.6,-3.698
2022-08-30 04:00:00,6.591,3.831,-2.8,1.428
2022-08-30 05:00:00,5.557,3.482,-1.884,-1.762
2022-08-30 06:00:00,5.69,0.038,-4.413,-0.291
2022-08-30 07:00:00,6.851,2.653,-4.388,0.851
2022-08-30 08:00:00,7.903,-0.826,-5.841,-4.631
2022-08-30 09:00:00,8.681,0.254,-6.497,-2.126
2022-08-30 10:00:00,10.126,5.513,-6.947,2.4
2022-08-30 11:00:00,11.41,5.048,-8.405,2.287
2022-08-30 12:00:00,10.733,5.513,-8.44,0.312
2022-08-30 13:00:00,10.904,5.005,-9.455,0.795
2022-08-30 14:00:00,11.336,6.443,-8.685,2.806
2022-08-30 15:00:00,11.377,10.145,-1.733,3.229
2022-08-30 16:00:00,11.386,9.762,-0.237,2.676
2022-08-30 17:00:00,10.696,9.297,-4.439,-0.896
2022-08-30 18:00:00,10.888,8.304,-5.181,-3.434
2022-08-30 19:00:00,14.276,8.027,-0.174,0.038
2022-08-30 20:00:00,13.685,5.592,8.069,5.491
2022-08-30 21:00:00,12.692,10.25,-4.657,2.52
2022-08-30 22:00:00,10.505,8.079,-6.529,0.867
2022-08-30 23:00:00,9.592,6.692,-6.752,0.628
2022-08-31 00:00:00,8.942,4.371,-7.319,-1.239
2022-08-31 01:00:00,8.239,-1.976,-7.142,-3.013
2022-08-31 02:00:00,8.33,-4.458,-5.88,-3.147
2022-08-31 03:00:00,7.645,2.832,-5.743,-1.022
2022-08-31 04:00:00,7.573,4.905,-4.2,-0.879
2022-08-31 05:00:00,7.221,6.244,-2.17,2.103
2022-08-31 06:00:00,7.015,6.568,-1.307,-1.584
2022-08-31 07:00:00,6.783,6.381,-1.377,-0.718
2022-08-31 08:00:00,6.587,6.415,-1.061,0.004
2022-08-31 09:00:00,6.606,6.047,-2.23,-0.637
2022-08-31 10:00:00,6.588,6.243,-1.599,-0.653
2022-08-31 11:00:00,6.88,5.695,-3.187,-1.337
2022-08-31 12:00:00,7.394,6.998,0.003,-0.545
2022-08-31 13:00:00,7.792,7.289,-0.009,-1.08
2022-08-31 14:00:00,7.463,6.797,-0.593,-1.462
2022-08-31 15:00:00,7.285,6.076,1.703,1.651
2022-08-31 16:00:00,7.047,6.483,-0.089,2.176
2022-08-31 17:00:00,6.814,5.54,-1.433,2.971
2022-08-31 18:00:00,6.758,6.003,-1.679,1.209
2022-08-31 19:00:00,6.995,3.889,-3.251,-3.293
2022-08-31 20:00:00,7.497,4.501,-1.353,-4.213
2022-08-31 21:00:00,7.556,3.342,-1.971,-4.437
2022-08-31 22:00:00,7.872,4.851,-2.464,-2.278
2022-08-31 23:00:00,7.542,3.331,-4.976,1.09
2022-09-01 00:00:00,7.816,3.632,-3.034,5.659
2022-09-01 01:00:00,7.686,3.154,-5.143,-4.202
2022-09-01 02:00:00,7.023,3.202,-5.07,-1.542
2022-09-01 03:00:00,6.822,3.559,-3.948,1.741
2022-09-01 04:00:00,5.562,4.091,-1.412,1.849
2022-09-01 05:00:00,4.983,4.128,-1.55,1.315
2022-09-01 06:00:00,5.39,4.031,-1.94,1.827
2022-09-01 07:00:00,4.974,0.312,-0.878,-2.546
2022-09-01 08:00:00,4.392,2.33,-2.466,-0.102
2022-09-01 09:00:00,5.249,4.356,-1.591,0.714
2022-09-01 10:00:00,5.734,5.219,-1.976,0.734
2022-09-01 11:00:00,5.397,5.041,-1.623,0.571
2022-09-01 12:00:00,4.976,4.412,-2.084,0.067
2022-09-01 13:00:00,4.766,4.164,-1.484,0.865
2022-09-01 14:00:00,4.701,1.466,-3.321,0.655
2022-09-01 15:00:00,4.538,3.721,-2.293,0.342
2022-09-01 16:00:00,4.63,3.888,-2.184,-0.246
2022-09-01 17:00:00,4.324,3.182,-2.413,-0.567
2022-09-01 18:00:00,4.29,3.259,-2.509,-0.146
2022-09-01 19:00:00,4.353,3.147,-2.73,-0.443
2022-09-01 20:00:00,4.28,3.09,-2.756,0.39
2022-09-01 21:00:00,4.414,3.593,-2.342,-0.45
2022-09-01 22:00:00,3.48,2.218,-2.111,-0.069
2022-09-01 23:00:00,4.169,3.447,-2.121,-0.339
2022-09-02 00:00:00,4.354,3.687,-1.726,-1.045
2022-09-02 01:00:00,4.301,3.519,-2.164,0.544
2022-09-02 02:00:00,4.528,3.77,-2.114,0.76
2022-09-02 03:00:00,4.156,2.664,-1.996,1.727
2022-09-02 04:00:00,4.09,2.872,-2.031,1.701
2022-09-02 05:00:00,3.788,2.977,-1.924,0.998
2022-09-02 06:00:00,3.419,-0.255,-0.131,1.193
2022-09-02 07:00:00,5.106,-1.721,3.435,0.473
2022-09-02 08:00:00,4.622,-2.312,1.711,-0.73
2022-09-02 09:00:00,4.535,-2.501,-2.192,-0.942
2022-09-02 10:00:00,4.329,-2.015,-0.201,-1.862
2022-09-02 11:00:00,5.545,0.917,-3.217,-2.639
2022-09-02 12:00:00,5.488,1.25,-4.523,-1.303
2022-09-02 13:00:00,5.49,-1.044,-5.102,0.681
2022-09-02 14:00:00,5.39,-1.526,-4.743,1.183
2022-09-02 15:00:00,5.735,-0.18,-5.033,2.085
2022-09-02 16:00:00,5.689,-3.028,-0.887,2.236
2022-09-02 17:00:00,6.697,-5.558,1.493,2.925
2022-09-02 18:00:00,7.841,-6.628,3.752,1.416
2022-09-02 19:00:00,7.502,-6.475,3.566,0.316
2022-09-02 20:00:00,7.575,-5.316,4.413,-1.67
2022-09-02 21:00:00,8.06,-5.022,4.877,-2.31
2022-09-02 22:00:00,7.912,-5.941,3.862,-2.513
2022-09-02 23:00:00,6.703,-3.917,3.402,-3.718
2022-09-03 00:00:00,5.469,0.132,1.828,-3.689
2022-09-03 01:00:00,4.742,-0.755,-1.077,0.709
2022-09-03 02:00:00,5.546,3.442,-1.472,1.606
2022-09-03 03:00:00,6.248,-0.619,0.089,-2.764
2022-09-03 04:00:00,7.189,0.256,2.534,-0.968
2022-09-03 05:00:00,8.255,-2.839,0.567,2.843
2022-09-03 06:00:00,10.327,-5.918,3.177,5.26
2022-09-03 07:00:00,10.491,-3.249,9.49,-1.165
2022-09-03 08:00:00,9.045,-0.568,8.226,-2.264
2022-09-03 09:00:00,9.021,-1.921,6.607,-1.515
2022-09-03 10:00:00,6.97,-3.148,4.796,0.496
2022-09-03 11:00:00,6.746,-2.212,5.631,-1.345
2022-09-03 12:00:00,6.941,-2.598,5.784,-1.52
2022-09-03 13:00:00,7.053,-4.199,5.225,0.545
2022-09-03 14:00:00,7.021,-4.993,4.567,0.572
2022-09-03 15:00:00,6.541,-5.141,2.564,1.793
2022-09-03 16:00:00,7.678,-4.943,5.45,-0.995
2022-09-03 17:00:00,7.657,-5.333,4.624,-2.358
2022-09-03 18:00:00,7.197,-4.272,4.934,-2.866
2022-09-03 19:00:00,7.699,-3.662,5.514,-3.538
2022-09-03 20:00:00,7.694,-3.376,5.711,-3.22
2022-09-03 21:00:00,7.965,-1.386,5.37,-4.686
2022-09-03 22:00:00,7.045,-3.426,0.25,3.263
2022-09-03 23:00:00,7.858,-0.051,-0.332,2.296
2022-09-04 00:00:00,9.57,-4.894,2.901,-0.291
2022-09-04 01:00:00,10.768,2.456,1.77,-6.873
2022-09-04 02:00:00,8.019,-5.654,3.758,2.671
2022-09-04 03:00:00,9.481,-5.788,5.667,-2.706
2022-09-04 04:00:00,10.113,-4.442,7.229,-4.123
2022-09-04 05:00:00,9.858,-5.216,4.953,1.027
2022-09-04 06:00:00,9.639,-7.241,4.163,-0.052
2022-09-04 07:00:00,8.421,-6.018,4.4,-2.563
2022-09-04 08:00:00,8.156,-4.134,6.316,-2.106
2022-09-04 09:00:00,8.176,-4.068,5.904,-3.167
2022-09-04 10:00:00,7.851,-2.357,5.862,1.039
2022-09-04 11:00:00,7.305,-1.744,4.613,-0.08
2022-09-04 12:00:00,7.455,-1.333,5.384,1.388
2022-09-04 13:00:00,8.249,-3.025,6.574,-0.53
2022-09-04 14:00:00,9.49,-3.281,8.012,-3.152
2022-09-04 15:00:00,8.905,-4.294,5.748,-0.974
2022-09-04 16:00:00,8.584,-2.959,6.175,0.353
2022-09-04 17:00:00,8.853,-4.642,5.216,0.306
2022-09-04 18:00:00,6.923,-2.054,4.048,-0.695
2022-09-04 19:00:00,6.492,-4.463,3.373,0.209
2022-09-04 20:00:00,6.467,-4.387,2.349,-1.456
2022-09-04 21:00:00,8.501,-3.397,5.356,-1.54
2022-09-04 22:00:00,8.016,-4.425,3.143,-3.728
2022-09-04 23:00:00,7.906,-2.063,5.53,0.107
2022-09-05 00:00:00,7.366,-1.871,5.017,-0.232
2022-09-05 01:00:00,6.726,-2.22,3.266,-0.964
2022-09-05 02:00:00,6.627,-2.855,3.046,2.591
2022-09-05 03:00:00,6.472,-1.479,2.132,4.227
2022-09-05 04:00:00,6.961,-2.328,4.903,1.248
2022-09-05 05:00:00,7.774,-6.764,2.376,0.934
2022-09-05 06:00:00,7.89,-3.684,6.066,0.823
2022-09-05 07:00:00,7.948,-3.673,5.561,1.175
2022-09-05 08:00:00,7.287,-5.517,3.133,-0.941
2022-09-05 09:00:00,7.3,-5.594,1.97,-1.746
2022-09-05 10:00:00,7.396,-5.904,2.366,-1.998
2022-09-05 11:00:00,7.158,-3.426,3.623,-2.634
2022-09-05 12:00:00,7.165,-5.86,0.992,-0.394
2022-09-05 13:00:00,7.046,-4.96,3.745,-1.691
2022-09-05 14:00:00,7.131,-5.148,2.449,-3.023
2022-09-05 15:00:00,6.897,-5.26,1.481,-2.425
2022-09-05 16:00:00,7.029,-6.211,-0.637,-1.101
2022-09-05 17:00:00,6.82,-5.083,-0.365,1.299
2022-09-05 18:00:00,7.455,-4.783,1.21,3.456
2022-09-05 19:00:00,6.884,-4.043,3.348,-1.232
2022-09-05 20:00:00,5.762,-3.316,1.924,-1.161
2022-09-05 21:00:00,5.835,-3.754,-0.052,3.293
2022-09-05 22:00:00,6.333,-3.929,3.001,-0.391
2022-09-05 23:00:00,6.065,-4.698,1.687,-0.549
2022-09-06 00:00:00,5.85,-2.64,1.558,-3.61
2022-09-06 01:00:00,5.493,-2.97,1.703,-2.616
2022-09-06 02:00:00,5.518,-2.985,0.972,2.562
2022-09-06 03:00:00,5.578,-3.905,0.472,0.835
2022-09-06 04:00:00,5.74,-2.111,2.982,0.761
2022-09-06 05:00:00,5.608,-1.196,-0.503,4.272
2022-09-06 06:00:00,5.219,-2.56,1.165,1.57
2022-09-06 07:00:00,5.584,-0.284,2.417,2.453
2022-09-06 08:00:00,5.515,-2.252,0.871,0.777
2022-09-06 09:00:00,5.54,-0.793,1.861,3.504
2022-09-06 10:00:00,5.601,-1.63,3.697,1.294
2022-09-06 11:00:00,5.423,-3.219,3.215,0.022
2022-09-06 12:00:00,5.559,-3.152,4.073,0.754
2022-09-06 13:00:00,5.738,-3.534,3.533,0.76
2022-09-06 14:00:00,6.01,-2.257,4.447,0.156
2022-09-06 15:00:00,5.937,-2.876,4.679,-0.092
2022-09-06 16:00:00,5.94,-3.246,4.128,0.728
2022-09-06 17:00:00,5.772,-2.461,4.126,1.305
2022-09-06 18:00:00,5.592,-2.706,2.856,2.532
2022-09-06 19:00:00,5.581,-2.452,3.655,-1.203
2022-09-06 20:00:00,5.706,-3.417,2.388,2.78
2022-09-06 21:00:00,5.277,-3.695,1.264,0.87
2022-09-06 22:00:00,5.106,-2.568,3.225,-0.577
2022-09-06 23:00:00,5.048,-3.183,2.473,1.538
2022-09-07 00:00:00,5.379,-1.659,2.385,2.603
2022-09-07 01:00:00,5.447,-2.406,0.373,2.707
2022-09-07 02:00:00,5.175,-3.861,1.12,1.99
2022-09-07 03:00:00,5.026,-3.905,0.613,0.523
2022-09-07 04:00:00,5.031,-4.008,2.325,0.653
2022-09-07 05:00:00,5.037,-2.561,3.036,-0.197
2022-09-07 06:00:00,5.135,-2.659,3.486,0.887
2022-09-07 07:00:00,5.04,-2.826,0.076,3.003
2022-09-07 08:00:00,5.334,-4.684,0.833,1.024
2022-09-07 09:00:00,5.042,-3.182,2.319,-2.518
2022-09-07 10:00:00,4.602,-3.099,2.502,0.763
2022-09-07 11:00:00,5.047,-1.927,4.262,-0.167
2022-09-07 12:00:00,4.682,-3.217,1.549,-0.04
2022-09-07 13:00:00,4.985,-3.622,2.499,-0.373
2022-09-07 14:00:00,5.222,-2.602,3.437,-2.046
2022-09-07 15:00:00,5.454,-1.533,3.651,-3.343
2022-09-07 16:00:00,5.453,-1.325,3.132,-3.691
2022-09-07 17:00:00,5.251,-4.456,1.473,-0.238
2022-09-07 18:00:00,5.077,-4.286,0.44,-0.791
2022-09-07 19:00:00,5.304,-4.284,-0.593,2.687
2022-09-07 20:00:00,5.413,-3.333,-1.556,3.195
2022-09-07 21:00:00,4.974,-4.052,-1.254,1.852
2022-09-07 22:00:00,5.303,-4.719,-0.015,1.307
2022-09-07 23:00:00,5.235,-4.609,-1.023,1.131
2022-09-08 00:00:00,5.176,-4.427,0.719,0.537
2022-09-08 01:00:00,6.136,-5.713,-0.082,1.748
2022-09-08 02:00:00,5.476,-1.133,3.495,-2.732
2022-09-08 03:00:00,5.632,-0.406,4.438,-2.798
2022-09-08 04:00:00,5.46,-0.924,5.2,-0.2
2022-09-08 05:00:00,5.421,-1.908,4.752,-1.18
2022-09-08 06:00:00,5.157,-2.343,3.698,-1.543
2022-09-08 07:00:00,5.174,-2.923,1.22,2.799
2022-09-08 08:00:00,5.016,-4.082,1.369,1.525
2022-09-08 09:00:00,5.05,-3.28,2.437,-2.389
2022-09-08 10:00:00,5.232,-3.24,2.047,-1.104
2022-09-08 11:00:00,5.529,-4.835,-1.746,0.513
2022-09-08 12:00:00,5.472,-2.944,2.114,-1.908
2022-09-08 13:00:00,5.28,-2.312,3.397,1.378
2022-09-08 14:00:00,5.119,-3.595,2.355,0.714
2022-09-08 15:00:00,5.13,-2.626,3.748,-0.144
2022-09-08 16:00:00,5.501,-1.266,4.162,-2.115
2022-09-08 17:00:00,5.493,-1.666,4.668,-0.071
2022-09-08 18:00:00,5.672,-4.734,1.574,1.24
2022-09-08 19:00:00,5.683,-2.282,3.056,-2.757
2022-09-08 20:00:00,5.597,-4.406,1.495,-0.054
2022-09-08 21:00:00,5.08,-2.735,2.767,-1.866
2022-09-08 22:00:00,5.813,-3.672,1.039,0.265
2022-09-08 23:00:00,6.047,-0.411,4.914,-3.114
2022-09-09 00:00:00,5.571,-1.388,4.14,-1.812
2022-09-09 01:00:00,5.082,-3.53,1.193,1.673
2022-09-09 02:00:00,5.235,-1.759,-2.054,3.665
2022-09-09 03:00:00,5.389,-3.626,-1.463,3.13
2022-09-09 04:00:00,5.621,-3.884,-0.105,3.763
2022-09-09 05:00:00,5.82,-3.598,1.736,3.531
2022-09-09 06:00:00,6.508,-0.5,5.887,1.997
2022-09-09 07:00:00,6.237,-1.252,4.672,-1.327
2022-09-09 08:00:00,5.757,0.204,5.056,-1.484
2022-09-09 09:00:00,6.416,-1.512,4.727,-2.761
2022-09-09 10:00:00,5.948,2.111,3.89,-3.199
2022-09-09 11:00:00,5.228,0.208,1.547,-0.711
2022-09-09 12:00:00,5.273,-3.69,-0.162,3.397
2022-09-09 13:00:00,5.009,-3.298,-1.664,2.938
2022-09-09 14:00:00,4.998,-3.713,1.564,0.161
2022-09-09 15:00:00,5.067,-2.632,2.176,-0.956
2022-09-09 16:00:00,5.145,-2.994,2.24,1.366
2022-09-09 17:00:00,5.063,-3.483,0.511,2.703
2022-09-09 18:00:00,5.361,-3.566,0.61,3.184
2022-09-09 19:00:00,5.459,-4.744,1.074,1.31
2022-09-09 20:00:00,5.457,-2.205,2.472,-1.156
2022-09-09 21:00:00,5.865,-4.89,-0.245,2.596
2022-09-09 22:00:00,5.695,-3.781,3.262,2.272
2022-09-09 23:00:00,5.409,-2.476,3.907,-1.419
2022-09-10 00:00:00,5.061,-2.447,2.108,-0.868
2022-09-10 01:00:00,4.958,-4.161,1.035,-0.075
2022-09-10 02:00:00,5.583,-3.329,-1.834,-1.031
2022-09-10 03:00:00,6.147,-3.949,3.692,-1.022
2022-09-10 04:00:00,5.874,-1.971,4.619,0.833
2022-09-10 05:00:00,6.251,0.232,3.64,-3.429
2022-09-10 06:00:00,5.445,-0.746,3.962,-1.932
2022-09-10 07:00:00,5.099,-2.247,3.955,-0.609
2022-09-10 08:00:00,4.57,0.317,2.983,-2.446
2022-09-10 09:00:00,5.467,-4.973,1.17,1.615
2022-09-10 10:00:00,5.171,-0.447,3.867,-1.157
2022-09-10 11:00:00,5.664,2.353,3.956,-2.783
2022-09-10 12:00:00,6.067,3.638,3.339,-3.284
2022-09-10 13:00:00,5.675,-0.008,3.866,-1.446
2022-09-10 14:00:00,5.916,-4.24,0.742,3.567
2022-09-10 15:00:00,5.032,-1.68,1.838,0.644
2022-09-10 16:00:00,5.972,0.242,4.667,-1.942
2022-09-10 17:00:00,6.074,-3.142,4.775,1.559
2022-09-10 18:00:00,5.554,-1.595,4.145,-1.498
2022-09-10 19:00:00,5.91,-1.514,5.259,-0.819
2022-09-10 20:00:00,5.821,-0.051,5.505,-0.856
2022-09-10 21:00:00,5.923,0.058,5.58,-0.569
2022-09-10 22:00:00,5.864,-3.299,4.284,0.818
2022-09-10 23:00:00,5.281,-3.457,2.134,1.199
2022-09-11 00:00:00,5.209,-3.767,3.054,0.267
2022-09-11 01:00:00,5.304,-4.625,1.307,1.505
2022-09-11 02:00:00,5.328,-3.099,1.465,3.223
2022-09-11 03:00:00,5.275,-4.957,0.247,1.357
2022-09-11 04:00:00,5.314,-3.643,2.329,0.904
2022-09-11 05:00:00,5.174,-3.38,1.149,1.103
2022-09-11 06:00:00,5.805,-3.988,1.015,3.341
2022-09-11 07:00:00,5.588,-4.377,1.633,0.216
2022-09-11 08:00:00,5.453,-4.014,1.827,-1.693
2022-09-11 09:00:00,5.893,-3.478,2.757,2.425
2022-09-11 10:00:00,5.947,-5.068,-0.526,-0.013
2022-09-11 11:00:00,5.639,-3.609,3.416,1.853
2022-09-11 12:00:00,5.472,-4.182,2.739,-0.879
2022-09-11 13:00:00,4.753,-1.907,2.806,-1.449
2022-09-11 14:00:00,4.928,-0.097,2.204,-1.613
2022-09-11 15:00:00,4.725,-0.473,3.534,-1.758
2022-09-11 16:00:00,4.489,1.102,2.929,-2.209
2022-09-11 17:00:00,4.312,1.204,2.026,-1.828
2022-09-11 18:00:00,4.67,-1.89,3.492,-0.121
2022-09-11 19:00:00,4.387,-2.114,3.409,-0.377
2022-09-11 20:00:00,4.794,-3.273,3.273,0.021
2022-09-11 21:00:00,4.556,-4.073,1.734,0.396
2022-09-11 22:00:00,4.629,-4.26,1.454,-0.509
2022-09-11 23:00:00,4.345,-2.765,2.469,-2.049
2022-09-12 00:00:00,4.2,-1.758,3.134,-1.662
2022-09-12 01:00:00,4.443,-0.68,4.038,-0.553
2022-09-12 02:00:00,4.409,-1.125,3.955,-0.734
2022-09-12 03:00:00,4.548,-2.421,3.558,-0.597
2022-09-12 04:00:00,4.695,-3.383,2.294,-2.02
2022-09-12 05:00:00,4.675,-2.278,2.503,-2.162
2022-09-12 06:00:00,4.491,0.057,4.38,0.243
2022-09-12 07:00:00,5.531,0.695,5.439,0.222
2022-09-12 08:00:00,5.024,1.628,4.15,1.891
2022-09-12 09:00:00,5.017,2.007,4.365,1.224
2022-09-12 10:00:00,5.292,2.56,4.372,1.346
2022-09-12 11:00:00,5.628,2.512,4.657,1.605
2022-09-12 12:00:00,6.172,3.63,4.578,1.72
2022-09-12 13:00:00,5.925,2.74,4.812,1.607
2022-09-12 14:00:00,5.136,1.425,4.511,1.613
2022-09-12 15:00:00,5.403,0.374,4.683,2.237
2022-09-12 16:00:00,5.233,0.009,4.344,2.617
2022-09-12 17:00:00,5.33,-2.751,3.607,2.631
2022-09-12 18:00:00,4.454,-2.13,2.959,2.299
2022-09-12 19:00:00,4.664,-2.677,2.723,2.572
2022-09-12 20:00:00,4.516,-3.236,2.246,2.092
2022-09-12 21:00:00,4.349,-2.997,1.96,2.349
2022-09-12 22:00:00,4.331,-2.847,2.454,1.39
2022-09-12 23:00:00,4.428,-4.262,0.296,0.847
2022-09-13 00:00:00,4.667,-4.475,0.288,0.829
2022-09-13 01:00:00,4.915,-4.278,1.33,1.782
2022-09-13 02:00:00,5.164,-3.735,1.164,3.221
2022-09-13 03:00:00,4.83,-1.857,2.213,2.587
2022-09-13 04:00:00,4.28,1.601,3.225,0.111
2022-09-13 05:00:00,4.605,2.732,3.518,0.016
2022-09-13 06:00:00,3.976,0.524,3.153,1.994
2022-09-13 07:00:00,4.009,0.853,3.629,0.859
2022-09-13 08:00:00,3.975,1.335,3.254,1.097
2022-09-13 09:00:00,4.251,0.318,3.251,2.428
2022-09-13 10:00:00,3.98,0.197,2.259,3.045
2022-09-13 11:00:00,4.271,0.883,3.526,1.663
2022-09-13 12:00:00,4.148,1.86,3.534,-0.137
2022-09-13 13:00:00,3.872,-1.488,2.641,1.79
2022-09-13 14:00:00,3.991,-3.121,1.311,1.899
2022-09-13 15:00:00,3.713,-3.443,0.456,0.964
2022-09-13 16:00:00,3.906,-3.731,0.143,0.759
2022-09-13 17:00:00,4.234,-4.144,-0.271,0.234
2022-09-13 18:00:00,4.041,-3.937,0.366,-0.312
2022-09-13 19:00:00,3.985,-3.832,0.557,-0.609
2022-09-13 20:00:00,4.512,-4.314,0.887,-0.621
2022-09-13 21:00:00,4.127,-3.571,1.392,-1.316
2022-09-13 22:00:00,3.89,-2.964,1.933,-1.402
2022-09-13 23:00:00,3.9,-3.039,1.883,-1.345
2022-09-14 00:00:00,3.072,0.824,0.492,0.082
2022-09-14 01:00:00,1.785,1.248,0.195,0.178
2022-09-14 02:00:00,3.206,3.043,0.368,0.617
2022-09-14 03:00:00,1.958,0.565,-0.397,-0.385
2022-09-14 04:00:00,3.557,-3.101,-1.353,0.466
2022-09-14 05:00:00,3.103,-2.238,-1.191,1.268
2022-09-14 06:00:00,3.123,2.727,-0.103,-0.435
2022-09-14 07:00:00,4.003,3.266,-1.199,-0.365
2022-09-14 08:00:00,5.199,2.79,0.18,-1.518
2022-09-14 09:00:00,9.741,-6.691,5.615,3.822
2022-09-14 10:00:00,7.544,-4.086,5.392,3.172
2022-09-14 11:00:00,6.246,-2.72,4.987,2.344
2022-09-14 12:00:00,6.709,-3.792,5.197,0.849
2022-09-14 13:00:00,3.414,2.155,-1.264,1.026
2022-09-14 14:00:00,5.332,-1.507,2.772,-0.602
2022-09-14 15:00:00,6.987,-2.569,6.055,1.418
2022-09-14 16:00:00,6.653,-2.817,5.677,1.029
2022-09-14 17:00:00,5.416,-4.027,2.641,2.062
2022-09-14 18:00:00,6.619,-1.935,4.623,-2.696
2022-09-14 19:00:00,10.532,-3.487,8.995,-1.273
2022-09-14 20:00:00,6.887,1.303,3.5,-3.947
2022-09-14 21:00:00,9.867,-0.035,5.703,-4.732
2022-09-14 22:00:00,15.555,-5.015,11.224,3.589
2022-09-14 23:00:00,15.7,-6.026,7.813,11.822
2022-09-15 00:00:00,15.034,-4.494,9.488,10.634
2022-09-15 01:00:00,15.188,-4.641,8.743,11.394
2022-09-15 02:00:00,15.275,-4.92,7.305,12.412
2022-09-15 03:00:00,15.476,-4.676,5.571,13.57
2022-09-15 04:00:00,14.2,-5.582,5.991,11.545
2022-09-15 05:00:00,12.987,-5.222,4.597,10.805
2022-09-15 06:00:00,12.62,-5.102,2.745,10.73
2022-09-15 07:00:00,12.975,-5.725,0.496,11.471
2022-09-15 08:00:00,12.449,-5.701,-0.363,10.879
2022-09-15 09:00:00,12.073,-8.222,1.855,8.302
2022-09-15 10:00:00,13.278,-6.543,-2.237,11.07
2022-09-15 11:00:00,12.473,-4.746,-5.164,10.214
2022-09-15 12:00:00,12.104,-0.792,-4.769,10.899
2022-09-15 13:00:00,12.318,0.167,-6.188,9.536
2022-09-15 14:00:00,11.229,1.896,-6.811,8.257
2022-09-15 15:00:00,11.272,3.003,-8.349,6.748
2022-09-15 16:00:00,12.78,2.279,-10.991,5.978
2022-09-15 17:00:00,12.814,1.245,-9.522,7.475
2022-09-15 18:00:00,11.72,2.428,-9.588,6.172
2022-09-15 19:00:00,11.635,2.613,-9.431,5.648
2022-09-15 20:00:00,11.894,1.576,-8.726,6.614
2022-09-15 21:00:00,12.296,2.056,-4.833,10.873
2022-09-15 22:00:00,11.747,3.08,-6.771,8.871
2022-09-15 23:00:00,10.871,2.906,-7.617,7.0
2022-09-16 00:00:00,10.94,2.156,-9.612,4.526
2022-09-16 01:00:00,10.552,1.557,-8.765,5.443
2022-09-16 02:00:00,9.742,1.663,-7.395,5.966
2022-09-16 03:00:00,8.693,2.35,-5.382,5.586
2022-09-16 04:00:00,8.152,-3.447,-2.686,5.303
2022-09-16 05:00:00,8.359,-4.897,-5.909,3.112
2022-09-16 06:00:00,8.645,-5.132,-3.378,5.366
2022-09-16 07:00:00,7.082,-1.784,-0.5,5.251
2022-09-16 08:00:00,7.954,2.297,-6.409,3.174
2022-09-16 09:00:00,4.896,0.034,0.728,2.197
2022-09-16 10:00:00,5.457,-2.109,-2.325,4.12
2022-09-16 11:00:00,5.504,0.112,-3.754,3.132
2022-09-16 12:00:00,5.27,1.582,-2.971,2.737
2022-09-16 13:00:00,6.104,4.07,-3.525,-0.022
2022-09-16 14:00:00,4.431,2.614,1.184,-0.574
2022-09-16 15:00:00,4.51,1.544,-2.747,1.495
2022-09-16 16:00:00,5.972,2.839,-5.022,1.074
2022-09-16 17:00:00,5.399,1.52,-3.958,2.301
2022-09-16 18:00:00,5.741,0.243,-0.684,5.347
2022-09-16 19:00:00,5.944,1.154,-3.532,3.479
2022-09-16 20:00:00,4.629,-0.975,-2.928,2.645
2022-09-16 21:00:00,5.195,1.884,-3.973,0.129
2022-09-16 22:00:00,3.891,2.682,-1.308,1.175
2022-09-16 23:00:00,6.381,3.731,-3.6,0.749
2022-09-17 00:00:00,6.49,3.414,-5.082,-0.406
2022-09-17 01:00:00,6.469,3.291,-5.143,-0.695
2022-09-17 02:00:00,6.307,3.6,-4.922,-0.293
2022-09-17 03:00:00,7.033,0.43,-4.826,1.723
2022-09-17 04:00:00,7.045,1.063,-6.549,-0.11
2022-09-17 05:00:00,6.906,3.63,-5.022,-2.316
2022-09-17 06:00:00,7.152,1.786,-6.164,-1.144
2022-09-17 07:00:00,7.109,4.907,-1.623,-4.539
2022-09-17 08:00:00,7.146,2.105,-5.257,0.324
2022-09-17 09:00:00,7.765,2.885,-5.819,0.647
2022-09-17 10:00:00,7.706,5.664,-2.738,-3.807
2022-09-17 11:00:00,7.656,3.393,-5.34,0.492
2022-09-17 12:00:00,7.892,3.241,-5.829,2.862
2022-09-17 13:00:00,8.025,1.261,-5.081,5.744
2022-09-17 14:00:00,8.814,0.72,-7.801,3.359
2022-09-17 15:00:00,9.487,-0.935,-5.822,7.007
2022-09-17 16:00:00,9.61,2.991,-7.326,4.191
2022-09-17 17:00:00,9.905,6.182,-6.678,2.975
2022-09-17 18:00:00,10.122,8.827,-3.728,-0.524
2022-09-17 19:00:00,9.903,7.847,-3.802,-4.316
2022-09-17 20:00:00,9.735,7.404,-2.702,-4.088
2022-09-17 21:00:00,9.916,7.555,-3.004,-5.28
2022-09-17 22:00:00,10.098,6.253,-6.672,-2.152
2022-09-17 23:00:00,10.068,3.802,-7.844,2.347
2022-09-18 00:00:00,9.713,2.699,-7.365,0.198
2022-09-18 01:00:00,9.582,4.846,-6.357,-3.134
2022-09-18 02:00:00,8.8,2.882,-6.861,1.662
2022-09-18 03:00:00,9.023,2.12,-6.391,1.689
2022-09-18 04:00:00,10.096,5.745,-6.563,-0.429
2022-09-18 05:00:00,10.997,7.327,-6.036,-4.951
2022-09-18 06:00:00,11.231,7.393,-5.624,-6.091
2022-09-18 07:00:00,10.486,6.761,-7.077,-2.396
2022-09-18 08:00:00,9.773,5.924,-6.668,1.111
2022-09-18 09:00:00,9.578,4.782,-6.607,2.379
2022-09-18 10:00:00,9.621,5.713,-6.034,-2.474
2022-09-18 11:00:00,9.466,3.907,-5.471,-4.309
2022-09-18 12:00:00,9.705,4.63,-5.947,-3.228
2022-09-18 13:00:00,9.745,3.344,-8.211,0.778
2022-09-18 14:00:00,9.26,5.243,-5.558,0.716
2022-09-18 15:00:00,8.907,1.848,-5.65,-0.483
2022-09-18 16:00:00,8.459,6.656,1.036,-2.516
2022-09-18 17:00:00,7.506,3.746,-2.131,-0.879
2022-09-18 18:00:00,8.293,1.734,-5.177,2.052
2022-09-18 19:00:00,7.984,1.554,-4.892,0.248
2022-09-18 20:00:00,8.354,4.375,-4.635,3.042
2022-09-18 21:00:00,9.006,3.101,-4.455,3.713
2022-09-18 22:00:00,8.862,6.659,-0.499,-1.482
2022-09-18 23:00:00,8.44,3.166,-5.529,2.512
2022-09-19 00:00:00,7.794,3.661,-3.203,0.287
2022-09-19 01:00:00,7.812,4.594,-0.658,3.602
2022-09-19 02:00:00,7.938,2.875,-5.519,2.408
2022-09-19 03:00:00,8.685,5.77,-5.611,1.694
2022-09-19 04:00:00,8.421,4.379,-6.496,-1.439
2022-09-19 05:00:00,7.98,2.41,-6.566,-2.332
2022-09-19 06:00:00,7.706,5.355,-4.602,0.985
2022-09-19 07:00:00,7.896,6.815,-2.87,1.983
2022-09-19 08:00:00,7.681,5.229,-3.953,-2.768
2022-09-19 09:00:00,8.145,4.792,-4.457,-3.983
2022-09-19 10:00:00,8.075,4.233,-3.331,-5.56
2022-09-19 11:00:00,7.38,4.485,1.151,-4.877
2022-09-19 12:00:00,6.912,4.898,-0.12,-4.036
2022-09-19 13:00:00,6.696,2.927,-4.249,-2.631
2022-09-19 14:00:00,6.588,3.354,-1.452,-3.252
2022-09-19 15:00:00,6.51,1.9,-4.166,-3.646
2022-09-19 16:00:00,6.172,2.07,-3.502,-2.691
2022-09-19 17:00:00,5.476,3.931,-1.945,-1.499
2022-09-19 18:00:00,5.21,3.192,-2.95,0.937
2022-09-19 19:00:00,4.703,1.186,-2.501,-2.056
2022-09-19 20:00:00,4.663,1.188,-2.743,-1.759
2022-09-19 21:00:00,4.649,1.353,-3.587,-0.733
2022-09-19 22:00:00,4.527,1.636,-2.753,-0.888
2022-09-19 23:00:00,4.178,2.283,-0.837,-1.651
2022-09-20 00:00:00,4.523,1.046,-2.734,-1.958
2022-09-20 01:00:00,4.815,3.367,0.581,-1.397
2022-09-20 02:00:00,4.787,3.484,-1.783,-1.728
2022-09-20 03:00:00,4.816,1.453,-3.77,-1.18
2022-09-20 04:00:00,4.495,3.234,-1.908,-1.778
2022-09-20 05:00:00,4.679,3.655,-2.412,-0.146
2022-09-20 06:00:00,4.701,2.808,-3.132,0.396
2022-09-20 07:00:00,4.92,3.118,-3.225,-0.978
2022-09-20 08:00:00,5.029,3.752,-2.981,-0.66
2022-09-20 09:00:00,5.336,2.879,-3.099,-1.968
2022-09-20 10:00:00,4.901,1.811,-1.49,2.054
2022-09-20 11:00:00,5.307,4.08,1.086,1.449
2022-09-20 12:00:00,5.514,2.161,-3.228,-0.518
2022-09-20 13:00:00,5.37,0.514,-4.273,-0.156
2022-09-20 14:00:00,4.905,0.897,-1.988,-1.7
2022-09-20 15:00:00,5.314,1.123,-3.551,-0.999
2022-09-20 16:00:00,4.725,1.887,-2.254,-0.788
2022-09-20 17:00:00,4.994,2.882,-0.594,-2.476
2022-09-20 18:00:00,5.614,2.648,2.723,-2.357
2022-09-20 19:00:00,5.53,1.435,-4.513,-1.445
2022-09-20 20:00:00,5.72,0.465,-5.542,0.078
2022-09-20 21:00:00,4.847,-0.139,-4.091,-1.126
2022-09-20 22:00:00,5.678,-0.324,-5.469,0.167
2022-09-20 23:00:00,5.482,-1.12,-5.146,0.855
2022-09-21 00:00:00,5.494,-0.773,-5.077,1.458
2022-09-21 01:00:00,5.253,-0.851,-4.68,1.532
2022-09-21 02:00:00,4.895,0.508,-3.824,2.199
2022-09-21 03:00:00,4.672,1.032,-3.849,1.239
2022-09-21 04:00:00,4.175,1.935,-2.712,-0.549
2022-09-21 05:00:00,4.27,3.791,0.414,1.204
2022-09-21 06:00:00,4.188,3.026,-1.79,-0.067
2022-09-21 07:00:00,4.346,2.924,-0.349,-1.709
2022-09-21 08:00:00,4.292,2.65,2.487,-0.633
2022-09-21 09:00:00,4.867,2.585,1.735,3.162
2022-09-21 10:00:00,5.989,2.932,1.035,4.38
2022-09-21 11:00:00,5.285,2.58,0.173,3.965
2022-09-21 12:00:00,4.299,0.285,-1.762,2.387
2022-09-21 13:00:00,4.792,4.076,-0.645,1.841
2022-09-21 14:00:00,5.276,3.199,-2.368,3.066
2022-09-21 15:00:00,5.265,4.447,-1.426,2.094
2022-09-21 16:00:00,5.583,4.767,-1.444,2.21
2022-09-21 17:00:00,5.423,3.525,-1.47,3.697
2022-09-21 18:00:00,5.363,4.022,-1.211,3.114
2022-09-21 19:00:00,5.108,3.148,-0.941,3.633
2022-09-21 20:00:00,5.448,3.192,-2.333,3.152
2022-09-21 21:00:00,5.096,2.444,-1.74,1.306
2022-09-21 22:00:00,4.848,-4.019,-1.911,0.214
2022-09-21 23:00:00,3.706,-0.527,-2.192,1.324
2022-09-22 00:00:00,4.551,2.39,-3.491,1.08
2022-09-22 01:00:00,4.844,3.042,-3.438,0.976
2022-09-22 02:00:00,4.813,3.122,-3.388,1.045
2022-09-22 03:00:00,4.262,2.153,-2.442,0.842
2022-09-22 04:00:00,3.193,0.835,0.907,2.384
2022-09-22 05:00:00,4.184,3.154,-0.395,1.145
2022-09-22 06:00:00,5.093,4.811,0.513,1.108
2022-09-22 07:00:00,4.011,1.447,0.39,1.517
2022-09-22 08:00:00,3.207,-1.36,0.708,2.352
2022-09-22 09:00:00,2.123,0.076,1.446,-0.045
2022-09-22 10:00:00,1.948,-0.353,1.504,-0.563
2022-09-22 11:00:00,2.696,-0.24,1.736,-1.214
2022-09-22 12:00:00,2.972,2.169,1.171,-0.198
2022-09-22 13:00:00,1.985,0.763,0.53,0.207
2022-09-22 14:00:00,1.328,0.088,0.955,-0.165
2022-09-22 15:00:00,1.209,0.477,0.516,-0.05
2022-09-22 16:00:00,1.706,1.243,0.423,-0.355
2022-09-22 17:00:00,2.342,-0.035,1.509,-0.169
2022-09-22 18:00:00,3.622,-2.652,1.966,0.587
2022-09-22 19:00:00,2.77,0.362,0.216,0.546
2022-09-22 20:00:00,3.943,-1.214,1.826,1.057
2022-09-22 21:00:00,7.909,-5.465,4.334,2.758
2022-09-22 22:00:00,9.5,-6.203,6.637,2.535
2022-09-22 23:00:00,10.007,-6.246,6.049,4.729
2022-09-23 00:00:00,10.459,-6.672,6.567,4.561
2022-09-23 01:00:00,8.477,-4.062,2.453,4.579
2022-09-23 02:00:00,6.745,-1.904,-0.135,5.501
2022-09-23 03:00:00,7.573,-4.342,5.054,2.953
2022-09-23 04:00:00,7.817,-4.219,6.307,1.359
2022-09-23 05:00:00,7.539,-4.267,4.707,1.186
2022-09-23 06:00:00,8.544,-5.961,5.216,-0.43
2022-09-23 07:00:00,8.163,-3.426,6.209,-3.898
2022-09-23 08:00:00,7.086,-2.508,5.23,-3.866
2022-09-23 09:00:00,5.457,0.675,3.753,-3.275
2022-09-23 10:00:00,5.069,1.746,-0.225,-3.719
2022-09-23 11:00:00,4.027,1.477,-1.524,0.653
2022-09-23 12:00:00,4.17,-0.92,2.195,-2.651
2022-09-23 13:00:00,4.467,-0.059,1.352,-3.674
2022-09-23 14:00:00,4.21,1.854,-1.701,-3.061
2022-09-23 15:00:00,4.462,0.108,-2.602,-3.033
2022-09-23 16:00:00,6.056,1.326,-3.512,-2.889
2022-09-23 17:00:00,6.41,1.409,-4.027,-4.082
2022-09-23 18:00:00,5.895,-0.634,0.13,-4.533
2022-09-23 19:00:00,6.395,1.261,-4.061,-3.953
2022-09-23 20:00:00,7.372,-1.573,0.462,-2.777
2022-09-23 21:00:00,7.863,-4.438,6.077,-1.649
2022-09-23 22:00:00,6.662,-1.23,4.225,4.297
2022-09-23 23:00:00,5.337,-0.062,3.723,3.054
2022-09-24 00:00:00,6.314,0.599,5.477,2.065
2022-09-24 01:00:00,5.783,-3.154,2.221,-3.477
2022-09-24 02:00:00,5.149,-0.96,-0.786,-4.588
2022-09-24 03:00:00,5.186,-1.497,1.831,-1.918
2022-09-24 04:00:00,5.331,-0.343,-0.111,-4.578
2022-09-24 05:00:00,5.778,1.991,-2.488,-4.294
2022-09-24 06:00:00,6.412,-0.447,-3.452,-5.287
2022-09-24 07:00:00,6.085,0.868,-4.72,-3.371
2022-09-24 08:00:00,6.225,0.908,-1.208,-5.362
2022-09-24 09:00:00,5.522,0.141,0.836,-4.959
2022-09-24 10:00:00,5.848,-0.625,4.858,-2.408
2022-09-24 11:00:00,5.002,-1.252,2.046,-3.984
2022-09-24 12:00:00,4.95,1.165,1.372,-4.357
2022-09-24 13:00:00,4.41,-1.655,0.871,-0.705
2022-09-24 14:00:00,4.434,-3.392,2.03,0.535
2022-09-24 15:00:00,4.851,-3.373,1.889,-2.421
2022-09-24 16:00:00,5.201,-0.726,0.246,-5.015
2022-09-24 17:00:00,5.119,-3.036,1.862,-2.729
2022-09-24 18:00:00,4.501,-3.185,2.673,-0.276
2022-09-24 19:00:00,3.907,-2.705,2.59,-0.468
2022-09-24 20:00:00,4.058,-2.899,2.496,0.708
2022-09-24 21:00:00,3.108,-1.487,2.355,0.375
2022-09-24 22:00:00,3.66,-1.485,2.057,-1.121
2022-09-24 23:00:00,4.572,-2.759,3.006,1.672
2022-09-25 00:00:00,3.957,-2.306,2.892,0.693
2022-09-25 01:00:00,4.755,-3.225,3.392,0.168
2022-09-25 02:00:00,4.605,-2.9,3.061,1.308
2022-09-25 03:00:00,4.506,-2.063,3.125,2.17
2022-09-25 04:00:00,5.397,-3.184,3.707,0.987
2022-09-25 05:00:00,5.639,-3.694,3.898,-0.235
2022-09-25 06:00:00,5.408,-4.57,2.618,0.076
2022-09-25 07:00:00,5.385,-4.518,2.461,0.338
2022-09-25 08:00:00,5.586,-3.093,4.516,0.025
2022-09-25 09:00:00,6.031,-3.057,5.072,-0.683
2022-09-25 10:00:00,5.791,-2.238,4.991,-1.646
2022-09-25 11:00:00,5.002,-2.314,3.959,-1.463
2022-09-25 12:00:00,4.569,-2.971,2.571,-1.779
2022-09-25 13:00:00,4.845,-1.934,1.834,-0.342
2022-09-25 14:00:00,4.836,1.363,1.909,-1.728
2022-09-25 15:00:00,5.516,-4.437,3.131,0.208
2022-09-25 16:00:00,5.863,-5.534,1.0,1.107
2022-09-25 17:00:00,5.874,-5.506,1.381,1.154
2022-09-25 18:00:00,5.99,-5.568,1.746,0.828
2022-09-25 19:00:00,5.954,-5.518,1.995,-0.196
2022-09-25 20:00:00,5.531,-4.826,1.984,-1.174
2022-09-25 21:00:00,4.809,-3.528,3.046,0.125
2022-09-25 22:00:00,4.957,-4.003,2.714,0.424
2022-09-25 23:00:00,4.425,-2.862,2.698,0.298
2022-09-26 00:00:00,4.338,-1.089,3.474,0.593
2022-09-26 01:00:00,4.405,-3.539,1.712,1.326
2022-09-26 02:00:00,4.628,-3.829,1.987,0.951
2022-09-26 03:00:00,4.54,-3.535,1.548,2.062
2022-09-26 04:00:00,4.15,-3.134,0.795,2.368
2022-09-26 05:00:00,4.276,-3.061,1.876,2.105
2022-09-26 06:00:00,4.559,-3.377,2.358,1.718
2022-09-26 07:00:00,4.575,-3.867,1.403,1.634
2022-09-26 08:00:00,3.826,-0.796,0.895,0.561
2022-09-26 09:00:00,4.44,1.491,-2.345,-1.615
2022-09-26 10:00:00,4.141,0.783,-3.357,-1.174
2022-09-26 11:00:00,3.723,1.94,-2.896,-0.751
2022-09-26 12:00:00,3.919,2.897,-2.201,0.086
2022-09-26 13:00:00,4.613,3.001,-2.972,-0.52
2022-09-26 14:00:00,5.155,2.462,-4.357,-0.772
2022-09-26 15:00:00,4.966,3.956,-0.109,1.856
2022-09-26 16:00:00,5.26,3.698,0.976,2.631
2022-09-26 17:00:00,5.185,3.714,-3.017,-0.251
2022-09-26 18:00:00,4.64,2.897,-2.413,-0.067
2022-09-26 19:00:00,3.533,2.701,1.083,0.811
2022-09-26 20:00:00,5.273,2.001,2.186,1.35
2022-09-26 21:00:00,8.183,-4.315,-0.667,-5.115
2022-09-26 22:00:00,8.682,-0.114,-4.949,-6.37
2022-09-26 23:00:00,13.35,-1.923,6.843,-8.759
2022-09-27 00:00:00,15.053,-2.975,13.647,4.387
2022-09-27 01:00:00,15.584,-0.428,9.516,9.849
2022-09-27 02:00:00,18.996,2.573,-12.757,-1.142
2022-09-27 03:00:00,19.824,3.41,-5.485,11.501
2022-09-27 04:00:00,26.577,4.722,-14.498,20.665
2022-09-27 05:00:00,24.496,7.545,-19.861,9.272
2022-09-27 06:00:00,24.652,9.998,-20.078,6.757
2022-09-27 07:00:00,22.391,7.005,-17.618,-2.337
2022-09-27 08:00:00,20.982,8.023,-16.799,1.615
2022-09-27 09:00:00,20.332,-2.512,-9.48,-15.956
2022-09-27 10:00:00,17.468,1.548,-10.874,-10.379
2022-09-27 11:00:00,15.532,4.274,-11.922,4.628
2022-09-27 12:00:00,16.729,5.159,-14.844,4.762
2022-09-27 13:00:00,15.787,5.067,-13.166,5.38
2022-09-27 14:00:00,10.338,3.521,-8.711,2.709
2022-09-27 15:00:00,8.884,3.897,-5.805,2.958
2022-09-27 16:00:00,8.894,3.6,-5.684,1.67
2022-09-27 17:00:00,8.267,1.842,-5.518,2.619
2022-09-27 18:00:00,7.516,2.779,-4.348,1.857
2022-09-27 19:00:00,6.617,0.596,-4.415,0.718
2022-09-27 20:00:00,6.82,2.43,-4.183,1.558
2022-09-27 21:00:00,6.554,2.796,-3.75,1.825
2022-09-27 22:00:00,5.585,2.834,-3.573,0.461
2022-09-27 23:00:00,5.2,3.552,-2.516,1.226
2022-09-28 00:00:00,5.083,3.403,-3.005,1.516
2022-09-28 01:00:00,4.92,4.247,-1.847,1.312
2022-09-28 02:00:00,4.863,3.631,-2.597,1.625
2022-09-28 03:00:00,4.97,4.014,-2.472,0.955
2022-09-28 04:00:00,4.893,4.319,-1.978,0.928
2022-09-28 05:00:00,4.939,4.433,-1.725,1.038
2022-09-28 06:00:00,5.038,4.663,-1.174,1.224
2022-09-28 07:00:00,5.12,4.819,-1.04,1.048
2022-09-28 08:00:00,5.265,5.06,-0.908,0.822
2022-09-28 09:00:00,5.168,5.074,-0.05,0.708
2022-09-28 10:00:00,5.449,5.388,0.067,0.226
2022-09-28 11:00:00,5.461,5.371,-0.619,-0.025
2022-09-28 12:00:00,5.129,4.966,-0.673,0.648
2022-09-28 13:00:00,5.493,5.156,-0.633,1.544
2022-09-28 14:00:00,5.13,4.682,-0.914,1.411
2022-09-28 15:00:00,4.187,3.116,-2.08,1.087
2022-09-28 16:00:00,4.552,4.091,-1.592,0.399
2022-09-28 17:00:00,5.313,4.201,-2.448,-0.367
2022-09-28 18:00:00,5.55,4.896,-2.079,-1.342
2022-09-28 19:00:00,5.485,5.096,-1.616,-0.953
2022-09-28 20:00:00,5.526,5.127,-1.323,-1.331
2022-09-28 21:00:00,5.165,4.177,-2.612,-0.879
2022-09-28 22:00:00,5.226,4.002,-2.932,-0.515
2022-09-28 23:00:00,5.81,4.133,-3.618,0.202
2022-09-29 00:00:00,6.068,4.002,-4.252,-0.52
2022-09-29 01:00:00,6.227,4.177,-4.431,-0.013
2022-09-29 02:00:00,6.299,3.431,-4.927,0.311
2022-09-29 03:00:00,6.174,4.824,-3.333,1.535
2022-09-29 04:00:00,5.774,4.218,-3.038,2.286
2022-09-29 05:00:00,6.202,5.119,-2.801,1.301
2022-09-29 06:00:00,6.395,4.462,-2.363,-3.517
2022-09-29 07:00:00,4.096,2.047,0.75,-0.55
2022-09-29 08:00:00,3.286,1.895,1.015,-1.347
2022-09-29 09:00:00,3.166,2.209,0.225,-1.748
2022-09-29 10:00:00,3.71,2.569,-0.811,-0.486
2022-09-29 11:00:00,3.657,1.26,-0.189,2.293
2022-09-29 12:00:00,3.373,0.116,0.048,1.746
2022-09-29 13:00:00,2.911,-1.209,1.11,1.452
2022-09-29 14:00:00,2.715,-0.993,1.184,1.639
2022-09-29 15:00:00,3.901,-3.122,1.987,0.338
2022-09-29 16:00:00,4.775,-3.865,2.611,0.378
2022-09-29 17:00:00,5.722,-4.284,3.346,1.552
2022-09-29 18:00:00,5.998,-4.696,3.624,0.325
2022-09-29 19:00:00,5.882,-4.34,3.781,0.776
2022-09-29 20:00:00,4.473,-3.625,0.097,0.325
2022-09-29 21:00:00,3.985,-2.865,-2.559,0.033
2022-09-29 22:00:00,3.901,-1.759,-3.299,-0.016
2022-09-29 23:00:00,4.253,-2.024,2.693,0.089
2022-09-30 00:00:00,5.162,-1.941,4.603,-0.234
2022-09-30 01:00:00,4.151,-0.777,0.904,2.143
2022-09-30 02:00:00,5.281,-4.279,2.042,1.4
2022-09-30 03:00:00,6.18,-4.37,3.588,0.341
2022-09-30 04:00:00,7.678,-5.214,5.04,0.293
2022-09-30 05:00:00,10.58,-5.544,3.912,1.893
2022-09-30 06:00:00,11.837,-5.196,-8.121,-3.778
2022-09-30 07:00:00,11.227,-5.876,4.637,-4.948
2022-09-30 08:00:00,11.351,-6.316,8.294,3.756
2022-09-30 09:00:00,10.921,-8.452,6.492,0.126
2022-09-30 10:00:00,10.059,-8.065,4.482,-3.504
2022-09-30 11:00:00,8.89,-5.272,2.959,-4.703
2022-09-30 12:00:00,8.875,-6.531,5.775,1.082
2022-09-30 13:00:00,8.53,-6.731,4.991,1.171
2022-09-30 14:00:00,8.249,-6.483,4.766,1.577
2022-09-30 15:00:00,8.381,-6.873,4.51,1.355
2022-09-30 16:00:00,8.704,-7.421,3.865,1.999
2022-09-30 17:00:00,8.673,-7.529,3.911,0.751
2022-09-30 18:00:00,8.576,-7.047,4.557,0.139
2022-09-30 19:00:00,8.649,-7.584,4.055,-0.21
2022-09-30 20:00:00,8.464,-8.055,2.397,-0.132
2022-09-30 21:00:00,8.291,-7.864,2.38,0.515
2022-09-30 22:00:00,8.164,-7.727,2.488,0.083
2022-09-30 23:00:00,7.85,-7.633,1.097,-1.168
2022-10-01 00:00:00,7.492,-6.908,2.448,0.85
2022-10-01 01:00:00,7.357,-7.244,0.873,-0.408
2022-10-01 02:00:00,7.168,-7.052,0.41,-0.92
2022-10-01 03:00:00,6.866,-6.567,-0.519,-1.736
2022-10-01 04:00:00,6.618,-6.494,-0.118,-1.024
2022-10-01 05:00:00,6.419,-6.332,-0.076,-0.747
2022-10-01 06:00:00,6.156,-6.068,-0.061,-0.576
2022-10-01 07:00:00,5.905,-5.621,0.475,-1.081
2022-10-01 08:00:00,6.107,-5.414,0.692,-2.419
2022-10-01 09:00:00,6.16,-5.973,0.594,-1.124
2022-10-01 10:00:00,6.201,-6.112,-0.33,-0.517
2022-10-01 11:00:00,6.067,-5.913,-0.886,-0.196
2022-10-01 12:00:00,6.005,-5.632,-1.402,-1.326
2022-10-01 13:00:00,6.112,-5.9,-1.325,-0.382
2022-10-01 14:00:00,6.309,-5.872,-1.88,-0.84
2022-10-01 15:00:00,8.766,-7.939,-0.451,2.63
2022-10-01 16:00:00,9.055,-8.178,1.584,3.015
2022-10-01 17:00:00,8.626,-6.824,4.777,1.33
2022-10-01 18:00:00,8.757,-6.212,5.805,1.781
2022-10-01 19:00:00,9.035,-6.25,5.629,3.048
2022-10-01 20:00:00,9.004,-6.118,6.023,2.273
2022-10-01 21:00:00,8.512,-6.081,4.1,3.598
2022-10-01 22:00:00,8.379,-6.043,1.817,4.946
2022-10-01 23:00:00,8.069,-6.352,4.402,1.79
2022-10-02 00:00:00,8.07,-5.193,5.025,1.06
2022-10-02 01:00:00,7.993,-3.824,5.564,-0.216
2022-10-02 02:00:00,8.418,-6.75,-0.252,4.747
2022-10-02 03:00:00,7.865,-5.707,-0.119,4.757
2022-10-02 04:00:00,7.608,-5.731,-1.028,4.607
2022-10-02 05:00:00,6.468,-5.764,-0.318,0.988
2022-10-02 06:00:00,6.557,-5.791,-0.116,2.084
2022-10-02 07:00:00,6.401,-6.023,1.753,0.037
2022-10-02 08:00:00,6.793,-4.055,4.442,-1.972
2022-10-02 09:00:00,6.724,-4.771,3.693,-2.371
2022-10-02 10:00:00,6.8,-6.169,1.482,-1.906
2022-10-02 11:00:00,6.726,-6.276,0.907,-1.652
2022-10-02 12:00:00,6.755,-5.886,0.342,-1.911
2022-10-02 13:00:00,6.322,-4.417,1.537,-2.683
2022-10-02 14:00:00,6.314,-3.782,4.019,-1.857
2022-10-02 15:00:00,5.681,-2.941,1.525,-1.48
2022-10-02 16:00:00,6.164,-2.646,-4.639,2.561
2022-10-02 17:00:00,6.593,-5.249,-3.535,-0.078
2022-10-02 18:00:00,5.717,-2.133,-1.624,3.408
2022-10-02 19:00:00,7.086,-2.703,-2.884,1.531
2022-10-02 20:00:00,8.702,-2.341,3.055,-7.439
2022-10-02 21:00:00,8.451,-2.58,2.583,-6.486
2022-10-02 22:00:00,7.669,-3.963,4.052,-4.895
2022-10-02 23:00:00,6.455,-4.881,2.096,-3.547
2022-10-03 00:00:00,5.358,-4.254,1.507,-2.667
2022-10-03 01:00:00,5.346,-4.425,1.473,-1.748
2022-10-03 02:00:00,6.01,-5.242,2.634,-0.516
2022-10-03 03:00:00,6.13,-5.244,3.047,0.065
2022-10-03 04:00:00,6.341,-4.971,3.796,0.355
2022-10-03 05:00:00,5.846,-2.754,4.236,-1.698
2022-10-03 06:00:00,7.082,-5.175,2.167,2.452
2022-10-03 07:00:00,7.836,-5.586,1.103,5.004
2022-10-03 08:00:00,8.165,-6.257,2.381,4.163
2022-10-03 09:00:00,8.24,-7.253,1.915,2.778
2022-10-03 10:00:00,11.134,-8.648,1.621,5.54
2022-10-03 11:00:00,12.048,-3.029,8.495,7.119
2022-10-03 12:00:00,11.284,-7.31,5.929,-5.374
2022-10-03 13:00:00,10.714,-7.652,5.119,0.43
2022-10-03 14:00:00,12.336,-5.656,-0.537,10.058
2022-10-03 15:00:00,12.196,-5.926,0.294,9.424
2022-10-03 16:00:00,12.01,-5.992,-3.324,8.705
2022-10-03 17:00:00,12.497,-10.942,-0.484,-0.959
2022-10-03 18:00:00,14.397,-8.149,8.569,-6.816
2022-10-03 19:00:00,11.068,-4.965,2.205,1.556
2022-10-03 20:00:00,9.345,-7.353,0.471,2.099
2022-10-03 21:00:00,7.634,-3.945,2.161,2.964
2022-10-03 22:00:00,7.223,-2.954,3.887,4.285
2022-10-03 23:00:00,7.389,-2.512,5.633,2.567
2022-10-04 00:00:00,7.329,-3.216,3.01,2.29
2022-10-04 01:00:00,7.923,-5.42,3.562,0.08
2022-10-04 02:00:00,6.795,-4.529,3.375,0.812
2022-10-04 03:00:00,7.115,0.915,-3.58,-2.258
2022-10-04 04:00:00,6.535,-3.275,2.14,-4.901
2022-10-04 05:00:00,5.551,-3.202,-0.601,-2.393
2022-10-04 06:00:00,6.806,-3.164,1.275,-3.378
2022-10-04 07:00:00,7.767,-2.098,-5.586,0.263
2022-10-04 08:00:00,6.603,-5.451,-2.569,-0.139
2022-10-04 09:00:00,7.433,-6.658,-2.562,1.586
2022-10-04 10:00:00,7.614,-6.651,-1.401,2.763
2022-10-04 11:00:00,7.245,-6.344,0.692,2.524
2022-10-04 12:00:00,7.3,-4.663,-0.278,4.901
2022-10-04 13:00:00,7.103,-2.979,2.616,5.201
2022-10-04 14:00:00,6.674,-1.632,5.204,2.566
2022-10-04 15:00:00,5.908,-2.941,-0.646,3.81
2022-10-04 16:00:00,5.047,-3.232,-1.981,1.491
2022-10-04 17:00:00,5.353,-1.718,1.511,-0.022
2022-10-04 18:00:00,4.985,-1.642,4.566,-0.368
2022-10-04 19:00:00,5.81,-2.202,5.131,1.072
2022-10-04 20:00:00,5.761,-1.886,5.211,0.407
2022-10-04 21:00:00,5.173,-2.609,4.228,-0.486
2022-10-04 22:00:00,4.804,-2.001,4.209,-0.309
2022-10-04 23:00:00,4.429,-1.552,3.99,-0.092
2022-10-05 00:00:00,4.514,-0.431,3.935,-0.814
2022-10-05 01:00:00,4.541,-1.665,3.645,1.866
2022-10-05 02:00:00,4.46,-1.96,2.324,0.467
2022-10-05 03:00:00,4.127,-0.847,2.972,-1.621
2022-10-05 04:00:00,4.182,-1.08,2.665,-2.446
2022-10-05 05:00:00,3.959,-1.967,1.411,0.726
2022-10-05 06:00:00,3.774,-0.953,3.002,-0.59
2022-10-05 07:00:00,3.824,-2.347,1.3,1.533
2022-10-05 08:00:00,3.87,-1.645,1.184,1.663
2022-10-05 09:00:00,3.828,-1.86,1.713,-1.29
2022-10-05 10:00:00,4.281,-2.251,2.113,1.82
2022-10-05 11:00:00,4.125,-1.797,0.295,2.67
2022-10-05 12:00:00,4.251,0.032,3.901,0.424
2022-10-05 13:00:00,4.094,-1.663,2.05,0.772
2022-10-05 14:00:00,4.422,-2.361,2.818,0.44
2022-10-05 15:00:00,5.288,-0.642,2.191,-0.725
2022-10-05 16:00:00,7.127,-3.453,2.336,-0.346
2022-10-05 17:00:00,7.86,-3.454,3.102,5.344
2022-10-05 18:00:00,7.099,-2.916,3.275,4.234
2022-10-05 19:00:00,6.859,-1.738,4.354,-3.558
2022-10-05 20:00:00,6.81,-1.427,3.963,-4.782
2022-10-05 21:00:00,6.162,-4.424,3.093,-1.73
2022-10-05 22:00:00,6.431,-5.445,2.389,0.905
2022-10-05 23:00:00,6.058,-4.547,1.221,1.733
2022-10-06 00:00:00,5.643,-4.585,1.751,0.403
2022-10-06 01:00:00,5.194,-4.366,1.529,0.393
2022-10-06 02:00:00,5.022,-2.876,-0.485,-1.677
2022-10-06 03:00:00,4.703,-0.778,-1.074,2.774
2022-10-06 04:00:00,5.069,-3.131,1.779,2.319
2022-10-06 05:00:00,5.833,-3.414,4.215,-0.022
2022-10-06 06:00:00,6.161,-4.198,3.349,-1.549
2022-10-06 07:00:00,6.113,-1.908,1.931,-4.447
2022-10-06 08:00:00,6.403,-3.206,3.9,-3.246
2022-10-06 09:00:00,6.609,-3.302,4.881,1.63
2022-10-06 10:00:00,6.783,-4.082,3.916,3.118
2022-10-06 11:00:00,6.431,-3.113,3.15,-2.128
2022-10-06 12:00:00,6.26,-4.293,3.169,1.823
2022-10-06 13:00:00,5.884,-2.142,3.725,0.515
2022-10-06 14:00:00,5.755,-2.727,3.233,-0.256
2022-10-06 15:00:00,5.51,-2.839,1.31,2.095
2022-10-06 16:00:00,5.084,-3.549,0.529,-1.694
2022-10-06 17:00:00,5.873,0.319,3.139,-2.748
2022-10-06 18:00:00,6.243,2.028,4.68,2.722
2022-10-06 19:00:00,5.177,-1.592,2.076,-3.127
2022-10-06 20:00:00,5.245,-1.47,2.744,-1.496
2022-10-06 21:00:00,5.082,-0.13,1.1,-0.311
2022-10-06 22:00:00,5.501,1.489,0.67,-4.229
2022-10-06 23:00:00,5.415,-1.784,2.384,2.877
2022-10-07 00:00:00,6.105,-2.294,3.254,0.738
2022-10-07 01:00:00,6.946,-5.246,1.907,2.73
2022-10-07 02:00:00,6.845,-4.64,2.424,-2.287
2022-10-07 03:00:00,6.543,-4.51,3.423,0.089
2022-10-07 04:00:00,6.834,-4.45,3.344,2.263
2022-10-07 05:00:00,7.025,-4.962,2.675,2.529
2022-10-07 06:00:00,6.669,-4.193,4.069,0.191
2022-10-07 07:00:00,6.534,-3.341,4.579,-2.221
2022-10-07 08:00:00,6.147,-5.051,2.029,-0.97
2022-10-07 09:00:00,6.247,-5.857,1.433,-0.212
2022-10-07 10:00:00,5.767,-3.819,1.712,-2.236
2022-10-07 11:00:00,6.728,-4.225,4.418,1.09
2022-10-07 12:00:00,6.939,-4.692,3.871,-0.336
2022-10-07 13:00:00,7.399,-4.987,4.624,-1.001
2022-10-07 14:00:00,6.998,-5.254,0.568,4.092
2022-10-07 15:00:00,6.289,-4.662,0.662,3.916
2022-10-07 16:00:00,6.687,-5.278,1.229,3.569
2022-10-07 17:00:00,6.689,-5.05,2.44,2.207
2022-10-07 18:00:00,6.555,-2.274,4.256,3.645
2022-10-07 19:00:00,6.492,-4.041,3.252,3.298
2022-10-07 20:00:00,6.414,-4.101,1.955,4.132
2022-10-07 21:00:00,6.316,-4.155,1.809,2.976
2022-10-07 22:00:00,6.309,-3.252,2.454,3.912
2022-10-07 23:00:00,6.307,-4.869,2.774,1.049
2022-10-08 00:00:00,6.329,-5.469,-0.915,2.373
2022-10-08 01:00:00,6.252,-4.895,2.161,-0.349
2022-10-08 02:00:00,6.094,-4.162,-0.682,-2.057
2022-10-08 03:00:00,6.001,-5.245,-1.231,1.335
2022-10-08 04:00:00,5.986,-3.717,1.189,-0.311
2022-10-08 05:00:00,5.963,-3.205,4.328,-1.836
2022-10-08 06:00:00,5.86,-4.421,2.989,-0.219
2022-10-08 07:00:00,5.984,-4.973,2.875,0.283
2022-10-08 08:00:00,5.857,-4.795,2.593,-0.729
2022-10-08 09:00:00,5.711,-4.134,3.021,0.616
2022-10-08 10:00:00,5.547,-3.714,1.35,-1.845
2022-10-08 11:00:00,5.948,-4.47,2.737,-1.161
2022-10-08 12:00:00,5.951,-3.919,2.699,0.3
2022-10-08 13:00:00,5.847,-3.051,3.406,0.84
2022-10-08 14:00:00,5.858,-3.87,1.952,-0.197
2022-10-08 15:00:00,5.66,-3.831,2.613,-1.464
2022-10-08 16:00:00,6.061,-3.142,1.571,-1.365
2022-10-08 17:00:00,5.418,-3.042,2.908,2.57
2022-10-08 18:00:00,5.538,-3.441,3.738,0.689
2022-10-08 19:00:00,4.545,-2.366,2.222,-1.187
2022-10-08 20:00:00,4.967,-3.169,-0.881,2.245
2022-10-08 21:00:00,5.533,-3.352,-2.78,2.266
2022-10-08 22:00:00,5.4,-3.64,-0.793,1.77
2022-10-08 23:00:00,5.962,-4.222,2.551,-0.582
2022-10-09 00:00:00,5.962,-2.975,3.767,-1.586
2022-10-09 01:00:00,6.22,-3.61,3.926,-1.449
2022-10-09 02:00:00,6.015,-1.067,4.39,-2.961
2022-10-09 03:00:00,5.906,-2.012,3.619,1.027
2022-10-09 04:00:00,6.439,-4.387,3.098,1.146
2022-10-09 05:00:00,6.38,-3.734,4.273,1.149
2022-10-09 06:00:00,5.536,-2.078,4.177,-0.3
2022-10-09 07:00:00,5.604,-1.977,4.011,-1.593
2022-10-09 08:00:00,5.475,-3.298,3.465,0.217
2022-10-09 09:00:00,5.664,-4.021,1.459,-1.56
2022-10-09 10:00:00,5.681,-2.944,2.62,-3.151
2022-10-09 11:00:00,5.798,-3.021,3.778,-2.304
2022-10-09 12:00:00,5.522,-3.053,3.623,-1.365
2022-10-09 13:00:00,4.944,-4.105,0.249,-0.656
2022-10-09 14:00:00,5.207,-0.1,3.113,1.753
2022-10-09 15:00:00,5.083,0.238,3.606,-0.153
2022-10-09 16:00:00,4.555,-3.305,1.114,0.467
2022-10-09 17:00:00,4.389,-1.148,1.74,-0.908
2022-10-09 18:00:00,4.711,-1.496,1.119,-2.447
2022-10-09 19:00:00,4.208,-0.264,1.719,-0.638
2022-10-09 20:00:00,4.061,-3.299,-1.022,-0.608
2022-10-09 21:00:00,3.693,-2.693,-0.132,0.906
2022-10-09 22:00:00,3.693,1.989,0.8,1.654
2022-10-09 23:00:00,4.448,3.529,1.477,-0.727
2022-10-10 00:00:00,4.309,0.995,2.784,1.55
2022-10-10 01:00:00,4.403,-0.59,2.148,2.276
2022-10-10 02:00:00,4.154,-0.785,1.466,-1.279
2022-10-10 03:00:00,4.387,-2.771,2.558,1.996
2022-10-10 04:00:00,4.911,-3.722,1.432,2.159
2022-10-10 05:00:00,5.27,-3.892,1.585,2.861
2022-10-10 06:00:00,4.84,-2.789,2.471,2.977
2022-10-10 07:00:00,4.864,0.553,4.163,0.291
2022-10-10 08:00:00,5.182,2.442,3.932,-1.023
2022-10-10 09:00:00,4.673,1.603,3.618,1.507
2022-10-10 10:00:00,4.73,-0.9,0.415,3.099
2022-10-10 11:00:00,4.622,-2.725,-1.809,2.019
2022-10-10 12:00:00,4.491,-3.738,0.348,1.741
2022-10-10 13:00:00,4.507,-3.953,1.131,0.132
2022-10-10 14:00:00,4.321,-3.638,1.416,-1.265
2022-10-10 15:00:00,4.408,-3.973,-0.818,-1.268
2022-10-10 16:00:00,4.284,-3.791,0.245,-1.452
2022-10-10 17:00:00,4.309,-3.966,0.23,-1.253
2022-10-10 18:00:00,4.375,-3.441,1.835,-1.589
2022-10-10 19:00:00,4.411,-3.445,1.92,-1.679
2022-10-10 20:00:00,4.4,-3.221,2.502,-0.457
2022-10-10 21:00:00,4.304,-3.563,1.581,-1.056
2022-10-10 22:00:00,4.138,-1.469,3.473,-1.104
2022-10-10 23:00:00,4.293,-1.954,3.679,-0.288
2022-10-11 00:00:00,4.221,-1.913,3.548,-0.104
2022-10-11 01:00:00,4.128,-1.746,3.039,-1.245
2022-10-11 02:00:00,4.077,-1.694,3.448,0.412
2022-10-11 03:00:00,4.127,-2.966,2.697,-0.047
2022-10-11 04:00:00,3.896,-3.189,1.907,0.664
2022-10-11 05:00:00,4.018,-3.67,1.252,-0.029
2022-10-11 06:00:00,4.094,-3.808,0.701,-0.819
2022-10-11 07:00:00,4.195,-3.913,1.082,-0.573
2022-10-11 08:00:00,4.436,-4.202,0.997,-0.326
2022-10-11 09:00:00,4.227,-3.955,0.858,0.892
2022-10-11 10:00:00,4.132,-3.956,0.432,0.781
2022-10-11 11:00:00,4.025,-3.172,1.985,0.157
2022-10-11 12:00:00,3.905,-3.174,1.293,0.85
2022-10-11 13:00:00,3.879,-3.427,0.228,1.635
2022-10-11 14:00:00,4.126,-3.659,0.734,1.464
2022-10-11 15:00:00,4.236,-3.777,0.803,1.305
2022-10-11 16:00:00,4.062,-2.916,2.551,-0.233
2022-10-11 17:00:00,4.009,-2.332,2.983,-0.744
2022-10-11 18:00:00,3.956,-3.255,2.039,0.06
2022-10-11 19:00:00,3.699,-2.927,2.068,-0.389
2022-10-11 20:00:00,3.629,-2.888,1.957,-0.439
2022-10-11 21:00:00,3.837,-2.896,1.916,-1.475
2022-10-11 22:00:00,3.618,-2.58,1.879,-1.467
2022-10-11 23:00:00,3.385,2.49,-0.199,-1.207
2022-10-12 00:00:00,3.65,3.216,-1.543,-0.165
2022-10-12 01:00:00,3.71,3.258,-1.552,0.069
2022-10-12 02:00:00,3.536,2.737,-1.977,0.667
2022-10-12 03:00:00,3.559,3.084,-1.59,0.35
2022-10-12 04:00:00,3.79,3.357,-1.564,-0.206
2022-10-12 05:00:00,3.795,3.417,-0.548,-1.218
2022-10-12 06:00:00,3.899,3.454,0.144,-1.673
2022-10-12 07:00:00,4.279,3.933,-0.366,-1.393
2022-10-12 08:00:00,4.478,4.161,-0.272,-1.429
2022-10-12 09:00:00,4.48,3.991,0.078,-1.893
2022-10-12 10:00:00,4.076,3.22,0.292,-2.331
2022-10-12 11:00:00,4.104,3.45,-0.067,-1.536
2022-10-12 12:00:00,3.121,1.179,0.559,-1.619
2022-10-12 13:00:00,2.534,-0.728,1.745,-1.468
2022-10-12 14:00:00,3.67,1.742,2.478,0.169
2022-10-12 15:00:00,4.081,0.298,3.606,0.065
2022-10-12 16:00:00,3.781,2.028,1.191,-0.102
2022-10-12 17:00:00,3.616,0.399,2.797,-1.37
2022-10-12 18:00:00,3.975,-0.895,2.696,-1.948
2022-10-12 19:00:00,3.594,-0.568,2.438,-2.016
2022-10-12 20:00:00,3.461,1.766,0.215,-2.367
2022-10-12 21:00:00,3.686,1.528,0.987,-2.9
2022-10-12 22:00:00,4.119,0.546,2.866,-2.772
2022-10-12 23:00:00,4.257,3.262,0.235,-2.485
2022-10-13 00:00:00,4.417,4.142,0.925,-0.769
2022-10-13 01:00:00,4.377,3.837,-0.592,-1.469
2022-10-13 02:00:00,4.211,3.868,-0.294,-1.394
2022-10-13 03:00:00,4.226,3.491,1.767,-1.251
2022-10-13 04:00:00,4.269,3.573,0.906,-1.967
2022-10-13 05:00:00,4.545,4.032,0.382,-1.908
2022-10-13 06:00:00,4.559,3.983,-0.157,-2.058
2022-10-13 07:00:00,4.595,4.278,0.49,-1.387
2022-10-13 08:00:00,4.727,4.331,0.814,-1.478
2022-10-13 09:00:00,4.549,4.175,0.271,-1.648
2022-10-13 10:00:00,4.343,3.388,-0.714,-1.967
2022-10-13 11:00:00,4.118,1.011,-2.949,-2.143
2022-10-13 12:00:00,4.239,2.086,-1.923,-3.089
2022-10-13 13:00:00,4.117,1.975,-1.642,-3.147
2022-10-13 14:00:00,3.909,1.649,-1.353,-3.04
2022-10-13 15:00:00,4.107,1.627,-2.462,-2.562
2022-10-13 16:00:00,4.299,1.88,-2.092,-3.147
2022-10-13 17:00:00,5.295,1.004,-2.851,-4.158
2022-10-13 18:00:00,5.715,0.597,-4.881,-2.728
2022-10-13 19:00:00,6.406,1.794,-1.152,-2.018
2022-10-13 20:00:00,5.472,2.581,4.06,-2.393
2022-10-13 21:00:00,4.896,3.225,2.468,-2.587
2022-10-13 22:00:00,4.612,2.815,1.182,-3.007
2022-10-13 23:00:00,5.112,1.646,-4.099,-1.646
2022-10-14 00:00:00,5.544,4.285,-0.072,-3.212
2022-10-14 01:00:00,6.575,4.957,-1.484,-3.722
2022-10-14 02:00:00,7.903,5.256,-1.172,-5.358
2022-10-14 03:00:00,8.085,4.341,-0.263,-6.516
2022-10-14 04:00:00,8.729,0.77,-6.07,-3.696
2022-10-14 05:00:00,11.89,-1.421,-6.293,-8.839
2022-10-14 06:00:00,11.632,-2.557,-1.617,-10.759
2022-10-14 07:00:00,11.932,1.463,4.285,-9.453
2022-10-14 08:00:00,13.958,-2.374,2.395,-12.884
2022-10-14 09:00:00,15.102,5.325,-10.397,-2.83
2022-10-14 10:00:00,16.093,7.479,-12.603,5.529
2022-10-14 11:00:00,14.91,2.914,-13.295,-0.168
2022-10-14 12:00:00,15.758,-0.139,-8.298,-11.164
2022-10-14 13:00:00,16.64,1.788,-14.518,-4.07
2022-10-14 14:00:00,11.328,-0.215,-6.928,7.355
2022-10-14 15:00:00,9.904,2.144,-8.201,3.947
2022-10-14 16:00:00,9.464,1.112,-7.805,4.673
2022-10-14 17:00:00,11.255,-0.719,-9.35,3.389
2022-10-14 18:00:00,12.198,2.068,-9.976,4.437
2022-10-14 19:00:00,13.148,3.214,-12.264,2.095
2022-10-14 20:00:00,11.191,6.929,-6.335,-2.173
2022-10-14 21:00:00,11.874,1.918,-8.098,0.545
2022-10-14 22:00:00,12.308,7.053,-5.312,-6.884
2022-10-14 23:00:00,11.808,5.862,-5.179,-4.565
2022-10-15 00:00:00,11.32,4.094,-7.467,4.948
2022-10-15 01:00:00,11.328,4.469,-7.714,2.306
2022-10-15 02:00:00,11.348,4.285,-7.939,-3.5
2022-10-15 03:00:00,11.363,4.496,-8.032,-1.726
2022-10-15 04:00:00,11.007,4.326,-8.704,0.881
2022-10-15 05:00:00,10.062,6.049,-5.253,0.633
2022-10-15 06:00:00,9.726,1.106,-7.532,2.67
2022-10-15 07:00:00,9.629,0.985,-5.841,2.384
2022-10-15 08:00:00,8.244,0.813,-3.79,-4.228
2022-10-15 09:00:00,7.133,0.952,-6.097,-0.453
2022-10-15 10:00:00,8.128,1.064,-6.999,2.051
2022-10-15 11:00:00,6.207,0.623,-4.2,0.806
2022-10-15 12:00:00,7.057,-0.455,-6.213,2.364
2022-10-15 13:00:00,7.163,0.238,-6.134,2.824
2022-10-15 14:00:00,6.78,1.539,-5.53,2.413
2022-10-15 15:00:00,6.35,3.005,-0.283,-2.482
2022-10-15 16:00:00,6.936,3.756,-3.645,-0.48
2022-10-15 17:00:00,7.306,2.807,-5.1,0.846
2022-10-15 18:00:00,6.739,3.707,-1.168,-3.561
2022-10-15 19:00:00,7.166,3.65,-3.841,-1.025
2022-10-15 20:00:00,7.671,1.81,-5.802,2.253
2022-10-15 21:00:00,6.841,2.537,-5.007,0.05
2022-10-15 22:00:00,6.411,2.958,-4.178,-0.056
2022-10-15 23:00:00,5.736,2.359,-2.35,-1.396
2022-10-16 00:00:00,5.023,2.785,-2.473,0.923
2022-10-16 01:00:00,4.921,-0.275,-3.046,2.608
2022-10-16 02:00:00,5.057,2.378,-3.429,0.807
2022-10-16 03:00:00,5.203,2.839,-3.504,0.76
2022-10-16 04:00:00,5.267,0.69,-0.234,3.129
2022-10-16 05:00:00,5.286,1.29,0.741,2.086
2022-10-16 06:00:00,5.026,2.063,1.811,1.377
2022-10-16 07:00:00,5.086,1.074,3.214,0.118
2022-10-16 08:00:00,5.761,0.73,4.96,1.506
2022-10-16 09:00:00,5.693,3.757,2.467,2.338
2022-10-16 10:00:00,5.888,3.081,3.471,-1.272
2022-10-16 11:00:00,5.644,3.725,1.354,-2.176
2022-10-16 12:00:00,5.813,2.532,-2.0,-1.221
2022-10-16 13:00:00,5.556,1.272,-0.011,-3.373
2022-10-16 14:00:00,5.433,2.848,-2.842,0.164
2022-10-16 15:00:00,5.567,3.595,-2.827,1.795
2022-10-16 16:00:00,5.803,2.264,-4.749,1.335
2022-10-16 17:00:00,6.222,2.315,-4.779,2.408
2022-10-16 18:00:00,6.152,3.177,-4.12,1.141
2022-10-16 19:00:00,5.841,2.505,-3.062,-1.634
2022-10-16 20:00:00,6.043,2.141,-1.083,-3.595
2022-10-16 21:00:00,6.099,1.022,-4.492,3.357
2022-10-16 22:00:00,6.037,2.526,-5.156,0.301
2022-10-16 23:00:00,5.9,1.245,-5.34,0.616
2022-10-17 00:00:00,5.774,1.69,-4.67,1.62
2022-10-17 01:00:00,5.721,1.441,-5.049,0.36
2022-10-17 02:00:00,5.722,2.92,-4.541,-0.256
2022-10-17 03:00:00,5.729,4.592,-3.013,0.022
2022-10-17 04:00:00,5.716,3.497,-4.214,0.069
2022-10-17 05:00:00,5.774,-0.1,-5.454,0.119
2022-10-17 06:00:00,5.54,2.452,-4.658,0.133
2022-10-17 07:00:00,4.933,1.123,-4.355,0.383
2022-10-17 08:00:00,4.867,0.461,-4.389,1.391
2022-10-17 09:00:00,5.001,1.269,-4.206,1.188
2022-10-17 10:00:00,4.775,2.759,-3.62,0.123
2022-10-17 11:00:00,4.761,2.232,-3.73,0.856
2022-10-17 12:00:00,4.406,2.214,-1.982,1.514
2022-10-17 13:00:00,4.395,2.841,-0.912,1.082
2022-10-17 14:00:00,4.565,3.296,-0.195,-1.79
2022-10-17 15:00:00,5.02,3.278,-1.719,1.344
2022-10-17 16:00:00,4.894,2.583,-2.201,3.085
2022-10-17 17:00:00,5.246,1.187,-1.951,4.233
2022-10-17 18:00:00,5.246,0.96,-2.393,4.344
2022-10-17 19:00:00,5.297,2.647,-1.792,3.992
2022-10-17 20:00:00,5.222,3.076,-0.754,3.435
2022-10-17 21:00:00,5.259,2.421,-2.812,2.705
2022-10-17 22:00:00,4.83,2.502,-1.434,2.946
2022-10-17 23:00:00,4.807,0.529,-1.59,3.409
2022-10-18 00:00:00,4.904,3.737,-1.143,2.507
2022-10-18 01:00:00,5.052,2.799,-1.577,2.792
2022-10-18 02:00:00,5.341,0.399,-1.809,3.849
2022-10-18 03:00:00,5.323,0.802,-3.193,2.862
2022-10-18 04:00:00,4.647,1.71,-2.704,1.594
2022-10-18 05:00:00,4.0,1.701,-2.669,0.502
2022-10-18 06:00:00,4.08,1.764,-2.404,-0.469
2022-10-18 07:00:00,4.169,1.198,-1.824,2.118
2022-10-18 08:00:00,4.242,0.446,-2.382,-0.65
2022-10-18 09:00:00,4.381,0.008,-2.367,1.253
2022-10-18 10:00:00,4.378,-0.83,-2.896,-0.899
2022-10-18 11:00:00,4.253,1.302,-2.913,0.687
2022-10-18 12:00:00,4.215,2.803,-0.662,2.256
2022-10-18 13:00:00,4.372,3.504,-1.651,1.341
2022-10-18 14:00:00,4.657,3.323,-1.566,-0.12
2022-10-18 15:00:00,4.432,2.109,-1.907,-1.918
2022-10-18 16:00:00,4.558,2.651,-1.913,0.868
2022-10-18 17:00:00,5.426,4.431,-2.281,-0.427
2022-10-18 18:00:00,5.395,4.308,-1.845,-2.178
2022-10-18 19:00:00,4.514,2.253,-2.299,-0.938
2022-10-18 20:00:00,4.625,2.728,-2.188,-0.836
2022-10-18 21:00:00,5.173,3.554,-0.361,-2.054
2022-10-18 22:00:00,5.162,-0.946,-4.486,1.109
2022-10-18 23:00:00,5.368,3.035,-3.915,0.283
2022-10-19 00:00:00,5.343,4.629,-1.055,-1.587
2022-10-19 01:00:00,5.472,3.968,-3.077,-0.429
2022-10-19 02:00:00,5.52,3.982,-3.2,-1.68
2022-10-19 03:00:00,5.324,3.956,-2.569,-2.175
2022-10-19 04:00:00,5.338,2.981,-1.854,-3.861
2022-10-19 05:00:00,5.012,4.298,-1.669,-1.641
2022-10-19 06:00:00,4.918,4.048,-1.94,-1.841
2022-10-19 07:00:00,4.953,3.002,-3.25,-1.056
2022-10-19 08:00:00,4.969,2.433,-3.49,-2.03
2022-10-19 09:00:00,4.795,3.321,-2.942,-0.58
2022-10-19 10:00:00,4.633,1.977,-3.215,-0.915
2022-10-19 11:00:00,4.599,1.997,-3.256,-1.508
2022-10-19 12:00:00,4.5,2.384,-3.549,-0.748
2022-10-19 13:00:00,4.896,4.584,-1.109,-0.808
2022-10-19 14:00:00,4.814,4.424,-1.42,-0.649
2022-10-19 15:00:00,3.818,2.5,-2.498,0.517
2022-10-19 16:00:00,4.421,3.245,-2.704,0.709
2022-10-19 17:00:00,4.684,3.079,-2.641,-0.406
2022-10-19 18:00:00,4.566,3.929,-1.833,0.209
2022-10-19 19:00:00,4.849,4.123,-2.253,0.812
2022-10-19 20:00:00,5.229,4.554,-1.982,-0.512
2022-10-19 21:00:00,5.041,3.248,-2.798,-1.257
2022-10-19 22:00:00,4.781,4.499,-0.549,-0.381
2022-10-19 23:00:00,4.613,3.867,-1.621,-1.102
2022-10-20 00:00:00,4.753,4.125,0.038,-1.376
2022-10-20 01:00:00,4.968,4.798,-1.055,-0.272
2022-10-20 02:00:00,5.162,4.737,-1.674,0.829
2022-10-20 03:00:00,5.121,4.848,-0.402,0.756
2022-10-20 04:00:00,5.074,4.686,1.473,-0.779
2022-10-20 05:00:00,5.187,4.91,0.53,-1.4
2022-10-20 06:00:00,5.653,4.415,3.043,-1.561
2022-10-20 07:00:00,4.939,3.538,3.08,-1.145
2022-10-20 08:00:00,5.257,3.597,-1.397,-2.37
2022-10-20 09:00:00,5.938,4.827,-1.766,-2.602
2022-10-20 10:00:00,6.318,3.036,-3.819,-3.543
2022-10-20 11:00:00,6.686,3.316,-0.883,-3.51
2022-10-20 12:00:00,5.244,3.627,1.837,-2.623
2022-10-20 13:00:00,3.593,2.871,-1.502,-0.947
2022-10-20 14:00:00,4.9,3.556,-2.54,-0.009
2022-10-20 15:00:00,4.495,2.154,-3.343,0.636
2022-10-20 16:00:00,4.438,-0.392,-4.228,0.672
2022-10-20 17:00:00,5.421,0.783,-4.658,-0.213
2022-10-20 18:00:00,4.361,0.594,-3.236,0.803
2022-10-20 19:00:00,3.892,2.732,-1.918,-1.608
2022-10-20 20:00:00,4.853,3.771,-2.055,-2.05
2022-10-20 21:00:00,4.489,3.413,-1.1,-2.423
2022-10-20 22:00:00,4.304,3.818,-1.328,-0.349
2022-10-20 23:00:00,4.082,3.092,-2.29,0.977
2022-10-21 00:00:00,4.263,3.446,-2.175,-0.505
2022-10-21 01:00:00,4.006,2.59,-2.307,-0.396
2022-10-21 02:00:00,3.889,2.553,-2.743,-0.017
2022-10-21 03:00:00,4.465,3.076,-3.001,0.051
2022-10-21 04:00:00,4.719,3.684,0.257,-2.28
2022-10-21 05:00:00,4.961,4.191,-0.727,-2.283
2022-10-21 06:00:00,4.356,2.548,-1.258,-2.82
2022-10-21 07:00:00,4.808,3.06,0.354,-2.341
2022-10-21 08:00:00,5.39,4.651,0.246,-2.586
2022-10-21 09:00:00,5.297,4.653,0.669,-0.212
2022-10-21 10:00:00,6.29,-2.649,1.09,5.284
2022-10-21 11:00:00,6.578,-2.694,2.092,5.497
2022-10-21 12:00:00,6.807,-2.057,1.902,6.156
2022-10-21 13:00:00,7.489,-0.766,3.147,6.07
2022-10-21 14:00:00,8.123,4.463,4.304,5.136
2022-10-21 15:00:00,8.004,3.16,4.259,5.79
2022-10-21 16:00:00,6.634,1.145,4.893,3.887
2022-10-21 17:00:00,7.757,2.03,6.414,3.495
2022-10-21 18:00:00,8.259,1.616,6.598,4.562
2022-10-21 19:00:00,7.722,1.498,6.616,3.56
2022-10-21 20:00:00,7.626,1.014,6.459,3.418
2022-10-21 21:00:00,7.689,1.933,7.036,2.297
2022-10-21 22:00:00,8.236,1.449,7.775,2.179
2022-10-21 23:00:00,9.021,0.593,7.378,4.622
2022-10-22 00:00:00,9.849,-0.946,4.126,8.583
2022-10-22 01:00:00,9.948,1.47,8.38,4.505
2022-10-22 02:00:00,9.913,0.805,8.716,4.317
2022-10-22 03:00:00,9.2,0.977,7.902,4.369
2022-10-22 04:00:00,9.819,1.556,8.844,3.589
2022-10-22 05:00:00,10.155,1.474,9.703,2.326
2022-10-22 06:00:00,10.762,1.407,10.578,0.534
2022-10-22 07:00:00,11.316,0.467,10.926,0.806
2022-10-22 08:00:00,10.174,-0.848,9.64,-0.986
2022-10-22 09:00:00,10.453,-1.681,9.11,-4.491
2022-10-22 10:00:00,10.891,-2.392,8.644,-6.057
2022-10-22 11:00:00,10.512,-1.872,6.838,-7.668
2022-10-22 12:00:00,10.636,-2.316,4.517,-8.349
2022-10-22 13:00:00,10.205,-3.361,4.474,-8.049
2022-10-22 14:00:00,10.654,-4.003,5.253,-8.161
2022-10-22 15:00:00,10.831,-4.932,3.229,-9.015
2022-10-22 16:00:00,11.04,-5.229,2.399,-9.295
2022-10-22 17:00:00,10.305,-2.93,-4.728,-7.509
2022-10-22 18:00:00,10.286,1.548,-7.492,-6.045
2022-10-22 19:00:00,9.295,3.976,-7.606,-1.719
2022-10-22 20:00:00,9.625,5.935,-6.836,0.391
2022-10-22 21:00:00,9.656,4.008,-7.812,-3.435
2022-10-22 22:00:00,9.188,3.633,-6.311,-4.73
2022-10-22 23:00:00,10.172,4.248,-8.774,-2.356
2022-10-23 00:00:00,9.653,4.858,-7.386,-2.847
2022-10-23 01:00:00,9.278,4.773,-7.254,-2.537
2022-10-23 02:00:00,9.268,5.795,-7.089,-0.538
2022-10-23 03:00:00,9.541,6.673,-5.949,-2.509
2022-10-23 04:00:00,9.487,3.295,-6.246,-6.034
2022-10-23 05:00:00,10.367,5.792,-6.269,-2.366
2022-10-23 06:00:00,10.055,8.172,-1.093,5.364
2022-10-23 07:00:00,10.195,7.319,1.776,6.432
2022-10-23 08:00:00,9.884,8.185,1.507,4.602
2022-10-23 09:00:00,10.027,8.214,0.97,5.48
2022-10-23 10:00:00,9.442,7.82,-0.683,4.63
2022-10-23 11:00:00,9.135,7.63,-0.967,3.738
2022-10-23 12:00:00,10.49,7.382,2.996,6.422
2022-10-23 13:00:00,10.152,6.218,-5.013,0.743
2022-10-23 14:00:00,11.139,1.584,-8.481,-5.004
2022-10-23 15:00:00,11.464,6.138,-8.369,-1.266
2022-10-23 16:00:00,11.66,8.353,-6.457,3.195
2022-10-23 17:00:00,10.359,7.026,-1.847,5.478
2022-10-23 18:00:00,7.885,2.227,-3.727,-2.944
2022-10-23 19:00:00,8.252,6.401,-1.011,0.659
2022-10-23 20:00:00,9.527,5.146,-4.066,5.018
2022-10-23 21:00:00,9.672,4.869,-4.595,4.686
2022-10-23 22:00:00,10.246,4.318,-6.11,0.538
2022-10-23 23:00:00,9.686,3.491,-7.138,-0.223
2022-10-24 00:00:00,9.9,3.928,-6.772,1.58
2022-10-24 01:00:00,8.171,5.78,-3.791,-0.407
2022-10-24 02:00:00,7.495,3.52,-5.773,0.336
2022-10-24 03:00:00,6.442,3.631,-4.243,0.006
2022-10-24 04:00:00,5.79,3.294,-3.006,0.491
2022-10-24 05:00:00,5.087,3.332,-0.183,2.377
2022-10-24 06:00:00,4.36,3.843,-0.192,0.109
2022-10-24 07:00:00,4.383,3.607,-1.58,0.304
2022-10-24 08:00:00,4.453,1.36,-2.567,1.47
2022-10-24 09:00:00,3.812,2.018,-1.643,1.224
2022-10-24 10:00:00,3.356,1.706,-1.57,-1.027
2022-10-24 11:00:00,3.505,2.045,-0.755,-1.824
2022-10-24 12:00:00,3.696,2.593,-0.406,1.57
2022-10-24 13:00:00,3.691,1.133,-2.342,1.837
2022-10-24 14:00:00,3.897,-0.819,-2.06,2.673
2022-10-24 15:00:00,3.731,0.095,-2.875,0.373
2022-10-24 16:00:00,3.27,-0.451,-2.157,0.884
2022-10-24 17:00:00,3.278,1.4,-1.419,1.376
2022-10-24 18:00:00,3.403,1.444,-1.866,1.096
2022-10-24 19:00:00,3.335,0.309,-1.608,1.446
2022-10-24 20:00:00,3.261,-0.434,-2.017,1.85
2022-10-24 21:00:00,2.814,0.051,-2.021,-0.458
2022-10-24 22:00:00,3.064,-0.418,-2.132,0.783
2022-10-24 23:00:00,2.826,-1.401,-1.352,0.624
2022-10-25 00:00:00,2.848,2.078,-1.646,-0.675
2022-10-25 01:00:00,3.288,-0.103,-1.58,1.751
2022-10-25 02:00:00,3.364,-0.102,-2.658,1.718
2022-10-25 03:00:00,3.4,-0.655,-2.551,1.352
2022-10-25 04:00:00,3.343,0.027,-2.856,-1.17
2022-10-25 05:00:00,3.348,1.47,0.203,-2.731
2022-10-25 06:00:00,2.523,1.15,-0.332,0.488
2022-10-25 07:00:00,2.808,0.558,-1.852,1.065
2022-10-25 08:00:00,3.372,2.159,-1.385,-0.682
2022-10-25 09:00:00,3.375,0.235,-1.766,-0.061
2022-10-25 10:00:00,4.005,-0.184,-3.267,0.403
2022-10-25 11:00:00,3.988,-0.348,-3.002,0.096
2022-10-25 12:00:00,3.954,0.056,-3.205,0.021
2022-10-25 13:00:00,3.85,0.708,-1.167,-3.394
2022-10-25 14:00:00,3.895,1.49,-0.86,-2.313
2022-10-25 15:00:00,3.317,1.095,-1.261,-0.346
2022-10-25 16:00:00,3.369,-1.145,-1.167,-1.534
2022-10-25 17:00:00,3.456,-0.006,-2.071,2.312
2022-10-25 18:00:00,3.899,2.802,-1.636,0.941
2022-10-25 19:00:00,4.358,4.174,-0.914,0.164
2022-10-25 20:00:00,4.224,4.142,-0.262,-0.002
2022-10-25 21:00:00,4.268,4.195,-0.237,0.184
2022-10-25 22:00:00,4.346,3.627,-0.611,0.892
2022-10-25 23:00:00,4.506,3.691,1.213,2.076
2022-10-26 00:00:00,4.556,3.656,1.553,2.013
2022-10-26 01:00:00,4.708,3.571,1.649,2.433
2022-10-26 02:00:00,4.725,3.195,2.565,2.126
2022-10-26 03:00:00,4.538,3.197,1.908,1.9
2022-10-26 04:00:00,4.36,3.985,-0.537,1.004
2022-10-26 05:00:00,4.635,4.059,-0.074,1.24
2022-10-26 06:00:00,4.919,3.724,-1.635,1.552
2022-10-26 07:00:00,4.697,2.127,-2.836,2.399
2022-10-26 08:00:00,4.464,1.115,-3.603,1.015
2022-10-26 09:00:00,4.47,-0.22,-4.285,0.336
2022-10-26 10:00:00,4.471,-0.126,-3.717,-1.064
2022-10-26 11:00:00,4.229,-0.769,-1.528,-1.261
2022-10-26 12:00:00,4.807,4.041,0.081,-1.083
2022-10-26 13:00:00,4.874,1.225,-1.776,-3.406
2022-10-26 14:00:00,4.502,2.191,-2.411,-1.039
2022-10-26 15:00:00,4.347,3.629,0.205,-0.559
2022-10-26 16:00:00,4.47,2.555,-2.762,-0.91
2022-10-26 17:00:00,4.859,1.643,-3.414,-2.141
2022-10-26 18:00:00,5.163,0.601,-2.12,-3.706
2022-10-26 19:00:00,5.092,1.651,-1.668,-4.176
2022-10-26 20:00:00,4.63,2.815,-1.869,-2.289
2022-10-26 21:00:00,4.936,-0.534,2.848,-1.146
2022-10-26 22:00:00,5.347,-2.231,4.582,-1.192
2022-10-26 23:00:00,2.478,-0.6,1.046,0.06
2022-10-27 00:00:00,3.405,-1.885,-0.12,2.086
2022-10-27 01:00:00,4.107,1.365,-1.832,-1.528
2022-10-27 02:00:00,4.772,1.737,-3.097,1.808
2022-10-27 03:00:00,3.974,-0.59,0.741,-0.337
2022-10-27 04:00:00,4.745,0.757,-3.586,2.69
2022-10-27 05:00:00,5.735,-0.647,-0.572,0.997
2022-10-27 06:00:00,5.695,-2.487,2.923,0.194
2022-10-27 07:00:00,5.53,-4.513,2.311,1.111
2022-10-27 08:00:00,5.643,-2.047,3.583,1.53
2022-10-27 09:00:00,6.727,-1.956,4.112,-0.086
2022-10-27 10:00:00,6.778,-2.228,3.522,0.096
2022-10-27 11:00:00,6.51,-0.726,4.545,-1.558
2022-10-27 12:00:00,6.736,0.018,1.519,-5.183
2022-10-27 13:00:00,5.758,-0.033,1.292,-3.961
2022-10-27 14:00:00,5.784,-3.068,3.877,1.274
2022-10-27 15:00:00,6.054,-4.691,3.261,0.016
2022-10-27 16:00:00,6.679,-4.852,3.753,0.129
2022-10-27 17:00:00,7.576,-3.222,4.431,2.968
2022-10-27 18:00:00,7.247,-4.14,3.981,3.749
2022-10-27 19:00:00,6.34,-2.413,0.232,5.257
2022-10-27 20:00:00,6.663,0.309,4.159,1.276
2022-10-27 21:00:00,7.361,-6.048,-0.19,2.518
2022-10-27 22:00:00,7.023,-6.299,0.069,2.022
2022-10-27 23:00:00,6.143,-4.97,3.165,-0.291
2022-10-28 00:00:00,6.101,-3.578,3.928,-0.138
2022-10-28 01:00:00,5.654,2.297,0.718,0.429
2022-10-28 02:00:00,4.62,4.275,-0.232,0.399
2022-10-28 03:00:00,3.916,0.388,3.129,0.62
2022-10-28 04:00:00,6.502,-4.106,2.727,0.625
2022-10-28 05:00:00,5.484,2.087,3.809,-1.871
2022-10-28 06:00:00,3.065,2.527,0.252,-0.51
2022-10-28 07:00:00,4.195,3.768,-0.614,-0.218
2022-10-28 08:00:00,4.518,0.704,1.521,0.939
2022-10-28 09:00:00,4.706,-1.937,1.897,0.764
2022-10-28 10:00:00,3.949,-0.174,1.534,-0.156
2022-10-28 11:00:00,6.574,1.898,4.445,-0.958
2022-10-28 12:00:00,3.35,0.87,0.963,0.247
2022-10-28 13:00:00,6.234,1.363,-0.158,-0.739
2022-10-28 14:00:00,8.775,2.95,5.496,-3.489
2022-10-28 15:00:00,8.269,4.365,4.925,-4.593
2022-10-28 16:00:00,8.041,-1.994,6.359,-1.411
2022-10-28 17:00:00,8.261,-3.024,5.769,-1.28
2022-10-28 18:00:00,9.148,-6.074,5.609,0.909
2022-10-28 19:00:00,9.928,-3.941,7.054,-2.479
2022-10-28 20:00:00,10.116,-3.987,7.623,-1.862
2022-10-28 21:00:00,10.203,-7.497,1.635,3.385
2022-10-28 22:00:00,10.737,-9.799,1.612,2.284
2022-10-28 23:00:00,11.201,-8.143,6.896,0.49
2022-10-29 00:00:00,10.066,-4.554,3.104,-3.063
2022-10-29 01:00:00,7.39,-4.062,2.711,-2.231
2022-10-29 02:00:00,7.93,-4.218,5.63,-1.088
2022-10-29 03:00:00,8.172,-3.888,5.397,-1.719
2022-10-29 04:00:00,8.222,-5.176,3.322,0.967
2022-10-29 05:00:00,8.502,-4.911,5.318,-2.109
2022-10-29 06:00:00,8.73,-2.647,4.466,-5.652
2022-10-29 07:00:00,8.74,-5.869,4.277,0.595
2022-10-29 08:00:00,8.019,-4.606,3.44,1.424
2022-10-29 09:00:00,7.922,-5.248,2.87,-0.12
2022-10-29 10:00:00,6.501,-4.503,1.689,-2.301
2022-10-29 11:00:00,5.834,-3.765,1.479,2.63
2022-10-29 12:00:00,5.668,-4.584,-0.55,-0.091
2022-10-29 13:00:00,5.633,-3.81,0.734,-2.938
2022-10-29 14:00:00,5.764,-4.263,2.914,-0.383
2022-10-29 15:00:00,5.821,-5.127,1.266,-0.95
2022-10-29 16:00:00,5.697,-4.825,0.449,1.62
2022-10-29 17:00:00,5.991,-4.339,2.335,-0.009
2022-10-29 18:00:00,6.324,-2.682,1.949,3.798
2022-10-29 19:00:00,6.178,-3.334,2.576,1.167
2022-10-29 20:00:00,5.877,-2.344,4.639,-0.092
2022-10-29 21:00:00,5.823,-2.338,3.425,2.504
2022-10-29 22:00:00,5.371,-2.977,2.351,-1.746
2022-10-29 23:00:00,5.363,-0.881,2.282,1.627
2022-10-30 00:00:00,5.442,-1.482,0.537,3.976
2022-10-30 01:00:00,4.69,-1.624,1.849,-1.192
2022-10-30 02:00:00,4.682,-1.265,1.923,0.901
2022-10-30 03:00:00,4.59,-3.921,-0.379,-0.409
2022-10-30 04:00:00,4.658,-1.81,1.006,-3.231
2022-10-30 05:00:00,4.526,-0.478,3.457,1.005
2022-10-30 06:00:00,4.664,-2.311,3.069,-1.69
2022-10-30 07:00:00,5.054,-1.193,4.652,0.014
2022-10-30 08:00:00,4.742,-2.419,2.338,-1.142
2022-10-30 09:00:00,4.546,-3.201,-0.108,-0.87
2022-10-30 10:00:00,4.585,-2.833,1.705,-1.098
2022-10-30 11:00:00,4.468,-3.767,-0.107,-1.358
2022-10-30 12:00:00,4.426,-3.365,1.725,-1.532
2022-10-30 13:00:00,4.556,-4.043,1.289,-0.241
2022-10-30 14:00:00,4.714,-3.936,1.531,-0.965
2022-10-30 15:00:00,4.825,-1.91,3.389,1.978
2022-10-30 16:00:00,4.885,-1.874,2.289,2.431
2022-10-30 17:00:00,4.861,-2.323,3.068,0.355
2022-10-30 18:00:00,4.752,-1.374,3.465,-0.276
2022-10-30 19:00:00,4.497,-1.954,2.743,0.745
2022-10-30 20:00:00,4.606,0.215,3.428,1.605
2022-10-30 21:00:00,4.432,-1.102,3.297,1.272
2022-10-30 22:00:00,4.44,-1.721,3.396,-0.26
2022-10-30 23:00:00,4.47,-2.266,2.405,2.354
2022-10-31 00:00:00,4.549,-2.307,3.389,0.467
2022-10-31 01:00:00,4.518,-2.745,2.74,-1.441
2022-10-31 02:00:00,4.497,-3.277,2.611,-0.66
2022-10-31 03:00:00,4.575,-2.781,3.113,-0.022
2022-10-31 04:00:00,4.721,-1.596,4.091,-1.104
2022-10-31 05:00:00,4.705,-2.767,3.477,-0.588
2022-10-31 06:00:00,4.329,-1.213,3.63,-0.978
2022-10-31 07:00:00,4.469,-2.458,2.494,1.337
2022-10-31 08:00:00,4.723,-1.753,3.819,-1.007
2022-10-31 09:00:00,4.599,0.343,2.983,-2.854
2022-10-31 10:00:00,4.831,0.377,4.381,-1.393
2022-10-31 11:00:00,4.795,-1.044,3.367,-0.925
2022-10-31 12:00:00,4.099,-0.89,2.187,-0.726
2022-10-31 13:00:00,4.65,2.318,2.696,-2.389
2022-10-31 14:00:00,4.925,1.238,3.733,-2.289
2022-10-31 15:00:00,4.588,-0.425,3.715,-1.591
2022-10-31 16:00:00,4.822,1.621,4.168,-1.162
2022-10-31 17:00:00,4.965,0.448,4.287,-1.722
2022-10-31 18:00:00,5.646,0.015,5.104,-0.406
2022-10-31 19:00:00,5.561,0.735,4.154,1.889
2022-10-31 20:00:00,5.009,1.227,3.902,-1.063
2022-10-31 21:00:00,4.824,0.571,3.746,0.896
2022-10-31 22:00:00,4.557,-0.169,2.949,0.911
2022-10-31 23:00:00,4.342,-2.188,2.298,2.267
2022-11-01 00:00:00,4.61,-2.665,0.522,3.077
2022-11-01 01:00:00,4.732,-3.298,-1.244,2.786
2022-11-01 02:00:00,4.805,-3.251,0.128,3.451
2022-11-01 03:00:00,4.29,-3.346,1.028,1.874
2022-11-01 04:00:00,4.043,-3.017,0.223,2.134
2022-11-01 05:00:00,4.7,0.468,2.394,-2.452
2022-11-01 06:00:00,4.723,1.315,3.381,-2.441
2022-11-01 07:00:00,4.246,-1.092,2.293,-0.948
2022-11-01 08:00:00,4.214,-2.255,1.868,-0.602
2022-11-01 09:00:00,3.569,0.91,1.5,-1.609
2022-11-01 10:00:00,4.005,0.703,3.235,-1.274
2022-11-01 11:00:00,3.743,-1.469,1.834,-1.162
2022-11-01 12:00:00,4.212,-2.726,1.544,1.687
2022-11-01 13:00:00,4.628,-3.255,1.749,2.693
2022-11-01 14:00:00,4.603,-2.968,1.28,2.932
2022-11-01 15:00:00,4.61,-3.988,0.639,1.959
2022-11-01 16:00:00,4.483,-3.561,1.567,-0.609
2022-11-01 17:00:00,4.303,-3.344,2.233,-0.807
2022-11-01 18:00:00,4.427,-2.453,1.864,1.607
2022-11-01 19:00:00,4.208,-1.721,2.637,-1.651
2022-11-01 20:00:00,4.382,-3.512,0.383,1.206
2022-11-01 21:00:00,4.475,-3.767,1.038,1.93
2022-11-01 22:00:00,4.591,-3.263,2.504,1.025
2022-11-01 23:00:00,4.784,-2.075,3.534,1.429
2022-11-02 00:00:00,5.109,0.253,3.19,-2.2
2022-11-02 01:00:00,5.386,2.395,2.049,-3.997
2022-11-02 02:00:00,4.858,1.644,2.499,-2.934
2022-11-02 03:00:00,4.603,0.099,-0.173,-4.053
2022-11-02 04:00:00,5.7,-2.317,1.321,-1.8
2022-11-02 05:00:00,6.181,-4.262,3.289,2.758
2022-11-02 06:00:00,6.194,-3.031,4.935,1.608
2022-11-02 07:00:00,5.799,-1.812,4.468,-0.377
2022-11-02 08:00:00,5.572,-2.345,4.546,0.586
2022-11-02 09:00:00,5.163,-3.347,2.56,1.004
2022-11-02 10:00:00,5.982,-5.146,0.835,2.486
2022-11-02 11:00:00,6.441,-4.983,3.029,0.316
2022-11-02 12:00:00,6.878,3.274,2.73,-4.483
2022-11-02 13:00:00,6.844,3.599,1.888,-4.635
2022-11-02 14:00:00,7.452,4.071,0.749,-5.818
2022-11-02 15:00:00,8.34,0.735,5.481,-5.326
2022-11-02 16:00:00,9.275,-4.433,7.36,0.729
2022-11-02 17:00:00,9.251,-4.426,7.488,2.944
2022-11-02 18:00:00,7.994,-2.222,5.514,-3.158
2022-11-02 19:00:00,8.375,-2.087,7.834,1.603
2022-11-02 20:00:00,7.706,-3.169,6.538,-0.552
2022-11-02 21:00:00,8.392,-3.598,7.21,0.748
2022-11-02 22:00:00,8.908,-2.261,8.236,-1.104
2022-11-02 23:00:00,9.013,-2.59,7.984,1.389
2022-11-03 00:00:00,9.384,-3.946,8.067,-1.256
2022-11-03 01:00:00,9.669,-5.397,7.393,2.693
2022-11-03 02:00:00,9.969,-5.649,6.623,4.766
2022-11-03 03:00:00,9.525,-5.596,6.466,3.151
2022-11-03 04:00:00,9.26,-6.063,5.956,3.099
2022-11-03 05:00:00,9.043,-6.093,6.404,-0.32
2022-11-03 06:00:00,9.306,-5.962,6.309,-2.974
2022-11-03 07:00:00,9.668,-4.92,7.616,-2.606
2022-11-03 08:00:00,9.824,-4.806,7.283,-4.044
2022-11-03 09:00:00,9.823,-5.01,7.53,-3.041
2022-11-03 10:00:00,9.811,-5.43,6.494,-4.387
2022-11-03 11:00:00,8.868,-3.809,1.947,-6.668
2022-11-03 12:00:00,9.035,-3.432,4.281,-3.95
2022-11-03 13:00:00,9.575,-3.091,7.166,-2.425
2022-11-03 14:00:00,9.454,-4.927,6.593,-1.837
2022-11-03 15:00:00,9.681,-1.893,4.096,-8.171
2022-11-03 16:00:00,9.015,-4.304,6.445,-2.445
2022-11-03 17:00:00,8.011,-5.011,3.226,1.698
2022-11-03 18:00:00,8.622,-6.038,4.216,1.597
2022-11-03 19:00:00,8.405,-6.274,3.547,-2.205
2022-11-03 20:00:00,8.261,-3.04,6.087,-3.765
2022-11-03 21:00:00,7.831,-3.718,5.274,-2.95
2022-11-03 22:00:00,7.586,-4.557,4.316,-2.487
2022-11-03 23:00:00,7.35,-4.93,3.846,-0.578
2022-11-04 00:00:00,7.218,-4.006,4.644,-0.788
2022-11-04 01:00:00,6.812,-4.677,3.915,0.154
2022-11-04 02:00:00,6.514,-2.807,5.061,-1.051
2022-11-04 03:00:00,6.435,-3.765,4.413,0.078
2022-11-04 04:00:00,6.137,-4.476,3.583,0.316
2022-11-04 05:00:00,5.908,-4.905,1.722,-0.837
2022-11-04 06:00:00,6.152,-4.437,3.536,0.297
2022-11-04 07:00:00,6.077,-4.506,3.51,0.546
2022-11-04 08:00:00,6.1,-4.748,2.808,-1.295
2022-11-04 09:00:00,5.799,-4.11,2.554,-1.313
2022-11-04 10:00:00,5.892,-2.029,4.875,-1.534
2022-11-04 11:00:00,6.15,-1.665,5.347,0.378
2022-11-04 12:00:00,5.731,-3.168,3.073,1.461
2022-11-04 13:00:00,5.654,-1.962,4.581,1.23
2022-11-04 14:00:00,5.499,-4.66,0.148,0.84
2022-11-04 15:00:00,5.278,-4.764,1.364,0.969
2022-11-04 16:00:00,5.44,-4.241,1.452,1.218
2022-11-04 17:00:00,5.591,-3.735,2.883,0.501
2022-11-04 18:00:00,5.334,-3.005,3.474,1.44
2022-11-04 19:00:00,5.199,-4.691,1.213,0.466
2022-11-04 20:00:00,4.985,-1.396,4.326,1.046
2022-11-04 21:00:00,4.533,-2.063,3.344,0.474
2022-11-04 22:00:00,4.869,-2.1,3.808,-0.54
2022-11-04 23:00:00,4.522,-2.417,2.535,-0.884
2022-11-05 00:00:00,4.085,-0.6,3.524,0.133
2022-11-05 01:00:00,4.689,1.648,3.815,-1.636
2022-11-05 02:00:00,4.735,2.308,3.647,-0.821
2022-11-05 03:00:00,4.793,1.869,3.77,-1.587
2022-11-05 04:00:00,4.193,-0.353,3.19,-1.712
2022-11-05 05:00:00,3.765,-0.285,2.398,0.521
2022-11-05 06:00:00,4.086,-1.509,2.394,-0.098
2022-11-05 07:00:00,4.79,-0.299,2.821,-3.43
2022-11-05 08:00:00,4.869,0.309,3.76,-2.111
2022-11-05 09:00:00,4.603,-0.342,3.486,-2.277
2022-11-05 10:00:00,4.96,1.697,4.099,-1.772
2022-11-05 11:00:00,4.862,1.844,4.237,0.282
2022-11-05 12:00:00,4.368,2.956,2.95,0.626
2022-11-05 13:00:00,3.911,0.708,2.994,-0.238
2022-11-05 14:00:00,3.757,1.921,3.002,0.058
2022-11-05 15:00:00,4.05,1.445,1.818,0.201
2022-11-05 16:00:00,4.146,-3.903,-0.107,-1.075
2022-11-05 17:00:00,4.055,-3.564,1.615,-0.466
2022-11-05 18:00:00,3.431,-2.869,1.631,-0.318
2022-11-05 19:00:00,3.329,-2.502,1.811,0.757
2022-11-05 20:00:00,3.101,-0.345,2.887,0.454
2022-11-05 21:00:00,3.127,1.297,2.602,-0.179
2022-11-05 22:00:00,3.213,2.002,2.349,-0.048
2022-11-05 23:00:00,3.246,2.244,1.743,0.863
2022-11-06 00:00:00,3.014,-2.285,1.168,0.189
2022-11-06 01:00:00,3.212,-2.579,1.42,0.79
2022-11-06 02:00:00,3.174,-1.711,1.801,1.688
2022-11-06 03:00:00,3.527,-1.677,2.63,0.819
2022-11-06 04:00:00,3.673,-0.137,2.937,1.091
2022-11-06 05:00:00,3.662,-1.229,3.087,-0.027
2022-11-06 06:00:00,3.662,-1.293,2.596,0.702
2022-11-06 07:00:00,3.741,-2.971,2.162,0.283
2022-11-06 08:00:00,3.804,-3.226,1.887,-0.249
2022-11-06 09:00:00,3.635,-2.487,2.487,0.136
2022-11-06 10:00:00,3.476,-1.58,2.713,0.633
2022-11-06 11:00:00,3.388,0.629,2.812,0.911
2022-11-06 12:00:00,3.632,1.356,2.861,0.977
2022-11-06 13:00:00,3.623,0.916,3.17,-0.3
2022-11-06 14:00:00,3.675,0.833,3.478,-0.027
2022-11-06 15:00:00,4.05,-0.337,3.506,1.758
2022-11-06 16:00:00,3.914,0.239,2.861,2.396
2022-11-06 17:00:00,4.033,0.794,2.082,2.984
2022-11-06 18:00:00,3.929,-0.615,3.197,1.995
2022-11-06 19:00:00,3.947,-1.424,3.441,-0.837
2022-11-06 20:00:00,3.673,1.091,0.436,1.987
2022-11-06 21:00:00,3.661,2.27,1.892,1.857
2022-11-06 22:00:00,3.615,2.794,1.569,1.216
2022-11-06 23:00:00,4.176,1.418,3.036,2.285
2022-11-07 00:00:00,5.188,0.411,2.241,3.727
2022-11-07 01:00:00,6.227,0.619,0.357,6.046
2022-11-07 02:00:00,6.871,0.311,5.67,2.896
2022-11-07 03:00:00,7.132,0.333,5.944,2.871
2022-11-07 04:00:00,7.601,-1.085,-5.966,4.449
2022-11-07 05:00:00,7.612,-0.836,-3.543,6.538
2022-11-07 06:00:00,8.515,-0.238,2.105,7.581
2022-11-07 07:00:00,8.819,-0.098,5.925,6.24
2022-11-07 08:00:00,12.91,0.453,10.724,6.889
2022-11-07 09:00:00,13.899,3.014,12.758,1.118
2022-11-07 10:00:00,13.867,7.332,10.406,-4.776
2022-11-07 11:00:00,13.215,6.708,11.225,-0.806
2022-11-07 12:00:00,13.347,5.6,10.195,-6.339
2022-11-07 13:00:00,13.678,6.447,11.141,-4.203
2022-11-07 14:00:00,13.325,4.891,10.252,-6.638
2022-11-07 15:00:00,13.356,4.562,6.894,-8.369
2022-11-07 16:00:00,14.045,2.192,8.574,-3.65
2022-11-07 17:00:00,14.034,3.307,11.628,-0.999
2022-11-07 18:00:00,13.265,1.949,9.199,8.725
2022-11-07 19:00:00,11.023,1.944,7.922,6.167
2022-11-07 20:00:00,10.721,0.783,9.329,4.295
2022-11-07 21:00:00,10.883,0.568,8.384,6.186
2022-11-07 22:00:00,10.145,2.687,8.868,3.507
2022-11-07 23:00:00,10.493,3.45,9.299,2.51
2022-11-08 00:00:00,10.955,3.71,9.426,3.618
2022-11-08 01:00:00,10.483,3.99,9.208,2.479
2022-11-08 02:00:00,10.058,3.698,8.317,-2.366
2022-11-08 03:00:00,9.904,3.712,8.559,-0.936
2022-11-08 04:00:00,9.887,5.064,8.013,0.964
2022-11-08 05:00:00,9.311,5.084,7.491,0.433
2022-11-08 06:00:00,9.591,2.483,7.666,-4.097
2022-11-08 07:00:00,9.648,2.667,7.851,-4.652
2022-11-08 08:00:00,9.467,2.616,7.915,-4.325
2022-11-08 09:00:00,9.232,0.916,7.093,-5.597
2022-11-08 10:00:00,8.679,0.146,7.864,-3.503
2022-11-08 11:00:00,8.609,-0.604,7.51,-4.071
2022-11-08 12:00:00,8.273,2.273,7.073,-3.088
2022-11-08 13:00:00,8.02,0.602,7.614,-1.946
2022-11-08 14:00:00,7.69,0.68,7.409,-1.456
2022-11-08 15:00:00,7.637,0.496,7.188,-2.224
2022-11-08 16:00:00,7.924,-0.086,7.405,-2.454
2022-11-08 17:00:00,8.024,-1.019,6.88,-3.704
2022-11-08 18:00:00,8.108,-0.19,7.748,-1.177
2022-11-08 19:00:00,8.148,-0.904,7.475,-2.98
2022-11-08 20:00:00,8.026,-2.122,6.812,-3.561
2022-11-08 21:00:00,7.784,-1.602,7.042,-2.791
2022-11-08 22:00:00,7.413,-1.641,6.626,-2.548
2022-11-08 23:00:00,6.724,-1.874,5.734,-2.351
2022-11-09 00:00:00,6.568,-2.0,5.721,-2.318
2022-11-09 01:00:00,6.231,-2.392,5.204,-2.035
2022-11-09 02:00:00,5.909,-2.436,4.926,-1.523
2022-11-09 03:00:00,5.695,-3.006,4.249,-1.844
2022-11-09 04:00:00,5.667,-3.132,3.452,-2.893
2022-11-09 05:00:00,5.19,-1.919,4.389,-1.19
2022-11-09 06:00:00,5.257,-2.813,3.872,-1.498
2022-11-09 07:00:00,4.702,1.447,3.125,1.11
2022-11-09 08:00:00,5.403,4.156,2.549,2.024
2022-11-09 09:00:00,4.976,4.242,0.657,1.917
2022-11-09 10:00:00,5.708,2.928,4.693,0.889
2022-11-09 11:00:00,5.692,3.596,3.876,1.67
2022-11-09 12:00:00,5.68,3.682,3.928,1.648
2022-11-09 13:00:00,5.688,4.144,3.506,1.472
2022-11-09 14:00:00,5.495,4.247,2.909,1.749
2022-11-09 15:00:00,5.161,3.9,2.871,1.593
2022-11-09 16:00:00,5.182,3.676,3.363,1.025
2022-11-09 17:00:00,5.098,3.074,3.649,1.526
2022-11-09 18:00:00,4.917,1.98,3.797,2.244
2022-11-09 19:00:00,4.984,1.226,4.033,2.48
2022-11-09 20:00:00,4.965,1.431,3.723,2.743
2022-11-09 21:00:00,5.182,1.737,3.841,2.949
2022-11-09 22:00:00,5.132,1.581,4.185,2.389
2022-11-09 23:00:00,5.373,1.108,4.581,2.355
2022-11-10 00:00:00,5.479,2.08,3.874,3.158
2022-11-10 01:00:00,5.524,2.255,3.908,3.112
2022-11-10 02:00:00,5.427,2.676,3.181,3.267
2022-11-10 03:00:00,5.542,3.257,2.628,3.583
2022-11-10 04:00:00,5.59,3.134,3.083,3.376
2022-11-10 05:00:00,5.476,3.325,2.97,3.118
2022-11-10 06:00:00,5.47,3.374,2.824,3.166
2022-11-10 07:00:00,5.031,2.844,2.847,2.955
2022-11-10 08:00:00,4.983,2.837,3.018,2.519
2022-11-10 09:00:00,5.602,3.608,3.484,2.39
2022-11-10 10:00:00,5.507,3.691,3.108,2.583
2022-11-10 11:00:00,5.685,3.249,2.644,3.588
2022-11-10 12:00:00,5.8,2.943,1.978,4.096
2022-11-10 13:00:00,6.154,3.514,0.685,4.605
2022-11-10 14:00:00,6.419,3.917,-0.12,4.876
2022-11-10 15:00:00,6.32,3.871,0.002,4.494
2022-11-10 16:00:00,6.191,5.009,-0.397,3.208
2022-11-10 17:00:00,5.748,3.008,-3.363,2.37
2022-11-10 18:00:00,6.039,4.003,-0.97,1.933
2022-11-10 19:00:00,6.232,4.836,-0.698,2.318
2022-11-10 20:00:00,6.149,3.972,-1.993,2.79
2022-11-10 21:00:00,5.898,3.487,-4.102,0.913
2022-11-10 22:00:00,5.985,2.059,-4.235,3.123
2022-11-10 23:00:00,5.932,1.77,-0.534,4.58
2022-11-11 00:00:00,6.244,1.487,2.997,4.891
2022-11-11 01:00:00,6.275,2.506,2.588,4.764
2022-11-11 02:00:00,6.583,3.625,2.628,1.977
2022-11-11 03:00:00,6.691,3.554,2.393,-4.492
2022-11-11 04:00:00,6.681,2.836,1.127,-5.373
2022-11-11 05:00:00,6.632,3.439,-0.036,-5.386
2022-11-11 06:00:00,6.906,4.15,0.663,-4.297
2022-11-11 07:00:00,7.381,4.432,2.809,-3.134
2022-11-11 08:00:00,7.66,2.102,5.531,-1.975
2022-11-11 09:00:00,7.754,3.132,5.923,-1.229
2022-11-11 10:00:00,8.243,-0.83,6.328,4.168
2022-11-11 11:00:00,8.825,2.093,0.988,7.227
2022-11-11 12:00:00,9.354,2.569,1.52,7.592
2022-11-11 13:00:00,9.865,-0.236,-3.856,-7.204
2022-11-11 14:00:00,12.717,2.009,-9.25,-7.85
2022-11-11 15:00:00,12.602,3.804,-6.665,-2.911
2022-11-11 16:00:00,11.51,5.404,-2.93,7.847
2022-11-11 17:00:00,11.718,5.633,-7.745,-3.094
2022-11-11 18:00:00,11.732,7.156,-5.721,4.246
2022-11-11 19:00:00,12.446,4.822,-5.075,6.275
2022-11-11 20:00:00,11.277,0.579,-8.041,-0.399
2022-11-11 21:00:00,10.781,0.692,-7.476,-3.413
2022-11-11 22:00:00,11.987,8.425,-5.26,4.965
2022-11-11 23:00:00,10.637,6.956,-6.269,0.781
2022-11-12 00:00:00,6.678,4.191,-2.12,-2.886
2022-11-12 01:00:00,10.339,5.902,-6.427,4.282
2022-11-12 02:00:00,10.68,4.327,-7.904,1.955
2022-11-12 03:00:00,10.76,6.442,-5.527,4.936
2022-11-12 04:00:00,9.685,5.956,-1.185,0.253
2022-11-12 05:00:00,10.323,1.704,-5.567,4.591
2022-11-12 06:00:00,9.982,5.442,-2.384,3.775
2022-11-12 07:00:00,9.318,7.793,-0.398,1.729
2022-11-12 08:00:00,9.211,3.477,-7.919,1.318
2022-11-12 09:00:00,9.173,4.787,-7.396,-0.852
2022-11-12 10:00:00,7.857,5.317,-4.711,2.432
2022-11-12 11:00:00,6.849,3.743,-2.123,4.194
2022-11-12 12:00:00,5.835,2.529,-0.366,4.838
2022-11-12 13:00:00,6.611,2.297,0.292,5.873
2022-11-12 14:00:00,7.131,2.593,0.21,6.219
2022-11-12 15:00:00,7.096,5.447,-2.611,2.547
2022-11-12 16:00:00,7.144,5.547,-2.337,2.213
2022-11-12 17:00:00,7.074,5.457,-2.333,3.566
2022-11-12 18:00:00,7.088,4.787,-2.534,4.085
2022-11-12 19:00:00,6.85,4.875,-1.679,4.123
2022-11-12 20:00:00,6.817,6.101,-1.889,2.232
2022-11-12 21:00:00,6.693,5.779,-2.128,2.311
2022-11-12 22:00:00,6.676,5.589,-1.496,2.482
2022-11-12 23:00:00,6.731,6.081,-1.991,0.187
2022-11-13 00:00:00,6.755,6.232,-1.96,-1.208
2022-11-13 01:00:00,6.665,5.432,-2.319,-2.939
2022-11-13 02:00:00,6.551,5.573,-2.152,-1.561
2022-11-13 03:00:00,6.616,6.027,-0.815,-0.487
2022-11-13 04:00:00,6.563,3.322,-3.943,3.758
2022-11-13 05:00:00,6.546,1.999,-4.253,4.036
2022-11-13 06:00:00,6.261,4.477,-3.743,-0.54
2022-11-13 07:00:00,6.231,5.047,-3.345,-0.821
2022-11-13 08:00:00,6.154,4.512,-2.75,-2.68
2022-11-13 09:00:00,6.037,5.107,-0.702,-2.863
2022-11-13 10:00:00,5.873,4.995,-0.635,-2.646
2022-11-13 11:00:00,5.738,4.781,-0.385,-1.222
2022-11-13 12:00:00,5.634,4.878,-0.71,2.141
2022-11-13 13:00:00,5.332,0.816,-0.21,4.276
2022-11-13 14:00:00,5.773,5.093,-0.414,-2.165
2022-11-13 15:00:00,6.1,5.242,-0.668,-2.824
2022-11-13 16:00:00,6.136,4.85,-1.098,-3.135
2022-11-13 17:00:00,5.81,2.607,-1.777,1.711
2022-11-13 18:00:00,5.534,2.673,0.631,3.551
2022-11-13 19:00:00,5.608,3.883,-2.051,1.057
2022-11-13 20:00:00,5.605,1.123,-0.779,3.863
2022-11-13 21:00:00,5.842,0.553,-1.247,3.21
2022-11-13 22:00:00,5.75,-0.451,-0.405,2.556
2022-11-13 23:00:00,5.755,-1.696,0.213,4.644
2022-11-14 00:00:00,5.452,0.255,-0.675,3.742
2022-11-14 01:00:00,5.349,2.172,1.722,3.455
2022-11-14 02:00:00,5.742,0.134,0.043,5.002
2022-11-14 03:00:00,5.876,1.543,-2.494,4.813
2022-11-14 04:00:00,5.184,1.245,-1.029,4.346
2022-11-14 05:00:00,5.238,1.277,-0.84,0.152
2022-11-14 06:00:00,5.817,4.418,-0.208,-3.571
2022-11-14 07:00:00,5.67,5.007,1.6,-1.346
2022-11-14 08:00:00,6.086,4.645,0.351,-2.684
2022-11-14 09:00:00,5.751,4.457,-1.976,1.296
2022-11-14 10:00:00,5.892,3.001,-3.304,3.354
2022-11-14 11:00:00,6.386,5.572,-2.534,0.962
2022-11-14 12:00:00,6.4,5.863,-1.818,-1.009
2022-11-14 13:00:00,6.081,5.338,-1.05,-1.39
2022-11-14 14:00:00,5.981,4.398,-3.2,-1.671
2022-11-14 15:00:00,5.903,4.339,-3.783,-0.65
2022-11-14 16:00:00,5.792,4.536,-3.175,-0.999
2022-11-14 17:00:00,5.598,4.851,-1.827,-1.686
2022-11-14 18:00:00,5.608,4.61,-1.607,-0.145
2022-11-14 19:00:00,5.596,-1.326,-3.338,3.532
2022-11-14 20:00:00,5.567,1.109,-4.62,1.749
2022-11-14 21:00:00,5.53,3.883,-3.539,0.707
2022-11-14 22:00:00,4.797,3.18,-1.733,1.155
2022-11-14 23:00:00,4.776,3.942,-0.673,0.723
2022-11-15 00:00:00,4.21,3.168,1.771,1.02
2022-11-15 01:00:00,4.151,3.412,0.791,1.144
2022-11-15 02:00:00,4.282,3.751,0.147,-0.799
2022-11-15 03:00:00,4.265,3.283,-1.321,1.68
2022-11-15 04:00:00,4.162,1.913,-2.665,0.027
2022-11-15 05:00:00,4.143,1.438,-2.577,-0.061
2022-11-15 06:00:00,4.198,1.928,-2.876,0.005
2022-11-15 07:00:00,4.711,4.352,0.67,-0.821
2022-11-15 08:00:00,4.82,4.503,0.96,0.48
2022-11-15 09:00:00,4.577,3.129,-0.136,1.015
2022-11-15 10:00:00,4.213,4.108,-0.0,0.052
2022-11-15 11:00:00,4.447,4.149,0.932,0.245
2022-11-15 12:00:00,4.412,4.28,-0.689,-0.335
2022-11-15 13:00:00,4.622,4.441,-0.372,-0.463
2022-11-15 14:00:00,5.012,3.884,-2.671,-0.053
2022-11-15 15:00:00,4.816,3.222,-3.247,0.619
2022-11-15 16:00:00,4.595,3.188,-2.837,0.504
2022-11-15 17:00:00,4.934,2.22,-2.987,2.526
2022-11-15 18:00:00,5.094,1.537,-4.221,1.502
2022-11-15 19:00:00,5.173,1.525,-3.542,-0.53
2022-11-15 20:00:00,5.299,-1.264,-4.591,0.561
2022-11-15 21:00:00,4.962,-0.14,-4.155,0.479
2022-11-15 22:00:00,4.719,3.537,-0.847,-2.13
2022-11-15 23:00:00,4.754,2.549,-2.965,-0.381
2022-11-16 00:00:00,4.952,0.661,-4.239,1.05
2022-11-16 01:00:00,4.774,1.92,-3.687,0.947
2022-11-16 02:00:00,4.767,1.489,-3.104,0.715
2022-11-16 03:00:00,5.161,1.192,-3.502,1.86
2022-11-16 04:00:00,5.095,-0.369,-4.1,1.997
2022-11-16 05:00:00,4.89,1.293,-4.115,0.847
2022-11-16 06:00:00,4.589,2.735,-3.196,-0.256
2022-11-16 07:00:00,3.943,0.881,-2.34,1.757
2022-11-16 08:00:00,4.206,2.694,-1.272,-0.046
2022-11-16 09:00:00,4.15,1.891,-2.274,1.648
2022-11-16 10:00:00,4.285,4.016,-0.826,-0.274
2022-11-16 11:00:00,4.411,4.003,-1.309,0.823
2022-11-16 12:00:00,4.627,4.017,-1.903,0.192
2022-11-16 13:00:00,4.805,4.236,-1.435,0.949
2022-11-16 14:00:00,4.716,3.711,-1.475,-1.828
2022-11-16 15:00:00,5.183,4.233,0.017,-2.37
2022-11-16 16:00:00,5.023,4.213,0.526,-2.067
2022-11-16 17:00:00,5.166,4.711,1.697,-0.926
2022-11-16 18:00:00,4.958,4.43,1.534,-1.361
2022-11-16 19:00:00,4.501,4.283,0.544,-0.23
2022-11-16 20:00:00,4.417,4.308,0.167,0.128
2022-11-16 21:00:00,4.445,4.187,-1.041,-0.2
2022-11-16 22:00:00,4.343,3.187,-1.312,-1.098
2022-11-16 23:00:00,4.264,3.392,-0.96,-2.11
2022-11-17 00:00:00,4.439,3.857,-1.542,-1.099
2022-11-17 01:00:00,4.041,3.362,-1.6,-1.388
2022-11-17 02:00:00,4.36,3.692,-1.609,-1.272
2022-11-17 03:00:00,4.467,2.593,-2.817,1.439
2022-11-17 04:00:00,5.054,2.216,-3.741,2.35
2022-11-17 05:00:00,5.271,2.685,-3.16,3.001
2022-11-17 06:00:00,5.709,1.17,-3.929,3.665
2022-11-17 07:00:00,5.941,1.088,-4.392,3.703
2022-11-17 08:00:00,5.965,1.993,-3.653,3.254
2022-11-17 09:00:00,6.195,-0.159,-2.699,5.478
2022-11-17 10:00:00,5.998,-0.786,-2.448,5.284
2022-11-17 11:00:00,6.132,-1.135,-2.091,5.481
2022-11-17 12:00:00,7.447,5.588,-4.37,-0.335
2022-11-17 13:00:00,6.777,4.039,-5.037,1.035
2022-11-17 14:00:00,6.662,4.706,-4.511,0.351
2022-11-17 15:00:00,7.048,5.698,-3.888,-1.188
2022-11-17 16:00:00,6.874,4.859,-4.704,-0.337
2022-11-17 17:00:00,6.716,4.266,-5.107,0.463
2022-11-17 18:00:00,6.617,4.292,-4.956,0.04
2022-11-17 19:00:00,6.909,4.815,-4.876,-0.253
2022-11-17 20:00:00,6.911,4.886,-4.828,-0.075
2022-11-17 21:00:00,6.223,4.462,-3.929,-1.596
2022-11-17 22:00:00,6.372,3.818,-5.009,-0.619
2022-11-17 23:00:00,6.359,4.066,-4.764,-0.723
2022-11-18 00:00:00,5.794,3.831,-4.152,-0.81
2022-11-18 01:00:00,6.307,4.335,-4.217,-1.695
2022-11-18 02:00:00,6.458,4.771,-4.06,-1.364
2022-11-18 03:00:00,6.015,4.662,-3.696,-0.618
2022-11-18 04:00:00,5.198,4.321,-2.563,0.313
2022-11-18 05:00:00,3.608,3.409,-0.395,0.001
2022-11-18 06:00:00,2.445,1.18,1.415,1.086
2022-11-18 07:00:00,4.776,-0.46,4.273,0.986
2022-11-18 08:00:00,5.733,-1.819,4.996,-0.711
2022-11-18 09:00:00,6.216,4.968,2.361,-2.694
2022-11-18 10:00:00,6.243,3.993,-1.905,-2.857
2022-11-18 11:00:00,6.249,4.856,-0.579,-3.189
2022-11-18 12:00:00,5.286,4.83,-0.674,-1.407
2022-11-18 13:00:00,5.075,4.974,-0.429,-0.576
2022-11-18 14:00:00,4.831,4.607,-1.04,-0.369
2022-11-18 15:00:00,4.863,4.48,-0.888,-0.29
2022-11-18 16:00:00,6.059,2.373,2.936,-3.541
2022-11-18 17:00:00,8.901,-0.818,5.923,-5.622
2022-11-18 18:00:00,9.869,-1.665,9.427,-1.118
2022-11-18 19:00:00,8.44,-1.091,5.381,1.537
2022-11-18 20:00:00,8.411,1.224,6.411,-2.365
2022-11-18 21:00:00,8.694,3.629,-1.128,-4.05
2022-11-18 22:00:00,7.48,3.036,-2.911,-1.5
2022-11-18 23:00:00,10.681,4.339,-9.638,-0.468
2022-11-19 00:00:00,10.726,4.696,-9.151,1.493
2022-11-19 01:00:00,9.907,4.19,-8.026,3.146
2022-11-19 02:00:00,10.55,4.314,-9.379,0.998
2022-11-19 03:00:00,11.326,5.045,-10.002,-0.106
2022-11-19 04:00:00,11.489,4.677,-10.12,0.555
2022-11-19 05:00:00,11.168,4.977,-9.661,-1.861
2022-11-19 06:00:00,10.464,3.503,-9.408,-0.432
2022-11-19 07:00:00,10.642,3.755,-9.699,-0.708
2022-11-19 08:00:00,11.111,0.661,-10.212,-3.332
2022-11-19 09:00:00,11.339,1.898,-9.875,-1.816
2022-11-19 10:00:00,11.659,6.564,-7.503,5.611
2022-11-19 11:00:00,11.588,6.658,-5.024,7.844
2022-11-19 12:00:00,10.485,7.903,-0.631,6.381
2022-11-19 13:00:00,9.291,7.895,-0.284,3.129
2022-11-19 14:00:00,9.486,7.6,-1.087,4.588
2022-11-19 15:00:00,9.054,7.451,-4.242,0.34
2022-11-19 16:00:00,8.359,5.06,-6.116,-1.303
2022-11-19 17:00:00,8.315,2.445,-7.18,0.013
2022-11-19 18:00:00,9.051,3.797,-7.827,0.809
2022-11-19 19:00:00,8.219,2.743,-6.514,0.828
2022-11-19 20:00:00,7.904,1.277,-7.434,-0.589
2022-11-19 21:00:00,6.398,4.652,-2.632,-0.014
2022-11-19 22:00:00,5.848,2.839,-1.608,-0.843
2022-11-19 23:00:00,5.935,3.946,-4.003,-0.975
2022-11-20 00:00:00,5.759,3.63,-4.077,-1.247
2022-11-20 01:00:00,5.461,4.437,-2.077,-1.909
2022-11-20 02:00:00,6.257,2.073,-5.747,-0.546
2022-11-20 03:00:00,6.186,2.611,-5.465,0.162
2022-11-20 04:00:00,5.964,2.625,-5.017,1.201
2022-11-20 05:00:00,5.901,3.025,-4.661,-0.069
2022-11-20 06:00:00,5.835,1.102,-5.187,0.891
2022-11-20 07:00:00,5.237,1.359,-4.491,1.661
2022-11-20 08:00:00,6.26,2.489,-5.588,0.548
2022-11-20 09:00:00,6.895,2.456,-6.106,-1.286
2022-11-20 10:00:00,7.033,1.072,-5.926,-2.464
2022-11-20 11:00:00,8.049,4.183,-5.42,2.885
2022-11-20 12:00:00,8.01,2.718,-6.516,0.373
2022-11-20 13:00:00,8.002,4.948,-5.186,0.699
2022-11-20 14:00:00,9.079,4.83,-6.894,0.94
2022-11-20 15:00:00,10.117,0.077,-9.083,-2.755
2022-11-20 16:00:00,10.746,-5.003,-3.243,-8.271
2022-11-20 17:00:00,9.434,2.493,-5.503,0.463
2022-11-20 18:00:00,9.989,7.317,-4.078,4.06
2022-11-20 19:00:00,7.042,3.95,-2.752,1.439
2022-11-20 20:00:00,5.637,4.349,-2.791,-1.079
2022-11-20 21:00:00,6.509,1.203,-4.845,-0.579
2022-11-20 22:00:00,8.653,1.746,-6.992,1.304
2022-11-20 23:00:00,9.56,0.818,-2.646,1.64
2022-11-21 00:00:00,8.335,2.98,3.117,-0.022
2022-11-21 01:00:00,7.791,0.55,-2.956,-5.555
2022-11-21 02:00:00,4.583,1.141,-2.338,-1.873
2022-11-21 03:00:00,5.541,2.906,-2.668,1.841
2022-11-21 04:00:00,6.287,2.123,-2.392,1.871
2022-11-21 05:00:00,6.357,-1.996,-2.303,-1.752
2022-11-21 06:00:00,5.344,2.043,-1.913,0.343
2022-11-21 07:00:00,6.019,1.609,-1.297,-0.866
2022-11-21 08:00:00,6.369,4.452,-1.553,1.028
2022-11-21 09:00:00,7.535,-2.948,-3.847,-5.163
2022-11-21 10:00:00,6.074,0.347,-3.962,0.519
2022-11-21 11:00:00,6.574,1.784,-5.332,-1.348
2022-11-21 12:00:00,6.571,5.596,-2.025,2.188
2022-11-21 13:00:00,5.923,0.714,-3.702,-3.419
2022-11-21 14:00:00,7.039,-1.668,-6.346,-0.98
2022-11-21 15:00:00,6.401,0.65,-5.605,-0.081
2022-11-21 16:00:00,6.213,0.261,-5.375,1.855
2022-11-21 17:00:00,5.824,4.253,-3.555,0.705
2022-11-21 18:00:00,4.769,-1.005,-1.273,-0.781
2022-11-21 19:00:00,4.957,-3.762,-0.606,-0.771
2022-11-21 20:00:00,4.351,-0.765,-1.997,-0.559
2022-11-21 21:00:00,4.153,-3.373,-0.938,-1.718
2022-11-21 22:00:00,4.113,1.134,-2.994,-1.029
2022-11-21 23:00:00,4.664,1.956,-2.728,2.233
2022-11-22 00:00:00,4.048,-1.103,-2.266,1.431
2022-11-22 01:00:00,3.674,2.654,-1.621,-0.603
2022-11-22 02:00:00,4.497,3.775,-1.908,0.105
2022-11-22 03:00:00,4.337,3.84,0.99,-0.84
2022-11-22 04:00:00,4.242,3.932,0.567,0.783
2022-11-22 05:00:00,4.358,4.021,1.049,0.86
2022-11-22 06:00:00,4.761,4.187,0.338,1.229
2022-11-22 07:00:00,5.3,4.699,-1.531,1.626
2022-11-22 08:00:00,4.958,4.514,-0.376,1.766
2022-11-22 09:00:00,4.518,4.132,0.433,1.621
2022-11-22 10:00:00,4.256,3.462,1.686,0.754
2022-11-22 11:00:00,4.545,4.424,-0.154,0.325
2022-11-22 12:00:00,4.369,4.141,-1.058,0.316
2022-11-22 13:00:00,4.332,4.208,-0.093,-0.009
2022-11-22 14:00:00,4.302,3.971,-0.158,-1.107
2022-11-22 15:00:00,4.364,3.441,-1.942,-0.486
2022-11-22 16:00:00,3.778,2.507,-2.448,0.454
2022-11-22 17:00:00,4.075,3.36,-1.38,-0.475
2022-11-22 18:00:00,3.686,0.751,-2.984,1.727
2022-11-22 19:00:00,3.865,3.019,-1.798,0.003
2022-11-22 20:00:00,3.608,1.079,-3.304,0.353
2022-11-22 21:00:00,3.734,0.802,-3.265,1.341
2022-11-22 22:00:00,4.187,2.069,-3.41,1.037
2022-11-22 23:00:00,4.375,2.671,-3.098,1.185
2022-11-23 00:00:00,4.273,0.392,-3.311,2.039
2022-11-23 01:00:00,5.13,0.404,-4.536,2.238
2022-11-23 02:00:00,4.955,0.388,-4.72,1.344
2022-11-23 03:00:00,4.074,1.69,-3.088,1.347
2022-11-23 04:00:00,3.598,1.438,-2.768,1.446
2022-11-23 05:00:00,1.636,0.037,-1.185,0.492
2022-11-23 06:00:00,1.512,0.793,-0.695,0.378
2022-11-23 07:00:00,1.141,-0.686,-0.275,-0.095
2022-11-23 08:00:00,2.184,-1.546,1.395,-0.381
2022-11-23 09:00:00,2.41,-1.516,1.604,-0.662
2022-11-23 10:00:00,3.095,-2.507,0.427,-1.483
2022-11-23 11:00:00,3.44,-2.715,-0.796,-1.649
2022-11-23 12:00:00,3.023,-1.525,-1.028,-0.82
2022-11-23 13:00:00,3.892,3.651,-0.796,0.471
2022-11-23 14:00:00,3.716,3.507,-0.37,0.49
2022-11-23 15:00:00,2.91,1.837,0.22,-0.243
2022-11-23 16:00:00,2.783,0.667,-1.305,-0.652
2022-11-23 17:00:00,4.231,0.527,-3.632,-0.599
2022-11-23 18:00:00,3.008,1.185,-2.101,-0.374
2022-11-23 19:00:00,1.697,0.659,-1.275,-0.234
2022-11-23 20:00:00,1.786,0.648,-0.996,-0.379
2022-11-23 21:00:00,1.577,0.747,-1.161,0.095
2022-11-23 22:00:00,1.13,-0.346,0.123,0.15
2022-11-23 23:00:00,1.323,-0.882,-0.104,-0.133
2022-11-24 00:00:00,0.8,-0.318,-0.176,-0.135
2022-11-24 01:00:00,1.674,-0.53,1.259,-0.644
2022-11-24 02:00:00,2.138,-0.191,0.69,-0.695
2022-11-24 03:00:00,4.441,1.959,-1.169,-2.023
2022-11-24 04:00:00,4.552,-0.375,1.907,-2.583
2022-11-24 05:00:00,3.216,-0.001,-0.378,1.044
2022-11-24 06:00:00,3.038,0.087,-1.247,0.137
2022-11-24 07:00:00,2.712,-0.309,0.425,-0.954
2022-11-24 08:00:00,5.129,-3.306,3.219,1.095
2022-11-24 09:00:00,3.865,-1.302,2.862,-0.716
2022-11-24 10:00:00,3.253,-1.409,-1.079,-1.326
2022-11-24 11:00:00,2.176,-0.436,0.557,0.064
2022-11-24 12:00:00,4.502,-0.667,3.069,0.299
2022-11-24 13:00:00,3.296,0.959,1.62,-0.096
2022-11-24 14:00:00,3.225,1.05,2.061,0.661
2022-11-24 15:00:00,3.012,-0.72,1.549,1.939
2022-11-24 16:00:00,3.147,0.065,2.67,1.21
2022-11-24 17:00:00,3.457,0.363,2.419,2.294
2022-11-24 18:00:00,5.925,1.915,3.599,-1.033
2022-11-24 19:00:00,5.846,2.655,-2.499,-1.544
2022-11-24 20:00:00,6.356,-0.587,-0.962,3.663
2022-11-24 21:00:00,10.299,-4.772,5.928,0.366
2022-11-24 22:00:00,10.767,-3.003,3.807,9.075
2022-11-24 23:00:00,13.553,-6.762,7.932,5.611
2022-11-25 00:00:00,14.631,-6.359,6.927,11.021
2022-11-25 01:00:00,13.355,-5.911,7.316,7.434
2022-11-25 02:00:00,11.466,-0.525,1.127,-7.925
2022-11-25 03:00:00,10.857,-5.007,8.092,-1.676
2022-11-25 04:00:00,11.844,-7.916,7.717,0.511
2022-11-25 05:00:00,13.38,-8.971,8.125,1.855
2022-11-25 06:00:00,13.309,-8.815,8.696,-0.521
2022-11-25 07:00:00,14.549,-8.612,10.203,1.116
2022-11-25 08:00:00,14.469,-8.643,11.019,-0.328
2022-11-25 09:00:00,13.316,-7.997,9.711,2.441
2022-11-25 10:00:00,12.328,-7.435,7.135,1.645
2022-11-25 11:00:00,12.029,-4.003,6.219,4.964
2022-11-25 12:00:00,8.42,-5.175,4.602,0.778
2022-11-25 13:00:00,7.012,-3.633,3.646,-2.827
2022-11-25 14:00:00,6.902,-4.507,-0.437,2.586
2022-11-25 15:00:00,7.345,-1.281,1.346,5.454
2022-11-25 16:00:00,7.408,-3.345,4.038,1.753
2022-11-25 17:00:00,7.783,-3.127,1.745,1.475
2022-11-25 18:00:00,8.0,-6.171,3.501,0.866
2022-11-25 19:00:00,7.697,-4.429,5.019,0.209
2022-11-25 20:00:00,7.913,-1.775,5.586,-0.996
2022-11-25 21:00:00,7.081,0.791,-2.301,-2.798
2022-11-25 22:00:00,6.709,0.438,0.148,-5.282
2022-11-25 23:00:00,6.446,-3.47,2.833,-0.442
2022-11-26 00:00:00,6.532,-2.835,2.689,3.326
2022-11-26 01:00:00,6.584,-3.899,2.267,3.671
2022-11-26 02:00:00,6.166,-4.862,-0.027,1.073
2022-11-26 03:00:00,5.958,-4.55,1.661,0.333
2022-11-26 04:00:00,6.726,-3.996,4.543,-0.609
2022-11-26 05:00:00,6.544,-4.261,3.686,-1.132
2022-11-26 06:00:00,7.397,-4.03,4.866,0.75
2022-11-26 07:00:00,7.267,-4.275,4.483,1.438
2022-11-26 08:00:00,6.963,-1.859,5.156,2.311
2022-11-26 09:00:00,6.936,-4.66,3.364,0.669
2022-11-26 10:00:00,7.286,-2.505,-1.225,-5.566
2022-11-26 11:00:00,8.005,-2.261,6.302,2.284
2022-11-26 12:00:00,8.347,-2.722,6.659,-0.639
2022-11-26 13:00:00,8.095,-1.511,4.29,1.214
2022-11-26 14:00:00,5.318,1.075,0.414,2.783
2022-11-26 15:00:00,5.039,-4.394,0.471,0.545
2022-11-26 16:00:00,6.169,-0.854,3.622,0.673
2022-11-26 17:00:00,5.765,-2.722,4.559,0.075
2022-11-26 18:00:00,5.595,-2.095,4.475,-0.288
2022-11-26 19:00:00,5.706,-0.021,3.98,0.296
2022-11-26 20:00:00,5.814,-2.987,4.029,-1.084
2022-11-26 21:00:00,5.567,-4.382,2.884,-0.478
2022-11-26 22:00:00,5.757,-4.868,2.001,-0.335
2022-11-26 23:00:00,6.142,-4.664,3.105,-0.59
2022-11-27 00:00:00,6.454,-4.629,4.195,-1.17
2022-11-27 01:00:00,5.489,-3.858,3.383,-0.203
2022-11-27 02:00:00,5.101,-4.175,2.224,0.275
2022-11-27 03:00:00,5.126,-4.166,1.733,-1.219
2022-11-27 04:00:00,5.019,-3.826,3.006,0.089
2022-11-27 05:00:00,5.292,-4.264,2.866,0.176
2022-11-27 06:00:00,5.358,-4.416,2.689,-0.678
2022-11-27 07:00:00,4.812,-3.843,1.54,0.834
2022-11-27 08:00:00,4.974,-3.689,2.072,-1.18
2022-11-27 09:00:00,5.225,-4.186,1.847,-1.464
2022-11-27 10:00:00,5.998,-4.434,2.874,-2.435
2022-11-27 11:00:00,6.011,-5.08,2.352,-0.012
2022-11-27 12:00:00,6.68,-6.225,1.608,0.821
2022-11-27 13:00:00,7.287,-5.797,1.175,-2.244
2022-11-27 14:00:00,7.327,-3.592,4.755,0.244
2022-11-27 15:00:00,7.451,-3.654,5.38,-2.173
2022-11-27 16:00:00,6.883,-3.246,4.694,1.098
2022-11-27 17:00:00,7.715,-0.404,3.474,-5.321
2022-11-27 18:00:00,8.983,-4.8,5.445,-3.128
2022-11-27 19:00:00,9.237,-6.174,5.5,-0.535
2022-11-27 20:00:00,9.629,-6.599,6.018,0.793
2022-11-27 21:00:00,10.223,-7.181,5.206,2.989
2022-11-27 22:00:00,10.072,-6.834,5.617,-1.299
2022-11-27 23:00:00,9.519,-4.852,3.031,-1.722
2022-11-28 00:00:00,9.847,2.316,2.265,-7.944
2022-11-28 01:00:00,10.059,-6.839,5.145,1.501
2022-11-28 02:00:00,10.032,-3.914,6.873,-3.097
2022-11-28 03:00:00,9.025,-5.168,5.062,-1.444
2022-11-28 04:00:00,9.926,-3.622,5.27,-2.861
2022-11-28 05:00:00,10.27,-8.147,5.448,2.317
2022-11-28 06:00:00,10.422,-9.014,4.955,0.937
2022-11-28 07:00:00,9.068,-8.014,3.746,1.012
2022-11-28 08:00:00,9.744,-9.116,1.564,2.626
2022-11-28 09:00:00,9.546,-8.481,1.0,0.849
2022-11-28 10:00:00,9.565,-8.174,0.121,3.685
2022-11-28 11:00:00,9.504,-7.908,1.628,4.111
2022-11-28 12:00:00,9.651,-8.711,0.805,3.327
2022-11-28 13:00:00,9.605,-8.95,0.528,2.48
2022-11-28 14:00:00,9.059,-8.339,2.101,0.775
2022-11-28 15:00:00,9.005,-7.587,2.285,4.083
2022-11-28 16:00:00,8.804,-7.947,2.048,2.907
2022-11-28 17:00:00,7.747,-6.093,2.204,-2.717
2022-11-28 18:00:00,8.138,-6.734,3.301,-2.255
2022-11-28 19:00:00,8.251,-6.96,3.448,-2.127
2022-11-28 20:00:00,8.142,-6.183,3.134,0.18
2022-11-28 21:00:00,8.247,-7.493,2.833,1.634
2022-11-28 22:00:00,8.152,-6.673,4.18,-0.581
2022-11-28 23:00:00,7.826,-6.388,3.726,-2.289
2022-11-29 00:00:00,7.399,-4.71,2.839,-4.121
2022-11-29 01:00:00,6.877,-2.7,2.972,-3.258
2022-11-29 02:00:00,6.451,-4.088,3.452,-1.06
2022-11-29 03:00:00,6.441,-5.197,1.555,1.044
2022-11-29 04:00:00,6.165,-4.382,3.04,-0.85
2022-11-29 05:00:00,6.05,-3.331,2.459,-2.026
2022-11-29 06:00:00,6.033,-1.263,2.175,-4.733
2022-11-29 07:00:00,6.031,-3.091,1.597,-4.374
2022-11-29 08:00:00,6.638,-4.363,1.652,-2.147
2022-11-29 09:00:00,6.478,-4.858,3.263,-0.358
2022-11-29 10:00:00,6.246,-4.885,1.736,0.577
2022-11-29 11:00:00,6.775,-2.868,2.678,-3.174
2022-11-29 12:00:00,6.295,-4.719,-0.678,-0.01
2022-11-29 13:00:00,6.275,-4.313,-0.301,1.765
2022-11-29 14:00:00,6.393,-3.781,2.098,-3.058
2022-11-29 15:00:00,6.794,-4.008,2.426,-1.851
2022-11-29 16:00:00,6.179,-5.16,-2.156,1.13
2022-11-29 17:00:00,6.153,-5.556,0.28,-0.52
2022-11-29 18:00:00,6.169,-4.504,1.131,-1.933
2022-11-29 19:00:00,6.136,-4.856,1.066,-1.224
2022-11-29 20:00:00,6.17,-3.874,2.439,2.461
2022-11-29 21:00:00,6.699,-5.628,2.197,0.514
2022-11-29 22:00:00,7.001,-5.586,3.65,0.532
2022-11-29 23:00:00,6.821,-4.961,3.796,-0.481
2022-11-30 00:00:00,7.133,-4.891,3.882,1.208
2022-11-30 01:00:00,7.196,-2.312,6.069,-1.004
2022-11-30 02:00:00,7.514,-5.268,-0.768,0.506
2022-11-30 03:00:00,7.79,-5.052,5.287,0.802
2022-11-30 04:00:00,8.026,-6.19,0.282,0.764
2022-11-30 05:00:00,7.828,-5.077,3.508,1.128
2022-11-30 06:00:00,8.561,-7.259,1.909,2.439
2022-11-30 07:00:00,8.582,-6.968,-1.076,3.231
2022-11-30 08:00:00,8.77,-6.843,1.55,1.77
2022-11-30 09:00:00,8.847,-7.255,2.776,0.34
2022-11-30 10:00:00,8.368,-5.842,4.078,-1.319
2022-11-30 11:00:00,8.278,-6.196,2.325,0.617
2022-11-30 12:00:00,8.593,-4.271,4.413,1.505
2022-11-30 13:00:00,9.125,-8.037,3.188,1.113
2022-11-30 14:00:00,9.299,-4.453,-3.229,4.811
2022-11-30 15:00:00,9.313,-7.406,2.036,1.624
2022-11-30 16:00:00,9.088,-7.114,3.837,-0.175
2022-11-30 17:00:00,9.336,-2.032,5.379,-6.444
2022-11-30 18:00:00,9.574,-5.686,4.011,-1.302
2022-11-30 19:00:00,9.204,-7.149,1.467,1.87
2022-11-30 20:00:00,9.392,-6.574,-0.173,-2.733
2022-11-30 21:00:00,9.748,-7.298,3.583,0.312
2022-11-30 22:00:00,10.798,-9.046,3.839,2.592
2022-11-30 23:00:00,11.79,-8.515,5.705,3.721
2022-12-01 00:00:00,11.266,-8.892,3.476,3.426
2022-12-01 01:00:00,10.297,-6.594,5.884,2.325
2022-12-01 02:00:00,11.568,-5.234,6.281,2.141
2022-12-01 03:00:00,10.539,-4.02,5.529,-1.377
2022-12-01 04:00:00,9.937,-2.2,5.863,-3.29
2022-12-01 05:00:00,9.888,-6.422,5.83,2.017
2022-12-01 06:00:00,10.664,-6.387,5.264,2.021
2022-12-01 07:00:00,10.248,-7.131,6.095,0.375
2022-12-01 08:00:00,10.087,-6.959,3.851,2.796
2022-12-01 09:00:00,8.961,-2.361,6.202,-3.813
2022-12-01 10:00:00,6.351,-3.151,2.583,-2.256
2022-12-01 11:00:00,6.148,-3.738,1.384,-1.936
2022-12-01 12:00:00,6.229,-3.595,2.345,-3.014
2022-12-01 13:00:00,6.057,-3.852,3.478,-0.127
2022-12-01 14:00:00,5.84,-2.026,3.117,3.607
2022-12-01 15:00:00,5.956,-3.374,2.843,2.997
2022-12-01 16:00:00,5.557,-3.868,2.799,-0.577
2022-12-01 17:00:00,5.442,-2.831,2.665,1.528
2022-12-01 18:00:00,5.513,-1.828,1.442,-0.933
2022-12-01 19:00:00,5.388,-1.04,3.145,-2.705
2022-12-01 20:00:00,5.388,-1.962,2.608,0.151
2022-12-01 21:00:00,5.396,-3.061,-0.799,3.637
2022-12-01 22:00:00,5.123,-2.93,-1.395,1.679
2022-12-01 23:00:00,5.097,-2.954,1.992,1.194
2022-12-02 00:00:00,4.89,-3.405,1.039,0.742
2022-12-02 01:00:00,5.045,-4.231,1.061,-0.901
2022-12-02 02:00:00,5.075,-2.699,2.249,-0.439
2022-12-02 03:00:00,4.856,-2.47,2.95,0.045
2022-12-02 04:00:00,4.365,-2.904,1.362,-0.717
2022-12-02 05:00:00,4.21,-3.141,0.721,-0.788
2022-12-02 06:00:00,4.501,-2.558,2.548,0.626
2022-12-02 07:00:00,4.328,-2.768,1.466,-1.449
2022-12-02 08:00:00,4.446,-3.317,2.271,0.117
2022-12-02 09:00:00,4.271,-2.587,1.196,0.16
2022-12-02 10:00:00,3.676,-2.602,1.663,-0.013
2022-12-02 11:00:00,4.19,1.386,3.377,-0.098
2022-12-02 12:00:00,3.789,-0.966,2.796,-0.1
2022-12-02 13:00:00,4.27,0.367,3.324,-1.14
2022-12-02 14:00:00,4.726,0.692,3.757,-1.109
2022-12-02 15:00:00,4.618,-0.232,3.583,1.102
2022-12-02 16:00:00,4.144,-0.912,2.493,-1.349
2022-12-02 17:00:00,4.215,1.39,3.619,0.498
2022-12-02 18:00:00,4.161,1.895,3.315,0.438
2022-12-02 19:00:00,4.083,-2.166,-0.138,-2.702
2022-12-02 20:00:00,3.988,0.063,1.515,0.165
2022-12-02 21:00:00,4.233,0.987,1.886,2.097
2022-12-02 22:00:00,4.395,0.848,3.097,1.939
2022-12-02 23:00:00,4.232,1.073,3.041,1.39
2022-12-03 00:00:00,4.252,-0.52,2.534,1.831
2022-12-03 01:00:00,4.253,-2.318,1.531,-0.143
2022-12-03 02:00:00,4.87,-2.085,2.001,-2.009
2022-12-03 03:00:00,4.726,-3.552,0.823,-1.382
2022-12-03 04:00:00,4.482,-3.858,0.758,1.096
2022-12-03 05:00:00,4.236,-3.574,1.158,-0.445
2022-12-03 06:00:00,4.139,-3.658,0.844,-0.519
2022-12-03 07:00:00,3.955,-2.515,2.412,0.93
2022-12-03 08:00:00,3.767,-1.939,2.286,-1.69
2022-12-03 09:00:00,3.909,-1.858,2.853,0.94
2022-12-03 10:00:00,3.383,-0.664,2.87,-0.117
2022-12-03 11:00:00,3.018,0.327,1.813,-1.451
2022-12-03 12:00:00,3.271,2.302,0.67,-1.461
2022-12-03 13:00:00,3.297,0.049,2.777,0.06
2022-12-03 14:00:00,3.022,1.665,0.088,-2.031
2022-12-03 15:00:00,2.682,0.784,1.521,-1.029
2022-12-03 16:00:00,3.581,2.463,-0.022,0.205
2022-12-03 17:00:00,3.515,3.05,-0.973,-0.06
2022-12-03 18:00:00,3.279,2.21,0.861,-0.529
2022-12-03 19:00:00,3.453,1.757,1.753,-0.661
2022-12-03 20:00:00,3.796,2.186,2.817,0.458
2022-12-03 21:00:00,4.442,1.716,3.783,0.478
2022-12-03 22:00:00,4.837,2.192,3.788,1.54
2022-12-03 23:00:00,5.13,3.012,2.913,2.002
2022-12-04 00:00:00,5.047,2.666,3.733,1.669
2022-12-04 01:00:00,5.761,3.289,4.198,1.964
2022-12-04 02:00:00,6.21,3.763,4.686,0.453
2022-12-04 03:00:00,6.048,3.878,2.781,3.083
2022-12-04 04:00:00,5.361,3.03,4.1,0.972
2022-12-04 05:00:00,5.241,3.254,3.63,1.013
2022-12-04 06:00:00,5.662,3.179,3.625,2.551
2022-12-04 07:00:00,5.764,3.557,3.501,2.319
2022-12-04 08:00:00,5.73,3.281,2.902,2.879
2022-12-04 09:00:00,5.206,-0.232,4.263,-1.015
2022-12-04 10:00:00,5.742,1.108,4.735,2.137
2022-12-04 11:00:00,6.256,1.679,5.177,-0.469
2022-12-04 12:00:00,6.827,1.052,6.115,-0.47
2022-12-04 13:00:00,7.473,0.75,4.921,-4.886
2022-12-04 14:00:00,6.798,-0.658,3.721,-5.255
2022-12-04 15:00:00,6.919,-2.009,3.063,-5.619
2022-12-04 16:00:00,6.171,-3.483,3.06,-3.44
2022-12-04 17:00:00,5.584,-3.591,0.111,-3.017
2022-12-04 18:00:00,5.52,-3.728,-0.196,-3.218
2022-12-04 19:00:00,5.4,-2.552,2.446,-3.591
2022-12-04 20:00:00,4.511,-2.758,1.244,-1.073
2022-12-04 21:00:00,4.892,-4.162,1.043,-1.601
2022-12-04 22:00:00,4.894,-3.012,0.108,2.256
2022-12-04 23:00:00,5.125,-2.751,-0.061,4.132
2022-12-05 00:00:00,5.223,-2.708,0.749,4.057
2022-12-05 01:00:00,4.867,-3.122,1.997,2.813
2022-12-05 02:00:00,4.377,-3.379,2.051,0.953
2022-12-05 03:00:00,4.594,-3.61,2.206,-0.253
2022-12-05 04:00:00,4.52,-4.108,-0.011,-0.067
2022-12-05 05:00:00,4.367,-2.404,2.39,-2.197
2022-12-05 06:00:00,4.367,-2.085,2.881,-1.442
2022-12-05 07:00:00,4.549,-0.434,3.922,-0.574
2022-12-05 08:00:00,4.538,-1.417,3.275,-2.093
2022-12-05 09:00:00,5.119,-0.905,3.609,-2.111
2022-12-05 10:00:00,5.03,-2.548,0.69,-3.682
2022-12-05 11:00:00,4.745,0.451,3.242,-2.896
2022-12-05 12:00:00,4.529,0.089,2.72,-3.157
2022-12-05 13:00:00,4.153,-1.765,2.548,-1.492
2022-12-05 14:00:00,4.445,-2.939,2.519,-1.754
2022-12-05 15:00:00,4.312,-3.304,2.26,-0.419
2022-12-05 16:00:00,4.275,-3.168,2.135,1.029
2022-12-05 17:00:00,4.187,-3.479,1.037,1.363
2022-12-05 18:00:00,4.204,-4.015,0.188,0.368
2022-12-05 19:00:00,4.108,-2.888,1.208,2.243
2022-12-05 20:00:00,4.365,-4.112,0.967,0.183
2022-12-05 21:00:00,4.49,-3.852,2.126,0.297
2022-12-05 22:00:00,4.524,-3.745,2.054,0.675
2022-12-05 23:00:00,4.643,-4.197,1.731,0.585
2022-12-06 00:00:00,4.75,-4.43,1.501,0.642
2022-12-06 01:00:00,4.522,-4.247,1.194,0.538
2022-12-06 02:00:00,4.047,-1.89,2.08,0.514
2022-12-06 03:00:00,4.006,-3.402,1.749,0.436
2022-12-06 04:00:00,4.169,-4.026,-0.137,-0.11
2022-12-06 05:00:00,4.154,-3.899,1.135,-0.332
2022-12-06 06:00:00,4.249,-3.887,1.391,0.571
2022-12-06 07:00:00,4.363,-3.609,2.205,0.14
2022-12-06 08:00:00,4.51,-3.994,1.91,-0.394
2022-12-06 09:00:00,4.751,-3.783,2.433,-1.098
2022-12-06 10:00:00,4.661,-3.742,2.141,-1.42
2022-12-06 11:00:00,4.356,-2.126,2.249,-2.661
2022-12-06 12:00:00,4.185,-2.822,2.101,-1.977
2022-12-06 13:00:00,3.816,1.131,2.399,-1.413
2022-12-06 14:00:00,3.944,-1.819,3.169,-0.888
2022-12-06 15:00:00,4.325,-2.475,3.012,-1.063
2022-12-06 16:00:00,5.071,-3.682,2.324,-1.974
2022-12-06 17:00:00,4.656,-3.135,1.731,-2.835
2022-12-06 18:00:00,4.573,-4.108,1.095,-1.54
2022-12-06 19:00:00,4.398,-3.648,1.795,-0.412
2022-12-06 20:00:00,4.108,-2.041,3.297,0.828
2022-12-06 21:00:00,4.137,-2.468,2.847,0.922
2022-12-06 22:00:00,4.425,-2.667,3.258,0.415
2022-12-06 23:00:00,4.499,-2.145,3.901,-0.356
2022-12-07 00:00:00,4.28,-1.805,3.62,-0.887
2022-12-07 01:00:00,4.198,-1.391,3.61,-1.092
2022-12-07 02:00:00,4.421,-2.134,3.756,0.293
2022-12-07 03:00:00,4.496,-2.22,3.343,-1.757
2022-12-07 04:00:00,4.508,-2.412,3.347,-1.308
2022-12-07 05:00:00,4.636,-1.838,4.162,-0.422
2022-12-07 06:00:00,5.063,-2.627,3.863,-0.573
2022-12-07 07:00:00,6.325,-2.277,5.317,-2.119
2022-12-07 08:00:00,6.935,-2.704,6.234,-0.525
2022-12-07 09:00:00,12.434,-3.614,11.612,-1.662
2022-12-07 10:00:00,14.034,-2.259,11.091,-7.893
2022-12-07 11:00:00,13.137,-0.188,8.373,-10.002
2022-12-07 12:00:00,12.976,3.496,6.629,-10.444
2022-12-07 13:00:00,12.294,5.479,3.456,-10.157
2022-12-07 14:00:00,13.907,7.837,-1.914,-10.272
2022-12-07 15:00:00,17.271,10.187,-11.922,-6.173
2022-12-07 16:00:00,18.229,0.026,-7.285,8.289
2022-12-07 17:00:00,16.574,-2.948,-6.437,11.882
2022-12-07 18:00:00,14.077,4.941,-12.041,-2.367
2022-12-07 19:00:00,10.242,2.255,-5.704,0.812
2022-12-07 20:00:00,8.507,3.226,-2.912,3.033
2022-12-07 21:00:00,8.586,-2.621,2.525,5.297
2022-12-07 22:00:00,7.819,-2.35,-4.879,-0.068
2022-12-07 23:00:00,9.101,-0.608,-6.23,5.244
2022-12-08 00:00:00,8.126,1.252,-3.952,4.593
2022-12-08 01:00:00,5.726,2.083,0.623,-0.627
2022-12-08 02:00:00,4.92,3.453,-1.289,-0.626
2022-12-08 03:00:00,7.671,5.73,-2.913,-3.032
2022-12-08 04:00:00,8.389,6.871,-2.976,-0.029
2022-12-08 05:00:00,7.748,6.276,-3.578,0.849
2022-12-08 06:00:00,9.57,6.993,-2.425,3.779
2022-12-08 07:00:00,9.333,6.578,-3.507,4.074
2022-12-08 08:00:00,9.992,7.107,-3.564,3.635
2022-12-08 09:00:00,10.627,7.854,-5.149,1.421
2022-12-08 10:00:00,10.48,6.682,-4.434,5.16
2022-12-08 11:00:00,10.5,2.006,-3.087,8.639
2022-12-08 12:00:00,9.222,2.263,-5.474,5.638
2022-12-08 13:00:00,8.989,2.225,-5.872,4.403
2022-12-08 14:00:00,8.828,3.376,-6.441,2.289
2022-12-08 15:00:00,8.837,2.674,-7.426,2.679
2022-12-08 16:00:00,7.67,3.949,-4.231,2.742
2022-12-08 17:00:00,6.966,5.549,-0.107,3.317
2022-12-08 18:00:00,6.489,4.682,-0.527,1.076
2022-12-08 19:00:00,5.865,4.604,-0.828,0.372
2022-12-08 20:00:00,6.181,3.807,0.292,-0.317
2022-12-08 21:00:00,6.194,4.478,1.237,-2.091
2022-12-08 22:00:00,6.145,3.451,1.815,-4.311
2022-12-08 23:00:00,5.711,1.929,-1.479,-0.919
2022-12-09 00:00:00,5.17,4.059,-0.776,2.072
2022-12-09 01:00:00,5.282,3.594,-1.125,1.665
2022-12-09 02:00:00,5.481,3.201,-3.152,-1.597
2022-12-09 03:00:00,5.151,3.602,-0.04,1.212
2022-12-09 04:00:00,5.43,2.816,-3.121,-1.379
2022-12-09 05:00:00,5.827,4.56,-2.513,1.62
2022-12-09 06:00:00,5.903,4.231,-2.852,0.331
2022-12-09 07:00:00,6.229,4.811,-0.811,-2.762
2022-12-09 08:00:00,6.514,3.134,3.756,-3.672
2022-12-09 09:00:00,6.103,4.059,1.341,-2.614
2022-12-09 10:00:00,6.795,2.591,-4.196,3.733
2022-12-09 11:00:00,6.93,2.461,-4.161,2.969
2022-12-09 12:00:00,6.934,0.817,-5.667,3.254
2022-12-09 13:00:00,6.875,0.831,-5.152,3.874
2022-12-09 14:00:00,6.834,3.391,-3.336,3.91
2022-12-09 15:00:00,6.917,4.97,-3.826,1.634
2022-12-09 16:00:00,7.063,4.629,-1.943,2.606
2022-12-09 17:00:00,7.607,0.08,-6.381,2.728
2022-12-09 18:00:00,7.673,-1.961,-5.488,4.21
2022-12-09 19:00:00,7.378,1.368,-5.008,4.291
2022-12-09 20:00:00,7.626,1.333,-6.649,1.689
2022-12-09 21:00:00,7.138,1.843,-5.636,-1.407
2022-12-09 22:00:00,7.146,2.703,-5.246,1.389
2022-12-09 23:00:00,7.086,5.174,-0.342,-2.55
2022-12-10 00:00:00,7.145,4.951,0.065,-2.116
2022-12-10 01:00:00,6.851,4.25,0.556,-4.182
2022-12-10 02:00:00,6.778,5.667,0.562,0.268
2022-12-10 03:00:00,6.912,5.548,-2.942,2.373
2022-12-10 04:00:00,7.588,4.135,-5.81,1.735
2022-12-10 05:00:00,7.594,5.14,-4.808,1.888
2022-12-10 06:00:00,7.746,2.519,-6.253,3.161
2022-12-10 07:00:00,7.646,4.943,-4.554,2.198
2022-12-10 08:00:00,7.566,5.006,-3.155,-2.967
2022-12-10 09:00:00,7.068,3.194,-1.933,-1.218
2022-12-10 10:00:00,7.34,3.586,-4.714,3.637
2022-12-10 11:00:00,7.385,4.711,-4.484,1.909
2022-12-10 12:00:00,7.559,5.667,-4.485,-0.664
2022-12-10 13:00:00,7.429,5.219,-3.717,-2.563
2022-12-10 14:00:00,7.849,5.12,-3.928,-3.76
2022-12-10 15:00:00,7.641,5.54,-4.208,-2.03
2022-12-10 16:00:00,7.405,5.756,-0.338,-3.815
2022-12-10 17:00:00,7.207,5.466,2.048,1.471
2022-12-10 18:00:00,7.418,3.763,4.172,-2.98
2022-12-10 19:00:00,7.513,5.501,-1.663,-0.784
2022-12-10 20:00:00,7.054,4.812,-3.995,2.416
2022-12-10 21:00:00,6.303,2.53,-4.398,2.364
2022-12-10 22:00:00,6.166,1.59,-4.829,2.414
2022-12-10 23:00:00,6.247,0.747,-5.835,-1.205
2022-12-11 00:00:00,6.34,1.246,-5.956,-0.803
2022-12-11 01:00:00,5.939,2.033,-0.803,-3.736
2022-12-11 02:00:00,5.571,1.734,3.57,-3.105
2022-12-11 03:00:00,5.282,1.891,2.055,-3.223
2022-12-11 04:00:00,4.849,2.063,0.181,-1.362
2022-12-11 05:00:00,4.963,3.308,-1.903,-2.097
2022-12-11 06:00:00,5.235,3.974,1.336,-0.971
2022-12-11 07:00:00,5.312,2.434,4.333,-0.221
2022-12-11 08:00:00,4.739,2.228,-0.87,0.271
2022-12-11 09:00:00,5.108,2.298,-3.302,1.541
2022-12-11 10:00:00,5.243,3.952,0.202,1.171
2022-12-11 11:00:00,5.215,3.178,1.255,2.837
2022-12-11 12:00:00,5.366,3.243,3.201,-0.608
2022-12-11 13:00:00,5.613,2.854,1.775,-2.524
2022-12-11 14:00:00,6.1,3.498,2.326,-3.918
2022-12-11 15:00:00,6.064,4.834,1.476,0.649
2022-12-11 16:00:00,5.994,4.91,1.667,0.884
2022-12-11 17:00:00,6.417,2.436,2.119,3.661
2022-12-11 18:00:00,5.981,1.246,-2.487,4.489
2022-12-11 19:00:00,6.128,-0.188,-0.604,3.929
2022-12-11 20:00:00,5.77,4.397,-1.956,0.007
2022-12-11 21:00:00,6.033,4.38,-0.256,-3.276
2022-12-11 22:00:00,6.093,5.408,-0.01,-1.916
2022-12-11 23:00:00,6.102,4.91,-0.935,-2.494
2022-12-12 00:00:00,5.564,5.003,-0.96,1.17
2022-12-12 01:00:00,5.513,4.481,-1.282,1.14
2022-12-12 02:00:00,5.203,3.753,-2.628,0.111
2022-12-12 03:00:00,5.337,2.902,-3.81,1.393
2022-12-12 04:00:00,5.967,4.354,-3.043,-0.988
2022-12-12 05:00:00,6.145,4.467,-1.25,3.391
2022-12-12 06:00:00,6.143,3.39,-0.825,3.831
2022-12-12 07:00:00,6.574,3.087,-3.131,4.081
2022-12-12 08:00:00,6.986,4.042,-2.411,4.855
2022-12-12 09:00:00,7.12,3.481,-5.396,1.885
2022-12-12 10:00:00,6.903,1.075,-6.607,0.133
2022-12-12 11:00:00,6.733,3.542,-5.358,0.729
2022-12-12 12:00:00,7.077,2.241,-5.525,3.415
2022-12-12 13:00:00,6.377,-0.251,-4.846,-2.346
2022-12-12 14:00:00,6.184,-0.44,-5.324,-1.145
2022-12-12 15:00:00,5.954,1.401,-4.895,0.112
2022-12-12 16:00:00,5.554,2.312,-4.377,1.356
2022-12-12 17:00:00,5.865,1.692,-4.541,-0.537
2022-12-12 18:00:00,5.56,1.447,-4.486,0.594
2022-12-12 19:00:00,5.716,-0.903,-4.497,-2.573
2022-12-12 20:00:00,5.673,1.865,-3.936,-2.139
2022-12-12 21:00:00,5.287,2.594,-2.134,-1.731
2022-12-12 22:00:00,5.297,1.259,-3.788,-1.946
2022-12-12 23:00:00,5.371,1.983,-3.554,-1.572
2022-12-13 00:00:00,5.229,1.47,-3.666,0.971
2022-12-13 01:00:00,5.003,2.505,-3.891,1.349
2022-12-13 02:00:00,5.166,2.961,-3.552,-1.977
2022-12-13 03:00:00,5.735,3.777,-3.705,-2.017
2022-12-13 04:00:00,5.586,3.874,-3.089,-2.285
2022-12-13 05:00:00,5.475,3.736,-2.695,-2.805
2022-12-13 06:00:00,5.418,4.065,-3.042,-0.218
2022-12-13 07:00:00,5.374,3.246,-3.879,0.999
2022-12-13 08:00:00,5.354,3.343,-4.102,-0.418
2022-12-13 09:00:00,5.409,2.345,-3.536,2.974
2022-12-13 10:00:00,5.978,1.429,-3.723,4.231
2022-12-13 11:00:00,4.578,1.175,-1.876,2.069
2022-12-13 12:00:00,4.267,3.31,-1.468,-1.955
2022-12-13 13:00:00,4.418,3.463,-1.974,-1.805
2022-12-13 14:00:00,4.685,3.89,-1.185,-2.129
2022-12-13 15:00:00,4.571,4.44,-0.786,-0.278
2022-12-13 16:00:00,4.579,4.432,-0.555,0.21
2022-12-13 17:00:00,4.497,4.23,-1.132,-0.108
2022-12-13 18:00:00,4.723,3.845,-2.064,-0.468
2022-12-13 19:00:00,4.79,3.796,-2.434,-1.094
2022-12-13 20:00:00,4.887,4.296,-2.148,-0.612
2022-12-13 21:00:00,5.02,4.574,-0.818,0.028
2022-12-13 22:00:00,5.258,4.49,2.649,0.34
2022-12-13 23:00:00,5.044,4.767,-0.287,-0.353
2022-12-14 00:00:00,5.006,4.635,-1.699,-0.67
2022-12-14 01:00:00,4.909,4.141,-2.43,-0.777
2022-12-14 02:00:00,4.932,4.388,-2.01,-0.846
2022-12-14 03:00:00,5.098,4.747,-0.595,-1.351
2022-12-14 04:00:00,5.366,4.717,-2.24,0.477
2022-12-14 05:00:00,5.378,4.323,-2.803,0.65
2022-12-14 06:00:00,4.501,2.415,-3.163,1.887
2022-12-14 07:00:00,4.842,3.527,-3.13,0.607
2022-12-14 08:00:00,5.456,3.538,-3.842,1.202
2022-12-14 09:00:00,5.974,4.378,-3.935,0.647
2022-12-14 10:00:00,6.092,5.045,-3.014,1.459
2022-12-14 11:00:00,6.02,5.285,-2.114,1.522
2022-12-14 12:00:00,5.937,5.005,-2.872,-0.055
2022-12-14 13:00:00,5.776,5.343,-1.552,-0.977
2022-12-14 14:00:00,5.228,4.465,0.676,-2.513
2022-12-14 15:00:00,5.366,2.067,-0.463,-4.713
2022-12-14 16:00:00,6.022,1.594,-1.376,-5.583
2022-12-14 17:00:00,6.215,1.487,-2.098,-5.519
2022-12-14 18:00:00,5.608,2.099,0.123,-5.065
2022-12-14 19:00:00,6.662,1.516,-3.07,-5.586
2022-12-14 20:00:00,7.211,1.138,-5.276,-4.537
2022-12-14 21:00:00,6.777,2.387,-4.441,-3.462
2022-12-14 22:00:00,6.578,3.26,-3.227,-2.3
2022-12-14 23:00:00,6.732,2.859,-5.857,-1.408
2022-12-15 00:00:00,6.105,3.677,-2.174,-3.718
2022-12-15 01:00:00,6.675,3.14,-2.148,-5.346
2022-12-15 02:00:00,6.852,3.896,-3.761,-3.888
2022-12-15 03:00:00,6.716,3.229,-4.714,-0.552
2022-12-15 04:00:00,6.853,4.022,-4.39,-2.61
2022-12-15 05:00:00,6.772,3.179,-1.493,-4.953
2022-12-15 06:00:00,7.297,2.088,-0.249,-6.671
2022-12-15 07:00:00,7.14,3.037,-4.201,-1.317
2022-12-15 08:00:00,7.426,2.26,-5.937,3.61
2022-12-15 09:00:00,7.22,2.142,-6.094,2.714
2022-12-15 10:00:00,6.121,1.983,-4.665,1.529
2022-12-15 11:00:00,5.688,3.417,-1.939,-2.902
2022-12-15 12:00:00,5.713,2.129,-4.246,1.452
2022-12-15 13:00:00,5.644,1.637,-3.97,1.246
2022-12-15 14:00:00,5.07,3.15,-3.016,-1.51
2022-12-15 15:00:00,5.184,4.072,-2.253,0.244
2022-12-15 16:00:00,5.945,3.456,-4.19,-1.54
2022-12-15 17:00:00,6.401,4.635,-3.767,-0.956
2022-12-15 18:00:00,6.718,4.144,-4.228,-2.963
2022-12-15 19:00:00,5.419,2.459,-1.806,2.849
2022-12-15 20:00:00,5.026,2.502,-2.58,2.103
2022-12-15 21:00:00,5.865,2.443,-2.948,3.029
2022-12-15 22:00:00,6.269,1.536,-4.436,-3.674
2022-12-15 23:00:00,6.059,1.244,-3.244,-4.673
2022-12-16 00:00:00,5.919,2.27,-4.483,-2.359
2022-12-16 01:00:00,5.663,2.426,-3.358,1.75
2022-12-16 02:00:00,5.358,0.824,-4.122,-0.879
2022-12-16 03:00:00,5.414,0.852,-3.971,-0.076
2022-12-16 04:00:00,5.709,2.874,-2.646,3.748
2022-12-16 05:00:00,5.639,3.203,-4.458,0.691
2022-12-16 06:00:00,5.477,3.471,-4.055,0.734
2022-12-16 07:00:00,5.417,3.527,-3.942,0.344
2022-12-16 08:00:00,5.577,2.396,-4.674,-0.691
2022-12-16 09:00:00,5.607,3.387,-4.077,-0.862
2022-12-16 10:00:00,5.633,2.307,-3.34,-3.387
2022-12-16 11:00:00,5.617,2.421,-4.108,-2.428
2022-12-16 12:00:00,5.573,2.529,-4.163,-2.009
2022-12-16 13:00:00,5.439,2.901,-4.372,0.266
2022-12-16 14:00:00,5.624,2.617,-4.718,-0.18
2022-12-16 15:00:00,5.45,3.483,-2.788,-1.857
2022-12-16 16:00:00,5.384,3.136,1.261,-3.816
2022-12-16 17:00:00,5.47,-0.459,4.303,-2.392
2022-12-16 18:00:00,4.878,3.406,1.919,-2.286
2022-12-16 19:00:00,4.286,2.987,1.546,-2.071
2022-12-16 20:00:00,4.329,3.348,0.951,0.564
2022-12-16 21:00:00,5.062,0.032,3.075,2.551
2022-12-16 22:00:00,5.187,0.649,4.667,-1.705
2022-12-16 23:00:00,5.223,-0.128,5.002,0.809
2022-12-17 00:00:00,5.118,-0.427,4.722,0.882
2022-12-17 01:00:00,4.793,0.886,3.246,-0.96
2022-12-17 02:00:00,5.038,1.727,3.555,-2.319
2022-12-17 03:00:00,5.131,2.441,2.627,-2.869
2022-12-17 04:00:00,3.771,2.321,-0.733,0.676
2022-12-17 05:00:00,4.548,3.352,-2.585,0.839
2022-12-17 06:00:00,4.849,3.476,-2.973,-0.05
2022-12-17 07:00:00,5.294,2.97,-4.14,0.201
2022-12-17 08:00:00,5.343,1.197,-3.483,2.677
2022-12-17 09:00:00,5.603,1.942,-4.784,1.373
2022-12-17 10:00:00,5.585,0.79,-4.432,1.395
2022-12-17 11:00:00,5.625,3.92,-3.541,-0.863
2022-12-17 12:00:00,5.185,2.601,-3.711,1.532
2022-12-17 13:00:00,5.361,2.229,-4.324,0.108
2022-12-17 14:00:00,5.139,1.114,-4.406,1.605
2022-12-17 15:00:00,4.935,3.141,-2.346,2.294
2022-12-17 16:00:00,4.914,2.515,-3.482,0.804
2022-12-17 17:00:00,5.373,1.208,-2.189,3.916
2022-12-17 18:00:00,5.769,0.939,-4.242,2.372
2022-12-17 19:00:00,5.818,2.538,-1.58,4.156
2022-12-17 20:00:00,5.623,2.723,-2.718,2.471
2022-12-17 21:00:00,5.719,4.038,-2.56,1.567
2022-12-17 22:00:00,5.817,3.45,-4.12,-0.088
2022-12-17 23:00:00,5.685,3.271,-4.331,0.518
2022-12-18 00:00:00,5.975,2.898,-4.37,1.916
2022-12-18 01:00:00,6.412,2.183,-5.689,0.405
2022-12-18 02:00:00,6.387,2.648,-5.52,0.058
2022-12-18 03:00:00,5.406,4.39,-2.189,0.861
2022-12-18 04:00:00,5.068,4.117,-1.488,1.286
2022-12-18 05:00:00,4.875,2.944,-1.372,0.729
2022-12-18 06:00:00,5.218,3.332,-1.708,0.843
2022-12-18 07:00:00,5.426,3.641,1.402,-2.745
2022-12-18 08:00:00,6.465,4.303,-0.0,-4.761
2022-12-18 09:00:00,6.206,3.41,-3.271,-3.302
2022-12-18 10:00:00,7.748,0.576,-7.545,-0.199
2022-12-18 11:00:00,8.28,-0.549,-8.116,0.661
2022-12-18 12:00:00,9.017,-0.949,-8.484,1.663
2022-12-18 13:00:00,9.443,-1.12,-9.283,-0.495
2022-12-18 14:00:00,9.404,0.321,-8.625,-2.684
2022-12-18 15:00:00,9.552,3.715,-7.883,-3.013
2022-12-18 16:00:00,9.917,3.424,-9.179,-1.216
2022-12-18 17:00:00,10.088,4.89,-8.488,-2.264
2022-12-18 18:00:00,10.053,5.177,-8.196,-2.54
2022-12-18 19:00:00,9.807,6.556,-5.652,-4.02
2022-12-18 20:00:00,14.02,8.469,-9.162,-5.533
2022-12-18 21:00:00,13.57,9.551,-8.391,-2.664
2022-12-18 22:00:00,13.779,11.303,-6.921,-0.812
2022-12-18 23:00:00,13.83,9.683,-8.846,0.486
2022-12-19 00:00:00,14.252,5.983,-12.117,1.067
2022-12-19 01:00:00,13.864,8.098,-9.608,-4.347
2022-12-19 02:00:00,12.021,7.794,-4.436,-7.092
2022-12-19 03:00:00,10.865,6.9,-1.216,-7.754
2022-12-19 04:00:00,13.001,6.58,1.359,-8.418
2022-12-19 05:00:00,14.247,7.984,3.574,-11.118
2022-12-19 06:00:00,14.076,9.232,0.395,-10.569
2022-12-19 07:00:00,13.359,9.064,-1.429,-9.558
2022-12-19 08:00:00,12.969,8.945,-4.342,-8.183
2022-12-19 09:00:00,12.839,9.905,-7.15,-3.48
2022-12-19 10:00:00,12.221,9.233,-6.334,-4.103
2022-12-19 11:00:00,11.206,8.877,-5.491,-3.62
2022-12-19 12:00:00,11.125,8.595,-4.909,-4.937
2022-12-19 13:00:00,11.179,8.9,-5.859,-2.457
2022-12-19 14:00:00,10.91,9.043,-5.071,-3.146
2022-12-19 15:00:00,10.812,9.175,-4.914,-2.511
2022-12-19 16:00:00,10.758,7.831,-4.494,-4.421
2022-12-19 17:00:00,10.701,7.91,-4.258,-5.52
2022-12-19 18:00:00,10.594,8.196,-3.648,-5.237
2022-12-19 19:00:00,10.358,6.09,-6.721,-1.685
2022-12-19 20:00:00,11.521,7.156,-8.579,0.077
2022-12-19 21:00:00,12.118,7.626,-9.331,0.74
2022-12-19 22:00:00,12.489,7.497,-9.874,0.584
2022-12-19 23:00:00,13.1,7.434,-10.628,1.522
2022-12-20 00:00:00,13.462,6.754,-11.058,3.533
2022-12-20 01:00:00,13.266,4.709,-11.892,3.329
2022-12-20 02:00:00,13.651,3.697,-11.993,5.256
2022-12-20 03:00:00,13.755,4.144,-11.258,6.614
2022-12-20 04:00:00,13.89,4.244,-11.759,5.843
2022-12-20 05:00:00,14.248,5.038,-12.698,3.821
2022-12-20 06:00:00,13.133,3.777,-12.03,2.087
2022-12-20 07:00:00,14.244,5.383,-12.653,2.219
2022-12-20 08:00:00,13.046,1.532,-6.9,10.113
2022-12-20 09:00:00,11.889,2.372,-7.158,7.533
2022-12-20 10:00:00,12.033,-0.85,-4.62,10.569
2022-12-20 11:00:00,11.401,-2.067,0.217,10.976
2022-12-20 12:00:00,9.786,1.583,-5.245,7.005
2022-12-20 13:00:00,7.783,-1.454,1.614,6.961
2022-12-20 14:00:00,8.418,0.585,-1.334,4.23
2022-12-20 15:00:00,11.119,5.807,-8.901,-1.669
2022-12-20 16:00:00,13.333,7.237,-10.425,-3.559
2022-12-20 17:00:00,13.237,6.803,-10.209,-4.84
2022-12-20 18:00:00,12.906,6.762,-9.123,-5.939
2022-12-20 19:00:00,12.44,5.619,-9.789,-4.87
2022-12-20 20:00:00,12.248,5.561,-8.682,-6.223
2022-12-20 21:00:00,10.11,5.666,-7.964,1.128
2022-12-20 22:00:00,9.383,3.938,-4.547,5.38
2022-12-20 23:00:00,10.174,3.959,-7.801,3.127
2022-12-21 00:00:00,10.852,2.924,-10.105,0.725
2022-12-21 01:00:00,10.901,5.032,-8.744,3.575
2022-12-21 02:00:00,11.126,2.693,-8.866,5.981
2022-12-21 03:00:00,11.431,3.214,-7.805,7.556
2022-12-21 04:00:00,11.879,2.788,-8.996,6.962
2022-12-21 05:00:00,12.105,3.029,-4.096,-3.872
2022-12-21 06:00:00,13.08,6.518,-3.534,-10.556
2022-12-21 07:00:00,14.736,8.788,-9.04,-6.715
2022-12-21 08:00:00,15.066,10.917,-9.948,0.702
2022-12-21 09:00:00,13.737,9.512,-7.832,5.374
2022-12-21 10:00:00,12.453,4.733,-10.151,-0.52
2022-12-21 11:00:00,12.172,3.28,-10.069,5.303
2022-12-21 12:00:00,12.43,2.605,-9.458,7.088
2022-12-21 13:00:00,11.585,1.559,-7.609,7.388
2022-12-21 14:00:00,7.629,0.554,0.927,-4.15
2022-12-21 15:00:00,7.441,0.407,4.247,-3.462
2022-12-21 16:00:00,7.462,-1.911,6.643,1.833
2022-12-21 17:00:00,7.813,-2.736,6.12,3.171
2022-12-21 18:00:00,6.058,-2.085,4.588,2.842
2022-12-21 19:00:00,7.395,-2.097,6.66,0.295
2022-12-21 20:00:00,6.289,-2.955,4.401,-0.257
2022-12-21 21:00:00,6.167,-3.687,3.827,0.222
2022-12-21 22:00:00,5.775,-4.854,1.724,1.881
2022-12-21 23:00:00,6.38,-5.469,2.718,0.736
2022-12-22 00:00:00,6.124,-4.982,2.68,1.785
2022-12-22 01:00:00,5.829,-5.232,1.655,1.293
2022-12-22 02:00:00,5.351,-4.662,1.043,0.683
2022-12-22 03:00:00,5.585,-4.062,2.76,1.425
2022-12-22 04:00:00,5.974,-2.904,-0.852,-4.084
2022-12-22 05:00:00,5.662,-1.908,1.382,-1.175
2022-12-22 06:00:00,6.01,-3.836,-1.609,-1.438
2022-12-22 07:00:00,6.411,-3.0,1.179,-3.398
2022-12-22 08:00:00,6.422,2.529,-1.203,-4.814
2022-12-22 09:00:00,5.506,0.216,2.186,-1.139
2022-12-22 10:00:00,7.136,-5.94,2.645,-0.241
2022-12-22 11:00:00,7.973,-4.522,1.461,-5.644
2022-12-22 12:00:00,8.003,-4.638,0.778,-5.811
2022-12-22 13:00:00,8.447,-5.063,1.633,-3.702
2022-12-22 14:00:00,9.246,-1.819,2.553,-7.676
2022-12-22 15:00:00,9.426,-3.583,3.028,-3.677
2022-12-22 16:00:00,9.661,-3.803,6.293,6.013
2022-12-22 17:00:00,8.716,-3.148,3.223,-2.821
2022-12-22 18:00:00,7.851,-3.232,5.179,-0.262
2022-12-22 19:00:00,7.722,-4.289,0.99,4.878
2022-12-22 20:00:00,7.972,-7.483,1.35,-0.501
2022-12-22 21:00:00,7.214,-4.319,1.912,-2.828
2022-12-22 22:00:00,6.772,-4.052,3.09,-1.662
2022-12-22 23:00:00,6.98,-2.854,1.894,-3.436
2022-12-23 00:00:00,7.574,-4.784,3.361,-2.849
2022-12-23 01:00:00,8.196,-5.386,4.945,2.944
2022-12-23 02:00:00,8.424,-5.716,4.321,4.174
2022-12-23 03:00:00,8.173,-6.254,4.104,1.759
2022-12-23 04:00:00,8.484,-4.329,3.371,-3.852
2022-12-23 05:00:00,8.681,-1.983,2.259,-5.612
2022-12-23 06:00:00,8.452,-4.605,1.945,-5.022
2022-12-23 07:00:00,8.042,-5.727,2.687,-3.342
2022-12-23 08:00:00,8.039,-4.426,1.536,-3.209
2022-12-23 09:00:00,8.317,-5.139,2.57,3.058
2022-12-23 10:00:00,8.939,-5.369,4.923,-0.647
2022-12-23 11:00:00,8.96,-5.17,3.735,-3.992
2022-12-23 12:00:00,9.581,-1.586,2.768,-7.917
2022-12-23 13:00:00,8.811,-5.453,4.482,-3.469
2022-12-23 14:00:00,8.485,-6.029,3.97,1.69
2022-12-23 15:00:00,8.858,-4.413,4.937,-0.521
2022-12-23 16:00:00,9.518,-5.465,7.189,1.525
2022-12-23 17:00:00,9.748,-6.529,6.743,1.663
2022-12-23 18:00:00,10.237,-7.803,6.029,2.196
2022-12-23 19:00:00,10.444,-7.452,6.788,0.605
2022-12-23 20:00:00,10.261,-4.554,6.296,-6.363
2022-12-23 21:00:00,10.049,-6.813,6.829,-1.869
2022-12-23 22:00:00,9.409,-7.253,4.51,1.757
2022-12-23 23:00:00,9.403,-6.762,3.831,0.526
2022-12-24 00:00:00,9.707,-6.067,6.652,0.397
2022-12-24 01:00:00,9.447,-5.481,6.682,-1.137
2022-12-24 02:00:00,9.716,-7.337,4.781,1.351
2022-12-24 03:00:00,9.458,-5.676,4.832,-3.505
2022-12-24 04:00:00,8.8,-5.246,4.552,-3.272
2022-12-24 05:00:00,8.079,-3.572,3.794,-3.869
2022-12-24 06:00:00,6.956,-4.382,3.972,-0.02
2022-12-24 07:00:00,6.024,-2.501,2.735,1.855
2022-12-24 08:00:00,5.817,-4.09,3.608,0.085
2022-12-24 09:00:00,5.737,-2.525,2.39,-1.383
2022-12-24 10:00:00,6.08,-1.37,2.273,-4.326
2022-12-24 11:00:00,5.92,-2.135,0.976,2.533
2022-12-24 12:00:00,6.195,-3.905,1.844,-0.527
2022-12-24 13:00:00,5.66,0.506,2.056,4.543
2022-12-24 14:00:00,5.543,-1.914,2.104,-0.324
2022-12-24 15:00:00,6.407,-3.192,-0.233,-5.246
2022-12-24 16:00:00,6.724,-2.813,3.304,-4.796
2022-12-24 17:00:00,5.73,-3.484,1.328,0.42
2022-12-24 18:00:00,5.911,-2.01,0.326,5.381
2022-12-24 19:00:00,6.609,-2.508,-0.148,5.219
2022-12-24 20:00:00,6.543,-2.958,1.001,4.385
2022-12-24 21:00:00,4.415,-2.554,1.823,-2.004
2022-12-24 22:00:00,5.305,-4.326,2.297,1.581
2022-12-24 23:00:00,6.362,-4.891,2.543,2.834
2022-12-25 00:00:00,5.558,-4.286,1.179,2.855
2022-12-25 01:00:00,4.59,-3.813,0.54,1.01
2022-12-25 02:00:00,4.967,-4.258,1.008,-1.813
2022-12-25 03:00:00,5.459,-5.09,1.569,-0.598
2022-12-25 04:00:00,6.176,-5.148,2.903,0.087
2022-12-25 05:00:00,6.244,-5.301,3.217,0.222
2022-12-25 06:00:00,6.011,-5.273,2.765,0.206
2022-12-25 07:00:00,6.137,-5.403,2.588,0.161
2022-12-25 08:00:00,6.16,-5.538,2.018,1.6
2022-12-25 09:00:00,5.866,-5.208,2.499,0.334
2022-12-25 10:00:00,5.878,-4.617,3.05,0.535
2022-12-25 11:00:00,5.965,-5.174,2.008,-1.584
2022-12-25 12:00:00,5.968,-5.033,2.532,-1.446
2022-12-25 13:00:00,5.969,-4.962,2.418,-1.802
2022-12-25 14:00:00,6.078,-4.174,3.123,-3.017
2022-12-25 15:00:00,6.318,-4.745,2.983,-2.59
2022-12-25 16:00:00,6.448,-5.1,0.297,-3.408
2022-12-25 17:00:00,6.226,-3.544,0.642,-4.951
2022-12-25 18:00:00,6.134,-4.183,2.834,-3.076
2022-12-25 19:00:00,6.13,-4.149,3.413,-2.106
2022-12-25 20:00:00,6.182,-4.418,0.296,-3.821
2022-12-25 21:00:00,7.222,-5.757,-0.248,-3.992
2022-12-25 22:00:00,7.586,-6.461,-1.679,-2.12
2022-12-25 23:00:00,7.362,-6.64,1.649,-2.378
2022-12-26 00:00:00,7.955,-6.081,0.63,-3.744
2022-12-26 01:00:00,8.618,-7.579,-1.872,-0.495
2022-12-26 02:00:00,8.553,-7.991,1.659,1.356
2022-12-26 03:00:00,8.554,-7.304,4.226,0.447
2022-12-26 04:00:00,8.58,-5.508,6.115,1.362
2022-12-26 05:00:00,8.843,-2.657,7.597,2.792
2022-12-26 06:00:00,8.46,-2.226,5.095,1.154
2022-12-26 07:00:00,9.121,-1.634,7.825,-3.58
2022-12-26 08:00:00,9.572,-2.942,8.523,-0.566
2022-12-26 09:00:00,9.384,-3.033,5.474,-4.964
2022-12-26 10:00:00,9.922,-0.173,-0.438,-9.602
2022-12-26 11:00:00,10.211,0.134,0.064,-9.798
2022-12-26 12:00:00,10.073,-0.709,0.815,-9.666
2022-12-26 13:00:00,10.032,-1.865,2.405,-9.014
2022-12-26 14:00:00,8.817,-1.841,3.414,-7.364
2022-12-26 15:00:00,7.305,-1.026,6.426,-0.755
2022-12-26 16:00:00,6.644,-2.54,2.975,1.086
2022-12-26 17:00:00,6.845,-1.793,1.106,4.39
2022-12-26 18:00:00,7.95,-1.476,2.308,6.953
2022-12-26 19:00:00,8.666,-2.073,3.693,7.179
2022-12-26 20:00:00,8.318,-3.734,4.685,5.175
2022-12-26 21:00:00,7.643,-4.175,4.729,3.193
2022-12-26 22:00:00,7.821,-3.738,5.235,-3.092
2022-12-26 23:00:00,7.459,-2.785,4.198,-4.1
2022-12-27 00:00:00,8.005,-4.297,3.669,-5.197
2022-12-27 01:00:00,8.132,-4.748,1.494,-5.166
2022-12-27 02:00:00,7.887,-5.354,1.719,-4.619
2022-12-27 03:00:00,8.412,-2.547,1.112,-7.749
2022-12-27 04:00:00,8.293,-3.02,-0.249,-7.514
2022-12-27 05:00:00,7.953,-1.793,0.059,-7.32
2022-12-27 06:00:00,8.276,-2.626,0.966,-7.541
2022-12-27 07:00:00,7.941,-2.829,-0.111,-7.23
2022-12-27 08:00:00,7.879,-3.1,-0.612,-6.548
2022-12-27 09:00:00,8.008,-2.756,1.381,-7.185
2022-12-27 10:00:00,7.816,-2.473,1.782,-7.068
2022-12-27 11:00:00,7.437,-1.964,2.509,-6.497
2022-12-27 12:00:00,7.443,-2.804,3.423,-5.724
2022-12-27 13:00:00,7.225,-3.992,2.353,-5.008
2022-12-27 14:00:00,7.292,-3.531,4.301,-3.674
2022-12-27 15:00:00,6.91,-3.454,3.386,-3.863
2022-12-27 16:00:00,6.885,-3.417,3.597,1.904
2022-12-27 17:00:00,6.292,-2.249,4.449,0.465
2022-12-27 18:00:00,5.851,-2.224,3.678,2.196
2022-12-27 19:00:00,5.578,-1.858,4.075,0.386
2022-12-27 20:00:00,5.539,-2.409,2.774,2.605
2022-12-27 21:00:00,5.033,-2.901,1.985,0.046
2022-12-27 22:00:00,5.076,-4.03,-0.812,-1.978
2022-12-27 23:00:00,4.597,-2.626,-0.105,-1.942
2022-12-28 00:00:00,4.756,-2.183,1.602,-3.237
2022-12-28 01:00:00,4.826,-1.512,0.483,0.068
2022-12-28 02:00:00,5.206,-2.235,3.27,1.523
2022-12-28 03:00:00,4.741,-1.685,3.206,0.601
2022-12-28 04:00:00,4.695,-1.505,3.261,0.271
2022-12-28 05:00:00,4.885,0.086,3.456,1.901
2022-12-28 06:00:00,4.995,-1.86,2.311,1.699
2022-12-28 07:00:00,4.962,-2.244,1.843,3.232
2022-12-28 08:00:00,5.211,-1.676,3.182,2.829
2022-12-28 09:00:00,5.162,-2.296,3.333,2.595
2022-12-28 10:00:00,5.087,-1.207,3.702,2.619
2022-12-28 11:00:00,5.1,-2.502,3.163,0.676
2022-12-28 12:00:00,5.138,-4.28,-0.938,1.072
2022-12-28 13:00:00,5.147,-4.173,1.92,1.613
2022-12-28 14:00:00,5.188,-3.405,2.942,2.076
2022-12-28 15:00:00,5.139,-3.16,2.533,2.44
2022-12-28 16:00:00,5.336,-3.667,2.26,2.04
2022-12-28 17:00:00,5.375,-2.332,4.322,0.881
2022-12-28 18:00:00,5.402,-3.801,3.378,1.065
2022-12-28 19:00:00,5.366,-2.895,4.077,0.014
2022-12-28 20:00:00,5.35,-3.002,2.936,0.988
2022-12-28 21:00:00,5.336,-3.144,1.835,3.737
2022-12-28 22:00:00,5.044,-3.422,2.059,2.98
2022-12-28 23:00:00,4.838,-3.3,2.637,1.675
2022-12-29 00:00:00,3.829,-1.506,1.441,-0.573
2022-12-29 01:00:00,4.217,-3.825,1.18,0.63
2022-12-29 02:00:00,4.426,-3.741,2.104,0.049
2022-12-29 03:00:00,4.383,-3.219,2.571,-0.051
2022-12-29 04:00:00,4.412,-3.252,2.106,-1.122
2022-12-29 05:00:00,4.882,-4.051,-0.459,-2.094
2022-12-29 06:00:00,4.976,-4.675,-0.538,-0.324
2022-12-29 07:00:00,5.19,-4.276,-1.56,2.011
2022-12-29 08:00:00,5.257,-3.112,-1.25,2.674
2022-12-29 09:00:00,5.718,-3.736,2.274,-0.772
2022-12-29 10:00:00,6.266,-2.764,1.552,-1.122
2022-12-29 11:00:00,6.193,-1.67,2.987,-3.99
2022-12-29 12:00:00,6.13,-3.438,2.041,-4.142
2022-12-29 13:00:00,6.444,-1.558,2.386,-2.421
2022-12-29 14:00:00,5.803,-1.779,3.551,-0.946
2022-12-29 15:00:00,6.217,-2.839,4.377,0.032
2022-12-29 16:00:00,6.162,-3.266,3.353,-1.041
2022-12-29 17:00:00,7.339,-2.807,1.979,-4.032
2022-12-29 18:00:00,6.875,-1.503,-0.388,-4.963
2022-12-29 19:00:00,5.475,-3.67,-0.458,-1.666
2022-12-29 20:00:00,5.989,-4.443,0.602,-1.669
2022-12-29 21:00:00,6.729,-1.103,2.828,-3.374
2022-12-29 22:00:00,8.725,1.606,-0.994,-7.484
2022-12-29 23:00:00,9.355,-3.205,5.741,-4.314
2022-12-30 00:00:00,7.21,3.616,3.496,-2.403
2022-12-30 01:00:00,8.635,-1.017,2.864,-3.867
2022-12-30 02:00:00,8.838,-4.709,6.179,-0.076
2022-12-30 03:00:00,10.622,-1.606,7.642,-3.531
2022-12-30 04:00:00,10.818,-4.063,5.708,3.847
2022-12-30 05:00:00,10.035,-5.082,5.347,-1.877
2022-12-30 06:00:00,10.847,-1.658,4.968,-6.397
2022-12-30 07:00:00,10.525,-5.472,2.453,-4.431
2022-12-30 08:00:00,11.179,-5.782,6.573,-5.105
2022-12-30 09:00:00,11.185,-7.541,5.001,2.588
2022-12-30 10:00:00,11.766,-5.086,9.072,-4.17
2022-12-30 11:00:00,12.081,-3.007,6.263,-2.578
2022-12-30 12:00:00,10.809,-5.872,5.567,-3.141
2022-12-30 13:00:00,10.777,-6.477,6.319,-3.979
2022-12-30 14:00:00,9.773,-5.628,3.347,5.051
2022-12-30 15:00:00,8.881,-5.188,5.032,0.895
2022-12-30 16:00:00,8.557,-4.239,4.527,-3.312
2022-12-30 17:00:00,9.073,-6.676,5.535,-0.577
2022-12-30 18:00:00,9.064,-5.243,7.138,0.799
2022-12-30 19:00:00,8.353,-4.47,5.231,-0.964
2022-12-30 20:00:00,6.787,-4.485,1.982,1.497
2022-12-30 21:00:00,6.709,-5.315,2.049,0.584
2022-12-30 22:00:00,6.591,-5.166,2.131,-0.715
2022-12-30 23:00:00,6.784,-4.606,3.32,0.579
2022-12-31 00:00:00,6.65,-2.917,3.364,-1.478
2022-12-31 01:00:00,7.028,-5.859,2.259,-0.911
2022-12-31 02:00:00,7.332,-5.494,2.366,1.067
2022-12-31 03:00:00,7.164,-4.526,3.612,-1.839
2022-12-31 04:00:00,7.13,-4.864,4.13,-1.726
2022-12-31 05:00:00,7.143,-5.173,2.629,2.767
2022-12-31 06:00:00,6.643,-5.662,1.036,1.656
2022-12-31 07:00:00,6.384,-3.62,1.976,0.137
2022-12-31 08:00:00,5.894,-4.987,1.034,0.346
2022-12-31 09:00:00,6.606,-4.925,0.078,3.811
2022-12-31 10:00:00,6.731,-6.239,1.149,0.928
2022-12-31 11:00:00,6.868,-4.61,1.579,-2.117
2022-12-31 12:00:00,5.235,-2.563,1.771,0.496
2022-12-31 13:00:00,4.901,-2.588,-1.59,1.959
2022-12-31 14:00:00,4.65,-2.521,0.071,0.268
2022-12-31 15:00:00,5.302,-3.714,2.356,0.315
2022-12-31 16:00:00,6.03,-4.072,3.141,-1.006
2022-12-31 17:00:00,6.082,-4.271,1.995,-2.978
2022-12-31 18:00:00,6.047,-4.295,0.478,2.681
2022-12-31 19:00:00,5.668,-3.028,1.107,-0.338
2022-12-31 20:00:00,5.766,-1.99,2.923,-2.219
2022-12-31 21:00:00,5.708,-3.883,2.318,1.5
2022-12-31 22:00:00,5.722,-4.128,2.628,-0.63
2022-12-31 23:00:00,5.711,-3.334,3.64,-0.72
2023-01-01 00:00:00,5.194,-3.23,0.7,0.329
