datetime,Magnitude,BGSM_X,BGSM_Y,BGSM_Z
1998-01-01 00:00:00,4.819,-2.718,-1.111,3.221
1998-01-01 01:00:00,5.079,-4.237,-0.495,-1.869
1998-01-01 02:00:00,5.432,-4.598,-0.38,-0.692
1998-01-01 03:00:00,5.433,-4.235,0.924,-0.137
1998-01-01 04:00:00,5.161,-3.44,2.427,-0.707
1998-01-01 05:00:00,4.888,-0.707,2.808,-0.143
1998-01-01 06:00:00,5.722,-3.771,2.952,-1.78
1998-01-01 07:00:00,5.16,-0.318,4.086,-2.199
1998-01-01 08:00:00,6.142,-2.996,3.563,-3.929
1998-01-01 09:00:00,6.161,-2.003,1.547,5.37
1998-01-01 10:00:00,5.572,-3.237,2.405,3.285
1998-01-01 11:00:00,5.767,-5.088,2.131,1.093
1998-01-01 12:00:00,5.911,-5.54,1.681,0.558
1998-01-01 13:00:00,5.992,-4.138,3.322,-1.639
1998-01-01 14:00:00,6.64,2.088,5.878,-0.666
1998-01-01 15:00:00,6.336,-2.702,3.866,0.143
1998-01-01 16:00:00,6.55,-5.879,2.769,0.508
1998-01-01 17:00:00,6.847,-4.345,5.071,0.014
1998-01-01 18:00:00,7.144,-4.627,5.251,0.009
1998-01-01 19:00:00,7.819,-4.998,5.635,-1.067
1998-01-01 20:00:00,7.164,-3.551,5.944,-0.551
1998-01-01 21:00:00,7.111,-4.288,5.426,0.243
1998-01-01 22:00:00,6.841,-3.074,5.116,2.83
1998-01-01 23:00:00,6.467,-3.512,4.611,1.53
1998-01-02 00:00:00,6.406,-1.889,5.668,-1.287
1998-01-02 01:00:00,5.851,-0.757,4.866,0.722
1998-01-02 02:00:00,5.377,-0.336,4.648,0.485
1998-01-02 03:00:00,5.575,-1.011,5.041,-0.639
1998-01-02 04:00:00,5.499,-0.477,4.564,-2.817
1998-01-02 05:00:00,4.853,-0.638,3.976,-1.03
1998-01-02 06:00:00,5.44,-1.518,4.297,0.214
1998-01-02 07:00:00,5.688,-2.66,4.57,1.146
1998-01-02 08:00:00,5.74,-3.19,4.082,1.579
1998-01-02 09:00:00,5.798,-2.093,4.677,1.053
1998-01-02 10:00:00,5.979,-0.506,4.812,2.807
1998-01-02 11:00:00,6.182,-0.682,3.896,-0.565
1998-01-02 12:00:00,6.653,2.025,4.643,-3.926
1998-01-02 13:00:00,5.85,-0.08,4.01,-2.946
1998-01-02 14:00:00,5.945,-4.039,3.297,0.792
1998-01-02 15:00:00,5.839,-4.221,3.35,2.102
1998-01-02 16:00:00,5.931,-2.306,4.818,0.274
1998-01-02 17:00:00,5.68,-2.751,2.668,1.142
1998-01-02 18:00:00,5.193,-2.619,3.087,1.778
1998-01-02 19:00:00,4.974,-0.869,2.948,-1.82
1998-01-02 20:00:00,4.913,-1.968,3.345,-0.429
1998-01-02 21:00:00,4.987,-2.943,-2.211,2.263
1998-01-02 22:00:00,5.612,-4.042,-2.084,3.014
1998-01-02 23:00:00,5.54,-4.539,-0.697,2.895
1998-01-03 00:00:00,4.81,-4.203,-0.894,1.719
1998-01-03 01:00:00,4.618,-4.244,1.379,0.571
1998-01-03 02:00:00,4.378,-2.175,3.215,-0.455
1998-01-03 03:00:00,4.611,-3.274,2.562,0.558
1998-01-03 04:00:00,4.51,-1.218,3.567,0.946
1998-01-03 05:00:00,4.619,-2.951,3.087,0.179
1998-01-03 06:00:00,4.626,-1.444,0.972,-4.015
1998-01-03 07:00:00,4.553,-1.718,-0.113,-3.755
1998-01-03 08:00:00,4.427,-1.04,-1.673,-3.354
1998-01-03 09:00:00,4.259,-0.586,-0.128,-3.521
1998-01-03 10:00:00,4.296,-3.032,1.581,-2.126
1998-01-03 11:00:00,4.717,-3.659,2.873,-0.191
1998-01-03 12:00:00,4.859,-0.986,2.359,-2.276
1998-01-03 13:00:00,4.893,-0.557,4.145,-2.043
1998-01-03 14:00:00,4.723,-0.495,4.471,0.663
1998-01-03 15:00:00,4.733,-2.403,3.932,0.082
1998-01-03 16:00:00,4.785,-3.51,3.047,0.563
1998-01-03 17:00:00,4.725,-2.944,2.812,-1.57
1998-01-03 18:00:00,4.798,-1.888,4.292,0.41
1998-01-03 19:00:00,4.417,-2.411,3.413,-0.624
1998-01-03 20:00:00,4.555,-2.976,2.934,1.207
1998-01-03 21:00:00,4.804,-4.347,1.371,0.681
1998-01-03 22:00:00,4.871,-4.054,1.385,1.27
1998-01-03 23:00:00,4.891,-4.171,0.585,2.072
1998-01-04 00:00:00,5.203,-3.47,2.095,2.298
1998-01-04 01:00:00,5.473,-2.964,3.544,2.256
1998-01-04 02:00:00,5.219,-3.347,1.023,3.823
1998-01-04 03:00:00,5.191,-2.958,-0.047,3.983
1998-01-04 04:00:00,5.751,-3.845,-0.512,4.112
1998-01-04 05:00:00,5.851,-3.503,-0.85,4.459
1998-01-04 06:00:00,5.751,-2.525,-2.124,4.364
1998-01-04 07:00:00,5.45,-2.187,3.034,2.509
1998-01-04 08:00:00,5.237,-1.573,3.329,2.546
1998-01-04 09:00:00,6.206,0.8,4.672,1.858
1998-01-04 10:00:00,6.859,1.087,6.016,-1.35
1998-01-04 11:00:00,6.708,0.187,4.967,-4.195
1998-01-04 12:00:00,6.722,0.021,4.891,-2.991
1998-01-04 13:00:00,6.637,0.956,6.124,0.048
1998-01-04 14:00:00,6.758,0.588,6.35,0.533
1998-01-04 15:00:00,7.072,-0.922,6.63,-0.673
1998-01-04 16:00:00,6.592,-0.955,4.482,-3.361
1998-01-04 17:00:00,5.713,0.833,4.391,-2.838
1998-01-04 18:00:00,4.994,-1.876,3.822,-0.935
1998-01-04 19:00:00,5.534,1.581,4.745,-0.205
1998-01-04 20:00:00,5.802,3.134,4.366,1.523
1998-01-04 21:00:00,5.533,1.703,4.463,-0.837
1998-01-04 22:00:00,4.783,-2.727,3.5,1.316
1998-01-04 23:00:00,4.539,-3.755,1.683,1.663
1998-01-05 00:00:00,4.274,-3.526,0.869,1.352
1998-01-05 01:00:00,4.143,-3.421,-1.326,1.8
1998-01-05 02:00:00,4.099,-3.447,-1.081,1.698
1998-01-05 03:00:00,4.236,-3.52,0.256,2.158
1998-01-05 04:00:00,4.19,-3.459,1.046,1.565
1998-01-05 05:00:00,4.421,-4.223,0.904,0.391
1998-01-05 06:00:00,4.585,-3.538,2.621,-0.071
1998-01-05 07:00:00,4.713,-2.822,2.944,0.813
1998-01-05 08:00:00,5.538,-0.915,4.869,-1.679
1998-01-05 09:00:00,6.685,-3.213,5.596,-1.564
1998-01-05 10:00:00,6.221,-1.68,4.135,-3.236
1998-01-05 11:00:00,5.891,-0.686,3.389,-0.965
1998-01-05 12:00:00,6.086,-0.59,5.052,2.861
1998-01-05 13:00:00,5.362,-0.407,4.802,-1.563
1998-01-05 14:00:00,4.76,-1.437,2.596,-3.468
1998-01-05 15:00:00,4.256,0.142,3.407,-1.388
1998-01-05 16:00:00,4.615,-1.48,0.287,-4.068
1998-01-05 17:00:00,4.259,-1.567,2.918,-1.131
1998-01-05 18:00:00,4.376,0.638,2.919,-2.622
1998-01-05 19:00:00,4.507,-1.471,3.658,-1.03
1998-01-05 20:00:00,4.748,-2.404,3.611,-0.114
1998-01-05 21:00:00,5.171,-0.675,4.113,2.728
1998-01-05 22:00:00,5.798,-1.243,3.498,2.053
1998-01-05 23:00:00,5.572,-2.025,3.377,-3.887
1998-01-06 00:00:00,6.515,-2.122,4.481,-3.835
1998-01-06 01:00:00,5.674,-1.876,1.507,-4.429
1998-01-06 02:00:00,5.659,-0.394,-3.345,-4.486
1998-01-06 03:00:00,6.704,0.992,-6.144,-2.161
1998-01-06 04:00:00,6.536,-0.123,-4.233,-3.674
1998-01-06 05:00:00,4.878,-1.129,-2.648,-3.587
1998-01-06 06:00:00,5.917,-1.54,-4.594,1.419
1998-01-06 07:00:00,4.278,-0.517,-3.077,1.566
1998-01-06 08:00:00,4.191,-0.581,-3.711,-1.018
1998-01-06 09:00:00,5.192,0.579,-4.654,-1.102
1998-01-06 10:00:00,5.836,-0.155,-5.665,0.444
1998-01-06 11:00:00,5.713,-0.244,-5.662,-0.299
1998-01-06 12:00:00,6.128,-1.289,-5.822,0.891
1998-01-06 13:00:00,8.373,-0.035,-5.554,-2.658
1998-01-06 14:00:00,9.672,0.398,-5.762,-4.109
1998-01-06 15:00:00,12.142,-2.662,-3.206,-10.971
1998-01-06 16:00:00,10.922,2.777,-8.712,-2.917
1998-01-06 17:00:00,10.526,3.582,-8.771,1.827
1998-01-06 18:00:00,10.126,0.811,-8.241,-4.584
1998-01-06 19:00:00,11.156,-2.489,-3.682,-7.862
1998-01-06 20:00:00,9.994,3.822,-5.452,2.927
1998-01-06 21:00:00,14.519,-1.668,-5.113,-11.233
1998-01-06 22:00:00,11.096,1.418,4.047,-6.472
1998-01-06 23:00:00,12.995,-5.07,-1.818,-11.633
1998-01-07 00:00:00,14.341,-6.694,-0.081,-12.55
1998-01-07 01:00:00,14.944,-7.725,2.723,-12.043
1998-01-07 02:00:00,16.297,-6.039,10.493,-9.269
1998-01-07 03:00:00,16.539,1.17,16.432,0.387
1998-01-07 04:00:00,16.789,1.934,16.57,-0.149
1998-01-07 05:00:00,17.196,3.257,16.769,0.451
1998-01-07 06:00:00,17.161,4.658,16.218,2.8
1998-01-07 07:00:00,17.66,5.476,16.48,3.109
1998-01-07 08:00:00,17.759,3.762,17.205,0.104
1998-01-07 09:00:00,17.95,3.514,17.547,-0.223
1998-01-07 10:00:00,17.987,9.548,14.004,5.752
1998-01-07 11:00:00,17.795,9.115,12.905,8.147
1998-01-07 12:00:00,18.205,9.115,12.074,10.089
1998-01-07 13:00:00,17.931,9.178,9.825,11.784
1998-01-07 14:00:00,17.676,10.278,7.107,12.409
1998-01-07 15:00:00,17.231,10.051,4.176,13.317
1998-01-07 16:00:00,16.693,8.262,4.037,13.464
1998-01-07 17:00:00,16.319,10.045,-1.35,12.711
1998-01-07 18:00:00,16.229,9.652,-3.092,12.621
1998-01-07 19:00:00,15.843,9.078,-3.753,12.312
1998-01-07 20:00:00,15.334,8.402,-5.497,11.359
1998-01-07 21:00:00,14.95,8.531,-4.243,11.179
1998-01-07 22:00:00,14.929,9.466,-7.125,8.756
1998-01-07 23:00:00,14.819,5.78,-6.546,11.588
1998-01-08 00:00:00,14.427,6.674,-7.906,9.871
1998-01-08 01:00:00,14.149,7.473,-7.582,9.014
1998-01-08 02:00:00,14.095,7.149,-7.765,8.931
1998-01-08 03:00:00,14.035,6.689,-8.129,8.965
1998-01-08 04:00:00,13.816,6.503,-9.083,7.834
1998-01-08 05:00:00,13.547,3.867,-11.072,5.95
1998-01-08 06:00:00,13.397,4.155,-8.927,8.704
1998-01-08 07:00:00,13.034,0.139,-10.903,4.141
1998-01-08 08:00:00,11.853,-1.831,-11.4,0.21
1998-01-08 09:00:00,9.029,-1.842,-8.303,-0.717
1998-01-08 10:00:00,9.547,-4.064,-7.736,-2.693
1998-01-08 11:00:00,8.38,-5.233,-5.483,-3.361
1998-01-08 12:00:00,6.938,-4.62,-4.364,-2.667
1998-01-08 13:00:00,5.013,-0.859,-3.402,-2.743
1998-01-08 14:00:00,5.178,-3.321,-3.3,-1.169
1998-01-08 15:00:00,5.486,-1.853,-2.968,-3.696
1998-01-08 16:00:00,6.371,-0.278,-5.844,-1.364
1998-01-08 17:00:00,9.688,2.348,-9.176,0.636
1998-01-08 18:00:00,11.195,3.518,-10.549,-0.406
1998-01-08 19:00:00,11.574,4.891,-10.279,-1.204
1998-01-08 20:00:00,11.761,5.454,-10.102,-1.55
1998-01-08 21:00:00,11.687,5.817,-9.172,0.948
1998-01-08 22:00:00,10.722,-0.172,-1.371,2.247
1998-01-08 23:00:00,8.884,-3.915,3.636,2.007
1998-01-09 00:00:00,12.197,-3.37,5.224,10.357
1998-01-09 01:00:00,10.522,-1.858,2.623,9.645
1998-01-09 02:00:00,8.116,-1.271,-1.958,5.591
1998-01-09 03:00:00,6.187,-1.431,-3.285,2.977
1998-01-09 04:00:00,5.801,-0.858,0.307,-1.237
1998-01-09 05:00:00,6.286,-2.777,-0.572,-2.181
1998-01-09 06:00:00,6.542,0.491,-5.549,-2.559
1998-01-09 07:00:00,6.48,-0.05,-5.722,-2.144
1998-01-09 08:00:00,6.88,-3.429,-3.672,-3.5
1998-01-09 09:00:00,7.092,-5.669,0.195,-3.223
1998-01-09 10:00:00,6.804,-4.849,2.326,-3.547
1998-01-09 11:00:00,6.411,-4.346,3.654,-2.876
1998-01-09 12:00:00,6.824,-4.581,4.243,-2.713
1998-01-09 13:00:00,6.655,-4.965,3.962,-1.816
1998-01-09 14:00:00,6.88,-5.035,4.054,0.441
1998-01-09 15:00:00,6.819,-5.335,4.097,0.397
1998-01-09 16:00:00,6.755,-5.396,3.202,2.411
1998-01-09 17:00:00,6.14,-4.271,2.396,3.68
1998-01-09 18:00:00,6.531,-4.665,2.701,3.586
1998-01-09 19:00:00,7.448,-5.858,3.337,2.969
1998-01-09 20:00:00,6.995,-4.996,3.313,3.186
1998-01-09 21:00:00,5.848,-2.275,2.685,-1.381
1998-01-09 22:00:00,6.523,-4.078,1.067,4.697
1998-01-09 23:00:00,5.652,-3.806,2.257,1.407
1998-01-10 00:00:00,5.61,-3.122,3.31,0.117
1998-01-10 01:00:00,5.595,-3.319,3.074,0.567
1998-01-10 02:00:00,5.712,-3.967,2.233,2.594
1998-01-10 03:00:00,5.532,-4.971,2.172,0.581
1998-01-10 04:00:00,5.597,-4.446,3.262,-0.492
1998-01-10 05:00:00,6.032,-4.621,3.548,-1.442
1998-01-10 06:00:00,6.524,-5.12,2.891,-2.796
1998-01-10 07:00:00,5.938,-4.588,2.742,-2.235
1998-01-10 08:00:00,5.283,-3.559,2.836,-2.342
1998-01-10 09:00:00,4.417,3.286,1.773,0.448
1998-01-10 10:00:00,5.104,-0.376,1.174,-1.686
1998-01-10 11:00:00,5.801,-1.651,1.384,-4.422
1998-01-10 12:00:00,5.861,-3.634,3.172,1.879
1998-01-10 13:00:00,4.94,-2.056,0.765,-2.151
1998-01-10 14:00:00,4.386,-0.469,0.506,-3.627
1998-01-10 15:00:00,4.684,-3.022,1.403,-2.695
1998-01-10 16:00:00,5.235,-2.658,3.863,-0.15
1998-01-10 17:00:00,4.146,-0.268,1.673,0.402
1998-01-10 18:00:00,4.741,-3.02,3.233,0.624
1998-01-10 19:00:00,3.53,-3.016,1.454,0.112
1998-01-10 20:00:00,2.638,-2.249,0.856,0.607
1998-01-10 21:00:00,3.476,-2.392,1.494,1.382
1998-01-10 22:00:00,3.681,0.245,3.022,-0.896
1998-01-10 23:00:00,2.967,-2.317,0.633,-1.503
1998-01-11 00:00:00,2.256,-0.595,0.469,-1.598
1998-01-11 01:00:00,3.418,-0.19,2.607,-0.827
1998-01-11 02:00:00,3.696,-0.415,2.497,2.533
1998-01-11 03:00:00,3.442,0.603,0.795,2.989
1998-01-11 04:00:00,4.517,0.412,-1.475,-1.235
1998-01-11 05:00:00,5.864,1.366,-3.807,-4.143
1998-01-11 06:00:00,4.74,0.485,-2.522,-3.436
1998-01-11 07:00:00,5.352,3.354,-3.745,-1.074
1998-01-11 08:00:00,4.123,1.356,2.56,1.045
1998-01-11 09:00:00,5.382,3.52,-3.424,-0.746
1998-01-11 10:00:00,5.178,3.161,-3.778,-0.498
1998-01-11 11:00:00,6.855,-4.706,-1.494,-2.571
1998-01-11 12:00:00,5.8,-3.681,0.852,-3.768
1998-01-11 13:00:00,5.094,0.418,2.267,-1.016
1998-01-11 14:00:00,3.545,2.692,-0.34,-0.116
1998-01-11 15:00:00,4.97,-1.625,-1.389,-3.703
1998-01-11 16:00:00,4.227,-0.761,-1.336,-2.539
1998-01-11 17:00:00,4.152,1.082,2.975,-0.007
1998-01-11 18:00:00,3.957,-0.758,-2.99,-0.462
1998-01-11 19:00:00,4.542,1.739,-1.183,2.109
1998-01-11 20:00:00,4.559,1.688,-2.749,2.403
1998-01-11 21:00:00,3.887,-1.157,-1.588,-1.633
1998-01-11 22:00:00,4.265,0.094,-2.445,-2.632
1998-01-11 23:00:00,4.656,4.332,-0.47,0.507
1998-01-12 00:00:00,5.261,5.157,0.375,-0.224
1998-01-12 01:00:00,4.795,4.317,1.628,-0.485
1998-01-12 02:00:00,4.007,2.576,0.632,-1.471
1998-01-12 03:00:00,3.937,-1.015,-1.534,-2.978
1998-01-12 04:00:00,4.405,-1.025,-2.972,-2.393
1998-01-12 05:00:00,5.1,0.323,-3.989,-2.06
1998-01-12 06:00:00,5.444,-0.831,-4.648,-2.312
1998-01-12 07:00:00,6.313,2.305,-3.92,2.411
1998-01-12 08:00:00,6.666,0.3,-3.388,0.546
1998-01-12 09:00:00,7.135,-3.78,-3.448,-3.924
1998-01-12 10:00:00,6.056,-1.309,-5.103,1.098
1998-01-12 11:00:00,5.559,2.925,-1.897,3.268
1998-01-12 12:00:00,5.372,4.176,0.306,2.568
1998-01-12 13:00:00,5.341,2.571,-3.546,2.199
1998-01-12 14:00:00,7.027,2.975,-4.61,2.573
1998-01-12 15:00:00,5.38,1.976,-3.759,-1.457
1998-01-12 16:00:00,4.915,2.749,-1.798,0.828
1998-01-12 17:00:00,5.39,1.75,-4.377,-1.15
1998-01-12 18:00:00,5.045,2.688,-3.102,1.521
1998-01-12 19:00:00,4.989,3.284,-2.294,0.579
1998-01-12 20:00:00,5.161,4.868,-1.446,0.628
1998-01-12 21:00:00,5.1,4.8,-1.58,0.092
1998-01-12 22:00:00,5.183,4.109,-2.91,-0.187
1998-01-12 23:00:00,5.407,3.886,-3.481,0.006
1998-01-13 00:00:00,5.632,5.015,-2.269,0.783
1998-01-13 01:00:00,5.36,5.057,-1.36,0.892
1998-01-13 02:00:00,5.136,4.687,-1.772,0.299
1998-01-13 03:00:00,4.929,4.105,-2.396,-0.413
1998-01-13 04:00:00,5.201,1.949,-4.564,-0.368
1998-01-13 05:00:00,4.899,2.413,-3.414,-0.419
1998-01-13 06:00:00,4.877,2.277,-3.649,-1.502
1998-01-13 07:00:00,4.84,-0.068,-4.337,-1.043
1998-01-13 08:00:00,5.048,-1.39,-3.953,-2.199
1998-01-13 09:00:00,4.722,0.524,-4.061,-0.823
1998-01-13 10:00:00,4.931,3.095,-3.237,1.449
1998-01-13 11:00:00,4.914,0.794,-3.551,-0.964
1998-01-13 12:00:00,5.36,-2.98,-1.572,-3.855
1998-01-13 13:00:00,5.01,-2.116,-3.464,-1.268
1998-01-13 14:00:00,4.783,-2.054,0.826,-3.862
1998-01-13 15:00:00,4.307,-0.93,-3.06,-1.777
1998-01-13 16:00:00,3.974,1.671,-2.684,-0.463
1998-01-13 17:00:00,5.048,3.036,-0.353,3.404
1998-01-13 18:00:00,5.05,3.342,0.379,3.42
1998-01-13 19:00:00,5.298,4.014,-0.172,3.322
1998-01-13 20:00:00,4.946,4.119,-1.434,2.063
1998-01-13 21:00:00,4.007,2.746,0.616,1.626
1998-01-13 22:00:00,3.147,2.222,0.413,1.014
1998-01-13 23:00:00,4.075,-0.411,-2.672,-1.993
1998-01-14 00:00:00,3.736,-1.273,-2.372,-1.85
1998-01-14 01:00:00,2.882,0.077,-2.059,-1.429
1998-01-14 02:00:00,3.376,0.955,-2.746,-0.758
1998-01-14 03:00:00,3.338,2.44,-1.927,-0.68
1998-01-14 04:00:00,3.203,2.313,-1.659,-0.986
1998-01-14 05:00:00,3.335,1.325,-0.558,-0.544
1998-01-14 06:00:00,3.367,2.02,1.969,-1.073
1998-01-14 07:00:00,3.428,2.41,1.998,-0.816
1998-01-14 08:00:00,3.294,1.337,-0.466,-2.486
1998-01-14 09:00:00,3.243,1.052,-2.009,-2.072
1998-01-14 10:00:00,3.027,1.714,-1.901,-1.053
1998-01-14 11:00:00,3.602,3.353,-1.041,-0.361
1998-01-14 12:00:00,3.761,3.486,-1.159,0.541
1998-01-14 13:00:00,3.365,2.781,-1.38,1.088
1998-01-14 14:00:00,3.462,2.408,-0.822,1.717
1998-01-14 15:00:00,3.611,1.028,-0.694,3.001
1998-01-14 16:00:00,3.621,0.437,-2.815,1.916
1998-01-14 17:00:00,3.546,1.635,-2.84,0.602
1998-01-14 18:00:00,3.659,0.618,-2.659,-0.698
1998-01-14 19:00:00,4.033,-0.776,-3.796,-0.695
1998-01-14 20:00:00,3.925,0.888,-2.955,-2.172
1998-01-14 21:00:00,3.378,0.727,-2.34,-2.062
1998-01-14 22:00:00,3.504,2.57,-1.761,0.123
1998-01-14 23:00:00,3.89,2.241,-2.722,-0.315
1998-01-15 00:00:00,4.083,2.855,-2.651,0.884
1998-01-15 01:00:00,4.038,3.322,-2.167,0.629
1998-01-15 02:00:00,3.49,2.808,-1.917,0.497
1998-01-15 03:00:00,3.382,3.194,0.561,-0.14
1998-01-15 04:00:00,3.305,2.191,2.364,-0.173
1998-01-15 05:00:00,2.159,0.142,0.607,-0.74
1998-01-15 06:00:00,2.842,-0.866,0.221,-2.097
1998-01-15 07:00:00,3.289,-0.122,-1.9,-2.342
1998-01-15 08:00:00,2.944,0.635,-1.601,-2.0
1998-01-15 09:00:00,2.704,1.644,-0.787,-1.739
1998-01-15 10:00:00,2.591,1.473,-1.013,-1.53
1998-01-15 11:00:00,2.782,1.88,0.383,-1.606
1998-01-15 12:00:00,2.379,0.408,1.146,-1.343
1998-01-15 13:00:00,3.158,2.524,-1.137,-1.328
1998-01-15 14:00:00,2.807,1.603,-1.668,-1.135
1998-01-15 15:00:00,2.991,2.762,0.342,0.623
1998-01-15 16:00:00,3.462,3.265,0.36,0.787
1998-01-15 17:00:00,3.592,3.546,-0.459,-0.077
1998-01-15 18:00:00,3.873,3.603,-1.069,-0.745
1998-01-15 19:00:00,3.978,3.561,-1.428,-0.708
1998-01-15 20:00:00,4.126,3.966,-0.924,-0.255
1998-01-15 21:00:00,4.293,4.169,-0.279,-0.236
1998-01-15 22:00:00,4.952,3.382,-1.446,-2.64
1998-01-15 23:00:00,3.882,0.676,-1.515,-2.093
1998-01-16 00:00:00,3.063,-2.352,-1.097,-0.848
1998-01-16 01:00:00,3.171,-0.959,-1.734,-0.348
1998-01-16 02:00:00,3.096,-0.17,-2.75,-1.178
1998-01-16 03:00:00,3.797,-0.379,-3.038,-1.711
1998-01-16 04:00:00,2.919,0.777,-1.817,-1.566
1998-01-16 05:00:00,3.661,1.721,-2.26,-2.067
1998-01-16 06:00:00,3.41,1.497,-2.348,-1.827
1998-01-16 07:00:00,2.915,-0.835,-1.117,-2.069
1998-01-16 08:00:00,3.577,-2.295,-0.869,-2.366
1998-01-16 09:00:00,3.228,-0.653,-1.469,-2.583
1998-01-16 10:00:00,4.666,-1.366,-1.089,-3.805
1998-01-16 11:00:00,6.285,3.913,-3.504,-2.185
1998-01-16 12:00:00,6.592,4.543,-4.523,-0.644
1998-01-16 13:00:00,5.471,-1.28,0.201,-4.617
1998-01-16 14:00:00,6.625,-1.013,0.584,-6.061
1998-01-16 15:00:00,8.787,-0.237,2.674,-7.437
1998-01-16 16:00:00,11.682,7.028,-8.885,-1.555
1998-01-16 17:00:00,13.105,7.082,-10.677,0.481
1998-01-16 18:00:00,12.282,5.964,-5.914,-4.752
1998-01-16 19:00:00,8.028,2.804,3.718,-3.655
1998-01-16 20:00:00,9.56,4.436,4.399,3.423
1998-01-16 21:00:00,10.953,5.471,-2.641,8.115
1998-01-16 22:00:00,10.592,7.193,-7.218,1.217
1998-01-16 23:00:00,8.007,2.57,-5.225,-3.551
1998-01-17 00:00:00,7.944,3.058,-3.973,-4.065
1998-01-17 01:00:00,10.387,7.006,-7.255,-0.119
1998-01-17 02:00:00,10.148,6.161,-7.765,-1.473
1998-01-17 03:00:00,9.615,5.654,-7.533,-1.195
1998-01-17 04:00:00,8.954,3.208,-7.667,-2.557
1998-01-17 05:00:00,7.747,3.592,-5.981,-1.441
1998-01-17 06:00:00,6.34,-3.429,1.321,-1.573
1998-01-17 07:00:00,6.952,-5.567,3.475,-1.822
1998-01-17 08:00:00,6.793,-5.64,1.649,-3.191
1998-01-17 09:00:00,6.507,-5.033,0.234,-4.066
1998-01-17 10:00:00,4.552,-3.468,0.892,-2.585
1998-01-17 11:00:00,4.215,-2.744,2.839,-0.765
1998-01-17 12:00:00,2.974,1.508,1.774,0.317
1998-01-17 13:00:00,4.131,0.635,3.297,-0.096
1998-01-17 14:00:00,5.846,0.767,2.979,-1.198
1998-01-17 15:00:00,5.104,-1.785,0.68,-4.606
1998-01-17 16:00:00,3.603,0.024,1.597,-2.917
1998-01-17 17:00:00,5.365,1.146,1.725,-4.764
1998-01-17 18:00:00,5.863,0.43,0.87,-5.582
1998-01-17 19:00:00,4.321,0.768,-0.461,-3.908
1998-01-17 20:00:00,3.996,0.474,1.348,-1.591
1998-01-17 21:00:00,3.702,1.361,0.186,-0.311
1998-01-17 22:00:00,3.826,-2.125,1.467,-1.917
1998-01-17 23:00:00,2.653,0.321,0.686,-1.88
1998-01-18 00:00:00,3.212,1.084,0.131,-2.815
1998-01-18 01:00:00,3.823,-0.205,0.693,-3.568
1998-01-18 02:00:00,3.72,0.347,0.213,-3.538
1998-01-18 03:00:00,3.638,0.551,0.294,-3.293
1998-01-18 04:00:00,3.54,2.594,-0.113,-2.241
1998-01-18 05:00:00,3.621,3.226,0.484,-1.354
1998-01-18 06:00:00,3.506,2.959,-0.166,-1.577
1998-01-18 07:00:00,3.633,0.883,0.895,-2.717
1998-01-18 08:00:00,4.391,4.079,-1.013,-0.046
1998-01-18 09:00:00,4.741,3.865,0.883,1.653
1998-01-18 10:00:00,7.414,3.813,0.45,-4.54
1998-01-18 11:00:00,8.207,5.489,-1.401,-2.217
1998-01-18 12:00:00,9.056,7.87,-3.425,1.851
1998-01-18 13:00:00,9.847,8.016,-4.588,3.359
1998-01-18 14:00:00,8.903,7.692,-4.213,1.28
1998-01-18 15:00:00,9.205,7.751,-4.147,1.866
1998-01-18 16:00:00,8.397,7.527,-3.135,1.331
1998-01-18 17:00:00,8.205,5.959,-3.041,4.303
1998-01-18 18:00:00,8.005,-0.229,-1.37,7.681
1998-01-18 19:00:00,8.087,4.38,-2.599,3.925
1998-01-18 20:00:00,8.161,7.185,-3.55,1.401
1998-01-18 21:00:00,7.767,6.829,-3.439,1.143
1998-01-18 22:00:00,8.729,-3.235,3.73,4.24
1998-01-18 23:00:00,8.162,-2.864,3.825,6.409
1998-01-19 00:00:00,9.507,-1.205,4.534,8.19
1998-01-19 01:00:00,9.19,0.469,2.04,8.823
1998-01-19 02:00:00,8.878,-1.139,0.9,8.681
1998-01-19 03:00:00,9.416,-1.241,1.756,9.069
1998-01-19 04:00:00,7.797,-0.656,2.846,6.813
1998-01-19 05:00:00,8.182,0.057,6.685,4.104
1998-01-19 06:00:00,9.067,0.676,7.839,4.32
1998-01-19 07:00:00,8.825,0.255,7.768,3.62
1998-01-19 08:00:00,8.437,0.142,7.778,2.698
1998-01-19 09:00:00,9.506,2.004,8.488,3.219
1998-01-19 10:00:00,9.783,3.675,5.921,3.815
1998-01-19 11:00:00,10.388,6.048,-6.659,4.821
1998-01-19 12:00:00,12.52,6.172,-7.481,7.072
1998-01-19 13:00:00,15.598,8.285,-5.484,11.729
1998-01-19 14:00:00,15.998,10.457,5.054,9.131
1998-01-19 15:00:00,15.199,4.364,1.408,13.789
1998-01-19 16:00:00,17.233,3.739,9.857,13.294
1998-01-19 17:00:00,15.798,-1.838,13.935,5.081
1998-01-19 18:00:00,14.237,-0.281,12.308,6.159
1998-01-19 19:00:00,12.32,1.618,9.591,5.082
1998-01-19 20:00:00,13.586,6.283,-1.219,9.372
1998-01-19 21:00:00,11.377,5.738,-8.459,1.224
1998-01-19 22:00:00,9.66,7.6,-4.625,0.879
1998-01-19 23:00:00,9.634,6.68,-1.251,5.41
1998-01-20 00:00:00,12.339,9.062,-3.225,4.357
1998-01-20 01:00:00,12.427,3.499,-9.494,-5.543
1998-01-20 02:00:00,10.522,4.852,-6.656,1.114
1998-01-20 03:00:00,11.22,4.671,-4.701,7.756
1998-01-20 04:00:00,10.585,1.666,3.997,9.253
1998-01-20 05:00:00,10.347,2.191,4.098,8.68
1998-01-20 06:00:00,9.39,-0.69,6.453,6.043
1998-01-20 07:00:00,8.177,1.556,-1.06,-2.134
1998-01-20 08:00:00,7.782,2.074,2.465,-0.135
1998-01-20 09:00:00,7.325,3.271,-5.401,1.52
1998-01-20 10:00:00,7.843,4.466,-5.913,1.019
1998-01-20 11:00:00,8.114,3.464,-6.186,2.773
1998-01-20 12:00:00,6.93,1.322,-5.55,-0.627
1998-01-20 13:00:00,7.536,0.739,-4.269,-4.34
1998-01-20 14:00:00,7.497,1.12,-5.892,-2.934
1998-01-20 15:00:00,7.193,0.616,-4.505,-3.483
1998-01-20 16:00:00,5.967,0.969,-1.091,-3.332
1998-01-20 17:00:00,4.376,0.215,-0.823,-4.073
1998-01-20 18:00:00,5.436,0.59,1.562,-5.096
1998-01-20 19:00:00,5.244,1.006,0.487,-4.989
1998-01-20 20:00:00,5.0,2.471,1.477,-3.977
1998-01-20 21:00:00,5.62,4.319,2.73,-2.175
1998-01-20 22:00:00,5.983,4.548,3.594,-1.363
1998-01-20 23:00:00,5.972,4.194,3.018,2.3
1998-01-21 00:00:00,7.102,4.44,3.013,4.565
1998-01-21 01:00:00,6.021,4.131,2.955,3.05
1998-01-21 02:00:00,5.011,4.383,0.787,1.61
1998-01-21 03:00:00,4.793,3.646,0.362,1.037
1998-01-21 04:00:00,6.072,-3.204,-0.857,-4.538
1998-01-21 05:00:00,7.358,5.196,2.179,0.955
1998-01-21 06:00:00,9.791,7.205,3.565,5.49
1998-01-21 07:00:00,11.781,6.075,2.715,9.582
1998-01-21 08:00:00,12.459,6.686,3.302,9.765
1998-01-21 09:00:00,12.58,8.895,1.709,8.671
1998-01-21 10:00:00,13.397,8.299,-0.069,10.123
1998-01-21 11:00:00,14.576,11.513,0.701,8.003
1998-01-21 12:00:00,14.714,11.608,0.616,8.709
1998-01-21 13:00:00,15.407,11.372,-3.042,9.606
1998-01-21 14:00:00,16.796,10.749,-6.107,10.744
1998-01-21 15:00:00,18.25,13.035,-5.988,9.871
1998-01-21 16:00:00,17.667,14.412,5.256,8.58
1998-01-21 17:00:00,17.153,14.082,-1.435,9.378
1998-01-21 18:00:00,16.85,15.109,-1.815,7.045
1998-01-21 19:00:00,17.368,15.836,0.394,6.98
1998-01-21 20:00:00,17.068,16.325,1.726,4.614
1998-01-21 21:00:00,16.245,15.074,4.918,2.925
1998-01-21 22:00:00,14.181,10.049,5.955,7.755
1998-01-21 23:00:00,13.528,9.083,4.754,8.588
1998-01-22 00:00:00,13.525,6.883,2.453,10.952
1998-01-22 01:00:00,11.676,3.99,-7.015,8.146
1998-01-22 02:00:00,11.665,6.834,-5.511,7.419
1998-01-22 03:00:00,11.792,7.382,-6.252,6.583
1998-01-22 04:00:00,11.85,6.788,-5.618,7.714
1998-01-22 05:00:00,11.317,5.93,-4.882,8.066
1998-01-22 06:00:00,11.291,6.478,-1.944,8.973
1998-01-22 07:00:00,10.785,6.8,1.821,7.595
1998-01-22 08:00:00,10.381,7.155,2.125,7.041
1998-01-22 09:00:00,10.152,6.073,1.662,7.672
1998-01-22 10:00:00,9.29,4.412,-0.755,7.625
1998-01-22 11:00:00,8.127,-1.966,5.643,2.647
1998-01-22 12:00:00,7.908,-5.052,5.691,0.661
1998-01-22 13:00:00,6.028,-4.054,3.621,0.305
1998-01-22 14:00:00,5.424,-3.862,3.574,0.463
1998-01-22 15:00:00,4.799,-3.185,2.954,1.339
1998-01-22 16:00:00,5.538,-3.338,3.405,2.151
1998-01-22 17:00:00,6.418,-2.154,1.81,5.435
1998-01-22 18:00:00,6.767,4.93,-2.906,-1.29
1998-01-22 19:00:00,6.11,4.309,-3.323,-1.628
1998-01-22 20:00:00,3.769,-0.387,0.849,-0.147
1998-01-22 21:00:00,4.672,-3.388,0.265,1.618
1998-01-22 22:00:00,5.245,-4.282,1.249,0.868
1998-01-22 23:00:00,5.271,-3.823,2.733,1.693
1998-01-23 00:00:00,5.227,-4.944,1.162,0.366
1998-01-23 01:00:00,5.49,-4.366,1.594,2.652
1998-01-23 02:00:00,5.4,-4.755,1.835,0.624
1998-01-23 03:00:00,5.369,-4.569,2.122,1.44
1998-01-23 04:00:00,5.045,-4.249,2.288,0.568
1998-01-23 05:00:00,4.944,-3.649,3.049,-0.385
1998-01-23 06:00:00,5.001,-4.185,1.394,0.476
1998-01-23 07:00:00,5.031,-3.397,1.619,1.529
1998-01-23 08:00:00,5.036,-4.418,1.9,0.352
1998-01-23 09:00:00,5.052,-4.35,2.27,-0.365
1998-01-23 10:00:00,4.739,-2.136,4.016,0.139
1998-01-23 11:00:00,4.868,-2.266,4.148,0.153
1998-01-23 12:00:00,4.601,-1.794,3.928,1.02
1998-01-23 13:00:00,4.485,-3.81,2.171,-0.173
1998-01-23 14:00:00,4.476,-3.718,2.129,0.973
1998-01-23 15:00:00,4.66,-3.502,2.332,1.911
1998-01-23 16:00:00,4.848,-3.158,3.091,1.869
1998-01-23 17:00:00,5.05,-1.035,4.324,2.087
1998-01-23 18:00:00,4.746,-0.9,3.478,3.005
1998-01-23 19:00:00,3.927,-2.987,0.114,-0.38
1998-01-23 20:00:00,3.914,-3.294,-0.266,-0.551
1998-01-23 21:00:00,3.049,-1.539,0.425,0.61
1998-01-23 22:00:00,4.311,-2.192,2.058,2.888
1998-01-23 23:00:00,3.938,-1.681,2.045,2.649
1998-01-24 00:00:00,3.192,-2.432,1.464,-0.561
1998-01-24 01:00:00,3.082,-1.945,0.932,-1.757
1998-01-24 02:00:00,2.941,-0.917,0.282,-2.124
1998-01-24 03:00:00,2.064,-0.501,1.646,-0.726
1998-01-24 04:00:00,2.169,-1.763,0.742,-0.284
1998-01-24 05:00:00,7.433,-1.238,6.899,0.295
1998-01-24 06:00:00,7.524,2.677,5.238,4.092
1998-01-24 07:00:00,7.479,4.82,-1.73,3.941
1998-01-24 08:00:00,9.424,4.585,-7.842,0.711
1998-01-24 09:00:00,9.616,6.18,-5.549,4.453
1998-01-24 10:00:00,9.863,6.076,-7.313,2.406
1998-01-24 11:00:00,9.084,5.334,-6.863,2.029
1998-01-24 12:00:00,7.924,4.577,-2.48,4.425
1998-01-24 13:00:00,6.747,4.318,-4.218,2.039
1998-01-24 14:00:00,5.969,5.4,-1.737,1.121
1998-01-24 15:00:00,5.296,4.458,-2.003,-0.836
1998-01-24 16:00:00,4.871,3.743,-1.649,-1.941
1998-01-24 17:00:00,4.868,3.585,-2.408,1.091
1998-01-24 18:00:00,5.298,0.25,-3.389,-2.801
1998-01-24 19:00:00,5.713,3.235,-2.989,2.259
1998-01-24 20:00:00,5.657,0.993,-5.055,-1.863
1998-01-24 21:00:00,5.959,-1.26,-4.321,-3.475
1998-01-24 22:00:00,4.707,0.914,-4.073,-1.427
1998-01-24 23:00:00,6.277,2.475,-4.86,-0.781
1998-01-25 00:00:00,6.218,2.88,-5.049,-0.565
1998-01-25 01:00:00,6.568,-1.416,-4.319,-2.003
1998-01-25 02:00:00,6.69,-2.481,0.472,-3.044
1998-01-25 03:00:00,5.923,-2.701,2.426,-1.52
1998-01-25 04:00:00,5.605,1.572,0.045,4.62
1998-01-25 05:00:00,5.516,4.713,0.59,0.333
1998-01-25 06:00:00,3.74,2.352,-2.394,1.095
1998-01-25 07:00:00,3.759,1.545,-3.04,-0.143
1998-01-25 08:00:00,3.546,0.784,-2.469,1.96
1998-01-25 09:00:00,3.573,0.726,-0.327,0.841
1998-01-25 10:00:00,3.925,-1.838,1.685,-2.12
1998-01-25 11:00:00,3.767,0.033,-2.704,0.906
1998-01-25 12:00:00,3.793,1.308,-2.313,0.86
1998-01-25 13:00:00,4.691,-0.477,-1.977,-4.116
1998-01-25 14:00:00,5.523,0.552,0.684,-4.916
1998-01-25 15:00:00,6.369,0.32,4.25,-4.52
1998-01-25 16:00:00,8.868,0.346,6.726,-5.224
1998-01-25 17:00:00,7.696,0.77,7.282,0.942
1998-01-25 18:00:00,5.858,1.434,3.438,4.37
1998-01-25 19:00:00,5.163,-2.765,2.726,1.968
1998-01-25 20:00:00,5.113,-2.893,1.375,3.825
1998-01-25 21:00:00,6.648,-3.936,2.647,4.23
1998-01-25 22:00:00,6.636,-5.417,2.226,2.729
1998-01-25 23:00:00,6.38,-4.87,3.043,2.446
1998-01-26 00:00:00,6.21,-4.695,1.898,2.826
1998-01-26 01:00:00,6.19,-5.377,2.118,1.314
1998-01-26 02:00:00,6.556,-5.73,2.701,0.868
1998-01-26 03:00:00,6.708,-5.64,2.592,2.332
1998-01-26 04:00:00,6.665,-5.697,2.275,2.452
1998-01-26 05:00:00,6.323,-5.282,2.157,2.24
1998-01-26 06:00:00,4.155,-2.186,-0.05,1.92
1998-01-26 07:00:00,5.045,-4.454,-1.047,1.459
1998-01-26 08:00:00,4.947,-4.48,-1.417,0.029
1998-01-26 09:00:00,4.346,-3.567,-1.53,-1.05
1998-01-26 10:00:00,3.604,-1.893,2.12,-1.446
1998-01-26 11:00:00,4.093,-2.642,1.86,-1.783
1998-01-26 12:00:00,4.596,-4.403,1.079,-0.367
1998-01-26 13:00:00,4.983,-4.878,0.726,0.19
1998-01-26 14:00:00,5.043,-4.33,2.394,0.062
1998-01-26 15:00:00,4.937,-4.213,2.468,-0.062
1998-01-26 16:00:00,5.02,-3.909,2.791,-0.951
1998-01-26 17:00:00,5.05,-3.925,2.871,-1.263
1998-01-26 18:00:00,5.23,-4.343,2.617,0.43
1998-01-26 19:00:00,4.908,-3.896,2.339,1.618
1998-01-26 20:00:00,4.463,-3.183,2.623,0.995
1998-01-26 21:00:00,4.717,-3.997,2.061,0.836
1998-01-26 22:00:00,3.548,-1.943,2.357,0.434
1998-01-26 23:00:00,1.932,0.831,1.315,-0.579
1998-01-27 00:00:00,2.755,-2.217,1.506,0.204
1998-01-27 01:00:00,3.126,-2.671,0.846,1.073
1998-01-27 02:00:00,3.94,-3.03,0.231,2.034
1998-01-27 03:00:00,5.651,-2.732,4.041,0.687
1998-01-27 04:00:00,8.065,-4.174,5.265,4.091
1998-01-27 05:00:00,8.114,-5.165,2.117,4.731
1998-01-27 06:00:00,6.685,2.516,1.123,-5.903
1998-01-27 07:00:00,6.975,-1.653,-0.859,-0.999
1998-01-27 08:00:00,7.459,-4.417,1.388,4.841
1998-01-27 09:00:00,5.692,-4.857,0.681,2.706
1998-01-27 10:00:00,6.44,-5.462,-0.133,3.289
1998-01-27 11:00:00,5.739,2.282,2.2,-0.957
1998-01-27 12:00:00,4.293,1.871,2.02,-1.547
1998-01-27 13:00:00,3.133,2.332,1.394,-0.376
1998-01-27 14:00:00,2.277,1.686,1.067,-0.276
1998-01-27 15:00:00,4.07,-0.505,0.768,0.611
1998-01-27 16:00:00,3.581,-2.32,1.329,0.106
1998-01-27 17:00:00,3.218,1.736,-1.076,-1.955
1998-01-27 18:00:00,3.236,2.36,0.032,-1.574
1998-01-27 19:00:00,3.967,-3.17,1.813,0.758
1998-01-27 20:00:00,4.246,-3.351,1.115,2.29
1998-01-27 21:00:00,4.409,-3.675,0.648,2.029
1998-01-27 22:00:00,4.029,-2.88,0.655,2.425
1998-01-27 23:00:00,3.233,-0.065,2.158,0.982
1998-01-28 00:00:00,3.224,-1.261,1.263,1.914
1998-01-28 01:00:00,2.673,-0.972,1.914,1.152
1998-01-28 02:00:00,2.863,-2.083,1.364,1.036
1998-01-28 03:00:00,2.499,-1.985,1.219,0.443
1998-01-28 04:00:00,3.872,-3.636,1.065,0.623
1998-01-28 05:00:00,3.051,-2.951,0.032,0.569
1998-01-28 06:00:00,3.023,-2.91,0.053,-0.314
1998-01-28 07:00:00,4.141,-4.023,-0.381,0.824
1998-01-28 08:00:00,3.945,-3.805,-0.82,0.498
1998-01-28 09:00:00,3.788,-3.693,-0.067,0.527
1998-01-28 10:00:00,3.043,-2.751,0.7,0.899
1998-01-28 11:00:00,3.208,-2.87,1.033,0.607
1998-01-28 12:00:00,3.629,-3.329,0.084,1.347
1998-01-28 13:00:00,4.065,-3.598,-0.256,1.75
1998-01-28 14:00:00,2.665,-1.947,0.414,0.977
1998-01-28 15:00:00,3.992,-0.35,2.781,1.021
1998-01-28 16:00:00,8.452,-7.179,1.77,2.428
1998-01-28 17:00:00,8.07,-4.877,6.034,1.508
1998-01-28 18:00:00,7.54,1.884,6.688,1.21
1998-01-28 19:00:00,7.096,2.507,5.677,3.067
1998-01-28 20:00:00,7.053,-0.607,5.162,2.921
1998-01-28 21:00:00,7.246,-0.852,4.623,2.113
1998-01-28 22:00:00,7.458,0.52,5.698,3.05
1998-01-28 23:00:00,6.352,0.389,4.967,2.569
1998-01-29 00:00:00,6.299,0.379,5.293,0.929
1998-01-29 01:00:00,6.936,2.357,6.119,-0.038
1998-01-29 02:00:00,7.405,3.068,6.306,-0.678
1998-01-29 03:00:00,8.13,-5.231,5.581,1.569
1998-01-29 04:00:00,8.364,-3.912,7.079,0.162
1998-01-29 05:00:00,8.351,-5.527,4.959,-1.826
1998-01-29 06:00:00,7.552,-3.728,3.879,-4.885
1998-01-29 07:00:00,6.779,-2.858,4.874,1.645
1998-01-29 08:00:00,7.206,-3.362,5.361,1.151
1998-01-29 09:00:00,8.099,-2.964,6.197,3.9
1998-01-29 10:00:00,8.277,-2.914,7.335,1.362
1998-01-29 11:00:00,8.133,-0.583,7.367,-2.675
1998-01-29 12:00:00,6.59,-0.81,5.066,-0.494
1998-01-29 13:00:00,7.379,-1.042,6.488,-0.937
1998-01-29 14:00:00,8.151,-1.753,7.324,-1.492
1998-01-29 15:00:00,8.131,-2.436,7.599,0.657
1998-01-29 16:00:00,7.828,-3.33,6.953,1.118
1998-01-29 17:00:00,7.69,-3.777,6.385,1.573
1998-01-29 18:00:00,7.389,-4.196,5.52,2.483
1998-01-29 19:00:00,7.059,-3.8,4.835,1.534
1998-01-29 20:00:00,8.603,4.459,2.149,-6.928
1998-01-29 21:00:00,8.58,4.012,2.579,-6.854
1998-01-29 22:00:00,6.977,3.531,-0.729,-5.631
1998-01-29 23:00:00,7.258,2.526,5.417,-3.608
1998-01-30 00:00:00,7.299,2.557,3.218,-5.847
1998-01-30 01:00:00,7.757,1.63,1.28,-7.285
1998-01-30 02:00:00,7.788,3.212,1.336,-6.837
1998-01-30 03:00:00,7.394,3.146,-0.33,-6.538
1998-01-30 04:00:00,7.236,2.653,2.127,-5.957
1998-01-30 05:00:00,6.858,0.384,4.807,-4.187
1998-01-30 06:00:00,7.122,1.765,3.457,-5.464
1998-01-30 07:00:00,7.312,2.939,1.656,-6.423
1998-01-30 08:00:00,7.621,2.999,-0.64,-6.907
1998-01-30 09:00:00,8.405,3.658,-1.785,-7.243
1998-01-30 10:00:00,8.291,4.133,-3.989,-5.897
1998-01-30 11:00:00,7.866,3.354,-4.198,-5.728
1998-01-30 12:00:00,7.824,3.656,-4.075,-5.553
1998-01-30 13:00:00,7.98,4.756,-4.387,-4.63
1998-01-30 14:00:00,8.247,3.934,-5.089,-5.124
1998-01-30 15:00:00,8.222,4.101,-4.823,-5.168
1998-01-30 16:00:00,8.265,4.587,-4.558,-5.116
1998-01-30 17:00:00,8.663,4.479,-5.653,-4.78
1998-01-30 18:00:00,8.605,4.122,-6.331,-4.0
1998-01-30 19:00:00,8.862,4.399,-6.455,-4.128
1998-01-30 20:00:00,9.029,4.791,-7.03,-2.974
1998-01-30 21:00:00,8.452,3.723,-7.252,-2.034
1998-01-30 22:00:00,8.311,3.746,-7.13,-1.451
1998-01-30 23:00:00,7.176,2.173,-5.097,3.4
1998-01-31 00:00:00,7.304,3.07,-6.381,1.188
1998-01-31 01:00:00,6.529,3.539,-3.91,0.638
1998-01-31 02:00:00,5.137,3.185,1.419,-2.255
1998-01-31 03:00:00,5.47,4.579,-0.882,-2.599
1998-01-31 04:00:00,6.144,4.994,-2.639,-2.137
1998-01-31 05:00:00,5.977,3.769,-4.085,-0.508
1998-01-31 06:00:00,6.467,2.642,-5.05,-2.916
1998-01-31 07:00:00,6.383,2.762,-5.001,-2.706
1998-01-31 08:00:00,6.362,3.058,-4.794,-2.401
1998-01-31 09:00:00,6.251,2.775,-5.268,-1.718
1998-01-31 10:00:00,6.052,2.857,-4.909,-1.856
1998-01-31 11:00:00,6.135,3.716,-4.421,-1.849
1998-01-31 12:00:00,6.207,4.858,-3.541,-1.406
1998-01-31 13:00:00,5.137,3.428,-3.245,-1.673
1998-01-31 14:00:00,4.557,3.787,-2.133,-1.142
1998-01-31 15:00:00,6.636,4.569,-3.967,-1.866
1998-01-31 16:00:00,14.896,-0.703,-10.952,-4.804
1998-01-31 17:00:00,14.202,-2.009,-11.395,-7.519
1998-01-31 18:00:00,12.415,1.177,-11.634,-3.712
1998-01-31 19:00:00,9.753,2.388,-8.987,-1.231
1998-01-31 20:00:00,9.351,-1.917,-4.958,-0.272
1998-01-31 21:00:00,9.417,6.174,-2.24,5.605
1998-01-31 22:00:00,9.315,7.08,-1.715,5.644
1998-01-31 23:00:00,11.647,8.678,-3.729,6.743
1998-02-01 00:00:00,9.753,6.079,1.079,6.323
1998-02-01 01:00:00,6.746,-2.885,-5.322,-0.428
1998-02-01 02:00:00,10.031,-3.319,-8.872,1.292
1998-02-01 03:00:00,8.697,-4.888,-3.623,5.924
1998-02-01 04:00:00,6.332,-4.624,-1.91,3.512
1998-02-01 05:00:00,5.335,-3.296,1.254,2.529
1998-02-01 06:00:00,4.341,-0.115,2.701,1.144
1998-02-01 07:00:00,5.753,1.732,2.614,-4.173
1998-02-01 08:00:00,5.601,2.314,4.011,-0.449
1998-02-01 09:00:00,3.811,2.359,1.629,1.615
1998-02-01 10:00:00,3.366,0.715,1.114,2.195
1998-02-01 11:00:00,2.324,0.373,1.297,1.669
1998-02-01 12:00:00,2.144,0.307,0.769,1.332
1998-02-01 13:00:00,4.012,-2.784,0.144,1.898
1998-02-01 14:00:00,4.547,-3.439,1.343,1.41
1998-02-01 15:00:00,4.126,-1.543,1.214,3.011
1998-02-01 16:00:00,3.448,-0.942,-0.696,1.867
1998-02-01 17:00:00,1.743,0.139,-1.194,1.013
1998-02-01 18:00:00,1.495,-0.687,0.517,-0.099
1998-02-01 19:00:00,1.361,-0.545,0.703,-0.075
1998-02-01 20:00:00,3.225,-2.436,1.565,-0.793
1998-02-01 21:00:00,3.212,-0.491,0.893,0.82
1998-02-01 22:00:00,4.159,2.915,0.815,2.509
1998-02-01 23:00:00,3.614,2.282,-0.024,2.659
1998-02-02 00:00:00,4.041,1.287,0.754,3.178
1998-02-02 01:00:00,5.555,1.553,0.594,5.166
1998-02-02 02:00:00,4.989,0.342,-0.602,4.024
1998-02-02 03:00:00,4.607,1.392,0.17,2.4
1998-02-02 04:00:00,5.807,3.144,2.697,3.072
1998-02-02 05:00:00,6.585,1.881,2.536,5.271
1998-02-02 06:00:00,4.989,1.939,-3.653,1.001
1998-02-02 07:00:00,4.575,2.288,-2.608,1.262
1998-02-02 08:00:00,6.714,5.458,-0.473,3.687
1998-02-02 09:00:00,6.347,5.237,-0.452,3.027
1998-02-02 10:00:00,6.518,5.492,0.145,3.394
1998-02-02 11:00:00,6.745,6.02,-1.789,1.465
1998-02-02 12:00:00,6.175,3.021,-3.134,1.696
1998-02-02 13:00:00,5.53,2.777,-2.792,2.579
1998-02-02 14:00:00,6.123,4.454,2.366,2.886
1998-02-02 15:00:00,6.498,5.028,2.126,3.435
1998-02-02 16:00:00,6.682,6.116,0.284,2.621
1998-02-02 17:00:00,6.885,6.312,-1.425,2.074
1998-02-02 18:00:00,6.835,6.124,-2.693,0.946
1998-02-02 19:00:00,7.054,6.028,-3.21,-1.525
1998-02-02 20:00:00,7.12,6.271,-3.247,-0.438
1998-02-02 21:00:00,6.955,5.959,-3.485,0.376
1998-02-02 22:00:00,7.079,6.037,-3.539,-0.967
1998-02-02 23:00:00,6.825,5.864,-3.263,-1.064
1998-02-03 00:00:00,6.818,5.421,-3.773,-1.516
1998-02-03 01:00:00,6.998,5.149,-3.82,-0.91
1998-02-03 02:00:00,7.164,4.45,-5.361,-0.461
1998-02-03 03:00:00,7.113,6.055,-3.614,-0.574
1998-02-03 04:00:00,7.184,5.736,-4.14,-0.991
1998-02-03 05:00:00,7.137,5.613,-4.344,-0.529
1998-02-03 06:00:00,7.031,5.957,-3.566,-0.702
1998-02-03 07:00:00,7.031,5.692,-4.062,0.108
1998-02-03 08:00:00,6.742,3.541,-5.565,-0.629
1998-02-03 09:00:00,6.962,5.158,-3.995,0.991
1998-02-03 10:00:00,7.296,6.326,-3.316,0.35
1998-02-03 11:00:00,7.339,6.255,-3.616,1.009
1998-02-03 12:00:00,8.517,6.869,-4.219,-0.308
1998-02-03 13:00:00,8.86,3.706,-1.531,-6.509
1998-02-03 14:00:00,9.221,6.856,3.34,-5.02
1998-02-03 15:00:00,9.303,5.979,3.368,-6.215
1998-02-03 16:00:00,9.299,6.318,3.401,-5.879
1998-02-03 17:00:00,9.026,6.244,3.846,-5.152
1998-02-03 18:00:00,8.909,7.682,2.798,-2.843
1998-02-03 19:00:00,8.927,8.259,-0.179,-2.63
1998-02-03 20:00:00,9.102,6.476,-2.967,-5.374
1998-02-03 21:00:00,9.261,5.387,-4.339,-6.082
1998-02-03 22:00:00,9.262,4.306,-3.396,-7.32
1998-02-03 23:00:00,9.528,4.045,-0.207,-8.42
1998-02-04 00:00:00,9.55,-0.09,-6.72,-4.414
1998-02-04 01:00:00,9.295,-1.433,-9.077,-1.211
1998-02-04 02:00:00,6.691,1.428,-5.356,-2.595
1998-02-04 03:00:00,7.297,0.479,-6.369,-2.993
1998-02-04 04:00:00,8.346,1.948,-5.424,-5.339
1998-02-04 05:00:00,9.213,4.049,-4.795,-6.406
1998-02-04 06:00:00,9.153,4.088,-5.428,-6.1
1998-02-04 07:00:00,9.614,4.927,-4.221,-7.0
1998-02-04 08:00:00,9.757,5.655,-2.977,-7.264
1998-02-04 09:00:00,10.32,5.538,-3.147,-8.067
1998-02-04 10:00:00,11.057,6.898,-2.21,-8.321
1998-02-04 11:00:00,11.611,8.331,-0.677,-8.041
1998-02-04 12:00:00,12.211,9.164,0.623,-8.01
1998-02-04 13:00:00,12.522,9.955,1.196,-7.362
1998-02-04 14:00:00,12.978,11.336,1.07,-6.209
1998-02-04 15:00:00,13.33,12.124,2.044,-5.049
1998-02-04 16:00:00,13.585,12.745,3.131,-3.476
1998-02-04 17:00:00,13.942,13.534,1.513,-2.526
1998-02-04 18:00:00,13.844,13.714,1.495,-1.002
1998-02-04 19:00:00,13.963,13.906,-0.173,0.049
1998-02-04 20:00:00,14.3,14.075,1.688,1.708
1998-02-04 21:00:00,14.27,13.911,0.07,3.042
1998-02-04 22:00:00,14.136,13.713,-1.135,3.137
1998-02-04 23:00:00,13.837,13.441,-1.267,2.976
1998-02-05 00:00:00,13.726,13.361,-1.37,2.759
1998-02-05 01:00:00,13.546,12.895,-2.072,3.331
1998-02-05 02:00:00,13.183,12.067,-3.223,3.955
1998-02-05 03:00:00,13.026,11.595,-3.548,4.654
1998-02-05 04:00:00,12.526,10.642,-4.07,5.088
1998-02-05 05:00:00,12.481,10.478,-3.526,5.773
1998-02-05 06:00:00,11.875,9.848,-3.309,5.725
1998-02-05 07:00:00,10.909,8.938,-2.53,5.685
1998-02-05 08:00:00,9.768,7.734,-2.541,5.38
1998-02-05 09:00:00,9.457,7.667,-1.826,5.177
1998-02-05 10:00:00,8.981,7.04,-2.558,4.884
1998-02-05 11:00:00,8.315,6.415,-3.432,4.004
1998-02-05 12:00:00,7.703,5.659,-3.511,3.768
1998-02-05 13:00:00,7.215,4.963,-3.716,3.655
1998-02-05 14:00:00,6.668,4.136,-4.417,2.718
1998-02-05 15:00:00,6.837,4.918,-4.027,2.296
1998-02-05 16:00:00,6.476,3.621,-4.952,1.833
1998-02-05 17:00:00,6.42,2.852,-5.592,1.241
1998-02-05 18:00:00,6.52,2.654,-5.943,0.278
1998-02-05 19:00:00,6.484,2.521,-5.945,-0.233
1998-02-05 20:00:00,6.212,1.389,-5.9,-0.97
1998-02-05 21:00:00,6.338,1.318,-5.886,-1.878
1998-02-05 22:00:00,5.915,-0.043,-5.231,-2.542
1998-02-05 23:00:00,6.002,1.219,-5.389,-1.686
1998-02-06 00:00:00,6.501,1.368,-6.213,-1.229
1998-02-06 01:00:00,5.873,0.572,-5.633,-1.375
1998-02-06 02:00:00,6.528,1.395,-6.159,-0.902
1998-02-06 03:00:00,6.235,1.876,-5.757,1.036
1998-02-06 04:00:00,6.861,2.409,-6.347,0.359
1998-02-06 05:00:00,6.416,2.273,-5.948,0.335
1998-02-06 06:00:00,3.127,2.137,-1.83,0.443
1998-02-06 07:00:00,6.169,2.759,-5.255,1.579
1998-02-06 08:00:00,3.708,1.681,-2.528,2.087
1998-02-06 09:00:00,3.499,0.269,1.882,-1.801
1998-02-06 10:00:00,3.078,-1.33,2.4,-1.0
1998-02-06 11:00:00,3.259,-1.578,2.327,0.907
1998-02-06 12:00:00,3.841,-2.231,1.198,2.557
1998-02-06 13:00:00,5.541,-3.297,4.08,0.079
1998-02-06 14:00:00,5.214,-3.164,3.001,-1.096
1998-02-06 15:00:00,5.316,-4.374,2.686,-1.068
1998-02-06 16:00:00,4.807,-4.007,2.461,-0.852
1998-02-06 17:00:00,4.649,-4.137,1.713,0.38
1998-02-06 18:00:00,4.764,-3.586,2.497,1.828
1998-02-06 19:00:00,4.888,-4.192,1.703,1.801
1998-02-06 20:00:00,5.354,-4.807,1.059,2.045
1998-02-06 21:00:00,4.943,-3.924,0.285,2.851
1998-02-06 22:00:00,5.696,-3.98,-1.066,2.721
1998-02-06 23:00:00,6.199,-4.187,-3.07,1.687
1998-02-07 00:00:00,6.954,-6.0,1.754,2.757
1998-02-07 01:00:00,6.355,-4.926,2.834,0.423
1998-02-07 02:00:00,5.421,-2.849,1.645,-3.886
1998-02-07 03:00:00,5.78,-3.0,3.567,1.578
1998-02-07 04:00:00,5.199,-2.188,2.509,3.396
1998-02-07 05:00:00,4.81,-1.615,2.244,3.461
1998-02-07 06:00:00,4.732,-4.56,0.48,-0.835
1998-02-07 07:00:00,5.009,-4.531,0.269,-2.007
1998-02-07 08:00:00,3.447,-2.576,1.021,-0.705
1998-02-07 09:00:00,1.965,-0.441,0.805,-0.388
1998-02-07 10:00:00,1.817,0.586,0.42,-0.308
1998-02-07 11:00:00,2.448,1.862,-0.009,-0.895
1998-02-07 12:00:00,2.515,1.243,-1.105,0.909
1998-02-07 13:00:00,2.876,1.868,-1.962,-0.271
1998-02-07 14:00:00,2.53,-0.189,1.094,-0.082
1998-02-07 15:00:00,3.021,-0.489,2.556,-0.042
1998-02-07 16:00:00,4.149,-1.889,3.554,0.729
1998-02-07 17:00:00,4.04,-2.806,2.52,0.092
1998-02-07 18:00:00,4.763,3.065,-1.789,-2.343
1998-02-07 19:00:00,5.892,3.39,-3.471,-3.123
1998-02-07 20:00:00,5.126,1.984,-4.105,-2.146
1998-02-07 21:00:00,5.39,3.043,-4.234,-1.157
1998-02-07 22:00:00,5.114,2.906,-3.589,-0.861
1998-02-07 23:00:00,6.043,4.811,-3.542,-0.163
1998-02-08 00:00:00,6.571,4.003,-4.626,-1.932
1998-02-08 01:00:00,6.373,3.494,-4.719,-2.242
1998-02-08 02:00:00,6.045,3.294,-4.209,-1.829
1998-02-08 03:00:00,5.632,4.744,-2.871,-0.403
1998-02-08 04:00:00,4.686,3.899,-0.841,-2.324
1998-02-08 05:00:00,4.638,4.099,-1.882,-0.45
1998-02-08 06:00:00,4.538,3.582,-2.253,-0.724
1998-02-08 07:00:00,4.111,1.948,-2.295,-2.261
1998-02-08 08:00:00,3.877,1.602,-3.083,-1.356
1998-02-08 09:00:00,3.811,2.505,-1.843,-1.362
1998-02-08 10:00:00,4.106,2.571,-2.373,-1.478
1998-02-08 11:00:00,4.472,1.094,-3.134,-1.895
1998-02-08 12:00:00,5.859,0.719,-4.463,-2.958
1998-02-08 13:00:00,6.494,4.183,-0.6,2.816
1998-02-08 14:00:00,6.476,3.536,-0.459,2.838
1998-02-08 15:00:00,6.036,4.722,-0.366,2.126
1998-02-08 16:00:00,6.009,3.608,-2.452,-0.736
1998-02-08 17:00:00,7.582,0.223,-4.941,-5.455
1998-02-08 18:00:00,7.22,0.544,-3.878,-3.69
1998-02-08 19:00:00,8.078,-3.957,-2.416,-6.415
1998-02-08 20:00:00,7.145,-3.338,-1.068,-5.721
1998-02-08 21:00:00,6.979,-3.193,1.165,-5.641
1998-02-08 22:00:00,6.533,-2.593,2.105,-5.405
1998-02-08 23:00:00,4.757,-2.631,1.745,-2.963
1998-02-09 00:00:00,5.812,-3.793,2.555,-3.175
1998-02-09 01:00:00,7.46,-3.974,3.372,-3.635
1998-02-09 02:00:00,10.514,9.891,0.19,2.728
1998-02-09 03:00:00,11.5,10.269,-2.863,4.277
1998-02-09 04:00:00,10.685,9.43,-3.013,3.782
1998-02-09 05:00:00,5.59,4.253,-2.007,0.759
1998-02-09 06:00:00,9.672,8.805,-2.724,2.778
1998-02-09 07:00:00,8.734,7.797,-2.572,2.157
1998-02-09 08:00:00,7.426,3.459,-0.949,-0.842
1998-02-09 09:00:00,8.341,-1.341,0.285,-2.285
1998-02-09 10:00:00,11.335,-3.836,9.653,-0.425
1998-02-09 11:00:00,10.39,-1.778,0.553,-2.269
1998-02-09 12:00:00,7.202,0.486,-4.923,-0.251
1998-02-09 13:00:00,5.662,1.763,1.248,0.401
1998-02-09 14:00:00,5.178,-0.963,-3.342,-2.627
1998-02-09 15:00:00,4.624,-0.322,2.626,0.643
1998-02-09 16:00:00,6.151,2.607,0.787,3.086
1998-02-09 17:00:00,7.133,2.922,-3.732,0.188
1998-02-09 18:00:00,7.892,1.609,-3.556,0.178
1998-02-09 19:00:00,8.123,5.715,-5.058,1.744
1998-02-09 20:00:00,8.853,5.779,-5.151,4.038
1998-02-09 21:00:00,7.871,3.927,-5.053,3.553
1998-02-09 22:00:00,7.351,0.964,-6.05,2.188
1998-02-09 23:00:00,5.944,-1.453,-3.103,-4.259
1998-02-10 00:00:00,4.605,-1.092,-2.494,-2.16
1998-02-10 01:00:00,4.772,-1.635,-2.93,-2.811
1998-02-10 02:00:00,4.661,2.916,-2.597,1.358
1998-02-10 03:00:00,4.215,3.592,-1.113,1.17
1998-02-10 04:00:00,3.492,2.84,-0.907,1.155
1998-02-10 05:00:00,3.147,0.509,1.086,-1.47
1998-02-10 06:00:00,3.921,-0.69,-0.744,-3.039
1998-02-10 07:00:00,4.145,-1.104,-1.391,-1.169
1998-02-10 08:00:00,4.581,0.867,-2.596,2.368
1998-02-10 09:00:00,4.584,1.909,-3.2,1.636
1998-02-10 10:00:00,4.555,2.958,-3.129,-0.994
1998-02-10 11:00:00,4.645,3.942,-1.979,-0.251
1998-02-10 12:00:00,4.534,3.886,-2.143,-0.45
1998-02-10 13:00:00,4.416,3.535,-2.314,-0.838
1998-02-10 14:00:00,3.818,2.44,-1.946,-1.255
1998-02-10 15:00:00,4.464,3.582,-2.388,-0.029
1998-02-10 16:00:00,4.219,3.175,-2.226,-0.35
1998-02-10 17:00:00,4.565,3.346,-3.022,-0.082
1998-02-10 18:00:00,4.936,3.915,-2.8,-0.424
1998-02-10 19:00:00,5.445,4.055,-3.443,-0.922
1998-02-10 20:00:00,6.291,4.992,-2.53,-2.702
1998-02-10 21:00:00,6.729,3.742,-3.639,-4.06
1998-02-10 22:00:00,7.35,5.223,-4.123,-2.81
1998-02-10 23:00:00,7.757,4.885,-3.549,-4.281
1998-02-11 00:00:00,8.681,5.837,-4.476,-3.283
1998-02-11 01:00:00,7.102,5.269,-2.524,-2.362
1998-02-11 02:00:00,6.815,4.968,-3.709,-0.579
1998-02-11 03:00:00,6.518,2.61,-3.604,4.004
1998-02-11 04:00:00,6.833,1.549,-4.535,4.116
1998-02-11 05:00:00,4.226,-0.675,1.506,0.927
1998-02-11 06:00:00,5.701,3.336,-3.926,0.13
1998-02-11 07:00:00,7.388,3.865,-5.832,-1.198
1998-02-11 08:00:00,9.181,4.701,-7.695,0.302
1998-02-11 09:00:00,10.149,7.42,-6.073,-2.351
1998-02-11 10:00:00,10.041,7.548,-4.687,-2.69
1998-02-11 11:00:00,7.264,1.019,0.62,-1.972
1998-02-11 12:00:00,6.481,1.955,-0.065,-4.104
1998-02-11 13:00:00,7.063,5.677,-2.813,-1.759
1998-02-11 14:00:00,8.018,4.494,3.197,-3.971
1998-02-11 15:00:00,8.813,5.094,-5.281,-1.08
1998-02-11 16:00:00,8.896,4.994,-6.117,-1.533
1998-02-11 17:00:00,7.232,3.896,-2.221,-2.772
1998-02-11 18:00:00,6.829,3.243,-2.4,-3.07
1998-02-11 19:00:00,6.336,1.059,1.546,-3.883
1998-02-11 20:00:00,5.635,1.913,-4.109,-1.882
1998-02-11 21:00:00,5.663,2.64,-1.083,-1.88
1998-02-11 22:00:00,4.979,1.912,-2.401,-1.995
1998-02-11 23:00:00,5.598,4.011,0.159,-1.75
1998-02-12 00:00:00,5.525,4.969,-0.084,-0.172
1998-02-12 01:00:00,5.583,3.279,-3.692,0.509
1998-02-12 02:00:00,5.216,2.599,0.069,0.664
1998-02-12 03:00:00,5.553,4.0,2.308,2.61
1998-02-12 04:00:00,5.481,4.798,-0.836,0.905
1998-02-12 05:00:00,5.255,-0.134,-4.789,-1.067
1998-02-12 06:00:00,4.618,1.813,-2.73,-1.075
1998-02-12 07:00:00,4.757,-2.483,-3.139,-0.269
1998-02-12 08:00:00,4.627,-0.096,-3.718,0.15
1998-02-12 09:00:00,4.229,0.084,-2.853,-2.148
1998-02-12 10:00:00,3.862,-0.172,-2.371,-1.242
1998-02-12 11:00:00,4.206,2.14,-1.683,2.803
1998-02-12 12:00:00,3.919,2.88,-0.341,1.886
1998-02-12 13:00:00,3.953,3.634,-0.177,-0.711
1998-02-12 14:00:00,4.232,3.524,-0.552,-1.152
1998-02-12 15:00:00,3.615,3.078,-1.349,-0.368
1998-02-12 16:00:00,3.492,1.409,-2.584,0.566
1998-02-12 17:00:00,3.5,0.095,-0.805,-2.407
1998-02-12 18:00:00,2.953,-1.114,-0.964,-1.848
1998-02-12 19:00:00,3.594,-2.03,-2.375,-1.261
1998-02-12 20:00:00,2.847,0.046,-1.682,-0.746
1998-02-12 21:00:00,2.762,-0.734,-1.349,-1.13
1998-02-12 22:00:00,3.148,1.222,-0.191,-2.148
1998-02-12 23:00:00,3.273,2.006,-1.39,-1.706
1998-02-13 00:00:00,3.207,-1.64,-2.472,0.533
1998-02-13 01:00:00,3.164,-2.172,-2.09,0.737
1998-02-13 02:00:00,3.585,-2.529,-1.943,-1.102
1998-02-13 03:00:00,3.666,-2.247,-0.966,-1.649
1998-02-13 04:00:00,4.193,-0.969,-2.646,-2.726
1998-02-13 05:00:00,4.798,-2.236,-2.849,-2.816
1998-02-13 06:00:00,4.947,-0.014,-3.056,-3.539
1998-02-13 07:00:00,5.055,-1.489,-3.149,-2.948
1998-02-13 08:00:00,5.204,-0.879,-4.748,-1.296
1998-02-13 09:00:00,5.158,-0.784,-4.975,0.453
1998-02-13 10:00:00,5.191,-1.828,-4.511,-0.484
1998-02-13 11:00:00,4.479,-0.787,-3.662,-0.808
1998-02-13 12:00:00,4.321,-0.022,-3.985,-0.085
1998-02-13 13:00:00,4.229,-0.297,-3.064,0.52
1998-02-13 14:00:00,4.259,1.331,-3.2,-1.438
1998-02-13 15:00:00,4.207,0.074,-2.991,-1.646
1998-02-13 16:00:00,4.295,0.322,-3.572,-1.156
1998-02-13 17:00:00,4.911,-1.699,-3.559,-2.344
1998-02-13 18:00:00,4.609,0.195,-3.976,-0.22
1998-02-13 19:00:00,4.642,2.344,-2.152,-0.738
1998-02-13 20:00:00,4.678,2.851,-0.301,-2.315
1998-02-13 21:00:00,4.347,4.031,0.225,0.984
1998-02-13 22:00:00,4.821,4.114,-1.212,-0.82
1998-02-13 23:00:00,4.899,4.169,-1.636,-1.183
1998-02-14 00:00:00,4.61,4.475,0.088,-0.18
1998-02-14 01:00:00,4.545,4.327,-0.69,-1.022
1998-02-14 02:00:00,4.287,4.073,-0.899,0.011
1998-02-14 03:00:00,4.333,3.589,-1.375,-0.66
1998-02-14 04:00:00,4.351,3.279,-1.653,-1.372
1998-02-14 05:00:00,4.357,1.442,-2.317,-3.277
1998-02-14 06:00:00,4.025,2.517,-1.336,-0.866
1998-02-14 07:00:00,3.541,3.106,-0.316,0.278
1998-02-14 08:00:00,3.641,2.988,-0.573,0.793
1998-02-14 09:00:00,3.507,2.907,-0.899,-0.745
1998-02-14 10:00:00,3.794,3.668,-0.396,-0.148
1998-02-14 11:00:00,4.0,3.508,-1.092,0.919
1998-02-14 12:00:00,4.175,3.319,-1.716,-0.747
1998-02-14 13:00:00,4.174,2.382,-1.338,-0.946
1998-02-14 14:00:00,4.127,3.349,-2.127,-0.109
1998-02-14 15:00:00,4.238,2.901,-2.36,0.443
1998-02-14 16:00:00,4.617,2.31,-2.264,-2.281
1998-02-14 17:00:00,4.754,3.567,-2.047,-0.462
1998-02-14 18:00:00,4.619,3.876,-1.795,-1.022
1998-02-14 19:00:00,4.827,3.145,-2.766,-1.693
1998-02-14 20:00:00,5.441,3.405,-3.059,-1.025
1998-02-14 21:00:00,6.493,0.981,-4.234,-3.439
1998-02-14 22:00:00,7.069,-0.876,-4.071,-5.021
1998-02-14 23:00:00,7.415,-2.726,-1.919,-6.316
1998-02-15 00:00:00,7.204,-3.806,0.752,-5.831
1998-02-15 01:00:00,7.471,-0.86,-6.117,-3.682
1998-02-15 02:00:00,6.866,0.976,-6.584,0.02
1998-02-15 03:00:00,6.541,0.545,-6.173,1.342
1998-02-15 04:00:00,6.335,1.81,-5.524,1.522
1998-02-15 05:00:00,6.436,3.893,-5.063,0.449
1998-02-15 06:00:00,6.583,4.38,-4.557,1.315
1998-02-15 07:00:00,6.906,4.571,-4.779,-1.18
1998-02-15 08:00:00,6.923,5.061,-4.181,-2.153
1998-02-15 09:00:00,6.96,5.502,-3.812,-1.706
1998-02-15 10:00:00,6.937,5.745,-3.737,0.608
1998-02-15 11:00:00,6.923,5.904,-3.12,1.481
1998-02-15 12:00:00,7.127,6.266,-3.184,0.985
1998-02-15 13:00:00,7.088,6.351,-3.082,0.023
1998-02-15 14:00:00,7.07,6.575,-2.506,0.335
1998-02-15 15:00:00,7.119,6.563,-2.127,1.401
1998-02-15 16:00:00,7.034,6.788,-1.659,0.685
1998-02-15 17:00:00,6.835,6.582,-1.709,0.557
1998-02-15 18:00:00,6.421,6.132,-0.52,1.689
1998-02-15 19:00:00,5.984,5.704,-0.988,1.373
1998-02-15 20:00:00,6.058,5.89,-0.309,0.909
1998-02-15 21:00:00,5.732,4.842,-2.687,0.647
1998-02-15 22:00:00,6.055,5.344,-2.607,-0.068
1998-02-15 23:00:00,6.085,5.649,-1.797,-0.096
1998-02-16 00:00:00,6.145,5.6,-1.679,-1.424
1998-02-16 01:00:00,6.44,6.147,-1.433,-0.355
1998-02-16 02:00:00,7.069,6.707,-2.147,0.274
1998-02-16 03:00:00,6.91,6.418,-0.345,1.613
1998-02-16 04:00:00,5.886,5.143,-0.55,0.856
1998-02-16 05:00:00,5.715,3.294,2.545,2.891
1998-02-16 06:00:00,5.953,3.441,3.059,2.898
1998-02-16 07:00:00,5.746,1.599,4.124,2.907
1998-02-16 08:00:00,5.256,2.629,3.305,2.811
1998-02-16 09:00:00,4.967,3.35,2.219,2.558
1998-02-16 10:00:00,5.324,4.238,0.992,2.874
1998-02-16 11:00:00,5.545,4.429,0.505,3.214
1998-02-16 12:00:00,6.178,4.855,-2.103,2.887
1998-02-16 13:00:00,6.409,5.2,-2.857,2.205
1998-02-16 14:00:00,6.217,5.514,-0.581,2.62
1998-02-16 15:00:00,5.778,4.898,-1.106,2.525
1998-02-16 16:00:00,5.764,4.848,-2.464,1.806
1998-02-16 17:00:00,5.79,4.66,-2.681,1.354
1998-02-16 18:00:00,6.175,5.48,-2.64,-0.482
1998-02-16 19:00:00,6.184,5.763,-1.885,-0.534
1998-02-16 20:00:00,6.088,5.665,-2.071,0.039
1998-02-16 21:00:00,5.481,5.222,-0.453,-1.242
1998-02-16 22:00:00,5.444,5.089,-1.781,0.191
1998-02-16 23:00:00,5.31,5.012,-1.395,-0.522
1998-02-17 00:00:00,5.382,4.765,-2.326,-0.458
1998-02-17 01:00:00,5.351,4.053,-3.299,0.449
1998-02-17 02:00:00,5.181,4.527,-2.004,0.509
1998-02-17 03:00:00,5.033,4.516,-1.691,1.17
1998-02-17 04:00:00,5.735,2.422,-3.46,3.267
1998-02-17 05:00:00,6.286,2.212,-3.469,4.443
1998-02-17 06:00:00,6.242,0.095,-4.801,1.736
1998-02-17 07:00:00,6.857,0.626,-6.577,0.579
1998-02-17 08:00:00,6.903,1.714,-6.541,0.566
1998-02-17 09:00:00,6.8,-0.015,-0.224,4.984
1998-02-17 10:00:00,8.941,-1.838,6.936,4.258
1998-02-17 11:00:00,10.914,-3.085,10.259,0.783
1998-02-17 12:00:00,12.38,-3.835,10.469,-4.839
1998-02-17 13:00:00,12.752,-3.517,10.184,-6.719
1998-02-17 14:00:00,12.403,-6.143,8.206,-6.034
1998-02-17 15:00:00,12.484,-7.201,2.666,-8.972
1998-02-17 16:00:00,12.453,-4.661,7.936,-8.23
1998-02-17 17:00:00,13.295,-3.39,10.17,-7.719
1998-02-17 18:00:00,13.55,-3.882,9.198,-9.092
1998-02-17 19:00:00,13.682,-3.367,8.948,-9.699
1998-02-17 20:00:00,11.906,-0.706,6.9,-9.331
1998-02-17 21:00:00,10.645,1.249,3.473,-9.756
1998-02-17 22:00:00,14.018,2.145,2.232,-13.462
1998-02-17 23:00:00,16.874,4.979,1.15,-15.656
1998-02-18 00:00:00,17.441,5.719,-5.275,-14.747
1998-02-18 01:00:00,16.67,6.0,-6.58,-12.905
1998-02-18 02:00:00,15.751,8.483,-8.926,-9.133
1998-02-18 03:00:00,15.265,4.331,-11.582,-6.88
1998-02-18 04:00:00,16.281,11.375,-11.115,-3.116
1998-02-18 05:00:00,15.375,9.681,-11.559,-2.138
1998-02-18 06:00:00,15.809,7.234,-13.26,-3.928
1998-02-18 07:00:00,16.652,7.347,-14.073,-4.71
1998-02-18 08:00:00,21.113,6.933,-19.724,-1.262
1998-02-18 09:00:00,18.537,7.042,-16.45,0.915
1998-02-18 10:00:00,17.867,7.012,-15.008,4.586
1998-02-18 11:00:00,17.529,2.762,-16.914,2.269
1998-02-18 12:00:00,16.464,1.641,-14.873,-1.054
1998-02-18 13:00:00,16.703,2.435,-16.082,-0.61
1998-02-18 14:00:00,15.218,5.396,-9.14,8.361
1998-02-18 15:00:00,12.797,3.28,-6.884,-1.642
1998-02-18 16:00:00,15.827,4.103,-13.708,-2.862
1998-02-18 17:00:00,15.671,2.01,-13.611,-1.903
1998-02-18 18:00:00,14.718,0.701,-8.316,3.888
1998-02-18 19:00:00,13.219,-0.026,-4.32,12.386
1998-02-18 20:00:00,9.971,4.328,6.167,4.148
1998-02-18 21:00:00,9.129,2.269,0.968,7.19
1998-02-18 22:00:00,9.861,-0.257,-4.139,8.593
1998-02-18 23:00:00,10.443,0.597,-6.744,7.612
1998-02-19 00:00:00,11.472,1.601,-7.962,7.521
1998-02-19 01:00:00,11.712,0.838,-10.435,4.772
1998-02-19 02:00:00,11.285,1.582,-9.664,5.308
1998-02-19 03:00:00,11.252,2.059,-10.054,4.531
1998-02-19 04:00:00,10.994,0.892,-10.149,4.022
1998-02-19 05:00:00,9.4,5.602,-5.359,2.987
1998-02-19 06:00:00,8.969,6.404,-6.036,0.839
1998-02-19 07:00:00,8.615,6.109,-5.256,-1.46
1998-02-19 08:00:00,7.617,6.169,-3.527,-2.432
1998-02-19 09:00:00,7.06,5.436,-2.704,-3.218
1998-02-19 10:00:00,6.673,5.204,-3.938,-0.912
1998-02-19 11:00:00,6.68,5.074,-3.677,-1.709
1998-02-19 12:00:00,7.096,4.501,-5.301,-1.089
1998-02-19 13:00:00,7.207,4.642,-5.067,-1.804
1998-02-19 14:00:00,7.417,5.367,-3.804,-3.215
1998-02-19 15:00:00,7.552,5.261,-3.286,-3.893
1998-02-19 16:00:00,7.818,5.716,-3.048,-4.079
1998-02-19 17:00:00,8.138,6.054,-2.615,-4.684
1998-02-19 18:00:00,8.144,5.235,-0.634,-6.165
1998-02-19 19:00:00,8.249,6.451,-1.066,-4.999
1998-02-19 20:00:00,8.291,6.41,-0.883,-5.116
1998-02-19 21:00:00,8.157,6.023,-0.094,-5.405
1998-02-19 22:00:00,8.179,5.397,0.715,-6.089
1998-02-19 23:00:00,7.912,5.539,0.557,-5.548
1998-02-20 00:00:00,5.213,1.63,-0.657,-1.393
1998-02-20 01:00:00,5.562,-3.942,0.56,3.331
1998-02-20 02:00:00,4.859,-3.449,2.828,0.923
1998-02-20 03:00:00,5.192,-4.587,0.928,1.586
1998-02-20 04:00:00,5.29,-4.836,1.722,-0.224
1998-02-20 05:00:00,5.704,-5.362,1.395,1.048
1998-02-20 06:00:00,5.569,-5.177,0.556,1.829
1998-02-20 07:00:00,4.236,-3.655,1.425,0.264
1998-02-20 08:00:00,5.405,-4.919,-0.986,1.672
1998-02-20 09:00:00,5.17,-4.728,1.512,1.001
1998-02-20 10:00:00,5.155,-4.405,2.469,0.738
1998-02-20 11:00:00,4.802,-4.368,1.064,1.589
1998-02-20 12:00:00,4.498,-4.245,1.161,0.71
1998-02-20 13:00:00,4.29,-3.752,1.75,0.42
1998-02-20 14:00:00,4.358,-3.972,0.909,-1.344
1998-02-20 15:00:00,4.39,-3.971,0.083,-1.645
1998-02-20 16:00:00,4.571,-3.716,-0.188,-1.97
1998-02-20 17:00:00,5.351,-3.162,0.343,-2.15
1998-02-20 18:00:00,5.942,1.302,-4.84,-2.927
1998-02-20 19:00:00,5.32,1.989,-4.744,-1.212
1998-02-20 20:00:00,5.341,1.509,-4.95,0.565
1998-02-20 21:00:00,5.324,3.048,-3.798,-1.739
1998-02-20 22:00:00,5.827,2.997,-4.192,-2.706
1998-02-20 23:00:00,5.519,3.204,-3.949,-2.029
1998-02-21 00:00:00,5.684,3.941,-3.675,-1.756
1998-02-21 01:00:00,5.836,3.65,-4.107,-1.921
1998-02-21 02:00:00,5.718,3.519,-4.405,-0.747
1998-02-21 03:00:00,5.389,3.3,-4.159,-0.054
1998-02-21 04:00:00,5.111,3.204,-3.731,0.726
1998-02-21 05:00:00,5.088,3.219,-3.528,1.202
1998-02-21 06:00:00,4.71,4.018,-2.328,-0.007
1998-02-21 07:00:00,4.488,3.178,-2.36,1.243
1998-02-21 08:00:00,4.258,3.212,-2.015,0.599
1998-02-21 09:00:00,3.399,0.567,1.739,2.157
1998-02-21 10:00:00,4.176,2.393,0.762,1.954
1998-02-21 11:00:00,3.859,3.232,-1.321,0.996
1998-02-21 12:00:00,4.037,3.214,-1.519,-0.976
1998-02-21 13:00:00,4.728,2.909,-1.893,-1.544
1998-02-21 14:00:00,4.961,3.581,-1.888,-1.525
1998-02-21 15:00:00,5.511,4.231,-2.968,-1.127
1998-02-21 16:00:00,5.48,4.323,-2.723,1.511
1998-02-21 17:00:00,6.272,4.192,-4.303,-1.124
1998-02-21 18:00:00,6.658,3.719,-4.661,-2.612
1998-02-21 19:00:00,6.599,3.816,-4.657,-2.615
1998-02-21 20:00:00,4.61,-0.593,-1.066,-3.116
1998-02-21 21:00:00,5.592,1.199,-3.877,-3.457
1998-02-21 22:00:00,5.947,1.831,-4.281,-3.641
1998-02-21 23:00:00,5.941,2.462,-4.918,-2.103
1998-02-22 00:00:00,5.744,1.465,-4.464,-2.927
1998-02-22 01:00:00,5.757,1.621,-4.603,-2.963
1998-02-22 02:00:00,4.963,2.124,-4.267,-1.174
1998-02-22 03:00:00,4.671,0.796,-4.137,-1.85
1998-02-22 04:00:00,5.918,1.514,-5.571,-0.745
1998-02-22 05:00:00,7.393,1.148,-7.234,-0.674
1998-02-22 06:00:00,4.504,1.637,-3.858,-0.053
1998-02-22 07:00:00,6.329,-0.813,0.064,-2.4
1998-02-22 08:00:00,5.993,0.346,-3.023,-3.358
1998-02-22 09:00:00,6.7,1.123,-4.663,-3.771
1998-02-22 10:00:00,6.195,2.027,-5.464,0.841
1998-02-22 11:00:00,5.537,1.437,-3.984,2.083
1998-02-22 12:00:00,4.139,0.121,-0.237,-1.527
1998-02-22 13:00:00,4.329,0.552,1.618,-2.808
1998-02-22 14:00:00,3.499,-0.113,-1.661,-0.902
1998-02-22 15:00:00,4.119,-1.702,-0.892,0.823
1998-02-22 16:00:00,4.295,-1.162,1.379,-3.336
1998-02-22 17:00:00,5.335,-1.628,3.176,2.162
1998-02-22 18:00:00,5.382,-0.088,2.859,3.573
1998-02-22 19:00:00,4.965,-0.157,3.726,1.131
1998-02-22 20:00:00,5.265,-1.183,1.234,4.818
1998-02-22 21:00:00,5.676,-0.265,-0.668,4.889
1998-02-22 22:00:00,5.671,0.806,2.156,4.839
1998-02-22 23:00:00,4.663,-0.349,1.371,3.604
1998-02-23 00:00:00,3.33,-2.2,1.276,-0.744
1998-02-23 01:00:00,4.084,-2.685,1.67,-0.855
1998-02-23 02:00:00,4.356,-3.749,0.954,0.356
1998-02-23 03:00:00,4.413,-4.185,-0.217,-0.669
1998-02-23 04:00:00,4.307,-1.654,0.209,-3.195
1998-02-23 05:00:00,4.012,-1.01,0.068,2.413
1998-02-23 06:00:00,3.955,-2.615,0.998,-2.11
1998-02-23 07:00:00,4.682,-4.427,1.067,-0.898
1998-02-23 08:00:00,4.662,-3.733,0.414,-2.366
1998-02-23 09:00:00,3.497,0.092,0.681,-0.617
1998-02-23 10:00:00,3.725,3.346,-0.552,1.114
1998-02-23 11:00:00,4.171,1.633,1.042,-2.176
1998-02-23 12:00:00,4.845,1.453,2.473,-3.601
1998-02-23 13:00:00,4.774,-0.159,2.295,0.137
1998-02-23 14:00:00,5.189,-1.089,2.432,4.298
1998-02-23 15:00:00,4.602,-1.441,4.083,-0.214
1998-02-23 16:00:00,6.604,-2.709,2.796,-4.811
1998-02-23 17:00:00,5.782,-1.344,0.043,-5.045
1998-02-23 18:00:00,5.247,-0.09,1.723,-4.797
1998-02-23 19:00:00,5.692,-2.581,2.156,-1.857
1998-02-23 20:00:00,6.016,-4.725,3.412,1.162
1998-02-23 21:00:00,5.871,-5.085,2.442,-0.689
1998-02-23 22:00:00,5.838,-5.617,1.322,0.235
1998-02-23 23:00:00,5.567,-5.22,-0.115,-0.859
1998-02-24 00:00:00,5.365,-4.768,0.384,-1.429
1998-02-24 01:00:00,4.858,-2.808,-0.275,1.846
1998-02-24 02:00:00,4.725,-3.073,1.163,2.9
1998-02-24 03:00:00,5.459,-3.886,1.15,3.554
1998-02-24 04:00:00,4.753,-4.089,0.125,2.045
1998-02-24 05:00:00,3.64,-0.479,-0.426,-0.966
1998-02-24 06:00:00,4.418,-1.759,1.794,-1.354
1998-02-24 07:00:00,5.016,-3.355,3.594,-0.257
1998-02-24 08:00:00,4.937,-2.811,3.775,-1.173
1998-02-24 09:00:00,4.741,-2.616,3.614,-0.292
1998-02-24 10:00:00,4.701,-3.13,3.432,0.428
1998-02-24 11:00:00,4.561,-3.432,2.935,0.419
1998-02-24 12:00:00,4.09,-3.044,2.37,-0.957
1998-02-24 13:00:00,3.361,-1.031,2.688,-1.439
1998-02-24 14:00:00,3.38,-2.262,2.128,-1.019
1998-02-24 15:00:00,2.851,-2.451,1.324,0.014
1998-02-24 16:00:00,3.364,-2.877,1.543,-0.4
1998-02-24 17:00:00,3.722,-3.698,0.125,0.329
1998-02-24 18:00:00,3.336,-3.286,0.283,-0.123
1998-02-24 19:00:00,3.498,-3.405,0.563,-0.239
1998-02-24 20:00:00,3.999,-3.82,1.08,0.079
1998-02-24 21:00:00,3.787,-3.088,-0.919,1.717
1998-02-24 22:00:00,3.912,-2.714,-1.067,2.524
1998-02-24 23:00:00,4.186,-3.112,-0.35,2.686
1998-02-25 00:00:00,4.263,-3.694,1.635,1.154
1998-02-25 01:00:00,3.36,-1.476,2.702,-0.083
1998-02-25 02:00:00,3.387,-2.932,-0.094,1.055
1998-02-25 03:00:00,2.5,-2.378,0.158,0.031
1998-02-25 04:00:00,3.081,-2.795,0.886,-0.612
1998-02-25 05:00:00,4.464,-3.985,0.851,-1.707
1998-02-25 06:00:00,4.154,-2.905,1.513,-2.454
1998-02-25 07:00:00,4.494,-3.45,1.036,-2.482
1998-02-25 08:00:00,4.715,-3.592,-2.519,0.125
1998-02-25 09:00:00,4.042,-2.552,-2.313,-0.765
1998-02-25 10:00:00,3.586,-2.199,-2.007,1.226
1998-02-25 11:00:00,4.719,-1.821,-4.085,0.965
1998-02-25 12:00:00,5.123,-1.805,-4.467,0.486
1998-02-25 13:00:00,5.21,-2.523,-3.706,1.41
1998-02-25 14:00:00,4.723,-3.822,-0.975,-2.155
1998-02-25 15:00:00,3.665,-2.371,-1.307,-1.821
1998-02-25 16:00:00,3.963,-2.502,-1.121,-2.313
1998-02-25 17:00:00,3.163,-2.267,1.606,0.566
1998-02-25 18:00:00,3.489,-1.901,-0.695,2.206
1998-02-25 19:00:00,3.927,-2.018,1.935,2.275
1998-02-25 20:00:00,3.315,-2.747,1.689,-0.238
1998-02-25 21:00:00,3.804,-3.275,1.303,0.975
1998-02-25 22:00:00,3.839,-3.511,-0.038,-0.302
1998-02-25 23:00:00,4.075,-2.796,-2.736,0.136
1998-02-26 00:00:00,4.731,-4.097,-1.131,1.422
1998-02-26 01:00:00,4.831,-4.1,0.762,1.57
1998-02-26 02:00:00,4.686,-4.651,0.078,0.191
1998-02-26 03:00:00,4.524,-4.253,1.369,0.207
1998-02-26 04:00:00,4.552,-4.036,1.909,-0.078
1998-02-26 05:00:00,4.271,-3.731,1.04,0.341
1998-02-26 06:00:00,4.596,-3.889,0.032,2.015
1998-02-26 07:00:00,5.078,-3.331,2.826,1.736
1998-02-26 08:00:00,5.751,-2.304,3.885,3.427
1998-02-26 09:00:00,5.598,-3.226,3.257,2.85
1998-02-26 10:00:00,5.341,-4.915,-1.053,1.212
1998-02-26 11:00:00,5.116,-4.985,0.136,1.046
1998-02-26 12:00:00,5.027,-4.836,0.359,1.269
1998-02-26 13:00:00,4.677,-4.62,-0.182,0.49
1998-02-26 14:00:00,3.914,-3.636,0.1,0.236
1998-02-26 15:00:00,3.927,-3.441,1.231,-0.874
1998-02-26 16:00:00,4.605,-3.618,2.756,0.245
1998-02-26 17:00:00,4.659,-3.203,2.754,0.714
1998-02-26 18:00:00,4.279,-1.513,2.397,0.484
1998-02-26 19:00:00,4.758,-1.426,4.013,1.013
1998-02-26 20:00:00,4.466,-1.303,3.751,1.031
1998-02-26 21:00:00,4.426,-1.448,3.816,0.957
1998-02-26 22:00:00,3.904,-2.138,2.878,0.952
1998-02-26 23:00:00,3.905,-2.807,2.505,0.22
1998-02-27 00:00:00,4.172,-1.687,3.414,0.781
1998-02-27 01:00:00,4.213,-1.55,3.575,1.458
1998-02-27 02:00:00,4.441,-0.573,3.595,2.516
1998-02-27 03:00:00,4.261,0.164,3.379,2.521
1998-02-27 04:00:00,4.778,0.384,3.972,2.539
1998-02-27 05:00:00,4.736,-0.29,3.239,-1.619
1998-02-27 06:00:00,5.864,-1.412,-3.201,-4.075
1998-02-27 07:00:00,6.093,-1.203,-5.725,-1.209
1998-02-27 08:00:00,4.952,0.117,-4.319,0.247
1998-02-27 09:00:00,4.762,1.802,-4.202,0.833
1998-02-27 10:00:00,4.985,0.926,-4.76,0.223
1998-02-27 11:00:00,5.718,1.107,-5.312,0.272
1998-02-27 12:00:00,5.002,0.844,-2.595,1.491
1998-02-27 13:00:00,6.164,1.62,-5.349,1.843
1998-02-27 14:00:00,6.087,2.265,-4.896,-0.516
1998-02-27 15:00:00,5.834,1.478,-4.02,-3.591
1998-02-27 16:00:00,5.54,2.782,-3.375,-2.743
1998-02-27 17:00:00,5.804,2.911,-3.451,-1.951
1998-02-27 18:00:00,5.756,3.533,-1.678,-3.435
1998-02-27 19:00:00,5.496,3.486,0.374,-3.784
1998-02-27 20:00:00,5.365,3.561,-1.549,-3.542
1998-02-27 21:00:00,6.026,0.949,2.766,-4.496
1998-02-27 22:00:00,5.977,3.956,1.637,-3.985
1998-02-27 23:00:00,5.588,4.764,0.868,-2.657
1998-02-28 00:00:00,5.814,5.037,-0.302,-2.71
1998-02-28 01:00:00,5.51,5.057,0.998,-1.604
1998-02-28 02:00:00,5.762,5.527,0.136,-1.454
1998-02-28 03:00:00,5.798,4.833,0.822,-2.722
1998-02-28 04:00:00,6.364,3.73,-0.134,-4.97
1998-02-28 05:00:00,6.219,2.978,-1.316,-3.697
1998-02-28 06:00:00,7.505,5.827,2.606,3.002
1998-02-28 07:00:00,6.977,3.121,-4.175,0.787
1998-02-28 08:00:00,8.432,2.718,0.487,7.312
1998-02-28 09:00:00,10.812,3.232,-8.284,-4.005
1998-02-28 10:00:00,11.086,4.976,-4.171,-4.291
1998-02-28 11:00:00,9.913,3.211,-6.501,-0.308
1998-02-28 12:00:00,8.757,-0.793,-6.19,-5.742
1998-02-28 13:00:00,10.092,1.529,-9.342,-2.687
1998-02-28 14:00:00,8.805,2.924,-6.234,-0.589
1998-02-28 15:00:00,10.623,1.144,-7.637,-3.086
1998-02-28 16:00:00,11.882,0.536,-10.554,3.06
1998-02-28 17:00:00,12.43,1.41,-12.006,-2.198
1998-02-28 18:00:00,13.245,2.419,-12.354,2.155
1998-02-28 19:00:00,14.021,2.41,-10.901,7.905
1998-02-28 20:00:00,13.107,4.002,-10.455,2.439
1998-02-28 21:00:00,12.282,0.369,1.922,-9.454
1998-02-28 22:00:00,9.611,-0.142,1.61,-4.23
1998-02-28 23:00:00,13.247,-0.099,12.937,-0.956
1998-03-01 00:00:00,12.604,-0.739,11.831,0.223
1998-03-01 01:00:00,12.113,-0.576,11.802,1.638
1998-03-01 02:00:00,10.473,0.65,9.542,2.881
1998-03-01 03:00:00,7.298,1.849,0.611,6.018
1998-03-01 04:00:00,5.961,2.072,-4.606,1.569
1998-03-01 05:00:00,3.269,1.769,-1.982,0.695
1998-03-01 06:00:00,4.23,3.228,-2.432,0.917
1998-03-01 07:00:00,4.96,3.783,-1.627,2.605
1998-03-01 08:00:00,4.609,3.494,1.043,1.505
1998-03-01 09:00:00,4.98,3.84,2.279,-0.821
1998-03-01 10:00:00,4.404,1.665,1.098,-3.316
1998-03-01 11:00:00,5.016,1.827,-0.338,-4.507
1998-03-01 12:00:00,4.624,2.072,-0.019,-3.815
1998-03-01 13:00:00,3.178,1.931,-0.137,-2.362
1998-03-01 14:00:00,5.908,2.685,-0.486,-5.088
1998-03-01 15:00:00,6.257,2.744,-1.443,-5.231
1998-03-01 16:00:00,5.025,0.329,-1.546,-4.058
1998-03-01 17:00:00,4.192,-0.234,-1.599,-3.538
1998-03-01 18:00:00,4.403,1.017,-2.641,-2.555
1998-03-01 19:00:00,4.449,3.371,0.487,-2.463
1998-03-01 20:00:00,5.088,3.671,-1.157,-2.898
1998-03-01 21:00:00,5.799,4.35,-1.365,-2.995
1998-03-01 22:00:00,6.314,3.891,-2.009,-4.297
1998-03-01 23:00:00,6.58,4.959,-2.248,-3.289
1998-03-02 00:00:00,6.806,5.096,-1.981,-3.599
1998-03-02 01:00:00,6.787,5.261,-0.589,-3.36
1998-03-02 02:00:00,5.774,-0.573,-4.723,-1.855
1998-03-02 03:00:00,6.293,0.518,-4.98,-1.98
1998-03-02 04:00:00,7.552,1.995,-4.421,-5.262
1998-03-02 05:00:00,7.062,2.219,-0.937,-6.077
1998-03-02 06:00:00,5.694,2.419,-1.879,-3.629
1998-03-02 07:00:00,6.569,4.198,-4.688,-1.322
1998-03-02 08:00:00,4.22,2.397,-3.331,0.458
1998-03-02 09:00:00,7.447,5.219,-5.131,0.701
1998-03-02 10:00:00,8.846,6.098,-5.209,2.995
1998-03-02 11:00:00,8.265,5.726,-4.532,3.134
1998-03-02 12:00:00,8.147,1.955,-5.476,-3.204
1998-03-02 13:00:00,7.903,1.446,-6.314,-2.967
1998-03-02 14:00:00,7.484,2.546,-6.039,-3.023
1998-03-02 15:00:00,7.314,-1.659,-5.595,-3.103
1998-03-02 16:00:00,7.201,-3.808,-5.21,-2.697
1998-03-02 17:00:00,6.932,-1.145,-6.339,-1.818
1998-03-02 18:00:00,6.668,1.116,-4.871,-2.251
1998-03-02 19:00:00,7.098,3.315,-4.458,-4.259
1998-03-02 20:00:00,6.737,1.922,-4.756,-3.867
1998-03-02 21:00:00,6.388,2.592,-4.639,-1.915
1998-03-02 22:00:00,6.557,-0.769,-5.067,-2.172
1998-03-02 23:00:00,6.393,-1.591,-3.353,-4.59
1998-03-03 00:00:00,6.366,3.297,-4.67,-1.338
1998-03-03 01:00:00,6.013,5.086,-2.265,-1.614
1998-03-03 02:00:00,5.954,4.545,-3.324,-1.536
1998-03-03 03:00:00,5.838,3.659,-4.005,-1.746
1998-03-03 04:00:00,5.181,-0.932,-3.707,0.656
1998-03-03 05:00:00,5.031,2.466,-3.282,-2.415
1998-03-03 06:00:00,4.96,2.928,-3.509,-1.485
1998-03-03 07:00:00,4.638,2.532,-3.282,0.549
1998-03-03 08:00:00,4.438,0.798,-3.651,1.399
1998-03-03 09:00:00,4.589,-1.279,-3.44,2.056
1998-03-03 10:00:00,4.747,-1.267,-2.648,3.265
1998-03-03 11:00:00,4.773,-0.858,-3.305,2.855
1998-03-03 12:00:00,4.944,-1.141,-4.344,1.846
1998-03-03 13:00:00,4.993,-1.409,-4.475,1.254
1998-03-03 14:00:00,4.851,-0.782,-4.674,0.634
1998-03-03 15:00:00,4.759,-0.217,-4.588,-0.325
1998-03-03 16:00:00,4.682,-0.344,-4.429,-0.81
1998-03-03 17:00:00,4.456,0.453,-3.971,-1.869
1998-03-03 18:00:00,4.284,1.042,-3.886,-1.175
1998-03-03 19:00:00,4.138,1.192,-3.193,-1.327
1998-03-03 20:00:00,4.199,1.112,-3.375,-1.836
1998-03-03 21:00:00,4.125,2.008,-1.596,-2.831
1998-03-03 22:00:00,4.068,0.819,-2.254,-2.572
1998-03-03 23:00:00,3.872,1.122,-2.849,-1.411
1998-03-04 00:00:00,3.676,0.287,-1.616,-2.583
1998-03-04 01:00:00,3.63,1.404,-0.465,-3.155
1998-03-04 02:00:00,3.759,0.05,-2.98,-1.02
1998-03-04 03:00:00,3.441,1.071,-2.055,-1.372
1998-03-04 04:00:00,3.426,1.751,-1.004,-2.128
1998-03-04 05:00:00,3.487,1.063,-0.034,-3.084
1998-03-04 06:00:00,3.213,1.729,-0.037,-2.046
1998-03-04 07:00:00,3.155,2.886,-0.336,-0.389
1998-03-04 08:00:00,3.247,2.774,-1.22,-0.697
1998-03-04 09:00:00,3.185,2.164,-1.068,-1.65
1998-03-04 10:00:00,3.281,1.668,0.366,-2.66
1998-03-04 11:00:00,5.887,2.39,-1.053,-4.3
1998-03-04 12:00:00,7.429,2.655,-2.959,-5.814
1998-03-04 13:00:00,8.55,2.185,-3.186,-7.026
1998-03-04 14:00:00,8.88,1.624,2.936,-6.646
1998-03-04 15:00:00,10.039,0.204,9.412,-3.229
1998-03-04 16:00:00,10.184,-0.711,9.906,-1.496
1998-03-04 17:00:00,10.124,-1.629,9.63,2.509
1998-03-04 18:00:00,9.777,-1.902,9.495,0.475
1998-03-04 19:00:00,10.019,-1.906,9.783,-0.474
1998-03-04 20:00:00,9.785,-2.063,9.37,0.829
1998-03-04 21:00:00,9.974,-3.163,7.947,4.693
1998-03-04 22:00:00,10.028,-1.799,8.568,4.425
1998-03-04 23:00:00,10.365,-1.458,9.426,3.727
1998-03-05 00:00:00,10.393,-2.438,8.863,4.426
1998-03-05 01:00:00,11.194,-2.817,9.952,3.94
1998-03-05 02:00:00,11.247,-2.724,9.946,4.4
1998-03-05 03:00:00,11.314,-3.6,10.118,3.424
1998-03-05 04:00:00,11.462,-3.403,10.437,3.225
1998-03-05 05:00:00,11.4,-3.118,10.622,1.753
1998-03-05 06:00:00,11.493,-3.933,10.163,2.644
1998-03-05 07:00:00,11.569,-3.452,10.202,1.821
1998-03-05 08:00:00,12.21,-4.653,9.605,5.889
1998-03-05 09:00:00,12.368,-5.244,9.784,5.432
1998-03-05 10:00:00,12.398,-5.476,9.245,6.119
1998-03-05 11:00:00,12.727,-5.877,8.29,7.519
1998-03-05 12:00:00,12.79,-6.315,6.818,8.709
1998-03-05 13:00:00,12.766,-6.523,6.352,8.84
1998-03-05 14:00:00,12.37,-7.428,4.151,8.882
1998-03-05 15:00:00,12.176,-6.516,2.856,9.861
1998-03-05 16:00:00,11.84,-5.83,2.092,10.078
1998-03-05 17:00:00,11.56,-5.391,1.854,10.041
1998-03-05 18:00:00,11.232,-5.328,2.132,9.622
1998-03-05 19:00:00,10.584,-5.426,0.844,9.023
1998-03-05 20:00:00,9.777,-3.575,-2.488,8.223
1998-03-05 21:00:00,9.592,-2.807,-4.068,8.185
1998-03-05 22:00:00,9.189,-2.525,-4.594,7.505
1998-03-05 23:00:00,9.306,-3.099,-4.454,7.534
1998-03-06 00:00:00,9.553,-3.914,-3.662,7.895
1998-03-06 01:00:00,8.154,-3.251,-2.186,7.108
1998-03-06 02:00:00,7.773,-1.865,-4.264,5.776
1998-03-06 03:00:00,7.002,-1.0,-3.815,5.522
1998-03-06 04:00:00,8.099,-3.002,-2.369,7.082
1998-03-06 05:00:00,7.779,-2.844,-1.786,6.843
1998-03-06 06:00:00,4.116,-3.184,1.205,2.123
1998-03-06 07:00:00,3.039,-2.428,0.09,1.622
1998-03-06 08:00:00,2.582,-2.157,-0.091,-0.061
1998-03-06 09:00:00,2.932,-1.144,-0.125,-1.541
1998-03-06 10:00:00,2.504,-0.265,-1.38,-1.033
1998-03-06 11:00:00,5.123,0.146,-4.902,-0.533
1998-03-06 12:00:00,6.743,1.129,-6.135,1.192
1998-03-06 13:00:00,6.277,0.547,-3.732,2.316
1998-03-06 14:00:00,5.714,1.239,-2.344,2.319
1998-03-06 15:00:00,5.863,-2.506,-2.825,4.087
1998-03-06 16:00:00,5.108,-2.76,-2.219,3.534
1998-03-06 17:00:00,4.938,-2.831,-0.678,3.805
1998-03-06 18:00:00,5.241,-2.502,2.212,3.448
1998-03-06 19:00:00,4.782,-3.081,2.429,1.655
1998-03-06 20:00:00,4.828,-2.86,2.885,1.94
1998-03-06 21:00:00,5.282,-2.876,3.815,0.57
1998-03-06 22:00:00,5.794,-3.401,4.154,-0.487
1998-03-06 23:00:00,6.623,-4.276,4.492,-1.928
1998-03-07 00:00:00,6.303,-4.931,1.666,-3.434
1998-03-07 01:00:00,6.428,-4.388,-0.645,-4.602
1998-03-07 02:00:00,6.845,-5.178,-1.083,-4.314
1998-03-07 03:00:00,7.154,-5.159,-2.833,-3.997
1998-03-07 04:00:00,6.956,-4.764,-4.034,-3.001
1998-03-07 05:00:00,6.265,-4.044,-4.48,-1.604
1998-03-07 06:00:00,5.372,-2.424,-4.534,-1.4
1998-03-07 07:00:00,5.138,-1.606,-4.504,-1.59
1998-03-07 08:00:00,6.298,0.272,-6.239,-0.38
1998-03-07 09:00:00,5.488,0.852,-5.108,0.404
1998-03-07 10:00:00,5.636,1.464,-5.206,1.453
1998-03-07 11:00:00,4.737,1.914,-4.13,0.826
1998-03-07 12:00:00,3.387,1.969,-1.899,1.339
1998-03-07 13:00:00,3.299,2.336,-1.36,1.688
1998-03-07 14:00:00,3.328,2.377,-1.595,1.44
1998-03-07 15:00:00,4.103,3.392,-1.807,1.383
1998-03-07 16:00:00,3.903,3.344,-1.005,1.638
1998-03-07 17:00:00,2.856,2.066,1.491,0.942
1998-03-07 18:00:00,2.079,1.708,0.117,1.022
1998-03-07 19:00:00,1.656,1.132,0.581,0.923
1998-03-07 20:00:00,1.989,1.726,0.53,0.714
1998-03-07 21:00:00,3.051,2.143,0.378,1.635
1998-03-07 22:00:00,2.301,-1.597,1.564,-0.116
1998-03-07 23:00:00,1.616,-0.372,1.242,-0.017
1998-03-08 00:00:00,2.921,1.147,1.779,0.392
1998-03-08 01:00:00,3.585,-2.403,2.481,0.421
1998-03-08 02:00:00,3.482,0.274,1.834,0.802
1998-03-08 03:00:00,2.915,1.755,0.823,1.123
1998-03-08 04:00:00,2.72,0.529,1.832,1.494
1998-03-08 05:00:00,2.527,0.826,1.359,1.545
1998-03-08 06:00:00,2.284,-0.411,1.602,1.488
1998-03-08 07:00:00,2.862,-0.49,2.276,1.507
1998-03-08 08:00:00,2.931,-0.342,2.231,1.779
1998-03-08 09:00:00,3.064,0.11,2.089,2.128
1998-03-08 10:00:00,3.647,-0.384,2.523,2.532
1998-03-08 11:00:00,3.988,-0.461,2.563,2.954
1998-03-08 12:00:00,5.047,0.149,3.635,3.301
1998-03-08 13:00:00,5.955,1.176,4.316,3.553
1998-03-08 14:00:00,6.397,2.281,0.753,5.747
1998-03-08 15:00:00,5.582,0.737,1.267,5.179
1998-03-08 16:00:00,5.845,0.769,-0.89,5.255
1998-03-08 17:00:00,5.149,1.704,-2.575,3.351
1998-03-08 18:00:00,3.913,-0.441,1.289,2.686
1998-03-08 19:00:00,5.395,0.096,3.964,2.898
1998-03-08 20:00:00,4.667,0.48,2.861,3.185
1998-03-08 21:00:00,4.73,0.691,2.767,3.452
1998-03-08 22:00:00,5.406,-0.567,3.557,3.665
1998-03-08 23:00:00,5.606,-0.596,3.715,3.444
1998-03-09 00:00:00,5.251,0.609,0.625,5.041
1998-03-09 01:00:00,6.648,-0.739,3.104,5.491
1998-03-09 02:00:00,5.849,-1.614,3.3,3.543
1998-03-09 03:00:00,5.225,-1.351,1.338,4.195
1998-03-09 04:00:00,4.861,-1.322,1.021,4.018
1998-03-09 05:00:00,5.593,-1.552,2.622,1.103
1998-03-09 06:00:00,6.461,-3.368,4.851,-2.417
1998-03-09 07:00:00,6.268,-3.878,4.227,-2.25
1998-03-09 08:00:00,6.053,-2.375,4.196,-3.247
1998-03-09 09:00:00,6.587,-2.618,5.203,-2.836
1998-03-09 10:00:00,6.563,-1.896,5.875,-1.921
1998-03-09 11:00:00,6.282,-2.577,5.427,-1.402
1998-03-09 12:00:00,6.124,-2.187,5.553,0.147
1998-03-09 13:00:00,6.164,-3.725,4.747,-0.445
1998-03-09 14:00:00,5.814,-3.3,4.414,-0.626
1998-03-09 15:00:00,5.621,-1.126,5.428,0.271
1998-03-09 16:00:00,5.536,-3.354,4.074,0.278
1998-03-09 17:00:00,5.202,-3.79,2.558,2.198
1998-03-09 18:00:00,5.085,-2.194,3.349,2.75
1998-03-09 19:00:00,5.366,-2.116,4.201,2.284
1998-03-09 20:00:00,5.485,-2.68,4.584,1.14
1998-03-09 21:00:00,5.846,-2.547,5.027,1.381
1998-03-09 22:00:00,5.689,-2.12,4.861,1.56
1998-03-09 23:00:00,4.05,-2.25,3.163,0.058
1998-03-10 00:00:00,4.082,-1.19,2.122,2.513
1998-03-10 01:00:00,5.232,-1.625,2.485,2.037
1998-03-10 02:00:00,5.077,-1.008,0.087,-2.322
1998-03-10 03:00:00,5.144,1.147,-3.373,-2.207
1998-03-10 04:00:00,6.608,0.394,-1.732,-5.142
1998-03-10 05:00:00,11.913,-2.563,8.022,-4.635
1998-03-10 06:00:00,13.749,-4.517,11.047,-1.724
1998-03-10 07:00:00,14.999,-5.883,11.79,-3.91
1998-03-10 08:00:00,20.48,-9.945,17.165,4.351
1998-03-10 09:00:00,20.324,-0.727,-1.255,-5.639
1998-03-10 10:00:00,21.141,10.29,-17.736,1.413
1998-03-10 11:00:00,19.764,8.648,-15.405,3.09
1998-03-10 12:00:00,17.052,3.54,-14.259,1.764
1998-03-10 13:00:00,21.866,5.409,-20.237,-2.977
1998-03-10 14:00:00,18.359,7.085,-7.578,-9.882
1998-03-10 15:00:00,17.342,4.688,-1.396,-15.056
1998-03-10 16:00:00,17.783,4.476,-6.31,-15.507
1998-03-10 17:00:00,15.637,6.38,-2.938,-11.444
1998-03-10 18:00:00,13.404,6.132,-6.408,-6.881
1998-03-10 19:00:00,10.871,6.877,-2.077,-3.839
1998-03-10 20:00:00,11.018,4.849,-7.751,-2.541
1998-03-10 21:00:00,12.789,6.655,-3.775,-7.836
1998-03-10 22:00:00,13.879,7.922,-5.927,-8.822
1998-03-10 23:00:00,10.421,7.715,-4.936,-3.3
1998-03-11 00:00:00,8.229,6.832,-4.425,-0.314
1998-03-11 01:00:00,6.636,3.205,-2.975,0.883
1998-03-11 02:00:00,5.775,-2.133,0.645,-1.015
1998-03-11 03:00:00,6.054,-5.004,1.924,-2.51
1998-03-11 04:00:00,5.731,-2.491,0.155,-2.754
1998-03-11 05:00:00,6.324,4.667,-3.61,1.101
1998-03-11 06:00:00,5.592,3.066,0.53,-1.362
1998-03-11 07:00:00,5.574,-2.472,3.388,-2.982
1998-03-11 08:00:00,5.561,0.27,-3.288,-0.309
1998-03-11 09:00:00,5.413,1.173,-2.608,-1.973
1998-03-11 10:00:00,5.857,3.493,-3.885,1.511
1998-03-11 11:00:00,5.111,2.982,-2.998,-1.58
1998-03-11 12:00:00,4.668,1.455,-1.514,-2.09
1998-03-11 13:00:00,4.525,2.925,-2.638,-0.135
1998-03-11 14:00:00,5.066,1.709,-2.335,-2.324
1998-03-11 15:00:00,5.774,3.476,-2.634,-1.544
1998-03-11 16:00:00,5.89,3.504,-3.88,-0.473
1998-03-11 17:00:00,5.688,4.191,-2.62,2.036
1998-03-11 18:00:00,5.892,3.994,-1.381,2.102
1998-03-11 19:00:00,6.333,4.302,0.288,3.91
1998-03-11 20:00:00,6.045,4.38,-0.684,-0.334
1998-03-11 21:00:00,6.068,2.691,-0.695,-3.895
1998-03-11 22:00:00,5.941,3.624,-2.654,-2.42
1998-03-11 23:00:00,6.454,4.442,-2.973,-1.468
1998-03-12 00:00:00,6.491,4.441,-3.459,-1.117
1998-03-12 01:00:00,5.929,4.415,-2.735,-0.947
1998-03-12 02:00:00,6.339,3.18,-3.496,-3.4
1998-03-12 03:00:00,6.407,2.28,-4.466,-3.067
1998-03-12 04:00:00,5.864,0.344,-1.973,-3.401
1998-03-12 05:00:00,5.183,0.328,-1.508,-2.382
1998-03-12 06:00:00,4.81,-0.916,1.51,-0.562
1998-03-12 07:00:00,4.562,-0.454,-3.777,-0.162
1998-03-12 08:00:00,4.676,0.436,-2.926,2.154
1998-03-12 09:00:00,4.838,0.154,-3.722,-1.233
1998-03-12 10:00:00,4.661,-0.962,-2.867,-2.241
1998-03-12 11:00:00,3.835,2.465,0.984,1.666
1998-03-12 12:00:00,3.958,2.066,0.722,-1.245
1998-03-12 13:00:00,4.351,2.768,2.813,1.253
1998-03-12 14:00:00,3.467,2.613,0.042,0.192
1998-03-12 15:00:00,3.871,1.696,-1.839,1.034
1998-03-12 16:00:00,3.825,0.187,-2.636,-1.342
1998-03-12 17:00:00,4.006,-0.872,-3.269,-1.098
1998-03-12 18:00:00,3.765,1.124,-2.572,-1.016
1998-03-12 19:00:00,3.88,1.878,-2.566,0.617
1998-03-12 20:00:00,4.448,-1.238,-3.442,-1.987
1998-03-12 21:00:00,5.023,-2.896,-3.366,-1.654
1998-03-12 22:00:00,4.888,-2.228,-3.439,-1.875
1998-03-12 23:00:00,4.582,-1.995,-3.185,-1.634
1998-03-13 00:00:00,4.512,-2.319,-3.139,-1.612
1998-03-13 01:00:00,3.979,-1.538,-3.073,-0.867
1998-03-13 02:00:00,3.737,-0.057,-0.158,-2.342
1998-03-13 03:00:00,4.152,0.855,-1.578,-1.043
1998-03-13 04:00:00,4.414,-1.576,-3.519,-1.582
1998-03-13 05:00:00,4.038,3.05,0.521,-0.689
1998-03-13 06:00:00,3.793,1.851,2.5,-0.142
1998-03-13 07:00:00,4.847,1.015,-3.619,-1.354
1998-03-13 08:00:00,4.942,1.507,-2.68,-2.897
1998-03-13 09:00:00,4.821,1.649,-3.111,-1.173
1998-03-13 10:00:00,4.639,1.506,-3.607,-1.636
1998-03-13 11:00:00,4.52,0.76,-3.258,-1.527
1998-03-13 12:00:00,4.342,0.427,-3.165,-2.322
1998-03-13 13:00:00,4.076,-1.422,-0.444,-2.219
1998-03-13 14:00:00,4.918,2.444,-3.037,-2.181
1998-03-13 15:00:00,4.877,2.94,-2.035,-2.433
1998-03-13 16:00:00,5.106,2.969,-3.021,0.185
1998-03-13 17:00:00,5.655,4.636,-2.794,-0.606
1998-03-13 18:00:00,5.667,5.098,-1.465,-0.521
1998-03-13 19:00:00,5.363,4.295,-0.601,-2.151
1998-03-13 20:00:00,6.183,3.522,-1.287,-4.08
1998-03-13 21:00:00,6.053,5.356,-2.032,-1.268
1998-03-13 22:00:00,6.202,5.751,-1.37,-1.467
1998-03-13 23:00:00,5.973,5.629,-0.776,-1.164
1998-03-14 00:00:00,5.871,5.616,-1.312,-1.062
1998-03-14 01:00:00,5.685,5.403,-1.326,-1.133
1998-03-14 02:00:00,5.721,5.587,-0.866,-0.779
1998-03-14 03:00:00,5.554,5.419,-0.461,-1.047
1998-03-14 04:00:00,5.358,4.965,-0.022,-1.506
1998-03-14 05:00:00,5.294,4.563,-1.974,-1.543
1998-03-14 06:00:00,4.747,3.095,-2.704,-1.793
1998-03-14 07:00:00,4.481,3.223,-1.609,-1.482
1998-03-14 08:00:00,4.384,4.015,-0.875,-0.696
1998-03-14 09:00:00,4.754,4.505,0.311,0.783
1998-03-14 10:00:00,4.525,3.571,0.672,-2.15
1998-03-14 11:00:00,5.044,1.506,-2.735,-0.716
1998-03-14 12:00:00,5.4,2.77,-4.222,-0.056
1998-03-14 13:00:00,5.453,3.174,-2.851,-2.38
1998-03-14 14:00:00,5.375,0.705,-3.14,-3.983
1998-03-14 15:00:00,5.451,3.265,-2.324,-2.181
1998-03-14 16:00:00,6.192,0.666,-3.755,-3.352
1998-03-14 17:00:00,6.787,5.013,0.887,-3.956
1998-03-14 18:00:00,6.237,4.686,2.009,-3.457
1998-03-14 19:00:00,6.414,3.434,1.027,-5.047
1998-03-14 20:00:00,6.955,4.506,2.603,-4.425
1998-03-14 21:00:00,6.938,5.304,3.984,-1.343
1998-03-14 22:00:00,6.056,-0.923,0.93,-4.821
1998-03-14 23:00:00,5.998,-1.762,0.099,-5.481
1998-03-15 00:00:00,6.0,-0.924,-0.644,-5.579
1998-03-15 01:00:00,6.55,-1.376,-1.271,-5.87
1998-03-15 02:00:00,6.205,-1.019,-2.146,-5.033
1998-03-15 03:00:00,6.806,0.001,-1.473,-6.112
1998-03-15 04:00:00,7.377,-0.448,-3.635,-5.352
1998-03-15 05:00:00,6.794,0.763,-4.269,-3.399
1998-03-15 06:00:00,7.047,0.023,-4.545,-5.121
1998-03-15 07:00:00,7.026,0.043,-4.755,-4.968
1998-03-15 08:00:00,6.846,1.912,-2.676,-5.117
1998-03-15 09:00:00,6.662,2.293,-3.905,-4.213
1998-03-15 10:00:00,6.635,3.144,-0.494,-5.451
1998-03-15 11:00:00,6.741,2.722,-0.092,-5.019
1998-03-15 12:00:00,6.435,4.47,2.425,-3.43
1998-03-15 13:00:00,6.65,4.568,4.56,0.703
1998-03-15 14:00:00,6.253,4.348,3.407,0.657
1998-03-15 15:00:00,5.945,5.411,2.136,0.698
1998-03-15 16:00:00,6.224,5.727,2.344,0.112
1998-03-15 17:00:00,6.274,4.882,2.831,2.449
1998-03-15 18:00:00,6.2,5.568,0.309,1.302
1998-03-15 19:00:00,6.136,4.194,-3.293,0.564
1998-03-15 20:00:00,6.338,3.23,-3.72,-3.167
1998-03-15 21:00:00,6.953,2.982,-4.048,-4.244
1998-03-15 22:00:00,7.062,2.23,-2.656,-5.757
1998-03-15 23:00:00,6.994,3.172,-4.392,-3.591
1998-03-16 00:00:00,6.918,3.501,-4.047,-2.2
1998-03-16 01:00:00,7.322,3.424,-4.814,-3.966
1998-03-16 02:00:00,7.161,2.655,-4.122,-4.56
1998-03-16 03:00:00,7.374,2.337,-5.319,-3.826
1998-03-16 04:00:00,7.625,3.721,-5.816,-2.794
1998-03-16 05:00:00,7.776,1.406,-7.129,-2.003
1998-03-16 06:00:00,7.885,-0.602,-7.226,-1.002
1998-03-16 07:00:00,7.96,4.746,-5.912,-1.553
1998-03-16 08:00:00,7.978,2.555,-6.917,0.311
1998-03-16 09:00:00,8.02,1.362,-6.174,4.118
1998-03-16 10:00:00,8.11,1.162,-7.234,-1.702
1998-03-16 11:00:00,7.364,0.74,-6.099,-2.943
1998-03-16 12:00:00,7.009,1.657,-3.365,-4.263
1998-03-16 13:00:00,6.72,2.455,-2.683,-5.223
1998-03-16 14:00:00,6.242,2.794,-2.216,-2.686
1998-03-16 15:00:00,6.479,2.594,-3.286,-4.245
1998-03-16 16:00:00,7.096,5.659,-1.848,-2.482
1998-03-16 17:00:00,7.681,6.485,-2.798,-2.092
1998-03-16 18:00:00,7.195,5.843,-1.171,-2.549
1998-03-16 19:00:00,7.065,5.679,0.648,-0.465
1998-03-16 20:00:00,7.006,2.379,4.384,2.759
1998-03-16 21:00:00,6.415,5.073,1.415,0.995
1998-03-16 22:00:00,6.5,5.296,-2.533,-2.026
1998-03-16 23:00:00,6.238,3.342,-3.47,-2.277
1998-03-17 00:00:00,6.01,2.694,-3.327,-1.566
1998-03-17 01:00:00,6.181,4.638,-1.575,-2.484
1998-03-17 02:00:00,6.105,4.928,0.573,-1.839
1998-03-17 03:00:00,5.723,5.336,0.81,0.024
1998-03-17 04:00:00,5.762,4.15,-2.376,-0.281
1998-03-17 05:00:00,5.386,2.372,-2.003,2.845
1998-03-17 06:00:00,5.102,2.789,-2.654,2.878
1998-03-17 07:00:00,5.114,3.59,-2.403,1.098
1998-03-17 08:00:00,5.815,3.409,-3.724,-2.231
1998-03-17 09:00:00,6.507,3.657,-3.329,-2.133
1998-03-17 10:00:00,6.977,4.359,-3.037,-0.437
1998-03-17 11:00:00,7.289,3.064,-3.943,0.474
1998-03-17 12:00:00,6.599,3.468,-2.258,3.415
1998-03-17 13:00:00,6.657,0.679,0.469,2.227
1998-03-17 14:00:00,6.997,0.135,1.983,5.192
1998-03-17 15:00:00,6.736,1.842,2.219,5.876
1998-03-17 16:00:00,6.069,1.43,2.601,5.009
1998-03-17 17:00:00,5.608,2.268,0.859,4.853
1998-03-17 18:00:00,5.451,3.599,-1.067,3.731
1998-03-17 19:00:00,5.596,2.249,-2.549,-0.458
1998-03-17 20:00:00,5.846,-1.115,-2.065,-5.085
1998-03-17 21:00:00,5.762,-0.433,-4.135,-3.828
1998-03-17 22:00:00,5.623,-0.007,-5.006,-2.354
1998-03-17 23:00:00,5.813,-0.664,-5.43,-1.54
1998-03-18 00:00:00,5.902,0.743,-5.418,-1.888
1998-03-18 01:00:00,5.889,-1.786,-5.006,-2.278
1998-03-18 02:00:00,5.8,-0.683,-5.423,-1.143
1998-03-18 03:00:00,5.603,1.979,-5.016,-1.094
1998-03-18 04:00:00,5.41,2.491,-4.533,-1.089
1998-03-18 05:00:00,5.42,3.259,-3.92,-1.736
1998-03-18 06:00:00,5.133,3.332,-3.101,-1.788
1998-03-18 07:00:00,4.974,0.846,-4.689,0.329
1998-03-18 08:00:00,4.82,1.958,-4.041,-0.693
1998-03-18 09:00:00,4.475,3.751,-0.914,-1.686
1998-03-18 10:00:00,4.3,3.204,-2.479,-0.088
1998-03-18 11:00:00,4.541,2.776,-2.774,0.639
1998-03-18 12:00:00,4.711,1.948,-3.799,0.945
1998-03-18 13:00:00,5.118,1.36,-4.671,0.001
1998-03-18 14:00:00,5.077,0.829,-4.546,-1.316
1998-03-18 15:00:00,4.768,0.885,-4.387,-0.875
1998-03-18 16:00:00,4.953,0.923,-4.632,-0.759
1998-03-18 17:00:00,5.216,3.387,-3.646,-0.541
1998-03-18 18:00:00,4.738,2.423,-3.918,-0.167
1998-03-18 19:00:00,5.15,2.285,-4.052,-1.445
1998-03-18 20:00:00,4.664,1.881,-2.637,-1.597
1998-03-18 21:00:00,5.937,-0.765,-5.17,-2.335
1998-03-18 22:00:00,5.928,1.078,-2.607,-2.291
1998-03-18 23:00:00,5.713,1.102,-3.351,3.743
1998-03-19 00:00:00,6.084,3.375,-4.296,1.963
1998-03-19 01:00:00,5.912,4.118,-3.951,-0.992
1998-03-19 02:00:00,5.623,3.813,-3.182,-1.891
1998-03-19 03:00:00,5.628,5.017,-2.43,0.107
1998-03-19 04:00:00,5.879,5.668,-1.415,-0.047
1998-03-19 05:00:00,5.677,5.626,-0.332,-0.362
1998-03-19 06:00:00,5.4,5.206,0.636,-0.191
1998-03-19 07:00:00,4.907,3.035,-1.765,-1.885
1998-03-19 08:00:00,4.991,1.05,-4.529,-1.086
1998-03-19 09:00:00,5.151,2.636,-3.984,-1.692
1998-03-19 10:00:00,5.105,2.215,-4.442,-1.021
1998-03-19 11:00:00,4.345,2.294,-3.316,0.239
1998-03-19 12:00:00,4.402,3.12,-1.07,-1.656
1998-03-19 13:00:00,3.96,3.32,-0.411,-1.832
1998-03-19 14:00:00,4.005,3.584,0.621,-1.099
1998-03-19 15:00:00,3.792,3.711,-0.462,0.025
1998-03-19 16:00:00,3.941,3.232,0.961,-1.345
1998-03-19 17:00:00,3.942,-0.614,-1.86,-0.251
1998-03-19 18:00:00,3.823,-1.319,-3.036,0.076
1998-03-19 19:00:00,3.614,0.084,-2.556,-1.235
1998-03-19 20:00:00,4.304,-1.853,-3.181,-0.393
1998-03-19 21:00:00,5.312,1.756,-2.991,-2.134
1998-03-19 22:00:00,6.505,3.036,-2.904,-4.019
1998-03-19 23:00:00,6.516,1.379,-5.71,-2.403
1998-03-20 00:00:00,6.273,1.211,-6.015,-0.683
1998-03-20 01:00:00,4.237,0.18,-1.922,2.682
1998-03-20 02:00:00,4.325,1.661,-0.48,1.658
1998-03-20 03:00:00,5.041,3.277,-0.275,3.443
1998-03-20 04:00:00,5.199,2.68,-3.495,0.06
1998-03-20 05:00:00,5.989,2.363,-3.985,-3.154
1998-03-20 06:00:00,7.741,5.233,-4.616,-3.279
1998-03-20 07:00:00,7.411,4.599,-4.088,-3.742
1998-03-20 08:00:00,8.093,3.42,-4.426,-4.608
1998-03-20 09:00:00,10.068,3.761,-6.919,-4.822
1998-03-20 10:00:00,10.108,3.796,-7.721,-4.99
1998-03-20 11:00:00,9.893,4.824,-7.777,-3.361
1998-03-20 12:00:00,9.525,3.112,-8.088,-2.355
1998-03-20 13:00:00,9.845,3.748,-7.619,-3.047
1998-03-20 14:00:00,10.124,4.491,-4.118,-7.375
1998-03-20 15:00:00,9.951,2.966,-8.167,-3.588
1998-03-20 16:00:00,9.428,1.57,-8.867,0.877
1998-03-20 17:00:00,9.31,2.883,-6.386,-0.975
1998-03-20 18:00:00,9.394,6.207,-1.723,-6.772
1998-03-20 19:00:00,9.799,4.912,-6.139,-5.002
1998-03-20 20:00:00,10.265,5.241,-6.777,-5.042
1998-03-20 21:00:00,9.794,5.845,-4.575,-6.343
1998-03-20 22:00:00,9.014,5.132,-4.502,-5.46
1998-03-20 23:00:00,8.208,2.039,-6.504,-2.985
1998-03-21 00:00:00,7.568,1.043,-7.31,-1.23
1998-03-21 01:00:00,7.699,3.154,-6.701,-1.041
1998-03-21 02:00:00,8.552,1.002,-8.161,1.908
1998-03-21 03:00:00,10.146,-4.164,-4.088,6.702
1998-03-21 04:00:00,10.613,-7.483,1.843,6.372
1998-03-21 05:00:00,10.773,-4.625,7.518,0.235
1998-03-21 06:00:00,9.797,-4.519,8.097,1.599
1998-03-21 07:00:00,12.582,-4.802,11.423,-1.344
1998-03-21 08:00:00,12.813,-4.113,11.305,-3.871
1998-03-21 09:00:00,12.354,0.642,4.019,-8.595
1998-03-21 10:00:00,12.21,2.324,-9.507,-0.551
1998-03-21 11:00:00,15.072,8.324,-3.055,-11.378
1998-03-21 12:00:00,15.884,7.28,5.947,-12.556
1998-03-21 13:00:00,15.359,6.063,6.486,-12.027
1998-03-21 14:00:00,11.769,2.88,5.172,-5.558
1998-03-21 15:00:00,11.615,-6.067,9.153,1.924
1998-03-21 16:00:00,11.893,-3.981,9.86,-0.45
1998-03-21 17:00:00,12.593,2.338,8.785,-6.868
1998-03-21 18:00:00,13.511,-0.855,7.79,-0.646
1998-03-21 19:00:00,13.326,-7.055,4.235,8.526
1998-03-21 20:00:00,9.72,-2.613,3.389,6.172
1998-03-21 21:00:00,7.345,-4.608,0.75,4.599
1998-03-21 22:00:00,7.362,-3.651,0.907,6.048
1998-03-21 23:00:00,7.73,-4.073,-0.336,5.353
1998-03-22 00:00:00,8.92,-5.518,2.201,5.473
1998-03-22 01:00:00,9.18,-4.849,6.299,2.14
1998-03-22 02:00:00,9.019,-5.429,3.623,4.659
1998-03-22 03:00:00,10.518,-7.828,3.364,3.638
1998-03-22 04:00:00,10.304,-4.129,7.335,4.974
1998-03-22 05:00:00,10.986,-5.458,6.054,3.421
1998-03-22 06:00:00,9.596,-5.941,6.115,2.568
1998-03-22 07:00:00,5.379,-3.813,0.963,-0.452
1998-03-22 08:00:00,5.248,-2.603,3.432,-1.238
1998-03-22 09:00:00,5.362,-4.443,0.245,-0.955
1998-03-22 10:00:00,5.181,-3.918,1.007,1.183
1998-03-22 11:00:00,5.1,-2.812,1.216,2.457
1998-03-22 12:00:00,4.892,-2.212,3.058,0.303
1998-03-22 13:00:00,5.046,-0.1,2.64,2.112
1998-03-22 14:00:00,4.832,0.33,2.275,2.182
1998-03-22 15:00:00,4.871,-3.68,-1.076,-2.402
1998-03-22 16:00:00,4.547,-3.127,1.453,0.153
1998-03-22 17:00:00,4.321,-1.259,2.736,0.362
1998-03-22 18:00:00,4.243,-0.612,1.846,0.058
1998-03-22 19:00:00,4.402,-2.784,1.015,2.468
1998-03-22 20:00:00,4.393,-0.843,0.844,3.985
1998-03-22 21:00:00,3.975,0.121,1.03,2.98
1998-03-22 22:00:00,3.883,-1.188,1.348,0.9
1998-03-22 23:00:00,3.801,-3.097,1.157,0.568
1998-03-23 00:00:00,3.877,-2.346,2.7,0.555
1998-03-23 01:00:00,4.06,-2.494,2.958,0.569
1998-03-23 02:00:00,3.964,-3.557,1.141,-0.168
1998-03-23 03:00:00,4.037,-3.243,2.184,0.546
1998-03-23 04:00:00,3.75,-3.311,1.041,0.948
1998-03-23 05:00:00,3.538,-3.031,1.235,1.178
1998-03-23 06:00:00,3.92,-3.512,1.293,0.904
1998-03-23 07:00:00,4.41,-4.161,0.328,1.157
1998-03-23 08:00:00,4.09,-3.194,1.827,1.485
1998-03-23 09:00:00,4.143,-3.439,0.101,1.823
1998-03-23 10:00:00,4.019,-3.093,2.306,0.994
1998-03-23 11:00:00,4.182,-3.728,1.692,0.442
1998-03-23 12:00:00,3.517,-3.083,1.058,0.936
1998-03-23 13:00:00,2.841,-2.201,1.17,0.851
1998-03-23 14:00:00,2.861,-2.137,1.751,0.404
1998-03-23 15:00:00,2.814,-1.246,1.675,0.821
1998-03-23 16:00:00,2.271,-0.562,0.753,0.802
1998-03-23 17:00:00,2.341,-1.718,1.361,0.404
1998-03-23 18:00:00,2.213,-1.542,1.217,-0.42
1998-03-23 19:00:00,2.036,-0.873,0.841,-1.194
1998-03-23 20:00:00,2.945,-1.367,0.955,-1.887
1998-03-23 21:00:00,2.605,1.179,1.25,-1.341
1998-03-23 22:00:00,2.469,-1.861,-0.031,1.353
1998-03-23 23:00:00,2.929,-2.105,0.174,1.849
1998-03-24 00:00:00,3.027,-2.092,1.099,1.474
1998-03-24 01:00:00,2.848,-1.977,0.656,1.469
1998-03-24 02:00:00,1.923,-1.495,0.581,0.845
1998-03-24 03:00:00,1.115,-0.43,-0.012,0.729
1998-03-24 04:00:00,1.958,-0.222,1.321,-0.317
1998-03-24 05:00:00,2.868,0.894,0.509,-2.456
1998-03-24 06:00:00,2.269,0.146,1.2,-0.572
1998-03-24 07:00:00,1.585,-0.699,0.644,-0.974
1998-03-24 08:00:00,1.6,-0.164,1.316,-0.012
1998-03-24 09:00:00,2.203,-0.547,1.687,1.053
1998-03-24 10:00:00,5.227,1.754,-4.62,-0.432
1998-03-24 11:00:00,5.908,1.836,-4.657,-2.506
1998-03-24 12:00:00,5.283,0.918,-2.059,-3.922
1998-03-24 13:00:00,4.329,0.115,2.048,-2.515
1998-03-24 14:00:00,4.498,0.982,1.325,-3.814
1998-03-24 15:00:00,4.601,0.247,-0.234,-3.165
1998-03-24 16:00:00,5.574,1.091,-3.8,-3.002
1998-03-24 17:00:00,5.603,0.815,-1.328,-2.875
1998-03-24 18:00:00,5.71,-0.087,3.752,-3.642
1998-03-24 19:00:00,4.67,-1.089,1.494,-3.555
1998-03-24 20:00:00,5.624,1.977,-2.18,-4.546
1998-03-24 21:00:00,6.034,1.119,-2.392,-5.322
1998-03-24 22:00:00,5.235,1.157,-2.947,-2.933
1998-03-24 23:00:00,5.719,4.984,-0.855,-1.951
1998-03-25 00:00:00,5.634,4.811,-2.086,-1.273
1998-03-25 01:00:00,5.76,3.852,-3.618,-0.597
1998-03-25 02:00:00,5.624,2.934,-3.585,-0.117
1998-03-25 03:00:00,6.039,3.744,-4.425,0.654
1998-03-25 04:00:00,6.973,3.688,-5.524,0.799
1998-03-25 05:00:00,7.265,4.346,-5.173,2.204
1998-03-25 06:00:00,7.09,4.372,-4.89,1.212
1998-03-25 07:00:00,6.211,1.841,-4.702,-2.518
1998-03-25 08:00:00,5.987,3.052,-4.518,-1.685
1998-03-25 09:00:00,5.873,0.297,-1.454,-4.575
1998-03-25 10:00:00,6.868,1.08,-2.457,-5.595
1998-03-25 11:00:00,6.613,-1.113,1.783,-4.688
1998-03-25 12:00:00,7.807,-1.726,2.681,-6.67
1998-03-25 13:00:00,8.712,-2.177,-0.481,-6.955
1998-03-25 14:00:00,10.084,0.68,-6.882,-5.902
1998-03-25 15:00:00,9.564,2.837,-8.777,1.202
1998-03-25 16:00:00,9.085,-0.991,3.796,0.775
1998-03-25 17:00:00,9.599,-2.069,9.09,-0.543
1998-03-25 18:00:00,9.712,-2.878,8.98,1.678
1998-03-25 19:00:00,9.991,-4.279,7.367,5.167
1998-03-25 20:00:00,10.159,-3.804,7.203,5.921
1998-03-25 21:00:00,9.131,-3.613,5.991,5.122
1998-03-25 22:00:00,10.229,-1.734,5.477,8.44
1998-03-25 23:00:00,10.796,-3.367,6.993,7.477
1998-03-26 00:00:00,10.947,-4.009,7.091,7.224
1998-03-26 01:00:00,11.666,-5.57,7.925,6.48
1998-03-26 02:00:00,11.674,-3.847,6.979,8.393
1998-03-26 03:00:00,12.385,-2.69,6.127,10.053
1998-03-26 04:00:00,11.676,-4.191,6.565,8.462
1998-03-26 05:00:00,10.798,-4.522,5.224,8.224
1998-03-26 06:00:00,10.554,-2.264,6.56,7.725
1998-03-26 07:00:00,10.138,1.086,5.157,8.558
1998-03-26 08:00:00,10.519,2.946,5.447,8.434
1998-03-26 09:00:00,9.788,6.53,2.506,5.369
1998-03-26 10:00:00,8.702,3.317,-5.634,-4.718
1998-03-26 11:00:00,10.129,2.571,-6.357,-5.659
1998-03-26 12:00:00,8.741,3.693,-5.516,-3.635
1998-03-26 13:00:00,8.194,6.755,-2.473,-1.198
1998-03-26 14:00:00,7.856,4.978,-4.591,0.086
1998-03-26 15:00:00,7.951,3.836,-4.872,-3.304
1998-03-26 16:00:00,7.783,4.05,-3.932,-2.002
1998-03-26 17:00:00,8.441,5.88,-2.45,1.124
1998-03-26 18:00:00,8.56,6.286,-3.777,2.537
1998-03-26 19:00:00,8.516,5.369,-3.41,0.213
1998-03-26 20:00:00,8.81,4.204,-5.489,-0.51
1998-03-26 21:00:00,9.295,7.127,-4.223,2.586
1998-03-26 22:00:00,8.304,5.004,-2.623,-3.491
1998-03-26 23:00:00,8.135,3.689,-2.015,-2.414
1998-03-27 00:00:00,9.125,3.982,-4.001,-0.228
1998-03-27 01:00:00,9.368,7.237,-4.998,-0.027
1998-03-27 02:00:00,9.133,5.685,-5.813,-2.031
1998-03-27 03:00:00,8.857,6.981,-4.318,-0.014
1998-03-27 04:00:00,8.401,7.026,-2.933,-0.551
1998-03-27 05:00:00,8.524,6.061,-4.542,-0.114
1998-03-27 06:00:00,8.544,3.715,-5.925,-3.503
1998-03-27 07:00:00,7.994,3.071,-6.005,-1.598
1998-03-27 08:00:00,8.1,7.033,-0.192,3.49
1998-03-27 09:00:00,8.875,0.511,-7.196,-1.737
1998-03-27 10:00:00,7.959,3.307,-5.075,-2.355
1998-03-27 11:00:00,8.714,5.264,-1.26,4.049
1998-03-27 12:00:00,8.226,5.85,0.782,5.292
1998-03-27 13:00:00,7.556,3.152,-5.045,-0.217
1998-03-27 14:00:00,7.7,0.827,-4.558,-0.891
1998-03-27 15:00:00,7.069,3.397,-3.8,3.897
1998-03-27 16:00:00,5.611,3.781,-2.091,2.11
1998-03-27 17:00:00,4.782,4.445,-1.521,0.145
1998-03-27 18:00:00,4.724,4.141,-1.553,-0.906
1998-03-27 19:00:00,4.663,3.522,-1.038,-2.353
1998-03-27 20:00:00,4.431,4.093,-1.396,-0.559
1998-03-27 21:00:00,4.274,3.094,-2.123,-1.67
1998-03-27 22:00:00,4.277,2.99,-1.681,-1.976
1998-03-27 23:00:00,3.792,1.613,-1.83,-1.533
1998-03-28 00:00:00,4.627,1.971,-2.653,-2.224
1998-03-28 01:00:00,4.337,2.313,-1.862,-0.676
1998-03-28 02:00:00,4.166,3.019,-1.093,0.16
1998-03-28 03:00:00,4.155,0.83,-2.891,-2.005
1998-03-28 04:00:00,4.651,-1.76,-1.251,-3.488
1998-03-28 05:00:00,4.88,4.086,-2.233,0.817
1998-03-28 06:00:00,4.607,3.407,-2.209,1.766
1998-03-28 07:00:00,4.63,2.693,-2.489,2.078
1998-03-28 08:00:00,5.722,-2.082,-2.1,-4.047
1998-03-28 09:00:00,6.164,-1.619,-1.999,-4.471
1998-03-28 10:00:00,6.176,-2.865,-2.186,-4.008
1998-03-28 11:00:00,4.796,1.152,-3.663,-0.89
1998-03-28 12:00:00,4.807,3.366,-2.921,0.137
1998-03-28 13:00:00,5.347,3.575,-3.081,2.069
1998-03-28 14:00:00,5.059,3.401,-3.059,1.788
1998-03-28 15:00:00,5.03,3.627,-2.916,1.379
1998-03-28 16:00:00,5.349,3.865,-2.359,1.289
1998-03-28 17:00:00,5.221,4.245,-1.614,-0.976
1998-03-28 18:00:00,5.857,5.473,-1.313,1.435
1998-03-28 19:00:00,5.908,5.378,-2.019,0.772
1998-03-28 20:00:00,5.871,5.014,-2.719,1.282
1998-03-28 21:00:00,5.594,3.896,-3.428,1.167
1998-03-28 22:00:00,6.334,0.302,-1.292,-3.92
1998-03-28 23:00:00,9.035,0.971,-3.226,-8.032
1998-03-29 00:00:00,9.51,1.671,-7.595,-4.52
1998-03-29 01:00:00,8.132,5.275,-5.716,2.012
1998-03-29 02:00:00,6.504,1.994,-0.623,-3.848
1998-03-29 03:00:00,6.368,2.522,-2.519,0.588
1998-03-29 04:00:00,5.91,3.211,-1.375,3.053
1998-03-29 05:00:00,6.063,3.129,-4.502,0.708
1998-03-29 06:00:00,5.886,3.844,-1.754,2.466
1998-03-29 07:00:00,5.692,4.569,-1.414,-0.573
1998-03-29 08:00:00,5.713,3.64,-1.354,3.161
1998-03-29 09:00:00,5.866,3.143,-1.526,3.681
1998-03-29 10:00:00,5.741,2.612,-2.667,2.244
1998-03-29 11:00:00,6.063,4.216,-1.441,2.692
1998-03-29 12:00:00,6.174,2.35,-2.308,0.925
1998-03-29 13:00:00,6.334,4.262,-2.497,-2.236
1998-03-29 14:00:00,6.726,1.011,-1.103,-5.752
1998-03-29 15:00:00,7.046,-1.245,0.073,-6.294
1998-03-29 16:00:00,7.143,0.325,-1.702,-6.465
1998-03-29 17:00:00,6.844,1.515,-1.082,-5.633
1998-03-29 18:00:00,6.397,4.466,-3.062,-0.274
1998-03-29 19:00:00,6.28,4.606,-3.542,0.141
1998-03-29 20:00:00,6.072,4.276,-3.781,0.833
1998-03-29 21:00:00,6.045,2.818,-4.901,-1.413
1998-03-29 22:00:00,6.002,2.392,-4.8,1.021
1998-03-29 23:00:00,5.674,1.923,-4.802,1.267
1998-03-30 00:00:00,5.147,1.413,-2.97,2.858
1998-03-30 01:00:00,4.871,1.583,-2.971,1.627
1998-03-30 02:00:00,4.922,3.314,-1.989,0.31
1998-03-30 03:00:00,5.329,3.429,-2.567,1.409
1998-03-30 04:00:00,5.23,4.151,-0.111,-1.237
1998-03-30 05:00:00,4.845,0.877,-1.876,-3.422
1998-03-30 06:00:00,4.846,1.995,0.299,-3.564
1998-03-30 07:00:00,4.919,1.861,-1.671,-3.491
1998-03-30 08:00:00,4.537,1.585,-1.314,-2.272
1998-03-30 09:00:00,4.238,2.966,-1.676,-1.414
1998-03-30 10:00:00,4.553,3.73,-2.017,0.93
1998-03-30 11:00:00,4.798,4.314,-1.601,1.191
1998-03-30 12:00:00,4.989,1.901,-1.595,-1.671
1998-03-30 13:00:00,4.845,-0.745,-2.369,-3.758
1998-03-30 14:00:00,4.732,0.524,-0.928,-3.8
1998-03-30 15:00:00,4.665,2.791,-1.214,-2.302
1998-03-30 16:00:00,4.638,3.376,-1.187,-2.364
1998-03-30 17:00:00,4.621,3.139,-2.262,-1.913
1998-03-30 18:00:00,4.865,3.996,-1.084,-1.432
1998-03-30 19:00:00,5.157,4.476,-1.957,-1.408
1998-03-30 20:00:00,5.265,4.307,-2.519,-1.131
1998-03-30 21:00:00,5.487,3.55,-3.548,-1.883
1998-03-30 22:00:00,6.204,1.691,-5.072,-2.765
1998-03-30 23:00:00,6.727,1.674,-5.869,-2.075
1998-03-31 00:00:00,6.906,2.36,-5.861,-1.988
1998-03-31 01:00:00,6.694,2.34,-5.163,-1.357
1998-03-31 02:00:00,6.04,-0.493,0.403,-3.253
1998-03-31 03:00:00,7.328,1.97,-3.828,-5.446
1998-03-31 04:00:00,7.001,0.512,-4.254,-5.014
1998-03-31 05:00:00,6.103,1.182,-2.956,-0.996
1998-03-31 06:00:00,4.142,0.556,1.803,3.603
1998-03-31 07:00:00,2.834,0.683,1.486,2.045
1998-03-31 08:00:00,3.013,1.362,1.144,2.159
1998-03-31 09:00:00,4.909,3.691,-0.363,2.437
1998-03-31 10:00:00,5.838,3.761,0.272,4.307
1998-03-31 11:00:00,6.273,3.604,2.282,4.103
1998-03-31 12:00:00,4.656,3.264,1.351,2.872
1998-03-31 13:00:00,5.297,4.515,1.516,2.214
1998-03-31 14:00:00,5.871,5.701,0.092,1.352
1998-03-31 15:00:00,6.356,6.249,-0.612,0.848
1998-03-31 16:00:00,6.745,6.558,-1.154,0.69
1998-03-31 17:00:00,6.855,6.262,-2.101,1.798
1998-03-31 18:00:00,7.002,6.583,-1.994,1.193
1998-03-31 19:00:00,7.086,6.64,-2.225,1.004
1998-03-31 20:00:00,7.218,6.766,-2.469,0.1
1998-03-31 21:00:00,6.779,6.226,-2.433,1.057
1998-03-31 22:00:00,6.264,5.767,-2.301,0.291
1998-03-31 23:00:00,6.011,5.324,-2.675,-0.291
1998-04-01 00:00:00,6.605,6.044,-2.544,0.084
1998-04-01 01:00:00,6.49,5.815,-2.093,-1.616
1998-04-01 02:00:00,5.633,4.808,-0.928,-2.677
1998-04-01 03:00:00,5.794,5.394,-0.832,-1.871
1998-04-01 04:00:00,5.932,5.514,-1.359,-1.503
1998-04-01 05:00:00,6.04,5.475,-1.839,-1.629
1998-04-01 06:00:00,5.952,5.55,-1.581,-1.378
1998-04-01 07:00:00,5.725,5.307,-1.984,-0.626
1998-04-01 08:00:00,5.856,5.414,-2.16,-0.342
1998-04-01 09:00:00,5.692,5.319,-1.956,0.169
1998-04-01 10:00:00,5.592,5.133,-1.781,1.226
1998-04-01 11:00:00,5.385,4.877,-1.974,1.123
1998-04-01 12:00:00,5.416,5.062,-1.347,1.339
1998-04-01 13:00:00,5.668,4.859,-2.151,1.812
1998-04-01 14:00:00,6.291,4.862,-3.007,2.343
1998-04-01 15:00:00,6.569,4.517,-3.809,2.748
1998-04-01 16:00:00,6.974,4.506,-5.082,1.349
1998-04-01 17:00:00,7.826,6.58,-3.672,1.538
1998-04-01 18:00:00,7.596,6.383,-2.622,2.718
1998-04-01 19:00:00,8.507,7.794,-0.04,3.239
1998-04-01 20:00:00,8.43,6.933,2.481,3.82
1998-04-01 21:00:00,8.045,6.133,3.696,3.604
1998-04-01 22:00:00,7.49,5.575,3.837,3.164
1998-04-01 23:00:00,7.454,6.572,1.937,2.195
1998-04-02 00:00:00,7.313,6.995,1.014,1.811
1998-04-02 01:00:00,7.335,7.262,0.744,0.298
1998-04-02 02:00:00,7.203,7.056,1.412,0.003
1998-04-02 03:00:00,6.787,6.68,0.935,-0.594
1998-04-02 04:00:00,6.244,6.069,1.37,-0.339
1998-04-02 05:00:00,5.649,5.343,1.713,0.074
1998-04-02 06:00:00,5.194,4.795,1.693,1.005
1998-04-02 07:00:00,5.092,4.747,1.132,0.64
1998-04-02 08:00:00,4.812,4.78,0.259,0.004
1998-04-02 09:00:00,4.804,4.788,-0.06,-0.111
1998-04-02 10:00:00,4.687,4.499,-0.923,-0.789
1998-04-02 11:00:00,5.117,4.532,-1.944,-1.123
1998-04-02 12:00:00,5.256,4.416,-2.63,-0.548
1998-04-02 13:00:00,4.746,4.372,-1.633,-0.508
1998-04-02 14:00:00,5.788,5.227,-1.512,-1.25
1998-04-02 15:00:00,6.188,5.883,-0.92,-1.276
1998-04-02 16:00:00,5.918,5.342,-1.28,-0.938
1998-04-02 17:00:00,5.708,5.414,-1.455,0.616
1998-04-02 18:00:00,5.685,4.749,-2.937,0.064
1998-04-02 19:00:00,5.555,3.503,-3.811,-1.443
1998-04-02 20:00:00,6.909,1.285,-6.53,-1.2
1998-04-02 21:00:00,7.551,-0.698,-6.885,-2.201
1998-04-02 22:00:00,9.039,-2.837,-8.191,-1.012
1998-04-02 23:00:00,9.553,-4.729,-8.214,-0.023
1998-04-03 00:00:00,9.24,-4.718,-7.81,0.086
1998-04-03 01:00:00,9.139,-6.477,-3.976,2.379
1998-04-03 02:00:00,8.22,-6.129,1.118,4.928
1998-04-03 03:00:00,7.537,-5.292,3.449,3.072
1998-04-03 04:00:00,5.337,-1.785,4.153,0.434
1998-04-03 05:00:00,6.037,-2.396,4.401,2.528
1998-04-03 06:00:00,6.833,-2.362,4.977,-0.976
1998-04-03 07:00:00,7.409,-4.129,4.893,3.24
1998-04-03 08:00:00,7.685,-5.557,4.432,2.661
1998-04-03 09:00:00,7.46,-3.6,5.409,2.941
1998-04-03 10:00:00,7.385,-5.353,3.805,2.837
1998-04-03 11:00:00,7.075,-5.722,3.347,2.059
1998-04-03 12:00:00,6.194,-3.19,3.527,0.828
1998-04-03 13:00:00,6.327,-3.543,0.821,-1.09
1998-04-03 14:00:00,6.347,-5.444,-1.913,-0.786
1998-04-03 15:00:00,6.568,-3.49,-1.048,-3.447
1998-04-03 16:00:00,9.032,-4.085,7.511,-2.21
1998-04-03 17:00:00,6.972,-3.652,5.107,2.113
1998-04-03 18:00:00,6.209,-3.263,3.767,3.099
1998-04-03 19:00:00,6.592,-2.85,5.297,1.971
1998-04-03 20:00:00,6.548,-3.699,3.84,3.475
1998-04-03 21:00:00,5.994,-3.706,3.929,2.338
1998-04-03 22:00:00,5.293,-3.32,2.431,-0.585
1998-04-03 23:00:00,4.429,-1.731,0.291,-2.596
1998-04-04 00:00:00,5.43,-2.03,-0.2,-4.467
1998-04-04 01:00:00,6.463,-0.926,-0.662,-5.289
1998-04-04 02:00:00,7.153,-3.397,0.716,-5.867
1998-04-04 03:00:00,6.655,-0.823,0.037,-5.321
1998-04-04 04:00:00,6.265,-2.334,-1.919,-4.447
1998-04-04 05:00:00,7.475,-3.947,-1.757,-5.418
1998-04-04 06:00:00,7.075,-3.6,-3.989,-3.644
1998-04-04 07:00:00,7.051,-4.085,-4.404,0.744
1998-04-04 08:00:00,8.346,-1.847,-5.412,5.595
1998-04-04 09:00:00,7.945,-2.212,-1.441,6.083
1998-04-04 10:00:00,8.935,-5.667,3.889,4.43
1998-04-04 11:00:00,10.767,-9.549,-0.898,2.557
1998-04-04 12:00:00,10.357,-5.933,-6.036,2.306
1998-04-04 13:00:00,9.598,-2.067,-7.564,3.016
1998-04-04 14:00:00,9.488,-2.21,3.943,2.211
1998-04-04 15:00:00,12.099,-7.155,-0.292,7.8
1998-04-04 16:00:00,10.602,-4.605,5.102,3.181
1998-04-04 17:00:00,11.407,-6.156,-2.73,8.999
1998-04-04 18:00:00,10.529,-4.346,-1.558,9.271
1998-04-04 19:00:00,9.679,-3.856,-0.364,8.595
1998-04-04 20:00:00,7.177,-2.864,-0.77,1.767
1998-04-04 21:00:00,6.992,-2.24,1.445,0.793
1998-04-04 22:00:00,8.464,-3.488,5.825,4.247
1998-04-04 23:00:00,6.556,1.308,5.14,2.175
1998-04-05 00:00:00,6.241,-2.496,4.25,2.316
1998-04-05 01:00:00,7.219,-2.599,5.196,4.199
1998-04-05 02:00:00,5.18,-2.42,3.367,1.32
1998-04-05 03:00:00,4.509,-2.245,3.146,1.283
1998-04-05 04:00:00,3.551,-1.399,-0.373,-1.296
1998-04-05 05:00:00,3.715,-0.77,2.675,1.381
1998-04-05 06:00:00,4.036,-1.314,3.049,-1.478
1998-04-05 07:00:00,3.336,-0.558,0.402,1.63
1998-04-05 08:00:00,3.071,0.808,0.94,1.7
1998-04-05 09:00:00,3.393,2.402,0.097,2.066
1998-04-05 10:00:00,2.984,2.366,0.561,1.036
1998-04-05 11:00:00,3.19,1.788,1.883,-0.384
1998-04-05 12:00:00,3.536,1.51,2.5,-1.318
1998-04-05 13:00:00,3.556,1.153,2.561,0.99
1998-04-05 14:00:00,3.389,1.085,2.41,0.922
1998-04-05 15:00:00,3.986,-3.027,0.572,2.186
1998-04-05 16:00:00,3.784,-2.224,-0.154,1.365
1998-04-05 17:00:00,3.719,-2.685,-0.038,2.315
1998-04-05 18:00:00,3.385,-1.513,-0.395,2.118
1998-04-05 19:00:00,3.242,-0.617,0.467,2.638
1998-04-05 20:00:00,2.94,-1.371,-0.114,2.274
1998-04-05 21:00:00,3.202,-2.164,0.362,2.196
1998-04-05 22:00:00,3.457,-0.227,2.08,0.692
1998-04-05 23:00:00,3.714,0.904,3.476,-0.525
1998-04-06 00:00:00,3.504,-1.133,1.958,1.296
1998-04-06 01:00:00,3.191,-1.784,1.539,1.918
1998-04-06 02:00:00,3.459,-1.506,1.667,2.255
1998-04-06 03:00:00,3.869,-1.316,-0.555,3.542
1998-04-06 04:00:00,3.829,-0.425,-0.147,3.71
1998-04-06 05:00:00,3.915,-0.98,0.387,3.551
1998-04-06 06:00:00,5.476,-0.816,4.521,2.841
1998-04-06 07:00:00,5.432,0.577,5.204,1.347
1998-04-06 08:00:00,5.059,-0.19,4.856,0.954
1998-04-06 09:00:00,5.094,-0.278,4.754,-1.728
1998-04-06 10:00:00,5.387,0.35,4.646,-2.557
1998-04-06 11:00:00,6.027,1.235,5.085,-2.617
1998-04-06 12:00:00,5.623,1.269,4.592,-2.561
1998-04-06 13:00:00,5.717,1.263,4.919,-2.41
1998-04-06 14:00:00,5.566,0.417,5.163,-1.923
1998-04-06 15:00:00,5.46,0.777,5.078,-1.387
1998-04-06 16:00:00,5.373,0.529,4.793,-0.572
1998-04-06 17:00:00,4.959,1.074,4.253,-1.549
1998-04-06 18:00:00,5.043,0.51,4.895,0.498
1998-04-06 19:00:00,5.719,1.503,5.266,0.104
1998-04-06 20:00:00,6.028,1.873,5.275,-1.468
1998-04-06 21:00:00,5.438,1.377,5.125,-0.148
1998-04-06 22:00:00,4.663,0.153,4.551,0.808
1998-04-06 23:00:00,4.604,-0.571,3.889,0.05
1998-04-07 00:00:00,3.963,-0.587,1.242,-1.279
1998-04-07 01:00:00,5.734,2.6,3.225,3.157
1998-04-07 02:00:00,5.814,3.151,4.718,0.008
1998-04-07 03:00:00,5.18,2.421,4.36,-0.759
1998-04-07 04:00:00,3.218,1.487,2.705,0.133
1998-04-07 05:00:00,2.961,1.541,1.043,-0.048
1998-04-07 06:00:00,5.239,3.799,3.177,-0.452
1998-04-07 07:00:00,5.175,4.399,2.401,-0.326
1998-04-07 08:00:00,5.257,4.748,2.139,-0.279
1998-04-07 09:00:00,5.272,4.681,2.289,-0.492
1998-04-07 10:00:00,5.154,4.698,2.015,-0.339
1998-04-07 11:00:00,5.329,4.867,2.032,-0.492
1998-04-07 12:00:00,5.41,4.943,0.874,-0.062
1998-04-07 13:00:00,6.876,6.665,1.442,-0.546
1998-04-07 14:00:00,7.334,6.982,-1.765,1.031
1998-04-07 15:00:00,7.006,6.747,0.428,-0.754
1998-04-07 16:00:00,7.751,7.178,0.319,-2.234
1998-04-07 17:00:00,14.446,12.113,3.212,-6.46
1998-04-07 18:00:00,13.623,11.349,-5.195,-4.642
1998-04-07 19:00:00,11.595,7.274,-7.395,-0.89
1998-04-07 20:00:00,12.186,3.324,-8.61,-1.691
1998-04-07 21:00:00,12.522,4.1,-11.211,-2.561
1998-04-07 22:00:00,12.356,5.222,-9.449,-5.463
1998-04-07 23:00:00,12.157,6.411,-8.795,-3.37
1998-04-08 00:00:00,13.121,8.197,-9.566,-1.272
1998-04-08 01:00:00,14.296,9.627,-9.835,-3.456
1998-04-08 02:00:00,15.319,10.226,-11.135,-2.338
1998-04-08 03:00:00,14.806,10.305,-10.308,-2.434
1998-04-08 04:00:00,14.316,9.449,-10.379,-2.512
1998-04-08 05:00:00,13.344,9.327,-8.601,-3.149
1998-04-08 06:00:00,13.154,10.166,-8.209,0.586
1998-04-08 07:00:00,12.842,9.524,-8.414,1.128
1998-04-08 08:00:00,12.268,9.077,-8.139,0.804
1998-04-08 09:00:00,10.778,8.423,-6.36,0.665
1998-04-08 10:00:00,10.173,3.834,5.557,6.998
1998-04-08 11:00:00,9.654,1.143,6.406,7.04
1998-04-08 12:00:00,8.484,2.132,4.106,6.997
1998-04-08 13:00:00,9.174,3.002,6.377,5.522
1998-04-08 14:00:00,8.321,4.216,5.219,4.705
1998-04-08 15:00:00,8.541,5.894,2.89,5.242
1998-04-08 16:00:00,8.202,4.244,-4.52,-0.236
1998-04-08 17:00:00,8.706,1.916,-7.9,-2.782
1998-04-08 18:00:00,9.909,1.795,-7.74,-5.536
1998-04-08 19:00:00,10.598,3.441,-8.344,-5.414
1998-04-08 20:00:00,9.957,3.429,-7.531,-5.507
1998-04-08 21:00:00,9.689,4.348,-7.353,-4.494
1998-04-08 22:00:00,9.056,4.339,-6.316,-3.993
1998-04-08 23:00:00,8.958,3.925,-5.886,-5.35
1998-04-09 00:00:00,8.791,3.934,-5.57,-4.77
1998-04-09 01:00:00,8.865,4.599,-5.67,-4.789
1998-04-09 02:00:00,8.393,5.846,-4.457,-1.756
1998-04-09 03:00:00,7.105,4.287,-3.431,-1.626
1998-04-09 04:00:00,3.832,3.418,-0.528,0.634
1998-04-09 05:00:00,4.089,0.535,-2.19,-1.856
1998-04-09 06:00:00,7.144,1.497,-5.583,-4.067
1998-04-09 07:00:00,6.86,3.484,-5.099,-2.728
1998-04-09 08:00:00,7.243,3.423,-5.623,-2.886
1998-04-09 09:00:00,7.201,2.66,-5.367,-3.273
1998-04-09 10:00:00,7.612,0.019,-5.983,-4.52
1998-04-09 11:00:00,6.882,1.319,-5.908,-3.125
1998-04-09 12:00:00,7.417,2.412,-6.51,-2.499
1998-04-09 13:00:00,7.826,3.168,-6.652,-1.971
1998-04-09 14:00:00,7.622,4.446,-5.697,-1.544
1998-04-09 15:00:00,8.46,2.524,-7.434,-2.721
1998-04-09 16:00:00,7.605,0.512,-4.593,-4.257
1998-04-09 17:00:00,6.444,1.386,-5.321,-1.611
1998-04-09 18:00:00,6.139,-0.93,-2.511,-5.173
1998-04-09 19:00:00,6.171,-0.499,-2.724,-4.812
1998-04-09 20:00:00,6.496,1.028,-3.101,-5.425
1998-04-09 21:00:00,6.307,2.588,-2.487,-4.933
1998-04-09 22:00:00,5.97,3.66,-3.2,-3.355
1998-04-09 23:00:00,6.207,5.023,-3.109,-1.538
1998-04-10 00:00:00,6.492,5.05,-3.452,-1.667
1998-04-10 01:00:00,7.193,4.646,-3.774,3.443
1998-04-10 02:00:00,7.215,5.51,-3.332,2.366
1998-04-10 03:00:00,7.268,3.555,-4.928,-3.136
1998-04-10 04:00:00,5.718,1.063,-2.567,-2.839
1998-04-10 05:00:00,5.404,0.047,-0.054,-3.886
1998-04-10 06:00:00,4.349,2.22,-0.487,0.164
1998-04-10 07:00:00,3.754,-2.001,2.218,-1.458
1998-04-10 08:00:00,3.981,-3.54,1.223,-1.053
1998-04-10 09:00:00,3.684,-2.268,-0.577,-1.667
1998-04-10 10:00:00,4.327,2.991,-2.335,0.732
1998-04-10 11:00:00,5.019,2.567,-3.36,2.063
1998-04-10 12:00:00,3.95,-0.109,-1.559,-1.07
1998-04-10 13:00:00,4.987,-1.483,-3.105,-1.984
1998-04-10 14:00:00,7.4,-1.105,0.474,-6.168
1998-04-10 15:00:00,8.814,-2.17,-1.185,-8.022
1998-04-10 16:00:00,8.238,-3.173,-5.139,-4.445
1998-04-10 17:00:00,8.637,0.169,0.611,-6.079
1998-04-10 18:00:00,7.807,-0.898,4.227,-6.063
1998-04-10 19:00:00,7.362,0.703,2.826,-6.152
1998-04-10 20:00:00,5.567,0.077,-1.74,-3.4
1998-04-10 21:00:00,7.289,-1.24,-6.909,-1.654
1998-04-10 22:00:00,6.58,1.59,0.014,-1.714
1998-04-10 23:00:00,5.516,3.572,2.347,-2.515
1998-04-11 00:00:00,5.512,3.966,-1.641,-2.7
1998-04-11 01:00:00,6.45,5.667,-1.181,-1.949
1998-04-11 02:00:00,6.936,6.149,-2.713,-0.005
1998-04-11 03:00:00,6.39,4.747,-3.946,0.921
1998-04-11 04:00:00,5.37,2.592,-4.398,0.901
1998-04-11 05:00:00,5.576,0.52,-4.174,1.975
1998-04-11 06:00:00,5.858,0.502,-4.652,-1.232
1998-04-11 07:00:00,6.823,2.373,-3.994,-3.407
1998-04-11 08:00:00,6.815,2.842,-4.896,-2.385
1998-04-11 09:00:00,7.819,0.046,-6.203,1.205
1998-04-11 10:00:00,7.24,-2.092,-4.609,3.862
1998-04-11 11:00:00,7.748,1.306,-6.734,-0.113
1998-04-11 12:00:00,7.003,0.816,0.13,5.509
1998-04-11 13:00:00,6.947,1.113,-5.317,2.717
1998-04-11 14:00:00,7.201,-0.221,-6.376,-2.62
1998-04-11 15:00:00,6.171,-1.412,-5.423,-0.402
1998-04-11 16:00:00,7.122,-0.362,-6.032,-2.571
1998-04-11 17:00:00,7.607,-0.401,-4.688,-5.814
1998-04-11 18:00:00,8.124,-0.825,-3.913,-7.0
1998-04-11 19:00:00,8.494,-0.638,-3.188,-7.609
1998-04-11 20:00:00,9.065,2.722,-4.284,-5.425
1998-04-11 21:00:00,9.633,3.262,-5.432,-5.798
1998-04-11 22:00:00,9.905,2.46,-6.484,-6.551
1998-04-11 23:00:00,10.019,0.945,-8.82,-3.094
1998-04-12 00:00:00,9.566,-1.055,-7.256,-5.581
1998-04-12 01:00:00,9.714,0.043,-7.954,-4.667
1998-04-12 02:00:00,9.79,0.892,-8.642,-4.279
1998-04-12 03:00:00,9.607,1.272,-8.799,-3.363
1998-04-12 04:00:00,9.385,2.476,-8.59,-2.623
1998-04-12 05:00:00,9.393,2.56,-8.478,-2.802
1998-04-12 06:00:00,9.324,3.109,-8.445,-1.994
1998-04-12 07:00:00,9.206,2.687,-8.36,-2.13
1998-04-12 08:00:00,8.139,-1.294,-6.209,-4.594
1998-04-12 09:00:00,7.387,4.36,-5.166,-0.417
1998-04-12 10:00:00,7.174,3.994,-5.799,0.591
1998-04-12 11:00:00,7.689,5.512,-4.466,2.916
1998-04-12 12:00:00,7.865,5.312,-4.826,3.185
1998-04-12 13:00:00,8.074,4.918,-4.848,4.039
1998-04-12 14:00:00,8.105,5.101,-4.695,3.999
1998-04-12 15:00:00,7.939,4.504,-5.378,3.663
1998-04-12 16:00:00,8.645,4.913,-5.662,4.219
1998-04-12 17:00:00,9.872,4.896,-4.081,7.352
1998-04-12 18:00:00,9.904,4.263,-5.026,6.228
1998-04-12 19:00:00,9.951,3.819,-6.395,6.084
1998-04-12 20:00:00,9.493,4.807,-7.043,2.989
1998-04-12 21:00:00,9.362,4.787,-5.765,5.159
1998-04-12 22:00:00,9.063,4.337,-6.667,3.177
1998-04-12 23:00:00,9.021,4.554,-5.414,4.692
1998-04-13 00:00:00,8.65,3.892,-6.903,3.054
1998-04-13 01:00:00,9.009,4.531,-5.595,4.791
1998-04-13 02:00:00,9.019,3.92,-3.49,7.02
1998-04-13 03:00:00,8.552,4.292,-1.746,6.96
1998-04-13 04:00:00,6.577,3.256,-1.019,5.403
1998-04-13 05:00:00,4.297,2.023,0.206,3.747
1998-04-13 06:00:00,6.263,3.034,1.337,5.229
1998-04-13 07:00:00,6.286,1.991,1.245,5.8
1998-04-13 08:00:00,5.888,3.514,2.286,3.928
1998-04-13 09:00:00,5.422,2.714,2.238,4.062
1998-04-13 10:00:00,5.321,2.953,2.036,3.721
1998-04-13 11:00:00,5.55,3.011,1.581,4.289
1998-04-13 12:00:00,5.715,2.364,1.121,4.969
1998-04-13 13:00:00,5.877,2.067,2.761,4.577
1998-04-13 14:00:00,6.348,1.889,3.244,5.034
1998-04-13 15:00:00,6.926,1.33,3.427,5.556
1998-04-13 16:00:00,7.577,2.361,0.09,6.976
1998-04-13 17:00:00,6.93,1.109,-2.403,5.765
1998-04-13 18:00:00,5.411,0.627,-3.664,-2.732
1998-04-13 19:00:00,5.942,1.435,-3.643,-4.319
1998-04-13 20:00:00,3.327,1.195,-0.78,-2.712
1998-04-13 21:00:00,2.369,0.803,-1.575,-0.098
1998-04-13 22:00:00,2.09,-0.133,-1.61,1.231
1998-04-13 23:00:00,1.871,0.683,-1.011,0.036
1998-04-14 00:00:00,2.54,0.013,-0.82,0.181
1998-04-14 01:00:00,4.793,1.193,-1.798,-1.437
1998-04-14 02:00:00,5.415,0.741,-3.851,-3.367
1998-04-14 03:00:00,4.983,3.479,-2.026,-0.126
1998-04-14 04:00:00,5.339,3.165,0.013,-2.433
1998-04-14 05:00:00,5.6,2.506,-4.336,-2.195
1998-04-14 06:00:00,5.381,1.258,-3.397,-3.085
1998-04-14 07:00:00,5.717,0.017,-3.902,-3.542
1998-04-14 08:00:00,6.135,0.66,-2.575,-5.391
1998-04-14 09:00:00,5.729,1.769,-3.676,-3.614
1998-04-14 10:00:00,5.655,1.459,-2.986,-3.934
1998-04-14 11:00:00,5.07,2.455,-3.728,-1.564
1998-04-14 12:00:00,4.665,2.64,-2.22,1.16
1998-04-14 13:00:00,4.648,2.84,-2.281,-0.36
1998-04-14 14:00:00,4.948,2.947,-2.684,-2.195
1998-04-14 15:00:00,5.219,3.19,-2.553,-2.638
1998-04-14 16:00:00,4.627,4.045,-0.929,-0.709
1998-04-14 17:00:00,4.633,3.748,1.807,-0.906
1998-04-14 18:00:00,5.106,3.854,2.793,-1.192
1998-04-14 19:00:00,4.798,3.755,2.086,-1.256
1998-04-14 20:00:00,6.223,-0.977,5.322,2.416
1998-04-14 21:00:00,5.432,-1.384,4.692,1.77
1998-04-14 22:00:00,4.582,-0.692,2.521,2.0
1998-04-14 23:00:00,4.252,1.979,-0.583,2.477
1998-04-15 00:00:00,5.441,4.003,-1.928,2.874
1998-04-15 01:00:00,5.531,2.283,1.627,4.192
1998-04-15 02:00:00,5.525,1.019,2.188,3.63
1998-04-15 03:00:00,4.878,3.439,-1.064,0.684
1998-04-15 04:00:00,3.889,-1.09,1.964,2.138
1998-04-15 05:00:00,4.501,0.861,2.659,1.523
1998-04-15 06:00:00,5.68,3.814,3.63,1.236
1998-04-15 07:00:00,5.318,4.167,1.927,1.992
1998-04-15 08:00:00,5.396,-2.831,4.363,0.083
1998-04-15 09:00:00,5.263,-2.651,4.282,0.925
1998-04-15 10:00:00,4.735,-1.136,3.716,2.576
1998-04-15 11:00:00,4.439,-2.646,3.118,1.44
1998-04-15 12:00:00,4.947,-2.547,4.017,1.114
1998-04-15 13:00:00,4.79,0.774,3.089,-0.142
1998-04-15 14:00:00,5.401,5.169,0.725,-0.296
1998-04-15 15:00:00,5.833,5.728,0.708,0.397
1998-04-15 16:00:00,5.965,5.81,0.403,-0.882
1998-04-15 17:00:00,6.907,6.661,-0.164,-0.935
1998-04-15 18:00:00,6.799,6.691,-1.14,-0.038
1998-04-15 19:00:00,6.466,6.403,0.08,0.586
1998-04-15 20:00:00,6.985,6.877,0.606,0.758
1998-04-15 21:00:00,7.528,6.325,-3.088,-0.711
1998-04-15 22:00:00,8.214,6.059,-4.306,2.543
1998-04-15 23:00:00,7.236,4.563,-3.509,1.922
1998-04-16 00:00:00,7.604,6.117,-3.822,-1.215
1998-04-16 01:00:00,8.072,7.443,-2.148,0.668
1998-04-16 02:00:00,7.98,7.049,1.824,2.375
1998-04-16 03:00:00,8.088,5.447,1.158,5.586
1998-04-16 04:00:00,8.484,6.386,1.336,4.903
1998-04-16 05:00:00,8.803,3.887,0.846,6.305
1998-04-16 06:00:00,8.83,5.218,1.397,3.427
1998-04-16 07:00:00,6.522,0.357,-0.273,-0.004
1998-04-16 08:00:00,8.863,-0.587,8.456,-1.689
1998-04-16 09:00:00,4.676,1.169,0.442,0.629
1998-04-16 10:00:00,10.243,-4.648,8.77,-0.582
1998-04-16 11:00:00,10.808,-1.421,10.488,-0.274
1998-04-16 12:00:00,11.058,-3.238,10.417,-0.054
1998-04-16 13:00:00,10.128,-3.724,8.224,1.647
1998-04-16 14:00:00,7.996,-4.661,5.777,0.906
1998-04-16 15:00:00,8.561,-5.544,5.705,2.247
1998-04-16 16:00:00,8.978,-3.467,7.106,3.681
1998-04-16 17:00:00,11.096,-5.203,9.089,3.465
1998-04-16 18:00:00,11.192,-5.679,9.084,2.877
1998-04-16 19:00:00,11.408,-6.591,9.014,2.107
1998-04-16 20:00:00,8.778,-4.364,6.243,-2.772
1998-04-16 21:00:00,9.175,-5.028,6.809,1.805
1998-04-16 22:00:00,11.346,-6.4,8.149,4.074
1998-04-16 23:00:00,11.541,-8.027,4.941,6.427
1998-04-17 00:00:00,10.566,-6.35,-2.305,7.419
1998-04-17 01:00:00,11.523,-4.308,8.185,0.525
1998-04-17 02:00:00,11.614,-0.298,11.23,-1.753
1998-04-17 03:00:00,11.244,-8.166,6.658,2.916
1998-04-17 04:00:00,11.831,-9.597,5.149,4.454
1998-04-17 05:00:00,11.71,-8.371,5.108,3.336
1998-04-17 06:00:00,8.405,-3.979,3.729,0.409
1998-04-17 07:00:00,4.852,0.289,1.445,-3.731
1998-04-17 08:00:00,9.877,0.25,4.629,-6.789
1998-04-17 09:00:00,10.912,-5.767,8.596,-0.496
1998-04-17 10:00:00,12.712,-7.482,9.601,2.72
1998-04-17 11:00:00,12.858,-7.652,8.135,2.94
1998-04-17 12:00:00,11.821,-7.771,7.458,-0.75
1998-04-17 13:00:00,10.431,-5.514,6.63,-2.706
1998-04-17 14:00:00,10.259,-7.287,5.062,4.133
1998-04-17 15:00:00,8.717,-7.31,3.124,2.567
1998-04-17 16:00:00,8.867,-7.082,3.395,2.236
1998-04-17 17:00:00,9.026,-6.573,4.381,1.7
1998-04-17 18:00:00,9.375,-6.174,3.726,0.356
1998-04-17 19:00:00,10.407,-5.041,-2.248,7.223
1998-04-17 20:00:00,10.821,-5.284,-1.868,9.09
1998-04-17 21:00:00,10.912,-8.323,-0.247,6.61
1998-04-17 22:00:00,10.639,-7.92,3.107,4.21
1998-04-17 23:00:00,10.632,-7.18,1.58,5.529
1998-04-18 00:00:00,10.635,-7.496,3.358,5.621
1998-04-18 01:00:00,9.865,-7.097,4.359,3.487
1998-04-18 02:00:00,10.194,-7.419,1.928,6.477
1998-04-18 03:00:00,10.82,-7.884,5.713,4.32
1998-04-18 04:00:00,10.931,-8.016,5.73,3.801
1998-04-18 05:00:00,10.138,-6.535,5.982,2.171
1998-04-18 06:00:00,9.188,-4.304,6.702,2.459
1998-04-18 07:00:00,8.593,-3.877,5.01,3.482
1998-04-18 08:00:00,8.401,-1.765,5.342,-0.372
1998-04-18 09:00:00,7.462,-2.405,4.848,1.553
1998-04-18 10:00:00,7.273,-3.489,4.723,1.309
1998-04-18 11:00:00,6.891,-3.602,4.099,0.385
1998-04-18 12:00:00,7.041,-4.241,4.319,0.861
1998-04-18 13:00:00,7.317,-3.13,5.809,2.07
1998-04-18 14:00:00,6.889,-2.999,5.193,2.591
1998-04-18 15:00:00,4.736,-1.596,2.019,2.487
1998-04-18 16:00:00,3.928,-1.78,1.477,2.229
1998-04-18 17:00:00,4.351,-3.835,0.596,1.818
1998-04-18 18:00:00,4.344,-3.725,0.632,1.993
1998-04-18 19:00:00,4.339,-2.107,1.286,2.708
1998-04-18 20:00:00,4.378,-2.692,1.996,2.597
1998-04-18 21:00:00,4.595,-3.193,1.62,2.793
1998-04-18 22:00:00,4.796,-3.724,1.646,2.493
1998-04-18 23:00:00,4.093,-2.157,1.868,2.828
1998-04-19 00:00:00,4.193,-1.735,2.167,2.999
1998-04-19 01:00:00,4.821,-3.201,1.866,2.545
1998-04-19 02:00:00,4.803,-2.743,2.056,3.161
1998-04-19 03:00:00,4.879,-2.773,2.768,2.856
1998-04-19 04:00:00,5.247,-3.884,2.446,2.458
1998-04-19 05:00:00,5.501,-3.442,3.387,2.451
1998-04-19 06:00:00,5.808,-4.651,2.445,2.429
1998-04-19 07:00:00,5.783,-4.428,2.372,2.775
1998-04-19 08:00:00,6.13,-5.344,1.454,2.518
1998-04-19 09:00:00,6.33,-5.54,1.499,2.603
1998-04-19 10:00:00,5.293,-3.738,2.575,2.154
1998-04-19 11:00:00,4.975,-3.699,2.101,2.147
1998-04-19 12:00:00,3.893,-3.515,1.025,0.421
1998-04-19 13:00:00,4.932,-4.641,-0.074,-0.306
1998-04-19 14:00:00,5.531,-3.584,-1.575,-3.748
1998-04-19 15:00:00,4.574,0.605,2.055,-3.029
1998-04-19 16:00:00,4.725,1.238,3.312,-2.421
1998-04-19 17:00:00,5.749,2.387,0.397,-4.308
1998-04-19 18:00:00,4.903,-0.128,-0.284,-4.697
1998-04-19 19:00:00,4.916,-0.246,0.669,-4.488
1998-04-19 20:00:00,4.464,-0.772,1.724,-3.459
1998-04-19 21:00:00,3.604,-0.42,1.463,-0.215
1998-04-19 22:00:00,4.334,-2.484,0.851,3.089
1998-04-19 23:00:00,4.62,-1.98,1.496,3.771
1998-04-20 00:00:00,4.199,-2.62,2.147,2.21
1998-04-20 01:00:00,5.182,-3.461,2.178,0.413
1998-04-20 02:00:00,5.08,-0.241,-2.625,-4.186
1998-04-20 03:00:00,4.981,-3.253,0.263,-1.698
1998-04-20 04:00:00,5.109,-3.109,-2.28,-2.551
1998-04-20 05:00:00,5.02,-0.579,-3.054,-2.846
1998-04-20 06:00:00,6.004,0.633,0.763,-5.007
1998-04-20 07:00:00,6.125,0.233,-5.343,-2.559
1998-04-20 08:00:00,6.587,-0.836,-4.705,-3.543
1998-04-20 09:00:00,7.282,0.973,-0.055,-5.831
1998-04-20 10:00:00,6.502,-1.507,-2.422,-5.021
1998-04-20 11:00:00,6.362,0.0,2.81,-5.427
1998-04-20 12:00:00,7.363,-2.194,-3.497,-1.476
1998-04-20 13:00:00,8.889,-4.159,-4.011,6.263
1998-04-20 14:00:00,9.473,-3.171,-3.722,7.84
1998-04-20 15:00:00,9.505,-3.95,-5.748,6.089
1998-04-20 16:00:00,9.467,-5.185,-6.542,4.312
1998-04-20 17:00:00,8.902,-4.574,-6.575,3.357
1998-04-20 18:00:00,8.161,-2.879,-7.314,2.036
1998-04-20 19:00:00,7.775,-2.631,-7.155,0.565
1998-04-20 20:00:00,7.699,-3.446,-6.651,-1.227
1998-04-20 21:00:00,7.541,-3.54,-5.974,-2.229
1998-04-20 22:00:00,7.636,-4.826,-5.526,-1.182
1998-04-20 23:00:00,7.115,-6.228,-2.296,-2.008
1998-04-21 00:00:00,7.099,-6.067,-3.389,-0.066
1998-04-21 01:00:00,6.251,-3.211,-1.801,-3.589
1998-04-21 02:00:00,4.655,-2.466,-0.178,-3.258
1998-04-21 03:00:00,3.672,-1.695,2.257,-1.324
1998-04-21 04:00:00,4.379,-1.683,1.79,0.635
1998-04-21 05:00:00,4.652,-3.907,-1.851,1.496
1998-04-21 06:00:00,6.196,-5.42,-2.576,1.257
1998-04-21 07:00:00,5.162,-3.003,-3.299,0.591
1998-04-21 08:00:00,4.174,-0.568,-0.576,-3.193
1998-04-21 09:00:00,5.492,-2.637,-1.486,-1.674
1998-04-21 10:00:00,7.121,-3.985,3.12,-4.438
1998-04-21 11:00:00,8.22,-6.638,1.583,-3.946
1998-04-21 12:00:00,9.43,-8.871,2.821,-0.533
1998-04-21 13:00:00,9.419,-6.588,3.153,5.378
1998-04-21 14:00:00,9.116,-3.635,7.277,2.307
1998-04-21 15:00:00,8.66,-1.287,7.789,-2.659
1998-04-21 16:00:00,8.061,-1.848,7.564,1.041
1998-04-21 17:00:00,7.652,-1.017,7.269,0.444
1998-04-21 18:00:00,7.559,-0.324,6.658,-0.521
1998-04-21 19:00:00,7.463,-2.962,6.451,0.635
1998-04-21 20:00:00,7.059,-1.57,6.331,-0.75
1998-04-21 21:00:00,7.049,0.852,6.934,-0.002
1998-04-21 22:00:00,6.824,0.939,6.585,-0.015
1998-04-21 23:00:00,6.942,0.26,6.843,0.419
1998-04-22 00:00:00,6.953,0.376,6.885,0.265
1998-04-22 01:00:00,6.686,2.332,6.188,-0.573
1998-04-22 02:00:00,6.9,0.474,6.6,-0.678
1998-04-22 03:00:00,7.119,-2.681,6.441,0.16
1998-04-22 04:00:00,6.824,-1.064,6.464,-1.007
1998-04-22 05:00:00,6.924,-2.256,6.42,-0.422
1998-04-22 06:00:00,6.804,-2.739,5.929,-1.64
1998-04-22 07:00:00,6.821,-3.345,5.561,-1.663
1998-04-22 08:00:00,6.409,-1.42,5.326,-2.754
1998-04-22 09:00:00,6.06,-3.035,3.584,-3.241
1998-04-22 10:00:00,6.237,-3.783,4.072,-1.55
1998-04-22 11:00:00,6.522,-4.947,2.714,0.427
1998-04-22 12:00:00,6.479,-2.086,3.793,-0.904
1998-04-22 13:00:00,6.908,-1.506,6.098,-1.047
1998-04-22 14:00:00,7.395,1.013,5.334,-4.222
1998-04-22 15:00:00,7.261,0.025,5.921,-1.473
1998-04-22 16:00:00,7.978,-1.996,7.488,-0.648
1998-04-22 17:00:00,7.452,-1.968,5.477,-3.802
1998-04-22 18:00:00,6.858,1.449,5.724,-3.216
1998-04-22 19:00:00,6.223,2.587,4.867,-2.492
1998-04-22 20:00:00,7.019,-1.299,5.178,0.618
1998-04-22 21:00:00,7.265,-3.334,5.487,3.277
1998-04-22 22:00:00,6.713,-2.762,5.146,3.082
1998-04-22 23:00:00,6.893,-3.7,4.946,2.017
1998-04-23 00:00:00,7.142,-3.416,5.874,-1.991
1998-04-23 01:00:00,7.298,-4.092,5.633,-1.371
1998-04-23 02:00:00,7.565,-1.231,5.515,-4.133
1998-04-23 03:00:00,7.466,0.638,3.412,-6.456
1998-04-23 04:00:00,6.871,-1.983,5.145,-1.2
1998-04-23 05:00:00,4.925,-1.08,0.527,3.546
1998-04-23 06:00:00,4.511,-1.061,2.787,2.575
1998-04-23 07:00:00,4.037,-2.172,2.572,-0.817
1998-04-23 08:00:00,4.175,-3.807,0.558,-1.105
1998-04-23 09:00:00,4.216,-2.977,2.506,0.023
1998-04-23 10:00:00,3.985,-1.72,2.423,-1.381
1998-04-23 11:00:00,3.939,-2.105,2.275,1.865
1998-04-23 12:00:00,4.011,-1.94,2.579,1.292
1998-04-23 13:00:00,3.795,-2.406,1.82,1.601
1998-04-23 14:00:00,4.04,-3.736,1.136,0.054
1998-04-23 15:00:00,4.42,-4.163,1.239,-0.097
1998-04-23 16:00:00,4.655,-4.221,1.838,-0.178
1998-04-23 17:00:00,5.375,-3.267,3.284,1.519
1998-04-23 18:00:00,7.776,2.943,-3.142,-5.768
1998-04-23 19:00:00,11.332,0.584,1.108,-3.959
1998-04-23 20:00:00,17.161,-5.03,13.714,3.763
1998-04-23 21:00:00,16.25,-1.855,-9.398,7.808
1998-04-23 22:00:00,15.244,0.525,-6.528,-1.357
1998-04-23 23:00:00,10.459,5.882,0.222,-1.292
1998-04-24 00:00:00,13.149,7.115,1.661,-9.063
1998-04-24 01:00:00,12.816,8.321,8.271,0.286
1998-04-24 02:00:00,12.88,8.39,8.345,-0.338
1998-04-24 03:00:00,13.486,9.228,-1.188,-5.239
1998-04-24 04:00:00,12.345,5.794,-3.712,-7.352
1998-04-24 05:00:00,11.605,3.912,-4.83,-6.27
1998-04-24 06:00:00,12.337,6.355,-6.72,-4.934
1998-04-24 07:00:00,12.267,7.733,-8.617,-0.775
1998-04-24 08:00:00,12.559,4.595,-9.572,-4.369
1998-04-24 09:00:00,12.121,3.279,-7.739,-6.853
1998-04-24 10:00:00,11.02,8.179,-7.045,-1.147
1998-04-24 11:00:00,10.224,4.937,-6.467,-1.586
1998-04-24 12:00:00,10.199,3.661,-7.812,-3.519
1998-04-24 13:00:00,9.583,8.585,-2.797,2.476
1998-04-24 14:00:00,9.536,8.842,-0.892,2.757
1998-04-24 15:00:00,9.469,8.262,-3.691,-1.628
1998-04-24 16:00:00,9.133,7.789,-2.674,-2.06
1998-04-24 17:00:00,8.857,7.982,-2.73,-0.614
1998-04-24 18:00:00,8.738,7.976,-2.464,-1.565
1998-04-24 19:00:00,8.844,7.266,-3.428,2.233
1998-04-24 20:00:00,8.826,7.268,-4.211,-1.087
1998-04-24 21:00:00,8.334,4.111,-3.845,-5.266
1998-04-24 22:00:00,8.226,4.871,-2.766,-5.137
1998-04-24 23:00:00,8.879,6.871,-5.042,-2.053
1998-04-25 00:00:00,9.082,5.348,-5.281,-4.524
1998-04-25 01:00:00,8.436,1.172,-2.822,-7.282
1998-04-25 02:00:00,8.191,2.249,-3.563,-6.177
1998-04-25 03:00:00,7.982,2.37,-3.96,-3.784
1998-04-25 04:00:00,7.256,1.913,-2.544,-2.831
1998-04-25 05:00:00,7.469,1.608,-6.437,-0.095
1998-04-25 06:00:00,7.515,-0.175,-5.674,-3.678
1998-04-25 07:00:00,6.888,4.242,-3.916,2.2
1998-04-25 08:00:00,5.97,4.918,-2.151,-1.085
1998-04-25 09:00:00,5.56,0.926,-2.217,-0.186
1998-04-25 10:00:00,6.771,2.467,-3.595,-1.211
1998-04-25 11:00:00,8.452,6.425,-3.907,2.929
1998-04-25 12:00:00,7.288,-1.611,-3.533,-4.474
1998-04-25 13:00:00,5.631,1.994,-2.452,-0.257
1998-04-25 14:00:00,5.641,-0.899,-1.681,-4.31
1998-04-25 15:00:00,5.632,0.133,-1.579,-3.12
1998-04-25 16:00:00,6.068,1.691,-2.305,-1.535
1998-04-25 17:00:00,7.387,2.69,-3.341,-3.5
1998-04-25 18:00:00,7.834,-2.504,1.906,-6.295
1998-04-25 19:00:00,6.391,1.039,-0.411,-4.038
1998-04-25 20:00:00,7.257,3.624,-5.187,0.069
1998-04-25 21:00:00,8.11,4.666,-5.805,1.892
1998-04-25 22:00:00,7.995,2.412,-5.107,-0.569
1998-04-25 23:00:00,6.816,-0.611,-0.539,-4.906
1998-04-26 00:00:00,7.156,1.189,-3.574,-3.456
1998-04-26 01:00:00,7.49,1.839,-4.035,-1.616
1998-04-26 02:00:00,7.45,2.085,-4.398,-1.312
1998-04-26 03:00:00,7.504,2.987,-5.05,-1.718
1998-04-26 04:00:00,8.25,0.456,-7.473,-1.747
1998-04-26 05:00:00,7.855,0.421,-2.741,-4.098
1998-04-26 06:00:00,7.187,0.48,-5.599,-3.349
1998-04-26 07:00:00,6.993,2.739,-5.926,-1.877
1998-04-26 08:00:00,6.208,1.36,2.951,-1.108
1998-04-26 09:00:00,6.535,-1.377,4.566,0.582
1998-04-26 10:00:00,8.194,-3.171,3.931,-5.349
1998-04-26 11:00:00,9.393,-3.549,8.03,-1.705
1998-04-26 12:00:00,9.063,-2.581,-1.006,-6.684
1998-04-26 13:00:00,9.16,-1.582,-4.921,-7.359
1998-04-26 14:00:00,8.936,-1.392,-5.748,-6.133
1998-04-26 15:00:00,8.896,-0.876,-6.09,-5.851
1998-04-26 16:00:00,8.295,-0.803,-6.275,-3.171
1998-04-26 17:00:00,8.06,0.891,-6.481,-0.788
1998-04-26 18:00:00,7.697,0.847,-2.5,2.28
1998-04-26 19:00:00,6.918,5.11,0.819,1.424
1998-04-26 20:00:00,6.999,3.664,-3.408,-3.721
1998-04-26 21:00:00,6.716,2.229,-0.556,-1.592
1998-04-26 22:00:00,6.313,4.027,3.034,-0.178
1998-04-26 23:00:00,6.192,2.922,1.12,-2.311
1998-04-27 00:00:00,6.251,1.642,-1.986,-4.587
1998-04-27 01:00:00,5.868,1.646,-3.174,-1.663
1998-04-27 02:00:00,5.707,3.117,-2.448,-2.011
1998-04-27 03:00:00,5.63,3.05,-3.966,-1.761
1998-04-27 04:00:00,5.365,4.949,0.559,-0.726
1998-04-27 05:00:00,5.439,4.418,-2.691,-0.431
1998-04-27 06:00:00,5.47,3.838,-3.288,-1.289
1998-04-27 07:00:00,5.734,3.608,-3.063,-1.956
1998-04-27 08:00:00,5.61,1.102,-3.881,0.116
1998-04-27 09:00:00,5.421,1.979,-2.623,0.359
1998-04-27 10:00:00,5.058,1.651,-3.442,-0.603
1998-04-27 11:00:00,5.183,2.097,-2.333,-0.811
1998-04-27 12:00:00,4.94,3.307,-1.08,-2.369
1998-04-27 13:00:00,5.142,3.026,-0.824,-1.287
1998-04-27 14:00:00,5.596,0.722,-4.617,1.019
1998-04-27 15:00:00,5.462,0.414,-3.827,1.615
1998-04-27 16:00:00,5.449,1.342,-3.947,2.292
1998-04-27 17:00:00,4.903,1.683,-2.101,0.296
1998-04-27 18:00:00,4.959,4.158,-0.025,-0.94
1998-04-27 19:00:00,5.158,3.676,1.179,0.166
1998-04-27 20:00:00,4.988,2.003,-0.238,1.562
1998-04-27 21:00:00,4.031,0.621,-2.068,1.239
1998-04-27 22:00:00,4.834,0.099,-3.903,-0.911
1998-04-27 23:00:00,5.231,-0.874,-1.463,-2.991
1998-04-28 00:00:00,5.314,-0.399,-2.955,-2.654
1998-04-28 01:00:00,5.343,-0.049,-3.6,-2.63
1998-04-28 02:00:00,5.118,-0.791,-3.059,-2.397
1998-04-28 03:00:00,4.717,0.203,-3.517,0.217
1998-04-28 04:00:00,4.94,-1.335,-4.312,-0.531
1998-04-28 05:00:00,4.155,-1.048,-2.426,-1.767
1998-04-28 06:00:00,4.472,-0.319,-3.747,-0.02
1998-04-28 07:00:00,4.444,-0.612,-3.732,0.05
1998-04-28 08:00:00,3.649,0.334,-0.85,-0.987
1998-04-28 09:00:00,3.232,2.586,-0.149,-0.618
1998-04-28 10:00:00,3.593,1.272,-1.086,-1.424
1998-04-28 11:00:00,3.666,0.134,-2.695,-0.436
1998-04-28 12:00:00,3.81,0.585,-3.265,-1.229
1998-04-28 13:00:00,4.191,0.416,-3.737,-0.655
1998-04-28 14:00:00,4.445,4.043,-1.492,-0.19
1998-04-28 15:00:00,4.486,3.245,-2.141,-1.696
1998-04-28 16:00:00,4.463,3.247,-2.191,-0.734
1998-04-28 17:00:00,4.54,3.414,-2.865,-0.117
1998-04-28 18:00:00,4.259,1.474,-3.001,-2.048
1998-04-28 19:00:00,4.851,0.905,-3.722,-2.863
1998-04-28 20:00:00,4.824,1.264,-2.604,-2.998
1998-04-28 21:00:00,4.672,3.403,-1.323,-2.236
1998-04-28 22:00:00,4.324,2.811,-1.596,-1.659
1998-04-28 23:00:00,4.578,1.693,-1.53,-2.622
1998-04-29 00:00:00,4.866,2.31,-2.854,-3.017
1998-04-29 01:00:00,4.925,2.641,-2.692,-2.846
1998-04-29 02:00:00,4.839,3.332,-2.854,-1.83
1998-04-29 03:00:00,4.792,3.502,-2.834,-1.471
1998-04-29 04:00:00,4.795,3.917,-1.767,-1.923
1998-04-29 05:00:00,3.935,3.045,-2.046,-1.077
1998-04-29 06:00:00,3.835,3.166,-2.033,-0.018
1998-04-29 07:00:00,4.07,1.907,-3.13,-0.101
1998-04-29 08:00:00,4.164,-0.748,-3.106,-2.463
1998-04-29 09:00:00,3.899,-0.657,-2.76,-1.936
1998-04-29 10:00:00,3.916,-0.421,-3.406,-1.405
1998-04-29 11:00:00,3.411,1.237,-2.729,-1.249
1998-04-29 12:00:00,3.371,1.517,-2.244,-1.292
1998-04-29 13:00:00,3.383,2.439,-1.67,0.618
1998-04-29 14:00:00,3.28,2.666,-1.8,0.218
1998-04-29 15:00:00,3.495,2.52,-2.317,-0.055
1998-04-29 16:00:00,3.549,2.483,-1.84,-1.447
1998-04-29 17:00:00,3.545,1.642,-1.615,-2.659
1998-04-29 18:00:00,3.339,2.496,-0.058,-1.459
1998-04-29 19:00:00,3.29,1.228,-2.066,-1.947
1998-04-29 20:00:00,3.219,1.98,-0.484,-2.185
1998-04-29 21:00:00,3.137,1.022,-2.3,-1.744
1998-04-29 22:00:00,2.901,0.74,-2.171,-1.647
1998-04-29 23:00:00,3.282,2.059,-1.328,-1.407
1998-04-30 00:00:00,2.913,1.692,-0.98,-1.961
1998-04-30 01:00:00,2.318,1.897,0.126,-1.027
1998-04-30 02:00:00,1.53,1.35,-0.405,-0.334
1998-04-30 03:00:00,1.263,0.859,-0.004,-0.598
1998-04-30 04:00:00,1.998,1.232,1.089,0.76
1998-04-30 05:00:00,0.957,0.083,0.043,0.835
1998-04-30 06:00:00,0.768,-0.004,-0.039,0.713
1998-04-30 07:00:00,1.175,0.892,-0.225,0.062
1998-04-30 08:00:00,2.548,2.084,-0.594,0.23
1998-04-30 09:00:00,2.828,0.711,-2.018,-0.858
1998-04-30 10:00:00,2.676,0.264,-1.147,-1.343
1998-04-30 11:00:00,2.63,-0.953,1.921,0.542
1998-04-30 12:00:00,5.007,-1.244,0.974,-1.943
1998-04-30 13:00:00,11.447,2.653,-5.375,-9.142
1998-04-30 14:00:00,8.872,3.716,-6.089,-1.271
1998-04-30 15:00:00,7.419,2.186,-4.507,-3.11
1998-04-30 16:00:00,5.067,3.086,-0.962,-3.225
1998-04-30 17:00:00,3.368,-1.117,0.948,-1.636
1998-04-30 18:00:00,4.562,0.124,0.423,-3.857
1998-04-30 19:00:00,5.892,0.05,1.316,-5.152
1998-04-30 20:00:00,6.567,4.186,2.921,-3.486
1998-04-30 21:00:00,6.112,3.928,-0.644,-2.67
1998-04-30 22:00:00,4.844,1.827,-1.911,-1.354
1998-04-30 23:00:00,4.644,2.179,-3.436,1.096
1998-05-01 00:00:00,3.142,-0.329,-1.197,1.923
1998-05-01 01:00:00,6.367,-3.917,2.111,4.05
1998-05-01 02:00:00,8.032,-5.931,4.01,3.055
1998-05-01 03:00:00,8.934,-6.931,3.871,-2.326
1998-05-01 04:00:00,9.285,-5.845,5.3,2.218
1998-05-01 05:00:00,9.274,-6.451,5.774,-0.044
1998-05-01 06:00:00,9.405,-7.463,5.021,-0.087
1998-05-01 07:00:00,8.081,-5.474,4.395,3.003
1998-05-01 08:00:00,7.879,-5.591,4.054,3.125
1998-05-01 09:00:00,7.746,-3.345,4.55,5.01
1998-05-01 10:00:00,7.731,-4.503,3.128,4.467
1998-05-01 11:00:00,8.093,-5.597,3.185,0.443
1998-05-01 12:00:00,8.457,-7.012,3.992,-1.378
1998-05-01 13:00:00,9.27,-6.998,2.782,4.133
1998-05-01 14:00:00,8.077,-1.671,-0.493,7.287
1998-05-01 15:00:00,7.203,-5.216,1.702,3.69
1998-05-01 16:00:00,6.933,1.071,0.588,5.482
1998-05-01 17:00:00,7.747,-5.717,4.468,-0.023
1998-05-01 18:00:00,7.045,-1.906,1.969,3.334
1998-05-01 19:00:00,6.664,-0.558,2.693,5.263
1998-05-01 20:00:00,6.465,-2.984,2.146,3.324
1998-05-01 21:00:00,11.607,-5.246,2.163,6.224
1998-05-01 22:00:00,16.219,-6.558,3.378,5.767
1998-05-01 23:00:00,17.501,-11.274,7.729,7.63
1998-05-02 00:00:00,17.634,-14.94,2.803,6.406
1998-05-02 01:00:00,19.612,-14.587,0.876,10.918
1998-05-02 02:00:00,16.243,-12.011,3.562,7.045
1998-05-02 03:00:00,15.796,-4.286,-5.495,8.679
1998-05-02 04:00:00,15.09,-7.67,11.151,-5.059
1998-05-02 05:00:00,15.308,-11.414,9.457,-1.41
1998-05-02 06:00:00,16.134,-10.305,10.758,-3.867
1998-05-02 07:00:00,16.152,-11.13,11.545,-0.349
1998-05-02 08:00:00,15.259,-10.418,10.365,-1.758
1998-05-02 09:00:00,12.449,3.37,4.254,-9.84
1998-05-02 10:00:00,14.02,9.638,0.601,-9.916
1998-05-02 11:00:00,14.067,8.132,0.098,-9.869
1998-05-02 12:00:00,14.229,0.204,7.511,-11.798
1998-05-02 13:00:00,12.931,5.716,4.924,-10.386
1998-05-02 14:00:00,11.539,6.752,4.452,-8.214
1998-05-02 15:00:00,10.937,6.648,5.115,-6.962
1998-05-02 16:00:00,12.549,7.176,6.408,-7.801
1998-05-02 17:00:00,12.376,7.691,7.591,-5.794
1998-05-02 18:00:00,11.599,9.867,3.707,-4.788
1998-05-02 19:00:00,11.368,10.102,3.309,-3.91
1998-05-02 20:00:00,11.443,10.693,2.34,-3.176
1998-05-02 21:00:00,11.567,10.904,2.683,-2.724
1998-05-02 22:00:00,12.647,11.878,2.747,-3.288
1998-05-02 23:00:00,12.15,11.689,1.623,-2.855
1998-05-03 00:00:00,11.277,10.585,1.16,-3.549
1998-05-03 01:00:00,10.793,9.39,2.902,-4.324
1998-05-03 02:00:00,9.853,8.753,1.678,-4.133
1998-05-03 03:00:00,9.978,9.03,0.878,-4.074
1998-05-03 04:00:00,8.871,7.847,1.899,-3.593
1998-05-03 05:00:00,8.481,7.52,0.428,-3.657
1998-05-03 06:00:00,8.933,7.706,-2.101,-3.939
1998-05-03 07:00:00,7.476,6.397,-1.389,-3.508
1998-05-03 08:00:00,6.327,4.432,-1.695,-4.117
1998-05-03 09:00:00,6.106,4.934,-0.696,-3.445
1998-05-03 10:00:00,5.565,4.736,-0.854,-2.205
1998-05-03 11:00:00,6.112,4.958,-2.119,-2.821
1998-05-03 12:00:00,6.255,3.425,-4.378,-2.094
1998-05-03 13:00:00,5.672,2.265,-4.885,-0.858
1998-05-03 14:00:00,3.517,0.939,-3.165,-0.64
1998-05-03 15:00:00,2.778,1.759,-1.511,-1.424
1998-05-03 16:00:00,3.129,1.864,-1.694,-1.679
1998-05-03 17:00:00,7.442,1.655,-3.499,-5.734
1998-05-03 18:00:00,6.924,0.55,-2.784,-5.753
1998-05-03 19:00:00,8.345,0.84,-2.139,-7.716
1998-05-03 20:00:00,8.699,3.092,0.126,-7.95
1998-05-03 21:00:00,9.375,-3.36,-2.937,-7.491
1998-05-03 22:00:00,9.492,-3.836,-2.216,-8.167
1998-05-03 23:00:00,8.355,-3.513,-1.867,-6.649
1998-05-04 00:00:00,8.382,-3.012,-3.123,-6.791
1998-05-04 01:00:00,7.346,-2.41,-2.165,-4.268
1998-05-04 02:00:00,21.388,-3.535,-10.265,-14.447
1998-05-04 03:00:00,37.899,2.203,-19.501,-31.923
1998-05-04 04:00:00,40.9,-7.202,-26.94,-25.43
1998-05-04 05:00:00,24.072,8.673,0.898,-2.388
1998-05-04 06:00:00,18.193,-3.975,-1.496,3.228
1998-05-04 07:00:00,18.259,-1.545,9.894,5.785
1998-05-04 08:00:00,15.895,-8.402,9.339,3.109
1998-05-04 09:00:00,14.06,-3.417,7.806,4.725
1998-05-04 10:00:00,16.995,12.265,8.447,-2.193
1998-05-04 11:00:00,18.605,15.742,7.928,-0.461
1998-05-04 12:00:00,18.076,13.215,11.97,1.461
1998-05-04 13:00:00,17.603,9.9,13.342,4.929
1998-05-04 14:00:00,16.69,11.266,9.009,1.74
1998-05-04 15:00:00,16.081,12.327,9.641,-0.501
1998-05-04 16:00:00,17.483,16.642,5.094,-0.828
1998-05-04 17:00:00,16.422,14.464,7.498,0.071
1998-05-04 18:00:00,15.595,14.132,6.027,1.857
1998-05-04 19:00:00,14.327,13.675,4.125,0.323
1998-05-04 20:00:00,14.771,13.372,6.053,-1.167
1998-05-04 21:00:00,15.004,10.769,9.661,-0.206
1998-05-04 22:00:00,15.378,6.857,12.709,3.606
1998-05-04 23:00:00,14.802,5.466,12.856,4.503
1998-05-05 00:00:00,14.005,3.507,12.381,4.49
1998-05-05 01:00:00,14.352,6.025,12.482,1.444
1998-05-05 02:00:00,15.349,5.068,-3.848,-12.111
1998-05-05 03:00:00,15.822,9.269,-2.49,-11.402
1998-05-05 04:00:00,13.495,9.156,3.861,-8.745
1998-05-05 05:00:00,8.258,-3.018,-5.969,0.198
1998-05-05 06:00:00,6.672,0.644,-5.556,-2.246
1998-05-05 07:00:00,9.072,6.369,0.626,-5.568
1998-05-05 08:00:00,9.148,7.496,-1.352,-4.086
1998-05-05 09:00:00,8.44,5.892,-3.997,-4.235
1998-05-05 10:00:00,8.413,7.044,-3.378,-2.702
1998-05-05 11:00:00,8.295,6.751,-3.148,-3.461
1998-05-05 12:00:00,8.29,3.182,-1.367,-4.04
1998-05-05 13:00:00,7.357,1.312,-0.336,-6.844
1998-05-05 14:00:00,7.234,3.441,-2.946,-4.91
1998-05-05 15:00:00,7.355,6.167,-2.374,-2.868
1998-05-05 16:00:00,7.314,4.922,-2.542,-4.709
1998-05-05 17:00:00,7.247,6.06,-2.249,-3.014
1998-05-05 18:00:00,7.604,6.254,-0.921,-4.088
1998-05-05 19:00:00,7.663,6.663,-3.104,-1.768
1998-05-05 20:00:00,8.382,7.104,-3.353,2.407
1998-05-05 21:00:00,8.436,6.382,-3.5,4.165
1998-05-05 22:00:00,9.711,3.097,-3.259,8.245
1998-05-05 23:00:00,9.858,1.566,-1.409,9.379
1998-05-06 00:00:00,10.333,-2.974,-3.103,9.177
1998-05-06 01:00:00,10.062,0.62,-3.521,9.041
1998-05-06 02:00:00,9.084,6.899,-0.818,3.658
1998-05-06 03:00:00,9.375,8.876,-0.296,-1.777
1998-05-06 04:00:00,8.682,8.565,-0.994,0.637
1998-05-06 05:00:00,8.088,7.969,0.436,1.009
1998-05-06 06:00:00,7.829,7.71,-0.106,-0.673
1998-05-06 07:00:00,7.942,7.452,-0.818,-2.471
1998-05-06 08:00:00,7.961,7.717,-1.029,-1.63
1998-05-06 09:00:00,8.19,7.952,-0.661,-1.67
1998-05-06 10:00:00,8.692,8.075,-0.417,-3.07
1998-05-06 11:00:00,9.038,7.85,0.767,-4.266
1998-05-06 12:00:00,8.765,7.518,0.88,-3.998
1998-05-06 13:00:00,8.455,7.741,1.824,-2.751
1998-05-06 14:00:00,7.721,7.294,1.31,-2.02
1998-05-06 15:00:00,7.338,6.862,-1.487,-1.775
1998-05-06 16:00:00,6.961,5.835,-3.167,-1.754
1998-05-06 17:00:00,6.636,5.561,-2.95,-1.651
1998-05-06 18:00:00,6.501,5.679,-2.854,-1.15
1998-05-06 19:00:00,6.456,6.039,-1.988,-1.001
1998-05-06 20:00:00,6.45,5.624,-2.958,-0.763
1998-05-06 21:00:00,6.512,4.954,-3.716,-1.946
1998-05-06 22:00:00,6.573,4.871,-3.805,-2.139
1998-05-06 23:00:00,6.711,4.95,-3.321,-2.406
1998-05-07 00:00:00,6.19,4.465,-1.121,-3.966
1998-05-07 01:00:00,5.816,4.42,-2.836,-1.759
1998-05-07 02:00:00,5.408,4.477,-2.681,-1.146
1998-05-07 03:00:00,5.469,4.727,-2.652,-0.354
1998-05-07 04:00:00,5.815,5.051,-2.648,-0.46
1998-05-07 05:00:00,6.08,5.27,-2.744,-0.762
1998-05-07 06:00:00,6.258,5.011,-3.32,-1.514
1998-05-07 07:00:00,6.182,4.604,-3.794,-1.357
1998-05-07 08:00:00,6.376,4.786,-2.609,-2.673
1998-05-07 09:00:00,6.452,4.469,-2.715,-3.591
1998-05-07 10:00:00,6.524,4.837,-2.113,-2.338
1998-05-07 11:00:00,7.722,7.355,0.755,-0.818
1998-05-07 12:00:00,7.89,3.227,1.159,2.986
1998-05-07 13:00:00,9.061,1.863,-4.097,7.722
1998-05-07 14:00:00,10.059,2.062,-5.069,8.386
1998-05-07 15:00:00,10.51,2.566,-5.096,8.758
1998-05-07 16:00:00,11.148,3.46,-1.468,10.258
1998-05-07 17:00:00,9.701,2.186,-1.434,9.208
1998-05-07 18:00:00,9.833,0.721,0.06,9.471
1998-05-07 19:00:00,10.09,-0.93,-0.412,9.775
1998-05-07 20:00:00,9.702,3.159,-5.409,5.648
1998-05-07 21:00:00,9.059,4.74,-6.921,-0.771
1998-05-07 22:00:00,7.023,0.936,0.75,-1.48
1998-05-07 23:00:00,6.871,1.523,1.474,-5.168
1998-05-08 00:00:00,6.886,3.59,-3.003,0.186
1998-05-08 01:00:00,6.685,6.007,-1.11,1.397
1998-05-08 02:00:00,6.288,2.611,-2.33,-2.04
1998-05-08 03:00:00,6.296,4.314,-0.779,-2.404
1998-05-08 04:00:00,7.643,5.053,-4.559,-2.045
1998-05-08 05:00:00,8.102,1.29,-7.114,-2.346
1998-05-08 06:00:00,8.336,2.595,-6.016,-3.488
1998-05-08 07:00:00,6.793,2.63,-0.27,2.241
1998-05-08 08:00:00,7.349,3.252,-2.981,1.214
1998-05-08 09:00:00,9.597,3.307,-5.555,-0.642
1998-05-08 10:00:00,9.66,2.504,-5.728,0.413
1998-05-08 11:00:00,10.92,1.245,-6.31,3.435
1998-05-08 12:00:00,8.836,3.125,4.33,0.72
1998-05-08 13:00:00,8.066,4.642,4.829,-1.645
1998-05-08 14:00:00,7.238,4.952,-0.285,-3.487
1998-05-08 15:00:00,5.518,0.295,0.63,1.285
1998-05-08 16:00:00,5.343,-0.547,1.22,3.05
1998-05-08 17:00:00,5.235,1.444,-2.768,0.33
1998-05-08 18:00:00,4.961,3.608,-1.08,-3.057
1998-05-08 19:00:00,4.955,4.093,-0.815,-2.575
1998-05-08 20:00:00,4.89,4.311,0.406,-2.161
1998-05-08 21:00:00,4.997,4.453,-1.624,-0.697
1998-05-08 22:00:00,5.582,4.731,-2.423,-0.633
1998-05-08 23:00:00,5.543,5.013,-1.787,-0.977
1998-05-09 00:00:00,5.213,4.976,-0.96,0.46
1998-05-09 01:00:00,5.16,4.933,-0.822,1.072
1998-05-09 02:00:00,4.625,3.594,-0.137,2.685
1998-05-09 03:00:00,3.942,1.876,-0.82,-1.632
1998-05-09 04:00:00,4.094,-0.064,-2.192,-2.848
1998-05-09 05:00:00,3.895,1.431,-1.595,2.223
1998-05-09 06:00:00,4.313,3.961,-0.209,0.237
1998-05-09 07:00:00,4.231,2.771,-0.742,-2.742
1998-05-09 08:00:00,3.805,2.573,-0.939,0.775
1998-05-09 09:00:00,4.042,1.465,-0.475,3.533
1998-05-09 10:00:00,4.205,0.912,-0.529,3.759
1998-05-09 11:00:00,4.266,1.381,-1.323,2.172
1998-05-09 12:00:00,4.525,1.261,-1.332,-1.874
1998-05-09 13:00:00,4.938,3.299,-2.523,-0.515
1998-05-09 14:00:00,4.916,2.637,-1.275,-2.127
1998-05-09 15:00:00,5.394,0.093,-3.052,-4.084
1998-05-09 16:00:00,6.466,-0.806,-4.221,-3.717
1998-05-09 17:00:00,6.514,0.524,-2.102,-5.868
1998-05-09 18:00:00,5.707,2.539,-1.609,-3.907
1998-05-09 19:00:00,4.936,1.757,-2.138,2.34
1998-05-09 20:00:00,5.044,2.967,-2.653,1.649
1998-05-09 21:00:00,4.69,3.398,-2.269,1.197
1998-05-09 22:00:00,4.73,2.411,-2.079,1.443
1998-05-09 23:00:00,4.804,2.296,-2.497,1.88
1998-05-10 00:00:00,5.137,2.476,-3.88,1.363
1998-05-10 01:00:00,5.068,2.184,-3.499,0.845
1998-05-10 02:00:00,5.215,1.21,-3.794,1.912
1998-05-10 03:00:00,5.255,1.025,-4.26,0.96
1998-05-10 04:00:00,5.661,0.506,-4.73,-1.246
1998-05-10 05:00:00,5.571,2.294,-2.79,-3.257
1998-05-10 06:00:00,5.979,3.42,-0.282,-4.448
1998-05-10 07:00:00,5.839,3.331,-3.619,-1.804
1998-05-10 08:00:00,5.775,2.378,-4.525,-1.622
1998-05-10 09:00:00,5.4,2.024,-4.199,1.513
1998-05-10 10:00:00,5.183,2.119,0.793,-2.07
1998-05-10 11:00:00,4.933,2.468,3.523,-1.463
1998-05-10 12:00:00,5.002,2.217,-2.864,-0.329
1998-05-10 13:00:00,4.642,2.267,-1.397,1.494
1998-05-10 14:00:00,4.402,-1.013,-3.82,0.173
1998-05-10 15:00:00,4.459,0.67,-3.208,-1.092
1998-05-10 16:00:00,4.315,2.891,0.716,-0.32
1998-05-10 17:00:00,4.233,1.706,-1.275,-0.966
1998-05-10 18:00:00,4.591,4.271,-0.096,-1.414
1998-05-10 19:00:00,4.851,4.625,0.394,-0.389
1998-05-10 20:00:00,4.87,4.616,0.468,-0.744
1998-05-10 21:00:00,4.987,4.682,1.404,0.474
1998-05-10 22:00:00,4.754,2.459,-1.632,-1.278
1998-05-10 23:00:00,4.853,4.594,0.174,-0.552
1998-05-11 00:00:00,5.005,4.24,-0.965,-2.036
1998-05-11 01:00:00,4.959,3.391,-1.929,-2.559
1998-05-11 02:00:00,4.704,2.64,-3.03,-0.169
1998-05-11 03:00:00,4.741,3.909,0.434,-1.389
1998-05-11 04:00:00,5.059,3.38,-2.119,0.318
1998-05-11 05:00:00,5.752,3.722,-1.224,-2.47
1998-05-11 06:00:00,5.328,3.394,-1.993,-1.105
1998-05-11 07:00:00,5.741,2.968,-2.834,-2.015
1998-05-11 08:00:00,6.15,4.728,1.624,-2.756
1998-05-11 09:00:00,5.937,3.309,-1.268,-3.198
1998-05-11 10:00:00,5.104,2.416,2.618,-1.05
1998-05-11 11:00:00,4.822,2.229,3.442,0.103
1998-05-11 12:00:00,4.747,0.309,1.827,1.209
1998-05-11 13:00:00,4.953,0.805,2.824,3.008
1998-05-11 14:00:00,5.581,2.728,-3.007,-0.607
1998-05-11 15:00:00,4.869,1.732,-3.172,-1.697
1998-05-11 16:00:00,4.674,1.552,0.521,-2.772
1998-05-11 17:00:00,5.084,0.277,-4.415,0.828
1998-05-11 18:00:00,4.946,-0.86,-4.175,-1.229
1998-05-11 19:00:00,5.599,1.441,-0.895,-4.164
1998-05-11 20:00:00,6.112,1.151,-0.649,-3.887
1998-05-11 21:00:00,6.004,3.064,1.49,-3.663
1998-05-11 22:00:00,5.851,2.367,1.019,-3.292
1998-05-11 23:00:00,5.605,1.281,0.854,-3.79
1998-05-12 00:00:00,5.621,1.527,-2.183,-1.376
1998-05-12 01:00:00,5.518,0.984,-3.554,0.616
1998-05-12 02:00:00,4.995,1.297,-2.296,-3.057
1998-05-12 03:00:00,5.515,-0.244,-0.671,-4.283
1998-05-12 04:00:00,5.212,1.9,-1.227,-3.969
1998-05-12 05:00:00,4.962,2.583,-1.442,-0.97
1998-05-12 06:00:00,4.938,2.078,-2.662,-1.707
1998-05-12 07:00:00,4.859,0.836,-2.696,-1.948
1998-05-12 08:00:00,5.077,1.954,1.037,-0.698
1998-05-12 09:00:00,4.679,3.085,-1.187,1.673
1998-05-12 10:00:00,5.208,1.568,-4.021,-0.56
1998-05-12 11:00:00,5.146,0.644,-2.79,-2.961
1998-05-12 12:00:00,4.398,2.131,-1.491,-1.503
1998-05-12 13:00:00,4.905,4.387,-0.864,-0.014
1998-05-12 14:00:00,4.316,3.293,-1.184,-2.052
1998-05-12 15:00:00,4.456,3.07,-2.524,-1.848
1998-05-12 16:00:00,4.057,2.337,-1.791,-1.26
1998-05-12 17:00:00,4.239,0.953,-1.752,-1.502
1998-05-12 18:00:00,4.243,3.704,-1.455,-0.231
1998-05-12 19:00:00,5.077,-0.454,-3.332,-2.228
1998-05-12 20:00:00,5.69,5.055,-2.143,0.762
1998-05-12 21:00:00,5.116,4.547,-1.511,0.017
1998-05-12 22:00:00,4.436,2.87,-2.36,-1.191
1998-05-12 23:00:00,3.407,1.81,-1.714,-0.778
1998-05-13 00:00:00,4.196,3.721,-0.249,0.529
1998-05-13 01:00:00,4.498,3.741,0.281,0.135
1998-05-13 02:00:00,4.604,4.539,0.072,-0.083
1998-05-13 03:00:00,4.812,4.585,-0.829,0.072
1998-05-13 04:00:00,4.642,4.245,-0.939,0.328
1998-05-13 05:00:00,4.431,3.839,-1.92,-0.373
1998-05-13 06:00:00,4.589,3.934,-1.564,-1.086
1998-05-13 07:00:00,4.615,4.512,-0.582,0.227
1998-05-13 08:00:00,4.561,4.312,-0.879,1.001
1998-05-13 09:00:00,4.684,4.182,-0.523,1.258
1998-05-13 10:00:00,4.71,4.12,-1.922,1.066
1998-05-13 11:00:00,4.696,3.985,-1.466,1.24
1998-05-13 12:00:00,4.609,3.854,-1.328,0.632
1998-05-13 13:00:00,4.9,4.163,-2.201,0.177
1998-05-13 14:00:00,5.12,3.741,-3.393,0.014
1998-05-13 15:00:00,4.903,3.42,-3.461,-0.127
1998-05-13 16:00:00,4.341,3.166,-2.647,-0.758
1998-05-13 17:00:00,3.922,-0.033,-3.26,-1.051
1998-05-13 18:00:00,4.038,-3.224,-2.221,-0.251
1998-05-13 19:00:00,3.904,-3.113,-1.228,-1.079
1998-05-13 20:00:00,3.955,2.369,-2.916,-0.529
1998-05-13 21:00:00,3.735,-0.266,-1.281,-1.922
1998-05-13 22:00:00,4.184,2.431,-2.841,-0.51
1998-05-13 23:00:00,3.715,1.996,-2.366,-1.046
1998-05-14 00:00:00,2.814,1.419,-1.982,-0.905
1998-05-14 01:00:00,2.744,1.721,-1.163,-0.224
1998-05-14 02:00:00,2.839,0.401,0.971,-2.301
1998-05-14 03:00:00,2.415,1.021,-0.093,-1.343
1998-05-14 04:00:00,3.022,0.74,-1.069,-1.822
1998-05-14 05:00:00,3.225,2.386,-1.823,-0.103
1998-05-14 06:00:00,3.298,3.045,-0.324,-0.021
1998-05-14 07:00:00,3.301,2.799,-0.836,0.608
1998-05-14 08:00:00,3.675,3.119,-1.308,0.63
1998-05-14 09:00:00,3.658,1.592,-1.808,-1.667
1998-05-14 10:00:00,3.764,2.522,-2.205,-1.174
1998-05-14 11:00:00,4.126,2.689,-2.471,-1.239
1998-05-14 12:00:00,4.242,2.922,-2.7,-0.746
1998-05-14 13:00:00,4.568,3.565,-1.511,2.226
1998-05-14 14:00:00,4.491,2.472,-2.225,2.611
1998-05-14 15:00:00,4.324,1.265,-3.952,0.68
1998-05-14 16:00:00,3.841,1.436,-3.168,1.197
1998-05-14 17:00:00,3.474,1.608,-3.068,0.0
1998-05-14 18:00:00,3.385,1.721,-2.866,-0.482
1998-05-14 19:00:00,3.582,2.448,-2.386,-0.901
1998-05-14 20:00:00,3.89,1.684,-3.022,-0.677
1998-05-14 21:00:00,3.928,2.035,-2.687,-0.19
1998-05-14 22:00:00,3.87,3.21,-1.675,0.521
1998-05-14 23:00:00,3.549,1.981,-2.901,-0.428
1998-05-15 00:00:00,3.387,2.179,-2.461,0.056
1998-05-15 01:00:00,3.201,2.038,-2.388,0.05
1998-05-15 02:00:00,3.162,2.121,-2.272,-0.472
1998-05-15 03:00:00,3.367,2.61,-1.998,0.008
1998-05-15 04:00:00,3.557,3.088,-1.547,0.524
1998-05-15 05:00:00,3.385,2.653,-2.045,0.09
1998-05-15 06:00:00,3.364,1.818,-2.62,0.606
1998-05-15 07:00:00,3.455,2.33,-2.319,0.659
1998-05-15 08:00:00,3.463,1.018,-3.063,0.287
1998-05-15 09:00:00,3.567,0.794,-3.327,0.35
1998-05-15 10:00:00,3.297,1.389,-2.58,0.778
1998-05-15 11:00:00,3.615,-0.681,-3.367,-0.579
1998-05-15 12:00:00,3.426,-0.435,-3.069,-0.768
1998-05-15 13:00:00,2.887,0.305,-2.697,-0.523
1998-05-15 14:00:00,6.481,2.535,-5.883,-0.183
1998-05-15 15:00:00,5.487,2.242,-3.546,-2.388
1998-05-15 16:00:00,8.244,-3.883,3.391,4.016
1998-05-15 17:00:00,9.611,-2.015,8.103,-2.708
1998-05-15 18:00:00,10.103,-0.581,8.881,-1.393
1998-05-15 19:00:00,8.819,-4.381,6.158,1.181
1998-05-15 20:00:00,8.598,-5.746,4.921,0.716
1998-05-15 21:00:00,10.837,-6.454,7.388,2.176
1998-05-15 22:00:00,10.981,-4.725,7.266,3.766
1998-05-15 23:00:00,12.335,-7.262,-1.003,8.054
1998-05-16 00:00:00,14.663,-6.377,-9.578,8.707
1998-05-16 01:00:00,14.285,1.196,-13.009,3.931
1998-05-16 02:00:00,12.476,-0.224,-11.486,3.435
1998-05-16 03:00:00,12.909,-2.482,-9.336,8.245
1998-05-16 04:00:00,14.14,-6.599,-1.537,11.445
1998-05-16 05:00:00,15.455,-8.865,4.262,11.803
1998-05-16 06:00:00,15.851,-10.017,4.065,11.539
1998-05-16 07:00:00,16.558,-11.142,8.238,8.584
1998-05-16 08:00:00,15.353,-9.666,9.126,6.066
1998-05-16 09:00:00,15.032,-10.446,8.996,3.854
1998-05-16 10:00:00,14.881,-10.941,8.559,4.841
1998-05-16 11:00:00,14.321,-10.844,6.572,6.14
1998-05-16 12:00:00,12.571,-8.142,4.707,5.572
1998-05-16 13:00:00,13.057,-9.043,3.283,7.447
1998-05-16 14:00:00,12.89,-8.341,4.119,7.581
1998-05-16 15:00:00,12.076,-7.542,7.29,1.548
1998-05-16 16:00:00,11.88,-7.325,7.894,-2.075
1998-05-16 17:00:00,11.54,-7.345,2.889,4.734
1998-05-16 18:00:00,9.795,-5.208,4.344,2.841
1998-05-16 19:00:00,9.256,-3.749,6.378,-2.225
1998-05-16 20:00:00,9.183,-7.377,3.007,1.433
1998-05-16 21:00:00,8.758,-5.166,4.462,3.153
1998-05-16 22:00:00,8.248,-6.93,1.677,2.55
1998-05-16 23:00:00,7.829,-4.304,3.95,-0.704
1998-05-17 00:00:00,7.761,-6.149,2.07,-2.305
1998-05-17 01:00:00,7.836,-6.466,3.239,1.224
1998-05-17 02:00:00,7.727,-5.703,2.885,2.75
1998-05-17 03:00:00,7.688,-6.877,2.892,0.858
1998-05-17 04:00:00,7.517,-5.153,3.312,3.011
1998-05-17 05:00:00,7.372,-4.942,4.222,1.769
1998-05-17 06:00:00,7.167,-4.637,4.499,2.136
1998-05-17 07:00:00,6.564,-5.278,2.404,2.417
1998-05-17 08:00:00,6.82,-4.406,4.446,1.519
1998-05-17 09:00:00,5.959,-2.788,4.506,1.791
1998-05-17 10:00:00,5.459,-1.155,3.373,-0.557
1998-05-17 11:00:00,5.933,2.744,2.076,-0.017
1998-05-17 12:00:00,4.485,-2.592,-0.45,-0.934
1998-05-17 13:00:00,4.168,0.733,1.872,0.138
1998-05-17 14:00:00,4.13,-0.153,2.378,0.172
1998-05-17 15:00:00,3.918,-0.063,0.943,0.403
1998-05-17 16:00:00,4.111,0.198,2.322,-2.58
1998-05-17 17:00:00,4.183,0.807,3.248,0.749
1998-05-17 18:00:00,5.035,2.734,1.968,-0.973
1998-05-17 19:00:00,4.839,2.96,2.277,-0.705
1998-05-17 20:00:00,4.838,1.883,2.838,0.09
1998-05-17 21:00:00,5.236,2.56,2.359,-3.223
1998-05-17 22:00:00,4.81,2.42,1.319,-3.238
1998-05-17 23:00:00,5.331,2.832,3.381,0.7
1998-05-18 00:00:00,5.005,3.397,3.145,1.204
1998-05-18 01:00:00,4.445,0.019,1.866,1.135
1998-05-18 02:00:00,4.016,-1.871,3.379,0.572
1998-05-18 03:00:00,3.945,-0.953,3.474,0.87
1998-05-18 04:00:00,3.516,1.028,2.205,-0.084
1998-05-18 05:00:00,4.86,-2.609,2.601,-0.613
1998-05-18 06:00:00,5.171,-0.807,4.693,0.677
1998-05-18 07:00:00,5.263,-2.022,4.356,1.392
1998-05-18 08:00:00,4.238,-2.362,1.606,-1.571
1998-05-18 09:00:00,5.797,-2.491,4.984,0.307
1998-05-18 10:00:00,6.538,-2.847,5.12,2.053
1998-05-18 11:00:00,5.705,-1.029,0.546,-4.033
1998-05-18 12:00:00,5.85,0.129,-2.68,-4.523
1998-05-18 13:00:00,6.396,1.559,-3.736,-4.233
1998-05-18 14:00:00,6.797,1.71,-3.84,-4.948
1998-05-18 15:00:00,6.386,0.861,0.255,-4.202
1998-05-18 16:00:00,6.794,1.331,2.386,-4.879
1998-05-18 17:00:00,6.772,1.268,-1.532,-6.066
1998-05-18 18:00:00,5.508,0.447,-0.083,-3.979
1998-05-18 19:00:00,6.044,2.046,3.199,-2.155
1998-05-18 20:00:00,6.193,1.162,2.412,-5.002
1998-05-18 21:00:00,6.121,2.44,3.522,-4.053
1998-05-18 22:00:00,5.633,-3.335,-1.336,-0.322
1998-05-18 23:00:00,5.339,-2.604,0.976,3.261
1998-05-19 00:00:00,6.15,-2.755,1.739,-1.965
1998-05-19 01:00:00,6.452,-1.609,1.97,-1.617
1998-05-19 02:00:00,6.535,1.45,5.866,-1.102
1998-05-19 03:00:00,6.163,-0.959,4.095,-1.602
1998-05-19 04:00:00,6.668,-1.474,4.024,3.26
1998-05-19 05:00:00,7.072,0.601,5.347,2.531
1998-05-19 06:00:00,6.325,-0.926,5.702,0.785
1998-05-19 07:00:00,6.219,-1.515,4.099,-0.085
1998-05-19 08:00:00,5.882,-1.34,1.458,-4.76
1998-05-19 09:00:00,6.333,-3.459,4.91,-0.641
1998-05-19 10:00:00,6.621,-3.153,4.896,2.525
1998-05-19 11:00:00,6.927,-0.187,6.009,1.619
1998-05-19 12:00:00,6.404,-4.819,3.653,0.818
1998-05-19 13:00:00,5.561,-2.684,2.574,-1.993
1998-05-19 14:00:00,5.93,-1.67,4.227,-2.957
1998-05-19 15:00:00,6.612,-3.036,5.519,0.166
1998-05-19 16:00:00,6.285,-3.841,4.508,1.601
1998-05-19 17:00:00,5.713,-0.226,4.409,3.371
1998-05-19 18:00:00,5.587,-0.697,4.214,3.047
1998-05-19 19:00:00,5.62,-1.664,4.163,3.172
1998-05-19 20:00:00,5.632,-2.34,3.301,3.742
1998-05-19 21:00:00,5.392,-3.611,2.593,2.525
1998-05-19 22:00:00,5.673,-4.118,3.499,0.028
1998-05-19 23:00:00,5.934,-3.323,1.86,2.297
1998-05-20 00:00:00,5.752,0.052,3.059,4.255
1998-05-20 01:00:00,5.229,-1.022,3.885,2.875
1998-05-20 02:00:00,4.962,0.11,2.356,3.674
1998-05-20 03:00:00,4.848,-0.396,1.739,3.786
1998-05-20 04:00:00,5.409,-2.202,2.368,2.8
1998-05-20 05:00:00,5.933,-0.856,3.645,3.771
1998-05-20 06:00:00,5.881,-2.083,3.504,0.232
1998-05-20 07:00:00,6.493,-2.806,5.468,-0.51
1998-05-20 08:00:00,7.025,0.692,0.855,6.172
1998-05-20 09:00:00,7.799,0.836,-2.053,7.27
1998-05-20 10:00:00,6.943,0.607,0.284,5.993
1998-05-20 11:00:00,6.912,0.831,-4.97,-3.753
1998-05-20 12:00:00,7.361,4.368,-5.425,0.36
1998-05-20 13:00:00,8.822,5.932,-3.798,4.016
1998-05-20 14:00:00,8.24,4.964,-6.272,-1.621
1998-05-20 15:00:00,8.756,4.727,-5.622,-4.536
1998-05-20 16:00:00,8.522,3.201,-2.359,-6.936
1998-05-20 17:00:00,6.807,3.753,-3.977,-1.488
1998-05-20 18:00:00,7.283,3.482,-5.053,-3.485
1998-05-20 19:00:00,7.008,3.859,-4.589,0.518
1998-05-20 20:00:00,6.939,4.41,-2.857,4.194
1998-05-20 21:00:00,7.06,4.577,-4.224,0.792
1998-05-20 22:00:00,7.103,4.709,-4.121,-0.911
1998-05-20 23:00:00,7.116,4.816,-4.456,-1.688
1998-05-21 00:00:00,7.056,2.223,-4.285,-4.512
1998-05-21 01:00:00,6.963,4.038,-3.759,-3.047
1998-05-21 02:00:00,6.974,3.981,-4.002,-3.898
1998-05-21 03:00:00,7.046,4.48,-3.467,-3.946
1998-05-21 04:00:00,6.938,2.963,-3.362,-4.982
1998-05-21 05:00:00,6.988,2.957,-1.818,0.174
1998-05-21 06:00:00,6.872,4.962,3.426,2.685
1998-05-21 07:00:00,5.778,2.38,-1.003,-1.851
1998-05-21 08:00:00,5.204,2.492,0.426,1.172
1998-05-21 09:00:00,5.555,3.455,-0.858,-1.966
1998-05-21 10:00:00,5.873,5.138,1.563,1.221
1998-05-21 11:00:00,5.637,4.554,-2.004,-1.042
1998-05-21 12:00:00,5.276,1.567,-3.774,-2.427
1998-05-21 13:00:00,5.729,0.461,-4.104,-2.757
1998-05-21 14:00:00,5.951,-1.947,-4.377,-3.082
1998-05-21 15:00:00,5.693,0.969,-2.529,-4.123
1998-05-21 16:00:00,4.764,-0.142,-1.581,-3.764
1998-05-21 17:00:00,5.42,-1.778,-3.189,-3.213
1998-05-21 18:00:00,4.124,0.493,-2.958,-1.161
1998-05-21 19:00:00,4.166,0.985,-2.002,-3.149
1998-05-21 20:00:00,4.057,2.873,-0.826,-2.12
1998-05-21 21:00:00,4.743,0.592,-2.297,-3.44
1998-05-21 22:00:00,5.671,1.519,-0.311,-5.188
1998-05-21 23:00:00,4.765,0.358,-0.259,-4.48
1998-05-22 00:00:00,4.216,1.259,-1.244,-2.746
1998-05-22 01:00:00,4.573,3.68,-1.76,-1.856
1998-05-22 02:00:00,4.761,2.945,-2.53,-2.04
1998-05-22 03:00:00,4.123,1.285,-2.708,-2.049
1998-05-22 04:00:00,4.732,-0.205,-3.362,-2.033
1998-05-22 05:00:00,4.937,1.559,-4.388,-0.133
1998-05-22 06:00:00,5.184,-1.709,-2.353,3.178
1998-05-22 07:00:00,5.921,1.76,-2.106,2.247
1998-05-22 08:00:00,6.477,0.096,-5.505,-2.247
1998-05-22 09:00:00,6.729,4.146,-2.776,0.881
1998-05-22 10:00:00,6.939,3.204,-2.955,3.542
1998-05-22 11:00:00,7.197,-0.404,-5.862,0.988
1998-05-22 12:00:00,7.44,2.714,-6.45,0.204
1998-05-22 13:00:00,7.704,1.09,-5.652,-2.466
1998-05-22 14:00:00,8.007,2.635,-0.316,5.755
1998-05-22 15:00:00,8.015,4.337,1.849,6.152
1998-05-22 16:00:00,8.529,3.957,-0.517,7.027
1998-05-22 17:00:00,8.549,3.882,-3.747,6.215
1998-05-22 18:00:00,8.341,3.209,0.774,6.627
1998-05-22 19:00:00,7.921,4.803,-3.573,3.528
1998-05-22 20:00:00,7.664,5.899,-3.839,2.599
1998-05-22 21:00:00,7.129,4.921,-4.578,-1.816
1998-05-22 22:00:00,7.352,4.73,-5.051,-2.249
1998-05-22 23:00:00,7.961,5.319,-5.327,-2.183
1998-05-23 00:00:00,8.703,6.373,-3.078,-4.496
1998-05-23 01:00:00,6.548,2.623,1.287,-4.546
1998-05-23 02:00:00,4.711,3.75,-0.687,-1.008
1998-05-23 03:00:00,6.412,4.776,-1.535,-3.673
1998-05-23 04:00:00,6.255,5.316,-1.485,-2.303
1998-05-23 05:00:00,6.237,4.16,-3.416,-2.947
1998-05-23 06:00:00,5.65,3.601,-2.179,-2.41
1998-05-23 07:00:00,6.292,3.122,-1.967,-4.535
1998-05-23 08:00:00,6.196,2.106,-3.852,-3.231
1998-05-23 09:00:00,6.461,2.143,-4.831,-3.609
1998-05-23 10:00:00,7.283,0.392,-5.427,-4.124
1998-05-23 11:00:00,7.32,-0.364,-6.485,-2.499
1998-05-23 12:00:00,7.18,0.268,-5.775,-3.653
1998-05-23 13:00:00,7.045,2.164,-1.272,-1.52
1998-05-23 14:00:00,7.876,6.762,2.434,2.804
1998-05-23 15:00:00,8.007,7.828,-0.173,-0.751
1998-05-23 16:00:00,7.917,6.768,-3.641,-0.394
1998-05-23 17:00:00,7.782,-1.75,-0.608,-4.134
1998-05-23 18:00:00,9.027,-1.33,-2.54,-7.608
1998-05-23 19:00:00,9.689,-2.142,-6.196,-6.32
1998-05-23 20:00:00,9.258,-1.056,-5.402,-5.937
1998-05-23 21:00:00,9.113,0.203,-6.71,-5.618
1998-05-23 22:00:00,8.301,3.809,-6.834,0.42
1998-05-23 23:00:00,7.37,0.002,-5.463,-2.654
1998-05-24 00:00:00,8.229,4.387,-5.71,3.682
1998-05-24 01:00:00,8.644,2.898,-6.78,1.242
1998-05-24 02:00:00,9.919,0.592,-7.404,-3.803
1998-05-24 03:00:00,8.799,2.297,-5.001,1.666
1998-05-24 04:00:00,9.135,-2.476,-4.383,-6.163
1998-05-24 05:00:00,8.656,1.259,-6.56,-4.059
1998-05-24 06:00:00,7.925,4.217,-5.961,-0.179
1998-05-24 07:00:00,6.97,5.68,-2.364,1.288
1998-05-24 08:00:00,7.413,7.09,-1.102,1.441
1998-05-24 09:00:00,7.434,6.79,-2.379,-0.101
1998-05-24 10:00:00,7.464,5.778,-3.102,-2.596
1998-05-24 11:00:00,7.712,4.477,-5.494,-2.4
1998-05-24 12:00:00,8.218,6.63,-3.872,1.91
1998-05-24 13:00:00,7.685,6.094,-2.467,0.077
1998-05-24 14:00:00,7.485,6.063,-2.974,-2.295
1998-05-24 15:00:00,7.168,5.447,-0.968,-2.704
1998-05-24 16:00:00,7.387,6.189,0.959,-3.32
1998-05-24 17:00:00,7.245,6.679,1.198,-2.104
1998-05-24 18:00:00,6.71,6.19,1.868,-1.307
1998-05-24 19:00:00,6.5,2.706,-0.073,0.553
1998-05-24 20:00:00,7.288,6.91,0.908,1.896
1998-05-24 21:00:00,7.295,6.475,1.003,3.027
1998-05-24 22:00:00,7.027,6.108,1.138,3.13
1998-05-24 23:00:00,8.166,7.334,-0.671,3.432
1998-05-25 00:00:00,7.411,4.377,-4.182,1.292
1998-05-25 01:00:00,7.966,4.405,-1.593,1.965
1998-05-25 02:00:00,8.304,7.72,-0.889,2.693
1998-05-25 03:00:00,8.616,7.075,-1.606,4.404
1998-05-25 04:00:00,8.491,0.183,-6.25,-4.716
1998-05-25 05:00:00,7.581,-1.439,-3.941,-2.831
1998-05-25 06:00:00,8.041,-3.408,-2.573,-5.418
1998-05-25 07:00:00,7.385,-4.072,0.368,-5.534
1998-05-25 08:00:00,7.796,-2.524,-5.194,-4.398
1998-05-25 09:00:00,6.285,0.215,-4.756,-0.962
1998-05-25 10:00:00,7.177,4.91,-0.416,-0.013
1998-05-25 11:00:00,7.796,4.12,-3.842,2.646
1998-05-25 12:00:00,6.956,4.355,-2.24,3.232
1998-05-25 13:00:00,6.549,4.488,-4.24,-0.678
1998-05-25 14:00:00,7.538,1.447,-4.956,-5.04
1998-05-25 15:00:00,8.121,0.397,-4.041,-6.485
1998-05-25 16:00:00,6.834,3.752,-3.564,-2.378
1998-05-25 17:00:00,7.09,1.374,-3.564,-5.018
1998-05-25 18:00:00,7.291,3.429,-5.317,-0.987
1998-05-25 19:00:00,6.747,2.928,-4.6,-1.855
1998-05-25 20:00:00,6.681,2.886,-5.269,-1.969
1998-05-25 21:00:00,6.383,3.147,-4.212,-3.172
1998-05-25 22:00:00,6.213,5.375,-2.755,-0.49
1998-05-25 23:00:00,6.087,4.546,-3.193,-1.428
1998-05-26 00:00:00,6.159,4.432,-3.418,-1.993
1998-05-26 01:00:00,6.097,4.422,-3.693,-1.745
1998-05-26 02:00:00,5.816,3.571,-4.108,-1.785
1998-05-26 03:00:00,5.697,4.293,-3.31,-1.25
1998-05-26 04:00:00,5.644,3.817,-3.655,-1.737
1998-05-26 05:00:00,5.497,3.378,-3.982,-1.513
1998-05-26 06:00:00,5.387,3.69,-3.595,-1.516
1998-05-26 07:00:00,5.022,4.887,-0.294,-0.041
1998-05-26 08:00:00,5.699,4.997,-2.312,0.924
1998-05-26 09:00:00,6.162,4.571,-3.654,1.468
1998-05-26 10:00:00,6.301,5.455,-1.905,2.384
1998-05-26 11:00:00,5.428,3.728,-1.282,1.54
1998-05-26 12:00:00,5.055,4.117,-0.921,-1.03
1998-05-26 13:00:00,5.452,1.33,-4.529,-0.974
1998-05-26 14:00:00,5.702,1.355,-5.006,0.172
1998-05-26 15:00:00,6.703,0.041,-5.363,-3.396
1998-05-26 16:00:00,7.228,0.702,-5.685,-3.966
1998-05-26 17:00:00,7.449,1.903,-5.241,-4.722
1998-05-26 18:00:00,6.52,2.516,-3.616,-4.587
1998-05-26 19:00:00,5.581,0.669,-3.834,-3.362
1998-05-26 20:00:00,5.495,-0.547,-2.416,-4.245
1998-05-26 21:00:00,6.006,-0.494,-3.401,-4.642
1998-05-26 22:00:00,6.44,-1.615,-4.483,-4.166
1998-05-26 23:00:00,5.63,-1.686,-4.662,-2.513
1998-05-27 00:00:00,6.539,-1.971,-5.262,-3.028
1998-05-27 01:00:00,6.841,2.068,-5.697,-2.753
1998-05-27 02:00:00,4.848,-0.016,-1.787,3.75
1998-05-27 03:00:00,6.64,0.098,1.362,6.39
1998-05-27 04:00:00,5.42,-0.683,3.43,3.9
1998-05-27 05:00:00,5.88,-0.749,3.867,4.228
1998-05-27 06:00:00,6.498,0.257,4.259,4.031
1998-05-27 07:00:00,6.726,-0.282,1.509,5.465
1998-05-27 08:00:00,4.732,0.263,0.678,-3.791
1998-05-27 09:00:00,3.944,-0.492,-2.692,-1.52
1998-05-27 10:00:00,4.531,-0.127,-2.39,-3.363
1998-05-27 11:00:00,4.023,1.573,-0.184,-3.423
1998-05-27 12:00:00,4.044,3.119,0.896,-2.156
1998-05-27 13:00:00,3.682,2.964,1.185,-0.786
1998-05-27 14:00:00,3.281,1.899,-1.921,0.298
1998-05-27 15:00:00,2.98,1.54,-2.217,0.164
1998-05-27 16:00:00,3.106,1.905,-2.195,-0.345
1998-05-27 17:00:00,2.81,0.375,-2.253,-1.19
1998-05-27 18:00:00,2.968,-1.126,0.166,-2.125
1998-05-27 19:00:00,2.595,-0.652,1.256,-1.854
1998-05-27 20:00:00,3.322,0.12,-1.317,-2.913
1998-05-27 21:00:00,5.05,0.688,-4.559,-1.914
1998-05-27 22:00:00,4.876,0.641,-4.63,-1.272
1998-05-27 23:00:00,4.243,1.245,-3.542,-1.722
1998-05-28 00:00:00,4.457,0.301,-3.6,-2.386
1998-05-28 01:00:00,4.553,-0.903,-3.968,-1.155
1998-05-28 02:00:00,3.883,-1.934,-2.06,2.54
1998-05-28 03:00:00,3.72,1.152,1.096,-2.631
1998-05-28 04:00:00,4.19,-1.795,-1.435,1.113
1998-05-28 05:00:00,2.927,-1.18,0.517,1.386
1998-05-28 06:00:00,2.83,-2.039,0.766,1.46
1998-05-28 07:00:00,4.874,-2.151,2.942,3.124
1998-05-28 08:00:00,5.487,-2.302,3.507,3.466
1998-05-28 09:00:00,5.193,-1.939,4.112,2.261
1998-05-28 10:00:00,4.859,0.475,4.173,0.455
1998-05-28 11:00:00,4.042,-1.988,2.302,1.71
1998-05-28 12:00:00,4.02,1.761,2.53,1.13
1998-05-28 13:00:00,4.861,-4.112,2.215,-0.114
1998-05-28 14:00:00,3.752,-1.36,1.039,-0.605
1998-05-28 15:00:00,5.126,2.051,-4.17,1.008
1998-05-28 16:00:00,6.074,2.306,-5.276,0.661
1998-05-28 17:00:00,6.966,3.49,-5.466,1.569
1998-05-28 18:00:00,6.851,5.262,-3.912,0.902
1998-05-28 19:00:00,4.45,1.609,-1.162,-0.003
1998-05-28 20:00:00,7.62,-3.241,1.188,6.28
1998-05-28 21:00:00,9.36,-5.619,2.829,5.392
1998-05-28 22:00:00,11.819,-9.778,3.622,-0.429
1998-05-28 23:00:00,11.61,-4.358,2.542,9.335
1998-05-29 00:00:00,10.293,-5.793,7.609,-1.488
1998-05-29 01:00:00,9.48,-4.642,6.358,2.435
1998-05-29 02:00:00,11.544,-6.251,6.506,1.206
1998-05-29 03:00:00,10.726,-5.463,7.653,1.326
1998-05-29 04:00:00,12.353,-6.223,7.364,6.996
1998-05-29 05:00:00,13.726,-5.195,7.162,7.844
1998-05-29 06:00:00,12.625,-7.891,8.473,3.268
1998-05-29 07:00:00,11.875,-6.972,6.481,5.368
1998-05-29 08:00:00,11.699,-8.862,5.652,1.914
1998-05-29 09:00:00,12.652,-9.815,7.467,-0.184
1998-05-29 10:00:00,13.701,-7.347,10.049,1.235
1998-05-29 11:00:00,13.562,-5.34,8.879,4.311
1998-05-29 12:00:00,12.458,-7.763,8.214,-0.278
1998-05-29 13:00:00,11.917,-4.364,8.432,-3.804
1998-05-29 14:00:00,11.773,-5.338,9.789,-1.441
1998-05-29 15:00:00,16.98,-4.42,4.732,-5.909
1998-05-29 16:00:00,15.96,-2.545,10.917,7.814
1998-05-29 17:00:00,13.758,0.503,4.767,8.867
1998-05-29 18:00:00,13.747,-1.128,-11.274,5.249
1998-05-29 19:00:00,13.596,-3.212,-8.997,7.462
1998-05-29 20:00:00,13.596,-7.582,-6.229,8.15
1998-05-29 21:00:00,13.643,-6.164,-0.429,11.127
1998-05-29 22:00:00,11.01,-4.385,-5.06,5.841
1998-05-29 23:00:00,11.381,1.796,-8.979,-4.175
1998-05-30 00:00:00,11.092,8.708,-2.365,-4.981
1998-05-30 01:00:00,9.206,7.808,2.869,-3.475
1998-05-30 02:00:00,8.966,7.44,3.224,-3.157
1998-05-30 03:00:00,5.852,-0.245,1.14,-1.967
1998-05-30 04:00:00,5.796,-4.205,3.689,-1.168
1998-05-30 05:00:00,5.877,-3.152,0.989,-0.974
1998-05-30 06:00:00,5.332,0.556,-0.529,-0.118
1998-05-30 07:00:00,6.156,0.261,-4.686,1.599
1998-05-30 08:00:00,7.297,1.58,-5.022,4.27
1998-05-30 09:00:00,6.746,3.384,-4.564,1.581
1998-05-30 10:00:00,7.615,5.161,-4.285,0.761
1998-05-30 11:00:00,7.977,5.74,-5.207,0.814
1998-05-30 12:00:00,7.376,4.507,-2.787,2.144
1998-05-30 13:00:00,6.765,-3.99,3.481,-0.598
1998-05-30 14:00:00,8.976,-2.809,7.422,2.058
1998-05-30 15:00:00,8.855,-4.214,7.441,-0.485
1998-05-30 16:00:00,7.414,-2.506,6.499,0.255
1998-05-30 17:00:00,7.878,-1.955,6.794,1.57
1998-05-30 18:00:00,7.094,-2.828,5.581,0.97
1998-05-30 19:00:00,6.363,-2.402,4.929,-0.004
1998-05-30 20:00:00,6.312,-0.557,4.835,0.886
1998-05-30 21:00:00,5.946,-1.611,4.239,1.213
1998-05-30 22:00:00,5.768,-4.508,-2.182,-0.902
1998-05-30 23:00:00,5.358,-4.236,-2.022,-0.022
1998-05-31 00:00:00,5.135,-4.958,-0.092,0.107
1998-05-31 01:00:00,4.964,-3.969,2.486,0.247
1998-05-31 02:00:00,4.753,-1.861,3.158,0.955
1998-05-31 03:00:00,4.836,-4.567,0.569,0.669
1998-05-31 04:00:00,4.756,-4.606,0.035,-0.68
1998-05-31 05:00:00,4.654,-4.497,0.398,0.527
1998-05-31 06:00:00,4.843,-4.348,1.487,0.517
1998-05-31 07:00:00,4.846,-4.267,0.793,-0.22
1998-05-31 08:00:00,5.01,-3.465,3.337,0.695
1998-05-31 09:00:00,5.158,-4.949,1.05,-0.038
1998-05-31 10:00:00,5.184,-4.355,1.842,0.025
1998-05-31 11:00:00,5.39,-3.389,3.912,-0.382
1998-05-31 12:00:00,5.482,-4.474,3.119,-0.139
1998-05-31 13:00:00,5.167,-3.074,3.872,0.255
1998-05-31 14:00:00,4.495,-3.066,2.97,0.7
1998-05-31 15:00:00,5.004,-4.273,2.286,0.775
1998-05-31 16:00:00,5.09,-4.9,-0.275,0.762
1998-05-31 17:00:00,4.856,-4.703,-0.415,-0.728
1998-05-31 18:00:00,4.774,-1.596,2.973,2.104
1998-05-31 19:00:00,4.869,-3.78,2.726,-0.287
1998-05-31 20:00:00,4.856,-4.443,0.316,1.442
1998-05-31 21:00:00,4.798,-4.026,0.224,1.98
1998-05-31 22:00:00,4.673,-4.113,-0.673,0.246
1998-05-31 23:00:00,4.414,-2.89,-1.577,2.538
1998-06-01 00:00:00,4.386,-4.058,0.362,-0.009
1998-06-01 01:00:00,4.411,-4.209,-0.605,-0.181
1998-06-01 02:00:00,4.54,-4.189,-0.631,0.422
1998-06-01 03:00:00,4.781,-4.003,1.184,1.787
1998-06-01 04:00:00,4.77,-2.837,3.242,1.186
1998-06-01 05:00:00,4.811,-2.773,3.15,-0.204
1998-06-01 06:00:00,5.047,0.876,4.082,1.068
1998-06-01 07:00:00,4.641,-1.452,2.677,0.145
1998-06-01 08:00:00,4.17,-3.329,1.71,1.511
1998-06-01 09:00:00,4.158,-3.054,2.63,0.325
1998-06-01 10:00:00,4.61,-3.673,2.521,0.027
1998-06-01 11:00:00,4.894,-3.821,1.641,1.56
1998-06-01 12:00:00,4.831,-2.715,-0.299,3.653
1998-06-01 13:00:00,5.356,-0.728,3.191,3.883
1998-06-01 14:00:00,5.694,1.876,3.504,3.814
1998-06-01 15:00:00,5.222,2.909,3.678,0.1
1998-06-01 16:00:00,5.268,-1.727,0.575,3.022
1998-06-01 17:00:00,5.179,-4.265,-1.548,1.911
1998-06-01 18:00:00,4.903,-0.915,-0.042,1.01
1998-06-01 19:00:00,3.833,2.34,2.054,1.345
1998-06-01 20:00:00,4.733,2.065,2.134,2.71
1998-06-01 21:00:00,4.067,3.344,0.129,1.885
1998-06-01 22:00:00,4.055,3.627,0.554,1.543
1998-06-01 23:00:00,3.628,3.149,1.55,-0.038
1998-06-02 00:00:00,3.581,0.028,-1.105,1.06
1998-06-02 01:00:00,3.929,-0.217,0.189,0.996
1998-06-02 02:00:00,3.797,-0.339,3.289,-0.991
1998-06-02 03:00:00,3.285,-1.268,-0.264,1.429
1998-06-02 04:00:00,3.833,2.84,-2.133,0.594
1998-06-02 05:00:00,3.781,3.457,-1.256,0.031
1998-06-02 06:00:00,3.516,2.946,1.179,-0.676
1998-06-02 07:00:00,3.718,2.864,1.963,0.069
1998-06-02 08:00:00,4.545,1.599,3.683,0.107
1998-06-02 09:00:00,4.195,-1.569,1.709,2.36
1998-06-02 10:00:00,8.305,3.11,5.742,-3.794
1998-06-02 11:00:00,11.097,3.986,10.049,-2.038
1998-06-02 12:00:00,11.918,3.982,10.962,1.831
1998-06-02 13:00:00,11.378,1.849,9.865,5.238
1998-06-02 14:00:00,10.284,0.906,7.559,6.651
1998-06-02 15:00:00,9.128,-2.456,3.845,7.7
1998-06-02 16:00:00,8.503,-2.494,1.786,7.128
1998-06-02 17:00:00,7.842,1.954,5.212,5.32
1998-06-02 18:00:00,6.949,3.056,4.588,3.97
1998-06-02 19:00:00,5.725,-1.781,2.206,4.616
1998-06-02 20:00:00,4.974,-4.774,-0.445,-0.141
1998-06-02 21:00:00,5.263,-3.234,-0.988,-3.718
1998-06-02 22:00:00,4.764,-4.032,0.973,0.633
1998-06-02 23:00:00,4.243,-3.358,-1.46,-1.263
1998-06-03 00:00:00,3.481,-1.761,1.151,1.021
1998-06-03 01:00:00,4.725,-0.879,2.115,3.16
1998-06-03 02:00:00,4.201,1.268,2.988,0.795
1998-06-03 03:00:00,3.562,1.264,2.36,0.262
1998-06-03 04:00:00,3.45,-1.105,0.709,-1.342
1998-06-03 05:00:00,4.515,-1.004,1.773,-1.357
1998-06-03 06:00:00,5.87,-1.297,3.639,3.15
1998-06-03 07:00:00,7.97,-2.276,5.313,2.674
1998-06-03 08:00:00,7.924,-2.065,6.026,3.005
1998-06-03 09:00:00,9.516,-1.913,3.696,-0.879
1998-06-03 10:00:00,12.37,5.035,-7.62,7.477
1998-06-03 11:00:00,11.854,4.619,-7.676,-3.4
1998-06-03 12:00:00,11.178,6.113,-5.017,6.285
1998-06-03 13:00:00,10.143,4.724,-6.098,3.458
1998-06-03 14:00:00,10.301,5.462,-6.028,5.248
1998-06-03 15:00:00,8.856,4.958,-6.59,-0.114
1998-06-03 16:00:00,8.836,3.244,-6.442,0.997
1998-06-03 17:00:00,7.694,3.691,-5.219,-0.353
1998-06-03 18:00:00,7.764,4.794,-3.905,-1.299
1998-06-03 19:00:00,8.522,6.62,-3.869,-2.317
1998-06-03 20:00:00,7.488,4.362,-1.012,-4.487
1998-06-03 21:00:00,6.625,4.289,-0.666,-2.861
1998-06-03 22:00:00,6.605,3.329,-3.144,-2.34
1998-06-03 23:00:00,6.33,2.742,-2.136,-1.728
1998-06-04 00:00:00,5.434,1.033,-0.732,-2.984
1998-06-04 01:00:00,5.566,0.835,-3.19,-3.601
1998-06-04 02:00:00,4.937,1.286,-2.277,-3.693
1998-06-04 03:00:00,5.361,1.41,-4.357,-2.488
1998-06-04 04:00:00,5.404,1.527,-4.366,-2.712
1998-06-04 05:00:00,5.162,-0.893,-4.56,-0.802
1998-06-04 06:00:00,5.114,-0.192,-4.524,-2.041
1998-06-04 07:00:00,4.866,-0.351,-4.57,-1.269
1998-06-04 08:00:00,4.309,-1.126,-3.743,-1.236
1998-06-04 09:00:00,4.086,-2.573,-2.392,-1.232
1998-06-04 10:00:00,4.506,-1.453,-3.542,-1.642
1998-06-04 11:00:00,4.411,-1.539,-3.167,-2.512
1998-06-04 12:00:00,4.094,-0.337,-3.194,-1.77
1998-06-04 13:00:00,3.581,-1.097,-2.372,-0.673
1998-06-04 14:00:00,3.606,-2.259,-1.176,-0.13
1998-06-04 15:00:00,3.816,-2.828,-2.357,-0.387
1998-06-04 16:00:00,3.791,-2.223,-2.486,0.795
1998-06-04 17:00:00,3.911,1.395,-3.413,0.28
1998-06-04 18:00:00,4.959,-0.353,-4.202,-1.05
1998-06-04 19:00:00,5.047,0.797,-4.045,-2.158
1998-06-04 20:00:00,4.72,2.027,-2.415,-2.344
1998-06-04 21:00:00,5.195,3.492,-3.717,-0.398
1998-06-04 22:00:00,6.039,0.922,-4.502,-2.166
1998-06-04 23:00:00,6.447,2.257,-5.887,-1.015
1998-06-05 00:00:00,6.348,0.299,-5.553,2.147
1998-06-05 01:00:00,7.223,1.721,-6.654,-1.789
1998-06-05 02:00:00,6.612,2.332,-4.334,-4.077
1998-06-05 03:00:00,5.093,-1.423,-3.158,-3.177
1998-06-05 04:00:00,4.91,-0.24,-2.604,-3.772
1998-06-05 05:00:00,4.739,2.641,-1.766,-2.628
1998-06-05 06:00:00,6.348,1.275,-4.729,1.504
1998-06-05 07:00:00,6.215,1.474,-5.497,-0.639
1998-06-05 08:00:00,6.119,1.491,-4.098,-2.397
1998-06-05 09:00:00,7.231,-1.488,-5.139,-3.02
1998-06-05 10:00:00,9.03,3.346,-8.176,0.518
1998-06-05 11:00:00,9.29,3.458,-5.373,4.385
1998-06-05 12:00:00,8.338,3.364,-5.705,-0.96
1998-06-05 13:00:00,9.435,1.148,-5.872,-6.599
1998-06-05 14:00:00,10.026,2.237,-8.314,-3.145
1998-06-05 15:00:00,7.816,2.974,-6.576,0.144
1998-06-05 16:00:00,7.473,1.545,-4.65,-2.102
1998-06-05 17:00:00,6.379,4.752,-2.477,0.447
1998-06-05 18:00:00,7.478,5.861,-1.425,-0.419
1998-06-05 19:00:00,7.463,5.804,-1.294,-0.586
1998-06-05 20:00:00,8.198,4.213,-1.566,1.3
1998-06-05 21:00:00,7.499,5.121,3.777,-2.603
1998-06-05 22:00:00,7.831,5.999,3.422,-0.456
1998-06-05 23:00:00,8.21,3.751,-0.884,3.947
1998-06-06 00:00:00,7.922,3.999,-4.256,3.422
1998-06-06 01:00:00,8.23,4.025,-6.116,1.35
1998-06-06 02:00:00,7.795,5.837,-2.901,1.69
1998-06-06 03:00:00,7.297,5.116,-3.37,3.375
1998-06-06 04:00:00,7.878,5.578,-0.825,2.637
1998-06-06 05:00:00,8.129,5.898,-2.854,3.8
1998-06-06 06:00:00,8.064,2.128,-1.557,6.777
1998-06-06 07:00:00,8.385,2.827,-5.553,-0.126
1998-06-06 08:00:00,8.269,2.821,-5.656,0.438
1998-06-06 09:00:00,8.582,3.624,-5.765,0.346
1998-06-06 10:00:00,8.796,2.951,-5.07,1.929
1998-06-06 11:00:00,8.96,3.211,-2.933,-0.887
1998-06-06 12:00:00,9.083,1.433,-4.622,2.014
1998-06-06 13:00:00,9.81,1.105,-8.756,3.378
1998-06-06 14:00:00,10.414,0.385,-8.701,-4.219
1998-06-06 15:00:00,11.27,1.531,-8.761,-4.661
1998-06-06 16:00:00,11.595,3.747,-7.602,-5.432
1998-06-06 17:00:00,11.576,2.676,-9.091,-4.701
1998-06-06 18:00:00,12.697,7.156,1.856,-9.583
1998-06-06 19:00:00,11.572,-0.942,-8.178,-5.275
1998-06-06 20:00:00,10.254,4.576,-6.671,-3.408
1998-06-06 21:00:00,11.346,10.933,-1.845,-0.655
1998-06-06 22:00:00,10.122,4.464,-3.905,0.055
1998-06-06 23:00:00,9.549,3.129,-2.834,-3.397
1998-06-07 00:00:00,10.802,1.48,-6.64,-4.478
1998-06-07 01:00:00,9.971,4.876,-5.233,-5.265
1998-06-07 02:00:00,9.259,2.503,-5.823,-2.814
1998-06-07 03:00:00,9.215,2.853,-6.109,-1.135
1998-06-07 04:00:00,10.905,3.169,-5.018,-4.127
1998-06-07 05:00:00,10.055,5.358,-5.915,0.798
1998-06-07 06:00:00,8.378,4.013,-5.81,2.505
1998-06-07 07:00:00,7.663,6.408,-1.355,0.045
1998-06-07 08:00:00,7.151,3.518,-3.003,-1.103
1998-06-07 09:00:00,7.138,2.919,-3.728,5.176
1998-06-07 10:00:00,6.937,2.249,-3.787,4.41
1998-06-07 11:00:00,6.71,4.812,-2.982,2.735
1998-06-07 12:00:00,7.053,4.959,-2.993,2.611
1998-06-07 13:00:00,7.862,4.183,-4.554,3.118
1998-06-07 14:00:00,7.544,4.822,-5.061,0.389
1998-06-07 15:00:00,7.224,4.8,-4.27,1.017
1998-06-07 16:00:00,7.367,2.816,-4.579,3.881
1998-06-07 17:00:00,7.249,2.803,-4.749,3.2
1998-06-07 18:00:00,7.004,3.104,-4.374,3.05
1998-06-07 19:00:00,6.799,2.676,-5.322,0.331
1998-06-07 20:00:00,6.545,3.13,-4.7,-0.522
1998-06-07 21:00:00,6.307,4.146,-2.863,-0.816
1998-06-07 22:00:00,6.254,3.908,-2.499,-3.57
1998-06-07 23:00:00,6.042,4.141,1.919,-3.611
1998-06-08 00:00:00,5.731,4.392,0.352,-3.201
1998-06-08 01:00:00,5.555,5.043,1.111,-0.561
1998-06-08 02:00:00,5.29,5.122,-0.455,-0.628
1998-06-08 03:00:00,5.555,4.203,-3.011,-1.042
1998-06-08 04:00:00,5.711,4.238,-3.527,-0.857
1998-06-08 05:00:00,5.679,4.868,-1.637,-1.94
1998-06-08 06:00:00,5.742,4.511,-3.318,-0.81
1998-06-08 07:00:00,5.546,4.418,-2.916,-1.156
1998-06-08 08:00:00,5.485,4.223,-3.088,-0.743
1998-06-08 09:00:00,5.658,1.586,-4.446,-1.974
1998-06-08 10:00:00,5.629,3.933,-3.702,-0.81
1998-06-08 11:00:00,5.529,2.497,-3.411,-0.979
1998-06-08 12:00:00,5.562,1.257,-4.164,-2.48
1998-06-08 13:00:00,6.431,-1.529,-5.164,-2.311
1998-06-08 14:00:00,6.325,2.413,-4.31,-1.055
1998-06-08 15:00:00,6.706,0.704,-4.863,-4.154
1998-06-08 16:00:00,6.464,0.274,-4.017,-4.479
1998-06-08 17:00:00,6.251,1.233,-4.096,-3.623
1998-06-08 18:00:00,6.096,2.948,-3.468,-1.875
1998-06-08 19:00:00,6.572,4.539,-3.305,-1.923
1998-06-08 20:00:00,6.848,5.619,-3.28,-0.142
1998-06-08 21:00:00,6.774,5.387,-2.483,3.016
1998-06-08 22:00:00,6.898,4.829,-3.776,-0.536
1998-06-08 23:00:00,6.486,5.786,-2.343,-1.018
1998-06-09 00:00:00,6.262,5.516,-2.582,-0.98
1998-06-09 01:00:00,6.109,5.946,-1.039,-0.094
1998-06-09 02:00:00,6.003,5.453,-2.055,-0.386
1998-06-09 03:00:00,6.472,5.364,-2.43,1.549
1998-06-09 04:00:00,6.649,4.659,-3.7,1.433
1998-06-09 05:00:00,6.76,-1.529,-5.61,-2.442
1998-06-09 06:00:00,6.569,-0.606,-5.286,-1.192
1998-06-09 07:00:00,7.187,-2.922,-5.211,-2.685
1998-06-09 08:00:00,7.488,-3.518,-5.903,-1.355
1998-06-09 09:00:00,7.21,-1.965,-6.683,-0.638
1998-06-09 10:00:00,6.227,0.874,-2.258,0.608
1998-06-09 11:00:00,6.04,2.347,-1.438,2.415
1998-06-09 12:00:00,5.627,-0.448,-4.972,0.152
1998-06-09 13:00:00,5.582,1.226,-4.085,1.892
1998-06-09 14:00:00,5.782,3.102,1.885,3.695
1998-06-09 15:00:00,5.657,4.381,0.025,3.212
1998-06-09 16:00:00,6.86,0.797,-6.209,0.887
1998-06-09 17:00:00,6.249,1.903,-2.849,-1.837
1998-06-09 18:00:00,5.887,1.925,-0.697,3.305
1998-06-09 19:00:00,5.482,2.936,2.564,2.512
1998-06-09 20:00:00,6.513,2.625,-2.652,3.938
1998-06-09 21:00:00,6.406,3.115,1.116,4.492
1998-06-09 22:00:00,6.369,2.996,4.854,2.011
1998-06-09 23:00:00,6.185,3.718,4.656,0.406
1998-06-10 00:00:00,6.072,2.877,4.35,0.304
1998-06-10 01:00:00,6.144,3.674,4.296,1.637
1998-06-10 02:00:00,6.118,5.136,1.452,2.166
1998-06-10 03:00:00,6.639,3.128,-1.401,3.946
1998-06-10 04:00:00,7.939,0.81,-6.942,2.39
1998-06-10 05:00:00,8.305,2.823,-7.38,0.413
1998-06-10 06:00:00,7.826,3.55,-6.106,0.773
1998-06-10 07:00:00,7.359,3.393,-4.126,-4.82
1998-06-10 08:00:00,7.234,2.098,-6.541,-1.936
1998-06-10 09:00:00,7.25,1.137,-6.239,-2.239
1998-06-10 10:00:00,6.961,1.433,-6.293,-2.094
1998-06-10 11:00:00,7.909,1.647,-6.8,-2.559
1998-06-10 12:00:00,8.03,-1.825,-6.492,-3.673
1998-06-10 13:00:00,3.734,-0.215,1.48,0.353
1998-06-10 14:00:00,4.194,-1.285,2.346,1.317
1998-06-10 15:00:00,6.067,2.852,1.975,1.854
1998-06-10 16:00:00,5.231,4.82,0.486,1.486
1998-06-10 17:00:00,6.064,1.53,1.593,3.436
1998-06-10 18:00:00,6.943,-1.876,-3.191,5.481
1998-06-10 19:00:00,6.043,-1.731,-0.491,4.387
1998-06-10 20:00:00,6.064,0.873,3.193,-1.894
1998-06-10 21:00:00,5.16,-0.624,3.905,2.061
1998-06-10 22:00:00,5.343,-0.374,-3.659,-2.598
1998-06-10 23:00:00,5.077,-0.345,1.511,-1.644
1998-06-11 00:00:00,2.684,0.311,2.104,-0.998
1998-06-11 01:00:00,2.155,1.565,0.933,-0.857
1998-06-11 02:00:00,2.28,1.684,0.17,-1.008
1998-06-11 03:00:00,2.906,2.411,-0.722,-1.4
1998-06-11 04:00:00,2.738,2.414,-0.305,-1.193
1998-06-11 05:00:00,2.322,2.046,-0.539,-0.894
1998-06-11 06:00:00,2.212,1.238,0.309,-0.688
1998-06-11 07:00:00,1.743,0.075,1.442,0.281
1998-06-11 08:00:00,2.62,0.525,0.451,-0.506
1998-06-11 09:00:00,2.867,-2.011,1.709,0.976
1998-06-11 10:00:00,2.822,-1.68,1.919,1.059
1998-06-11 11:00:00,3.257,-1.381,2.388,0.387
1998-06-11 12:00:00,,,,
1998-06-11 13:00:00,,,,
1998-06-11 14:00:00,,,,
1998-06-11 15:00:00,,,,
1998-06-11 16:00:00,,,,
1998-06-11 17:00:00,,,,
1998-06-11 18:00:00,,,,
1998-06-11 19:00:00,,,,
1998-06-11 20:00:00,,,,
1998-06-11 21:00:00,,,,
1998-06-11 22:00:00,,,,
1998-06-11 23:00:00,,,,
1998-06-12 00:00:00,,,,
1998-06-12 01:00:00,,,,
1998-06-12 02:00:00,,,,
1998-06-12 03:00:00,,,,
1998-06-12 04:00:00,,,,
1998-06-12 05:00:00,,,,
1998-06-12 06:00:00,,,,
1998-06-12 07:00:00,,,,
1998-06-12 08:00:00,,,,
1998-06-12 09:00:00,,,,
1998-06-12 10:00:00,,,,
1998-06-12 11:00:00,,,,
1998-06-12 12:00:00,,,,
1998-06-12 13:00:00,,,,
1998-06-12 14:00:00,,,,
1998-06-12 15:00:00,,,,
1998-06-12 16:00:00,3.394,0.217,3.143,0.505
1998-06-12 17:00:00,2.458,-0.863,1.726,0.487
1998-06-12 18:00:00,2.833,-1.956,-0.504,-1.811
1998-06-12 19:00:00,3.231,-1.826,-0.034,-1.718
1998-06-12 20:00:00,4.092,-1.04,3.546,0.612
1998-06-12 21:00:00,4.352,-0.501,3.869,-0.741
1998-06-12 22:00:00,4.969,-1.766,3.677,1.767
1998-06-12 23:00:00,4.881,-3.175,2.977,1.999
1998-06-13 00:00:00,4.785,-2.479,3.825,-0.326
1998-06-13 01:00:00,4.978,-1.565,4.491,0.242
1998-06-13 02:00:00,5.406,-3.158,4.021,1.528
1998-06-13 03:00:00,5.464,-2.5,4.623,0.953
1998-06-13 04:00:00,5.274,-3.199,3.989,1.222
1998-06-13 05:00:00,5.161,-3.532,3.673,0.707
1998-06-13 06:00:00,5.032,-3.733,3.344,0.019
1998-06-13 07:00:00,4.765,-2.883,3.766,-0.303
1998-06-13 08:00:00,4.417,-2.557,3.561,-0.277
1998-06-13 09:00:00,4.128,-2.33,3.346,-0.47
1998-06-13 10:00:00,4.292,-1.926,3.805,-0.31
1998-06-13 11:00:00,4.287,1.313,3.321,-0.72
1998-06-13 12:00:00,4.457,-1.445,3.905,-0.083
1998-06-13 13:00:00,4.545,-1.4,3.679,-1.117
1998-06-13 14:00:00,4.592,-2.575,3.693,0.64
1998-06-13 15:00:00,4.398,-1.44,3.97,-0.238
1998-06-13 16:00:00,4.746,-1.375,4.49,0.13
1998-06-13 17:00:00,4.654,-1.58,4.16,1.23
1998-06-13 18:00:00,4.687,-0.912,4.005,1.813
1998-06-13 19:00:00,10.357,3.732,6.434,6.862
1998-06-13 20:00:00,11.781,5.672,7.227,7.31
1998-06-13 21:00:00,9.323,2.92,6.858,1.617
1998-06-13 22:00:00,7.214,-2.67,5.491,-2.318
1998-06-13 23:00:00,9.819,1.652,8.461,-1.694
1998-06-14 00:00:00,10.299,4.328,8.126,1.3
1998-06-14 01:00:00,11.076,4.545,8.478,3.598
1998-06-14 02:00:00,11.597,3.651,8.468,-6.814
1998-06-14 03:00:00,11.748,0.846,5.326,-9.91
1998-06-14 04:00:00,10.968,-0.695,0.344,-10.724
1998-06-14 05:00:00,10.227,-0.684,-1.807,-9.91
1998-06-14 06:00:00,8.856,-1.847,-3.384,-7.829
1998-06-14 07:00:00,8.76,-1.921,-3.074,-7.887
1998-06-14 08:00:00,8.529,-3.579,-3.426,-6.803
1998-06-14 09:00:00,7.576,-0.567,-5.241,-5.112
1998-06-14 10:00:00,6.871,-2.856,-3.997,-4.322
1998-06-14 11:00:00,7.274,-3.443,-4.329,-4.179
1998-06-14 12:00:00,8.054,-5.793,-4.591,-2.642
1998-06-14 13:00:00,8.495,-6.181,-5.066,0.294
1998-06-14 14:00:00,8.831,-6.612,-5.196,2.438
1998-06-14 15:00:00,9.253,-7.1,-4.635,2.41
1998-06-14 16:00:00,9.538,-6.793,-5.002,4.088
1998-06-14 17:00:00,9.4,-6.234,-3.301,6.131
1998-06-14 18:00:00,9.347,-6.418,-4.227,5.021
1998-06-14 19:00:00,9.685,-7.327,-4.099,3.703
1998-06-14 20:00:00,10.123,-7.219,-3.085,4.294
1998-06-14 21:00:00,9.847,-7.859,-3.953,3.376
1998-06-14 22:00:00,9.906,-8.163,-2.23,4.331
1998-06-14 23:00:00,10.337,-7.651,-0.467,6.63
1998-06-15 00:00:00,10.52,-7.301,5.165,4.847
1998-06-15 01:00:00,10.213,-4.743,8.093,3.521
1998-06-15 02:00:00,10.692,-2.637,9.359,3.932
1998-06-15 03:00:00,11.547,5.332,9.322,-1.018
1998-06-15 04:00:00,12.205,7.045,9.794,-1.658
1998-06-15 05:00:00,11.518,-0.854,11.044,2.645
1998-06-15 06:00:00,10.566,0.262,10.23,1.969
1998-06-15 07:00:00,10.052,-7.598,4.166,2.786
1998-06-15 08:00:00,9.268,0.092,6.945,-1.868
1998-06-15 09:00:00,10.186,0.337,9.961,-0.631
1998-06-15 10:00:00,10.226,0.918,9.716,-2.078
1998-06-15 11:00:00,10.779,2.924,8.028,-5.587
1998-06-15 12:00:00,9.724,2.723,4.939,-7.598
1998-06-15 13:00:00,9.862,3.527,7.599,-2.911
1998-06-15 14:00:00,8.696,0.814,7.066,-1.826
1998-06-15 15:00:00,9.288,0.172,6.6,5.838
1998-06-15 16:00:00,9.804,-1.76,7.597,3.546
1998-06-15 17:00:00,10.14,-0.942,8.505,3.894
1998-06-15 18:00:00,10.082,-0.817,8.796,2.553
1998-06-15 19:00:00,9.947,-0.44,8.433,2.819
1998-06-15 20:00:00,9.442,-0.182,6.223,5.61
1998-06-15 21:00:00,8.505,2.092,5.863,4.282
1998-06-15 22:00:00,8.562,1.351,2.609,7.369
1998-06-15 23:00:00,7.318,-1.166,4.606,2.802
1998-06-16 00:00:00,6.999,0.246,4.557,3.386
1998-06-16 01:00:00,6.667,-4.078,3.315,1.156
1998-06-16 02:00:00,6.511,-5.192,1.659,2.858
1998-06-16 03:00:00,6.37,-5.613,0.911,1.411
1998-06-16 04:00:00,5.259,-2.946,1.929,-1.537
1998-06-16 05:00:00,4.879,-3.224,1.66,2.652
1998-06-16 06:00:00,5.006,-4.622,1.718,-0.125
1998-06-16 07:00:00,4.871,-4.411,0.365,-1.543
1998-06-16 08:00:00,5.367,-0.4,4.668,-0.862
1998-06-16 09:00:00,5.741,-1.941,3.95,2.57
1998-06-16 10:00:00,4.844,-2.517,0.26,3.256
1998-06-16 11:00:00,4.364,-3.744,1.013,-0.977
1998-06-16 12:00:00,4.074,-3.118,-0.786,-1.619
1998-06-16 13:00:00,5.045,-4.254,-1.353,-1.301
1998-06-16 14:00:00,5.502,-4.471,0.156,-3.136
1998-06-16 15:00:00,5.182,-3.218,1.42,-1.945
1998-06-16 16:00:00,5.425,-3.632,2.004,3.001
1998-06-16 17:00:00,5.615,-4.771,2.564,-0.464
1998-06-16 18:00:00,5.613,-4.518,1.721,-2.616
1998-06-16 19:00:00,5.393,-3.817,1.723,-1.614
1998-06-16 20:00:00,4.936,-4.056,2.275,0.888
1998-06-16 21:00:00,4.926,-1.126,2.213,3.947
1998-06-16 22:00:00,4.633,-2.276,2.237,2.819
1998-06-16 23:00:00,4.433,-1.981,2.36,0.164
1998-06-17 00:00:00,4.547,-2.399,3.508,-0.19
1998-06-17 01:00:00,4.18,-1.48,2.74,1.884
1998-06-17 02:00:00,4.086,-2.973,2.267,-0.13
1998-06-17 03:00:00,4.12,-3.134,1.752,-0.456
1998-06-17 04:00:00,3.986,-3.169,1.453,-1.254
1998-06-17 05:00:00,4.709,-4.534,0.588,-0.416
1998-06-17 06:00:00,4.919,-4.871,0.545,0.135
1998-06-17 07:00:00,4.652,-4.494,0.535,0.949
1998-06-17 08:00:00,4.46,-4.15,0.71,1.07
1998-06-17 09:00:00,4.296,-4.049,1.129,0.42
1998-06-17 10:00:00,4.126,-3.759,1.527,-0.175
1998-06-17 11:00:00,4.139,-3.434,2.189,0.259
1998-06-17 12:00:00,4.056,-3.254,2.214,0.619
1998-06-17 13:00:00,3.868,-2.029,2.997,0.793
1998-06-17 14:00:00,3.718,-1.386,3.261,0.852
1998-06-17 15:00:00,3.787,-2.089,2.686,1.069
1998-06-17 16:00:00,3.842,-2.261,2.649,1.37
1998-06-17 17:00:00,3.937,-1.887,2.622,1.915
1998-06-17 18:00:00,3.974,-1.721,2.884,1.977
1998-06-17 19:00:00,3.835,-1.413,2.667,2.327
1998-06-17 20:00:00,4.26,-1.212,2.891,2.848
1998-06-17 21:00:00,6.155,-4.737,0.38,3.372
1998-06-17 22:00:00,6.015,-3.772,0.335,2.963
1998-06-17 23:00:00,6.203,-4.276,-3.956,1.097
1998-06-18 00:00:00,6.374,-5.147,0.832,3.102
1998-06-18 01:00:00,5.82,-2.334,4.03,2.025
1998-06-18 02:00:00,5.498,-1.639,4.283,2.155
1998-06-18 03:00:00,5.03,-1.15,3.275,2.79
1998-06-18 04:00:00,4.909,-1.865,1.208,4.187
1998-06-18 05:00:00,5.187,-1.155,3.694,3.36
1998-06-18 06:00:00,4.882,-0.378,4.528,0.923
1998-06-18 07:00:00,4.742,1.866,4.127,-0.271
1998-06-18 08:00:00,4.894,2.364,-1.952,-2.574
1998-06-18 09:00:00,5.714,1.432,-4.88,-2.53
1998-06-18 10:00:00,5.597,-0.261,-5.374,-1.484
1998-06-18 11:00:00,5.335,0.646,-5.01,-1.488
1998-06-18 12:00:00,5.039,2.766,-4.099,-0.688
1998-06-18 13:00:00,5.409,2.203,-4.439,-1.73
1998-06-18 14:00:00,5.212,2.826,-3.629,-2.275
1998-06-18 15:00:00,4.675,3.625,-1.775,-2.164
1998-06-18 16:00:00,4.565,3.939,0.229,-2.166
1998-06-18 17:00:00,4.587,4.124,1.145,-1.599
1998-06-18 18:00:00,5.005,4.554,0.563,-1.867
1998-06-18 19:00:00,6.325,5.587,-1.308,0.903
1998-06-18 20:00:00,9.439,4.743,-6.7,4.227
1998-06-18 21:00:00,11.68,5.196,-9.304,-1.01
1998-06-18 22:00:00,8.416,3.279,-3.078,4.991
1998-06-18 23:00:00,10.145,6.095,-5.28,2.519
1998-06-19 00:00:00,13.373,8.61,-7.779,3.233
1998-06-19 01:00:00,12.16,8.323,-6.672,5.676
1998-06-19 02:00:00,12.136,9.058,-7.615,1.037
1998-06-19 03:00:00,9.382,5.605,-6.514,-1.857
1998-06-19 04:00:00,7.736,4.57,-4.153,-2.8
1998-06-19 05:00:00,10.294,5.552,-4.067,-4.731
1998-06-19 06:00:00,7.348,-0.073,-2.278,-5.902
1998-06-19 07:00:00,9.528,-1.262,-1.184,-5.069
1998-06-19 08:00:00,11.4,8.533,-6.409,-0.56
1998-06-19 09:00:00,12.735,6.673,-10.603,1.61
1998-06-19 10:00:00,13.091,6.008,-8.022,7.747
1998-06-19 11:00:00,11.345,0.061,6.024,2.862
1998-06-19 12:00:00,11.955,1.049,1.302,8.584
1998-06-19 13:00:00,11.567,3.226,0.017,7.628
1998-06-19 14:00:00,9.387,-0.43,-0.617,4.901
1998-06-19 15:00:00,9.763,-2.754,1.519,6.002
1998-06-19 16:00:00,10.659,-5.317,2.227,7.055
1998-06-19 17:00:00,10.636,-2.058,-5.37,4.512
1998-06-19 18:00:00,10.43,2.4,6.399,5.742
1998-06-19 19:00:00,13.377,1.061,9.769,8.849
1998-06-19 20:00:00,13.791,-0.686,4.202,12.416
1998-06-19 21:00:00,14.078,-2.282,-1.2,12.802
1998-06-19 22:00:00,11.166,-5.301,-3.575,8.431
1998-06-19 23:00:00,11.448,-4.842,-3.662,9.111
1998-06-20 00:00:00,11.95,-7.817,-3.562,6.77
1998-06-20 01:00:00,11.518,-4.944,-9.866,0.763
1998-06-20 02:00:00,10.568,-1.41,-9.026,0.013
1998-06-20 03:00:00,10.2,5.396,-3.515,2.443
1998-06-20 04:00:00,11.18,4.671,-8.498,-5.242
1998-06-20 05:00:00,10.114,4.2,-8.288,-2.892
1998-06-20 06:00:00,8.069,4.438,-6.066,-0.583
1998-06-20 07:00:00,8.248,4.521,-6.2,-0.7
1998-06-20 08:00:00,8.773,2.141,-6.978,-3.863
1998-06-20 09:00:00,9.089,-2.888,-8.116,-0.766
1998-06-20 10:00:00,8.251,1.36,-7.854,0.463
1998-06-20 11:00:00,7.449,4.438,-5.636,-0.627
1998-06-20 12:00:00,7.978,1.054,-6.825,1.971
1998-06-20 13:00:00,8.571,3.712,-6.751,-1.42
1998-06-20 14:00:00,7.545,3.542,-5.059,-2.845
1998-06-20 15:00:00,7.643,4.592,-5.181,-2.082
1998-06-20 16:00:00,7.988,3.368,-6.501,-1.808
1998-06-20 17:00:00,8.844,3.637,-7.332,-1.875
1998-06-20 18:00:00,8.667,2.108,-7.563,1.12
1998-06-20 19:00:00,8.023,3.103,-4.395,-3.861
1998-06-20 20:00:00,8.441,0.313,-6.497,-3.461
1998-06-20 21:00:00,8.62,3.15,-3.611,-6.293
1998-06-20 22:00:00,8.161,1.08,-5.847,-4.416
1998-06-20 23:00:00,8.216,1.585,-6.528,-3.894
1998-06-21 00:00:00,7.948,5.165,-4.628,0.62
1998-06-21 01:00:00,8.123,2.562,-5.544,-4.365
1998-06-21 02:00:00,8.94,2.448,-6.578,-3.353
1998-06-21 03:00:00,8.421,3.276,-5.45,1.248
1998-06-21 04:00:00,8.456,2.906,-3.961,-5.01
1998-06-21 05:00:00,7.926,1.309,-5.775,0.908
1998-06-21 06:00:00,7.886,-1.119,-4.137,-2.445
1998-06-21 07:00:00,7.955,-2.198,-1.968,-5.446
1998-06-21 08:00:00,6.415,4.004,-2.757,0.132
1998-06-21 09:00:00,6.426,3.681,-1.55,-1.903
1998-06-21 10:00:00,6.408,1.592,-5.215,-1.374
1998-06-21 11:00:00,6.264,-0.285,-5.177,-0.849
1998-06-21 12:00:00,6.074,1.571,-3.22,-2.672
1998-06-21 13:00:00,5.608,3.873,-3.431,0.953
1998-06-21 14:00:00,5.619,3.233,-3.621,2.256
1998-06-21 15:00:00,5.593,3.015,-3.934,1.579
1998-06-21 16:00:00,5.565,1.305,-3.71,0.482
1998-06-21 17:00:00,5.276,1.399,-2.951,-3.085
1998-06-21 18:00:00,5.625,-0.822,-1.149,-4.858
1998-06-21 19:00:00,6.22,-3.284,-2.516,-4.426
1998-06-21 20:00:00,6.211,-3.494,-0.893,-3.939
1998-06-21 21:00:00,5.543,-2.031,-0.621,-4.099
1998-06-21 22:00:00,5.371,1.6,-4.084,-1.567
1998-06-21 23:00:00,5.7,1.955,-4.321,-2.392
1998-06-22 00:00:00,5.593,1.826,-4.501,-2.072
1998-06-22 01:00:00,6.002,3.014,-4.986,-0.673
1998-06-22 02:00:00,5.974,3.377,-4.532,1.472
1998-06-22 03:00:00,5.899,-0.296,-3.802,-3.782
1998-06-22 04:00:00,5.895,1.596,-4.975,-1.362
1998-06-22 05:00:00,6.107,3.604,-4.57,0.183
1998-06-22 06:00:00,5.833,3.775,-3.317,2.757
1998-06-22 07:00:00,6.002,3.815,-4.196,0.806
1998-06-22 08:00:00,5.616,0.202,-4.262,-2.321
1998-06-22 09:00:00,5.553,2.169,-4.773,-0.266
1998-06-22 10:00:00,4.285,0.362,-2.671,-1.027
1998-06-22 11:00:00,3.929,-1.306,-2.176,-1.476
1998-06-22 12:00:00,4.205,-1.613,-3.066,-1.793
1998-06-22 13:00:00,4.459,-0.993,-3.347,-2.122
1998-06-22 14:00:00,5.445,0.911,-4.734,-1.787
1998-06-22 15:00:00,8.343,1.183,-7.137,-3.573
1998-06-22 16:00:00,9.316,1.077,-7.584,-4.833
1998-06-22 17:00:00,9.748,2.002,-8.032,-4.673
1998-06-22 18:00:00,9.755,1.784,-7.821,-3.801
1998-06-22 19:00:00,9.922,3.746,-7.134,-3.934
1998-06-22 20:00:00,10.938,8.258,-6.924,1.158
1998-06-22 21:00:00,10.455,8.025,-6.457,1.481
1998-06-22 22:00:00,9.952,7.192,-6.561,0.22
1998-06-22 23:00:00,9.756,6.905,-6.667,-0.5
1998-06-23 00:00:00,9.506,6.595,-6.644,-0.79
1998-06-23 01:00:00,9.196,5.951,-6.871,1.326
1998-06-23 02:00:00,9.244,6.025,-6.964,0.485
1998-06-23 03:00:00,9.128,5.742,-6.979,1.205
1998-06-23 04:00:00,9.345,5.302,-6.768,3.145
1998-06-23 05:00:00,9.537,1.615,-8.42,-3.33
1998-06-23 06:00:00,10.157,3.513,-9.349,0.103
1998-06-23 07:00:00,8.222,4.794,-5.788,2.476
1998-06-23 08:00:00,6.708,4.026,-4.058,3.211
1998-06-23 09:00:00,5.357,3.83,-2.544,2.176
1998-06-23 10:00:00,5.281,3.486,-3.174,1.888
1998-06-23 11:00:00,4.996,2.312,-4.118,0.738
1998-06-23 12:00:00,6.278,3.917,-3.755,2.691
1998-06-23 13:00:00,5.976,2.425,-2.184,4.807
1998-06-23 14:00:00,6.351,3.619,-3.735,3.004
1998-06-23 15:00:00,8.591,4.808,-6.824,0.452
1998-06-23 16:00:00,8.872,4.163,-5.68,-4.8
1998-06-23 17:00:00,8.778,4.221,-5.396,-1.286
1998-06-23 18:00:00,8.614,3.478,-6.532,-1.267
1998-06-23 19:00:00,7.612,3.741,-1.651,-5.361
1998-06-23 20:00:00,7.711,3.759,1.15,-6.198
1998-06-23 21:00:00,8.206,2.272,-2.568,-6.535
1998-06-23 22:00:00,9.223,-0.582,-0.554,-0.282
1998-06-23 23:00:00,10.174,-6.49,2.951,6.102
1998-06-24 00:00:00,8.871,-6.526,-0.58,4.157
1998-06-24 01:00:00,8.095,-4.698,3.904,1.513
1998-06-24 02:00:00,7.753,-0.156,6.462,-2.998
1998-06-24 03:00:00,8.24,-1.163,7.078,-2.418
1998-06-24 04:00:00,9.61,-5.445,3.136,-1.238
1998-06-24 05:00:00,10.053,-4.497,7.216,-4.416
1998-06-24 06:00:00,10.552,-8.268,5.035,-0.33
1998-06-24 07:00:00,10.796,-8.647,4.912,-0.944
1998-06-24 08:00:00,8.511,-1.954,0.7,-4.675
1998-06-24 09:00:00,8.251,-1.035,6.166,-2.557
1998-06-24 10:00:00,7.699,4.539,0.742,-2.342
1998-06-24 11:00:00,6.824,3.055,3.108,-1.074
1998-06-24 12:00:00,8.048,2.494,4.167,-4.183
1998-06-24 13:00:00,10.141,2.983,6.155,-5.791
1998-06-24 14:00:00,10.55,2.851,8.018,-5.921
1998-06-24 15:00:00,9.612,2.983,8.031,-3.936
1998-06-24 16:00:00,8.928,-1.788,7.873,-2.376
1998-06-24 17:00:00,8.72,-2.666,8.181,-1.029
1998-06-24 18:00:00,9.695,-4.244,8.538,0.021
1998-06-24 19:00:00,10.757,-5.834,8.909,-0.363
1998-06-24 20:00:00,12.42,-6.005,10.842,0.217
1998-06-24 21:00:00,12.322,-6.655,10.199,1.482
1998-06-24 22:00:00,11.841,-8.28,7.888,2.542
1998-06-24 23:00:00,13.344,-10.27,7.361,4.053
1998-06-25 00:00:00,14.239,-11.25,4.896,7.129
1998-06-25 01:00:00,14.21,-11.897,4.148,6.511
1998-06-25 02:00:00,13.846,-10.25,6.227,6.677
1998-06-25 03:00:00,13.321,-9.285,5.863,7.416
1998-06-25 04:00:00,13.415,-8.457,6.907,7.648
1998-06-25 05:00:00,13.803,-8.725,8.052,6.844
1998-06-25 06:00:00,12.914,-8.219,6.76,7.203
1998-06-25 07:00:00,11.961,-7.044,6.398,7.072
1998-06-25 08:00:00,12.265,-5.189,6.965,8.599
1998-06-25 09:00:00,12.546,-5.457,6.589,9.155
1998-06-25 10:00:00,12.471,-5.568,6.337,9.15
1998-06-25 11:00:00,12.712,-7.232,5.163,8.89
1998-06-25 12:00:00,12.095,-5.072,3.874,10.188
1998-06-25 13:00:00,11.582,-4.887,2.084,10.211
1998-06-25 14:00:00,11.118,-4.314,-0.229,10.129
1998-06-25 15:00:00,12.224,-3.569,-0.745,11.386
1998-06-25 16:00:00,17.359,-0.948,-5.268,16.283
1998-06-25 17:00:00,17.163,0.159,-6.5,15.31
1998-06-25 18:00:00,17.416,1.282,-5.747,15.686
1998-06-25 19:00:00,17.478,5.041,-10.063,13.168
1998-06-25 20:00:00,16.793,5.253,-12.632,9.473
1998-06-25 21:00:00,15.51,6.221,-12.954,4.353
1998-06-25 22:00:00,14.429,4.918,-7.16,-3.301
1998-06-25 23:00:00,14.612,2.058,4.207,-11.783
1998-06-26 00:00:00,14.251,1.183,3.063,-13.192
1998-06-26 01:00:00,13.979,-2.06,5.159,-12.553
1998-06-26 02:00:00,14.085,-2.497,6.147,-12.287
1998-06-26 03:00:00,13.168,-5.015,9.77,-6.965
1998-06-26 04:00:00,11.916,-4.754,9.859,-4.321
1998-06-26 05:00:00,11.689,-5.31,9.893,-0.745
1998-06-26 06:00:00,11.46,-4.204,10.472,1.208
1998-06-26 07:00:00,11.7,0.92,7.67,6.186
1998-06-26 08:00:00,12.738,1.204,9.925,7.125
1998-06-26 09:00:00,11.241,-1.681,10.712,2.522
1998-06-26 10:00:00,9.85,-1.105,9.619,1.116
1998-06-26 11:00:00,10.752,-0.006,10.463,1.072
1998-06-26 12:00:00,11.494,0.031,11.286,-1.36
1998-06-26 13:00:00,9.663,0.113,9.491,-1.211
1998-06-26 14:00:00,9.295,2.333,8.419,-2.235
1998-06-26 15:00:00,9.859,3.188,8.756,-3.039
1998-06-26 16:00:00,9.477,3.139,8.602,-2.354
1998-06-26 17:00:00,8.895,3.78,7.569,-1.929
1998-06-26 18:00:00,8.939,2.893,7.928,-2.047
1998-06-26 19:00:00,8.015,-5.441,1.493,4.819
1998-06-26 20:00:00,7.306,-2.748,3.494,3.226
1998-06-26 21:00:00,6.927,0.86,6.334,1.277
1998-06-26 22:00:00,6.774,-1.432,3.873,3.481
1998-06-26 23:00:00,6.884,-1.02,3.967,3.505
1998-06-27 00:00:00,6.842,-2.704,0.171,4.303
1998-06-27 01:00:00,8.574,-2.075,4.413,5.815
1998-06-27 02:00:00,8.718,-2.627,7.906,0.634
1998-06-27 03:00:00,8.675,-2.241,6.64,4.7
1998-06-27 04:00:00,8.283,-1.758,5.895,4.897
1998-06-27 05:00:00,7.4,2.378,6.483,1.876
1998-06-27 06:00:00,6.864,3.541,5.462,-0.482
1998-06-27 07:00:00,5.94,-2.337,3.811,1.041
1998-06-27 08:00:00,6.078,0.712,5.866,-0.061
1998-06-27 09:00:00,6.416,4.136,4.679,-0.295
1998-06-27 10:00:00,6.36,3.503,4.959,1.208
1998-06-27 11:00:00,5.512,3.181,3.801,1.366
1998-06-27 12:00:00,5.295,1.624,4.54,-0.549
1998-06-27 13:00:00,5.894,3.247,3.707,0.212
1998-06-27 14:00:00,6.428,4.752,3.431,2.011
1998-06-27 15:00:00,6.555,3.631,4.567,1.969
1998-06-27 16:00:00,6.613,2.379,5.139,2.9
1998-06-27 17:00:00,6.471,1.571,5.841,1.01
1998-06-27 18:00:00,6.57,1.924,5.75,1.965
1998-06-27 19:00:00,6.473,3.21,4.342,2.791
1998-06-27 20:00:00,6.383,4.27,3.743,1.96
1998-06-27 21:00:00,6.519,5.139,3.499,0.913
1998-06-27 22:00:00,6.588,5.478,3.176,1.724
1998-06-27 23:00:00,6.052,4.398,3.937,1.14
1998-06-28 00:00:00,5.728,4.744,3.068,0.702
1998-06-28 01:00:00,5.583,3.592,3.753,1.172
1998-06-28 02:00:00,5.628,3.803,3.804,1.506
1998-06-28 03:00:00,5.535,3.782,3.968,0.251
1998-06-28 04:00:00,4.929,3.332,3.421,-0.726
1998-06-28 05:00:00,4.546,2.738,3.417,-0.954
1998-06-28 06:00:00,4.683,3.486,2.895,-0.261
1998-06-28 07:00:00,4.616,2.587,3.236,-1.407
1998-06-28 08:00:00,4.977,3.059,3.822,-0.163
1998-06-28 09:00:00,4.933,2.556,3.434,-0.412
1998-06-28 10:00:00,4.921,-0.211,4.123,1.669
1998-06-28 11:00:00,5.366,3.822,2.533,-1.827
1998-06-28 12:00:00,5.085,4.447,1.563,-0.457
1998-06-28 13:00:00,4.659,2.288,3.644,-0.22
1998-06-28 14:00:00,3.8,2.542,2.521,-0.505
1998-06-28 15:00:00,3.455,1.594,2.856,0.258
1998-06-28 16:00:00,2.838,0.952,2.537,0.058
1998-06-28 17:00:00,3.377,1.636,2.668,-0.479
1998-06-28 18:00:00,3.855,1.074,3.279,1.071
1998-06-28 19:00:00,3.773,1.777,3.157,0.398
1998-06-28 20:00:00,3.704,1.879,2.916,-0.259
1998-06-28 21:00:00,3.87,1.528,3.169,0.156
1998-06-28 22:00:00,3.836,-1.447,3.211,0.927
1998-06-28 23:00:00,4.355,1.337,3.978,0.339
1998-06-29 00:00:00,4.025,1.682,3.266,0.687
1998-06-29 01:00:00,3.657,0.535,3.225,1.379
1998-06-29 02:00:00,3.714,-0.271,2.909,1.582
1998-06-29 03:00:00,4.084,-3.294,0.414,1.922
1998-06-29 04:00:00,3.485,-1.307,2.043,1.853
1998-06-29 05:00:00,3.584,1.411,2.287,-0.674
1998-06-29 06:00:00,3.521,-2.799,1.466,1.35
1998-06-29 07:00:00,3.104,-2.203,-1.947,0.245
1998-06-29 08:00:00,3.145,-2.393,-1.338,0.088
1998-06-29 09:00:00,4.154,-3.712,-1.489,0.539
1998-06-29 10:00:00,3.969,-3.209,0.459,1.81
1998-06-29 11:00:00,2.859,0.489,-1.862,-1.201
1998-06-29 12:00:00,3.243,2.344,0.129,-1.923
1998-06-29 13:00:00,3.507,2.473,1.85,0.079
1998-06-29 14:00:00,2.622,-1.596,1.656,-0.506
1998-06-29 15:00:00,3.219,-2.412,0.785,1.691
1998-06-29 16:00:00,3.466,-2.723,1.945,-0.091
1998-06-29 17:00:00,3.192,-2.081,2.129,0.34
1998-06-29 18:00:00,3.711,-2.558,2.22,1.158
1998-06-29 19:00:00,3.735,-2.303,2.757,0.519
1998-06-29 20:00:00,3.543,-1.153,3.079,0.716
1998-06-29 21:00:00,3.929,-2.945,2.199,0.07
1998-06-29 22:00:00,3.996,-3.362,1.914,0.36
1998-06-29 23:00:00,3.154,-1.468,1.751,0.023
1998-06-30 00:00:00,3.956,2.563,1.412,-2.454
1998-06-30 01:00:00,3.632,2.48,1.409,-0.45
1998-06-30 02:00:00,3.679,-3.542,-0.633,-0.42
1998-06-30 03:00:00,3.703,-3.511,0.984,-0.155
1998-06-30 04:00:00,2.896,-2.546,1.159,-0.494
1998-06-30 05:00:00,4.154,-3.874,1.246,0.36
1998-06-30 06:00:00,4.216,-4.071,0.652,0.096
1998-06-30 07:00:00,5.233,-5.175,0.031,0.718
1998-06-30 08:00:00,5.225,-4.704,-0.159,2.02
1998-06-30 09:00:00,5.244,-3.909,0.032,3.069
1998-06-30 10:00:00,5.164,-3.367,2.146,1.158
1998-06-30 11:00:00,3.859,2.238,2.366,-1.766
1998-06-30 12:00:00,3.598,0.797,2.308,-2.17
1998-06-30 13:00:00,4.251,-0.867,3.987,-0.708
1998-06-30 14:00:00,4.238,-1.605,3.591,-1.248
1998-06-30 15:00:00,4.64,-3.739,1.401,0.567
1998-06-30 16:00:00,4.723,-3.62,2.839,0.094
1998-06-30 17:00:00,4.636,-3.92,1.6,1.013
1998-06-30 18:00:00,4.483,-3.923,-0.261,1.96
1998-06-30 19:00:00,4.575,-3.938,1.708,1.104
1998-06-30 20:00:00,4.174,-2.562,3.139,0.475
1998-06-30 21:00:00,4.058,-3.05,0.771,1.394
1998-06-30 22:00:00,4.172,-3.219,1.737,1.82
1998-06-30 23:00:00,4.374,-2.58,2.47,1.658
1998-07-01 00:00:00,4.448,-3.056,2.519,1.218
1998-07-01 01:00:00,4.599,-2.822,3.328,0.805
1998-07-01 02:00:00,4.968,-2.767,3.93,1.103
1998-07-01 03:00:00,5.39,-2.766,4.284,1.606
1998-07-01 04:00:00,5.104,-2.868,4.157,0.27
1998-07-01 05:00:00,4.524,-2.807,3.446,-0.729
1998-07-01 06:00:00,4.005,-2.42,3.086,-0.603
1998-07-01 07:00:00,3.574,-2.373,2.492,-0.904
1998-07-01 08:00:00,2.845,-1.118,1.786,-1.438
1998-07-01 09:00:00,2.652,0.079,1.649,-1.222
1998-07-01 10:00:00,3.021,-0.329,2.6,-0.514
1998-07-01 11:00:00,2.102,-1.047,1.713,-0.056
1998-07-01 12:00:00,1.805,-0.035,1.657,0.277
1998-07-01 13:00:00,2.49,-0.223,2.437,0.037
1998-07-01 14:00:00,5.822,3.621,2.641,2.239
1998-07-01 15:00:00,6.346,3.025,-4.346,0.864
1998-07-01 16:00:00,7.312,3.239,-5.831,0.965
1998-07-01 17:00:00,8.232,1.022,-6.311,-5.06
1998-07-01 18:00:00,8.208,3.186,-6.29,-3.908
1998-07-01 19:00:00,7.86,3.095,-6.851,-0.538
1998-07-01 20:00:00,8.396,2.349,-6.257,4.194
1998-07-01 21:00:00,9.345,0.883,-8.656,2.051
1998-07-01 22:00:00,9.499,-0.213,-3.57,-5.895
1998-07-01 23:00:00,10.293,-1.802,-6.323,-6.77
1998-07-02 00:00:00,7.491,4.103,-2.054,3.905
1998-07-02 01:00:00,7.555,5.281,-1.866,3.999
1998-07-02 02:00:00,6.448,3.647,-4.477,2.522
1998-07-02 03:00:00,6.171,4.231,-2.162,1.844
1998-07-02 04:00:00,6.166,-2.319,-3.026,-3.941
1998-07-02 05:00:00,5.637,0.115,-3.374,-3.684
1998-07-02 06:00:00,5.049,0.642,-2.757,-0.631
1998-07-02 07:00:00,5.158,2.004,-3.729,-0.378
1998-07-02 08:00:00,5.365,2.056,-4.097,0.709
1998-07-02 09:00:00,6.219,1.592,-5.735,-0.633
1998-07-02 10:00:00,5.311,0.241,-2.746,-0.698
1998-07-02 11:00:00,4.473,0.989,-3.103,-1.817
1998-07-02 12:00:00,6.294,2.885,-5.223,0.739
1998-07-02 13:00:00,6.799,4.367,-4.513,2.212
1998-07-02 14:00:00,6.94,4.764,-1.818,4.516
1998-07-02 15:00:00,6.475,4.031,-4.511,2.113
1998-07-02 16:00:00,5.614,4.379,-3.07,1.332
1998-07-02 17:00:00,5.605,1.872,-3.415,3.712
1998-07-02 18:00:00,5.917,3.973,-3.161,2.609
1998-07-02 19:00:00,5.832,3.133,-4.125,2.264
1998-07-02 20:00:00,6.842,4.043,-4.5,2.672
1998-07-02 21:00:00,7.028,4.784,-3.291,3.318
1998-07-02 22:00:00,6.691,-0.429,-4.198,-3.314
1998-07-02 23:00:00,8.558,-1.274,-2.698,-3.461
1998-07-03 00:00:00,8.959,2.598,-6.092,1.954
1998-07-03 01:00:00,9.651,3.814,-7.491,3.105
1998-07-03 02:00:00,9.573,2.538,-8.756,-1.613
1998-07-03 03:00:00,9.686,4.388,-6.249,4.607
1998-07-03 04:00:00,9.944,5.332,-5.73,5.917
1998-07-03 05:00:00,10.165,5.862,-7.128,4.096
1998-07-03 06:00:00,10.546,6.324,-7.855,1.176
1998-07-03 07:00:00,10.335,5.964,-8.25,-0.756
1998-07-03 08:00:00,10.095,6.437,-6.341,4.164
1998-07-03 09:00:00,10.198,7.169,-4.837,5.223
1998-07-03 10:00:00,9.963,6.706,-5.749,2.994
1998-07-03 11:00:00,9.35,6.502,-4.178,1.322
1998-07-03 12:00:00,8.921,5.574,4.654,4.739
1998-07-03 13:00:00,8.878,5.687,4.987,3.536
1998-07-03 14:00:00,9.427,6.945,5.113,2.805
1998-07-03 15:00:00,9.341,6.412,5.338,3.79
1998-07-03 16:00:00,8.29,5.353,4.687,3.77
1998-07-03 17:00:00,7.644,5.413,4.544,0.996
1998-07-03 18:00:00,8.406,6.705,3.814,2.348
1998-07-03 19:00:00,7.055,0.658,-2.87,-4.576
1998-07-03 20:00:00,6.673,2.694,-0.2,-5.392
1998-07-03 21:00:00,5.58,2.187,-0.161,-4.267
1998-07-03 22:00:00,5.593,1.396,0.838,-4.856
1998-07-03 23:00:00,5.462,1.112,1.537,-4.149
1998-07-04 00:00:00,5.257,2.463,1.021,-3.694
1998-07-04 01:00:00,4.993,3.513,0.116,-2.941
1998-07-04 02:00:00,5.041,4.003,0.012,-2.408
1998-07-04 03:00:00,5.492,3.568,1.107,-3.72
1998-07-04 04:00:00,5.904,3.976,-1.196,-4.0
1998-07-04 05:00:00,5.308,2.912,-0.442,-4.313
1998-07-04 06:00:00,5.792,3.267,-1.84,-3.579
1998-07-04 07:00:00,5.625,3.194,-4.411,-0.169
1998-07-04 08:00:00,5.623,2.802,-4.657,1.066
1998-07-04 09:00:00,5.122,1.667,-3.071,3.196
1998-07-04 10:00:00,3.84,1.743,-3.026,-0.509
1998-07-04 11:00:00,3.989,1.583,-2.684,-1.842
1998-07-04 12:00:00,4.075,2.68,-0.814,-1.767
1998-07-04 13:00:00,4.31,-0.924,0.306,-3.361
1998-07-04 14:00:00,5.21,-1.62,0.467,-4.404
1998-07-04 15:00:00,5.594,-1.216,-4.2,-3.343
1998-07-04 16:00:00,5.61,-1.196,-2.298,-4.894
1998-07-04 17:00:00,5.834,-0.781,-2.895,-4.725
1998-07-04 18:00:00,5.992,1.475,-5.368,-1.661
1998-07-04 19:00:00,5.975,-2.01,-4.387,-3.072
1998-07-04 20:00:00,6.311,2.275,-4.66,0.534
1998-07-04 21:00:00,7.681,4.746,-4.164,4.141
1998-07-04 22:00:00,7.403,5.01,-3.976,-2.228
1998-07-04 23:00:00,7.913,3.501,-2.238,-6.148
1998-07-05 00:00:00,7.236,3.247,-2.598,-4.475
1998-07-05 01:00:00,6.877,1.385,-4.135,0.602
1998-07-05 02:00:00,6.036,4.128,-2.919,-0.785
1998-07-05 03:00:00,7.849,3.934,1.559,-2.454
1998-07-05 04:00:00,9.677,7.612,1.692,1.048
1998-07-05 05:00:00,10.407,7.662,-4.734,2.121
1998-07-05 06:00:00,13.431,4.651,-10.205,7.17
1998-07-05 07:00:00,12.412,3.433,-8.76,5.237
1998-07-05 08:00:00,10.058,3.026,-4.736,0.727
1998-07-05 09:00:00,10.594,3.801,-6.69,4.297
1998-07-05 10:00:00,10.937,4.015,-6.598,2.453
1998-07-05 11:00:00,10.908,5.268,0.2,8.432
1998-07-05 12:00:00,9.399,7.256,-4.252,0.993
1998-07-05 13:00:00,8.925,7.893,-2.359,2.147
1998-07-05 14:00:00,8.514,5.004,-0.114,6.023
1998-07-05 15:00:00,8.206,5.544,-0.909,4.022
1998-07-05 16:00:00,7.777,0.042,-1.833,-3.921
1998-07-05 17:00:00,9.356,4.536,-5.463,-5.559
1998-07-05 18:00:00,9.337,6.726,-5.499,-2.915
1998-07-05 19:00:00,9.041,6.96,-5.244,-0.013
1998-07-05 20:00:00,8.629,4.955,-6.207,1.134
1998-07-05 21:00:00,8.114,5.686,-2.493,-2.887
1998-07-05 22:00:00,7.359,4.439,0.168,3.769
1998-07-05 23:00:00,7.708,4.359,1.687,5.058
1998-07-06 00:00:00,8.372,6.095,-1.955,4.587
1998-07-06 01:00:00,7.845,6.859,-1.165,1.275
1998-07-06 02:00:00,7.491,3.48,3.838,-1.954
1998-07-06 03:00:00,7.098,2.461,-0.018,-1.281
1998-07-06 04:00:00,7.641,0.245,5.272,0.349
1998-07-06 05:00:00,9.104,-3.506,5.928,-0.768
1998-07-06 06:00:00,4.798,2.616,2.198,0.989
1998-07-06 07:00:00,4.676,2.748,2.291,0.206
1998-07-06 08:00:00,3.898,3.138,1.261,0.297
1998-07-06 09:00:00,5.52,5.323,-0.165,-1.201
1998-07-06 10:00:00,4.42,4.091,0.242,-1.513
1998-07-06 11:00:00,4.74,4.661,-0.058,-0.612
1998-07-06 12:00:00,4.326,4.278,-0.391,0.023
1998-07-06 13:00:00,4.546,4.502,-0.449,0.238
1998-07-06 14:00:00,4.192,3.897,0.058,-0.016
1998-07-06 15:00:00,3.909,2.935,2.024,-1.331
1998-07-06 16:00:00,3.802,3.544,1.073,0.719
1998-07-06 17:00:00,4.281,3.869,0.873,1.577
1998-07-06 18:00:00,4.37,3.399,-0.133,2.603
1998-07-06 19:00:00,3.771,2.982,-0.728,2.06
1998-07-06 20:00:00,3.601,3.007,-0.219,1.486
1998-07-06 21:00:00,4.241,2.987,-2.462,1.61
1998-07-06 22:00:00,4.573,2.232,-3.772,1.162
1998-07-06 23:00:00,4.81,0.42,-4.691,0.545
1998-07-07 00:00:00,4.928,1.047,-4.646,1.089
1998-07-07 01:00:00,4.908,-0.115,-4.849,-0.017
1998-07-07 02:00:00,5.145,-0.486,-4.995,-0.236
1998-07-07 03:00:00,5.31,0.083,-5.202,0.684
1998-07-07 04:00:00,5.271,1.128,-4.797,1.727
1998-07-07 05:00:00,5.239,0.782,-4.908,1.494
1998-07-07 06:00:00,5.109,0.691,-4.912,1.116
1998-07-07 07:00:00,5.05,-2.64,-4.113,-0.801
1998-07-07 08:00:00,4.939,-2.834,-3.974,-0.496
1998-07-07 09:00:00,4.892,-2.402,-4.223,-0.333
1998-07-07 10:00:00,4.961,-2.555,-4.212,-0.421
1998-07-07 11:00:00,5.166,-2.682,-4.37,-0.269
1998-07-07 12:00:00,5.38,-2.318,-4.752,0.884
1998-07-07 13:00:00,4.96,-0.87,-3.148,1.455
1998-07-07 14:00:00,4.597,2.737,-0.05,3.662
1998-07-07 15:00:00,4.457,2.517,-0.92,3.537
1998-07-07 16:00:00,4.449,2.095,-1.628,3.565
1998-07-07 17:00:00,4.308,1.859,-1.855,3.383
1998-07-07 18:00:00,4.196,0.752,-2.369,3.361
1998-07-07 19:00:00,4.194,0.801,-1.852,3.628
1998-07-07 20:00:00,4.122,1.009,-1.877,3.519
1998-07-07 21:00:00,3.937,1.351,-1.382,3.412
1998-07-07 22:00:00,3.624,1.585,-1.883,2.453
1998-07-07 23:00:00,3.437,1.542,-1.901,2.237
1998-07-08 00:00:00,3.149,1.517,-1.78,1.92
1998-07-08 01:00:00,3.476,2.039,-1.739,1.431
1998-07-08 02:00:00,3.665,1.565,-2.855,-1.547
1998-07-08 03:00:00,4.035,1.619,-3.202,-1.405
1998-07-08 04:00:00,3.858,2.25,-0.614,2.938
1998-07-08 05:00:00,4.14,2.426,-1.931,2.726
1998-07-08 06:00:00,4.019,2.203,-1.719,2.865
1998-07-08 07:00:00,4.44,2.756,-1.562,3.084
1998-07-08 08:00:00,4.755,3.212,-1.696,2.997
1998-07-08 09:00:00,4.631,3.47,-0.846,2.898
1998-07-08 10:00:00,4.848,3.792,-0.498,2.955
1998-07-08 11:00:00,5.017,3.878,-0.623,3.101
1998-07-08 12:00:00,5.04,4.154,-0.615,2.766
1998-07-08 13:00:00,4.829,4.021,-0.432,2.604
1998-07-08 14:00:00,4.311,3.658,-0.961,1.939
1998-07-08 15:00:00,4.242,3.659,-1.555,1.352
1998-07-08 16:00:00,3.922,3.396,-1.754,0.659
1998-07-08 17:00:00,3.385,3.043,-1.221,0.095
1998-07-08 18:00:00,3.578,3.198,-1.123,0.884
1998-07-08 19:00:00,3.835,3.752,-0.592,0.428
1998-07-08 20:00:00,3.691,3.459,-0.889,0.755
1998-07-08 21:00:00,3.638,3.092,-1.164,1.369
1998-07-08 22:00:00,4.017,3.379,-1.782,1.163
1998-07-08 23:00:00,4.122,2.931,-2.554,0.897
1998-07-09 00:00:00,3.9,2.155,-3.213,0.233
1998-07-09 01:00:00,3.968,2.06,-3.358,0.323
1998-07-09 02:00:00,4.277,2.188,-3.656,-0.124
1998-07-09 03:00:00,4.376,2.128,-3.782,-0.393
1998-07-09 04:00:00,4.169,1.398,-3.758,-0.974
1998-07-09 05:00:00,3.164,1.012,-2.497,-0.429
1998-07-09 06:00:00,2.438,-0.354,-1.217,-0.758
1998-07-09 07:00:00,5.733,2.201,-4.847,1.183
1998-07-09 08:00:00,6.8,4.011,-5.047,-1.642
1998-07-09 09:00:00,5.882,2.196,-2.754,-4.453
1998-07-09 10:00:00,5.805,2.713,-1.338,-4.84
1998-07-09 11:00:00,6.823,2.375,-0.492,-6.222
1998-07-09 12:00:00,6.866,-1.038,-2.829,-5.864
1998-07-09 13:00:00,9.68,-1.606,-2.155,-8.972
1998-07-09 14:00:00,8.137,-0.027,2.566,-6.986
1998-07-09 15:00:00,7.545,-0.477,2.573,-6.913
1998-07-09 16:00:00,6.931,-0.291,2.833,-6.18
1998-07-09 17:00:00,7.734,0.288,3.105,-6.964
1998-07-09 18:00:00,7.629,-0.884,2.94,-6.864
1998-07-09 19:00:00,5.823,-0.796,4.629,-2.273
1998-07-09 20:00:00,8.206,-0.699,3.04,-7.087
1998-07-09 21:00:00,7.452,-2.064,4.207,1.12
1998-07-09 22:00:00,6.934,-0.844,3.378,-4.327
1998-07-09 23:00:00,7.502,-1.987,4.027,5.862
1998-07-10 00:00:00,7.315,-0.502,5.713,4.004
1998-07-10 01:00:00,8.466,-3.254,6.869,2.959
1998-07-10 02:00:00,8.976,-3.37,8.086,1.464
1998-07-10 03:00:00,7.862,-3.042,6.25,2.524
1998-07-10 04:00:00,7.023,-2.949,5.025,3.617
1998-07-10 05:00:00,6.917,1.298,5.272,3.821
1998-07-10 06:00:00,6.262,2.04,4.787,3.324
1998-07-10 07:00:00,5.184,2.781,3.541,2.256
1998-07-10 08:00:00,4.4,0.779,3.761,1.583
1998-07-10 09:00:00,4.69,-1.016,3.853,-0.309
1998-07-10 10:00:00,5.375,2.824,1.993,3.138
1998-07-10 11:00:00,4.247,1.642,2.562,1.576
1998-07-10 12:00:00,3.94,2.653,1.182,1.111
1998-07-10 13:00:00,4.05,2.298,1.106,2.356
1998-07-10 14:00:00,5.9,4.241,1.324,2.742
1998-07-10 15:00:00,4.841,-2.554,2.778,0.441
1998-07-10 16:00:00,5.971,-3.696,2.496,1.43
1998-07-10 17:00:00,5.927,-3.722,3.781,1.349
1998-07-10 18:00:00,6.169,-3.717,2.971,3.762
1998-07-10 19:00:00,5.273,0.413,2.119,1.798
1998-07-10 20:00:00,6.13,0.962,4.419,0.785
1998-07-10 21:00:00,4.811,-0.217,1.334,3.633
1998-07-10 22:00:00,6.151,1.84,-3.765,3.959
1998-07-10 23:00:00,8.192,1.626,-3.354,6.641
1998-07-11 00:00:00,10.964,4.059,-9.458,3.216
1998-07-11 01:00:00,12.588,4.836,-11.121,3.228
1998-07-11 02:00:00,14.276,5.931,-12.012,4.561
1998-07-11 03:00:00,16.664,7.707,-13.331,5.82
1998-07-11 04:00:00,15.506,1.391,-5.822,13.134
1998-07-11 05:00:00,13.901,-2.099,3.507,12.903
1998-07-11 06:00:00,11.235,-1.018,5.59,9.523
1998-07-11 07:00:00,8.447,-0.019,5.278,5.312
1998-07-11 08:00:00,8.094,-4.925,4.533,3.058
1998-07-11 09:00:00,9.667,-1.464,7.228,-2.376
1998-07-11 10:00:00,9.642,-0.588,7.919,-4.454
1998-07-11 11:00:00,10.261,-0.984,4.676,-8.746
1998-07-11 12:00:00,10.482,-4.752,5.344,-7.378
1998-07-11 13:00:00,8.675,-4.136,-1.838,-6.656
1998-07-11 14:00:00,9.516,-4.564,4.246,-6.278
1998-07-11 15:00:00,9.99,-5.304,5.585,-5.026
1998-07-11 16:00:00,10.176,-5.734,0.577,-7.969
1998-07-11 17:00:00,10.815,-5.658,6.708,-5.659
1998-07-11 18:00:00,11.099,-6.058,8.567,-3.26
1998-07-11 19:00:00,11.29,-6.09,9.25,-1.12
1998-07-11 20:00:00,11.523,-6.114,9.019,-2.3
1998-07-11 21:00:00,12.185,-6.426,9.702,-3.293
1998-07-11 22:00:00,12.587,-5.997,10.81,-1.979
1998-07-11 23:00:00,12.898,-6.029,11.229,-1.418
1998-07-12 00:00:00,13.232,-4.31,12.315,0.649
1998-07-12 01:00:00,13.593,-2.875,12.719,3.717
1998-07-12 02:00:00,13.586,-3.166,11.963,5.514
1998-07-12 03:00:00,13.467,-2.104,11.276,6.999
1998-07-12 04:00:00,13.889,-0.255,9.183,10.152
1998-07-12 05:00:00,12.978,-3.232,7.847,-4.362
1998-07-12 06:00:00,12.03,-4.497,9.66,-5.499
1998-07-12 07:00:00,11.365,-5.146,9.604,-2.82
1998-07-12 08:00:00,10.726,-4.346,9.726,-0.368
1998-07-12 09:00:00,10.128,-2.942,9.625,0.524
1998-07-12 10:00:00,9.416,-3.554,8.127,2.793
1998-07-12 11:00:00,8.45,-4.902,6.192,2.699
1998-07-12 12:00:00,9.235,-3.533,8.072,2.452
1998-07-12 13:00:00,9.867,-2.093,9.145,2.982
1998-07-12 14:00:00,9.526,-2.37,8.515,3.421
1998-07-12 15:00:00,9.128,-1.763,7.106,5.358
1998-07-12 16:00:00,8.797,-2.181,6.399,5.229
1998-07-12 17:00:00,8.365,-3.131,6.071,4.544
1998-07-12 18:00:00,7.766,-1.897,5.934,3.915
1998-07-12 19:00:00,7.448,-1.594,2.431,6.353
1998-07-12 20:00:00,6.984,-2.69,2.368,3.922
1998-07-12 21:00:00,6.15,-4.087,4.101,1.613
1998-07-12 22:00:00,5.315,-2.98,2.744,1.904
1998-07-12 23:00:00,5.863,-1.169,3.107,4.7
1998-07-13 00:00:00,5.57,-2.308,3.394,3.295
1998-07-13 01:00:00,5.965,-4.736,3.144,-0.489
1998-07-13 02:00:00,6.343,-5.496,2.764,-1.294
1998-07-13 03:00:00,6.627,-5.406,3.672,0.268
1998-07-13 04:00:00,6.029,-3.946,4.232,1.439
1998-07-13 05:00:00,5.71,-2.865,4.455,1.738
1998-07-13 06:00:00,4.607,0.722,4.031,2.017
1998-07-13 07:00:00,4.419,1.438,3.41,2.353
1998-07-13 08:00:00,4.268,0.871,3.797,1.581
1998-07-13 09:00:00,4.346,1.592,3.652,1.11
1998-07-13 10:00:00,4.459,1.316,3.881,1.608
1998-07-13 11:00:00,4.532,-0.391,4.232,1.071
1998-07-13 12:00:00,4.829,-3.393,2.89,0.394
1998-07-13 13:00:00,4.946,-3.745,2.402,-1.926
1998-07-13 14:00:00,5.008,-4.044,0.726,-2.52
1998-07-13 15:00:00,4.937,-3.262,0.257,-3.5
1998-07-13 16:00:00,4.819,-3.014,1.303,-3.377
1998-07-13 17:00:00,4.849,-4.238,-0.152,-2.188
1998-07-13 18:00:00,4.16,-2.872,-1.321,-0.011
1998-07-13 19:00:00,4.235,-1.904,0.998,-1.847
1998-07-13 20:00:00,3.293,-2.259,1.94,0.701
1998-07-13 21:00:00,3.863,-3.663,0.713,0.457
1998-07-13 22:00:00,3.783,-3.673,0.33,0.596
1998-07-13 23:00:00,3.786,-1.848,1.726,1.023
1998-07-14 00:00:00,3.753,-1.472,0.265,2.809
1998-07-14 01:00:00,3.996,-1.994,0.444,3.226
1998-07-14 02:00:00,3.94,-2.757,0.074,2.527
1998-07-14 03:00:00,3.909,-2.516,-0.114,2.747
1998-07-14 04:00:00,3.76,-2.956,0.213,1.694
1998-07-14 05:00:00,3.645,-2.314,1.412,0.958
1998-07-14 06:00:00,3.608,-3.091,-0.486,-0.949
1998-07-14 07:00:00,3.69,-2.536,0.866,0.961
1998-07-14 08:00:00,3.872,-3.282,1.375,1.125
1998-07-14 09:00:00,3.691,-2.475,2.105,1.555
1998-07-14 10:00:00,3.592,-2.305,1.988,1.55
1998-07-14 11:00:00,3.682,-1.007,2.392,1.795
1998-07-14 12:00:00,3.726,0.318,2.44,2.15
1998-07-14 13:00:00,3.465,1.633,2.505,1.356
1998-07-14 14:00:00,3.601,0.48,2.268,2.344
1998-07-14 15:00:00,3.015,-2.031,0.905,0.633
1998-07-14 16:00:00,3.352,-2.852,0.522,1.338
1998-07-14 17:00:00,3.628,-1.779,2.524,0.702
1998-07-14 18:00:00,4.053,0.044,1.725,3.056
1998-07-14 19:00:00,3.955,-2.192,0.661,2.696
1998-07-14 20:00:00,3.995,0.121,3.385,1.275
1998-07-14 21:00:00,3.935,-0.923,2.902,1.922
1998-07-14 22:00:00,4.211,-0.47,3.434,0.915
1998-07-14 23:00:00,4.369,-1.367,3.574,0.517
1998-07-15 00:00:00,4.465,-2.163,3.387,1.227
1998-07-15 01:00:00,4.408,0.178,3.903,1.673
1998-07-15 02:00:00,4.482,0.295,3.84,1.604
1998-07-15 03:00:00,4.417,0.045,3.804,2.009
1998-07-15 04:00:00,4.199,-2.053,3.008,-0.601
1998-07-15 05:00:00,4.344,-1.921,3.768,0.388
1998-07-15 06:00:00,4.397,-1.528,3.518,1.886
1998-07-15 07:00:00,4.504,-2.35,3.649,-0.685
1998-07-15 08:00:00,3.725,-1.884,2.607,0.943
1998-07-15 09:00:00,3.865,-1.905,2.739,1.747
1998-07-15 10:00:00,4.069,-3.082,2.463,-0.523
1998-07-15 11:00:00,4.119,-2.903,2.432,-1.155
1998-07-15 12:00:00,4.456,-1.651,4.021,0.132
1998-07-15 13:00:00,5.046,-3.498,3.346,-0.1
1998-07-15 14:00:00,5.191,-3.992,3.159,-0.541
1998-07-15 15:00:00,4.896,-3.119,3.663,-0.212
1998-07-15 16:00:00,4.823,-3.062,3.539,1.015
1998-07-15 17:00:00,2.445,-1.451,1.629,-0.3
1998-07-15 18:00:00,2.464,-1.122,2.017,-0.163
1998-07-15 19:00:00,2.206,-1.297,1.62,-0.2
1998-07-15 20:00:00,3.259,1.119,-0.664,-0.967
1998-07-15 21:00:00,6.384,2.623,-2.039,-1.406
1998-07-15 22:00:00,6.799,4.351,-2.916,-0.094
1998-07-15 23:00:00,9.652,3.665,-3.19,-6.212
1998-07-16 00:00:00,9.287,3.503,-3.326,0.289
1998-07-16 01:00:00,14.253,4.508,-0.489,-12.623
1998-07-16 02:00:00,15.832,1.335,6.38,-6.815
1998-07-16 03:00:00,20.187,12.353,-10.661,-4.285
1998-07-16 04:00:00,18.652,11.443,-12.355,6.581
1998-07-16 05:00:00,17.962,12.028,-10.416,4.635
1998-07-16 06:00:00,16.551,11.607,-9.145,1.507
1998-07-16 07:00:00,14.518,10.032,-8.427,1.798
1998-07-16 08:00:00,12.931,10.021,-4.157,-1.078
1998-07-16 09:00:00,11.942,7.935,-3.644,-0.259
1998-07-16 10:00:00,12.342,7.287,-5.662,1.705
1998-07-16 11:00:00,10.502,6.822,-5.036,1.067
1998-07-16 12:00:00,8.284,3.32,-5.725,0.403
1998-07-16 13:00:00,8.018,4.761,-3.838,-0.763
1998-07-16 14:00:00,7.54,1.157,-3.784,-5.21
1998-07-16 15:00:00,7.85,5.393,-3.107,-0.846
1998-07-16 16:00:00,7.402,2.147,-5.208,-3.373
1998-07-16 17:00:00,9.326,-0.688,-6.643,-3.185
1998-07-16 18:00:00,8.34,3.579,-5.725,0.086
1998-07-16 19:00:00,8.394,5.425,-3.752,-3.089
1998-07-16 20:00:00,6.479,4.662,-0.28,-1.83
1998-07-16 21:00:00,6.765,1.944,-4.228,-2.53
1998-07-16 22:00:00,7.288,3.46,-0.641,-0.697
1998-07-16 23:00:00,5.677,2.755,-3.796,0.138
1998-07-17 00:00:00,3.452,-0.248,-2.546,0.586
1998-07-17 01:00:00,3.586,2.985,-0.019,0.924
1998-07-17 02:00:00,3.563,3.277,0.606,-0.034
1998-07-17 03:00:00,3.274,2.491,0.468,-1.33
1998-07-17 04:00:00,3.479,3.026,1.13,-0.836
1998-07-17 05:00:00,3.171,2.15,1.121,-1.614
1998-07-17 06:00:00,3.515,2.881,1.376,-1.164
1998-07-17 07:00:00,3.632,2.908,1.914,-0.26
1998-07-17 08:00:00,3.76,3.187,1.322,-0.271
1998-07-17 09:00:00,3.36,3.042,0.343,-0.812
1998-07-17 10:00:00,3.387,2.694,0.993,-1.354
1998-07-17 11:00:00,3.434,2.929,1.313,-1.028
1998-07-17 12:00:00,3.43,2.913,0.821,-1.094
1998-07-17 13:00:00,3.473,-0.4,2.324,-2.055
1998-07-17 14:00:00,3.076,-1.235,0.881,-1.025
1998-07-17 15:00:00,3.239,-3.113,0.236,-0.642
1998-07-17 16:00:00,2.615,-1.985,-0.528,-0.413
1998-07-17 17:00:00,3.009,-2.974,-0.212,0.122
1998-07-17 18:00:00,1.775,-0.466,-0.152,-0.008
1998-07-17 19:00:00,2.289,-0.206,-1.584,0.273
1998-07-17 20:00:00,2.495,-1.318,-1.944,-0.603
1998-07-17 21:00:00,2.582,-2.228,-1.019,-0.445
1998-07-17 22:00:00,2.119,0.299,-0.119,-0.433
1998-07-17 23:00:00,2.585,-0.644,-1.257,-1.434
1998-07-18 00:00:00,1.932,-0.163,-1.24,-0.958
1998-07-18 01:00:00,2.024,0.807,0.898,-0.669
1998-07-18 02:00:00,2.495,1.357,-0.548,-0.078
1998-07-18 03:00:00,2.39,0.531,-0.681,-0.616
1998-07-18 04:00:00,2.212,0.591,-0.336,-0.396
1998-07-18 05:00:00,1.848,-0.934,-1.334,-0.143
1998-07-18 06:00:00,2.676,-2.307,-0.835,0.168
1998-07-18 07:00:00,2.695,-2.022,-0.752,-0.111
1998-07-18 08:00:00,3.87,0.916,-3.661,-0.145
1998-07-18 09:00:00,3.306,1.827,-1.139,-0.816
1998-07-18 10:00:00,4.408,3.008,0.841,0.387
1998-07-18 11:00:00,5.172,3.316,-3.228,1.319
1998-07-18 12:00:00,5.189,4.143,-1.997,1.568
1998-07-18 13:00:00,6.263,5.532,-1.959,2.006
1998-07-18 14:00:00,5.26,4.58,-1.933,1.414
1998-07-18 15:00:00,5.175,-3.683,2.533,-0.808
1998-07-18 16:00:00,6.009,-4.4,1.2,-3.766
1998-07-18 17:00:00,5.272,-3.973,1.858,-2.618
1998-07-18 18:00:00,5.72,-3.807,1.403,-3.971
1998-07-18 19:00:00,5.128,-3.08,0.832,-3.959
1998-07-18 20:00:00,3.504,0.588,-0.461,-2.015
1998-07-18 21:00:00,4.364,3.445,1.4,1.382
1998-07-18 22:00:00,4.628,2.72,2.276,2.537
1998-07-18 23:00:00,4.39,2.948,2.622,1.597
1998-07-19 00:00:00,4.151,2.55,1.249,-1.601
1998-07-19 01:00:00,4.35,2.2,-1.838,-0.739
1998-07-19 02:00:00,3.763,-0.875,0.676,-0.658
1998-07-19 03:00:00,4.039,-1.046,2.917,-1.05
1998-07-19 04:00:00,4.476,-0.681,0.141,-3.278
1998-07-19 05:00:00,5.029,-1.176,-0.319,-3.791
1998-07-19 06:00:00,4.387,0.411,-1.76,-2.432
1998-07-19 07:00:00,3.279,1.419,-0.226,-1.101
1998-07-19 08:00:00,3.658,2.115,0.021,0.658
1998-07-19 09:00:00,4.661,2.28,-3.505,-0.163
1998-07-19 10:00:00,4.823,3.576,-1.307,2.3
1998-07-19 11:00:00,5.218,3.239,-2.723,2.162
1998-07-19 12:00:00,5.034,2.374,-4.007,0.544
1998-07-19 13:00:00,4.978,1.889,-3.928,2.005
1998-07-19 14:00:00,5.178,2.672,-3.743,1.615
1998-07-19 15:00:00,5.543,2.457,-4.192,2.143
1998-07-19 16:00:00,5.464,2.614,-4.548,0.835
1998-07-19 17:00:00,5.296,2.132,-4.164,1.983
1998-07-19 18:00:00,5.119,1.264,-4.774,0.529
1998-07-19 19:00:00,4.694,-0.987,-3.856,1.243
1998-07-19 20:00:00,5.01,0.732,-4.538,-0.273
1998-07-19 21:00:00,4.955,1.278,-4.119,0.133
1998-07-19 22:00:00,5.1,-0.445,-3.751,-1.221
1998-07-19 23:00:00,5.517,-3.166,-2.741,-3.483
1998-07-20 00:00:00,5.346,0.407,-3.767,-1.443
1998-07-20 01:00:00,5.121,-0.86,-2.526,-1.37
1998-07-20 02:00:00,5.369,-2.304,-3.901,-1.695
1998-07-20 03:00:00,5.188,-0.175,-4.805,0.008
1998-07-20 04:00:00,4.879,1.815,-3.988,-0.359
1998-07-20 05:00:00,5.493,4.384,-1.671,1.204
1998-07-20 06:00:00,5.239,2.274,-3.933,1.857
1998-07-20 07:00:00,5.043,0.537,-3.81,3.137
1998-07-20 08:00:00,4.701,-0.034,-2.413,3.382
1998-07-20 09:00:00,4.563,1.629,-2.198,2.866
1998-07-20 10:00:00,4.456,3.022,-0.91,2.351
1998-07-20 11:00:00,4.578,3.175,-1.088,2.975
1998-07-20 12:00:00,4.666,4.243,-1.095,1.064
1998-07-20 13:00:00,4.685,4.292,-1.758,0.063
1998-07-20 14:00:00,4.492,4.331,-0.896,-0.568
1998-07-20 15:00:00,4.131,2.885,-1.877,-0.045
1998-07-20 16:00:00,3.711,3.305,-1.148,-0.51
1998-07-20 17:00:00,4.188,3.581,-2.09,0.167
1998-07-20 18:00:00,4.259,3.286,-2.515,0.369
1998-07-20 19:00:00,4.918,2.276,-4.231,-0.136
1998-07-20 20:00:00,4.142,2.064,-3.533,-0.251
1998-07-20 21:00:00,4.085,1.159,-2.635,1.495
1998-07-20 22:00:00,4.777,0.66,-2.432,3.313
1998-07-20 23:00:00,5.83,1.313,-4.034,2.119
1998-07-21 00:00:00,6.74,2.018,-6.029,1.496
1998-07-21 01:00:00,6.98,2.731,-5.666,-2.379
1998-07-21 02:00:00,9.121,3.115,-6.61,-0.701
1998-07-21 03:00:00,8.889,0.363,0.643,-6.387
1998-07-21 04:00:00,12.524,-1.528,4.715,0.928
1998-07-21 05:00:00,14.146,-3.352,10.805,1.557
1998-07-21 06:00:00,8.06,-4.157,3.754,-3.002
1998-07-21 07:00:00,8.403,-2.848,5.551,-4.297
1998-07-21 08:00:00,8.676,-5.077,5.264,0.606
1998-07-21 09:00:00,7.44,-4.884,1.619,-0.436
1998-07-21 10:00:00,7.063,-2.706,3.503,-3.489
1998-07-21 11:00:00,7.279,-3.853,4.648,-2.499
1998-07-21 12:00:00,8.446,-6.786,4.602,-1.407
1998-07-21 13:00:00,7.814,-5.742,3.394,0.518
1998-07-21 14:00:00,7.271,-6.287,3.039,-0.69
1998-07-21 15:00:00,7.282,-7.081,1.288,-0.911
1998-07-21 16:00:00,6.927,-6.523,1.858,-1.233
1998-07-21 17:00:00,6.551,-6.19,1.868,-0.716
1998-07-21 18:00:00,5.761,-3.011,2.276,-2.74
1998-07-21 19:00:00,6.777,-6.232,1.793,0.721
1998-07-21 20:00:00,6.346,-5.552,0.772,0.888
1998-07-21 21:00:00,5.566,-4.857,1.239,1.644
1998-07-21 22:00:00,4.867,-4.632,-0.533,-0.573
1998-07-21 23:00:00,4.652,-3.746,-2.359,-0.895
1998-07-22 00:00:00,4.544,-3.897,0.788,-0.641
1998-07-22 01:00:00,4.597,-2.319,2.898,1.788
1998-07-22 02:00:00,4.786,-1.922,2.812,2.35
1998-07-22 03:00:00,5.067,-0.725,4.432,1.078
1998-07-22 04:00:00,4.978,-1.955,3.762,1.738
1998-07-22 05:00:00,5.38,-2.065,4.321,0.453
1998-07-22 06:00:00,5.484,-3.473,3.607,-0.883
1998-07-22 07:00:00,6.104,-4.039,3.193,-1.879
1998-07-22 08:00:00,6.872,-5.144,4.292,0.915
1998-07-22 09:00:00,6.628,-2.054,5.76,-0.983
1998-07-22 10:00:00,6.845,-2.951,5.401,-1.643
1998-07-22 11:00:00,6.778,-2.139,5.547,-2.433
1998-07-22 12:00:00,8.055,-1.492,4.93,-2.687
1998-07-22 13:00:00,8.916,-2.312,6.591,-3.213
1998-07-22 14:00:00,8.999,0.78,3.828,-2.339
1998-07-22 15:00:00,9.016,-7.28,2.69,-0.666
1998-07-22 16:00:00,11.052,-9.24,3.578,3.205
1998-07-22 17:00:00,11.737,-10.694,2.964,3.34
1998-07-22 18:00:00,11.99,-10.717,4.4,2.0
1998-07-22 19:00:00,10.733,-7.913,4.873,-3.429
1998-07-22 20:00:00,9.697,-4.003,4.906,-5.942
1998-07-22 21:00:00,13.285,-5.871,11.112,-3.404
1998-07-22 22:00:00,14.212,-6.486,11.951,-1.164
1998-07-22 23:00:00,14.285,-6.156,12.479,-2.032
1998-07-23 00:00:00,9.719,-3.933,4.542,0.958
1998-07-23 01:00:00,8.726,-7.237,1.172,-0.587
1998-07-23 02:00:00,11.391,-8.299,4.538,3.328
1998-07-23 03:00:00,15.343,-9.385,11.141,-1.01
1998-07-23 04:00:00,13.491,-2.44,7.635,-7.421
1998-07-23 05:00:00,11.803,-6.846,5.707,2.739
1998-07-23 06:00:00,11.338,-7.12,3.817,5.022
1998-07-23 07:00:00,10.83,-7.55,4.26,0.244
1998-07-23 08:00:00,10.871,-6.785,4.491,-2.835
1998-07-23 09:00:00,11.25,-7.484,2.991,-2.694
1998-07-23 10:00:00,12.389,-6.852,7.41,0.069
1998-07-23 11:00:00,10.773,-5.717,4.784,-0.698
1998-07-23 12:00:00,7.417,-3.862,1.154,2.83
1998-07-23 13:00:00,7.592,0.036,5.448,-3.342
1998-07-23 14:00:00,7.006,-0.816,2.33,-1.435
1998-07-23 15:00:00,6.436,-3.459,3.613,0.457
1998-07-23 16:00:00,5.955,-3.846,2.32,-0.403
1998-07-23 17:00:00,5.463,-1.499,-0.538,-2.874
1998-07-23 18:00:00,5.732,-0.469,-3.157,-2.769
1998-07-23 19:00:00,5.49,-4.23,0.703,1.203
1998-07-23 20:00:00,5.382,-3.197,0.054,-2.35
1998-07-23 21:00:00,6.194,-4.825,1.686,-2.223
1998-07-23 22:00:00,6.351,-3.674,3.0,-3.72
1998-07-23 23:00:00,6.36,-3.312,3.403,1.428
1998-07-24 00:00:00,6.197,-2.94,1.97,2.685
1998-07-24 01:00:00,6.281,-2.332,1.184,4.146
1998-07-24 02:00:00,5.545,-2.97,-0.196,0.831
1998-07-24 03:00:00,5.427,-4.01,-0.602,-0.447
1998-07-24 04:00:00,4.948,-2.424,2.431,-1.382
1998-07-24 05:00:00,5.746,-2.996,1.641,-0.001
1998-07-24 06:00:00,7.06,-5.68,2.829,-0.271
1998-07-24 07:00:00,6.449,-2.817,3.488,0.171
1998-07-24 08:00:00,5.73,-0.904,0.351,-4.013
1998-07-24 09:00:00,5.209,-4.415,1.127,0.783
1998-07-24 10:00:00,5.53,-3.804,-0.981,3.048
1998-07-24 11:00:00,5.301,-3.039,3.297,-1.061
1998-07-24 12:00:00,5.159,-3.622,2.186,-0.698
1998-07-24 13:00:00,5.104,-4.015,2.055,-0.253
1998-07-24 14:00:00,5.196,-1.409,2.748,-2.732
1998-07-24 15:00:00,4.484,-3.336,1.997,-0.919
1998-07-24 16:00:00,4.746,-4.541,0.548,0.242
1998-07-24 17:00:00,4.7,-2.513,0.225,-2.703
1998-07-24 18:00:00,4.609,-1.023,0.818,-3.437
1998-07-24 19:00:00,3.422,-1.012,-2.236,0.587
1998-07-24 20:00:00,3.215,-2.302,-0.605,-0.413
1998-07-24 21:00:00,4.138,-3.63,-0.836,1.139
1998-07-24 22:00:00,3.902,-3.476,-0.317,1.197
1998-07-24 23:00:00,3.71,-1.442,0.48,1.35
1998-07-25 00:00:00,4.49,-1.175,3.424,-0.607
1998-07-25 01:00:00,4.431,0.679,3.9,0.196
1998-07-25 02:00:00,4.576,1.518,3.754,-0.332
1998-07-25 03:00:00,3.72,-0.815,1.855,-2.124
1998-07-25 04:00:00,3.706,-1.661,-1.731,-1.494
1998-07-25 05:00:00,3.858,-2.929,0.723,1.434
1998-07-25 06:00:00,3.693,-2.695,1.445,-0.7
1998-07-25 07:00:00,3.833,-3.304,0.708,-0.576
1998-07-25 08:00:00,3.584,-2.771,-1.201,-0.218
1998-07-25 09:00:00,3.785,-2.431,0.362,-0.118
1998-07-25 10:00:00,3.7,-2.889,1.907,-0.421
1998-07-25 11:00:00,4.6,-4.256,0.879,0.861
1998-07-25 12:00:00,4.211,-3.274,0.855,-0.287
1998-07-25 13:00:00,4.084,-1.299,2.283,-0.891
1998-07-25 14:00:00,4.608,0.008,4.381,-0.526
1998-07-25 15:00:00,4.299,0.354,3.205,-0.893
1998-07-25 16:00:00,3.763,-2.135,0.634,1.014
1998-07-25 17:00:00,3.089,-2.32,0.582,1.042
1998-07-25 18:00:00,3.35,-2.195,-0.165,-0.486
1998-07-25 19:00:00,3.306,-2.231,1.875,-0.126
1998-07-25 20:00:00,3.531,-3.274,0.493,0.728
1998-07-25 21:00:00,3.311,-2.786,1.358,0.525
1998-07-25 22:00:00,3.49,-3.358,0.414,-0.102
1998-07-25 23:00:00,3.325,-2.875,-0.944,-1.035
1998-07-26 00:00:00,3.313,-2.487,-1.568,-0.575
1998-07-26 01:00:00,3.729,-3.512,-1.006,-0.488
1998-07-26 02:00:00,3.589,-2.924,1.394,-0.485
1998-07-26 03:00:00,3.082,-2.667,0.901,-1.045
1998-07-26 04:00:00,2.632,-2.197,0.937,-0.222
1998-07-26 05:00:00,3.131,-2.933,-0.198,-0.877
1998-07-26 06:00:00,1.894,-1.099,0.905,-0.841
1998-07-26 07:00:00,2.485,-1.365,-0.226,-1.787
1998-07-26 08:00:00,3.03,-0.969,0.063,-2.494
1998-07-26 09:00:00,3.081,-1.524,0.085,-1.895
1998-07-26 10:00:00,3.104,0.753,2.219,-1.435
1998-07-26 11:00:00,3.12,1.375,1.945,-1.594
1998-07-26 12:00:00,2.762,-0.23,1.611,-0.829
1998-07-26 13:00:00,2.876,-2.298,1.119,-0.744
1998-07-26 14:00:00,2.559,-1.882,0.645,-1.441
1998-07-26 15:00:00,2.311,-1.466,0.489,-1.069
1998-07-26 16:00:00,2.249,-1.928,0.763,0.168
1998-07-26 17:00:00,2.044,-1.829,0.641,0.072
1998-07-26 18:00:00,1.936,-1.507,0.925,0.498
1998-07-26 19:00:00,1.633,0.4,0.708,0.079
1998-07-26 20:00:00,2.61,-0.257,1.978,0.092
1998-07-26 21:00:00,2.804,-1.673,1.193,0.73
1998-07-26 22:00:00,3.309,-0.531,1.545,1.268
1998-07-26 23:00:00,3.219,-1.546,1.904,1.927
1998-07-27 00:00:00,3.164,0.295,2.524,0.599
1998-07-27 01:00:00,2.911,-1.007,2.29,0.689
1998-07-27 02:00:00,3.064,-2.832,0.418,0.103
1998-07-27 03:00:00,3.226,-2.942,-0.218,0.441
1998-07-27 04:00:00,3.601,-2.499,-0.02,1.216
1998-07-27 05:00:00,3.843,-3.195,-0.087,1.848
1998-07-27 06:00:00,4.633,-2.609,3.469,1.026
1998-07-27 07:00:00,4.167,-0.123,3.243,-1.598
1998-07-27 08:00:00,4.138,2.08,1.625,-3.101
1998-07-27 09:00:00,4.363,2.091,1.987,-3.064
1998-07-27 10:00:00,4.758,3.429,2.544,-1.851
1998-07-27 11:00:00,4.285,-0.909,2.779,1.528
1998-07-27 12:00:00,4.183,-2.55,0.837,3.025
1998-07-27 13:00:00,3.238,-1.805,-0.085,2.284
1998-07-27 14:00:00,2.402,-0.102,0.757,0.282
1998-07-27 15:00:00,2.199,1.605,1.269,-0.014
1998-07-27 16:00:00,2.089,1.699,-0.343,0.114
1998-07-27 17:00:00,3.453,3.377,-0.398,0.465
1998-07-27 18:00:00,3.551,3.475,-0.438,0.412
1998-07-27 19:00:00,2.89,2.715,-0.352,0.471
1998-07-27 20:00:00,2.306,1.663,1.362,-0.076
1998-07-27 21:00:00,2.751,2.149,1.394,0.606
1998-07-27 22:00:00,3.411,2.974,1.373,0.041
1998-07-27 23:00:00,3.28,2.556,2.014,0.03
1998-07-28 00:00:00,3.627,2.827,2.181,0.252
1998-07-28 01:00:00,3.76,2.56,2.698,0.098
1998-07-28 02:00:00,3.968,2.931,2.536,-0.401
1998-07-28 03:00:00,4.092,3.078,2.56,-0.418
1998-07-28 04:00:00,3.15,1.818,2.321,-0.034
1998-07-28 05:00:00,3.002,1.515,2.169,-0.8
1998-07-28 06:00:00,3.52,0.593,2.51,-2.267
1998-07-28 07:00:00,3.715,1.321,2.839,-1.645
1998-07-28 08:00:00,3.742,1.048,2.871,-1.841
1998-07-28 09:00:00,3.526,2.194,2.019,-1.1
1998-07-28 10:00:00,3.735,2.019,2.078,-1.424
1998-07-28 11:00:00,4.241,-0.463,3.706,-0.477
1998-07-28 12:00:00,4.856,-0.987,3.897,-1.988
1998-07-28 13:00:00,7.957,2.58,6.826,-2.53
1998-07-28 14:00:00,8.458,3.499,5.775,-4.068
1998-07-28 15:00:00,6.036,3.246,4.072,-2.908
1998-07-28 16:00:00,4.79,2.815,3.103,-1.922
1998-07-28 17:00:00,6.102,3.059,4.595,-2.087
1998-07-28 18:00:00,5.694,0.09,3.947,-3.771
1998-07-28 19:00:00,5.575,-0.162,4.435,-3.259
1998-07-28 20:00:00,5.432,-1.143,3.002,-3.936
1998-07-28 21:00:00,4.416,0.52,-1.446,-4.052
1998-07-28 22:00:00,4.4,0.338,-1.842,-3.883
1998-07-28 23:00:00,4.939,0.305,-2.94,-3.882
1998-07-29 00:00:00,5.597,-0.51,-4.558,-3.039
1998-07-29 01:00:00,6.403,-0.024,-4.849,-3.846
1998-07-29 02:00:00,7.719,-0.64,-6.735,-2.369
1998-07-29 03:00:00,8.207,-1.065,-6.966,-3.325
1998-07-29 04:00:00,8.568,-1.996,-5.95,3.73
1998-07-29 05:00:00,9.847,-3.409,-5.186,6.388
1998-07-29 06:00:00,10.678,-1.926,-3.472,9.875
1998-07-29 07:00:00,8.605,-1.644,-2.62,7.351
1998-07-29 08:00:00,5.708,-2.689,-2.855,3.631
1998-07-29 09:00:00,5.818,-3.384,-3.171,2.976
1998-07-29 10:00:00,5.775,-3.447,-4.336,1.463
1998-07-29 11:00:00,6.776,-3.224,-5.725,1.522
1998-07-29 12:00:00,7.168,-2.563,-6.541,1.163
1998-07-29 13:00:00,6.567,-2.083,-5.888,1.38
1998-07-29 14:00:00,4.965,-1.897,-4.192,1.232
1998-07-29 15:00:00,4.909,-3.063,-2.789,2.292
1998-07-29 16:00:00,4.816,-3.303,-1.015,1.993
1998-07-29 17:00:00,4.012,-1.181,3.507,0.327
1998-07-29 18:00:00,3.511,0.273,3.089,-0.381
1998-07-29 19:00:00,5.194,-4.062,1.7,-2.517
1998-07-29 20:00:00,4.78,-3.829,0.595,-2.732
1998-07-29 21:00:00,4.464,-3.566,0.261,-2.612
1998-07-29 22:00:00,3.795,-3.08,-0.794,-1.862
1998-07-29 23:00:00,3.535,-0.147,-2.866,-0.875
1998-07-30 00:00:00,2.834,1.328,-2.335,-0.117
1998-07-30 01:00:00,2.947,2.207,-1.707,-0.356
1998-07-30 02:00:00,2.881,2.108,-1.518,-0.101
1998-07-30 03:00:00,3.31,3.039,-0.917,0.895
1998-07-30 04:00:00,2.933,2.754,-0.705,0.657
1998-07-30 05:00:00,2.993,2.653,-1.177,-0.068
1998-07-30 06:00:00,4.399,3.763,-1.027,1.686
1998-07-30 07:00:00,5.16,4.298,-1.317,2.44
1998-07-30 08:00:00,5.848,3.955,-4.022,1.028
1998-07-30 09:00:00,6.76,4.88,-4.082,1.795
1998-07-30 10:00:00,7.262,5.731,-2.167,3.51
1998-07-30 11:00:00,6.368,4.604,-2.819,2.979
1998-07-30 12:00:00,6.381,5.522,-2.9,0.676
1998-07-30 13:00:00,6.253,4.699,-3.835,-0.275
1998-07-30 14:00:00,4.813,1.896,-3.389,-0.442
1998-07-30 15:00:00,3.89,3.045,-1.482,-0.479
1998-07-30 16:00:00,4.18,3.851,1.263,-0.095
1998-07-30 17:00:00,4.732,3.933,2.2,0.177
1998-07-30 18:00:00,6.922,6.377,-0.518,1.175
1998-07-30 19:00:00,8.199,5.764,-4.166,3.894
1998-07-30 20:00:00,5.726,1.598,-2.951,3.241
1998-07-30 21:00:00,4.261,-1.322,-3.346,-0.434
1998-07-30 22:00:00,7.32,-0.728,-4.583,-0.706
1998-07-30 23:00:00,12.178,-4.66,-3.672,-3.998
1998-07-31 00:00:00,8.879,-2.905,6.904,3.46
1998-07-31 01:00:00,10.085,-6.647,-0.078,-2.351
1998-07-31 02:00:00,8.548,-4.065,-6.954,0.618
1998-07-31 03:00:00,7.878,-4.91,-2.84,-4.005
1998-07-31 04:00:00,7.772,-5.089,0.88,-5.116
1998-07-31 05:00:00,8.162,-0.733,-3.58,-5.13
1998-07-31 06:00:00,7.186,-0.696,-3.136,-4.379
1998-07-31 07:00:00,7.592,-0.03,2.27,-6.983
1998-07-31 08:00:00,8.778,1.178,4.653,-7.215
1998-07-31 09:00:00,13.2,3.039,9.648,-8.222
1998-07-31 10:00:00,15.115,3.312,13.719,-4.911
1998-07-31 11:00:00,16.565,2.014,15.94,-2.895
1998-07-31 12:00:00,16.303,0.478,11.98,8.348
1998-07-31 13:00:00,12.789,0.122,5.135,11.384
1998-07-31 14:00:00,15.949,1.543,11.782,9.955
1998-07-31 15:00:00,12.194,0.238,-2.07,9.402
1998-07-31 16:00:00,12.436,3.97,-9.094,-2.457
1998-07-31 17:00:00,10.007,1.809,-3.626,4.487
1998-07-31 18:00:00,15.021,-0.344,7.571,12.273
1998-07-31 19:00:00,15.232,-2.628,-1.241,14.411
1998-07-31 20:00:00,13.004,-2.73,-7.823,9.162
1998-07-31 21:00:00,11.239,0.306,-3.178,9.529
1998-07-31 22:00:00,11.923,1.538,1.198,11.102
1998-07-31 23:00:00,10.957,2.502,2.312,10.286
1998-08-01 00:00:00,9.413,-0.902,-0.004,9.284
1998-08-01 01:00:00,9.441,-0.333,1.354,9.096
1998-08-01 02:00:00,9.464,0.519,-0.092,9.28
1998-08-01 03:00:00,9.674,-0.652,0.055,9.538
1998-08-01 04:00:00,10.02,-1.532,0.014,9.837
1998-08-01 05:00:00,10.449,-3.655,-0.459,9.511
1998-08-01 06:00:00,8.669,-1.956,-2.592,7.473
1998-08-01 07:00:00,9.401,-1.825,-4.978,7.279
1998-08-01 08:00:00,12.217,-3.676,-2.728,10.525
1998-08-01 09:00:00,12.585,-4.843,-2.786,11.234
1998-08-01 10:00:00,11.578,-4.961,-2.009,10.192
1998-08-01 11:00:00,9.703,-5.07,-3.886,6.597
1998-08-01 12:00:00,7.988,-2.326,-1.439,6.896
1998-08-01 13:00:00,6.318,1.013,-0.65,-3.398
1998-08-01 14:00:00,5.677,-1.936,-4.522,1.699
1998-08-01 15:00:00,8.201,-0.709,-7.893,-1.353
1998-08-01 16:00:00,9.145,-0.854,-8.969,-0.442
1998-08-01 17:00:00,8.419,-0.504,-6.811,-1.304
1998-08-01 18:00:00,9.773,0.768,-9.472,1.063
1998-08-01 19:00:00,9.152,-1.998,-5.993,5.078
1998-08-01 20:00:00,8.257,-2.818,-5.895,4.212
1998-08-01 21:00:00,7.941,-3.317,-4.301,5.77
1998-08-01 22:00:00,7.532,-2.141,-4.62,5.527
1998-08-01 23:00:00,6.919,-1.798,-3.804,5.35
1998-08-02 00:00:00,6.542,-3.183,-4.006,3.994
1998-08-02 01:00:00,6.289,-3.038,-3.209,4.433
1998-08-02 02:00:00,5.926,-3.501,-1.841,4.341
1998-08-02 03:00:00,5.707,-2.799,0.272,4.924
1998-08-02 04:00:00,5.457,-2.686,0.006,4.527
1998-08-02 05:00:00,5.181,-2.658,0.1,4.113
1998-08-02 06:00:00,6.14,-4.202,3.846,1.421
1998-08-02 07:00:00,6.297,-3.925,3.869,1.229
1998-08-02 08:00:00,5.988,-3.534,4.336,0.02
1998-08-02 09:00:00,6.417,-4.334,4.666,-0.46
1998-08-02 10:00:00,6.157,-4.611,3.976,0.557
1998-08-02 11:00:00,6.315,-4.449,4.319,0.581
1998-08-02 12:00:00,6.086,-4.746,3.531,1.01
1998-08-02 13:00:00,6.184,-5.101,3.252,1.01
1998-08-02 14:00:00,5.865,-4.243,3.666,1.667
1998-08-02 15:00:00,5.862,-4.534,3.439,1.123
1998-08-02 16:00:00,5.47,-3.193,3.47,2.657
1998-08-02 17:00:00,4.976,-2.565,3.166,2.614
1998-08-02 18:00:00,5.078,-2.119,3.217,3.21
1998-08-02 19:00:00,4.951,-0.425,3.665,3.073
1998-08-02 20:00:00,5.308,-0.808,3.458,3.886
1998-08-02 21:00:00,4.961,-1.45,2.557,3.947
1998-08-02 22:00:00,4.461,-1.674,1.578,3.791
1998-08-02 23:00:00,4.092,-1.342,1.838,3.356
1998-08-03 00:00:00,3.613,-0.036,1.722,3.078
1998-08-03 01:00:00,3.032,0.104,1.2,2.723
1998-08-03 02:00:00,3.319,0.926,0.552,3.085
1998-08-03 03:00:00,3.149,2.43,0.392,1.542
1998-08-03 04:00:00,3.256,1.424,-1.936,0.625
1998-08-03 05:00:00,4.186,1.271,-3.535,-1.774
1998-08-03 06:00:00,4.133,1.441,-3.077,-2.18
1998-08-03 07:00:00,4.121,0.53,-3.015,-2.605
1998-08-03 08:00:00,4.79,0.605,-4.216,-2.088
1998-08-03 09:00:00,4.873,0.893,-2.729,-1.811
1998-08-03 10:00:00,3.503,0.222,3.398,-0.627
1998-08-03 11:00:00,3.136,0.085,2.666,-0.743
1998-08-03 12:00:00,2.537,0.193,2.277,-0.049
1998-08-03 13:00:00,2.086,0.455,1.279,-0.653
1998-08-03 14:00:00,1.843,0.778,1.443,-0.188
1998-08-03 15:00:00,2.774,0.51,2.001,-1.711
1998-08-03 16:00:00,1.904,0.438,1.183,-0.854
1998-08-03 17:00:00,1.254,0.744,-0.189,-0.067
1998-08-03 18:00:00,2.889,1.16,0.437,-1.546
1998-08-03 19:00:00,3.764,0.413,2.075,1.912
1998-08-03 20:00:00,4.226,0.993,0.797,2.933
1998-08-03 21:00:00,4.113,-0.165,-0.016,1.743
1998-08-03 22:00:00,5.593,0.822,2.518,4.849
1998-08-03 23:00:00,5.937,-0.284,2.398,5.2
1998-08-04 00:00:00,5.372,-0.414,3.359,-0.412
1998-08-04 01:00:00,6.339,-3.412,4.81,-1.151
1998-08-04 02:00:00,6.814,-3.093,2.515,-5.318
1998-08-04 03:00:00,5.284,-1.936,3.093,-2.332
1998-08-04 04:00:00,6.37,-2.585,3.781,-3.488
1998-08-04 05:00:00,7.15,-3.119,6.074,-1.849
1998-08-04 06:00:00,6.856,-2.378,6.197,0.729
1998-08-04 07:00:00,6.733,-1.188,6.372,0.578
1998-08-04 08:00:00,6.703,-0.744,5.878,2.44
1998-08-04 09:00:00,6.407,-0.093,5.259,2.365
1998-08-04 10:00:00,6.288,2.824,1.989,3.328
1998-08-04 11:00:00,6.751,-3.162,5.641,-1.09
1998-08-04 12:00:00,7.368,-3.965,5.661,-2.255
1998-08-04 13:00:00,7.464,-4.536,5.707,-1.271
1998-08-04 14:00:00,7.779,-3.729,6.561,-0.586
1998-08-04 15:00:00,7.993,-1.632,6.933,-1.165
1998-08-04 16:00:00,7.037,-2.492,5.65,-2.744
1998-08-04 17:00:00,6.512,-3.39,3.499,-4.027
1998-08-04 18:00:00,6.557,-2.89,3.059,-4.32
1998-08-04 19:00:00,6.391,-1.43,4.434,-2.679
1998-08-04 20:00:00,6.488,-4.18,4.024,-0.654
1998-08-04 21:00:00,6.03,-1.963,3.675,-3.727
1998-08-04 22:00:00,6.175,0.488,5.826,-0.831
1998-08-04 23:00:00,6.034,-0.506,5.876,-0.09
1998-08-05 00:00:00,5.785,-1.299,5.25,0.405
1998-08-05 01:00:00,5.968,1.402,5.64,0.26
1998-08-05 02:00:00,5.418,1.399,3.403,-1.344
1998-08-05 03:00:00,5.545,-0.24,3.649,-2.817
1998-08-05 04:00:00,5.646,3.439,3.707,-1.988
1998-08-05 05:00:00,5.619,2.629,4.447,-1.231
1998-08-05 06:00:00,4.839,-0.531,1.442,-2.284
1998-08-05 07:00:00,4.365,-2.802,-0.475,-2.434
1998-08-05 08:00:00,4.362,-1.469,2.248,-0.783
1998-08-05 09:00:00,5.346,1.154,3.138,-3.794
1998-08-05 10:00:00,6.127,0.448,5.606,-2.078
1998-08-05 11:00:00,6.451,1.479,4.509,-3.637
1998-08-05 12:00:00,6.505,3.138,4.812,-1.56
1998-08-05 13:00:00,6.638,2.959,5.408,-1.417
1998-08-05 14:00:00,7.008,1.624,4.9,-3.937
1998-08-05 15:00:00,6.329,4.828,3.031,-2.082
1998-08-05 16:00:00,5.736,2.191,4.9,-1.605
1998-08-05 17:00:00,6.125,1.644,5.726,-0.299
1998-08-05 18:00:00,6.508,2.402,5.763,-0.429
1998-08-05 19:00:00,6.764,1.884,5.029,1.582
1998-08-05 20:00:00,7.265,2.906,5.409,1.69
1998-08-05 21:00:00,7.234,3.982,4.817,3.499
1998-08-05 22:00:00,7.524,3.418,5.827,3.124
1998-08-05 23:00:00,8.377,3.952,6.853,-0.335
1998-08-06 00:00:00,9.406,4.818,7.848,1.307
1998-08-06 01:00:00,8.29,-1.048,6.0,-5.388
1998-08-06 02:00:00,8.666,-0.951,5.781,-6.198
1998-08-06 03:00:00,9.023,-2.03,5.807,-6.318
1998-08-06 04:00:00,9.321,-0.113,7.237,-5.818
1998-08-06 05:00:00,10.183,0.082,6.645,-7.657
1998-08-06 06:00:00,12.854,0.192,6.959,-10.74
1998-08-06 07:00:00,20.916,0.867,5.932,-18.815
1998-08-06 08:00:00,20.142,2.133,-0.756,-19.164
1998-08-06 09:00:00,17.776,2.744,-0.936,-16.881
1998-08-06 10:00:00,15.809,1.858,-2.447,-15.036
1998-08-06 11:00:00,12.711,1.488,-4.165,-8.744
1998-08-06 12:00:00,5.919,-2.19,-1.293,-0.19
1998-08-06 13:00:00,11.77,-5.222,7.113,6.598
1998-08-06 14:00:00,11.844,-4.952,9.939,-0.075
1998-08-06 15:00:00,12.594,-8.25,9.289,-0.111
1998-08-06 16:00:00,12.3,-8.474,8.124,0.517
1998-08-06 17:00:00,12.374,-3.798,10.918,-0.14
1998-08-06 18:00:00,11.435,-2.735,10.232,1.806
1998-08-06 19:00:00,12.05,-0.28,11.396,0.888
1998-08-06 20:00:00,14.264,4.019,11.235,-5.811
1998-08-06 21:00:00,14.599,4.155,-2.749,-11.745
1998-08-06 22:00:00,11.45,0.7,3.57,-3.809
1998-08-06 23:00:00,10.998,-3.085,6.752,7.788
1998-08-07 00:00:00,11.412,-2.985,9.079,5.923
1998-08-07 01:00:00,12.706,0.567,9.086,-4.31
1998-08-07 02:00:00,12.459,0.188,6.094,-8.459
1998-08-07 03:00:00,12.741,-1.514,4.613,-9.209
1998-08-07 04:00:00,12.097,-2.272,9.414,2.758
1998-08-07 05:00:00,12.236,-5.981,7.642,6.876
1998-08-07 06:00:00,11.625,-5.425,8.957,2.988
1998-08-07 07:00:00,11.075,-6.321,8.288,2.46
1998-08-07 08:00:00,10.302,-4.4,7.887,-1.846
1998-08-07 09:00:00,8.394,-3.013,4.428,-3.407
1998-08-07 10:00:00,9.286,-3.037,7.246,-0.961
1998-08-07 11:00:00,7.684,1.162,-1.319,-3.855
1998-08-07 12:00:00,8.715,0.735,8.195,0.108
1998-08-07 13:00:00,8.294,-3.055,6.736,1.768
1998-08-07 14:00:00,7.437,0.55,6.714,-0.294
1998-08-07 15:00:00,6.763,-1.824,4.814,0.099
1998-08-07 16:00:00,8.183,0.632,7.532,1.447
1998-08-07 17:00:00,7.734,-0.852,6.134,4.209
1998-08-07 18:00:00,7.489,-3.54,6.062,0.877
1998-08-07 19:00:00,7.672,1.424,6.261,2.387
1998-08-07 20:00:00,7.599,-0.566,6.597,1.147
1998-08-07 21:00:00,7.261,0.803,6.58,0.696
1998-08-07 22:00:00,7.192,4.667,3.812,3.012
1998-08-07 23:00:00,6.86,1.773,5.965,2.221
1998-08-08 00:00:00,6.777,0.705,6.521,0.967
1998-08-08 01:00:00,6.067,-3.271,3.241,-0.991
1998-08-08 02:00:00,5.368,-4.709,-1.21,-2.14
1998-08-08 03:00:00,5.068,-4.702,-0.291,-1.805
1998-08-08 04:00:00,5.226,-4.958,0.135,-1.57
1998-08-08 05:00:00,5.534,-5.227,0.011,-1.771
1998-08-08 06:00:00,5.631,-5.216,-0.073,-2.034
1998-08-08 07:00:00,5.377,-5.025,0.494,-1.771
1998-08-08 08:00:00,5.692,-5.285,-0.169,-1.98
1998-08-08 09:00:00,5.753,-4.95,0.828,-2.322
1998-08-08 10:00:00,5.833,-3.899,3.289,-2.579
1998-08-08 11:00:00,6.264,-5.076,2.354,-2.579
1998-08-08 12:00:00,6.525,-4.708,3.391,-2.25
1998-08-08 13:00:00,6.542,-4.787,3.807,-1.837
1998-08-08 14:00:00,6.55,-5.911,1.515,-2.154
1998-08-08 15:00:00,6.521,-5.905,2.047,-1.376
1998-08-08 16:00:00,6.401,-5.439,3.26,-0.186
1998-08-08 17:00:00,6.424,-4.854,4.116,0.801
1998-08-08 18:00:00,6.331,-5.078,3.604,1.059
1998-08-08 19:00:00,6.277,-4.814,3.535,1.793
1998-08-08 20:00:00,6.304,-2.944,4.786,2.722
1998-08-08 21:00:00,6.179,-3.258,4.444,2.76
1998-08-08 22:00:00,6.199,-2.91,4.63,2.888
1998-08-08 23:00:00,6.177,-2.814,4.476,3.178
1998-08-09 00:00:00,6.207,-2.613,4.57,3.242
1998-08-09 01:00:00,6.214,-2.321,4.851,3.087
1998-08-09 02:00:00,5.901,-2.555,4.63,2.575
1998-08-09 03:00:00,5.765,-2.933,4.509,2.018
1998-08-09 04:00:00,5.87,-4.162,3.72,1.723
1998-08-09 05:00:00,5.824,-3.495,4.41,1.44
1998-08-09 06:00:00,5.752,-3.359,4.593,0.781
1998-08-09 07:00:00,5.87,-3.546,4.457,1.255
1998-08-09 08:00:00,5.923,-2.623,5.238,0.534
1998-08-09 09:00:00,6.142,-2.202,5.649,0.782
1998-08-09 10:00:00,6.459,-3.655,5.256,0.223
1998-08-09 11:00:00,6.342,-2.907,5.513,0.122
1998-08-09 12:00:00,5.863,-2.229,5.348,0.398
1998-08-09 13:00:00,5.088,-1.059,4.887,0.689
1998-08-09 14:00:00,5.048,0.969,4.664,1.495
1998-08-09 15:00:00,5.223,-1.509,4.675,1.081
1998-08-09 16:00:00,5.358,-3.715,3.709,0.405
1998-08-09 17:00:00,5.344,-4.638,1.929,-0.861
1998-08-09 18:00:00,5.151,-4.858,1.328,-0.918
1998-08-09 19:00:00,4.99,-4.756,1.36,-0.218
1998-08-09 20:00:00,4.866,-4.527,1.575,0.62
1998-08-09 21:00:00,4.671,-4.235,1.329,1.283
1998-08-09 22:00:00,4.574,-4.352,0.698,1.044
1998-08-09 23:00:00,4.702,-4.488,0.875,0.596
1998-08-10 00:00:00,9.972,-7.54,6.021,-0.65
1998-08-10 01:00:00,8.58,-5.598,6.066,-0.92
1998-08-10 02:00:00,6.838,-5.999,-0.225,0.363
1998-08-10 03:00:00,7.316,1.852,-5.53,-1.038
1998-08-10 04:00:00,5.264,-2.548,1.765,2.67
1998-08-10 05:00:00,5.791,-4.702,-0.185,1.877
1998-08-10 06:00:00,6.239,-3.683,3.388,-0.923
1998-08-10 07:00:00,6.285,-5.021,2.552,0.51
1998-08-10 08:00:00,8.834,-8.505,1.817,0.871
1998-08-10 09:00:00,9.955,-9.662,1.144,-0.407
1998-08-10 10:00:00,10.344,-8.862,-4.789,0.267
1998-08-10 11:00:00,10.458,-8.121,-5.858,-2.868
1998-08-10 12:00:00,8.709,-4.2,-5.811,-1.59
1998-08-10 13:00:00,10.281,8.485,-0.058,4.516
1998-08-10 14:00:00,10.529,8.466,-0.164,6.202
1998-08-10 15:00:00,9.614,8.686,0.873,3.76
1998-08-10 16:00:00,9.091,7.185,2.712,1.887
1998-08-10 17:00:00,8.178,7.317,-1.122,-2.985
1998-08-10 18:00:00,7.387,5.995,-0.339,-4.203
1998-08-10 19:00:00,7.11,5.495,0.968,-4.373
1998-08-10 20:00:00,6.774,5.938,-1.067,-2.76
1998-08-10 21:00:00,6.456,5.262,-2.429,-2.735
1998-08-10 22:00:00,3.923,1.057,-1.868,-1.06
1998-08-10 23:00:00,2.632,-2.153,-0.506,0.071
1998-08-11 00:00:00,2.764,-2.586,0.12,-0.58
1998-08-11 01:00:00,3.413,-3.352,0.241,0.03
1998-08-11 02:00:00,3.939,-3.699,-0.363,1.056
1998-08-11 03:00:00,4.035,-3.726,0.123,1.433
1998-08-11 04:00:00,3.758,-3.527,0.753,0.897
1998-08-11 05:00:00,3.61,-3.33,0.682,0.619
1998-08-11 06:00:00,3.638,-3.468,0.738,-0.33
1998-08-11 07:00:00,2.517,-1.881,1.01,0.145
1998-08-11 08:00:00,2.344,-1.684,0.167,-1.284
1998-08-11 09:00:00,2.418,-1.966,0.093,-1.18
1998-08-11 10:00:00,3.594,-2.213,-1.698,-2.161
1998-08-11 11:00:00,3.716,-2.682,-1.461,-2.048
1998-08-11 12:00:00,2.686,-1.376,-1.096,-1.651
1998-08-11 13:00:00,3.43,-2.781,1.056,-0.997
1998-08-11 14:00:00,3.973,-3.118,-0.794,-2.121
1998-08-11 15:00:00,4.994,-2.878,-2.712,-2.971
1998-08-11 16:00:00,4.818,-2.112,-2.907,-3.17
1998-08-11 17:00:00,3.938,-1.54,-1.893,-2.953
1998-08-11 18:00:00,3.492,-2.239,-1.386,-1.779
1998-08-11 19:00:00,3.221,-1.81,-1.284,-1.844
1998-08-11 20:00:00,5.597,-4.627,0.819,-2.972
1998-08-11 21:00:00,6.481,-5.598,2.268,-2.24
1998-08-11 22:00:00,6.114,-1.394,1.516,2.966
1998-08-11 23:00:00,6.79,-3.377,3.797,-0.105
1998-08-12 00:00:00,9.743,-6.467,6.5,2.4
1998-08-12 01:00:00,10.085,-3.607,2.15,-3.66
1998-08-12 02:00:00,11.887,-6.843,9.302,2.735
1998-08-12 03:00:00,12.091,-7.426,8.397,4.235
1998-08-12 04:00:00,9.587,-6.369,5.77,0.099
1998-08-12 05:00:00,10.008,-7.319,6.268,2.141
1998-08-12 06:00:00,8.719,-6.056,4.29,4.213
1998-08-12 07:00:00,7.991,-6.189,4.655,1.38
1998-08-12 08:00:00,8.077,-5.082,5.487,2.458
1998-08-12 09:00:00,7.402,-4.877,4.848,2.645
1998-08-12 10:00:00,6.83,-4.463,4.246,2.888
1998-08-12 11:00:00,6.269,-4.143,3.952,2.467
1998-08-12 12:00:00,5.946,-2.94,3.891,3.174
1998-08-12 13:00:00,6.374,-1.725,3.88,4.69
1998-08-12 14:00:00,7.6,0.498,1.768,6.801
1998-08-12 15:00:00,7.373,0.536,1.573,7.015
1998-08-12 16:00:00,7.128,1.8,-0.165,6.693
1998-08-12 17:00:00,6.793,-0.728,-0.179,6.558
1998-08-12 18:00:00,6.726,-0.757,0.482,6.479
1998-08-12 19:00:00,6.546,2.414,-1.524,5.61
1998-08-12 20:00:00,6.106,-0.774,0.545,-0.301
1998-08-12 21:00:00,6.391,-2.456,2.374,-5.28
1998-08-12 22:00:00,5.975,-4.075,2.82,-2.959
1998-08-12 23:00:00,5.596,-3.702,2.527,0.239
1998-08-13 00:00:00,6.313,-4.859,3.361,-1.908
1998-08-13 01:00:00,6.191,-4.645,3.128,-2.103
1998-08-13 02:00:00,5.712,-4.057,3.827,0.409
1998-08-13 03:00:00,6.13,-3.898,3.622,2.572
1998-08-13 04:00:00,6.17,-1.713,2.855,4.769
1998-08-13 05:00:00,5.265,-1.463,0.702,-2.841
1998-08-13 06:00:00,5.599,-3.498,2.161,-3.17
1998-08-13 07:00:00,6.241,-3.632,4.064,-2.932
1998-08-13 08:00:00,6.173,-3.216,4.9,-1.741
1998-08-13 09:00:00,6.609,-2.433,6.082,0.365
1998-08-13 10:00:00,7.242,-0.626,6.547,2.278
1998-08-13 11:00:00,7.179,-1.167,6.636,2.066
1998-08-13 12:00:00,7.263,-2.613,6.524,0.878
1998-08-13 13:00:00,5.473,1.872,-0.051,2.828
1998-08-13 14:00:00,8.106,4.721,-4.932,4.073
1998-08-13 15:00:00,8.511,5.045,-4.414,5.103
1998-08-13 16:00:00,8.645,6.133,-3.326,4.951
1998-08-13 17:00:00,8.734,6.844,-2.327,4.818
1998-08-13 18:00:00,8.351,6.739,-2.44,4.05
1998-08-13 19:00:00,8.471,6.855,-1.613,4.667
1998-08-13 20:00:00,8.469,6.368,-0.348,5.415
1998-08-13 21:00:00,8.294,5.373,1.916,5.939
1998-08-13 22:00:00,8.148,5.0,-1.523,6.016
1998-08-13 23:00:00,8.305,5.218,-3.626,4.92
1998-08-14 00:00:00,8.347,5.3,-4.785,4.254
1998-08-14 01:00:00,8.86,4.671,-6.996,0.774
1998-08-14 02:00:00,8.943,5.851,-6.481,0.606
1998-08-14 03:00:00,8.477,6.075,-4.446,2.881
1998-08-14 04:00:00,7.443,5.557,-3.662,-0.272
1998-08-14 05:00:00,6.928,1.808,-5.583,-3.348
1998-08-14 06:00:00,8.573,5.031,-0.1,2.514
1998-08-14 07:00:00,7.762,3.566,0.855,4.373
1998-08-14 08:00:00,6.836,4.407,-1.711,-2.595
1998-08-14 09:00:00,6.59,5.5,1.304,0.747
1998-08-14 10:00:00,6.907,3.286,-4.167,-1.194
1998-08-14 11:00:00,6.608,0.484,-2.488,-5.793
1998-08-14 12:00:00,6.261,0.554,-1.912,-5.494
1998-08-14 13:00:00,7.125,1.239,-2.932,-5.175
1998-08-14 14:00:00,7.797,1.548,-6.469,-2.843
1998-08-14 15:00:00,6.734,2.81,-5.03,-1.194
1998-08-14 16:00:00,7.049,3.328,-5.684,-2.002
1998-08-14 17:00:00,7.005,4.581,-4.196,-1.427
1998-08-14 18:00:00,7.16,5.754,-4.059,0.731
1998-08-14 19:00:00,6.645,5.942,-2.312,1.665
1998-08-14 20:00:00,6.438,5.877,-0.737,2.381
1998-08-14 21:00:00,7.641,6.518,-0.62,3.402
1998-08-14 22:00:00,7.629,6.506,-1.17,3.292
1998-08-14 23:00:00,7.817,6.774,0.076,3.466
1998-08-15 00:00:00,7.347,6.557,-0.19,3.219
1998-08-15 01:00:00,7.192,6.459,1.527,2.61
1998-08-15 02:00:00,6.485,5.402,2.921,1.817
1998-08-15 03:00:00,6.553,5.872,2.598,0.943
1998-08-15 04:00:00,6.485,6.163,1.864,0.628
1998-08-15 05:00:00,6.25,6.015,1.542,-0.12
1998-08-15 06:00:00,6.268,6.216,0.619,0.246
1998-08-15 07:00:00,6.49,6.354,0.975,0.359
1998-08-15 08:00:00,6.706,5.931,1.185,-2.664
1998-08-15 09:00:00,6.245,5.317,-2.668,-1.429
1998-08-15 10:00:00,6.137,5.312,-2.656,-1.371
1998-08-15 11:00:00,5.803,4.721,-3.153,-0.616
1998-08-15 12:00:00,4.327,4.127,-0.832,-0.244
1998-08-15 13:00:00,4.44,2.45,-1.24,-0.744
1998-08-15 14:00:00,6.167,-2.35,4.351,-3.508
1998-08-15 15:00:00,6.48,-1.511,5.717,-2.272
1998-08-15 16:00:00,6.488,-2.151,5.928,-1.09
1998-08-15 17:00:00,6.409,-1.486,5.123,-3.042
1998-08-15 18:00:00,6.431,-0.334,4.453,-4.252
1998-08-15 19:00:00,6.53,-0.496,5.831,-2.636
1998-08-15 20:00:00,5.96,-4.146,1.071,2.76
1998-08-15 21:00:00,5.698,-4.468,1.987,2.455
1998-08-15 22:00:00,6.686,-5.393,3.287,1.876
1998-08-15 23:00:00,7.0,-4.413,5.058,0.775
1998-08-16 00:00:00,7.198,-4.642,5.355,0.35
1998-08-16 01:00:00,7.169,-4.569,5.202,0.234
1998-08-16 02:00:00,7.097,-3.228,6.194,-0.091
1998-08-16 03:00:00,7.27,-5.194,4.827,-0.109
1998-08-16 04:00:00,7.279,-5.04,5.089,0.049
1998-08-16 05:00:00,7.114,-4.321,4.578,-1.372
1998-08-16 06:00:00,7.115,-4.42,5.136,1.749
1998-08-16 07:00:00,7.059,-3.118,6.051,1.538
1998-08-16 08:00:00,6.902,-5.019,3.581,-0.002
1998-08-16 09:00:00,6.738,-5.485,2.859,0.029
1998-08-16 10:00:00,6.997,-2.221,6.259,1.94
1998-08-16 11:00:00,6.945,-2.825,5.851,2.04
1998-08-16 12:00:00,6.935,-3.654,5.177,2.722
1998-08-16 13:00:00,7.059,-3.506,5.066,2.965
1998-08-16 14:00:00,7.539,-3.354,5.121,-1.787
1998-08-16 15:00:00,7.295,-4.52,5.368,0.757
1998-08-16 16:00:00,7.367,-5.684,4.271,0.752
1998-08-16 17:00:00,7.19,-5.239,4.447,1.463
1998-08-16 18:00:00,6.984,-4.267,3.797,3.871
1998-08-16 19:00:00,6.844,-3.91,2.827,4.661
1998-08-16 20:00:00,6.335,-3.449,2.291,4.488
1998-08-16 21:00:00,6.596,-5.25,3.592,1.378
1998-08-16 22:00:00,6.615,-5.251,3.877,0.347
1998-08-16 23:00:00,6.691,-5.56,3.198,1.238
1998-08-17 00:00:00,7.008,-6.076,3.183,-0.031
1998-08-17 01:00:00,7.165,-6.005,3.362,-1.376
1998-08-17 02:00:00,7.158,-6.102,3.398,0.707
1998-08-17 03:00:00,7.327,-5.73,4.077,-0.897
1998-08-17 04:00:00,7.27,-5.669,3.781,-1.269
1998-08-17 05:00:00,7.101,-5.881,3.362,-0.106
1998-08-17 06:00:00,7.319,-5.857,4.005,1.318
1998-08-17 07:00:00,7.327,-5.739,4.312,-0.287
1998-08-17 08:00:00,7.312,-6.25,3.205,0.266
1998-08-17 09:00:00,7.179,-6.571,2.422,-1.119
1998-08-17 10:00:00,7.204,-6.051,3.737,-0.241
1998-08-17 11:00:00,7.154,-5.073,4.881,0.692
1998-08-17 12:00:00,7.164,-3.845,5.623,1.585
1998-08-17 13:00:00,7.178,-3.842,5.674,1.149
1998-08-17 14:00:00,7.452,-4.588,5.695,0.298
1998-08-17 15:00:00,7.635,-5.821,4.794,0.773
1998-08-17 16:00:00,7.796,-6.34,4.389,0.366
1998-08-17 17:00:00,7.738,-6.689,3.829,-0.168
1998-08-17 18:00:00,7.607,-6.643,3.518,-0.949
1998-08-17 19:00:00,7.429,-6.085,4.198,-0.362
1998-08-17 20:00:00,7.337,-5.978,4.079,-0.64
1998-08-17 21:00:00,7.334,-5.821,4.357,0.648
1998-08-17 22:00:00,7.183,-5.727,4.262,-0.095
1998-08-17 23:00:00,7.246,-5.251,4.866,-0.009
1998-08-18 00:00:00,7.437,-6.552,3.31,-0.871
1998-08-18 01:00:00,7.682,-6.719,3.474,-0.712
1998-08-18 02:00:00,7.724,-5.608,4.857,-1.493
1998-08-18 03:00:00,7.626,-5.434,4.817,-1.138
1998-08-18 04:00:00,7.512,-5.376,3.819,-3.47
1998-08-18 05:00:00,7.418,-5.044,3.324,-4.244
1998-08-18 06:00:00,7.365,-5.398,3.604,-3.454
1998-08-18 07:00:00,7.287,-5.423,3.018,-3.727
1998-08-18 08:00:00,7.068,-5.221,1.362,-4.454
1998-08-18 09:00:00,6.998,-5.38,1.946,-3.95
1998-08-18 10:00:00,6.952,-5.31,1.397,-4.168
1998-08-18 11:00:00,6.949,-5.434,1.593,-3.707
1998-08-18 12:00:00,7.027,-5.499,2.296,-3.563
1998-08-18 13:00:00,6.913,-5.159,1.654,-4.234
1998-08-18 14:00:00,6.888,-5.735,1.381,-3.03
1998-08-18 15:00:00,6.637,-5.517,1.166,-3.076
1998-08-18 16:00:00,6.56,-5.329,1.878,-2.103
1998-08-18 17:00:00,6.791,-4.598,3.252,-3.366
1998-08-18 18:00:00,6.737,-4.412,4.299,-2.371
1998-08-18 19:00:00,6.706,-3.564,4.342,-2.863
1998-08-18 20:00:00,6.653,-3.312,4.887,-2.364
1998-08-18 21:00:00,6.612,-3.135,5.35,-1.46
1998-08-18 22:00:00,6.525,-4.208,4.535,-1.115
1998-08-18 23:00:00,6.305,-4.52,4.028,-1.606
1998-08-19 00:00:00,3.515,-1.436,1.665,-1.842
1998-08-19 01:00:00,1.934,-0.126,-1.322,-1.335
1998-08-19 02:00:00,2.45,-0.206,-1.59,-1.778
1998-08-19 03:00:00,1.294,0.17,-0.54,-0.069
1998-08-19 04:00:00,1.732,-0.072,-1.148,-0.68
1998-08-19 05:00:00,3.707,0.264,-2.507,-2.345
1998-08-19 06:00:00,3.679,0.571,-2.103,-2.011
1998-08-19 07:00:00,3.49,0.551,-2.137,1.969
1998-08-19 08:00:00,4.143,0.227,-2.563,2.384
1998-08-19 09:00:00,3.923,1.537,-2.973,-1.421
1998-08-19 10:00:00,3.741,0.548,-1.261,-3.055
1998-08-19 11:00:00,3.279,-0.447,-0.561,-2.486
1998-08-19 12:00:00,3.346,-0.702,0.717,-2.743
1998-08-19 13:00:00,3.362,-1.952,0.821,-2.378
1998-08-19 14:00:00,3.662,-2.252,-0.072,-2.793
1998-08-19 15:00:00,3.828,-2.807,-0.068,-1.925
1998-08-19 16:00:00,4.11,-2.733,-0.19,-1.874
1998-08-19 17:00:00,6.357,-2.313,1.746,-5.553
1998-08-19 18:00:00,8.709,-3.152,1.635,-7.74
1998-08-19 19:00:00,9.693,-3.482,1.494,-8.102
1998-08-19 20:00:00,11.672,-5.392,2.57,-9.336
1998-08-19 21:00:00,13.457,-6.983,7.374,-8.587
1998-08-19 22:00:00,12.486,-8.293,7.613,-4.79
1998-08-19 23:00:00,11.043,-6.685,7.789,-0.373
1998-08-20 00:00:00,10.947,-5.935,4.539,7.122
1998-08-20 01:00:00,10.592,-5.606,8.184,2.403
1998-08-20 02:00:00,11.306,-5.573,8.25,4.871
1998-08-20 03:00:00,10.594,-4.972,6.569,2.973
1998-08-20 04:00:00,9.058,-1.718,3.747,-2.285
1998-08-20 05:00:00,6.044,2.001,2.515,-2.406
1998-08-20 06:00:00,6.28,2.687,-3.086,-4.518
1998-08-20 07:00:00,7.652,2.866,-4.606,-5.138
1998-08-20 08:00:00,12.855,4.706,-6.851,-9.676
1998-08-20 09:00:00,13.914,6.001,-7.02,-10.375
1998-08-20 10:00:00,13.274,5.866,-8.559,-8.111
1998-08-20 11:00:00,13.8,6.157,-9.848,-7.158
1998-08-20 12:00:00,14.088,6.592,-9.264,-8.103
1998-08-20 13:00:00,14.81,7.134,-8.339,-9.73
1998-08-20 14:00:00,15.093,6.584,-9.985,-9.136
1998-08-20 15:00:00,15.642,6.668,-10.667,-9.278
1998-08-20 16:00:00,15.385,7.286,-10.34,-8.641
1998-08-20 17:00:00,15.695,8.478,-10.957,-7.304
1998-08-20 18:00:00,16.106,9.172,-11.555,-6.364
1998-08-20 19:00:00,16.853,9.041,-12.503,-6.632
1998-08-20 20:00:00,17.124,9.886,-12.838,-5.499
1998-08-20 21:00:00,16.834,9.229,-13.481,-4.004
1998-08-20 22:00:00,16.945,8.668,-14.452,-1.128
1998-08-20 23:00:00,16.226,5.746,-14.479,3.973
1998-08-21 00:00:00,16.066,4.57,-13.752,6.843
1998-08-21 01:00:00,15.298,3.593,-12.672,7.709
1998-08-21 02:00:00,14.482,3.097,-11.819,7.664
1998-08-21 03:00:00,13.813,3.89,-11.01,7.234
1998-08-21 04:00:00,14.119,1.765,-9.593,9.86
1998-08-21 05:00:00,13.858,0.382,-7.225,11.751
1998-08-21 06:00:00,12.494,-1.821,-4.167,11.567
1998-08-21 07:00:00,12.345,-3.652,-2.935,11.363
1998-08-21 08:00:00,12.032,-3.877,-1.701,11.222
1998-08-21 09:00:00,11.423,-4.538,0.493,10.359
1998-08-21 10:00:00,10.603,-5.423,-0.622,8.998
1998-08-21 11:00:00,10.393,-5.079,-1.282,8.919
1998-08-21 12:00:00,10.075,-6.019,-0.883,7.923
1998-08-21 13:00:00,9.971,-5.648,1.101,8.044
1998-08-21 14:00:00,9.594,-4.269,0.335,8.576
1998-08-21 15:00:00,9.363,-5.019,0.831,7.841
1998-08-21 16:00:00,9.007,-5.094,1.965,7.145
1998-08-21 17:00:00,8.421,-4.269,2.791,6.655
1998-08-21 18:00:00,7.923,-3.06,3.112,6.561
1998-08-21 19:00:00,6.418,0.005,-0.916,-0.584
1998-08-21 20:00:00,5.925,2.724,-1.48,-4.311
1998-08-21 21:00:00,3.52,1.955,-1.353,-1.733
1998-08-21 22:00:00,1.95,0.001,-0.211,0.643
1998-08-21 23:00:00,1.839,-0.717,0.604,1.504
1998-08-22 00:00:00,2.188,-0.56,0.966,1.828
1998-08-22 01:00:00,4.583,-2.745,2.485,1.637
1998-08-22 02:00:00,4.92,-1.134,3.197,-3.156
1998-08-22 03:00:00,5.512,-1.895,4.211,-1.548
1998-08-22 04:00:00,7.068,-3.362,1.816,-4.785
1998-08-22 05:00:00,9.079,-5.083,4.665,-4.661
1998-08-22 06:00:00,9.716,1.058,-1.907,-8.693
1998-08-22 07:00:00,7.637,-2.886,0.957,-6.648
1998-08-22 08:00:00,6.552,-2.828,0.05,-5.68
1998-08-22 09:00:00,5.24,-0.885,0.001,-5.016
1998-08-22 10:00:00,6.012,0.967,-0.918,-4.929
1998-08-22 11:00:00,7.601,2.672,0.315,-6.81
1998-08-22 12:00:00,8.559,1.491,0.059,-6.495
1998-08-22 13:00:00,7.866,-1.16,2.264,-4.587
1998-08-22 14:00:00,7.263,4.673,-4.054,-3.065
1998-08-22 15:00:00,10.179,-0.55,2.199,-4.859
1998-08-22 16:00:00,10.758,-5.503,7.057,-5.324
1998-08-22 17:00:00,8.327,-2.619,3.97,-6.35
1998-08-22 18:00:00,9.17,-4.178,4.046,-2.681
1998-08-22 19:00:00,10.746,-7.366,4.904,5.566
1998-08-22 20:00:00,11.291,-5.78,7.006,2.767
1998-08-22 21:00:00,10.001,-2.919,7.603,-4.57
1998-08-22 22:00:00,7.52,0.606,3.017,-3.393
1998-08-22 23:00:00,8.115,-1.578,2.728,-2.64
1998-08-23 00:00:00,8.154,1.66,0.53,-3.739
1998-08-23 01:00:00,7.614,-3.216,3.821,1.717
1998-08-23 02:00:00,8.543,-3.555,6.614,-0.548
1998-08-23 03:00:00,11.962,-7.102,7.184,4.936
1998-08-23 04:00:00,12.747,-8.586,8.188,4.053
1998-08-23 05:00:00,12.504,-8.174,7.969,3.895
1998-08-23 06:00:00,8.989,-2.073,5.451,-2.959
1998-08-23 07:00:00,8.734,-2.52,5.589,-2.639
1998-08-23 08:00:00,9.819,-5.473,7.295,0.524
1998-08-23 09:00:00,7.655,-4.684,3.837,3.954
1998-08-23 10:00:00,4.956,-2.813,2.758,-0.339
1998-08-23 11:00:00,5.766,1.351,2.027,-4.686
1998-08-23 12:00:00,5.24,-1.51,2.512,-0.593
1998-08-23 13:00:00,4.747,-0.293,2.411,-2.619
1998-08-23 14:00:00,4.892,-4.039,1.057,-0.38
1998-08-23 15:00:00,5.326,-4.641,0.901,-0.503
1998-08-23 16:00:00,5.727,-3.676,3.378,-0.198
1998-08-23 17:00:00,5.653,-4.382,0.485,1.425
1998-08-23 18:00:00,5.428,2.172,4.121,-1.18
1998-08-23 19:00:00,5.351,-0.297,4.191,-0.211
1998-08-23 20:00:00,5.449,-3.712,2.251,2.229
1998-08-23 21:00:00,4.77,-2.643,3.186,1.225
1998-08-23 22:00:00,4.525,-3.499,2.533,0.946
1998-08-23 23:00:00,4.73,-3.717,2.157,0.726
1998-08-24 00:00:00,4.516,-3.514,2.605,0.038
1998-08-24 01:00:00,4.405,-3.238,2.565,-1.046
1998-08-24 02:00:00,4.389,-3.52,2.385,-1.011
1998-08-24 03:00:00,3.553,-2.58,1.646,-1.4
1998-08-24 04:00:00,3.562,-0.279,1.117,-2.688
1998-08-24 05:00:00,3.951,0.34,2.458,-2.908
1998-08-24 06:00:00,4.074,0.68,1.818,-2.225
1998-08-24 07:00:00,4.126,-3.715,1.277,-0.326
1998-08-24 08:00:00,3.405,-1.05,-1.239,-2.345
1998-08-24 09:00:00,3.64,-3.262,-0.452,-0.765
1998-08-24 10:00:00,4.087,-2.035,2.01,-1.742
1998-08-24 11:00:00,4.216,-1.811,1.273,-2.526
1998-08-24 12:00:00,4.409,-2.932,2.266,0.651
1998-08-24 13:00:00,4.347,-1.908,2.384,-1.76
1998-08-24 14:00:00,4.26,-1.68,2.441,-1.546
1998-08-24 15:00:00,4.874,-3.71,2.318,-1.201
1998-08-24 16:00:00,5.127,-4.523,2.049,-0.588
1998-08-24 17:00:00,5.114,-3.568,2.868,-1.932
1998-08-24 18:00:00,4.705,-0.555,3.205,-2.91
1998-08-24 19:00:00,4.872,0.623,2.707,-3.768
1998-08-24 20:00:00,5.066,-1.254,3.8,-2.564
1998-08-24 21:00:00,5.754,0.592,5.403,-1.525
1998-08-24 22:00:00,6.404,2.344,2.67,-4.303
1998-08-24 23:00:00,6.754,2.118,4.353,-4.287
1998-08-25 00:00:00,6.704,-2.546,5.961,-1.225
1998-08-25 01:00:00,6.391,-2.546,5.391,-1.849
1998-08-25 02:00:00,6.433,-3.94,4.182,-1.492
1998-08-25 03:00:00,5.952,-5.081,2.595,0.829
1998-08-25 04:00:00,6.77,-5.916,1.99,2.474
1998-08-25 05:00:00,6.476,-5.135,-1.36,2.645
1998-08-25 06:00:00,6.927,-3.604,-0.742,2.885
1998-08-25 07:00:00,7.194,-5.913,3.385,-0.196
1998-08-25 08:00:00,7.353,-6.427,-1.014,3.022
1998-08-25 09:00:00,7.438,0.367,-3.18,6.633
1998-08-25 10:00:00,7.336,-4.916,-0.241,4.123
1998-08-25 11:00:00,6.539,-4.292,-0.073,3.526
1998-08-25 12:00:00,5.881,-2.429,0.032,1.745
1998-08-25 13:00:00,6.894,-5.238,3.829,0.804
1998-08-25 14:00:00,6.621,-5.038,3.973,0.734
1998-08-25 15:00:00,5.646,-4.571,2.909,-0.516
1998-08-25 16:00:00,4.966,-1.815,2.07,-2.973
1998-08-25 17:00:00,6.727,-2.325,5.66,-1.429
1998-08-25 18:00:00,6.59,-4.134,4.69,-0.27
1998-08-25 19:00:00,6.374,-4.607,3.716,-1.007
1998-08-25 20:00:00,6.256,-4.905,3.041,-0.518
1998-08-25 21:00:00,6.18,-5.09,3.369,-0.769
1998-08-25 22:00:00,5.852,-4.553,2.753,-2.186
1998-08-25 23:00:00,6.222,-4.076,4.542,-0.413
1998-08-26 00:00:00,6.719,-4.093,3.944,0.815
1998-08-26 01:00:00,5.598,-2.374,3.975,-1.752
1998-08-26 02:00:00,4.813,-1.744,2.662,-1.129
1998-08-26 03:00:00,5.156,-1.389,4.052,-1.041
1998-08-26 04:00:00,5.726,-3.161,3.858,1.685
1998-08-26 05:00:00,5.407,-1.214,3.788,-0.604
1998-08-26 06:00:00,13.987,-7.576,5.663,6.561
1998-08-26 07:00:00,17.672,-11.823,6.802,7.383
1998-08-26 08:00:00,15.903,-6.93,1.458,11.039
1998-08-26 09:00:00,15.796,-3.406,10.063,-8.555
1998-08-26 10:00:00,13.624,-1.445,10.612,-5.459
1998-08-26 11:00:00,8.873,-0.09,6.04,-4.5
1998-08-26 12:00:00,9.083,-1.396,7.126,-4.625
1998-08-26 13:00:00,11.197,1.919,9.955,-3.773
1998-08-26 14:00:00,11.102,2.735,7.189,-7.21
1998-08-26 15:00:00,9.218,-1.203,1.247,3.168
1998-08-26 16:00:00,8.638,2.218,-0.159,-4.876
1998-08-26 17:00:00,8.758,0.989,6.512,-3.281
1998-08-26 18:00:00,8.115,0.132,1.492,-3.841
1998-08-26 19:00:00,8.688,-3.357,7.77,-0.302
1998-08-26 20:00:00,8.289,-0.48,7.778,0.739
1998-08-26 21:00:00,12.747,7.281,7.415,-0.965
1998-08-26 22:00:00,17.047,10.887,8.078,-8.585
1998-08-26 23:00:00,17.205,13.032,2.337,-9.251
1998-08-27 00:00:00,16.609,10.779,6.259,-10.4
1998-08-27 01:00:00,14.898,9.316,5.757,-9.908
1998-08-27 02:00:00,14.602,8.281,5.922,-9.315
1998-08-27 03:00:00,13.473,7.109,8.309,-6.327
1998-08-27 04:00:00,11.574,-2.605,9.851,1.624
1998-08-27 05:00:00,14.832,4.274,5.526,-7.858
1998-08-27 06:00:00,16.412,5.678,3.741,-14.492
1998-08-27 07:00:00,15.826,5.097,2.53,-14.44
1998-08-27 08:00:00,15.854,6.894,4.056,-13.656
1998-08-27 09:00:00,16.217,7.751,3.475,-13.794
1998-08-27 10:00:00,15.969,8.633,3.217,-13.024
1998-08-27 11:00:00,14.987,6.246,3.348,-12.948
1998-08-27 12:00:00,14.095,-1.098,7.451,-11.619
1998-08-27 13:00:00,14.265,1.258,6.878,-12.278
1998-08-27 14:00:00,13.812,1.161,6.863,-11.709
1998-08-27 15:00:00,14.263,1.604,6.574,-12.12
1998-08-27 16:00:00,13.71,0.05,7.059,-11.189
1998-08-27 17:00:00,13.734,-1.891,6.249,-11.6
1998-08-27 18:00:00,12.82,-3.786,3.776,-11.336
1998-08-27 19:00:00,11.736,-4.114,3.854,-9.832
1998-08-27 20:00:00,10.994,-3.769,5.536,-6.456
1998-08-27 21:00:00,11.459,-4.904,8.577,-2.294
1998-08-27 22:00:00,11.142,-6.508,6.28,1.915
1998-08-27 23:00:00,10.583,-5.368,4.412,3.444
1998-08-28 00:00:00,7.907,-6.187,3.078,0.876
1998-08-28 01:00:00,6.516,-4.466,2.422,0.075
1998-08-28 02:00:00,6.098,-5.481,0.606,-0.2
1998-08-28 03:00:00,6.571,-4.839,-0.163,3.884
1998-08-28 04:00:00,6.741,-5.566,1.718,2.11
1998-08-28 05:00:00,6.608,-4.502,1.226,3.455
1998-08-28 06:00:00,6.403,-4.58,0.913,2.837
1998-08-28 07:00:00,5.181,-3.864,1.572,-0.308
1998-08-28 08:00:00,5.045,-4.077,0.412,1.51
1998-08-28 09:00:00,5.336,-4.113,-0.007,0.533
1998-08-28 10:00:00,5.143,-3.337,-1.466,-2.522
1998-08-28 11:00:00,4.95,-3.482,1.73,-0.656
1998-08-28 12:00:00,4.953,-3.21,0.109,1.15
1998-08-28 13:00:00,4.812,-2.608,0.975,0.516
1998-08-28 14:00:00,4.848,-1.969,0.873,-0.992
1998-08-28 15:00:00,5.264,-2.386,0.729,-1.385
1998-08-28 16:00:00,5.93,-3.148,0.699,-3.399
1998-08-28 17:00:00,6.102,-3.795,2.939,1.62
1998-08-28 18:00:00,5.737,-1.838,2.675,3.957
1998-08-28 19:00:00,5.641,-1.166,2.968,3.892
1998-08-28 20:00:00,5.296,-1.82,3.142,2.047
1998-08-28 21:00:00,5.314,-2.369,3.806,0.479
1998-08-28 22:00:00,5.512,-3.12,2.76,-1.521
1998-08-28 23:00:00,5.48,-4.415,2.065,0.01
1998-08-29 00:00:00,5.35,-3.501,-2.142,0.962
1998-08-29 01:00:00,4.963,-3.096,1.187,0.025
1998-08-29 02:00:00,4.705,-1.821,1.756,-2.28
1998-08-29 03:00:00,4.83,-3.356,-0.535,-2.305
1998-08-29 04:00:00,4.82,-3.411,0.06,-1.607
1998-08-29 05:00:00,4.914,-2.334,2.625,0.166
1998-08-29 06:00:00,4.764,-3.519,2.79,1.244
1998-08-29 07:00:00,4.743,-3.44,2.758,-0.61
1998-08-29 08:00:00,4.733,-3.101,2.855,-1.325
1998-08-29 09:00:00,5.041,-2.773,3.616,-0.688
1998-08-29 10:00:00,5.483,-2.888,4.117,-0.172
1998-08-29 11:00:00,5.214,-2.135,3.687,0.878
1998-08-29 12:00:00,5.548,-1.635,4.285,2.13
1998-08-29 13:00:00,5.473,-3.307,0.341,-3.265
1998-08-29 14:00:00,5.404,-2.758,-2.026,-3.256
1998-08-29 15:00:00,5.503,-3.953,1.935,-2.342
1998-08-29 16:00:00,5.376,-3.713,-0.499,-1.325
1998-08-29 17:00:00,5.742,-3.529,-0.957,-3.936
1998-08-29 18:00:00,6.014,-5.038,0.914,-2.246
1998-08-29 19:00:00,5.588,-0.657,4.13,2.754
1998-08-29 20:00:00,5.569,-1.459,3.601,2.701
1998-08-29 21:00:00,5.51,-2.395,4.004,0.947
1998-08-29 22:00:00,5.303,-2.017,3.478,-0.378
1998-08-29 23:00:00,5.441,-2.89,3.801,0.438
1998-08-30 00:00:00,5.549,-3.356,1.716,-3.376
1998-08-30 01:00:00,5.339,-2.733,2.468,-0.832
1998-08-30 02:00:00,4.882,-3.274,2.441,-0.311
1998-08-30 03:00:00,5.319,-2.836,-0.595,-3.272
1998-08-30 04:00:00,5.194,-3.926,0.077,-2.981
1998-08-30 05:00:00,5.199,-3.713,2.789,0.195
1998-08-30 06:00:00,5.075,-3.25,3.17,0.983
1998-08-30 07:00:00,4.765,-2.019,2.252,1.207
1998-08-30 08:00:00,4.529,-2.566,-0.668,-2.579
1998-08-30 09:00:00,4.754,-2.463,3.431,1.191
1998-08-30 10:00:00,4.836,-2.624,2.97,1.724
1998-08-30 11:00:00,4.974,-2.227,2.688,0.467
1998-08-30 12:00:00,4.812,-1.492,3.471,0.811
1998-08-30 13:00:00,4.639,-2.977,0.965,-1.65
1998-08-30 14:00:00,4.583,-1.556,3.064,-1.642
1998-08-30 15:00:00,4.485,-3.514,1.882,0.886
1998-08-30 16:00:00,3.926,-2.776,-1.408,-0.931
1998-08-30 17:00:00,4.308,-1.727,-2.263,-1.593
1998-08-30 18:00:00,3.969,-0.376,-2.322,-2.886
1998-08-30 19:00:00,3.524,-1.499,-0.764,-1.153
1998-08-30 20:00:00,3.609,-2.792,0.168,-0.854
1998-08-30 21:00:00,3.664,-2.75,-0.613,-1.203
1998-08-30 22:00:00,3.502,-2.61,1.614,-0.891
1998-08-30 23:00:00,3.496,-2.784,1.202,0.206
1998-08-31 00:00:00,3.518,-1.854,2.172,-0.849
1998-08-31 01:00:00,3.678,-2.545,1.888,-0.351
1998-08-31 02:00:00,4.097,-3.01,2.115,-0.223
1998-08-31 03:00:00,4.13,-3.363,1.601,-0.096
1998-08-31 04:00:00,5.002,-2.552,2.258,-2.14
1998-08-31 05:00:00,5.74,-2.37,2.935,-3.685
1998-08-31 06:00:00,6.025,-0.877,2.804,-3.031
1998-08-31 07:00:00,6.961,-1.161,5.571,-3.003
1998-08-31 08:00:00,7.023,-1.929,2.259,-6.057
1998-08-31 09:00:00,6.593,-1.719,4.074,-4.655
1998-08-31 10:00:00,6.42,-2.006,4.76,-3.306
1998-08-31 11:00:00,6.824,-2.648,5.792,-1.894
1998-08-31 12:00:00,6.686,-1.54,4.081,-4.315
1998-08-31 13:00:00,6.746,-2.659,4.748,-3.526
1998-08-31 14:00:00,6.416,-1.124,3.781,-4.074
1998-08-31 15:00:00,6.644,-4.842,3.032,-1.63
1998-08-31 16:00:00,6.644,-3.701,4.901,1.209
1998-08-31 17:00:00,6.481,-2.588,5.237,-1.639
1998-08-31 18:00:00,6.417,-4.172,4.417,0.728
1998-08-31 19:00:00,6.433,-5.266,2.855,-1.675
1998-08-31 20:00:00,6.093,-4.461,3.441,-1.128
1998-08-31 21:00:00,5.678,-4.715,2.002,0.41
1998-08-31 22:00:00,5.09,-4.25,0.046,-1.841
1998-08-31 23:00:00,4.572,-2.062,1.035,-2.34
1998-09-01 00:00:00,5.956,-3.6,1.62,4.349
1998-09-01 01:00:00,5.888,-1.056,-2.264,-3.856
1998-09-01 02:00:00,6.059,-1.414,-2.317,-2.577
1998-09-01 03:00:00,5.692,-3.298,0.091,4.356
1998-09-01 04:00:00,4.861,-0.876,0.387,3.794
1998-09-01 05:00:00,5.726,-1.766,1.476,5.126
1998-09-01 06:00:00,6.787,-3.037,2.195,5.546
1998-09-01 07:00:00,7.055,-2.881,0.925,6.328
1998-09-01 08:00:00,7.754,-2.779,2.491,6.516
1998-09-01 09:00:00,7.561,-2.789,-0.818,5.076
1998-09-01 10:00:00,7.567,-0.596,-3.676,-5.67
1998-09-01 11:00:00,7.598,-0.689,-4.344,-5.977
1998-09-01 12:00:00,7.447,-1.067,-5.677,-4.333
1998-09-01 13:00:00,7.286,-0.245,-3.469,-6.18
1998-09-01 14:00:00,7.491,-0.977,-3.543,-6.422
1998-09-01 15:00:00,7.51,-1.979,-6.158,-1.377
1998-09-01 16:00:00,6.539,-1.721,-4.872,1.643
1998-09-01 17:00:00,6.717,-0.842,-5.48,-0.875
1998-09-01 18:00:00,3.958,-1.252,-1.635,3.265
1998-09-01 19:00:00,4.256,-0.69,-3.304,2.548
1998-09-01 20:00:00,4.926,-1.64,-3.763,2.377
1998-09-01 21:00:00,6.211,-1.444,-5.3,-1.69
1998-09-01 22:00:00,5.817,-1.305,-5.5,0.486
1998-09-01 23:00:00,5.706,-1.846,-5.213,0.904
1998-09-02 00:00:00,5.845,-3.63,-2.268,3.686
1998-09-02 01:00:00,5.218,-1.879,-2.433,3.938
1998-09-02 02:00:00,5.396,-1.437,-3.373,3.84
1998-09-02 03:00:00,5.531,-0.485,-2.049,4.869
1998-09-02 04:00:00,5.47,-0.33,-2.833,4.069
1998-09-02 05:00:00,5.423,-1.073,0.403,5.069
1998-09-02 06:00:00,4.505,1.502,-1.793,3.418
1998-09-02 07:00:00,4.991,3.56,1.534,2.959
1998-09-02 08:00:00,5.657,2.356,-2.699,3.488
1998-09-02 09:00:00,4.578,-1.908,-3.959,0.381
1998-09-02 10:00:00,4.153,-0.474,2.38,-1.642
1998-09-02 11:00:00,3.749,0.534,2.417,0.441
1998-09-02 12:00:00,4.462,2.006,-0.364,-1.132
1998-09-02 13:00:00,6.185,-2.225,2.756,4.119
1998-09-02 14:00:00,6.975,-1.091,5.63,2.764
1998-09-02 15:00:00,5.71,-2.083,3.148,-2.639
1998-09-02 16:00:00,6.287,0.993,4.836,-1.762
1998-09-02 17:00:00,6.504,2.567,4.626,2.143
1998-09-02 18:00:00,6.553,-0.202,5.581,1.903
1998-09-02 19:00:00,7.462,-1.659,5.595,0.82
1998-09-02 20:00:00,6.021,-3.679,0.777,-2.995
1998-09-02 21:00:00,6.322,1.485,5.47,-1.664
1998-09-02 22:00:00,4.316,-1.771,1.608,-1.867
1998-09-02 23:00:00,4.959,-3.105,2.567,-2.067
1998-09-03 00:00:00,4.57,-3.638,1.629,-1.107
1998-09-03 01:00:00,4.897,-2.243,4.287,-0.197
1998-09-03 02:00:00,4.58,-0.121,4.35,-0.038
1998-09-03 03:00:00,5.115,1.875,4.526,0.417
1998-09-03 04:00:00,4.664,0.816,4.395,0.805
1998-09-03 05:00:00,4.918,1.716,4.503,0.69
1998-09-03 06:00:00,4.693,2.139,4.04,0.696
1998-09-03 07:00:00,5.069,1.671,4.315,1.205
1998-09-03 08:00:00,5.433,0.643,4.791,0.409
1998-09-03 09:00:00,5.032,2.971,3.693,1.074
1998-09-03 10:00:00,6.41,3.831,4.816,1.471
1998-09-03 11:00:00,6.316,2.297,5.135,0.566
1998-09-03 12:00:00,6.111,-2.797,3.015,-1.404
1998-09-03 13:00:00,6.064,-5.012,0.899,-3.156
1998-09-03 14:00:00,4.105,1.307,2.018,-0.327
1998-09-03 15:00:00,4.031,0.773,0.281,0.498
1998-09-03 16:00:00,4.847,3.959,0.882,2.608
1998-09-03 17:00:00,4.773,3.998,0.271,2.56
1998-09-03 18:00:00,4.769,4.013,0.294,2.528
1998-09-03 19:00:00,4.672,3.333,0.379,3.086
1998-09-03 20:00:00,5.086,4.29,0.282,2.251
1998-09-03 21:00:00,5.002,3.082,-1.349,3.573
1998-09-03 22:00:00,5.038,3.912,1.785,1.832
1998-09-03 23:00:00,3.638,3.423,0.574,0.226
1998-09-04 00:00:00,3.458,0.449,-2.93,-0.06
1998-09-04 01:00:00,3.581,-0.634,-3.39,0.085
1998-09-04 02:00:00,3.726,1.934,-2.232,-0.077
1998-09-04 03:00:00,3.878,3.442,1.005,-1.353
1998-09-04 04:00:00,3.883,3.242,1.66,-1.278
1998-09-04 05:00:00,3.723,3.421,1.378,-0.371
1998-09-04 06:00:00,3.508,3.222,1.165,0.214
1998-09-04 07:00:00,3.106,2.996,0.461,0.329
1998-09-04 08:00:00,2.995,2.767,1.071,-0.138
1998-09-04 09:00:00,3.613,3.171,1.679,0.006
1998-09-04 10:00:00,3.652,3.051,1.933,-0.302
1998-09-04 11:00:00,3.85,3.016,2.355,-0.226
1998-09-04 12:00:00,3.463,3.161,0.783,0.659
1998-09-04 13:00:00,3.618,3.361,0.028,1.277
1998-09-04 14:00:00,3.655,3.337,-0.071,1.386
1998-09-04 15:00:00,3.512,1.508,-1.87,1.929
1998-09-04 16:00:00,3.342,1.962,-1.704,1.835
1998-09-04 17:00:00,4.094,3.403,-0.444,2.095
1998-09-04 18:00:00,4.747,4.015,0.438,2.36
1998-09-04 19:00:00,4.276,3.568,1.501,1.445
1998-09-04 20:00:00,2.778,1.898,1.018,0.535
1998-09-04 21:00:00,3.74,3.328,0.059,1.605
1998-09-04 22:00:00,3.816,3.538,0.321,1.345
1998-09-04 23:00:00,3.766,3.467,0.429,1.396
1998-09-05 00:00:00,3.572,3.233,0.115,1.377
1998-09-05 01:00:00,3.194,2.598,-1.167,1.06
1998-09-05 02:00:00,3.14,2.117,-1.871,1.292
1998-09-05 03:00:00,2.526,0.722,-1.701,1.122
1998-09-05 04:00:00,3.059,2.325,-1.498,1.269
1998-09-05 05:00:00,3.198,2.41,-1.544,1.373
1998-09-05 06:00:00,3.326,2.758,-1.628,-0.344
1998-09-05 07:00:00,3.489,2.855,-1.615,-0.876
1998-09-05 08:00:00,2.825,2.302,-0.035,-1.512
1998-09-05 09:00:00,2.575,1.486,-0.334,0.418
1998-09-05 10:00:00,3.95,1.643,-0.6,3.493
1998-09-05 11:00:00,3.924,1.649,-0.321,3.533
1998-09-05 12:00:00,4.224,1.902,-0.932,3.631
1998-09-05 13:00:00,4.542,1.865,-1.557,3.706
1998-09-05 14:00:00,5.766,-0.005,-4.006,0.819
1998-09-05 15:00:00,5.946,3.078,-4.501,1.632
1998-09-05 16:00:00,5.884,0.71,-5.105,-1.111
1998-09-05 17:00:00,5.757,-0.583,-4.531,-2.315
1998-09-05 18:00:00,5.646,-2.341,-4.316,-1.657
1998-09-05 19:00:00,6.146,-0.521,-6.055,-0.358
1998-09-05 20:00:00,6.04,-0.207,-4.876,-2.061
1998-09-05 21:00:00,6.618,-1.594,-5.298,-2.947
1998-09-05 22:00:00,6.377,0.436,-4.159,-3.707
1998-09-05 23:00:00,5.25,-1.01,-3.64,-2.336
1998-09-06 00:00:00,5.442,1.139,3.918,0.03
1998-09-06 01:00:00,4.185,-0.48,-1.248,-1.295
1998-09-06 02:00:00,4.966,1.212,-3.817,-0.559
1998-09-06 03:00:00,5.624,1.489,-4.472,1.036
1998-09-06 04:00:00,5.438,1.172,-4.054,2.058
1998-09-06 05:00:00,5.086,0.085,-4.071,1.372
1998-09-06 06:00:00,5.077,0.0,-4.793,0.351
1998-09-06 07:00:00,4.964,0.46,-3.123,2.166
1998-09-06 08:00:00,5.794,4.283,2.12,0.817
1998-09-06 09:00:00,6.101,2.844,2.445,-0.57
1998-09-06 10:00:00,6.454,3.347,-1.327,-1.369
1998-09-06 11:00:00,5.849,4.677,-2.548,0.181
1998-09-06 12:00:00,6.346,1.78,-5.557,1.341
1998-09-06 13:00:00,6.57,-0.912,-6.312,0.687
1998-09-06 14:00:00,5.717,0.828,-5.179,0.815
1998-09-06 15:00:00,4.567,2.778,-1.077,2.5
1998-09-06 16:00:00,3.854,1.343,-1.275,1.604
1998-09-06 17:00:00,4.177,0.072,-3.212,1.509
1998-09-06 18:00:00,4.584,2.145,-2.786,2.396
1998-09-06 19:00:00,4.957,2.866,-3.643,0.384
1998-09-06 20:00:00,5.05,2.96,-3.135,-1.291
1998-09-06 21:00:00,4.881,2.1,-1.744,2.398
1998-09-06 22:00:00,5.45,1.249,-4.64,0.958
1998-09-06 23:00:00,5.432,2.593,-3.98,-1.6
1998-09-07 00:00:00,5.148,3.654,-3.213,-0.64
1998-09-07 01:00:00,5.752,0.733,-4.904,0.302
1998-09-07 02:00:00,6.405,0.194,-4.377,4.123
1998-09-07 03:00:00,7.112,0.649,-3.855,5.231
1998-09-07 04:00:00,7.321,1.015,-6.602,1.107
1998-09-07 05:00:00,7.516,1.689,-6.434,2.198
1998-09-07 06:00:00,7.367,2.065,-6.281,2.966
1998-09-07 07:00:00,7.369,1.813,-7.001,0.855
1998-09-07 08:00:00,7.298,2.21,-6.768,0.815
1998-09-07 09:00:00,6.918,3.998,-5.493,0.754
1998-09-07 10:00:00,6.897,3.564,-5.748,0.323
1998-09-07 11:00:00,6.541,2.039,-5.806,1.575
1998-09-07 12:00:00,6.849,2.406,-6.278,0.029
1998-09-07 13:00:00,7.841,1.254,-7.59,-1.361
1998-09-07 14:00:00,8.063,1.613,-6.525,-4.298
1998-09-07 15:00:00,8.65,-0.501,-6.429,-5.546
1998-09-07 16:00:00,8.766,1.99,-5.307,-3.709
1998-09-07 17:00:00,8.806,4.74,-7.017,2.021
1998-09-07 18:00:00,9.234,4.583,-6.735,2.763
1998-09-07 19:00:00,9.851,5.491,-7.918,0.591
1998-09-07 20:00:00,9.558,5.701,-7.189,1.859
1998-09-07 21:00:00,9.176,5.067,-4.888,4.816
1998-09-07 22:00:00,9.656,2.292,-7.63,-3.344
1998-09-07 23:00:00,9.574,-2.086,-6.391,-6.556
1998-09-08 00:00:00,9.86,-4.292,-1.008,-7.946
1998-09-08 01:00:00,9.131,-0.723,-4.117,-6.237
1998-09-08 02:00:00,8.821,1.369,-6.647,-4.717
1998-09-08 03:00:00,8.98,3.963,-7.974,-0.27
1998-09-08 04:00:00,9.611,4.562,-8.094,1.99
1998-09-08 05:00:00,9.749,4.332,-7.709,3.792
1998-09-08 06:00:00,9.394,4.398,-7.481,1.223
1998-09-08 07:00:00,9.437,6.233,-6.571,-1.919
1998-09-08 08:00:00,9.617,8.182,-4.225,1.284
1998-09-08 09:00:00,9.379,5.94,-6.862,1.897
1998-09-08 10:00:00,9.739,6.941,-6.235,2.338
1998-09-08 11:00:00,9.956,7.431,-5.453,3.708
1998-09-08 12:00:00,9.295,5.871,-6.144,3.628
1998-09-08 13:00:00,9.099,3.741,-7.871,1.375
1998-09-08 14:00:00,8.936,3.496,-8.069,0.599
1998-09-08 15:00:00,8.761,4.087,-7.19,1.798
1998-09-08 16:00:00,9.001,2.399,-8.376,-1.275
1998-09-08 17:00:00,10.966,1.167,-10.21,-1.578
1998-09-08 18:00:00,10.827,2.61,-10.273,-1.503
1998-09-08 19:00:00,10.648,3.14,-10.089,-0.271
1998-09-08 20:00:00,10.363,2.889,-9.757,0.128
1998-09-08 21:00:00,9.772,3.138,-8.786,0.354
1998-09-08 22:00:00,9.306,2.874,-8.297,1.332
1998-09-08 23:00:00,8.1,2.177,-3.457,-3.077
1998-09-09 00:00:00,8.285,1.468,-5.845,-4.772
1998-09-09 01:00:00,7.454,2.159,-6.574,2.159
1998-09-09 02:00:00,7.095,2.912,-5.082,3.292
1998-09-09 03:00:00,7.159,1.685,-6.524,1.837
1998-09-09 04:00:00,6.626,2.849,-5.521,-1.055
1998-09-09 05:00:00,6.511,2.585,-5.222,2.047
1998-09-09 06:00:00,6.567,1.599,-4.686,3.29
1998-09-09 07:00:00,6.052,3.042,-3.563,-2.761
1998-09-09 08:00:00,5.74,2.405,-2.254,-3.666
1998-09-09 09:00:00,5.643,1.12,-3.605,-1.618
1998-09-09 10:00:00,6.857,-4.945,-2.167,3.366
1998-09-09 11:00:00,6.184,-2.552,-3.02,3.434
1998-09-09 12:00:00,5.365,4.424,-2.378,-0.469
1998-09-09 13:00:00,5.938,4.944,-1.523,0.834
1998-09-09 14:00:00,6.224,1.448,-3.169,2.725
1998-09-09 15:00:00,6.514,2.441,-3.474,3.8
1998-09-09 16:00:00,6.652,3.525,-3.672,2.875
1998-09-09 17:00:00,7.251,-0.133,-5.11,0.327
1998-09-09 18:00:00,7.124,-0.379,-6.569,-0.037
1998-09-09 19:00:00,7.149,-0.068,-6.354,1.711
1998-09-09 20:00:00,7.094,0.671,-6.557,0.323
1998-09-09 21:00:00,7.091,0.216,-6.323,2.105
1998-09-09 22:00:00,7.395,1.163,-6.155,3.31
1998-09-09 23:00:00,6.73,-1.253,-3.088,-3.832
1998-09-10 00:00:00,6.887,-2.009,-5.823,-2.35
1998-09-10 01:00:00,6.802,-1.139,-5.507,-2.931
1998-09-10 02:00:00,6.43,0.363,-5.8,1.73
1998-09-10 03:00:00,6.238,2.105,-4.88,2.011
1998-09-10 04:00:00,5.657,2.898,-3.892,2.277
1998-09-10 05:00:00,5.456,-1.656,-4.124,1.354
1998-09-10 06:00:00,5.084,0.568,-3.664,3.236
1998-09-10 07:00:00,5.458,-1.066,-4.629,2.05
1998-09-10 08:00:00,5.686,0.079,-4.19,3.314
1998-09-10 09:00:00,4.626,1.977,-2.428,3.205
1998-09-10 10:00:00,4.981,1.153,-3.262,3.282
1998-09-10 11:00:00,5.945,-0.137,-3.247,4.865
1998-09-10 12:00:00,5.858,1.41,-3.705,4.248
1998-09-10 13:00:00,5.951,1.603,-2.252,5.115
1998-09-10 14:00:00,6.333,2.239,-2.051,5.522
1998-09-10 15:00:00,6.371,2.209,-1.929,5.581
1998-09-10 16:00:00,6.018,2.181,-1.175,5.425
1998-09-10 17:00:00,5.592,2.183,-1.367,4.907
1998-09-10 18:00:00,5.614,2.532,-2.499,3.34
1998-09-10 19:00:00,5.855,2.818,-0.995,3.771
1998-09-10 20:00:00,5.816,3.198,-2.981,3.485
1998-09-10 21:00:00,5.615,3.468,-2.757,2.962
1998-09-10 22:00:00,4.902,3.697,-0.368,3.113
1998-09-10 23:00:00,4.381,2.398,2.567,2.381
1998-09-11 00:00:00,4.414,3.285,1.65,2.166
1998-09-11 01:00:00,4.36,3.553,-0.801,1.731
1998-09-11 02:00:00,4.078,2.734,0.889,2.636
1998-09-11 03:00:00,4.068,2.049,2.133,2.602
1998-09-11 04:00:00,4.677,1.407,3.422,2.775
1998-09-11 05:00:00,5.065,0.424,4.411,2.387
1998-09-11 06:00:00,4.634,1.159,3.162,2.421
1998-09-11 07:00:00,3.502,1.844,1.07,1.789
1998-09-11 08:00:00,5.281,4.839,0.552,1.862
1998-09-11 09:00:00,4.291,3.811,0.786,1.674
1998-09-11 10:00:00,4.474,4.181,0.987,1.112
1998-09-11 11:00:00,5.838,5.473,0.805,1.808
1998-09-11 12:00:00,4.163,2.947,1.155,2.455
1998-09-11 13:00:00,7.409,0.153,6.846,1.684
1998-09-11 14:00:00,8.748,-4.581,6.905,-1.38
1998-09-11 15:00:00,8.606,-6.293,4.628,-3.155
1998-09-11 16:00:00,8.488,-5.809,5.671,-1.856
1998-09-11 17:00:00,8.223,3.535,-3.178,1.933
1998-09-11 18:00:00,8.29,6.382,-4.609,2.239
1998-09-11 19:00:00,9.082,5.877,-6.143,2.572
1998-09-11 20:00:00,6.43,2.858,-3.014,-2.039
1998-09-11 21:00:00,5.982,-3.28,-0.4,-3.171
1998-09-11 22:00:00,5.068,-3.081,1.751,-1.4
1998-09-11 23:00:00,6.806,-4.602,3.562,-1.441
1998-09-12 00:00:00,5.235,-3.651,2.356,0.193
1998-09-12 01:00:00,5.287,-2.594,2.214,1.782
1998-09-12 02:00:00,8.799,-4.884,6.563,-1.398
1998-09-12 03:00:00,8.659,-1.265,6.471,-0.01
1998-09-12 04:00:00,7.658,-1.482,5.259,0.987
1998-09-12 05:00:00,7.31,-5.098,1.692,-3.44
1998-09-12 06:00:00,7.648,-5.563,3.942,-1.946
1998-09-12 07:00:00,8.455,-6.922,-0.915,-4.606
1998-09-12 08:00:00,8.871,-7.114,0.102,-4.991
1998-09-12 09:00:00,9.127,-6.961,2.566,-4.595
1998-09-12 10:00:00,9.535,-6.944,1.275,-5.843
1998-09-12 11:00:00,9.817,-7.306,2.862,-5.151
1998-09-12 12:00:00,9.511,-5.129,-4.062,-5.546
1998-09-12 13:00:00,8.956,-4.183,-4.334,-5.638
1998-09-12 14:00:00,9.024,-4.891,3.77,-4.311
1998-09-12 15:00:00,9.023,-4.675,5.032,-4.468
1998-09-12 16:00:00,8.865,-4.441,3.405,-3.921
1998-09-12 17:00:00,8.534,-4.807,5.444,1.453
1998-09-12 18:00:00,6.632,-4.44,3.19,1.559
1998-09-12 19:00:00,6.469,-5.725,1.514,-1.072
1998-09-12 20:00:00,6.293,-3.902,2.712,1.051
1998-09-12 21:00:00,6.783,-2.29,4.913,-2.241
1998-09-12 22:00:00,6.887,-0.42,4.789,-1.276
1998-09-12 23:00:00,7.247,-5.055,3.979,-0.16
1998-09-13 00:00:00,7.542,-6.481,2.672,-1.908
1998-09-13 01:00:00,8.053,-3.273,5.618,0.501
1998-09-13 02:00:00,7.474,-1.938,5.861,3.208
1998-09-13 03:00:00,7.389,-3.787,5.237,1.012
1998-09-13 04:00:00,7.571,-5.541,3.317,-2.892
1998-09-13 05:00:00,7.48,-5.048,4.824,0.889
1998-09-13 06:00:00,6.428,-5.055,3.471,-0.725
1998-09-13 07:00:00,6.011,-5.577,1.087,-1.571
1998-09-13 08:00:00,6.06,-5.033,2.176,-1.826
1998-09-13 09:00:00,6.178,-4.945,2.167,-1.905
1998-09-13 10:00:00,6.284,-5.032,3.112,0.588
1998-09-13 11:00:00,6.16,-4.327,3.263,-2.428
1998-09-13 12:00:00,6.039,-4.683,3.006,-2.046
1998-09-13 13:00:00,6.093,-5.334,2.224,-1.573
1998-09-13 14:00:00,6.111,-5.447,2.317,-1.332
1998-09-13 15:00:00,6.179,-5.568,2.432,-0.933
1998-09-13 16:00:00,6.236,-5.798,2.111,-0.756
1998-09-13 17:00:00,6.391,-5.946,2.205,-0.718
1998-09-13 18:00:00,6.506,-5.809,2.701,-1.057
1998-09-13 19:00:00,6.511,-5.668,2.353,-0.12
1998-09-13 20:00:00,6.606,-6.191,1.118,-1.611
1998-09-13 21:00:00,6.594,-6.089,2.336,0.024
1998-09-13 22:00:00,6.54,-5.521,3.153,0.177
1998-09-13 23:00:00,6.647,-6.225,2.054,-0.605
1998-09-14 00:00:00,6.648,-5.969,2.74,-0.416
1998-09-14 01:00:00,6.698,-6.405,1.761,-0.191
1998-09-14 02:00:00,6.675,-6.064,2.591,-0.836
1998-09-14 03:00:00,6.575,-5.839,2.478,-1.627
1998-09-14 04:00:00,6.482,-5.424,2.968,-1.712
1998-09-14 05:00:00,6.322,-5.576,2.253,-1.891
1998-09-14 06:00:00,6.268,-5.443,2.539,-1.759
1998-09-14 07:00:00,6.107,-5.246,2.524,-1.795
1998-09-14 08:00:00,6.135,-4.986,3.281,-1.208
1998-09-14 09:00:00,6.16,-5.457,2.556,-1.148
1998-09-14 10:00:00,6.264,-5.397,2.937,-1.035
1998-09-14 11:00:00,6.303,-5.517,2.665,-1.354
1998-09-14 12:00:00,6.342,-5.766,2.076,-1.528
1998-09-14 13:00:00,6.359,-5.441,3.098,-0.799
1998-09-14 14:00:00,6.264,-5.209,3.345,-0.648
1998-09-14 15:00:00,6.404,-5.451,3.251,-0.729
1998-09-14 16:00:00,5.541,-3.581,3.247,-1.872
1998-09-14 17:00:00,5.659,-3.817,3.304,-2.284
1998-09-14 18:00:00,5.915,-4.364,3.668,-1.14
1998-09-14 19:00:00,5.788,-3.397,1.97,-4.005
1998-09-14 20:00:00,6.123,-4.799,3.196,-1.66
1998-09-14 21:00:00,6.227,-5.085,3.489,-0.292
1998-09-14 22:00:00,6.062,-4.752,3.679,0.287
1998-09-14 23:00:00,5.634,-4.594,3.16,-0.224
1998-09-15 00:00:00,4.919,-4.142,2.161,-0.626
1998-09-15 01:00:00,5.057,-1.409,2.99,-3.475
1998-09-15 02:00:00,5.347,-0.218,1.74,-4.288
1998-09-15 03:00:00,5.621,-3.776,3.336,-2.001
1998-09-15 04:00:00,5.436,-2.63,3.514,-2.321
1998-09-15 05:00:00,5.426,-0.923,3.872,-3.537
1998-09-15 06:00:00,5.381,-3.109,3.165,-2.514
1998-09-15 07:00:00,5.407,-3.299,3.034,-2.108
1998-09-15 08:00:00,5.526,-3.76,3.378,0.677
1998-09-15 09:00:00,5.601,-3.328,2.562,-2.21
1998-09-15 10:00:00,5.91,-4.746,2.775,0.179
1998-09-15 11:00:00,5.841,-4.39,3.065,-1.899
1998-09-15 12:00:00,5.836,-3.555,2.632,-2.701
1998-09-15 13:00:00,6.026,-2.464,3.242,-4.299
1998-09-15 14:00:00,6.212,-2.057,2.63,-4.914
1998-09-15 15:00:00,6.273,-1.408,2.938,-5.033
1998-09-15 16:00:00,6.264,-3.761,3.931,-2.712
1998-09-15 17:00:00,6.149,-3.998,3.354,-2.88
1998-09-15 18:00:00,6.254,-4.243,3.687,-2.672
1998-09-15 19:00:00,6.171,-5.382,2.288,-0.488
1998-09-15 20:00:00,6.162,-5.594,2.127,-0.562
1998-09-15 21:00:00,6.071,-5.737,-0.564,-1.531
1998-09-15 22:00:00,6.138,-5.243,2.263,-1.802
1998-09-15 23:00:00,6.155,-4.128,4.358,-0.782
1998-09-16 00:00:00,6.133,-4.508,3.874,0.328
1998-09-16 01:00:00,5.867,-4.224,3.717,1.325
1998-09-16 02:00:00,5.882,-3.949,4.11,0.376
1998-09-16 03:00:00,6.316,-4.161,4.484,-0.66
1998-09-16 04:00:00,6.594,-4.709,3.456,-1.922
1998-09-16 05:00:00,6.606,-3.555,4.313,-2.941
1998-09-16 06:00:00,6.382,-1.694,3.768,-4.263
1998-09-16 07:00:00,6.373,-4.318,3.881,-1.564
1998-09-16 08:00:00,6.223,-3.171,3.736,-3.258
1998-09-16 09:00:00,6.189,-2.231,4.525,-3.371
1998-09-16 10:00:00,6.042,-0.952,3.96,-3.501
1998-09-16 11:00:00,5.922,-3.188,3.906,-2.593
1998-09-16 12:00:00,6.081,-4.333,3.67,-2.092
1998-09-16 13:00:00,6.944,-4.655,4.65,-2.071
1998-09-16 14:00:00,6.724,-3.157,5.442,-1.934
1998-09-16 15:00:00,6.565,-1.941,5.776,-2.07
1998-09-16 16:00:00,6.408,-1.426,5.915,-0.267
1998-09-16 17:00:00,7.082,1.089,6.741,-1.498
1998-09-16 18:00:00,7.162,0.102,7.019,0.303
1998-09-16 19:00:00,6.621,-1.44,5.716,-0.529
1998-09-16 20:00:00,6.478,0.67,5.76,-0.109
1998-09-16 21:00:00,7.253,-0.184,6.405,-0.021
1998-09-16 22:00:00,8.641,-1.366,8.126,1.304
1998-09-16 23:00:00,8.291,-1.805,7.433,-1.837
1998-09-17 00:00:00,8.893,-2.511,7.796,-3.225
1998-09-17 01:00:00,8.927,-1.419,8.592,-0.21
1998-09-17 02:00:00,8.657,-1.345,8.449,0.302
1998-09-17 03:00:00,8.191,0.551,-1.805,2.317
1998-09-17 04:00:00,4.359,0.705,-1.987,2.081
1998-09-17 05:00:00,4.632,3.696,0.481,1.018
1998-09-17 06:00:00,5.854,3.489,0.805,4.447
1998-09-17 07:00:00,7.172,4.209,2.124,5.368
1998-09-17 08:00:00,7.127,3.944,2.363,5.347
1998-09-17 09:00:00,6.607,2.944,2.214,4.744
1998-09-17 10:00:00,6.117,1.862,1.233,4.295
1998-09-17 11:00:00,6.238,1.727,-0.134,5.855
1998-09-17 12:00:00,6.2,1.77,1.976,4.747
1998-09-17 13:00:00,6.046,1.483,3.737,0.966
1998-09-17 14:00:00,6.532,3.663,3.028,1.225
1998-09-17 15:00:00,7.105,3.397,-2.279,5.192
1998-09-17 16:00:00,6.788,3.697,-2.57,5.027
1998-09-17 17:00:00,6.471,5.391,0.796,0.866
1998-09-17 18:00:00,6.85,6.109,-0.554,2.352
1998-09-17 19:00:00,7.374,4.527,-3.577,-1.59
1998-09-17 20:00:00,7.976,5.089,-4.143,-0.685
1998-09-17 21:00:00,9.07,6.35,-4.771,4.173
1998-09-17 22:00:00,9.43,6.577,-5.479,2.714
1998-09-17 23:00:00,9.069,6.738,-4.392,-1.547
1998-09-18 00:00:00,9.429,7.465,-4.765,-1.272
1998-09-18 01:00:00,9.437,7.103,-5.238,-1.544
1998-09-18 02:00:00,9.315,4.715,-7.61,-1.65
1998-09-18 03:00:00,9.2,4.198,-3.071,2.438
1998-09-18 04:00:00,10.514,4.194,-7.206,4.286
1998-09-18 05:00:00,11.026,3.356,-7.295,4.628
1998-09-18 06:00:00,11.419,2.486,-7.712,2.533
1998-09-18 07:00:00,11.298,1.479,-6.828,4.142
1998-09-18 08:00:00,11.13,3.725,-5.954,-6.238
1998-09-18 09:00:00,11.482,1.667,-3.802,-5.523
1998-09-18 10:00:00,12.344,2.868,-2.946,-3.453
1998-09-18 11:00:00,15.575,0.396,-2.5,-13.145
1998-09-18 12:00:00,19.486,-11.113,14.208,-6.509
1998-09-18 13:00:00,14.667,-5.535,10.028,-6.534
1998-09-18 14:00:00,14.446,-6.598,8.379,-9.345
1998-09-18 15:00:00,13.885,-8.856,6.61,-7.58
1998-09-18 16:00:00,13.202,-9.716,6.78,-5.524
1998-09-18 17:00:00,11.61,-6.317,7.432,-5.404
1998-09-18 18:00:00,10.461,-6.732,6.215,-4.447
1998-09-18 19:00:00,8.685,-6.022,5.515,-2.182
1998-09-18 20:00:00,8.383,-5.2,5.871,-2.597
1998-09-18 21:00:00,9.548,-4.91,7.245,-3.314
1998-09-18 22:00:00,10.074,-7.827,5.129,-3.14
1998-09-18 23:00:00,10.49,-9.313,4.301,-2.053
1998-09-19 00:00:00,10.202,-7.614,6.341,-1.586
1998-09-19 01:00:00,9.445,-6.918,6.172,-1.416
1998-09-19 02:00:00,9.903,-9.538,2.01,0.597
1998-09-19 03:00:00,9.245,-9.198,0.834,-0.268
1998-09-19 04:00:00,8.923,-8.785,1.257,0.13
1998-09-19 05:00:00,8.804,-8.501,1.488,1.554
1998-09-19 06:00:00,8.361,-7.993,2.158,0.992
1998-09-19 07:00:00,5.718,-5.079,1.744,-0.225
1998-09-19 08:00:00,6.468,-4.304,-0.285,3.488
1998-09-19 09:00:00,5.005,0.745,2.322,-1.571
1998-09-19 10:00:00,4.968,-1.401,1.877,-1.168
1998-09-19 11:00:00,4.618,-1.428,0.439,-1.482
1998-09-19 12:00:00,4.537,0.507,-3.132,-1.551
1998-09-19 13:00:00,3.898,-0.89,-2.032,0.542
1998-09-19 14:00:00,4.353,-3.438,-0.615,1.977
1998-09-19 15:00:00,5.494,-3.822,-3.136,1.065
1998-09-19 16:00:00,5.225,-2.303,-3.215,-1.229
1998-09-19 17:00:00,4.675,-3.432,-0.972,-1.059
1998-09-19 18:00:00,5.026,-4.798,-0.818,-0.879
1998-09-19 19:00:00,2.127,0.51,0.039,-1.314
1998-09-19 20:00:00,3.239,-0.792,0.01,-2.68
1998-09-19 21:00:00,3.579,-2.563,0.867,-1.963
1998-09-19 22:00:00,3.09,-1.988,1.488,-1.056
1998-09-19 23:00:00,3.472,-2.253,1.835,-0.654
1998-09-20 00:00:00,4.0,-3.197,2.019,-0.765
1998-09-20 01:00:00,2.66,-0.829,1.118,-1.42
1998-09-20 02:00:00,3.019,-1.78,1.598,-0.404
1998-09-20 03:00:00,3.782,-2.516,1.531,1.56
1998-09-20 04:00:00,1.483,0.209,1.013,0.344
1998-09-20 05:00:00,2.718,-0.305,1.064,-1.771
1998-09-20 06:00:00,3.408,-1.4,1.666,-2.294
1998-09-20 07:00:00,2.051,-0.438,0.789,-1.183
1998-09-20 08:00:00,2.903,-2.139,1.259,0.13
1998-09-20 09:00:00,3.919,-3.583,1.222,-0.861
1998-09-20 10:00:00,3.606,0.895,-1.555,-1.155
1998-09-20 11:00:00,2.934,0.657,2.212,-0.67
1998-09-20 12:00:00,1.83,0.421,1.39,-0.823
1998-09-20 13:00:00,1.879,-0.765,0.788,-0.391
1998-09-20 14:00:00,1.878,-0.141,1.002,-0.69
1998-09-20 15:00:00,3.71,-2.728,1.828,-1.073
1998-09-20 16:00:00,2.304,-1.215,1.398,-0.231
1998-09-20 17:00:00,3.033,-2.113,1.67,-0.801
1998-09-20 18:00:00,3.832,-2.654,2.105,-1.269
1998-09-20 19:00:00,3.778,-2.287,2.17,-1.457
1998-09-20 20:00:00,4.541,-3.717,2.087,-0.01
1998-09-20 21:00:00,4.382,-2.789,1.645,0.18
1998-09-20 22:00:00,4.266,0.74,2.528,-3.008
1998-09-20 23:00:00,4.217,2.254,1.912,-2.669
1998-09-21 00:00:00,4.067,-0.291,2.779,-1.689
1998-09-21 01:00:00,7.201,-2.731,4.736,0.339
1998-09-21 02:00:00,8.017,-3.431,6.955,-0.692
1998-09-21 03:00:00,7.537,-0.035,3.224,-5.913
1998-09-21 04:00:00,8.417,-1.039,4.071,-5.18
1998-09-21 05:00:00,7.795,-3.304,3.802,-1.463
1998-09-21 06:00:00,8.684,-5.172,6.419,1.431
1998-09-21 07:00:00,8.588,-3.28,6.499,-3.573
1998-09-21 08:00:00,7.205,-1.329,4.077,-1.243
1998-09-21 09:00:00,6.021,1.753,2.735,-1.24
1998-09-21 10:00:00,6.053,-2.767,2.795,-2.382
1998-09-21 11:00:00,5.796,-1.006,0.789,-3.199
1998-09-21 12:00:00,4.962,-2.993,0.943,-1.515
1998-09-21 13:00:00,6.099,-4.422,3.807,-0.692
1998-09-21 14:00:00,5.948,-4.249,3.498,-1.713
1998-09-21 15:00:00,5.95,-4.237,3.958,-0.023
1998-09-21 16:00:00,5.483,-3.097,3.638,-0.823
1998-09-21 17:00:00,5.676,-4.028,3.429,-0.228
1998-09-21 18:00:00,5.745,-5.115,2.154,1.238
1998-09-21 19:00:00,6.079,-5.571,1.124,1.825
1998-09-21 20:00:00,6.056,-4.978,-0.462,3.009
1998-09-21 21:00:00,5.663,-5.156,0.362,1.882
1998-09-21 22:00:00,5.227,-4.65,0.33,2.113
1998-09-21 23:00:00,4.798,-3.825,1.433,1.646
1998-09-22 00:00:00,4.45,-2.511,3.287,-1.326
1998-09-22 01:00:00,4.465,-3.747,1.301,0.923
1998-09-22 02:00:00,4.451,-3.835,-1.658,0.937
1998-09-22 03:00:00,4.21,-2.575,-0.745,-0.786
1998-09-22 04:00:00,4.43,-1.987,3.409,-1.815
1998-09-22 05:00:00,4.72,-3.259,2.752,-1.664
1998-09-22 06:00:00,4.64,-1.391,2.374,-2.491
1998-09-22 07:00:00,5.078,-3.065,3.191,-2.1
1998-09-22 08:00:00,6.024,-2.655,4.219,-2.853
1998-09-22 09:00:00,5.057,-4.517,0.767,-0.462
1998-09-22 10:00:00,4.624,-4.122,0.001,1.61
1998-09-22 11:00:00,4.69,-2.282,-1.34,3.19
1998-09-22 12:00:00,6.068,-4.99,1.792,0.796
1998-09-22 13:00:00,5.394,-5.033,0.412,-0.363
1998-09-22 14:00:00,5.571,-4.301,2.365,-0.619
1998-09-22 15:00:00,6.533,-5.389,0.723,3.28
1998-09-22 16:00:00,6.249,-3.342,2.68,-0.231
1998-09-22 17:00:00,7.232,-1.381,5.424,-3.728
1998-09-22 18:00:00,7.562,1.44,5.963,-4.225
1998-09-22 19:00:00,4.998,0.533,2.225,-3.643
1998-09-22 20:00:00,6.061,-0.613,4.193,-2.83
1998-09-22 21:00:00,6.291,-0.302,5.865,-1.661
1998-09-22 22:00:00,5.659,0.204,4.743,-0.742
1998-09-22 23:00:00,5.592,-0.283,5.245,-0.976
1998-09-23 00:00:00,6.051,-1.339,5.548,-1.57
1998-09-23 01:00:00,7.292,-5.305,3.44,1.133
1998-09-23 02:00:00,7.891,-6.262,3.58,1.137
1998-09-23 03:00:00,7.677,-6.351,3.219,1.689
1998-09-23 04:00:00,9.054,-6.424,5.745,-2.007
1998-09-23 05:00:00,9.149,-6.607,6.279,-0.06
1998-09-23 06:00:00,8.652,-6.535,5.6,-0.262
1998-09-23 07:00:00,8.121,-6.283,4.843,-1.518
1998-09-23 08:00:00,7.611,-6.033,3.92,-2.281
1998-09-23 09:00:00,6.785,-5.162,3.118,-2.991
1998-09-23 10:00:00,6.491,-4.748,3.029,-2.987
1998-09-23 11:00:00,6.107,-4.219,3.563,-2.221
1998-09-23 12:00:00,5.62,-4.069,2.042,-3.267
1998-09-23 13:00:00,5.082,-3.338,1.909,-3.287
1998-09-23 14:00:00,5.179,-2.139,-0.946,-3.643
1998-09-23 15:00:00,5.268,-0.723,-3.972,-3.273
1998-09-23 16:00:00,5.019,-1.124,-2.999,-3.818
1998-09-23 17:00:00,6.172,-1.033,-0.847,-2.973
1998-09-23 18:00:00,6.973,-0.624,5.307,3.164
1998-09-23 19:00:00,6.106,2.692,-3.907,-0.946
1998-09-23 20:00:00,7.091,-3.642,3.554,-0.877
1998-09-23 21:00:00,9.262,-5.919,6.566,-2.558
1998-09-23 22:00:00,9.565,-5.012,5.419,-4.769
1998-09-23 23:00:00,6.801,-2.141,-0.548,-5.025
1998-09-24 00:00:00,4.944,1.11,-2.984,-1.53
1998-09-24 01:00:00,6.961,1.393,-3.563,-3.941
1998-09-24 02:00:00,7.411,0.028,0.991,-6.422
1998-09-24 03:00:00,8.644,-3.592,2.849,-6.43
1998-09-24 04:00:00,8.951,-6.017,3.266,-5.618
1998-09-24 05:00:00,8.083,-6.369,1.884,-4.19
1998-09-24 06:00:00,7.65,-6.501,2.719,-2.736
1998-09-24 07:00:00,8.232,-6.664,3.699,-2.464
1998-09-24 08:00:00,8.44,-6.205,3.868,-2.304
1998-09-24 09:00:00,9.235,-8.107,3.258,-1.88
1998-09-24 10:00:00,9.934,-8.791,4.518,-0.769
1998-09-24 11:00:00,10.376,-8.503,5.797,-0.818
1998-09-24 12:00:00,10.129,-7.946,5.803,-1.535
1998-09-24 13:00:00,9.984,-7.337,5.945,-0.914
1998-09-24 14:00:00,11.051,-9.636,5.147,-1.007
1998-09-24 15:00:00,11.194,-8.925,6.124,-1.464
1998-09-24 16:00:00,12.228,-9.308,6.965,-1.973
1998-09-24 17:00:00,12.899,-9.334,8.432,-1.323
1998-09-24 18:00:00,13.006,-8.933,8.245,-1.692
1998-09-24 19:00:00,11.364,-5.569,7.361,-4.189
1998-09-24 20:00:00,9.88,-5.115,5.225,-4.547
1998-09-24 21:00:00,10.405,-5.27,6.339,-3.55
1998-09-24 22:00:00,13.643,-6.448,11.722,-0.838
1998-09-24 23:00:00,28.444,-11.157,22.606,4.426
1998-09-25 00:00:00,25.533,-5.835,20.096,2.107
1998-09-25 01:00:00,22.044,3.972,0.753,-18.088
1998-09-25 02:00:00,18.982,1.302,6.528,-15.344
1998-09-25 03:00:00,18.142,-2.864,12.997,-11.837
1998-09-25 04:00:00,16.664,-1.783,10.134,-12.942
1998-09-25 05:00:00,16.22,-1.206,10.154,-12.222
1998-09-25 06:00:00,17.473,-8.9,13.773,-4.833
1998-09-25 07:00:00,18.051,-5.215,13.042,-10.76
1998-09-25 08:00:00,19.639,-4.919,13.716,-12.989
1998-09-25 09:00:00,19.428,-2.845,13.299,-13.747
1998-09-25 10:00:00,19.035,-6.524,14.153,-10.451
1998-09-25 11:00:00,19.597,-4.712,14.87,-11.493
1998-09-25 12:00:00,19.621,-4.893,16.441,-9.426
1998-09-25 13:00:00,18.668,-5.95,15.529,-7.879
1998-09-25 14:00:00,17.926,-8.86,14.877,-3.601
1998-09-25 15:00:00,17.282,-12.583,11.566,2.087
1998-09-25 16:00:00,17.173,-14.094,9.248,2.836
1998-09-25 17:00:00,16.788,-13.65,9.558,1.921
1998-09-25 18:00:00,16.277,-12.875,8.207,5.232
1998-09-25 19:00:00,15.476,-13.633,4.874,5.273
1998-09-25 20:00:00,14.988,-12.739,3.695,6.903
1998-09-25 21:00:00,12.776,-11.629,2.305,4.62
1998-09-25 22:00:00,11.777,-11.424,0.774,2.679
1998-09-25 23:00:00,11.572,-11.346,0.156,2.123
1998-09-26 00:00:00,11.611,-11.347,-1.062,2.099
1998-09-26 01:00:00,11.46,-11.093,-1.685,1.804
1998-09-26 02:00:00,11.024,-10.708,-1.674,1.918
1998-09-26 03:00:00,10.515,-10.144,-1.668,2.177
1998-09-26 04:00:00,9.974,-9.26,-2.621,2.546
1998-09-26 05:00:00,9.59,-8.774,-3.02,2.359
1998-09-26 06:00:00,9.316,-8.195,-4.139,1.507
1998-09-26 07:00:00,9.27,-8.064,-3.994,2.15
1998-09-26 08:00:00,9.187,-8.116,-3.513,2.429
1998-09-26 09:00:00,9.378,-7.39,-5.276,1.678
1998-09-26 10:00:00,9.195,-7.156,-4.092,3.122
1998-09-26 11:00:00,8.967,-4.991,-5.497,-1.652
1998-09-26 12:00:00,8.671,-3.864,-7.224,-1.797
1998-09-26 13:00:00,8.738,-0.993,-5.916,-6.042
1998-09-26 14:00:00,8.357,0.246,-5.238,-6.434
1998-09-26 15:00:00,7.939,-0.473,-5.733,-5.189
1998-09-26 16:00:00,6.71,-4.465,-2.808,1.803
1998-09-26 17:00:00,6.576,-2.746,-4.936,-1.543
1998-09-26 18:00:00,6.512,-2.975,-4.883,-0.167
1998-09-26 19:00:00,5.95,-4.407,-2.422,2.21
1998-09-26 20:00:00,4.476,1.126,2.585,0.499
1998-09-26 21:00:00,4.513,0.915,1.786,-0.579
1998-09-26 22:00:00,5.704,-0.513,4.862,2.183
1998-09-26 23:00:00,5.843,-2.482,-2.016,-1.647
1998-09-27 00:00:00,5.165,-3.732,-2.09,0.666
1998-09-27 01:00:00,5.214,-2.565,-4.247,0.415
1998-09-27 02:00:00,5.612,-3.025,-2.527,1.277
1998-09-27 03:00:00,6.146,-5.526,-1.779,0.408
1998-09-27 04:00:00,5.908,-3.817,-2.577,3.055
1998-09-27 05:00:00,5.483,-3.58,1.974,2.068
1998-09-27 06:00:00,5.406,-3.399,1.411,1.029
1998-09-27 07:00:00,5.411,-2.944,-1.312,0.671
1998-09-27 08:00:00,5.634,-2.341,0.084,0.461
1998-09-27 09:00:00,5.59,-1.19,3.314,-2.793
1998-09-27 10:00:00,5.649,-2.904,1.488,-2.738
1998-09-27 11:00:00,5.805,-4.093,2.87,0.734
1998-09-27 12:00:00,5.722,-4.082,2.241,1.696
1998-09-27 13:00:00,5.983,-5.506,1.394,1.243
1998-09-27 14:00:00,5.957,-5.496,-0.81,-0.148
1998-09-27 15:00:00,5.979,-5.231,0.54,1.314
1998-09-27 16:00:00,5.994,-5.629,0.054,-0.084
1998-09-27 17:00:00,5.95,-5.701,1.319,0.202
1998-09-27 18:00:00,5.521,-1.708,0.436,3.432
1998-09-27 19:00:00,5.849,-3.737,0.169,1.693
1998-09-27 20:00:00,6.461,-5.486,1.054,0.803
1998-09-27 21:00:00,6.546,-3.684,1.522,4.058
1998-09-27 22:00:00,6.367,-2.921,-2.608,4.32
1998-09-27 23:00:00,6.52,-2.757,-1.027,3.257
1998-09-28 00:00:00,6.408,-4.594,-1.616,3.554
1998-09-28 01:00:00,5.315,1.169,1.17,4.522
1998-09-28 02:00:00,5.967,-2.992,-2.503,3.177
1998-09-28 03:00:00,5.245,1.808,-1.319,4.33
1998-09-28 04:00:00,5.353,-0.338,-3.142,4.05
1998-09-28 05:00:00,5.563,0.615,-0.75,5.008
1998-09-28 06:00:00,5.22,1.432,0.251,4.491
1998-09-28 07:00:00,5.189,0.291,2.018,2.729
1998-09-28 08:00:00,5.615,-2.61,-0.53,4.395
1998-09-28 09:00:00,4.428,-2.749,-1.57,2.989
1998-09-28 10:00:00,6.12,-5.139,0.462,2.484
1998-09-28 11:00:00,6.156,-5.706,0.296,1.617
1998-09-28 12:00:00,5.85,-4.979,-1.243,2.465
1998-09-28 13:00:00,5.679,-5.188,-1.255,1.777
1998-09-28 14:00:00,5.537,-5.144,-0.735,1.458
1998-09-28 15:00:00,5.149,-4.853,-0.726,1.396
1998-09-28 16:00:00,4.828,-4.234,-1.242,1.699
1998-09-28 17:00:00,4.906,-4.179,-2.077,0.958
1998-09-28 18:00:00,5.328,-5.049,-0.365,-1.167
1998-09-28 19:00:00,5.033,-4.526,1.08,-1.151
1998-09-28 20:00:00,4.918,-4.129,0.781,0.492
1998-09-28 21:00:00,4.94,-3.863,-0.413,1.727
1998-09-28 22:00:00,4.742,-3.44,-0.338,2.39
1998-09-28 23:00:00,5.008,-4.307,-1.435,1.821
1998-09-29 00:00:00,4.931,-4.209,-1.603,1.779
1998-09-29 01:00:00,5.012,-4.076,2.541,0.155
1998-09-29 02:00:00,4.886,-2.459,3.693,-1.847
1998-09-29 03:00:00,4.774,-2.679,3.225,-2.004
1998-09-29 04:00:00,5.02,-4.053,2.153,-1.486
1998-09-29 05:00:00,5.011,-2.931,3.16,-1.309
1998-09-29 06:00:00,5.188,-2.514,4.222,-1.208
1998-09-29 07:00:00,4.998,-2.287,3.182,-0.766
1998-09-29 08:00:00,4.992,-3.647,2.222,0.233
1998-09-29 09:00:00,4.844,-1.726,3.89,-1.968
1998-09-29 10:00:00,4.782,-3.437,2.647,-0.253
1998-09-29 11:00:00,4.758,-2.095,3.633,0.663
1998-09-29 12:00:00,4.892,-2.603,3.769,0.664
1998-09-29 13:00:00,5.02,-4.639,1.658,-0.617
1998-09-29 14:00:00,5.173,-5.031,0.848,-0.534
1998-09-29 15:00:00,5.5,-5.301,0.716,-0.875
1998-09-29 16:00:00,5.389,-4.835,-0.842,1.456
1998-09-29 17:00:00,5.463,-4.192,-2.737,-0.622
1998-09-29 18:00:00,5.51,-3.332,0.193,-4.033
1998-09-29 19:00:00,5.872,-3.811,2.688,-3.359
1998-09-29 20:00:00,6.386,-4.762,3.542,-1.327
1998-09-29 21:00:00,6.811,-5.967,2.259,1.717
1998-09-29 22:00:00,5.951,-4.264,1.992,3.245
1998-09-29 23:00:00,5.673,-2.997,2.952,3.267
1998-09-30 00:00:00,6.06,-2.68,4.743,-0.883
1998-09-30 01:00:00,5.508,-3.355,3.518,0.922
1998-09-30 02:00:00,4.922,0.798,-2.762,3.104
1998-09-30 03:00:00,4.381,0.165,-2.59,2.746
1998-09-30 04:00:00,6.033,0.298,-4.424,3.599
1998-09-30 05:00:00,5.388,-0.196,-2.367,4.258
1998-09-30 06:00:00,5.276,-0.423,-2.923,3.527
1998-09-30 07:00:00,3.867,-0.629,-1.689,2.078
1998-09-30 08:00:00,4.486,1.101,-2.247,2.954
1998-09-30 09:00:00,4.101,1.203,-2.936,1.616
1998-09-30 10:00:00,4.457,0.405,-0.77,3.085
1998-09-30 11:00:00,7.082,1.463,3.664,5.039
1998-09-30 12:00:00,6.939,2.342,5.462,2.117
1998-09-30 13:00:00,7.151,3.2,6.209,0.533
1998-09-30 14:00:00,6.702,2.869,5.871,0.575
1998-09-30 15:00:00,6.925,3.256,5.811,1.388
1998-09-30 16:00:00,5.843,2.041,2.224,-3.198
1998-09-30 17:00:00,6.709,0.488,3.958,4.029
1998-09-30 18:00:00,6.222,1.201,-2.57,2.013
1998-09-30 19:00:00,6.66,1.849,0.738,-1.198
1998-09-30 20:00:00,6.476,1.421,-1.158,-3.795
1998-09-30 21:00:00,7.156,0.723,-1.041,-6.551
1998-09-30 22:00:00,8.965,0.191,0.426,-8.585
1998-09-30 23:00:00,10.021,1.776,-4.28,-8.247
1998-10-01 00:00:00,9.525,3.279,-6.199,-4.023
1998-10-01 01:00:00,9.526,-0.081,-7.952,-3.549
1998-10-01 02:00:00,9.975,-2.171,-8.563,-3.647
1998-10-01 03:00:00,9.973,0.906,-8.788,-3.97
1998-10-01 04:00:00,10.06,0.787,-7.651,-6.084
1998-10-01 05:00:00,11.489,-0.218,-10.416,-4.505
1998-10-01 06:00:00,11.18,0.878,-10.141,-4.266
1998-10-01 07:00:00,9.816,3.344,-8.425,-0.516
1998-10-01 08:00:00,8.525,4.38,-3.949,-0.586
1998-10-01 09:00:00,7.359,5.708,3.145,-0.797
1998-10-01 10:00:00,7.73,7.065,2.527,0.544
1998-10-01 11:00:00,5.901,4.132,0.473,1.747
1998-10-01 12:00:00,7.08,3.494,-5.104,1.114
1998-10-01 13:00:00,6.606,0.274,-4.903,-0.481
1998-10-01 14:00:00,7.519,-0.636,-2.424,-4.694
1998-10-01 15:00:00,8.392,4.578,-5.284,0.954
1998-10-01 16:00:00,8.72,5.79,-3.695,0.245
1998-10-01 17:00:00,9.261,5.655,-3.067,4.879
1998-10-01 18:00:00,6.413,4.231,0.327,3.962
1998-10-01 19:00:00,5.883,0.982,-3.837,-0.261
1998-10-01 20:00:00,6.268,2.251,-2.743,0.179
1998-10-01 21:00:00,6.541,4.675,-0.099,3.989
1998-10-01 22:00:00,6.79,5.237,-2.304,-0.268
1998-10-01 23:00:00,7.009,2.008,-5.519,-0.557
1998-10-02 00:00:00,6.974,1.552,-5.514,-0.586
1998-10-02 01:00:00,7.202,3.477,-5.203,-1.535
1998-10-02 02:00:00,7.12,2.315,-5.976,-0.478
1998-10-02 03:00:00,6.685,2.706,-5.129,-0.967
1998-10-02 04:00:00,6.603,2.875,-4.834,1.365
1998-10-02 05:00:00,6.237,2.403,-5.078,-0.155
1998-10-02 06:00:00,7.582,0.374,-5.4,0.939
1998-10-02 07:00:00,15.324,-4.024,-12.749,3.101
1998-10-02 08:00:00,10.683,3.316,-4.401,4.318
1998-10-02 09:00:00,10.515,3.166,-8.143,4.001
1998-10-02 10:00:00,9.847,1.088,-0.78,7.673
1998-10-02 11:00:00,8.51,1.51,-5.132,5.073
1998-10-02 12:00:00,6.842,0.984,3.03,1.271
1998-10-02 13:00:00,5.452,-0.221,1.441,-3.021
1998-10-02 14:00:00,5.24,2.664,-1.177,-2.442
1998-10-02 15:00:00,4.892,0.742,-2.656,-3.386
1998-10-02 16:00:00,4.118,1.51,-1.944,-2.489
1998-10-02 17:00:00,4.189,1.27,-0.011,-3.378
1998-10-02 18:00:00,4.228,1.461,-0.613,-2.971
1998-10-02 19:00:00,4.63,1.857,0.906,-3.253
1998-10-02 20:00:00,5.401,2.526,-3.394,-2.881
1998-10-02 21:00:00,4.977,1.398,-2.847,-3.331
1998-10-02 22:00:00,4.742,-1.221,-3.367,-0.277
1998-10-02 23:00:00,4.848,3.456,-2.44,-0.377
1998-10-03 00:00:00,4.855,3.049,2.48,-2.227
1998-10-03 01:00:00,5.204,2.315,1.517,-2.983
1998-10-03 02:00:00,5.067,2.166,0.999,-2.694
1998-10-03 03:00:00,5.237,1.651,-3.65,-1.843
1998-10-03 04:00:00,4.857,3.632,-1.643,-1.622
1998-10-03 05:00:00,4.92,2.751,2.313,-1.025
1998-10-03 06:00:00,5.131,2.531,3.806,0.418
1998-10-03 07:00:00,4.858,3.654,1.104,1.729
1998-10-03 08:00:00,4.748,3.755,0.528,1.408
1998-10-03 09:00:00,4.863,2.022,0.593,2.284
1998-10-03 10:00:00,4.545,2.273,-2.035,1.598
1998-10-03 11:00:00,4.479,2.664,-1.188,1.319
1998-10-03 12:00:00,4.48,2.421,-1.376,0.255
1998-10-03 13:00:00,4.323,2.863,-0.928,1.414
1998-10-03 14:00:00,4.215,4.184,-0.205,0.296
1998-10-03 15:00:00,3.91,3.878,-0.144,0.224
1998-10-03 16:00:00,3.974,3.778,-0.563,0.869
1998-10-03 17:00:00,4.353,3.371,-2.183,1.064
1998-10-03 18:00:00,4.192,3.724,-1.144,1.251
1998-10-03 19:00:00,4.063,3.809,-0.323,0.94
1998-10-03 20:00:00,3.975,3.935,-0.185,0.221
1998-10-03 21:00:00,3.985,3.884,-0.128,-0.283
1998-10-03 22:00:00,3.861,3.758,0.189,0.555
1998-10-03 23:00:00,4.147,3.68,0.034,1.423
1998-10-04 00:00:00,4.07,3.844,0.474,0.808
1998-10-04 01:00:00,4.137,3.992,0.974,0.242
1998-10-04 02:00:00,4.016,3.633,1.156,0.634
1998-10-04 03:00:00,4.253,3.746,1.07,0.816
1998-10-04 04:00:00,4.286,3.844,0.611,1.231
1998-10-04 05:00:00,4.363,4.231,0.339,0.306
1998-10-04 06:00:00,4.5,4.26,0.138,1.065
1998-10-04 07:00:00,4.406,4.359,0.193,0.054
1998-10-04 08:00:00,4.325,3.89,-0.204,1.526
1998-10-04 09:00:00,4.562,0.597,-0.015,4.169
1998-10-04 10:00:00,4.459,3.878,-0.691,1.956
1998-10-04 11:00:00,4.101,3.633,-0.887,1.099
1998-10-04 12:00:00,4.098,2.632,-1.68,0.364
1998-10-04 13:00:00,4.837,1.874,-2.641,2.806
1998-10-04 14:00:00,4.897,1.812,-2.435,3.658
1998-10-04 15:00:00,4.934,1.648,-2.558,3.58
1998-10-04 16:00:00,5.045,3.236,-0.804,3.573
1998-10-04 17:00:00,4.524,2.382,0.425,3.473
1998-10-04 18:00:00,4.157,2.482,0.395,2.638
1998-10-04 19:00:00,4.326,0.89,-2.674,3.119
1998-10-04 20:00:00,4.406,1.104,-3.001,2.214
1998-10-04 21:00:00,4.702,0.56,-3.63,1.992
1998-10-04 22:00:00,4.649,-0.153,-4.112,-1.209
1998-10-04 23:00:00,4.262,0.948,-2.821,2.127
1998-10-05 00:00:00,3.971,1.481,-2.476,1.982
1998-10-05 01:00:00,3.968,2.73,-1.038,2.457
1998-10-05 02:00:00,4.025,2.432,-2.251,1.227
1998-10-05 03:00:00,4.123,1.434,-2.547,0.879
1998-10-05 04:00:00,4.0,1.69,-2.398,1.199
1998-10-05 05:00:00,3.954,3.166,0.926,1.751
1998-10-05 06:00:00,4.069,2.374,-1.241,2.678
1998-10-05 07:00:00,4.456,0.106,-3.739,2.002
1998-10-05 08:00:00,4.262,1.228,-1.462,1.563
1998-10-05 09:00:00,4.058,1.538,-2.156,1.473
1998-10-05 10:00:00,4.247,0.116,-3.176,2.388
1998-10-05 11:00:00,3.968,1.116,-1.97,2.656
1998-10-05 12:00:00,3.936,2.004,-2.406,2.118
1998-10-05 13:00:00,3.919,1.261,-2.893,1.511
1998-10-05 14:00:00,3.805,1.027,-3.094,1.333
1998-10-05 15:00:00,3.683,0.897,-2.61,1.15
1998-10-05 16:00:00,3.801,2.146,-2.654,-0.82
1998-10-05 17:00:00,3.778,3.2,-1.067,-0.265
1998-10-05 18:00:00,5.026,4.533,-0.618,1.208
1998-10-05 19:00:00,3.154,2.846,-0.881,-0.244
1998-10-05 20:00:00,3.552,3.115,-0.925,-0.718
1998-10-05 21:00:00,3.903,3.314,-1.173,-0.969
1998-10-05 22:00:00,3.429,2.945,-0.027,0.568
1998-10-05 23:00:00,3.564,3.456,0.667,-0.34
1998-10-06 00:00:00,3.789,3.618,-0.202,0.869
1998-10-06 01:00:00,3.83,3.426,-1.085,0.759
1998-10-06 02:00:00,4.063,2.208,-3.052,0.92
1998-10-06 03:00:00,4.175,0.833,-3.752,1.023
1998-10-06 04:00:00,4.009,1.792,-3.293,1.077
1998-10-06 05:00:00,3.962,2.49,-2.525,1.483
1998-10-06 06:00:00,4.008,3.003,-2.34,0.454
1998-10-06 07:00:00,4.184,2.475,-2.115,2.023
1998-10-06 08:00:00,4.259,3.988,-1.254,0.671
1998-10-06 09:00:00,3.929,3.576,-1.442,0.495
1998-10-06 10:00:00,3.387,3.156,-1.127,0.426
1998-10-06 11:00:00,3.622,3.398,-1.053,0.56
1998-10-06 12:00:00,3.922,3.623,-1.384,0.346
1998-10-06 13:00:00,4.211,3.994,-0.525,0.851
1998-10-06 14:00:00,4.125,3.587,-0.716,1.747
1998-10-06 15:00:00,5.307,2.97,-1.989,3.331
1998-10-06 16:00:00,8.294,-0.236,-7.055,2.399
1998-10-06 17:00:00,8.651,1.607,-5.445,6.401
1998-10-06 18:00:00,8.852,3.615,-5.957,3.751
1998-10-06 19:00:00,6.253,4.138,-4.26,1.383
1998-10-06 20:00:00,3.474,2.442,-0.393,0.568
1998-10-06 21:00:00,4.157,-2.08,1.992,-0.904
1998-10-06 22:00:00,4.854,-1.171,0.83,-4.099
1998-10-06 23:00:00,5.981,-1.51,0.989,-3.558
1998-10-07 00:00:00,7.019,-5.66,2.239,3.105
1998-10-07 01:00:00,7.414,-5.273,2.587,-1.898
1998-10-07 02:00:00,5.334,-1.48,2.611,-4.036
1998-10-07 03:00:00,5.922,-3.244,2.405,-1.497
1998-10-07 04:00:00,6.979,-5.867,0.688,1.833
1998-10-07 05:00:00,5.761,-4.54,0.986,-3.026
1998-10-07 06:00:00,4.815,-2.437,-2.897,-1.64
1998-10-07 07:00:00,6.711,-4.995,1.265,-1.361
1998-10-07 08:00:00,5.561,1.87,-3.588,-1.647
1998-10-07 09:00:00,8.31,-0.051,-2.902,-1.826
1998-10-07 10:00:00,12.82,-8.177,8.122,-4.975
1998-10-07 11:00:00,12.191,-5.688,9.909,-3.78
1998-10-07 12:00:00,10.657,-5.122,6.85,-4.701
1998-10-07 13:00:00,11.415,-2.978,6.278,-3.764
1998-10-07 14:00:00,12.573,-7.285,3.835,-7.82
1998-10-07 15:00:00,13.285,-4.759,6.551,-6.271
1998-10-07 16:00:00,14.26,-5.722,-0.87,-12.335
1998-10-07 17:00:00,13.68,-6.086,6.319,-8.181
1998-10-07 18:00:00,12.41,-5.771,8.459,-1.87
1998-10-07 19:00:00,11.077,-5.574,5.956,-5.464
1998-10-07 20:00:00,8.41,-6.338,4.971,-1.949
1998-10-07 21:00:00,7.288,-5.728,1.755,-1.704
1998-10-07 22:00:00,7.665,-6.494,2.665,-0.063
1998-10-07 23:00:00,7.497,-6.693,1.169,-1.614
1998-10-08 00:00:00,7.868,-6.799,1.096,-3.157
1998-10-08 01:00:00,7.869,-7.673,0.18,-1.061
1998-10-08 02:00:00,7.888,-7.551,-0.893,-1.211
1998-10-08 03:00:00,7.986,-7.799,0.67,-0.873
1998-10-08 04:00:00,8.121,-7.802,1.722,-0.973
1998-10-08 05:00:00,8.258,-7.807,2.358,-0.807
1998-10-08 06:00:00,8.01,-7.554,1.635,-1.772
1998-10-08 07:00:00,8.139,-6.941,-0.217,-3.769
1998-10-08 08:00:00,8.422,-7.215,1.125,-3.856
1998-10-08 09:00:00,7.924,-7.002,1.994,-2.529
1998-10-08 10:00:00,7.496,-5.779,2.789,-2.219
1998-10-08 11:00:00,6.986,-5.158,2.715,-2.487
1998-10-08 12:00:00,6.971,-4.722,4.527,-1.299
1998-10-08 13:00:00,7.0,-3.311,5.665,-0.1
1998-10-08 14:00:00,6.773,-2.545,4.902,-0.808
1998-10-08 15:00:00,6.819,-5.419,3.463,-0.548
1998-10-08 16:00:00,6.652,-4.427,2.261,-1.875
1998-10-08 17:00:00,6.947,-5.882,1.242,-0.209
1998-10-08 18:00:00,7.078,-5.696,0.711,-1.048
1998-10-08 19:00:00,7.04,-4.774,2.655,-2.048
1998-10-08 20:00:00,7.086,-4.21,4.075,1.009
1998-10-08 21:00:00,7.165,-5.388,3.482,-0.899
1998-10-08 22:00:00,6.907,-4.065,4.68,-1.902
1998-10-08 23:00:00,6.929,-2.724,5.768,-1.515
1998-10-09 00:00:00,6.864,-4.341,4.72,-1.356
1998-10-09 01:00:00,6.739,-3.382,5.349,-1.202
1998-10-09 02:00:00,6.666,-3.801,4.119,-2.96
1998-10-09 03:00:00,6.328,-2.627,3.717,-4.161
1998-10-09 04:00:00,6.241,-3.764,3.009,-3.575
1998-10-09 05:00:00,6.451,-5.107,1.329,-2.93
1998-10-09 06:00:00,6.368,-3.552,2.732,-4.159
1998-10-09 07:00:00,6.253,-3.267,2.816,-4.067
1998-10-09 08:00:00,5.987,-4.095,1.607,-2.054
1998-10-09 09:00:00,5.958,-1.655,3.053,-3.474
1998-10-09 10:00:00,5.52,-1.357,4.361,-2.623
1998-10-09 11:00:00,5.423,-0.593,4.348,-1.892
1998-10-09 12:00:00,5.405,-1.484,2.397,-4.024
1998-10-09 13:00:00,5.308,-2.412,0.948,-3.344
1998-10-09 14:00:00,5.138,-3.783,1.035,-0.11
1998-10-09 15:00:00,5.359,-3.353,2.397,-0.397
1998-10-09 16:00:00,5.259,-2.72,1.494,0.385
1998-10-09 17:00:00,5.487,-4.448,1.043,2.184
1998-10-09 18:00:00,5.339,-4.276,1.082,-0.227
1998-10-09 19:00:00,5.544,-0.886,3.427,-3.539
1998-10-09 20:00:00,5.86,-0.501,4.958,-0.328
1998-10-09 21:00:00,5.23,-2.023,4.087,-0.651
1998-10-09 22:00:00,5.152,-4.63,1.815,0.358
1998-10-09 23:00:00,5.157,-4.648,-0.106,-0.941
1998-10-10 00:00:00,5.307,-2.32,4.397,0.083
1998-10-10 01:00:00,5.369,-2.541,2.743,-1.401
1998-10-10 02:00:00,5.776,-1.793,4.912,-1.876
1998-10-10 03:00:00,5.345,-1.116,2.414,-3.075
1998-10-10 04:00:00,6.135,-3.584,4.637,-0.157
1998-10-10 05:00:00,5.871,-4.976,0.662,2.357
1998-10-10 06:00:00,5.758,-5.399,-0.048,0.877
1998-10-10 07:00:00,5.927,-5.532,1.018,0.567
1998-10-10 08:00:00,5.934,-5.595,1.433,0.34
1998-10-10 09:00:00,6.392,-4.097,4.516,0.327
1998-10-10 10:00:00,6.289,-2.37,4.956,-0.652
1998-10-10 11:00:00,6.209,-3.173,4.727,0.666
1998-10-10 12:00:00,6.573,-5.552,0.377,1.948
1998-10-10 13:00:00,6.495,-6.081,0.775,1.719
1998-10-10 14:00:00,6.42,-6.068,0.796,1.748
1998-10-10 15:00:00,5.905,-5.046,0.748,1.251
1998-10-10 16:00:00,5.756,-5.388,1.518,0.672
1998-10-10 17:00:00,5.322,-3.91,3.066,-1.133
1998-10-10 18:00:00,5.165,-3.278,2.695,-1.64
1998-10-10 19:00:00,4.791,-3.987,1.405,-0.401
1998-10-10 20:00:00,4.924,-4.165,2.286,-0.4
1998-10-10 21:00:00,5.102,-2.345,4.194,-0.308
1998-10-10 22:00:00,5.464,-1.135,4.565,-0.834
1998-10-10 23:00:00,5.073,0.282,4.076,-1.478
1998-10-11 00:00:00,5.016,0.86,4.459,-0.733
1998-10-11 01:00:00,5.043,0.312,4.692,-1.043
1998-10-11 02:00:00,4.79,-1.114,3.366,-1.74
1998-10-11 03:00:00,4.989,-4.486,1.334,-0.363
1998-10-11 04:00:00,5.123,-5.052,0.463,0.384
1998-10-11 05:00:00,5.178,-4.741,1.057,0.462
1998-10-11 06:00:00,4.898,-3.644,2.561,-0.271
1998-10-11 07:00:00,5.021,-4.477,1.904,-0.138
1998-10-11 08:00:00,5.369,-5.291,0.621,0.427
1998-10-11 09:00:00,5.517,-5.336,0.812,0.251
1998-10-11 10:00:00,5.282,-4.503,2.253,-0.831
1998-10-11 11:00:00,4.99,-1.415,3.361,-2.98
1998-10-11 12:00:00,5.254,-1.455,4.031,-2.783
1998-10-11 13:00:00,5.172,-1.392,3.763,-2.83
1998-10-11 14:00:00,5.413,-3.873,3.064,-1.327
1998-10-11 15:00:00,5.488,-4.928,2.349,-0.237
1998-10-11 16:00:00,5.628,-4.952,2.243,0.201
1998-10-11 17:00:00,5.749,-5.51,1.039,-0.679
1998-10-11 18:00:00,5.427,-4.877,0.251,-2.073
1998-10-11 19:00:00,5.327,-4.14,2.09,-1.996
1998-10-11 20:00:00,5.272,-3.821,2.448,-2.33
1998-10-11 21:00:00,5.564,-3.983,2.773,-2.572
1998-10-11 22:00:00,5.59,-2.072,4.486,-1.965
1998-10-11 23:00:00,5.132,1.3,4.269,-2.262
1998-10-12 00:00:00,5.222,-0.017,4.494,-1.842
1998-10-12 01:00:00,5.439,-2.597,4.003,-1.214
1998-10-12 02:00:00,5.038,-3.773,1.691,0.879
1998-10-12 03:00:00,5.344,-5.018,1.007,1.067
1998-10-12 04:00:00,5.348,-4.709,1.724,1.373
1998-10-12 05:00:00,5.758,-4.744,3.084,0.709
1998-10-12 06:00:00,6.137,-5.467,2.522,-0.315
1998-10-12 07:00:00,6.193,-5.824,1.296,-1.616
1998-10-12 08:00:00,6.274,-5.105,2.349,-2.66
1998-10-12 09:00:00,6.184,-4.553,2.772,-3.083
1998-10-12 10:00:00,5.74,-3.297,2.303,-3.96
1998-10-12 11:00:00,5.385,-1.808,3.828,-3.099
1998-10-12 12:00:00,5.496,-1.569,4.194,-2.924
1998-10-12 13:00:00,5.361,-1.453,3.948,-2.588
1998-10-12 14:00:00,5.43,-2.513,3.901,-2.683
1998-10-12 15:00:00,5.473,-2.731,4.334,-1.748
1998-10-12 16:00:00,5.288,-2.857,4.305,-0.51
1998-10-12 17:00:00,5.202,-2.846,3.897,-1.177
1998-10-12 18:00:00,4.967,-2.124,4.366,-0.667
1998-10-12 19:00:00,4.958,-0.574,4.498,-0.739
1998-10-12 20:00:00,4.995,0.767,4.809,0.316
1998-10-12 21:00:00,5.668,-4.288,3.051,-1.155
1998-10-12 22:00:00,5.837,-5.347,0.834,-1.947
1998-10-12 23:00:00,5.835,-4.829,1.447,-1.669
1998-10-13 00:00:00,5.682,-3.467,4.105,0.809
1998-10-13 01:00:00,5.538,-3.091,3.508,2.145
1998-10-13 02:00:00,5.486,-2.376,3.991,2.232
1998-10-13 03:00:00,5.99,-5.684,0.227,0.377
1998-10-13 04:00:00,5.737,-4.414,1.872,1.841
1998-10-13 05:00:00,5.421,-1.17,3.406,2.772
1998-10-13 06:00:00,5.477,-0.108,3.909,3.455
1998-10-13 07:00:00,5.534,-0.171,3.53,3.721
1998-10-13 08:00:00,5.451,0.411,2.082,4.804
1998-10-13 09:00:00,5.439,-0.111,2.821,3.541
1998-10-13 10:00:00,5.411,-1.032,2.394,4.517
1998-10-13 11:00:00,5.404,-0.905,2.438,4.485
1998-10-13 12:00:00,5.768,-4.132,1.308,2.306
1998-10-13 13:00:00,5.793,-4.747,1.284,2.595
1998-10-13 14:00:00,5.195,-2.407,1.979,3.535
1998-10-13 15:00:00,5.12,0.679,0.136,4.658
1998-10-13 16:00:00,5.421,-1.365,-1.687,4.406
1998-10-13 17:00:00,5.34,-1.686,0.358,4.616
1998-10-13 18:00:00,5.11,-1.208,-1.002,4.194
1998-10-13 19:00:00,5.369,-1.538,-0.13,4.601
1998-10-13 20:00:00,5.417,-2.275,0.788,3.042
1998-10-13 21:00:00,5.285,-0.666,4.737,-0.362
1998-10-13 22:00:00,5.682,-2.479,4.736,-0.157
1998-10-13 23:00:00,5.384,-2.005,4.51,0.616
1998-10-14 00:00:00,5.386,-2.641,4.098,-0.885
1998-10-14 01:00:00,5.116,-2.391,4.014,-1.645
1998-10-14 02:00:00,5.511,-1.469,4.053,1.341
1998-10-14 03:00:00,4.141,1.882,-2.356,0.926
1998-10-14 04:00:00,4.365,-1.119,-3.486,-2.162
1998-10-14 05:00:00,4.395,-2.318,-2.592,-2.349
1998-10-14 06:00:00,5.411,-0.514,-5.007,-1.39
1998-10-14 07:00:00,5.613,3.119,-3.175,3.15
1998-10-14 08:00:00,5.214,3.97,-2.521,2.13
1998-10-14 09:00:00,5.104,4.36,-2.026,1.655
1998-10-14 10:00:00,5.023,4.272,-2.128,1.515
1998-10-14 11:00:00,4.952,4.113,-2.173,1.644
1998-10-14 12:00:00,5.413,4.542,-2.185,1.824
1998-10-14 13:00:00,5.664,4.953,-1.569,2.104
1998-10-14 14:00:00,5.612,4.649,-1.58,2.506
1998-10-14 15:00:00,5.754,5.106,-0.64,1.406
1998-10-14 16:00:00,5.645,5.137,1.618,-0.437
1998-10-14 17:00:00,5.825,4.974,-0.108,1.95
1998-10-14 18:00:00,6.32,5.72,0.477,2.301
1998-10-14 19:00:00,6.051,5.411,0.244,2.227
1998-10-14 20:00:00,5.462,5.166,-0.466,1.338
1998-10-14 21:00:00,4.92,4.325,-1.854,0.924
1998-10-14 22:00:00,4.438,2.904,-2.901,1.269
1998-10-14 23:00:00,6.032,0.194,-5.359,0.755
1998-10-15 00:00:00,7.702,-3.482,-6.219,0.637
1998-10-15 01:00:00,8.161,-0.656,-7.898,0.64
1998-10-15 02:00:00,7.223,1.208,-6.664,0.614
1998-10-15 03:00:00,7.164,1.173,-6.875,-0.01
1998-10-15 04:00:00,8.377,-0.344,-7.883,-0.965
1998-10-15 05:00:00,9.25,-3.577,-8.093,-2.441
1998-10-15 06:00:00,8.145,-1.861,-6.555,-1.911
1998-10-15 07:00:00,9.063,-0.416,-8.712,1.083
1998-10-15 08:00:00,7.954,0.797,-7.169,1.69
1998-10-15 09:00:00,8.084,2.646,-6.474,2.811
1998-10-15 10:00:00,8.286,4.513,-4.882,2.584
1998-10-15 11:00:00,10.156,2.432,-9.792,-0.163
1998-10-15 12:00:00,11.848,3.269,-10.827,1.942
1998-10-15 13:00:00,12.24,6.262,-9.521,2.568
1998-10-15 14:00:00,10.659,2.558,-8.89,-2.18
1998-10-15 15:00:00,8.513,-0.988,-4.711,-1.842
1998-10-15 16:00:00,6.672,2.733,-3.496,2.944
1998-10-15 17:00:00,6.653,4.716,-0.873,1.925
1998-10-15 18:00:00,8.727,7.135,-2.995,1.721
1998-10-15 19:00:00,10.292,9.444,0.479,3.918
1998-10-15 20:00:00,9.856,9.026,0.436,3.669
1998-10-15 21:00:00,7.933,7.258,-1.247,2.261
1998-10-15 22:00:00,7.665,7.485,-0.539,1.196
1998-10-15 23:00:00,8.316,7.569,-2.795,0.807
1998-10-16 00:00:00,8.9,6.495,-5.713,1.201
1998-10-16 01:00:00,9.512,6.547,-6.154,2.961
1998-10-16 02:00:00,9.527,6.835,-5.574,3.2
1998-10-16 03:00:00,9.263,7.522,-4.479,2.874
1998-10-16 04:00:00,8.79,7.652,-3.941,1.709
1998-10-16 05:00:00,8.408,7.708,-3.016,1.244
1998-10-16 06:00:00,8.457,7.881,-2.613,1.433
1998-10-16 07:00:00,7.508,7.094,-1.799,1.191
1998-10-16 08:00:00,7.396,7.067,-1.9,0.898
1998-10-16 09:00:00,7.477,6.88,-2.585,-0.145
1998-10-16 10:00:00,6.859,4.932,-3.494,0.378
1998-10-16 11:00:00,6.368,1.737,-4.88,2.429
1998-10-16 12:00:00,6.647,5.652,-1.993,0.082
1998-10-16 13:00:00,7.63,7.529,-0.755,0.473
1998-10-16 14:00:00,7.552,7.354,-1.585,0.055
1998-10-16 15:00:00,7.476,7.014,-2.278,-0.655
1998-10-16 16:00:00,6.914,6.11,-3.089,0.318
1998-10-16 17:00:00,6.655,2.846,-5.472,1.66
1998-10-16 18:00:00,6.323,2.301,-5.659,-0.285
1998-10-16 19:00:00,5.906,2.766,-2.831,0.453
1998-10-16 20:00:00,6.403,0.118,-5.442,-1.882
1998-10-16 21:00:00,7.105,-0.654,-5.762,-2.455
1998-10-16 22:00:00,7.063,1.103,-4.527,2.066
1998-10-16 23:00:00,8.699,-3.642,-7.641,-1.505
1998-10-17 00:00:00,9.446,-7.038,-5.353,-2.721
1998-10-17 01:00:00,8.945,-7.0,-4.948,-1.475
1998-10-17 02:00:00,5.522,-1.594,-1.817,0.668
1998-10-17 03:00:00,4.87,-1.168,-1.107,-0.396
1998-10-17 04:00:00,5.667,-0.6,2.843,-2.588
1998-10-17 05:00:00,6.257,-3.755,0.965,-4.225
1998-10-17 06:00:00,6.237,-4.759,0.284,-3.547
1998-10-17 07:00:00,5.635,-4.207,0.905,-3.281
1998-10-17 08:00:00,5.252,-3.375,2.156,-2.494
1998-10-17 09:00:00,4.822,-4.76,0.233,-0.153
1998-10-17 10:00:00,5.017,-3.867,1.692,-1.399
1998-10-17 11:00:00,5.155,-2.365,2.759,-3.463
1998-10-17 12:00:00,4.653,-2.496,2.434,-1.872
1998-10-17 13:00:00,6.211,-3.018,2.37,-3.141
1998-10-17 14:00:00,6.452,-4.773,-2.645,-1.764
1998-10-17 15:00:00,6.558,-5.055,-2.994,-1.52
1998-10-17 16:00:00,5.752,-4.883,0.636,2.138
1998-10-17 17:00:00,5.433,-4.904,-0.187,1.305
1998-10-17 18:00:00,5.187,-3.518,1.966,-0.485
1998-10-17 19:00:00,6.772,-5.553,2.864,-0.868
1998-10-17 20:00:00,7.086,-6.728,1.956,-0.838
1998-10-17 21:00:00,7.355,-6.76,2.529,-1.309
1998-10-17 22:00:00,7.236,-6.878,1.939,-0.166
1998-10-17 23:00:00,6.858,-6.298,2.077,-0.327
1998-10-18 00:00:00,7.385,-5.841,4.398,-0.671
1998-10-18 01:00:00,8.018,-6.589,4.347,-1.168
1998-10-18 02:00:00,7.466,-5.76,4.069,-0.254
1998-10-18 03:00:00,5.854,3.341,-0.306,2.562
1998-10-18 04:00:00,6.273,2.026,-3.719,2.382
1998-10-18 05:00:00,5.578,-3.65,0.333,-2.508
1998-10-18 06:00:00,6.37,-4.773,0.549,-3.669
1998-10-18 07:00:00,6.414,-3.244,1.586,-5.047
1998-10-18 08:00:00,6.385,-3.72,0.996,-4.31
1998-10-18 09:00:00,6.04,-1.067,1.971,-4.519
1998-10-18 10:00:00,5.998,-3.357,2.141,-3.701
1998-10-18 11:00:00,5.53,-4.233,-0.739,-2.887
1998-10-18 12:00:00,5.672,-2.425,2.698,-3.565
1998-10-18 13:00:00,5.938,-3.623,2.53,-3.207
1998-10-18 14:00:00,5.869,-4.172,2.222,-3.16
1998-10-18 15:00:00,4.699,0.487,2.016,-1.411
1998-10-18 16:00:00,3.716,2.137,1.965,1.425
1998-10-18 17:00:00,4.326,3.766,0.135,1.731
1998-10-18 18:00:00,4.434,3.793,-1.823,1.103
1998-10-18 19:00:00,8.392,3.787,1.256,-1.18
1998-10-18 20:00:00,8.193,0.73,0.901,-2.444
1998-10-18 21:00:00,9.203,-3.698,0.013,0.818
1998-10-18 22:00:00,11.997,-5.991,7.786,-4.347
1998-10-18 23:00:00,12.715,-9.042,4.936,2.028
1998-10-19 00:00:00,13.144,-5.007,7.872,-5.184
1998-10-19 01:00:00,11.403,-0.273,-5.167,0.38
1998-10-19 02:00:00,21.179,4.096,13.186,-15.092
1998-10-19 03:00:00,20.23,3.366,0.865,-14.73
1998-10-19 04:00:00,26.563,5.7,-19.578,-16.809
1998-10-19 05:00:00,25.169,6.403,-17.323,-17.039
1998-10-19 06:00:00,23.641,6.727,-14.973,-16.989
1998-10-19 07:00:00,22.539,8.044,-13.395,-16.234
1998-10-19 08:00:00,21.581,7.442,-11.763,-16.485
1998-10-19 09:00:00,20.772,6.536,-10.183,-16.871
1998-10-19 10:00:00,19.885,7.416,-7.349,-16.893
1998-10-19 11:00:00,19.071,5.109,-6.247,-17.192
1998-10-19 12:00:00,18.347,3.966,-5.617,-16.996
1998-10-19 13:00:00,17.888,3.486,-4.632,-16.906
1998-10-19 14:00:00,17.395,2.294,9.681,-11.181
1998-10-19 15:00:00,17.166,1.399,12.41,-11.523
1998-10-19 16:00:00,16.313,1.249,13.591,-7.284
1998-10-19 17:00:00,14.954,1.715,12.245,-7.927
1998-10-19 18:00:00,16.227,3.049,14.361,-6.571
1998-10-19 19:00:00,17.27,2.537,16.841,-2.506
1998-10-19 20:00:00,15.668,3.167,15.114,1.778
1998-10-19 21:00:00,14.819,0.442,14.467,2.263
1998-10-19 22:00:00,13.532,1.952,12.262,3.541
1998-10-19 23:00:00,13.891,1.603,13.564,1.974
1998-10-20 00:00:00,13.507,2.051,13.174,0.37
1998-10-20 01:00:00,13.449,3.052,12.659,2.826
1998-10-20 02:00:00,13.496,4.784,11.862,0.81
1998-10-20 03:00:00,13.307,5.234,11.827,3.039
1998-10-20 04:00:00,12.704,5.387,10.843,3.801
1998-10-20 05:00:00,11.263,4.74,9.383,3.779
1998-10-20 06:00:00,7.254,4.187,4.511,3.234
1998-10-20 07:00:00,5.976,-0.288,0.637,-0.894
1998-10-20 08:00:00,10.333,-1.734,8.398,-0.388
1998-10-20 09:00:00,8.81,-3.621,6.16,2.388
1998-10-20 10:00:00,9.577,-5.092,3.278,1.285
1998-10-20 11:00:00,8.237,-6.319,3.521,-1.919
1998-10-20 12:00:00,7.768,-6.519,-0.406,-2.291
1998-10-20 13:00:00,8.901,-8.225,2.642,-1.792
1998-10-20 14:00:00,9.284,-8.711,2.338,-1.863
1998-10-20 15:00:00,9.319,-8.206,0.529,-3.833
1998-10-20 16:00:00,9.913,-8.471,-1.426,-4.777
1998-10-20 17:00:00,9.58,-6.997,-1.68,-5.918
1998-10-20 18:00:00,10.787,-5.946,8.19,1.978
1998-10-20 19:00:00,10.387,-6.623,4.419,-3.64
1998-10-20 20:00:00,10.465,-7.368,2.461,-6.09
1998-10-20 21:00:00,10.238,-7.859,5.507,-2.692
1998-10-20 22:00:00,9.505,-5.822,3.779,-4.878
1998-10-20 23:00:00,8.822,-5.185,4.273,-3.772
1998-10-21 00:00:00,8.079,-5.395,4.057,-2.405
1998-10-21 01:00:00,7.489,-3.936,4.43,-0.024
1998-10-21 02:00:00,7.257,-4.149,3.363,-2.459
1998-10-21 03:00:00,6.041,-0.238,1.851,-2.491
1998-10-21 04:00:00,5.315,-1.421,1.776,-2.941
1998-10-21 05:00:00,5.198,-1.788,3.442,-2.005
1998-10-21 06:00:00,6.314,-3.049,3.244,-4.025
1998-10-21 07:00:00,6.136,0.201,-1.303,-4.688
1998-10-21 08:00:00,7.32,3.306,-5.547,-2.063
1998-10-21 09:00:00,6.874,1.106,-6.347,-1.568
1998-10-21 10:00:00,6.63,2.173,-5.776,-1.126
1998-10-21 11:00:00,5.074,-1.955,-0.216,1.066
1998-10-21 12:00:00,4.884,-1.288,0.286,2.792
1998-10-21 13:00:00,4.909,0.684,-1.841,-2.755
1998-10-21 14:00:00,6.283,-3.647,3.564,-1.75
1998-10-21 15:00:00,6.163,-3.211,2.238,-2.061
1998-10-21 16:00:00,6.381,-1.074,-2.255,-3.235
1998-10-21 17:00:00,6.169,-4.049,2.824,-2.9
1998-10-21 18:00:00,6.121,-4.361,3.422,-0.225
1998-10-21 19:00:00,6.808,-5.483,2.22,1.747
1998-10-21 20:00:00,7.123,-5.891,3.474,0.675
1998-10-21 21:00:00,8.26,-7.028,2.472,2.961
1998-10-21 22:00:00,7.021,-6.222,0.243,2.593
1998-10-21 23:00:00,6.973,-5.744,3.001,1.03
1998-10-22 00:00:00,7.792,-6.835,2.278,0.98
1998-10-22 01:00:00,8.183,-7.425,1.78,2.048
1998-10-22 02:00:00,8.412,-6.018,4.457,2.601
1998-10-22 03:00:00,8.713,-4.701,1.456,6.212
1998-10-22 04:00:00,8.735,-5.643,5.585,-1.616
1998-10-22 05:00:00,8.281,-4.954,1.359,2.73
1998-10-22 06:00:00,7.169,-5.745,2.682,-1.772
1998-10-22 07:00:00,6.413,-4.302,3.202,-0.575
1998-10-22 08:00:00,6.403,-4.736,2.165,-0.043
1998-10-22 09:00:00,6.713,-6.002,2.153,0.456
1998-10-22 10:00:00,6.788,-5.611,2.475,-1.788
1998-10-22 11:00:00,6.44,-5.084,1.921,-2.448
1998-10-22 12:00:00,6.307,-4.304,1.83,-1.464
1998-10-22 13:00:00,5.994,-3.633,2.551,-2.7
1998-10-22 14:00:00,5.886,-4.859,0.229,-2.809
1998-10-22 15:00:00,5.781,-4.17,0.941,-3.697
1998-10-22 16:00:00,5.766,-4.77,1.476,-1.985
1998-10-22 17:00:00,5.486,-3.392,2.592,-2.403
1998-10-22 18:00:00,4.439,-2.834,2.623,-0.585
1998-10-22 19:00:00,3.878,-2.547,1.001,-1.583
1998-10-22 20:00:00,4.156,-3.234,-1.177,-0.196
1998-10-22 21:00:00,4.505,-2.984,-2.609,-1.814
1998-10-22 22:00:00,4.411,-0.608,-0.739,-1.639
1998-10-22 23:00:00,4.466,-1.513,3.503,0.776
1998-10-23 00:00:00,3.848,-2.407,1.465,-0.231
1998-10-23 01:00:00,4.744,-2.225,3.57,-0.468
1998-10-23 02:00:00,4.842,-1.963,3.676,-0.458
1998-10-23 03:00:00,5.095,-2.905,3.679,0.626
1998-10-23 04:00:00,5.222,-2.721,3.777,0.55
1998-10-23 05:00:00,5.422,-0.158,5.184,0.231
1998-10-23 06:00:00,5.653,-2.054,4.649,-0.323
1998-10-23 07:00:00,5.862,-1.111,5.345,0.381
1998-10-23 08:00:00,5.461,-1.097,4.007,0.377
1998-10-23 09:00:00,4.983,-4.089,0.765,0.618
1998-10-23 10:00:00,4.603,-1.255,3.102,-1.463
1998-10-23 11:00:00,4.584,-2.958,-0.098,-1.986
1998-10-23 12:00:00,6.361,-5.16,0.312,-0.468
1998-10-23 13:00:00,7.567,-6.504,1.687,-0.876
1998-10-23 14:00:00,10.355,-6.169,5.731,1.873
1998-10-23 15:00:00,10.939,-1.385,9.004,-2.825
1998-10-23 16:00:00,12.422,-3.236,11.838,-1.207
1998-10-23 17:00:00,10.24,2.153,7.861,-3.024
1998-10-23 18:00:00,8.899,3.324,7.14,-1.489
1998-10-23 19:00:00,8.704,2.93,7.854,-0.792
1998-10-23 20:00:00,9.077,4.131,7.667,-1.866
1998-10-23 21:00:00,8.0,2.369,6.798,-3.17
1998-10-23 22:00:00,7.547,4.126,5.214,-2.532
1998-10-23 23:00:00,6.783,4.399,4.374,-2.641
1998-10-24 00:00:00,6.281,3.828,4.555,-1.818
1998-10-24 01:00:00,6.207,4.078,3.924,-2.34
1998-10-24 02:00:00,5.854,3.896,3.126,-2.935
1998-10-24 03:00:00,5.629,2.517,3.713,-1.212
1998-10-24 04:00:00,5.295,0.893,4.878,1.107
1998-10-24 05:00:00,5.686,1.104,5.436,0.329
1998-10-24 06:00:00,5.456,1.776,4.817,-0.897
1998-10-24 07:00:00,5.377,0.362,4.316,0.26
1998-10-24 08:00:00,5.599,-1.522,4.728,2.171
1998-10-24 09:00:00,5.598,1.568,4.832,-0.615
1998-10-24 10:00:00,4.894,3.618,2.81,-1.437
1998-10-24 11:00:00,4.849,3.173,3.499,-0.803
1998-10-24 12:00:00,5.185,4.259,2.378,-1.557
1998-10-24 13:00:00,5.182,4.433,1.891,-1.746
1998-10-24 14:00:00,5.045,4.319,0.782,-2.197
1998-10-24 15:00:00,4.826,3.521,-0.767,-3.058
1998-10-24 16:00:00,4.686,3.562,0.292,-2.678
1998-10-24 17:00:00,4.669,3.858,0.886,-2.337
1998-10-24 18:00:00,3.859,2.665,1.069,-0.745
1998-10-24 19:00:00,3.507,-1.021,1.724,1.716
1998-10-24 20:00:00,5.115,2.22,3.332,-1.735
1998-10-24 21:00:00,5.163,3.317,2.709,-2.728
1998-10-24 22:00:00,5.574,3.671,2.253,-3.492
1998-10-24 23:00:00,5.184,1.754,1.743,-4.067
1998-10-25 00:00:00,5.137,0.371,2.11,-4.163
1998-10-25 01:00:00,5.152,0.758,1.192,-4.71
1998-10-25 02:00:00,5.247,2.26,2.388,-3.838
1998-10-25 03:00:00,4.975,2.875,1.412,-3.696
1998-10-25 04:00:00,4.869,2.893,1.953,-3.349
1998-10-25 05:00:00,5.05,3.256,1.451,-3.421
1998-10-25 06:00:00,5.327,4.093,0.782,-3.234
1998-10-25 07:00:00,5.247,3.671,1.123,-3.518
1998-10-25 08:00:00,5.153,3.795,0.35,-3.353
1998-10-25 09:00:00,5.141,2.431,1.676,-4.063
1998-10-25 10:00:00,4.007,0.514,1.552,-3.366
1998-10-25 11:00:00,4.738,-0.42,2.822,-3.406
1998-10-25 12:00:00,4.819,-2.542,3.257,-1.956
1998-10-25 13:00:00,4.937,-2.69,2.838,-1.302
1998-10-25 14:00:00,5.304,-1.998,3.833,-2.824
1998-10-25 15:00:00,5.574,-3.032,3.712,-2.608
1998-10-25 16:00:00,5.236,-3.819,1.403,-2.84
1998-10-25 17:00:00,5.311,-4.473,1.389,-1.777
1998-10-25 18:00:00,5.445,-5.162,1.565,0.03
1998-10-25 19:00:00,5.98,-4.89,2.829,-0.188
1998-10-25 20:00:00,5.579,-4.47,0.607,2.901
1998-10-25 21:00:00,4.884,-3.813,-0.265,2.805
1998-10-25 22:00:00,5.132,-3.136,-0.232,3.948
1998-10-25 23:00:00,4.125,-0.247,-1.387,2.977
1998-10-26 00:00:00,3.775,3.426,-0.945,-1.066
1998-10-26 01:00:00,5.764,-3.486,-0.835,1.576
1998-10-26 02:00:00,6.286,-5.644,0.504,2.591
1998-10-26 03:00:00,5.202,-3.165,1.265,-1.504
1998-10-26 04:00:00,5.304,-3.264,1.997,-2.929
1998-10-26 05:00:00,5.392,-3.521,2.565,-1.585
1998-10-26 06:00:00,5.829,-3.273,0.456,-2.081
1998-10-26 07:00:00,5.41,-3.964,-0.212,-2.517
1998-10-26 08:00:00,6.619,-6.01,2.302,-0.629
1998-10-26 09:00:00,6.144,-4.162,1.426,3.997
1998-10-26 10:00:00,6.133,-4.652,1.876,3.07
1998-10-26 11:00:00,5.776,-3.185,4.201,1.28
1998-10-26 12:00:00,6.089,-3.218,4.048,2.41
1998-10-26 13:00:00,5.942,-3.153,3.816,2.472
1998-10-26 14:00:00,6.068,-3.755,3.212,3.025
1998-10-26 15:00:00,6.252,-3.659,4.251,1.185
1998-10-26 16:00:00,5.936,-2.317,2.413,4.53
1998-10-26 17:00:00,5.691,-1.154,2.806,4.361
1998-10-26 18:00:00,5.289,-2.198,3.536,0.535
1998-10-26 19:00:00,5.229,-4.3,2.114,1.271
1998-10-26 20:00:00,5.424,-4.078,2.911,-0.058
1998-10-26 21:00:00,5.3,-2.808,4.054,-1.149
1998-10-26 22:00:00,5.248,-3.239,3.91,-0.18
1998-10-26 23:00:00,5.219,-3.76,3.353,0.007
1998-10-27 00:00:00,5.18,-4.205,2.661,0.927
1998-10-27 01:00:00,4.979,-3.286,3.187,0.23
1998-10-27 02:00:00,4.359,0.316,3.371,0.063
1998-10-27 03:00:00,4.433,-2.343,3.198,-0.154
1998-10-27 04:00:00,4.728,-1.595,3.99,0.67
1998-10-27 05:00:00,4.593,-0.76,4.209,-0.958
1998-10-27 06:00:00,4.973,-4.106,0.878,-1.185
1998-10-27 07:00:00,5.24,-4.364,2.099,-0.28
1998-10-27 08:00:00,5.97,-4.322,3.145,-1.574
1998-10-27 09:00:00,6.757,-5.443,3.408,-0.612
1998-10-27 10:00:00,7.42,-6.365,2.271,-2.861
1998-10-27 11:00:00,7.499,-5.578,2.214,-1.999
1998-10-27 12:00:00,7.966,-4.276,4.808,-1.457
1998-10-27 13:00:00,6.689,3.979,1.185,4.455
1998-10-27 14:00:00,7.943,6.443,-3.918,1.554
1998-10-27 15:00:00,7.115,3.611,-5.735,-0.328
1998-10-27 16:00:00,8.881,5.556,-6.418,1.333
1998-10-27 17:00:00,9.778,7.92,-2.417,4.441
1998-10-27 18:00:00,10.49,8.562,-1.348,5.002
1998-10-27 19:00:00,8.953,5.476,-2.683,5.145
1998-10-27 20:00:00,6.987,-5.169,0.475,-2.695
1998-10-27 21:00:00,7.471,-0.731,3.22,-6.122
1998-10-27 22:00:00,7.326,5.327,-2.148,-3.064
1998-10-27 23:00:00,7.288,5.069,-4.469,1.24
1998-10-28 00:00:00,7.823,6.037,-2.701,1.774
1998-10-28 01:00:00,9.246,2.486,4.291,4.638
1998-10-28 02:00:00,10.121,5.142,-6.533,3.457
1998-10-28 03:00:00,11.223,5.845,-8.913,2.643
1998-10-28 04:00:00,11.331,4.997,-9.596,2.25
1998-10-28 05:00:00,11.34,4.674,-9.242,3.149
1998-10-28 06:00:00,11.867,6.284,-8.896,-0.088
1998-10-28 07:00:00,12.54,8.947,-7.931,1.135
1998-10-28 08:00:00,11.734,5.252,-8.742,5.309
1998-10-28 09:00:00,9.666,1.166,-7.315,4.263
1998-10-28 10:00:00,9.38,2.026,-5.699,4.227
1998-10-28 11:00:00,9.67,3.339,-6.744,3.162
1998-10-28 12:00:00,10.216,4.718,-7.617,2.78
1998-10-28 13:00:00,9.221,5.044,-5.605,3.896
1998-10-28 14:00:00,9.533,3.381,-7.986,2.76
1998-10-28 15:00:00,9.993,3.954,-8.549,2.155
1998-10-28 16:00:00,11.568,3.803,-10.729,0.807
1998-10-28 17:00:00,9.959,7.279,-4.37,1.331
1998-10-28 18:00:00,11.171,5.998,-8.151,2.027
1998-10-28 19:00:00,11.657,4.989,-8.518,5.353
1998-10-28 20:00:00,10.052,5.713,-4.4,2.974
1998-10-28 21:00:00,9.15,3.841,-4.252,4.291
1998-10-28 22:00:00,9.256,5.284,-6.181,0.704
1998-10-28 23:00:00,8.975,5.033,-5.913,0.196
1998-10-29 00:00:00,8.791,5.15,-6.409,-0.592
1998-10-29 01:00:00,8.487,4.989,-2.03,1.098
1998-10-29 02:00:00,8.454,5.799,-0.279,5.601
1998-10-29 03:00:00,8.507,3.944,-2.816,4.631
1998-10-29 04:00:00,8.459,4.866,-5.032,3.026
1998-10-29 05:00:00,7.804,5.207,-3.842,1.957
1998-10-29 06:00:00,6.855,1.715,-3.759,3.856
1998-10-29 07:00:00,6.854,3.265,-3.231,2.234
1998-10-29 08:00:00,6.473,-0.203,-2.425,3.35
1998-10-29 09:00:00,6.721,-0.377,-3.559,5.036
1998-10-29 10:00:00,6.522,4.584,-3.181,2.281
1998-10-29 11:00:00,5.779,5.287,-1.81,0.331
1998-10-29 12:00:00,4.792,4.252,-1.481,0.153
1998-10-29 13:00:00,5.363,2.615,-2.112,1.904
1998-10-29 14:00:00,6.634,2.991,-1.264,2.407
1998-10-29 15:00:00,6.735,3.503,-3.893,-0.294
1998-10-29 16:00:00,7.22,3.329,-5.817,0.473
1998-10-29 17:00:00,6.758,1.476,-4.132,4.327
1998-10-29 18:00:00,6.479,2.37,-4.617,1.394
1998-10-29 19:00:00,6.447,4.084,-3.752,0.974
1998-10-29 20:00:00,6.165,2.989,-2.805,-0.567
1998-10-29 21:00:00,5.964,1.34,-3.245,2.654
1998-10-29 22:00:00,6.19,3.664,-3.366,1.624
1998-10-29 23:00:00,6.352,4.578,-2.716,-1.36
1998-10-30 00:00:00,5.745,2.67,-3.073,2.29
1998-10-30 01:00:00,5.583,2.932,-2.651,0.952
1998-10-30 02:00:00,6.136,3.583,-3.411,1.748
1998-10-30 03:00:00,6.092,3.452,-3.381,-0.719
1998-10-30 04:00:00,5.332,2.564,-1.422,-0.604
1998-10-30 05:00:00,4.49,1.453,1.656,2.563
1998-10-30 06:00:00,5.228,2.687,-1.651,1.929
1998-10-30 07:00:00,5.249,4.56,-1.298,0.01
1998-10-30 08:00:00,5.178,4.539,-1.654,-0.408
1998-10-30 09:00:00,5.015,4.21,-1.575,1.15
1998-10-30 10:00:00,4.84,4.415,-0.581,1.475
1998-10-30 11:00:00,4.748,2.767,-1.261,3.223
1998-10-30 12:00:00,4.627,2.97,-1.898,2.308
1998-10-30 13:00:00,4.374,3.231,-1.766,2.173
1998-10-30 14:00:00,4.572,2.951,-2.812,1.831
1998-10-30 15:00:00,4.181,2.629,-2.705,1.651
1998-10-30 16:00:00,4.273,2.633,-3.148,1.032
1998-10-30 17:00:00,4.806,2.299,-4.008,0.441
1998-10-30 18:00:00,4.665,2.704,-3.5,1.033
1998-10-30 19:00:00,4.633,2.514,-3.724,0.8
1998-10-30 20:00:00,4.594,3.382,-3.012,0.02
1998-10-30 21:00:00,4.386,3.749,-1.888,0.188
1998-10-30 22:00:00,3.866,2.918,-1.816,0.68
1998-10-30 23:00:00,3.895,-0.754,-2.653,0.163
1998-10-31 00:00:00,4.038,1.771,-2.631,-0.238
1998-10-31 01:00:00,4.197,-0.178,-2.937,-0.382
1998-10-31 02:00:00,4.495,1.533,-3.96,-0.015
1998-10-31 03:00:00,4.417,1.145,-3.706,0.084
1998-10-31 04:00:00,4.49,1.913,-3.814,0.046
1998-10-31 05:00:00,4.505,2.426,-3.553,0.226
1998-10-31 06:00:00,4.801,2.62,-3.385,1.639
1998-10-31 07:00:00,5.313,3.673,-3.58,0.792
1998-10-31 08:00:00,4.935,1.945,-4.206,0.54
1998-10-31 09:00:00,5.079,0.205,-4.449,1.811
1998-10-31 10:00:00,5.84,-0.817,-5.498,1.246
1998-10-31 11:00:00,6.128,-1.033,-5.737,0.959
1998-10-31 12:00:00,6.21,-1.317,-4.448,3.878
1998-10-31 13:00:00,5.533,-0.795,-2.875,4.258
1998-10-31 14:00:00,5.914,-0.739,-4.943,2.316
1998-10-31 15:00:00,5.954,-0.468,-4.875,1.959
1998-10-31 16:00:00,6.454,0.582,-5.963,0.567
1998-10-31 17:00:00,6.182,-0.099,-4.62,-3.384
1998-10-31 18:00:00,5.923,-0.983,-5.379,0.424
1998-10-31 19:00:00,5.686,-1.26,-5.001,1.048
1998-10-31 20:00:00,5.778,1.414,-5.158,2.017
1998-10-31 21:00:00,5.402,1.833,-4.003,2.483
1998-10-31 22:00:00,4.953,0.816,-3.462,0.543
1998-10-31 23:00:00,5.097,3.181,-2.299,0.721
1998-11-01 00:00:00,4.612,1.712,-3.261,-1.739
1998-11-01 01:00:00,5.015,2.121,-3.676,0.64
1998-11-01 02:00:00,5.258,3.079,-3.49,2.338
1998-11-01 03:00:00,5.218,2.452,-3.43,2.759
1998-11-01 04:00:00,5.031,2.58,-2.931,2.888
1998-11-01 05:00:00,4.493,3.345,-2.19,1.686
1998-11-01 06:00:00,4.358,3.892,-0.677,0.507
1998-11-01 07:00:00,4.898,3.457,-0.89,2.199
1998-11-01 08:00:00,5.235,2.689,-2.229,3.689
1998-11-01 09:00:00,4.902,3.951,-1.715,1.728
1998-11-01 10:00:00,4.439,1.686,-1.813,3.113
1998-11-01 11:00:00,4.274,2.233,-1.188,3.067
1998-11-01 12:00:00,4.218,1.861,-0.836,3.207
1998-11-01 13:00:00,4.165,1.826,-3.009,1.429
1998-11-01 14:00:00,4.45,3.425,-2.422,0.176
1998-11-01 15:00:00,4.672,3.895,-1.718,0.028
1998-11-01 16:00:00,4.407,3.751,0.124,1.798
1998-11-01 17:00:00,4.478,3.658,-1.54,-1.047
1998-11-01 18:00:00,4.456,3.945,-1.715,-0.604
1998-11-01 19:00:00,4.294,3.157,-2.034,0.052
1998-11-01 20:00:00,4.227,0.526,0.639,2.935
1998-11-01 21:00:00,4.537,-2.835,3.488,0.106
1998-11-01 22:00:00,4.491,-0.2,-1.556,-1.119
1998-11-01 23:00:00,4.931,-1.131,-3.922,-2.603
1998-11-02 00:00:00,4.072,-2.428,-2.899,-0.839
1998-11-02 01:00:00,3.789,-2.919,-0.669,0.141
1998-11-02 02:00:00,3.281,-0.702,-0.962,0.559
1998-11-02 03:00:00,3.506,-2.729,1.089,1.808
1998-11-02 04:00:00,3.642,-2.801,2.044,0.967
1998-11-02 05:00:00,4.625,-3.739,2.563,0.856
1998-11-02 06:00:00,4.756,-3.942,2.519,0.699
1998-11-02 07:00:00,4.797,-3.534,3.211,0.085
1998-11-02 08:00:00,4.976,-3.408,3.577,-0.151
1998-11-02 09:00:00,4.888,-3.571,3.153,-0.817
1998-11-02 10:00:00,4.776,-3.882,2.085,-1.457
1998-11-02 11:00:00,4.881,-4.456,1.746,-0.656
1998-11-02 12:00:00,4.864,-4.245,1.851,-0.923
1998-11-02 13:00:00,4.614,-3.392,0.889,-1.407
1998-11-02 14:00:00,4.607,-1.216,0.24,3.808
1998-11-02 15:00:00,4.81,-2.868,0.459,3.727
1998-11-02 16:00:00,4.693,-3.958,-0.041,-0.232
1998-11-02 17:00:00,4.432,-2.026,-0.692,-3.02
1998-11-02 18:00:00,4.564,-1.814,1.436,-3.788
1998-11-02 19:00:00,1.482,-0.19,0.211,-0.168
1998-11-02 20:00:00,2.145,-0.768,-0.127,0.02
1998-11-02 21:00:00,2.508,-1.13,-1.676,0.455
1998-11-02 22:00:00,3.7,-3.286,1.527,-0.271
1998-11-02 23:00:00,2.833,-2.411,-0.874,0.091
1998-11-03 00:00:00,2.236,-1.955,0.312,-0.891
1998-11-03 01:00:00,3.733,-2.893,2.077,-0.966
1998-11-03 02:00:00,4.091,-3.017,0.651,0.046
1998-11-03 03:00:00,4.866,-4.405,1.02,0.691
1998-11-03 04:00:00,4.121,-3.484,1.18,0.93
1998-11-03 05:00:00,6.236,-5.587,0.951,2.378
1998-11-03 06:00:00,7.159,-6.039,2.679,2.571
1998-11-03 07:00:00,7.025,-5.462,3.874,-0.385
1998-11-03 08:00:00,6.721,-3.74,5.013,-1.863
1998-11-03 09:00:00,6.917,-5.628,3.862,0.051
1998-11-03 10:00:00,6.611,-5.306,3.365,1.583
1998-11-03 11:00:00,6.259,-5.104,3.207,0.047
1998-11-03 12:00:00,6.078,-5.379,2.421,1.18
1998-11-03 13:00:00,5.692,-4.883,2.469,-0.755
1998-11-03 14:00:00,5.602,-4.776,2.626,-1.064
1998-11-03 15:00:00,5.404,-2.905,2.685,-2.713
1998-11-03 16:00:00,4.623,-3.19,1.007,-1.907
1998-11-03 17:00:00,4.361,-3.772,-0.778,-0.599
1998-11-03 18:00:00,4.678,-4.282,-1.293,-0.092
1998-11-03 19:00:00,4.443,-3.459,1.444,-0.41
1998-11-03 20:00:00,4.294,-2.778,1.488,-0.047
1998-11-03 21:00:00,4.574,3.057,1.61,-1.98
1998-11-03 22:00:00,3.851,2.324,1.489,-1.09
1998-11-03 23:00:00,3.391,-1.419,1.517,-0.616
1998-11-04 00:00:00,3.446,-2.013,0.713,-0.843
1998-11-04 01:00:00,4.205,0.784,2.428,-1.378
1998-11-04 02:00:00,4.735,-1.493,2.094,-0.877
1998-11-04 03:00:00,5.098,-4.907,0.248,1.252
1998-11-04 04:00:00,5.291,-4.912,1.087,1.283
1998-11-04 05:00:00,5.119,-3.829,3.129,-0.859
1998-11-04 06:00:00,4.668,-2.457,2.475,-2.646
1998-11-04 07:00:00,4.12,-1.899,2.059,-2.55
1998-11-04 08:00:00,4.537,-3.887,0.781,-1.345
1998-11-04 09:00:00,4.75,-4.556,-0.603,-1.104
1998-11-04 10:00:00,4.861,-4.791,-0.681,-0.105
1998-11-04 11:00:00,4.952,-4.859,-0.166,0.62
1998-11-04 12:00:00,4.932,-4.702,0.329,1.139
1998-11-04 13:00:00,4.966,-2.367,1.972,-0.65
1998-11-04 14:00:00,5.115,0.85,3.385,-3.5
1998-11-04 15:00:00,5.305,0.281,3.884,-3.495
1998-11-04 16:00:00,5.435,2.874,2.63,-3.57
1998-11-04 17:00:00,5.456,2.227,3.504,-3.347
1998-11-04 18:00:00,5.424,0.892,4.651,-2.411
1998-11-04 19:00:00,5.381,0.385,4.551,-2.503
1998-11-04 20:00:00,5.124,-0.285,4.342,-2.456
1998-11-04 21:00:00,5.078,-1.432,4.699,-0.672
1998-11-04 22:00:00,5.113,-1.545,3.608,-0.602
1998-11-04 23:00:00,5.209,-3.094,3.522,-1.346
1998-11-05 00:00:00,5.788,-4.592,2.505,-0.205
1998-11-05 01:00:00,6.161,-4.381,4.173,-0.736
1998-11-05 02:00:00,5.908,-5.031,2.841,0.832
1998-11-05 03:00:00,5.962,-4.532,2.9,0.407
1998-11-05 04:00:00,5.939,-4.566,2.486,-1.623
1998-11-05 05:00:00,6.123,-4.335,3.91,-1.72
1998-11-05 06:00:00,6.457,-4.073,4.269,-2.55
1998-11-05 07:00:00,6.66,-3.297,5.037,-2.621
1998-11-05 08:00:00,6.888,-2.809,6.022,-1.32
1998-11-05 09:00:00,6.73,-3.049,5.609,-1.329
1998-11-05 10:00:00,7.99,-3.234,6.311,-2.832
1998-11-05 11:00:00,8.464,-3.758,7.095,-1.459
1998-11-05 12:00:00,7.424,-2.538,5.176,-0.775
1998-11-05 13:00:00,7.069,-1.791,2.53,-4.647
1998-11-05 14:00:00,6.637,-3.385,2.019,-3.659
1998-11-05 15:00:00,7.043,-2.339,5.337,-2.973
1998-11-05 16:00:00,6.875,-1.786,5.776,-1.549
1998-11-05 17:00:00,6.229,-1.624,4.935,-2.064
1998-11-05 18:00:00,6.214,-1.037,4.646,-2.142
1998-11-05 19:00:00,5.902,-1.764,5.166,-1.239
1998-11-05 20:00:00,5.263,-2.086,4.262,-0.372
1998-11-05 21:00:00,5.166,-2.902,3.748,-1.425
1998-11-05 22:00:00,5.617,-2.03,4.545,-0.198
1998-11-05 23:00:00,5.391,-2.806,4.345,0.608
1998-11-06 00:00:00,5.627,-1.82,3.475,-0.372
1998-11-06 01:00:00,6.816,2.74,5.518,-1.462
1998-11-06 02:00:00,7.595,1.723,6.124,-3.623
1998-11-06 03:00:00,8.599,0.464,6.693,-5.078
1998-11-06 04:00:00,9.136,1.226,4.887,-7.043
1998-11-06 05:00:00,9.077,2.056,3.972,-7.755
1998-11-06 06:00:00,9.066,-0.175,0.142,-8.863
1998-11-06 07:00:00,8.448,-2.042,-0.745,-7.212
1998-11-06 08:00:00,6.898,-2.025,3.611,-3.925
1998-11-06 09:00:00,7.029,-1.483,4.042,-3.591
1998-11-06 10:00:00,7.045,-2.043,3.727,-4.217
1998-11-06 11:00:00,7.487,-0.518,4.861,-3.514
1998-11-06 12:00:00,8.345,-0.94,3.983,-6.635
1998-11-06 13:00:00,8.939,0.541,4.939,-7.015
1998-11-06 14:00:00,7.593,0.611,4.619,-2.761
1998-11-06 15:00:00,7.579,-2.608,2.651,-5.486
1998-11-06 16:00:00,7.753,-0.464,4.523,-4.374
1998-11-06 17:00:00,7.316,-0.516,5.292,-0.291
1998-11-06 18:00:00,7.448,-0.385,6.255,1.714
1998-11-06 19:00:00,7.223,-0.109,6.02,-3.347
1998-11-06 20:00:00,6.718,-3.625,3.989,-1.914
1998-11-06 21:00:00,7.414,-2.21,4.913,-4.561
1998-11-06 22:00:00,7.494,0.136,5.304,2.506
1998-11-06 23:00:00,8.225,-1.337,4.492,-5.509
1998-11-07 00:00:00,7.263,-4.064,5.001,-1.802
1998-11-07 01:00:00,6.94,-2.969,5.785,-0.847
1998-11-07 02:00:00,6.67,-2.199,5.288,-2.082
1998-11-07 03:00:00,6.163,-3.369,3.977,-0.81
1998-11-07 04:00:00,6.469,-3.294,4.325,-2.441
1998-11-07 05:00:00,6.223,-4.879,3.457,0.722
1998-11-07 06:00:00,6.077,-4.1,2.661,-0.137
1998-11-07 07:00:00,7.858,-4.126,4.637,0.141
1998-11-07 08:00:00,9.13,-5.505,-0.007,1.727
1998-11-07 09:00:00,7.419,-1.244,-0.155,-0.57
1998-11-07 10:00:00,9.496,1.866,7.381,-2.893
1998-11-07 11:00:00,11.744,3.698,5.998,-8.857
1998-11-07 12:00:00,12.886,4.286,8.536,-8.546
1998-11-07 13:00:00,12.301,4.511,8.905,-6.92
1998-11-07 14:00:00,12.216,4.039,8.023,-7.792
1998-11-07 15:00:00,9.613,3.383,6.757,-3.358
1998-11-07 16:00:00,9.964,3.781,8.3,-2.855
1998-11-07 17:00:00,9.284,3.947,6.605,-1.615
1998-11-07 18:00:00,8.533,5.493,2.232,4.064
1998-11-07 19:00:00,8.609,1.815,8.1,1.504
1998-11-07 20:00:00,9.279,2.77,8.096,2.875
1998-11-07 21:00:00,11.293,2.634,10.258,0.813
1998-11-07 22:00:00,14.262,4.059,11.751,-6.716
1998-11-07 23:00:00,15.526,6.592,9.088,-10.413
1998-11-08 00:00:00,16.05,5.215,7.849,-12.761
1998-11-08 01:00:00,16.368,5.148,8.235,-12.745
1998-11-08 02:00:00,16.359,4.723,11.631,-10.282
1998-11-08 03:00:00,16.769,4.846,8.483,-12.826
1998-11-08 04:00:00,28.236,2.347,21.841,-15.881
1998-11-08 05:00:00,35.937,6.094,31.171,-14.525
1998-11-08 06:00:00,35.176,5.783,33.881,-6.392
1998-11-08 07:00:00,32.374,0.849,30.86,4.554
1998-11-08 08:00:00,31.242,-3.659,28.635,11.486
1998-11-08 09:00:00,29.752,-1.684,28.131,9.22
1998-11-08 10:00:00,27.551,-0.409,25.808,8.829
1998-11-08 11:00:00,27.89,-0.77,24.45,11.787
1998-11-08 12:00:00,26.547,-9.281,8.948,22.753
1998-11-08 13:00:00,25.847,-7.966,-0.488,24.386
1998-11-08 14:00:00,27.092,-7.803,-12.796,21.706
1998-11-08 15:00:00,26.567,-6.392,-11.07,21.257
1998-11-08 16:00:00,23.141,-3.368,-4.123,22.307
1998-11-08 17:00:00,23.529,0.574,4.914,22.393
1998-11-08 18:00:00,21.237,-3.062,6.167,19.576
1998-11-08 19:00:00,20.901,-4.874,7.559,18.585
1998-11-08 20:00:00,21.053,-2.247,8.141,18.863
1998-11-08 21:00:00,21.522,-3.064,11.564,16.877
1998-11-08 22:00:00,21.307,3.957,18.229,9.42
1998-11-08 23:00:00,21.123,6.282,17.48,5.615
1998-11-09 00:00:00,20.92,8.235,18.503,2.244
1998-11-09 01:00:00,19.784,6.342,17.772,5.685
1998-11-09 02:00:00,19.536,5.983,17.341,5.777
1998-11-09 03:00:00,18.482,7.404,12.367,-9.088
1998-11-09 04:00:00,17.806,7.311,6.439,-14.36
1998-11-09 05:00:00,17.652,6.862,5.105,-15.177
1998-11-09 06:00:00,17.58,7.352,3.339,-15.552
1998-11-09 07:00:00,17.037,7.56,0.082,-15.209
1998-11-09 08:00:00,16.673,6.811,0.12,-15.101
1998-11-09 09:00:00,16.483,7.053,-1.978,-14.659
1998-11-09 10:00:00,14.051,6.366,-3.56,-11.821
1998-11-09 11:00:00,14.259,5.32,-4.029,-12.476
1998-11-09 12:00:00,14.322,4.692,-2.64,-13.072
1998-11-09 13:00:00,14.399,4.519,-4.406,-12.875
1998-11-09 14:00:00,14.189,5.017,-3.712,-12.639
1998-11-09 15:00:00,14.04,4.44,-6.142,-11.686
1998-11-09 16:00:00,14.076,2.739,-8.937,-10.466
1998-11-09 17:00:00,13.843,3.642,-8.507,-10.148
1998-11-09 18:00:00,13.789,4.018,-7.332,-10.937
1998-11-09 19:00:00,13.62,3.72,-8.058,-10.28
1998-11-09 20:00:00,13.322,3.25,-8.029,-9.94
1998-11-09 21:00:00,12.776,-0.076,-11.323,-5.558
1998-11-09 22:00:00,12.226,-0.344,-11.919,-1.948
1998-11-09 23:00:00,11.462,-1.607,-10.673,3.071
1998-11-10 00:00:00,10.545,-2.54,-7.599,6.58
1998-11-10 01:00:00,9.692,-2.415,-5.217,6.618
1998-11-10 02:00:00,8.694,-0.945,-6.654,2.228
1998-11-10 03:00:00,7.352,-1.425,-6.124,1.888
1998-11-10 04:00:00,5.923,-0.981,-4.586,3.31
1998-11-10 05:00:00,5.265,-0.971,-2.764,2.427
1998-11-10 06:00:00,4.839,-4.05,2.4,-0.64
1998-11-10 07:00:00,5.012,-4.312,2.244,-1.151
1998-11-10 08:00:00,5.182,-4.868,1.43,-0.994
1998-11-10 09:00:00,5.063,-4.773,1.146,-1.156
1998-11-10 10:00:00,4.986,-4.704,1.236,-1.014
1998-11-10 11:00:00,4.623,-4.444,1.142,-0.345
1998-11-10 12:00:00,4.585,-4.444,1.068,-0.25
1998-11-10 13:00:00,4.358,-4.255,0.897,-0.119
1998-11-10 14:00:00,4.039,-3.873,1.012,0.312
1998-11-10 15:00:00,3.863,-3.451,1.414,0.802
1998-11-10 16:00:00,3.952,-3.656,0.922,1.033
1998-11-10 17:00:00,3.759,-3.561,0.569,0.98
1998-11-10 18:00:00,3.472,-3.281,0.415,1.042
1998-11-10 19:00:00,3.297,-3.141,0.533,0.816
1998-11-10 20:00:00,2.668,-2.547,0.068,0.763
1998-11-10 21:00:00,2.354,-1.906,-0.309,1.186
1998-11-10 22:00:00,2.385,-2.119,-0.446,0.9
1998-11-10 23:00:00,2.14,-1.767,-0.639,0.841
1998-11-11 00:00:00,2.272,-0.762,-0.48,1.487
1998-11-11 01:00:00,3.086,1.129,-1.152,1.563
1998-11-11 02:00:00,3.655,2.856,-0.504,2.103
1998-11-11 03:00:00,3.507,2.283,-0.526,2.408
1998-11-11 04:00:00,3.585,2.041,-0.183,1.906
1998-11-11 05:00:00,3.486,2.847,0.936,1.546
1998-11-11 06:00:00,3.561,0.142,1.096,3.236
1998-11-11 07:00:00,4.2,1.771,1.468,3.322
1998-11-11 08:00:00,4.316,-2.55,-0.769,3.281
1998-11-11 09:00:00,4.324,-2.302,-0.925,3.386
1998-11-11 10:00:00,4.797,-2.148,-1.873,3.788
1998-11-11 11:00:00,4.851,-2.639,-0.431,3.951
1998-11-11 12:00:00,5.524,-2.369,-0.092,4.892
1998-11-11 13:00:00,5.86,-3.069,-0.556,4.91
1998-11-11 14:00:00,5.461,-2.924,-1.884,4.184
1998-11-11 15:00:00,4.962,-2.138,-2.257,3.812
1998-11-11 16:00:00,5.003,-2.314,-2.974,3.119
1998-11-11 17:00:00,4.813,0.313,-2.789,2.36
1998-11-11 18:00:00,5.047,3.445,-3.575,-0.239
1998-11-11 19:00:00,5.401,5.006,-1.319,-1.244
1998-11-11 20:00:00,5.008,4.344,0.019,-2.408
1998-11-11 21:00:00,5.053,4.408,-2.283,-0.535
1998-11-11 22:00:00,5.122,4.562,-2.228,-0.318
1998-11-11 23:00:00,5.031,4.398,-2.246,-0.32
1998-11-12 00:00:00,5.158,4.128,-2.904,-0.697
1998-11-12 01:00:00,5.354,3.632,-3.705,-0.857
1998-11-12 02:00:00,5.457,4.199,-3.215,-0.925
1998-11-12 03:00:00,5.405,4.274,-3.08,0.188
1998-11-12 04:00:00,5.338,3.738,-2.436,-0.463
1998-11-12 05:00:00,5.564,3.121,-4.104,1.548
1998-11-12 06:00:00,7.056,4.137,-5.313,0.698
1998-11-12 07:00:00,7.405,4.14,-3.486,3.276
1998-11-12 08:00:00,7.205,2.679,-5.087,3.208
1998-11-12 09:00:00,6.456,2.043,-3.585,4.58
1998-11-12 10:00:00,6.571,0.288,-4.473,3.708
1998-11-12 11:00:00,6.212,5.722,1.155,1.128
1998-11-12 12:00:00,5.97,5.163,-2.228,1.516
1998-11-12 13:00:00,5.778,4.814,-2.445,1.675
1998-11-12 14:00:00,5.744,2.475,-4.009,2.993
1998-11-12 15:00:00,5.646,2.321,-4.303,2.253
1998-11-12 16:00:00,6.369,-0.679,-1.403,5.793
1998-11-12 17:00:00,6.947,0.842,-3.033,5.404
1998-11-12 18:00:00,8.515,4.911,-6.464,2.063
1998-11-12 19:00:00,8.103,4.475,-6.151,0.975
1998-11-12 20:00:00,9.121,5.734,-6.935,-0.22
1998-11-12 21:00:00,8.837,5.658,-6.581,-1.109
1998-11-12 22:00:00,9.161,5.853,-6.738,1.46
1998-11-12 23:00:00,10.237,5.098,-4.933,-1.534
1998-11-13 00:00:00,11.792,1.67,-1.424,-8.986
1998-11-13 01:00:00,12.304,1.46,2.245,-11.825
1998-11-13 02:00:00,13.864,2.412,9.496,6.763
1998-11-13 03:00:00,14.316,2.632,12.184,3.325
1998-11-13 04:00:00,18.367,2.915,16.579,-5.451
1998-11-13 05:00:00,20.101,3.86,14.728,-12.899
1998-11-13 06:00:00,20.278,5.703,10.894,-15.997
1998-11-13 07:00:00,17.94,6.08,2.325,-15.514
1998-11-13 08:00:00,18.378,7.556,-3.147,-16.25
1998-11-13 09:00:00,18.346,5.77,0.963,-16.286
1998-11-13 10:00:00,19.0,7.92,5.281,-15.776
1998-11-13 11:00:00,18.851,5.326,1.643,-17.526
1998-11-13 12:00:00,18.309,5.657,0.351,-17.256
1998-11-13 13:00:00,18.005,7.606,9.539,-11.741
1998-11-13 14:00:00,17.774,4.018,-1.344,-15.97
1998-11-13 15:00:00,17.909,1.556,-5.439,-16.587
1998-11-13 16:00:00,17.654,2.563,-5.886,-16.194
1998-11-13 17:00:00,17.849,3.419,-6.833,-16.008
1998-11-13 18:00:00,17.598,2.494,-7.397,-15.636
1998-11-13 19:00:00,17.469,3.086,-10.811,-13.334
1998-11-13 20:00:00,16.773,2.812,-10.004,-13.074
1998-11-13 21:00:00,15.687,2.107,-8.341,-12.969
1998-11-13 22:00:00,15.318,1.749,-9.403,-11.673
1998-11-13 23:00:00,15.431,3.913,-6.186,-13.198
1998-11-14 00:00:00,15.778,4.17,-7.069,-13.251
1998-11-14 01:00:00,18.414,4.427,-4.579,-17.184
1998-11-14 02:00:00,17.585,2.311,-9.71,-14.007
1998-11-14 03:00:00,17.827,-0.195,-14.515,-9.574
1998-11-14 04:00:00,19.112,-0.4,-16.882,-6.556
1998-11-14 05:00:00,18.995,-1.472,-18.741,-2.024
1998-11-14 06:00:00,19.079,-2.411,-18.538,0.559
1998-11-14 07:00:00,17.859,1.603,3.307,-12.131
1998-11-14 08:00:00,18.323,-2.373,-8.362,-14.393
1998-11-14 09:00:00,21.331,-8.486,-18.823,-2.039
1998-11-14 10:00:00,20.253,-6.007,-14.184,-6.609
1998-11-14 11:00:00,17.715,-3.449,-12.053,-11.364
1998-11-14 12:00:00,19.716,-6.041,-17.4,-6.095
1998-11-14 13:00:00,21.029,-4.447,-18.689,-4.105
1998-11-14 14:00:00,16.313,6.672,-9.799,8.156
1998-11-14 15:00:00,15.143,5.228,-11.714,2.495
1998-11-14 16:00:00,15.31,1.059,-14.576,-3.35
1998-11-14 17:00:00,14.393,-3.363,-12.342,-4.886
1998-11-14 18:00:00,12.651,-0.918,-11.801,-3.715
1998-11-14 19:00:00,11.725,-0.059,-11.234,-2.955
1998-11-14 20:00:00,11.24,-1.26,-10.858,-2.479
1998-11-14 21:00:00,11.214,-1.328,-11.054,-0.842
1998-11-14 22:00:00,10.428,-1.314,-10.184,-0.827
1998-11-14 23:00:00,9.879,-0.946,-9.413,-1.871
1998-11-15 00:00:00,9.242,-0.394,-8.722,-2.249
1998-11-15 01:00:00,9.462,2.094,-8.55,0.722
1998-11-15 02:00:00,9.586,2.159,-9.023,1.185
1998-11-15 03:00:00,8.52,2.107,-7.67,1.839
1998-11-15 04:00:00,8.622,1.776,-7.92,2.363
1998-11-15 05:00:00,6.353,2.111,-3.526,2.624
1998-11-15 06:00:00,6.914,-6.134,0.986,-2.642
1998-11-15 07:00:00,5.364,3.902,-0.715,1.1
1998-11-15 08:00:00,5.107,3.304,-0.495,-1.475
1998-11-15 09:00:00,4.354,1.188,-0.692,-2.435
1998-11-15 10:00:00,5.756,2.602,2.729,-1.132
1998-11-15 11:00:00,5.69,3.86,3.695,-0.554
1998-11-15 12:00:00,4.929,4.247,1.854,0.173
1998-11-15 13:00:00,5.03,-1.187,-2.017,-0.172
1998-11-15 14:00:00,5.678,-2.676,-1.093,-1.798
1998-11-15 15:00:00,5.719,1.072,-1.875,3.714
1998-11-15 16:00:00,7.101,4.51,3.979,1.976
1998-11-15 17:00:00,6.827,-2.777,1.536,-4.7
1998-11-15 18:00:00,7.185,-0.921,3.529,-2.783
1998-11-15 19:00:00,7.268,1.665,4.811,-3.026
1998-11-15 20:00:00,6.94,4.397,5.02,1.309
1998-11-15 21:00:00,,,,
1998-11-15 22:00:00,,,,
1998-11-15 23:00:00,,,,
1998-11-16 00:00:00,,,,
1998-11-16 01:00:00,,,,
1998-11-16 02:00:00,,,,
1998-11-16 03:00:00,,,,
1998-11-16 04:00:00,,,,
1998-11-16 05:00:00,,,,
1998-11-16 06:00:00,,,,
1998-11-16 07:00:00,,,,
1998-11-16 08:00:00,,,,
1998-11-16 09:00:00,,,,
1998-11-16 10:00:00,,,,
1998-11-16 11:00:00,,,,
1998-11-16 12:00:00,,,,
1998-11-16 13:00:00,4.923,3.874,-0.881,-2.069
1998-11-16 14:00:00,6.018,5.452,-1.28,1.213
1998-11-16 15:00:00,5.589,4.705,1.343,2.249
1998-11-16 16:00:00,5.061,3.768,-0.395,3.026
1998-11-16 17:00:00,6.024,4.324,-2.983,2.566
1998-11-16 18:00:00,6.784,5.242,-1.814,3.418
1998-11-16 19:00:00,6.737,6.053,-0.876,1.7
1998-11-16 20:00:00,6.275,5.045,-2.984,-1.232
1998-11-16 21:00:00,7.075,6.532,-1.401,-0.364
1998-11-16 22:00:00,7.515,6.114,-2.877,2.549
1998-11-16 23:00:00,8.202,5.925,-4.857,1.564
1998-11-17 00:00:00,6.686,3.212,-5.161,-0.916
1998-11-17 01:00:00,7.778,5.207,-4.774,2.16
1998-11-17 02:00:00,7.495,5.903,-2.311,2.715
1998-11-17 03:00:00,7.348,6.928,-1.159,0.417
1998-11-17 04:00:00,7.096,2.349,-1.293,-1.009
1998-11-17 05:00:00,6.686,2.873,-2.166,1.608
1998-11-17 06:00:00,6.645,5.281,-1.748,2.52
1998-11-17 07:00:00,6.715,3.926,-1.187,3.651
1998-11-17 08:00:00,6.868,5.979,-0.985,3.083
1998-11-17 09:00:00,6.722,5.819,-0.899,2.997
1998-11-17 10:00:00,6.756,5.666,-1.132,3.408
1998-11-17 11:00:00,6.02,5.083,-1.179,2.541
1998-11-17 12:00:00,5.278,4.043,-2.301,0.988
1998-11-17 13:00:00,5.512,4.612,-1.85,0.787
1998-11-17 14:00:00,5.674,4.471,-2.586,-0.806
1998-11-17 15:00:00,6.115,5.479,0.043,1.367
1998-11-17 16:00:00,5.752,5.071,-2.386,-0.094
1998-11-17 17:00:00,5.597,3.552,-3.305,1.621
1998-11-17 18:00:00,5.817,4.517,-3.185,1.061
1998-11-17 19:00:00,5.824,5.427,-1.811,0.632
1998-11-17 20:00:00,6.101,5.644,-1.857,-0.946
1998-11-17 21:00:00,6.843,6.458,-1.243,-1.045
1998-11-17 22:00:00,6.903,6.627,-0.89,-0.876
1998-11-17 23:00:00,6.194,4.5,-3.091,0.487
1998-11-18 00:00:00,5.937,3.756,-1.327,3.648
1998-11-18 01:00:00,5.299,4.777,0.551,-0.567
1998-11-18 02:00:00,5.67,4.795,-2.177,-0.938
1998-11-18 03:00:00,6.225,5.797,-1.586,-1.264
1998-11-18 04:00:00,5.962,4.48,-2.684,-0.587
1998-11-18 05:00:00,6.322,-0.603,-5.08,-2.665
1998-11-18 06:00:00,6.833,-0.53,-6.056,-0.555
1998-11-18 07:00:00,5.787,-0.127,-1.779,4.271
1998-11-18 08:00:00,,,,
1998-11-18 09:00:00,,,,
1998-11-18 10:00:00,,,,
1998-11-18 11:00:00,,,,
1998-11-18 12:00:00,,,,
1998-11-18 13:00:00,,,,
1998-11-18 14:00:00,,,,
1998-11-18 15:00:00,,,,
1998-11-18 16:00:00,,,,
1998-11-18 17:00:00,,,,
1998-11-18 18:00:00,,,,
1998-11-18 19:00:00,,,,
1998-11-18 20:00:00,,,,
1998-11-18 21:00:00,,,,
1998-11-18 22:00:00,,,,
1998-11-18 23:00:00,,,,
1998-11-19 00:00:00,,,,
1998-11-19 01:00:00,,,,
1998-11-19 02:00:00,,,,
1998-11-19 03:00:00,,,,
1998-11-19 04:00:00,,,,
1998-11-19 05:00:00,,,,
1998-11-19 06:00:00,,,,
1998-11-19 07:00:00,,,,
1998-11-19 08:00:00,,,,
1998-11-19 09:00:00,,,,
1998-11-19 10:00:00,,,,
1998-11-19 11:00:00,,,,
1998-11-19 12:00:00,,,,
1998-11-19 13:00:00,,,,
1998-11-19 14:00:00,,,,
1998-11-19 15:00:00,,,,
1998-11-19 16:00:00,,,,
1998-11-19 17:00:00,,,,
1998-11-19 18:00:00,7.816,-1.735,7.048,0.044
1998-11-19 19:00:00,6.209,-3.086,3.55,1.874
1998-11-19 20:00:00,5.089,-0.7,3.314,0.917
1998-11-19 21:00:00,5.178,-2.265,3.032,1.079
1998-11-19 22:00:00,5.773,-3.602,-2.204,2.327
1998-11-19 23:00:00,6.489,-5.645,-0.883,2.101
1998-11-20 00:00:00,6.461,-4.942,-0.681,3.691
1998-11-20 01:00:00,6.93,-5.636,2.297,2.943
1998-11-20 02:00:00,6.603,-3.702,4.649,-1.441
1998-11-20 03:00:00,6.989,-2.611,4.634,-1.533
1998-11-20 04:00:00,7.356,-3.484,4.683,-1.067
1998-11-20 05:00:00,7.489,-3.673,6.06,1.075
1998-11-20 06:00:00,7.349,-3.73,4.545,-2.314
1998-11-20 07:00:00,7.581,-5.089,5.05,-1.388
1998-11-20 08:00:00,7.588,-5.224,4.941,0.368
1998-11-20 09:00:00,7.377,-4.086,4.377,-1.154
1998-11-20 10:00:00,7.002,-5.111,3.313,0.493
1998-11-20 11:00:00,6.81,-5.082,3.861,0.396
1998-11-20 12:00:00,7.159,-4.995,4.673,1.398
1998-11-20 13:00:00,6.933,-3.831,4.795,1.801
1998-11-20 14:00:00,5.005,-2.335,2.922,0.425
1998-11-20 15:00:00,4.974,-2.354,2.353,1.63
1998-11-20 16:00:00,3.939,-1.996,1.459,0.025
1998-11-20 17:00:00,4.358,-0.715,1.003,-2.162
1998-11-20 18:00:00,4.634,-1.479,1.337,-3.022
1998-11-20 19:00:00,5.419,1.834,2.944,-2.959
1998-11-20 20:00:00,5.215,-3.161,3.063,0.086
1998-11-20 21:00:00,5.08,-4.742,1.542,-0.064
1998-11-20 22:00:00,5.098,-4.309,2.447,0.234
1998-11-20 23:00:00,5.163,-0.459,3.695,-0.956
1998-11-21 00:00:00,4.345,0.541,2.536,-1.56
1998-11-21 01:00:00,4.162,3.785,0.036,-1.522
1998-11-21 02:00:00,4.256,3.668,1.168,-1.24
1998-11-21 03:00:00,4.312,3.992,1.402,-0.583
1998-11-21 04:00:00,3.996,3.753,-0.21,0.046
1998-11-21 05:00:00,4.11,3.57,1.83,-0.687
1998-11-21 06:00:00,4.376,4.117,0.835,-0.78
1998-11-21 07:00:00,4.268,3.701,-0.556,-1.912
1998-11-21 08:00:00,4.316,3.537,0.429,-2.201
1998-11-21 09:00:00,4.482,4.133,0.523,-1.474
1998-11-21 10:00:00,4.36,3.424,1.123,-1.731
1998-11-21 11:00:00,4.39,2.821,0.448,-2.602
1998-11-21 12:00:00,4.263,-1.533,3.549,-0.189
1998-11-21 13:00:00,4.366,-0.642,3.213,-1.255
1998-11-21 14:00:00,4.035,0.142,2.78,-2.118
1998-11-21 15:00:00,2.946,-0.266,1.825,-1.376
1998-11-21 16:00:00,2.634,-1.393,-1.189,0.672
1998-11-21 17:00:00,3.163,-1.755,-2.108,0.421
1998-11-21 18:00:00,3.066,1.266,-0.925,-1.336
1998-11-21 19:00:00,2.08,-0.474,1.149,-0.158
1998-11-21 20:00:00,3.269,0.679,2.026,-0.561
1998-11-21 21:00:00,3.66,1.934,1.387,-0.935
1998-11-21 22:00:00,4.06,3.104,1.83,-1.52
1998-11-21 23:00:00,3.766,1.857,2.698,-0.753
1998-11-22 00:00:00,3.551,1.491,1.748,-1.921
1998-11-22 01:00:00,3.911,2.736,2.159,-0.752
1998-11-22 02:00:00,3.919,2.228,2.59,-1.14
1998-11-22 03:00:00,3.309,-2.863,0.833,0.862
1998-11-22 04:00:00,4.454,-3.609,0.201,-2.472
1998-11-22 05:00:00,4.436,-3.637,1.807,0.09
1998-11-22 06:00:00,3.829,-1.664,2.453,-1.216
1998-11-22 07:00:00,4.915,-0.911,2.707,-1.565
1998-11-22 08:00:00,5.53,-3.57,2.982,2.758
1998-11-22 09:00:00,5.59,-3.634,2.428,2.026
1998-11-22 10:00:00,5.734,-2.668,4.672,-0.348
1998-11-22 11:00:00,5.049,-1.61,4.214,0.514
1998-11-22 12:00:00,4.549,1.496,3.042,-2.377
1998-11-22 13:00:00,4.764,2.772,2.464,-2.128
1998-11-22 14:00:00,6.025,-2.814,4.806,-0.742
1998-11-22 15:00:00,6.442,-4.329,4.553,-0.037
1998-11-22 16:00:00,6.162,-3.65,4.827,-0.382
1998-11-22 17:00:00,5.658,-3.365,4.244,-1.175
1998-11-22 18:00:00,5.958,-4.914,2.145,-1.766
1998-11-22 19:00:00,6.639,-6.35,1.079,0.928
1998-11-22 20:00:00,6.705,-5.935,0.299,2.8
1998-11-22 21:00:00,6.082,-4.121,3.536,1.666
1998-11-22 22:00:00,6.444,-4.441,4.479,-0.344
1998-11-22 23:00:00,6.029,-4.621,3.52,-0.574
1998-11-23 00:00:00,6.526,-5.051,1.448,-3.7
1998-11-23 01:00:00,6.806,-4.743,0.958,-4.745
1998-11-23 02:00:00,7.079,-3.819,0.47,-5.909
1998-11-23 03:00:00,6.783,-4.137,-0.568,-5.249
1998-11-23 04:00:00,6.629,-4.154,-0.734,-4.849
1998-11-23 05:00:00,6.415,-4.127,-1.112,-4.724
1998-11-23 06:00:00,6.221,-4.724,-1.169,-3.786
1998-11-23 07:00:00,6.788,-5.544,-1.331,-3.497
1998-11-23 08:00:00,6.946,-6.121,-1.37,-2.9
1998-11-23 09:00:00,6.71,-6.142,-1.894,-1.887
1998-11-23 10:00:00,6.567,-4.754,-3.635,-1.596
1998-11-23 11:00:00,8.918,-4.645,2.192,-4.107
1998-11-23 12:00:00,13.044,2.497,5.635,8.506
1998-11-23 13:00:00,13.686,9.841,-8.137,0.568
1998-11-23 14:00:00,13.805,10.072,-8.987,-0.613
1998-11-23 15:00:00,12.219,8.095,-8.3,-2.375
1998-11-23 16:00:00,12.027,6.172,-9.702,-2.231
1998-11-23 17:00:00,11.618,10.041,-4.497,1.282
1998-11-23 18:00:00,12.259,8.284,-7.671,2.79
1998-11-23 19:00:00,11.053,6.222,-6.553,-2.447
1998-11-23 20:00:00,9.312,7.801,0.385,0.338
1998-11-23 21:00:00,9.512,7.809,1.805,1.738
1998-11-23 22:00:00,8.805,6.459,4.006,1.667
1998-11-23 23:00:00,8.66,6.658,-1.413,1.206
1998-11-24 00:00:00,8.563,5.98,-3.468,3.041
1998-11-24 01:00:00,7.804,5.961,-3.412,0.24
1998-11-24 02:00:00,8.516,3.392,-4.405,-4.81
1998-11-24 03:00:00,7.887,2.982,-4.396,-0.895
1998-11-24 04:00:00,8.198,1.469,-6.931,0.201
1998-11-24 05:00:00,8.454,4.624,-4.245,3.942
1998-11-24 06:00:00,8.452,4.903,-4.649,3.838
1998-11-24 07:00:00,8.154,3.481,-5.68,3.702
1998-11-24 08:00:00,8.103,1.662,-7.068,0.638
1998-11-24 09:00:00,8.094,4.061,-5.024,3.382
1998-11-24 10:00:00,7.327,4.423,-1.549,-4.712
1998-11-24 11:00:00,7.347,3.969,-1.81,-2.379
1998-11-24 12:00:00,7.479,3.751,-4.137,-2.695
1998-11-24 13:00:00,6.595,3.241,-3.715,-2.271
1998-11-24 14:00:00,7.117,5.354,-3.066,-0.842
1998-11-24 15:00:00,6.975,5.509,-1.855,0.549
1998-11-24 16:00:00,7.558,3.23,2.8,-5.423
1998-11-24 17:00:00,8.392,3.782,-3.144,-1.658
1998-11-24 18:00:00,8.427,4.7,-6.498,-1.252
1998-11-24 19:00:00,7.813,5.027,4.177,3.027
1998-11-24 20:00:00,7.742,4.239,4.724,-0.334
1998-11-24 21:00:00,7.937,4.029,4.615,2.169
1998-11-24 22:00:00,8.449,4.348,3.437,5.149
1998-11-24 23:00:00,8.565,3.608,5.12,4.539
1998-11-25 00:00:00,8.799,4.534,3.41,5.56
1998-11-25 01:00:00,8.649,4.842,4.926,3.754
1998-11-25 02:00:00,9.09,5.493,4.591,3.398
1998-11-25 03:00:00,9.319,6.293,4.284,0.985
1998-11-25 04:00:00,9.233,6.765,5.011,2.483
1998-11-25 05:00:00,9.203,7.496,1.093,4.123
1998-11-25 06:00:00,8.413,6.851,-1.07,3.911
1998-11-25 07:00:00,9.199,7.421,-4.27,1.722
1998-11-25 08:00:00,8.342,7.134,-3.237,-0.878
1998-11-25 09:00:00,7.918,5.301,-3.973,2.993
1998-11-25 10:00:00,8.134,7.491,-2.534,-0.658
1998-11-25 11:00:00,7.124,5.191,-3.589,-0.127
1998-11-25 12:00:00,7.225,2.677,-3.699,4.049
1998-11-25 13:00:00,6.884,3.934,1.838,3.404
1998-11-25 14:00:00,6.634,5.454,1.146,0.711
1998-11-25 15:00:00,6.222,3.63,3.042,-2.34
1998-11-25 16:00:00,6.999,2.816,-4.337,-0.583
1998-11-25 17:00:00,6.431,1.571,-4.853,-0.071
1998-11-25 18:00:00,6.152,4.294,0.116,-3.08
1998-11-25 19:00:00,6.68,4.343,3.781,-2.711
1998-11-25 20:00:00,7.337,3.867,5.094,-3.303
1998-11-25 21:00:00,9.262,5.097,7.348,-1.125
1998-11-25 22:00:00,10.978,7.289,6.344,4.253
1998-11-25 23:00:00,10.294,7.669,-1.444,5.605
1998-11-26 00:00:00,10.31,6.609,-6.843,2.281
1998-11-26 01:00:00,9.712,5.547,1.153,3.698
1998-11-26 02:00:00,6.87,4.563,0.977,3.517
1998-11-26 03:00:00,6.447,4.743,3.042,0.568
1998-11-26 04:00:00,6.893,3.373,1.734,0.253
1998-11-26 05:00:00,9.005,-5.036,-5.722,-3.949
1998-11-26 06:00:00,7.478,-4.387,-2.309,-2.866
1998-11-26 07:00:00,5.798,2.495,-2.023,0.808
1998-11-26 08:00:00,7.519,-0.921,-6.041,-1.509
1998-11-26 09:00:00,8.29,1.908,-5.431,2.778
1998-11-26 10:00:00,7.445,1.707,-5.067,1.884
1998-11-26 11:00:00,6.287,0.219,-5.32,-1.446
1998-11-26 12:00:00,7.03,-5.354,-2.581,-3.343
1998-11-26 13:00:00,6.301,-5.149,-1.574,-0.828
1998-11-26 14:00:00,6.893,-5.55,0.182,-1.878
1998-11-26 15:00:00,7.478,-6.533,-0.801,-2.76
1998-11-26 16:00:00,5.953,-0.923,-3.152,-0.529
1998-11-26 17:00:00,5.813,-0.753,-3.332,-3.631
1998-11-26 18:00:00,5.416,3.809,-2.004,2.437
1998-11-26 19:00:00,5.429,5.019,-1.1,1.034
1998-11-26 20:00:00,5.039,4.007,-1.238,2.188
1998-11-26 21:00:00,6.061,5.487,-0.66,-0.731
1998-11-26 22:00:00,5.86,5.326,0.318,-1.793
1998-11-26 23:00:00,6.821,5.882,0.552,-2.333
1998-11-27 00:00:00,5.934,4.679,-1.61,-2.955
1998-11-27 01:00:00,5.639,4.571,-1.365,-0.56
1998-11-27 02:00:00,6.619,-3.168,0.015,-5.52
1998-11-27 03:00:00,6.883,1.222,-3.399,-2.89
1998-11-27 04:00:00,6.188,1.125,-3.906,-2.714
1998-11-27 05:00:00,6.66,3.699,-4.528,2.554
1998-11-27 06:00:00,6.606,4.69,-2.036,1.226
1998-11-27 07:00:00,6.244,4.181,2.423,2.704
1998-11-27 08:00:00,5.083,4.283,1.672,0.989
1998-11-27 09:00:00,4.473,2.723,2.622,-1.231
1998-11-27 10:00:00,4.93,2.918,-2.58,0.907
1998-11-27 11:00:00,4.922,3.132,0.664,-2.752
1998-11-27 12:00:00,5.269,4.072,-0.448,-0.296
1998-11-27 13:00:00,5.713,5.314,-0.702,-0.796
1998-11-27 14:00:00,6.219,5.468,-1.384,1.021
1998-11-27 15:00:00,6.149,5.054,0.123,3.232
1998-11-27 16:00:00,6.735,5.192,1.018,3.529
1998-11-27 17:00:00,6.951,3.672,4.128,3.214
1998-11-27 18:00:00,6.54,4.415,2.976,3.244
1998-11-27 19:00:00,6.831,2.232,4.466,4.091
1998-11-27 20:00:00,6.745,4.708,1.463,2.681
1998-11-27 21:00:00,6.228,4.818,-0.495,1.57
1998-11-27 22:00:00,6.483,4.78,-4.243,0.313
1998-11-27 23:00:00,6.384,3.189,-4.623,-1.839
1998-11-28 00:00:00,6.207,2.331,-5.127,-2.103
1998-11-28 01:00:00,5.95,2.537,-3.65,-2.113
1998-11-28 02:00:00,6.482,3.074,-2.952,-0.044
1998-11-28 03:00:00,4.504,2.358,-3.549,0.591
1998-11-28 04:00:00,2.575,0.539,-2.04,0.48
1998-11-28 05:00:00,3.92,2.306,-2.306,1.552
1998-11-28 06:00:00,6.779,4.99,-2.345,3.634
1998-11-28 07:00:00,6.44,4.27,-3.503,2.482
1998-11-28 08:00:00,6.297,4.326,-1.263,3.753
1998-11-28 09:00:00,6.297,4.947,-0.121,3.43
1998-11-28 10:00:00,6.566,4.75,-2.788,2.836
1998-11-28 11:00:00,6.42,4.468,-4.292,0.746
1998-11-28 12:00:00,6.667,3.424,-4.643,2.482
1998-11-28 13:00:00,6.824,2.713,-5.296,1.993
1998-11-28 14:00:00,6.705,2.568,-5.064,-1.754
1998-11-28 15:00:00,6.912,1.173,-6.105,-2.603
1998-11-28 16:00:00,7.21,3.105,-5.683,0.58
1998-11-28 17:00:00,7.141,3.324,-5.708,-0.946
1998-11-28 18:00:00,7.106,3.269,-5.585,0.241
1998-11-28 19:00:00,6.735,4.05,-3.822,2.911
1998-11-28 20:00:00,6.286,4.173,-3.231,2.195
1998-11-28 21:00:00,6.311,3.828,-4.318,2.044
1998-11-28 22:00:00,5.154,0.986,-2.247,-2.741
1998-11-28 23:00:00,5.758,-0.39,-4.032,-3.696
1998-11-29 00:00:00,5.994,0.521,-5.168,-2.773
1998-11-29 01:00:00,5.946,1.976,-3.953,-3.616
1998-11-29 02:00:00,5.563,2.589,-4.216,-1.433
1998-11-29 03:00:00,5.603,3.325,-4.15,-0.828
1998-11-29 04:00:00,6.043,3.429,-4.819,0.1
1998-11-29 05:00:00,6.085,3.045,-4.673,0.623
1998-11-29 06:00:00,6.239,3.203,-4.126,2.03
1998-11-29 07:00:00,5.943,3.798,-3.195,2.304
1998-11-29 08:00:00,5.71,0.778,-3.687,-2.486
1998-11-29 09:00:00,6.114,3.382,-3.771,2.127
1998-11-29 10:00:00,6.426,3.527,-2.986,3.657
1998-11-29 11:00:00,5.958,3.141,-2.693,1.704
1998-11-29 12:00:00,6.27,1.798,-3.632,3.317
1998-11-29 13:00:00,6.454,3.517,-2.386,4.222
1998-11-29 14:00:00,6.442,3.433,-0.246,5.026
1998-11-29 15:00:00,6.67,3.108,-3.23,4.667
1998-11-29 16:00:00,6.947,2.233,-3.562,4.878
1998-11-29 17:00:00,7.07,2.062,-6.008,-1.812
1998-11-29 18:00:00,5.845,0.048,-1.854,-4.966
1998-11-29 19:00:00,3.33,0.164,1.788,-0.686
1998-11-29 20:00:00,3.93,2.569,-2.35,1.579
1998-11-29 21:00:00,5.388,3.794,-3.139,2.015
1998-11-29 22:00:00,5.92,-0.516,-0.046,1.366
1998-11-29 23:00:00,6.596,-5.656,2.981,1.436
1998-11-30 00:00:00,6.299,-5.684,2.398,0.048
1998-11-30 01:00:00,5.979,-5.349,1.64,-1.642
1998-11-30 02:00:00,5.463,-4.741,1.307,-2.248
1998-11-30 03:00:00,5.068,-3.644,-0.059,-3.072
1998-11-30 04:00:00,8.997,2.03,-4.848,-6.658
1998-11-30 05:00:00,7.771,3.93,-3.96,-2.934
1998-11-30 06:00:00,8.961,2.621,-4.518,-5.584
1998-11-30 07:00:00,9.611,4.224,-0.25,1.607
1998-11-30 08:00:00,12.362,-3.903,9.624,-0.835
1998-11-30 09:00:00,15.111,7.661,-11.002,5.973
1998-11-30 10:00:00,14.096,8.57,-9.253,5.963
1998-11-30 11:00:00,13.112,7.134,-9.025,5.396
1998-11-30 12:00:00,12.595,7.815,-9.181,3.117
1998-11-30 13:00:00,12.028,6.383,-8.828,2.52
1998-11-30 14:00:00,12.114,7.304,-8.063,3.464
1998-11-30 15:00:00,12.364,7.158,-9.359,-0.043
1998-11-30 16:00:00,13.828,3.864,-6.589,-10.325
1998-11-30 17:00:00,10.484,-0.068,-1.772,-4.975
1998-11-30 18:00:00,9.194,-5.6,4.253,-3.772
1998-11-30 19:00:00,9.67,-5.613,6.837,-2.191
1998-11-30 20:00:00,8.425,-5.349,5.22,-1.558
1998-11-30 21:00:00,10.266,-0.6,1.037,7.553
1998-11-30 22:00:00,9.935,3.54,-5.103,-7.479
1998-11-30 23:00:00,9.366,2.661,-2.695,-1.321
1998-12-01 00:00:00,9.552,6.618,-6.114,-2.546
1998-12-01 01:00:00,8.815,6.915,-5.29,-0.693
1998-12-01 02:00:00,8.404,3.892,-2.777,4.83
1998-12-01 03:00:00,11.178,-2.043,3.064,9.884
1998-12-01 04:00:00,7.842,-2.15,-1.104,6.542
1998-12-01 05:00:00,10.401,-2.531,1.752,3.533
1998-12-01 06:00:00,10.747,-5.873,2.299,7.702
1998-12-01 07:00:00,9.337,-5.807,5.852,3.71
1998-12-01 08:00:00,8.307,-5.994,4.91,-1.77
1998-12-01 09:00:00,9.157,-5.597,6.865,-1.525
1998-12-01 10:00:00,8.25,-5.025,5.518,-2.303
1998-12-01 11:00:00,7.478,-4.168,3.73,-2.035
1998-12-01 12:00:00,7.07,-5.599,2.059,-1.972
1998-12-01 13:00:00,6.846,-5.108,2.925,2.064
1998-12-01 14:00:00,6.607,-5.41,2.728,0.541
1998-12-01 15:00:00,6.423,-4.366,4.017,0.085
1998-12-01 16:00:00,6.326,-5.234,2.956,-0.007
1998-12-01 17:00:00,6.265,-5.207,3.149,-0.15
1998-12-01 18:00:00,6.2,-5.361,2.551,0.291
1998-12-01 19:00:00,6.11,-5.385,2.378,-0.077
1998-12-01 20:00:00,6.382,-4.909,3.157,1.513
1998-12-01 21:00:00,6.437,-5.104,3.668,0.619
1998-12-01 22:00:00,6.55,-4.08,4.62,1.287
1998-12-01 23:00:00,6.786,-5.734,3.047,1.882
1998-12-02 00:00:00,6.685,-5.824,2.463,1.575
1998-12-02 01:00:00,6.541,-5.168,1.852,3.024
1998-12-02 02:00:00,6.608,-5.156,1.834,2.11
1998-12-02 03:00:00,6.957,-5.121,4.04,-0.38
1998-12-02 04:00:00,6.65,-4.338,3.096,-2.35
1998-12-02 05:00:00,6.908,-5.439,3.006,1.847
1998-12-02 06:00:00,6.55,-5.127,1.887,2.603
1998-12-02 07:00:00,6.57,-4.528,3.186,1.66
1998-12-02 08:00:00,6.86,-5.309,3.403,0.129
1998-12-02 09:00:00,7.049,-4.003,3.987,2.045
1998-12-02 10:00:00,7.216,-3.592,3.347,3.878
1998-12-02 11:00:00,7.354,-5.185,4.628,1.728
1998-12-02 12:00:00,7.593,-3.484,4.659,4.553
1998-12-02 13:00:00,7.827,-3.905,4.095,4.333
1998-12-02 14:00:00,7.615,-4.917,4.244,2.563
1998-12-02 15:00:00,7.468,-4.602,4.943,0.353
1998-12-02 16:00:00,7.28,-4.305,3.564,1.451
1998-12-02 17:00:00,7.518,-6.089,4.009,-0.704
1998-12-02 18:00:00,7.24,-4.903,3.918,-1.23
1998-12-02 19:00:00,7.137,-4.653,3.946,2.08
1998-12-02 20:00:00,6.873,-1.575,3.86,4.734
1998-12-02 21:00:00,6.548,-0.274,2.938,5.359
1998-12-02 22:00:00,6.158,-5.115,1.375,0.05
1998-12-02 23:00:00,5.976,-4.279,-0.18,-2.311
1998-12-03 00:00:00,6.308,-4.821,-1.44,0.573
1998-12-03 01:00:00,6.312,-3.9,0.314,2.975
1998-12-03 02:00:00,6.596,-1.592,3.147,3.775
1998-12-03 03:00:00,6.867,-2.155,5.042,0.792
1998-12-03 04:00:00,6.728,-1.439,5.866,2.221
1998-12-03 05:00:00,6.651,-1.711,4.744,2.341
1998-12-03 06:00:00,6.661,-4.22,2.803,2.296
1998-12-03 07:00:00,6.773,-4.117,2.407,3.365
1998-12-03 08:00:00,6.665,-3.232,1.689,4.66
1998-12-03 09:00:00,6.673,-4.568,-2.436,1.08
1998-12-03 10:00:00,6.847,-5.543,2.676,1.188
1998-12-03 11:00:00,6.829,-5.7,0.895,-0.358
1998-12-03 12:00:00,7.325,-4.701,3.764,-2.789
1998-12-03 13:00:00,7.39,-5.945,1.255,-0.7
1998-12-03 14:00:00,7.075,-5.089,-1.061,-2.113
1998-12-03 15:00:00,7.469,-3.656,-1.901,-4.963
1998-12-03 16:00:00,7.144,-4.525,1.366,-1.588
1998-12-03 17:00:00,7.109,-4.601,4.567,2.341
1998-12-03 18:00:00,7.25,-5.756,3.9,0.869
1998-12-03 19:00:00,7.035,-0.23,1.672,4.431
1998-12-03 20:00:00,7.192,-4.122,2.579,4.973
1998-12-03 21:00:00,7.285,-6.339,2.418,1.72
1998-12-03 22:00:00,6.931,-5.618,3.139,0.899
1998-12-03 23:00:00,7.149,-5.17,1.875,1.307
1998-12-04 00:00:00,7.227,-5.741,3.865,0.59
1998-12-04 01:00:00,7.121,-6.047,1.833,1.705
1998-12-04 02:00:00,7.166,-5.832,1.563,1.313
1998-12-04 03:00:00,7.576,-3.33,5.527,2.843
1998-12-04 04:00:00,7.561,-5.628,0.917,-2.256
1998-12-04 05:00:00,7.76,-2.654,6.242,2.158
1998-12-04 06:00:00,7.628,-6.751,-0.407,0.416
1998-12-04 07:00:00,7.468,-7.032,0.231,-1.874
1998-12-04 08:00:00,7.16,-5.344,2.701,0.168
1998-12-04 09:00:00,7.423,-5.732,0.155,-4.425
1998-12-04 10:00:00,7.191,-5.744,-0.287,-3.616
1998-12-04 11:00:00,7.108,-4.71,-1.611,-3.696
1998-12-04 12:00:00,6.877,-5.703,2.433,-1.688
1998-12-04 13:00:00,7.07,-5.195,2.585,-3.046
1998-12-04 14:00:00,6.967,-3.842,2.572,-2.807
1998-12-04 15:00:00,7.077,-3.038,3.837,0.449
1998-12-04 16:00:00,7.018,-4.103,3.843,-3.365
1998-12-04 17:00:00,7.381,-2.778,3.756,4.201
1998-12-04 18:00:00,7.521,-5.105,4.244,0.659
1998-12-04 19:00:00,7.183,-4.971,4.088,0.324
1998-12-04 20:00:00,7.369,-3.785,3.311,3.806
1998-12-04 21:00:00,7.525,-5.12,2.82,-3.111
1998-12-04 22:00:00,7.014,-4.177,4.313,-0.667
1998-12-04 23:00:00,6.977,-4.277,2.001,-1.777
1998-12-05 00:00:00,6.876,-4.802,2.516,-0.083
1998-12-05 01:00:00,6.845,-5.615,2.025,1.001
1998-12-05 02:00:00,7.108,-6.069,1.379,-1.53
1998-12-05 03:00:00,7.205,-3.69,0.908,-3.665
1998-12-05 04:00:00,7.241,-3.982,2.069,-4.438
1998-12-05 05:00:00,7.52,-3.818,-0.731,-6.218
1998-12-05 06:00:00,7.435,-4.122,0.599,-5.901
1998-12-05 07:00:00,7.127,-5.071,2.265,-3.956
1998-12-05 08:00:00,7.111,-5.928,2.354,-1.989
1998-12-05 09:00:00,7.059,-5.21,1.576,-3.079
1998-12-05 10:00:00,6.829,-5.657,0.14,-2.151
1998-12-05 11:00:00,6.637,-5.495,0.842,-2.073
1998-12-05 12:00:00,6.136,-4.791,0.573,-1.104
1998-12-05 13:00:00,6.263,-3.499,2.471,-3.07
1998-12-05 14:00:00,6.054,-4.044,0.353,-2.979
1998-12-05 15:00:00,6.168,-5.238,-1.261,-0.458
1998-12-05 16:00:00,6.07,-4.789,2.525,-1.28
1998-12-05 17:00:00,6.005,-3.977,2.139,-3.421
1998-12-05 18:00:00,5.936,-3.813,3.477,-1.441
1998-12-05 19:00:00,5.489,-4.427,2.883,-0.295
1998-12-05 20:00:00,5.342,-3.896,2.927,-1.349
1998-12-05 21:00:00,5.615,-5.284,1.203,0.468
1998-12-05 22:00:00,5.541,-5.269,0.69,0.736
1998-12-05 23:00:00,5.612,-3.872,0.26,3.121
1998-12-06 00:00:00,5.159,-3.365,2.041,2.307
1998-12-06 01:00:00,5.432,-5.01,0.862,1.373
1998-12-06 02:00:00,5.337,-3.702,2.589,2.315
1998-12-06 03:00:00,5.483,-2.716,3.079,-2.739
1998-12-06 04:00:00,5.401,-4.415,1.985,-1.1
1998-12-06 05:00:00,5.296,-4.352,1.754,1.091
1998-12-06 06:00:00,5.384,-4.732,0.096,-1.728
1998-12-06 07:00:00,5.565,-3.439,-0.891,-3.627
1998-12-06 08:00:00,5.695,-2.471,-1.936,-4.43
1998-12-06 09:00:00,5.874,-4.24,1.144,-2.097
1998-12-06 10:00:00,5.963,-4.043,0.624,-3.306
1998-12-06 11:00:00,6.185,-1.57,3.115,-4.177
1998-12-06 12:00:00,6.13,-2.432,4.609,-2.276
1998-12-06 13:00:00,6.21,-2.266,4.623,-2.652
1998-12-06 14:00:00,6.623,-0.98,5.623,-1.195
1998-12-06 15:00:00,6.369,-0.508,5.739,-0.146
1998-12-06 16:00:00,6.094,-2.254,5.174,0.912
1998-12-06 17:00:00,5.848,-2.938,3.397,-0.778
1998-12-06 18:00:00,5.646,-3.749,1.219,-1.131
1998-12-06 19:00:00,6.079,-0.415,5.643,-0.233
1998-12-06 20:00:00,6.15,-3.384,2.635,0.916
1998-12-06 21:00:00,6.383,-3.329,4.5,-0.672
1998-12-06 22:00:00,6.066,-2.123,3.644,-1.17
1998-12-06 23:00:00,5.611,-1.209,4.629,-0.918
1998-12-07 00:00:00,5.223,2.618,3.218,0.994
1998-12-07 01:00:00,5.36,3.658,3.545,0.747
1998-12-07 02:00:00,5.279,4.62,1.438,1.629
1998-12-07 03:00:00,4.469,2.791,1.38,0.089
1998-12-07 04:00:00,4.862,-3.888,2.551,-0.749
1998-12-07 05:00:00,5.403,-3.932,2.739,-1.559
1998-12-07 06:00:00,6.069,-5.399,2.18,-1.122
1998-12-07 07:00:00,6.547,-5.763,2.104,-1.789
1998-12-07 08:00:00,6.437,-5.993,1.3,-1.705
1998-12-07 09:00:00,6.305,-4.793,3.64,-0.765
1998-12-07 10:00:00,5.978,-1.489,5.257,-0.723
1998-12-07 11:00:00,5.998,0.372,5.693,1.133
1998-12-07 12:00:00,5.643,-0.873,4.774,0.288
1998-12-07 13:00:00,5.091,-1.467,0.39,-2.512
1998-12-07 14:00:00,5.355,-1.907,-0.646,-1.569
1998-12-07 15:00:00,6.301,-5.002,0.045,1.325
1998-12-07 16:00:00,6.573,0.588,6.28,0.486
1998-12-07 17:00:00,6.611,1.535,4.719,3.731
1998-12-07 18:00:00,5.398,-1.43,3.292,-1.246
1998-12-07 19:00:00,7.073,-1.331,5.236,-0.16
1998-12-07 20:00:00,8.047,-2.072,6.946,-2.939
1998-12-07 21:00:00,6.792,3.207,1.743,3.902
1998-12-07 22:00:00,4.835,1.336,1.268,1.933
1998-12-07 23:00:00,4.794,-1.883,-0.724,-2.838
1998-12-08 00:00:00,4.651,-2.901,1.223,-1.947
1998-12-08 01:00:00,4.206,-3.326,1.302,0.333
1998-12-08 02:00:00,4.701,-3.152,3.064,0.23
1998-12-08 03:00:00,5.001,-2.799,3.484,1.215
1998-12-08 04:00:00,4.958,-3.509,3.404,0.089
1998-12-08 05:00:00,4.599,-3.37,2.945,-0.021
1998-12-08 06:00:00,4.523,-3.124,3.051,0.37
1998-12-08 07:00:00,5.346,-4.834,2.1,-0.118
1998-12-08 08:00:00,5.411,-4.736,2.375,-0.516
1998-12-08 09:00:00,5.858,-5.142,2.655,-0.501
1998-12-08 10:00:00,6.213,-5.84,1.579,-1.02
1998-12-08 11:00:00,6.212,-5.868,1.226,-1.488
1998-12-08 12:00:00,6.212,-5.859,1.033,-1.662
1998-12-08 13:00:00,6.062,-5.685,1.269,-1.52
1998-12-08 14:00:00,6.005,-4.024,4.284,-0.063
1998-12-08 15:00:00,5.749,-2.758,4.777,0.952
1998-12-08 16:00:00,5.356,-2.624,3.803,0.847
1998-12-08 17:00:00,5.046,-3.432,3.172,1.295
1998-12-08 18:00:00,4.617,-1.517,3.005,1.135
1998-12-08 19:00:00,3.807,-3.089,1.817,0.256
1998-12-08 20:00:00,4.793,-3.48,3.017,1.008
1998-12-08 21:00:00,4.95,-4.673,1.23,-0.463
1998-12-08 22:00:00,5.119,-4.407,2.009,-1.466
1998-12-08 23:00:00,5.19,-4.407,2.408,-1.083
1998-12-09 00:00:00,5.195,-4.566,2.166,-1.008
1998-12-09 01:00:00,4.899,-4.413,1.61,-1.337
1998-12-09 02:00:00,4.825,-4.502,1.403,-0.863
1998-12-09 03:00:00,4.083,-3.588,1.43,0.835
1998-12-09 04:00:00,4.062,-2.814,1.736,-0.979
1998-12-09 05:00:00,4.001,-1.187,-1.435,-1.118
1998-12-09 06:00:00,3.959,-2.507,-1.947,-0.792
1998-12-09 07:00:00,4.432,-3.041,-2.915,-0.117
1998-12-09 08:00:00,4.316,-1.5,-2.739,1.176
1998-12-09 09:00:00,4.759,-2.086,-3.619,-0.238
1998-12-09 10:00:00,5.298,-3.692,-2.581,-2.331
1998-12-09 11:00:00,4.775,-3.505,-1.907,-1.658
1998-12-09 12:00:00,5.193,-3.887,-0.426,-3.212
1998-12-09 13:00:00,5.108,-3.275,0.024,-3.607
1998-12-09 14:00:00,4.917,-1.803,0.632,-4.301
1998-12-09 15:00:00,4.65,-2.294,3.394,-0.948
1998-12-09 16:00:00,4.535,-1.797,2.725,0.009
1998-12-09 17:00:00,4.395,-2.557,2.809,0.045
1998-12-09 18:00:00,4.322,-2.129,3.207,-0.166
1998-12-09 19:00:00,4.232,-2.385,1.318,2.711
1998-12-09 20:00:00,4.544,-2.307,3.787,0.701
1998-12-09 21:00:00,4.364,-2.519,3.462,0.687
1998-12-09 22:00:00,4.321,-2.421,3.37,0.852
1998-12-09 23:00:00,4.454,-0.909,4.229,0.496
1998-12-10 00:00:00,4.701,-2.073,3.752,1.627
1998-12-10 01:00:00,4.588,-1.849,3.953,1.314
1998-12-10 02:00:00,5.426,-1.528,4.786,1.687
1998-12-10 03:00:00,5.127,-1.64,3.902,1.029
1998-12-10 04:00:00,5.095,-0.43,3.567,0.297
1998-12-10 05:00:00,5.439,-1.519,3.23,2.47
1998-12-10 06:00:00,5.258,-2.274,3.696,1.874
1998-12-10 07:00:00,5.145,-0.824,4.947,-0.128
1998-12-10 08:00:00,4.985,-2.817,1.203,-2.925
1998-12-10 09:00:00,5.56,-3.602,2.978,-2.905
1998-12-10 10:00:00,6.453,-4.338,3.487,-3.092
1998-12-10 11:00:00,8.342,-5.405,5.003,-3.582
1998-12-10 12:00:00,8.65,-4.364,6.786,-2.779
1998-12-10 13:00:00,9.147,-4.929,7.223,-2.518
1998-12-10 14:00:00,8.488,-4.173,6.653,-2.783
1998-12-10 15:00:00,5.91,-3.144,2.392,-3.958
1998-12-10 16:00:00,8.502,-4.58,4.609,-4.946
1998-12-10 17:00:00,9.687,-1.258,8.759,-3.248
1998-12-10 18:00:00,9.81,-1.248,8.325,-4.374
1998-12-10 19:00:00,9.788,-1.378,9.045,-3.311
1998-12-10 20:00:00,9.299,-1.637,7.996,-4.03
1998-12-10 21:00:00,10.265,-4.268,3.892,-8.324
1998-12-10 22:00:00,10.953,-4.962,3.638,-8.8
1998-12-10 23:00:00,11.754,-5.18,5.499,-8.832
1998-12-11 00:00:00,12.457,-4.472,5.998,-9.454
1998-12-11 01:00:00,12.513,-4.508,9.862,-5.857
1998-12-11 02:00:00,12.173,-3.052,10.988,-2.381
1998-12-11 03:00:00,12.259,-5.526,6.777,-8.21
1998-12-11 04:00:00,12.576,-5.217,9.999,-5.186
1998-12-11 05:00:00,13.278,-2.98,8.845,-5.82
1998-12-11 06:00:00,13.762,-4.607,3.618,-12.251
1998-12-11 07:00:00,13.484,-4.276,0.401,-12.728
1998-12-11 08:00:00,13.397,-6.115,-3.252,-11.283
1998-12-11 09:00:00,13.244,-4.05,-3.224,-11.83
1998-12-11 10:00:00,13.091,-2.307,-4.703,-11.921
1998-12-11 11:00:00,12.761,-2.147,-4.352,-11.753
1998-12-11 12:00:00,12.596,-4.599,-4.783,-10.531
1998-12-11 13:00:00,12.245,-5.933,-4.328,-9.718
1998-12-11 14:00:00,11.199,-1.299,-9.88,-1.452
1998-12-11 15:00:00,10.733,1.953,-10.085,1.794
1998-12-11 16:00:00,9.991,-2.609,-8.7,-3.254
1998-12-11 17:00:00,5.422,-1.846,0.978,-2.309
1998-12-11 18:00:00,6.171,-2.232,-1.67,2.798
1998-12-11 19:00:00,10.115,0.132,-8.196,0.966
1998-12-11 20:00:00,14.252,-7.961,8.993,4.148
1998-12-11 21:00:00,11.221,-1.752,3.861,-7.339
1998-12-11 22:00:00,10.239,-1.107,1.477,2.961
1998-12-11 23:00:00,10.7,2.253,-9.755,-1.982
1998-12-12 00:00:00,10.86,1.628,-9.576,-1.829
1998-12-12 01:00:00,11.334,1.569,-9.898,-3.225
1998-12-12 02:00:00,11.735,3.192,-11.002,-0.02
1998-12-12 03:00:00,11.484,4.968,-9.306,-0.706
1998-12-12 04:00:00,11.121,5.809,-8.872,0.003
1998-12-12 05:00:00,10.856,5.305,-8.938,-1.068
1998-12-12 06:00:00,11.008,2.241,-9.984,2.334
1998-12-12 07:00:00,10.449,2.342,-9.535,3.039
1998-12-12 08:00:00,9.769,2.587,-9.16,0.049
1998-12-12 09:00:00,9.568,3.228,-8.749,0.555
1998-12-12 10:00:00,9.09,3.598,-7.895,-0.906
1998-12-12 11:00:00,9.168,3.416,-8.116,-0.812
1998-12-12 12:00:00,9.465,3.621,-8.003,2.619
1998-12-12 13:00:00,9.318,3.569,-8.298,1.173
1998-12-12 14:00:00,9.042,4.529,-6.791,1.401
1998-12-12 15:00:00,8.604,3.681,-6.979,0.906
1998-12-12 16:00:00,8.306,3.52,-6.769,2.284
1998-12-12 17:00:00,7.996,3.976,-6.405,0.518
1998-12-12 18:00:00,7.82,3.774,-5.986,-0.433
1998-12-12 19:00:00,7.809,3.273,-6.25,-1.423
1998-12-12 20:00:00,7.003,0.673,-4.595,1.955
1998-12-12 21:00:00,6.953,2.949,-5.19,-2.249
1998-12-12 22:00:00,6.428,2.131,-4.51,-1.585
1998-12-12 23:00:00,6.533,2.874,-4.789,2.371
1998-12-13 00:00:00,5.959,4.411,-2.781,0.4
1998-12-13 01:00:00,6.277,5.204,-1.008,0.233
1998-12-13 02:00:00,6.622,3.303,-2.25,3.993
1998-12-13 03:00:00,6.851,0.111,-3.821,5.27
1998-12-13 04:00:00,6.231,4.018,-1.277,2.917
1998-12-13 05:00:00,6.166,3.07,-2.071,4.246
1998-12-13 06:00:00,6.374,2.956,-2.183,4.357
1998-12-13 07:00:00,7.049,0.321,-2.099,6.061
1998-12-13 08:00:00,7.35,1.713,-2.871,5.658
1998-12-13 09:00:00,8.249,2.409,-3.872,6.317
1998-12-13 10:00:00,9.137,0.318,-3.161,8.349
1998-12-13 11:00:00,9.7,1.745,-3.887,8.287
1998-12-13 12:00:00,9.665,2.203,-5.809,6.841
1998-12-13 13:00:00,9.825,0.918,0.026,8.035
1998-12-13 14:00:00,10.37,1.61,-1.34,9.587
1998-12-13 15:00:00,10.378,2.485,-7.151,6.13
1998-12-13 16:00:00,9.632,4.538,-6.526,4.179
1998-12-13 17:00:00,9.491,4.4,-6.405,0.286
1998-12-13 18:00:00,9.359,1.006,-7.87,1.915
1998-12-13 19:00:00,8.251,2.292,-6.833,0.758
1998-12-13 20:00:00,9.963,1.411,-3.087,8.223
1998-12-13 21:00:00,9.884,3.316,-6.242,4.849
1998-12-13 22:00:00,9.523,3.303,-6.241,3.573
1998-12-13 23:00:00,9.672,3.905,-7.219,0.68
1998-12-14 00:00:00,9.142,3.51,-6.777,0.108
1998-12-14 01:00:00,7.511,-1.152,-3.964,5.06
1998-12-14 02:00:00,8.906,1.237,-5.824,4.932
1998-12-14 03:00:00,8.069,0.029,-2.187,4.036
1998-12-14 04:00:00,7.51,0.753,-1.796,4.234
1998-12-14 05:00:00,7.024,1.158,-6.331,1.759
1998-12-14 06:00:00,8.552,0.494,-8.29,0.501
1998-12-14 07:00:00,8.066,2.124,-6.987,-0.345
1998-12-14 08:00:00,8.687,-0.071,-6.161,-1.162
1998-12-14 09:00:00,8.441,3.306,-6.975,-0.585
1998-12-14 10:00:00,8.403,2.347,-7.273,0.155
1998-12-14 11:00:00,8.558,1.311,-7.183,3.287
1998-12-14 12:00:00,9.238,-1.418,-7.95,-2.161
1998-12-14 13:00:00,7.388,0.438,-6.494,0.678
1998-12-14 14:00:00,7.24,-2.006,-5.825,-1.75
1998-12-14 15:00:00,7.033,2.119,-5.618,1.583
1998-12-14 16:00:00,6.621,1.915,-5.898,-0.663
1998-12-14 17:00:00,6.786,2.485,-5.772,-0.834
1998-12-14 18:00:00,6.914,3.775,-5.146,-1.922
1998-12-14 19:00:00,7.83,0.093,-6.963,-1.255
1998-12-14 20:00:00,8.104,0.765,-7.565,0.759
1998-12-14 21:00:00,7.831,0.695,-5.291,-5.22
1998-12-14 22:00:00,7.58,1.671,-5.628,-4.361
1998-12-14 23:00:00,7.029,1.276,-3.7,-4.964
1998-12-15 00:00:00,6.976,1.552,-4.044,-4.893
1998-12-15 01:00:00,7.19,-1.451,-6.61,-0.935
1998-12-15 02:00:00,7.206,-2.309,-6.719,-0.376
1998-12-15 03:00:00,6.465,-0.448,-5.798,-1.441
1998-12-15 04:00:00,5.914,-2.304,-4.829,0.459
1998-12-15 05:00:00,5.799,0.321,-5.418,-1.696
1998-12-15 06:00:00,5.53,-0.402,-4.753,-2.501
1998-12-15 07:00:00,4.888,-0.068,-4.07,0.04
1998-12-15 08:00:00,4.911,0.659,-4.322,-0.882
1998-12-15 09:00:00,5.161,0.343,-4.512,0.607
1998-12-15 10:00:00,5.026,0.137,-4.469,-0.09
1998-12-15 11:00:00,4.811,1.107,-4.231,-0.484
1998-12-15 12:00:00,4.657,1.11,-3.945,-0.41
1998-12-15 13:00:00,5.122,0.914,-4.402,0.794
1998-12-15 14:00:00,5.536,2.153,-4.002,2.553
1998-12-15 15:00:00,5.949,4.352,-3.282,1.435
1998-12-15 16:00:00,6.598,4.369,-4.524,1.319
1998-12-15 17:00:00,6.707,2.294,-6.135,-0.42
1998-12-15 18:00:00,6.831,2.21,-6.342,-0.578
1998-12-15 19:00:00,7.236,2.595,-6.389,-1.705
1998-12-15 20:00:00,7.752,2.391,-6.3,-2.024
1998-12-15 21:00:00,8.916,-1.473,-3.937,-7.329
1998-12-15 22:00:00,10.528,-3.307,-5.455,-7.983
1998-12-15 23:00:00,10.493,-1.087,-7.842,-6.132
1998-12-16 00:00:00,10.949,3.321,-9.14,-4.364
1998-12-16 01:00:00,11.185,2.651,-9.165,-5.052
1998-12-16 02:00:00,12.337,6.913,-8.803,1.954
1998-12-16 03:00:00,12.192,7.325,-7.082,4.408
1998-12-16 04:00:00,11.246,4.452,-3.002,6.556
1998-12-16 05:00:00,10.275,-0.879,-4.514,-3.325
1998-12-16 06:00:00,10.411,1.593,-5.524,-1.393
1998-12-16 07:00:00,9.684,8.773,-2.496,0.069
1998-12-16 08:00:00,8.115,2.762,1.804,-6.611
1998-12-16 09:00:00,5.335,2.966,-1.117,-1.644
1998-12-16 10:00:00,4.925,2.675,-3.015,-2.201
1998-12-16 11:00:00,4.385,3.288,-2.177,-1.437
1998-12-16 12:00:00,4.753,3.527,-2.448,-1.774
1998-12-16 13:00:00,4.43,3.197,-2.798,-0.822
1998-12-16 14:00:00,3.259,1.317,-0.603,-1.133
1998-12-16 15:00:00,3.892,2.227,-1.12,-2.58
1998-12-16 16:00:00,4.763,0.955,-4.139,0.069
1998-12-16 17:00:00,4.321,0.954,-3.375,0.561
1998-12-16 18:00:00,3.819,-0.359,-2.416,1.108
1998-12-16 19:00:00,3.477,1.911,-2.429,0.832
1998-12-16 20:00:00,3.675,3.322,-1.432,-0.404
1998-12-16 21:00:00,3.668,3.15,-1.513,-0.941
1998-12-16 22:00:00,3.799,3.289,-1.606,-0.887
1998-12-16 23:00:00,3.673,2.853,-2.128,-0.284
1998-12-17 00:00:00,3.279,1.704,-2.722,-0.089
1998-12-17 01:00:00,3.36,1.262,-2.978,0.08
1998-12-17 02:00:00,3.136,1.884,-2.277,-0.104
1998-12-17 03:00:00,3.217,1.531,-2.554,-0.459
1998-12-17 04:00:00,3.233,1.472,-2.612,-0.361
1998-12-17 05:00:00,3.21,1.054,-2.794,0.571
1998-12-17 06:00:00,3.31,0.74,-2.472,1.261
1998-12-17 07:00:00,3.759,3.029,-2.061,0.258
1998-12-17 08:00:00,3.932,3.089,-2.233,0.791
1998-12-17 09:00:00,3.9,1.202,-2.935,2.171
1998-12-17 10:00:00,3.928,0.104,-3.07,2.369
1998-12-17 11:00:00,3.593,0.738,-2.77,1.634
1998-12-17 12:00:00,3.558,1.11,-2.891,1.311
1998-12-17 13:00:00,3.872,1.278,-3.171,1.481
1998-12-17 14:00:00,4.332,1.087,-3.798,1.107
1998-12-17 15:00:00,4.267,3.009,-1.946,2.045
1998-12-17 16:00:00,4.188,1.57,-3.367,0.715
1998-12-17 17:00:00,4.182,1.679,-3.744,0.48
1998-12-17 18:00:00,4.193,3.116,-2.567,0.311
1998-12-17 19:00:00,3.635,0.95,-2.935,1.202
1998-12-17 20:00:00,3.796,0.789,-3.542,0.823
1998-12-17 21:00:00,3.302,-2.269,-1.744,0.54
1998-12-17 22:00:00,2.793,-0.757,-2.117,1.229
1998-12-17 23:00:00,3.262,-0.669,-2.75,1.507
1998-12-18 00:00:00,4.121,-0.517,-2.888,2.007
1998-12-18 01:00:00,4.207,3.875,-1.486,0.345
1998-12-18 02:00:00,4.431,4.024,-1.32,-1.033
1998-12-18 03:00:00,4.43,3.635,-0.709,-2.282
1998-12-18 04:00:00,3.211,0.954,0.882,-0.879
1998-12-18 05:00:00,3.157,-1.613,1.541,-1.204
1998-12-18 06:00:00,3.028,-2.102,1.509,-0.205
1998-12-18 07:00:00,3.381,-0.399,1.825,-2.303
1998-12-18 08:00:00,3.88,1.631,0.842,-3.331
1998-12-18 09:00:00,3.969,0.245,0.747,-3.739
1998-12-18 10:00:00,4.492,-3.028,1.203,-1.365
1998-12-18 11:00:00,4.332,-3.849,1.884,0.118
1998-12-18 12:00:00,4.045,-3.168,2.199,0.848
1998-12-18 13:00:00,3.755,-2.889,1.299,0.786
1998-12-18 14:00:00,4.387,-3.705,1.394,1.794
1998-12-18 15:00:00,4.534,-3.864,1.177,1.612
1998-12-18 16:00:00,4.701,-3.744,2.31,0.789
1998-12-18 17:00:00,4.948,-4.429,1.448,1.055
1998-12-18 18:00:00,5.047,-4.539,1.262,1.159
1998-12-18 19:00:00,5.142,-4.738,-0.297,1.468
1998-12-18 20:00:00,4.768,-2.964,1.73,0.672
1998-12-18 21:00:00,3.846,-0.199,2.174,-1.903
1998-12-18 22:00:00,2.182,0.36,-0.577,-1.774
1998-12-18 23:00:00,4.563,-1.296,1.389,-2.876
1998-12-19 00:00:00,5.346,-4.278,3.052,-0.76
1998-12-19 01:00:00,5.293,-3.756,3.195,-1.078
1998-12-19 02:00:00,5.714,-3.652,4.013,-1.13
1998-12-19 03:00:00,5.779,-4.547,3.33,0.197
1998-12-19 04:00:00,4.204,-3.049,2.605,-0.463
1998-12-19 05:00:00,4.781,-3.663,2.853,0.438
1998-12-19 06:00:00,4.852,-4.08,2.167,1.311
1998-12-19 07:00:00,4.619,-3.847,2.308,0.495
1998-12-19 08:00:00,3.657,-2.082,1.043,-2.354
1998-12-19 09:00:00,4.072,-2.579,1.126,-2.702
1998-12-19 10:00:00,4.157,-2.582,2.066,-2.393
1998-12-19 11:00:00,4.77,-2.613,3.092,-2.315
1998-12-19 12:00:00,6.105,-2.854,4.029,-3.138
1998-12-19 13:00:00,7.94,-2.745,5.603,-4.404
1998-12-19 14:00:00,7.74,1.899,-4.746,-2.058
1998-12-19 15:00:00,6.957,2.718,-5.924,-0.341
1998-12-19 16:00:00,8.765,-2.18,-1.608,-6.714
1998-12-19 17:00:00,9.554,-5.21,6.745,-3.997
1998-12-19 18:00:00,10.144,-6.635,6.957,-2.984
1998-12-19 19:00:00,9.831,-5.202,6.893,-4.518
1998-12-19 20:00:00,8.837,-5.95,5.954,-2.072
1998-12-19 21:00:00,10.437,1.033,2.896,7.139
1998-12-19 22:00:00,8.909,0.76,2.329,3.789
1998-12-19 23:00:00,8.733,-2.088,4.412,3.55
1998-12-20 00:00:00,8.545,-4.041,5.741,3.752
1998-12-20 01:00:00,6.789,0.603,-2.245,-0.305
1998-12-20 02:00:00,6.817,1.057,-3.897,-0.274
1998-12-20 03:00:00,8.973,6.499,-4.901,-3.415
1998-12-20 04:00:00,6.809,0.186,-0.044,-1.73
1998-12-20 05:00:00,7.864,-3.77,3.93,-4.841
1998-12-20 06:00:00,7.995,-5.894,4.68,-1.939
1998-12-20 07:00:00,8.274,-5.358,4.154,-4.333
1998-12-20 08:00:00,8.036,-3.947,3.221,-5.712
1998-12-20 09:00:00,6.399,-4.399,2.748,-1.392
1998-12-20 10:00:00,6.247,-4.375,3.246,-2.189
1998-12-20 11:00:00,6.021,-5.091,2.37,0.804
1998-12-20 12:00:00,6.151,-4.358,3.898,-1.345
1998-12-20 13:00:00,6.478,-5.516,3.048,-1.235
1998-12-20 14:00:00,6.961,-5.81,3.264,-1.147
1998-12-20 15:00:00,7.358,-6.459,2.983,-0.422
1998-12-20 16:00:00,7.604,-4.437,5.181,-0.427
1998-12-20 17:00:00,8.241,-5.111,6.194,-0.722
1998-12-20 18:00:00,8.079,-5.597,3.95,3.641
1998-12-20 19:00:00,6.371,-4.709,2.898,1.11
1998-12-20 20:00:00,5.042,-2.66,2.166,0.444
1998-12-20 21:00:00,4.585,-2.974,2.384,-0.645
1998-12-20 22:00:00,3.86,-2.974,1.444,0.469
1998-12-20 23:00:00,4.227,-2.036,2.332,1.808
1998-12-21 00:00:00,4.664,-3.549,0.967,1.534
1998-12-21 01:00:00,5.02,-2.494,2.564,2.064
1998-12-21 02:00:00,4.744,-0.201,3.735,1.555
1998-12-21 03:00:00,5.154,-2.309,3.299,2.051
1998-12-21 04:00:00,6.095,-4.551,3.56,-0.832
1998-12-21 05:00:00,6.943,1.305,1.614,5.577
1998-12-21 06:00:00,7.044,-0.079,3.288,5.807
1998-12-21 07:00:00,7.021,-4.331,4.941,0.397
1998-12-21 08:00:00,7.007,-3.85,4.075,3.164
1998-12-21 09:00:00,6.505,-4.781,3.811,-1.716
1998-12-21 10:00:00,6.68,-4.313,4.762,-1.206
1998-12-21 11:00:00,6.24,-3.061,5.233,1.027
1998-12-21 12:00:00,6.285,-2.806,5.44,-0.267
1998-12-21 13:00:00,6.088,-2.5,5.452,0.579
1998-12-21 14:00:00,5.605,-1.779,5.272,0.254
1998-12-21 15:00:00,4.799,-1.917,2.43,-0.217
1998-12-21 16:00:00,3.994,-2.602,2.636,0.393
1998-12-21 17:00:00,5.15,-3.472,1.603,-1.242
1998-12-21 18:00:00,5.412,-1.734,4.206,2.063
1998-12-21 19:00:00,5.674,-2.989,3.297,1.77
1998-12-21 20:00:00,7.628,2.432,2.399,5.469
1998-12-21 21:00:00,7.409,-1.432,3.3,1.097
1998-12-21 22:00:00,9.185,-7.527,1.427,0.533
1998-12-21 23:00:00,12.719,-10.467,4.772,4.027
1998-12-22 00:00:00,11.864,-5.389,7.326,5.307
1998-12-22 01:00:00,12.42,-6.965,7.984,5.832
1998-12-22 02:00:00,11.668,-5.829,8.366,4.548
1998-12-22 03:00:00,10.809,-5.707,8.0,3.842
1998-12-22 04:00:00,9.806,-3.103,7.781,4.1
1998-12-22 05:00:00,9.194,-4.486,7.115,2.481
1998-12-22 06:00:00,8.047,-3.3,6.878,0.788
1998-12-22 07:00:00,7.77,-3.551,5.74,0.928
1998-12-22 08:00:00,6.434,-3.627,2.837,3.992
1998-12-22 09:00:00,6.501,-2.743,5.51,1.072
1998-12-22 10:00:00,6.582,-2.856,4.857,0.009
1998-12-22 11:00:00,7.055,0.155,6.199,2.435
1998-12-22 12:00:00,6.471,-3.053,4.312,2.8
1998-12-22 13:00:00,6.157,-2.276,4.681,1.894
1998-12-22 14:00:00,5.765,-3.605,2.495,2.217
1998-12-22 15:00:00,5.953,-4.822,-0.684,3.099
1998-12-22 16:00:00,7.406,-1.697,6.606,-2.207
1998-12-22 17:00:00,7.488,0.798,5.241,-4.715
1998-12-22 18:00:00,6.662,-0.554,2.807,-0.325
1998-12-22 19:00:00,6.751,-1.872,-0.37,5.604
1998-12-22 20:00:00,6.411,-1.477,3.572,3.909
1998-12-22 21:00:00,6.87,0.932,5.182,3.663
1998-12-22 22:00:00,6.767,0.212,6.193,0.755
1998-12-22 23:00:00,6.616,3.305,5.366,0.871
1998-12-23 00:00:00,6.57,1.406,6.065,1.012
1998-12-23 01:00:00,6.246,0.596,6.001,0.763
1998-12-23 02:00:00,5.919,0.689,5.685,0.893
1998-12-23 03:00:00,5.926,1.942,5.425,-0.11
1998-12-23 04:00:00,5.663,0.032,4.695,-1.251
1998-12-23 05:00:00,5.503,-2.268,4.681,-1.6
1998-12-23 06:00:00,5.802,-1.609,4.874,-2.241
1998-12-23 07:00:00,5.614,-4.181,2.635,-2.18
1998-12-23 08:00:00,5.996,-2.277,3.115,-4.15
1998-12-23 09:00:00,6.923,-0.033,5.245,-4.396
1998-12-23 10:00:00,6.82,-0.504,5.305,-4.013
1998-12-23 11:00:00,7.1,0.372,5.358,-4.563
1998-12-23 12:00:00,6.677,-0.918,4.219,-5.071
1998-12-23 13:00:00,6.373,-0.229,3.578,-5.135
1998-12-23 14:00:00,5.921,0.453,4.318,-3.906
1998-12-23 15:00:00,5.853,-1.846,3.69,-3.686
1998-12-23 16:00:00,5.651,-3.161,3.436,-3.101
1998-12-23 17:00:00,5.501,-1.819,4.082,-2.798
1998-12-23 18:00:00,5.29,-2.299,3.669,-2.92
1998-12-23 19:00:00,5.048,-2.12,3.569,-2.673
1998-12-23 20:00:00,4.982,-2.621,3.333,-2.33
1998-12-23 21:00:00,4.532,-1.514,3.61,-2.179
1998-12-23 22:00:00,4.558,-2.551,3.068,-1.778
1998-12-23 23:00:00,5.071,-3.285,2.552,-2.809
1998-12-24 00:00:00,5.061,-2.767,1.437,-3.584
1998-12-24 01:00:00,4.356,-2.268,2.928,-2.157
1998-12-24 02:00:00,2.978,-1.962,0.751,-0.996
1998-12-24 03:00:00,2.236,0.232,0.822,0.717
1998-12-24 04:00:00,2.951,0.738,1.693,2.07
1998-12-24 05:00:00,3.661,-1.378,3.08,1.306
1998-12-24 06:00:00,4.427,-0.927,4.039,1.29
1998-12-24 07:00:00,5.269,-2.857,2.839,-1.859
1998-12-24 08:00:00,4.313,-1.919,3.753,-0.307
1998-12-24 09:00:00,3.441,0.612,2.462,0.44
1998-12-24 10:00:00,3.276,2.645,1.337,-1.142
1998-12-24 11:00:00,3.055,2.595,1.348,-0.249
1998-12-24 12:00:00,3.055,2.695,-0.518,1.077
1998-12-24 13:00:00,3.38,1.696,1.975,-1.422
1998-12-24 14:00:00,3.735,0.454,2.962,-1.014
1998-12-24 15:00:00,4.454,-3.174,1.651,-2.434
1998-12-24 16:00:00,4.295,-3.541,0.268,-1.889
1998-12-24 17:00:00,4.433,-4.026,0.207,-1.777
1998-12-24 18:00:00,5.253,-4.938,0.543,-1.622
1998-12-24 19:00:00,6.133,-5.405,2.214,-1.685
1998-12-24 20:00:00,5.156,-4.649,1.314,-1.484
1998-12-24 21:00:00,5.051,-4.096,1.843,-2.238
1998-12-24 22:00:00,5.78,-3.093,1.685,-1.866
1998-12-24 23:00:00,7.452,5.754,-3.424,-0.88
1998-12-25 00:00:00,7.707,5.927,-0.297,-4.72
1998-12-25 01:00:00,8.561,6.542,-3.388,-3.874
1998-12-25 02:00:00,9.256,7.673,-4.785,0.108
1998-12-25 03:00:00,9.306,6.922,-6.103,0.212
1998-12-25 04:00:00,9.39,6.539,-5.734,3.109
1998-12-25 05:00:00,9.293,1.721,-2.95,-2.409
1998-12-25 06:00:00,10.366,-5.799,3.181,-7.884
1998-12-25 07:00:00,13.822,-7.006,6.75,-9.266
1998-12-25 08:00:00,13.602,-7.005,6.153,-9.752
1998-12-25 09:00:00,13.989,-9.19,9.241,-1.582
1998-12-25 10:00:00,15.88,-9.777,10.351,6.59
1998-12-25 11:00:00,16.046,-7.686,7.786,11.288
1998-12-25 12:00:00,17.802,-10.665,11.792,6.209
1998-12-25 13:00:00,18.622,-8.225,15.24,6.075
1998-12-25 14:00:00,18.741,-7.948,16.255,3.228
1998-12-25 15:00:00,20.209,-7.887,18.238,-1.06
1998-12-25 16:00:00,20.494,-8.873,17.486,5.181
1998-12-25 17:00:00,20.493,-7.858,18.426,3.029
1998-12-25 18:00:00,20.795,-7.271,18.843,3.924
1998-12-25 19:00:00,19.958,-5.577,15.719,6.36
1998-12-25 20:00:00,19.566,-5.934,15.774,9.002
1998-12-25 21:00:00,18.043,-4.637,12.866,7.402
1998-12-25 22:00:00,15.934,-2.575,10.519,7.786
1998-12-25 23:00:00,14.86,-5.459,10.639,2.383
1998-12-26 00:00:00,15.316,-7.126,2.312,11.849
1998-12-26 01:00:00,13.597,-6.827,4.87,8.415
1998-12-26 02:00:00,13.16,-0.71,12.359,-0.344
1998-12-26 03:00:00,9.436,2.838,8.371,-3.153
1998-12-26 04:00:00,8.03,1.392,7.538,-1.584
1998-12-26 05:00:00,8.068,0.785,6.819,-3.273
1998-12-26 06:00:00,7.694,0.614,6.356,-3.279
1998-12-26 07:00:00,7.695,-2.255,6.899,1.187
1998-12-26 08:00:00,8.065,-4.259,6.046,3.005
1998-12-26 09:00:00,9.158,-2.359,3.357,7.555
1998-12-26 10:00:00,9.845,-4.316,-1.294,7.745
1998-12-26 11:00:00,9.71,5.168,3.679,0.708
1998-12-26 12:00:00,10.082,3.693,7.635,-1.307
1998-12-26 13:00:00,10.725,-8.252,4.275,0.974
1998-12-26 14:00:00,10.361,-7.225,6.409,2.597
1998-12-26 15:00:00,9.387,-6.39,6.317,2.055
1998-12-26 16:00:00,8.533,-4.423,6.687,1.062
1998-12-26 17:00:00,8.34,-1.983,7.53,-1.411
1998-12-26 18:00:00,8.333,-3.556,4.422,1.461
1998-12-26 19:00:00,8.717,-3.201,7.703,1.075
1998-12-26 20:00:00,8.47,-2.18,6.478,-2.418
1998-12-26 21:00:00,7.869,-0.073,6.257,-3.604
1998-12-26 22:00:00,7.879,-1.014,7.038,-0.612
1998-12-26 23:00:00,7.387,-3.327,5.853,-2.125
1998-12-27 00:00:00,7.249,-5.247,1.847,2.521
1998-12-27 01:00:00,7.064,-6.58,1.259,1.973
1998-12-27 02:00:00,6.954,-6.589,1.085,1.226
1998-12-27 03:00:00,7.124,-6.993,0.135,0.726
1998-12-27 04:00:00,6.727,-6.091,-1.428,1.849
1998-12-27 05:00:00,6.485,-5.311,-0.706,3.047
1998-12-27 06:00:00,6.553,-3.072,-0.115,5.623
1998-12-27 07:00:00,6.33,-3.837,0.165,4.104
1998-12-27 08:00:00,6.041,-3.626,0.34,3.907
1998-12-27 09:00:00,5.871,-4.058,0.896,3.501
1998-12-27 10:00:00,6.034,-4.792,2.495,1.961
1998-12-27 11:00:00,5.893,-5.005,-0.068,2.225
1998-12-27 12:00:00,5.776,-4.764,0.347,3.043
1998-12-27 13:00:00,5.71,-4.88,1.646,2.113
1998-12-27 14:00:00,5.774,-4.643,1.42,3.038
1998-12-27 15:00:00,5.447,-4.055,0.902,3.077
1998-12-27 16:00:00,5.348,-2.633,0.421,4.513
1998-12-27 17:00:00,5.244,-0.909,0.173,4.885
1998-12-27 18:00:00,5.314,-1.921,0.006,4.798
1998-12-27 19:00:00,5.229,-2.435,0.094,4.544
1998-12-27 20:00:00,5.083,-2.599,-0.762,3.316
1998-12-27 21:00:00,5.037,-3.636,-0.865,2.87
1998-12-27 22:00:00,4.903,-3.459,-0.431,3.265
1998-12-27 23:00:00,4.742,-3.137,-1.133,2.923
1998-12-28 00:00:00,4.568,-3.997,-0.833,1.312
1998-12-28 01:00:00,4.898,-3.312,-1.343,3.096
1998-12-28 02:00:00,5.498,-2.372,-0.843,4.46
1998-12-28 03:00:00,5.784,-1.321,-0.282,4.736
1998-12-28 04:00:00,6.092,1.721,1.147,5.268
1998-12-28 05:00:00,6.516,0.764,1.518,5.939
1998-12-28 06:00:00,6.599,0.382,3.319,4.026
1998-12-28 07:00:00,6.534,-0.125,-0.171,5.192
1998-12-28 08:00:00,6.565,-3.075,1.821,2.355
1998-12-28 09:00:00,6.468,-4.294,2.046,-3.478
1998-12-28 10:00:00,6.965,-3.176,4.451,3.308
1998-12-28 11:00:00,7.153,-2.747,5.486,0.268
1998-12-28 12:00:00,7.008,-1.615,4.365,3.472
1998-12-28 13:00:00,7.135,-4.082,4.737,0.202
1998-12-28 14:00:00,7.714,-2.518,4.685,-2.665
1998-12-28 15:00:00,7.478,-1.515,4.291,-4.907
1998-12-28 16:00:00,7.716,-3.759,3.319,-3.553
1998-12-28 17:00:00,9.795,-4.312,3.775,-5.402
1998-12-28 18:00:00,14.68,-5.798,10.054,-4.788
1998-12-28 19:00:00,13.817,-6.258,11.032,1.508
1998-12-28 20:00:00,14.18,-5.78,11.677,3.487
1998-12-28 21:00:00,13.686,-7.46,10.114,4.293
1998-12-28 22:00:00,12.751,-3.867,8.601,7.422
1998-12-28 23:00:00,12.109,-5.868,9.468,2.821
1998-12-29 00:00:00,11.2,-6.759,8.401,2.186
1998-12-29 01:00:00,10.96,-7.102,7.974,2.296
1998-12-29 02:00:00,10.66,-7.085,7.797,0.764
1998-12-29 03:00:00,8.451,-0.08,-6.024,-2.32
1998-12-29 04:00:00,6.793,-3.442,-2.036,-3.0
1998-12-29 05:00:00,9.525,-7.674,2.997,-3.414
1998-12-29 06:00:00,9.839,-7.628,0.972,-5.951
1998-12-29 07:00:00,9.436,-5.695,0.018,-7.127
1998-12-29 08:00:00,8.824,-5.7,0.038,-6.5
1998-12-29 09:00:00,8.228,-5.287,1.164,-5.986
1998-12-29 10:00:00,7.971,-4.528,1.641,-5.852
1998-12-29 11:00:00,8.44,-6.81,3.771,-2.763
1998-12-29 12:00:00,9.609,-6.274,5.813,-3.91
1998-12-29 13:00:00,8.944,-4.836,5.979,-4.225
1998-12-29 14:00:00,8.87,-5.314,4.729,-5.26
1998-12-29 15:00:00,8.997,-5.539,3.499,-5.893
1998-12-29 16:00:00,8.182,-2.594,1.821,-7.279
1998-12-29 17:00:00,7.409,-1.958,3.047,-1.538
1998-12-29 18:00:00,8.451,-0.8,-1.907,-7.751
1998-12-29 19:00:00,10.98,0.705,-5.76,-8.516
1998-12-29 20:00:00,11.734,2.802,-8.661,-7.271
1998-12-29 21:00:00,11.524,3.606,-9.155,-5.705
1998-12-29 22:00:00,10.645,5.364,-8.592,-2.317
1998-12-29 23:00:00,9.867,2.777,-8.22,-3.619
1998-12-30 00:00:00,9.119,1.737,-8.204,-3.357
1998-12-30 01:00:00,8.398,2.217,-7.436,-2.534
1998-12-30 02:00:00,6.813,0.893,-5.472,-1.532
1998-12-30 03:00:00,8.329,-3.517,-6.926,-2.09
1998-12-30 04:00:00,9.727,-5.98,-6.695,-1.317
1998-12-30 05:00:00,8.975,2.128,-4.95,4.062
1998-12-30 06:00:00,8.355,4.703,-4.852,4.81
1998-12-30 07:00:00,7.946,2.72,-6.372,3.714
1998-12-30 08:00:00,7.873,2.35,-6.862,2.739
1998-12-30 09:00:00,8.463,1.945,-7.43,2.721
1998-12-30 10:00:00,8.399,1.749,-7.558,3.134
1998-12-30 11:00:00,8.838,0.662,-8.315,2.791
1998-12-30 12:00:00,8.849,0.019,-8.549,2.203
1998-12-30 13:00:00,8.465,0.743,-8.049,2.349
1998-12-30 14:00:00,8.294,0.994,-8.039,1.27
1998-12-30 15:00:00,8.161,2.163,-7.735,1.33
1998-12-30 16:00:00,7.722,3.07,-6.55,1.227
1998-12-30 17:00:00,6.885,4.535,-4.604,0.922
1998-12-30 18:00:00,6.663,3.586,-5.13,1.428
1998-12-30 19:00:00,6.657,0.67,-6.315,0.012
1998-12-30 20:00:00,7.052,0.985,-6.042,-0.019
1998-12-30 21:00:00,6.754,0.2,-5.821,-1.218
1998-12-30 22:00:00,6.817,1.363,-6.489,0.591
1998-12-30 23:00:00,6.898,1.636,-6.001,-1.389
1998-12-31 00:00:00,6.836,1.908,-5.811,-2.721
1998-12-31 01:00:00,4.825,-1.574,-3.939,1.623
1998-12-31 02:00:00,4.878,-0.076,1.309,3.281
1998-12-31 03:00:00,5.936,-4.802,0.812,1.507
1998-12-31 04:00:00,5.96,-5.188,-1.49,0.454
1998-12-31 05:00:00,5.355,-3.882,1.55,1.316
1998-12-31 06:00:00,5.408,-4.642,1.036,-0.659
1998-12-31 07:00:00,5.589,-1.904,2.274,4.048
1998-12-31 08:00:00,5.841,-4.042,0.986,3.157
1998-12-31 09:00:00,6.142,-1.849,4.991,1.404
1998-12-31 10:00:00,7.356,-2.708,6.013,1.849
1998-12-31 11:00:00,6.232,-2.364,5.103,1.103
1998-12-31 12:00:00,5.764,-1.475,5.23,-0.315
1998-12-31 13:00:00,5.833,-2.669,3.999,0.021
1998-12-31 14:00:00,6.682,-3.105,4.645,2.673
1998-12-31 15:00:00,7.163,-3.596,4.893,3.112
1998-12-31 16:00:00,7.475,-4.286,4.974,1.869
1998-12-31 17:00:00,7.342,-3.094,5.225,3.544
1998-12-31 18:00:00,6.059,-2.785,1.839,4.207
1998-12-31 19:00:00,6.083,-2.319,0.281,4.405
1998-12-31 20:00:00,6.791,-3.589,3.137,3.558
1998-12-31 21:00:00,6.269,-2.311,-0.359,4.902
1998-12-31 22:00:00,6.553,-2.537,3.073,3.397
1998-12-31 23:00:00,6.83,-2.412,0.126,4.277
1999-01-01 00:00:00,6.792,-1.686,1.284,5.65
