datetime,Magnitude,BGSEc_X,BGSEc_Y,BGSEc_Z
2021-01-01 00:00:00,3.0,-0.746,-1.953,1.698
2021-01-01 01:00:00,2.75,0.724,-1.247,0.979
2021-01-01 02:00:00,2.786,0.437,-1.762,1.732
2021-01-01 03:00:00,2.741,0.807,-1.723,1.148
2021-01-01 04:00:00,2.541,0.748,-0.888,-0.391
2021-01-01 05:00:00,2.816,0.556,-0.552,-2.607
2021-01-01 06:00:00,3.117,-0.511,-0.167,-2.534
2021-01-01 07:00:00,3.14,-1.945,-1.28,1.002
2021-01-01 08:00:00,2.858,-1.495,-1.86,0.289
2021-01-01 09:00:00,2.676,-1.033,-1.864,0.942
2021-01-01 10:00:00,2.667,-0.678,-2.193,-0.013
2021-01-01 11:00:00,2.939,0.732,-1.289,0.567
2021-01-01 12:00:00,2.992,2.68,1.033,-0.148
2021-01-01 13:00:00,3.056,2.472,0.3,-1.219
2021-01-01 14:00:00,3.186,2.234,-0.757,0.945
2021-01-01 15:00:00,3.526,1.919,-1.646,2.114
2021-01-01 16:00:00,2.911,1.568,-1.076,1.799
2021-01-01 17:00:00,3.017,2.415,-1.389,0.557
2021-01-01 18:00:00,3.029,1.432,-1.449,-1.147
2021-01-01 19:00:00,3.445,2.994,-0.984,-0.429
2021-01-01 20:00:00,3.931,3.824,0.029,0.68
2021-01-01 21:00:00,3.356,2.531,-1.132,1.105
2021-01-01 22:00:00,2.949,2.194,0.314,-0.785
2021-01-01 23:00:00,2.954,2.233,0.441,0.769
2021-01-02 00:00:00,3.164,1.896,0.224,2.185
2021-01-02 01:00:00,3.142,2.316,-0.074,1.215
2021-01-02 02:00:00,3.22,2.372,0.467,1.474
2021-01-02 03:00:00,3.184,1.829,-0.333,2.205
2021-01-02 04:00:00,3.265,0.701,-2.667,0.708
2021-01-02 05:00:00,3.236,0.244,-2.958,-0.195
2021-01-02 06:00:00,3.207,1.751,-1.993,1.449
2021-01-02 07:00:00,3.485,2.319,1.384,1.808
2021-01-02 08:00:00,3.694,3.123,1.127,1.217
2021-01-02 09:00:00,3.765,3.417,0.146,1.008
2021-01-02 10:00:00,3.76,3.473,-0.328,1.144
2021-01-02 11:00:00,3.814,3.545,-0.451,1.125
2021-01-02 12:00:00,3.787,3.613,-0.579,0.422
2021-01-02 13:00:00,3.496,3.142,-0.666,-0.184
2021-01-02 14:00:00,3.301,2.309,-1.55,0.985
2021-01-02 15:00:00,3.567,3.09,-1.437,0.174
2021-01-02 16:00:00,3.313,2.369,-1.565,0.994
2021-01-02 17:00:00,3.156,0.788,-2.485,0.019
2021-01-02 18:00:00,3.252,1.777,-1.097,1.816
2021-01-02 19:00:00,2.815,1.067,-1.635,0.47
2021-01-02 20:00:00,3.491,3.044,-0.708,0.745
2021-01-02 21:00:00,3.595,0.297,-2.629,2.193
2021-01-02 22:00:00,3.722,1.768,-1.745,1.876
2021-01-02 23:00:00,3.286,2.351,-0.67,1.858
2021-01-03 00:00:00,2.2,1.727,-0.17,0.892
2021-01-03 01:00:00,2.347,1.882,-0.536,-0.737
2021-01-03 02:00:00,2.379,1.517,-0.554,-1.595
2021-01-03 03:00:00,2.405,1.549,0.036,-1.599
2021-01-03 04:00:00,2.634,2.306,-0.2,-1.16
2021-01-03 05:00:00,2.845,2.519,-0.96,-0.59
2021-01-03 06:00:00,3.277,2.499,-1.968,-0.214
2021-01-03 07:00:00,3.281,1.889,-2.569,0.198
2021-01-03 08:00:00,3.208,1.81,-2.247,1.206
2021-01-03 09:00:00,2.485,0.588,-0.194,0.51
2021-01-03 10:00:00,3.046,-2.455,1.638,-0.476
2021-01-03 11:00:00,2.795,-2.015,1.804,-0.257
2021-01-03 12:00:00,2.018,-1.404,1.327,0.124
2021-01-03 13:00:00,2.072,-1.064,1.575,-0.13
2021-01-03 14:00:00,1.402,0.037,0.742,0.14
2021-01-03 15:00:00,1.53,-0.406,0.822,-0.039
2021-01-03 16:00:00,2.791,-1.787,2.058,-0.115
2021-01-03 17:00:00,3.1,-1.786,2.305,0.079
2021-01-03 18:00:00,3.255,-1.279,2.895,-0.308
2021-01-03 19:00:00,3.959,-2.693,2.365,-1.031
2021-01-03 20:00:00,4.323,-2.225,3.585,-0.585
2021-01-03 21:00:00,3.99,-1.54,3.526,-0.155
2021-01-03 22:00:00,3.968,-0.889,3.73,-0.029
2021-01-03 23:00:00,3.458,-0.253,2.661,1.699
2021-01-04 00:00:00,3.085,-0.809,2.208,-0.106
2021-01-04 01:00:00,4.016,-2.276,2.512,-1.75
2021-01-04 02:00:00,4.869,-1.223,4.506,-1.233
2021-01-04 03:00:00,4.97,-1.371,4.607,-0.955
2021-01-04 04:00:00,4.17,-1.844,3.284,0.952
2021-01-04 05:00:00,3.85,-0.718,1.001,-1.381
2021-01-04 06:00:00,4.502,-1.08,2.345,-3.103
2021-01-04 07:00:00,5.096,0.776,2.95,-2.012
2021-01-04 08:00:00,4.673,-0.129,3.341,-1.226
2021-01-04 09:00:00,5.567,-0.847,5.307,-0.476
2021-01-04 10:00:00,6.255,-2.252,5.511,1.349
2021-01-04 11:00:00,6.522,-0.851,5.201,3.702
2021-01-04 12:00:00,6.88,-2.059,5.993,2.386
2021-01-04 13:00:00,6.486,-2.407,5.494,1.44
2021-01-04 14:00:00,5.794,-3.359,3.532,1.325
2021-01-04 15:00:00,5.276,-2.177,3.44,2.948
2021-01-04 16:00:00,5.964,-3.729,2.567,3.44
2021-01-04 17:00:00,5.996,-4.357,1.413,3.52
2021-01-04 18:00:00,6.254,-3.721,4.213,0.919
2021-01-04 19:00:00,6.267,-3.258,4.251,0.651
2021-01-04 20:00:00,7.303,-6.097,1.288,-1.541
2021-01-04 21:00:00,7.881,-2.469,7.244,0.004
2021-01-04 22:00:00,7.702,-4.552,5.018,0.535
2021-01-04 23:00:00,8.265,-5.495,4.597,-1.728
2021-01-05 00:00:00,8.505,-4.669,5.469,-1.023
2021-01-05 01:00:00,8.77,-6.556,5.51,0.577
2021-01-05 02:00:00,7.967,-4.661,4.747,-0.389
2021-01-05 03:00:00,7.618,-5.305,4.871,-0.931
2021-01-05 04:00:00,8.187,-7.29,2.487,-2.153
2021-01-05 05:00:00,8.507,-8.284,0.236,-0.74
2021-01-05 06:00:00,8.166,-7.83,1.03,0.759
2021-01-05 07:00:00,8.788,-7.41,3.791,0.527
2021-01-05 08:00:00,9.131,-8.289,3.357,1.166
2021-01-05 09:00:00,9.55,-8.152,2.933,3.41
2021-01-05 10:00:00,10.653,-6.071,7.276,3.649
2021-01-05 11:00:00,12.647,-5.111,5.911,-2.135
2021-01-05 12:00:00,11.024,-1.01,6.19,-3.776
2021-01-05 13:00:00,15.823,3.105,-12.132,-0.32
2021-01-05 14:00:00,16.177,5.092,-13.2,-0.363
2021-01-05 15:00:00,11.914,4.231,-5.773,4.428
2021-01-05 16:00:00,10.503,5.933,2.706,6.615
2021-01-05 17:00:00,9.59,7.414,-0.298,3.572
2021-01-05 18:00:00,9.042,8.416,2.405,1.457
2021-01-05 19:00:00,8.536,8.031,1.235,0.152
2021-01-05 20:00:00,6.65,5.073,-0.798,0.848
2021-01-05 21:00:00,7.511,6.101,2.842,1.868
2021-01-05 22:00:00,8.58,5.635,-5.154,1.49
2021-01-05 23:00:00,8.908,5.089,-1.479,5.401
2021-01-06 00:00:00,9.063,6.762,-0.598,2.517
2021-01-06 01:00:00,10.28,7.152,-6.626,-1.538
2021-01-06 02:00:00,15.163,8.871,-11.313,-1.228
2021-01-06 03:00:00,13.954,10.042,-9.173,1.657
2021-01-06 04:00:00,14.603,10.689,-9.658,0.262
2021-01-06 05:00:00,11.841,6.355,-7.702,-2.578
2021-01-06 06:00:00,8.63,1.475,-4.449,-1.799
2021-01-06 07:00:00,8.5,0.533,-5.199,-2.408
2021-01-06 08:00:00,7.046,1.585,-5.438,-0.049
2021-01-06 09:00:00,5.647,3.064,-3.334,-1.419
2021-01-06 10:00:00,5.46,1.913,-1.411,-1.874
2021-01-06 11:00:00,5.518,0.246,-3.189,-2.143
2021-01-06 12:00:00,5.216,-2.245,-3.427,-1.962
2021-01-06 13:00:00,4.102,1.345,-2.866,-0.365
2021-01-06 14:00:00,4.054,1.936,-3.306,-0.117
2021-01-06 15:00:00,3.646,1.432,-2.944,0.068
2021-01-06 16:00:00,3.981,1.662,-2.436,0.122
2021-01-06 17:00:00,3.875,2.751,-1.915,-0.088
2021-01-06 18:00:00,3.782,1.997,-2.364,-0.188
2021-01-06 19:00:00,4.261,0.592,-3.757,0.884
2021-01-06 20:00:00,4.489,1.374,-3.845,0.139
2021-01-06 21:00:00,4.181,3.149,-2.124,1.053
2021-01-06 22:00:00,3.781,3.235,-1.703,0.186
2021-01-06 23:00:00,3.542,3.238,-0.93,-0.568
2021-01-07 00:00:00,3.341,2.01,-1.44,-0.158
2021-01-07 01:00:00,4.229,1.039,-3.943,-0.573
2021-01-07 02:00:00,3.361,1.644,-2.266,0.612
2021-01-07 03:00:00,2.53,0.513,-0.684,-0.275
2021-01-07 04:00:00,2.308,0.405,-0.278,-0.247
2021-01-07 05:00:00,2.209,-0.933,0.007,-1.132
2021-01-07 06:00:00,2.568,-0.92,0.218,-1.953
2021-01-07 07:00:00,3.288,-2.471,-0.456,-1.487
2021-01-07 08:00:00,3.642,-3.326,-1.352,0.177
2021-01-07 09:00:00,2.706,-1.899,-0.336,0.714
2021-01-07 10:00:00,2.867,-2.099,-0.203,-1.631
2021-01-07 11:00:00,2.292,-1.656,-0.095,1.018
2021-01-07 12:00:00,2.648,0.721,-2.068,0.54
2021-01-07 13:00:00,3.016,0.515,-1.947,1.572
2021-01-07 14:00:00,3.34,-0.298,-1.409,2.628
2021-01-07 15:00:00,3.082,1.628,-1.813,-0.194
2021-01-07 16:00:00,2.912,1.925,1.138,-1.633
2021-01-07 17:00:00,3.269,2.521,0.995,-1.42
2021-01-07 18:00:00,3.129,1.545,-1.845,-0.172
2021-01-07 19:00:00,3.192,1.13,-0.983,-2.426
2021-01-07 20:00:00,3.227,1.287,0.156,-1.679
2021-01-07 21:00:00,3.59,2.813,-1.561,0.901
2021-01-07 22:00:00,3.509,2.051,-2.429,0.547
2021-01-07 23:00:00,3.45,2.3,-1.774,1.084
2021-01-08 00:00:00,3.419,1.361,-1.691,1.545
2021-01-08 01:00:00,3.369,-1.247,-2.687,1.306
2021-01-08 02:00:00,2.849,-0.73,-1.874,0.796
2021-01-08 03:00:00,2.876,-2.347,-0.615,0.564
2021-01-08 04:00:00,3.347,3.103,-0.791,0.383
2021-01-08 05:00:00,3.269,1.255,-1.619,1.431
2021-01-08 06:00:00,3.375,1.057,-1.473,0.639
2021-01-08 07:00:00,3.932,3.728,-0.733,0.783
2021-01-08 08:00:00,3.783,3.317,-1.488,0.773
2021-01-08 09:00:00,3.755,3.418,-1.035,0.527
2021-01-08 10:00:00,3.466,-2.327,-1.962,0.501
2021-01-08 11:00:00,4.072,-2.428,-3.044,0.941
2021-01-08 12:00:00,3.927,-2.849,-2.552,0.298
2021-01-08 13:00:00,4.44,-3.421,-2.731,-0.292
2021-01-08 14:00:00,4.5,-3.019,-3.191,0.039
2021-01-08 15:00:00,4.112,-2.334,-2.836,1.003
2021-01-08 16:00:00,4.235,-2.897,-2.798,1.095
2021-01-08 17:00:00,4.081,-3.039,-2.459,0.589
2021-01-08 18:00:00,3.602,-2.123,-2.693,0.661
2021-01-08 19:00:00,3.709,-2.177,-2.248,0.649
2021-01-08 20:00:00,3.88,0.323,-3.196,1.115
2021-01-08 21:00:00,4.155,2.965,-2.423,-0.485
2021-01-08 22:00:00,4.215,3.123,-2.039,-1.1
2021-01-08 23:00:00,4.626,-0.488,-4.347,0.603
2021-01-09 00:00:00,4.318,2.299,-3.096,-0.77
2021-01-09 01:00:00,4.282,1.463,-3.872,-0.596
2021-01-09 02:00:00,4.753,-0.264,-4.585,0.305
2021-01-09 03:00:00,5.056,-0.963,-4.873,0.01
2021-01-09 04:00:00,4.755,0.581,-4.497,0.666
2021-01-09 05:00:00,4.509,0.603,-4.366,0.365
2021-01-09 06:00:00,4.329,0.748,-3.94,-0.5
2021-01-09 07:00:00,4.239,-0.81,-3.395,-1.551
2021-01-09 08:00:00,3.985,1.29,-2.801,1.465
2021-01-09 09:00:00,4.253,0.453,-3.604,0.499
2021-01-09 10:00:00,3.942,2.27,-1.717,1.513
2021-01-09 11:00:00,4.382,0.494,-3.724,-0.332
2021-01-09 12:00:00,4.489,-0.739,-4.248,-0.589
2021-01-09 13:00:00,4.353,0.921,-4.009,0.5
2021-01-09 14:00:00,4.373,2.145,-2.518,2.736
2021-01-09 15:00:00,4.285,2.723,-2.276,2.017
2021-01-09 16:00:00,4.075,2.421,-2.626,1.143
2021-01-09 17:00:00,4.168,1.091,-3.502,0.032
2021-01-09 18:00:00,4.174,3.118,-2.359,0.203
2021-01-09 19:00:00,4.388,4.129,-1.354,-0.061
2021-01-09 20:00:00,3.979,3.111,-2.189,-0.849
2021-01-09 21:00:00,3.787,2.288,-2.608,-1.052
2021-01-09 22:00:00,3.808,2.1,-2.75,0.029
2021-01-09 23:00:00,3.858,3.055,-2.199,-0.063
2021-01-10 00:00:00,3.978,3.412,-1.821,-0.368
2021-01-10 01:00:00,3.981,2.775,-2.474,-1.044
2021-01-10 02:00:00,4.276,2.006,-3.694,-0.295
2021-01-10 03:00:00,4.066,2.22,-3.287,0.306
2021-01-10 04:00:00,4.206,2.788,-2.949,0.312
2021-01-10 05:00:00,4.146,2.852,-2.908,0.014
2021-01-10 06:00:00,3.936,2.474,-2.973,0.37
2021-01-10 07:00:00,5.41,2.653,-4.534,-0.157
2021-01-10 08:00:00,5.649,2.978,-4.685,0.158
2021-01-10 09:00:00,5.417,3.213,-4.042,-0.779
2021-01-10 10:00:00,5.444,1.358,-4.517,-2.191
2021-01-10 11:00:00,6.265,-2.602,-5.546,-0.686
2021-01-10 12:00:00,6.103,-2.61,-5.416,-0.576
2021-01-10 13:00:00,5.996,-2.604,-5.198,-1.015
2021-01-10 14:00:00,5.758,-3.019,-4.181,-2.358
2021-01-10 15:00:00,5.548,-2.792,-4.278,-2.029
2021-01-10 16:00:00,5.75,-2.48,-4.307,-2.829
2021-01-10 17:00:00,5.673,-2.501,-4.413,-2.396
2021-01-10 18:00:00,5.695,-2.298,-4.441,-2.625
2021-01-10 19:00:00,5.163,-2.129,-4.472,-0.625
2021-01-10 20:00:00,5.053,-1.839,-4.287,-1.83
2021-01-10 21:00:00,4.497,-1.91,-3.554,-1.857
2021-01-10 22:00:00,3.123,1.438,-2.29,-0.519
2021-01-10 23:00:00,3.027,1.817,-2.074,-0.77
2021-01-11 00:00:00,2.814,1.453,-1.9,-1.313
2021-01-11 01:00:00,2.553,1.134,-1.965,-0.915
2021-01-11 02:00:00,2.406,0.672,-2.067,-0.743
2021-01-11 03:00:00,2.43,1.145,-1.939,-0.417
2021-01-11 04:00:00,2.547,1.589,-1.731,-0.413
2021-01-11 05:00:00,2.203,1.487,-1.385,-0.617
2021-01-11 06:00:00,2.038,0.897,-1.577,-0.55
2021-01-11 07:00:00,2.063,0.699,-1.748,-0.68
2021-01-11 08:00:00,3.76,0.527,-3.612,-0.409
2021-01-11 09:00:00,4.918,2.011,-4.218,-1.007
2021-01-11 10:00:00,6.987,1.074,-5.758,-0.733
2021-01-11 11:00:00,11.027,1.743,-10.245,-1.371
2021-01-11 12:00:00,8.088,1.986,-4.799,-3.418
2021-01-11 13:00:00,16.964,-5.149,4.033,-12.602
2021-01-11 14:00:00,13.835,-2.491,7.951,-1.243
2021-01-11 15:00:00,11.891,-1.82,7.489,-5.388
2021-01-11 16:00:00,14.206,-6.6,6.907,0.935
2021-01-11 17:00:00,13.251,-6.365,9.702,-1.111
2021-01-11 18:00:00,13.017,-4.948,8.979,-4.402
2021-01-11 19:00:00,13.15,-2.296,7.997,-5.949
2021-01-11 20:00:00,10.306,-5.443,0.024,-6.507
2021-01-11 21:00:00,8.515,-5.976,-2.703,-4.467
2021-01-11 22:00:00,6.984,-4.815,2.005,-2.488
2021-01-11 23:00:00,6.127,-5.207,-0.899,-2.521
2021-01-12 00:00:00,5.818,-4.539,-2.367,-2.082
2021-01-12 01:00:00,6.283,-5.229,0.92,-1.907
2021-01-12 02:00:00,6.335,-4.416,4.009,0.079
2021-01-12 03:00:00,5.474,-2.766,0.246,-2.006
2021-01-12 04:00:00,5.498,-3.288,-3.848,-1.025
2021-01-12 05:00:00,5.575,-4.801,-1.926,-0.129
2021-01-12 06:00:00,5.077,-4.462,-1.024,0.452
2021-01-12 07:00:00,4.334,-2.697,1.599,-0.821
2021-01-12 08:00:00,4.954,1.706,4.263,-1.161
2021-01-12 09:00:00,4.936,1.791,4.224,-0.241
2021-01-12 10:00:00,4.057,-1.416,3.518,0.354
2021-01-12 11:00:00,4.418,1.092,3.948,-0.42
2021-01-12 12:00:00,4.31,2.293,3.162,-0.303
2021-01-12 13:00:00,4.226,0.183,2.291,0.309
2021-01-12 14:00:00,5.211,-3.829,0.931,1.935
2021-01-12 15:00:00,5.711,-4.916,-0.07,2.598
2021-01-12 16:00:00,4.714,-1.997,2.609,0.864
2021-01-12 17:00:00,5.047,-1.657,3.959,1.752
2021-01-12 18:00:00,5.325,-1.256,4.703,0.805
2021-01-12 19:00:00,5.426,-3.684,2.664,2.007
2021-01-12 20:00:00,5.533,-1.466,3.6,1.403
2021-01-12 21:00:00,5.823,0.885,4.875,-1.33
2021-01-12 22:00:00,5.554,-3.46,2.414,3.148
2021-01-12 23:00:00,5.221,-3.503,0.35,3.483
2021-01-13 00:00:00,4.812,-1.792,3.591,0.86
2021-01-13 01:00:00,3.786,-1.465,2.312,-1.545
2021-01-13 02:00:00,3.61,-1.982,0.83,0.465
2021-01-13 03:00:00,4.619,-2.533,0.615,1.308
2021-01-13 04:00:00,5.772,-5.43,0.474,1.619
2021-01-13 05:00:00,6.23,-6.126,-0.206,0.72
2021-01-13 06:00:00,6.497,-6.22,-0.046,-1.411
2021-01-13 07:00:00,5.735,-1.912,3.866,-2.382
2021-01-13 08:00:00,5.217,2.589,3.792,-2.133
2021-01-13 09:00:00,5.258,0.475,4.614,-1.693
2021-01-13 10:00:00,5.219,-0.105,4.86,-1.299
2021-01-13 11:00:00,4.582,-3.833,0.812,-1.528
2021-01-13 12:00:00,4.451,-3.405,0.578,-2.505
2021-01-13 13:00:00,4.609,-3.817,1.541,-1.746
2021-01-13 14:00:00,4.602,-4.074,0.761,-1.768
2021-01-13 15:00:00,4.233,-3.754,1.406,-1.144
2021-01-13 16:00:00,3.991,-3.626,1.523,-0.392
2021-01-13 17:00:00,3.928,-3.712,0.905,-0.586
2021-01-13 18:00:00,4.052,-3.82,0.978,-0.549
2021-01-13 19:00:00,3.642,-2.849,2.048,-0.609
2021-01-13 20:00:00,3.895,-3.42,1.629,-0.556
2021-01-13 21:00:00,4.081,-3.609,1.722,0.392
2021-01-13 22:00:00,4.145,-3.753,1.621,0.144
2021-01-13 23:00:00,4.024,-3.914,0.064,-0.047
2021-01-14 00:00:00,3.723,-3.206,0.891,0.172
2021-01-14 01:00:00,3.749,-1.848,2.554,1.505
2021-01-14 02:00:00,4.105,0.184,3.325,1.577
2021-01-14 03:00:00,4.291,-2.046,1.293,0.996
2021-01-14 04:00:00,4.316,-4.05,-1.185,0.367
2021-01-14 05:00:00,4.218,-4.075,-0.197,0.622
2021-01-14 06:00:00,4.237,-3.815,-1.623,0.269
2021-01-14 07:00:00,3.925,-3.509,-1.612,0.352
2021-01-14 08:00:00,3.967,-3.586,-1.448,0.581
2021-01-14 09:00:00,3.794,-3.627,-0.88,-0.431
2021-01-14 10:00:00,4.004,-3.925,-0.554,-0.276
2021-01-14 11:00:00,4.329,-4.268,-0.452,-0.263
2021-01-14 12:00:00,4.569,-4.494,-0.485,-0.428
2021-01-14 13:00:00,4.383,-4.296,-0.201,-0.35
2021-01-14 14:00:00,4.706,-4.303,1.173,-0.669
2021-01-14 15:00:00,4.486,-4.26,1.145,-0.335
2021-01-14 16:00:00,5.053,-4.446,2.285,-0.28
2021-01-14 17:00:00,4.959,-3.154,3.467,1.061
2021-01-14 18:00:00,4.544,-3.176,2.137,-0.594
2021-01-14 19:00:00,4.432,-3.286,1.557,-0.771
2021-01-14 20:00:00,4.186,0.386,3.705,0.752
2021-01-14 21:00:00,4.196,0.271,3.19,1.924
2021-01-14 22:00:00,3.986,-1.396,2.74,-1.249
2021-01-14 23:00:00,3.871,-2.362,1.447,-2.418
2021-01-15 00:00:00,1.879,-1.189,1.114,-0.644
2021-01-15 01:00:00,2.116,-0.575,1.952,-0.106
2021-01-15 02:00:00,2.691,-0.559,2.458,0.798
2021-01-15 03:00:00,2.644,0.199,2.01,1.53
2021-01-15 04:00:00,1.865,1.489,-0.338,0.808
2021-01-15 05:00:00,2.556,2.194,-0.969,0.64
2021-01-15 06:00:00,2.597,2.05,-1.314,0.664
2021-01-15 07:00:00,2.63,1.969,-1.212,0.658
2021-01-15 08:00:00,2.716,2.1,-1.134,0.844
2021-01-15 09:00:00,2.304,1.66,-1.465,0.354
2021-01-15 10:00:00,2.289,1.207,-1.828,0.124
2021-01-15 11:00:00,2.521,1.202,-2.017,0.389
2021-01-15 12:00:00,2.746,0.549,-2.382,-0.915
2021-01-15 13:00:00,2.997,1.164,-1.797,-1.819
2021-01-15 14:00:00,3.976,1.371,-2.548,-2.595
2021-01-15 15:00:00,4.16,0.762,-1.765,-3.352
2021-01-15 16:00:00,3.135,-0.66,0.797,-1.922
2021-01-15 17:00:00,2.666,-0.325,1.385,-0.43
2021-01-15 18:00:00,2.992,1.733,-1.88,-0.141
2021-01-15 19:00:00,3.81,2.348,-2.745,0.967
2021-01-15 20:00:00,3.681,2.448,-2.443,1.067
2021-01-15 21:00:00,3.568,1.764,-2.783,1.151
2021-01-15 22:00:00,3.049,0.53,-2.337,1.4
2021-01-15 23:00:00,3.446,2.545,-1.577,1.495
2021-01-16 00:00:00,4.114,3.068,-1.361,2.179
2021-01-16 01:00:00,4.499,2.868,0.988,2.036
2021-01-16 02:00:00,3.74,-0.075,0.984,-2.81
2021-01-16 03:00:00,2.975,1.931,-0.755,-0.369
2021-01-16 04:00:00,3.216,2.453,-1.295,0.014
2021-01-16 05:00:00,3.648,3.049,0.894,-0.612
2021-01-16 06:00:00,3.579,1.953,-0.834,1.501
2021-01-16 07:00:00,4.026,1.701,-1.971,2.159
2021-01-16 08:00:00,5.302,2.811,-4.298,0.852
2021-01-16 09:00:00,3.885,0.892,-2.692,1.59
2021-01-16 10:00:00,3.876,-0.444,-2.722,-2.027
2021-01-16 11:00:00,4.517,2.236,-2.274,2.109
2021-01-16 12:00:00,4.49,2.656,-2.743,0.225
2021-01-16 13:00:00,4.074,0.946,-3.406,-0.57
2021-01-16 14:00:00,4.048,-0.17,-3.766,0.21
2021-01-16 15:00:00,3.988,0.196,-3.359,-1.045
2021-01-16 16:00:00,4.244,1.342,-3.825,-0.909
2021-01-16 17:00:00,3.669,1.831,-3.082,0.201
2021-01-16 18:00:00,3.901,1.47,-3.47,-0.717
2021-01-16 19:00:00,3.623,0.873,-3.365,-0.86
2021-01-16 20:00:00,3.341,0.663,-3.056,-0.904
2021-01-16 21:00:00,3.88,0.515,-2.106,-0.522
2021-01-16 22:00:00,4.176,2.791,-2.808,0.859
2021-01-16 23:00:00,4.265,1.468,-3.906,-0.177
2021-01-17 00:00:00,3.963,-1.218,-3.124,-1.83
2021-01-17 01:00:00,4.795,-3.221,-0.783,-3.274
2021-01-17 02:00:00,4.366,-2.32,-0.197,-3.611
2021-01-17 03:00:00,3.855,-1.849,1.353,-2.859
2021-01-17 04:00:00,1.879,0.322,1.348,-0.794
2021-01-17 05:00:00,2.192,1.198,1.524,-0.845
2021-01-17 06:00:00,2.247,1.305,1.633,-0.671
2021-01-17 07:00:00,2.202,0.925,1.912,-0.293
2021-01-17 08:00:00,2.178,0.965,1.884,-0.144
2021-01-17 09:00:00,2.206,0.677,2.003,0.034
2021-01-17 10:00:00,1.927,0.548,1.732,0.093
2021-01-17 11:00:00,2.284,-0.004,2.119,0.537
2021-01-17 12:00:00,2.88,-0.97,2.324,-0.851
2021-01-17 13:00:00,2.634,-0.232,2.487,0.038
2021-01-17 14:00:00,2.537,0.565,2.195,0.958
2021-01-17 15:00:00,2.435,1.168,0.738,1.105
2021-01-17 16:00:00,2.574,2.2,-0.956,0.056
2021-01-17 17:00:00,2.046,1.659,-0.693,-0.389
2021-01-17 18:00:00,1.344,-0.374,0.545,-0.232
2021-01-17 19:00:00,1.974,-1.182,1.363,-0.133
2021-01-17 20:00:00,3.018,-1.888,0.164,-1.775
2021-01-17 21:00:00,4.014,-2.592,0.713,-2.683
2021-01-17 22:00:00,3.724,-2.156,0.913,-2.616
2021-01-17 23:00:00,3.904,-1.984,-0.692,-3.164
2021-01-18 00:00:00,3.488,-2.067,-0.413,-2.659
2021-01-18 01:00:00,3.837,-2.376,0.716,-2.82
2021-01-18 02:00:00,3.051,-1.797,1.498,-1.55
2021-01-18 03:00:00,3.164,-1.676,2.186,-0.371
2021-01-18 04:00:00,2.872,-0.237,2.506,1.184
2021-01-18 05:00:00,2.404,-1.229,1.626,-0.456
2021-01-18 06:00:00,2.424,-0.788,1.603,-0.477
2021-01-18 07:00:00,3.056,-1.472,2.265,0.019
2021-01-18 08:00:00,2.852,-0.449,1.906,0.679
2021-01-18 09:00:00,2.751,-0.416,2.436,0.211
2021-01-18 10:00:00,2.803,-1.187,2.183,-0.05
2021-01-18 11:00:00,3.062,-1.687,2.02,0.162
2021-01-18 12:00:00,3.696,-1.806,2.526,1.316
2021-01-18 13:00:00,4.19,-1.984,3.599,0.131
2021-01-18 14:00:00,4.289,-2.293,2.581,-2.258
2021-01-18 15:00:00,4.187,-3.205,2.026,-1.302
2021-01-18 16:00:00,5.624,-3.95,-0.447,-3.052
2021-01-18 17:00:00,5.111,-2.59,-3.442,-2.145
2021-01-18 18:00:00,6.399,1.399,-5.85,0.037
2021-01-18 19:00:00,6.976,0.055,-5.203,-1.598
2021-01-18 20:00:00,6.93,0.242,-5.486,-2.15
2021-01-18 21:00:00,6.221,4.048,-3.81,-0.723
2021-01-18 22:00:00,4.62,1.51,-0.28,-2.783
2021-01-18 23:00:00,5.888,-0.321,-4.713,-3.159
2021-01-19 00:00:00,5.134,-0.341,-4.04,-2.535
2021-01-19 01:00:00,6.472,-0.759,-5.068,-3.173
2021-01-19 02:00:00,5.855,3.128,-4.553,-0.813
2021-01-19 03:00:00,7.196,5.603,-1.187,3.428
2021-01-19 04:00:00,6.991,2.522,-5.699,-0.155
2021-01-19 05:00:00,6.689,2.112,-6.02,1.358
2021-01-19 06:00:00,6.405,2.366,-5.253,1.366
2021-01-19 07:00:00,6.194,2.548,-5.044,1.755
2021-01-19 08:00:00,5.878,1.007,-5.532,0.977
2021-01-19 09:00:00,5.718,0.017,-4.081,-0.815
2021-01-19 10:00:00,5.471,-1.32,-1.598,-3.216
2021-01-19 11:00:00,5.669,2.642,-3.573,0.143
2021-01-19 12:00:00,5.408,1.016,-2.497,-0.146
2021-01-19 13:00:00,5.179,-2.539,-3.254,-1.686
2021-01-19 14:00:00,4.713,0.944,-3.77,-0.123
2021-01-19 15:00:00,5.896,0.964,-5.34,-0.329
2021-01-19 16:00:00,5.944,0.714,-5.473,-0.993
2021-01-19 17:00:00,7.2,2.496,-6.471,0.988
2021-01-19 18:00:00,7.794,4.12,-5.948,2.584
2021-01-19 19:00:00,8.085,4.0,-6.183,3.073
2021-01-19 20:00:00,7.938,5.435,-4.486,3.441
2021-01-19 21:00:00,8.349,6.505,-3.537,3.679
2021-01-19 22:00:00,8.239,6.428,-2.882,3.916
2021-01-19 23:00:00,6.478,5.273,-1.071,3.435
2021-01-20 00:00:00,5.237,1.83,2.184,3.453
2021-01-20 01:00:00,5.738,3.545,1.388,3.642
2021-01-20 02:00:00,6.292,2.83,-3.958,3.554
2021-01-20 03:00:00,6.419,2.71,-4.509,-1.124
2021-01-20 04:00:00,6.196,2.764,-4.743,0.379
2021-01-20 05:00:00,6.627,2.59,-5.098,-2.814
2021-01-20 06:00:00,6.876,2.467,-4.532,-3.756
2021-01-20 07:00:00,4.271,-0.024,2.276,-1.962
2021-01-20 08:00:00,4.426,-1.569,3.861,-0.924
2021-01-20 09:00:00,6.615,-3.168,5.572,-1.42
2021-01-20 10:00:00,6.507,-3.115,5.562,-0.697
2021-01-20 11:00:00,5.605,-1.708,5.165,-1.099
2021-01-20 12:00:00,6.872,-2.713,5.951,-1.289
2021-01-20 13:00:00,6.548,-1.239,5.75,-2.362
2021-01-20 14:00:00,5.117,0.412,-4.81,1.109
2021-01-20 15:00:00,5.499,0.704,-5.261,0.545
2021-01-20 16:00:00,4.929,-1.161,-3.262,2.328
2021-01-20 17:00:00,4.734,-0.655,3.419,-0.88
2021-01-20 18:00:00,4.974,-1.68,4.238,-0.001
2021-01-20 19:00:00,4.921,-2.031,4.416,0.545
2021-01-20 20:00:00,5.249,-2.382,4.486,1.108
2021-01-20 21:00:00,5.335,-3.239,3.79,1.724
2021-01-20 22:00:00,4.011,-2.071,3.099,-0.21
2021-01-20 23:00:00,2.885,-1.368,2.242,-0.566
2021-01-21 00:00:00,2.509,-0.465,1.58,-0.04
2021-01-21 01:00:00,1.923,1.445,-0.641,-0.046
2021-01-21 02:00:00,1.907,1.625,-0.646,-0.121
2021-01-21 03:00:00,1.967,1.293,-1.357,-0.189
2021-01-21 04:00:00,2.573,1.766,-1.592,-0.663
2021-01-21 05:00:00,2.562,1.398,-1.906,-0.452
2021-01-21 06:00:00,2.97,2.309,-1.312,0.431
2021-01-21 07:00:00,3.055,2.644,-1.049,0.934
2021-01-21 08:00:00,3.811,2.895,-1.801,0.973
2021-01-21 09:00:00,3.429,0.666,-2.515,-0.514
2021-01-21 10:00:00,2.636,0.516,-2.003,1.489
2021-01-21 11:00:00,2.422,1.5,-1.202,1.214
2021-01-21 12:00:00,2.547,0.939,-1.53,1.038
2021-01-21 13:00:00,3.345,2.661,-1.875,-0.044
2021-01-21 14:00:00,3.413,2.808,-1.214,-1.357
2021-01-21 15:00:00,2.145,0.63,0.214,0.308
2021-01-21 16:00:00,2.44,0.546,1.054,0.969
2021-01-21 17:00:00,2.628,1.693,1.78,-0.521
2021-01-21 18:00:00,2.213,1.235,1.531,-0.838
2021-01-21 19:00:00,2.096,0.962,1.691,-0.504
2021-01-21 20:00:00,2.6,0.607,2.375,-0.398
2021-01-21 21:00:00,1.624,0.224,0.704,-0.946
2021-01-21 22:00:00,1.462,-0.021,0.997,-0.683
2021-01-21 23:00:00,1.789,-1.076,0.359,-1.243
2021-01-22 00:00:00,1.943,-1.24,-0.339,-1.348
2021-01-22 01:00:00,1.901,-1.028,-0.697,-1.293
2021-01-22 02:00:00,2.831,-1.617,-1.547,-1.393
2021-01-22 03:00:00,2.223,-1.027,-1.655,0.03
2021-01-22 04:00:00,1.791,0.399,-0.75,1.224
2021-01-22 05:00:00,2.621,0.949,-1.884,1.305
2021-01-22 06:00:00,2.713,0.595,-2.087,1.444
2021-01-22 07:00:00,2.146,0.726,-1.225,1.476
2021-01-22 08:00:00,2.65,1.078,-0.922,2.031
2021-01-22 09:00:00,3.09,-0.47,-1.516,2.449
2021-01-22 10:00:00,2.482,0.251,-0.203,2.307
2021-01-22 11:00:00,1.772,0.649,0.312,1.021
2021-01-22 12:00:00,3.409,-0.076,3.111,-0.543
2021-01-22 13:00:00,4.611,0.183,4.477,0.273
2021-01-22 14:00:00,5.043,-0.734,2.606,-2.342
2021-01-22 15:00:00,5.759,-0.996,5.125,1.263
2021-01-22 16:00:00,5.086,-0.389,-3.144,0.677
2021-01-22 17:00:00,5.216,-1.286,-4.617,-0.907
2021-01-22 18:00:00,4.957,-1.355,0.022,4.431
2021-01-22 19:00:00,4.026,-0.956,1.678,0.842
2021-01-22 20:00:00,5.036,-0.499,3.189,-2.381
2021-01-22 21:00:00,5.272,-2.302,4.065,-1.208
2021-01-22 22:00:00,5.011,-2.152,3.136,2.768
2021-01-22 23:00:00,4.847,-2.847,3.04,0.103
2021-01-23 00:00:00,4.883,-4.156,1.697,-0.171
2021-01-23 01:00:00,5.157,-3.549,3.343,0.349
2021-01-23 02:00:00,5.922,-4.517,3.023,-0.074
2021-01-23 03:00:00,6.409,-4.74,3.607,1.736
2021-01-23 04:00:00,6.527,-2.835,5.579,-0.995
2021-01-23 05:00:00,6.562,-4.249,4.807,-0.228
2021-01-23 06:00:00,6.814,-3.406,4.306,-3.313
2021-01-23 07:00:00,6.787,-2.664,4.588,-3.954
2021-01-23 08:00:00,6.738,-4.533,3.557,-3.012
2021-01-23 09:00:00,7.272,-6.663,2.527,1.044
2021-01-23 10:00:00,7.103,-5.894,2.355,-0.162
2021-01-23 11:00:00,7.509,-0.798,2.718,-6.868
2021-01-23 12:00:00,6.352,-0.621,1.025,-4.776
2021-01-23 13:00:00,6.406,-5.567,-1.153,2.797
2021-01-23 14:00:00,5.656,-2.067,0.815,0.946
2021-01-23 15:00:00,4.792,0.154,2.806,-1.105
2021-01-23 16:00:00,5.966,2.572,3.712,-2.549
2021-01-23 17:00:00,4.354,-1.288,3.188,-0.53
2021-01-23 18:00:00,4.541,0.126,3.799,-1.748
2021-01-23 19:00:00,5.018,0.351,3.08,-2.696
2021-01-23 20:00:00,8.601,-0.735,4.276,-0.648
2021-01-23 21:00:00,7.491,-5.292,1.838,4.617
2021-01-23 22:00:00,5.771,-2.611,3.235,3.892
2021-01-23 23:00:00,5.185,-0.882,1.942,4.276
2021-01-24 00:00:00,6.054,-4.328,2.777,2.409
2021-01-24 01:00:00,5.941,-4.081,2.875,2.569
2021-01-24 02:00:00,6.233,-1.087,5.05,-2.36
2021-01-24 03:00:00,5.81,-0.692,4.894,-2.273
2021-01-24 04:00:00,5.334,-2.443,4.453,0.421
2021-01-24 05:00:00,4.91,-2.819,3.183,-2.177
2021-01-24 06:00:00,5.381,-2.926,4.052,-1.591
2021-01-24 07:00:00,5.241,-3.484,3.59,0.984
2021-01-24 08:00:00,5.137,-3.746,2.202,-0.364
2021-01-24 09:00:00,4.364,-2.103,3.464,-0.71
2021-01-24 10:00:00,4.409,-2.183,3.518,-1.182
2021-01-24 11:00:00,4.235,-1.505,3.659,-0.241
2021-01-24 12:00:00,4.305,0.411,3.095,-1.979
2021-01-24 13:00:00,4.085,-1.459,3.572,0.619
2021-01-24 14:00:00,6.375,-0.868,0.488,5.308
2021-01-24 15:00:00,7.565,1.227,-6.671,2.335
2021-01-24 16:00:00,8.071,2.448,-7.133,0.837
2021-01-24 17:00:00,6.912,4.166,-4.572,0.227
2021-01-24 18:00:00,6.75,4.639,-4.458,0.273
2021-01-24 19:00:00,7.832,5.544,-4.224,0.052
2021-01-24 20:00:00,7.127,3.399,-3.749,-2.936
2021-01-24 21:00:00,7.761,6.433,-3.735,1.844
2021-01-24 22:00:00,5.431,1.48,-1.02,3.728
2021-01-24 23:00:00,7.298,-1.063,2.209,2.528
2021-01-25 00:00:00,7.362,-1.268,-0.021,5.226
2021-01-25 01:00:00,4.558,-1.707,2.106,-1.5
2021-01-25 02:00:00,5.189,1.182,1.028,1.123
2021-01-25 03:00:00,7.318,1.851,-1.986,6.554
2021-01-25 04:00:00,7.803,2.589,-1.248,0.666
2021-01-25 05:00:00,9.806,3.059,0.448,-5.871
2021-01-25 06:00:00,7.788,1.523,-0.762,-5.113
2021-01-25 07:00:00,9.498,3.807,-5.085,-5.455
2021-01-25 08:00:00,9.06,5.451,-3.76,-4.385
2021-01-25 09:00:00,7.875,5.658,-2.801,-2.145
2021-01-25 10:00:00,7.242,3.997,-3.09,3.543
2021-01-25 11:00:00,7.415,4.192,-3.064,4.378
2021-01-25 12:00:00,9.804,4.736,-8.103,-0.043
2021-01-25 13:00:00,9.992,3.745,-8.919,-1.451
2021-01-25 14:00:00,9.112,3.387,-8.072,0.508
2021-01-25 15:00:00,8.904,3.579,-6.019,-1.58
2021-01-25 16:00:00,9.667,3.527,-6.788,4.946
2021-01-25 17:00:00,9.221,6.103,-3.816,3.178
2021-01-25 18:00:00,9.002,3.757,-5.641,4.852
2021-01-25 19:00:00,8.957,4.905,-4.973,-1.923
2021-01-25 20:00:00,9.723,3.575,-3.907,-5.51
2021-01-25 21:00:00,9.936,4.382,-6.307,-5.094
2021-01-25 22:00:00,9.64,4.531,-7.67,-0.378
2021-01-25 23:00:00,8.899,3.935,-4.861,5.812
2021-01-26 00:00:00,8.61,2.781,-4.419,1.382
2021-01-26 01:00:00,6.545,1.825,-2.915,1.692
2021-01-26 02:00:00,5.988,1.467,-2.038,-3.47
2021-01-26 03:00:00,5.954,3.475,-3.482,-0.703
2021-01-26 04:00:00,5.398,1.81,-3.247,1.342
2021-01-26 05:00:00,5.102,2.993,-3.108,2.373
2021-01-26 06:00:00,3.983,3.135,-2.159,0.719
2021-01-26 07:00:00,3.774,3.384,-1.318,-0.07
2021-01-26 08:00:00,3.663,3.285,-0.829,-0.968
2021-01-26 09:00:00,3.354,2.681,-1.446,-1.028
2021-01-26 10:00:00,3.228,2.291,-1.797,-0.973
2021-01-26 11:00:00,3.86,2.968,-2.074,-0.85
2021-01-26 12:00:00,3.797,3.186,-1.972,-0.09
2021-01-26 13:00:00,3.664,2.681,-1.97,-0.184
2021-01-26 14:00:00,3.638,1.657,-2.299,0.07
2021-01-26 15:00:00,3.877,0.482,-2.482,-1.568
2021-01-26 16:00:00,3.995,-0.112,-0.777,-0.788
2021-01-26 17:00:00,5.016,-0.374,-3.394,-2.513
2021-01-26 18:00:00,3.738,1.675,-1.899,1.332
2021-01-26 19:00:00,3.792,2.818,-1.616,0.088
2021-01-26 20:00:00,4.03,2.397,-1.988,-2.244
2021-01-26 21:00:00,4.317,3.373,-1.935,0.845
2021-01-26 22:00:00,4.652,4.089,-0.478,1.575
2021-01-26 23:00:00,4.389,3.86,-1.197,-0.401
2021-01-27 00:00:00,3.699,1.16,2.42,-0.632
2021-01-27 01:00:00,4.467,3.18,-0.34,1.858
2021-01-27 02:00:00,4.549,1.149,-3.323,-1.239
2021-01-27 03:00:00,4.924,1.206,-3.961,-0.215
2021-01-27 04:00:00,5.095,4.254,-1.74,1.489
2021-01-27 05:00:00,5.156,2.495,-3.234,-0.267
2021-01-27 06:00:00,4.893,2.946,-2.821,1.214
2021-01-27 07:00:00,4.811,2.017,-3.928,-0.522
2021-01-27 08:00:00,4.578,2.352,-3.175,-0.461
2021-01-27 09:00:00,4.846,-0.458,-3.787,-1.925
2021-01-27 10:00:00,4.446,3.042,-2.799,0.27
2021-01-27 11:00:00,4.368,1.57,-3.323,-0.864
2021-01-27 12:00:00,3.847,1.975,0.096,-0.606
2021-01-27 13:00:00,3.361,2.415,-0.884,-0.355
2021-01-27 14:00:00,3.515,2.055,0.775,-0.147
2021-01-27 15:00:00,4.018,-1.306,-2.463,-2.048
2021-01-27 16:00:00,4.069,3.011,-1.03,0.356
2021-01-27 17:00:00,4.017,3.885,0.303,-0.019
2021-01-27 18:00:00,4.202,3.811,1.426,-0.391
2021-01-27 19:00:00,4.164,2.959,0.705,0.981
2021-01-27 20:00:00,4.576,-0.396,-3.944,-0.85
2021-01-27 21:00:00,5.535,-0.089,-4.675,0.486
2021-01-27 22:00:00,4.503,0.261,-2.623,3.165
2021-01-27 23:00:00,4.525,-1.032,-3.984,0.3
2021-01-28 00:00:00,3.916,-0.349,-3.01,-1.983
2021-01-28 01:00:00,3.501,2.398,-0.661,-1.241
2021-01-28 02:00:00,3.546,3.138,-0.795,-1.258
2021-01-28 03:00:00,3.416,2.74,-1.396,-0.273
2021-01-28 04:00:00,3.15,2.226,-1.974,0.596
2021-01-28 05:00:00,3.156,2.349,-2.012,-0.11
2021-01-28 06:00:00,2.79,1.169,-1.927,-0.839
2021-01-28 07:00:00,3.268,2.357,-2.059,0.144
2021-01-28 08:00:00,3.284,2.484,-1.868,0.731
2021-01-28 09:00:00,3.408,2.611,-1.626,1.256
2021-01-28 10:00:00,3.722,3.212,-0.742,1.565
2021-01-28 11:00:00,3.698,3.16,0.298,1.525
2021-01-28 12:00:00,3.435,3.04,-0.639,0.883
2021-01-28 13:00:00,3.093,2.332,-1.464,1.138
2021-01-28 14:00:00,3.001,1.909,-1.751,1.407
2021-01-28 15:00:00,2.603,1.186,-0.869,0.793
2021-01-28 16:00:00,2.194,0.849,-1.413,0.911
2021-01-28 17:00:00,2.559,1.315,-0.586,1.632
2021-01-28 18:00:00,2.323,-0.039,-0.994,1.927
2021-01-28 19:00:00,2.159,-0.296,-1.027,1.466
2021-01-28 20:00:00,2.218,-0.314,-1.577,0.841
2021-01-28 21:00:00,2.526,1.867,0.605,0.633
2021-01-28 22:00:00,2.765,2.217,0.349,0.941
2021-01-28 23:00:00,2.674,1.275,-0.766,1.005
2021-01-29 00:00:00,2.437,-1.207,-1.801,-0.283
2021-01-29 01:00:00,1.93,0.085,-1.008,0.234
2021-01-29 02:00:00,2.836,-0.779,-2.235,-0.311
2021-01-29 03:00:00,2.223,-0.561,-0.872,-1.105
2021-01-29 04:00:00,1.81,0.464,-0.499,0.028
2021-01-29 05:00:00,2.144,-0.849,0.246,-1.169
2021-01-29 06:00:00,1.646,-0.825,0.909,-0.614
2021-01-29 07:00:00,1.515,-0.799,-0.637,-0.061
2021-01-29 08:00:00,2.712,1.031,-2.163,0.05
2021-01-29 09:00:00,2.801,2.141,-1.38,-0.897
2021-01-29 10:00:00,2.857,0.239,-2.629,-0.446
2021-01-29 11:00:00,3.011,2.136,-0.913,0.291
2021-01-29 12:00:00,2.898,-0.199,-2.615,-0.376
2021-01-29 13:00:00,3.258,-1.049,-2.625,-0.447
2021-01-29 14:00:00,3.112,-1.694,-1.883,-1.261
2021-01-29 15:00:00,3.373,-0.917,-2.672,-0.683
2021-01-29 16:00:00,3.499,-1.508,-2.607,-0.808
2021-01-29 17:00:00,3.083,-1.017,-2.674,-0.132
2021-01-29 18:00:00,2.993,-0.536,-2.26,-0.316
2021-01-29 19:00:00,3.048,-0.028,-2.554,-0.836
2021-01-29 20:00:00,2.953,1.035,-2.448,-0.099
2021-01-29 21:00:00,2.759,1.528,-1.538,0.565
2021-01-29 22:00:00,3.281,0.649,-0.971,0.106
2021-01-29 23:00:00,3.765,2.43,-0.113,1.343
2021-01-30 00:00:00,3.924,2.969,-2.154,-0.558
2021-01-30 01:00:00,2.8,1.703,-0.68,-1.706
2021-01-30 02:00:00,3.049,2.327,-1.069,-0.963
2021-01-30 03:00:00,3.134,0.472,-2.834,0.645
2021-01-30 04:00:00,3.357,-0.806,-2.928,0.404
2021-01-30 05:00:00,3.327,0.189,-3.133,-0.12
2021-01-30 06:00:00,3.47,0.261,-3.377,-0.286
2021-01-30 07:00:00,3.677,-0.232,-1.972,-0.228
2021-01-30 08:00:00,3.83,-3.068,-1.889,-0.465
2021-01-30 09:00:00,3.596,-1.515,-3.052,-0.065
2021-01-30 10:00:00,3.346,-0.755,-2.986,-0.711
2021-01-30 11:00:00,3.191,0.434,-2.645,-1.153
2021-01-30 12:00:00,3.26,1.62,-2.72,-0.081
2021-01-30 13:00:00,3.166,-0.829,-1.853,-1.775
2021-01-30 14:00:00,3.468,-2.115,-2.379,-1.004
2021-01-30 15:00:00,3.42,0.056,-2.95,-0.869
2021-01-30 16:00:00,3.569,0.878,-3.221,0.008
2021-01-30 17:00:00,3.637,1.331,-3.279,0.608
2021-01-30 18:00:00,3.586,1.028,-3.311,0.696
2021-01-30 19:00:00,3.561,-0.169,-3.484,0.115
2021-01-30 20:00:00,3.475,-0.263,-3.25,-0.404
2021-01-30 21:00:00,3.436,0.575,-3.143,0.001
2021-01-30 22:00:00,3.536,-0.28,-3.437,0.215
2021-01-30 23:00:00,3.618,-0.351,-3.472,0.48
2021-01-31 00:00:00,2.562,1.201,-1.866,-0.117
2021-01-31 01:00:00,2.389,1.626,-1.448,-0.234
2021-01-31 02:00:00,1.785,0.999,-0.878,0.626
2021-01-31 03:00:00,1.337,0.358,-0.968,0.221
2021-01-31 04:00:00,2.284,0.827,-1.872,0.67
2021-01-31 05:00:00,2.656,0.51,-2.015,1.424
2021-01-31 06:00:00,2.343,0.184,-1.56,1.421
2021-01-31 07:00:00,2.177,-0.86,-1.634,1.022
2021-01-31 08:00:00,3.834,-2.296,-2.632,1.44
2021-01-31 09:00:00,4.409,-2.018,-0.513,3.322
2021-01-31 10:00:00,2.448,-1.638,1.378,0.989
2021-01-31 11:00:00,2.64,-1.4,1.585,1.418
2021-01-31 12:00:00,2.674,-1.581,1.641,1.247
2021-01-31 13:00:00,2.129,-1.122,1.634,-0.123
2021-01-31 14:00:00,2.667,-1.009,0.08,1.47
2021-01-31 15:00:00,2.81,-1.277,0.083,2.202
2021-01-31 16:00:00,3.048,-1.844,0.016,1.815
2021-01-31 17:00:00,3.215,-1.772,-0.305,2.433
2021-01-31 18:00:00,3.742,-1.982,-0.551,2.749
2021-01-31 19:00:00,4.145,-2.577,0.703,3.057
2021-01-31 20:00:00,4.172,-1.339,3.303,0.007
2021-01-31 21:00:00,3.744,1.781,1.018,-1.92
2021-01-31 22:00:00,4.323,2.484,2.32,-1.512
2021-01-31 23:00:00,4.299,2.53,1.166,-2.849
2021-02-01 00:00:00,4.145,1.072,2.198,-2.518
2021-02-01 01:00:00,4.264,-0.019,2.881,-2.412
2021-02-01 02:00:00,3.989,-0.082,1.309,-3.226
2021-02-01 03:00:00,3.936,-0.048,3.269,-1.121
2021-02-01 04:00:00,4.389,-0.743,4.155,0.581
2021-02-01 05:00:00,4.358,-0.443,3.208,2.187
2021-02-01 06:00:00,3.723,-1.958,3.012,0.313
2021-02-01 07:00:00,3.692,-2.23,2.207,1.328
2021-02-01 08:00:00,4.705,-2.776,3.077,1.572
2021-02-01 09:00:00,4.617,-1.381,4.176,-0.755
2021-02-01 10:00:00,4.362,-1.205,3.325,-1.285
2021-02-01 11:00:00,4.439,0.598,3.096,-2.119
2021-02-01 12:00:00,4.552,-0.489,3.252,-1.168
2021-02-01 13:00:00,4.852,-0.743,3.12,-2.491
2021-02-01 14:00:00,5.35,1.373,1.376,-4.495
2021-02-01 15:00:00,5.102,-0.292,2.911,-2.501
2021-02-01 16:00:00,5.134,-1.049,3.874,1.946
2021-02-01 17:00:00,5.507,0.527,3.367,-3.339
2021-02-01 18:00:00,5.079,-1.565,1.823,-3.877
2021-02-01 19:00:00,5.881,-2.239,1.844,0.041
2021-02-01 20:00:00,6.785,-2.983,3.074,4.523
2021-02-01 21:00:00,6.479,-3.163,5.406,0.124
2021-02-01 22:00:00,7.221,-2.691,4.27,-2.968
2021-02-01 23:00:00,10.364,2.681,-8.114,-0.468
2021-02-02 00:00:00,12.595,0.869,-7.076,6.681
2021-02-02 01:00:00,13.954,3.436,-7.789,-6.21
2021-02-02 02:00:00,17.152,8.19,-7.631,9.182
2021-02-02 03:00:00,15.678,4.986,-14.442,1.771
2021-02-02 04:00:00,15.403,6.383,-12.726,-3.16
2021-02-02 05:00:00,14.503,8.413,-11.162,-0.154
2021-02-02 06:00:00,9.126,0.861,-0.888,3.689
2021-02-02 07:00:00,8.204,1.789,-4.534,1.823
2021-02-02 08:00:00,7.126,3.865,-2.83,-0.636
2021-02-02 09:00:00,5.834,1.568,-4.079,1.179
2021-02-02 10:00:00,6.267,4.012,-3.428,0.631
2021-02-02 11:00:00,8.003,3.082,-6.202,-2.636
2021-02-02 12:00:00,8.491,4.067,-6.304,-2.201
2021-02-02 13:00:00,9.045,5.554,-6.57,-1.267
2021-02-02 14:00:00,8.731,5.103,-5.849,1.342
2021-02-02 15:00:00,6.3,3.669,-2.585,1.517
2021-02-02 16:00:00,6.304,4.413,-0.538,3.317
2021-02-02 17:00:00,6.683,0.818,3.918,4.293
2021-02-02 18:00:00,7.154,3.471,-1.641,5.027
2021-02-02 19:00:00,6.98,2.474,-3.464,4.665
2021-02-02 20:00:00,5.989,4.822,0.298,2.455
2021-02-02 21:00:00,7.078,5.657,-2.648,2.077
2021-02-02 22:00:00,8.301,5.106,-3.067,4.776
2021-02-02 23:00:00,7.348,4.445,-2.651,1.087
2021-02-03 00:00:00,7.664,6.417,-2.192,1.434
2021-02-03 01:00:00,7.894,5.358,-4.713,0.867
2021-02-03 02:00:00,7.813,3.906,-5.981,0.089
2021-02-03 03:00:00,7.446,4.739,-4.622,2.215
2021-02-03 04:00:00,7.566,4.567,-4.77,1.181
2021-02-03 05:00:00,7.63,0.747,-6.923,1.627
2021-02-03 06:00:00,7.295,3.656,-4.106,1.198
2021-02-03 07:00:00,7.707,5.329,-3.842,1.717
2021-02-03 08:00:00,7.965,6.063,-2.601,2.772
2021-02-03 09:00:00,7.726,6.39,-2.208,2.369
2021-02-03 10:00:00,7.39,5.59,-2.574,2.875
2021-02-03 11:00:00,7.67,6.542,-0.715,3.46
2021-02-03 12:00:00,8.291,6.687,-1.9,3.189
2021-02-03 13:00:00,7.894,6.013,-3.769,1.238
2021-02-03 14:00:00,8.682,3.474,-7.316,-1.725
2021-02-03 15:00:00,9.475,3.575,-8.34,1.374
2021-02-03 16:00:00,9.076,2.513,-7.89,-1.39
2021-02-03 17:00:00,8.632,5.723,-4.516,-2.442
2021-02-03 18:00:00,8.676,5.865,-4.268,-2.694
2021-02-03 19:00:00,8.115,5.642,-4.341,0.145
2021-02-03 20:00:00,6.768,5.458,-2.719,0.956
2021-02-03 21:00:00,6.69,5.698,-2.134,1.773
2021-02-03 22:00:00,6.427,5.204,-1.296,0.78
2021-02-03 23:00:00,7.045,1.584,-5.462,-1.493
2021-02-04 00:00:00,6.701,0.534,-5.129,-0.097
2021-02-04 01:00:00,4.688,3.74,-0.79,0.889
2021-02-04 02:00:00,4.355,2.948,-0.811,0.446
2021-02-04 03:00:00,4.322,1.696,-2.856,-1.365
2021-02-04 04:00:00,4.062,0.682,-3.001,0.344
2021-02-04 05:00:00,3.834,-1.567,-2.416,-0.052
2021-02-04 06:00:00,3.699,-0.966,-1.667,-1.437
2021-02-04 07:00:00,3.628,-1.496,-2.223,0.553
2021-02-04 08:00:00,3.78,-1.847,-2.81,-0.62
2021-02-04 09:00:00,3.658,0.097,-1.676,1.174
2021-02-04 10:00:00,3.69,-0.133,-2.72,-1.487
2021-02-04 11:00:00,3.533,0.997,-2.246,-1.861
2021-02-04 12:00:00,2.981,1.806,-1.604,-0.112
2021-02-04 13:00:00,3.684,2.622,-0.806,1.989
2021-02-04 14:00:00,3.697,1.57,-0.992,2.605
2021-02-04 15:00:00,3.403,1.764,0.192,2.671
2021-02-04 16:00:00,3.656,2.503,-0.417,2.326
2021-02-04 17:00:00,3.611,2.864,-0.406,1.58
2021-02-04 18:00:00,3.771,2.967,-0.554,-0.265
2021-02-04 19:00:00,3.522,2.314,-1.362,0.893
2021-02-04 20:00:00,3.657,1.735,-0.374,0.361
2021-02-04 21:00:00,3.727,2.555,-0.127,1.751
2021-02-04 22:00:00,3.612,2.945,-0.684,0.349
2021-02-04 23:00:00,3.698,0.859,-2.797,-0.814
2021-02-05 00:00:00,3.958,0.858,-2.527,-0.051
2021-02-05 01:00:00,4.018,1.537,-2.702,-1.573
2021-02-05 02:00:00,4.074,2.569,-1.651,-2.114
2021-02-05 03:00:00,4.039,3.361,-0.941,-0.716
2021-02-05 04:00:00,4.365,3.78,-0.981,-1.045
2021-02-05 05:00:00,4.368,3.314,-0.942,-1.992
2021-02-05 06:00:00,4.358,3.932,-1.092,-1.141
2021-02-05 07:00:00,4.517,4.166,-0.306,-1.469
2021-02-05 08:00:00,4.265,3.414,-1.238,-1.955
2021-02-05 09:00:00,4.411,3.968,-0.196,-1.625
2021-02-05 10:00:00,4.398,4.249,0.425,-0.459
2021-02-05 11:00:00,4.129,3.334,1.004,-1.598
2021-02-05 12:00:00,4.33,3.158,1.625,-2.033
2021-02-05 13:00:00,4.34,2.935,2.976,-0.152
2021-02-05 14:00:00,4.358,4.146,0.47,-0.801
2021-02-05 15:00:00,4.53,4.428,0.461,-0.581
2021-02-05 16:00:00,4.613,4.425,-0.123,-1.15
2021-02-05 17:00:00,4.392,3.876,-0.71,-1.823
2021-02-05 18:00:00,4.259,3.623,-0.783,-1.745
2021-02-05 19:00:00,4.057,3.279,-0.426,-1.418
2021-02-05 20:00:00,3.998,2.946,-2.215,-1.266
2021-02-05 21:00:00,3.865,1.195,-3.316,0.156
2021-02-05 22:00:00,3.826,1.815,-2.967,0.868
2021-02-05 23:00:00,3.847,2.655,-2.25,1.301
2021-02-06 00:00:00,3.84,2.803,-1.805,1.698
2021-02-06 01:00:00,4.135,3.577,-1.461,1.211
2021-02-06 02:00:00,4.221,3.373,-2.397,0.567
2021-02-06 03:00:00,4.203,3.318,-2.118,1.348
2021-02-06 04:00:00,4.031,3.141,-1.616,1.631
2021-02-06 05:00:00,3.967,3.393,0.656,0.654
2021-02-06 06:00:00,4.28,4.04,0.187,1.125
2021-02-06 07:00:00,4.272,4.001,-0.145,1.086
2021-02-06 08:00:00,3.881,3.244,-1.943,0.25
2021-02-06 09:00:00,3.981,3.285,-1.751,-0.459
2021-02-06 10:00:00,3.904,0.075,-2.969,-0.62
2021-02-06 11:00:00,3.705,0.877,-2.961,-1.282
2021-02-06 12:00:00,4.944,3.354,-3.094,-0.846
2021-02-06 13:00:00,6.639,3.707,-5.116,0.03
2021-02-06 14:00:00,6.65,3.432,-5.488,-0.997
2021-02-06 15:00:00,6.549,3.079,-3.597,-3.133
2021-02-06 16:00:00,6.887,-1.24,1.288,-2.933
2021-02-06 17:00:00,11.61,-5.075,6.255,-8.07
2021-02-06 18:00:00,10.272,-5.587,4.877,-2.314
2021-02-06 19:00:00,9.868,-7.315,3.329,4.394
2021-02-06 20:00:00,8.892,-6.658,5.015,1.331
2021-02-06 21:00:00,5.513,-1.147,0.127,1.271
2021-02-06 22:00:00,9.544,-1.641,1.631,6.604
2021-02-06 23:00:00,4.91,0.227,-1.686,-1.079
2021-02-07 00:00:00,7.154,-4.171,0.246,-2.959
2021-02-07 01:00:00,7.062,-0.297,-1.634,-3.35
2021-02-07 02:00:00,10.354,0.203,1.39,-5.524
2021-02-07 03:00:00,8.878,-1.866,4.139,-7.204
2021-02-07 04:00:00,7.713,-5.064,3.032,2.461
2021-02-07 05:00:00,7.622,-5.787,1.269,0.72
2021-02-07 06:00:00,8.298,-3.777,4.619,-3.596
2021-02-07 07:00:00,7.681,-3.434,3.496,-3.111
2021-02-07 08:00:00,6.218,-2.396,3.555,-3.643
2021-02-07 09:00:00,7.009,-3.466,4.341,-4.028
2021-02-07 10:00:00,7.406,-5.142,4.179,-1.42
2021-02-07 11:00:00,5.78,-5.121,-1.722,0.691
2021-02-07 12:00:00,5.895,-5.639,-1.061,-0.396
2021-02-07 13:00:00,5.769,-5.618,-0.554,0.613
2021-02-07 14:00:00,5.486,-5.397,-0.208,0.191
2021-02-07 15:00:00,5.015,-4.682,-1.219,-0.255
2021-02-07 16:00:00,3.966,-1.775,-2.166,-0.813
2021-02-07 17:00:00,4.426,-0.232,-2.96,-1.101
2021-02-07 18:00:00,4.539,-1.887,2.337,1.009
2021-02-07 19:00:00,4.842,-4.142,-0.198,0.322
2021-02-07 20:00:00,4.352,-2.618,2.031,0.789
2021-02-07 21:00:00,4.523,-2.088,3.234,1.307
2021-02-07 22:00:00,4.596,-2.282,3.233,1.537
2021-02-07 23:00:00,4.426,-0.263,3.515,1.167
2021-02-08 00:00:00,4.441,0.883,4.053,0.108
2021-02-08 01:00:00,4.572,3.327,2.424,-0.238
2021-02-08 02:00:00,3.848,-0.578,1.775,0.344
2021-02-08 03:00:00,3.95,-0.121,2.004,0.242
2021-02-08 04:00:00,3.739,-2.941,0.507,-0.182
2021-02-08 05:00:00,4.342,-3.453,1.717,0.687
2021-02-08 06:00:00,4.15,-3.68,0.917,-1.076
2021-02-08 07:00:00,4.13,-3.649,0.985,-1.423
2021-02-08 08:00:00,4.275,-3.895,0.988,-1.316
2021-02-08 09:00:00,4.558,-4.2,1.346,-0.681
2021-02-08 10:00:00,3.822,-1.99,2.103,1.238
2021-02-08 11:00:00,4.029,-1.26,3.294,1.404
2021-02-08 12:00:00,4.253,-1.212,3.292,1.416
2021-02-08 13:00:00,4.578,-3.777,2.005,1.117
2021-02-08 14:00:00,4.784,-4.148,1.839,0.06
2021-02-08 15:00:00,5.146,-1.61,3.833,-1.472
2021-02-08 16:00:00,5.908,-2.456,3.788,1.001
2021-02-08 17:00:00,5.799,-3.165,2.641,2.767
2021-02-08 18:00:00,5.953,-2.459,4.191,-0.659
2021-02-08 19:00:00,6.367,-1.018,-0.423,-4.728
2021-02-08 20:00:00,5.346,-2.095,3.847,-1.45
2021-02-08 21:00:00,4.394,-2.429,2.717,-1.012
2021-02-08 22:00:00,4.48,-2.779,1.339,1.183
2021-02-08 23:00:00,5.549,-2.367,4.098,-0.977
2021-02-09 00:00:00,5.523,-3.204,1.398,-0.068
2021-02-09 01:00:00,5.552,-3.72,0.961,3.142
2021-02-09 02:00:00,5.355,-3.738,0.77,0.995
2021-02-09 03:00:00,6.38,-5.566,0.696,0.39
2021-02-09 04:00:00,5.676,1.359,5.2,-0.69
2021-02-09 05:00:00,4.843,-1.45,2.531,-0.895
2021-02-09 06:00:00,5.47,-2.865,4.048,-1.278
2021-02-09 07:00:00,4.915,-3.408,2.995,-0.816
2021-02-09 08:00:00,5.39,-1.724,4.428,-0.64
2021-02-09 09:00:00,5.298,-2.841,3.971,1.107
2021-02-09 10:00:00,5.174,-3.4,2.366,2.134
2021-02-09 11:00:00,5.096,-3.841,0.873,2.501
2021-02-09 12:00:00,5.06,-4.317,1.701,0.876
2021-02-09 13:00:00,4.958,-3.687,3.06,0.405
2021-02-09 14:00:00,5.097,-3.627,3.473,-0.032
2021-02-09 15:00:00,5.187,-3.706,3.548,0.434
2021-02-09 16:00:00,4.866,-3.729,3.011,0.613
2021-02-09 17:00:00,4.8,-3.359,2.586,1.842
2021-02-09 18:00:00,4.635,-2.881,2.434,2.153
2021-02-09 19:00:00,4.663,-3.238,3.182,0.299
2021-02-09 20:00:00,4.585,-3.535,2.732,0.443
2021-02-09 21:00:00,4.685,-3.519,2.933,0.645
2021-02-09 22:00:00,4.77,-3.316,3.385,-0.07
2021-02-09 23:00:00,5.196,-3.791,3.385,0.115
2021-02-10 00:00:00,4.886,-3.022,2.076,0.842
2021-02-10 01:00:00,4.909,-1.615,1.904,3.884
2021-02-10 02:00:00,5.279,-2.092,2.689,2.344
2021-02-10 03:00:00,4.557,-3.342,1.078,2.237
2021-02-10 04:00:00,3.985,-2.702,1.963,0.852
2021-02-10 05:00:00,3.412,-2.389,-1.978,0.791
2021-02-10 06:00:00,3.148,0.703,1.724,-1.734
2021-02-10 07:00:00,2.36,-0.679,0.952,-0.518
2021-02-10 08:00:00,2.871,-2.627,-0.095,-0.143
2021-02-10 09:00:00,3.443,-3.258,-0.568,-0.673
2021-02-10 10:00:00,2.94,-2.641,-0.104,-1.016
2021-02-10 11:00:00,3.252,-2.81,-0.496,-1.288
2021-02-10 12:00:00,3.357,-2.936,0.491,-1.268
2021-02-10 13:00:00,3.061,-2.739,0.603,-1.073
2021-02-10 14:00:00,3.203,-2.553,1.006,-1.355
2021-02-10 15:00:00,3.111,-2.53,1.5,-0.612
2021-02-10 16:00:00,3.985,-3.739,1.172,-0.278
2021-02-10 17:00:00,4.363,-4.09,1.334,-0.382
2021-02-10 18:00:00,4.082,-3.629,1.126,0.958
2021-02-10 19:00:00,4.272,-4.176,0.245,-0.477
2021-02-10 20:00:00,4.464,-4.089,1.483,-0.822
2021-02-10 21:00:00,4.541,-4.135,1.686,-0.628
2021-02-10 22:00:00,4.298,-3.584,2.057,-0.877
2021-02-10 23:00:00,4.026,-3.082,2.201,-0.933
2021-02-11 00:00:00,3.745,-2.088,2.618,-1.497
2021-02-11 01:00:00,3.665,-1.651,2.928,-1.319
2021-02-11 02:00:00,3.726,-2.307,0.79,-2.068
2021-02-11 03:00:00,3.593,-1.011,3.397,0.028
2021-02-11 04:00:00,3.761,-1.146,3.285,-0.836
2021-02-11 05:00:00,4.021,-1.325,2.17,-2.83
2021-02-11 06:00:00,4.202,0.191,-0.805,-3.72
2021-02-11 07:00:00,4.698,-2.25,1.501,0.687
2021-02-11 08:00:00,5.23,-3.576,2.618,2.64
2021-02-11 09:00:00,4.59,-1.977,0.45,1.911
2021-02-11 10:00:00,2.133,0.008,-0.932,1.623
2021-02-11 11:00:00,2.527,-0.41,-1.025,2.098
2021-02-11 12:00:00,2.119,-0.17,-0.916,1.704
2021-02-11 13:00:00,3.196,-1.062,-1.651,2.438
2021-02-11 14:00:00,4.139,-2.015,-0.883,2.902
2021-02-11 15:00:00,5.6,-2.915,-0.351,4.292
2021-02-11 16:00:00,5.843,-3.585,-1.923,3.886
2021-02-11 17:00:00,5.095,-1.842,-1.741,4.234
2021-02-11 18:00:00,4.349,-3.245,-0.556,2.63
2021-02-11 19:00:00,4.244,-3.864,-0.855,1.379
2021-02-11 20:00:00,4.473,-3.652,-1.438,1.959
2021-02-11 21:00:00,4.992,-2.586,-2.483,3.251
2021-02-11 22:00:00,5.025,-1.106,-2.305,4.186
2021-02-11 23:00:00,5.215,-2.524,0.533,3.891
2021-02-12 00:00:00,4.503,-1.045,2.77,2.964
2021-02-12 01:00:00,4.284,-1.335,3.3,0.066
2021-02-12 02:00:00,4.279,-2.377,-0.626,-0.676
2021-02-12 03:00:00,3.689,-1.892,2.803,-0.645
2021-02-12 04:00:00,3.921,-2.001,2.889,-0.387
2021-02-12 05:00:00,4.12,-1.661,3.252,1.295
2021-02-12 06:00:00,4.211,-3.022,2.82,-0.248
2021-02-12 07:00:00,4.82,-3.702,2.987,-0.226
2021-02-12 08:00:00,4.373,-3.154,2.859,-0.859
2021-02-12 09:00:00,4.52,-2.303,3.808,-0.312
2021-02-12 10:00:00,5.0,-2.504,3.851,-1.666
2021-02-12 11:00:00,5.336,-3.699,3.595,0.193
2021-02-12 12:00:00,5.498,-4.577,2.063,-1.706
2021-02-12 13:00:00,5.463,-4.047,1.646,-3.061
2021-02-12 14:00:00,5.541,-4.187,1.168,-2.957
2021-02-12 15:00:00,5.423,-3.602,0.192,-3.87
2021-02-12 16:00:00,5.979,-1.77,-2.086,-4.945
2021-02-12 17:00:00,5.254,-2.077,-0.433,-3.847
2021-02-12 18:00:00,5.422,0.657,-2.549,-3.276
2021-02-12 19:00:00,4.962,-0.513,-1.477,-2.935
2021-02-12 20:00:00,4.875,1.275,-1.94,-2.885
2021-02-12 21:00:00,5.31,-0.323,-2.774,-4.203
2021-02-12 22:00:00,4.599,1.018,-2.686,-1.243
2021-02-12 23:00:00,4.697,1.801,-2.526,0.044
2021-02-13 00:00:00,7.273,1.937,-5.266,-0.559
2021-02-13 01:00:00,11.175,6.16,-2.432,7.551
2021-02-13 02:00:00,10.922,2.484,-5.556,1.581
2021-02-13 03:00:00,11.227,3.351,-8.018,-0.743
2021-02-13 04:00:00,8.748,4.259,-5.746,3.882
2021-02-13 05:00:00,6.988,4.74,-0.812,1.699
2021-02-13 06:00:00,6.413,2.832,-4.29,0.029
2021-02-13 07:00:00,9.086,-4.247,0.027,3.77
2021-02-13 08:00:00,7.707,-6.236,-0.931,-3.255
2021-02-13 09:00:00,9.125,-7.335,2.029,-4.524
2021-02-13 10:00:00,6.877,-2.045,-0.833,0.561
2021-02-13 11:00:00,5.833,-0.003,-4.373,-1.119
2021-02-13 12:00:00,5.643,1.501,-0.187,0.053
2021-02-13 13:00:00,4.92,1.185,3.325,-0.721
2021-02-13 14:00:00,5.509,3.97,3.134,-0.099
2021-02-13 15:00:00,4.913,3.768,2.015,-0.218
2021-02-13 16:00:00,5.179,5.062,-0.259,-0.476
2021-02-13 17:00:00,5.079,4.526,-0.441,-0.264
2021-02-13 18:00:00,4.872,4.415,-0.754,-0.269
2021-02-13 19:00:00,4.877,4.766,-0.72,-0.071
2021-02-13 20:00:00,4.651,4.444,-0.235,-1.089
2021-02-13 21:00:00,4.899,4.669,-0.988,-0.307
2021-02-13 22:00:00,4.61,4.196,-1.383,-0.307
2021-02-13 23:00:00,4.582,4.014,-1.216,-1.209
2021-02-14 00:00:00,4.368,3.571,-1.57,-0.433
2021-02-14 01:00:00,4.671,3.846,-1.508,-0.952
2021-02-14 02:00:00,4.819,3.978,-2.591,-0.435
2021-02-14 03:00:00,4.745,4.106,-2.096,-0.829
2021-02-14 04:00:00,3.994,3.537,-0.869,0.162
2021-02-14 05:00:00,4.454,3.736,-1.427,-1.337
2021-02-14 06:00:00,5.223,3.608,-2.687,-2.532
2021-02-14 07:00:00,5.069,3.894,-2.242,-2.205
2021-02-14 08:00:00,4.641,3.353,-2.369,-2.024
2021-02-14 09:00:00,4.206,3.223,-2.094,-0.752
2021-02-14 10:00:00,3.864,2.54,-2.216,-0.764
2021-02-14 11:00:00,3.806,3.084,-1.243,-0.356
2021-02-14 12:00:00,3.611,1.031,-2.786,-1.167
2021-02-14 13:00:00,4.178,3.645,-1.591,0.76
2021-02-14 14:00:00,3.56,3.063,-1.271,0.87
2021-02-14 15:00:00,4.203,3.943,-1.017,-0.632
2021-02-14 16:00:00,3.962,3.889,-0.478,-0.094
2021-02-14 17:00:00,3.936,3.797,-0.336,0.803
2021-02-14 18:00:00,3.627,3.438,-0.069,0.75
2021-02-14 19:00:00,3.368,3.205,0.649,0.406
2021-02-14 20:00:00,2.883,2.438,-0.809,0.151
2021-02-14 21:00:00,2.387,1.279,-1.584,0.849
2021-02-14 22:00:00,2.854,1.799,-1.709,1.156
2021-02-14 23:00:00,2.792,1.618,-2.048,0.685
2021-02-15 00:00:00,2.523,0.39,-2.026,-0.224
2021-02-15 01:00:00,1.554,-0.022,-0.557,-0.784
2021-02-15 02:00:00,1.418,-0.142,-0.539,-0.666
2021-02-15 03:00:00,2.457,-0.903,1.576,-0.851
2021-02-15 04:00:00,3.017,-0.754,-0.484,-1.888
2021-02-15 05:00:00,2.595,-0.369,-0.748,-1.784
2021-02-15 06:00:00,2.919,-0.231,-2.472,-1.406
2021-02-15 07:00:00,3.339,1.098,-2.487,0.885
2021-02-15 08:00:00,3.114,0.951,-2.588,-0.588
2021-02-15 09:00:00,3.496,2.334,-2.352,-0.518
2021-02-15 10:00:00,4.013,3.082,-2.479,-0.049
2021-02-15 11:00:00,3.665,2.304,-2.493,-0.167
2021-02-15 12:00:00,3.518,2.525,-0.842,-0.039
2021-02-15 13:00:00,3.326,1.703,-1.011,0.355
2021-02-15 14:00:00,4.196,1.628,-3.436,0.44
2021-02-15 15:00:00,4.191,0.662,-2.452,-0.345
2021-02-15 16:00:00,4.164,2.172,-1.446,-1.534
2021-02-15 17:00:00,5.05,3.187,-1.723,2.565
2021-02-15 18:00:00,4.552,1.689,-1.141,-1.915
2021-02-15 19:00:00,5.47,0.173,-1.297,-4.476
2021-02-15 20:00:00,6.124,3.457,-2.111,-1.677
2021-02-15 21:00:00,6.528,5.203,-1.408,3.122
2021-02-15 22:00:00,5.553,3.315,-3.587,0.96
2021-02-15 23:00:00,7.554,1.693,-2.317,6.856
2021-02-16 00:00:00,7.797,2.515,-2.444,5.257
2021-02-16 01:00:00,8.448,4.969,-3.925,2.204
2021-02-16 02:00:00,7.275,1.307,-2.839,-5.111
2021-02-16 03:00:00,8.003,4.64,-4.968,-3.59
2021-02-16 04:00:00,8.063,2.864,-3.491,-6.086
2021-02-16 05:00:00,7.706,2.872,-2.947,-6.043
2021-02-16 06:00:00,7.949,3.744,0.871,-6.107
2021-02-16 07:00:00,7.571,4.548,1.584,-3.768
2021-02-16 08:00:00,7.294,1.664,5.319,-3.981
2021-02-16 09:00:00,8.166,2.317,7.05,-1.804
2021-02-16 10:00:00,9.207,1.196,8.576,0.749
2021-02-16 11:00:00,9.839,0.443,9.247,-1.762
2021-02-16 12:00:00,10.507,3.943,8.545,-3.267
2021-02-16 13:00:00,10.114,2.887,8.102,-2.259
2021-02-16 14:00:00,9.516,3.427,6.81,-1.847
2021-02-16 15:00:00,8.949,2.69,-2.072,4.341
2021-02-16 16:00:00,6.903,5.078,-2.408,0.856
2021-02-16 17:00:00,8.281,6.69,-3.808,2.01
2021-02-16 18:00:00,8.84,7.556,2.961,2.508
2021-02-16 19:00:00,9.9,7.749,4.422,3.996
2021-02-16 20:00:00,8.219,5.643,3.693,3.109
2021-02-16 21:00:00,8.256,6.608,3.796,2.076
2021-02-16 22:00:00,8.148,6.039,4.314,2.169
2021-02-16 23:00:00,7.703,5.413,4.278,3.036
2021-02-17 00:00:00,6.583,4.254,1.96,3.733
2021-02-17 01:00:00,6.274,5.217,0.472,2.3
2021-02-17 02:00:00,5.49,4.67,0.747,0.277
2021-02-17 03:00:00,4.612,4.218,-0.084,0.271
2021-02-17 04:00:00,4.588,4.323,-0.048,0.019
2021-02-17 05:00:00,4.509,4.045,-0.348,-0.26
2021-02-17 06:00:00,4.5,3.776,-0.059,0.494
2021-02-17 07:00:00,4.399,3.933,0.704,-0.684
2021-02-17 08:00:00,4.274,3.18,-2.382,-0.369
2021-02-17 09:00:00,4.485,3.433,-2.576,0.26
2021-02-17 10:00:00,3.972,1.23,-2.718,-0.938
2021-02-17 11:00:00,4.667,1.217,-3.304,-1.862
2021-02-17 12:00:00,4.196,0.347,-3.471,-0.22
2021-02-17 13:00:00,4.276,1.529,-3.451,0.075
2021-02-17 14:00:00,4.555,3.574,-2.551,-0.373
2021-02-17 15:00:00,4.581,3.536,-1.174,-0.472
2021-02-17 16:00:00,4.484,0.899,-3.412,-0.287
2021-02-17 17:00:00,5.05,-1.818,-4.307,-0.794
2021-02-17 18:00:00,5.315,-1.607,-4.05,-2.062
2021-02-17 19:00:00,4.332,-0.798,-3.326,-1.198
2021-02-17 20:00:00,4.585,1.361,-1.931,0.579
2021-02-17 21:00:00,4.561,4.083,-1.794,0.734
2021-02-17 22:00:00,4.53,3.876,-1.638,1.512
2021-02-17 23:00:00,4.616,0.668,-3.944,0.964
2021-02-18 00:00:00,4.529,2.363,-3.588,0.361
2021-02-18 01:00:00,4.349,3.03,-2.42,-0.542
2021-02-18 02:00:00,4.439,3.474,-1.339,0.739
2021-02-18 03:00:00,4.482,3.744,-1.645,1.13
2021-02-18 04:00:00,4.815,3.159,-1.945,1.909
2021-02-18 05:00:00,4.403,0.966,-3.653,-1.345
2021-02-18 06:00:00,4.456,1.463,-3.489,-1.846
2021-02-18 07:00:00,4.079,1.881,-3.103,-1.254
2021-02-18 08:00:00,3.601,2.175,-2.4,-0.271
2021-02-18 09:00:00,3.714,2.784,-1.677,0.744
2021-02-18 10:00:00,3.683,2.514,-1.437,1.133
2021-02-18 11:00:00,3.865,2.432,-1.965,0.632
2021-02-18 12:00:00,3.739,2.18,-1.705,2.123
2021-02-18 13:00:00,3.858,2.559,-0.729,2.662
2021-02-18 14:00:00,3.807,2.335,-1.624,2.215
2021-02-18 15:00:00,3.591,2.19,-0.322,2.722
2021-02-18 16:00:00,3.503,2.529,-0.988,1.901
2021-02-18 17:00:00,3.374,2.824,-0.41,0.294
2021-02-18 18:00:00,3.394,2.986,-0.546,0.437
2021-02-18 19:00:00,3.338,2.674,-1.247,1.131
2021-02-18 20:00:00,3.262,2.587,-1.289,0.042
2021-02-18 21:00:00,3.214,2.943,-0.729,0.758
2021-02-18 22:00:00,3.192,2.779,-0.201,-0.796
2021-02-18 23:00:00,3.026,2.505,-0.8,-1.161
2021-02-19 00:00:00,2.96,1.082,-1.814,-1.749
2021-02-19 01:00:00,2.539,1.134,-0.837,-1.727
2021-02-19 02:00:00,2.53,1.92,-1.099,-0.829
2021-02-19 03:00:00,3.289,2.863,-1.327,-0.655
2021-02-19 04:00:00,3.7,1.267,-0.983,-2.753
2021-02-19 05:00:00,4.583,-0.233,-2.769,-3.464
2021-02-19 06:00:00,5.17,2.448,-3.377,0.277
2021-02-19 07:00:00,5.318,2.949,-2.312,3.087
2021-02-19 08:00:00,5.1,3.183,-2.324,1.929
2021-02-19 09:00:00,5.876,0.324,-4.191,-3.604
2021-02-19 10:00:00,5.62,-0.343,-3.662,-1.545
2021-02-19 11:00:00,7.687,-0.216,-2.457,-4.263
2021-02-19 12:00:00,9.72,-0.056,-3.056,-8.33
2021-02-19 13:00:00,10.585,5.492,-7.768,-3.911
2021-02-19 14:00:00,11.01,6.629,-7.825,-2.796
2021-02-19 15:00:00,10.401,6.137,-6.624,-4.7
2021-02-19 16:00:00,9.794,6.258,-6.469,-1.539
2021-02-19 17:00:00,10.83,6.053,-6.749,-0.355
2021-02-19 18:00:00,10.988,5.418,-7.375,1.293
2021-02-19 19:00:00,11.905,5.675,-6.613,4.126
2021-02-19 20:00:00,10.451,4.234,-7.775,-4.214
2021-02-19 21:00:00,11.25,8.539,-6.829,0.359
2021-02-19 22:00:00,11.42,3.51,-5.038,8.155
2021-02-19 23:00:00,10.361,6.13,-4.062,6.889
2021-02-20 00:00:00,7.134,2.605,-1.499,1.809
2021-02-20 01:00:00,9.471,0.052,-2.976,8.34
2021-02-20 02:00:00,9.343,3.616,-5.227,4.547
2021-02-20 03:00:00,8.673,6.228,-5.354,-1.098
2021-02-20 04:00:00,7.676,-0.55,-4.06,-4.933
2021-02-20 05:00:00,7.831,-0.383,-5.993,-3.5
2021-02-20 06:00:00,4.562,-0.198,1.999,-1.119
2021-02-20 07:00:00,4.774,4.389,0.08,0.172
2021-02-20 08:00:00,7.232,5.955,-2.829,2.073
2021-02-20 09:00:00,7.333,-1.757,3.451,0.924
2021-02-20 10:00:00,6.728,3.91,-2.42,1.81
2021-02-20 11:00:00,8.391,4.39,-5.945,0.765
2021-02-20 12:00:00,8.849,4.609,-5.823,-2.465
2021-02-20 13:00:00,9.033,3.086,-7.383,2.311
2021-02-20 14:00:00,8.71,4.597,-6.066,-1.032
2021-02-20 15:00:00,6.95,5.055,-2.87,-0.031
2021-02-20 16:00:00,6.685,5.641,-2.411,-0.964
2021-02-20 17:00:00,6.594,3.637,-4.35,-1.305
2021-02-20 18:00:00,6.465,3.199,-4.32,-1.844
2021-02-20 19:00:00,6.655,4.512,-2.706,0.207
2021-02-20 20:00:00,6.827,4.47,-1.917,-0.594
2021-02-20 21:00:00,6.933,4.715,-3.977,-2.281
2021-02-20 22:00:00,6.824,4.932,-3.644,-1.272
2021-02-20 23:00:00,6.633,5.265,-2.924,0.461
2021-02-21 00:00:00,6.689,5.384,-2.253,2.017
2021-02-21 01:00:00,7.014,2.548,-5.649,0.459
2021-02-21 02:00:00,7.265,4.438,-4.957,-0.899
2021-02-21 03:00:00,7.189,3.286,-5.477,-0.786
2021-02-21 04:00:00,7.241,2.531,-6.263,-0.802
2021-02-21 05:00:00,6.957,2.404,-5.579,-0.034
2021-02-21 06:00:00,6.867,3.399,-4.869,-0.548
2021-02-21 07:00:00,5.996,2.052,-0.001,-4.68
2021-02-21 08:00:00,4.779,2.764,-1.686,-0.811
2021-02-21 09:00:00,4.875,3.346,-1.953,1.178
2021-02-21 10:00:00,4.684,3.335,0.473,1.582
2021-02-21 11:00:00,4.756,2.929,1.843,1.447
2021-02-21 12:00:00,4.615,3.49,-0.512,1.294
2021-02-21 13:00:00,4.395,2.886,0.117,-1.962
2021-02-21 14:00:00,4.635,3.04,-0.029,-2.138
2021-02-21 15:00:00,4.63,3.541,-1.225,0.711
2021-02-21 16:00:00,4.355,2.395,1.964,1.602
2021-02-21 17:00:00,4.51,2.56,-0.237,1.717
2021-02-21 18:00:00,4.543,2.372,-0.117,0.866
2021-02-21 19:00:00,4.972,2.159,-2.848,1.125
2021-02-21 20:00:00,5.153,3.512,0.884,2.08
2021-02-21 21:00:00,5.472,4.304,-1.965,0.874
2021-02-21 22:00:00,5.877,2.213,-4.476,-1.553
2021-02-21 23:00:00,6.048,1.031,-5.321,-2.007
2021-02-22 00:00:00,6.063,0.869,-5.165,-0.766
2021-02-22 01:00:00,6.009,1.627,-5.402,-0.562
2021-02-22 02:00:00,5.882,2.007,-4.895,-0.843
2021-02-22 03:00:00,5.759,2.573,-4.572,-1.052
2021-02-22 04:00:00,5.454,4.191,-2.364,-0.187
2021-02-22 05:00:00,5.395,2.63,-3.372,-0.117
2021-02-22 06:00:00,5.173,2.542,-2.536,-0.094
2021-02-22 07:00:00,5.256,2.366,4.186,1.856
2021-02-22 08:00:00,4.975,2.767,1.265,-0.155
2021-02-22 09:00:00,5.018,4.46,-0.356,0.028
2021-02-22 10:00:00,4.899,4.392,0.254,-0.551
2021-02-22 11:00:00,5.131,3.705,-2.368,-0.588
2021-02-22 12:00:00,5.415,2.251,-3.889,-1.698
2021-02-22 13:00:00,5.346,2.755,-4.039,-0.312
2021-02-22 14:00:00,5.334,4.167,-2.521,0.069
2021-02-22 15:00:00,5.284,4.527,0.022,1.436
2021-02-22 16:00:00,5.012,2.569,0.116,2.765
2021-02-22 17:00:00,4.549,2.033,-1.61,0.995
2021-02-22 18:00:00,4.408,1.515,-0.782,-1.298
2021-02-22 19:00:00,4.603,1.339,-2.686,1.213
2021-02-22 20:00:00,4.416,2.002,-0.55,2.289
2021-02-22 21:00:00,4.49,3.325,-1.685,1.012
2021-02-22 22:00:00,4.639,3.05,-2.306,-1.43
2021-02-22 23:00:00,4.801,2.495,-3.349,0.03
2021-02-23 00:00:00,4.541,4.06,1.406,0.562
2021-02-23 01:00:00,5.225,3.585,-1.897,0.857
2021-02-23 02:00:00,5.23,2.872,-3.528,0.157
2021-02-23 03:00:00,4.684,3.353,-1.135,0.243
2021-02-23 04:00:00,5.177,2.745,-3.624,-1.062
2021-02-23 05:00:00,5.919,-0.473,-5.231,0.606
2021-02-23 06:00:00,5.989,-0.123,-5.395,0.207
2021-02-23 07:00:00,6.289,-0.808,-6.079,1.127
2021-02-23 08:00:00,6.188,0.287,-5.955,0.481
2021-02-23 09:00:00,6.242,-1.164,-5.928,-0.77
2021-02-23 10:00:00,5.666,-1.222,-5.152,-0.136
2021-02-23 11:00:00,4.84,-3.224,-2.334,-1.955
2021-02-23 12:00:00,5.194,-3.41,-2.965,0.31
2021-02-23 13:00:00,5.708,-4.506,-2.94,-0.531
2021-02-23 14:00:00,5.154,-4.307,-2.155,0.301
2021-02-23 15:00:00,4.462,-2.888,-2.231,2.261
2021-02-23 16:00:00,4.194,-3.221,-2.111,1.391
2021-02-23 17:00:00,3.909,-2.783,-2.189,1.448
2021-02-23 18:00:00,3.44,-1.837,-2.608,1.145
2021-02-23 19:00:00,3.158,-1.342,-2.731,0.367
2021-02-23 20:00:00,3.534,-1.963,-2.709,0.431
2021-02-23 21:00:00,3.605,-1.647,-3.146,-0.178
2021-02-23 22:00:00,3.548,-1.764,-2.969,0.367
2021-02-23 23:00:00,3.506,-1.82,-2.738,1.077
2021-02-24 00:00:00,3.765,-1.192,-3.411,-0.225
2021-02-24 01:00:00,3.775,-1.298,-3.501,-0.214
2021-02-24 02:00:00,3.063,0.206,-2.378,0.382
2021-02-24 03:00:00,4.12,2.037,3.1,1.292
2021-02-24 04:00:00,5.79,-3.411,-0.105,-4.242
2021-02-24 05:00:00,5.968,-2.84,-1.008,-4.876
2021-02-24 06:00:00,5.844,-2.116,-1.035,-5.191
2021-02-24 07:00:00,6.312,-1.722,-1.917,-5.341
2021-02-24 08:00:00,6.511,0.701,-4.861,-3.459
2021-02-24 09:00:00,6.942,3.059,-5.741,-0.469
2021-02-24 10:00:00,7.434,2.27,-6.347,-0.642
2021-02-24 11:00:00,8.497,5.043,-3.179,5.132
2021-02-24 12:00:00,8.89,5.18,-3.322,6.075
2021-02-24 13:00:00,9.223,5.056,-4.776,5.567
2021-02-24 14:00:00,8.866,4.471,-6.042,3.17
2021-02-24 15:00:00,8.623,1.287,-7.856,0.518
2021-02-24 16:00:00,7.645,-1.123,-5.709,-4.574
2021-02-24 17:00:00,6.163,-0.311,-4.759,-2.08
2021-02-24 18:00:00,6.426,0.6,-3.656,1.225
2021-02-24 19:00:00,6.487,-3.274,2.667,-4.001
2021-02-24 20:00:00,6.538,-3.551,-0.781,-4.888
2021-02-24 21:00:00,6.243,-2.04,-5.091,-2.439
2021-02-24 22:00:00,5.44,-1.633,-3.279,-3.142
2021-02-24 23:00:00,5.204,0.98,-3.625,0.677
2021-02-25 00:00:00,4.7,1.327,-1.35,3.178
2021-02-25 01:00:00,3.729,2.959,-0.796,0.366
2021-02-25 02:00:00,3.865,-0.039,-2.07,-2.395
2021-02-25 03:00:00,4.597,-0.946,-2.938,-3.136
2021-02-25 04:00:00,4.478,-2.414,-2.384,-2.268
2021-02-25 05:00:00,4.842,-2.058,-3.653,-2.048
2021-02-25 06:00:00,4.706,-2.558,-2.974,-1.893
2021-02-25 07:00:00,4.275,-1.011,-1.342,-2.799
2021-02-25 08:00:00,4.307,-0.46,-1.768,-3.255
2021-02-25 09:00:00,3.882,0.585,-2.649,-1.752
2021-02-25 10:00:00,3.627,1.538,-2.403,-0.139
2021-02-25 11:00:00,4.006,3.396,-0.04,1.767
2021-02-25 12:00:00,4.72,2.925,0.085,2.329
2021-02-25 13:00:00,4.347,3.796,0.576,1.179
2021-02-25 14:00:00,4.393,2.808,1.333,2.669
2021-02-25 15:00:00,4.292,-0.927,0.195,-1.795
2021-02-25 16:00:00,4.29,2.964,-2.189,0.577
2021-02-25 17:00:00,4.686,2.313,-2.906,2.269
2021-02-25 18:00:00,4.023,0.924,-0.664,-1.63
2021-02-25 19:00:00,4.287,2.133,-1.754,1.803
2021-02-25 20:00:00,4.123,1.525,-0.295,-0.914
2021-02-25 21:00:00,3.898,0.378,-1.948,-1.016
2021-02-25 22:00:00,3.666,0.905,-1.897,0.356
2021-02-25 23:00:00,3.496,0.778,-2.024,-1.314
2021-02-26 00:00:00,3.722,1.258,-2.585,1.383
2021-02-26 01:00:00,3.587,1.203,-2.219,-0.534
2021-02-26 02:00:00,3.464,2.879,-1.476,0.465
2021-02-26 03:00:00,3.542,2.911,-1.77,-0.228
2021-02-26 04:00:00,3.815,3.193,-1.906,-0.115
2021-02-26 05:00:00,3.967,3.434,-1.828,-0.199
2021-02-26 06:00:00,3.68,2.811,-1.855,-0.678
2021-02-26 07:00:00,4.228,3.902,-1.006,-0.819
2021-02-26 08:00:00,4.042,2.268,-0.886,-2.487
2021-02-26 09:00:00,4.344,3.94,-0.671,-0.7
2021-02-26 10:00:00,4.586,3.834,-0.444,-1.186
2021-02-26 11:00:00,4.939,0.383,-1.781,-1.161
2021-02-26 12:00:00,5.712,0.734,-4.252,-1.217
2021-02-26 13:00:00,5.058,-1.72,1.855,-0.349
2021-02-26 14:00:00,3.345,-1.088,2.531,1.243
2021-02-26 15:00:00,2.711,0.279,1.096,0.687
2021-02-26 16:00:00,4.504,0.256,-3.608,1.646
2021-02-26 17:00:00,2.797,0.64,1.405,0.656
2021-02-26 18:00:00,1.809,0.406,1.521,-0.145
2021-02-26 19:00:00,1.822,0.581,1.513,0.015
2021-02-26 20:00:00,3.326,0.461,-1.184,-0.272
2021-02-26 21:00:00,2.815,1.147,-0.071,1.477
2021-02-26 22:00:00,1.587,1.086,0.782,-0.167
2021-02-26 23:00:00,1.556,1.034,1.005,-0.074
2021-02-27 00:00:00,1.679,1.194,1.024,-0.05
2021-02-27 01:00:00,1.442,0.296,0.556,-0.688
2021-02-27 02:00:00,0.913,0.283,0.178,-0.157
2021-02-27 03:00:00,1.092,0.452,0.172,-0.617
2021-02-27 04:00:00,1.408,0.655,0.455,-0.572
2021-02-27 05:00:00,2.087,1.826,0.37,-0.552
2021-02-27 06:00:00,1.848,1.155,1.02,-0.142
2021-02-27 07:00:00,2.144,0.256,0.723,1.853
2021-02-27 08:00:00,1.893,0.824,-0.844,1.16
2021-02-27 09:00:00,2.608,1.497,-1.165,1.569
2021-02-27 10:00:00,2.315,0.226,0.647,0.434
2021-02-27 11:00:00,1.988,-0.907,1.329,-0.156
2021-02-27 12:00:00,3.063,-2.535,-0.187,-1.278
2021-02-27 13:00:00,3.633,-1.46,1.651,-0.175
2021-02-27 14:00:00,3.736,-0.572,1.957,0.016
2021-02-27 15:00:00,3.745,-0.616,3.448,0.667
2021-02-27 16:00:00,3.35,-0.457,2.777,1.534
2021-02-27 17:00:00,3.32,-1.74,2.212,-0.251
2021-02-27 18:00:00,3.67,-3.421,0.886,-0.35
2021-02-27 19:00:00,3.721,-2.735,1.799,-0.841
2021-02-27 20:00:00,3.684,-1.65,3.051,-0.155
2021-02-27 21:00:00,3.573,-1.868,2.87,0.64
2021-02-27 22:00:00,3.412,-1.765,2.666,0.941
2021-02-27 23:00:00,3.364,-1.529,2.75,0.161
2021-02-28 00:00:00,3.085,-2.017,2.108,-0.312
2021-02-28 01:00:00,3.102,-2.265,0.072,-0.773
2021-02-28 02:00:00,3.301,-2.076,-1.626,-1.693
2021-02-28 03:00:00,3.221,-2.169,-1.199,-0.482
2021-02-28 04:00:00,3.597,-1.166,3.29,0.426
2021-02-28 05:00:00,3.918,0.164,3.696,0.717
2021-02-28 06:00:00,4.114,0.48,3.684,1.008
2021-02-28 07:00:00,3.778,-1.549,2.414,2.185
2021-02-28 08:00:00,4.091,-1.451,3.051,2.032
2021-02-28 09:00:00,4.113,-1.243,3.469,1.325
2021-02-28 10:00:00,4.35,0.061,3.849,0.217
2021-02-28 11:00:00,3.947,-1.426,2.721,-2.103
2021-02-28 12:00:00,2.725,-1.941,0.305,1.0
2021-02-28 13:00:00,2.764,-0.92,0.226,1.473
2021-02-28 14:00:00,2.912,0.004,2.527,-1.009
2021-02-28 15:00:00,3.549,1.506,2.062,-1.887
2021-02-28 16:00:00,3.582,-0.868,1.101,-2.601
2021-02-28 17:00:00,4.037,-1.108,-1.537,-3.291
2021-02-28 18:00:00,3.939,-2.174,-0.982,-2.517
2021-02-28 19:00:00,4.459,-2.084,-2.594,-2.808
2021-02-28 20:00:00,4.444,-1.593,-1.175,-3.88
2021-02-28 21:00:00,4.462,-0.715,-0.396,-0.754
2021-02-28 22:00:00,6.014,2.794,-0.492,4.771
2021-02-28 23:00:00,9.974,-1.493,6.781,-6.711
2021-03-01 00:00:00,9.206,-3.036,1.327,-7.907
2021-03-01 01:00:00,7.216,-0.325,-3.238,-4.969
2021-03-01 02:00:00,11.957,3.219,-6.438,-9.147
2021-03-01 03:00:00,12.91,0.841,-1.903,-10.044
2021-03-01 04:00:00,12.56,1.52,-2.598,-11.571
2021-03-01 05:00:00,8.341,-0.978,2.293,1.322
2021-03-01 06:00:00,7.84,-3.733,4.11,4.647
2021-03-01 07:00:00,9.533,6.539,-1.466,2.892
2021-03-01 08:00:00,9.24,2.795,-7.058,-2.869
2021-03-01 09:00:00,5.601,-0.714,-2.795,-1.438
2021-03-01 10:00:00,7.17,-6.226,0.191,-1.88
2021-03-01 11:00:00,6.178,-4.66,2.512,0.286
2021-03-01 12:00:00,5.5,-3.927,2.751,2.21
2021-03-01 13:00:00,5.472,-0.332,-4.131,-0.939
2021-03-01 14:00:00,4.573,-1.477,1.857,0.668
2021-03-01 15:00:00,5.334,-1.265,3.399,2.583
2021-03-01 16:00:00,5.708,1.837,-4.341,-1.816
2021-03-01 17:00:00,4.038,1.249,-3.265,-0.992
2021-03-01 18:00:00,4.521,3.245,-2.705,-0.947
2021-03-01 19:00:00,4.943,3.242,-3.557,-0.28
2021-03-01 20:00:00,3.698,0.204,-3.196,-0.636
2021-03-01 21:00:00,3.316,1.308,-2.288,-0.868
2021-03-01 22:00:00,3.448,1.772,-2.631,0.304
2021-03-01 23:00:00,2.32,0.127,-1.856,-0.557
2021-03-02 00:00:00,3.473,-0.174,-1.435,-2.504
2021-03-02 01:00:00,4.265,2.384,-1.941,0.122
2021-03-02 02:00:00,6.143,0.227,-3.943,0.038
2021-03-02 03:00:00,5.063,-3.476,-2.669,-0.407
2021-03-02 04:00:00,5.825,1.11,-3.24,-0.583
2021-03-02 05:00:00,5.657,-1.197,-3.872,-1.149
2021-03-02 06:00:00,7.136,3.394,-3.852,0.094
2021-03-02 07:00:00,10.581,5.744,4.338,6.339
2021-03-02 08:00:00,8.347,3.932,-2.35,2.833
2021-03-02 09:00:00,7.965,4.62,-3.539,2.161
2021-03-02 10:00:00,8.492,6.37,-4.358,1.734
2021-03-02 11:00:00,7.839,4.706,-3.361,1.837
2021-03-02 12:00:00,8.064,5.498,-3.42,1.054
2021-03-02 13:00:00,8.735,4.002,-6.146,-1.747
2021-03-02 14:00:00,9.952,6.853,-5.336,3.245
2021-03-02 15:00:00,10.074,5.898,-6.822,2.791
2021-03-02 16:00:00,7.995,4.198,-6.032,2.611
2021-03-02 17:00:00,5.149,3.582,-1.254,-0.186
2021-03-02 18:00:00,5.035,0.407,0.055,-0.752
2021-03-02 19:00:00,6.221,-1.837,-5.029,-1.583
2021-03-02 20:00:00,5.78,-0.624,-4.273,-2.159
2021-03-02 21:00:00,6.035,1.634,-5.177,-1.1
2021-03-02 22:00:00,6.613,5.691,-0.776,2.33
2021-03-02 23:00:00,6.275,4.309,-0.96,1.972
2021-03-03 00:00:00,5.164,2.541,-3.608,-0.976
2021-03-03 01:00:00,5.705,-0.751,-4.558,-1.587
2021-03-03 02:00:00,5.202,-1.252,-2.23,-3.787
2021-03-03 03:00:00,4.568,-0.134,-1.824,-3.466
2021-03-03 04:00:00,4.747,2.457,-1.664,-1.069
2021-03-03 05:00:00,5.352,3.086,-3.494,-1.43
2021-03-03 06:00:00,5.511,0.473,-4.471,-1.729
2021-03-03 07:00:00,5.202,1.033,-2.415,-2.294
2021-03-03 08:00:00,4.913,0.1,-3.761,-1.885
2021-03-03 09:00:00,4.316,2.854,-2.649,-0.397
2021-03-03 10:00:00,4.803,2.878,-2.305,1.22
2021-03-03 11:00:00,4.662,3.144,-2.711,0.875
2021-03-03 12:00:00,5.343,4.926,-1.514,0.678
2021-03-03 13:00:00,5.084,4.427,-1.482,0.24
2021-03-03 14:00:00,4.889,4.503,0.492,-0.654
2021-03-03 15:00:00,5.107,4.899,0.417,0.894
2021-03-03 16:00:00,5.608,5.143,-0.248,1.135
2021-03-03 17:00:00,5.62,4.936,-0.485,2.056
2021-03-03 18:00:00,4.837,2.126,-1.271,1.352
2021-03-03 19:00:00,4.948,1.679,-2.866,-0.038
2021-03-03 20:00:00,5.284,-0.072,-4.269,2.137
2021-03-03 21:00:00,4.937,4.323,-0.85,0.109
2021-03-03 22:00:00,5.246,0.905,-3.668,-0.361
2021-03-03 23:00:00,4.771,0.443,-4.141,-0.992
2021-03-04 00:00:00,4.847,1.765,-3.684,1.156
2021-03-04 01:00:00,4.627,3.179,-2.893,0.396
2021-03-04 02:00:00,4.512,3.86,-1.74,-0.373
2021-03-04 03:00:00,4.553,4.457,-0.399,-0.129
2021-03-04 04:00:00,4.692,4.591,0.05,0.525
2021-03-04 05:00:00,5.016,4.863,0.381,0.723
2021-03-04 06:00:00,5.216,4.91,1.363,0.852
2021-03-04 07:00:00,5.421,5.064,1.163,1.213
2021-03-04 08:00:00,5.665,4.617,1.841,1.605
2021-03-04 09:00:00,5.557,4.722,0.345,2.327
2021-03-04 10:00:00,5.255,4.622,-0.37,2.309
2021-03-04 11:00:00,3.449,2.351,-0.885,1.774
2021-03-04 12:00:00,4.773,2.883,-3.275,-0.205
2021-03-04 13:00:00,4.628,4.333,-1.151,-0.304
2021-03-04 14:00:00,4.159,3.553,-1.028,-1.333
2021-03-04 15:00:00,4.095,3.81,-0.092,0.798
2021-03-04 16:00:00,3.673,2.528,0.28,1.288
2021-03-04 17:00:00,2.881,0.68,-1.613,-0.904
2021-03-04 18:00:00,3.06,-1.881,-1.032,-0.954
2021-03-04 19:00:00,2.896,0.981,-0.182,-0.974
2021-03-04 20:00:00,2.618,-0.275,-0.791,-1.009
2021-03-04 21:00:00,2.771,-1.702,-1.416,0.139
2021-03-04 22:00:00,4.169,3.444,-1.077,-1.604
2021-03-04 23:00:00,4.409,4.045,-1.016,-1.236
2021-03-05 00:00:00,4.213,3.835,-0.717,-1.407
2021-03-05 01:00:00,4.239,3.96,-0.281,-1.335
2021-03-05 02:00:00,4.172,3.711,-0.49,-1.622
2021-03-05 03:00:00,4.317,3.916,-0.824,-1.078
2021-03-05 04:00:00,4.42,4.155,-1.308,-0.316
2021-03-05 05:00:00,4.41,4.047,-1.509,-0.037
2021-03-05 06:00:00,3.663,2.284,-0.654,-1.917
2021-03-05 07:00:00,3.476,1.025,-0.099,-2.339
2021-03-05 08:00:00,3.913,3.085,-1.289,-1.388
2021-03-05 09:00:00,3.78,2.159,-2.191,-0.024
2021-03-05 10:00:00,3.068,0.616,-2.448,0.244
2021-03-05 11:00:00,3.562,3.171,-1.344,0.259
2021-03-05 12:00:00,3.533,3.099,-0.31,0.25
2021-03-05 13:00:00,3.954,2.646,-2.154,0.284
2021-03-05 14:00:00,4.03,3.592,-0.072,1.449
2021-03-05 15:00:00,4.512,4.127,0.701,1.235
2021-03-05 16:00:00,5.062,3.622,-2.306,1.213
2021-03-05 17:00:00,4.242,3.278,-1.44,0.181
2021-03-05 18:00:00,4.34,3.824,-1.528,-0.678
2021-03-05 19:00:00,4.291,3.051,-2.816,0.155
2021-03-05 20:00:00,3.744,1.91,-2.95,-0.796
2021-03-05 21:00:00,2.689,2.414,-0.884,0.197
2021-03-05 22:00:00,2.419,1.901,-1.286,-0.067
2021-03-05 23:00:00,2.983,1.973,-1.393,-1.525
2021-03-06 00:00:00,6.669,5.182,-1.472,-3.624
2021-03-06 01:00:00,8.228,4.33,-2.927,-5.788
2021-03-06 02:00:00,7.52,-1.594,3.765,-2.622
2021-03-06 03:00:00,10.109,-5.339,8.184,-0.95
2021-03-06 04:00:00,8.512,-2.784,5.983,-3.827
2021-03-06 05:00:00,3.361,-1.754,0.858,-1.578
2021-03-06 06:00:00,4.453,-1.488,0.354,-0.409
2021-03-06 07:00:00,4.926,-2.733,0.438,-2.146
2021-03-06 08:00:00,5.738,-4.338,-1.983,0.955
2021-03-06 09:00:00,6.98,-3.725,2.781,1.477
2021-03-06 10:00:00,6.563,-1.316,3.853,-2.037
2021-03-06 11:00:00,5.654,-3.152,-0.925,1.576
2021-03-06 12:00:00,6.495,-4.937,-2.758,2.421
2021-03-06 13:00:00,6.268,-5.192,-1.156,1.446
2021-03-06 14:00:00,5.426,-3.02,2.846,0.048
2021-03-06 15:00:00,4.514,-1.803,1.966,1.035
2021-03-06 16:00:00,4.471,-3.557,1.792,1.061
2021-03-06 17:00:00,4.579,-2.107,3.125,-1.274
2021-03-06 18:00:00,4.973,-3.301,2.231,0.066
2021-03-06 19:00:00,4.585,-2.062,1.684,0.197
2021-03-06 20:00:00,4.678,-2.536,1.533,2.91
2021-03-06 21:00:00,4.835,-3.005,1.625,2.218
2021-03-06 22:00:00,4.799,-3.292,1.114,-0.54
2021-03-06 23:00:00,4.415,-1.358,-1.089,-1.535
2021-03-07 00:00:00,3.836,-1.734,0.914,0.65
2021-03-07 01:00:00,3.941,-2.582,0.278,2.237
2021-03-07 02:00:00,3.843,-1.928,1.773,0.931
2021-03-07 03:00:00,4.054,-2.739,0.656,-1.181
2021-03-07 04:00:00,4.151,-3.039,1.711,0.864
2021-03-07 05:00:00,4.202,-3.181,1.76,1.06
2021-03-07 06:00:00,4.308,-3.291,0.348,0.674
2021-03-07 07:00:00,4.422,-3.242,1.639,-0.427
2021-03-07 08:00:00,4.995,-3.303,3.204,-0.621
2021-03-07 09:00:00,5.22,-3.418,3.508,1.395
2021-03-07 10:00:00,5.196,-3.297,3.461,-0.15
2021-03-07 11:00:00,5.301,-4.011,2.29,2.119
2021-03-07 12:00:00,5.102,-4.338,1.548,1.758
2021-03-07 13:00:00,4.826,-4.325,1.501,0.842
2021-03-07 14:00:00,4.793,-3.917,0.877,-1.639
2021-03-07 15:00:00,5.387,-1.303,2.597,-3.849
2021-03-07 16:00:00,5.567,-3.832,2.93,0.278
2021-03-07 17:00:00,5.302,-3.594,3.306,0.365
2021-03-07 18:00:00,5.461,-4.977,1.574,0.929
2021-03-07 19:00:00,6.387,-4.419,-0.671,3.59
2021-03-07 20:00:00,6.603,-3.57,2.849,4.06
2021-03-07 21:00:00,6.083,-5.215,2.832,-0.776
2021-03-07 22:00:00,5.811,-5.458,1.581,-0.445
2021-03-07 23:00:00,5.935,-5.154,2.287,-1.517
2021-03-08 00:00:00,5.568,-5.375,-0.044,-0.578
2021-03-08 01:00:00,5.489,-5.386,-0.587,-0.293
2021-03-08 02:00:00,5.709,-4.966,2.051,-0.034
2021-03-08 03:00:00,5.658,-2.86,4.742,-0.733
2021-03-08 04:00:00,5.519,-3.995,3.203,-0.319
2021-03-08 05:00:00,5.841,-3.009,4.675,0.826
2021-03-08 06:00:00,5.867,-3.532,4.175,1.216
2021-03-08 07:00:00,5.969,-4.326,3.166,2.426
2021-03-08 08:00:00,6.044,-4.395,1.669,3.38
2021-03-08 09:00:00,5.97,-2.936,4.873,0.367
2021-03-08 10:00:00,5.951,-3.595,2.232,3.214
2021-03-08 11:00:00,5.732,-0.34,4.85,-0.989
2021-03-08 12:00:00,4.859,-2.571,2.34,2.53
2021-03-08 13:00:00,4.837,-1.875,3.627,0.92
2021-03-08 14:00:00,3.956,0.266,3.35,0.247
2021-03-08 15:00:00,3.896,1.553,0.32,-1.536
2021-03-08 16:00:00,3.379,-0.576,-0.572,-1.857
2021-03-08 17:00:00,3.347,-2.841,-1.12,-0.593
2021-03-08 18:00:00,3.453,-3.321,-0.045,0.013
2021-03-08 19:00:00,3.518,-2.652,-0.155,-0.913
2021-03-08 20:00:00,3.411,-2.321,1.0,1.099
2021-03-08 21:00:00,3.769,-1.987,-1.885,-0.557
2021-03-08 22:00:00,3.147,-2.071,-1.443,-0.961
2021-03-08 23:00:00,3.6,-1.687,2.458,0.606
2021-03-09 00:00:00,3.841,-2.919,2.152,0.56
2021-03-09 01:00:00,3.92,-1.649,3.252,0.848
2021-03-09 02:00:00,4.387,-0.685,4.079,0.466
2021-03-09 03:00:00,4.548,-0.795,4.399,-0.541
2021-03-09 04:00:00,3.833,-0.782,3.145,-0.507
2021-03-09 05:00:00,3.639,-0.88,2.958,0.608
2021-03-09 06:00:00,3.23,-2.259,1.964,0.771
2021-03-09 07:00:00,2.641,-1.336,0.27,-0.418
2021-03-09 08:00:00,3.406,-1.68,-2.792,0.06
2021-03-09 09:00:00,2.748,-2.388,0.651,-0.248
2021-03-09 10:00:00,2.845,-2.44,-0.423,-0.754
2021-03-09 11:00:00,3.199,-1.97,2.108,-0.475
2021-03-09 12:00:00,4.188,-1.848,3.48,-0.752
2021-03-09 13:00:00,4.145,-1.316,3.623,-1.055
2021-03-09 14:00:00,4.339,-2.447,3.108,-0.94
2021-03-09 15:00:00,3.874,-3.67,-0.059,-0.435
2021-03-09 16:00:00,3.973,-3.831,0.661,0.072
2021-03-09 17:00:00,4.201,-3.864,1.148,0.875
2021-03-09 18:00:00,4.045,-3.786,-0.14,0.807
2021-03-09 19:00:00,3.984,-3.676,0.328,1.233
2021-03-09 20:00:00,4.243,-4.04,0.198,1.113
2021-03-09 21:00:00,4.307,-3.539,1.867,1.3
2021-03-09 22:00:00,4.384,-3.578,2.362,-0.055
2021-03-09 23:00:00,4.396,-3.771,1.667,1.032
2021-03-10 00:00:00,4.447,-3.905,0.946,1.588
2021-03-10 01:00:00,4.657,-3.313,3.008,0.751
2021-03-10 02:00:00,4.686,-3.73,2.719,0.559
2021-03-10 03:00:00,4.523,-3.688,2.485,0.544
2021-03-10 04:00:00,4.49,-2.251,3.418,-0.126
2021-03-10 05:00:00,4.436,-3.779,1.282,1.712
2021-03-10 06:00:00,3.916,-2.619,2.399,1.008
2021-03-10 07:00:00,3.762,-2.421,2.475,1.207
2021-03-10 08:00:00,3.851,-2.753,2.282,0.991
2021-03-10 09:00:00,3.808,-1.954,2.886,0.876
2021-03-10 10:00:00,3.36,-1.551,2.483,0.814
2021-03-10 11:00:00,3.136,-1.039,1.474,2.079
2021-03-10 12:00:00,3.254,-1.045,0.649,2.49
2021-03-10 13:00:00,3.631,-1.632,1.845,2.448
2021-03-10 14:00:00,3.29,-1.412,2.702,0.836
2021-03-10 15:00:00,3.113,-2.576,1.448,-0.26
2021-03-10 16:00:00,2.938,-1.956,1.381,1.039
2021-03-10 17:00:00,3.237,-2.996,0.493,0.795
2021-03-10 18:00:00,3.557,-3.211,0.687,0.982
2021-03-10 19:00:00,3.834,-2.842,1.233,1.829
2021-03-10 20:00:00,3.933,-3.136,0.624,2.063
2021-03-10 21:00:00,4.101,-3.306,2.014,0.779
2021-03-10 22:00:00,4.409,-1.97,2.418,1.407
2021-03-10 23:00:00,4.512,0.271,3.531,0.729
2021-03-11 00:00:00,4.526,-0.236,3.519,0.611
2021-03-11 01:00:00,4.535,-3.526,2.635,0.831
2021-03-11 02:00:00,4.487,-3.884,1.969,0.672
2021-03-11 03:00:00,4.478,-4.391,0.548,0.427
2021-03-11 04:00:00,4.194,-3.986,0.334,0.861
2021-03-11 05:00:00,3.45,0.244,2.774,0.103
2021-03-11 06:00:00,3.231,1.187,2.801,-0.473
2021-03-11 07:00:00,2.839,1.198,2.029,-0.495
2021-03-11 08:00:00,3.996,2.259,3.176,0.601
2021-03-11 09:00:00,4.086,2.169,3.398,0.353
2021-03-11 10:00:00,3.65,1.559,3.097,0.511
2021-03-11 11:00:00,3.343,0.821,2.877,1.083
2021-03-11 12:00:00,3.948,0.957,3.418,-1.383
2021-03-11 13:00:00,4.214,0.921,3.706,-1.408
2021-03-11 14:00:00,4.986,0.933,4.738,-0.588
2021-03-11 15:00:00,4.598,1.41,2.922,2.918
2021-03-11 16:00:00,4.34,0.129,3.889,1.211
2021-03-11 17:00:00,4.557,0.541,4.013,1.71
2021-03-11 18:00:00,5.149,1.032,4.593,1.054
2021-03-11 19:00:00,6.177,0.374,4.561,1.619
2021-03-11 20:00:00,5.661,1.028,3.261,-3.389
2021-03-11 21:00:00,6.492,1.023,5.811,-1.309
2021-03-11 22:00:00,7.759,0.984,6.269,-4.397
2021-03-11 23:00:00,7.947,1.186,6.435,-4.435
2021-03-12 00:00:00,7.95,1.949,6.726,-3.564
2021-03-12 01:00:00,8.039,2.62,5.811,-4.802
2021-03-12 02:00:00,7.963,1.885,6.207,-4.486
2021-03-12 03:00:00,8.593,3.058,5.927,-5.324
2021-03-12 04:00:00,9.045,2.787,4.964,-6.895
2021-03-12 05:00:00,7.853,0.007,-1.909,-7.423
2021-03-12 06:00:00,7.373,-0.852,-4.271,-5.892
2021-03-12 07:00:00,6.311,-1.46,-4.809,-3.677
2021-03-12 08:00:00,7.081,-0.862,-4.585,-5.165
2021-03-12 09:00:00,5.801,-1.719,-3.514,-4.17
2021-03-12 10:00:00,3.451,-1.856,-0.155,1.423
2021-03-12 11:00:00,3.521,-1.958,-0.885,2.319
2021-03-12 12:00:00,4.682,-0.957,-3.036,-2.403
2021-03-12 13:00:00,4.584,-0.774,-3.721,-2.066
2021-03-12 14:00:00,4.192,1.78,-3.339,-1.209
2021-03-12 15:00:00,4.881,1.526,-2.736,-3.484
2021-03-12 16:00:00,5.554,0.351,-3.759,-3.926
2021-03-12 17:00:00,5.343,-2.34,-1.602,-4.281
2021-03-12 18:00:00,6.192,-3.572,-1.684,-4.411
2021-03-12 19:00:00,6.675,-3.117,-3.278,-4.834
2021-03-12 20:00:00,6.971,-2.803,-5.122,-2.974
2021-03-12 21:00:00,8.557,-1.219,-7.918,-2.343
2021-03-12 22:00:00,9.173,-0.324,-8.368,0.097
2021-03-12 23:00:00,10.796,4.127,-6.305,7.655
2021-03-13 00:00:00,10.774,4.245,-5.583,7.962
2021-03-13 01:00:00,9.416,4.275,-6.744,3.526
2021-03-13 02:00:00,11.207,0.565,-8.906,3.87
2021-03-13 03:00:00,12.282,-1.182,-10.439,-3.157
2021-03-13 04:00:00,11.667,3.107,-9.552,-0.202
2021-03-13 05:00:00,11.51,3.529,-7.443,5.593
2021-03-13 06:00:00,6.476,1.752,-2.737,1.892
2021-03-13 07:00:00,5.75,2.009,-3.219,-3.066
2021-03-13 08:00:00,5.922,2.473,-0.792,2.241
2021-03-13 09:00:00,9.794,-1.67,0.946,9.162
2021-03-13 10:00:00,10.103,2.454,3.542,8.437
2021-03-13 11:00:00,8.345,3.355,0.723,4.305
2021-03-13 12:00:00,10.098,5.888,-4.53,5.407
2021-03-13 13:00:00,9.011,5.014,-4.411,-3.152
2021-03-13 14:00:00,7.658,4.771,-4.159,-0.975
2021-03-13 15:00:00,6.619,0.943,-1.198,0.361
2021-03-13 16:00:00,6.537,4.123,-4.544,-0.368
2021-03-13 17:00:00,6.035,1.447,-1.316,-0.534
2021-03-13 18:00:00,6.419,3.181,-3.673,-1.224
2021-03-13 19:00:00,5.524,2.781,0.72,3.928
2021-03-13 20:00:00,5.222,0.608,-0.05,-1.056
2021-03-13 21:00:00,4.566,0.876,0.688,-3.225
2021-03-13 22:00:00,4.155,1.768,0.885,-0.4
2021-03-13 23:00:00,4.771,2.149,-2.216,-1.105
2021-03-14 00:00:00,4.922,0.61,-3.158,-1.88
2021-03-14 01:00:00,4.551,1.089,-2.154,-2.488
2021-03-14 02:00:00,4.559,-0.062,-2.892,-2.488
2021-03-14 03:00:00,5.238,-0.762,-2.062,-3.553
2021-03-14 04:00:00,5.33,-0.587,-1.748,-4.267
2021-03-14 05:00:00,4.851,0.842,-2.709,-2.03
2021-03-14 06:00:00,4.699,-0.563,-2.256,-3.286
2021-03-14 07:00:00,4.539,-0.762,-3.01,-2.618
2021-03-14 08:00:00,4.044,-0.246,-2.844,-1.527
2021-03-14 09:00:00,4.172,3.335,-1.416,0.131
2021-03-14 10:00:00,3.783,1.379,-2.112,1.086
2021-03-14 11:00:00,4.327,2.865,0.842,2.131
2021-03-14 12:00:00,4.362,1.743,-2.782,-0.572
2021-03-14 13:00:00,5.189,0.899,-4.601,-0.278
2021-03-14 14:00:00,5.599,-0.691,-4.413,-0.497
2021-03-14 15:00:00,5.213,-0.06,-3.631,-1.948
2021-03-14 16:00:00,5.092,0.684,-3.97,-0.615
2021-03-14 17:00:00,4.504,-0.285,-2.953,0.322
2021-03-14 18:00:00,5.226,-3.193,-3.87,-0.254
2021-03-14 19:00:00,4.485,-0.243,-3.617,-0.953
2021-03-14 20:00:00,4.568,1.442,-3.629,-0.308
2021-03-14 21:00:00,5.086,2.248,-3.647,0.117
2021-03-14 22:00:00,4.863,2.165,-1.887,2.247
2021-03-14 23:00:00,4.96,4.216,-1.412,0.578
2021-03-15 00:00:00,5.205,-1.312,-2.43,0.46
2021-03-15 01:00:00,4.952,1.813,-2.676,1.568
2021-03-15 02:00:00,4.895,2.179,-2.985,2.01
2021-03-15 03:00:00,4.963,2.196,-3.774,0.968
2021-03-15 04:00:00,4.492,3.738,-2.085,0.666
2021-03-15 05:00:00,4.597,4.224,-1.359,0.383
2021-03-15 06:00:00,4.201,3.814,-1.053,-0.643
2021-03-15 07:00:00,3.962,2.472,-0.816,-1.163
2021-03-15 08:00:00,4.01,0.97,-2.141,0.114
2021-03-15 09:00:00,3.776,0.873,-2.589,1.134
2021-03-15 10:00:00,3.556,2.977,-0.686,1.559
2021-03-15 11:00:00,3.283,2.919,0.115,1.35
2021-03-15 12:00:00,3.474,3.26,0.793,-0.408
2021-03-15 13:00:00,2.707,1.387,-1.077,-0.504
2021-03-15 14:00:00,3.157,0.422,-1.165,-0.138
2021-03-15 15:00:00,3.634,3.359,-0.193,-1.11
2021-03-15 16:00:00,3.849,3.665,-0.923,-0.269
2021-03-15 17:00:00,3.809,3.691,-0.764,0.17
2021-03-15 18:00:00,3.852,3.779,-0.342,0.449
2021-03-15 19:00:00,3.837,3.793,-0.098,-0.193
2021-03-15 20:00:00,3.841,3.755,-0.232,-0.339
2021-03-15 21:00:00,3.866,3.798,-0.397,-0.268
2021-03-15 22:00:00,3.554,2.991,-1.751,0.401
2021-03-15 23:00:00,3.693,3.448,-0.406,-0.401
2021-03-16 00:00:00,3.881,3.633,0.098,-1.247
2021-03-16 01:00:00,3.458,3.245,0.476,-0.901
2021-03-16 02:00:00,3.58,3.409,-0.462,-0.533
2021-03-16 03:00:00,3.818,3.587,-1.197,-0.236
2021-03-16 04:00:00,3.832,3.617,-1.175,-0.081
2021-03-16 05:00:00,3.635,3.431,-1.1,0.128
2021-03-16 06:00:00,3.455,3.212,-1.072,0.492
2021-03-16 07:00:00,3.556,3.232,-1.262,0.633
2021-03-16 08:00:00,3.332,2.982,-1.286,0.56
2021-03-16 09:00:00,3.084,2.668,-1.417,0.148
2021-03-16 10:00:00,2.505,1.923,-1.201,0.423
2021-03-16 11:00:00,2.042,0.961,-1.287,0.987
2021-03-16 12:00:00,1.898,0.676,-1.686,0.154
2021-03-16 13:00:00,2.542,1.249,-2.076,-0.178
2021-03-16 14:00:00,2.46,-0.5,-1.87,-0.985
2021-03-16 15:00:00,2.339,0.296,-1.681,-1.035
2021-03-16 16:00:00,2.112,0.262,-1.142,-0.878
2021-03-16 17:00:00,2.654,1.586,-1.752,-0.8
2021-03-16 18:00:00,2.399,0.312,0.925,0.143
2021-03-16 19:00:00,3.324,-0.846,2.694,0.058
2021-03-16 20:00:00,3.506,-1.589,2.897,-0.671
2021-03-16 21:00:00,3.921,-1.443,3.445,-0.74
2021-03-16 22:00:00,2.814,-1.738,-0.787,0.093
2021-03-16 23:00:00,3.366,-0.871,-0.908,0.604
2021-03-17 00:00:00,3.622,-1.467,0.177,0.349
2021-03-17 01:00:00,3.905,-2.04,-1.565,1.462
2021-03-17 02:00:00,3.583,-1.449,-1.661,1.737
2021-03-17 03:00:00,3.77,-1.38,-1.586,1.805
2021-03-17 04:00:00,3.938,-3.341,0.655,1.701
2021-03-17 05:00:00,4.244,-3.008,2.35,1.177
2021-03-17 06:00:00,4.272,-1.971,3.399,0.986
2021-03-17 07:00:00,4.386,-1.702,3.675,0.549
2021-03-17 08:00:00,4.468,-1.426,3.395,1.563
2021-03-17 09:00:00,5.315,-2.263,4.564,-0.568
2021-03-17 10:00:00,5.351,-2.147,4.595,0.747
2021-03-17 11:00:00,5.609,-3.657,3.848,0.164
2021-03-17 12:00:00,6.106,-4.799,2.792,-1.514
2021-03-17 13:00:00,6.171,-4.029,-2.834,-3.407
2021-03-17 14:00:00,6.635,-5.154,-1.128,-3.546
2021-03-17 15:00:00,7.164,-5.427,1.529,-4.295
2021-03-17 16:00:00,7.254,-5.435,3.306,-2.799
2021-03-17 17:00:00,6.997,-5.766,3.723,0.233
2021-03-17 18:00:00,5.9,-2.953,3.804,3.196
2021-03-17 19:00:00,5.602,-4.358,2.794,-0.487
2021-03-17 20:00:00,4.594,-3.11,3.255,-0.571
2021-03-17 21:00:00,4.151,-2.298,3.336,-0.321
2021-03-17 22:00:00,4.139,-2.306,3.342,-0.095
2021-03-17 23:00:00,3.18,0.846,-0.123,0.789
2021-03-18 00:00:00,3.484,-2.508,-0.406,-1.101
2021-03-18 01:00:00,2.74,0.197,1.11,-1.477
2021-03-18 02:00:00,3.823,1.995,1.829,-0.793
2021-03-18 03:00:00,3.478,2.098,2.285,0.879
2021-03-18 04:00:00,3.508,1.596,2.616,1.54
2021-03-18 05:00:00,2.827,2.429,0.285,0.812
2021-03-18 06:00:00,2.896,2.362,-0.306,1.459
2021-03-18 07:00:00,2.475,1.035,0.453,0.838
2021-03-18 08:00:00,2.277,0.252,0.778,1.161
2021-03-18 09:00:00,2.239,-0.288,-0.41,-0.244
2021-03-18 10:00:00,2.321,0.963,-0.654,-0.283
2021-03-18 11:00:00,2.753,2.174,-0.779,0.286
2021-03-18 12:00:00,2.531,1.767,0.341,1.451
2021-03-18 13:00:00,4.409,2.382,-0.284,3.589
2021-03-18 14:00:00,4.318,2.022,-1.277,3.385
2021-03-18 15:00:00,4.31,3.202,-0.43,2.745
2021-03-18 16:00:00,4.003,2.551,-2.689,0.652
2021-03-18 17:00:00,3.916,3.252,-0.148,1.445
2021-03-18 18:00:00,4.14,3.481,-1.566,0.039
2021-03-18 19:00:00,3.339,-0.529,-1.712,-1.724
2021-03-18 20:00:00,2.898,0.336,-2.4,-0.936
2021-03-18 21:00:00,2.696,0.208,-1.928,-0.69
2021-03-18 22:00:00,3.37,2.293,-1.863,-1.212
2021-03-18 23:00:00,3.407,1.357,-2.429,-0.327
2021-03-19 00:00:00,3.652,-0.84,-1.903,-2.386
2021-03-19 01:00:00,4.025,3.151,-1.819,-1.429
2021-03-19 02:00:00,4.316,3.24,-1.545,-2.133
2021-03-19 03:00:00,4.248,2.057,-2.617,-2.215
2021-03-19 04:00:00,4.853,3.01,-2.735,-2.526
2021-03-19 05:00:00,4.997,4.038,-1.885,-2.011
2021-03-19 06:00:00,5.181,4.67,-1.838,-1.024
2021-03-19 07:00:00,4.882,4.26,-2.022,-1.045
2021-03-19 08:00:00,4.176,3.17,-2.172,-0.96
2021-03-19 09:00:00,4.287,2.44,-2.172,-2.548
2021-03-19 10:00:00,3.903,1.666,-1.969,-2.598
2021-03-19 11:00:00,3.915,1.777,-2.015,-2.467
2021-03-19 12:00:00,3.68,1.655,-1.122,-2.906
2021-03-19 13:00:00,3.461,1.837,-0.202,-2.841
2021-03-19 14:00:00,3.488,2.366,0.073,-2.493
2021-03-19 15:00:00,3.401,2.381,0.281,-2.368
2021-03-19 16:00:00,3.658,3.058,0.141,-1.938
2021-03-19 17:00:00,3.627,2.817,0.304,-1.883
2021-03-19 18:00:00,4.041,3.365,0.456,-2.014
2021-03-19 19:00:00,3.859,3.184,0.476,-1.988
2021-03-19 20:00:00,4.788,4.027,-1.031,-2.11
2021-03-19 21:00:00,5.198,4.287,-2.064,1.616
2021-03-19 22:00:00,6.808,4.975,-3.234,1.967
2021-03-19 23:00:00,8.979,3.063,-4.2,5.691
2021-03-20 00:00:00,11.548,1.721,-3.516,10.517
2021-03-20 01:00:00,14.826,0.991,-4.433,13.865
2021-03-20 02:00:00,18.817,2.503,-6.285,16.889
2021-03-20 03:00:00,20.201,2.799,-2.362,18.796
2021-03-20 04:00:00,21.494,10.866,-13.544,4.57
2021-03-20 05:00:00,17.769,5.541,-10.652,-11.846
2021-03-20 06:00:00,16.394,7.119,-12.447,-4.995
2021-03-20 07:00:00,15.268,4.284,-12.208,-3.43
2021-03-20 08:00:00,15.658,6.313,-13.26,-0.388
2021-03-20 09:00:00,13.265,5.86,-10.201,-2.172
2021-03-20 10:00:00,10.787,5.01,-5.867,-3.087
2021-03-20 11:00:00,5.021,4.466,-0.106,-0.507
2021-03-20 12:00:00,5.2,2.595,1.005,2.025
2021-03-20 13:00:00,4.977,1.641,1.521,3.112
2021-03-20 14:00:00,5.149,3.572,-1.558,1.374
2021-03-20 15:00:00,5.123,2.315,-1.468,-0.515
2021-03-20 16:00:00,4.946,3.158,-0.72,-1.724
2021-03-20 17:00:00,5.184,3.998,-1.022,-1.151
2021-03-20 18:00:00,4.898,2.262,-0.582,2.269
2021-03-20 19:00:00,4.459,2.029,-2.189,-1.216
2021-03-20 20:00:00,4.572,1.598,-3.562,-0.486
2021-03-20 21:00:00,4.554,0.936,-3.304,0.818
2021-03-20 22:00:00,4.58,2.341,-0.914,-3.323
2021-03-20 23:00:00,4.33,2.178,-2.124,-1.774
2021-03-21 00:00:00,4.348,3.484,-0.899,-1.444
2021-03-21 01:00:00,4.443,3.023,-0.755,-1.275
2021-03-21 02:00:00,4.4,3.6,-0.001,-1.401
2021-03-21 03:00:00,4.278,3.234,-0.791,2.321
2021-03-21 04:00:00,4.309,3.479,0.302,2.262
2021-03-21 05:00:00,4.545,3.696,-1.163,2.05
2021-03-21 06:00:00,4.198,2.665,1.471,0.917
2021-03-21 07:00:00,4.384,0.108,2.032,0.57
2021-03-21 08:00:00,5.341,4.473,0.791,0.364
2021-03-21 09:00:00,5.67,1.526,-0.799,4.768
2021-03-21 10:00:00,6.212,3.945,-2.923,2.311
2021-03-21 11:00:00,6.57,4.662,-3.708,-0.885
2021-03-21 12:00:00,6.599,2.996,-4.119,-2.449
2021-03-21 13:00:00,6.647,-0.05,-3.731,-2.877
2021-03-21 14:00:00,5.885,-0.204,-1.948,-1.688
2021-03-21 15:00:00,5.589,-0.86,-2.408,0.285
2021-03-21 16:00:00,6.465,-0.19,-4.713,1.597
2021-03-21 17:00:00,5.581,-0.208,-1.485,-2.703
2021-03-21 18:00:00,3.829,0.89,-0.216,1.291
2021-03-21 19:00:00,3.807,-0.359,-0.385,-1.812
2021-03-21 20:00:00,3.176,-0.372,-1.166,-1.639
2021-03-21 21:00:00,3.182,0.889,-2.246,1.367
2021-03-21 22:00:00,3.465,2.374,-1.613,1.137
2021-03-21 23:00:00,3.498,0.958,-1.912,-0.611
2021-03-22 00:00:00,3.174,2.747,0.045,0.822
2021-03-22 01:00:00,2.602,1.602,-0.461,0.675
2021-03-22 02:00:00,2.762,0.795,-0.595,-0.507
2021-03-22 03:00:00,3.311,2.179,-0.214,-1.031
2021-03-22 04:00:00,3.105,2.515,0.227,0.191
2021-03-22 05:00:00,2.82,2.164,-0.922,0.548
2021-03-22 06:00:00,2.655,0.349,-1.267,0.688
2021-03-22 07:00:00,2.808,1.995,-0.806,0.063
2021-03-22 08:00:00,2.928,1.582,-0.812,0.139
2021-03-22 09:00:00,3.236,2.52,-0.564,0.118
2021-03-22 10:00:00,3.76,3.576,0.769,-0.372
2021-03-22 11:00:00,3.586,3.364,0.912,-0.589
2021-03-22 12:00:00,3.177,2.254,-0.405,-0.741
2021-03-22 13:00:00,2.659,1.302,-1.558,0.401
2021-03-22 14:00:00,3.11,1.759,-1.948,-0.328
2021-03-22 15:00:00,3.601,3.466,-0.284,0.256
2021-03-22 16:00:00,3.845,3.672,-0.196,-0.229
2021-03-22 17:00:00,3.664,3.449,-0.617,0.044
2021-03-22 18:00:00,4.433,4.223,0.546,0.946
2021-03-22 19:00:00,4.586,4.378,0.974,0.62
2021-03-22 20:00:00,4.406,4.284,0.455,0.643
2021-03-22 21:00:00,4.485,4.421,0.211,0.19
2021-03-22 22:00:00,4.382,4.216,-0.376,-0.493
2021-03-22 23:00:00,4.272,3.891,0.122,-1.105
2021-03-23 00:00:00,3.818,3.367,0.028,-0.828
2021-03-23 01:00:00,3.56,1.09,-1.293,-0.24
2021-03-23 02:00:00,3.938,2.588,-0.698,-1.741
2021-03-23 03:00:00,3.78,1.506,-2.575,-0.993
2021-03-23 04:00:00,3.577,-1.011,-2.663,0.097
2021-03-23 05:00:00,3.039,-0.877,-2.185,0.138
2021-03-23 06:00:00,3.432,0.266,-2.32,-1.207
2021-03-23 07:00:00,3.128,-1.495,-2.185,-0.747
2021-03-23 08:00:00,3.019,1.774,-1.412,-0.353
2021-03-23 09:00:00,3.783,2.701,-0.791,0.983
2021-03-23 10:00:00,3.222,-0.817,-2.433,-0.23
2021-03-23 11:00:00,3.21,-0.267,-1.272,0.734
2021-03-23 12:00:00,3.423,-0.304,-2.359,0.725
2021-03-23 13:00:00,3.518,-1.62,-2.02,-2.268
2021-03-23 14:00:00,3.364,-1.162,-2.43,-1.753
2021-03-23 15:00:00,3.55,-1.128,-2.709,-1.601
2021-03-23 16:00:00,3.519,-1.585,-2.144,-0.097
2021-03-23 17:00:00,3.769,-1.887,-2.558,-1.777
2021-03-23 18:00:00,3.531,-1.555,-2.665,-1.087
2021-03-23 19:00:00,3.127,-1.103,-1.704,-2.021
2021-03-23 20:00:00,3.098,-1.495,-1.225,-1.998
2021-03-23 21:00:00,3.856,-1.532,0.433,-3.215
2021-03-23 22:00:00,3.806,-2.467,-0.722,-1.923
2021-03-23 23:00:00,3.6,-1.699,-2.699,-1.021
2021-03-24 00:00:00,3.906,-1.351,-3.455,-0.613
2021-03-24 01:00:00,3.364,-0.844,-2.903,-0.336
2021-03-24 02:00:00,2.646,-0.389,-2.332,-0.521
2021-03-24 03:00:00,1.358,0.092,-0.859,-0.215
2021-03-24 04:00:00,2.999,0.731,1.491,-1.038
2021-03-24 05:00:00,5.059,-2.442,2.101,-3.785
2021-03-24 06:00:00,4.896,-2.741,1.309,-3.688
2021-03-24 07:00:00,5.074,-2.664,2.034,-3.576
2021-03-24 08:00:00,5.056,-2.017,1.974,-4.085
2021-03-24 09:00:00,4.532,-1.237,1.529,-3.982
2021-03-24 10:00:00,3.668,-1.489,1.12,-3.095
2021-03-24 11:00:00,2.144,-0.426,0.3,-1.037
2021-03-24 12:00:00,2.08,-0.624,0.096,-1.265
2021-03-24 13:00:00,1.796,1.438,-0.372,0.405
2021-03-24 14:00:00,3.083,2.717,0.026,0.94
2021-03-24 15:00:00,3.131,2.779,0.589,0.986
2021-03-24 16:00:00,2.898,2.439,-0.238,0.437
2021-03-24 17:00:00,4.293,4.067,-0.038,0.942
2021-03-24 18:00:00,4.396,3.594,-0.801,1.861
2021-03-24 19:00:00,7.011,-1.63,-1.25,-5.16
2021-03-24 20:00:00,7.8,-3.506,2.536,-6.341
2021-03-24 21:00:00,7.844,-3.018,3.017,-6.48
2021-03-24 22:00:00,7.624,-2.464,1.876,-6.884
2021-03-24 23:00:00,7.153,-3.558,2.762,-5.467
2021-03-25 00:00:00,5.873,-2.979,1.888,-4.453
2021-03-25 01:00:00,5.713,0.369,0.546,0.387
2021-03-25 02:00:00,4.967,0.021,0.823,-1.722
2021-03-25 03:00:00,5.27,-2.19,1.876,-3.603
2021-03-25 04:00:00,5.06,-2.988,1.373,-3.06
2021-03-25 05:00:00,4.637,-3.702,-0.293,-2.483
2021-03-25 06:00:00,4.628,-2.823,-0.875,-3.142
2021-03-25 07:00:00,5.71,-5.152,2.109,-0.667
2021-03-25 08:00:00,4.064,-2.635,-0.959,-1.935
2021-03-25 09:00:00,3.873,-2.992,-0.051,-1.466
2021-03-25 10:00:00,3.717,-2.298,-1.293,-1.053
2021-03-25 11:00:00,6.276,0.272,1.556,-4.305
2021-03-25 12:00:00,5.488,-0.102,-0.922,-2.089
2021-03-25 13:00:00,5.852,-1.096,-3.33,1.666
2021-03-25 14:00:00,5.156,-0.0,0.3,2.625
2021-03-25 15:00:00,5.645,0.495,3.495,3.272
2021-03-25 16:00:00,5.934,0.179,4.293,3.551
2021-03-25 17:00:00,5.584,1.836,2.956,2.91
2021-03-25 18:00:00,4.527,2.4,1.587,1.548
2021-03-25 19:00:00,5.457,2.397,1.888,1.187
2021-03-25 20:00:00,5.357,1.476,2.582,-2.335
2021-03-25 21:00:00,5.719,2.167,3.409,-1.491
2021-03-25 22:00:00,4.459,1.609,0.663,-3.203
2021-03-25 23:00:00,3.906,1.092,-0.213,-2.861
2021-03-26 00:00:00,3.873,2.011,-0.644,-1.919
2021-03-26 01:00:00,3.736,1.6,-0.479,-1.436
2021-03-26 02:00:00,3.735,0.946,-0.849,-2.542
2021-03-26 03:00:00,4.041,0.647,-1.072,-2.733
2021-03-26 04:00:00,4.251,-0.292,-1.071,-3.548
2021-03-26 05:00:00,4.279,-0.237,-0.607,-3.871
2021-03-26 06:00:00,4.395,-0.318,-0.317,-3.621
2021-03-26 07:00:00,4.137,1.713,-0.042,-2.737
2021-03-26 08:00:00,4.192,1.917,-0.642,-2.697
2021-03-26 09:00:00,3.968,2.19,-1.498,-2.674
2021-03-26 10:00:00,4.263,2.342,-1.11,-3.136
2021-03-26 11:00:00,4.442,2.433,-2.168,-2.895
2021-03-26 12:00:00,4.385,2.43,-2.353,-2.684
2021-03-26 13:00:00,4.366,2.418,-2.334,-2.631
2021-03-26 14:00:00,4.568,3.218,0.835,-2.873
2021-03-26 15:00:00,4.64,3.118,0.28,-3.323
2021-03-26 16:00:00,4.403,3.568,-0.334,-2.35
2021-03-26 17:00:00,4.713,3.607,-1.756,-2.305
2021-03-26 18:00:00,4.6,3.422,-2.226,-1.97
2021-03-26 19:00:00,4.783,3.867,-1.608,-2.159
2021-03-26 20:00:00,4.716,3.961,-1.314,-1.913
2021-03-26 21:00:00,5.029,4.557,0.335,-1.21
2021-03-26 22:00:00,5.713,5.182,2.258,0.603
2021-03-26 23:00:00,5.964,5.249,2.624,0.787
2021-03-27 00:00:00,6.27,5.598,2.2,1.588
2021-03-27 01:00:00,6.126,5.1,2.759,1.85
2021-03-27 02:00:00,5.602,4.924,-1.519,0.679
2021-03-27 03:00:00,5.76,5.281,-2.064,0.571
2021-03-27 04:00:00,6.184,5.417,-2.617,0.67
2021-03-27 05:00:00,6.459,5.656,-2.784,1.18
2021-03-27 06:00:00,6.581,5.51,-3.473,0.089
2021-03-27 07:00:00,6.518,5.319,-3.656,0.353
2021-03-27 08:00:00,6.43,5.658,-2.671,1.279
2021-03-27 09:00:00,6.228,5.662,-1.98,1.512
2021-03-27 10:00:00,6.307,5.577,-2.195,1.738
2021-03-27 11:00:00,6.145,5.022,-3.027,1.648
2021-03-27 12:00:00,6.039,4.846,-3.131,0.588
2021-03-27 13:00:00,5.91,4.991,-2.795,-0.176
2021-03-27 14:00:00,5.564,4.638,-2.345,1.806
2021-03-27 15:00:00,5.242,4.363,-1.922,2.041
2021-03-27 16:00:00,5.102,4.166,-0.567,2.377
2021-03-27 17:00:00,5.704,4.09,-0.888,3.414
2021-03-27 18:00:00,6.169,1.843,-4.93,1.633
2021-03-27 19:00:00,4.926,1.751,-0.677,3.325
2021-03-27 20:00:00,4.083,-0.262,-3.165,-0.459
2021-03-27 21:00:00,6.319,0.421,-1.507,-5.523
2021-03-27 22:00:00,7.123,-3.367,-5.063,1.301
2021-03-27 23:00:00,5.534,-1.549,-3.447,2.538
2021-03-28 00:00:00,6.138,-1.194,-3.415,0.24
2021-03-28 01:00:00,5.453,-0.391,-3.975,3.025
2021-03-28 02:00:00,5.898,0.62,-4.056,2.995
2021-03-28 03:00:00,5.354,-0.638,-3.577,3.76
2021-03-28 04:00:00,4.123,-1.787,-1.419,0.717
2021-03-28 05:00:00,2.61,-1.524,-0.151,-0.639
2021-03-28 06:00:00,2.339,2.097,-0.066,0.547
2021-03-28 07:00:00,1.986,1.719,0.176,0.395
2021-03-28 08:00:00,3.169,3.063,-0.046,0.276
2021-03-28 09:00:00,2.331,1.795,-0.62,-0.646
2021-03-28 10:00:00,2.605,1.878,-1.231,-0.235
2021-03-28 11:00:00,2.877,-0.072,-2.419,0.684
2021-03-28 12:00:00,2.592,-1.6,-0.72,1.136
2021-03-28 13:00:00,2.891,1.772,-1.452,-1.308
2021-03-28 14:00:00,2.699,2.045,-1.522,0.19
2021-03-28 15:00:00,2.723,-0.085,-2.269,0.447
2021-03-28 16:00:00,2.436,-0.252,-1.948,-0.114
2021-03-28 17:00:00,2.156,-0.324,-0.942,1.543
2021-03-28 18:00:00,2.164,1.0,-0.453,1.435
2021-03-28 19:00:00,2.439,1.954,-0.223,-0.085
2021-03-28 20:00:00,2.648,1.928,-0.68,-0.551
2021-03-28 21:00:00,2.647,1.857,-1.545,0.223
2021-03-28 22:00:00,2.437,1.616,-1.149,0.614
2021-03-28 23:00:00,2.677,1.28,-1.584,1.401
2021-03-29 00:00:00,2.782,-0.059,-0.835,2.08
2021-03-29 01:00:00,2.963,1.154,-1.67,-1.803
2021-03-29 02:00:00,3.116,2.099,-1.157,-1.597
2021-03-29 03:00:00,3.263,1.815,-1.924,-1.125
2021-03-29 04:00:00,3.359,2.508,-1.693,-1.318
2021-03-29 05:00:00,3.357,2.054,-1.927,-1.21
2021-03-29 06:00:00,3.311,1.722,-2.553,-1.077
2021-03-29 07:00:00,3.397,2.502,-1.83,-1.167
2021-03-29 08:00:00,3.424,2.966,-1.47,-0.171
2021-03-29 09:00:00,3.194,2.031,-2.091,-0.9
2021-03-29 10:00:00,3.195,2.187,-2.103,-0.784
2021-03-29 11:00:00,3.559,2.972,-1.315,-1.2
2021-03-29 12:00:00,3.69,2.94,-1.792,-1.197
2021-03-29 13:00:00,3.804,3.251,-1.256,-1.378
2021-03-29 14:00:00,4.206,3.625,-0.726,-1.848
2021-03-29 15:00:00,4.415,3.832,-1.143,-1.571
2021-03-29 16:00:00,4.376,3.984,-0.89,-1.051
2021-03-29 17:00:00,4.324,3.815,-1.825,-0.204
2021-03-29 18:00:00,4.064,3.388,-1.82,-0.788
2021-03-29 19:00:00,3.669,2.647,-2.271,-0.102
2021-03-29 20:00:00,3.437,1.603,-2.634,0.851
2021-03-29 21:00:00,3.798,3.136,-1.09,-0.972
2021-03-29 22:00:00,3.484,3.312,-0.308,-0.517
2021-03-29 23:00:00,3.527,2.951,-1.146,0.805
2021-03-30 00:00:00,3.609,2.495,-1.577,1.729
2021-03-30 01:00:00,3.842,3.604,-0.868,-0.547
2021-03-30 02:00:00,3.57,3.095,-1.558,0.06
2021-03-30 03:00:00,4.339,3.962,-1.514,-0.466
2021-03-30 04:00:00,4.278,3.289,-2.399,0.884
2021-03-30 05:00:00,4.442,3.121,-2.809,1.323
2021-03-30 06:00:00,4.693,3.16,-3.043,1.54
2021-03-30 07:00:00,4.752,3.397,-2.871,1.544
2021-03-30 08:00:00,4.665,3.424,-2.333,1.848
2021-03-30 09:00:00,5.375,3.39,-2.954,2.853
2021-03-30 10:00:00,4.64,3.335,-2.688,1.432
2021-03-30 11:00:00,4.202,2.077,-3.439,0.58
2021-03-30 12:00:00,4.358,3.143,-2.704,0.966
2021-03-30 13:00:00,4.757,4.15,-2.168,-0.085
2021-03-30 14:00:00,4.459,3.184,-2.154,0.994
2021-03-30 15:00:00,4.627,4.124,-0.235,-0.813
2021-03-30 16:00:00,5.631,4.549,-1.625,-2.474
2021-03-30 17:00:00,6.114,3.946,3.054,-3.21
2021-03-30 18:00:00,4.774,0.039,-3.209,-0.066
2021-03-30 19:00:00,5.779,2.01,-5.172,-0.603
2021-03-30 20:00:00,5.074,3.842,0.469,-1.623
2021-03-30 21:00:00,5.111,4.34,1.069,-1.872
2021-03-30 22:00:00,4.682,3.803,-1.559,-1.099
2021-03-30 23:00:00,4.408,3.63,-0.343,-1.939
2021-03-31 00:00:00,3.958,1.304,-3.064,-1.523
2021-03-31 01:00:00,4.121,1.518,-3.185,-1.647
2021-03-31 02:00:00,4.266,1.946,-2.672,-1.977
2021-03-31 03:00:00,5.354,3.429,-2.334,-2.93
2021-03-31 04:00:00,6.537,3.604,-3.26,-4.202
2021-03-31 05:00:00,7.48,4.537,-4.487,-3.656
2021-03-31 06:00:00,7.775,4.885,-4.387,-3.884
2021-03-31 07:00:00,8.025,5.442,-4.607,-3.463
2021-03-31 08:00:00,7.61,5.52,-4.004,-1.133
2021-03-31 09:00:00,7.68,6.151,-2.718,-1.859
2021-03-31 10:00:00,7.113,3.254,-5.983,0.736
2021-03-31 11:00:00,6.596,3.601,-5.191,-0.91
2021-03-31 12:00:00,5.113,0.648,-2.729,-3.64
2021-03-31 13:00:00,5.173,-0.801,-4.698,-0.996
2021-03-31 14:00:00,5.091,2.097,-2.408,-2.529
2021-03-31 15:00:00,4.363,1.149,0.518,-2.191
2021-03-31 16:00:00,4.54,-1.011,4.036,0.738
2021-03-31 17:00:00,3.979,1.019,2.837,1.374
2021-03-31 18:00:00,3.844,1.177,-2.286,-1.779
2021-03-31 19:00:00,3.982,1.807,-2.079,1.476
2021-03-31 20:00:00,5.4,2.293,-4.531,-1.221
2021-03-31 21:00:00,6.171,2.52,-4.85,-1.983
2021-03-31 22:00:00,7.411,2.917,-6.162,-0.563
2021-03-31 23:00:00,5.512,0.49,1.795,1.662
2021-04-01 00:00:00,5.301,1.552,-0.773,3.617
2021-04-01 01:00:00,6.355,3.52,-4.937,0.945
2021-04-01 02:00:00,4.61,2.321,-3.314,-1.594
2021-04-01 03:00:00,4.665,1.026,-1.663,-1.615
2021-04-01 04:00:00,4.042,0.946,-1.876,-2.766
2021-04-01 05:00:00,3.789,1.681,-2.814,-0.958
2021-04-01 06:00:00,3.723,0.795,-1.177,-1.681
2021-04-01 07:00:00,5.175,3.84,-3.163,0.798
2021-04-01 08:00:00,4.617,3.936,-1.594,0.51
2021-04-01 09:00:00,5.372,5.225,-0.969,0.32
2021-04-01 10:00:00,5.006,4.035,-1.125,2.45
2021-04-01 11:00:00,5.042,4.386,-0.467,2.308
2021-04-01 12:00:00,5.316,4.806,-0.203,2.028
2021-04-01 13:00:00,5.27,4.709,-0.207,2.225
2021-04-01 14:00:00,5.166,3.929,-1.707,1.511
2021-04-01 15:00:00,5.056,3.813,-1.774,1.283
2021-04-01 16:00:00,4.305,2.784,-2.757,0.483
2021-04-01 17:00:00,4.156,2.563,-2.314,-0.386
2021-04-01 18:00:00,4.469,2.512,-2.754,0.103
2021-04-01 19:00:00,4.333,1.131,-2.347,-0.189
2021-04-01 20:00:00,4.266,0.657,-1.775,-1.104
2021-04-01 21:00:00,3.689,1.776,-2.752,0.858
2021-04-01 22:00:00,3.652,1.681,-1.642,1.901
2021-04-01 23:00:00,3.636,1.07,-1.662,0.555
2021-04-02 00:00:00,4.077,1.624,-1.174,3.079
2021-04-02 01:00:00,3.611,2.329,-1.577,0.432
2021-04-02 02:00:00,3.813,1.902,-1.804,-0.384
2021-04-02 03:00:00,4.3,3.566,0.863,-1.403
2021-04-02 04:00:00,4.258,2.793,-1.781,-0.432
2021-04-02 05:00:00,4.051,2.549,-2.618,1.166
2021-04-02 06:00:00,4.416,3.964,-0.042,1.028
2021-04-02 07:00:00,4.475,3.437,-2.051,1.088
2021-04-02 08:00:00,4.457,0.8,-3.844,1.399
2021-04-02 09:00:00,4.588,-0.493,-3.187,1.425
2021-04-02 10:00:00,5.219,1.047,-4.946,-0.528
2021-04-02 11:00:00,5.728,0.737,-5.288,-0.924
2021-04-02 12:00:00,6.388,0.581,-6.15,-0.696
2021-04-02 13:00:00,6.505,0.933,-5.245,0.175
2021-04-02 14:00:00,7.641,0.771,-6.966,-1.661
2021-04-02 15:00:00,8.117,-0.607,-6.962,-3.279
2021-04-02 16:00:00,8.488,1.876,-8.056,0.639
2021-04-02 17:00:00,8.805,3.645,-5.224,4.482
2021-04-02 18:00:00,8.619,5.521,-1.812,5.968
2021-04-02 19:00:00,9.03,5.079,-5.683,4.19
2021-04-02 20:00:00,8.574,6.2,2.041,4.965
2021-04-02 21:00:00,7.495,5.957,1.825,3.975
2021-04-02 22:00:00,6.776,5.588,1.522,2.352
2021-04-02 23:00:00,6.103,4.199,-4.075,0.573
2021-04-03 00:00:00,5.098,2.798,-4.05,-0.712
2021-04-03 01:00:00,3.615,1.922,0.35,-0.97
2021-04-03 02:00:00,5.412,4.092,-1.224,-1.763
2021-04-03 03:00:00,4.24,3.587,1.636,-0.679
2021-04-03 04:00:00,3.749,3.344,-1.04,-0.122
2021-04-03 05:00:00,3.572,2.685,-0.974,-0.046
2021-04-03 06:00:00,3.483,0.388,3.135,0.077
2021-04-03 07:00:00,3.052,0.997,1.872,0.846
2021-04-03 08:00:00,3.217,1.609,1.914,0.326
2021-04-03 09:00:00,3.486,1.415,2.43,-1.36
2021-04-03 10:00:00,3.455,0.836,0.942,-0.379
2021-04-03 11:00:00,3.41,2.332,1.596,-1.399
2021-04-03 12:00:00,3.196,1.689,-1.399,0.57
2021-04-03 13:00:00,2.998,1.293,-1.63,1.252
2021-04-03 14:00:00,2.86,0.528,-1.722,0.628
2021-04-03 15:00:00,2.675,0.07,-2.096,-0.32
2021-04-03 16:00:00,2.77,0.396,-0.754,-0.002
2021-04-03 17:00:00,2.73,0.614,-1.712,1.337
2021-04-03 18:00:00,2.711,-0.167,-2.434,-0.541
2021-04-03 19:00:00,2.662,0.648,-2.241,-0.73
2021-04-03 20:00:00,2.808,0.25,-2.439,-0.463
2021-04-03 21:00:00,2.711,-0.638,-1.881,-1.417
2021-04-03 22:00:00,3.083,2.06,-1.382,-0.505
2021-04-03 23:00:00,3.439,3.107,-0.692,1.079
2021-04-04 00:00:00,3.556,3.329,-1.061,0.238
2021-04-04 01:00:00,3.238,3.064,-0.829,0.061
2021-04-04 02:00:00,3.344,3.108,-0.905,-0.475
2021-04-04 03:00:00,3.614,3.494,-0.219,-0.69
2021-04-04 04:00:00,3.471,3.287,0.048,-0.9
2021-04-04 05:00:00,3.279,2.94,0.771,-1.024
2021-04-04 06:00:00,2.749,2.214,0.756,-1.02
2021-04-04 07:00:00,1.977,-0.245,0.546,-1.063
2021-04-04 08:00:00,2.292,1.563,-0.724,-0.555
2021-04-04 09:00:00,2.518,1.809,-1.067,-0.768
2021-04-04 10:00:00,2.271,0.605,-0.631,-1.703
2021-04-04 11:00:00,1.558,-0.366,0.386,-1.119
2021-04-04 12:00:00,1.394,0.515,-0.781,-0.745
2021-04-04 13:00:00,0.975,-0.031,-0.586,-0.611
2021-04-04 14:00:00,2.245,0.784,-1.66,-0.842
2021-04-04 15:00:00,2.906,2.133,-1.764,-0.321
2021-04-04 16:00:00,2.641,1.972,-1.611,0.329
2021-04-04 17:00:00,2.421,1.866,-1.178,0.788
2021-04-04 18:00:00,1.946,1.5,-1.049,0.207
2021-04-04 19:00:00,1.89,1.498,-0.864,0.024
2021-04-04 20:00:00,1.831,1.319,0.138,-0.48
2021-04-04 21:00:00,2.278,1.17,1.053,-0.958
2021-04-04 22:00:00,3.19,2.935,0.629,-0.339
2021-04-04 23:00:00,2.794,0.789,1.834,-0.124
2021-04-05 00:00:00,3.487,-1.67,2.735,-0.914
2021-04-05 01:00:00,4.014,-2.001,2.91,-1.526
2021-04-05 02:00:00,3.523,-1.578,2.942,0.472
2021-04-05 03:00:00,4.231,-1.807,2.054,2.335
2021-04-05 04:00:00,4.245,0.395,2.081,1.564
2021-04-05 05:00:00,4.848,-1.264,2.695,0.813
2021-04-05 06:00:00,5.304,0.663,0.009,5.156
2021-04-05 07:00:00,5.912,0.224,1.024,5.183
2021-04-05 08:00:00,5.722,-0.253,1.98,5.046
2021-04-05 09:00:00,6.423,-0.426,4.341,0.376
2021-04-05 10:00:00,8.685,-0.812,4.767,-7.103
2021-04-05 11:00:00,8.699,-0.106,4.84,-7.132
2021-04-05 12:00:00,8.317,-0.512,6.92,-4.011
2021-04-05 13:00:00,8.342,-0.289,6.806,-4.458
2021-04-05 14:00:00,8.081,1.038,6.517,-3.998
2021-04-05 15:00:00,8.299,0.172,7.697,-2.619
2021-04-05 16:00:00,8.326,-0.102,8.215,-0.895
2021-04-05 17:00:00,8.439,-0.069,8.361,0.617
2021-04-05 18:00:00,8.533,-1.052,8.323,-0.506
2021-04-05 19:00:00,7.621,0.374,7.036,2.461
2021-04-05 20:00:00,7.221,-0.741,6.199,3.037
2021-04-05 21:00:00,8.117,-1.07,7.039,3.436
2021-04-05 22:00:00,7.607,-1.172,6.452,2.276
2021-04-05 23:00:00,8.122,-2.17,7.158,-2.739
2021-04-06 00:00:00,8.446,-1.909,8.103,0.365
2021-04-06 01:00:00,8.767,-2.4,8.255,1.535
2021-04-06 02:00:00,8.436,-2.031,7.683,2.654
2021-04-06 03:00:00,8.325,-3.024,6.278,4.088
2021-04-06 04:00:00,7.291,-2.586,4.573,4.962
2021-04-06 05:00:00,6.981,-3.222,2.958,5.334
2021-04-06 06:00:00,6.992,-2.862,1.204,6.167
2021-04-06 07:00:00,7.225,-2.847,0.34,6.298
2021-04-06 08:00:00,7.099,-2.47,-1.709,6.377
2021-04-06 09:00:00,5.25,-1.113,3.125,2.858
2021-04-06 10:00:00,3.79,-0.732,2.837,-0.193
2021-04-06 11:00:00,4.289,-1.136,3.72,-1.241
2021-04-06 12:00:00,3.589,0.332,2.927,-1.106
2021-04-06 13:00:00,3.936,0.903,-0.89,2.2
2021-04-06 14:00:00,2.526,-0.647,-1.82,0.38
2021-04-06 15:00:00,3.851,-0.906,-3.469,-0.121
2021-04-06 16:00:00,3.883,-1.408,-2.663,0.556
2021-04-06 17:00:00,4.103,-2.21,-1.94,0.994
2021-04-06 18:00:00,4.567,-2.093,-2.923,-2.079
2021-04-06 19:00:00,4.502,-1.458,-0.027,3.527
2021-04-06 20:00:00,4.667,-1.589,1.972,3.003
2021-04-06 21:00:00,5.404,-1.036,4.667,-0.183
2021-04-06 22:00:00,6.199,-2.862,3.351,3.821
2021-04-06 23:00:00,7.028,-2.293,5.465,3.182
2021-04-07 00:00:00,6.342,-0.784,3.355,-3.735
2021-04-07 01:00:00,5.727,-1.228,3.848,-1.438
2021-04-07 02:00:00,6.622,-2.007,6.06,1.031
2021-04-07 03:00:00,6.907,-1.447,4.465,-3.491
2021-04-07 04:00:00,7.305,-2.343,5.455,-2.886
2021-04-07 05:00:00,6.894,-2.677,4.598,-3.785
2021-04-07 06:00:00,8.501,-3.762,5.833,-2.492
2021-04-07 07:00:00,9.193,0.816,-0.744,-6.927
2021-04-07 08:00:00,9.107,-0.808,1.503,-4.496
2021-04-07 09:00:00,10.858,-3.727,5.393,-5.132
2021-04-07 10:00:00,10.806,-2.095,-1.456,9.954
2021-04-07 11:00:00,13.45,-3.368,2.99,9.68
2021-04-07 12:00:00,10.794,-3.074,6.101,-4.984
2021-04-07 13:00:00,12.752,-2.751,5.412,-11.046
2021-04-07 14:00:00,10.808,-4.756,4.337,0.816
2021-04-07 15:00:00,9.109,-5.96,4.735,2.782
2021-04-07 16:00:00,8.587,-5.313,3.638,-3.104
2021-04-07 17:00:00,6.81,-4.048,4.697,2.138
2021-04-07 18:00:00,7.103,-5.529,3.848,0.708
2021-04-07 19:00:00,6.905,-4.789,3.99,1.897
2021-04-07 20:00:00,5.531,-4.904,1.589,1.24
2021-04-07 21:00:00,5.845,-5.192,0.51,0.462
2021-04-07 22:00:00,6.304,-2.254,4.943,-0.069
2021-04-07 23:00:00,5.667,-3.105,3.747,1.688
2021-04-08 00:00:00,4.963,-0.217,3.34,1.402
2021-04-08 01:00:00,4.308,-2.337,1.938,1.531
2021-04-08 02:00:00,4.365,-3.079,2.079,0.372
2021-04-08 03:00:00,2.755,-1.532,1.838,-0.982
2021-04-08 04:00:00,1.873,-0.37,1.428,0.276
2021-04-08 05:00:00,2.335,1.468,0.862,1.23
2021-04-08 06:00:00,2.723,1.33,0.832,2.037
2021-04-08 07:00:00,2.555,0.607,1.907,1.091
2021-04-08 08:00:00,2.106,-0.741,1.576,-0.656
2021-04-08 09:00:00,1.793,-0.907,0.844,-0.413
2021-04-08 10:00:00,2.053,-1.145,1.207,0.065
2021-04-08 11:00:00,2.197,0.925,1.538,0.097
2021-04-08 12:00:00,2.412,0.831,1.644,-1.293
2021-04-08 13:00:00,2.355,1.265,0.688,-1.307
2021-04-08 14:00:00,1.893,0.845,1.158,-0.317
2021-04-08 15:00:00,2.025,0.215,1.072,-0.684
2021-04-08 16:00:00,1.385,-0.838,0.439,-0.372
2021-04-08 17:00:00,2.018,-1.35,-0.317,-0.037
2021-04-08 18:00:00,2.364,-1.412,-0.759,-0.723
2021-04-08 19:00:00,2.562,-2.148,0.714,0.102
2021-04-08 20:00:00,2.241,-1.252,1.509,0.282
2021-04-08 21:00:00,3.108,-0.748,-1.402,2.275
2021-04-08 22:00:00,3.622,-1.295,-0.966,3.08
2021-04-08 23:00:00,3.836,-2.414,-0.353,2.642
2021-04-09 00:00:00,4.088,-3.05,-1.019,1.518
2021-04-09 01:00:00,4.16,-3.216,-1.693,-1.404
2021-04-09 02:00:00,3.685,-1.499,-2.679,-1.112
2021-04-09 03:00:00,2.696,0.664,1.604,0.603
2021-04-09 04:00:00,2.923,0.557,1.989,0.319
2021-04-09 05:00:00,3.257,1.79,1.941,1.498
2021-04-09 06:00:00,2.681,0.391,1.48,1.256
2021-04-09 07:00:00,3.192,0.404,0.892,0.064
2021-04-09 08:00:00,3.087,-1.946,-1.989,0.542
2021-04-09 09:00:00,3.123,-0.32,-1.744,0.211
2021-04-09 10:00:00,3.184,0.52,-0.989,2.489
2021-04-09 11:00:00,3.019,1.287,-0.743,1.876
2021-04-09 12:00:00,3.223,-1.931,-1.903,-0.022
2021-04-09 13:00:00,3.748,-2.679,-2.349,-0.819
2021-04-09 14:00:00,3.636,-0.9,-1.609,0.859
2021-04-09 15:00:00,3.064,2.006,0.716,-1.047
2021-04-09 16:00:00,2.323,1.591,-0.228,0.485
2021-04-09 17:00:00,2.645,2.137,0.872,0.744
2021-04-09 18:00:00,3.048,1.62,1.823,1.489
2021-04-09 19:00:00,3.19,1.466,2.584,0.246
2021-04-09 20:00:00,3.029,1.528,1.366,-1.417
2021-04-09 21:00:00,2.956,1.702,1.652,0.235
2021-04-09 22:00:00,2.962,-0.516,1.81,-0.807
2021-04-09 23:00:00,3.321,-1.149,2.64,-1.302
2021-04-10 00:00:00,3.282,0.091,2.722,-1.181
2021-04-10 01:00:00,3.534,-0.226,3.229,-1.161
2021-04-10 02:00:00,3.476,-0.523,3.064,-1.036
2021-04-10 03:00:00,3.632,-1.699,2.896,0.056
2021-04-10 04:00:00,3.684,-2.033,2.701,-0.577
2021-04-10 05:00:00,3.749,-2.024,2.589,-1.203
2021-04-10 06:00:00,3.604,-0.811,2.746,-1.399
2021-04-10 07:00:00,3.572,-1.646,1.185,-1.636
2021-04-10 08:00:00,3.67,-2.454,0.235,-1.854
2021-04-10 09:00:00,3.674,-3.065,0.88,-1.16
2021-04-10 10:00:00,3.246,-1.252,2.612,-0.177
2021-04-10 11:00:00,3.827,-2.277,-0.488,-2.396
2021-04-10 12:00:00,3.79,-2.601,0.843,-1.874
2021-04-10 13:00:00,3.973,-1.961,-0.893,-2.914
2021-04-10 14:00:00,4.305,-1.908,-1.504,-3.372
2021-04-10 15:00:00,4.058,-1.904,1.834,-1.381
2021-04-10 16:00:00,4.427,-1.298,3.415,2.103
2021-04-10 17:00:00,4.955,-2.36,3.924,1.144
2021-04-10 18:00:00,5.158,-3.404,3.107,-1.926
2021-04-10 19:00:00,5.188,-1.939,0.953,-4.578
2021-04-10 20:00:00,5.05,-1.089,0.948,-4.686
2021-04-10 21:00:00,5.119,-2.298,1.032,-4.146
2021-04-10 22:00:00,5.518,-0.236,3.972,-2.33
2021-04-10 23:00:00,5.176,-0.649,3.925,-1.961
2021-04-11 00:00:00,4.917,-2.171,3.238,-1.901
2021-04-11 01:00:00,5.272,-3.28,-0.236,-3.787
2021-04-11 02:00:00,3.273,0.223,-2.478,-1.528
2021-04-11 03:00:00,5.131,1.336,-4.659,-0.768
2021-04-11 04:00:00,4.923,2.28,-4.15,-0.166
2021-04-11 05:00:00,4.504,1.479,-4.008,-0.826
2021-04-11 06:00:00,4.298,2.835,-2.959,-0.374
2021-04-11 07:00:00,3.576,0.997,-2.821,-0.202
2021-04-11 08:00:00,3.493,1.258,-1.78,-0.75
2021-04-11 09:00:00,3.39,1.881,-0.518,1.73
2021-04-11 10:00:00,3.309,2.305,-0.632,1.157
2021-04-11 11:00:00,3.335,2.19,-1.641,0.871
2021-04-11 12:00:00,3.739,2.796,-0.589,1.869
2021-04-11 13:00:00,3.963,1.585,-2.326,0.304
2021-04-11 14:00:00,4.559,3.863,-1.909,0.83
2021-04-11 15:00:00,4.547,2.967,-2.98,-0.725
2021-04-11 16:00:00,4.707,3.363,-2.802,-1.025
2021-04-11 17:00:00,4.83,4.127,-1.183,-0.279
2021-04-11 18:00:00,5.585,1.68,-3.68,-1.597
2021-04-11 19:00:00,6.698,3.286,-5.098,1.786
2021-04-11 20:00:00,6.153,2.532,-3.967,3.446
2021-04-11 21:00:00,4.858,2.462,-1.696,3.387
2021-04-11 22:00:00,5.524,3.561,1.905,2.928
2021-04-11 23:00:00,5.638,4.124,0.016,3.522
2021-04-12 00:00:00,5.132,3.679,-3.119,-0.148
2021-04-12 01:00:00,5.19,4.819,0.227,1.081
2021-04-12 02:00:00,5.483,3.337,-1.069,1.56
2021-04-12 03:00:00,5.509,3.404,-2.788,2.659
2021-04-12 04:00:00,5.588,3.197,-3.219,-1.28
2021-04-12 05:00:00,5.557,3.721,-3.135,-0.369
2021-04-12 06:00:00,6.434,2.432,-5.292,1.595
2021-04-12 07:00:00,6.272,1.786,-5.806,0.448
2021-04-12 08:00:00,5.827,2.779,-4.096,0.152
2021-04-12 09:00:00,5.423,2.757,-2.29,1.543
2021-04-12 10:00:00,4.879,1.471,-4.091,-0.469
2021-04-12 11:00:00,4.168,3.037,-1.24,0.904
2021-04-12 12:00:00,3.904,1.446,-0.387,-2.805
2021-04-12 13:00:00,3.706,-1.652,2.521,-1.248
2021-04-12 14:00:00,4.025,-2.045,0.957,-3.079
2021-04-12 15:00:00,3.981,-2.46,-0.873,-2.278
2021-04-12 16:00:00,3.942,-2.189,-2.21,-2.068
2021-04-12 17:00:00,3.438,-1.723,-1.484,-0.813
2021-04-12 18:00:00,3.221,0.597,-1.988,-0.225
2021-04-12 19:00:00,4.015,2.164,-2.682,1.056
2021-04-12 20:00:00,4.351,2.574,-3.173,0.998
2021-04-12 21:00:00,4.261,3.746,-0.908,0.947
2021-04-12 22:00:00,4.164,3.803,0.923,1.262
2021-04-12 23:00:00,4.223,3.213,0.778,2.356
2021-04-13 00:00:00,4.021,3.345,0.016,1.883
2021-04-13 01:00:00,3.452,2.456,-0.242,0.429
2021-04-13 02:00:00,3.076,-0.452,-2.323,0.022
2021-04-13 03:00:00,3.303,1.483,-2.577,0.617
2021-04-13 04:00:00,3.593,1.394,-2.881,-0.747
2021-04-13 05:00:00,3.719,0.918,-2.741,-1.588
2021-04-13 06:00:00,3.099,-0.306,-2.122,-1.101
2021-04-13 07:00:00,3.846,-0.472,-3.511,-0.323
2021-04-13 08:00:00,4.452,0.663,-3.687,-1.488
2021-04-13 09:00:00,3.812,0.542,-1.819,-3.149
2021-04-13 10:00:00,4.257,2.925,-0.953,-2.45
2021-04-13 11:00:00,4.206,0.512,-3.134,-1.885
2021-04-13 12:00:00,4.325,-0.35,-3.059,-0.044
2021-04-13 13:00:00,5.229,0.774,-3.852,2.704
2021-04-13 14:00:00,5.47,1.541,-4.884,0.849
2021-04-13 15:00:00,4.314,1.441,-2.936,0.555
2021-04-13 16:00:00,4.52,-1.489,3.542,-1.318
2021-04-13 17:00:00,4.334,-1.887,3.723,-0.845
2021-04-13 18:00:00,6.33,-2.999,5.044,-0.405
2021-04-13 19:00:00,6.705,-3.54,5.227,-0.937
2021-04-13 20:00:00,6.997,-4.231,4.387,1.404
2021-04-13 21:00:00,5.097,-3.638,3.257,0.82
2021-04-13 22:00:00,4.885,-3.616,2.137,0.228
2021-04-13 23:00:00,3.476,-1.7,0.597,1.94
2021-04-14 00:00:00,3.246,-1.483,-0.127,2.386
2021-04-14 01:00:00,4.206,-2.112,0.452,2.549
2021-04-14 02:00:00,4.467,-2.919,0.075,2.966
2021-04-14 03:00:00,5.585,-3.375,0.509,3.974
2021-04-14 04:00:00,5.746,-3.665,3.089,2.507
2021-04-14 05:00:00,4.913,-2.912,1.012,2.754
2021-04-14 06:00:00,5.021,-2.218,3.907,1.315
2021-04-14 07:00:00,4.507,-0.762,3.993,-0.924
2021-04-14 08:00:00,4.493,-1.306,3.302,-0.759
2021-04-14 09:00:00,3.748,0.358,3.01,0.215
2021-04-14 10:00:00,4.698,2.199,1.596,-2.598
2021-04-14 11:00:00,4.24,2.417,2.17,-1.115
2021-04-14 12:00:00,4.654,2.391,3.645,0.5
2021-04-14 13:00:00,5.008,1.628,3.596,2.428
2021-04-14 14:00:00,4.496,4.12,0.859,-0.581
2021-04-14 15:00:00,3.972,2.136,1.949,0.519
2021-04-14 16:00:00,4.939,-0.738,4.125,1.771
2021-04-14 17:00:00,4.24,0.048,2.954,1.945
2021-04-14 18:00:00,3.995,1.917,2.652,-1.258
2021-04-14 19:00:00,3.841,2.485,2.024,-0.567
2021-04-14 20:00:00,3.14,0.317,0.506,0.124
2021-04-14 21:00:00,3.506,-1.651,-1.592,-2.518
2021-04-14 22:00:00,2.805,-0.851,-1.63,-1.21
2021-04-14 23:00:00,2.113,1.048,-0.693,-0.555
2021-04-15 00:00:00,4.105,2.825,2.348,0.58
2021-04-15 01:00:00,3.697,1.996,2.737,-0.535
2021-04-15 02:00:00,3.627,2.245,2.33,0.059
2021-04-15 03:00:00,5.786,3.627,0.058,-3.387
2021-04-15 04:00:00,7.758,2.594,0.171,-6.996
2021-04-15 05:00:00,7.426,0.627,-0.119,-2.677
2021-04-15 06:00:00,8.164,0.622,-0.562,7.893
2021-04-15 07:00:00,8.971,3.644,1.762,7.96
2021-04-15 08:00:00,9.267,4.241,1.052,8.037
2021-04-15 09:00:00,10.039,4.509,-0.864,8.823
2021-04-15 10:00:00,10.343,4.976,-0.434,8.956
2021-04-15 11:00:00,10.299,5.614,-0.737,8.566
2021-04-15 12:00:00,10.452,6.107,-0.167,8.432
2021-04-15 13:00:00,8.275,-1.298,-6.481,2.935
2021-04-15 14:00:00,6.538,1.811,-5.001,3.586
2021-04-15 15:00:00,6.98,4.326,-3.647,3.989
2021-04-15 16:00:00,6.709,5.153,-2.056,3.426
2021-04-15 17:00:00,6.188,4.988,-1.499,3.068
2021-04-15 18:00:00,6.346,4.716,-2.091,3.513
2021-04-15 19:00:00,5.451,2.803,-2.558,3.576
2021-04-15 20:00:00,5.068,2.432,-1.387,3.938
2021-04-15 21:00:00,6.343,3.59,-0.571,4.989
2021-04-15 22:00:00,6.026,3.271,0.687,3.212
2021-04-15 23:00:00,4.468,-1.453,2.771,-2.756
2021-04-16 00:00:00,3.146,-0.3,2.172,-0.854
2021-04-16 01:00:00,5.255,4.324,0.565,2.568
2021-04-16 02:00:00,6.548,4.938,-4.121,0.509
2021-04-16 03:00:00,6.583,4.399,-4.66,-0.827
2021-04-16 04:00:00,6.586,3.747,-4.776,-2.293
2021-04-16 05:00:00,6.5,3.609,-4.641,-2.629
2021-04-16 06:00:00,6.683,4.08,-4.859,-1.915
2021-04-16 07:00:00,6.393,5.104,-3.593,0.051
2021-04-16 08:00:00,5.819,4.645,-1.425,2.652
2021-04-16 09:00:00,6.641,5.44,-2.81,1.561
2021-04-16 10:00:00,6.748,2.282,-4.131,-2.08
2021-04-16 11:00:00,6.94,-0.339,-5.149,-4.055
2021-04-16 12:00:00,6.88,3.199,-5.021,-2.584
2021-04-16 13:00:00,5.896,4.236,-1.374,2.515
2021-04-16 14:00:00,8.252,5.138,-1.546,4.048
2021-04-16 15:00:00,10.702,5.605,-6.686,1.81
2021-04-16 16:00:00,12.029,-2.442,-10.349,-4.938
2021-04-16 17:00:00,11.739,-0.508,-8.186,-7.957
2021-04-16 18:00:00,11.526,2.766,-4.29,0.05
2021-04-16 19:00:00,12.215,6.301,-7.753,-0.093
2021-04-16 20:00:00,11.598,5.114,-9.851,-0.227
2021-04-16 21:00:00,10.987,-0.554,-9.726,0.904
2021-04-16 22:00:00,11.342,4.527,-8.148,-0.866
2021-04-16 23:00:00,11.344,8.376,-7.042,1.02
2021-04-17 00:00:00,10.746,5.332,-7.537,-2.066
2021-04-17 01:00:00,7.767,1.603,-5.413,-1.911
2021-04-17 02:00:00,7.922,2.915,-5.026,-2.192
2021-04-17 03:00:00,7.94,6.221,-3.812,-1.317
2021-04-17 04:00:00,8.401,6.401,-3.034,0.835
2021-04-17 05:00:00,7.785,5.404,-4.297,0.349
2021-04-17 06:00:00,7.186,1.985,-5.001,-2.989
2021-04-17 07:00:00,5.361,1.143,-2.687,-0.738
2021-04-17 08:00:00,4.318,-3.326,-0.998,0.786
2021-04-17 09:00:00,4.653,-1.172,-0.864,-0.136
2021-04-17 10:00:00,5.381,2.186,-4.313,-1.381
2021-04-17 11:00:00,5.279,3.423,-2.347,-0.648
2021-04-17 12:00:00,6.821,0.986,-5.432,-1.222
2021-04-17 13:00:00,7.584,5.853,-1.99,2.42
2021-04-17 14:00:00,5.972,3.392,-3.15,-0.842
2021-04-17 15:00:00,6.783,-1.948,1.654,-4.221
2021-04-17 16:00:00,6.926,3.686,-3.512,1.306
2021-04-17 17:00:00,6.057,5.425,-1.812,0.611
2021-04-17 18:00:00,5.631,3.988,-3.478,-0.276
2021-04-17 19:00:00,5.287,3.973,-1.628,0.019
2021-04-17 20:00:00,5.671,4.391,0.497,2.943
2021-04-17 21:00:00,5.398,4.477,-0.53,1.453
2021-04-17 22:00:00,5.737,2.865,-3.541,-0.777
2021-04-17 23:00:00,5.638,3.66,-2.975,0.034
2021-04-18 00:00:00,5.966,1.203,-5.373,-0.93
2021-04-18 01:00:00,5.854,3.259,-0.766,1.585
2021-04-18 02:00:00,5.664,4.173,0.678,3.193
2021-04-18 03:00:00,4.642,2.793,-1.584,-0.212
2021-04-18 04:00:00,4.91,3.114,-2.543,-1.874
2021-04-18 05:00:00,4.583,3.782,-1.953,-0.431
2021-04-18 06:00:00,4.666,-1.889,0.503,-2.266
2021-04-18 07:00:00,4.42,-1.714,-0.951,-1.787
2021-04-18 08:00:00,3.882,-0.485,-1.478,-2.788
2021-04-18 09:00:00,4.272,2.566,-1.952,-0.125
2021-04-18 10:00:00,4.408,4.19,-0.768,-0.05
2021-04-18 11:00:00,3.603,2.669,-0.982,-1.62
2021-04-18 12:00:00,3.054,1.521,-1.1,-1.694
2021-04-18 13:00:00,2.097,-0.198,-0.717,-0.726
2021-04-18 14:00:00,2.656,1.673,-0.909,-0.762
2021-04-18 15:00:00,2.951,0.235,-1.386,-1.938
2021-04-18 16:00:00,2.8,-0.77,-2.186,-0.956
2021-04-18 17:00:00,3.404,-0.553,-2.54,-0.466
2021-04-18 18:00:00,4.79,0.332,-3.397,-1.744
2021-04-18 19:00:00,5.127,-1.295,1.061,-4.035
2021-04-18 20:00:00,5.325,-1.672,1.719,-4.385
2021-04-18 21:00:00,5.311,-0.319,2.119,-2.807
2021-04-18 22:00:00,6.199,1.773,2.065,2.286
2021-04-18 23:00:00,5.733,-0.405,-1.954,0.332
2021-04-19 00:00:00,5.669,2.692,-2.325,0.802
2021-04-19 01:00:00,6.071,4.13,-2.366,-0.187
2021-04-19 02:00:00,6.46,2.822,-4.399,-1.175
2021-04-19 03:00:00,5.808,0.952,-4.315,-0.802
2021-04-19 04:00:00,3.973,1.89,-0.688,1.029
2021-04-19 05:00:00,4.005,2.123,-2.296,0.219
2021-04-19 06:00:00,4.308,2.588,-1.888,0.122
2021-04-19 07:00:00,4.91,3.455,-1.916,-1.707
2021-04-19 08:00:00,4.372,2.065,-1.066,-1.543
2021-04-19 09:00:00,4.624,1.47,1.122,0.606
2021-04-19 10:00:00,4.191,1.123,2.416,0.414
2021-04-19 11:00:00,4.479,3.301,-1.14,1.143
2021-04-19 12:00:00,4.559,3.203,-0.031,-0.051
2021-04-19 13:00:00,4.408,3.002,-1.883,-0.221
2021-04-19 14:00:00,4.216,1.889,-2.293,-0.462
2021-04-19 15:00:00,5.072,4.546,-0.14,1.245
2021-04-19 16:00:00,5.374,3.839,0.703,2.368
2021-04-19 17:00:00,4.928,1.924,-1.703,-1.172
2021-04-19 18:00:00,4.995,1.343,-3.644,-1.287
2021-04-19 19:00:00,4.613,1.944,0.007,-3.582
2021-04-19 20:00:00,4.651,3.013,-1.572,-1.996
2021-04-19 21:00:00,4.521,3.246,-1.523,-0.652
2021-04-19 22:00:00,5.082,3.618,-1.572,1.812
2021-04-19 23:00:00,5.251,2.603,-3.228,0.239
2021-04-20 00:00:00,5.48,3.449,-2.704,2.103
2021-04-20 01:00:00,5.527,3.258,-3.389,1.683
2021-04-20 02:00:00,5.291,3.649,-2.96,-0.483
2021-04-20 03:00:00,4.403,2.316,-0.848,0.78
2021-04-20 04:00:00,3.589,1.959,-0.056,2.399
2021-04-20 05:00:00,3.694,1.876,-1.431,1.428
2021-04-20 06:00:00,3.557,2.377,-0.908,-1.363
2021-04-20 07:00:00,3.801,2.833,0.154,-1.766
2021-04-20 08:00:00,3.89,2.802,0.931,-1.884
2021-04-20 09:00:00,3.939,2.781,-1.822,0.149
2021-04-20 10:00:00,3.604,2.099,-2.325,-0.034
2021-04-20 11:00:00,4.038,3.614,-1.228,-0.779
2021-04-20 12:00:00,3.836,1.552,-2.126,1.178
2021-04-20 13:00:00,3.98,1.695,-2.873,1.53
2021-04-20 14:00:00,4.14,2.13,-2.787,0.435
2021-04-20 15:00:00,3.978,1.174,-2.39,-0.777
2021-04-20 16:00:00,4.143,-0.13,-3.009,-2.02
2021-04-20 17:00:00,4.44,-1.607,-2.977,-2.486
2021-04-20 18:00:00,3.63,0.507,-1.565,-1.115
2021-04-20 19:00:00,3.501,-0.622,-0.839,-2.881
2021-04-20 20:00:00,4.041,1.746,-2.818,-0.826
2021-04-20 21:00:00,3.64,1.289,-2.219,-0.621
2021-04-20 22:00:00,3.86,2.387,-2.085,-0.693
2021-04-20 23:00:00,3.93,2.481,0.91,1.118
2021-04-21 00:00:00,4.617,3.487,1.191,2.503
2021-04-21 01:00:00,4.985,4.613,0.862,1.517
2021-04-21 02:00:00,4.73,4.509,-0.589,0.306
2021-04-21 03:00:00,4.306,2.496,-2.623,-0.116
2021-04-21 04:00:00,4.124,2.119,-2.073,0.175
2021-04-21 05:00:00,4.293,-0.033,-3.267,-1.17
2021-04-21 06:00:00,3.369,0.866,-2.173,-0.22
2021-04-21 07:00:00,3.155,2.543,-0.199,0.046
2021-04-21 08:00:00,3.303,2.604,-1.626,0.086
2021-04-21 09:00:00,4.331,3.184,-2.636,0.667
2021-04-21 10:00:00,3.384,0.911,-2.099,0.01
2021-04-21 11:00:00,2.81,-0.468,-2.003,-1.044
2021-04-21 12:00:00,3.286,-2.557,-0.616,-0.487
2021-04-21 13:00:00,3.281,-3.052,-0.138,-0.845
2021-04-21 14:00:00,3.159,-3.053,-0.084,-0.413
2021-04-21 15:00:00,2.907,-2.816,-0.359,0.022
2021-04-21 16:00:00,2.422,-2.337,-0.214,-0.087
2021-04-21 17:00:00,2.035,-1.898,-0.399,-0.045
2021-04-21 18:00:00,1.638,-1.397,-0.55,-0.124
2021-04-21 19:00:00,1.311,-1.017,-0.38,-0.083
2021-04-21 20:00:00,1.757,0.067,-0.853,0.732
2021-04-21 21:00:00,1.908,-0.211,-1.257,1.044
2021-04-21 22:00:00,1.839,-1.251,-0.61,-0.541
2021-04-21 23:00:00,1.674,-0.258,0.692,-1.245
2021-04-22 00:00:00,1.851,-0.513,-0.746,-0.909
2021-04-22 01:00:00,2.137,-0.121,-1.724,-0.939
2021-04-22 02:00:00,2.011,-0.486,-1.276,-1.086
2021-04-22 03:00:00,2.023,-0.979,-0.984,-1.175
2021-04-22 04:00:00,2.373,-0.556,-2.043,-0.385
2021-04-22 05:00:00,2.079,-0.524,-1.447,-0.526
2021-04-22 06:00:00,2.229,-0.727,-1.326,-1.42
2021-04-22 07:00:00,2.729,-1.486,-0.871,-1.745
2021-04-22 08:00:00,2.894,-1.924,-0.868,-1.702
2021-04-22 09:00:00,3.606,2.831,-0.391,0.936
2021-04-22 10:00:00,3.125,0.746,1.162,-1.417
2021-04-22 11:00:00,4.25,2.119,-0.545,-2.818
2021-04-22 12:00:00,4.39,3.177,-2.575,0.735
2021-04-22 13:00:00,4.464,3.606,-1.706,1.503
2021-04-22 14:00:00,4.411,3.713,-0.288,2.236
2021-04-22 15:00:00,4.238,3.519,0.597,2.158
2021-04-22 16:00:00,3.563,2.083,1.088,1.747
2021-04-22 17:00:00,4.122,3.194,1.957,1.354
2021-04-22 18:00:00,3.699,2.621,1.994,0.31
2021-04-22 19:00:00,2.605,0.269,0.91,-1.49
2021-04-22 20:00:00,3.001,-1.599,-0.886,-1.891
2021-04-22 21:00:00,3.202,-2.346,-0.415,-1.664
2021-04-22 22:00:00,3.563,-2.755,0.206,-2.044
2021-04-22 23:00:00,3.521,1.704,0.508,-1.576
2021-04-23 00:00:00,3.782,2.738,1.207,-1.801
2021-04-23 01:00:00,3.62,0.349,0.574,-2.543
2021-04-23 02:00:00,3.732,2.176,-0.674,-1.313
2021-04-23 03:00:00,3.724,-1.115,-0.794,-2.78
2021-04-23 04:00:00,3.585,1.908,-0.425,-0.1
2021-04-23 05:00:00,3.172,0.673,-0.594,-1.177
2021-04-23 06:00:00,2.965,-1.621,-0.324,-2.334
2021-04-23 07:00:00,2.593,-0.015,-0.281,-2.017
2021-04-23 08:00:00,4.032,-3.111,-1.293,-1.006
2021-04-23 09:00:00,3.408,2.171,-1.236,-0.149
2021-04-23 10:00:00,3.012,1.811,-1.187,0.808
2021-04-23 11:00:00,3.964,0.66,-2.305,-0.468
2021-04-23 12:00:00,3.762,1.967,-0.637,-1.721
2021-04-23 13:00:00,4.229,2.695,0.671,-1.756
2021-04-23 14:00:00,4.886,1.894,-3.562,-1.935
2021-04-23 15:00:00,5.98,4.872,-2.555,-0.286
2021-04-23 16:00:00,7.202,6.657,-2.251,0.91
2021-04-23 17:00:00,7.65,5.706,-3.907,2.257
2021-04-23 18:00:00,7.703,5.27,-5.303,-0.15
2021-04-23 19:00:00,8.546,4.774,-6.264,-0.37
2021-04-23 20:00:00,9.867,4.815,-7.442,2.018
2021-04-23 21:00:00,9.414,2.38,-6.866,-4.869
2021-04-23 22:00:00,7.854,3.793,-4.713,1.028
2021-04-23 23:00:00,7.198,3.598,-4.444,1.825
2021-04-24 00:00:00,7.65,5.071,-0.982,2.623
2021-04-24 01:00:00,5.95,3.093,-2.116,2.071
2021-04-24 02:00:00,4.895,2.975,-1.771,-1.35
2021-04-24 03:00:00,4.831,3.781,-0.257,-1.479
2021-04-24 04:00:00,4.594,1.796,-0.606,-2.117
2021-04-24 05:00:00,4.552,2.653,0.333,-1.43
2021-04-24 06:00:00,4.429,3.241,-1.011,-1.565
2021-04-24 07:00:00,3.827,1.811,-0.943,-1.645
2021-04-24 08:00:00,3.831,2.292,-1.834,-0.456
2021-04-24 09:00:00,3.859,2.319,0.61,-1.898
2021-04-24 10:00:00,3.909,3.003,0.758,-1.787
2021-04-24 11:00:00,3.812,2.585,1.407,-2.109
2021-04-24 12:00:00,3.886,2.684,-1.439,-1.682
2021-04-24 13:00:00,3.906,2.546,-1.972,-1.836
2021-04-24 14:00:00,3.883,2.611,-2.229,0.706
2021-04-24 15:00:00,3.818,2.169,-2.524,0.586
2021-04-24 16:00:00,4.099,2.923,-1.86,1.457
2021-04-24 17:00:00,3.987,1.65,-2.498,-2.413
2021-04-24 18:00:00,4.245,2.482,-2.465,-1.451
2021-04-24 19:00:00,4.316,0.65,-3.612,-0.75
2021-04-24 20:00:00,4.675,1.704,-3.996,0.507
2021-04-24 21:00:00,4.833,1.807,-3.901,1.826
2021-04-24 22:00:00,7.792,-0.961,-3.148,-2.711
2021-04-24 23:00:00,10.208,-4.874,-2.314,-8.211
2021-04-25 00:00:00,7.234,-1.188,-3.324,-2.623
2021-04-25 01:00:00,8.116,-4.548,-2.523,-4.897
2021-04-25 02:00:00,8.864,-1.883,-7.46,-3.77
2021-04-25 03:00:00,6.899,2.284,-5.099,0.091
2021-04-25 04:00:00,8.243,5.666,-4.37,2.767
2021-04-25 05:00:00,8.059,5.345,-3.617,3.638
2021-04-25 06:00:00,7.842,6.041,-4.218,1.087
2021-04-25 07:00:00,7.121,4.572,-4.109,-3.093
2021-04-25 08:00:00,6.797,2.131,-4.808,-3.545
2021-04-25 09:00:00,7.014,2.173,-5.178,-3.918
2021-04-25 10:00:00,7.515,1.328,-5.231,-4.741
2021-04-25 11:00:00,7.596,3.959,-5.994,-1.455
2021-04-25 12:00:00,7.287,4.794,-5.149,0.416
2021-04-25 13:00:00,6.929,5.562,-3.699,0.982
2021-04-25 14:00:00,6.701,5.554,-3.663,0.197
2021-04-25 15:00:00,6.659,5.945,-2.518,1.21
2021-04-25 16:00:00,6.85,5.63,-3.782,-0.561
2021-04-25 17:00:00,6.342,5.465,-0.967,1.611
2021-04-25 18:00:00,6.029,5.825,-0.648,0.734
2021-04-25 19:00:00,5.744,5.349,-0.996,-0.266
2021-04-25 20:00:00,5.314,4.486,0.962,-0.459
2021-04-25 21:00:00,5.788,3.857,4.128,0.456
2021-04-25 22:00:00,5.719,2.007,0.482,-0.695
2021-04-25 23:00:00,5.962,-0.234,-4.02,-3.834
2021-04-26 00:00:00,6.589,0.973,-4.696,-4.247
2021-04-26 01:00:00,6.712,0.791,-5.182,-3.869
2021-04-26 02:00:00,7.099,0.294,-4.472,-5.316
2021-04-26 03:00:00,7.222,0.916,-5.276,-4.683
2021-04-26 04:00:00,7.252,0.636,-5.792,-4.072
2021-04-26 05:00:00,5.572,1.799,-4.481,0.066
2021-04-26 06:00:00,4.289,1.986,-0.151,2.636
2021-04-26 07:00:00,4.85,2.304,0.445,2.38
2021-04-26 08:00:00,4.941,3.643,1.56,2.071
2021-04-26 09:00:00,4.517,3.886,0.841,-0.21
2021-04-26 10:00:00,4.56,2.558,-3.177,-0.482
2021-04-26 11:00:00,5.307,4.168,-2.236,-1.248
2021-04-26 12:00:00,4.143,0.531,1.29,1.262
2021-04-26 13:00:00,5.087,3.276,2.2,2.076
2021-04-26 14:00:00,5.008,1.563,2.972,3.364
2021-04-26 15:00:00,4.866,1.546,3.553,1.923
2021-04-26 16:00:00,4.575,1.583,2.582,2.065
2021-04-26 17:00:00,3.901,1.889,-1.0,1.858
2021-04-26 18:00:00,4.185,0.951,0.381,3.195
2021-04-26 19:00:00,4.444,-0.721,1.749,3.781
2021-04-26 20:00:00,4.115,0.962,-0.747,1.66
2021-04-26 21:00:00,3.986,1.382,-3.08,0.093
2021-04-26 22:00:00,4.75,0.412,-4.328,0.191
2021-04-26 23:00:00,5.222,2.784,-3.567,-1.57
2021-04-27 00:00:00,5.19,0.845,-4.569,-1.518
2021-04-27 01:00:00,4.073,1.537,-2.191,-2.63
2021-04-27 02:00:00,3.972,1.144,-2.73,-1.354
2021-04-27 03:00:00,4.241,2.8,-1.925,-1.408
2021-04-27 04:00:00,4.443,1.851,-3.061,-1.169
2021-04-27 05:00:00,4.108,1.282,-3.514,-1.161
2021-04-27 06:00:00,4.211,2.57,-2.684,-1.757
2021-04-27 07:00:00,4.38,2.636,-2.565,-2.114
2021-04-27 08:00:00,4.601,3.71,-2.311,-1.245
2021-04-27 09:00:00,3.912,3.089,-1.635,-1.484
2021-04-27 10:00:00,3.836,2.979,-2.107,-0.636
2021-04-27 11:00:00,4.015,2.979,-1.747,-1.386
2021-04-27 12:00:00,3.981,3.237,-1.191,-1.701
2021-04-27 13:00:00,3.77,3.487,-0.729,-1.045
2021-04-27 14:00:00,3.862,3.661,-0.345,0.045
2021-04-27 15:00:00,4.051,3.714,-1.079,0.076
2021-04-27 16:00:00,4.249,4.132,-0.533,0.24
2021-04-27 17:00:00,4.154,4.041,-0.092,-0.505
2021-04-27 18:00:00,4.324,4.097,-0.098,-1.151
2021-04-27 19:00:00,4.247,3.876,-0.771,-1.286
2021-04-27 20:00:00,3.964,3.419,-1.212,-1.361
2021-04-27 21:00:00,3.987,3.361,-1.298,-1.391
2021-04-27 22:00:00,4.04,3.466,-1.378,-1.34
2021-04-27 23:00:00,2.876,2.394,-1.207,-0.313
2021-04-28 00:00:00,2.876,1.961,-1.824,0.509
2021-04-28 01:00:00,2.829,1.743,-1.84,0.358
2021-04-28 02:00:00,2.194,-0.316,-1.222,0.556
2021-04-28 03:00:00,2.588,0.665,-1.763,0.779
2021-04-28 04:00:00,2.394,-1.26,-1.278,-0.726
2021-04-28 05:00:00,2.699,-0.334,-2.48,0.065
2021-04-28 06:00:00,3.101,1.434,-2.452,0.486
2021-04-28 07:00:00,3.373,2.464,-1.827,0.91
2021-04-28 08:00:00,2.869,0.677,-2.014,-0.02
2021-04-28 09:00:00,3.128,0.677,-2.703,1.188
2021-04-28 10:00:00,2.805,0.868,-2.185,0.736
2021-04-28 11:00:00,2.677,0.841,-2.142,0.539
2021-04-28 12:00:00,3.055,0.768,-2.686,0.641
2021-04-28 13:00:00,3.195,1.389,-1.796,1.774
2021-04-28 14:00:00,3.0,0.783,-1.079,2.248
2021-04-28 15:00:00,2.512,1.518,-0.367,1.599
2021-04-28 16:00:00,2.769,1.81,-1.497,0.368
2021-04-28 17:00:00,2.525,0.863,-1.722,-0.021
2021-04-28 18:00:00,2.765,1.427,-1.746,-0.575
2021-04-28 19:00:00,2.423,1.167,-1.428,-0.764
2021-04-28 20:00:00,1.821,1.325,-0.37,-0.637
2021-04-28 21:00:00,2.297,1.664,-1.313,0.04
2021-04-28 22:00:00,2.603,2.342,-0.807,-0.363
2021-04-28 23:00:00,2.304,1.68,-0.371,-1.118
2021-04-29 00:00:00,2.495,1.079,-1.612,-1.293
2021-04-29 01:00:00,2.732,1.007,-2.42,-0.384
2021-04-29 02:00:00,3.002,1.294,-2.442,0.799
2021-04-29 03:00:00,2.851,1.289,-1.313,2.019
2021-04-29 04:00:00,3.248,1.184,-2.241,1.537
2021-04-29 05:00:00,3.667,1.166,-3.278,-0.41
2021-04-29 06:00:00,3.644,1.079,-2.93,-1.519
2021-04-29 07:00:00,3.463,0.731,-1.833,-2.697
2021-04-29 08:00:00,3.897,0.887,-3.306,-1.72
2021-04-29 09:00:00,4.126,1.596,-3.011,-2.039
2021-04-29 10:00:00,4.292,2.265,-1.065,-3.335
2021-04-29 11:00:00,4.33,2.461,0.093,-3.408
2021-04-29 12:00:00,4.468,2.855,-0.772,-3.208
2021-04-29 13:00:00,4.346,2.844,1.402,-2.871
2021-04-29 14:00:00,4.317,1.248,3.85,-1.047
2021-04-29 15:00:00,4.545,0.44,4.207,-1.474
2021-04-29 16:00:00,5.121,0.871,4.947,-0.692
2021-04-29 17:00:00,4.99,0.842,4.863,0.174
2021-04-29 18:00:00,6.115,1.448,5.744,1.182
2021-04-29 19:00:00,7.906,1.323,7.586,0.455
2021-04-29 20:00:00,7.885,0.696,7.75,-0.309
2021-04-29 21:00:00,7.217,-0.146,6.622,0.29
2021-04-29 22:00:00,7.037,0.863,6.644,-1.243
2021-04-29 23:00:00,7.08,-0.435,6.939,0.032
2021-04-30 00:00:00,7.198,-1.166,7.033,-0.377
2021-04-30 01:00:00,8.095,-2.588,7.533,-0.727
2021-04-30 02:00:00,8.489,-1.965,7.83,-1.952
2021-04-30 03:00:00,7.167,-5.474,2.459,1.377
2021-04-30 04:00:00,7.737,-5.678,-4.248,2.659
2021-04-30 05:00:00,8.249,-5.592,-4.784,3.587
2021-04-30 06:00:00,8.119,-5.271,-3.945,4.368
2021-04-30 07:00:00,7.158,-4.923,-3.989,2.665
2021-04-30 08:00:00,7.897,-5.55,-4.508,2.193
2021-04-30 09:00:00,7.833,-5.508,-3.671,3.778
2021-04-30 10:00:00,7.251,-5.443,-2.521,3.904
2021-04-30 11:00:00,7.296,-5.914,-1.953,3.586
2021-04-30 12:00:00,7.323,-4.825,-1.666,5.133
2021-04-30 13:00:00,7.422,-4.107,-1.626,5.422
2021-04-30 14:00:00,6.955,-0.157,0.97,-0.009
2021-04-30 15:00:00,7.583,3.308,2.907,-5.843
2021-04-30 16:00:00,7.675,-2.275,5.325,0.294
2021-04-30 17:00:00,7.829,-4.163,6.282,0.311
2021-04-30 18:00:00,6.33,-0.894,5.595,0.414
2021-04-30 19:00:00,7.255,1.021,6.96,0.747
2021-04-30 20:00:00,6.556,-1.962,5.493,-1.264
2021-04-30 21:00:00,7.078,-1.463,6.687,-1.249
2021-04-30 22:00:00,6.951,-1.376,6.046,-2.412
2021-04-30 23:00:00,7.034,-3.732,5.877,0.034
2021-05-01 00:00:00,8.054,-5.037,5.804,2.103
2021-05-01 01:00:00,8.261,-4.622,6.497,1.689
2021-05-01 02:00:00,8.159,-4.573,6.018,2.954
2021-05-01 03:00:00,7.89,-4.272,5.638,3.439
2021-05-01 04:00:00,7.653,-3.802,5.39,3.827
2021-05-01 05:00:00,7.26,-3.814,5.812,0.844
2021-05-01 06:00:00,6.754,-2.349,4.661,-3.936
2021-05-01 07:00:00,6.51,-2.502,4.15,-4.252
2021-05-01 08:00:00,5.692,-3.753,3.972,-0.73
2021-05-01 09:00:00,6.05,-3.737,3.6,2.484
2021-05-01 10:00:00,6.203,-3.374,3.152,4.045
2021-05-01 11:00:00,5.796,-2.723,2.131,4.611
2021-05-01 12:00:00,4.615,-2.033,1.584,3.64
2021-05-01 13:00:00,5.818,1.605,-3.072,2.201
2021-05-01 14:00:00,7.499,2.815,-5.375,1.878
2021-05-01 15:00:00,8.01,1.616,-5.293,5.653
2021-05-01 16:00:00,7.431,3.52,-6.014,2.168
2021-05-01 17:00:00,7.531,1.808,-6.835,1.967
2021-05-01 18:00:00,7.717,1.799,-6.294,3.924
2021-05-01 19:00:00,7.936,0.93,-6.415,4.417
2021-05-01 20:00:00,7.504,1.082,-6.18,3.977
2021-05-01 21:00:00,7.535,1.581,-5.998,4.215
2021-05-01 22:00:00,7.306,1.938,-5.874,3.732
2021-05-01 23:00:00,6.999,1.476,-5.348,2.713
2021-05-02 00:00:00,7.482,-1.89,-5.227,-4.219
2021-05-02 01:00:00,8.216,-2.957,-6.392,-4.168
2021-05-02 02:00:00,9.19,-4.612,-7.237,-3.071
2021-05-02 03:00:00,9.726,-6.318,-7.053,-1.877
2021-05-02 04:00:00,9.569,-7.328,-6.01,-0.58
2021-05-02 05:00:00,7.229,-4.291,-5.486,0.676
2021-05-02 06:00:00,7.274,-3.122,-6.177,1.454
2021-05-02 07:00:00,7.799,-4.919,-5.599,0.574
2021-05-02 08:00:00,10.171,-7.544,-6.181,2.715
2021-05-02 09:00:00,10.519,-7.144,-5.265,5.552
2021-05-02 10:00:00,10.272,-7.296,-5.053,5.097
2021-05-02 11:00:00,9.524,-6.054,-6.002,4.039
2021-05-02 12:00:00,9.23,-5.807,-5.503,4.295
2021-05-02 13:00:00,9.056,-4.935,1.005,6.967
2021-05-02 14:00:00,9.067,0.368,7.153,3.907
2021-05-02 15:00:00,9.551,-0.31,7.311,5.884
2021-05-02 16:00:00,7.689,-1.102,5.849,4.732
2021-05-02 17:00:00,6.576,0.513,3.462,5.083
2021-05-02 18:00:00,7.367,0.968,3.205,6.274
2021-05-02 19:00:00,8.173,3.212,3.223,5.686
2021-05-02 20:00:00,9.223,6.671,5.89,1.63
2021-05-02 21:00:00,9.508,3.76,7.419,4.156
2021-05-02 22:00:00,9.703,1.711,8.06,4.958
2021-05-02 23:00:00,10.199,-0.439,7.827,6.348
2021-05-03 00:00:00,11.368,-1.47,8.437,5.492
2021-05-03 01:00:00,10.944,2.782,9.451,1.114
2021-05-03 02:00:00,10.912,0.93,10.504,1.364
2021-05-03 03:00:00,9.662,-3.37,6.963,4.715
2021-05-03 04:00:00,9.934,-2.82,2.873,6.978
2021-05-03 05:00:00,10.09,1.289,7.601,3.209
2021-05-03 06:00:00,8.834,3.348,7.046,-1.509
2021-05-03 07:00:00,7.643,-0.124,4.605,1.49
2021-05-03 08:00:00,7.06,-3.83,4.423,2.134
2021-05-03 09:00:00,5.623,-1.781,3.269,-1.34
2021-05-03 10:00:00,5.486,-2.357,3.197,0.256
2021-05-03 11:00:00,5.916,-2.42,5.077,0.076
2021-05-03 12:00:00,5.91,-0.993,4.952,1.754
2021-05-03 13:00:00,5.71,-2.48,3.611,1.714
2021-05-03 14:00:00,5.178,-0.422,3.79,-0.346
2021-05-03 15:00:00,3.763,-3.038,1.102,1.55
2021-05-03 16:00:00,2.844,-0.764,2.157,-0.394
2021-05-03 17:00:00,3.454,-1.846,2.698,-0.747
2021-05-03 18:00:00,3.979,-2.047,3.063,0.234
2021-05-03 19:00:00,4.194,-0.68,3.882,0.198
2021-05-03 20:00:00,4.567,-0.12,4.258,-0.165
2021-05-03 21:00:00,4.652,-1.335,4.234,-0.041
2021-05-03 22:00:00,4.711,-2.624,3.734,0.005
2021-05-03 23:00:00,5.269,-1.428,3.829,0.146
2021-05-04 00:00:00,5.259,2.437,4.0,-0.467
2021-05-04 01:00:00,3.741,-0.991,2.102,0.921
2021-05-04 02:00:00,4.597,-3.069,1.984,2.522
2021-05-04 03:00:00,5.347,-3.504,2.844,2.65
2021-05-04 04:00:00,6.257,-3.615,3.056,3.931
2021-05-04 05:00:00,5.623,-2.903,2.759,3.739
2021-05-04 06:00:00,4.739,-1.818,2.408,2.663
2021-05-04 07:00:00,4.754,-1.184,2.092,1.917
2021-05-04 08:00:00,3.592,-1.05,2.648,-0.903
2021-05-04 09:00:00,4.572,-1.239,3.463,2.512
2021-05-04 10:00:00,4.142,-1.632,2.285,1.548
2021-05-04 11:00:00,3.98,-2.434,2.284,0.619
2021-05-04 12:00:00,3.326,2.148,1.142,1.758
2021-05-04 13:00:00,2.695,2.072,0.916,0.975
2021-05-04 14:00:00,2.285,-1.269,-0.765,0.516
2021-05-04 15:00:00,2.657,-1.951,-1.243,-0.625
2021-05-04 16:00:00,2.708,-0.568,-1.469,-1.414
2021-05-04 17:00:00,2.32,-1.275,-0.123,-0.06
2021-05-04 18:00:00,2.885,0.225,0.821,1.56
2021-05-04 19:00:00,3.585,1.363,2.52,1.678
2021-05-04 20:00:00,3.425,1.282,1.954,1.367
2021-05-04 21:00:00,3.637,2.346,1.779,1.651
2021-05-04 22:00:00,3.44,0.074,1.58,0.559
2021-05-04 23:00:00,3.239,-1.689,2.219,0.02
2021-05-05 00:00:00,3.337,0.309,1.085,2.333
2021-05-05 01:00:00,3.591,-2.103,2.785,0.439
2021-05-05 02:00:00,3.445,-0.07,2.114,0.571
2021-05-05 03:00:00,3.743,0.453,2.605,1.532
2021-05-05 04:00:00,3.87,-3.23,1.937,-0.302
2021-05-05 05:00:00,3.782,-1.821,3.164,-0.139
2021-05-05 06:00:00,3.645,-2.053,2.585,0.994
2021-05-05 07:00:00,3.587,-1.849,2.664,1.293
2021-05-05 08:00:00,2.297,-0.195,0.056,0.501
2021-05-05 09:00:00,2.841,0.557,-2.222,1.379
2021-05-05 10:00:00,2.904,-1.1,1.071,1.641
2021-05-05 11:00:00,3.884,-0.99,3.574,0.001
2021-05-05 12:00:00,3.861,-2.116,3.045,0.244
2021-05-05 13:00:00,3.795,-1.446,3.202,0.053
2021-05-05 14:00:00,3.62,-2.282,2.308,1.064
2021-05-05 15:00:00,3.687,-3.005,1.264,1.441
2021-05-05 16:00:00,3.804,-3.406,0.449,1.442
2021-05-05 17:00:00,3.914,-3.482,-0.262,1.481
2021-05-05 18:00:00,3.418,-1.37,0.756,0.516
2021-05-05 19:00:00,3.11,0.088,2.316,-1.737
2021-05-05 20:00:00,3.264,-0.562,2.634,-1.603
2021-05-05 21:00:00,2.741,-0.629,2.101,0.672
2021-05-05 22:00:00,3.344,1.001,2.594,-1.085
2021-05-05 23:00:00,3.2,1.127,2.548,-1.173
2021-05-06 00:00:00,3.137,-0.384,2.264,0.415
2021-05-06 01:00:00,3.562,-1.004,2.818,0.334
2021-05-06 02:00:00,3.589,-0.527,3.383,-0.44
2021-05-06 03:00:00,3.543,-0.784,2.894,-1.396
2021-05-06 04:00:00,3.632,-0.971,2.855,-1.376
2021-05-06 05:00:00,3.995,-0.873,3.137,-1.66
2021-05-06 06:00:00,4.58,-1.191,4.052,-1.222
2021-05-06 07:00:00,4.443,-0.825,3.166,-2.822
2021-05-06 08:00:00,5.118,0.897,4.835,0.026
2021-05-06 09:00:00,5.601,1.306,5.182,-0.751
2021-05-06 10:00:00,5.602,0.371,4.797,-2.799
2021-05-06 11:00:00,5.028,-0.072,3.427,-3.518
2021-05-06 12:00:00,4.949,1.023,3.983,-2.521
2021-05-06 13:00:00,4.995,1.376,3.874,-2.681
2021-05-06 14:00:00,5.141,2.09,4.156,-2.026
2021-05-06 15:00:00,4.843,2.023,4.159,-1.112
2021-05-06 16:00:00,5.086,0.474,4.979,0.299
2021-05-06 17:00:00,5.509,-0.399,5.32,0.686
2021-05-06 18:00:00,5.924,0.039,5.702,0.8
2021-05-06 19:00:00,5.948,-0.77,5.49,1.098
2021-05-06 20:00:00,5.974,-2.183,5.044,1.969
2021-05-06 21:00:00,5.762,-0.845,3.813,3.902
2021-05-06 22:00:00,5.72,-1.631,4.374,3.167
2021-05-06 23:00:00,6.331,-2.89,4.825,2.684
2021-05-07 00:00:00,6.228,-3.26,5.227,0.509
2021-05-07 01:00:00,6.091,-2.752,5.209,1.304
2021-05-07 02:00:00,5.591,-1.576,4.841,2.125
2021-05-07 03:00:00,5.437,-0.405,4.869,2.247
2021-05-07 04:00:00,5.284,-1.037,4.472,2.28
2021-05-07 05:00:00,4.926,-1.737,4.026,1.794
2021-05-07 06:00:00,4.585,-2.349,3.339,1.866
2021-05-07 07:00:00,4.958,-2.554,3.846,1.546
2021-05-07 08:00:00,4.842,-2.099,4.195,0.876
2021-05-07 09:00:00,5.314,-1.682,4.555,1.927
2021-05-07 10:00:00,4.7,-1.545,4.079,0.233
2021-05-07 11:00:00,4.918,-0.344,4.378,-2.046
2021-05-07 12:00:00,5.233,-1.182,4.86,0.706
2021-05-07 13:00:00,5.01,-1.9,4.206,1.696
2021-05-07 14:00:00,4.406,-0.298,3.844,1.091
2021-05-07 15:00:00,4.396,-2.741,2.142,-2.484
2021-05-07 16:00:00,4.59,-2.602,2.651,1.173
2021-05-07 17:00:00,5.585,-5.043,1.309,-0.818
2021-05-07 18:00:00,5.015,-4.043,2.02,1.721
2021-05-07 19:00:00,4.829,-1.003,0.921,4.042
2021-05-07 20:00:00,5.261,-2.566,3.398,1.887
2021-05-07 21:00:00,5.585,-3.468,3.114,2.068
2021-05-07 22:00:00,5.23,-1.751,2.321,0.466
2021-05-07 23:00:00,4.799,-2.238,3.227,-1.876
2021-05-08 00:00:00,4.399,-1.575,2.726,-1.314
2021-05-08 01:00:00,4.338,-0.01,3.916,-0.174
2021-05-08 02:00:00,4.102,-2.552,2.829,0.524
2021-05-08 03:00:00,4.421,-2.195,1.992,-0.079
2021-05-08 04:00:00,4.164,-1.019,3.333,-0.082
2021-05-08 05:00:00,4.22,-1.573,3.54,-0.505
2021-05-08 06:00:00,4.273,-2.114,2.939,-1.335
2021-05-08 07:00:00,4.051,0.225,2.534,-0.776
2021-05-08 08:00:00,3.552,0.236,1.284,-2.23
2021-05-08 09:00:00,4.288,-2.592,-0.266,-2.663
2021-05-08 10:00:00,4.241,-3.036,-0.608,-0.171
2021-05-08 11:00:00,4.156,-3.585,-0.184,1.734
2021-05-08 12:00:00,4.453,-3.23,1.356,1.899
2021-05-08 13:00:00,4.641,-2.521,3.086,2.102
2021-05-08 14:00:00,4.044,-2.767,1.6,2.21
2021-05-08 15:00:00,4.579,-2.457,3.426,1.557
2021-05-08 16:00:00,4.706,-0.754,4.31,-0.116
2021-05-08 17:00:00,4.619,-1.363,3.837,-0.257
2021-05-08 18:00:00,4.304,-2.008,3.584,0.646
2021-05-08 19:00:00,4.131,-0.37,3.961,0.343
2021-05-08 20:00:00,4.3,1.301,3.979,-0.193
2021-05-08 21:00:00,4.603,1.839,3.946,-0.579
2021-05-08 22:00:00,4.129,-0.287,3.629,-0.008
2021-05-08 23:00:00,4.254,-1.575,3.225,1.257
2021-05-09 00:00:00,4.341,-1.215,3.872,1.195
2021-05-09 01:00:00,4.469,1.013,4.014,0.573
2021-05-09 02:00:00,4.44,1.871,3.936,-0.212
2021-05-09 03:00:00,4.414,-0.663,3.904,1.56
2021-05-09 04:00:00,4.068,-2.496,2.823,0.135
2021-05-09 05:00:00,4.775,-2.858,3.302,1.719
2021-05-09 06:00:00,4.745,-2.328,3.624,1.663
2021-05-09 07:00:00,4.936,-3.176,3.402,1.176
2021-05-09 08:00:00,4.705,-2.523,0.717,2.083
2021-05-09 09:00:00,5.765,-4.186,-0.721,3.602
2021-05-09 10:00:00,5.898,-3.99,2.519,2.939
2021-05-09 11:00:00,5.858,-3.162,4.693,0.253
2021-05-09 12:00:00,5.549,-0.939,4.777,-2.349
2021-05-09 13:00:00,5.404,-0.949,4.267,-2.559
2021-05-09 14:00:00,4.253,-0.377,4.081,-0.929
2021-05-09 15:00:00,5.382,-0.822,5.208,-0.375
2021-05-09 16:00:00,6.618,-2.906,5.32,2.265
2021-05-09 17:00:00,7.002,-3.65,5.433,2.266
2021-05-09 18:00:00,6.956,-2.792,5.709,2.029
2021-05-09 19:00:00,6.999,-2.85,5.084,3.71
2021-05-09 20:00:00,6.457,-1.742,5.455,2.75
2021-05-09 21:00:00,6.688,-2.976,4.741,2.141
2021-05-09 22:00:00,7.696,-2.287,4.629,5.399
2021-05-09 23:00:00,9.192,-1.945,5.076,7.131
2021-05-10 00:00:00,9.76,-1.314,5.211,7.992
2021-05-10 01:00:00,9.091,-0.77,-0.162,8.811
2021-05-10 02:00:00,9.88,0.203,2.637,8.932
2021-05-10 03:00:00,8.684,1.689,-5.769,5.642
2021-05-10 04:00:00,11.235,0.039,-5.054,9.944
2021-05-10 05:00:00,11.202,0.551,-9.205,6.123
2021-05-10 06:00:00,11.06,0.514,-8.727,6.472
2021-05-10 07:00:00,10.56,-0.138,-9.516,3.109
2021-05-10 08:00:00,9.968,-0.994,-3.482,8.13
2021-05-10 09:00:00,9.09,-0.027,-6.25,1.339
2021-05-10 10:00:00,7.171,-0.59,-4.048,2.041
2021-05-10 11:00:00,7.865,2.808,-6.743,-2.284
2021-05-10 12:00:00,6.109,-0.412,-4.941,-0.291
2021-05-10 13:00:00,5.332,-0.495,-3.479,-3.609
2021-05-10 14:00:00,4.779,-0.35,-3.52,-1.66
2021-05-10 15:00:00,4.097,1.728,-3.101,-1.257
2021-05-10 16:00:00,4.567,-2.266,-0.217,-1.796
2021-05-10 17:00:00,5.256,-1.281,-3.082,-1.533
2021-05-10 18:00:00,5.551,0.974,-3.566,-2.772
2021-05-10 19:00:00,5.373,1.076,-4.545,0.28
2021-05-10 20:00:00,4.797,1.874,-3.013,-2.149
2021-05-10 21:00:00,4.894,2.39,-1.276,-2.759
2021-05-10 22:00:00,4.425,1.159,3.486,-1.318
2021-05-10 23:00:00,3.89,1.854,2.04,-1.799
2021-05-11 00:00:00,3.17,2.192,0.696,-1.018
2021-05-11 01:00:00,3.139,2.833,0.446,0.83
2021-05-11 02:00:00,2.218,1.687,1.057,0.606
2021-05-11 03:00:00,1.599,1.06,-0.562,0.129
2021-05-11 04:00:00,1.659,1.134,-0.928,-0.088
2021-05-11 05:00:00,1.969,1.775,0.127,0.066
2021-05-11 06:00:00,2.335,2.049,0.45,-0.125
2021-05-11 07:00:00,2.698,-0.89,1.895,0.322
2021-05-11 08:00:00,3.381,-1.581,2.244,0.847
2021-05-11 09:00:00,2.512,0.931,0.431,2.074
2021-05-11 10:00:00,2.94,1.461,-0.141,2.284
2021-05-11 11:00:00,3.037,1.293,0.765,2.304
2021-05-11 12:00:00,3.635,-0.733,1.894,2.851
2021-05-11 13:00:00,3.565,-0.952,1.935,2.606
2021-05-11 14:00:00,3.213,-1.605,2.146,1.348
2021-05-11 15:00:00,3.152,-1.81,1.866,-1.058
2021-05-11 16:00:00,2.937,-1.134,1.943,0.624
2021-05-11 17:00:00,3.501,-0.643,3.028,0.061
2021-05-11 18:00:00,3.501,-2.237,2.198,-0.529
2021-05-11 19:00:00,3.559,-2.521,2.082,-1.054
2021-05-11 20:00:00,3.666,-1.803,2.766,-1.31
2021-05-11 21:00:00,3.69,-2.195,1.841,-2.07
2021-05-11 22:00:00,4.011,-3.169,1.424,-1.507
2021-05-11 23:00:00,4.177,-0.605,3.649,-0.097
2021-05-12 00:00:00,4.07,-0.192,3.582,-1.64
2021-05-12 01:00:00,3.638,-0.055,3.489,0.08
2021-05-12 02:00:00,3.631,-2.253,2.415,0.373
2021-05-12 03:00:00,3.773,-1.364,2.411,-2.303
2021-05-12 04:00:00,3.772,-1.279,0.14,-3.091
2021-05-12 05:00:00,5.725,-1.368,1.042,-5.231
2021-05-12 06:00:00,9.718,-1.601,4.929,-0.028
2021-05-12 07:00:00,17.632,2.253,3.169,10.313
2021-05-12 08:00:00,21.845,4.833,0.921,20.243
2021-05-12 09:00:00,11.439,3.19,-3.288,1.374
2021-05-12 10:00:00,15.026,1.936,-7.463,-0.569
2021-05-12 11:00:00,16.879,3.313,-5.604,-14.418
2021-05-12 12:00:00,19.59,0.136,-10.022,-15.91
2021-05-12 13:00:00,17.666,-4.894,-5.813,-14.571
2021-05-12 14:00:00,10.898,-1.463,-3.834,0.472
2021-05-12 15:00:00,15.931,8.544,-5.694,7.667
2021-05-12 16:00:00,19.408,18.969,-3.002,2.16
2021-05-12 17:00:00,20.147,19.207,-4.958,2.933
2021-05-12 18:00:00,20.443,17.043,-10.511,2.96
2021-05-12 19:00:00,19.181,15.442,-11.028,2.405
2021-05-12 20:00:00,17.528,13.966,-10.336,1.617
2021-05-12 21:00:00,16.164,12.316,-9.955,1.242
2021-05-12 22:00:00,15.064,11.827,-8.495,3.324
2021-05-12 23:00:00,13.98,10.445,-8.783,2.335
2021-05-13 00:00:00,13.727,10.524,-7.601,-1.975
2021-05-13 01:00:00,14.0,11.019,-7.839,-3.447
2021-05-13 02:00:00,13.631,10.336,-8.547,-0.763
2021-05-13 03:00:00,12.733,7.569,-9.649,3.225
2021-05-13 04:00:00,12.026,7.937,-8.493,2.845
2021-05-13 05:00:00,11.46,6.893,-7.99,4.118
2021-05-13 06:00:00,10.949,5.87,-7.964,4.477
2021-05-13 07:00:00,10.652,6.068,-6.949,5.151
2021-05-13 08:00:00,9.688,5.028,-6.22,5.131
2021-05-13 09:00:00,8.756,2.765,-4.9,6.554
2021-05-13 10:00:00,7.424,2.568,-4.955,4.762
2021-05-13 11:00:00,6.508,1.64,-4.799,3.826
2021-05-13 12:00:00,6.628,2.088,-4.404,4.385
2021-05-13 13:00:00,5.762,2.441,-4.539,2.065
2021-05-13 14:00:00,5.673,4.027,-3.839,-0.498
2021-05-13 15:00:00,5.513,4.072,-3.586,0.156
2021-05-13 16:00:00,5.578,3.308,-4.037,1.598
2021-05-13 17:00:00,5.522,3.283,-4.048,1.294
2021-05-13 18:00:00,5.516,3.2,-4.164,1.196
2021-05-13 19:00:00,5.3,2.936,-4.25,0.833
2021-05-13 20:00:00,4.977,2.482,-4.091,0.53
2021-05-13 21:00:00,5.093,2.807,-4.157,-0.172
2021-05-13 22:00:00,5.262,2.546,-4.214,1.702
2021-05-13 23:00:00,5.02,2.658,-3.834,1.406
2021-05-14 00:00:00,4.893,0.257,-4.103,2.502
2021-05-14 01:00:00,4.768,0.789,-3.945,2.13
2021-05-14 02:00:00,4.639,1.143,-3.914,1.91
2021-05-14 03:00:00,4.498,0.515,-3.88,1.934
2021-05-14 04:00:00,4.489,1.029,-4.173,0.1
2021-05-14 05:00:00,4.541,0.692,-3.953,1.754
2021-05-14 06:00:00,4.528,1.677,-3.547,-0.085
2021-05-14 07:00:00,4.456,1.227,-3.885,0.668
2021-05-14 08:00:00,4.616,1.572,-3.565,1.68
2021-05-14 09:00:00,4.639,1.825,-3.2,2.394
2021-05-14 10:00:00,4.84,2.131,-3.461,2.333
2021-05-14 11:00:00,4.729,2.972,-2.449,2.396
2021-05-14 12:00:00,4.763,2.237,-2.704,2.593
2021-05-14 13:00:00,4.797,3.431,-1.48,2.814
2021-05-14 14:00:00,4.893,4.01,-1.541,1.111
2021-05-14 15:00:00,5.188,3.603,-1.285,2.496
2021-05-14 16:00:00,5.273,1.974,-3.637,-0.444
2021-05-14 17:00:00,4.804,2.075,-3.35,0.416
2021-05-14 18:00:00,5.68,2.818,-4.388,-0.302
2021-05-14 19:00:00,6.04,2.552,-4.941,-1.685
2021-05-14 20:00:00,6.576,1.981,-4.984,2.424
2021-05-14 21:00:00,5.58,1.127,-2.769,2.454
2021-05-14 22:00:00,4.62,1.055,-0.516,-2.986
2021-05-14 23:00:00,5.144,2.204,-2.798,0.317
2021-05-15 00:00:00,5.226,2.719,-2.905,2.001
2021-05-15 01:00:00,4.874,1.56,-3.098,-0.262
2021-05-15 02:00:00,5.98,2.016,-0.693,4.564
2021-05-15 03:00:00,7.314,-0.151,-0.394,6.988
2021-05-15 04:00:00,7.176,0.97,1.084,6.572
2021-05-15 05:00:00,7.222,2.905,-3.523,1.148
2021-05-15 06:00:00,6.215,1.947,0.557,-3.127
2021-05-15 07:00:00,5.739,0.954,2.083,-0.187
2021-05-15 08:00:00,5.487,1.479,-3.599,2.894
2021-05-15 09:00:00,5.54,1.921,-4.734,1.167
2021-05-15 10:00:00,5.233,1.135,-4.396,1.454
2021-05-15 11:00:00,3.656,1.658,0.823,-1.055
2021-05-15 12:00:00,4.538,3.733,-0.204,-1.431
2021-05-15 13:00:00,4.397,2.613,-1.881,2.314
2021-05-15 14:00:00,4.439,0.481,-2.265,2.234
2021-05-15 15:00:00,3.689,-0.461,-2.368,1.662
2021-05-15 16:00:00,3.628,1.232,-1.977,-1.248
2021-05-15 17:00:00,3.339,1.627,-2.165,0.189
2021-05-15 18:00:00,3.451,2.027,-1.438,0.99
2021-05-15 19:00:00,3.295,2.004,-2.068,0.752
2021-05-15 20:00:00,3.174,1.541,-1.441,1.627
2021-05-15 21:00:00,3.166,1.78,-1.665,1.503
2021-05-15 22:00:00,3.336,2.377,-0.717,1.718
2021-05-15 23:00:00,3.48,2.781,-1.063,1.08
2021-05-16 00:00:00,2.935,1.453,-1.493,-0.223
2021-05-16 01:00:00,3.08,1.416,-1.541,0.23
2021-05-16 02:00:00,3.629,2.892,-0.581,1.619
2021-05-16 03:00:00,4.162,3.02,1.84,1.593
2021-05-16 04:00:00,4.271,3.92,-0.713,1.261
2021-05-16 05:00:00,4.39,3.418,-2.134,0.627
2021-05-16 06:00:00,4.365,2.626,-3.201,-0.683
2021-05-16 07:00:00,4.308,1.34,-4.005,-0.169
2021-05-16 08:00:00,4.314,1.957,-3.516,-1.306
2021-05-16 09:00:00,4.664,0.167,-1.78,-3.866
2021-05-16 10:00:00,4.913,0.585,-2.413,-4.114
2021-05-16 11:00:00,5.21,3.267,-3.103,-0.755
2021-05-16 12:00:00,4.892,3.739,-2.346,1.868
2021-05-16 13:00:00,3.867,1.493,0.571,2.736
2021-05-16 14:00:00,4.46,3.103,-3.037,0.048
2021-05-16 15:00:00,4.305,2.715,-3.103,-0.981
2021-05-16 16:00:00,4.422,0.474,-2.743,-3.22
2021-05-16 17:00:00,4.401,0.141,-2.598,-3.455
2021-05-16 18:00:00,4.611,-0.96,-3.352,-2.922
2021-05-16 19:00:00,4.828,-0.897,-3.43,-2.728
2021-05-16 20:00:00,5.217,4.571,-2.319,0.561
2021-05-16 21:00:00,5.466,5.146,-1.615,0.573
2021-05-16 22:00:00,5.391,4.933,-1.946,0.666
2021-05-16 23:00:00,5.423,4.266,-3.166,0.766
2021-05-17 00:00:00,5.273,3.373,-3.855,-0.349
2021-05-17 01:00:00,4.98,3.3,-3.331,0.696
2021-05-17 02:00:00,4.821,4.141,-1.511,1.483
2021-05-17 03:00:00,5.009,4.647,-0.848,0.874
2021-05-17 04:00:00,4.369,3.099,-1.469,0.125
2021-05-17 05:00:00,4.889,2.225,-3.734,-0.655
2021-05-17 06:00:00,5.531,3.674,-3.825,-0.297
2021-05-17 07:00:00,6.012,4.448,-3.586,0.165
2021-05-17 08:00:00,6.121,4.219,-4.257,-0.538
2021-05-17 09:00:00,6.184,2.474,-5.489,-0.706
2021-05-17 10:00:00,6.324,0.855,-6.112,0.336
2021-05-17 11:00:00,6.019,1.085,-5.744,0.272
2021-05-17 12:00:00,5.866,3.409,-4.684,0.528
2021-05-17 13:00:00,5.486,2.227,-4.19,1.378
2021-05-17 14:00:00,5.256,3.777,-3.344,-0.291
2021-05-17 15:00:00,5.43,3.081,-4.359,-0.022
2021-05-17 16:00:00,8.066,3.285,-7.004,-0.641
2021-05-17 17:00:00,7.261,2.859,-5.986,-2.286
2021-05-17 18:00:00,6.728,2.232,-5.767,-2.216
2021-05-17 19:00:00,7.477,0.138,-2.668,-5.454
2021-05-17 20:00:00,6.579,-0.512,4.268,-3.22
2021-05-17 21:00:00,5.527,0.705,4.376,-1.095
2021-05-17 22:00:00,4.498,1.169,1.076,0.128
2021-05-17 23:00:00,5.569,1.509,-2.87,2.225
2021-05-18 00:00:00,7.878,1.777,-3.088,-5.78
2021-05-18 01:00:00,8.69,1.403,-4.761,-5.776
2021-05-18 02:00:00,8.9,2.14,-7.597,-2.56
2021-05-18 03:00:00,7.796,2.866,-6.221,0.866
2021-05-18 04:00:00,5.828,1.484,-3.777,-3.86
2021-05-18 05:00:00,5.21,1.884,-4.021,-2.572
2021-05-18 06:00:00,4.612,1.668,-3.162,-0.122
2021-05-18 07:00:00,5.319,2.802,-3.77,0.391
2021-05-18 08:00:00,6.084,2.966,-3.909,-0.261
2021-05-18 09:00:00,6.57,2.097,-4.81,-2.239
2021-05-18 10:00:00,6.614,2.814,-5.731,1.115
2021-05-18 11:00:00,5.94,4.199,-3.43,0.979
2021-05-18 12:00:00,6.354,3.284,-5.384,-0.317
2021-05-18 13:00:00,5.267,3.686,-3.551,0.322
2021-05-18 14:00:00,5.462,2.853,-4.559,0.285
2021-05-18 15:00:00,5.345,4.15,-3.115,0.749
2021-05-18 16:00:00,4.991,4.259,-2.086,1.095
2021-05-18 17:00:00,4.762,3.221,-0.865,2.862
2021-05-18 18:00:00,4.762,3.692,-0.001,2.8
2021-05-18 19:00:00,4.707,3.422,-1.735,1.994
2021-05-18 20:00:00,5.035,4.197,-2.341,1.191
2021-05-18 21:00:00,5.259,4.479,-2.41,1.114
2021-05-18 22:00:00,5.211,4.346,-2.407,1.384
2021-05-18 23:00:00,4.994,4.255,-1.98,1.548
2021-05-19 00:00:00,5.103,4.317,-1.933,1.756
2021-05-19 01:00:00,7.044,5.817,-1.258,3.425
2021-05-19 02:00:00,7.935,6.619,-0.254,3.894
2021-05-19 03:00:00,7.444,6.565,-0.689,2.768
2021-05-19 04:00:00,6.834,6.41,0.466,-0.839
2021-05-19 05:00:00,7.099,6.594,-1.238,-0.294
2021-05-19 06:00:00,7.967,5.883,-1.634,3.104
2021-05-19 07:00:00,9.223,4.863,-3.755,5.796
2021-05-19 08:00:00,9.251,5.699,-4.335,5.309
2021-05-19 09:00:00,8.601,4.339,-5.43,4.146
2021-05-19 10:00:00,8.19,6.097,-3.734,2.522
2021-05-19 11:00:00,7.505,3.596,-3.765,3.908
2021-05-19 12:00:00,6.867,5.29,-2.367,2.798
2021-05-19 13:00:00,6.353,3.775,-3.426,1.811
2021-05-19 14:00:00,5.898,2.935,-3.905,2.53
2021-05-19 15:00:00,6.067,1.456,-5.175,2.562
2021-05-19 16:00:00,5.922,3.402,-2.558,0.135
2021-05-19 17:00:00,5.031,3.69,0.086,-2.807
2021-05-19 18:00:00,4.178,3.109,0.786,-1.683
2021-05-19 19:00:00,4.728,4.276,1.201,-0.414
2021-05-19 20:00:00,4.656,4.337,-1.082,-0.337
2021-05-19 21:00:00,4.553,0.556,-2.185,-1.638
2021-05-19 22:00:00,5.0,-0.632,-2.068,-2.07
2021-05-19 23:00:00,5.794,-1.633,-1.055,-4.602
2021-05-20 00:00:00,6.193,-2.937,-2.392,-4.522
2021-05-20 01:00:00,6.25,-2.878,-3.714,-3.219
2021-05-20 02:00:00,4.491,-0.961,-3.294,-1.197
2021-05-20 03:00:00,5.664,-1.336,-3.448,-3.906
2021-05-20 04:00:00,5.363,-1.522,-2.298,-4.081
2021-05-20 05:00:00,5.749,0.231,-1.477,-4.468
2021-05-20 06:00:00,6.18,0.912,-1.245,-4.475
2021-05-20 07:00:00,5.223,-0.33,-1.123,-3.973
2021-05-20 08:00:00,6.667,0.523,-2.073,-3.602
2021-05-20 09:00:00,12.42,-2.621,8.008,-8.429
2021-05-20 10:00:00,12.735,2.755,-3.707,-8.751
2021-05-20 11:00:00,11.473,-0.276,-6.172,3.527
2021-05-20 12:00:00,13.246,3.066,-7.351,5.65
2021-05-20 13:00:00,11.047,6.462,-4.05,-2.396
2021-05-20 14:00:00,11.966,6.374,-2.467,-1.97
2021-05-20 15:00:00,10.06,1.142,-7.635,1.844
2021-05-20 16:00:00,8.537,3.461,-7.055,0.549
2021-05-20 17:00:00,6.896,3.543,-3.927,0.294
2021-05-20 18:00:00,5.185,1.445,1.149,2.013
2021-05-20 19:00:00,4.988,2.487,-3.841,-0.665
2021-05-20 20:00:00,4.301,3.044,-2.446,0.096
2021-05-20 21:00:00,4.355,2.668,-2.299,-1.39
2021-05-20 22:00:00,4.453,0.979,-3.988,-0.937
2021-05-20 23:00:00,4.484,1.31,-3.553,-1.665
2021-05-21 00:00:00,4.142,2.158,-2.982,-0.563
2021-05-21 01:00:00,3.917,3.492,0.539,-0.71
2021-05-21 02:00:00,3.608,2.225,0.914,-1.795
2021-05-21 03:00:00,3.424,1.738,0.694,-1.672
2021-05-21 04:00:00,3.342,2.107,0.134,-0.037
2021-05-21 05:00:00,3.673,2.673,0.505,0.175
2021-05-21 06:00:00,3.709,1.134,-1.997,1.84
2021-05-21 07:00:00,3.436,-0.026,-1.898,1.631
2021-05-21 08:00:00,3.737,2.832,0.698,-0.201
2021-05-21 09:00:00,3.508,2.384,-0.315,1.001
2021-05-21 10:00:00,3.627,1.752,-1.365,1.022
2021-05-21 11:00:00,3.704,1.139,-2.238,-0.298
2021-05-21 12:00:00,3.602,1.753,-2.562,0.756
2021-05-21 13:00:00,3.973,3.14,-2.193,0.215
2021-05-21 14:00:00,3.564,0.48,-2.141,0.14
2021-05-21 15:00:00,4.242,2.223,-2.56,1.067
2021-05-21 16:00:00,4.617,2.921,0.654,2.983
2021-05-21 17:00:00,4.469,3.445,-1.505,1.473
2021-05-21 18:00:00,3.804,2.142,-2.44,-0.251
2021-05-21 19:00:00,3.619,3.104,0.989,1.109
2021-05-21 20:00:00,3.328,2.999,-0.18,1.124
2021-05-21 21:00:00,3.492,3.186,-0.876,0.493
2021-05-21 22:00:00,3.234,2.148,-1.692,0.963
2021-05-21 23:00:00,3.423,1.896,-2.536,-0.443
2021-05-22 00:00:00,2.889,1.43,-2.103,-0.129
2021-05-22 01:00:00,2.651,1.448,-1.741,0.006
2021-05-22 02:00:00,2.469,2.055,0.563,-0.398
2021-05-22 03:00:00,2.323,1.276,-0.343,-0.911
2021-05-22 04:00:00,3.045,0.769,-0.833,-0.445
2021-05-22 05:00:00,3.725,-0.098,-3.073,0.92
2021-05-22 06:00:00,3.185,-0.259,-2.734,0.402
2021-05-22 07:00:00,3.283,0.597,-2.82,-0.577
2021-05-22 08:00:00,3.004,0.709,-1.766,-0.605
2021-05-22 09:00:00,3.79,3.045,-1.509,-0.961
2021-05-22 10:00:00,4.06,3.374,-1.941,-0.118
2021-05-22 11:00:00,3.817,2.864,-1.963,-0.309
2021-05-22 12:00:00,3.759,0.854,-3.381,-0.923
2021-05-22 13:00:00,3.661,-0.484,-2.706,-1.487
2021-05-22 14:00:00,3.863,0.468,-3.28,0.097
2021-05-22 15:00:00,3.856,2.045,-2.93,0.421
2021-05-22 16:00:00,3.939,2.811,-2.573,0.484
2021-05-22 17:00:00,3.345,1.29,-2.249,-0.188
2021-05-22 18:00:00,3.273,0.238,-3.066,-0.649
2021-05-22 19:00:00,3.608,0.093,-2.871,-0.377
2021-05-22 20:00:00,3.773,1.085,-2.964,-0.26
2021-05-22 21:00:00,3.541,1.072,-3.21,-0.167
2021-05-22 22:00:00,3.989,2.459,-2.73,0.097
2021-05-22 23:00:00,4.349,4.068,-1.325,0.329
2021-05-23 00:00:00,4.15,3.838,-1.037,0.097
2021-05-23 01:00:00,4.029,3.729,-0.641,0.955
2021-05-23 02:00:00,4.031,3.782,-0.304,-0.062
2021-05-23 03:00:00,4.319,3.413,-2.21,-1.138
2021-05-23 04:00:00,3.797,1.083,-3.087,-1.057
2021-05-23 05:00:00,3.945,1.637,-3.105,-1.274
2021-05-23 06:00:00,3.946,2.795,-2.384,-0.854
2021-05-23 07:00:00,3.931,2.092,-2.806,-1.397
2021-05-23 08:00:00,3.98,2.39,-2.936,-0.469
2021-05-23 09:00:00,4.012,2.935,-2.269,0.317
2021-05-23 10:00:00,3.683,2.318,-2.211,-0.958
2021-05-23 11:00:00,3.389,0.293,-3.185,-0.787
2021-05-23 12:00:00,3.345,-0.238,-3.147,-0.738
2021-05-23 13:00:00,3.349,-0.233,-3.162,-0.852
2021-05-23 14:00:00,3.437,0.939,-2.968,-0.662
2021-05-23 15:00:00,3.652,2.327,-2.7,-0.411
2021-05-23 16:00:00,3.553,1.622,-2.953,-0.745
2021-05-23 17:00:00,3.38,0.882,-2.868,-1.186
2021-05-23 18:00:00,3.47,-0.389,-3.254,-0.933
2021-05-23 19:00:00,3.45,-0.914,-3.252,0.225
2021-05-23 20:00:00,3.406,-0.827,-3.154,-0.168
2021-05-23 21:00:00,3.566,0.983,-3.24,-0.314
2021-05-23 22:00:00,3.577,-0.555,-3.045,-1.264
2021-05-23 23:00:00,3.764,1.401,-2.047,-1.255
2021-05-24 00:00:00,4.06,3.51,-1.394,-1.109
2021-05-24 01:00:00,3.983,3.847,0.111,-0.074
2021-05-24 02:00:00,4.02,3.774,-0.548,-0.637
2021-05-24 03:00:00,4.022,3.505,-1.626,-0.754
2021-05-24 04:00:00,3.634,3.127,-1.254,0.515
2021-05-24 05:00:00,3.846,3.29,-1.733,0.387
2021-05-24 06:00:00,3.957,3.492,-1.62,0.043
2021-05-24 07:00:00,4.051,3.729,-0.996,-0.885
2021-05-24 08:00:00,4.015,3.321,-1.627,-1.353
2021-05-24 09:00:00,3.163,1.978,-1.494,-1.08
2021-05-24 10:00:00,3.558,3.113,-1.011,-1.156
2021-05-24 11:00:00,3.428,3.211,-0.74,-0.596
2021-05-24 12:00:00,3.487,3.341,-0.623,-0.311
2021-05-24 13:00:00,3.44,3.125,-1.246,0.197
2021-05-24 14:00:00,3.401,3.204,-0.59,0.011
2021-05-24 15:00:00,3.428,3.319,-0.427,0.348
2021-05-24 16:00:00,3.33,3.067,-0.896,0.485
2021-05-24 17:00:00,3.469,3.062,-1.05,0.988
2021-05-24 18:00:00,3.592,3.204,-1.106,0.94
2021-05-24 19:00:00,3.736,3.632,-0.307,0.361
2021-05-24 20:00:00,3.774,3.702,-0.249,-0.025
2021-05-24 21:00:00,3.717,3.575,-0.507,0.451
2021-05-24 22:00:00,3.637,3.455,-0.458,0.768
2021-05-24 23:00:00,2.808,1.586,-1.294,1.043
2021-05-25 00:00:00,2.591,1.174,-1.282,1.551
2021-05-25 01:00:00,2.801,-0.887,-2.277,0.477
2021-05-25 02:00:00,3.738,2.976,-2.04,0.303
2021-05-25 03:00:00,4.474,3.533,-2.542,-0.584
2021-05-25 04:00:00,4.654,3.62,-2.733,0.283
2021-05-25 05:00:00,4.125,2.237,-3.009,1.206
2021-05-25 06:00:00,3.652,0.495,-3.494,0.032
2021-05-25 07:00:00,3.62,-0.172,-3.396,-0.637
2021-05-25 08:00:00,3.618,-1.271,-3.0,-1.075
2021-05-25 09:00:00,3.833,-2.146,-2.057,-2.328
2021-05-25 10:00:00,3.852,-0.222,-3.553,-0.898
2021-05-25 11:00:00,3.634,1.621,-3.087,0.151
2021-05-25 12:00:00,3.151,2.148,-1.902,0.44
2021-05-25 13:00:00,2.947,-0.161,-2.069,-0.812
2021-05-25 14:00:00,3.714,2.365,-2.712,-0.418
2021-05-25 15:00:00,3.735,2.332,-2.405,1.182
2021-05-25 16:00:00,2.871,1.841,-1.339,0.65
2021-05-25 17:00:00,2.327,1.467,-1.426,0.661
2021-05-25 18:00:00,2.317,0.916,-1.709,-0.964
2021-05-25 19:00:00,3.783,0.795,-2.983,-1.142
2021-05-25 20:00:00,3.832,-0.91,-2.917,-1.519
2021-05-25 21:00:00,3.916,1.197,-3.079,-1.434
2021-05-25 22:00:00,3.284,1.322,-2.528,-1.112
2021-05-25 23:00:00,2.797,2.277,-1.336,-0.479
2021-05-26 00:00:00,2.87,2.422,-1.228,-0.489
2021-05-26 01:00:00,2.337,2.102,-0.491,-0.168
2021-05-26 02:00:00,2.79,2.678,-0.236,0.115
2021-05-26 03:00:00,1.541,0.348,0.302,-0.295
2021-05-26 04:00:00,2.001,-1.158,0.523,-0.557
2021-05-26 05:00:00,3.489,-2.538,-0.454,-2.084
2021-05-26 06:00:00,2.88,-2.159,1.221,-1.194
2021-05-26 07:00:00,2.4,-1.019,1.723,-0.141
2021-05-26 08:00:00,2.358,0.827,1.992,-0.02
2021-05-26 09:00:00,2.48,0.635,2.154,-0.507
2021-05-26 10:00:00,2.441,-0.283,2.185,-0.52
2021-05-26 11:00:00,4.061,-1.682,3.439,-0.767
2021-05-26 12:00:00,9.045,-3.879,7.635,1.369
2021-05-26 13:00:00,7.779,-3.919,-0.18,5.234
2021-05-26 14:00:00,4.899,-2.162,-1.147,3.0
2021-05-26 15:00:00,4.414,0.45,-3.065,0.945
2021-05-26 16:00:00,12.47,-0.071,6.997,-3.839
2021-05-26 17:00:00,13.89,0.338,7.473,-3.974
2021-05-26 18:00:00,11.746,-3.883,5.101,7.205
2021-05-26 19:00:00,14.045,-5.737,0.798,12.595
2021-05-26 20:00:00,14.141,-7.285,1.58,11.766
2021-05-26 21:00:00,12.387,1.599,6.142,-4.969
2021-05-26 22:00:00,13.872,5.159,9.348,-8.542
2021-05-26 23:00:00,12.078,4.149,9.678,-5.716
2021-05-27 00:00:00,12.327,2.914,9.544,-6.799
2021-05-27 01:00:00,14.561,-1.741,14.238,-1.167
2021-05-27 02:00:00,14.797,-2.432,13.92,2.474
2021-05-27 03:00:00,14.952,1.868,7.716,12.021
2021-05-27 04:00:00,12.922,-1.075,5.906,10.85
2021-05-27 05:00:00,11.39,-0.091,5.741,-6.083
2021-05-27 06:00:00,10.158,1.035,5.952,-8.019
2021-05-27 07:00:00,9.775,2.325,8.1,-3.367
2021-05-27 08:00:00,9.623,2.877,6.446,-4.591
2021-05-27 09:00:00,8.889,1.952,8.093,-1.358
2021-05-27 10:00:00,8.973,2.01,8.689,-0.295
2021-05-27 11:00:00,9.07,0.622,8.194,3.366
2021-05-27 12:00:00,8.311,0.357,6.575,4.176
2021-05-27 13:00:00,8.141,0.116,7.84,-0.318
2021-05-27 14:00:00,8.251,1.832,6.294,-1.948
2021-05-27 15:00:00,8.543,3.775,5.634,-4.363
2021-05-27 16:00:00,8.456,3.238,7.509,-1.334
2021-05-27 17:00:00,8.004,-1.134,6.478,3.625
2021-05-27 18:00:00,7.582,1.606,7.222,-0.579
2021-05-27 19:00:00,7.663,2.023,6.933,2.15
2021-05-27 20:00:00,6.822,0.387,5.998,1.213
2021-05-27 21:00:00,6.489,0.376,5.872,0.894
2021-05-27 22:00:00,6.078,0.665,5.319,0.838
2021-05-27 23:00:00,6.184,1.662,5.64,0.943
2021-05-28 00:00:00,6.059,3.522,4.806,-0.101
2021-05-28 01:00:00,5.904,-0.213,5.141,0.893
2021-05-28 02:00:00,6.411,-0.822,5.881,-0.827
2021-05-28 03:00:00,7.42,-4.277,5.395,1.954
2021-05-28 04:00:00,6.569,-5.407,2.024,2.865
2021-05-28 05:00:00,6.263,-5.663,1.369,2.118
2021-05-28 06:00:00,6.164,-5.301,1.486,2.571
2021-05-28 07:00:00,5.983,-2.43,5.143,1.561
2021-05-28 08:00:00,6.121,-1.191,5.444,1.242
2021-05-28 09:00:00,5.803,-2.154,5.034,1.695
2021-05-28 10:00:00,5.778,-1.057,5.538,0.818
2021-05-28 11:00:00,5.726,-0.05,5.322,0.331
2021-05-28 12:00:00,5.613,-1.842,4.07,2.552
2021-05-28 13:00:00,5.569,-1.004,4.936,2.271
2021-05-28 14:00:00,5.544,-1.4,5.036,1.691
2021-05-28 15:00:00,5.458,-0.555,5.026,1.415
2021-05-28 16:00:00,5.756,-1.995,5.119,1.207
2021-05-28 17:00:00,6.175,-3.434,4.951,1.153
2021-05-28 18:00:00,6.206,-3.776,4.747,0.95
2021-05-28 19:00:00,6.222,-4.206,4.197,1.326
2021-05-28 20:00:00,6.261,-4.626,3.814,1.334
2021-05-28 21:00:00,5.997,-4.707,2.489,1.492
2021-05-28 22:00:00,6.043,-5.466,2.057,1.148
2021-05-28 23:00:00,5.995,-5.574,1.725,1.151
2021-05-29 00:00:00,6.167,-5.499,1.888,1.813
2021-05-29 01:00:00,6.904,-6.13,1.427,2.356
2021-05-29 02:00:00,6.969,-6.054,1.906,1.061
2021-05-29 03:00:00,7.244,-6.158,2.497,2.305
2021-05-29 04:00:00,7.721,-5.187,4.229,2.636
2021-05-29 05:00:00,5.81,-3.047,3.713,1.226
2021-05-29 06:00:00,4.979,-3.489,2.436,0.915
2021-05-29 07:00:00,5.032,-3.357,2.583,0.834
2021-05-29 08:00:00,4.864,-3.356,0.515,-1.622
2021-05-29 09:00:00,4.581,-1.726,2.017,-0.734
2021-05-29 10:00:00,6.265,-2.072,1.88,-1.423
2021-05-29 11:00:00,6.537,-4.662,3.757,0.434
2021-05-29 12:00:00,6.487,1.56,3.107,-4.428
2021-05-29 13:00:00,7.19,-4.103,4.917,-2.628
2021-05-29 14:00:00,7.44,-4.47,5.676,-1.351
2021-05-29 15:00:00,6.848,-4.362,4.235,-2.364
2021-05-29 16:00:00,6.585,-5.514,1.004,1.197
2021-05-29 17:00:00,6.86,-6.567,1.535,0.415
2021-05-29 18:00:00,5.659,-4.331,1.994,0.968
2021-05-29 19:00:00,4.58,-0.566,-0.411,2.394
2021-05-29 20:00:00,2.588,-0.608,1.353,1.787
2021-05-29 21:00:00,5.698,-2.554,1.317,4.858
2021-05-29 22:00:00,6.121,-3.941,0.698,4.512
2021-05-29 23:00:00,5.474,-2.195,-1.104,4.447
2021-05-30 00:00:00,4.33,2.562,-2.085,2.324
2021-05-30 01:00:00,4.123,3.29,-1.801,1.399
2021-05-30 02:00:00,3.818,1.687,-1.7,2.552
2021-05-30 03:00:00,2.28,-0.3,-0.772,1.834
2021-05-30 04:00:00,3.439,-1.982,-1.117,2.354
2021-05-30 05:00:00,4.207,-2.25,-1.071,3.086
2021-05-30 06:00:00,3.503,-1.617,-0.61,2.396
2021-05-30 07:00:00,3.705,-2.192,1.159,0.586
2021-05-30 08:00:00,4.019,1.233,-0.231,2.239
2021-05-30 09:00:00,4.327,-2.819,1.001,2.96
2021-05-30 10:00:00,3.895,-2.575,0.643,2.388
2021-05-30 11:00:00,3.274,-2.337,1.305,1.675
2021-05-30 12:00:00,3.136,-2.356,1.505,1.131
2021-05-30 13:00:00,3.612,-3.293,1.101,0.606
2021-05-30 14:00:00,3.635,-3.403,1.002,0.404
2021-05-30 15:00:00,3.712,-3.48,0.968,0.478
2021-05-30 16:00:00,3.499,-3.361,0.624,0.337
2021-05-30 17:00:00,3.227,-3.065,0.567,0.423
2021-05-30 18:00:00,1.976,-1.83,0.105,-0.115
2021-05-30 19:00:00,1.607,-1.301,-0.011,-0.153
2021-05-30 20:00:00,3.752,2.694,-1.765,-1.12
2021-05-30 21:00:00,2.533,1.619,-0.616,-1.412
2021-05-30 22:00:00,3.163,-2.584,-1.023,0.085
2021-05-30 23:00:00,3.454,-3.076,-1.021,0.997
2021-05-31 00:00:00,2.57,-1.878,-1.58,0.209
2021-05-31 01:00:00,2.65,-2.111,-1.179,-0.505
2021-05-31 02:00:00,1.83,-1.097,-1.27,0.045
2021-05-31 03:00:00,1.87,0.531,-0.836,-0.824
2021-05-31 04:00:00,2.515,1.979,0.472,-1.09
2021-05-31 05:00:00,3.572,2.902,-0.683,-1.858
2021-05-31 06:00:00,3.752,2.498,-2.059,-1.466
2021-05-31 07:00:00,3.523,2.252,-2.541,0.038
2021-05-31 08:00:00,3.003,1.537,-2.395,0.376
2021-05-31 09:00:00,2.878,1.012,-2.26,0.844
2021-05-31 10:00:00,3.054,1.973,-1.538,1.454
2021-05-31 11:00:00,2.728,0.931,-0.523,0.743
2021-05-31 12:00:00,2.558,-1.301,-1.91,-0.806
2021-05-31 13:00:00,3.067,-1.5,-2.501,-0.772
2021-05-31 14:00:00,3.232,1.085,-1.686,0.855
2021-05-31 15:00:00,2.393,1.432,-0.56,1.218
2021-05-31 16:00:00,1.095,0.248,-0.535,0.543
2021-05-31 17:00:00,1.157,0.31,-0.67,0.125
2021-05-31 18:00:00,1.143,-0.112,-0.717,0.614
2021-05-31 19:00:00,0.929,-0.182,-0.419,0.21
2021-05-31 20:00:00,0.814,0.155,-0.496,0.137
2021-05-31 21:00:00,1.351,0.218,-1.108,-0.159
2021-05-31 22:00:00,1.853,0.914,-1.21,-0.277
2021-05-31 23:00:00,3.166,1.946,-2.085,-0.324
2021-06-01 00:00:00,2.919,0.348,-2.783,-0.032
2021-06-01 01:00:00,3.581,2.456,-2.383,-0.713
2021-06-01 02:00:00,3.513,2.037,-2.643,0.077
2021-06-01 03:00:00,3.597,2.359,-2.518,-0.004
2021-06-01 04:00:00,2.834,1.947,-1.806,0.218
2021-06-01 05:00:00,2.553,1.634,-1.522,0.14
2021-06-01 06:00:00,2.464,1.579,-1.705,0.292
2021-06-01 07:00:00,2.074,1.06,-1.447,0.261
2021-06-01 08:00:00,1.264,0.084,-1.053,-0.377
2021-06-01 09:00:00,1.335,0.116,-1.038,-0.615
2021-06-01 10:00:00,1.38,-0.049,-1.184,-0.298
2021-06-01 11:00:00,1.603,0.233,-1.345,-0.64
2021-06-01 12:00:00,1.618,0.083,-1.474,-0.054
2021-06-01 13:00:00,1.772,0.733,-1.456,-0.106
2021-06-01 14:00:00,2.145,1.524,-1.168,0.59
2021-06-01 15:00:00,2.006,1.169,-1.315,0.596
2021-06-01 16:00:00,1.808,0.952,-1.165,0.035
2021-06-01 17:00:00,1.73,0.686,-0.915,-0.384
2021-06-01 18:00:00,1.948,0.381,-1.77,0.371
2021-06-01 19:00:00,2.189,0.702,-1.912,0.19
2021-06-01 20:00:00,2.122,0.633,-1.779,0.246
2021-06-01 21:00:00,2.074,0.893,-1.216,1.138
2021-06-01 22:00:00,2.138,0.941,-1.616,0.381
2021-06-01 23:00:00,2.497,1.488,-1.468,-0.795
2021-06-02 00:00:00,1.872,0.659,-0.608,-0.353
2021-06-02 01:00:00,2.226,0.408,-1.626,-0.951
2021-06-02 02:00:00,2.341,1.061,-0.22,-1.67
2021-06-02 03:00:00,2.214,0.856,-1.458,-1.162
2021-06-02 04:00:00,2.381,1.141,-1.344,-0.988
2021-06-02 05:00:00,2.634,1.962,-0.619,-1.069
2021-06-02 06:00:00,2.09,-0.701,-1.468,0.142
2021-06-02 07:00:00,2.315,0.792,-1.771,-0.444
2021-06-02 08:00:00,2.662,0.785,-2.118,-0.195
2021-06-02 09:00:00,2.776,0.364,-2.465,0.42
2021-06-02 10:00:00,2.671,0.661,-1.549,0.265
2021-06-02 11:00:00,2.85,0.155,-2.509,-0.884
2021-06-02 12:00:00,4.513,-0.263,-3.437,-2.42
2021-06-02 13:00:00,5.649,1.044,-4.905,-2.176
2021-06-02 14:00:00,6.216,2.511,-4.973,-2.564
2021-06-02 15:00:00,6.314,3.416,-5.022,-1.457
2021-06-02 16:00:00,5.439,2.923,-4.124,-1.124
2021-06-02 17:00:00,3.832,1.482,-3.164,-1.328
2021-06-02 18:00:00,3.698,2.666,-2.259,-0.835
2021-06-02 19:00:00,3.884,3.174,-1.914,0.197
2021-06-02 20:00:00,3.606,3.14,-1.064,1.18
2021-06-02 21:00:00,1.914,1.484,-0.451,0.67
2021-06-02 22:00:00,3.562,3.049,-0.586,1.471
2021-06-02 23:00:00,3.173,-0.454,1.919,0.94
2021-06-03 00:00:00,2.0,-0.052,0.941,0.346
2021-06-03 01:00:00,7.571,-1.814,6.615,-1.105
2021-06-03 02:00:00,8.388,-1.831,7.197,-3.175
2021-06-03 03:00:00,8.204,-2.573,7.544,0.849
2021-06-03 04:00:00,6.729,0.085,4.167,-2.752
2021-06-03 05:00:00,7.636,-4.683,0.374,-5.788
2021-06-03 06:00:00,9.93,-7.228,2.315,-6.15
2021-06-03 07:00:00,9.131,-5.05,4.023,-5.499
2021-06-03 08:00:00,6.91,0.551,6.174,-1.794
2021-06-03 09:00:00,5.67,3.151,1.978,-3.301
2021-06-03 10:00:00,4.935,2.923,-2.526,-2.853
2021-06-03 11:00:00,4.998,3.254,-0.729,-3.431
2021-06-03 12:00:00,4.549,3.294,0.619,-2.808
2021-06-03 13:00:00,4.812,0.844,-4.118,-0.861
2021-06-03 14:00:00,4.557,0.852,2.162,0.055
2021-06-03 15:00:00,5.745,-0.612,5.074,2.399
2021-06-03 16:00:00,5.392,-1.193,4.74,2.033
2021-06-03 17:00:00,5.782,-1.153,5.004,2.488
2021-06-03 18:00:00,5.761,-1.247,4.924,2.538
2021-06-03 19:00:00,6.825,-2.011,5.593,3.196
2021-06-03 20:00:00,7.171,-3.509,4.854,3.82
2021-06-03 21:00:00,7.204,-3.377,3.885,4.989
2021-06-03 22:00:00,6.54,-1.367,4.995,3.504
2021-06-03 23:00:00,7.428,-0.525,6.924,0.229
2021-06-04 00:00:00,7.252,-1.274,6.733,1.891
2021-06-04 01:00:00,6.854,1.593,5.938,-2.509
2021-06-04 02:00:00,4.264,-0.209,3.585,-1.296
2021-06-04 03:00:00,5.161,-2.579,3.834,0.815
2021-06-04 04:00:00,5.617,-3.797,3.024,1.773
2021-06-04 05:00:00,5.032,-3.361,1.707,1.862
2021-06-04 06:00:00,4.525,-2.656,2.576,-0.211
2021-06-04 07:00:00,5.609,-4.297,2.625,-0.159
2021-06-04 08:00:00,5.939,-5.295,2.408,0.169
2021-06-04 09:00:00,5.644,-3.797,3.44,-1.974
2021-06-04 10:00:00,5.802,-4.191,3.718,-0.474
2021-06-04 11:00:00,5.883,-4.526,2.945,1.001
2021-06-04 12:00:00,4.414,1.096,1.938,-1.864
2021-06-04 13:00:00,4.004,1.565,-1.525,-0.289
2021-06-04 14:00:00,5.278,-4.053,-0.507,2.962
2021-06-04 15:00:00,4.457,-1.471,-1.59,3.162
2021-06-04 16:00:00,4.934,-2.245,0.268,2.137
2021-06-04 17:00:00,4.176,-0.716,2.256,-2.873
2021-06-04 18:00:00,3.468,-0.603,-1.212,1.086
2021-06-04 19:00:00,4.129,-2.144,1.18,0.59
2021-06-04 20:00:00,3.467,-1.967,2.526,-0.762
2021-06-04 21:00:00,3.284,-2.2,2.103,-0.856
2021-06-04 22:00:00,3.358,-2.485,1.679,0.527
2021-06-04 23:00:00,3.51,-2.191,1.519,2.019
2021-06-05 00:00:00,3.839,-2.959,2.065,0.474
2021-06-05 01:00:00,4.184,-1.858,3.417,0.197
2021-06-05 02:00:00,4.292,-2.994,2.848,-0.516
2021-06-05 03:00:00,4.606,-2.97,3.136,0.983
2021-06-05 04:00:00,4.712,-3.13,2.917,0.749
2021-06-05 05:00:00,4.707,1.277,2.762,1.723
2021-06-05 06:00:00,5.062,1.874,3.328,0.808
2021-06-05 07:00:00,5.16,-1.197,3.561,2.588
2021-06-05 08:00:00,5.009,-1.717,4.056,1.344
2021-06-05 09:00:00,5.151,-1.148,4.486,1.522
2021-06-05 10:00:00,5.712,-2.846,3.854,2.818
2021-06-05 11:00:00,6.254,-3.177,4.377,3.033
2021-06-05 12:00:00,5.899,-3.033,0.257,3.033
2021-06-05 13:00:00,4.134,-2.03,2.466,1.165
2021-06-05 14:00:00,4.431,-2.232,1.332,1.531
2021-06-05 15:00:00,4.632,-2.722,1.721,1.392
2021-06-05 16:00:00,4.789,-0.783,4.339,-0.696
2021-06-05 17:00:00,4.228,-0.816,2.306,-1.771
2021-06-05 18:00:00,3.377,-2.892,-1.165,0.289
2021-06-05 19:00:00,3.466,-2.926,-0.172,-0.515
2021-06-05 20:00:00,4.265,-0.576,-3.823,0.233
2021-06-05 21:00:00,4.83,-0.892,-2.242,-2.142
2021-06-05 22:00:00,3.875,-1.247,1.074,-2.523
2021-06-05 23:00:00,4.752,-1.546,1.405,-2.168
2021-06-06 00:00:00,5.802,-1.522,4.868,-2.534
2021-06-06 01:00:00,5.85,-2.466,4.547,-2.509
2021-06-06 02:00:00,5.882,-0.977,5.259,-2.129
2021-06-06 03:00:00,5.904,-1.234,5.197,-2.146
2021-06-06 04:00:00,5.96,-2.863,5.046,-0.077
2021-06-06 05:00:00,6.092,-2.822,5.209,0.438
2021-06-06 06:00:00,6.24,-2.444,5.454,0.841
2021-06-06 07:00:00,6.238,-2.859,5.311,1.031
2021-06-06 08:00:00,6.125,-2.463,5.199,1.764
2021-06-06 09:00:00,5.976,-3.299,4.188,2.545
2021-06-06 10:00:00,5.517,-2.317,4.563,1.585
2021-06-06 11:00:00,5.484,-2.372,4.269,2.369
2021-06-06 12:00:00,5.539,-2.5,3.878,2.937
2021-06-06 13:00:00,5.677,-2.386,4.235,2.551
2021-06-06 14:00:00,5.669,-2.855,4.054,2.57
2021-06-06 15:00:00,5.546,-2.844,4.236,2.059
2021-06-06 16:00:00,5.609,-2.647,4.035,2.767
2021-06-06 17:00:00,5.323,-2.548,3.818,2.524
2021-06-06 18:00:00,3.998,-1.947,3.189,1.123
2021-06-06 19:00:00,5.022,-2.573,3.73,2.051
2021-06-06 20:00:00,3.226,-0.447,2.331,0.72
2021-06-06 21:00:00,3.184,1.634,-1.787,-0.642
2021-06-06 22:00:00,5.462,-4.438,-0.375,2.831
2021-06-06 23:00:00,5.692,-4.674,-1.568,2.494
2021-06-07 00:00:00,5.675,-4.863,-2.649,0.333
2021-06-07 01:00:00,4.448,-3.387,-2.508,-0.372
2021-06-07 02:00:00,2.427,-2.058,-0.74,-0.233
2021-06-07 03:00:00,3.142,-2.986,-0.04,-0.397
2021-06-07 04:00:00,2.84,-2.664,0.043,0.208
2021-06-07 05:00:00,2.155,-1.099,0.551,0.317
2021-06-07 06:00:00,6.587,3.156,-3.846,-2.985
2021-06-07 07:00:00,9.582,1.741,-5.844,2.14
2021-06-07 08:00:00,9.667,-5.705,2.656,6.834
2021-06-07 09:00:00,8.13,-1.789,0.569,7.071
2021-06-07 10:00:00,8.227,6.269,-4.363,-2.403
2021-06-07 11:00:00,8.829,5.345,-4.502,-3.176
2021-06-07 12:00:00,6.944,4.002,-2.557,4.089
2021-06-07 13:00:00,8.312,4.888,-5.969,1.434
2021-06-07 14:00:00,8.117,5.181,-3.154,1.009
2021-06-07 15:00:00,9.541,7.585,-3.418,-1.058
2021-06-07 16:00:00,11.377,3.07,-9.169,-1.091
2021-06-07 17:00:00,11.319,1.159,-7.538,-2.557
2021-06-07 18:00:00,10.589,-0.021,-8.512,-2.601
2021-06-07 19:00:00,8.498,3.197,-6.987,1.78
2021-06-07 20:00:00,8.42,1.504,-3.345,-0.576
2021-06-07 21:00:00,8.038,-6.019,2.972,1.009
2021-06-07 22:00:00,8.037,0.547,-5.49,-1.855
2021-06-07 23:00:00,8.215,3.817,-7.035,1.14
2021-06-08 00:00:00,6.086,2.142,-4.912,-0.153
2021-06-08 01:00:00,4.338,3.86,0.369,0.493
2021-06-08 02:00:00,4.421,4.275,0.288,0.42
2021-06-08 03:00:00,4.687,4.545,0.373,0.532
2021-06-08 04:00:00,4.29,3.898,-1.261,0.229
2021-06-08 05:00:00,4.015,2.726,-2.603,-0.818
2021-06-08 06:00:00,4.26,4.023,-1.15,-0.193
2021-06-08 07:00:00,4.329,3.385,-2.429,-0.559
2021-06-08 08:00:00,4.079,3.526,-1.883,-0.026
2021-06-08 09:00:00,4.388,3.732,-2.21,-0.166
2021-06-08 10:00:00,4.409,3.947,-1.767,-0.312
2021-06-08 11:00:00,4.337,3.8,-1.83,-0.489
2021-06-08 12:00:00,4.161,3.348,-2.273,-0.703
2021-06-08 13:00:00,3.836,3.285,-1.791,-0.557
2021-06-08 14:00:00,2.212,1.195,-1.072,0.471
2021-06-08 15:00:00,2.392,1.507,-1.38,0.591
2021-06-08 16:00:00,1.714,1.226,-0.734,0.061
2021-06-08 17:00:00,2.58,2.243,-0.82,-0.01
2021-06-08 18:00:00,2.641,2.19,-1.268,0.179
2021-06-08 19:00:00,2.367,1.944,0.043,0.576
2021-06-08 20:00:00,2.912,2.382,1.006,0.755
2021-06-08 21:00:00,2.742,1.977,-1.18,0.123
2021-06-08 22:00:00,2.225,0.003,-0.927,-0.44
2021-06-08 23:00:00,2.343,-0.251,-0.593,-0.492
2021-06-09 00:00:00,2.863,2.565,-0.843,-0.197
2021-06-09 01:00:00,2.16,-0.048,-0.303,-0.844
2021-06-09 02:00:00,2.569,1.837,-0.307,-0.24
2021-06-09 03:00:00,1.898,0.563,-0.091,-1.677
2021-06-09 04:00:00,1.99,-0.249,-0.016,-1.684
2021-06-09 05:00:00,2.217,-0.833,-0.762,-1.69
2021-06-09 06:00:00,2.255,0.551,-0.945,-0.789
2021-06-09 07:00:00,1.861,-0.075,-0.424,-0.685
2021-06-09 08:00:00,1.73,-0.416,-1.053,-1.049
2021-06-09 09:00:00,2.043,-0.697,-1.45,-1.029
2021-06-09 10:00:00,1.924,-0.67,-1.507,-0.606
2021-06-09 11:00:00,1.707,-0.7,-1.313,-0.431
2021-06-09 12:00:00,2.176,0.225,-1.902,-0.008
2021-06-09 13:00:00,2.282,0.623,-1.972,0.092
2021-06-09 14:00:00,2.543,1.761,-1.426,0.195
2021-06-09 15:00:00,2.823,1.911,-1.879,0.367
2021-06-09 16:00:00,2.855,1.637,-2.148,0.234
2021-06-09 17:00:00,2.284,1.53,-0.706,0.485
2021-06-09 18:00:00,2.769,2.387,-0.724,0.879
2021-06-09 19:00:00,3.171,2.922,-0.28,1.01
2021-06-09 20:00:00,2.907,2.301,-0.681,1.309
2021-06-09 21:00:00,2.86,2.322,-1.205,-0.094
2021-06-09 22:00:00,2.686,1.708,-1.893,-0.148
2021-06-09 23:00:00,2.789,2.038,-1.476,0.094
2021-06-10 00:00:00,2.351,0.957,-2.005,-0.28
2021-06-10 01:00:00,2.684,2.007,-1.613,0.175
2021-06-10 02:00:00,2.317,1.844,-1.048,-0.29
2021-06-10 03:00:00,2.711,1.311,-2.133,-0.52
2021-06-10 04:00:00,2.03,-0.309,-1.285,0.815
2021-06-10 05:00:00,2.514,0.549,-1.52,1.515
2021-06-10 06:00:00,2.991,0.54,-2.627,0.497
2021-06-10 07:00:00,3.032,0.333,-2.559,0.412
2021-06-10 08:00:00,3.312,0.669,-2.458,-1.578
2021-06-10 09:00:00,2.631,-0.035,-2.466,-0.665
2021-06-10 10:00:00,3.03,1.115,-2.07,-0.707
2021-06-10 11:00:00,2.532,-0.118,-2.375,0.196
2021-06-10 12:00:00,2.61,0.183,-2.476,0.186
2021-06-10 13:00:00,3.589,0.306,-3.153,1.245
2021-06-10 14:00:00,3.693,-0.056,-3.302,-0.071
2021-06-10 15:00:00,3.778,-0.312,-2.776,-1.211
2021-06-10 16:00:00,4.527,2.155,-2.124,3.128
2021-06-10 17:00:00,4.515,1.262,-0.196,4.144
2021-06-10 18:00:00,3.564,1.808,-0.521,1.877
2021-06-10 19:00:00,3.698,2.967,-1.613,-0.198
2021-06-10 20:00:00,3.475,2.266,-1.693,0.412
2021-06-10 21:00:00,3.513,-0.323,0.362,-2.37
2021-06-10 22:00:00,2.451,0.262,0.945,-1.17
2021-06-10 23:00:00,4.479,3.901,-1.209,-0.175
2021-06-11 00:00:00,4.618,2.292,-2.044,-1.298
2021-06-11 01:00:00,6.057,-1.184,-1.745,-5.392
2021-06-11 02:00:00,7.4,-1.396,-3.026,-6.549
2021-06-11 03:00:00,7.42,-1.785,-3.42,-6.25
2021-06-11 04:00:00,7.427,-1.975,-3.472,-6.157
2021-06-11 05:00:00,7.434,-2.0,-2.199,-6.729
2021-06-11 06:00:00,7.355,-1.936,-2.498,-6.39
2021-06-11 07:00:00,7.52,-2.456,-1.154,-6.891
2021-06-11 08:00:00,7.407,-2.069,1.517,-6.865
2021-06-11 09:00:00,7.821,-2.122,-0.179,-7.389
2021-06-11 10:00:00,7.961,-1.092,-1.775,-7.617
2021-06-11 11:00:00,7.734,-1.974,-1.919,-7.103
2021-06-11 12:00:00,7.769,-0.171,-5.856,-4.972
2021-06-11 13:00:00,7.738,0.75,-6.693,-3.595
2021-06-11 14:00:00,7.409,0.926,-7.102,-1.101
2021-06-11 15:00:00,6.985,1.322,-5.919,2.783
2021-06-11 16:00:00,7.249,-1.015,-6.624,1.861
2021-06-11 17:00:00,7.251,-0.698,-6.545,2.839
2021-06-11 18:00:00,6.959,0.778,-6.551,1.891
2021-06-11 19:00:00,7.116,0.859,-5.373,3.957
2021-06-11 20:00:00,6.803,-0.309,-6.503,0.431
2021-06-11 21:00:00,5.81,-1.13,-4.052,-0.792
2021-06-11 22:00:00,6.952,1.3,-6.168,-0.837
2021-06-11 23:00:00,7.448,0.666,-4.664,-5.489
2021-06-12 00:00:00,7.148,1.451,-4.861,-4.491
2021-06-12 01:00:00,7.495,-0.612,-3.355,-6.382
2021-06-12 02:00:00,7.286,1.41,-6.114,-2.614
2021-06-12 03:00:00,7.576,2.5,-5.58,-1.734
2021-06-12 04:00:00,8.349,4.454,-6.607,1.993
2021-06-12 05:00:00,8.103,4.658,-5.985,2.508
2021-06-12 06:00:00,9.423,5.801,-5.542,4.839
2021-06-12 07:00:00,8.859,5.522,-5.706,3.553
2021-06-12 08:00:00,7.373,4.114,-5.507,-0.53
2021-06-12 09:00:00,6.624,4.643,-4.01,2.3
2021-06-12 10:00:00,6.176,3.068,-4.151,-0.48
2021-06-12 11:00:00,7.107,3.161,-1.733,2.292
2021-06-12 12:00:00,8.496,4.159,0.405,7.077
2021-06-12 13:00:00,8.32,0.969,2.755,7.269
2021-06-12 14:00:00,8.247,-1.114,4.481,6.346
2021-06-12 15:00:00,8.206,-5.483,4.465,-1.648
2021-06-12 16:00:00,7.024,-5.57,3.151,-0.21
2021-06-12 17:00:00,6.552,-5.995,2.246,-0.777
2021-06-12 18:00:00,6.505,-3.058,2.717,2.208
2021-06-12 19:00:00,6.728,-3.316,1.476,5.526
2021-06-12 20:00:00,6.545,-3.757,1.291,4.93
2021-06-12 21:00:00,6.266,-5.618,1.858,0.957
2021-06-12 22:00:00,4.134,-2.265,1.341,-1.421
2021-06-12 23:00:00,6.37,-1.469,-3.525,-3.943
2021-06-13 00:00:00,5.542,-2.249,2.353,-3.806
2021-06-13 01:00:00,4.886,-2.547,0.482,-3.089
2021-06-13 02:00:00,5.023,-3.855,2.45,-0.577
2021-06-13 03:00:00,5.09,-4.628,-0.684,1.032
2021-06-13 04:00:00,4.659,-2.987,-2.021,2.726
2021-06-13 05:00:00,4.764,-4.033,-1.421,1.929
2021-06-13 06:00:00,4.9,-3.73,-1.743,2.048
2021-06-13 07:00:00,4.007,-2.42,0.097,2.743
2021-06-13 08:00:00,4.011,-3.189,-0.485,2.207
2021-06-13 09:00:00,4.212,-3.231,-0.049,2.581
2021-06-13 10:00:00,4.153,-2.679,0.558,2.852
2021-06-13 11:00:00,4.44,-1.629,0.123,3.622
2021-06-13 12:00:00,4.336,-2.714,-0.083,2.591
2021-06-13 13:00:00,4.495,-2.108,-0.991,3.143
2021-06-13 14:00:00,4.489,-2.486,1.1,2.719
2021-06-13 15:00:00,4.4,-1.665,-3.089,0.675
2021-06-13 16:00:00,4.237,-0.909,-2.387,1.966
2021-06-13 17:00:00,4.443,-0.983,-0.105,4.001
2021-06-13 18:00:00,4.284,-0.733,-0.39,3.946
2021-06-13 19:00:00,3.692,-1.576,-0.35,2.969
2021-06-13 20:00:00,3.639,-0.89,-0.474,3.149
2021-06-13 21:00:00,3.627,-2.005,-0.603,2.598
2021-06-13 22:00:00,3.286,-1.551,-0.039,2.154
2021-06-13 23:00:00,3.29,-1.208,1.052,2.568
2021-06-14 00:00:00,2.852,-1.638,0.485,1.558
2021-06-14 01:00:00,3.091,-2.2,1.522,0.114
2021-06-14 02:00:00,3.28,-2.501,1.491,0.831
2021-06-14 03:00:00,3.377,-2.711,1.275,1.043
2021-06-14 04:00:00,3.216,-0.882,2.445,-0.294
2021-06-14 05:00:00,3.2,-1.364,2.439,-0.178
2021-06-14 06:00:00,3.201,-2.35,1.722,-0.556
2021-06-14 07:00:00,3.214,-1.069,2.165,-1.673
2021-06-14 08:00:00,2.963,-0.643,2.013,-1.574
2021-06-14 09:00:00,3.61,-1.799,2.536,-0.536
2021-06-14 10:00:00,3.875,-1.416,2.322,2.393
2021-06-14 11:00:00,3.587,-1.171,2.554,-0.43
2021-06-14 12:00:00,4.026,-1.059,3.474,0.792
2021-06-14 13:00:00,4.373,-2.466,3.188,1.544
2021-06-14 14:00:00,4.244,-2.637,2.978,0.922
2021-06-14 15:00:00,4.211,-0.978,3.683,0.38
2021-06-14 16:00:00,4.238,-0.943,3.7,-0.912
2021-06-14 17:00:00,4.258,-1.516,3.832,-0.289
2021-06-14 18:00:00,3.835,0.579,2.401,0.979
2021-06-14 19:00:00,3.882,-1.708,2.112,-1.155
2021-06-14 20:00:00,3.78,-2.492,1.805,-1.996
2021-06-14 21:00:00,2.63,-0.193,0.382,-0.481
2021-06-14 22:00:00,2.709,-0.642,2.172,0.879
2021-06-14 23:00:00,2.029,-0.632,0.669,1.201
2021-06-15 00:00:00,3.057,-0.699,-2.645,0.371
2021-06-15 01:00:00,6.94,-0.164,-5.113,1.782
2021-06-15 02:00:00,6.753,1.168,-5.6,1.12
2021-06-15 03:00:00,7.032,1.267,-5.635,-0.263
2021-06-15 04:00:00,8.289,1.199,-6.216,-0.774
2021-06-15 05:00:00,7.596,2.07,-6.283,3.414
2021-06-15 06:00:00,8.174,3.644,-3.994,5.169
2021-06-15 07:00:00,9.716,4.502,-5.848,4.661
2021-06-15 08:00:00,9.385,6.373,-5.548,2.377
2021-06-15 09:00:00,7.795,0.13,-5.836,-0.769
2021-06-15 10:00:00,6.712,3.26,-1.373,-2.98
2021-06-15 11:00:00,5.284,0.842,-1.159,-3.685
2021-06-15 12:00:00,13.958,7.335,-7.584,0.958
2021-06-15 13:00:00,13.267,9.156,-8.412,2.3
2021-06-15 14:00:00,10.132,6.691,-4.417,0.0
2021-06-15 15:00:00,11.294,9.012,-4.231,-2.687
2021-06-15 16:00:00,11.691,6.736,-6.943,-0.41
2021-06-15 17:00:00,10.547,5.702,-6.867,-2.282
2021-06-15 18:00:00,9.92,6.754,-3.281,-4.053
2021-06-15 19:00:00,9.767,6.325,-6.536,-2.765
2021-06-15 20:00:00,9.506,6.336,-5.723,-2.122
2021-06-15 21:00:00,9.007,5.047,-6.106,-0.799
2021-06-15 22:00:00,8.296,4.278,-4.851,2.045
2021-06-15 23:00:00,6.002,2.293,-2.909,-2.158
2021-06-16 00:00:00,6.012,0.902,-3.88,-2.304
2021-06-16 01:00:00,5.765,2.653,-1.89,-1.586
2021-06-16 02:00:00,5.874,3.358,-3.795,-1.098
2021-06-16 03:00:00,5.157,0.337,-4.167,-0.33
2021-06-16 04:00:00,4.728,1.182,-2.944,-1.082
2021-06-16 05:00:00,4.538,1.834,-2.737,-2.768
2021-06-16 06:00:00,4.588,2.642,-2.55,-0.191
2021-06-16 07:00:00,5.22,0.678,-4.166,-0.282
2021-06-16 08:00:00,4.737,0.767,-2.938,-0.461
2021-06-16 09:00:00,4.324,1.497,-1.222,1.849
2021-06-16 10:00:00,3.968,1.686,-2.153,-0.636
2021-06-16 11:00:00,4.12,1.476,-2.934,0.628
2021-06-16 12:00:00,4.056,1.317,-1.206,-0.408
2021-06-16 13:00:00,3.751,-0.23,-2.892,-0.223
2021-06-16 14:00:00,4.139,0.059,-3.497,-0.449
2021-06-16 15:00:00,4.444,-0.002,-2.043,-3.316
2021-06-16 16:00:00,3.696,0.684,-2.39,-0.324
2021-06-16 17:00:00,3.685,1.081,-2.052,-1.957
2021-06-16 18:00:00,4.139,3.677,0.471,1.131
2021-06-16 19:00:00,3.459,2.567,1.272,0.174
2021-06-16 20:00:00,2.861,1.706,0.149,-1.067
2021-06-16 21:00:00,3.113,0.677,-0.827,-2.211
2021-06-16 22:00:00,2.854,0.592,-1.169,-1.087
2021-06-16 23:00:00,4.001,3.419,0.916,1.479
2021-06-17 00:00:00,3.722,3.435,0.55,0.884
2021-06-17 01:00:00,3.458,3.177,-0.056,-0.489
2021-06-17 02:00:00,3.493,2.573,-1.076,-1.649
2021-06-17 03:00:00,3.511,-0.298,-2.056,-1.281
2021-06-17 04:00:00,3.816,-1.76,-2.949,-1.046
2021-06-17 05:00:00,3.857,-1.191,-3.005,-0.409
2021-06-17 06:00:00,3.723,-1.351,-3.046,-0.438
2021-06-17 07:00:00,3.577,0.658,-3.005,-0.319
2021-06-17 08:00:00,3.636,-0.466,-3.3,-0.948
2021-06-17 09:00:00,3.886,0.956,-3.374,-0.858
2021-06-17 10:00:00,3.811,0.118,-3.21,-1.408
2021-06-17 11:00:00,3.567,1.916,-2.26,0.897
2021-06-17 12:00:00,3.985,2.976,-0.949,-0.353
2021-06-17 13:00:00,4.267,3.361,-1.908,0.109
2021-06-17 14:00:00,4.306,3.224,-1.544,-0.694
2021-06-17 15:00:00,4.421,3.656,-2.167,0.05
2021-06-17 16:00:00,4.612,3.579,-2.286,1.032
2021-06-17 17:00:00,4.482,0.505,-3.78,-0.024
2021-06-17 18:00:00,4.172,2.565,-0.499,1.95
2021-06-17 19:00:00,3.777,2.534,-0.688,2.287
2021-06-17 20:00:00,4.341,3.795,-0.703,1.152
2021-06-17 21:00:00,4.369,3.789,-0.247,1.191
2021-06-17 22:00:00,4.319,3.495,-1.969,1.032
2021-06-17 23:00:00,4.329,2.605,-2.293,-0.692
2021-06-18 00:00:00,3.969,1.539,-2.633,-1.735
2021-06-18 01:00:00,3.676,0.928,-2.377,-1.524
2021-06-18 02:00:00,3.816,1.775,-1.971,-2.318
2021-06-18 03:00:00,3.811,2.139,-1.913,-1.354
2021-06-18 04:00:00,4.06,2.823,-2.179,-0.5
2021-06-18 05:00:00,3.969,1.785,-2.588,-1.438
2021-06-18 06:00:00,4.125,-0.025,-3.452,-0.56
2021-06-18 07:00:00,4.314,0.615,-3.342,-0.974
2021-06-18 08:00:00,4.448,-0.739,-3.019,-2.396
2021-06-18 09:00:00,4.635,1.859,-0.988,-1.976
2021-06-18 10:00:00,4.652,1.526,-3.12,-2.278
2021-06-18 11:00:00,4.698,-0.085,-3.164,-3.044
2021-06-18 12:00:00,4.597,1.32,-3.838,-0.821
2021-06-18 13:00:00,5.169,1.038,-3.511,-1.105
2021-06-18 14:00:00,5.283,3.777,-3.43,0.03
2021-06-18 15:00:00,4.976,3.527,-3.071,0.573
2021-06-18 16:00:00,4.806,4.397,-0.833,0.823
2021-06-18 17:00:00,4.555,3.141,-2.828,0.037
2021-06-18 18:00:00,4.288,2.645,-3.006,0.31
2021-06-18 19:00:00,4.148,2.349,-3.038,0.997
2021-06-18 20:00:00,4.405,3.602,-1.726,1.286
2021-06-18 21:00:00,4.004,3.088,-1.925,0.228
2021-06-18 22:00:00,3.675,1.508,-3.236,-0.32
2021-06-18 23:00:00,3.477,2.286,-2.069,-0.403
2021-06-19 00:00:00,3.844,3.63,-0.453,0.59
2021-06-19 01:00:00,3.385,1.404,-2.634,-0.605
2021-06-19 02:00:00,3.3,0.673,-3.093,-0.36
2021-06-19 03:00:00,3.036,1.387,-1.593,-0.315
2021-06-19 04:00:00,2.415,0.758,-0.64,-0.059
2021-06-19 05:00:00,2.912,2.34,-1.134,-0.139
2021-06-19 06:00:00,2.921,1.134,-1.883,-0.771
2021-06-19 07:00:00,2.874,-1.462,-1.969,-0.951
2021-06-19 08:00:00,3.167,-1.637,-2.241,-0.858
2021-06-19 09:00:00,3.152,-1.094,-2.471,-0.521
2021-06-19 10:00:00,3.646,1.631,-2.884,0.304
2021-06-19 11:00:00,3.585,1.621,-3.06,0.389
2021-06-19 12:00:00,3.313,1.76,-2.457,0.203
2021-06-19 13:00:00,3.028,0.843,-2.722,-0.443
2021-06-19 14:00:00,3.237,1.07,-2.775,-0.931
2021-06-19 15:00:00,3.105,1.144,-0.546,-0.789
2021-06-19 16:00:00,3.54,1.657,-2.085,-0.119
2021-06-19 17:00:00,4.357,3.867,-0.921,1.407
2021-06-19 18:00:00,4.196,3.087,-2.083,1.416
2021-06-19 19:00:00,3.879,1.557,-3.065,1.393
2021-06-19 20:00:00,4.165,2.665,-2.35,1.658
2021-06-19 21:00:00,4.109,1.523,-3.263,0.935
2021-06-19 22:00:00,4.165,3.41,-1.663,1.304
2021-06-19 23:00:00,3.878,1.714,-2.832,1.385
2021-06-20 00:00:00,3.625,-0.624,-3.263,0.477
2021-06-20 01:00:00,3.809,3.48,-0.767,-0.074
2021-06-20 02:00:00,3.641,2.562,0.458,2.098
2021-06-20 03:00:00,2.663,0.927,-1.702,0.137
2021-06-20 04:00:00,2.577,0.355,-1.69,0.26
2021-06-20 05:00:00,2.372,1.099,-0.748,0.475
2021-06-20 06:00:00,3.122,1.792,-2.044,0.057
2021-06-20 07:00:00,3.544,2.824,-1.582,0.933
2021-06-20 08:00:00,3.532,3.01,-1.011,-0.59
2021-06-20 09:00:00,3.462,1.822,-1.603,2.175
2021-06-20 10:00:00,3.588,3.189,-0.48,0.344
2021-06-20 11:00:00,3.762,3.409,-1.084,0.661
2021-06-20 12:00:00,3.812,2.754,-1.757,1.455
2021-06-20 13:00:00,3.829,1.562,-2.618,1.943
2021-06-20 14:00:00,3.855,1.729,-2.899,1.334
2021-06-20 15:00:00,3.832,0.802,-3.39,1.205
2021-06-20 16:00:00,4.016,0.893,-3.594,1.184
2021-06-20 17:00:00,4.232,0.926,-3.601,1.702
2021-06-20 18:00:00,4.69,0.985,-4.156,1.671
2021-06-20 19:00:00,5.251,-0.208,-4.865,1.493
2021-06-20 20:00:00,5.125,-2.841,-3.261,-2.36
2021-06-20 21:00:00,4.554,-2.401,-3.257,-1.944
2021-06-20 22:00:00,4.033,-2.484,-2.738,-1.419
2021-06-20 23:00:00,4.176,-2.377,-2.78,-1.416
2021-06-21 00:00:00,4.725,-0.356,-4.623,-0.512
2021-06-21 01:00:00,4.58,-0.168,-4.482,0.01
2021-06-21 02:00:00,4.32,1.171,-3.948,1.181
2021-06-21 03:00:00,3.951,2.226,-2.324,1.854
2021-06-21 04:00:00,3.559,1.726,-2.738,1.156
2021-06-21 05:00:00,4.142,2.688,-2.607,1.604
2021-06-21 06:00:00,4.492,3.251,-1.879,2.216
2021-06-21 07:00:00,3.939,2.541,-2.416,0.346
2021-06-21 08:00:00,4.268,3.851,-1.584,0.274
2021-06-21 09:00:00,4.234,3.532,-2.059,0.419
2021-06-21 10:00:00,4.76,3.076,-1.744,0.513
2021-06-21 11:00:00,4.62,1.413,-4.164,-0.617
2021-06-21 12:00:00,4.577,2.966,-3.202,0.101
2021-06-21 13:00:00,4.746,2.186,-3.92,-0.933
2021-06-21 14:00:00,4.52,3.435,-1.23,1.348
2021-06-21 15:00:00,4.406,3.464,-2.108,-0.783
2021-06-21 16:00:00,4.42,2.481,-3.021,-0.623
2021-06-21 17:00:00,4.967,1.353,-4.56,0.089
2021-06-21 18:00:00,5.188,1.429,-4.484,-0.719
2021-06-21 19:00:00,5.142,1.785,-2.955,-0.012
2021-06-21 20:00:00,5.364,3.221,-2.748,2.613
2021-06-21 21:00:00,5.688,3.119,-3.977,1.598
2021-06-21 22:00:00,5.702,1.648,-5.017,0.673
2021-06-21 23:00:00,6.045,1.668,-5.089,-0.286
2021-06-22 00:00:00,6.503,3.326,-4.87,1.416
2021-06-22 01:00:00,5.895,1.653,-5.29,0.662
2021-06-22 02:00:00,5.368,-0.038,-2.624,-2.719
2021-06-22 03:00:00,6.6,-0.982,-4.148,-4.162
2021-06-22 04:00:00,6.749,0.181,-5.985,-2.806
2021-06-22 05:00:00,7.885,0.103,-7.704,-1.558
2021-06-22 06:00:00,7.816,-0.956,-7.646,-1.018
2021-06-22 07:00:00,8.095,-0.378,-7.921,-1.463
2021-06-22 08:00:00,7.82,-0.446,-7.678,-1.172
2021-06-22 09:00:00,7.854,0.454,-7.663,-1.372
2021-06-22 10:00:00,8.051,1.745,-7.558,-1.952
2021-06-22 11:00:00,8.282,1.886,-7.919,-0.929
2021-06-22 12:00:00,6.768,-0.049,-2.704,4.346
2021-06-22 13:00:00,4.945,-1.008,1.129,4.286
2021-06-22 14:00:00,3.264,0.283,1.923,1.123
2021-06-22 15:00:00,4.066,0.171,-3.49,0.075
2021-06-22 16:00:00,3.597,0.494,-1.2,3.026
2021-06-22 17:00:00,4.664,1.292,-2.924,2.809
2021-06-22 18:00:00,3.964,1.539,-2.985,1.428
2021-06-22 19:00:00,3.665,1.769,-0.952,2.171
2021-06-22 20:00:00,3.158,1.813,0.526,-1.786
2021-06-22 21:00:00,4.108,2.451,-2.063,-1.737
2021-06-22 22:00:00,3.894,1.74,-2.186,-1.427
2021-06-22 23:00:00,3.537,1.823,-2.121,0.185
2021-06-23 00:00:00,4.032,1.443,-3.108,-1.08
2021-06-23 01:00:00,4.38,1.889,-3.827,0.374
2021-06-23 02:00:00,4.316,2.093,-3.458,1.324
2021-06-23 03:00:00,4.221,-1.686,3.32,0.301
2021-06-23 04:00:00,4.362,-2.301,3.636,0.356
2021-06-23 05:00:00,4.69,-2.491,3.867,0.396
2021-06-23 06:00:00,4.775,-3.459,2.972,1.083
2021-06-23 07:00:00,4.798,-3.303,2.965,0.963
2021-06-23 08:00:00,4.293,1.824,-1.882,2.876
2021-06-23 09:00:00,4.328,-0.911,0.091,2.704
2021-06-23 10:00:00,4.026,-2.336,1.496,1.518
2021-06-23 11:00:00,4.044,0.745,-3.123,1.583
2021-06-23 12:00:00,4.238,-1.796,-1.075,3.242
2021-06-23 13:00:00,4.177,-2.92,2.173,1.289
2021-06-23 14:00:00,4.391,-3.184,2.154,1.942
2021-06-23 15:00:00,4.393,-3.073,2.582,1.576
2021-06-23 16:00:00,4.471,-3.008,3.119,0.78
2021-06-23 17:00:00,4.446,-2.513,3.566,-0.158
2021-06-23 18:00:00,3.979,-2.433,2.875,0.037
2021-06-23 19:00:00,3.805,-2.446,2.719,0.536
2021-06-23 20:00:00,3.887,-2.277,2.901,0.878
2021-06-23 21:00:00,3.746,-2.292,2.828,0.651
2021-06-23 22:00:00,3.736,-2.19,2.518,1.079
2021-06-23 23:00:00,3.675,-2.688,1.371,1.925
2021-06-24 00:00:00,3.8,-2.02,2.871,1.186
2021-06-24 01:00:00,3.646,-2.09,2.915,0.013
2021-06-24 02:00:00,3.302,-1.867,2.406,0.136
2021-06-24 03:00:00,3.767,-2.51,2.317,-1.405
2021-06-24 04:00:00,3.94,-2.823,2.486,0.416
2021-06-24 05:00:00,3.837,-1.852,2.776,-1.234
2021-06-24 06:00:00,3.762,-1.835,2.338,-1.765
2021-06-24 07:00:00,3.513,-1.703,2.403,-0.208
2021-06-24 08:00:00,3.841,-2.304,2.805,0.261
2021-06-24 09:00:00,4.082,-2.746,2.261,-0.191
2021-06-24 10:00:00,3.95,-2.205,1.506,-1.275
2021-06-24 11:00:00,4.136,-2.284,3.209,-0.644
2021-06-24 12:00:00,3.981,-2.057,2.512,-0.138
2021-06-24 13:00:00,5.217,-0.466,-0.841,2.67
2021-06-24 14:00:00,5.571,-0.101,-1.315,3.64
2021-06-24 15:00:00,5.495,0.331,-3.898,2.405
2021-06-24 16:00:00,5.703,0.38,-4.059,3.6
2021-06-24 17:00:00,6.291,2.646,-4.88,2.288
2021-06-24 18:00:00,5.662,-0.328,-0.339,4.078
2021-06-24 19:00:00,6.437,1.557,-1.667,1.749
2021-06-24 20:00:00,6.353,0.399,-5.022,-1.046
2021-06-24 21:00:00,6.533,1.365,-5.898,-1.536
2021-06-24 22:00:00,8.258,0.899,-7.23,3.001
2021-06-24 23:00:00,8.473,-1.426,-3.971,-5.282
2021-06-25 00:00:00,6.544,-1.654,-1.795,-5.476
2021-06-25 01:00:00,4.875,-1.844,0.831,3.303
2021-06-25 02:00:00,5.154,0.486,-2.178,3.621
2021-06-25 03:00:00,6.137,-1.757,0.844,3.758
2021-06-25 04:00:00,6.529,-1.67,3.398,3.427
2021-06-25 05:00:00,6.696,-3.209,4.463,2.735
2021-06-25 06:00:00,5.481,-4.058,2.581,0.017
2021-06-25 07:00:00,4.931,-3.098,0.856,-1.415
2021-06-25 08:00:00,4.911,0.952,-3.959,-1.769
2021-06-25 09:00:00,3.909,-0.485,-1.162,-1.141
2021-06-25 10:00:00,4.071,-2.351,2.328,-0.156
2021-06-25 11:00:00,4.219,-2.583,2.542,0.242
2021-06-25 12:00:00,4.243,-2.176,2.598,1.364
2021-06-25 13:00:00,5.142,-1.863,4.204,1.733
2021-06-25 14:00:00,4.97,-1.893,3.943,1.492
2021-06-25 15:00:00,4.46,-1.152,3.785,-0.507
2021-06-25 16:00:00,4.099,-1.499,1.397,0.176
2021-06-25 17:00:00,3.853,-0.899,2.658,0.442
2021-06-25 18:00:00,3.947,-1.322,0.476,2.782
2021-06-25 19:00:00,3.672,-2.039,1.031,1.688
2021-06-25 20:00:00,3.504,-1.068,1.7,2.28
2021-06-25 21:00:00,3.871,-1.195,0.745,2.896
2021-06-25 22:00:00,4.081,-0.011,3.495,0.648
2021-06-25 23:00:00,4.097,-0.266,3.757,0.814
2021-06-26 00:00:00,3.847,-1.262,2.831,0.951
2021-06-26 01:00:00,4.009,-0.403,2.607,1.967
2021-06-26 02:00:00,4.108,-0.029,3.495,1.385
2021-06-26 03:00:00,3.984,-0.046,3.659,0.581
2021-06-26 04:00:00,4.58,-0.063,4.135,-0.545
2021-06-26 05:00:00,4.71,0.862,3.809,1.497
2021-06-26 06:00:00,4.321,-2.285,2.428,1.277
2021-06-26 07:00:00,4.769,-0.674,4.328,-1.581
2021-06-26 08:00:00,4.33,-0.244,4.129,-0.761
2021-06-26 09:00:00,3.716,-0.965,2.761,-0.634
2021-06-26 10:00:00,5.054,1.78,4.088,-1.776
2021-06-26 11:00:00,4.794,0.522,3.638,-1.489
2021-06-26 12:00:00,5.026,0.657,4.382,-1.545
2021-06-26 13:00:00,5.416,-0.7,4.808,-0.865
2021-06-26 14:00:00,5.666,-0.744,5.121,1.668
2021-06-26 15:00:00,5.315,-1.893,2.302,4.022
2021-06-26 16:00:00,5.106,-0.523,4.356,1.517
2021-06-26 17:00:00,4.689,-2.182,3.294,1.068
2021-06-26 18:00:00,4.746,-2.746,2.457,2.1
2021-06-26 19:00:00,4.439,-2.951,0.426,2.889
2021-06-26 20:00:00,4.141,-2.582,0.514,2.5
2021-06-26 21:00:00,3.949,-3.097,1.663,1.432
2021-06-26 22:00:00,3.891,-2.225,2.559,0.613
2021-06-26 23:00:00,4.171,-0.448,3.2,-0.214
2021-06-27 00:00:00,4.472,0.327,4.131,-0.13
2021-06-27 01:00:00,4.501,0.813,4.232,0.147
2021-06-27 02:00:00,4.202,-3.45,0.169,2.122
2021-06-27 03:00:00,3.774,-1.679,2.769,0.892
2021-06-27 04:00:00,3.54,-1.508,2.868,0.568
2021-06-27 05:00:00,3.678,-0.511,3.382,-0.468
2021-06-27 06:00:00,3.848,-0.432,3.172,-0.725
2021-06-27 07:00:00,4.056,1.505,2.451,-0.893
2021-06-27 08:00:00,4.175,2.895,2.068,-0.661
2021-06-27 09:00:00,4.206,1.638,3.335,-1.392
2021-06-27 10:00:00,3.685,0.42,1.524,-0.225
2021-06-27 11:00:00,3.704,0.145,1.427,-0.357
2021-06-27 12:00:00,3.829,0.071,3.26,-0.665
2021-06-27 13:00:00,3.978,-3.286,1.693,0.739
2021-06-27 14:00:00,3.889,-3.462,1.296,0.886
2021-06-27 15:00:00,3.744,-3.343,0.837,1.309
2021-06-27 16:00:00,3.572,-2.068,2.07,0.5
2021-06-27 17:00:00,3.571,-2.256,1.623,-0.681
2021-06-27 18:00:00,3.571,-2.011,2.191,-1.09
2021-06-27 19:00:00,4.243,-3.57,0.569,1.231
2021-06-27 20:00:00,3.838,-2.965,1.836,0.585
2021-06-27 21:00:00,2.777,-0.195,2.044,-0.09
2021-06-27 22:00:00,3.167,1.324,1.876,-1.126
2021-06-27 23:00:00,3.525,1.431,2.142,-0.03
2021-06-28 00:00:00,4.687,0.685,3.782,-1.053
2021-06-28 01:00:00,4.563,-1.885,3.747,1.64
2021-06-28 02:00:00,3.665,-2.322,1.925,1.681
2021-06-28 03:00:00,3.895,-2.805,2.096,0.576
2021-06-28 04:00:00,3.858,-2.264,2.971,0.533
2021-06-28 05:00:00,3.758,-1.958,3.149,-0.221
2021-06-28 06:00:00,2.861,-0.314,2.057,-0.01
2021-06-28 07:00:00,1.878,1.188,1.182,0.299
2021-06-28 08:00:00,2.553,1.975,1.437,-0.095
2021-06-28 09:00:00,2.791,-0.451,0.828,0.845
2021-06-28 10:00:00,2.793,0.093,1.614,0.536
2021-06-28 11:00:00,2.489,0.215,2.082,-0.048
2021-06-28 12:00:00,2.246,0.743,0.449,-0.428
2021-06-28 13:00:00,1.268,-0.443,0.643,-0.137
2021-06-28 14:00:00,1.0,-0.341,0.327,0.061
2021-06-28 15:00:00,1.489,-0.919,0.654,-0.108
2021-06-28 16:00:00,1.645,-1.42,0.503,0.106
2021-06-28 17:00:00,1.897,-1.633,0.649,0.16
2021-06-28 18:00:00,2.015,-1.725,0.751,-0.088
2021-06-28 19:00:00,2.153,-1.713,0.833,-0.424
2021-06-28 20:00:00,2.148,-1.892,0.179,0.626
2021-06-28 21:00:00,1.998,-1.046,-0.188,-1.236
2021-06-28 22:00:00,2.08,-1.705,0.038,-0.744
2021-06-28 23:00:00,2.394,-2.257,0.089,0.092
2021-06-29 00:00:00,2.83,-1.946,1.399,1.16
2021-06-29 01:00:00,2.7,-1.93,1.364,1.091
2021-06-29 02:00:00,3.211,-1.887,1.757,1.0
2021-06-29 03:00:00,3.338,-1.951,1.83,1.103
2021-06-29 04:00:00,3.24,-1.152,2.313,0.187
2021-06-29 05:00:00,3.121,-1.75,2.424,0.382
2021-06-29 06:00:00,3.404,-1.626,2.794,0.001
2021-06-29 07:00:00,3.533,-1.586,1.857,0.416
2021-06-29 08:00:00,3.908,-3.092,-0.267,2.101
2021-06-29 09:00:00,4.17,-3.715,1.109,1.16
2021-06-29 10:00:00,3.949,-2.93,2.027,0.493
2021-06-29 11:00:00,3.91,-0.672,3.449,-0.1
2021-06-29 12:00:00,3.999,1.928,2.919,-1.435
2021-06-29 13:00:00,4.822,0.632,1.874,-0.094
2021-06-29 14:00:00,4.853,0.646,2.776,-1.216
2021-06-29 15:00:00,4.906,2.3,0.987,-3.618
2021-06-29 16:00:00,4.435,1.969,-0.424,-2.383
2021-06-29 17:00:00,4.653,2.927,1.938,-2.384
2021-06-29 18:00:00,3.57,2.179,0.037,-2.014
2021-06-29 19:00:00,3.22,1.561,2.341,-1.022
2021-06-29 20:00:00,3.06,0.535,2.802,0.595
2021-06-29 21:00:00,3.273,0.295,2.94,0.196
2021-06-29 22:00:00,3.599,-1.442,2.395,1.746
2021-06-29 23:00:00,3.558,-1.663,2.039,2.162
2021-06-30 00:00:00,3.099,-0.781,1.974,2.05
2021-06-30 01:00:00,2.623,0.002,1.617,1.733
2021-06-30 02:00:00,3.405,0.303,2.889,-0.975
2021-06-30 03:00:00,4.991,-0.627,3.495,-1.706
2021-06-30 04:00:00,5.799,-1.54,2.991,-1.781
2021-06-30 05:00:00,5.917,-0.362,3.764,-3.834
2021-06-30 06:00:00,6.364,1.937,2.077,-5.298
2021-06-30 07:00:00,8.56,1.284,3.172,-7.668
2021-06-30 08:00:00,7.979,-4.908,3.084,-0.71
2021-06-30 09:00:00,9.35,-6.972,2.706,5.074
2021-06-30 10:00:00,8.038,-6.99,2.417,0.096
2021-06-30 11:00:00,7.754,-7.593,0.955,0.174
2021-06-30 12:00:00,7.696,-7.59,0.425,-0.189
2021-06-30 13:00:00,7.45,-6.286,2.221,-1.211
2021-06-30 14:00:00,6.215,-4.742,1.482,2.511
2021-06-30 15:00:00,7.63,0.57,2.998,-1.988
2021-06-30 16:00:00,6.653,-3.563,4.252,-0.381
2021-06-30 17:00:00,6.213,2.764,0.547,-2.733
2021-06-30 18:00:00,8.156,4.612,1.584,-5.871
2021-06-30 19:00:00,9.309,6.566,0.816,-6.058
2021-06-30 20:00:00,9.518,4.324,-5.642,-5.478
2021-06-30 21:00:00,8.829,-0.881,-3.658,5.474
2021-06-30 22:00:00,9.863,3.945,-7.993,1.595
2021-06-30 23:00:00,11.057,6.074,-8.751,1.014
2021-07-01 00:00:00,10.513,6.613,-0.254,-5.335
2021-07-01 01:00:00,11.309,-4.043,-5.387,7.512
2021-07-01 02:00:00,10.299,-2.361,-6.088,7.446
2021-07-01 03:00:00,12.568,-7.164,-2.18,9.912
2021-07-01 04:00:00,8.389,-4.614,0.749,6.553
2021-07-01 05:00:00,8.828,-5.743,-0.135,6.422
2021-07-01 06:00:00,9.327,-6.343,1.163,6.502
2021-07-01 07:00:00,9.508,-6.365,0.502,6.953
2021-07-01 08:00:00,8.768,-6.854,1.952,4.997
2021-07-01 09:00:00,9.408,-7.468,4.037,3.871
2021-07-01 10:00:00,8.928,-6.835,4.076,3.772
2021-07-01 11:00:00,8.274,-6.26,3.187,4.292
2021-07-01 12:00:00,8.152,-5.203,3.646,4.978
2021-07-01 13:00:00,7.711,-4.638,3.97,4.456
2021-07-01 14:00:00,7.103,-3.305,3.891,4.184
2021-07-01 15:00:00,6.817,-1.209,4.346,4.475
2021-07-01 16:00:00,6.232,-5.722,1.582,1.44
2021-07-01 17:00:00,4.905,-2.562,2.581,1.185
2021-07-01 18:00:00,4.577,-0.781,1.594,3.57
2021-07-01 19:00:00,5.02,-2.404,0.574,2.292
2021-07-01 20:00:00,6.448,-5.352,0.795,3.046
2021-07-01 21:00:00,7.34,-5.747,3.297,2.891
2021-07-01 22:00:00,6.866,-5.094,3.851,0.726
2021-07-01 23:00:00,7.114,-4.724,4.497,0.502
2021-07-02 00:00:00,7.022,-4.098,5.498,-0.138
2021-07-02 01:00:00,7.072,-4.647,5.101,0.795
2021-07-02 02:00:00,7.172,-4.679,5.015,1.556
2021-07-02 03:00:00,6.984,-4.671,4.759,-0.118
2021-07-02 04:00:00,5.867,-2.894,3.864,-0.429
2021-07-02 05:00:00,5.411,-2.095,3.608,1.487
2021-07-02 06:00:00,6.22,-2.665,5.142,1.1
2021-07-02 07:00:00,6.186,-3.605,4.344,0.773
2021-07-02 08:00:00,5.892,-4.489,3.094,0.691
2021-07-02 09:00:00,5.906,-5.459,1.767,-0.617
2021-07-02 10:00:00,5.545,-4.798,1.917,-0.084
2021-07-02 11:00:00,5.417,-4.265,3.087,0.673
2021-07-02 12:00:00,5.545,-2.249,3.687,3.029
2021-07-02 13:00:00,5.293,-1.317,3.28,2.756
2021-07-02 14:00:00,5.088,1.652,-2.104,-2.389
2021-07-02 15:00:00,5.272,3.849,-2.892,-1.757
2021-07-02 16:00:00,5.636,5.144,-1.831,0.594
2021-07-02 17:00:00,5.886,5.22,-2.564,0.208
2021-07-02 18:00:00,5.721,4.945,-2.405,0.734
2021-07-02 19:00:00,5.819,4.965,-2.473,0.094
2021-07-02 20:00:00,4.815,4.176,-2.036,0.082
2021-07-02 21:00:00,4.43,3.811,-1.049,1.005
2021-07-02 22:00:00,4.222,3.311,-2.377,0.135
2021-07-02 23:00:00,4.185,2.716,-1.307,1.052
2021-07-03 00:00:00,4.528,3.284,-2.887,0.041
2021-07-03 01:00:00,4.456,2.958,-2.953,-0.686
2021-07-03 02:00:00,4.502,3.717,-2.067,-0.576
2021-07-03 03:00:00,4.44,4.01,-1.204,-1.06
2021-07-03 04:00:00,4.139,3.161,-1.289,-1.965
2021-07-03 05:00:00,4.151,3.336,-0.151,-2.202
2021-07-03 06:00:00,4.541,3.897,-1.412,-1.557
2021-07-03 07:00:00,4.838,3.804,-2.22,-1.557
2021-07-03 08:00:00,4.745,4.0,-1.499,-1.249
2021-07-03 09:00:00,4.642,4.171,-1.485,-1.152
2021-07-03 10:00:00,4.702,4.169,-1.809,-0.74
2021-07-03 11:00:00,4.667,3.908,-2.283,-0.791
2021-07-03 12:00:00,4.655,3.931,-2.366,-0.156
2021-07-03 13:00:00,4.718,3.935,-2.521,0.004
2021-07-03 14:00:00,3.789,3.232,-1.364,-0.233
2021-07-03 15:00:00,2.775,0.09,0.513,0.315
2021-07-03 16:00:00,3.193,-2.426,1.819,-0.084
2021-07-03 17:00:00,3.131,-2.381,1.872,0.282
2021-07-03 18:00:00,2.929,-1.999,1.977,0.458
2021-07-03 19:00:00,2.993,-1.891,2.074,0.757
2021-07-03 20:00:00,3.283,-2.621,1.791,-0.011
2021-07-03 21:00:00,2.944,-2.359,1.388,0.594
2021-07-03 22:00:00,2.95,-2.491,1.287,0.007
2021-07-03 23:00:00,3.176,-2.681,1.429,0.006
2021-07-04 00:00:00,3.462,0.024,3.079,-0.718
2021-07-04 01:00:00,3.297,-1.308,2.462,-1.22
2021-07-04 02:00:00,3.632,0.004,2.885,-1.956
2021-07-04 03:00:00,3.56,-0.901,3.308,-0.32
2021-07-04 04:00:00,3.246,-1.071,2.953,-0.544
2021-07-04 05:00:00,2.966,-1.022,2.516,-0.923
2021-07-04 06:00:00,1.894,0.114,0.291,-0.327
2021-07-04 07:00:00,2.954,2.268,-1.374,0.889
2021-07-04 08:00:00,3.059,2.586,-0.457,1.339
2021-07-04 09:00:00,2.835,1.924,-1.034,1.633
2021-07-04 10:00:00,2.013,-0.092,-1.248,0.792
2021-07-04 11:00:00,2.547,1.172,-1.663,1.413
2021-07-04 12:00:00,1.785,-0.333,-0.855,1.008
2021-07-04 13:00:00,1.335,-0.853,-0.312,0.632
2021-07-04 14:00:00,1.263,-1.044,0.142,0.119
2021-07-04 15:00:00,1.609,0.173,-0.573,0.404
2021-07-04 16:00:00,1.297,0.027,-0.598,0.436
2021-07-04 17:00:00,2.046,1.649,-0.588,0.695
2021-07-04 18:00:00,2.866,2.62,-0.378,0.892
2021-07-04 19:00:00,2.882,2.676,-0.378,0.724
2021-07-04 20:00:00,2.188,1.437,-0.476,0.664
2021-07-04 21:00:00,1.255,-0.366,-0.4,-0.08
2021-07-04 22:00:00,1.53,-1.346,0.225,0.018
2021-07-04 23:00:00,1.328,-1.079,-0.131,0.262
2021-07-05 00:00:00,1.95,-1.02,-1.37,0.104
2021-07-05 01:00:00,3.262,-0.83,-2.638,-0.854
2021-07-05 02:00:00,3.489,3.107,0.965,0.231
2021-07-05 03:00:00,4.695,3.348,1.946,0.555
2021-07-05 04:00:00,6.134,1.971,1.078,5.607
2021-07-05 05:00:00,6.453,1.704,-1.32,5.973
2021-07-05 06:00:00,6.441,3.314,-3.266,3.846
2021-07-05 07:00:00,5.013,-1.194,-3.211,3.1
2021-07-05 08:00:00,6.11,-3.631,-3.586,3.069
2021-07-05 09:00:00,6.894,-3.54,-5.565,1.455
2021-07-05 10:00:00,7.277,-4.602,-5.121,-1.757
2021-07-05 11:00:00,7.458,-3.842,-5.59,-2.884
2021-07-05 12:00:00,7.629,-3.351,-5.469,-3.87
2021-07-05 13:00:00,7.829,-2.768,-5.216,-4.972
2021-07-05 14:00:00,7.655,-2.909,-3.581,-6.045
2021-07-05 15:00:00,7.076,-1.203,-2.283,-6.341
2021-07-05 16:00:00,7.752,-0.43,-1.371,-7.542
2021-07-05 17:00:00,7.311,-0.319,-0.893,-7.006
2021-07-05 18:00:00,7.286,0.449,0.681,-7.115
2021-07-05 19:00:00,7.244,0.602,1.843,-6.891
2021-07-05 20:00:00,7.122,0.03,3.017,-6.322
2021-07-05 21:00:00,6.729,-0.089,3.474,-5.662
2021-07-05 22:00:00,6.003,-0.328,3.167,-4.866
2021-07-05 23:00:00,6.192,-0.367,3.323,-5.145
2021-07-06 00:00:00,5.419,-0.835,3.857,-1.275
2021-07-06 01:00:00,5.254,-2.501,3.963,-0.046
2021-07-06 02:00:00,5.145,1.828,-1.639,-0.853
2021-07-06 03:00:00,4.351,2.567,2.147,-0.626
2021-07-06 04:00:00,6.02,2.776,3.538,-2.03
2021-07-06 05:00:00,5.996,2.385,1.595,-3.837
2021-07-06 06:00:00,5.549,3.334,2.893,-0.597
2021-07-06 07:00:00,5.533,1.841,-3.497,2.762
2021-07-06 08:00:00,6.305,3.953,-4.081,0.669
2021-07-06 09:00:00,5.612,3.054,-3.629,-0.564
2021-07-06 10:00:00,7.262,4.754,-5.099,-1.407
2021-07-06 11:00:00,7.746,4.262,-3.447,-4.93
2021-07-06 12:00:00,5.553,-0.379,0.941,-4.993
2021-07-06 13:00:00,4.744,2.167,-3.702,0.071
2021-07-06 14:00:00,4.266,1.943,-3.148,0.59
2021-07-06 15:00:00,4.453,2.108,-2.093,-2.223
2021-07-06 16:00:00,5.779,2.296,-5.045,0.964
2021-07-06 17:00:00,5.871,1.852,-3.985,-1.439
2021-07-06 18:00:00,6.688,0.179,-6.321,0.772
2021-07-06 19:00:00,6.686,1.018,-6.01,2.075
2021-07-06 20:00:00,6.545,1.267,-6.205,1.36
2021-07-06 21:00:00,6.54,1.416,-6.082,1.467
2021-07-06 22:00:00,6.37,1.557,-5.801,1.884
2021-07-06 23:00:00,6.573,2.093,-5.764,2.076
2021-07-07 00:00:00,6.407,2.682,-5.399,1.234
2021-07-07 01:00:00,6.177,1.741,-5.096,-1.773
2021-07-07 02:00:00,6.776,0.719,-6.387,-1.457
2021-07-07 03:00:00,6.416,1.0,-5.847,-1.257
2021-07-07 04:00:00,6.751,2.325,-4.62,-3.925
2021-07-07 05:00:00,6.846,3.378,-3.48,-4.74
2021-07-07 06:00:00,6.466,1.939,-0.909,-5.926
2021-07-07 07:00:00,4.978,2.562,-0.913,-3.51
2021-07-07 08:00:00,3.957,-0.643,-2.636,0.359
2021-07-07 09:00:00,4.165,-0.953,-3.793,-0.045
2021-07-07 10:00:00,4.127,0.292,-3.873,0.296
2021-07-07 11:00:00,4.445,1.149,-2.728,-2.339
2021-07-07 12:00:00,4.268,1.641,0.544,-3.212
2021-07-07 13:00:00,2.743,0.433,1.515,-1.13
2021-07-07 14:00:00,1.856,0.122,-1.203,-0.05
2021-07-07 15:00:00,2.201,-0.707,0.134,-1.092
2021-07-07 16:00:00,2.819,-1.045,1.345,-1.76
2021-07-07 17:00:00,2.96,0.625,2.181,-1.659
2021-07-07 18:00:00,4.272,1.52,3.199,-2.115
2021-07-07 19:00:00,5.134,1.646,4.062,-2.231
2021-07-07 20:00:00,5.662,1.522,5.046,-1.55
2021-07-07 21:00:00,7.866,0.911,7.674,-0.407
2021-07-07 22:00:00,7.576,0.857,7.216,1.654
2021-07-07 23:00:00,7.473,2.205,4.593,-3.956
2021-07-08 00:00:00,6.932,1.473,6.52,-0.032
2021-07-08 01:00:00,5.986,1.271,5.508,1.811
2021-07-08 02:00:00,5.294,0.035,4.721,-0.439
2021-07-08 03:00:00,5.453,-0.636,4.561,-1.672
2021-07-08 04:00:00,6.105,-1.311,5.832,-0.035
2021-07-08 05:00:00,6.212,-0.45,6.053,-0.026
2021-07-08 06:00:00,7.361,-1.489,6.866,1.74
2021-07-08 07:00:00,7.718,-1.719,5.773,4.459
2021-07-08 08:00:00,7.114,-1.141,4.369,5.468
2021-07-08 09:00:00,6.21,-0.933,3.876,4.692
2021-07-08 10:00:00,4.613,-1.435,2.739,3.115
2021-07-08 11:00:00,4.863,-0.443,4.548,0.849
2021-07-08 12:00:00,4.129,-1.951,2.5,-0.644
2021-07-08 13:00:00,2.19,-0.439,1.289,-0.385
2021-07-08 14:00:00,2.465,1.142,0.38,1.797
2021-07-08 15:00:00,2.898,1.618,-1.119,1.472
2021-07-08 16:00:00,2.848,0.894,-0.646,1.326
2021-07-08 17:00:00,1.846,0.31,0.889,1.17
2021-07-08 18:00:00,2.338,-0.911,-0.295,1.971
2021-07-08 19:00:00,1.592,0.582,0.504,0.929
2021-07-08 20:00:00,1.843,1.19,0.779,-0.72
2021-07-08 21:00:00,1.758,0.738,1.363,-0.403
2021-07-08 22:00:00,2.255,0.854,1.589,-0.695
2021-07-08 23:00:00,3.743,2.009,1.762,-2.274
2021-07-09 00:00:00,3.346,1.126,2.29,-1.826
2021-07-09 01:00:00,3.773,0.541,3.167,-1.847
2021-07-09 02:00:00,3.878,-0.261,3.701,-0.838
2021-07-09 03:00:00,3.994,-0.22,3.941,0.059
2021-07-09 04:00:00,4.271,-0.056,4.131,-0.848
2021-07-09 05:00:00,4.569,-0.294,4.405,-0.926
2021-07-09 06:00:00,4.683,-0.092,4.413,-1.247
2021-07-09 07:00:00,4.608,0.593,4.393,-0.349
2021-07-09 08:00:00,5.537,1.352,5.028,-0.92
2021-07-09 09:00:00,5.34,-0.233,4.727,-0.144
2021-07-09 10:00:00,5.299,-0.226,5.008,0.49
2021-07-09 11:00:00,5.113,-0.482,4.417,2.003
2021-07-09 12:00:00,5.35,-1.842,3.374,3.274
2021-07-09 13:00:00,5.358,-0.228,1.03,4.998
2021-07-09 14:00:00,4.792,-1.172,2.962,3.018
2021-07-09 15:00:00,4.762,-1.346,1.613,3.955
2021-07-09 16:00:00,5.447,-1.893,0.674,4.993
2021-07-09 17:00:00,5.014,-2.26,1.388,4.094
2021-07-09 18:00:00,4.393,-1.119,1.245,3.886
2021-07-09 19:00:00,4.316,0.235,0.052,4.251
2021-07-09 20:00:00,5.197,-1.446,1.701,4.058
2021-07-09 21:00:00,5.835,-1.253,2.18,4.205
2021-07-09 22:00:00,4.497,-1.98,3.148,1.642
2021-07-09 23:00:00,6.063,-2.379,0.568,-4.33
2021-07-10 00:00:00,7.302,-2.373,-0.77,-5.758
2021-07-10 01:00:00,9.468,-5.803,1.837,-6.237
2021-07-10 02:00:00,10.975,-5.98,7.242,-4.566
2021-07-10 03:00:00,10.624,-5.335,7.738,2.874
2021-07-10 04:00:00,8.385,-6.534,2.136,4.58
2021-07-10 05:00:00,8.137,-5.671,2.291,4.933
2021-07-10 06:00:00,8.17,-4.31,0.632,6.634
2021-07-10 07:00:00,7.565,-2.858,-2.718,6.117
2021-07-10 08:00:00,7.276,-3.086,-4.028,4.735
2021-07-10 09:00:00,7.881,-4.83,-2.34,5.632
2021-07-10 10:00:00,7.836,-6.089,0.802,4.675
2021-07-10 11:00:00,7.475,-6.093,2.204,3.128
2021-07-10 12:00:00,7.14,-5.603,3.585,2.341
2021-07-10 13:00:00,6.852,-5.162,3.516,1.441
2021-07-10 14:00:00,6.751,-2.634,5.798,-1.867
2021-07-10 15:00:00,7.216,-4.554,4.626,2.188
2021-07-10 16:00:00,6.985,-3.98,2.277,5.019
2021-07-10 17:00:00,5.775,-3.059,3.424,1.689
2021-07-10 18:00:00,4.619,3.056,2.307,-1.962
2021-07-10 19:00:00,3.776,1.528,2.895,-0.091
2021-07-10 20:00:00,3.82,0.938,3.207,-1.232
2021-07-10 21:00:00,4.956,3.227,3.308,-1.049
2021-07-10 22:00:00,4.79,3.51,2.994,-0.424
2021-07-10 23:00:00,4.346,1.572,2.635,2.223
2021-07-11 00:00:00,4.072,-0.568,1.647,3.377
2021-07-11 01:00:00,3.983,-1.695,1.283,3.199
2021-07-11 02:00:00,3.612,-1.097,0.857,3.196
2021-07-11 03:00:00,3.542,-0.239,1.65,2.894
2021-07-11 04:00:00,3.351,-1.567,1.536,2.339
2021-07-11 05:00:00,2.821,-0.42,0.876,2.419
2021-07-11 06:00:00,2.449,0.109,-1.112,1.484
2021-07-11 07:00:00,2.295,1.278,-0.115,0.707
2021-07-11 08:00:00,3.212,2.27,1.661,0.727
2021-07-11 09:00:00,3.176,2.48,0.976,1.228
2021-07-11 10:00:00,2.396,0.519,0.633,2.162
2021-07-11 11:00:00,2.116,-0.081,0.194,1.94
2021-07-11 12:00:00,2.095,0.186,-0.029,-0.323
2021-07-11 13:00:00,2.584,-0.498,1.637,-0.242
2021-07-11 14:00:00,3.132,0.854,2.017,1.353
2021-07-11 15:00:00,2.934,-2.573,0.561,0.945
2021-07-11 16:00:00,3.267,-3.14,0.24,0.551
2021-07-11 17:00:00,3.466,-3.393,-0.139,-0.014
2021-07-11 18:00:00,3.823,-3.726,-0.326,-0.406
2021-07-11 19:00:00,4.234,-4.058,-0.782,-0.603
2021-07-11 20:00:00,4.415,-4.196,-0.333,-1.004
2021-07-11 21:00:00,3.327,-2.854,-1.112,-0.628
2021-07-11 22:00:00,2.431,-1.861,-1.284,0.312
2021-07-11 23:00:00,2.398,-1.485,-0.671,1.152
2021-07-12 00:00:00,2.931,-1.182,-0.491,2.145
2021-07-12 01:00:00,3.867,-1.712,-0.8,3.249
2021-07-12 02:00:00,4.915,-2.416,2.073,3.35
2021-07-12 03:00:00,5.209,-2.544,4.153,0.821
2021-07-12 04:00:00,5.492,-1.711,5.096,0.295
2021-07-12 05:00:00,5.311,-2.597,4.25,-1.077
2021-07-12 06:00:00,3.433,-1.785,-0.832,-2.296
2021-07-12 07:00:00,2.906,-0.843,-1.22,-1.604
2021-07-12 08:00:00,2.746,0.616,-1.746,-1.415
2021-07-12 09:00:00,3.331,1.946,-1.322,0.301
2021-07-12 10:00:00,3.821,1.14,3.345,1.144
2021-07-12 11:00:00,4.26,3.062,1.405,1.138
2021-07-12 12:00:00,8.01,7.283,0.115,1.962
2021-07-12 13:00:00,7.234,4.025,-2.507,-2.737
2021-07-12 14:00:00,6.42,2.737,-3.44,-4.043
2021-07-12 15:00:00,7.016,2.377,-3.562,-3.586
2021-07-12 16:00:00,5.985,1.074,-1.048,-0.714
2021-07-12 17:00:00,7.437,-1.17,-1.556,0.372
2021-07-12 18:00:00,6.083,2.76,-3.233,-0.549
2021-07-12 19:00:00,6.312,4.907,-2.573,2.14
2021-07-12 20:00:00,5.688,1.227,-3.874,1.186
2021-07-12 21:00:00,6.797,0.2,-4.516,-1.869
2021-07-12 22:00:00,8.816,-1.065,-6.204,-5.332
2021-07-12 23:00:00,9.293,0.876,-6.911,-5.761
2021-07-13 00:00:00,8.918,3.103,-7.338,-3.86
2021-07-13 01:00:00,8.591,3.993,-6.699,-3.362
2021-07-13 02:00:00,7.993,5.094,-5.578,-1.21
2021-07-13 03:00:00,7.352,6.646,-2.667,0.377
2021-07-13 04:00:00,7.472,6.975,-1.975,1.256
2021-07-13 05:00:00,6.844,5.359,-3.85,0.76
2021-07-13 06:00:00,5.981,4.56,-3.678,0.913
2021-07-13 07:00:00,5.782,4.113,-3.642,0.673
2021-07-13 08:00:00,4.833,3.562,-2.708,1.24
2021-07-13 09:00:00,4.801,2.806,-2.02,1.518
2021-07-13 10:00:00,5.068,4.158,-2.71,-0.252
2021-07-13 11:00:00,3.815,3.21,-1.218,-1.016
2021-07-13 12:00:00,4.45,3.238,-2.653,0.408
2021-07-13 13:00:00,3.775,2.553,-2.613,0.532
2021-07-13 14:00:00,3.502,2.043,-2.11,-0.064
2021-07-13 15:00:00,3.603,-0.437,-0.284,-1.435
2021-07-13 16:00:00,4.213,3.753,-0.327,0.431
2021-07-13 17:00:00,3.183,-0.928,1.628,0.057
2021-07-13 18:00:00,3.354,-1.053,-2.061,-1.87
2021-07-13 19:00:00,3.162,-1.404,-1.038,-2.138
2021-07-13 20:00:00,3.766,-2.867,-0.461,-2.004
2021-07-13 21:00:00,3.623,-2.695,1.792,-0.717
2021-07-13 22:00:00,3.079,-1.49,2.361,0.237
2021-07-13 23:00:00,2.712,-1.25,1.725,0.729
2021-07-14 00:00:00,2.6,-2.193,-0.011,-0.408
2021-07-14 01:00:00,2.682,-1.707,1.17,0.869
2021-07-14 02:00:00,1.864,-0.176,-0.871,0.084
2021-07-14 03:00:00,2.399,0.891,-0.85,-1.469
2021-07-14 04:00:00,3.672,1.3,-1.712,-2.841
2021-07-14 05:00:00,4.692,2.186,-2.488,-3.124
2021-07-14 06:00:00,4.247,1.668,-2.565,-1.016
2021-07-14 07:00:00,2.981,1.639,-1.973,0.13
2021-07-14 08:00:00,3.165,2.495,-1.377,-0.551
2021-07-14 09:00:00,5.637,-0.254,-0.649,-4.567
2021-07-14 10:00:00,10.506,-3.644,6.637,-3.257
2021-07-14 11:00:00,11.041,4.499,-9.936,0.095
2021-07-14 12:00:00,10.036,0.995,-0.942,0.879
2021-07-14 13:00:00,11.583,1.744,-9.045,-6.071
2021-07-14 14:00:00,10.712,1.984,-7.486,-5.732
2021-07-14 15:00:00,11.237,-2.692,-5.233,-9.307
2021-07-14 16:00:00,11.712,-2.586,-2.546,-10.8
2021-07-14 17:00:00,10.732,-0.536,-5.517,-4.622
2021-07-14 18:00:00,9.575,-3.878,-3.906,-6.224
2021-07-14 19:00:00,8.798,0.152,-8.111,-1.662
2021-07-14 20:00:00,8.248,-4.315,-1.171,-4.321
2021-07-14 21:00:00,6.262,0.751,-4.134,0.286
2021-07-14 22:00:00,7.267,1.374,-6.39,-1.635
2021-07-14 23:00:00,5.144,-1.023,-4.02,-0.821
2021-07-15 00:00:00,4.685,-2.447,-2.7,-1.634
2021-07-15 01:00:00,4.677,-1.893,-2.359,-1.891
2021-07-15 02:00:00,4.634,0.146,-2.824,-2.626
2021-07-15 03:00:00,5.363,-3.745,-1.473,-2.953
2021-07-15 04:00:00,6.087,2.614,-3.086,-1.703
2021-07-15 05:00:00,7.036,4.083,-5.069,-2.223
2021-07-15 06:00:00,6.542,-0.143,-4.878,-4.037
2021-07-15 07:00:00,6.545,0.246,-4.818,-4.257
2021-07-15 08:00:00,5.83,0.346,-4.472,-3.436
2021-07-15 09:00:00,5.378,3.925,-0.513,0.991
2021-07-15 10:00:00,5.689,0.854,-2.772,-2.088
2021-07-15 11:00:00,7.983,0.996,-6.342,-3.767
2021-07-15 12:00:00,7.729,4.514,-4.861,2.243
2021-07-15 13:00:00,7.098,4.38,-4.333,1.585
2021-07-15 14:00:00,6.34,3.179,-3.83,2.83
2021-07-15 15:00:00,7.128,1.923,-5.426,-0.323
2021-07-15 16:00:00,6.462,-1.879,-3.215,-3.37
2021-07-15 17:00:00,6.541,-2.128,-4.123,-0.543
2021-07-15 18:00:00,6.509,-2.195,-3.15,-3.049
2021-07-15 19:00:00,4.22,2.195,-1.869,-1.076
2021-07-15 20:00:00,3.663,-0.181,-2.635,-0.923
2021-07-15 21:00:00,3.484,0.305,-2.808,-0.43
2021-07-15 22:00:00,3.315,0.0,-1.232,-2.488
2021-07-15 23:00:00,3.365,1.29,-0.684,-0.674
2021-07-16 00:00:00,3.305,3.041,-0.647,-0.293
2021-07-16 01:00:00,2.859,2.141,0.68,-0.596
2021-07-16 02:00:00,2.689,0.372,-1.064,0.839
2021-07-16 03:00:00,3.258,-1.193,-2.49,0.675
2021-07-16 04:00:00,3.122,-0.914,-1.758,1.308
2021-07-16 05:00:00,2.752,0.809,-1.303,0.436
2021-07-16 06:00:00,2.757,0.87,-0.972,1.409
2021-07-16 07:00:00,2.523,0.923,-1.461,0.041
2021-07-16 08:00:00,3.429,2.837,-0.228,1.602
2021-07-16 09:00:00,3.612,3.099,-0.78,0.986
2021-07-16 10:00:00,3.512,3.161,-1.091,0.381
2021-07-16 11:00:00,3.277,2.321,-2.108,-0.182
2021-07-16 12:00:00,3.245,2.01,-2.139,-0.683
2021-07-16 13:00:00,3.2,2.438,-1.848,-0.051
2021-07-16 14:00:00,3.554,2.97,-0.303,-1.593
2021-07-16 15:00:00,3.723,3.467,0.014,-1.144
2021-07-16 16:00:00,4.17,3.856,-0.167,-1.095
2021-07-16 17:00:00,4.116,3.728,-0.998,-0.736
2021-07-16 18:00:00,3.83,2.765,-1.894,0.005
2021-07-16 19:00:00,4.152,3.773,-0.633,1.074
2021-07-16 20:00:00,3.981,3.392,-1.268,0.684
2021-07-16 21:00:00,3.56,2.828,-1.307,0.583
2021-07-16 22:00:00,3.858,0.708,-3.583,0.529
2021-07-16 23:00:00,3.92,-0.866,-2.267,-2.498
2021-07-17 00:00:00,3.962,-2.716,-1.866,-1.945
2021-07-17 01:00:00,4.167,-2.992,-2.199,-1.594
2021-07-17 02:00:00,3.99,-0.273,-2.813,0.41
2021-07-17 03:00:00,3.594,-2.208,-2.37,-0.125
2021-07-17 04:00:00,3.815,-2.639,-2.462,0.628
2021-07-17 05:00:00,3.783,-3.039,-1.647,-0.189
2021-07-17 06:00:00,3.813,-2.374,-1.72,-0.548
2021-07-17 07:00:00,4.277,-0.834,-3.867,0.273
2021-07-17 08:00:00,4.23,-1.783,-3.418,0.136
2021-07-17 09:00:00,3.909,-2.677,-2.37,-1.074
2021-07-17 10:00:00,4.006,-2.9,-2.064,-0.353
2021-07-17 11:00:00,4.481,-0.898,-3.245,0.276
2021-07-17 12:00:00,4.598,1.92,-3.549,1.773
2021-07-17 13:00:00,3.67,-0.165,-2.519,-0.029
2021-07-17 14:00:00,3.841,-2.169,-0.146,-2.895
2021-07-17 15:00:00,3.277,-2.839,-0.21,-1.071
2021-07-17 16:00:00,3.036,-1.973,-1.739,-0.707
2021-07-17 17:00:00,3.335,-0.906,-3.031,0.373
2021-07-17 18:00:00,3.648,-0.195,-3.328,0.965
2021-07-17 19:00:00,4.837,1.986,-3.872,1.866
2021-07-17 20:00:00,5.532,2.903,-3.723,2.638
2021-07-17 21:00:00,5.142,3.812,-2.649,1.98
2021-07-17 22:00:00,5.55,4.432,-2.794,1.709
2021-07-17 23:00:00,4.533,1.862,-1.016,0.702
2021-07-18 00:00:00,4.76,2.737,-1.986,2.064
2021-07-18 01:00:00,4.994,3.893,-1.291,2.726
2021-07-18 02:00:00,4.919,3.947,-0.942,2.664
2021-07-18 03:00:00,4.84,3.87,0.517,2.665
2021-07-18 04:00:00,4.97,3.312,0.889,3.311
2021-07-18 05:00:00,5.112,3.183,1.121,3.575
2021-07-18 06:00:00,5.079,3.445,0.173,3.407
2021-07-18 07:00:00,3.557,1.548,-0.455,-0.905
2021-07-18 08:00:00,3.722,1.048,-1.871,-2.668
2021-07-18 09:00:00,3.471,2.185,-1.379,-0.278
2021-07-18 10:00:00,3.536,2.153,-0.307,-1.021
2021-07-18 11:00:00,3.573,1.339,-2.22,-0.128
2021-07-18 12:00:00,3.543,0.742,-2.504,-1.606
2021-07-18 13:00:00,3.716,1.12,-1.192,-2.898
2021-07-18 14:00:00,3.864,2.639,-1.198,1.668
2021-07-18 15:00:00,4.14,2.946,-2.382,1.019
2021-07-18 16:00:00,4.454,3.432,-2.389,1.136
2021-07-18 17:00:00,4.545,3.941,-2.02,0.755
2021-07-18 18:00:00,4.753,4.414,-0.996,1.168
2021-07-18 19:00:00,4.322,3.553,-1.912,0.748
2021-07-18 20:00:00,3.621,1.869,-1.404,0.578
2021-07-18 21:00:00,3.431,-0.863,-1.136,-1.245
2021-07-18 22:00:00,4.353,3.512,-1.821,0.189
2021-07-18 23:00:00,4.325,3.918,-0.179,1.209
2021-07-19 00:00:00,3.748,2.091,-0.572,-0.773
2021-07-19 01:00:00,3.966,2.54,-1.945,-0.462
2021-07-19 02:00:00,4.318,2.483,-0.676,-2.089
2021-07-19 03:00:00,4.272,1.282,-0.197,-3.597
2021-07-19 04:00:00,3.588,1.013,-2.47,-0.595
2021-07-19 05:00:00,2.662,0.536,-1.23,-0.965
2021-07-19 06:00:00,3.37,-2.702,0.995,0.57
2021-07-19 07:00:00,5.608,-4.211,1.885,2.277
2021-07-19 08:00:00,6.951,-5.43,1.858,3.7
2021-07-19 09:00:00,6.772,-5.05,-0.157,4.346
2021-07-19 10:00:00,6.643,-5.049,3.462,1.462
2021-07-19 11:00:00,7.088,-5.183,0.323,4.403
2021-07-19 12:00:00,6.664,-3.701,4.351,-0.258
2021-07-19 13:00:00,5.75,-4.124,3.416,0.255
2021-07-19 14:00:00,5.56,-3.97,3.189,-0.214
2021-07-19 15:00:00,5.357,-3.046,3.665,-2.109
2021-07-19 16:00:00,5.328,-3.499,3.355,-1.973
2021-07-19 17:00:00,5.371,-4.616,2.203,-0.979
2021-07-19 18:00:00,4.037,-0.976,1.208,-1.547
2021-07-19 19:00:00,4.922,-3.243,2.689,-0.8
2021-07-19 20:00:00,6.027,-4.151,3.316,-2.033
2021-07-19 21:00:00,6.352,-3.729,3.652,-3.123
2021-07-19 22:00:00,6.396,-4.993,3.512,-0.674
2021-07-19 23:00:00,6.549,-3.742,3.641,-1.984
2021-07-20 00:00:00,6.551,-5.457,2.729,0.586
2021-07-20 01:00:00,6.888,-4.873,3.59,0.775
2021-07-20 02:00:00,7.164,-5.537,3.496,2.084
2021-07-20 03:00:00,7.016,-5.581,3.677,1.837
2021-07-20 04:00:00,7.061,-4.976,4.145,2.666
2021-07-20 05:00:00,6.662,-4.474,4.3,0.747
2021-07-20 06:00:00,6.071,-3.205,3.006,-0.849
2021-07-20 07:00:00,5.732,-2.743,4.105,-0.185
2021-07-20 08:00:00,5.305,-3.214,-0.24,-0.26
2021-07-20 09:00:00,5.41,-1.989,-2.49,-2.561
2021-07-20 10:00:00,6.0,-3.393,-2.662,1.153
2021-07-20 11:00:00,6.034,-4.574,-2.669,0.947
2021-07-20 12:00:00,5.219,-2.279,-2.393,2.434
2021-07-20 13:00:00,4.903,-4.399,-0.292,-0.277
2021-07-20 14:00:00,5.196,-3.974,0.418,0.039
2021-07-20 15:00:00,5.259,-2.733,-2.287,1.737
2021-07-20 16:00:00,5.198,-2.73,-1.552,-0.006
2021-07-20 17:00:00,5.033,-1.424,-1.643,-3.539
2021-07-20 18:00:00,5.161,-0.37,-3.925,-2.296
2021-07-20 19:00:00,5.069,0.122,-1.963,-1.319
2021-07-20 20:00:00,4.898,-1.483,-1.494,-4.03
2021-07-20 21:00:00,4.964,-0.353,-1.749,-3.856
2021-07-20 22:00:00,5.06,0.349,-0.756,-4.122
2021-07-20 23:00:00,5.545,-0.186,-1.258,3.061
2021-07-21 00:00:00,4.877,-1.178,-1.031,2.405
2021-07-21 01:00:00,4.153,-2.479,-0.077,0.612
2021-07-21 02:00:00,4.378,-1.771,2.772,0.721
2021-07-21 03:00:00,4.567,-1.419,2.955,2.262
2021-07-21 04:00:00,4.533,-2.925,1.023,1.74
2021-07-21 05:00:00,4.559,-2.498,2.045,2.506
2021-07-21 06:00:00,4.421,-2.226,1.293,2.181
2021-07-21 07:00:00,4.558,-1.139,2.502,1.635
2021-07-21 08:00:00,4.508,-0.044,4.052,0.396
2021-07-21 09:00:00,3.73,-1.774,1.218,1.514
2021-07-21 10:00:00,3.581,-2.167,1.195,-0.841
2021-07-21 11:00:00,3.857,-2.496,1.913,-1.321
2021-07-21 12:00:00,4.063,-1.28,2.663,-2.446
2021-07-21 13:00:00,3.732,-0.765,2.271,-2.236
2021-07-21 14:00:00,3.776,-1.756,1.828,-2.187
2021-07-21 15:00:00,3.589,-1.336,2.92,0.549
2021-07-21 16:00:00,3.419,-2.621,1.677,1.224
2021-07-21 17:00:00,3.603,-2.623,1.866,0.815
2021-07-21 18:00:00,3.507,-2.899,0.97,0.453
2021-07-21 19:00:00,3.817,-2.191,2.029,-0.43
2021-07-21 20:00:00,3.848,-3.146,2.085,0.185
2021-07-21 21:00:00,4.006,-3.041,2.429,0.206
2021-07-21 22:00:00,4.209,-2.941,2.62,-1.069
2021-07-21 23:00:00,4.603,-3.149,2.448,-2.189
2021-07-22 00:00:00,4.758,-3.835,2.507,-0.81
2021-07-22 01:00:00,4.942,-3.314,3.184,-1.57
2021-07-22 02:00:00,5.27,-3.611,3.537,-0.402
2021-07-22 03:00:00,5.608,-1.982,3.483,-3.674
2021-07-22 04:00:00,5.813,-1.55,3.17,-4.436
2021-07-22 05:00:00,5.975,-2.354,2.062,-4.636
2021-07-22 06:00:00,6.965,-1.482,2.244,-6.25
2021-07-22 07:00:00,7.239,-1.116,4.286,-5.633
2021-07-22 08:00:00,7.336,1.138,5.347,-4.815
2021-07-22 09:00:00,7.123,-0.982,3.215,-5.886
2021-07-22 10:00:00,7.059,-3.178,-0.337,-5.563
2021-07-22 11:00:00,5.855,-2.609,-3.507,-3.046
2021-07-22 12:00:00,6.385,-2.581,-5.297,-2.077
2021-07-22 13:00:00,5.924,-2.366,-5.105,-0.927
2021-07-22 14:00:00,5.952,-2.299,-5.355,-0.617
2021-07-22 15:00:00,4.209,-1.193,-3.494,-1.53
2021-07-22 16:00:00,3.496,-0.627,-1.311,-2.432
2021-07-22 17:00:00,4.23,-3.114,-1.546,0.347
2021-07-22 18:00:00,4.237,-3.667,-0.923,0.152
2021-07-22 19:00:00,4.383,-2.486,1.717,2.895
2021-07-22 20:00:00,4.465,-0.604,3.187,1.682
2021-07-22 21:00:00,4.334,0.026,3.838,0.811
2021-07-22 22:00:00,4.286,-0.608,2.204,2.305
2021-07-22 23:00:00,4.194,-0.493,3.723,1.245
2021-07-23 00:00:00,4.161,-1.105,3.647,1.068
2021-07-23 01:00:00,4.018,-1.47,3.481,0.584
2021-07-23 02:00:00,4.247,-0.589,3.368,2.266
2021-07-23 03:00:00,4.215,0.138,2.225,2.975
2021-07-23 04:00:00,4.032,1.253,3.588,-0.283
2021-07-23 05:00:00,3.984,0.479,3.334,0.402
2021-07-23 06:00:00,3.878,-1.086,3.239,0.246
2021-07-23 07:00:00,3.873,-1.142,3.257,1.254
2021-07-23 08:00:00,3.675,-0.369,2.722,0.503
2021-07-23 09:00:00,3.721,1.844,3.001,-0.069
2021-07-23 10:00:00,3.41,0.385,1.642,0.069
2021-07-23 11:00:00,3.15,0.247,1.508,1.438
2021-07-23 12:00:00,3.154,-2.407,1.473,-0.6
2021-07-23 13:00:00,2.153,-1.632,0.252,0.267
2021-07-23 14:00:00,3.372,1.307,1.442,1.014
2021-07-23 15:00:00,3.502,1.486,1.528,2.474
2021-07-23 16:00:00,2.983,-1.987,0.205,0.594
2021-07-23 17:00:00,3.371,-2.857,-1.29,-0.241
2021-07-23 18:00:00,4.082,-2.799,0.901,2.17
2021-07-23 19:00:00,4.127,-2.211,-2.829,0.363
2021-07-23 20:00:00,4.047,-2.442,-2.927,0.399
2021-07-23 21:00:00,4.382,-2.778,-3.096,0.31
2021-07-23 22:00:00,4.024,-3.042,-2.037,0.025
2021-07-23 23:00:00,4.053,-2.261,-0.759,2.334
2021-07-24 00:00:00,5.027,-1.914,3.88,2.119
2021-07-24 01:00:00,4.534,-2.285,3.312,1.529
2021-07-24 02:00:00,4.651,-1.374,3.996,-0.698
2021-07-24 03:00:00,5.199,-3.472,2.812,0.466
2021-07-24 04:00:00,5.357,-3.266,3.66,-0.608
2021-07-24 05:00:00,5.542,-1.451,5.178,0.567
2021-07-24 06:00:00,5.629,0.415,5.55,0.501
2021-07-24 07:00:00,5.373,0.665,5.212,0.365
2021-07-24 08:00:00,5.427,0.119,5.334,0.375
2021-07-24 09:00:00,5.378,-0.589,5.053,-1.16
2021-07-24 10:00:00,5.361,0.717,5.222,-0.252
2021-07-24 11:00:00,5.283,1.271,5.046,-0.352
2021-07-24 12:00:00,5.198,1.721,4.823,-0.421
2021-07-24 13:00:00,4.763,0.308,4.531,-0.722
2021-07-24 14:00:00,4.58,-0.904,4.406,0.029
2021-07-24 15:00:00,4.123,-1.746,3.121,0.858
2021-07-24 16:00:00,4.419,-2.222,3.556,0.732
2021-07-24 17:00:00,5.188,-1.986,4.697,-0.095
2021-07-24 18:00:00,5.678,-0.452,5.535,-0.931
2021-07-24 19:00:00,5.914,1.014,5.518,-1.689
2021-07-24 20:00:00,5.742,2.243,5.108,-1.039
2021-07-24 21:00:00,4.685,0.665,4.482,0.58
2021-07-24 22:00:00,4.323,-2.356,1.864,1.684
2021-07-24 23:00:00,4.105,-3.293,0.199,1.82
2021-07-25 00:00:00,4.096,-0.099,3.831,-0.425
2021-07-25 01:00:00,4.111,0.317,3.122,-0.343
2021-07-25 02:00:00,3.762,-1.543,2.642,1.066
2021-07-25 03:00:00,3.638,-2.474,2.011,0.999
2021-07-25 04:00:00,2.958,-1.956,0.862,-0.5
2021-07-25 05:00:00,2.78,-2.016,1.042,0.365
2021-07-25 06:00:00,3.382,-0.007,2.585,-0.2
2021-07-25 07:00:00,3.542,-1.787,2.343,0.313
2021-07-25 08:00:00,3.995,1.258,3.374,1.269
2021-07-25 09:00:00,4.328,0.147,3.524,2.342
2021-07-25 10:00:00,4.677,1.579,3.458,2.257
2021-07-25 11:00:00,4.293,-0.35,3.264,1.089
2021-07-25 12:00:00,4.149,-0.085,3.94,0.907
2021-07-25 13:00:00,3.794,-1.264,3.19,0.956
2021-07-25 14:00:00,3.559,-3.046,0.977,1.382
2021-07-25 15:00:00,3.455,-3.123,0.058,1.186
2021-07-25 16:00:00,3.482,-1.378,0.026,2.568
2021-07-25 17:00:00,3.75,-2.764,-0.555,1.853
2021-07-25 18:00:00,3.804,-1.938,0.712,0.752
2021-07-25 19:00:00,4.391,0.935,4.087,0.371
2021-07-25 20:00:00,3.534,0.33,2.485,-0.022
2021-07-25 21:00:00,2.913,-1.706,1.517,0.16
2021-07-25 22:00:00,3.229,0.054,1.667,-1.318
2021-07-25 23:00:00,3.949,2.609,2.208,-1.259
2021-07-26 00:00:00,3.599,0.705,2.827,0.284
2021-07-26 01:00:00,3.595,1.512,0.72,-2.904
2021-07-26 02:00:00,4.216,3.32,1.239,-2.099
2021-07-26 03:00:00,3.878,2.876,1.349,-2.045
2021-07-26 04:00:00,2.957,0.052,0.994,0.23
2021-07-26 05:00:00,2.677,-1.266,1.465,-0.228
2021-07-26 06:00:00,2.951,-2.538,0.97,0.949
2021-07-26 07:00:00,2.084,-1.43,1.28,0.216
2021-07-26 08:00:00,2.243,-1.684,1.269,0.064
2021-07-26 09:00:00,2.002,-1.438,1.244,0.006
2021-07-26 10:00:00,2.308,-1.54,1.585,-0.224
2021-07-26 11:00:00,2.317,-1.546,1.436,0.169
2021-07-26 12:00:00,2.869,2.604,0.19,0.805
2021-07-26 13:00:00,2.659,0.619,1.377,0.401
2021-07-26 14:00:00,2.443,-1.636,1.211,0.487
2021-07-26 15:00:00,3.18,0.801,2.911,0.481
2021-07-26 16:00:00,3.464,1.886,2.522,0.01
2021-07-26 17:00:00,3.838,2.685,2.205,-0.763
2021-07-26 18:00:00,3.717,2.838,1.102,-1.275
2021-07-26 19:00:00,4.383,3.828,1.412,-1.245
2021-07-26 20:00:00,3.908,2.813,2.331,0.102
2021-07-26 21:00:00,3.446,-0.504,2.643,0.678
2021-07-26 22:00:00,2.773,-1.095,1.43,0.833
2021-07-26 23:00:00,3.424,-3.037,-1.052,0.342
2021-07-27 00:00:00,3.662,-3.269,0.089,1.431
2021-07-27 01:00:00,2.739,-2.354,-0.358,1.116
2021-07-27 02:00:00,1.755,-1.244,-0.778,0.27
2021-07-27 03:00:00,1.511,-1.234,0.036,-0.046
2021-07-27 04:00:00,1.614,-1.239,-0.725,-0.003
2021-07-27 05:00:00,2.771,-1.343,-1.708,-1.31
2021-07-27 06:00:00,2.876,0.161,-1.66,-1.611
2021-07-27 07:00:00,4.567,-1.028,-3.853,-1.98
2021-07-27 08:00:00,3.219,1.589,0.634,2.131
2021-07-27 09:00:00,3.59,2.873,-0.038,1.733
2021-07-27 10:00:00,4.521,3.727,1.742,-0.038
2021-07-27 11:00:00,5.819,2.921,4.779,1.276
2021-07-27 12:00:00,4.076,2.549,2.746,-0.636
2021-07-27 13:00:00,3.285,0.916,0.272,-1.535
2021-07-27 14:00:00,3.367,-2.365,-2.227,0.028
2021-07-27 15:00:00,3.281,-2.367,-2.1,0.314
2021-07-27 16:00:00,3.643,-2.907,-1.929,-0.804
2021-07-27 17:00:00,4.234,-3.312,-2.445,-0.217
2021-07-27 18:00:00,6.729,-4.695,-3.573,3.04
2021-07-27 19:00:00,7.595,-4.954,-3.464,4.498
2021-07-27 20:00:00,8.712,-5.462,-3.193,5.697
2021-07-27 21:00:00,10.553,-0.393,-5.424,3.014
2021-07-27 22:00:00,12.796,10.053,-4.046,-6.7
2021-07-27 23:00:00,13.098,9.027,-7.844,-4.758
2021-07-28 00:00:00,7.358,4.382,-3.155,-3.739
2021-07-28 01:00:00,8.324,-0.526,3.112,-2.246
2021-07-28 02:00:00,13.988,-5.009,11.251,2.946
2021-07-28 03:00:00,13.715,-5.966,7.461,9.389
2021-07-28 04:00:00,11.652,-4.717,8.553,3.775
2021-07-28 05:00:00,10.297,-5.839,6.749,-0.496
2021-07-28 06:00:00,10.001,-2.969,6.696,0.821
2021-07-28 07:00:00,14.088,-4.772,8.626,9.425
2021-07-28 08:00:00,14.113,-4.769,10.311,7.816
2021-07-28 09:00:00,14.583,-5.517,10.562,7.93
2021-07-28 10:00:00,14.781,1.303,-0.303,10.033
2021-07-28 11:00:00,12.908,1.321,1.742,10.387
2021-07-28 12:00:00,12.46,3.194,-2.492,9.798
2021-07-28 13:00:00,7.707,0.484,-3.55,4.72
2021-07-28 14:00:00,5.553,-0.062,-4.23,-2.384
2021-07-28 15:00:00,5.417,-3.372,1.585,0.597
2021-07-28 16:00:00,5.555,-0.62,-0.037,-3.558
2021-07-28 17:00:00,6.276,-0.862,-1.019,-5.752
2021-07-28 18:00:00,5.218,-4.603,0.713,-0.244
2021-07-28 19:00:00,4.881,-4.304,0.273,1.132
2021-07-28 20:00:00,4.625,-2.506,0.515,2.87
2021-07-28 21:00:00,4.584,-3.262,2.295,-0.98
2021-07-28 22:00:00,4.461,-2.022,3.096,0.34
2021-07-28 23:00:00,4.494,-2.392,3.243,-0.406
2021-07-29 00:00:00,4.4,-1.345,-1.852,1.154
2021-07-29 01:00:00,4.887,-2.483,3.832,-0.625
2021-07-29 02:00:00,4.992,-3.212,3.056,-1.765
2021-07-29 03:00:00,5.44,-0.718,4.711,-1.289
2021-07-29 04:00:00,4.886,-2.087,3.333,-0.57
2021-07-29 05:00:00,5.125,-2.971,3.834,0.068
2021-07-29 06:00:00,5.267,-3.355,3.638,-0.925
2021-07-29 07:00:00,4.71,-4.13,1.435,-0.574
2021-07-29 08:00:00,4.572,-3.122,2.803,0.616
2021-07-29 09:00:00,4.406,-3.992,1.504,-0.082
2021-07-29 10:00:00,4.421,-3.6,2.085,0.386
2021-07-29 11:00:00,4.681,-3.001,3.221,0.787
2021-07-29 12:00:00,4.895,-1.834,4.389,0.49
2021-07-29 13:00:00,4.89,-1.42,4.262,-0.278
2021-07-29 14:00:00,4.495,-3.172,1.004,1.945
2021-07-29 15:00:00,4.922,-3.732,2.84,0.819
2021-07-29 16:00:00,5.139,-1.387,3.99,1.643
2021-07-29 17:00:00,5.274,0.189,4.645,1.805
2021-07-29 18:00:00,5.347,-0.935,4.65,1.28
2021-07-29 19:00:00,5.515,-2.334,4.212,0.07
2021-07-29 20:00:00,5.139,-3.725,2.895,0.611
2021-07-29 21:00:00,5.057,-4.673,0.269,1.687
2021-07-29 22:00:00,4.843,-4.595,0.954,0.087
2021-07-29 23:00:00,4.723,-4.648,0.35,0.115
2021-07-30 00:00:00,4.958,-4.835,-0.619,0.12
2021-07-30 01:00:00,4.801,-4.673,-0.387,-0.033
2021-07-30 02:00:00,3.751,-3.594,-0.302,-0.488
2021-07-30 03:00:00,4.794,-4.226,0.701,-0.296
2021-07-30 04:00:00,5.152,-4.497,1.752,-1.229
2021-07-30 05:00:00,4.599,-3.629,1.048,-2.077
2021-07-30 06:00:00,3.878,-2.633,-0.673,-0.793
2021-07-30 07:00:00,3.526,-0.131,-1.323,0.973
2021-07-30 08:00:00,3.995,-0.166,2.839,0.005
2021-07-30 09:00:00,3.869,-3.003,-1.584,1.049
2021-07-30 10:00:00,4.386,-2.337,-3.162,-1.218
2021-07-30 11:00:00,4.155,-2.539,-0.573,1.824
2021-07-30 12:00:00,4.405,-0.885,0.273,2.321
2021-07-30 13:00:00,4.459,-1.423,0.742,3.491
2021-07-30 14:00:00,3.184,0.537,1.688,1.872
2021-07-30 15:00:00,4.334,-0.614,-0.792,0.458
2021-07-30 16:00:00,4.15,-3.092,-2.491,0.418
2021-07-30 17:00:00,4.662,-3.283,-2.796,1.514
2021-07-30 18:00:00,3.763,-2.902,-1.226,-1.753
2021-07-30 19:00:00,3.52,-1.689,-1.861,0.359
2021-07-30 20:00:00,3.152,-1.458,-1.401,0.386
2021-07-30 21:00:00,2.978,-2.31,-1.125,-1.107
2021-07-30 22:00:00,3.055,-2.099,-1.964,-0.083
2021-07-30 23:00:00,4.229,-2.034,-1.277,3.237
2021-07-31 00:00:00,5.194,-2.942,-3.158,2.315
2021-07-31 01:00:00,4.121,-2.455,-1.83,1.96
2021-07-31 02:00:00,4.359,-3.611,-0.945,1.58
2021-07-31 03:00:00,4.547,-4.076,-1.796,0.447
2021-07-31 04:00:00,4.062,-3.812,-1.117,-0.247
2021-07-31 05:00:00,2.639,-2.425,-0.352,-0.097
2021-07-31 06:00:00,1.707,1.197,-0.289,0.493
2021-07-31 07:00:00,3.386,3.191,0.143,0.807
2021-07-31 08:00:00,3.054,2.856,0.239,0.798
2021-07-31 09:00:00,2.198,0.88,0.115,-0.628
2021-07-31 10:00:00,3.098,-2.614,-1.116,-0.992
2021-07-31 11:00:00,2.648,-2.245,-0.881,-0.838
2021-07-31 12:00:00,2.212,-1.761,-0.719,-0.923
2021-07-31 13:00:00,2.499,-2.261,-0.709,-0.291
2021-07-31 14:00:00,2.785,-2.176,-1.007,-0.816
2021-07-31 15:00:00,3.26,-2.54,-0.862,-1.547
2021-07-31 16:00:00,3.721,-3.078,-1.439,-1.312
2021-07-31 17:00:00,3.471,-2.58,-1.649,-1.383
2021-07-31 18:00:00,3.841,-2.005,-2.598,-1.772
2021-07-31 19:00:00,3.741,-2.352,-2.654,-0.857
2021-07-31 20:00:00,3.472,-0.385,-2.915,0.208
2021-07-31 21:00:00,3.12,1.592,-2.04,0.253
2021-07-31 22:00:00,2.078,0.599,-1.472,-0.405
2021-07-31 23:00:00,2.953,1.715,-1.623,-0.706
2021-08-01 00:00:00,3.457,-0.189,-3.02,-1.269
2021-08-01 01:00:00,3.967,0.507,-3.787,0.613
2021-08-01 02:00:00,3.592,1.894,-2.072,1.813
2021-08-01 03:00:00,3.189,0.732,-2.504,1.63
2021-08-01 04:00:00,3.257,0.31,-2.872,1.24
2021-08-01 05:00:00,3.247,1.246,-2.298,1.496
2021-08-01 06:00:00,3.208,0.9,-2.499,1.183
2021-08-01 07:00:00,3.448,0.38,-2.848,1.621
2021-08-01 08:00:00,3.462,-0.943,-2.855,1.188
2021-08-01 09:00:00,3.657,0.175,-2.83,1.627
2021-08-01 10:00:00,2.89,-0.644,-2.144,-0.547
2021-08-01 11:00:00,3.528,-0.056,-1.314,-0.188
2021-08-01 12:00:00,3.653,2.013,-0.529,2.439
2021-08-01 13:00:00,4.314,3.765,1.77,0.256
2021-08-01 14:00:00,4.237,3.287,2.338,0.411
2021-08-01 15:00:00,3.865,3.387,0.328,-1.121
2021-08-01 16:00:00,3.583,3.085,-1.417,-0.684
2021-08-01 17:00:00,3.266,0.544,-2.929,-0.17
2021-08-01 18:00:00,3.474,-1.243,-2.456,-1.546
2021-08-01 19:00:00,3.527,0.612,-2.244,0.102
2021-08-01 20:00:00,3.583,2.849,0.86,0.7
2021-08-01 21:00:00,3.082,1.068,1.796,-1.378
2021-08-01 22:00:00,3.339,2.786,-0.736,-1.196
2021-08-01 23:00:00,3.046,2.337,-0.379,-1.292
2021-08-02 00:00:00,3.462,2.769,-1.704,0.054
2021-08-02 01:00:00,3.471,2.499,-2.032,0.823
2021-08-02 02:00:00,3.514,2.971,-1.724,-0.056
2021-08-02 03:00:00,3.354,3.092,-1.042,-0.243
2021-08-02 04:00:00,3.081,2.815,-0.994,0.165
2021-08-02 05:00:00,2.957,2.277,-1.469,-0.037
2021-08-02 06:00:00,3.51,2.758,-1.598,0.148
2021-08-02 07:00:00,4.076,3.814,-0.258,-0.53
2021-08-02 08:00:00,4.11,3.568,1.459,-0.615
2021-08-02 09:00:00,5.347,0.423,-3.284,-0.916
2021-08-02 10:00:00,6.549,-1.45,-5.82,-1.535
2021-08-02 11:00:00,8.503,-1.342,-7.147,-3.669
2021-08-02 12:00:00,7.715,-0.272,-5.213,-5.065
2021-08-02 13:00:00,8.329,0.226,-2.822,-7.433
2021-08-02 14:00:00,9.025,1.448,-0.786,-6.958
2021-08-02 15:00:00,9.834,0.558,-0.784,-8.051
2021-08-02 16:00:00,10.089,0.331,-4.358,-8.494
2021-08-02 17:00:00,11.284,-1.314,-8.452,-6.953
2021-08-02 18:00:00,12.514,3.319,2.528,-10.985
2021-08-02 19:00:00,10.92,4.512,8.587,0.111
2021-08-02 20:00:00,10.203,3.582,8.538,3.51
2021-08-02 21:00:00,8.133,6.045,3.51,-1.818
2021-08-02 22:00:00,6.956,6.0,0.762,1.761
2021-08-02 23:00:00,5.814,4.716,-2.102,-1.428
2021-08-03 00:00:00,4.673,3.529,0.767,-2.276
2021-08-03 01:00:00,5.847,4.192,1.155,0.232
2021-08-03 02:00:00,6.287,-0.111,-1.393,5.334
2021-08-03 03:00:00,7.233,4.898,4.646,-1.618
2021-08-03 04:00:00,7.738,4.04,6.327,-1.511
2021-08-03 05:00:00,7.748,4.41,6.13,-1.466
2021-08-03 06:00:00,7.336,4.011,5.942,-0.989
2021-08-03 07:00:00,7.545,4.32,5.998,-1.051
2021-08-03 08:00:00,7.506,4.788,5.579,-0.851
2021-08-03 09:00:00,7.606,4.03,6.049,-1.27
2021-08-03 10:00:00,7.422,4.455,5.685,-1.454
2021-08-03 11:00:00,7.271,4.761,5.288,-0.97
2021-08-03 12:00:00,6.781,2.436,6.149,0.297
2021-08-03 13:00:00,7.032,3.388,5.143,-0.927
2021-08-03 14:00:00,7.264,4.159,5.8,-0.8
2021-08-03 15:00:00,7.044,3.038,6.017,-1.489
2021-08-03 16:00:00,7.141,3.078,5.775,-2.564
2021-08-03 17:00:00,7.013,0.599,5.999,-3.277
2021-08-03 18:00:00,7.051,2.389,6.036,-2.494
2021-08-03 19:00:00,7.026,1.855,5.944,-3.084
2021-08-03 20:00:00,6.873,-1.776,4.828,-3.954
2021-08-03 21:00:00,7.037,-1.207,5.788,-3.433
2021-08-03 22:00:00,6.702,0.988,5.749,-2.81
2021-08-03 23:00:00,6.126,0.046,2.847,-2.64
2021-08-04 00:00:00,5.753,1.661,4.07,-0.918
2021-08-04 01:00:00,6.001,4.488,3.127,2.324
2021-08-04 02:00:00,4.829,3.922,1.73,2.016
2021-08-04 03:00:00,4.702,-1.89,2.281,-1.91
2021-08-04 04:00:00,4.171,2.568,2.33,1.474
2021-08-04 05:00:00,2.676,1.487,1.915,0.924
2021-08-04 06:00:00,3.477,2.062,2.512,0.157
2021-08-04 07:00:00,4.018,2.748,2.703,0.075
2021-08-04 08:00:00,4.007,1.102,2.953,0.165
2021-08-04 09:00:00,4.175,-1.019,3.131,-0.686
2021-08-04 10:00:00,2.656,1.218,1.331,0.471
2021-08-04 11:00:00,3.142,2.206,1.745,1.218
2021-08-04 12:00:00,3.866,2.848,2.009,1.253
2021-08-04 13:00:00,3.051,0.918,1.598,0.58
2021-08-04 14:00:00,4.108,3.285,1.895,1.462
2021-08-04 15:00:00,2.834,2.185,1.372,0.992
2021-08-04 16:00:00,3.243,2.441,1.573,1.294
2021-08-04 17:00:00,3.409,2.588,1.686,1.322
2021-08-04 18:00:00,3.063,2.181,1.58,1.282
2021-08-04 19:00:00,2.13,0.944,1.101,1.367
2021-08-04 20:00:00,2.964,2.142,1.363,1.381
2021-08-04 21:00:00,3.731,2.635,1.657,1.901
2021-08-04 22:00:00,3.22,0.754,2.49,1.438
2021-08-04 23:00:00,3.616,0.503,2.871,2.068
2021-08-05 00:00:00,3.905,1.514,2.758,2.245
2021-08-05 01:00:00,3.92,1.612,2.654,2.339
2021-08-05 02:00:00,3.816,1.84,2.257,2.359
2021-08-05 03:00:00,3.932,2.134,2.036,2.368
2021-08-05 04:00:00,3.922,1.925,2.537,2.189
2021-08-05 05:00:00,4.008,1.949,2.686,2.15
2021-08-05 06:00:00,4.126,2.919,1.122,2.408
2021-08-05 07:00:00,4.02,2.505,2.114,2.175
2021-08-05 08:00:00,4.237,3.17,1.983,1.691
2021-08-05 09:00:00,4.137,3.096,1.14,1.63
2021-08-05 10:00:00,4.488,2.402,0.848,3.436
2021-08-05 11:00:00,4.781,3.156,1.248,2.918
2021-08-05 12:00:00,4.892,4.408,1.609,0.33
2021-08-05 13:00:00,5.186,4.24,-1.548,-1.876
2021-08-05 14:00:00,5.436,4.671,-0.34,-1.764
2021-08-05 15:00:00,5.752,4.608,-0.679,-1.098
2021-08-05 16:00:00,6.219,5.366,-0.561,0.974
2021-08-05 17:00:00,5.651,5.104,0.802,1.874
2021-08-05 18:00:00,5.168,2.608,0.876,3.979
2021-08-05 19:00:00,5.126,2.198,3.119,3.201
2021-08-05 20:00:00,5.219,3.499,1.595,3.345
2021-08-05 21:00:00,4.697,4.167,0.83,1.21
2021-08-05 22:00:00,4.928,4.36,-0.189,0.729
2021-08-05 23:00:00,4.494,2.59,3.537,-0.021
2021-08-06 00:00:00,4.316,3.275,-0.937,1.359
2021-08-06 01:00:00,4.55,4.261,0.403,0.762
2021-08-06 02:00:00,5.409,3.85,3.488,0.822
2021-08-06 03:00:00,6.055,4.336,3.261,1.806
2021-08-06 04:00:00,3.275,2.829,-0.375,0.291
2021-08-06 05:00:00,4.891,0.076,-2.875,-2.43
2021-08-06 06:00:00,4.967,-1.118,-2.494,-3.476
2021-08-06 07:00:00,4.938,2.336,0.44,-1.968
2021-08-06 08:00:00,5.402,-1.899,-3.213,1.136
2021-08-06 09:00:00,5.623,-2.585,-4.508,0.445
2021-08-06 10:00:00,5.869,-1.576,-4.852,-2.193
2021-08-06 11:00:00,6.229,1.179,-4.94,-2.706
2021-08-06 12:00:00,5.967,0.499,-4.008,-4.083
2021-08-06 13:00:00,6.28,1.528,-3.226,-4.787
2021-08-06 14:00:00,7.128,3.018,1.321,-5.932
2021-08-06 15:00:00,7.792,3.348,1.57,-6.606
2021-08-06 16:00:00,7.546,2.258,1.519,-6.744
2021-08-06 17:00:00,7.444,1.701,0.309,-7.041
2021-08-06 18:00:00,7.753,2.888,-0.19,-7.018
2021-08-06 19:00:00,7.943,2.833,0.716,-6.553
2021-08-06 20:00:00,8.639,2.926,4.116,-6.902
2021-08-06 21:00:00,9.987,2.513,5.242,-8.034
2021-08-06 22:00:00,8.69,2.068,6.066,-5.532
2021-08-06 23:00:00,7.848,0.348,4.068,-6.445
2021-08-07 00:00:00,7.559,0.661,1.347,-7.203
2021-08-07 01:00:00,7.029,0.273,0.63,-6.788
2021-08-07 02:00:00,5.049,-1.447,0.793,-3.769
2021-08-07 03:00:00,3.317,-2.438,-0.125,-0.211
2021-08-07 04:00:00,8.965,-6.914,3.123,3.596
2021-08-07 05:00:00,11.689,-8.787,5.052,5.353
2021-08-07 06:00:00,11.439,-8.491,6.301,2.652
2021-08-07 07:00:00,9.948,-7.714,4.374,-2.158
2021-08-07 08:00:00,5.012,0.148,-3.515,-2.425
2021-08-07 09:00:00,8.048,5.258,-2.335,2.185
2021-08-07 10:00:00,8.595,-4.857,4.808,-1.413
2021-08-07 11:00:00,8.362,-4.924,5.649,2.282
2021-08-07 12:00:00,9.412,-3.174,7.057,-3.28
2021-08-07 13:00:00,9.868,-6.19,6.527,1.82
2021-08-07 14:00:00,8.455,-4.713,5.424,2.108
2021-08-07 15:00:00,6.458,-4.216,3.97,-0.522
2021-08-07 16:00:00,5.253,-2.963,1.315,-2.689
2021-08-07 17:00:00,4.764,-3.7,1.429,-1.983
2021-08-07 18:00:00,4.101,-3.198,1.967,-0.795
2021-08-07 19:00:00,3.969,-2.967,1.413,-1.608
2021-08-07 20:00:00,4.239,-2.934,1.967,-2.055
2021-08-07 21:00:00,4.709,-3.753,1.541,-2.245
2021-08-07 22:00:00,4.581,-3.083,-0.335,-2.988
2021-08-07 23:00:00,4.634,-4.025,1.337,-1.445
2021-08-08 00:00:00,4.643,-4.373,1.166,-0.611
2021-08-08 01:00:00,4.593,-4.408,0.606,-0.899
2021-08-08 02:00:00,4.592,-4.484,0.099,-0.567
2021-08-08 03:00:00,4.519,-4.442,0.198,0.253
2021-08-08 04:00:00,4.465,-4.152,0.565,1.375
2021-08-08 05:00:00,4.772,-4.485,0.805,1.221
2021-08-08 06:00:00,4.768,-4.566,0.794,0.809
2021-08-08 07:00:00,4.803,-4.585,0.893,0.81
2021-08-08 08:00:00,4.872,-4.684,1.145,0.221
2021-08-08 09:00:00,4.243,-3.865,1.483,0.344
2021-08-08 10:00:00,3.385,-2.81,0.172,-0.906
2021-08-08 11:00:00,3.019,-1.304,-0.081,-2.107
2021-08-08 12:00:00,3.087,-2.242,0.18,-1.814
2021-08-08 13:00:00,3.371,-2.434,-0.414,0.585
2021-08-08 14:00:00,3.099,-2.373,-0.118,1.516
2021-08-08 15:00:00,2.981,-0.528,0.955,-0.725
2021-08-08 16:00:00,3.595,1.768,1.871,-2.331
2021-08-08 17:00:00,3.586,-0.626,2.328,-1.114
2021-08-08 18:00:00,3.499,-1.259,2.703,-1.29
2021-08-08 19:00:00,3.664,-1.485,2.656,-1.468
2021-08-08 20:00:00,3.839,-2.903,1.518,0.933
2021-08-08 21:00:00,3.781,-2.557,2.288,0.213
2021-08-08 22:00:00,3.596,-2.881,1.904,0.662
2021-08-08 23:00:00,3.634,-2.681,2.362,0.158
2021-08-09 00:00:00,3.692,-2.217,2.819,0.082
2021-08-09 01:00:00,2.164,-0.788,1.602,-0.244
2021-08-09 02:00:00,1.806,1.236,0.275,-0.332
2021-08-09 03:00:00,2.226,0.02,1.808,-1.039
2021-08-09 04:00:00,3.108,-0.736,2.494,-1.238
2021-08-09 05:00:00,4.468,-1.704,2.669,-0.466
2021-08-09 06:00:00,4.066,-1.7,1.572,2.855
2021-08-09 07:00:00,5.054,2.07,-1.562,-1.361
2021-08-09 08:00:00,5.981,4.117,-4.016,-1.376
2021-08-09 09:00:00,6.166,3.163,-5.163,0.033
2021-08-09 10:00:00,6.963,3.297,-5.896,1.245
2021-08-09 11:00:00,6.853,2.599,-4.084,3.991
2021-08-09 12:00:00,5.163,2.314,-2.799,3.342
2021-08-09 13:00:00,4.514,3.413,-2.759,0.632
2021-08-09 14:00:00,4.117,2.856,-2.835,0.109
2021-08-09 15:00:00,3.9,2.922,-2.067,0.646
2021-08-09 16:00:00,4.536,3.4,-1.757,1.604
2021-08-09 17:00:00,3.834,1.712,-2.827,0.23
2021-08-09 18:00:00,4.368,3.632,-2.146,0.573
2021-08-09 19:00:00,3.81,2.572,-2.629,0.465
2021-08-09 20:00:00,3.868,3.355,-1.762,0.161
2021-08-09 21:00:00,3.298,2.479,-1.853,-0.396
2021-08-09 22:00:00,2.736,2.459,-0.712,-0.055
2021-08-09 23:00:00,3.318,2.562,-0.407,-1.011
2021-08-10 00:00:00,3.464,3.025,-0.081,-0.109
2021-08-10 01:00:00,2.639,1.699,-0.953,-0.152
2021-08-10 02:00:00,5.436,-1.388,-2.135,-2.937
2021-08-10 03:00:00,6.782,1.189,-4.194,2.537
2021-08-10 04:00:00,5.52,2.292,-0.132,4.422
2021-08-10 05:00:00,4.741,2.943,-2.687,0.072
2021-08-10 06:00:00,5.304,0.911,-3.086,-1.678
2021-08-10 07:00:00,5.594,2.943,-4.145,-0.853
2021-08-10 08:00:00,6.247,4.117,-4.566,0.821
2021-08-10 09:00:00,6.468,4.153,-4.666,0.579
2021-08-10 10:00:00,5.527,2.079,-3.641,-1.627
2021-08-10 11:00:00,6.047,-0.576,-2.046,-4.45
2021-08-10 12:00:00,6.248,0.291,-4.667,-3.786
2021-08-10 13:00:00,4.905,1.532,-4.393,-0.635
2021-08-10 14:00:00,4.61,3.396,-2.462,-0.568
2021-08-10 15:00:00,5.222,4.048,-2.883,0.943
2021-08-10 16:00:00,5.57,4.204,-2.784,2.083
2021-08-10 17:00:00,5.351,3.831,-1.685,2.546
2021-08-10 18:00:00,5.554,3.854,-0.693,3.428
2021-08-10 19:00:00,5.614,4.352,-1.344,3.044
2021-08-10 20:00:00,4.292,1.797,-1.624,-2.311
2021-08-10 21:00:00,5.324,4.154,-2.716,-0.397
2021-08-10 22:00:00,5.846,5.216,-2.119,0.83
2021-08-10 23:00:00,5.636,2.554,-2.656,-1.921
2021-08-11 00:00:00,5.347,2.149,-2.815,-2.904
2021-08-11 01:00:00,5.149,3.829,-3.181,-0.726
2021-08-11 02:00:00,5.354,4.277,-3.067,0.197
2021-08-11 03:00:00,4.035,3.089,-1.364,-0.592
2021-08-11 04:00:00,4.949,3.527,-1.528,-1.397
2021-08-11 05:00:00,5.409,3.861,-1.102,1.527
2021-08-11 06:00:00,4.235,2.456,-2.945,0.269
2021-08-11 07:00:00,4.202,-0.308,-3.219,-1.017
2021-08-11 08:00:00,3.979,2.97,-0.455,1.202
2021-08-11 09:00:00,4.721,3.051,-2.509,1.893
2021-08-11 10:00:00,3.768,-0.999,-2.692,-2.057
2021-08-11 11:00:00,3.719,-2.39,-0.844,-1.296
2021-08-11 12:00:00,3.458,0.337,-1.939,-0.571
2021-08-11 13:00:00,3.862,1.449,-2.873,-0.02
2021-08-11 14:00:00,4.369,2.267,-3.612,0.457
2021-08-11 15:00:00,4.411,2.895,-3.025,-0.294
2021-08-11 16:00:00,4.246,2.746,-3.091,-0.658
2021-08-11 17:00:00,4.098,2.251,-3.227,-0.932
2021-08-11 18:00:00,3.989,2.208,-3.073,-1.108
2021-08-11 19:00:00,3.914,2.408,-2.856,-0.917
2021-08-11 20:00:00,3.893,2.637,-2.735,-0.531
2021-08-11 21:00:00,3.663,3.139,-1.687,-0.496
2021-08-11 22:00:00,3.653,3.388,-1.065,-0.439
2021-08-11 23:00:00,3.28,2.879,-1.414,0.01
2021-08-12 00:00:00,3.369,3.072,-1.13,0.111
2021-08-12 01:00:00,3.896,3.58,-1.306,0.27
2021-08-12 02:00:00,3.893,3.333,-1.272,1.149
2021-08-12 03:00:00,3.506,2.577,-1.352,0.42
2021-08-12 04:00:00,3.353,2.257,-1.009,0.022
2021-08-12 05:00:00,3.133,-1.312,-1.15,-1.238
2021-08-12 06:00:00,3.573,2.747,1.508,0.356
2021-08-12 07:00:00,4.583,3.876,1.011,1.687
2021-08-12 08:00:00,4.397,3.152,-0.301,1.566
2021-08-12 09:00:00,4.496,3.06,1.649,1.0
2021-08-12 10:00:00,4.64,2.747,2.632,1.868
2021-08-12 11:00:00,4.475,2.627,2.156,0.168
2021-08-12 12:00:00,4.506,3.486,2.088,-0.58
2021-08-12 13:00:00,4.675,4.074,1.79,-0.339
2021-08-12 14:00:00,4.578,3.496,1.584,-1.92
2021-08-12 15:00:00,4.658,3.433,1.445,-2.201
2021-08-12 16:00:00,4.679,3.698,0.136,-2.309
2021-08-12 17:00:00,4.588,3.828,1.326,-0.974
2021-08-12 18:00:00,3.075,2.611,0.829,-0.939
2021-08-12 19:00:00,3.425,3.056,1.106,-0.65
2021-08-12 20:00:00,3.036,2.348,1.424,-0.423
2021-08-12 21:00:00,2.617,1.955,0.423,-1.138
2021-08-12 22:00:00,2.12,0.665,0.034,-1.041
2021-08-12 23:00:00,2.338,-1.072,-0.991,0.377
2021-08-13 00:00:00,2.766,-0.451,1.763,-1.848
2021-08-13 01:00:00,3.058,-0.029,-0.696,-2.029
2021-08-13 02:00:00,3.536,0.831,-2.726,-0.258
2021-08-13 03:00:00,3.609,1.684,-2.931,0.06
2021-08-13 04:00:00,3.619,0.613,-2.999,1.122
2021-08-13 05:00:00,4.3,1.018,-3.871,1.213
2021-08-13 06:00:00,4.779,-0.263,1.424,2.065
2021-08-13 07:00:00,5.887,-2.883,4.397,0.932
2021-08-13 08:00:00,7.797,-2.771,6.891,2.102
2021-08-13 09:00:00,4.208,-2.088,-0.018,2.015
2021-08-13 10:00:00,3.541,1.288,-2.645,-0.465
2021-08-13 11:00:00,3.095,-0.668,0.757,0.251
2021-08-13 12:00:00,4.127,-2.402,1.576,0.624
2021-08-13 13:00:00,5.061,-1.966,4.138,-0.038
2021-08-13 14:00:00,4.12,1.658,2.468,-2.259
2021-08-13 15:00:00,4.106,0.509,3.628,-0.722
2021-08-13 16:00:00,3.872,0.583,3.684,0.493
2021-08-13 17:00:00,3.564,-1.276,2.712,1.306
2021-08-13 18:00:00,3.709,-2.237,2.838,0.46
2021-08-13 19:00:00,2.846,-0.643,2.277,-0.437
2021-08-13 20:00:00,2.432,0.545,1.991,-0.621
2021-08-13 21:00:00,2.016,-0.511,1.672,-0.352
2021-08-13 22:00:00,2.259,-1.381,0.701,-0.778
2021-08-13 23:00:00,2.544,-1.652,1.335,0.356
2021-08-14 00:00:00,2.667,-0.474,1.543,-1.295
2021-08-14 01:00:00,2.613,-0.263,0.801,-2.064
2021-08-14 02:00:00,2.59,-0.528,1.979,-0.387
2021-08-14 03:00:00,2.874,-1.257,2.388,0.103
2021-08-14 04:00:00,2.809,-1.375,2.182,0.517
2021-08-14 05:00:00,2.895,-1.684,1.853,0.861
2021-08-14 06:00:00,2.595,-1.636,1.826,-0.069
2021-08-14 07:00:00,2.21,-0.454,1.343,0.429
2021-08-14 08:00:00,1.958,1.395,0.875,0.342
2021-08-14 09:00:00,2.159,0.502,1.063,1.513
2021-08-14 10:00:00,3.204,0.183,0.029,3.04
2021-08-14 11:00:00,3.731,0.606,1.028,3.3
2021-08-14 12:00:00,3.886,-1.424,2.333,2.474
2021-08-14 13:00:00,3.955,-1.082,2.539,-0.124
2021-08-14 14:00:00,4.351,-1.183,3.215,-1.131
2021-08-14 15:00:00,3.763,-1.815,2.48,0.673
2021-08-14 16:00:00,3.84,-1.794,3.222,-0.354
2021-08-14 17:00:00,4.364,-1.856,3.7,-1.03
2021-08-14 18:00:00,4.301,-1.085,1.984,0.237
2021-08-14 19:00:00,4.566,-1.172,1.335,3.795
2021-08-14 20:00:00,4.915,-1.523,2.171,3.868
2021-08-14 21:00:00,3.91,-1.672,1.811,-2.186
2021-08-14 22:00:00,4.417,-2.696,1.465,-2.225
2021-08-14 23:00:00,4.622,-2.269,2.68,-1.56
2021-08-15 00:00:00,4.971,-1.62,3.909,1.6
2021-08-15 01:00:00,5.001,-2.286,3.471,2.049
2021-08-15 02:00:00,5.141,-1.969,3.552,1.413
2021-08-15 03:00:00,5.713,-3.204,4.124,-0.812
2021-08-15 04:00:00,6.335,-1.163,4.645,-1.155
2021-08-15 05:00:00,6.953,-0.588,3.791,1.175
2021-08-15 06:00:00,7.013,-1.719,2.505,-5.482
2021-08-15 07:00:00,6.523,-3.16,3.168,2.674
2021-08-15 08:00:00,5.97,-2.035,4.959,-0.696
2021-08-15 09:00:00,6.213,-3.677,4.586,0.844
2021-08-15 10:00:00,5.807,-2.808,3.81,0.071
2021-08-15 11:00:00,6.093,-0.773,5.7,0.777
2021-08-15 12:00:00,5.999,-2.786,4.815,0.787
2021-08-15 13:00:00,5.817,-3.503,4.012,-1.641
2021-08-15 14:00:00,5.058,-3.773,2.038,1.631
2021-08-15 15:00:00,5.069,-3.48,1.883,1.999
2021-08-15 16:00:00,5.262,-3.304,3.678,-0.284
2021-08-15 17:00:00,5.0,-2.954,2.499,0.395
2021-08-15 18:00:00,4.457,-0.681,2.365,-1.339
2021-08-15 19:00:00,4.159,-2.46,1.924,-1.503
2021-08-15 20:00:00,4.38,-0.696,0.853,-3.391
2021-08-15 21:00:00,5.063,0.247,2.145,-3.477
2021-08-15 22:00:00,4.622,-1.934,3.207,-1.632
2021-08-15 23:00:00,4.774,-1.199,3.74,-1.577
2021-08-16 00:00:00,4.849,-2.473,2.699,-0.669
2021-08-16 01:00:00,5.124,-2.355,3.017,2.9
2021-08-16 02:00:00,5.229,-2.115,2.244,3.796
2021-08-16 03:00:00,5.112,-2.775,-0.562,3.51
2021-08-16 04:00:00,4.956,-2.539,-0.375,3.934
2021-08-16 05:00:00,4.804,-2.986,1.52,2.215
2021-08-16 06:00:00,4.914,-2.492,2.834,-2.032
2021-08-16 07:00:00,4.977,-3.407,1.272,1.81
2021-08-16 08:00:00,4.529,-3.968,0.591,1.275
2021-08-16 09:00:00,4.536,-3.091,1.844,1.788
2021-08-16 10:00:00,4.196,-2.498,1.876,0.466
2021-08-16 11:00:00,3.988,-0.555,2.024,-2.687
2021-08-16 12:00:00,4.135,-1.293,2.726,-1.976
2021-08-16 13:00:00,4.388,0.002,3.108,-1.985
2021-08-16 14:00:00,4.481,-0.589,3.878,1.508
2021-08-16 15:00:00,4.016,-1.973,2.748,0.783
2021-08-16 16:00:00,3.526,-0.977,1.709,-0.491
2021-08-16 17:00:00,3.351,-2.459,1.686,0.589
2021-08-16 18:00:00,3.455,-1.724,2.189,-0.76
2021-08-16 19:00:00,3.461,-0.953,2.564,-1.105
2021-08-16 20:00:00,3.298,-2.344,1.615,-0.185
2021-08-16 21:00:00,3.306,-2.81,0.896,-0.916
2021-08-16 22:00:00,3.425,-1.486,2.239,-0.238
2021-08-16 23:00:00,3.518,-1.236,2.704,-0.715
2021-08-17 00:00:00,4.088,-1.895,3.013,-0.265
2021-08-17 01:00:00,4.01,-2.56,2.482,1.341
2021-08-17 02:00:00,3.707,-1.699,1.15,1.55
2021-08-17 03:00:00,3.947,-1.191,2.994,0.202
2021-08-17 04:00:00,3.616,-2.936,1.488,0.811
2021-08-17 05:00:00,3.711,-2.451,1.581,1.551
2021-08-17 06:00:00,3.652,-3.01,0.444,1.384
2021-08-17 07:00:00,3.644,-2.925,1.29,0.94
2021-08-17 08:00:00,3.845,0.428,2.881,0.521
2021-08-17 09:00:00,3.878,0.633,1.82,-1.158
2021-08-17 10:00:00,4.267,-3.139,1.658,0.89
2021-08-17 11:00:00,4.056,-0.383,2.388,0.148
2021-08-17 12:00:00,3.825,-1.575,2.752,0.678
2021-08-17 13:00:00,4.112,-1.646,2.973,1.55
2021-08-17 14:00:00,4.263,2.249,2.61,-1.022
2021-08-17 15:00:00,3.188,-0.367,2.497,0.102
2021-08-17 16:00:00,3.453,-2.802,1.472,0.992
2021-08-17 17:00:00,3.39,-2.906,1.091,0.402
2021-08-17 18:00:00,3.799,-2.92,1.743,1.15
2021-08-17 19:00:00,3.363,-0.73,2.845,-0.828
2021-08-17 20:00:00,3.371,0.622,0.827,-1.548
2021-08-17 21:00:00,4.085,3.675,0.521,-0.945
2021-08-17 22:00:00,3.302,1.074,0.806,-2.207
2021-08-17 23:00:00,3.951,0.851,-1.564,-3.162
2021-08-18 00:00:00,4.575,-0.139,-0.965,-3.77
2021-08-18 01:00:00,3.944,-2.689,2.025,-0.235
2021-08-18 02:00:00,3.858,-2.793,0.2,-0.574
2021-08-18 03:00:00,4.087,-0.991,1.201,-1.613
2021-08-18 04:00:00,3.914,-0.819,1.261,-1.873
2021-08-18 05:00:00,3.503,-2.834,0.822,0.186
2021-08-18 06:00:00,3.417,-3.117,-0.17,1.076
2021-08-18 07:00:00,3.454,-3.023,-0.11,0.246
2021-08-18 08:00:00,3.378,-2.155,0.969,0.66
2021-08-18 09:00:00,3.43,-1.592,2.435,-0.571
2021-08-18 10:00:00,3.291,-2.685,0.524,0.44
2021-08-18 11:00:00,2.972,-1.343,1.962,-1.048
2021-08-18 12:00:00,3.276,-1.981,2.191,-0.952
2021-08-18 13:00:00,3.541,-1.17,2.691,-1.389
2021-08-18 14:00:00,3.504,-1.53,2.65,-0.41
2021-08-18 15:00:00,3.254,-1.396,2.506,-0.004
2021-08-18 16:00:00,3.256,-0.161,2.749,-0.942
2021-08-18 17:00:00,3.313,-1.446,2.505,-0.959
2021-08-18 18:00:00,3.031,-1.664,2.02,1.047
2021-08-18 19:00:00,3.345,-1.865,2.227,1.048
2021-08-18 20:00:00,3.359,-1.638,1.456,2.248
2021-08-18 21:00:00,3.291,0.089,2.142,2.28
2021-08-18 22:00:00,3.401,-2.449,0.7,2.083
2021-08-18 23:00:00,3.325,-2.697,1.216,0.925
2021-08-19 00:00:00,3.241,-2.861,1.062,0.188
2021-08-19 01:00:00,3.537,-1.929,2.816,0.549
2021-08-19 02:00:00,3.525,-1.668,2.818,0.816
2021-08-19 03:00:00,3.574,-1.937,2.6,1.306
2021-08-19 04:00:00,3.652,-2.038,2.824,0.723
2021-08-19 05:00:00,3.465,-2.078,2.606,0.062
2021-08-19 06:00:00,3.349,-2.131,2.498,-0.009
2021-08-19 07:00:00,3.386,-2.519,1.788,0.967
2021-08-19 08:00:00,3.811,-1.879,1.677,2.11
2021-08-19 09:00:00,4.507,1.615,2.593,-2.997
2021-08-19 10:00:00,5.213,1.57,2.693,-3.941
2021-08-19 11:00:00,5.621,2.009,3.448,-3.775
2021-08-19 12:00:00,5.859,2.27,4.138,-3.334
2021-08-19 13:00:00,6.043,2.067,4.875,-2.804
2021-08-19 14:00:00,6.562,1.944,5.207,-3.24
2021-08-19 15:00:00,6.647,1.173,5.855,-2.443
2021-08-19 16:00:00,6.469,-0.143,6.169,-1.39
2021-08-19 17:00:00,5.914,0.446,5.053,-0.335
2021-08-19 18:00:00,5.623,2.193,3.584,1.067
2021-08-19 19:00:00,5.156,-0.565,3.446,1.5
2021-08-19 20:00:00,5.634,1.15,4.37,-1.092
2021-08-19 21:00:00,5.415,-0.121,5.029,-0.246
2021-08-19 22:00:00,4.958,-0.908,3.708,1.631
2021-08-19 23:00:00,4.672,-2.529,1.16,2.676
2021-08-20 00:00:00,4.246,-1.408,2.755,1.757
2021-08-20 01:00:00,4.87,-0.671,4.316,1.051
2021-08-20 02:00:00,4.951,-0.245,3.304,1.0
2021-08-20 03:00:00,5.262,-0.784,4.071,1.439
2021-08-20 04:00:00,4.823,1.485,2.256,-1.775
2021-08-20 05:00:00,5.064,-1.046,4.193,0.493
2021-08-20 06:00:00,5.442,-2.128,3.973,-2.523
2021-08-20 07:00:00,5.884,-1.435,4.772,-1.93
2021-08-20 08:00:00,6.641,-0.521,2.666,-4.832
2021-08-20 09:00:00,6.933,-1.358,4.84,-3.727
2021-08-20 10:00:00,7.259,0.292,4.465,-5.575
2021-08-20 11:00:00,7.274,0.242,3.118,-6.138
2021-08-20 12:00:00,7.828,-1.159,5.031,-5.26
2021-08-20 13:00:00,7.846,-0.622,6.565,-2.248
2021-08-20 14:00:00,7.357,-2.891,6.09,1.159
2021-08-20 15:00:00,7.181,-2.009,6.287,1.759
2021-08-20 16:00:00,7.147,-2.125,5.889,2.123
2021-08-20 17:00:00,7.566,-1.407,6.983,0.702
2021-08-20 18:00:00,7.166,-1.366,5.219,4.347
2021-08-20 19:00:00,6.772,-2.864,4.242,3.785
2021-08-20 20:00:00,6.643,-3.281,2.587,4.894
2021-08-20 21:00:00,6.608,-3.961,2.192,4.707
2021-08-20 22:00:00,6.59,-4.138,0.801,4.955
2021-08-20 23:00:00,6.568,-3.101,0.223,5.604
2021-08-21 00:00:00,6.208,-2.178,1.161,5.53
2021-08-21 01:00:00,6.162,-1.645,3.783,3.257
2021-08-21 02:00:00,6.504,-2.323,-0.103,5.937
2021-08-21 03:00:00,6.912,-2.642,-0.005,6.244
2021-08-21 04:00:00,7.324,-3.986,2.701,5.203
2021-08-21 05:00:00,7.11,-3.357,0.617,6.085
2021-08-21 06:00:00,5.996,-3.163,1.343,4.524
2021-08-21 07:00:00,4.157,-2.066,1.992,2.487
2021-08-21 08:00:00,3.142,-0.888,2.142,1.041
2021-08-21 09:00:00,2.885,-0.791,2.353,0.351
2021-08-21 10:00:00,4.033,-2.603,2.51,1.498
2021-08-21 11:00:00,3.444,-2.29,1.556,0.315
2021-08-21 12:00:00,4.242,-1.847,3.122,-0.86
2021-08-21 13:00:00,4.464,-0.253,3.299,2.546
2021-08-21 14:00:00,4.159,-1.099,3.362,1.6
2021-08-21 15:00:00,3.806,-2.294,2.82,0.817
2021-08-21 16:00:00,2.663,-1.47,1.973,0.718
2021-08-21 17:00:00,1.962,-1.334,1.052,0.67
2021-08-21 18:00:00,1.824,-1.535,0.645,0.068
2021-08-21 19:00:00,1.765,-1.398,0.85,-0.072
2021-08-21 20:00:00,2.152,-1.768,1.011,0.16
2021-08-21 21:00:00,2.196,-2.027,0.373,-0.244
2021-08-21 22:00:00,2.105,-1.954,0.106,-0.375
2021-08-21 23:00:00,2.588,-2.412,-0.125,-0.671
2021-08-22 00:00:00,2.274,-2.093,-0.069,-0.575
2021-08-22 01:00:00,2.2,-2.019,-0.094,-0.562
2021-08-22 02:00:00,2.066,-1.782,-0.414,-0.63
2021-08-22 03:00:00,1.899,-1.594,-0.276,-0.588
2021-08-22 04:00:00,1.769,-1.25,-0.894,-0.33
2021-08-22 05:00:00,1.515,-0.661,-1.156,-0.323
2021-08-22 06:00:00,1.782,-0.082,-1.598,-0.322
2021-08-22 07:00:00,2.245,-0.298,-1.908,0.508
2021-08-22 08:00:00,2.945,-0.13,-2.708,0.109
2021-08-22 09:00:00,3.132,-0.189,-2.668,0.834
2021-08-22 10:00:00,3.067,0.487,-1.485,0.259
2021-08-22 11:00:00,3.619,-2.462,-1.124,1.929
2021-08-22 12:00:00,3.67,-2.9,0.938,1.753
2021-08-22 13:00:00,2.804,-2.018,1.435,0.913
2021-08-22 14:00:00,1.961,1.137,0.117,-0.235
2021-08-22 15:00:00,2.292,1.868,-0.62,-0.203
2021-08-22 16:00:00,2.726,2.463,-0.263,-0.796
2021-08-22 17:00:00,3.105,2.936,-0.674,0.024
2021-08-22 18:00:00,3.132,2.802,-1.103,0.494
2021-08-22 19:00:00,2.943,2.338,-1.6,0.222
2021-08-22 20:00:00,2.677,1.394,-1.964,0.8
2021-08-22 21:00:00,2.624,0.818,-1.791,0.133
2021-08-22 22:00:00,3.068,0.348,-1.876,1.507
2021-08-22 23:00:00,4.014,1.108,-3.757,-0.528
2021-08-23 00:00:00,4.187,1.228,-3.799,-0.953
2021-08-23 01:00:00,4.098,0.628,-3.822,-0.077
2021-08-23 02:00:00,3.945,1.244,-3.502,-0.854
2021-08-23 03:00:00,3.351,0.876,-1.963,-0.949
2021-08-23 04:00:00,4.264,1.265,-3.11,-1.962
2021-08-23 05:00:00,4.314,0.058,-3.633,-1.7
2021-08-23 06:00:00,4.179,0.982,-3.891,-0.403
2021-08-23 07:00:00,3.915,0.09,-1.136,1.697
2021-08-23 08:00:00,4.632,0.091,2.923,3.264
2021-08-23 09:00:00,4.732,-0.641,-1.738,3.685
2021-08-23 10:00:00,4.041,-0.165,-2.143,1.59
2021-08-23 11:00:00,3.854,-0.244,-1.126,2.635
2021-08-23 12:00:00,4.928,1.53,-1.902,0.177
2021-08-23 13:00:00,4.285,3.266,-1.758,0.405
2021-08-23 14:00:00,3.656,1.94,-1.086,2.17
2021-08-23 15:00:00,3.891,1.893,-2.218,1.964
2021-08-23 16:00:00,4.804,1.34,-4.181,1.708
2021-08-23 17:00:00,4.959,0.973,-3.977,1.576
2021-08-23 18:00:00,5.724,4.083,-2.83,-2.484
2021-08-23 19:00:00,6.07,3.951,-3.265,-2.86
2021-08-23 20:00:00,5.927,3.261,-4.598,1.02
2021-08-23 21:00:00,5.278,2.05,-4.133,0.736
2021-08-23 22:00:00,4.537,2.827,-2.761,-0.081
2021-08-23 23:00:00,4.161,3.246,-2.107,-0.129
2021-08-24 00:00:00,4.149,3.438,-1.892,0.319
2021-08-24 01:00:00,4.817,3.093,-2.546,0.535
2021-08-24 02:00:00,5.054,1.761,-3.747,-2.237
2021-08-24 03:00:00,5.317,1.058,-4.124,0.61
2021-08-24 04:00:00,4.69,2.672,-2.606,0.018
2021-08-24 05:00:00,4.436,3.473,-1.343,-1.911
2021-08-24 06:00:00,4.936,4.047,-0.417,-2.447
2021-08-24 07:00:00,6.002,4.745,1.651,-3.207
2021-08-24 08:00:00,6.619,4.567,4.003,-2.299
2021-08-24 09:00:00,5.5,3.694,0.342,-2.554
2021-08-24 10:00:00,5.03,2.318,-3.649,-1.63
2021-08-24 11:00:00,4.723,-1.157,-4.228,0.959
2021-08-24 12:00:00,3.773,-2.151,-0.088,2.648
2021-08-24 13:00:00,3.98,-2.571,-0.788,2.427
2021-08-24 14:00:00,5.119,-2.114,-2.95,3.38
2021-08-24 15:00:00,6.203,-1.3,-5.411,2.08
2021-08-24 16:00:00,5.422,0.31,-3.733,-2.501
2021-08-24 17:00:00,5.706,-1.746,5.015,-1.327
2021-08-24 18:00:00,6.842,-3.491,5.05,2.251
2021-08-24 19:00:00,5.129,-2.864,2.582,2.075
2021-08-24 20:00:00,6.51,-3.778,2.883,1.317
2021-08-24 21:00:00,8.231,-2.025,4.201,5.58
2021-08-24 22:00:00,8.069,-5.017,0.345,4.392
2021-08-24 23:00:00,6.318,-3.769,-2.693,2.462
2021-08-25 00:00:00,6.507,1.441,-2.016,-2.712
2021-08-25 01:00:00,8.608,3.509,-2.295,-6.66
2021-08-25 02:00:00,8.285,2.401,0.545,-7.044
2021-08-25 03:00:00,8.277,2.618,5.133,-5.565
2021-08-25 04:00:00,7.076,0.902,3.408,-5.577
2021-08-25 05:00:00,5.655,-0.793,4.568,2.504
2021-08-25 06:00:00,4.137,-0.573,3.505,0.795
2021-08-25 07:00:00,3.744,-1.127,2.897,0.063
2021-08-25 08:00:00,4.379,-2.087,2.455,2.631
2021-08-25 09:00:00,4.843,-2.626,3.535,1.554
2021-08-25 10:00:00,4.835,-1.487,4.254,-0.968
2021-08-25 11:00:00,4.206,-0.671,3.553,-1.132
2021-08-25 12:00:00,4.699,-2.73,3.216,0.358
2021-08-25 13:00:00,3.529,-0.772,2.864,0.219
2021-08-25 14:00:00,2.549,0.632,0.298,-1.42
2021-08-25 15:00:00,3.836,-1.859,2.855,1.294
2021-08-25 16:00:00,4.094,-2.812,2.23,1.441
2021-08-25 17:00:00,4.196,-3.15,1.292,1.18
2021-08-25 18:00:00,3.9,-3.197,1.405,1.406
2021-08-25 19:00:00,3.769,-3.188,0.358,1.786
2021-08-25 20:00:00,4.037,-3.538,0.148,1.764
2021-08-25 21:00:00,3.867,-0.688,2.172,-0.682
2021-08-25 22:00:00,4.125,-2.218,3.218,0.061
2021-08-25 23:00:00,4.398,-1.5,3.447,-0.361
2021-08-26 00:00:00,4.094,1.217,2.547,-2.149
2021-08-26 01:00:00,3.601,1.346,2.345,-0.955
2021-08-26 02:00:00,3.562,0.418,2.613,-0.809
2021-08-26 03:00:00,2.67,1.399,0.296,-1.287
2021-08-26 04:00:00,3.695,-0.359,3.008,-1.082
2021-08-26 05:00:00,3.236,0.485,2.062,-0.686
2021-08-26 06:00:00,3.386,-0.715,2.673,-1.473
2021-08-26 07:00:00,3.303,-0.777,2.908,-0.971
2021-08-26 08:00:00,3.368,0.125,2.85,-1.317
2021-08-26 09:00:00,2.96,-2.146,0.473,-0.651
2021-08-26 10:00:00,3.515,-3.388,0.355,0.394
2021-08-26 11:00:00,3.455,0.399,1.668,-0.936
2021-08-26 12:00:00,3.551,2.396,1.603,-1.458
2021-08-26 13:00:00,3.21,-0.414,1.769,0.83
2021-08-26 14:00:00,2.798,-0.956,1.0,0.768
2021-08-26 15:00:00,3.185,1.201,1.487,-0.896
2021-08-26 16:00:00,2.955,0.695,1.533,-1.275
2021-08-26 17:00:00,3.05,1.596,1.273,-1.462
2021-08-26 18:00:00,2.843,0.128,1.79,-1.613
2021-08-26 19:00:00,3.281,1.493,1.167,-1.993
2021-08-26 20:00:00,2.943,1.457,1.196,-1.704
2021-08-26 21:00:00,2.488,-0.574,1.156,-0.781
2021-08-26 22:00:00,2.482,-0.753,1.507,-1.636
2021-08-26 23:00:00,2.626,-0.79,0.659,-0.902
2021-08-27 00:00:00,4.113,-1.8,3.015,0.644
2021-08-27 01:00:00,5.939,-3.714,2.418,2.551
2021-08-27 02:00:00,6.628,-3.936,1.149,4.93
2021-08-27 03:00:00,6.4,-4.527,1.64,4.096
2021-08-27 04:00:00,5.377,-1.877,3.901,1.562
2021-08-27 05:00:00,4.621,2.165,2.591,0.175
2021-08-27 06:00:00,6.887,-1.517,6.143,0.902
2021-08-27 07:00:00,6.752,-0.224,6.115,0.373
2021-08-27 08:00:00,6.643,-0.353,5.291,-0.206
2021-08-27 09:00:00,7.404,0.456,3.091,-3.744
2021-08-27 10:00:00,12.225,2.469,-11.435,1.36
2021-08-27 11:00:00,10.385,2.396,-4.123,-2.557
2021-08-27 12:00:00,14.172,5.931,-2.636,-8.175
2021-08-27 13:00:00,15.828,8.592,-1.589,-13.121
2021-08-27 14:00:00,15.754,8.026,2.029,-13.343
2021-08-27 15:00:00,15.943,6.649,1.304,-14.325
2021-08-27 16:00:00,15.993,7.233,3.273,-13.816
2021-08-27 17:00:00,16.273,6.127,5.597,-13.815
2021-08-27 18:00:00,16.064,4.06,9.343,-12.352
2021-08-27 19:00:00,15.636,4.506,10.36,-10.749
2021-08-27 20:00:00,15.176,3.96,11.089,-9.449
2021-08-27 21:00:00,14.522,5.212,9.846,-9.127
2021-08-27 22:00:00,13.784,4.682,11.073,-6.612
2021-08-27 23:00:00,13.235,3.825,11.583,-5.058
2021-08-28 00:00:00,12.886,2.615,11.342,-5.395
2021-08-28 01:00:00,12.48,2.385,11.671,-3.517
2021-08-28 02:00:00,11.999,1.865,11.717,-1.573
2021-08-28 03:00:00,11.531,1.037,11.404,-1.049
2021-08-28 04:00:00,11.19,0.421,11.143,-0.384
2021-08-28 05:00:00,10.892,-0.223,10.828,0.034
2021-08-28 06:00:00,10.449,-0.355,10.318,1.215
2021-08-28 07:00:00,9.987,-0.914,9.669,2.046
2021-08-28 08:00:00,9.342,-0.135,8.929,2.321
2021-08-28 09:00:00,8.361,-1.237,6.596,4.893
2021-08-28 10:00:00,7.745,-1.141,6.352,3.824
2021-08-28 11:00:00,8.255,-1.957,7.934,0.947
2021-08-28 12:00:00,7.708,-1.813,7.173,1.829
2021-08-28 13:00:00,6.841,-1.539,5.987,2.76
2021-08-28 14:00:00,7.41,-1.783,6.207,0.702
2021-08-28 15:00:00,7.604,-1.674,5.295,-3.505
2021-08-28 16:00:00,7.319,-2.944,3.278,5.712
2021-08-28 17:00:00,7.342,-1.861,3.883,5.609
2021-08-28 18:00:00,7.104,-2.354,3.316,5.508
2021-08-28 19:00:00,6.91,-2.509,3.022,5.427
2021-08-28 20:00:00,7.368,-3.084,3.205,5.724
2021-08-28 21:00:00,7.307,-3.614,3.23,5.39
2021-08-28 22:00:00,6.853,-2.808,4.962,3.197
2021-08-28 23:00:00,5.013,-1.99,4.098,1.247
2021-08-29 00:00:00,5.176,-1.564,3.112,3.381
2021-08-29 01:00:00,4.615,-0.52,1.759,2.236
2021-08-29 02:00:00,3.03,-1.566,1.825,1.091
2021-08-29 03:00:00,5.801,-3.088,-0.47,3.51
2021-08-29 04:00:00,4.228,-1.387,-0.458,-2.214
2021-08-29 05:00:00,2.092,0.467,-0.25,-1.073
2021-08-29 06:00:00,3.89,1.612,-3.077,-1.341
2021-08-29 07:00:00,4.25,2.011,-3.249,-1.03
2021-08-29 08:00:00,4.9,2.45,-3.69,0.548
2021-08-29 09:00:00,4.675,2.932,-3.351,-0.187
2021-08-29 10:00:00,4.392,3.324,-1.433,0.414
2021-08-29 11:00:00,4.636,2.221,-1.627,0.883
2021-08-29 12:00:00,2.656,0.208,1.629,-1.107
2021-08-29 13:00:00,3.22,-0.64,1.835,0.233
2021-08-29 14:00:00,4.917,0.51,-1.278,-3.065
2021-08-29 15:00:00,5.567,2.202,-0.991,-4.689
2021-08-29 16:00:00,5.996,2.169,-1.601,-5.086
2021-08-29 17:00:00,5.334,2.56,-0.978,-0.229
2021-08-29 18:00:00,6.364,2.932,-4.281,3.008
2021-08-29 19:00:00,6.393,2.075,-4.809,1.77
2021-08-29 20:00:00,8.901,1.732,-6.684,0.42
2021-08-29 21:00:00,8.793,4.059,-6.556,1.811
2021-08-29 22:00:00,9.014,2.565,-7.555,3.443
2021-08-29 23:00:00,6.335,0.121,-1.822,-0.478
2021-08-30 00:00:00,4.271,0.2,-0.361,0.137
2021-08-30 01:00:00,4.122,1.583,-2.498,1.183
2021-08-30 02:00:00,4.301,2.619,-2.307,-0.494
2021-08-30 03:00:00,6.345,5.077,-2.205,-1.59
2021-08-30 04:00:00,5.22,3.147,-3.664,0.397
2021-08-30 05:00:00,3.867,-1.958,-0.079,1.465
2021-08-30 06:00:00,4.883,-4.513,0.267,1.264
2021-08-30 07:00:00,2.875,-1.691,-1.291,0.083
2021-08-30 08:00:00,4.642,4.501,-0.386,-0.545
2021-08-30 09:00:00,3.995,3.789,0.334,-0.844
2021-08-30 10:00:00,3.443,-0.259,1.62,1.026
2021-08-30 11:00:00,5.248,-1.896,3.382,3.27
2021-08-30 12:00:00,5.065,1.061,4.042,-0.275
2021-08-30 13:00:00,4.814,-0.484,3.482,2.466
2021-08-30 14:00:00,4.602,-0.473,2.81,2.71
2021-08-30 15:00:00,4.106,-1.771,1.805,2.847
2021-08-30 16:00:00,3.122,0.467,1.945,0.153
2021-08-30 17:00:00,3.871,2.069,1.171,-2.442
2021-08-30 18:00:00,3.9,0.101,-1.166,-1.906
2021-08-30 19:00:00,3.586,2.458,1.882,-0.6
2021-08-30 20:00:00,4.483,2.631,2.639,-0.764
2021-08-30 21:00:00,3.891,1.686,1.486,-1.535
2021-08-30 22:00:00,4.912,3.785,1.857,-2.16
2021-08-30 23:00:00,5.118,2.033,3.851,-2.103
2021-08-31 00:00:00,5.018,3.049,2.98,-2.369
2021-08-31 01:00:00,4.895,2.682,3.235,-2.122
2021-08-31 02:00:00,5.136,2.019,4.512,-1.037
2021-08-31 03:00:00,5.158,1.366,4.859,-0.75
2021-08-31 04:00:00,4.922,2.363,4.129,-0.426
2021-08-31 05:00:00,4.755,2.718,3.808,-0.206
2021-08-31 06:00:00,4.951,2.532,4.116,-0.792
2021-08-31 07:00:00,4.938,3.67,1.669,-2.313
2021-08-31 08:00:00,4.714,3.755,0.641,-2.572
2021-08-31 09:00:00,4.372,3.514,2.015,-1.015
2021-08-31 10:00:00,4.769,3.911,1.951,-1.663
2021-08-31 11:00:00,5.32,3.426,3.912,-0.378
2021-08-31 12:00:00,4.828,3.107,3.264,1.269
2021-08-31 13:00:00,3.576,1.225,2.544,1.327
2021-08-31 14:00:00,3.463,1.843,2.609,-0.506
2021-08-31 15:00:00,2.993,2.033,1.94,-0.056
2021-08-31 16:00:00,3.306,2.368,-1.462,-0.756
2021-08-31 17:00:00,2.401,1.382,-1.296,-0.254
2021-08-31 18:00:00,2.248,-0.329,-0.73,-0.951
2021-08-31 19:00:00,2.504,0.171,2.034,0.184
2021-08-31 20:00:00,2.929,0.143,-1.855,-0.437
2021-08-31 21:00:00,3.238,0.368,-2.78,-1.381
2021-08-31 22:00:00,3.391,0.732,-2.939,-1.174
2021-08-31 23:00:00,3.364,0.228,-1.538,-2.721
2021-09-01 00:00:00,2.187,1.159,-0.146,-1.508
2021-09-01 01:00:00,3.437,2.573,-1.391,-1.474
2021-09-01 02:00:00,3.282,2.32,-1.278,-1.656
2021-09-01 03:00:00,4.193,2.933,-1.623,-2.167
2021-09-01 04:00:00,5.3,3.85,-2.385,-2.36
2021-09-01 05:00:00,5.223,3.623,-1.564,-3.131
2021-09-01 06:00:00,4.84,3.04,-1.753,-3.16
2021-09-01 07:00:00,4.789,1.84,-1.18,-4.107
2021-09-01 08:00:00,3.967,-1.112,1.44,-2.625
2021-09-01 09:00:00,3.941,-1.049,1.72,0.473
2021-09-01 10:00:00,2.661,-1.787,-0.351,-1.459
2021-09-01 11:00:00,3.251,-1.535,0.519,-2.262
2021-09-01 12:00:00,3.727,-1.247,1.199,-3.017
2021-09-01 13:00:00,4.072,-3.241,1.386,-1.462
2021-09-01 14:00:00,4.425,-3.49,1.971,0.434
2021-09-01 15:00:00,4.579,-2.576,3.127,1.466
2021-09-01 16:00:00,4.76,-2.501,3.689,1.297
2021-09-01 17:00:00,4.815,-2.868,3.757,-0.16
2021-09-01 18:00:00,4.325,-2.891,2.391,-1.557
2021-09-01 19:00:00,4.002,-2.713,2.702,-0.559
2021-09-01 20:00:00,3.921,-3.268,0.7,-1.477
2021-09-01 21:00:00,3.183,-2.521,-1.054,-0.266
2021-09-01 22:00:00,3.042,-2.688,0.956,-0.084
2021-09-01 23:00:00,2.894,-2.483,0.824,0.741
2021-09-02 00:00:00,3.549,-3.257,0.931,-0.297
2021-09-02 01:00:00,3.448,-2.829,1.663,-0.056
2021-09-02 02:00:00,3.62,-3.058,1.507,-0.727
2021-09-02 03:00:00,3.792,-2.838,2.115,-0.219
2021-09-02 04:00:00,4.182,-3.179,2.426,0.927
2021-09-02 05:00:00,3.914,-2.76,2.083,1.081
2021-09-02 06:00:00,3.87,-0.385,2.014,2.526
2021-09-02 07:00:00,3.341,-0.499,0.775,0.579
2021-09-02 08:00:00,4.393,-1.51,1.612,1.062
2021-09-02 09:00:00,4.618,-3.082,2.667,-1.609
2021-09-02 10:00:00,4.526,-2.347,2.115,-2.324
2021-09-02 11:00:00,4.788,-0.24,-3.755,-0.289
2021-09-02 12:00:00,4.366,-0.857,-2.035,-3.436
2021-09-02 13:00:00,4.146,-1.304,-1.975,-2.011
2021-09-02 14:00:00,2.861,-1.489,1.609,0.053
2021-09-02 15:00:00,3.753,-2.024,1.806,-1.54
2021-09-02 16:00:00,4.155,-0.432,3.73,-1.182
2021-09-02 17:00:00,3.76,-1.099,2.791,-0.034
2021-09-02 18:00:00,3.496,-1.03,1.183,-0.034
2021-09-02 19:00:00,3.602,-1.712,-1.943,2.267
2021-09-02 20:00:00,3.849,-1.642,-2.04,1.849
2021-09-02 21:00:00,4.316,-2.99,2.481,1.199
2021-09-02 22:00:00,4.619,-2.525,3.469,0.415
2021-09-02 23:00:00,4.551,-2.95,2.771,-0.19
2021-09-03 00:00:00,4.605,-2.695,2.558,2.115
2021-09-03 01:00:00,5.237,-1.963,2.617,3.321
2021-09-03 02:00:00,4.289,-2.806,0.425,0.079
2021-09-03 03:00:00,4.751,-1.937,2.525,0.072
2021-09-03 04:00:00,5.365,-3.476,2.125,1.477
2021-09-03 05:00:00,5.673,-3.133,3.314,2.801
2021-09-03 06:00:00,4.244,-1.182,2.62,-0.398
2021-09-03 07:00:00,4.74,0.828,3.388,-2.935
2021-09-03 08:00:00,5.501,0.793,2.316,-4.648
2021-09-03 09:00:00,5.699,-0.182,3.974,-1.905
2021-09-03 10:00:00,6.083,-0.821,5.518,0.232
2021-09-03 11:00:00,6.359,0.378,6.068,-1.225
2021-09-03 12:00:00,5.237,2.544,1.057,-1.453
2021-09-03 13:00:00,5.211,2.093,-2.311,-2.118
2021-09-03 14:00:00,4.967,2.831,-1.207,-0.936
2021-09-03 15:00:00,4.591,2.568,2.217,1.058
2021-09-03 16:00:00,4.791,3.415,-0.26,-2.838
2021-09-03 17:00:00,4.28,0.132,-1.2,-3.489
2021-09-03 18:00:00,3.835,-0.2,-1.581,-2.069
2021-09-03 19:00:00,3.504,2.752,0.941,-0.64
2021-09-03 20:00:00,2.862,2.304,-0.72,0.021
2021-09-03 21:00:00,4.023,0.21,-0.693,-2.673
2021-09-03 22:00:00,3.298,-1.136,1.992,-0.077
2021-09-03 23:00:00,3.567,-1.246,-0.77,-0.577
2021-09-04 00:00:00,4.564,2.927,2.435,-0.675
2021-09-04 01:00:00,5.359,-0.633,1.764,0.466
2021-09-04 02:00:00,5.709,-4.865,0.589,2.701
2021-09-04 03:00:00,5.34,-4.654,0.882,2.147
2021-09-04 04:00:00,5.02,-4.401,0.667,1.943
2021-09-04 05:00:00,4.626,-1.787,2.563,2.53
2021-09-04 06:00:00,4.805,1.93,3.091,0.34
2021-09-04 07:00:00,4.7,3.529,2.348,-0.967
2021-09-04 08:00:00,5.282,3.483,2.029,-2.302
2021-09-04 09:00:00,5.076,3.518,3.022,0.249
2021-09-04 10:00:00,4.106,0.888,1.09,1.283
2021-09-04 11:00:00,5.296,-1.831,-0.674,1.486
2021-09-04 12:00:00,3.459,-1.214,0.114,0.504
2021-09-04 13:00:00,3.877,-1.184,2.231,0.019
2021-09-04 14:00:00,4.115,-3.434,0.567,1.663
2021-09-04 15:00:00,5.339,-4.716,0.465,1.998
2021-09-04 16:00:00,5.275,-4.664,0.719,1.78
2021-09-04 17:00:00,5.07,-2.932,3.231,0.678
2021-09-04 18:00:00,4.615,-2.68,2.711,1.069
2021-09-04 19:00:00,3.968,-3.099,1.836,0.302
2021-09-04 20:00:00,4.221,-3.005,2.107,-1.634
2021-09-04 21:00:00,3.259,-1.318,2.013,-0.773
2021-09-04 22:00:00,4.018,-0.553,3.117,-2.032
2021-09-04 23:00:00,3.684,-0.171,2.396,-2.423
2021-09-05 00:00:00,3.94,-2.24,2.779,-1.456
2021-09-05 01:00:00,4.385,-2.44,3.418,-1.01
2021-09-05 02:00:00,4.35,-0.909,2.952,0.688
2021-09-05 03:00:00,4.795,-3.672,2.378,-1.083
2021-09-05 04:00:00,4.834,-3.102,3.244,-0.173
2021-09-05 05:00:00,4.723,-2.425,3.719,-0.617
2021-09-05 06:00:00,4.408,-1.459,3.532,1.486
2021-09-05 07:00:00,4.883,0.587,4.055,2.059
2021-09-05 08:00:00,5.512,-0.277,5.3,0.768
2021-09-05 09:00:00,6.294,-0.31,5.875,1.94
2021-09-05 10:00:00,6.224,-0.989,5.426,0.579
2021-09-05 11:00:00,6.495,-0.871,6.279,-0.328
2021-09-05 12:00:00,6.457,-0.743,4.959,1.727
2021-09-05 13:00:00,2.723,0.511,0.736,0.115
2021-09-05 14:00:00,3.702,0.585,1.214,1.639
2021-09-05 15:00:00,3.736,-1.335,-0.206,2.734
2021-09-05 16:00:00,5.863,-3.683,-3.367,2.22
2021-09-05 17:00:00,5.067,-3.409,-1.801,3.059
2021-09-05 18:00:00,5.017,-3.843,0.123,2.638
2021-09-05 19:00:00,4.536,2.001,3.819,0.827
2021-09-05 20:00:00,4.409,1.221,3.941,1.263
2021-09-05 21:00:00,4.39,0.854,4.211,0.273
2021-09-05 22:00:00,4.663,0.683,4.494,-0.299
2021-09-05 23:00:00,4.448,0.636,4.22,-1.003
2021-09-06 00:00:00,4.556,2.467,3.222,-1.676
2021-09-06 01:00:00,4.687,3.143,3.163,-0.548
2021-09-06 02:00:00,4.683,2.683,3.614,-0.821
2021-09-06 03:00:00,4.951,-1.862,-0.529,1.891
2021-09-06 04:00:00,3.949,-2.673,-0.976,2.173
2021-09-06 05:00:00,3.559,-2.918,-1.177,1.322
2021-09-06 06:00:00,4.057,-3.548,1.265,1.045
2021-09-06 07:00:00,3.976,-2.798,2.708,0.047
2021-09-06 08:00:00,3.796,-1.933,1.258,2.018
2021-09-06 09:00:00,3.887,-2.112,1.0,2.822
2021-09-06 10:00:00,4.051,-3.233,2.046,0.609
2021-09-06 11:00:00,4.58,-4.11,1.633,-0.768
2021-09-06 12:00:00,4.845,-3.157,1.181,-2.955
2021-09-06 13:00:00,4.725,-1.552,0.454,-4.061
2021-09-06 14:00:00,4.407,0.933,-0.667,-2.955
2021-09-06 15:00:00,3.925,-3.259,1.431,-1.326
2021-09-06 16:00:00,4.167,-3.889,0.891,-0.493
2021-09-06 17:00:00,4.611,-3.801,0.266,-2.073
2021-09-06 18:00:00,5.23,-5.095,-0.042,-0.849
2021-09-06 19:00:00,5.118,-4.896,1.007,-0.714
2021-09-06 20:00:00,4.887,-4.306,0.934,-1.802
2021-09-06 21:00:00,3.95,-3.052,0.183,-2.197
2021-09-06 22:00:00,4.155,-3.603,-0.648,-1.668
2021-09-06 23:00:00,3.921,-3.73,0.124,-0.73
2021-09-07 00:00:00,3.749,-3.461,-0.362,0.922
2021-09-07 01:00:00,4.356,-4.044,-0.84,0.484
2021-09-07 02:00:00,4.03,-3.627,-0.314,1.528
2021-09-07 03:00:00,4.067,-3.28,0.381,0.901
2021-09-07 04:00:00,3.705,0.565,0.956,-0.385
2021-09-07 05:00:00,3.378,1.303,1.546,-2.265
2021-09-07 06:00:00,4.011,1.503,1.591,-3.149
2021-09-07 07:00:00,4.136,1.694,1.269,-2.871
2021-09-07 08:00:00,4.578,-2.56,2.767,1.691
2021-09-07 09:00:00,4.316,-1.757,3.512,0.062
2021-09-07 10:00:00,4.888,-4.297,0.493,1.701
2021-09-07 11:00:00,3.376,-2.782,0.669,1.241
2021-09-07 12:00:00,2.984,-2.303,1.494,0.49
2021-09-07 13:00:00,6.289,-3.214,-1.16,2.633
2021-09-07 14:00:00,2.815,-1.558,0.089,0.291
2021-09-07 15:00:00,6.41,-4.7,4.087,0.504
2021-09-07 16:00:00,7.861,-4.277,5.886,-0.929
2021-09-07 17:00:00,8.431,-7.14,3.091,2.052
2021-09-07 18:00:00,7.277,-5.675,0.542,3.489
2021-09-07 19:00:00,5.995,-2.111,2.291,-0.657
2021-09-07 20:00:00,7.279,4.355,2.697,-4.98
2021-09-07 21:00:00,7.468,3.103,4.559,-4.74
2021-09-07 22:00:00,5.632,-0.044,4.147,-2.052
2021-09-07 23:00:00,5.597,-1.189,2.858,-1.048
2021-09-08 00:00:00,5.243,0.552,3.666,-3.38
2021-09-08 01:00:00,4.597,-1.037,2.547,-3.478
2021-09-08 02:00:00,5.065,-3.429,-0.582,-0.249
2021-09-08 03:00:00,6.015,-4.882,-2.782,1.385
2021-09-08 04:00:00,6.667,-5.262,-2.679,2.482
2021-09-08 05:00:00,7.371,-3.465,-2.059,5.117
2021-09-08 06:00:00,8.004,-2.073,3.908,1.055
2021-09-08 07:00:00,8.293,3.495,2.773,-5.751
2021-09-08 08:00:00,8.758,2.741,-6.845,-2.958
2021-09-08 09:00:00,9.119,1.04,4.317,0.866
2021-09-08 10:00:00,8.055,-1.692,5.679,1.859
2021-09-08 11:00:00,6.708,-1.809,3.239,1.69
2021-09-08 12:00:00,6.269,4.525,-3.254,0.233
2021-09-08 13:00:00,5.401,-1.279,1.054,-1.169
2021-09-08 14:00:00,6.103,-4.323,2.575,1.539
2021-09-08 15:00:00,5.474,-2.41,4.042,-0.321
2021-09-08 16:00:00,6.174,-3.004,4.821,-0.021
2021-09-08 17:00:00,5.591,-2.714,3.276,0.992
2021-09-08 18:00:00,5.793,3.914,1.712,-2.102
2021-09-08 19:00:00,6.119,5.376,1.505,-2.382
2021-09-08 20:00:00,5.736,4.862,1.841,-2.288
2021-09-08 21:00:00,4.484,3.474,1.976,-1.441
2021-09-08 22:00:00,3.487,2.18,1.185,-0.866
2021-09-08 23:00:00,3.766,-2.671,-1.669,1.065
2021-09-09 00:00:00,3.879,-3.362,-0.062,1.718
2021-09-09 01:00:00,3.471,-2.59,1.055,0.734
2021-09-09 02:00:00,3.369,-0.268,2.559,0.054
2021-09-09 03:00:00,3.833,-0.038,3.468,-0.805
2021-09-09 04:00:00,3.625,-0.656,3.354,-0.172
2021-09-09 05:00:00,3.366,-0.074,3.145,0.243
2021-09-09 06:00:00,3.242,0.675,3.059,-0.186
2021-09-09 07:00:00,2.847,0.097,2.301,-0.164
2021-09-09 08:00:00,2.697,0.553,2.222,-0.124
2021-09-09 09:00:00,3.117,1.768,2.097,-0.983
2021-09-09 10:00:00,2.981,1.889,1.945,-0.483
2021-09-09 11:00:00,2.777,1.602,1.474,0.057
2021-09-09 12:00:00,2.434,0.462,2.023,-0.595
2021-09-09 13:00:00,2.137,-0.19,1.917,-0.509
2021-09-09 14:00:00,2.117,-1.021,1.553,-0.438
2021-09-09 15:00:00,2.256,-0.574,1.96,-0.61
2021-09-09 16:00:00,2.893,-0.285,2.554,-0.604
2021-09-09 17:00:00,3.449,2.938,-0.752,-1.285
2021-09-09 18:00:00,4.19,3.957,-0.067,-1.062
2021-09-09 19:00:00,3.35,2.352,0.888,-1.041
2021-09-09 20:00:00,3.713,0.184,3.469,0.638
2021-09-09 21:00:00,1.837,0.225,1.051,-0.968
2021-09-09 22:00:00,1.329,0.034,-0.361,-1.01
2021-09-09 23:00:00,1.606,-0.757,-0.203,-0.488
2021-09-10 00:00:00,1.495,-0.443,-0.32,-0.995
2021-09-10 01:00:00,2.998,0.328,0.74,-1.783
2021-09-10 02:00:00,4.931,1.36,3.624,-1.771
2021-09-10 03:00:00,4.059,0.589,2.419,-2.585
2021-09-10 04:00:00,5.099,0.795,0.254,-2.855
2021-09-10 05:00:00,6.895,-0.829,-6.754,0.206
2021-09-10 06:00:00,7.913,-1.828,-7.605,0.87
2021-09-10 07:00:00,8.628,-0.739,-8.429,1.32
2021-09-10 08:00:00,7.856,-4.843,-4.634,0.537
2021-09-10 09:00:00,6.958,-6.446,-0.881,0.868
2021-09-10 10:00:00,7.092,-6.258,-0.534,2.851
2021-09-10 11:00:00,8.995,-7.77,-0.923,4.007
2021-09-10 12:00:00,10.219,-7.626,1.961,6.428
2021-09-10 13:00:00,10.223,-6.189,3.611,7.155
2021-09-10 14:00:00,10.732,-3.026,6.498,7.74
2021-09-10 15:00:00,11.72,-1.563,9.319,6.812
2021-09-10 16:00:00,12.579,-1.032,10.679,6.51
2021-09-10 17:00:00,12.647,-0.523,11.745,4.428
2021-09-10 18:00:00,12.3,0.487,12.174,1.005
2021-09-10 19:00:00,11.697,0.922,11.525,-1.483
2021-09-10 20:00:00,10.496,1.04,10.249,-1.69
2021-09-10 21:00:00,10.162,1.496,8.963,-3.857
2021-09-10 22:00:00,10.579,-1.239,2.01,-4.971
2021-09-10 23:00:00,11.34,-8.05,-6.416,-4.297
2021-09-11 00:00:00,11.675,-10.227,-5.216,0.003
2021-09-11 01:00:00,12.03,-11.458,-2.065,-0.327
2021-09-11 02:00:00,12.922,-12.34,0.836,2.246
2021-09-11 03:00:00,13.156,-12.275,3.95,1.731
2021-09-11 04:00:00,13.364,-10.84,6.194,4.321
2021-09-11 05:00:00,13.438,-10.417,7.526,3.768
2021-09-11 06:00:00,13.157,-8.127,9.441,4.018
2021-09-11 07:00:00,13.152,-8.846,7.789,4.906
2021-09-11 08:00:00,12.639,-8.484,6.971,6.075
2021-09-11 09:00:00,12.131,-9.181,6.782,2.603
2021-09-11 10:00:00,12.068,-10.103,6.476,-0.185
2021-09-11 11:00:00,12.091,-10.856,4.949,1.395
2021-09-11 12:00:00,12.093,-10.316,5.645,2.177
2021-09-11 13:00:00,12.808,-9.863,4.002,7.064
2021-09-11 14:00:00,11.8,-8.921,2.97,7.044
2021-09-11 15:00:00,10.978,-7.015,2.365,7.833
2021-09-11 16:00:00,10.607,-6.217,3.831,7.43
2021-09-11 17:00:00,10.749,-4.785,1.758,9.055
2021-09-11 18:00:00,11.072,-4.698,-1.159,9.908
2021-09-11 19:00:00,10.028,-3.954,-1.142,8.792
2021-09-11 20:00:00,11.014,-3.894,-2.896,9.836
2021-09-11 21:00:00,10.091,-2.811,-4.994,8.223
2021-09-11 22:00:00,8.832,-1.894,-5.891,6.047
2021-09-11 23:00:00,8.449,-3.334,-3.12,6.75
2021-09-12 00:00:00,8.592,-3.788,-2.655,7.176
2021-09-12 01:00:00,8.298,-3.681,-2.625,6.863
2021-09-12 02:00:00,7.645,-4.269,-0.218,6.051
2021-09-12 03:00:00,6.84,-4.494,1.785,4.702
2021-09-12 04:00:00,7.795,-4.608,4.141,4.343
2021-09-12 05:00:00,8.29,-4.351,6.049,2.46
2021-09-12 06:00:00,7.789,-2.478,6.123,1.822
2021-09-12 07:00:00,8.03,-2.996,5.598,4.026
2021-09-12 08:00:00,8.437,-2.044,7.621,-2.246
2021-09-12 09:00:00,5.946,-0.096,2.689,-3.724
2021-09-12 10:00:00,6.132,0.147,5.483,-1.992
2021-09-12 11:00:00,7.221,-0.806,6.939,-0.205
2021-09-12 12:00:00,7.754,-1.944,7.301,0.897
2021-09-12 13:00:00,8.416,-2.538,7.781,1.616
2021-09-12 14:00:00,8.392,-2.197,7.636,2.232
2021-09-12 15:00:00,8.214,-2.82,7.135,2.65
2021-09-12 16:00:00,8.205,-3.187,6.403,3.466
2021-09-12 17:00:00,7.298,-2.339,4.597,3.869
2021-09-12 18:00:00,7.606,-1.654,4.469,5.63
2021-09-12 19:00:00,8.253,-3.134,5.069,5.452
2021-09-12 20:00:00,8.583,-2.798,5.829,4.71
2021-09-12 21:00:00,9.348,-0.764,8.021,3.281
2021-09-12 22:00:00,8.927,-2.437,6.523,4.674
2021-09-12 23:00:00,8.371,-3.215,6.429,3.557
2021-09-13 00:00:00,8.612,-6.584,2.231,4.621
2021-09-13 01:00:00,8.406,-5.944,-0.856,5.606
2021-09-13 02:00:00,9.381,-5.779,3.476,6.259
2021-09-13 03:00:00,9.005,-4.925,5.817,4.392
2021-09-13 04:00:00,9.307,-5.987,4.161,5.03
2021-09-13 05:00:00,7.938,0.522,6.361,0.696
2021-09-13 06:00:00,7.402,-3.864,3.848,2.613
2021-09-13 07:00:00,7.993,-3.201,4.135,4.004
2021-09-13 08:00:00,7.624,-5.758,1.704,3.16
2021-09-13 09:00:00,8.429,-4.991,4.136,3.08
2021-09-13 10:00:00,8.83,-3.615,5.811,2.812
2021-09-13 11:00:00,8.656,-3.863,5.781,2.192
2021-09-13 12:00:00,8.79,-3.825,6.794,2.153
2021-09-13 13:00:00,8.118,-5.048,4.329,2.479
2021-09-13 14:00:00,7.338,-3.795,2.155,3.429
2021-09-13 15:00:00,5.52,-3.892,2.206,1.072
2021-09-13 16:00:00,5.029,-2.905,1.992,2.064
2021-09-13 17:00:00,4.733,-3.023,2.413,1.689
2021-09-13 18:00:00,4.756,-4.074,1.398,-0.762
2021-09-13 19:00:00,4.7,-3.76,-1.13,-1.297
2021-09-13 20:00:00,4.692,-2.936,-0.02,-3.141
2021-09-13 21:00:00,4.586,-3.879,-1.111,-1.25
2021-09-13 22:00:00,4.655,-3.958,0.407,-1.954
2021-09-13 23:00:00,4.635,-4.418,-0.585,0.51
2021-09-14 00:00:00,4.547,-4.339,0.685,0.034
2021-09-14 01:00:00,4.553,-4.087,0.608,1.533
2021-09-14 02:00:00,4.466,-4.087,0.858,0.996
2021-09-14 03:00:00,4.462,-3.512,1.82,1.785
2021-09-14 04:00:00,4.501,-3.42,2.441,1.209
2021-09-14 05:00:00,4.508,-2.565,3.144,0.566
2021-09-14 06:00:00,4.671,-2.311,3.75,-0.297
2021-09-14 07:00:00,4.149,-2.294,2.631,0.365
2021-09-14 08:00:00,4.287,0.083,2.745,0.532
2021-09-14 09:00:00,4.101,-1.992,-0.689,2.0
2021-09-14 10:00:00,4.046,-2.332,0.554,-2.059
2021-09-14 11:00:00,4.471,-0.502,3.81,-1.333
2021-09-14 12:00:00,4.78,-0.218,4.504,1.017
2021-09-14 13:00:00,4.935,1.35,4.192,1.797
2021-09-14 14:00:00,4.961,2.083,4.025,0.731
2021-09-14 15:00:00,4.694,-0.319,4.324,-0.046
2021-09-14 16:00:00,4.297,-2.417,0.852,-2.713
2021-09-14 17:00:00,3.956,-2.743,1.217,-0.627
2021-09-14 18:00:00,4.751,-3.335,2.409,1.002
2021-09-14 19:00:00,4.311,-2.048,2.919,0.536
2021-09-14 20:00:00,4.366,-1.085,3.038,2.011
2021-09-14 21:00:00,4.139,-1.541,2.621,1.034
2021-09-14 22:00:00,4.294,-1.726,2.707,1.645
2021-09-14 23:00:00,4.333,0.376,3.95,0.746
2021-09-15 00:00:00,4.085,-0.95,2.272,2.789
2021-09-15 01:00:00,4.212,-0.803,3.576,0.566
2021-09-15 02:00:00,4.285,0.55,3.978,0.53
2021-09-15 03:00:00,4.159,0.73,3.944,0.267
2021-09-15 04:00:00,4.208,0.274,3.608,1.256
2021-09-15 05:00:00,4.01,0.243,3.523,0.95
2021-09-15 06:00:00,4.146,-1.738,2.849,1.912
2021-09-15 07:00:00,4.281,-0.799,3.63,0.247
2021-09-15 08:00:00,4.486,-0.331,4.116,0.755
2021-09-15 09:00:00,4.118,-2.571,1.958,0.322
2021-09-15 10:00:00,4.048,-3.376,1.326,-0.985
2021-09-15 11:00:00,3.996,-3.128,1.038,-0.938
2021-09-15 12:00:00,2.4,-1.106,0.304,-0.653
2021-09-15 13:00:00,3.113,0.03,-1.838,-1.985
2021-09-15 14:00:00,3.47,-2.355,-0.468,-0.826
2021-09-15 15:00:00,3.338,-1.131,-1.348,-0.541
2021-09-15 16:00:00,3.583,1.046,0.049,-1.255
2021-09-15 17:00:00,3.939,-3.764,0.118,-0.281
2021-09-15 18:00:00,3.822,-3.038,1.186,1.276
2021-09-15 19:00:00,3.402,-1.496,-1.334,-0.809
2021-09-15 20:00:00,3.191,0.194,-0.69,-2.476
2021-09-15 21:00:00,3.21,-1.609,-0.535,-1.867
2021-09-15 22:00:00,3.56,-2.998,1.228,0.264
2021-09-15 23:00:00,3.831,-2.535,-1.458,0.424
2021-09-16 00:00:00,4.056,-3.004,-1.03,1.552
2021-09-16 01:00:00,4.114,-3.254,-1.11,0.974
2021-09-16 02:00:00,3.983,-2.315,-0.861,-2.359
2021-09-16 03:00:00,3.667,-3.109,1.205,-1.206
2021-09-16 04:00:00,4.127,-3.823,1.009,0.3
2021-09-16 05:00:00,4.047,-3.84,0.958,0.175
2021-09-16 06:00:00,4.305,-4.139,0.586,0.4
2021-09-16 07:00:00,4.061,-3.578,-0.038,1.202
2021-09-16 08:00:00,4.077,-2.671,-1.378,2.071
2021-09-16 09:00:00,4.257,-3.709,-1.727,-0.306
2021-09-16 10:00:00,5.144,-4.032,-2.255,0.293
2021-09-16 11:00:00,5.146,-4.691,0.262,1.579
2021-09-16 12:00:00,4.685,-3.672,2.191,-0.469
2021-09-16 13:00:00,3.806,-3.101,1.601,0.113
2021-09-16 14:00:00,4.015,-3.38,1.555,0.346
2021-09-16 15:00:00,4.034,-3.553,0.847,0.098
2021-09-16 16:00:00,4.036,-3.856,-0.068,0.073
2021-09-16 17:00:00,4.158,-3.915,-0.887,0.64
2021-09-16 18:00:00,4.442,-3.839,-1.144,1.533
2021-09-16 19:00:00,4.386,-3.872,1.538,0.178
2021-09-16 20:00:00,4.362,-2.669,3.191,-0.549
2021-09-16 21:00:00,4.228,-2.836,2.499,-0.543
2021-09-16 22:00:00,4.26,-3.868,0.757,0.263
2021-09-16 23:00:00,4.315,-4.134,-0.026,0.772
2021-09-17 00:00:00,4.237,-3.77,0.378,0.557
2021-09-17 01:00:00,5.96,-4.454,-0.552,-2.904
2021-09-17 02:00:00,6.696,-4.652,1.712,-3.32
2021-09-17 03:00:00,7.038,-1.354,3.742,-3.575
2021-09-17 04:00:00,6.873,-4.251,-3.369,3.612
2021-09-17 05:00:00,6.554,-6.212,-0.684,1.661
2021-09-17 06:00:00,5.97,-5.845,-0.121,0.356
2021-09-17 07:00:00,6.226,-6.089,-0.324,0.187
2021-09-17 08:00:00,8.866,-6.543,2.152,1.753
2021-09-17 09:00:00,10.045,-1.618,8.562,-2.485
2021-09-17 10:00:00,9.209,-0.443,8.769,-1.485
2021-09-17 11:00:00,8.159,-1.802,7.771,-0.033
2021-09-17 12:00:00,7.397,-4.059,5.78,1.46
2021-09-17 13:00:00,7.273,-4.889,4.326,1.408
2021-09-17 14:00:00,7.284,-2.997,6.199,0.483
2021-09-17 15:00:00,8.324,-1.305,5.683,-2.423
2021-09-17 16:00:00,8.473,-3.869,4.89,3.005
2021-09-17 17:00:00,11.783,1.841,5.256,-4.719
2021-09-17 18:00:00,12.4,2.054,4.245,-10.759
2021-09-17 19:00:00,11.013,2.657,-1.675,-8.881
2021-09-17 20:00:00,10.859,-1.828,-6.149,1.697
2021-09-17 21:00:00,14.338,-3.355,9.137,9.171
2021-09-17 22:00:00,14.636,-1.224,12.057,8.085
2021-09-17 23:00:00,14.839,0.894,11.838,8.794
2021-09-18 00:00:00,14.151,0.55,10.518,8.931
2021-09-18 01:00:00,12.31,-5.462,3.381,5.758
2021-09-18 02:00:00,11.138,-9.413,-5.594,-0.609
2021-09-18 03:00:00,8.029,-5.914,-3.205,-3.918
2021-09-18 04:00:00,6.385,-3.388,-2.964,-3.854
2021-09-18 05:00:00,7.195,-0.16,-4.175,-5.308
2021-09-18 06:00:00,6.629,0.552,-3.218,-4.945
2021-09-18 07:00:00,5.52,2.1,-0.747,-1.617
2021-09-18 08:00:00,8.631,0.961,-7.296,-4.008
2021-09-18 09:00:00,9.005,1.847,-6.97,-5.057
2021-09-18 10:00:00,7.8,0.049,-6.39,-0.931
2021-09-18 11:00:00,6.781,0.637,-4.884,-2.963
2021-09-18 12:00:00,5.915,-2.141,-2.273,2.726
2021-09-18 13:00:00,5.978,-1.997,-4.473,2.579
2021-09-18 14:00:00,6.603,-2.89,-5.191,2.085
2021-09-18 15:00:00,5.787,-2.352,-3.301,3.037
2021-09-18 16:00:00,4.862,-1.811,-3.615,1.935
2021-09-18 17:00:00,4.481,-0.734,-3.427,1.751
2021-09-18 18:00:00,4.506,1.757,-3.839,0.02
2021-09-18 19:00:00,3.504,0.623,-2.406,0.553
2021-09-18 20:00:00,3.715,-2.044,-2.816,-0.113
2021-09-18 21:00:00,4.084,-1.247,-3.509,-0.217
2021-09-18 22:00:00,3.854,-0.517,-3.161,-1.33
2021-09-18 23:00:00,3.711,0.935,-2.978,1.271
2021-09-19 00:00:00,3.625,1.392,-2.208,2.133
2021-09-19 01:00:00,3.767,1.058,-2.009,1.986
2021-09-19 02:00:00,3.864,2.61,-2.248,1.236
2021-09-19 03:00:00,3.64,2.577,-1.994,0.846
2021-09-19 04:00:00,3.931,2.953,-0.898,1.44
2021-09-19 05:00:00,3.761,2.436,-1.112,2.011
2021-09-19 06:00:00,3.857,2.694,-2.035,1.148
2021-09-19 07:00:00,4.086,3.092,1.095,1.927
2021-09-19 08:00:00,4.472,3.947,0.042,1.521
2021-09-19 09:00:00,4.533,3.895,-1.226,-0.436
2021-09-19 10:00:00,4.458,3.91,-0.378,-0.163
2021-09-19 11:00:00,4.603,0.72,-3.85,1.787
2021-09-19 12:00:00,3.989,-0.141,-3.709,0.588
2021-09-19 13:00:00,3.838,-0.137,-2.954,0.636
2021-09-19 14:00:00,3.906,-1.511,-3.2,0.878
2021-09-19 15:00:00,3.722,-0.423,-3.176,1.094
2021-09-19 16:00:00,3.56,2.867,-0.447,-0.58
2021-09-19 17:00:00,3.313,2.717,0.803,-1.374
2021-09-19 18:00:00,3.039,2.113,-1.349,-0.625
2021-09-19 19:00:00,3.038,1.2,-2.056,1.402
2021-09-19 20:00:00,3.344,2.429,-1.193,1.558
2021-09-19 21:00:00,3.566,2.792,-1.862,0.54
2021-09-19 22:00:00,3.452,2.44,-1.164,-1.668
2021-09-19 23:00:00,3.47,2.287,-0.302,-2.435
2021-09-20 00:00:00,3.2,2.152,-0.67,-0.32
2021-09-20 01:00:00,3.154,2.359,0.12,-1.795
2021-09-20 02:00:00,3.503,1.031,-1.758,0.278
2021-09-20 03:00:00,3.607,0.51,-3.051,1.648
2021-09-20 04:00:00,4.056,1.759,-2.788,0.742
2021-09-20 05:00:00,4.289,2.355,-3.085,1.138
2021-09-20 06:00:00,4.462,3.333,-2.402,-1.05
2021-09-20 07:00:00,3.602,2.227,-1.297,-0.479
2021-09-20 08:00:00,2.643,-0.039,0.658,2.138
2021-09-20 09:00:00,2.475,1.039,1.025,1.105
2021-09-20 10:00:00,3.766,1.96,-2.7,-0.697
2021-09-20 11:00:00,3.446,0.399,-2.763,0.802
2021-09-20 12:00:00,3.856,1.176,-3.39,0.413
2021-09-20 13:00:00,4.153,1.102,-2.853,-0.948
2021-09-20 14:00:00,4.418,1.143,-4.079,-0.542
2021-09-20 15:00:00,4.233,0.473,-3.949,1.152
2021-09-20 16:00:00,4.307,0.263,-4.208,-0.191
2021-09-20 17:00:00,4.203,1.103,-3.902,-0.46
2021-09-20 18:00:00,4.123,1.645,-3.395,-0.041
2021-09-20 19:00:00,4.032,0.29,-3.167,-2.243
2021-09-20 20:00:00,4.349,2.258,-3.305,-0.713
2021-09-20 21:00:00,4.528,0.13,-2.16,-3.477
2021-09-20 22:00:00,5.22,0.394,-2.527,-4.207
2021-09-20 23:00:00,5.317,2.356,-4.039,-1.171
2021-09-21 00:00:00,5.139,2.913,-4.095,-0.379
2021-09-21 01:00:00,4.937,2.504,-4.145,0.45
2021-09-21 02:00:00,4.879,3.126,-3.473,1.207
2021-09-21 03:00:00,5.179,3.406,-3.527,0.253
2021-09-21 04:00:00,5.422,3.814,-3.608,0.233
2021-09-21 05:00:00,4.297,2.532,-3.274,0.224
2021-09-21 06:00:00,4.626,3.444,-2.614,0.74
2021-09-21 07:00:00,4.606,3.813,-2.222,-0.259
2021-09-21 08:00:00,4.837,3.061,-3.369,-1.301
2021-09-21 09:00:00,4.445,3.362,-2.602,-0.864
2021-09-21 10:00:00,4.871,3.314,-2.638,-2.149
2021-09-21 11:00:00,4.548,0.932,-1.828,-3.51
2021-09-21 12:00:00,4.616,3.931,-2.143,-0.241
2021-09-21 13:00:00,5.594,2.37,-2.68,-3.728
2021-09-21 14:00:00,8.088,0.723,-2.261,-7.67
2021-09-21 15:00:00,7.027,0.696,-2.388,-6.513
2021-09-21 16:00:00,6.31,0.294,-2.553,-5.52
2021-09-21 17:00:00,4.371,0.45,-2.114,-3.397
2021-09-21 18:00:00,6.024,1.245,-1.274,-5.072
2021-09-21 19:00:00,7.897,-0.436,-0.396,-7.679
2021-09-21 20:00:00,5.934,2.961,-3.207,-1.507
2021-09-21 21:00:00,5.559,0.687,1.547,-4.771
2021-09-21 22:00:00,3.514,1.429,-0.246,-1.625
2021-09-21 23:00:00,8.414,-3.114,5.907,-2.41
2021-09-22 00:00:00,8.561,-3.773,7.482,-0.886
2021-09-22 01:00:00,7.611,-2.74,5.109,-4.549
2021-09-22 02:00:00,6.024,-3.052,4.006,-1.345
2021-09-22 03:00:00,6.26,-3.828,3.882,-0.995
2021-09-22 04:00:00,6.336,-3.734,2.767,-3.323
2021-09-22 05:00:00,7.307,-1.288,6.759,-2.001
2021-09-22 06:00:00,6.589,-2.742,4.853,-3.292
2021-09-22 07:00:00,6.004,-2.752,1.792,-4.175
2021-09-22 08:00:00,6.006,-4.462,0.734,-1.89
2021-09-22 09:00:00,5.63,-4.103,-1.651,-2.748
2021-09-22 10:00:00,5.093,-3.17,0.565,-3.293
2021-09-22 11:00:00,4.95,-1.593,3.435,-1.741
2021-09-22 12:00:00,4.828,-2.87,2.79,-1.449
2021-09-22 13:00:00,4.964,-3.686,2.67,-1.31
2021-09-22 14:00:00,4.438,-3.819,1.088,-1.474
2021-09-22 15:00:00,4.311,-2.971,2.895,0.144
2021-09-22 16:00:00,4.375,-3.53,2.298,-0.672
2021-09-22 17:00:00,4.469,-3.543,2.524,-0.109
2021-09-22 18:00:00,5.02,-3.703,3.089,-1.084
2021-09-22 19:00:00,5.513,-3.961,3.485,-0.79
2021-09-22 20:00:00,5.227,-4.863,0.453,-0.801
2021-09-22 21:00:00,5.125,-4.783,0.962,0.993
2021-09-22 22:00:00,5.435,-4.044,2.631,1.293
2021-09-22 23:00:00,5.118,-1.912,4.132,-1.194
2021-09-23 00:00:00,5.302,-3.604,3.401,0.86
2021-09-23 01:00:00,5.31,-4.831,1.931,-0.018
2021-09-23 02:00:00,5.121,-3.759,2.042,0.509
2021-09-23 03:00:00,5.116,1.687,1.357,-3.314
2021-09-23 04:00:00,4.852,-2.455,-0.8,-0.5
2021-09-23 05:00:00,5.232,-2.773,3.184,-2.386
2021-09-23 06:00:00,5.767,-3.098,0.614,-3.391
2021-09-23 07:00:00,5.115,-2.798,-1.912,-3.226
2021-09-23 08:00:00,4.993,-4.59,0.067,-1.037
2021-09-23 09:00:00,5.387,-5.168,0.949,-0.415
2021-09-23 10:00:00,4.571,-3.579,1.438,0.339
2021-09-23 11:00:00,3.237,-0.152,0.507,0.494
2021-09-23 12:00:00,4.722,-0.547,0.199,3.164
2021-09-23 13:00:00,2.07,1.4,-0.426,1.076
2021-09-23 14:00:00,2.772,1.805,1.236,1.394
2021-09-23 15:00:00,5.619,3.899,0.139,3.746
2021-09-23 16:00:00,6.873,4.658,-2.606,3.944
2021-09-23 17:00:00,8.019,5.074,-5.675,2.149
2021-09-23 18:00:00,6.15,4.815,-2.829,2.393
2021-09-23 19:00:00,7.636,6.125,-4.021,1.82
2021-09-23 20:00:00,8.084,6.51,-3.128,1.881
2021-09-23 21:00:00,8.346,6.763,-2.157,3.104
2021-09-23 22:00:00,8.804,7.221,-0.933,4.264
2021-09-23 23:00:00,8.415,5.184,-4.409,-0.661
2021-09-24 00:00:00,8.435,6.766,-4.257,2.31
2021-09-24 01:00:00,7.699,4.986,-3.8,0.901
2021-09-24 02:00:00,8.061,6.369,-4.201,1.353
2021-09-24 03:00:00,8.472,6.126,-4.099,1.74
2021-09-24 04:00:00,7.495,5.328,-4.356,-1.308
2021-09-24 05:00:00,7.586,3.627,-5.554,-2.882
2021-09-24 06:00:00,8.393,3.501,-5.504,-2.453
2021-09-24 07:00:00,8.717,6.495,-5.121,1.993
2021-09-24 08:00:00,7.066,5.42,-3.188,0.906
2021-09-24 09:00:00,7.118,5.113,-4.08,1.679
2021-09-24 10:00:00,7.162,5.204,-3.547,2.748
2021-09-24 11:00:00,6.734,5.297,-2.788,2.826
2021-09-24 12:00:00,6.331,5.013,-3.039,1.856
2021-09-24 13:00:00,5.634,4.255,-1.297,-1.67
2021-09-24 14:00:00,4.474,0.419,-0.606,-3.873
2021-09-24 15:00:00,4.81,0.893,2.574,-3.372
2021-09-24 16:00:00,4.4,2.825,-1.936,0.808
2021-09-24 17:00:00,5.229,1.592,-4.296,0.06
2021-09-24 18:00:00,5.019,1.503,-3.97,1.747
2021-09-24 19:00:00,5.115,3.356,-3.634,0.251
2021-09-24 20:00:00,5.182,3.677,-3.397,-0.353
2021-09-24 21:00:00,5.407,3.329,-4.017,-0.806
2021-09-24 22:00:00,5.704,3.622,-3.884,-1.083
2021-09-24 23:00:00,6.1,2.898,-4.941,0.625
2021-09-25 00:00:00,5.701,3.043,-2.965,1.808
2021-09-25 01:00:00,5.198,2.296,-2.369,-2.586
2021-09-25 02:00:00,5.215,2.648,-3.106,-0.63
2021-09-25 03:00:00,4.322,1.772,-1.904,-0.212
2021-09-25 04:00:00,4.389,1.448,0.495,2.193
2021-09-25 05:00:00,4.289,2.599,-0.174,1.206
2021-09-25 06:00:00,3.974,1.469,-2.336,-0.513
2021-09-25 07:00:00,4.282,1.2,-2.977,-2.377
2021-09-25 08:00:00,4.476,0.938,-1.945,-0.25
2021-09-25 09:00:00,4.183,0.902,-2.865,0.05
2021-09-25 10:00:00,3.937,2.564,-1.421,0.54
2021-09-25 11:00:00,4.179,3.181,-1.86,-0.463
2021-09-25 12:00:00,4.131,2.692,-1.995,0.108
2021-09-25 13:00:00,4.131,2.911,-2.046,0.031
2021-09-25 14:00:00,4.275,3.093,-1.287,1.505
2021-09-25 15:00:00,4.286,3.316,-2.173,-0.227
2021-09-25 16:00:00,4.146,2.918,-1.734,0.945
2021-09-25 17:00:00,4.291,3.293,-2.345,-0.288
2021-09-25 18:00:00,3.763,1.949,-2.673,-0.759
2021-09-25 19:00:00,2.824,0.414,-1.424,-1.39
2021-09-25 20:00:00,3.575,-0.564,-2.661,-2.11
2021-09-25 21:00:00,3.227,0.65,-2.352,-1.802
2021-09-25 22:00:00,2.993,-0.371,-2.479,-0.973
2021-09-25 23:00:00,3.121,-1.201,-2.316,0.186
2021-09-26 00:00:00,2.521,-2.114,-0.992,0.148
2021-09-26 01:00:00,3.42,-2.445,-2.108,-0.2
2021-09-26 02:00:00,3.26,-0.379,-2.646,-0.4
2021-09-26 03:00:00,3.95,3.396,-1.316,1.082
2021-09-26 04:00:00,3.573,2.614,-2.055,0.898
2021-09-26 05:00:00,3.029,0.75,-1.918,0.502
2021-09-26 06:00:00,2.443,-0.983,-1.343,-1.225
2021-09-26 07:00:00,2.163,-0.83,-1.749,0.425
2021-09-26 08:00:00,2.18,-0.611,-1.574,1.016
2021-09-26 09:00:00,2.255,-0.456,-1.811,1.027
2021-09-26 10:00:00,2.024,-0.798,-1.267,0.812
2021-09-26 11:00:00,1.466,-0.779,-0.778,0.416
2021-09-26 12:00:00,2.192,0.782,-1.438,0.608
2021-09-26 13:00:00,2.999,0.586,-2.422,1.508
2021-09-26 14:00:00,3.087,0.959,-2.583,1.247
2021-09-26 15:00:00,2.48,0.548,-1.34,1.583
2021-09-26 16:00:00,2.535,1.294,-1.848,0.804
2021-09-26 17:00:00,2.644,1.204,-1.57,0.957
2021-09-26 18:00:00,2.767,-0.369,-2.491,0.047
2021-09-26 19:00:00,2.959,0.507,-1.555,1.729
2021-09-26 20:00:00,3.465,0.088,-2.753,1.505
2021-09-26 21:00:00,3.438,-1.756,-2.519,-1.086
2021-09-26 22:00:00,3.625,-0.753,-1.629,-1.178
2021-09-26 23:00:00,5.463,1.12,-3.478,2.206
2021-09-27 00:00:00,6.952,-2.892,-3.995,-4.711
2021-09-27 01:00:00,6.471,-2.84,-3.166,-4.02
2021-09-27 02:00:00,6.509,-3.266,-4.55,-2.933
2021-09-27 03:00:00,7.587,-2.183,-6.998,-1.486
2021-09-27 04:00:00,9.17,-2.389,-8.6,-1.494
2021-09-27 05:00:00,9.891,-2.846,-9.017,-2.678
2021-09-27 06:00:00,9.497,-3.338,-8.758,-1.29
2021-09-27 07:00:00,9.255,-3.61,-7.913,-2.648
2021-09-27 08:00:00,9.168,-4.333,-7.466,-2.521
2021-09-27 09:00:00,8.736,-4.505,-6.85,-2.631
2021-09-27 10:00:00,8.727,-4.478,-7.125,-1.577
2021-09-27 11:00:00,8.729,-4.429,-7.129,-1.874
2021-09-27 12:00:00,9.234,-5.366,-7.38,-0.976
2021-09-27 13:00:00,9.593,-5.332,-7.757,0.51
2021-09-27 14:00:00,9.025,-5.92,-6.476,-1.559
2021-09-27 15:00:00,9.628,-4.796,-7.506,-1.447
2021-09-27 16:00:00,10.604,-2.708,-9.098,3.869
2021-09-27 17:00:00,11.472,-1.868,-10.593,2.529
2021-09-27 18:00:00,13.191,-3.364,-10.837,6.019
2021-09-27 19:00:00,14.049,-3.169,-10.513,8.436
2021-09-27 20:00:00,12.867,-2.652,-4.406,6.014
2021-09-27 21:00:00,11.25,-5.053,2.161,5.663
2021-09-27 22:00:00,11.037,-6.327,4.881,5.247
2021-09-27 23:00:00,9.894,-3.338,-4.148,6.759
2021-09-28 00:00:00,9.941,-5.194,-1.482,8.082
2021-09-28 01:00:00,9.517,-4.2,0.585,8.225
2021-09-28 02:00:00,7.832,-4.918,2.593,5.159
2021-09-28 03:00:00,5.711,-2.626,4.267,-0.766
2021-09-28 04:00:00,6.124,-5.032,1.927,0.798
2021-09-28 05:00:00,6.867,-4.877,3.589,1.682
2021-09-28 06:00:00,6.372,-5.191,3.089,1.366
2021-09-28 07:00:00,5.205,-4.718,1.97,0.4
2021-09-28 08:00:00,4.803,-3.876,2.631,-0.375
2021-09-28 09:00:00,4.949,-2.97,2.85,-0.458
2021-09-28 10:00:00,5.537,-4.722,2.702,0.033
2021-09-28 11:00:00,3.689,-3.125,0.946,-0.68
2021-09-28 12:00:00,3.247,-0.084,0.112,-0.844
2021-09-28 13:00:00,4.956,-4.451,0.699,-1.763
2021-09-28 14:00:00,4.545,-4.053,1.432,-0.425
2021-09-28 15:00:00,3.062,-2.505,0.087,-0.072
2021-09-28 16:00:00,3.233,-1.769,-0.018,-0.917
2021-09-28 17:00:00,3.238,-0.947,1.112,-2.268
2021-09-28 18:00:00,3.467,-2.22,2.168,-0.878
2021-09-28 19:00:00,2.821,-2.383,0.871,-0.169
2021-09-28 20:00:00,2.254,-1.104,-0.256,-0.987
2021-09-28 21:00:00,3.606,-3.162,0.109,-1.462
2021-09-28 22:00:00,3.934,-3.696,0.196,-0.893
2021-09-28 23:00:00,4.13,-3.873,-0.071,-1.154
2021-09-29 00:00:00,3.76,-3.643,0.116,0.221
2021-09-29 01:00:00,3.842,-3.652,0.63,0.669
2021-09-29 02:00:00,4.376,-4.154,0.812,0.697
2021-09-29 03:00:00,4.278,-4.037,1.141,0.425
2021-09-29 04:00:00,4.251,-4.146,0.337,0.319
2021-09-29 05:00:00,4.146,-3.858,1.214,0.036
2021-09-29 06:00:00,4.148,-3.952,1.056,0.131
2021-09-29 07:00:00,4.13,-3.912,1.005,-0.429
2021-09-29 08:00:00,3.968,-3.483,1.523,-0.913
2021-09-29 09:00:00,3.606,-3.052,1.767,-0.324
2021-09-29 10:00:00,4.069,-3.45,1.873,-0.802
2021-09-29 11:00:00,3.906,-2.888,2.182,-1.2
2021-09-29 12:00:00,3.95,-3.001,2.293,-0.371
2021-09-29 13:00:00,4.273,-3.534,1.63,-1.368
2021-09-29 14:00:00,4.274,-3.453,2.23,-0.844
2021-09-29 15:00:00,3.473,-2.575,2.14,-0.366
2021-09-29 16:00:00,2.536,-1.769,1.416,-0.739
2021-09-29 17:00:00,2.355,-1.885,1.208,-0.134
2021-09-29 18:00:00,2.371,-2.0,0.774,-0.43
2021-09-29 19:00:00,2.186,0.42,-1.411,-0.12
2021-09-29 20:00:00,2.627,1.211,-2.199,0.374
2021-09-29 21:00:00,2.907,0.579,-2.317,0.408
2021-09-29 22:00:00,3.18,-3.012,-0.408,0.585
2021-09-29 23:00:00,3.437,-3.251,-0.374,0.656
2021-09-30 00:00:00,2.577,-1.875,-1.139,0.971
2021-09-30 01:00:00,2.239,-1.329,-1.46,0.722
2021-09-30 02:00:00,2.128,-0.75,-1.33,0.642
2021-09-30 03:00:00,2.613,-0.828,-1.978,1.318
2021-09-30 04:00:00,2.518,-0.664,-2.135,0.526
2021-09-30 05:00:00,2.761,-1.254,-1.999,0.818
2021-09-30 06:00:00,2.08,-0.08,-1.879,0.155
2021-09-30 07:00:00,1.855,-0.9,-1.097,0.56
2021-09-30 08:00:00,1.693,-1.046,-0.777,0.649
2021-09-30 09:00:00,1.874,-0.853,-1.179,0.719
2021-09-30 10:00:00,3.378,-3.245,0.104,0.514
2021-09-30 11:00:00,3.62,-3.49,0.62,0.068
2021-09-30 12:00:00,3.557,-3.353,0.554,0.7
2021-09-30 13:00:00,3.516,-3.41,0.527,0.004
2021-09-30 14:00:00,5.276,-3.257,3.622,0.563
2021-09-30 15:00:00,7.217,-3.945,5.359,1.298
2021-09-30 16:00:00,7.073,-1.967,5.624,0.444
2021-09-30 17:00:00,3.951,0.618,-3.416,-1.17
2021-09-30 18:00:00,10.841,6.836,-0.579,-5.373
2021-09-30 19:00:00,10.13,-2.601,6.522,4.542
2021-09-30 20:00:00,9.707,-4.214,2.015,3.53
2021-09-30 21:00:00,8.125,-6.312,2.507,2.696
2021-09-30 22:00:00,5.158,-3.544,-0.957,0.456
2021-09-30 23:00:00,2.266,0.123,1.344,0.207
2021-10-01 00:00:00,3.54,-1.44,-1.128,-0.018
2021-10-01 01:00:00,3.761,-2.004,-2.237,0.054
2021-10-01 02:00:00,4.614,-2.759,-3.29,0.163
2021-10-01 03:00:00,3.999,1.579,0.485,-1.427
2021-10-01 04:00:00,4.21,-0.933,0.9,-0.589
2021-10-01 05:00:00,5.337,0.586,-0.406,-1.013
2021-10-01 06:00:00,6.156,2.072,3.248,-3.961
2021-10-01 07:00:00,7.722,0.735,3.294,-1.328
2021-10-01 08:00:00,7.239,-0.615,-3.381,0.396
2021-10-01 09:00:00,6.542,4.062,-2.393,-4.243
2021-10-01 10:00:00,4.157,-0.588,-0.365,-1.398
2021-10-01 11:00:00,3.602,-1.371,2.113,-0.942
2021-10-01 12:00:00,4.772,1.703,0.377,-1.343
2021-10-01 13:00:00,7.545,4.942,-4.185,-3.35
2021-10-01 14:00:00,8.682,7.191,-2.401,-3.733
2021-10-01 15:00:00,9.534,-2.591,-7.419,0.317
2021-10-01 16:00:00,9.973,-7.274,-5.655,3.083
2021-10-01 17:00:00,10.779,-8.102,-6.317,2.373
2021-10-01 18:00:00,11.779,-7.243,-7.591,2.539
2021-10-01 19:00:00,12.248,-9.731,-5.616,4.498
2021-10-01 20:00:00,12.413,-9.65,-5.383,5.13
2021-10-01 21:00:00,12.684,-9.82,-4.297,6.465
2021-10-01 22:00:00,12.579,-10.993,-1.176,5.895
2021-10-01 23:00:00,12.457,-10.924,-0.579,5.888
2021-10-02 00:00:00,12.284,-10.605,0.097,6.103
2021-10-02 01:00:00,12.01,-9.332,0.595,7.426
2021-10-02 02:00:00,11.567,-9.796,0.78,5.965
2021-10-02 03:00:00,11.187,-7.882,1.079,6.901
2021-10-02 04:00:00,10.735,-7.793,1.781,6.814
2021-10-02 05:00:00,10.169,-7.018,3.66,6.067
2021-10-02 06:00:00,9.767,-5.442,6.648,4.371
2021-10-02 07:00:00,9.541,-4.21,7.95,2.583
2021-10-02 08:00:00,8.676,-1.171,7.928,-0.922
2021-10-02 09:00:00,7.056,0.814,5.589,-3.149
2021-10-02 10:00:00,6.401,1.037,5.41,-2.916
2021-10-02 11:00:00,5.303,2.598,2.63,-3.693
2021-10-02 12:00:00,4.346,1.247,2.43,-1.341
2021-10-02 13:00:00,5.133,-1.949,3.148,1.109
2021-10-02 14:00:00,5.433,-4.339,2.173,2.153
2021-10-02 15:00:00,4.893,-2.856,2.814,1.408
2021-10-02 16:00:00,4.526,-2.285,3.262,1.54
2021-10-02 17:00:00,4.351,-2.718,2.632,1.832
2021-10-02 18:00:00,4.189,-2.751,2.533,1.549
2021-10-02 19:00:00,3.905,-2.596,1.908,2.029
2021-10-02 20:00:00,3.77,-2.915,1.953,1.189
2021-10-02 21:00:00,3.783,-2.78,2.293,0.951
2021-10-02 22:00:00,3.845,-2.76,2.127,1.404
2021-10-02 23:00:00,4.114,-2.65,1.957,2.326
2021-10-03 00:00:00,4.324,-1.999,3.208,1.782
2021-10-03 01:00:00,4.133,-1.244,3.687,0.474
2021-10-03 02:00:00,3.821,-0.201,3.541,-0.368
2021-10-03 03:00:00,3.647,0.879,2.919,-1.047
2021-10-03 04:00:00,3.176,-0.52,2.736,-0.59
2021-10-03 05:00:00,2.291,-1.971,0.831,0.251
2021-10-03 06:00:00,2.91,-2.012,1.58,0.108
2021-10-03 07:00:00,2.924,-1.743,2.023,-0.01
2021-10-03 08:00:00,3.289,-0.325,2.808,-0.396
2021-10-03 09:00:00,3.298,-0.753,2.11,-0.396
2021-10-03 10:00:00,3.291,-0.572,2.603,-1.221
2021-10-03 11:00:00,3.476,-1.21,3.173,-0.109
2021-10-03 12:00:00,2.926,-1.7,2.064,0.26
2021-10-03 13:00:00,2.508,-0.693,1.972,1.102
2021-10-03 14:00:00,2.83,-1.695,1.944,-0.251
2021-10-03 15:00:00,2.576,-1.395,1.966,0.24
2021-10-03 16:00:00,2.988,-1.122,1.488,0.713
2021-10-03 17:00:00,4.253,2.912,1.871,-2.149
2021-10-03 18:00:00,4.725,3.816,0.996,-2.404
2021-10-03 19:00:00,4.876,4.082,0.729,-2.479
2021-10-03 20:00:00,4.802,3.341,1.571,-2.974
2021-10-03 21:00:00,5.165,3.641,1.072,-3.347
2021-10-03 22:00:00,4.939,3.26,0.045,-3.028
2021-10-03 23:00:00,4.098,0.316,-3.065,-2.513
2021-10-04 00:00:00,3.69,-0.068,1.478,0.883
2021-10-04 01:00:00,4.31,-0.172,3.849,1.359
2021-10-04 02:00:00,4.156,1.29,3.556,-0.726
2021-10-04 03:00:00,3.237,1.945,1.528,-1.549
2021-10-04 04:00:00,2.834,1.057,0.772,-2.038
2021-10-04 05:00:00,3.192,1.567,2.335,-0.961
2021-10-04 06:00:00,3.393,2.336,1.822,-1.202
2021-10-04 07:00:00,3.48,2.462,1.775,-1.192
2021-10-04 08:00:00,3.104,0.906,-0.663,-2.003
2021-10-04 09:00:00,1.865,0.85,0.597,-0.99
2021-10-04 10:00:00,2.373,1.723,1.343,-0.491
2021-10-04 11:00:00,1.685,0.549,0.705,-0.729
2021-10-04 12:00:00,2.485,1.567,1.301,-0.501
2021-10-04 13:00:00,2.91,1.56,2.336,0.014
2021-10-04 14:00:00,3.015,2.262,1.677,-0.263
2021-10-04 15:00:00,3.201,2.499,0.253,-1.445
2021-10-04 16:00:00,2.836,1.098,-1.375,-2.051
2021-10-04 17:00:00,2.86,0.808,-0.159,-1.528
2021-10-04 18:00:00,3.034,1.951,1.317,-0.904
2021-10-04 19:00:00,2.011,-0.295,0.369,-1.179
2021-10-04 20:00:00,2.774,-0.925,0.327,-1.619
2021-10-04 21:00:00,2.854,0.825,-0.517,-2.31
2021-10-04 22:00:00,3.318,1.429,0.012,-2.723
2021-10-04 23:00:00,3.183,1.584,0.856,-2.206
2021-10-05 00:00:00,2.965,0.67,1.25,-2.371
2021-10-05 01:00:00,3.122,2.487,1.046,-1.226
2021-10-05 02:00:00,2.986,1.868,0.602,-2.08
2021-10-05 03:00:00,2.735,0.973,0.663,-2.259
2021-10-05 04:00:00,2.77,1.498,0.921,-1.982
2021-10-05 05:00:00,2.81,1.298,1.473,-1.783
2021-10-05 06:00:00,2.677,0.255,1.983,-1.365
2021-10-05 07:00:00,2.434,-0.405,2.239,-0.242
2021-10-05 08:00:00,2.568,-0.395,2.273,-0.846
2021-10-05 09:00:00,2.525,-0.146,2.399,-0.435
2021-10-05 10:00:00,2.489,-0.095,2.266,-0.717
2021-10-05 11:00:00,2.778,-0.258,2.635,-0.542
2021-10-05 12:00:00,2.917,-0.877,2.618,-0.725
2021-10-05 13:00:00,4.675,-0.836,4.336,-0.988
2021-10-05 14:00:00,5.307,-1.473,4.784,1.483
2021-10-05 15:00:00,4.685,-1.3,3.835,2.151
2021-10-05 16:00:00,4.348,-2.139,3.017,1.899
2021-10-05 17:00:00,4.745,-1.706,4.064,0.533
2021-10-05 18:00:00,5.826,-1.796,5.102,1.031
2021-10-05 19:00:00,5.355,-1.615,2.371,4.317
2021-10-05 20:00:00,4.94,-1.564,3.673,-0.189
2021-10-05 21:00:00,5.093,-2.301,4.427,0.441
2021-10-05 22:00:00,3.462,-1.448,2.896,0.644
2021-10-05 23:00:00,3.963,-1.611,3.475,-0.101
2021-10-06 00:00:00,3.857,-2.026,3.211,-0.23
2021-10-06 01:00:00,3.893,-1.565,3.502,-0.309
2021-10-06 02:00:00,4.556,-0.917,3.891,1.136
2021-10-06 03:00:00,5.168,-0.305,5.007,0.363
2021-10-06 04:00:00,4.514,0.429,3.901,1.303
2021-10-06 05:00:00,3.658,0.232,2.857,-1.251
2021-10-06 06:00:00,3.747,-1.141,-0.519,0.887
2021-10-06 07:00:00,5.788,-0.305,-3.692,-3.581
2021-10-06 08:00:00,6.715,3.291,1.133,-4.863
2021-10-06 09:00:00,8.143,2.699,7.129,-1.755
2021-10-06 10:00:00,8.262,2.41,7.062,-2.936
2021-10-06 11:00:00,8.727,1.677,8.31,-1.565
2021-10-06 12:00:00,7.536,0.703,7.402,-0.562
2021-10-06 13:00:00,8.733,0.908,8.48,-0.083
2021-10-06 14:00:00,10.415,3.811,6.818,-5.895
2021-10-06 15:00:00,11.768,1.994,10.924,-3.058
2021-10-06 16:00:00,11.241,-1.396,10.009,2.609
2021-10-06 17:00:00,10.393,-2.642,8.545,4.097
2021-10-06 18:00:00,10.397,-5.284,2.607,8.45
2021-10-06 19:00:00,10.332,-4.994,1.773,8.789
2021-10-06 20:00:00,9.624,-4.87,1.727,7.978
2021-10-06 21:00:00,9.488,-3.568,2.846,8.278
2021-10-06 22:00:00,9.464,-3.41,1.228,8.701
2021-10-06 23:00:00,9.352,-3.203,1.679,8.571
2021-10-07 00:00:00,9.218,-2.838,1.261,8.617
2021-10-07 01:00:00,10.162,-2.826,-0.529,9.704
2021-10-07 02:00:00,9.865,-2.481,-1.689,9.184
2021-10-07 03:00:00,9.195,-0.036,-4.221,7.771
2021-10-07 04:00:00,8.514,-1.198,-2.541,7.587
2021-10-07 05:00:00,8.286,-4.188,2.182,6.192
2021-10-07 06:00:00,8.178,-4.657,2.506,5.946
2021-10-07 07:00:00,8.162,-5.318,3.421,4.38
2021-10-07 08:00:00,7.74,-5.74,4.12,0.71
2021-10-07 09:00:00,7.66,-7.08,2.372,-0.131
2021-10-07 10:00:00,7.501,-5.815,3.278,-2.538
2021-10-07 11:00:00,6.649,-4.295,0.976,-4.74
2021-10-07 12:00:00,5.438,-1.995,3.17,-3.324
2021-10-07 13:00:00,5.316,-1.697,4.157,-2.467
2021-10-07 14:00:00,5.154,-3.054,3.658,-1.793
2021-10-07 15:00:00,4.491,-2.673,3.431,-0.472
2021-10-07 16:00:00,4.378,-3.008,2.902,0.245
2021-10-07 17:00:00,4.221,-3.014,2.451,0.615
2021-10-07 18:00:00,4.268,-2.373,3.252,-0.082
2021-10-07 19:00:00,4.109,-1.544,3.502,0.127
2021-10-07 20:00:00,3.94,-2.898,2.387,-0.115
2021-10-07 21:00:00,3.77,-2.116,2.83,0.872
2021-10-07 22:00:00,3.666,-1.498,3.108,0.164
2021-10-07 23:00:00,3.321,-0.923,2.741,-0.291
2021-10-08 00:00:00,3.325,-1.19,2.34,-0.89
2021-10-08 01:00:00,3.115,0.479,2.579,0.39
2021-10-08 02:00:00,3.171,0.523,1.788,-2.209
2021-10-08 03:00:00,3.29,0.901,2.184,-1.601
2021-10-08 04:00:00,3.32,-0.228,3.024,-0.102
2021-10-08 05:00:00,2.789,0.673,1.479,-1.862
2021-10-08 06:00:00,2.449,-1.09,1.021,-0.96
2021-10-08 07:00:00,2.694,-0.093,1.27,-1.774
2021-10-08 08:00:00,2.598,-0.524,1.953,0.031
2021-10-08 09:00:00,2.591,-1.124,1.952,0.067
2021-10-08 10:00:00,2.423,-0.472,2.007,0.812
2021-10-08 11:00:00,2.87,-0.76,2.512,0.133
2021-10-08 12:00:00,3.399,-0.119,1.214,-1.618
2021-10-08 13:00:00,3.345,0.381,-0.832,-2.693
2021-10-08 14:00:00,2.966,-0.222,-2.625,-1.109
2021-10-08 15:00:00,2.668,-0.338,-0.015,-0.291
2021-10-08 16:00:00,2.542,1.187,2.164,0.09
2021-10-08 17:00:00,2.61,0.618,2.406,-0.29
2021-10-08 18:00:00,2.316,0.21,1.369,-0.862
2021-10-08 19:00:00,2.418,-0.645,2.031,-0.416
2021-10-08 20:00:00,1.989,-0.468,0.933,-0.534
2021-10-08 21:00:00,3.843,-0.856,3.421,-0.811
2021-10-08 22:00:00,3.738,-0.093,3.387,-0.983
2021-10-08 23:00:00,3.965,0.266,3.404,-1.932
2021-10-09 00:00:00,2.972,0.179,1.57,-0.297
2021-10-09 01:00:00,3.331,0.208,-0.769,1.889
2021-10-09 02:00:00,3.498,-0.477,2.911,-1.098
2021-10-09 03:00:00,3.653,-0.457,2.429,-2.604
2021-10-09 04:00:00,4.024,-0.403,3.326,-1.633
2021-10-09 05:00:00,4.343,0.135,4.082,-1.29
2021-10-09 06:00:00,4.315,0.071,4.084,-1.061
2021-10-09 07:00:00,4.36,-0.652,4.01,0.59
2021-10-09 08:00:00,4.885,-2.178,4.027,1.243
2021-10-09 09:00:00,4.995,-2.661,3.953,-0.142
2021-10-09 10:00:00,5.276,-2.126,3.212,-1.359
2021-10-09 11:00:00,5.324,-0.89,4.655,-1.096
2021-10-09 12:00:00,4.336,-0.964,4.066,-0.646
2021-10-09 13:00:00,3.765,0.023,-0.634,-2.69
2021-10-09 14:00:00,4.625,-0.57,-2.586,-3.717
2021-10-09 15:00:00,4.414,-0.499,-2.921,-3.148
2021-10-09 16:00:00,4.422,0.195,-1.904,-3.499
2021-10-09 17:00:00,4.676,0.676,-3.122,-3.325
2021-10-09 18:00:00,3.964,0.521,-3.278,-1.876
2021-10-09 19:00:00,5.745,0.593,-3.968,-4.05
2021-10-09 20:00:00,6.158,0.364,-5.225,-3.118
2021-10-09 21:00:00,6.112,0.877,-5.186,-2.381
2021-10-09 22:00:00,6.447,1.1,-5.862,-1.871
2021-10-09 23:00:00,6.742,0.956,-6.596,0.702
2021-10-10 00:00:00,6.48,1.146,-6.151,1.446
2021-10-10 01:00:00,5.273,0.695,-4.314,2.614
2021-10-10 02:00:00,5.466,0.829,-3.347,2.375
2021-10-10 03:00:00,7.615,2.96,-1.366,-6.738
2021-10-10 04:00:00,7.0,2.261,-5.066,2.364
2021-10-10 05:00:00,6.97,3.1,-5.197,2.618
2021-10-10 06:00:00,5.555,3.572,-3.086,2.678
2021-10-10 07:00:00,5.76,1.285,-2.614,4.827
2021-10-10 08:00:00,4.833,-1.139,1.45,3.825
2021-10-10 09:00:00,5.898,-0.943,4.967,-1.696
2021-10-10 10:00:00,7.807,-0.031,4.913,-5.937
2021-10-10 11:00:00,7.207,-1.603,5.894,-3.339
2021-10-10 12:00:00,7.885,-0.085,3.29,-6.721
2021-10-10 13:00:00,9.779,-3.792,8.164,-0.723
2021-10-10 14:00:00,9.653,-4.615,8.092,-1.645
2021-10-10 15:00:00,9.972,-5.49,6.908,3.16
2021-10-10 16:00:00,10.261,-7.597,6.166,2.157
2021-10-10 17:00:00,10.275,-3.677,7.193,-0.299
2021-10-10 18:00:00,8.963,-2.4,3.645,4.991
2021-10-10 19:00:00,10.622,-1.707,3.359,-6.996
2021-10-10 20:00:00,9.117,-1.621,2.524,-2.821
2021-10-10 21:00:00,9.766,-2.071,3.632,8.298
2021-10-10 22:00:00,10.354,-4.684,7.516,2.235
2021-10-10 23:00:00,7.033,-3.429,2.159,1.194
2021-10-11 00:00:00,7.713,-3.543,3.859,-1.885
2021-10-11 01:00:00,9.153,-2.57,2.124,-5.318
2021-10-11 02:00:00,8.848,-3.789,6.682,2.207
2021-10-11 03:00:00,7.373,-1.667,4.485,-0.456
2021-10-11 04:00:00,6.469,0.473,-3.357,-3.227
2021-10-11 05:00:00,5.674,0.431,-0.361,-3.685
2021-10-11 06:00:00,6.316,-1.55,4.916,-1.201
2021-10-11 07:00:00,5.926,0.444,4.364,-2.773
2021-10-11 08:00:00,5.512,2.917,1.457,-0.532
2021-10-11 09:00:00,5.415,0.271,3.115,-3.191
2021-10-11 10:00:00,5.263,2.604,3.039,-0.527
2021-10-11 11:00:00,5.883,4.472,-1.828,-1.995
2021-10-11 12:00:00,5.329,3.32,-2.941,-2.275
2021-10-11 13:00:00,4.33,1.632,0.467,-3.278
2021-10-11 14:00:00,4.41,0.48,-1.147,-3.601
2021-10-11 15:00:00,4.914,-1.283,0.639,-3.88
2021-10-11 16:00:00,4.575,-0.043,-0.324,-3.995
2021-10-11 17:00:00,4.314,0.0,-1.21,-3.411
2021-10-11 18:00:00,5.136,0.507,2.44,-4.295
2021-10-11 19:00:00,5.084,0.009,-2.916,-2.848
2021-10-11 20:00:00,6.067,-1.041,2.921,-5.152
2021-10-11 21:00:00,6.204,-0.375,3.625,-4.921
2021-10-11 22:00:00,6.163,-1.232,4.323,-4.05
2021-10-11 23:00:00,5.773,-1.126,3.332,-4.193
2021-10-12 00:00:00,5.997,0.14,2.328,-5.183
2021-10-12 01:00:00,8.252,-0.985,3.967,-6.518
2021-10-12 02:00:00,12.496,-3.895,-1.322,-9.371
2021-10-12 03:00:00,9.419,-3.251,-2.507,-1.618
2021-10-12 04:00:00,8.82,0.115,1.709,-6.342
2021-10-12 05:00:00,14.209,1.98,11.16,4.325
2021-10-12 06:00:00,15.077,3.92,9.179,0.803
2021-10-12 07:00:00,15.218,1.572,9.388,10.572
2021-10-12 08:00:00,14.643,0.741,8.257,9.118
2021-10-12 09:00:00,10.419,0.045,5.185,-8.376
2021-10-12 10:00:00,9.357,-3.318,-2.463,-7.721
2021-10-12 11:00:00,9.538,-2.508,2.114,-8.211
2021-10-12 12:00:00,8.752,-3.997,0.416,-7.416
2021-10-12 13:00:00,11.662,-2.278,-5.889,-9.324
2021-10-12 14:00:00,8.259,-0.732,-7.169,-2.732
2021-10-12 15:00:00,8.703,1.431,-3.036,4.265
2021-10-12 16:00:00,8.2,-3.447,-3.769,0.456
2021-10-12 17:00:00,7.256,1.603,5.328,1.707
2021-10-12 18:00:00,6.377,-3.381,-1.478,1.97
2021-10-12 19:00:00,6.487,-3.686,-5.15,0.475
2021-10-12 20:00:00,7.584,-3.066,-6.677,-1.411
2021-10-12 21:00:00,4.449,0.082,-0.962,-0.633
2021-10-12 22:00:00,3.917,1.852,3.292,-0.521
2021-10-12 23:00:00,4.307,2.451,3.407,-0.582
2021-10-13 00:00:00,4.617,3.077,3.373,0.235
2021-10-13 01:00:00,4.737,3.403,3.133,0.573
2021-10-13 02:00:00,4.413,3.005,3.141,0.067
2021-10-13 03:00:00,4.219,2.997,2.621,1.147
2021-10-13 04:00:00,4.379,3.02,2.637,1.586
2021-10-13 05:00:00,4.258,2.651,2.58,1.981
2021-10-13 06:00:00,4.1,2.5,2.853,1.324
2021-10-13 07:00:00,3.98,2.644,2.528,1.367
2021-10-13 08:00:00,3.944,3.075,2.191,0.962
2021-10-13 09:00:00,3.945,2.996,2.341,0.887
2021-10-13 10:00:00,3.908,2.993,2.27,0.827
2021-10-13 11:00:00,3.886,3.015,2.102,1.073
2021-10-13 12:00:00,3.933,3.16,2.015,1.02
2021-10-13 13:00:00,3.986,3.302,1.949,0.044
2021-10-13 14:00:00,4.268,4.089,0.38,-0.231
2021-10-13 15:00:00,3.968,3.139,1.213,1.728
2021-10-13 16:00:00,4.372,3.385,2.338,1.206
2021-10-13 17:00:00,4.56,3.295,2.887,1.105
2021-10-13 18:00:00,4.651,2.833,3.578,0.659
2021-10-13 19:00:00,4.551,1.902,3.992,0.217
2021-10-13 20:00:00,4.291,0.364,3.773,1.682
2021-10-13 21:00:00,4.792,-2.05,3.657,1.996
2021-10-13 22:00:00,4.929,-2.998,2.474,2.637
2021-10-13 23:00:00,3.879,1.48,0.267,-0.668
2021-10-14 00:00:00,3.907,3.212,0.297,-1.855
2021-10-14 01:00:00,4.732,3.221,2.502,-2.003
2021-10-14 02:00:00,3.928,1.891,2.571,-0.101
2021-10-14 03:00:00,3.97,1.915,1.497,-1.47
2021-10-14 04:00:00,3.827,3.138,0.993,-0.453
2021-10-14 05:00:00,3.169,2.533,0.848,0.791
2021-10-14 06:00:00,3.521,3.151,1.117,-0.358
2021-10-14 07:00:00,4.034,3.796,0.689,-0.656
2021-10-14 08:00:00,4.249,4.054,-0.058,-0.826
2021-10-14 09:00:00,4.742,4.337,0.826,-1.418
2021-10-14 10:00:00,5.249,3.318,3.336,-1.716
2021-10-14 11:00:00,5.243,2.854,4.015,-1.123
2021-10-14 12:00:00,5.455,3.382,3.566,-1.736
2021-10-14 13:00:00,5.341,2.79,4.148,-1.645
2021-10-14 14:00:00,5.058,2.647,3.684,-1.712
2021-10-14 15:00:00,4.918,1.765,2.967,-3.142
2021-10-14 16:00:00,5.118,2.377,3.673,-2.44
2021-10-14 17:00:00,4.724,1.75,3.306,-1.836
2021-10-14 18:00:00,2.928,-0.058,-0.697,-2.498
2021-10-14 19:00:00,2.841,0.583,0.571,-2.592
2021-10-14 20:00:00,3.787,0.297,-0.38,-3.6
2021-10-14 21:00:00,5.444,0.264,-3.313,-3.998
2021-10-14 22:00:00,5.48,2.364,-3.824,0.283
2021-10-14 23:00:00,3.621,0.245,-1.034,1.481
2021-10-15 00:00:00,4.519,-3.42,-0.644,-2.447
2021-10-15 01:00:00,4.11,-3.678,0.151,-1.2
2021-10-15 02:00:00,4.21,-3.971,-0.61,-0.077
2021-10-15 03:00:00,4.726,-4.509,-1.186,0.317
2021-10-15 04:00:00,4.328,-4.127,-0.167,-0.722
2021-10-15 05:00:00,4.244,-3.046,0.797,-2.299
2021-10-15 06:00:00,4.701,-4.197,0.144,-1.834
2021-10-15 07:00:00,4.194,-3.207,1.381,-1.784
2021-10-15 08:00:00,3.342,-2.799,-0.047,-0.923
2021-10-15 09:00:00,3.196,-2.431,-1.606,0.072
2021-10-15 10:00:00,2.827,-0.764,-2.493,0.773
2021-10-15 11:00:00,2.757,-0.069,-2.686,0.178
2021-10-15 12:00:00,3.235,1.046,-2.958,-0.263
2021-10-15 13:00:00,2.96,0.245,-2.88,0.092
2021-10-15 14:00:00,3.583,-0.657,-3.432,0.312
2021-10-15 15:00:00,3.921,-1.141,-3.67,0.08
2021-10-15 16:00:00,4.292,-1.619,-3.905,0.136
2021-10-15 17:00:00,4.765,-2.553,-3.482,1.615
2021-10-15 18:00:00,4.064,-0.929,-3.201,-0.684
2021-10-15 19:00:00,4.442,-0.712,-2.818,-2.393
2021-10-15 20:00:00,4.938,-0.231,0.497,-2.985
2021-10-15 21:00:00,4.5,1.41,2.241,-3.124
2021-10-15 22:00:00,4.705,0.743,0.348,-2.427
2021-10-15 23:00:00,4.558,4.222,-0.581,-0.64
2021-10-16 00:00:00,8.039,0.862,-3.677,-4.824
2021-10-16 01:00:00,8.471,-2.095,-5.68,-2.116
2021-10-16 02:00:00,8.255,2.08,-4.865,4.407
2021-10-16 03:00:00,8.332,1.921,-3.344,6.294
2021-10-16 04:00:00,8.259,1.515,-1.589,5.401
2021-10-16 05:00:00,8.28,-4.136,-5.993,-3.682
2021-10-16 06:00:00,8.198,-4.431,-6.458,-1.828
2021-10-16 07:00:00,8.284,-4.667,-5.585,-3.412
2021-10-16 08:00:00,8.669,-4.888,-6.892,1.407
2021-10-16 09:00:00,9.0,-4.027,-6.099,4.623
2021-10-16 10:00:00,8.903,-2.9,-5.19,6.531
2021-10-16 11:00:00,8.791,-3.213,-4.63,6.681
2021-10-16 12:00:00,8.649,-4.466,-4.823,5.564
2021-10-16 13:00:00,8.727,-2.534,-3.22,7.544
2021-10-16 14:00:00,8.273,-3.134,-2.829,6.966
2021-10-16 15:00:00,7.153,-3.827,-3.055,5.125
2021-10-16 16:00:00,8.416,-4.88,-3.706,5.696
2021-10-16 17:00:00,9.189,-5.581,-4.04,6.008
2021-10-16 18:00:00,9.211,-5.46,-3.554,6.431
2021-10-16 19:00:00,9.424,-4.963,-2.254,7.638
2021-10-16 20:00:00,9.514,-4.106,-1.499,8.401
2021-10-16 21:00:00,9.224,-0.929,1.082,8.507
2021-10-16 22:00:00,9.269,0.692,2.473,8.791
2021-10-16 23:00:00,9.244,0.187,1.668,8.968
2021-10-17 00:00:00,9.311,0.693,1.589,8.993
2021-10-17 01:00:00,9.823,-0.559,6.59,6.26
2021-10-17 02:00:00,9.02,-0.174,6.771,5.898
2021-10-17 03:00:00,8.934,-0.22,5.537,6.399
2021-10-17 04:00:00,8.978,2.476,4.918,6.909
2021-10-17 05:00:00,7.943,0.639,4.756,6.227
2021-10-17 06:00:00,7.875,1.787,5.737,4.517
2021-10-17 07:00:00,8.162,1.029,6.293,4.506
2021-10-17 08:00:00,8.359,1.648,7.628,-0.799
2021-10-17 09:00:00,8.831,1.406,7.918,-3.496
2021-10-17 10:00:00,8.933,2.681,7.281,-3.933
2021-10-17 11:00:00,9.306,4.241,7.734,-2.743
2021-10-17 12:00:00,9.161,4.455,7.251,-3.111
2021-10-17 13:00:00,9.096,3.566,8.234,-1.079
2021-10-17 14:00:00,8.928,2.893,8.044,-1.496
2021-10-17 15:00:00,8.869,3.552,7.896,-1.006
2021-10-17 16:00:00,8.208,2.806,5.504,-5.068
2021-10-17 17:00:00,8.722,4.129,4.652,-5.971
2021-10-17 18:00:00,9.073,3.928,7.226,-3.622
2021-10-17 19:00:00,9.266,3.096,4.182,-4.257
2021-10-17 20:00:00,9.495,4.82,3.521,-7.074
2021-10-17 21:00:00,10.131,5.463,5.432,-6.201
2021-10-17 22:00:00,10.806,6.463,6.581,-5.38
2021-10-17 23:00:00,11.396,8.586,6.036,-4.321
2021-10-18 00:00:00,11.696,4.7,10.021,-1.066
2021-10-18 01:00:00,12.344,1.452,12.069,1.884
2021-10-18 02:00:00,12.293,1.165,11.664,3.558
2021-10-18 03:00:00,12.35,3.912,10.432,5.172
2021-10-18 04:00:00,12.671,5.661,9.04,6.711
2021-10-18 05:00:00,12.047,4.935,5.861,9.036
2021-10-18 06:00:00,11.732,3.005,7.035,8.792
2021-10-18 07:00:00,11.607,2.661,5.621,9.717
2021-10-18 08:00:00,10.691,2.344,3.658,9.719
2021-10-18 09:00:00,9.622,1.75,-1.169,8.681
2021-10-18 10:00:00,8.248,1.484,-5.263,5.801
2021-10-18 11:00:00,9.478,3.416,-3.544,6.435
2021-10-18 12:00:00,7.672,1.991,-3.303,2.99
2021-10-18 13:00:00,3.788,-0.173,2.766,0.849
2021-10-18 14:00:00,3.988,-1.314,0.517,1.274
2021-10-18 15:00:00,6.735,4.624,-0.045,-4.173
2021-10-18 16:00:00,5.872,4.875,-1.077,-2.43
2021-10-18 17:00:00,4.923,1.806,-1.61,-3.117
2021-10-18 18:00:00,5.977,0.902,5.198,-2.048
2021-10-18 19:00:00,11.245,-0.38,11.108,-1.144
2021-10-18 20:00:00,11.493,-0.148,11.338,1.324
2021-10-18 21:00:00,11.743,0.385,10.109,1.629
2021-10-18 22:00:00,9.896,6.293,-0.414,7.495
2021-10-18 23:00:00,6.663,2.752,-1.946,4.314
2021-10-19 00:00:00,7.88,-2.22,-4.786,-1.323
2021-10-19 01:00:00,7.219,-2.617,-2.787,-5.262
2021-10-19 02:00:00,7.464,-5.384,3.402,-1.991
2021-10-19 03:00:00,6.506,-2.341,4.349,3.94
2021-10-19 04:00:00,5.363,-0.938,3.253,2.672
2021-10-19 05:00:00,4.712,-2.406,3.578,0.523
2021-10-19 06:00:00,4.71,-2.317,3.594,1.206
2021-10-19 07:00:00,4.073,-2.464,2.271,-1.164
2021-10-19 08:00:00,3.889,1.274,3.088,0.494
2021-10-19 09:00:00,5.124,3.707,2.044,2.268
2021-10-19 10:00:00,6.091,4.402,1.781,3.417
2021-10-19 11:00:00,7.57,4.265,-0.062,3.635
2021-10-19 12:00:00,8.823,2.796,-4.703,0.782
2021-10-19 13:00:00,7.328,-0.429,-4.578,-4.744
2021-10-19 14:00:00,6.034,0.68,-5.485,-1.02
2021-10-19 15:00:00,6.395,2.18,-0.337,-5.649
2021-10-19 16:00:00,7.152,2.273,4.446,-1.435
2021-10-19 17:00:00,5.689,-0.676,5.328,1.565
2021-10-19 18:00:00,4.254,1.716,0.686,2.442
2021-10-19 19:00:00,5.615,3.449,-3.436,2.303
2021-10-19 20:00:00,6.205,3.582,-4.84,0.515
2021-10-19 21:00:00,4.114,3.462,0.102,0.448
2021-10-19 22:00:00,4.113,3.131,-0.252,2.123
2021-10-19 23:00:00,2.749,-0.355,-1.953,-0.02
2021-10-20 00:00:00,2.604,-1.575,-1.584,-0.789
2021-10-20 01:00:00,3.233,1.478,-0.039,0.561
2021-10-20 02:00:00,4.6,4.034,1.928,-0.265
2021-10-20 03:00:00,3.204,2.004,-1.29,0.28
2021-10-20 04:00:00,3.698,-0.776,-2.367,1.082
2021-10-20 05:00:00,5.132,0.41,-4.461,-0.202
2021-10-20 06:00:00,4.881,0.586,-4.338,1.947
2021-10-20 07:00:00,4.175,-1.057,-3.573,1.002
2021-10-20 08:00:00,5.216,-3.078,-3.774,0.89
2021-10-20 09:00:00,4.296,-2.501,-2.664,1.463
2021-10-20 10:00:00,3.506,-3.281,-0.246,0.382
2021-10-20 11:00:00,3.567,-2.432,2.159,-0.353
2021-10-20 12:00:00,1.669,0.087,1.098,0.508
2021-10-20 13:00:00,2.887,-2.23,1.048,-1.132
2021-10-20 14:00:00,6.668,0.22,-5.874,-0.067
2021-10-20 15:00:00,6.787,0.746,-6.264,1.166
2021-10-20 16:00:00,5.296,-0.646,-4.742,-1.197
2021-10-20 17:00:00,5.073,3.702,-2.771,1.043
2021-10-20 18:00:00,6.721,5.204,-2.477,2.578
2021-10-20 19:00:00,6.016,1.16,-3.239,-0.983
2021-10-20 20:00:00,6.669,1.777,-4.351,-0.626
2021-10-20 21:00:00,10.783,8.024,-5.576,4.017
2021-10-20 22:00:00,9.433,6.737,-1.438,4.978
2021-10-20 23:00:00,7.743,2.032,-1.443,-0.054
2021-10-21 00:00:00,5.583,2.699,-1.212,1.853
2021-10-21 01:00:00,5.081,2.672,-1.459,2.166
2021-10-21 02:00:00,6.21,4.804,-2.783,1.328
2021-10-21 03:00:00,5.797,4.025,-3.004,1.993
2021-10-21 04:00:00,4.707,0.055,-0.029,-0.952
2021-10-21 05:00:00,3.834,0.691,-2.169,-1.826
2021-10-21 06:00:00,4.146,0.874,-3.241,-1.524
2021-10-21 07:00:00,5.354,2.713,-3.972,0.494
2021-10-21 08:00:00,5.249,3.978,-1.103,2.653
2021-10-21 09:00:00,5.511,5.238,0.014,1.413
2021-10-21 10:00:00,6.179,5.701,-1.567,1.617
2021-10-21 11:00:00,5.962,4.559,-3.476,1.188
2021-10-21 12:00:00,6.441,4.656,-3.808,-0.027
2021-10-21 13:00:00,5.702,4.092,-3.445,1.284
2021-10-21 14:00:00,4.461,0.636,-2.984,-0.98
2021-10-21 15:00:00,2.734,-0.4,-1.31,-1.866
2021-10-21 16:00:00,2.532,0.238,-1.837,-0.263
2021-10-21 17:00:00,2.177,0.031,-1.419,-0.988
2021-10-21 18:00:00,2.554,2.004,0.676,-0.487
2021-10-21 19:00:00,2.578,0.487,1.713,0.242
2021-10-21 20:00:00,3.627,2.387,2.395,-0.587
2021-10-21 21:00:00,3.083,2.177,0.986,-1.374
2021-10-21 22:00:00,3.289,2.672,1.233,-0.226
2021-10-21 23:00:00,2.834,0.952,-2.124,-0.028
2021-10-22 00:00:00,2.87,2.132,-1.183,-0.189
2021-10-22 01:00:00,3.709,3.544,0.031,0.048
2021-10-22 02:00:00,3.949,3.76,0.311,0.961
2021-10-22 03:00:00,3.715,3.499,-0.73,0.587
2021-10-22 04:00:00,3.361,3.052,-1.09,0.353
2021-10-22 05:00:00,3.174,2.818,-1.247,-0.185
2021-10-22 06:00:00,3.233,2.782,-1.318,-0.317
2021-10-22 07:00:00,3.474,2.688,-1.705,-0.713
2021-10-22 08:00:00,4.102,2.204,-3.302,-0.393
2021-10-22 09:00:00,4.511,2.206,-3.713,0.78
2021-10-22 10:00:00,4.761,0.533,-4.533,0.114
2021-10-22 11:00:00,5.318,-1.951,-3.222,-1.52
2021-10-22 12:00:00,5.944,-2.691,-4.849,-1.298
2021-10-22 13:00:00,5.031,-1.181,-3.88,1.999
2021-10-22 14:00:00,4.109,-1.257,-3.751,-0.242
2021-10-22 15:00:00,4.219,-2.195,-2.888,0.986
2021-10-22 16:00:00,3.917,-1.231,-2.852,0.265
2021-10-22 17:00:00,3.847,1.312,-3.102,1.521
2021-10-22 18:00:00,4.66,2.426,-2.015,3.299
2021-10-22 19:00:00,3.78,2.992,-0.962,0.664
2021-10-22 20:00:00,3.438,2.982,-0.551,1.01
2021-10-22 21:00:00,2.797,2.383,-0.121,-0.739
2021-10-22 22:00:00,2.567,1.964,-0.993,-0.587
2021-10-22 23:00:00,2.44,2.331,0.029,-0.018
2021-10-23 00:00:00,2.508,0.073,-2.138,-0.508
2021-10-23 01:00:00,3.195,1.589,-1.43,0.814
2021-10-23 02:00:00,3.218,1.872,-1.722,1.148
2021-10-23 03:00:00,3.551,2.013,-2.392,1.149
2021-10-23 04:00:00,3.528,2.604,-1.604,1.54
2021-10-23 05:00:00,2.821,2.168,-1.001,1.235
2021-10-23 06:00:00,2.8,2.275,-1.138,0.953
2021-10-23 07:00:00,3.072,2.644,-1.064,0.698
2021-10-23 08:00:00,3.166,2.745,-1.351,0.219
2021-10-23 09:00:00,2.834,2.144,-1.522,0.426
2021-10-23 10:00:00,2.089,1.398,-1.22,0.058
2021-10-23 11:00:00,1.568,0.573,-0.706,0.624
2021-10-23 12:00:00,2.432,1.816,-1.033,0.603
2021-10-23 13:00:00,2.6,1.805,-1.222,0.726
2021-10-23 14:00:00,2.637,1.918,-1.345,0.099
2021-10-23 15:00:00,3.029,2.163,-0.742,0.144
2021-10-23 16:00:00,2.498,-1.676,-0.553,-1.545
2021-10-23 17:00:00,2.695,-2.123,-0.936,-1.041
2021-10-23 18:00:00,2.305,0.732,0.156,-1.592
2021-10-23 19:00:00,2.768,-0.875,-1.539,-0.833
2021-10-23 20:00:00,2.297,-0.143,-2.014,0.004
2021-10-23 21:00:00,2.43,1.496,-1.418,0.237
2021-10-23 22:00:00,3.253,-0.067,-2.413,-1.852
2021-10-23 23:00:00,3.848,-0.152,-3.496,-0.667
2021-10-24 00:00:00,3.832,1.146,-2.97,0.901
2021-10-24 01:00:00,3.905,-0.365,-3.399,-0.272
2021-10-24 02:00:00,3.931,-0.808,-2.345,-2.379
2021-10-24 03:00:00,5.109,0.237,-4.432,-1.236
2021-10-24 04:00:00,4.765,1.872,-3.276,2.733
2021-10-24 05:00:00,4.24,2.139,-2.368,1.98
2021-10-24 06:00:00,4.927,3.164,-2.556,2.54
2021-10-24 07:00:00,5.066,1.123,-3.148,3.621
2021-10-24 08:00:00,4.225,1.402,-1.588,-1.026
2021-10-24 09:00:00,3.385,0.843,1.739,-1.999
2021-10-24 10:00:00,3.151,2.497,0.594,0.902
2021-10-24 11:00:00,3.802,2.844,1.248,1.587
2021-10-24 12:00:00,4.35,0.869,-0.325,2.439
2021-10-24 13:00:00,4.727,-2.3,-2.94,-1.608
2021-10-24 14:00:00,4.946,-1.521,-2.578,-3.515
2021-10-24 15:00:00,4.786,-2.629,-2.494,-2.917
2021-10-24 16:00:00,4.736,-2.726,-2.156,-3.0
2021-10-24 17:00:00,4.397,-0.131,-0.09,-3.784
2021-10-24 18:00:00,4.604,-2.252,-2.257,-3.187
2021-10-24 19:00:00,3.887,-0.661,-2.562,-2.06
2021-10-24 20:00:00,3.836,-2.633,-1.96,-1.583
2021-10-24 21:00:00,3.897,-3.295,-1.469,-0.637
2021-10-24 22:00:00,4.397,-2.696,-2.098,0.011
2021-10-24 23:00:00,4.747,3.331,-3.184,-0.853
2021-10-25 00:00:00,5.625,5.125,-1.355,-0.939
2021-10-25 01:00:00,5.391,4.604,-1.407,0.652
2021-10-25 02:00:00,5.12,0.74,-4.209,-2.466
2021-10-25 03:00:00,4.876,0.353,-4.161,-1.807
2021-10-25 04:00:00,4.813,-0.606,-3.461,-3.049
2021-10-25 05:00:00,4.902,1.332,-3.524,-2.728
2021-10-25 06:00:00,5.168,3.191,-3.744,-0.943
2021-10-25 07:00:00,5.108,1.332,-3.876,-2.146
2021-10-25 08:00:00,5.181,0.135,-4.027,-2.975
2021-10-25 09:00:00,5.646,0.864,-4.96,-2.415
2021-10-25 10:00:00,5.719,0.013,-5.45,-1.318
2021-10-25 11:00:00,5.62,0.02,-4.758,-2.734
2021-10-25 12:00:00,6.58,1.455,-4.489,-3.96
2021-10-25 13:00:00,5.937,2.679,-1.211,-3.503
2021-10-25 14:00:00,6.001,3.27,-0.491,-0.65
2021-10-25 15:00:00,6.858,-1.957,-5.519,-2.522
2021-10-25 16:00:00,7.08,0.508,-5.247,-0.284
2021-10-25 17:00:00,7.153,3.126,-5.121,1.863
2021-10-25 18:00:00,7.082,3.244,-5.661,-0.54
2021-10-25 19:00:00,7.377,3.118,-5.314,1.598
2021-10-25 20:00:00,6.864,3.095,-5.248,2.488
2021-10-25 21:00:00,6.616,0.419,-6.095,-0.697
2021-10-25 22:00:00,6.499,-2.34,-4.535,-3.661
2021-10-25 23:00:00,6.637,4.725,-3.281,2.051
2021-10-26 00:00:00,4.761,0.581,-1.944,-1.263
2021-10-26 01:00:00,4.988,-2.062,-1.517,-3.626
2021-10-26 02:00:00,3.431,-0.052,-1.886,-2.378
2021-10-26 03:00:00,3.39,1.772,-1.799,-1.26
2021-10-26 04:00:00,4.152,4.067,-0.428,-0.062
2021-10-26 05:00:00,3.89,3.659,-0.302,0.67
2021-10-26 06:00:00,3.401,2.51,0.684,0.972
2021-10-26 07:00:00,3.653,2.663,0.776,0.96
2021-10-26 08:00:00,3.464,2.88,1.107,0.37
2021-10-26 09:00:00,3.966,2.868,1.508,2.118
2021-10-26 10:00:00,3.431,2.589,0.871,1.858
2021-10-26 11:00:00,3.337,2.247,-0.196,0.473
2021-10-26 12:00:00,3.747,1.654,-2.149,-1.857
2021-10-26 13:00:00,3.885,1.247,-2.739,-0.418
2021-10-26 14:00:00,4.711,-0.284,-4.099,-1.158
2021-10-26 15:00:00,4.901,-0.045,-4.54,1.488
2021-10-26 16:00:00,4.49,1.034,-4.125,0.997
2021-10-26 17:00:00,4.779,2.339,-2.423,3.031
2021-10-26 18:00:00,4.246,3.256,-1.246,2.068
2021-10-26 19:00:00,4.528,0.733,-1.53,-0.745
2021-10-26 20:00:00,5.324,-1.853,1.687,-3.984
2021-10-26 21:00:00,4.927,3.659,-2.028,1.157
2021-10-26 22:00:00,5.498,3.232,1.334,2.861
2021-10-26 23:00:00,4.75,1.68,-3.496,1.762
2021-10-27 00:00:00,5.474,-1.303,-4.658,-0.524
2021-10-27 01:00:00,5.251,-0.931,-4.838,-0.247
2021-10-27 02:00:00,5.078,0.58,-4.882,0.128
2021-10-27 03:00:00,4.725,1.461,-4.203,0.43
2021-10-27 04:00:00,4.858,3.124,-3.189,1.615
2021-10-27 05:00:00,4.538,3.317,-2.675,1.081
2021-10-27 06:00:00,4.541,3.379,-2.549,1.452
2021-10-27 07:00:00,4.442,2.877,-3.072,1.226
2021-10-27 08:00:00,3.84,2.131,-2.997,0.405
2021-10-27 09:00:00,2.9,-0.045,-1.961,-1.523
2021-10-27 10:00:00,2.316,1.364,-1.549,0.762
2021-10-27 11:00:00,4.044,2.529,-2.834,-0.68
2021-10-27 12:00:00,4.306,3.373,-2.007,1.547
2021-10-27 13:00:00,3.457,2.157,-1.405,1.427
2021-10-27 14:00:00,3.518,1.216,-2.959,0.119
2021-10-27 15:00:00,3.161,0.467,-2.697,0.825
2021-10-27 16:00:00,2.675,1.746,-0.234,0.603
2021-10-27 17:00:00,2.034,1.258,-0.139,0.105
2021-10-27 18:00:00,2.253,0.379,-1.831,0.945
2021-10-27 19:00:00,2.398,1.577,-1.331,0.345
2021-10-27 20:00:00,1.808,0.499,-1.489,0.319
2021-10-27 21:00:00,1.786,1.014,-0.999,0.22
2021-10-27 22:00:00,2.048,1.107,-1.582,0.045
2021-10-27 23:00:00,2.291,1.769,-1.123,-0.483
2021-10-28 00:00:00,2.588,1.607,-1.747,-0.806
2021-10-28 01:00:00,2.545,1.492,-1.852,-0.726
2021-10-28 02:00:00,2.352,1.106,-1.875,-0.666
2021-10-28 03:00:00,2.115,1.028,-1.584,-0.702
2021-10-28 04:00:00,1.71,0.251,-1.236,-0.969
2021-10-28 05:00:00,1.78,-0.267,-1.517,-0.622
2021-10-28 06:00:00,1.526,-0.039,-1.262,-0.122
2021-10-28 07:00:00,1.499,0.001,-1.218,-0.536
2021-10-28 08:00:00,1.68,-0.876,-0.858,-0.989
2021-10-28 09:00:00,2.101,-0.439,-1.298,-0.003
2021-10-28 10:00:00,2.534,1.241,-1.558,1.414
2021-10-28 11:00:00,2.593,1.531,-1.215,1.143
2021-10-28 12:00:00,2.986,0.468,-2.604,1.175
2021-10-28 13:00:00,3.248,-1.233,-2.333,-0.332
2021-10-28 14:00:00,3.278,-2.087,-1.517,-1.733
2021-10-28 15:00:00,3.618,1.606,-2.294,1.726
2021-10-28 16:00:00,4.392,-0.885,-2.93,-0.497
2021-10-28 17:00:00,4.315,2.344,-2.239,2.312
2021-10-28 18:00:00,4.274,2.212,-2.67,2.397
2021-10-28 19:00:00,3.657,-0.232,-2.875,1.341
2021-10-28 20:00:00,3.108,-0.113,-2.677,1.354
2021-10-28 21:00:00,3.322,0.976,-2.54,1.733
2021-10-28 22:00:00,2.978,0.105,-2.391,1.574
2021-10-28 23:00:00,2.874,0.606,-2.204,1.457
2021-10-29 00:00:00,2.878,0.927,-2.151,1.461
2021-10-29 01:00:00,2.793,0.552,-2.154,0.694
2021-10-29 02:00:00,3.269,-0.419,-2.994,0.32
2021-10-29 03:00:00,2.973,0.434,-2.544,0.754
2021-10-29 04:00:00,3.618,2.282,-1.564,1.356
2021-10-29 05:00:00,4.423,3.349,-1.347,2.351
2021-10-29 06:00:00,4.622,3.667,-1.436,2.178
2021-10-29 07:00:00,4.752,3.385,-2.114,2.374
2021-10-29 08:00:00,5.077,3.348,-2.688,2.407
2021-10-29 09:00:00,5.191,3.576,-3.184,1.693
2021-10-29 10:00:00,5.299,2.835,-4.316,0.332
2021-10-29 11:00:00,5.131,2.223,-4.07,-1.872
2021-10-29 12:00:00,4.817,1.623,-4.089,-1.529
2021-10-29 13:00:00,4.828,0.726,-4.059,-2.255
2021-10-29 14:00:00,4.698,-0.321,-3.725,-2.745
2021-10-29 15:00:00,4.171,-0.519,-3.505,-1.816
2021-10-29 16:00:00,2.676,-1.151,-1.294,-1.367
2021-10-29 17:00:00,3.347,-2.059,-1.47,-1.964
2021-10-29 18:00:00,3.705,-1.492,0.332,-1.883
2021-10-29 19:00:00,2.442,0.312,0.602,-0.8
2021-10-29 20:00:00,5.961,-2.595,-1.052,-2.497
2021-10-29 21:00:00,6.008,4.01,-0.369,3.34
2021-10-29 22:00:00,5.516,4.28,0.43,3.169
2021-10-29 23:00:00,5.352,4.56,0.178,2.43
2021-10-30 00:00:00,5.384,4.092,-1.427,0.091
2021-10-30 01:00:00,5.408,3.673,-3.14,1.342
2021-10-30 02:00:00,5.275,3.488,-3.376,-1.714
2021-10-30 03:00:00,4.904,1.256,-1.63,-2.608
2021-10-30 04:00:00,6.333,-2.039,2.437,-5.386
2021-10-30 05:00:00,6.134,-1.078,0.858,-5.874
2021-10-30 06:00:00,5.232,-0.202,-0.8,-5.043
2021-10-30 07:00:00,4.661,0.459,-1.991,-3.893
2021-10-30 08:00:00,6.204,2.495,-5.037,-2.052
2021-10-30 09:00:00,6.28,2.849,-5.378,-0.521
2021-10-30 10:00:00,6.249,2.42,-5.402,1.321
2021-10-30 11:00:00,5.625,2.44,-4.602,1.587
2021-10-30 12:00:00,6.205,3.735,-4.838,-0.667
2021-10-30 13:00:00,6.078,4.55,-3.364,-2.064
2021-10-30 14:00:00,5.966,3.618,-4.313,-1.757
2021-10-30 15:00:00,6.039,1.91,-5.53,-0.521
2021-10-30 16:00:00,8.91,2.007,-8.361,-0.746
2021-10-30 17:00:00,7.67,0.945,-2.591,3.583
2021-10-30 18:00:00,6.997,1.618,-5.677,2.922
2021-10-30 19:00:00,8.991,-1.093,5.221,0.607
2021-10-30 20:00:00,8.807,1.167,-1.266,-8.077
2021-10-30 21:00:00,7.737,-0.459,3.56,-6.091
2021-10-30 22:00:00,6.861,-3.138,1.77,-3.463
2021-10-30 23:00:00,6.524,-5.121,2.304,-3.002
2021-10-31 00:00:00,6.589,-5.413,1.749,-3.054
2021-10-31 01:00:00,5.167,-4.112,1.281,-2.415
2021-10-31 02:00:00,5.266,-4.33,0.811,-2.333
2021-10-31 03:00:00,5.055,-4.218,1.416,-1.387
2021-10-31 04:00:00,4.721,-4.494,0.916,0.542
2021-10-31 05:00:00,4.745,-4.656,0.367,0.572
2021-10-31 06:00:00,4.543,-4.423,0.271,0.793
2021-10-31 07:00:00,4.042,-3.441,0.225,1.774
2021-10-31 08:00:00,4.439,-3.744,1.057,1.838
2021-10-31 09:00:00,7.511,-6.029,1.424,3.021
2021-10-31 10:00:00,10.28,-5.738,6.83,2.722
2021-10-31 11:00:00,10.905,-2.23,7.72,-4.532
2021-10-31 12:00:00,10.474,-4.857,5.584,-1.702
2021-10-31 13:00:00,10.524,-9.197,4.487,-1.249
2021-10-31 14:00:00,8.308,-6.994,3.846,1.127
2021-10-31 15:00:00,6.176,-4.691,3.266,-0.242
2021-10-31 16:00:00,5.847,-4.818,2.197,-0.308
2021-10-31 17:00:00,4.65,0.374,2.439,2.003
2021-10-31 18:00:00,5.112,-3.226,1.444,-0.983
2021-10-31 19:00:00,6.175,-4.996,0.491,-2.422
2021-10-31 20:00:00,5.589,-5.033,0.1,-0.803
2021-10-31 21:00:00,4.91,-0.118,0.303,-0.089
2021-10-31 22:00:00,5.225,-2.239,2.986,-1.434
2021-10-31 23:00:00,5.804,-4.99,-1.744,0.218
2021-11-01 00:00:00,6.061,-4.119,-2.113,0.553
2021-11-01 01:00:00,5.442,-4.009,1.932,-2.454
2021-11-01 02:00:00,5.602,-4.517,0.235,-3.088
2021-11-01 03:00:00,6.366,-5.359,1.258,-2.927
2021-11-01 04:00:00,6.473,-5.361,1.417,-3.199
2021-11-01 05:00:00,5.496,-4.646,1.551,-2.38
2021-11-01 06:00:00,4.967,-4.054,1.939,-1.915
2021-11-01 07:00:00,4.344,-3.319,1.682,-2.094
2021-11-01 08:00:00,4.197,-3.361,1.772,-1.667
2021-11-01 09:00:00,3.587,-2.874,1.329,-1.553
2021-11-01 10:00:00,2.999,-2.578,0.661,-1.263
2021-11-01 11:00:00,3.168,-3.001,0.294,-0.745
2021-11-01 12:00:00,3.549,-3.382,0.463,-0.699
2021-11-01 13:00:00,3.466,-3.154,0.038,-1.189
2021-11-01 14:00:00,2.177,-1.509,0.675,-0.735
2021-11-01 15:00:00,4.311,3.826,-1.289,-0.566
2021-11-01 16:00:00,3.101,1.43,-1.253,-1.773
2021-11-01 17:00:00,5.943,1.66,-4.044,-0.464
2021-11-01 18:00:00,12.564,-3.247,2.925,10.317
2021-11-01 19:00:00,10.813,-0.632,-2.246,7.414
2021-11-01 20:00:00,10.754,-0.522,-2.201,8.872
2021-11-01 21:00:00,13.477,-3.515,6.817,6.777
2021-11-01 22:00:00,13.293,-5.132,4.72,8.462
2021-11-01 23:00:00,11.64,-6.747,5.827,-0.498
2021-11-02 00:00:00,10.055,-1.952,2.585,-3.411
2021-11-02 01:00:00,7.707,-5.176,2.285,-1.324
2021-11-02 02:00:00,7.085,-1.518,4.091,-1.855
2021-11-02 03:00:00,6.945,-3.726,5.147,-0.277
2021-11-02 04:00:00,6.116,-2.592,3.81,-2.876
2021-11-02 05:00:00,5.04,-2.753,2.852,0.041
2021-11-02 06:00:00,4.936,-2.855,2.788,0.752
2021-11-02 07:00:00,5.764,0.7,-4.965,1.82
2021-11-02 08:00:00,5.425,-3.53,-0.44,1.909
2021-11-02 09:00:00,5.404,-3.451,2.587,-0.519
2021-11-02 10:00:00,5.236,-2.343,3.237,-0.686
2021-11-02 11:00:00,4.779,-1.746,0.63,0.624
2021-11-02 12:00:00,4.916,-1.538,-0.311,3.559
2021-11-02 13:00:00,4.289,-1.974,-0.563,1.828
2021-11-02 14:00:00,3.83,-2.582,0.071,2.075
2021-11-02 15:00:00,3.184,-0.326,1.135,-1.516
2021-11-02 16:00:00,3.773,-1.645,1.557,0.85
2021-11-02 17:00:00,4.052,-2.565,0.533,0.21
2021-11-02 18:00:00,3.902,-1.335,1.787,-0.016
2021-11-02 19:00:00,3.915,-3.483,0.335,0.731
2021-11-02 20:00:00,4.222,-3.947,0.512,1.135
2021-11-02 21:00:00,4.166,-3.912,0.243,0.768
2021-11-02 22:00:00,3.805,-3.36,-0.026,-0.686
2021-11-02 23:00:00,3.271,0.328,1.851,-0.973
2021-11-03 00:00:00,4.066,-1.751,3.254,-0.044
2021-11-03 01:00:00,4.261,-3.657,1.256,0.945
2021-11-03 02:00:00,4.358,-4.085,0.764,0.979
2021-11-03 03:00:00,4.208,-3.885,1.399,0.284
2021-11-03 04:00:00,4.015,-3.789,0.908,0.215
2021-11-03 05:00:00,3.771,-3.39,1.453,0.252
2021-11-03 06:00:00,3.692,-3.41,1.124,-0.196
2021-11-03 07:00:00,3.515,-3.293,-0.212,-0.395
2021-11-03 08:00:00,3.372,-3.16,-0.674,0.312
2021-11-03 09:00:00,3.35,-3.058,0.626,0.81
2021-11-03 10:00:00,3.179,-2.698,1.364,0.147
2021-11-03 11:00:00,3.098,-2.041,2.223,-0.19
2021-11-03 12:00:00,2.844,-0.736,2.452,-0.567
2021-11-03 13:00:00,2.963,-2.287,1.658,-0.34
2021-11-03 14:00:00,2.851,-2.276,1.535,-0.215
2021-11-03 15:00:00,2.725,-1.56,2.126,-0.071
2021-11-03 16:00:00,3.148,-1.645,2.582,0.334
2021-11-03 17:00:00,3.128,-1.101,2.663,0.833
2021-11-03 18:00:00,2.465,-0.547,2.226,0.343
2021-11-03 19:00:00,6.656,-3.613,3.944,0.45
2021-11-03 20:00:00,16.616,3.97,9.427,-6.385
2021-11-03 21:00:00,15.432,-2.318,7.551,1.114
2021-11-03 22:00:00,16.157,-7.093,2.537,10.816
2021-11-03 23:00:00,18.894,-1.326,8.221,8.438
2021-11-04 00:00:00,20.12,15.538,10.461,-4.364
2021-11-04 01:00:00,18.81,9.76,13.812,6.997
2021-11-04 02:00:00,16.87,5.432,13.833,6.165
2021-11-04 03:00:00,18.167,0.244,16.695,6.072
2021-11-04 04:00:00,16.02,5.339,12.341,-0.301
2021-11-04 05:00:00,14.189,3.626,10.164,-7.748
2021-11-04 06:00:00,19.035,4.928,13.033,-6.903
2021-11-04 07:00:00,22.937,13.335,8.247,-13.189
2021-11-04 08:00:00,21.732,3.206,11.815,-5.045
2021-11-04 09:00:00,21.208,-8.137,17.914,4.539
2021-11-04 10:00:00,17.655,-3.286,16.455,0.306
2021-11-04 11:00:00,14.26,-1.977,12.817,-0.666
2021-11-04 12:00:00,14.155,-8.662,9.304,6.08
2021-11-04 13:00:00,14.349,-8.97,8.643,7.044
2021-11-04 14:00:00,15.223,-9.896,8.958,7.213
2021-11-04 15:00:00,15.53,-10.514,7.869,8.118
2021-11-04 16:00:00,15.457,-11.024,5.635,8.96
2021-11-04 17:00:00,15.709,-11.419,6.742,8.142
2021-11-04 18:00:00,15.555,-11.921,3.507,9.198
2021-11-04 19:00:00,15.414,-11.077,3.279,9.981
2021-11-04 20:00:00,14.867,-10.255,4.326,9.673
2021-11-04 21:00:00,14.258,-9.303,3.571,10.056
2021-11-04 22:00:00,13.958,-7.019,3.38,11.455
2021-11-04 23:00:00,13.573,-6.817,1.589,11.572
2021-11-05 00:00:00,13.572,-7.209,0.792,11.394
2021-11-05 01:00:00,13.78,-7.493,0.352,11.52
2021-11-05 02:00:00,13.872,-7.68,-1.896,11.232
2021-11-05 03:00:00,13.353,-5.725,-6.26,10.117
2021-11-05 04:00:00,9.663,-0.116,-7.571,4.301
2021-11-05 05:00:00,7.197,2.392,-5.341,3.33
2021-11-05 06:00:00,7.745,2.468,-6.518,3.19
2021-11-05 07:00:00,8.357,1.719,-7.574,2.909
2021-11-05 08:00:00,8.07,3.168,-6.308,3.571
2021-11-05 09:00:00,7.498,1.286,-6.283,3.8
2021-11-05 10:00:00,7.802,1.97,-6.237,3.995
2021-11-05 11:00:00,8.766,4.205,-6.755,3.422
2021-11-05 12:00:00,7.641,5.573,-4.854,0.133
2021-11-05 13:00:00,6.691,4.974,-3.231,-0.787
2021-11-05 14:00:00,5.164,-4.083,2.358,0.05
2021-11-05 15:00:00,4.241,-2.006,1.382,0.614
2021-11-05 16:00:00,3.241,2.53,0.469,0.272
2021-11-05 17:00:00,3.372,-2.184,1.824,1.287
2021-11-05 18:00:00,3.21,-2.859,1.216,0.384
2021-11-05 19:00:00,3.378,-2.985,1.305,-0.095
2021-11-05 20:00:00,4.497,-3.345,2.574,0.77
2021-11-05 21:00:00,4.381,-3.34,2.147,1.413
2021-11-05 22:00:00,4.324,-3.209,1.579,2.279
2021-11-05 23:00:00,6.484,-1.267,0.386,5.602
2021-11-06 00:00:00,8.319,2.864,-4.18,5.29
2021-11-06 01:00:00,4.246,2.544,-1.43,-0.052
2021-11-06 02:00:00,5.301,4.112,-3.219,0.163
2021-11-06 03:00:00,3.662,2.147,-2.545,-0.086
2021-11-06 04:00:00,2.645,0.63,-1.1,-1.854
2021-11-06 05:00:00,1.874,-0.129,-0.151,-0.504
2021-11-06 06:00:00,2.086,0.009,-1.834,-0.661
2021-11-06 07:00:00,2.234,1.074,-1.372,-0.616
2021-11-06 08:00:00,3.12,2.422,-1.111,-1.12
2021-11-06 09:00:00,2.073,-0.016,-0.636,-0.05
2021-11-06 10:00:00,3.014,2.073,-1.335,-0.996
2021-11-06 11:00:00,4.638,2.539,-3.595,-0.021
2021-11-06 12:00:00,4.591,2.643,-3.412,-0.886
2021-11-06 13:00:00,4.159,2.266,-1.388,-2.22
2021-11-06 14:00:00,3.854,0.058,1.043,-3.049
2021-11-06 15:00:00,4.305,3.861,-0.736,-0.286
2021-11-06 16:00:00,4.228,2.341,0.114,-3.22
2021-11-06 17:00:00,4.312,2.517,-0.465,-3.209
2021-11-06 18:00:00,4.329,0.262,-2.032,-3.514
2021-11-06 19:00:00,4.104,0.106,-2.83,-2.407
2021-11-06 20:00:00,4.094,-1.036,-2.403,-2.47
2021-11-06 21:00:00,3.616,-1.354,-2.858,-0.78
2021-11-06 22:00:00,3.672,-2.285,-2.624,-0.247
2021-11-06 23:00:00,4.142,-3.123,-1.882,-0.378
2021-11-07 00:00:00,3.703,-0.754,-0.425,-0.056
2021-11-07 01:00:00,4.525,-1.372,-4.035,0.013
2021-11-07 02:00:00,4.655,-1.914,-4.199,-0.055
2021-11-07 03:00:00,4.333,0.405,-3.739,0.681
2021-11-07 04:00:00,4.635,-0.182,-4.41,0.516
2021-11-07 05:00:00,4.38,0.762,-3.697,0.402
2021-11-07 06:00:00,4.384,1.594,-3.157,0.603
2021-11-07 07:00:00,4.575,4.123,-1.38,0.247
2021-11-07 08:00:00,4.753,4.439,-0.543,1.234
2021-11-07 09:00:00,4.587,3.945,-1.736,1.224
2021-11-07 10:00:00,4.176,3.358,-1.297,-0.063
2021-11-07 11:00:00,4.264,3.549,-1.432,0.716
2021-11-07 12:00:00,4.262,2.909,-2.732,0.973
2021-11-07 13:00:00,4.111,3.352,-0.488,0.984
2021-11-07 14:00:00,3.942,3.427,-0.191,0.09
2021-11-07 15:00:00,4.057,3.635,-1.397,0.735
2021-11-07 16:00:00,4.117,3.675,-1.714,0.139
2021-11-07 17:00:00,4.067,2.666,-2.234,0.775
2021-11-07 18:00:00,3.953,0.952,-3.23,1.738
2021-11-07 19:00:00,3.891,1.616,-3.073,0.846
2021-11-07 20:00:00,3.905,1.743,-2.866,1.506
2021-11-07 21:00:00,4.059,2.126,-3.054,1.262
2021-11-07 22:00:00,4.231,2.696,-2.921,0.926
2021-11-07 23:00:00,4.504,3.501,-2.655,0.593
2021-11-08 00:00:00,4.395,2.943,-2.828,0.742
2021-11-08 01:00:00,4.309,1.611,-3.466,1.695
2021-11-08 02:00:00,4.53,2.341,-3.754,0.335
2021-11-08 03:00:00,4.582,1.473,-3.773,1.815
2021-11-08 04:00:00,4.573,2.877,-2.301,2.336
2021-11-08 05:00:00,4.76,2.113,-4.006,0.845
2021-11-08 06:00:00,4.708,2.601,-3.654,1.017
2021-11-08 07:00:00,4.654,3.021,-2.598,1.536
2021-11-08 08:00:00,4.441,2.793,-3.084,0.268
2021-11-08 09:00:00,4.406,3.76,-1.638,1.245
2021-11-08 10:00:00,3.575,3.253,-0.113,1.236
2021-11-08 11:00:00,3.44,2.349,0.683,2.01
2021-11-08 12:00:00,4.448,3.725,0.856,1.045
2021-11-08 13:00:00,4.86,2.508,-2.861,2.636
2021-11-08 14:00:00,5.151,4.301,-2.198,1.457
2021-11-08 15:00:00,5.024,4.062,-2.651,-0.241
2021-11-08 16:00:00,4.546,2.165,-1.993,-1.21
2021-11-08 17:00:00,3.178,1.068,-1.278,-1.064
2021-11-08 18:00:00,3.491,1.41,-1.839,-1.631
2021-11-08 19:00:00,4.55,2.266,-2.346,-2.677
2021-11-08 20:00:00,3.854,1.09,0.267,-3.509
2021-11-08 21:00:00,2.887,0.231,1.152,-1.884
2021-11-08 22:00:00,2.822,0.892,-0.685,-2.041
2021-11-08 23:00:00,4.501,2.251,-3.348,0.033
2021-11-09 00:00:00,4.473,-1.16,-1.326,3.538
2021-11-09 01:00:00,5.444,-4.143,2.298,2.332
2021-11-09 02:00:00,5.278,-4.063,2.969,-0.675
2021-11-09 03:00:00,4.842,-2.984,3.179,-1.652
2021-11-09 04:00:00,4.532,-2.459,3.458,-1.298
2021-11-09 05:00:00,4.283,-2.029,3.074,-1.475
2021-11-09 06:00:00,4.302,-2.08,3.568,-0.121
2021-11-09 07:00:00,4.346,-2.382,3.341,-0.019
2021-11-09 08:00:00,4.189,-2.495,1.953,-1.305
2021-11-09 09:00:00,3.768,-1.965,2.798,-1.099
2021-11-09 10:00:00,4.154,-3.678,1.776,0.064
2021-11-09 11:00:00,4.133,-3.995,0.389,0.168
2021-11-09 12:00:00,3.978,-3.755,-0.759,0.217
2021-11-09 13:00:00,3.893,-3.625,-0.044,-0.423
2021-11-09 14:00:00,3.794,-3.467,-1.268,-0.327
2021-11-09 15:00:00,3.752,-3.202,-0.092,0.377
2021-11-09 16:00:00,4.013,-2.685,2.549,0.552
2021-11-09 17:00:00,4.227,-1.499,3.568,0.375
2021-11-09 18:00:00,4.894,-0.113,-0.736,-4.053
2021-11-09 19:00:00,5.177,-0.241,0.36,-3.331
2021-11-09 20:00:00,4.891,-2.716,0.982,-0.202
2021-11-09 21:00:00,5.214,-2.196,2.954,1.249
2021-11-09 22:00:00,5.942,-1.645,0.846,-4.971
2021-11-09 23:00:00,5.424,-1.19,-1.141,-3.867
2021-11-10 00:00:00,4.615,0.325,0.463,1.667
2021-11-10 01:00:00,4.699,-0.111,-0.5,2.217
2021-11-10 02:00:00,4.956,-0.478,2.215,3.705
2021-11-10 03:00:00,4.809,-1.188,3.672,-0.47
2021-11-10 04:00:00,4.653,-0.099,0.912,2.015
2021-11-10 05:00:00,4.371,-1.379,1.525,-2.638
2021-11-10 06:00:00,5.456,-1.498,-0.705,-4.616
2021-11-10 07:00:00,4.986,-0.317,-3.384,-1.663
2021-11-10 08:00:00,4.691,-3.687,-0.517,-2.199
2021-11-10 09:00:00,4.356,-3.051,1.6,0.722
2021-11-10 10:00:00,4.262,-1.864,1.103,1.912
2021-11-10 11:00:00,4.307,-0.023,2.933,-0.214
2021-11-10 12:00:00,3.96,-1.505,1.405,2.802
2021-11-10 13:00:00,4.089,-2.193,0.977,2.694
2021-11-10 14:00:00,4.394,-3.368,1.496,1.996
2021-11-10 15:00:00,4.478,-3.678,0.201,2.311
2021-11-10 16:00:00,4.059,-2.543,-0.755,1.795
2021-11-10 17:00:00,4.105,-3.765,-0.551,0.437
2021-11-10 18:00:00,4.319,-3.887,-0.718,-0.701
2021-11-10 19:00:00,3.867,-0.795,0.312,2.841
2021-11-10 20:00:00,4.031,0.855,-1.264,2.274
2021-11-10 21:00:00,4.075,-3.247,2.201,0.067
2021-11-10 22:00:00,4.028,-3.406,1.222,0.54
2021-11-10 23:00:00,3.721,-3.188,-1.162,0.616
2021-11-11 00:00:00,4.163,-3.979,-0.058,0.732
2021-11-11 01:00:00,4.039,-3.904,-0.096,0.863
2021-11-11 02:00:00,4.254,-4.2,0.028,0.232
2021-11-11 03:00:00,4.23,-4.172,-0.164,0.375
2021-11-11 04:00:00,4.274,-4.171,0.563,0.491
2021-11-11 05:00:00,4.724,-4.59,0.74,-0.404
2021-11-11 06:00:00,4.51,-4.324,0.64,-0.884
2021-11-11 07:00:00,4.579,-4.169,0.926,-1.479
2021-11-11 08:00:00,4.834,-4.649,0.753,-0.356
2021-11-11 09:00:00,5.269,-4.52,2.452,-0.802
2021-11-11 10:00:00,5.559,-4.799,2.687,-0.534
2021-11-11 11:00:00,4.521,-3.776,1.993,-1.208
2021-11-11 12:00:00,4.423,-3.883,1.537,-0.962
2021-11-11 13:00:00,3.599,-1.025,-0.049,0.158
2021-11-11 14:00:00,2.695,-1.948,-0.521,1.638
2021-11-11 15:00:00,3.022,-0.309,-1.269,1.996
2021-11-11 16:00:00,3.667,2.682,-1.205,1.004
2021-11-11 17:00:00,5.338,4.005,-1.889,2.6
2021-11-11 18:00:00,5.517,4.565,-1.48,2.575
2021-11-11 19:00:00,5.35,4.33,-2.399,1.793
2021-11-11 20:00:00,5.974,4.825,-3.282,0.02
2021-11-11 21:00:00,6.007,4.774,-3.3,-0.1
2021-11-11 22:00:00,5.492,3.745,-2.984,2.078
2021-11-11 23:00:00,5.741,3.448,-3.27,2.341
2021-11-12 00:00:00,5.97,3.013,-3.66,-3.172
2021-11-12 01:00:00,6.327,3.108,-5.093,-1.233
2021-11-12 02:00:00,6.446,3.27,-5.386,0.419
2021-11-12 03:00:00,6.446,5.301,-1.946,-0.824
2021-11-12 04:00:00,5.073,2.876,0.493,2.745
2021-11-12 05:00:00,4.949,1.765,-4.23,0.692
2021-11-12 06:00:00,4.643,1.213,-3.464,1.617
2021-11-12 07:00:00,3.804,0.799,-2.046,1.895
2021-11-12 08:00:00,4.743,3.126,-3.182,0.412
2021-11-12 09:00:00,5.213,4.07,-3.055,-0.73
2021-11-12 10:00:00,5.265,3.894,-3.404,-0.244
2021-11-12 11:00:00,4.939,2.78,-3.528,0.854
2021-11-12 12:00:00,4.668,3.074,-3.153,0.898
2021-11-12 13:00:00,4.721,4.234,-0.542,0.982
2021-11-12 14:00:00,4.646,3.986,-0.381,1.535
2021-11-12 15:00:00,4.825,4.454,0.883,1.102
2021-11-12 16:00:00,4.747,4.437,-1.251,0.672
2021-11-12 17:00:00,4.671,4.557,-0.767,-0.116
2021-11-12 18:00:00,4.75,4.36,-1.632,0.361
2021-11-12 19:00:00,4.982,4.37,-2.148,-0.749
2021-11-12 20:00:00,5.068,4.351,-2.082,-0.997
2021-11-12 21:00:00,4.835,4.5,-1.3,-0.774
2021-11-12 22:00:00,4.908,4.252,-2.112,-1.017
2021-11-12 23:00:00,4.742,4.408,-1.407,-0.62
2021-11-13 00:00:00,4.753,4.08,-1.798,-1.076
2021-11-13 01:00:00,4.885,4.365,-1.891,-0.681
2021-11-13 02:00:00,4.872,3.675,-2.924,-0.612
2021-11-13 03:00:00,3.822,0.804,-3.275,-0.835
2021-11-13 04:00:00,3.959,0.116,-3.276,-1.543
2021-11-13 05:00:00,4.204,1.978,-2.546,-1.827
2021-11-13 06:00:00,4.431,2.851,-2.759,-1.211
2021-11-13 07:00:00,3.94,1.106,-3.51,-0.733
2021-11-13 08:00:00,4.107,0.9,-3.628,-1.265
2021-11-13 09:00:00,3.788,0.114,-3.288,-0.38
2021-11-13 10:00:00,3.867,0.5,-3.256,-0.193
2021-11-13 11:00:00,3.881,1.303,-3.246,-1.283
2021-11-13 12:00:00,3.504,0.24,-3.083,-0.182
2021-11-13 13:00:00,3.777,-0.826,-3.004,0.683
2021-11-13 14:00:00,3.138,-2.411,-1.168,0.44
2021-11-13 15:00:00,2.983,1.663,0.666,-0.034
2021-11-13 16:00:00,2.976,-0.85,-0.8,1.287
2021-11-13 17:00:00,4.228,-2.531,-3.232,-0.325
2021-11-13 18:00:00,4.567,-2.006,-3.491,-1.864
2021-11-13 19:00:00,4.297,-2.033,-3.499,-1.21
2021-11-13 20:00:00,3.899,-0.742,-3.32,-0.795
2021-11-13 21:00:00,3.712,2.812,-1.063,1.094
2021-11-13 22:00:00,4.045,3.535,0.042,-1.409
2021-11-13 23:00:00,4.242,3.155,-1.68,-1.257
2021-11-14 00:00:00,4.417,0.477,-3.598,-1.484
2021-11-14 01:00:00,4.582,-0.182,-3.562,-0.283
2021-11-14 02:00:00,4.693,2.635,-2.108,-2.723
2021-11-14 03:00:00,4.54,2.195,-3.315,-0.371
2021-11-14 04:00:00,4.039,1.474,-3.437,1.235
2021-11-14 05:00:00,3.561,1.355,-2.93,0.409
2021-11-14 06:00:00,3.321,1.452,-2.451,-0.714
2021-11-14 07:00:00,2.145,-0.056,-0.032,-1.914
2021-11-14 08:00:00,2.788,0.405,-1.654,-1.262
2021-11-14 09:00:00,3.465,0.512,-2.719,-1.564
2021-11-14 10:00:00,3.199,-0.317,-1.418,-2.476
2021-11-14 11:00:00,3.024,0.972,-0.867,-2.453
2021-11-14 12:00:00,3.252,1.145,-1.925,-2.144
2021-11-14 13:00:00,2.814,0.065,-1.621,-1.701
2021-11-14 14:00:00,4.258,0.422,-2.97,-2.87
2021-11-14 15:00:00,3.652,0.741,-1.477,-2.962
2021-11-14 16:00:00,3.556,1.471,-1.979,-2.431
2021-11-14 17:00:00,3.389,0.791,-1.929,-2.602
2021-11-14 18:00:00,3.246,1.027,-1.553,-2.611
2021-11-14 19:00:00,3.205,0.208,-2.147,-2.29
2021-11-14 20:00:00,2.88,0.603,-1.748,-2.019
2021-11-14 21:00:00,3.163,0.611,-2.159,-2.05
2021-11-14 22:00:00,2.993,0.585,-2.501,-1.428
2021-11-14 23:00:00,2.9,1.34,-2.203,-1.131
2021-11-15 00:00:00,3.166,2.052,-1.839,-1.043
2021-11-15 01:00:00,3.409,2.266,-1.584,-0.488
2021-11-15 02:00:00,3.248,1.49,-2.47,0.727
2021-11-15 03:00:00,2.918,0.974,-2.475,-0.493
2021-11-15 04:00:00,3.11,1.228,-2.095,-0.982
2021-11-15 05:00:00,2.682,-0.541,0.781,-2.164
2021-11-15 06:00:00,3.535,0.906,-2.714,0.115
2021-11-15 07:00:00,4.726,1.326,-4.18,1.52
2021-11-15 08:00:00,4.034,0.393,-2.259,2.232
2021-11-15 09:00:00,3.966,-0.238,-3.0,0.873
2021-11-15 10:00:00,3.556,0.975,-2.322,1.834
2021-11-15 11:00:00,4.002,-1.495,3.25,-1.247
2021-11-15 12:00:00,4.009,-1.973,1.143,-1.349
2021-11-15 13:00:00,5.188,-1.488,4.249,-1.893
2021-11-15 14:00:00,5.935,-3.799,3.017,-2.711
2021-11-15 15:00:00,6.478,-3.407,-4.293,-0.964
2021-11-15 16:00:00,5.866,-1.047,1.123,0.958
2021-11-15 17:00:00,7.87,-0.823,5.776,2.603
2021-11-15 18:00:00,13.847,-3.721,12.673,1.946
2021-11-15 19:00:00,16.763,-6.707,11.005,-2.564
2021-11-15 20:00:00,16.073,4.224,-11.034,6.598
2021-11-15 21:00:00,21.405,12.675,4.092,12.741
2021-11-15 22:00:00,15.935,0.359,10.664,-0.348
2021-11-15 23:00:00,9.521,1.346,0.979,2.25
2021-11-16 00:00:00,9.403,6.58,0.345,2.816
2021-11-16 01:00:00,7.781,5.446,-1.518,3.388
2021-11-16 02:00:00,7.707,1.3,-5.043,-3.203
2021-11-16 03:00:00,6.667,1.679,-2.635,-4.092
2021-11-16 04:00:00,7.187,4.249,-2.976,1.946
2021-11-16 05:00:00,5.645,1.779,-2.542,1.335
2021-11-16 06:00:00,5.826,4.648,-2.141,1.69
2021-11-16 07:00:00,8.085,4.018,-5.083,2.949
2021-11-16 08:00:00,8.576,3.908,-5.461,-1.656
2021-11-16 09:00:00,8.451,4.611,-5.684,-1.118
2021-11-16 10:00:00,5.901,3.378,-4.481,0.613
2021-11-16 11:00:00,4.489,1.333,-3.314,-0.23
2021-11-16 12:00:00,3.522,0.763,-2.705,-0.879
2021-11-16 13:00:00,4.17,2.536,-1.681,-0.493
2021-11-16 14:00:00,4.808,1.976,-0.516,-1.246
2021-11-16 15:00:00,4.544,3.397,0.756,-0.488
2021-11-16 16:00:00,4.327,1.669,-2.719,1.995
2021-11-16 17:00:00,4.567,1.176,-3.132,2.697
2021-11-16 18:00:00,4.826,3.14,-0.453,1.753
2021-11-16 19:00:00,4.582,1.242,-2.325,2.034
2021-11-16 20:00:00,6.217,5.51,-1.937,1.429
2021-11-16 21:00:00,6.576,4.878,-2.453,1.545
2021-11-16 22:00:00,6.448,0.258,-5.653,-1.798
2021-11-16 23:00:00,6.922,3.086,-4.594,-0.634
2021-11-17 00:00:00,7.1,4.09,-3.995,-0.587
2021-11-17 01:00:00,6.583,3.819,-3.071,1.529
2021-11-17 02:00:00,6.592,5.213,-1.297,0.278
2021-11-17 03:00:00,6.301,2.165,-5.281,0.935
2021-11-17 04:00:00,5.716,2.654,-3.876,-0.271
2021-11-17 05:00:00,5.866,3.521,-2.391,-2.159
2021-11-17 06:00:00,6.499,3.227,-5.076,-0.336
2021-11-17 07:00:00,6.242,2.563,-4.925,0.187
2021-11-17 08:00:00,5.976,3.912,-1.488,-2.558
2021-11-17 09:00:00,4.606,1.373,-2.166,0.689
2021-11-17 10:00:00,4.452,3.053,-1.119,0.982
2021-11-17 11:00:00,4.57,3.653,-1.826,0.413
2021-11-17 12:00:00,5.071,2.06,-3.341,1.301
2021-11-17 13:00:00,4.769,2.506,-3.606,0.465
2021-11-17 14:00:00,4.258,2.128,-1.165,2.33
2021-11-17 15:00:00,4.108,1.72,-2.248,1.233
2021-11-17 16:00:00,3.954,2.12,-1.215,-0.048
2021-11-17 17:00:00,4.006,3.315,-0.289,0.591
2021-11-17 18:00:00,3.88,2.926,-0.962,0.884
2021-11-17 19:00:00,4.328,3.95,-0.381,0.987
2021-11-17 20:00:00,4.298,3.93,1.025,1.039
2021-11-17 21:00:00,4.316,4.032,1.063,0.301
2021-11-17 22:00:00,4.372,3.572,1.259,1.632
2021-11-17 23:00:00,4.56,2.316,-1.462,0.612
2021-11-18 00:00:00,4.985,4.432,-0.26,2.037
2021-11-18 01:00:00,5.057,4.524,-1.793,0.279
2021-11-18 02:00:00,4.926,4.671,-0.068,0.913
2021-11-18 03:00:00,4.198,0.893,-0.312,-0.444
2021-11-18 04:00:00,4.322,-2.961,-1.679,-2.32
2021-11-18 05:00:00,3.708,-1.56,-1.798,-1.866
2021-11-18 06:00:00,4.0,1.101,-2.138,-0.905
2021-11-18 07:00:00,4.211,2.426,-1.611,-0.88
2021-11-18 08:00:00,4.312,3.921,-1.43,-0.43
2021-11-18 09:00:00,4.449,4.249,-0.344,0.649
2021-11-18 10:00:00,4.362,4.115,-0.575,1.06
2021-11-18 11:00:00,4.153,3.236,-1.584,-0.038
2021-11-18 12:00:00,3.966,3.642,-0.238,0.863
2021-11-18 13:00:00,3.689,3.485,-0.153,1.022
2021-11-18 14:00:00,3.408,3.268,-0.471,-0.403
2021-11-18 15:00:00,3.129,2.958,-0.467,-0.698
2021-11-18 16:00:00,3.059,2.986,-0.203,-0.283
2021-11-18 17:00:00,3.255,3.193,-0.268,-0.177
2021-11-18 18:00:00,3.444,3.129,-1.21,-0.506
2021-11-18 19:00:00,3.607,3.276,-1.332,-0.365
2021-11-18 20:00:00,3.648,3.147,-1.252,-0.982
2021-11-18 21:00:00,3.799,3.441,-1.043,-1.02
2021-11-18 22:00:00,3.622,3.148,-0.863,-0.952
2021-11-18 23:00:00,4.097,3.993,-0.135,0.602
2021-11-19 00:00:00,4.335,4.038,-0.468,1.279
2021-11-19 01:00:00,3.997,3.227,-1.389,0.301
2021-11-19 02:00:00,3.241,1.516,-2.028,0.09
2021-11-19 03:00:00,3.218,1.622,-1.853,-0.11
2021-11-19 04:00:00,3.913,3.444,-0.767,1.032
2021-11-19 05:00:00,3.477,2.403,0.252,0.691
2021-11-19 06:00:00,3.823,3.343,0.176,1.406
2021-11-19 07:00:00,4.097,3.626,0.58,1.672
2021-11-19 08:00:00,3.825,3.486,0.224,1.322
2021-11-19 09:00:00,3.415,3.043,-0.925,0.931
2021-11-19 10:00:00,3.065,2.343,-0.474,-1.287
2021-11-19 11:00:00,3.345,2.653,-0.938,-0.874
2021-11-19 12:00:00,2.93,2.359,-1.03,-0.56
2021-11-19 13:00:00,3.209,-0.63,-2.233,-1.463
2021-11-19 14:00:00,3.422,1.914,-2.529,-0.158
2021-11-19 15:00:00,3.395,2.027,-2.226,-0.252
2021-11-19 16:00:00,3.788,2.934,-1.326,-1.312
2021-11-19 17:00:00,4.198,3.115,-2.094,-1.293
2021-11-19 18:00:00,4.448,3.74,-1.849,0.374
2021-11-19 19:00:00,4.745,3.79,-2.665,0.259
2021-11-19 20:00:00,4.985,2.133,-3.948,-1.42
2021-11-19 21:00:00,4.988,1.153,-3.986,-1.218
2021-11-19 22:00:00,4.469,2.984,-2.485,-0.724
2021-11-19 23:00:00,4.495,2.331,-0.905,-1.253
2021-11-20 00:00:00,5.276,4.045,-1.451,2.455
2021-11-20 01:00:00,5.696,5.024,-1.018,2.322
2021-11-20 02:00:00,6.207,5.617,-1.695,1.614
2021-11-20 03:00:00,6.227,5.876,-1.332,0.111
2021-11-20 04:00:00,7.418,6.016,-0.557,2.868
2021-11-20 05:00:00,7.614,5.931,-3.907,-0.721
2021-11-20 06:00:00,8.2,4.274,-4.814,-2.209
2021-11-20 07:00:00,7.837,6.173,-4.231,-1.329
2021-11-20 08:00:00,7.513,5.381,-2.965,2.381
2021-11-20 09:00:00,7.283,4.7,-4.683,-1.752
2021-11-20 10:00:00,5.809,3.463,-0.886,-1.456
2021-11-20 11:00:00,5.696,3.69,-3.057,-0.884
2021-11-20 12:00:00,4.974,3.842,-2.332,0.385
2021-11-20 13:00:00,4.54,3.378,-0.935,-0.248
2021-11-20 14:00:00,4.45,3.156,0.152,-2.07
2021-11-20 15:00:00,4.999,3.351,2.696,-0.468
2021-11-20 16:00:00,5.321,3.611,0.282,1.347
2021-11-20 17:00:00,5.51,3.221,0.843,2.593
2021-11-20 18:00:00,5.278,3.108,-3.233,-0.584
2021-11-20 19:00:00,5.971,4.863,-2.434,-1.038
2021-11-20 20:00:00,6.235,5.244,-2.648,-0.336
2021-11-20 21:00:00,5.446,2.605,-1.419,-0.22
2021-11-20 22:00:00,5.971,5.339,-0.883,2.023
2021-11-20 23:00:00,5.374,3.834,-2.838,-1.134
2021-11-21 00:00:00,5.434,3.477,-2.926,-1.424
2021-11-21 01:00:00,7.346,4.102,-4.292,-1.402
2021-11-21 02:00:00,7.193,3.105,-5.477,-1.684
2021-11-21 03:00:00,8.073,5.895,-5.295,0.654
2021-11-21 04:00:00,8.186,6.065,-3.334,2.35
2021-11-21 05:00:00,7.587,4.157,-5.391,1.498
2021-11-21 06:00:00,6.893,3.036,0.452,3.097
2021-11-21 07:00:00,6.74,4.227,-0.171,3.508
2021-11-21 08:00:00,5.62,1.856,-2.698,-0.628
2021-11-21 09:00:00,4.996,0.899,-1.71,2.753
2021-11-21 10:00:00,5.236,1.898,-3.547,-1.715
2021-11-21 11:00:00,5.198,1.99,-3.205,-2.246
2021-11-21 12:00:00,4.939,4.265,-0.926,0.91
2021-11-21 13:00:00,4.991,3.688,-0.825,-1.749
2021-11-21 14:00:00,5.353,4.249,-0.084,1.382
2021-11-21 15:00:00,5.207,2.761,1.052,2.286
2021-11-21 16:00:00,5.187,1.519,-2.81,0.473
2021-11-21 17:00:00,5.414,2.711,-3.674,-0.454
2021-11-21 18:00:00,5.226,0.61,-2.984,2.209
2021-11-21 19:00:00,6.363,1.914,-4.787,1.391
2021-11-21 20:00:00,5.682,4.898,-0.969,2.265
2021-11-21 21:00:00,4.17,1.847,-2.787,-0.51
2021-11-21 22:00:00,4.206,0.182,-2.745,-1.156
2021-11-21 23:00:00,3.762,-0.705,-2.517,-0.705
2021-11-22 00:00:00,3.763,-0.452,-3.208,0.089
2021-11-22 01:00:00,3.592,3.147,-0.48,-0.071
2021-11-22 02:00:00,3.523,1.908,-1.178,-1.104
2021-11-22 03:00:00,3.876,1.339,-1.276,-1.188
2021-11-22 04:00:00,4.105,2.931,-1.142,-0.048
2021-11-22 05:00:00,3.944,0.805,-1.716,2.56
2021-11-22 06:00:00,4.013,1.516,-2.062,1.967
2021-11-22 07:00:00,4.268,3.486,-0.971,2.113
2021-11-22 08:00:00,4.12,2.89,-1.241,2.017
2021-11-22 09:00:00,2.943,0.949,-0.938,0.599
2021-11-22 10:00:00,3.025,2.749,-0.413,0.385
2021-11-22 11:00:00,2.97,2.129,-0.697,-0.806
2021-11-22 12:00:00,2.953,1.325,-1.665,0.697
2021-11-22 13:00:00,2.913,-0.584,-2.073,-0.407
2021-11-22 14:00:00,3.585,-3.274,-0.49,-0.933
2021-11-22 15:00:00,3.143,0.891,-1.52,-0.43
2021-11-22 16:00:00,2.6,0.843,-1.217,-0.909
2021-11-22 17:00:00,2.386,-1.52,-0.405,-1.389
2021-11-22 18:00:00,2.813,-1.199,-1.471,-1.108
2021-11-22 19:00:00,2.571,0.76,-0.017,-1.148
2021-11-22 20:00:00,3.302,1.951,1.924,-0.517
2021-11-22 21:00:00,3.491,2.494,-0.479,-1.737
2021-11-22 22:00:00,2.85,1.78,0.097,-1.239
2021-11-22 23:00:00,3.865,3.326,0.323,0.974
2021-11-23 00:00:00,3.702,3.051,-0.921,1.316
2021-11-23 01:00:00,4.112,3.803,0.435,1.05
2021-11-23 02:00:00,3.464,3.114,-0.631,-0.25
2021-11-23 03:00:00,3.271,2.86,-0.075,0.572
2021-11-23 04:00:00,3.44,0.173,-2.502,-0.157
2021-11-23 05:00:00,5.054,2.735,-3.427,1.429
2021-11-23 06:00:00,5.186,3.491,-1.483,2.485
2021-11-23 07:00:00,4.845,3.401,2.887,-0.379
2021-11-23 08:00:00,4.486,3.291,1.881,-1.352
2021-11-23 09:00:00,4.642,3.684,2.244,-0.124
2021-11-23 10:00:00,4.135,2.855,1.653,1.497
2021-11-23 11:00:00,3.573,0.909,-0.573,-1.224
2021-11-23 12:00:00,3.576,0.181,-2.61,-1.744
2021-11-23 13:00:00,3.721,-0.897,-2.502,-1.269
2021-11-23 14:00:00,4.088,-0.768,-1.932,-3.026
2021-11-23 15:00:00,3.8,1.317,-1.353,-2.207
2021-11-23 16:00:00,3.855,2.625,-1.211,-1.302
2021-11-23 17:00:00,3.671,2.164,-1.501,-0.448
2021-11-23 18:00:00,4.133,3.28,-2.067,-0.294
2021-11-23 19:00:00,4.371,1.288,-3.306,-1.268
2021-11-23 20:00:00,4.306,1.367,-3.303,-0.568
2021-11-23 21:00:00,4.383,2.637,-3.032,-0.636
2021-11-23 22:00:00,4.286,3.776,-1.026,-0.414
2021-11-23 23:00:00,4.35,2.803,-0.905,0.897
2021-11-24 00:00:00,4.297,3.13,-1.639,-0.618
2021-11-24 01:00:00,4.253,2.778,-2.219,0.583
2021-11-24 02:00:00,4.195,2.489,-1.624,1.507
2021-11-24 03:00:00,4.337,2.571,1.854,1.53
2021-11-24 04:00:00,4.496,0.972,-2.567,0.234
2021-11-24 05:00:00,4.451,0.376,-4.12,-0.281
2021-11-24 06:00:00,4.218,2.01,1.473,1.26
2021-11-24 07:00:00,4.621,0.883,-3.541,0.453
2021-11-24 08:00:00,4.705,-0.189,-4.135,-1.173
2021-11-24 09:00:00,4.27,3.836,-1.224,0.16
2021-11-24 10:00:00,4.367,3.785,-0.451,1.646
2021-11-24 11:00:00,4.389,4.081,0.497,1.009
2021-11-24 12:00:00,4.382,3.796,-0.169,1.135
2021-11-24 13:00:00,4.386,3.009,-0.77,2.243
2021-11-24 14:00:00,4.491,-0.254,-3.729,0.255
2021-11-24 15:00:00,4.375,0.1,-3.739,0.09
2021-11-24 16:00:00,4.154,0.603,-3.406,1.075
2021-11-24 17:00:00,4.557,0.225,0.04,3.766
2021-11-24 18:00:00,3.808,0.561,-2.196,1.687
2021-11-24 19:00:00,4.0,2.865,-0.783,1.085
2021-11-24 20:00:00,3.768,1.495,-2.413,0.077
2021-11-24 21:00:00,4.125,-1.865,-3.379,-0.235
2021-11-24 22:00:00,4.318,-0.993,-3.885,-0.604
2021-11-24 23:00:00,4.323,1.662,-3.638,-0.438
2021-11-25 00:00:00,4.766,0.31,-2.967,-0.909
2021-11-25 01:00:00,3.799,3.0,-0.457,1.336
2021-11-25 02:00:00,3.825,-1.35,0.503,-2.696
2021-11-25 03:00:00,4.168,-1.996,-1.976,-2.752
2021-11-25 04:00:00,3.78,2.47,0.004,-0.552
2021-11-25 05:00:00,3.433,1.637,-0.812,-2.571
2021-11-25 06:00:00,3.361,-0.395,-1.359,-2.008
2021-11-25 07:00:00,3.792,-0.382,-2.198,-1.781
2021-11-25 08:00:00,3.939,0.522,-3.083,-1.604
2021-11-25 09:00:00,4.119,1.162,-3.787,-0.17
2021-11-25 10:00:00,3.986,1.759,-3.188,0.056
2021-11-25 11:00:00,3.595,0.496,-2.889,-0.639
2021-11-25 12:00:00,3.699,2.312,-2.463,0.929
2021-11-25 13:00:00,3.367,1.918,-2.436,0.255
2021-11-25 14:00:00,1.774,0.753,-0.824,-0.697
2021-11-25 15:00:00,1.91,0.971,-0.384,-1.2
2021-11-25 16:00:00,2.392,1.982,-0.587,-0.587
2021-11-25 17:00:00,2.271,1.472,-1.52,0.002
2021-11-25 18:00:00,1.788,1.002,-0.83,-0.638
2021-11-25 19:00:00,1.533,0.731,-0.497,0.092
2021-11-25 20:00:00,1.128,-0.261,-0.172,0.119
2021-11-25 21:00:00,1.353,0.65,-0.049,0.103
2021-11-25 22:00:00,1.298,0.38,0.423,-0.604
2021-11-25 23:00:00,1.626,0.862,-0.375,-0.791
2021-11-26 00:00:00,1.552,0.803,-0.459,-0.867
2021-11-26 01:00:00,2.354,-0.038,-1.431,-1.482
2021-11-26 02:00:00,2.047,0.344,-0.68,-1.594
2021-11-26 03:00:00,2.304,0.119,-1.089,-1.237
2021-11-26 04:00:00,2.733,0.786,-1.476,-1.831
2021-11-26 05:00:00,2.929,0.923,-1.703,-1.92
2021-11-26 06:00:00,3.315,0.163,-2.85,-1.527
2021-11-26 07:00:00,3.918,-0.25,-3.113,-2.177
2021-11-26 08:00:00,4.12,-1.24,-3.583,0.481
2021-11-26 09:00:00,3.547,-0.095,-3.097,-0.416
2021-11-26 10:00:00,3.977,-0.195,-3.61,-1.166
2021-11-26 11:00:00,4.301,0.259,-3.963,-1.546
2021-11-26 12:00:00,4.443,0.495,-4.268,-0.899
2021-11-26 13:00:00,3.981,-0.068,-3.792,-0.0
2021-11-26 14:00:00,3.712,0.604,-1.654,2.659
2021-11-26 15:00:00,5.11,1.216,0.055,3.301
2021-11-26 16:00:00,5.24,1.513,1.702,4.521
2021-11-26 17:00:00,5.721,1.903,0.284,5.343
2021-11-26 18:00:00,5.866,1.889,-0.231,5.516
2021-11-26 19:00:00,5.847,1.398,-1.033,5.499
2021-11-26 20:00:00,5.59,1.14,1.63,4.968
2021-11-26 21:00:00,5.852,0.566,-0.846,5.699
2021-11-26 22:00:00,5.7,0.934,-1.598,5.343
2021-11-26 23:00:00,5.102,-0.884,2.364,4.073
2021-11-27 00:00:00,4.032,-1.399,2.029,1.392
2021-11-27 01:00:00,3.151,-2.881,0.556,-0.74
2021-11-27 02:00:00,2.926,-1.823,0.007,-2.052
2021-11-27 03:00:00,2.66,-1.867,-0.785,-1.384
2021-11-27 04:00:00,2.42,-1.507,-0.819,-1.584
2021-11-27 05:00:00,2.93,-0.941,-0.959,-0.613
2021-11-27 06:00:00,3.937,0.674,-0.656,3.678
2021-11-27 07:00:00,3.958,0.156,0.623,3.816
2021-11-27 08:00:00,4.259,0.323,-0.029,4.188
2021-11-27 09:00:00,4.196,-0.457,1.033,2.149
2021-11-27 10:00:00,3.69,-1.31,0.372,-2.985
2021-11-27 11:00:00,4.074,-1.159,0.458,-2.882
2021-11-27 12:00:00,3.948,-1.353,3.24,-1.331
2021-11-27 13:00:00,3.551,-1.283,2.992,-1.27
2021-11-27 14:00:00,3.673,-1.674,2.63,-1.554
2021-11-27 15:00:00,3.441,-1.31,2.973,-0.378
2021-11-27 16:00:00,3.658,-2.171,2.261,-1.587
2021-11-27 17:00:00,4.016,-2.366,2.35,-1.809
2021-11-27 18:00:00,3.811,-1.65,2.872,-0.12
2021-11-27 19:00:00,4.204,2.208,-2.017,2.738
2021-11-27 20:00:00,4.533,2.602,-2.485,2.65
2021-11-27 21:00:00,5.24,3.037,-2.608,3.198
2021-11-27 22:00:00,13.547,2.719,-12.775,-0.897
2021-11-27 23:00:00,13.661,5.259,-12.305,0.915
2021-11-28 00:00:00,14.723,4.724,-10.262,4.148
2021-11-28 01:00:00,15.531,3.568,-7.332,-11.318
2021-11-28 02:00:00,13.292,2.999,-5.271,7.583
2021-11-28 03:00:00,12.254,2.766,-1.535,10.132
2021-11-28 04:00:00,14.241,3.851,-2.421,13.333
2021-11-28 05:00:00,11.555,6.574,-5.025,4.787
2021-11-28 06:00:00,10.109,5.304,-4.505,5.324
2021-11-28 07:00:00,10.891,7.367,-6.172,4.098
2021-11-28 08:00:00,9.681,6.082,-6.124,0.95
2021-11-28 09:00:00,9.114,4.368,-7.295,-2.262
2021-11-28 10:00:00,9.887,3.881,-8.454,1.925
2021-11-28 11:00:00,10.797,5.053,-7.835,5.145
2021-11-28 12:00:00,10.385,4.894,-6.071,6.763
2021-11-28 13:00:00,10.797,4.974,-7.011,6.228
2021-11-28 14:00:00,11.023,4.437,-9.123,3.824
2021-11-28 15:00:00,10.212,3.311,-9.352,1.559
2021-11-28 16:00:00,9.754,3.834,-8.524,2.267
2021-11-28 17:00:00,9.268,7.184,-3.506,4.393
2021-11-28 18:00:00,8.697,5.397,-6.485,-0.196
2021-11-28 19:00:00,8.425,3.043,-6.353,-4.472
2021-11-28 20:00:00,8.593,1.319,-7.515,-2.471
2021-11-28 21:00:00,7.848,3.593,-4.928,-4.679
2021-11-28 22:00:00,8.182,2.742,-4.162,-6.176
2021-11-28 23:00:00,8.694,-1.384,-7.55,-3.588
2021-11-29 00:00:00,8.117,3.583,-0.475,-6.091
2021-11-29 01:00:00,8.081,4.186,1.845,-6.593
2021-11-29 02:00:00,6.935,2.643,0.321,-6.188
2021-11-29 03:00:00,4.875,0.861,0.984,-3.699
2021-11-29 04:00:00,4.5,-3.372,-0.151,-2.152
2021-11-29 05:00:00,3.748,-2.088,-1.528,-1.948
2021-11-29 06:00:00,4.184,-0.983,-1.078,2.457
2021-11-29 07:00:00,3.777,-3.268,0.21,1.497
2021-11-29 08:00:00,4.165,-1.184,-1.884,-1.242
2021-11-29 09:00:00,4.898,-0.31,-2.393,-3.871
2021-11-29 10:00:00,4.708,0.469,-2.716,-3.556
2021-11-29 11:00:00,4.66,0.54,-3.719,-2.401
2021-11-29 12:00:00,4.719,2.06,-2.886,-2.22
2021-11-29 13:00:00,4.273,2.544,-1.586,-2.267
2021-11-29 14:00:00,4.248,3.86,-0.777,-1.174
2021-11-29 15:00:00,4.36,3.506,-2.093,-0.647
2021-11-29 16:00:00,4.225,3.616,-1.215,-1.298
2021-11-29 17:00:00,4.248,3.313,-1.67,-1.465
2021-11-29 18:00:00,4.014,2.723,-1.949,-1.027
2021-11-29 19:00:00,3.921,3.347,-1.827,-0.297
2021-11-29 20:00:00,3.45,2.74,-1.595,-0.546
2021-11-29 21:00:00,3.786,3.014,-2.138,0.095
2021-11-29 22:00:00,3.714,3.144,-1.777,-0.405
2021-11-29 23:00:00,3.592,3.007,-1.675,-0.582
2021-11-30 00:00:00,3.06,2.082,-1.92,-0.115
2021-11-30 01:00:00,2.106,0.499,-1.665,0.137
2021-11-30 02:00:00,2.857,2.032,-0.741,1.411
2021-11-30 03:00:00,2.821,2.249,0.511,-1.031
2021-11-30 04:00:00,1.72,0.492,0.829,-1.026
2021-11-30 05:00:00,1.47,0.405,1.186,-0.313
2021-11-30 06:00:00,1.309,0.542,1.002,0.151
2021-11-30 07:00:00,2.204,0.285,1.892,0.431
2021-11-30 08:00:00,2.787,-0.569,2.545,0.565
2021-11-30 09:00:00,2.795,0.008,2.616,0.643
2021-11-30 10:00:00,3.126,-1.565,2.506,0.379
2021-11-30 11:00:00,3.473,-2.531,1.32,-1.287
2021-11-30 12:00:00,3.095,-1.975,0.187,-2.068
2021-11-30 13:00:00,2.652,-0.46,-1.754,-1.128
2021-11-30 14:00:00,4.788,2.869,-1.967,2.786
2021-11-30 15:00:00,5.514,1.611,-4.517,1.866
2021-11-30 16:00:00,7.698,3.766,-5.04,3.914
2021-11-30 17:00:00,8.71,3.375,-3.494,7.121
2021-11-30 18:00:00,5.874,3.032,-2.134,2.167
2021-11-30 19:00:00,6.966,-2.602,1.158,-3.013
2021-11-30 20:00:00,13.271,-7.057,6.747,-6.663
2021-11-30 21:00:00,13.648,-0.048,-1.238,-8.906
2021-11-30 22:00:00,11.583,-2.415,3.543,-5.124
2021-11-30 23:00:00,9.68,-3.317,6.069,-1.185
2021-12-01 00:00:00,6.995,-3.475,-0.27,2.309
2021-12-01 01:00:00,7.511,-2.658,5.611,-3.207
2021-12-01 02:00:00,7.03,-2.654,1.612,-3.883
2021-12-01 03:00:00,7.478,-2.928,6.329,0.361
2021-12-01 04:00:00,8.332,-3.575,5.926,-1.863
2021-12-01 05:00:00,7.271,-1.801,5.2,0.936
2021-12-01 06:00:00,6.278,-2.769,4.476,0.075
2021-12-01 07:00:00,6.288,-3.275,4.082,-1.001
2021-12-01 08:00:00,6.428,-1.196,4.449,-1.962
2021-12-01 09:00:00,6.964,-3.371,4.566,-2.705
2021-12-01 10:00:00,5.584,-2.505,1.402,-3.057
2021-12-01 11:00:00,6.505,-2.252,-1.954,-4.967
2021-12-01 12:00:00,6.897,-4.402,-0.72,-4.406
2021-12-01 13:00:00,6.731,-4.799,1.556,-3.027
2021-12-01 14:00:00,6.31,-4.052,3.874,-0.421
2021-12-01 15:00:00,6.008,-3.749,3.483,-1.632
2021-12-01 16:00:00,5.79,-2.621,4.071,-1.265
2021-12-01 17:00:00,5.887,-2.086,3.171,-2.915
2021-12-01 18:00:00,6.165,-1.08,4.072,-2.497
2021-12-01 19:00:00,6.445,-2.166,5.485,-1.61
2021-12-01 20:00:00,6.563,-1.363,5.476,-1.186
2021-12-01 21:00:00,6.094,-0.13,4.14,-1.594
2021-12-01 22:00:00,5.087,-2.413,-2.462,-2.755
2021-12-01 23:00:00,4.371,-2.665,-3.136,-0.288
2021-12-02 00:00:00,3.829,-1.855,-2.592,0.303
2021-12-02 01:00:00,3.695,-1.781,-1.384,-0.845
2021-12-02 02:00:00,3.965,-1.087,1.071,1.077
2021-12-02 03:00:00,3.61,-1.014,0.891,1.527
2021-12-02 04:00:00,4.1,2.426,1.575,0.003
2021-12-02 05:00:00,4.462,1.225,3.209,-2.209
2021-12-02 06:00:00,4.278,-1.368,2.576,0.721
2021-12-02 07:00:00,5.135,-0.066,3.96,0.4
2021-12-02 08:00:00,5.054,-3.422,0.438,-1.851
2021-12-02 09:00:00,5.255,-0.234,3.54,1.994
2021-12-02 10:00:00,5.269,-2.158,3.335,2.18
2021-12-02 11:00:00,4.663,-1.913,2.557,2.209
2021-12-02 12:00:00,4.735,-2.242,2.986,0.787
2021-12-02 13:00:00,5.274,-1.047,4.058,-2.163
2021-12-02 14:00:00,4.894,-0.96,1.806,-3.656
2021-12-02 15:00:00,4.9,-1.533,3.028,-1.938
2021-12-02 16:00:00,4.806,-0.575,2.799,-0.849
2021-12-02 17:00:00,5.0,-1.585,4.076,-0.595
2021-12-02 18:00:00,3.658,-1.882,-1.285,-1.954
2021-12-02 19:00:00,3.378,-3.115,0.728,0.149
2021-12-02 20:00:00,3.969,-3.74,0.746,-0.29
2021-12-02 21:00:00,4.326,-3.936,1.197,0.252
2021-12-02 22:00:00,3.97,-3.607,-1.123,0.136
2021-12-02 23:00:00,3.927,-2.521,-2.755,0.362
2021-12-03 00:00:00,3.72,-3.076,-0.888,1.005
2021-12-03 01:00:00,3.552,-2.456,1.697,1.415
2021-12-03 02:00:00,3.899,-1.755,2.622,1.965
2021-12-03 03:00:00,3.998,-1.85,2.344,2.313
2021-12-03 04:00:00,3.205,-2.802,0.847,0.28
2021-12-03 05:00:00,3.589,-1.921,1.246,1.859
2021-12-03 06:00:00,3.745,-1.835,1.834,0.904
2021-12-03 07:00:00,3.797,-2.366,2.619,-0.167
2021-12-03 08:00:00,4.273,-2.0,3.221,-0.727
2021-12-03 09:00:00,6.047,-1.981,5.399,-1.399
2021-12-03 10:00:00,6.053,-0.865,5.797,-0.256
2021-12-03 11:00:00,6.319,-1.782,5.357,-2.106
2021-12-03 12:00:00,7.041,-1.625,5.861,-2.543
2021-12-03 13:00:00,7.027,-1.903,5.815,-2.454
2021-12-03 14:00:00,7.377,-3.483,3.778,-2.26
2021-12-03 15:00:00,7.498,2.351,6.216,2.797
2021-12-03 16:00:00,6.688,-0.184,5.011,-1.46
2021-12-03 17:00:00,5.474,-3.096,-1.868,-3.251
2021-12-03 18:00:00,5.634,-3.996,-2.377,-1.857
2021-12-03 19:00:00,5.786,-4.123,-3.007,1.83
2021-12-03 20:00:00,5.899,-4.273,0.171,2.478
2021-12-03 21:00:00,5.647,-3.429,3.414,-2.015
2021-12-03 22:00:00,6.693,-1.859,6.025,-0.326
2021-12-03 23:00:00,8.432,-1.772,6.488,2.851
2021-12-04 00:00:00,8.315,-4.537,3.07,-3.699
2021-12-04 01:00:00,7.604,-2.443,4.901,-0.538
2021-12-04 02:00:00,5.603,-4.917,0.801,-1.296
2021-12-04 03:00:00,4.495,-1.718,3.313,1.165
2021-12-04 04:00:00,3.185,-0.58,1.814,0.281
2021-12-04 05:00:00,4.107,-1.156,3.514,-0.093
2021-12-04 06:00:00,4.368,-2.64,3.091,-0.375
2021-12-04 07:00:00,4.616,-3.674,2.629,-0.28
2021-12-04 08:00:00,4.534,-4.297,1.207,-0.032
2021-12-04 09:00:00,4.532,-4.475,0.201,0.069
2021-12-04 10:00:00,4.489,-4.448,-0.319,0.126
2021-12-04 11:00:00,4.519,-4.445,0.146,-0.417
2021-12-04 12:00:00,4.278,-4.167,-0.177,-0.693
2021-12-04 13:00:00,3.346,-1.923,2.141,0.147
2021-12-04 14:00:00,4.194,-2.572,2.475,-0.076
2021-12-04 15:00:00,6.287,-4.374,3.313,-0.413
2021-12-04 16:00:00,6.629,0.641,6.073,2.231
2021-12-04 17:00:00,6.553,1.298,5.696,2.51
2021-12-04 18:00:00,6.346,1.162,5.664,2.377
2021-12-04 19:00:00,6.396,3.392,3.96,3.324
2021-12-04 20:00:00,5.938,0.066,3.366,0.689
2021-12-04 21:00:00,5.986,-4.69,3.432,-1.0
2021-12-04 22:00:00,6.098,-4.243,4.288,-0.055
2021-12-04 23:00:00,6.623,-3.48,5.494,-0.267
2021-12-05 00:00:00,6.632,-0.901,6.402,1.034
2021-12-05 01:00:00,6.616,-1.98,6.23,-0.427
2021-12-05 02:00:00,6.21,-4.814,3.009,-1.575
2021-12-05 03:00:00,6.314,-5.723,2.015,-1.582
2021-12-05 04:00:00,5.943,-5.602,-0.713,-1.443
2021-12-05 05:00:00,5.832,-5.66,-0.234,-1.105
2021-12-05 06:00:00,5.486,-5.321,0.409,-1.071
2021-12-05 07:00:00,5.518,-5.345,0.012,-1.209
2021-12-05 08:00:00,5.562,-5.353,0.331,-1.303
2021-12-05 09:00:00,5.884,-5.065,2.444,-0.409
2021-12-05 10:00:00,5.805,-3.824,4.095,0.313
2021-12-05 11:00:00,5.898,-2.209,4.335,0.717
2021-12-05 12:00:00,6.812,-6.464,0.656,-1.817
2021-12-05 13:00:00,6.423,-5.974,1.212,-1.793
2021-12-05 14:00:00,5.98,-3.656,3.575,0.079
2021-12-05 15:00:00,5.881,-4.493,1.855,-2.185
2021-12-05 16:00:00,5.632,-4.154,1.909,-0.709
2021-12-05 17:00:00,5.497,-4.202,0.883,-3.058
2021-12-05 18:00:00,5.461,-4.531,1.228,-2.504
2021-12-05 19:00:00,5.16,-3.583,1.296,-2.035
2021-12-05 20:00:00,5.267,-4.216,0.682,-2.301
2021-12-05 21:00:00,5.825,-4.169,2.524,-2.191
2021-12-05 22:00:00,5.709,-1.331,2.002,-2.024
2021-12-05 23:00:00,5.421,-1.726,0.404,3.065
2021-12-06 00:00:00,5.486,-1.902,-0.279,4.916
2021-12-06 01:00:00,5.129,-1.883,0.568,3.562
2021-12-06 02:00:00,5.438,-4.271,0.801,3.103
2021-12-06 03:00:00,5.555,-3.951,-0.316,3.281
2021-12-06 04:00:00,5.107,-1.517,1.362,1.295
2021-12-06 05:00:00,5.306,-2.529,2.82,1.464
2021-12-06 06:00:00,4.587,-3.364,2.002,0.154
2021-12-06 07:00:00,4.407,-1.481,0.552,2.418
2021-12-06 08:00:00,5.17,-3.096,2.429,-0.217
2021-12-06 09:00:00,5.563,-4.241,2.637,-1.832
2021-12-06 10:00:00,5.886,-4.979,-0.383,-1.975
2021-12-06 11:00:00,4.143,0.744,-1.911,-0.239
2021-12-06 12:00:00,3.672,-2.345,0.816,-0.608
2021-12-06 13:00:00,4.248,-2.096,0.999,-2.208
2021-12-06 14:00:00,5.078,-2.034,0.251,-4.044
2021-12-06 15:00:00,6.141,-3.52,3.21,-2.81
2021-12-06 16:00:00,6.111,-2.495,4.89,1.492
2021-12-06 17:00:00,5.047,-2.133,3.504,1.654
2021-12-06 18:00:00,5.379,-1.954,4.139,0.962
2021-12-06 19:00:00,4.718,-1.568,1.706,1.624
2021-12-06 20:00:00,3.376,-0.87,0.659,1.188
2021-12-06 21:00:00,3.51,-0.792,1.156,-0.83
2021-12-06 22:00:00,3.856,-0.562,2.65,-0.23
2021-12-06 23:00:00,4.625,0.785,3.617,-0.532
2021-12-07 00:00:00,4.437,-1.485,3.77,-0.893
2021-12-07 01:00:00,3.985,-1.282,3.134,0.782
2021-12-07 02:00:00,4.283,-2.209,3.162,-0.709
2021-12-07 03:00:00,4.591,-2.776,2.197,2.401
2021-12-07 04:00:00,4.526,-1.323,3.223,2.164
2021-12-07 05:00:00,5.221,-3.152,2.398,3.222
2021-12-07 06:00:00,4.26,-3.158,0.856,2.362
2021-12-07 07:00:00,4.077,-2.416,1.107,2.699
2021-12-07 08:00:00,3.697,-1.558,1.704,1.636
2021-12-07 09:00:00,4.488,-2.749,0.228,2.588
2021-12-07 10:00:00,4.984,-0.345,3.374,2.995
2021-12-07 11:00:00,4.223,-1.047,2.82,2.619
2021-12-07 12:00:00,3.968,-0.173,3.384,1.607
2021-12-07 13:00:00,3.577,-0.801,2.337,1.285
2021-12-07 14:00:00,4.111,-3.174,0.185,1.691
2021-12-07 15:00:00,4.042,-2.925,-2.347,1.104
2021-12-07 16:00:00,3.234,0.058,1.013,0.159
2021-12-07 17:00:00,3.269,2.188,2.11,-0.246
2021-12-07 18:00:00,3.655,0.299,3.397,0.18
2021-12-07 19:00:00,3.256,0.717,2.62,-0.069
2021-12-07 20:00:00,3.033,-1.287,2.585,0.242
2021-12-07 21:00:00,2.031,0.548,1.536,0.206
2021-12-07 22:00:00,3.306,-1.424,0.527,0.922
2021-12-07 23:00:00,4.709,-3.305,2.963,-0.712
2021-12-08 00:00:00,4.821,-3.213,1.129,-1.382
2021-12-08 01:00:00,4.852,0.418,3.99,1.906
2021-12-08 02:00:00,3.982,-0.584,3.622,1.01
2021-12-08 03:00:00,3.635,-1.93,2.175,1.313
2021-12-08 04:00:00,4.174,-1.561,3.466,1.512
2021-12-08 05:00:00,3.971,-2.74,2.727,-0.167
2021-12-08 06:00:00,3.834,-2.849,1.654,-1.558
2021-12-08 07:00:00,3.973,-2.964,0.953,-2.169
2021-12-08 08:00:00,4.163,-3.439,2.033,0.445
2021-12-08 09:00:00,4.164,-3.8,1.251,-0.562
2021-12-08 10:00:00,4.248,-3.853,0.982,-1.284
2021-12-08 11:00:00,4.226,-3.899,1.036,-1.02
2021-12-08 12:00:00,4.42,-4.139,0.936,-1.072
2021-12-08 13:00:00,4.505,-4.133,1.011,-1.374
2021-12-08 14:00:00,4.292,-4.099,0.734,-0.831
2021-12-08 15:00:00,4.267,-3.896,0.634,-1.462
2021-12-08 16:00:00,4.086,-3.689,0.838,-1.391
2021-12-08 17:00:00,3.859,-3.09,1.838,-1.201
2021-12-08 18:00:00,3.682,-2.979,1.67,-1.237
2021-12-08 19:00:00,3.607,-3.043,1.783,-0.494
2021-12-08 20:00:00,3.854,-2.471,2.749,-0.588
2021-12-08 21:00:00,3.924,-2.629,2.603,-1.144
2021-12-08 22:00:00,4.036,-2.978,1.571,-2.091
2021-12-08 23:00:00,3.891,-2.817,2.017,-1.534
2021-12-09 00:00:00,4.181,-2.895,2.708,-1.22
2021-12-09 01:00:00,4.064,-3.077,2.423,-0.755
2021-12-09 02:00:00,3.3,-2.608,1.762,-0.453
2021-12-09 03:00:00,2.283,-0.356,1.987,0.02
2021-12-09 04:00:00,2.441,-0.123,2.278,0.064
2021-12-09 05:00:00,2.245,-0.972,1.178,-1.436
2021-12-09 06:00:00,2.177,0.655,1.873,-0.084
2021-12-09 07:00:00,1.593,0.728,0.6,-0.821
2021-12-09 08:00:00,1.688,1.223,0.743,-0.511
2021-12-09 09:00:00,1.425,-0.017,0.862,-0.803
2021-12-09 10:00:00,1.534,-0.316,0.663,-1.167
2021-12-09 11:00:00,1.646,-1.087,0.378,-0.38
2021-12-09 12:00:00,2.256,-0.765,1.061,-1.391
2021-12-09 13:00:00,2.869,1.287,1.808,-1.31
2021-12-09 14:00:00,3.149,-1.259,2.053,-0.511
2021-12-09 15:00:00,2.933,-1.493,2.363,0.714
2021-12-09 16:00:00,2.507,-0.892,1.282,1.275
2021-12-09 17:00:00,2.012,-1.079,0.596,1.444
2021-12-09 18:00:00,1.306,-0.051,0.562,0.516
2021-12-09 19:00:00,1.412,-1.156,-0.043,0.417
2021-12-09 20:00:00,1.651,-1.377,0.207,0.485
2021-12-09 21:00:00,2.177,-1.722,1.083,0.447
2021-12-09 22:00:00,2.122,-1.232,1.53,-0.132
2021-12-09 23:00:00,1.712,-0.208,1.185,-0.35
2021-12-10 00:00:00,1.708,-0.455,1.33,0.031
2021-12-10 01:00:00,2.102,-0.066,1.894,-0.412
2021-12-10 02:00:00,2.996,1.17,2.612,-0.483
2021-12-10 03:00:00,3.552,-1.564,2.402,1.077
2021-12-10 04:00:00,3.761,-2.409,2.342,1.177
2021-12-10 05:00:00,4.311,-2.656,2.838,-0.267
2021-12-10 06:00:00,4.731,-3.432,1.6,-2.713
2021-12-10 07:00:00,3.699,-2.79,1.041,-1.707
2021-12-10 08:00:00,2.286,-1.242,1.203,-0.858
2021-12-10 09:00:00,3.113,-2.219,1.852,-0.84
2021-12-10 10:00:00,2.774,-0.919,1.667,-0.295
2021-12-10 11:00:00,3.641,-1.662,2.332,-2.067
2021-12-10 12:00:00,2.842,-0.608,2.618,-0.256
2021-12-10 13:00:00,1.675,-0.574,1.309,-0.065
2021-12-10 14:00:00,1.776,0.392,-0.255,0.064
2021-12-10 15:00:00,3.384,2.836,-0.874,1.012
2021-12-10 16:00:00,4.573,2.301,-0.55,3.384
2021-12-10 17:00:00,7.15,2.824,5.643,2.712
2021-12-10 18:00:00,7.114,2.863,4.613,2.075
2021-12-10 19:00:00,6.061,2.619,-5.39,0.074
2021-12-10 20:00:00,7.301,0.836,-6.964,-1.802
2021-12-10 21:00:00,6.284,2.105,-5.449,0.71
2021-12-10 22:00:00,8.097,2.864,-4.15,-1.502
2021-12-10 23:00:00,7.41,1.335,-4.873,-1.377
2021-12-11 00:00:00,7.427,-0.547,-4.085,3.765
2021-12-11 01:00:00,7.667,0.002,-6.93,-1.184
2021-12-11 02:00:00,8.198,-2.35,-4.866,-5.939
2021-12-11 03:00:00,8.682,-1.615,-4.99,-5.893
2021-12-11 04:00:00,7.844,0.211,-4.345,-5.048
2021-12-11 05:00:00,4.93,0.738,-4.65,0.516
2021-12-11 06:00:00,5.494,0.546,-4.983,1.778
2021-12-11 07:00:00,5.905,1.475,-5.115,0.428
2021-12-11 08:00:00,5.996,0.433,-5.733,-0.617
2021-12-11 09:00:00,5.944,-0.099,-5.731,-0.737
2021-12-11 10:00:00,6.424,0.783,-6.139,1.079
2021-12-11 11:00:00,6.207,1.071,-5.841,0.953
2021-12-11 12:00:00,6.251,3.09,-4.726,2.291
2021-12-11 13:00:00,6.742,3.284,-5.411,1.818
2021-12-11 14:00:00,7.659,3.64,-6.229,2.437
2021-12-11 15:00:00,7.953,3.572,-6.97,0.957
2021-12-11 16:00:00,7.684,4.223,-6.309,-0.49
2021-12-11 17:00:00,7.135,4.336,-5.406,-1.261
2021-12-11 18:00:00,6.672,4.408,-4.466,-1.903
2021-12-11 19:00:00,6.757,2.726,-5.721,-0.974
2021-12-11 20:00:00,6.143,2.244,-4.558,0.132
2021-12-11 21:00:00,6.398,-0.635,-6.129,1.259
2021-12-11 22:00:00,6.316,1.229,-5.578,0.852
2021-12-11 23:00:00,6.462,2.594,-5.732,-0.035
2021-12-12 00:00:00,6.343,3.422,-5.134,-0.693
2021-12-12 01:00:00,6.403,4.638,-3.998,-1.612
2021-12-12 02:00:00,6.519,4.089,-4.287,-2.547
2021-12-12 03:00:00,6.864,4.485,-4.936,-1.41
2021-12-12 04:00:00,6.662,3.464,-5.392,-1.142
2021-12-12 05:00:00,6.535,2.28,-6.061,-0.652
2021-12-12 06:00:00,5.931,1.87,-5.515,-0.108
2021-12-12 07:00:00,5.829,1.494,-5.533,0.232
2021-12-12 08:00:00,5.903,1.388,-5.65,-0.34
2021-12-12 09:00:00,5.814,2.133,-4.863,-1.908
2021-12-12 10:00:00,5.662,2.489,-4.573,-1.929
2021-12-12 11:00:00,5.406,2.754,-4.392,-0.908
2021-12-12 12:00:00,5.883,2.75,-4.35,-2.449
2021-12-12 13:00:00,5.893,2.936,-2.575,-4.25
2021-12-12 14:00:00,5.146,1.162,-4.405,-0.719
2021-12-12 15:00:00,5.576,0.76,-5.142,-1.636
2021-12-12 16:00:00,5.849,2.808,-3.483,-3.458
2021-12-12 17:00:00,6.118,3.114,-4.354,-2.572
2021-12-12 18:00:00,5.767,2.8,-3.982,-2.08
2021-12-12 19:00:00,4.965,1.754,-4.188,-0.231
2021-12-12 20:00:00,3.872,3.16,0.168,-1.752
2021-12-12 21:00:00,3.321,0.918,2.739,-1.283
2021-12-12 22:00:00,3.53,1.475,2.917,-0.829
2021-12-12 23:00:00,3.559,0.714,3.29,-0.149
2021-12-13 00:00:00,4.221,0.245,4.125,-0.556
2021-12-13 01:00:00,5.515,1.406,4.42,-1.148
2021-12-13 02:00:00,5.784,1.619,2.717,-4.422
2021-12-13 03:00:00,7.829,1.142,7.287,-2.093
2021-12-13 04:00:00,8.5,-0.569,8.308,1.17
2021-12-13 05:00:00,7.086,-1.134,5.65,3.543
2021-12-13 06:00:00,6.842,-1.9,4.756,4.41
2021-12-13 07:00:00,7.792,2.11,6.197,3.697
2021-12-13 08:00:00,7.076,3.924,2.521,-1.637
2021-12-13 09:00:00,6.126,3.45,2.328,1.179
2021-12-13 10:00:00,4.918,0.995,-3.836,0.359
2021-12-13 11:00:00,6.391,3.525,-4.461,2.809
2021-12-13 12:00:00,6.58,4.238,-3.551,3.45
2021-12-13 13:00:00,6.823,3.351,-3.667,4.542
2021-12-13 14:00:00,6.934,3.131,-4.693,3.924
2021-12-13 15:00:00,7.072,3.829,-3.554,4.711
2021-12-13 16:00:00,7.074,3.664,-2.335,5.484
2021-12-13 17:00:00,6.087,2.463,-2.317,4.849
2021-12-13 18:00:00,5.792,2.557,-3.179,3.956
2021-12-13 19:00:00,5.668,2.595,1.892,3.916
2021-12-13 20:00:00,6.521,1.819,2.954,4.27
2021-12-13 21:00:00,6.08,1.093,0.741,5.806
2021-12-13 22:00:00,5.018,0.399,1.301,4.753
2021-12-13 23:00:00,4.337,0.804,-2.287,2.221
2021-12-14 00:00:00,5.664,-0.574,-2.133,-4.614
2021-12-14 01:00:00,4.248,-1.007,0.822,-0.939
2021-12-14 02:00:00,3.119,0.574,1.595,1.173
2021-12-14 03:00:00,5.611,-0.354,5.399,0.719
2021-12-14 04:00:00,5.787,0.335,4.988,-0.092
2021-12-14 05:00:00,5.503,1.516,4.397,-0.737
2021-12-14 06:00:00,4.918,0.469,3.147,-1.608
2021-12-14 07:00:00,5.287,0.761,4.288,-1.767
2021-12-14 08:00:00,4.124,0.363,2.917,0.892
2021-12-14 09:00:00,3.188,1.415,1.864,-1.772
2021-12-14 10:00:00,2.875,-1.463,-1.091,-1.52
2021-12-14 11:00:00,3.373,-1.979,1.067,-1.865
2021-12-14 12:00:00,3.407,-0.842,2.855,-1.011
2021-12-14 13:00:00,3.555,-0.978,3.147,-0.712
2021-12-14 14:00:00,3.104,0.731,1.191,-2.27
2021-12-14 15:00:00,3.311,-1.788,0.246,-2.315
2021-12-14 16:00:00,3.859,-2.412,-0.164,-2.029
2021-12-14 17:00:00,3.474,-1.764,-0.819,-2.578
2021-12-14 18:00:00,3.26,-1.542,0.508,-0.654
2021-12-14 19:00:00,5.655,4.129,-3.067,1.062
2021-12-14 20:00:00,5.147,2.14,-3.832,-1.227
2021-12-14 21:00:00,6.034,3.436,-4.586,-0.155
2021-12-14 22:00:00,6.32,2.94,-5.011,-1.714
2021-12-14 23:00:00,6.607,2.631,-4.986,-1.567
2021-12-15 00:00:00,5.745,4.162,-3.657,0.758
2021-12-15 01:00:00,7.403,5.656,-1.287,3.68
2021-12-15 02:00:00,7.951,5.333,-3.907,1.396
2021-12-15 03:00:00,11.835,6.406,-7.552,1.293
2021-12-15 04:00:00,13.697,8.614,-4.312,7.067
2021-12-15 05:00:00,13.395,5.604,-5.67,4.24
2021-12-15 06:00:00,11.096,5.142,-8.67,-0.488
2021-12-15 07:00:00,9.564,4.192,-5.076,-5.009
2021-12-15 08:00:00,9.082,3.189,-3.948,-7.015
2021-12-15 09:00:00,7.683,3.239,-4.99,1.83
2021-12-15 10:00:00,7.448,4.39,-1.118,4.114
2021-12-15 11:00:00,7.068,2.751,-5.444,-0.823
2021-12-15 12:00:00,7.101,4.952,-3.789,-0.425
2021-12-15 13:00:00,7.781,0.046,-6.198,1.243
2021-12-15 14:00:00,7.008,2.928,-2.145,-0.364
2021-12-15 15:00:00,8.432,4.236,-5.701,0.964
2021-12-15 16:00:00,7.841,2.725,-4.705,2.586
2021-12-15 17:00:00,7.469,2.142,-4.295,2.61
2021-12-15 18:00:00,6.842,1.93,-4.65,2.262
2021-12-15 19:00:00,6.53,4.218,-2.833,-1.287
2021-12-15 20:00:00,6.221,2.669,-2.352,1.674
2021-12-15 21:00:00,5.933,3.673,3.538,1.561
2021-12-15 22:00:00,5.748,4.171,2.91,1.879
2021-12-15 23:00:00,5.48,5.057,0.383,-0.6
2021-12-16 00:00:00,5.117,4.043,-2.305,-0.302
2021-12-16 01:00:00,5.14,2.885,-3.505,0.134
2021-12-16 02:00:00,5.271,-0.332,-4.822,-1.51
2021-12-16 03:00:00,5.952,-1.517,-4.862,-1.731
2021-12-16 04:00:00,5.771,-0.869,-4.871,0.39
2021-12-16 05:00:00,5.919,-0.862,-4.078,-2.621
2021-12-16 06:00:00,5.164,-1.028,-3.515,-2.145
2021-12-16 07:00:00,4.604,2.565,0.99,-0.74
2021-12-16 08:00:00,4.355,-0.936,-0.362,-3.266
2021-12-16 09:00:00,5.417,-0.75,-3.633,-0.403
2021-12-16 10:00:00,4.938,-1.746,-2.611,-1.657
2021-12-16 11:00:00,5.468,-1.049,-4.348,2.811
2021-12-16 12:00:00,5.386,0.726,-3.618,3.187
2021-12-16 13:00:00,5.43,0.89,-1.995,4.631
2021-12-16 14:00:00,4.536,2.918,-1.297,2.969
2021-12-16 15:00:00,4.571,3.101,-0.834,1.421
2021-12-16 16:00:00,5.167,-4.437,-0.465,-2.435
2021-12-16 17:00:00,4.923,-3.072,-1.761,-0.138
2021-12-16 18:00:00,4.55,3.413,-2.079,1.695
2021-12-16 19:00:00,4.499,4.042,-1.452,0.919
2021-12-16 20:00:00,4.474,3.302,-2.742,0.744
2021-12-16 21:00:00,4.3,3.343,-2.513,-0.141
2021-12-16 22:00:00,2.84,-1.854,0.652,0.947
2021-12-16 23:00:00,2.526,-2.059,0.461,0.272
2021-12-17 00:00:00,2.225,-1.14,0.372,-0.011
2021-12-17 01:00:00,2.722,1.56,-1.826,-0.913
2021-12-17 02:00:00,3.053,1.442,-2.24,-0.144
2021-12-17 03:00:00,2.755,-0.808,-2.0,-0.442
2021-12-17 04:00:00,2.901,0.474,-1.81,-0.173
2021-12-17 05:00:00,3.159,2.742,-1.134,0.619
2021-12-17 06:00:00,2.972,2.564,-1.267,-0.376
2021-12-17 07:00:00,3.109,2.593,-1.324,-0.35
2021-12-17 08:00:00,2.337,1.277,-1.696,-0.523
2021-12-17 09:00:00,2.439,0.884,-1.977,-0.552
2021-12-17 10:00:00,2.788,2.515,-0.846,0.39
2021-12-17 11:00:00,2.383,0.143,-1.714,-0.737
2021-12-17 12:00:00,2.381,1.2,-1.735,-0.283
2021-12-17 13:00:00,3.036,1.901,-1.647,1.163
2021-12-17 14:00:00,3.492,3.233,-0.726,0.727
2021-12-17 15:00:00,3.386,3.29,0.479,0.284
2021-12-17 16:00:00,3.399,3.021,-0.079,1.193
2021-12-17 17:00:00,3.55,2.917,-1.348,1.098
2021-12-17 18:00:00,3.39,2.005,-1.099,1.263
2021-12-17 19:00:00,2.387,-1.509,-1.655,-0.046
2021-12-17 20:00:00,2.809,-2.355,-0.994,-0.6
2021-12-17 21:00:00,3.192,-2.508,-1.576,-0.937
2021-12-17 22:00:00,3.975,0.47,-1.264,0.22
2021-12-17 23:00:00,3.193,2.306,-1.464,-0.021
2021-12-18 00:00:00,3.156,-0.16,-2.326,-0.929
2021-12-18 01:00:00,3.491,-0.598,-2.349,-0.274
2021-12-18 02:00:00,3.707,2.249,-2.196,1.307
2021-12-18 03:00:00,3.47,2.62,-1.349,1.572
2021-12-18 04:00:00,3.333,2.923,-0.278,1.01
2021-12-18 05:00:00,2.655,-0.6,1.513,-0.147
2021-12-18 06:00:00,2.84,-0.246,2.475,-0.424
2021-12-18 07:00:00,3.468,1.607,2.787,-0.917
2021-12-18 08:00:00,3.079,0.093,0.562,-2.485
2021-12-18 09:00:00,3.081,-1.805,-2.183,-0.54
2021-12-18 10:00:00,3.109,-2.165,-1.498,-1.223
2021-12-18 11:00:00,3.213,-1.673,-1.175,-1.83
2021-12-18 12:00:00,3.635,-1.537,-0.481,-2.591
2021-12-18 13:00:00,3.801,-0.264,-2.868,-1.557
2021-12-18 14:00:00,3.278,-0.91,-2.116,-1.651
2021-12-18 15:00:00,3.969,2.027,-1.574,-0.301
2021-12-18 16:00:00,3.577,2.439,-1.579,0.112
2021-12-18 17:00:00,3.195,2.628,-1.356,-0.733
2021-12-18 18:00:00,3.667,-0.369,-1.688,-2.216
2021-12-18 19:00:00,4.139,3.63,-0.858,0.983
2021-12-18 20:00:00,4.148,3.614,-1.387,1.208
2021-12-18 21:00:00,3.315,2.667,-0.972,0.011
2021-12-18 22:00:00,4.237,3.646,-0.563,-1.818
2021-12-18 23:00:00,4.412,4.05,0.855,-0.806
2021-12-19 00:00:00,4.808,4.14,-0.423,1.887
2021-12-19 01:00:00,5.094,3.757,1.848,2.38
2021-12-19 02:00:00,5.451,4.816,0.546,2.158
2021-12-19 03:00:00,5.123,4.499,-1.433,1.755
2021-12-19 04:00:00,4.866,3.983,-0.465,2.539
2021-12-19 05:00:00,4.641,3.945,-1.326,1.742
2021-12-19 06:00:00,4.764,3.648,-2.627,0.714
2021-12-19 07:00:00,4.171,2.676,-2.983,-0.315
2021-12-19 08:00:00,4.289,3.125,-2.47,0.747
2021-12-19 09:00:00,4.347,-0.132,-3.426,-1.614
2021-12-19 10:00:00,4.384,1.049,-3.437,-0.677
2021-12-19 11:00:00,4.856,1.112,-3.582,-1.698
2021-12-19 12:00:00,8.195,2.401,-7.217,-0.417
2021-12-19 13:00:00,10.182,4.141,-7.23,3.932
2021-12-19 14:00:00,10.918,3.181,-8.055,5.135
2021-12-19 15:00:00,12.174,4.555,-9.955,-2.616
2021-12-19 16:00:00,11.637,-0.835,-2.889,-8.737
2021-12-19 17:00:00,12.588,-6.861,-3.167,-7.763
2021-12-19 18:00:00,16.801,-0.859,-9.661,-2.315
2021-12-19 19:00:00,18.189,6.327,-14.171,6.779
2021-12-19 20:00:00,21.083,-4.714,-13.342,-10.428
2021-12-19 21:00:00,17.203,7.596,-13.617,5.715
2021-12-19 22:00:00,17.225,4.997,-12.622,6.999
2021-12-19 23:00:00,13.978,5.547,-8.394,1.471
2021-12-20 00:00:00,10.564,4.292,-2.517,3.702
2021-12-20 01:00:00,7.117,4.502,-3.83,-1.529
2021-12-20 02:00:00,6.332,4.973,-1.286,-1.219
2021-12-20 03:00:00,7.167,2.584,-3.836,4.244
2021-12-20 04:00:00,6.689,1.862,-1.928,4.47
2021-12-20 05:00:00,6.352,1.057,-4.476,1.655
2021-12-20 06:00:00,6.688,1.417,-2.801,2.88
2021-12-20 07:00:00,5.989,1.347,-2.738,-3.799
2021-12-20 08:00:00,6.733,2.035,-4.033,-1.292
2021-12-20 09:00:00,7.045,3.054,-1.208,5.709
2021-12-20 10:00:00,6.821,2.685,3.104,4.513
2021-12-20 11:00:00,6.301,2.155,1.361,5.061
2021-12-20 12:00:00,5.811,1.967,2.82,3.629
2021-12-20 13:00:00,5.465,1.879,-1.228,-2.178
2021-12-20 14:00:00,6.652,4.396,-3.697,-2.317
2021-12-20 15:00:00,6.599,5.328,-2.927,-1.938
2021-12-20 16:00:00,6.318,4.223,-3.803,-1.565
2021-12-20 17:00:00,6.774,3.196,0.796,3.283
2021-12-20 18:00:00,5.814,2.645,-0.011,3.223
2021-12-20 19:00:00,5.751,3.399,-2.597,-0.558
2021-12-20 20:00:00,5.845,4.473,-2.953,-0.072
2021-12-20 21:00:00,5.236,3.75,-1.302,0.675
2021-12-20 22:00:00,5.347,2.163,-2.441,0.67
2021-12-20 23:00:00,5.437,2.667,-3.221,0.9
2021-12-21 00:00:00,5.212,1.181,-1.571,-2.233
2021-12-21 01:00:00,5.448,2.968,-3.987,0.194
2021-12-21 02:00:00,5.27,3.12,-1.816,2.762
2021-12-21 03:00:00,5.287,3.045,-1.202,2.892
2021-12-21 04:00:00,5.319,4.038,-2.133,1.479
2021-12-21 05:00:00,5.23,3.52,-2.825,0.993
2021-12-21 06:00:00,5.013,3.242,-0.853,-2.185
2021-12-21 07:00:00,5.299,1.734,-4.591,0.977
2021-12-21 08:00:00,5.184,3.197,-3.317,0.433
2021-12-21 09:00:00,5.128,3.869,-2.82,0.89
2021-12-21 10:00:00,4.823,4.318,-1.027,0.02
2021-12-21 11:00:00,4.647,3.874,-1.421,-0.79
2021-12-21 12:00:00,4.849,3.696,-1.323,-2.207
2021-12-21 13:00:00,4.845,3.773,-0.525,-2.001
2021-12-21 14:00:00,4.383,2.079,-3.21,0.146
2021-12-21 15:00:00,4.397,2.598,-2.244,0.565
2021-12-21 16:00:00,4.585,-0.35,-3.485,0.191
2021-12-21 17:00:00,3.979,2.271,-1.659,-2.197
2021-12-21 18:00:00,3.736,2.166,-1.344,-0.323
2021-12-21 19:00:00,4.261,3.296,-0.501,1.461
2021-12-21 20:00:00,4.989,-0.473,-2.909,3.572
2021-12-21 21:00:00,5.562,-1.961,-4.401,2.259
2021-12-21 22:00:00,5.655,-2.608,-3.433,3.139
2021-12-21 23:00:00,5.439,-1.354,-4.942,0.719
2021-12-22 00:00:00,4.737,-1.082,-3.584,1.115
2021-12-22 01:00:00,4.734,2.357,-2.16,0.96
2021-12-22 02:00:00,4.882,0.931,-3.182,0.757
2021-12-22 03:00:00,4.93,2.403,-2.02,0.434
2021-12-22 04:00:00,4.57,2.533,-2.094,-1.305
2021-12-22 05:00:00,4.512,2.56,-1.731,0.705
2021-12-22 06:00:00,4.606,2.169,0.127,-2.607
2021-12-22 07:00:00,4.592,3.366,-0.209,-2.136
2021-12-22 08:00:00,4.726,2.069,-3.63,-0.025
2021-12-22 09:00:00,4.676,1.436,-3.877,0.685
2021-12-22 10:00:00,4.491,3.161,-1.329,-0.578
2021-12-22 11:00:00,4.284,3.448,-1.016,0.014
2021-12-22 12:00:00,4.326,3.893,0.063,-0.06
2021-12-22 13:00:00,4.136,3.451,0.762,-0.327
2021-12-22 14:00:00,4.187,3.741,0.607,0.575
2021-12-22 15:00:00,4.147,2.953,-1.101,-0.457
2021-12-22 16:00:00,4.303,3.077,-1.487,-1.103
2021-12-22 17:00:00,4.528,2.811,-2.506,-1.189
2021-12-22 18:00:00,4.786,2.373,-3.413,-1.571
2021-12-22 19:00:00,4.816,2.744,1.257,-2.21
2021-12-22 20:00:00,4.459,3.475,-0.397,-0.433
2021-12-22 21:00:00,4.251,3.289,-0.37,0.998
2021-12-22 22:00:00,4.436,1.527,-0.895,0.839
2021-12-22 23:00:00,4.671,2.728,-3.056,0.709
2021-12-23 00:00:00,5.088,1.958,-4.114,0.497
2021-12-23 01:00:00,4.912,1.122,-4.189,1.595
2021-12-23 02:00:00,5.008,-0.246,-4.22,2.203
2021-12-23 03:00:00,5.113,-0.504,-4.755,0.957
2021-12-23 04:00:00,4.672,1.646,-4.093,0.576
2021-12-23 05:00:00,4.591,1.235,-3.78,1.328
2021-12-23 06:00:00,4.585,1.137,-4.023,1.155
2021-12-23 07:00:00,4.494,2.718,-2.08,0.948
2021-12-23 08:00:00,4.378,3.862,-1.817,-0.029
2021-12-23 09:00:00,4.29,0.889,-3.527,0.316
2021-12-23 10:00:00,4.309,0.371,-3.546,0.12
2021-12-23 11:00:00,4.34,3.418,-2.072,0.248
2021-12-23 12:00:00,4.269,3.753,-1.228,0.24
2021-12-23 13:00:00,4.217,2.17,-3.041,1.355
2021-12-23 14:00:00,4.236,2.223,-2.897,1.187
2021-12-23 15:00:00,4.298,2.114,-2.864,1.364
2021-12-23 16:00:00,4.344,3.302,-2.035,0.478
2021-12-23 17:00:00,4.562,1.679,-3.056,-0.602
2021-12-23 18:00:00,4.767,0.938,-4.237,-1.225
2021-12-23 19:00:00,4.867,1.39,-3.844,1.82
2021-12-23 20:00:00,4.782,0.765,-3.875,1.795
2021-12-23 21:00:00,4.486,1.003,-3.123,1.293
2021-12-23 22:00:00,4.326,2.255,-2.669,1.538
2021-12-23 23:00:00,4.155,1.598,-1.8,2.015
2021-12-24 00:00:00,4.18,2.208,-1.8,0.773
2021-12-24 01:00:00,4.397,-0.809,-3.757,-0.123
2021-12-24 02:00:00,4.241,1.476,-3.436,0.416
2021-12-24 03:00:00,4.129,0.684,-3.318,-0.316
2021-12-24 04:00:00,4.151,1.641,-3.466,-0.106
2021-12-24 05:00:00,4.132,0.392,-1.858,0.134
2021-12-24 06:00:00,4.17,-0.403,-0.955,3.818
2021-12-24 07:00:00,4.115,0.861,-2.826,2.442
2021-12-24 08:00:00,4.044,3.003,-1.693,1.03
2021-12-24 09:00:00,3.891,3.371,-1.138,0.704
2021-12-24 10:00:00,3.979,3.627,0.791,0.623
2021-12-24 11:00:00,3.879,3.555,-0.746,0.857
2021-12-24 12:00:00,3.958,3.342,-1.353,-0.048
2021-12-24 13:00:00,4.397,4.03,-0.857,-0.475
2021-12-24 14:00:00,4.454,3.931,-1.182,-1.145
2021-12-24 15:00:00,4.373,3.66,-1.299,-1.46
2021-12-24 16:00:00,4.291,2.686,-1.712,-2.463
2021-12-24 17:00:00,4.057,2.942,-1.768,-0.751
2021-12-24 18:00:00,4.295,3.731,0.391,-1.308
2021-12-24 19:00:00,4.402,2.011,-2.724,-0.111
2021-12-24 20:00:00,4.711,1.556,-3.066,-2.451
2021-12-24 21:00:00,4.764,2.219,-2.725,-2.364
2021-12-24 22:00:00,4.391,1.242,-2.887,-1.14
2021-12-24 23:00:00,3.296,0.508,-1.194,0.509
2021-12-25 00:00:00,3.679,0.642,-2.26,0.973
2021-12-25 01:00:00,4.339,1.742,-3.182,-1.438
2021-12-25 02:00:00,3.72,1.774,-0.514,0.957
2021-12-25 03:00:00,4.071,1.866,3.244,0.468
2021-12-25 04:00:00,4.541,2.102,3.874,0.19
2021-12-25 05:00:00,4.856,1.665,3.475,-0.06
2021-12-25 06:00:00,4.768,0.695,3.794,-0.302
2021-12-25 07:00:00,4.587,1.087,1.66,-4.012
2021-12-25 08:00:00,3.843,1.112,1.422,-3.251
2021-12-25 09:00:00,4.323,1.996,2.186,-2.795
2021-12-25 10:00:00,4.76,2.861,2.684,-2.519
2021-12-25 11:00:00,5.158,1.37,3.586,0.179
2021-12-25 12:00:00,4.45,2.303,2.793,-1.669
2021-12-25 13:00:00,4.663,1.871,2.513,-2.871
2021-12-25 14:00:00,4.414,1.267,3.05,-2.581
2021-12-25 15:00:00,4.72,3.003,1.386,-3.301
2021-12-25 16:00:00,4.327,3.382,-0.819,-2.063
2021-12-25 17:00:00,4.176,2.983,-0.642,-2.49
2021-12-25 18:00:00,3.947,3.199,-1.034,-1.678
2021-12-25 19:00:00,3.696,2.693,-2.162,-0.76
2021-12-25 20:00:00,4.093,2.863,-1.891,-2.043
2021-12-25 21:00:00,4.183,3.355,-1.983,-1.313
2021-12-25 22:00:00,4.14,3.087,-1.938,-1.786
2021-12-25 23:00:00,4.15,2.941,-2.752,-0.717
2021-12-26 00:00:00,4.161,2.921,-2.707,-0.957
2021-12-26 01:00:00,3.972,2.911,-2.442,-0.873
2021-12-26 02:00:00,3.861,3.098,-1.732,-1.448
2021-12-26 03:00:00,3.339,1.511,-2.457,-0.586
2021-12-26 04:00:00,3.439,0.756,-2.716,-1.279
2021-12-26 05:00:00,3.32,-0.5,-2.103,2.301
2021-12-26 06:00:00,3.078,0.002,-2.574,1.335
2021-12-26 07:00:00,3.599,-0.411,-2.968,1.093
2021-12-26 08:00:00,3.557,-0.059,-2.105,-2.62
2021-12-26 09:00:00,3.583,0.305,-2.297,-2.506
2021-12-26 10:00:00,3.434,1.233,-2.799,-1.045
2021-12-26 11:00:00,3.216,1.04,-2.961,-0.364
2021-12-26 12:00:00,2.989,1.259,-2.354,0.745
2021-12-26 13:00:00,2.923,0.05,1.147,1.683
2021-12-26 14:00:00,2.805,-0.632,2.184,1.203
2021-12-26 15:00:00,2.231,0.072,0.394,1.237
2021-12-26 16:00:00,2.571,1.22,-0.482,2.05
2021-12-26 17:00:00,2.839,-2.576,0.039,0.144
2021-12-26 18:00:00,3.53,-3.231,-0.314,-1.109
2021-12-26 19:00:00,3.809,-3.347,-0.768,-1.32
2021-12-26 20:00:00,3.473,-3.057,-0.912,-0.799
2021-12-26 21:00:00,3.65,-2.443,-0.839,-1.217
2021-12-26 22:00:00,4.035,2.078,-2.472,-1.977
2021-12-26 23:00:00,3.984,2.766,-0.044,-1.623
2021-12-27 00:00:00,3.973,1.46,-1.021,-3.033
2021-12-27 01:00:00,3.871,2.74,0.763,-1.586
2021-12-27 02:00:00,3.025,2.018,0.696,-0.401
2021-12-27 03:00:00,3.084,1.537,1.551,0.477
2021-12-27 04:00:00,3.563,0.088,1.112,-1.87
2021-12-27 05:00:00,4.413,-1.137,-0.396,-4.066
2021-12-27 06:00:00,4.641,-1.114,-0.551,-3.99
2021-12-27 07:00:00,4.478,-1.77,-1.79,-2.703
2021-12-27 08:00:00,5.479,-2.912,-1.703,-3.949
2021-12-27 09:00:00,9.445,-0.792,-7.91,-3.519
2021-12-27 10:00:00,11.041,-3.497,-5.809,-7.24
2021-12-27 11:00:00,9.419,-4.613,4.388,-5.007
2021-12-27 12:00:00,12.386,0.479,-0.214,0.229
2021-12-27 13:00:00,13.155,5.631,-10.493,5.248
2021-12-27 14:00:00,11.537,4.281,2.909,6.17
2021-12-27 15:00:00,9.727,-0.451,7.53,-0.813
2021-12-27 16:00:00,8.771,0.979,6.98,-0.516
2021-12-27 17:00:00,9.074,1.45,8.39,2.239
2021-12-27 18:00:00,5.025,-0.005,4.566,0.433
2021-12-27 19:00:00,5.771,-0.563,4.095,2.394
2021-12-27 20:00:00,5.334,-1.905,3.319,1.346
2021-12-27 21:00:00,7.24,-3.749,4.6,-0.06
2021-12-27 22:00:00,8.725,-4.561,6.885,-2.449
2021-12-27 23:00:00,9.272,-5.948,6.513,-2.307
2021-12-28 00:00:00,9.219,-6.68,5.467,-2.673
2021-12-28 01:00:00,9.884,-5.14,8.131,-1.182
2021-12-28 02:00:00,9.743,-6.705,5.406,-3.67
2021-12-28 03:00:00,9.944,-7.706,2.557,-5.268
2021-12-28 04:00:00,9.554,-6.814,3.978,-5.152
2021-12-28 05:00:00,8.901,-3.235,7.573,-1.264
2021-12-28 06:00:00,8.027,-0.847,7.805,1.019
2021-12-28 07:00:00,8.482,-0.263,8.313,0.528
2021-12-28 08:00:00,8.291,-0.281,7.821,0.857
2021-12-28 09:00:00,7.942,-0.891,7.585,1.497
2021-12-28 10:00:00,8.254,-2.262,7.568,0.945
2021-12-28 11:00:00,8.012,-3.064,7.031,-0.947
2021-12-28 12:00:00,7.955,-3.859,6.658,-0.993
2021-12-28 13:00:00,7.51,-2.241,6.779,-0.177
2021-12-28 14:00:00,7.403,-0.392,7.002,-1.997
2021-12-28 15:00:00,6.586,-0.465,5.773,-2.701
2021-12-28 16:00:00,5.379,-0.158,3.705,2.738
2021-12-28 17:00:00,3.953,-1.154,3.319,0.151
2021-12-28 18:00:00,4.239,-2.199,3.065,-1.341
2021-12-28 19:00:00,3.894,-1.489,3.293,-0.006
2021-12-28 20:00:00,3.553,0.904,2.263,-0.644
2021-12-28 21:00:00,3.562,0.299,2.847,-0.624
2021-12-28 22:00:00,3.731,1.286,2.595,-0.942
2021-12-28 23:00:00,4.31,-0.599,3.329,-2.473
2021-12-29 00:00:00,4.433,-0.898,3.734,0.212
2021-12-29 01:00:00,4.559,-1.281,3.88,-1.602
2021-12-29 02:00:00,4.39,-0.13,3.144,-2.916
2021-12-29 03:00:00,4.3,-0.251,3.172,-2.454
2021-12-29 04:00:00,4.26,0.016,3.741,-1.321
2021-12-29 05:00:00,4.234,0.763,3.469,-1.994
2021-12-29 06:00:00,4.2,-0.728,2.964,-1.664
2021-12-29 07:00:00,4.258,-0.664,3.003,-1.917
2021-12-29 08:00:00,4.561,1.295,3.769,1.852
2021-12-29 09:00:00,5.813,1.961,5.061,2.008
2021-12-29 10:00:00,6.007,2.236,5.423,-0.056
2021-12-29 11:00:00,5.722,2.806,4.693,-1.533
2021-12-29 12:00:00,5.681,1.902,4.931,-1.834
2021-12-29 13:00:00,5.012,1.253,4.402,-1.754
2021-12-29 14:00:00,5.416,1.049,5.0,-1.419
2021-12-29 15:00:00,4.823,1.232,4.263,0.726
2021-12-29 16:00:00,4.148,2.855,2.904,0.152
2021-12-29 17:00:00,4.895,3.634,2.761,-0.798
2021-12-29 18:00:00,6.134,2.332,5.646,0.022
2021-12-29 19:00:00,7.071,0.175,6.902,0.372
2021-12-29 20:00:00,8.232,-0.605,6.412,2.717
2021-12-29 21:00:00,10.613,-2.932,7.448,6.75
2021-12-29 22:00:00,14.047,2.489,12.005,5.644
2021-12-29 23:00:00,15.208,6.417,12.423,5.461
2021-12-30 00:00:00,17.558,7.334,11.813,8.058
2021-12-30 01:00:00,10.527,1.444,4.566,5.403
2021-12-30 02:00:00,10.024,1.108,9.386,0.212
2021-12-30 03:00:00,11.586,4.88,9.486,-2.349
2021-12-30 04:00:00,8.625,-3.22,-4.098,3.107
2021-12-30 05:00:00,10.069,-6.516,-6.647,1.738
2021-12-30 06:00:00,9.042,-6.288,-5.219,3.34
2021-12-30 07:00:00,7.497,-0.029,1.637,-1.573
2021-12-30 08:00:00,7.767,2.381,5.447,-3.301
2021-12-30 09:00:00,3.887,1.613,0.797,1.871
2021-12-30 10:00:00,6.237,-0.364,-0.756,5.022
2021-12-30 11:00:00,5.575,1.878,3.158,0.524
2021-12-30 12:00:00,2.995,2.05,1.322,-1.065
2021-12-30 13:00:00,3.092,2.651,1.081,0.06
2021-12-30 14:00:00,2.401,0.964,1.205,0.014
2021-12-30 15:00:00,2.324,-1.979,0.607,0.357
2021-12-30 16:00:00,2.205,-2.085,0.105,-0.132
2021-12-30 17:00:00,2.408,-1.905,0.687,-0.511
2021-12-30 18:00:00,2.338,-0.985,1.094,0.887
2021-12-30 19:00:00,2.458,-1.79,-1.306,0.632
2021-12-30 20:00:00,3.119,-1.936,-0.007,1.121
2021-12-30 21:00:00,2.858,-1.396,1.367,0.808
2021-12-30 22:00:00,3.466,2.038,1.733,1.495
2021-12-30 23:00:00,2.923,1.477,1.586,0.378
2021-12-31 00:00:00,3.149,1.918,1.589,1.18
2021-12-31 01:00:00,3.209,1.53,1.241,1.643
2021-12-31 02:00:00,2.688,-0.934,1.802,-0.376
2021-12-31 03:00:00,2.792,-1.192,2.296,-0.265
2021-12-31 04:00:00,3.498,-1.46,2.655,-0.79
2021-12-31 05:00:00,3.155,0.185,1.527,-0.511
2021-12-31 06:00:00,3.241,-0.396,-0.373,2.305
2021-12-31 07:00:00,3.591,1.916,1.873,1.244
2021-12-31 08:00:00,3.471,1.119,2.828,0.61
2021-12-31 09:00:00,3.699,1.803,1.608,2.35
2021-12-31 10:00:00,4.118,1.863,0.918,3.048
2021-12-31 11:00:00,3.98,0.802,2.258,2.268
2021-12-31 12:00:00,4.299,-1.281,3.612,-0.624
2021-12-31 13:00:00,3.971,-1.726,0.298,-3.065
2021-12-31 14:00:00,3.815,-0.788,2.647,-0.767
2021-12-31 15:00:00,4.385,0.301,4.159,0.559
2021-12-31 16:00:00,5.362,0.6,4.051,2.978
2021-12-31 17:00:00,5.346,1.828,3.595,1.73
2021-12-31 18:00:00,5.331,0.695,2.502,4.437
2021-12-31 19:00:00,4.712,0.413,2.564,3.164
2021-12-31 20:00:00,4.728,2.238,2.227,1.445
2021-12-31 21:00:00,5.307,-0.136,2.548,3.321
2021-12-31 22:00:00,6.58,-5.344,2.596,-1.676
2021-12-31 23:00:00,7.903,-6.106,1.827,-4.415
2022-01-01 00:00:00,8.349,-6.069,4.097,-2.176
