datetime,Np,Vp,Tpr
2023-01-01 00:00:00,1.9404,596.39,140793.0
2023-01-01 01:00:00,1.6251,589.11,143141.0
2023-01-01 02:00:00,2.0977,581.74,130672.0
2023-01-01 03:00:00,2.0742,581.59,109562.0
2023-01-01 04:00:00,2.1018,571.28,97642.0
2023-01-01 05:00:00,1.6087,559.41,120556.0
2023-01-01 06:00:00,1.9262,550.16,107902.0
2023-01-01 07:00:00,2.0564,557.54,94687.0
2023-01-01 08:00:00,1.8866,558.73,90791.0
2023-01-01 09:00:00,1.9272,538.11,66793.0
2023-01-01 10:00:00,1.9357,540.99,87084.0
2023-01-01 11:00:00,2.0582,536.39,94738.0
2023-01-01 12:00:00,2.2113,544.33,91077.0
2023-01-01 13:00:00,2.1473,534.28,86620.0
2023-01-01 14:00:00,2.2256,538.04,84898.0
2023-01-01 15:00:00,2.2402,507.91,94151.0
2023-01-01 16:00:00,2.2874,526.37,116668.0
2023-01-01 17:00:00,2.3007,521.07,113971.0
2023-01-01 18:00:00,2.3305,519.36,98729.0
2023-01-01 19:00:00,2.3334,523.8,103770.0
2023-01-01 20:00:00,2.4107,489.85,127188.0
2023-01-01 21:00:00,2.3352,502.89,122445.0
2023-01-01 22:00:00,2.316,499.7,123828.0
2023-01-01 23:00:00,2.4322,502.56,104667.0
2023-01-02 00:00:00,2.4873,506.71,91539.0
2023-01-02 01:00:00,2.5148,493.86,78662.0
2023-01-02 02:00:00,2.4866,483.21,68957.0
2023-01-02 03:00:00,2.439,505.65,68052.0
2023-01-02 04:00:00,2.4509,480.02,70174.0
2023-01-02 05:00:00,2.5033,478.56,62648.0
2023-01-02 06:00:00,2.4981,473.17,53129.0
2023-01-02 07:00:00,2.5218,472.08,53742.0
2023-01-02 08:00:00,2.6291,474.89,78087.0
2023-01-02 09:00:00,2.648,477.55,75059.0
2023-01-02 10:00:00,2.6744,454.98,64632.0
2023-01-02 11:00:00,2.9769,456.65,51957.0
2023-01-02 12:00:00,3.3921,454.9,52262.0
2023-01-02 13:00:00,2.8124,452.49,44269.0
2023-01-02 14:00:00,2.8427,442.18,55254.0
2023-01-02 15:00:00,3.1689,423.0,69505.0
2023-01-02 16:00:00,2.6318,414.04,62283.0
2023-01-02 17:00:00,2.7718,417.77,54793.0
2023-01-02 18:00:00,3.731,419.17,66365.0
2023-01-02 19:00:00,3.4362,415.93,63318.0
2023-01-02 20:00:00,3.5528,418.37,58382.0
2023-01-02 21:00:00,3.4833,417.77,65353.0
2023-01-02 22:00:00,3.1093,415.39,58802.0
2023-01-02 23:00:00,3.2548,412.13,69135.0
2023-01-03 00:00:00,3.1641,407.5,65515.0
2023-01-03 01:00:00,3.1682,410.45,42631.0
2023-01-03 02:00:00,3.3132,398.69,55826.0
2023-01-03 03:00:00,2.8764,415.13,60294.0
2023-01-03 04:00:00,2.5799,414.94,59081.0
2023-01-03 05:00:00,3.0635,408.63,68327.0
2023-01-03 06:00:00,3.2199,412.71,69880.0
2023-01-03 07:00:00,3.0191,413.31,65308.0
2023-01-03 08:00:00,2.3642,388.74,50297.0
2023-01-03 09:00:00,2.7983,386.16,49066.0
2023-01-03 10:00:00,3.0215,387.16,48643.0
2023-01-03 11:00:00,2.7134,378.96,56668.0
2023-01-03 12:00:00,3.3702,370.59,72603.0
2023-01-03 13:00:00,3.7717,373.73,65181.0
2023-01-03 14:00:00,2.4932,382.77,63284.0
2023-01-03 15:00:00,2.7278,385.22,66080.0
2023-01-03 16:00:00,3.5562,388.4,85819.0
2023-01-03 17:00:00,3.8027,384.45,86958.0
2023-01-03 18:00:00,5.6252,395.72,92495.0
2023-01-03 19:00:00,5.1656,404.37,99039.0
2023-01-03 20:00:00,6.7981,415.11,113167.0
2023-01-03 21:00:00,10.1848,424.03,113291.0
2023-01-03 22:00:00,10.6257,425.21,113268.0
2023-01-03 23:00:00,9.1871,431.05,73531.0
2023-01-04 00:00:00,9.3471,433.07,40828.0
2023-01-04 01:00:00,9.8174,426.83,41423.0
2023-01-04 02:00:00,2.3417,417.56,19810.0
2023-01-04 03:00:00,1.1092,409.54,12579.0
2023-01-04 04:00:00,1.5406,411.33,15151.0
2023-01-04 05:00:00,1.3049,415.35,16568.0
2023-01-04 06:00:00,2.5418,417.62,28650.0
2023-01-04 07:00:00,2.4277,417.68,12634.0
2023-01-04 08:00:00,2.4374,414.87,16153.0
2023-01-04 09:00:00,1.7736,408.71,11249.0
2023-01-04 10:00:00,1.4022,400.67,9035.0
2023-01-04 11:00:00,1.3567,398.19,11328.0
2023-01-04 12:00:00,2.0391,399.87,24725.0
2023-01-04 13:00:00,5.4438,395.82,40112.0
2023-01-04 14:00:00,8.1081,399.43,29093.0
2023-01-04 15:00:00,6.0851,395.71,17498.0
2023-01-04 16:00:00,6.2788,402.18,26439.0
2023-01-04 17:00:00,6.7854,398.39,26597.0
2023-01-04 18:00:00,5.1355,396.89,25018.0
2023-01-04 19:00:00,3.832,388.69,21192.0
2023-01-04 20:00:00,3.1579,384.27,19006.0
2023-01-04 21:00:00,4.2553,381.69,25183.0
2023-01-04 22:00:00,6.8492,378.57,31597.0
2023-01-04 23:00:00,6.9001,380.8,40851.0
2023-01-05 00:00:00,7.1443,382.44,42456.0
2023-01-05 01:00:00,5.3045,378.94,24212.0
2023-01-05 02:00:00,6.2523,384.9,23792.0
2023-01-05 03:00:00,6.9044,386.0,24975.0
2023-01-05 04:00:00,7.3454,380.25,33277.0
2023-01-05 05:00:00,9.6454,382.31,70034.0
2023-01-05 06:00:00,10.7309,376.15,61624.0
2023-01-05 07:00:00,9.9064,374.64,64199.0
2023-01-05 08:00:00,8.4789,371.77,37047.0
2023-01-05 09:00:00,9.9122,364.89,26017.0
2023-01-05 10:00:00,9.8601,359.56,24108.0
2023-01-05 11:00:00,10.0189,355.63,27300.0
2023-01-05 12:00:00,9.4971,355.92,32242.0
2023-01-05 13:00:00,5.2481,353.05,40222.0
2023-01-05 14:00:00,6.4763,351.22,37953.0
2023-01-05 15:00:00,7.8235,352.42,30276.0
2023-01-05 16:00:00,7.1502,344.82,29867.0
2023-01-05 17:00:00,6.2471,356.21,38420.0
2023-01-05 18:00:00,5.2452,354.02,43988.0
2023-01-05 19:00:00,4.995,350.64,46181.0
2023-01-05 20:00:00,3.9006,351.4,54730.0
2023-01-05 21:00:00,3.3586,356.14,78148.0
2023-01-05 22:00:00,2.9326,372.0,151471.0
2023-01-05 23:00:00,2.9117,368.89,147164.0
2023-01-06 00:00:00,3.1602,366.16,132438.0
2023-01-06 01:00:00,2.8638,364.11,128362.0
2023-01-06 02:00:00,2.7776,369.43,128951.0
2023-01-06 03:00:00,1.7287,368.73,125820.0
2023-01-06 04:00:00,1.8105,373.92,135480.0
2023-01-06 05:00:00,3.0482,374.06,135955.0
2023-01-06 06:00:00,2.9124,375.93,117277.0
2023-01-06 07:00:00,2.126,367.44,81163.0
2023-01-06 08:00:00,2.1777,364.2,78508.0
2023-01-06 09:00:00,2.4715,369.04,76884.0
2023-01-06 10:00:00,3.1668,391.3,79966.0
2023-01-06 11:00:00,2.7936,406.73,171527.0
2023-01-06 12:00:00,2.2385,397.32,139012.0
2023-01-06 13:00:00,2.335,387.22,100786.0
2023-01-06 14:00:00,2.0753,402.58,98363.0
2023-01-06 15:00:00,1.3147,410.3,139009.0
2023-01-06 16:00:00,1.167,400.55,168012.0
2023-01-06 17:00:00,1.3915,414.86,167286.0
2023-01-06 18:00:00,1.7105,429.12,160798.0
2023-01-06 19:00:00,2.9142,443.49,155228.0
2023-01-06 20:00:00,3.2388,463.41,186150.0
2023-01-06 21:00:00,3.9013,455.39,199221.0
2023-01-06 22:00:00,3.6865,464.18,174518.0
2023-01-06 23:00:00,3.0441,451.63,171372.0
2023-01-07 00:00:00,2.7277,454.49,128915.0
2023-01-07 01:00:00,2.7711,445.64,90658.0
2023-01-07 02:00:00,3.5222,441.87,69450.0
2023-01-07 03:00:00,2.9104,429.84,84545.0
2023-01-07 04:00:00,3.7995,442.23,78292.0
2023-01-07 05:00:00,3.1844,411.56,74075.0
2023-01-07 06:00:00,3.2643,410.88,56214.0
2023-01-07 07:00:00,3.0957,407.76,39795.0
2023-01-07 08:00:00,3.4958,417.14,35962.0
2023-01-07 09:00:00,3.0157,409.29,79008.0
2023-01-07 10:00:00,3.4647,427.07,36758.0
2023-01-07 11:00:00,4.0218,436.67,42089.0
2023-01-07 12:00:00,2.9899,404.36,58221.0
2023-01-07 13:00:00,3.1014,411.92,47077.0
2023-01-07 14:00:00,3.931,411.72,57281.0
2023-01-07 15:00:00,3.6525,401.94,84322.0
2023-01-07 16:00:00,3.3936,412.31,77049.0
2023-01-07 17:00:00,3.4851,415.26,67152.0
2023-01-07 18:00:00,3.6638,418.09,76146.0
2023-01-07 19:00:00,3.3286,400.82,76611.0
2023-01-07 20:00:00,4.3275,420.2,80822.0
2023-01-07 21:00:00,4.2813,407.54,89487.0
2023-01-07 22:00:00,4.6061,414.41,88245.0
2023-01-07 23:00:00,3.9078,411.31,86424.0
2023-01-08 00:00:00,3.3623,396.25,101124.0
2023-01-08 01:00:00,3.9863,402.23,107449.0
2023-01-08 02:00:00,3.5133,398.37,91206.0
2023-01-08 03:00:00,3.6056,399.09,84657.0
2023-01-08 04:00:00,3.895,400.66,68394.0
2023-01-08 05:00:00,3.617,386.1,76762.0
2023-01-08 06:00:00,3.3705,389.05,79875.0
2023-01-08 07:00:00,3.323,413.43,47863.0
2023-01-08 08:00:00,3.3299,413.72,85277.0
2023-01-08 09:00:00,3.8282,418.64,91953.0
2023-01-08 10:00:00,4.0411,414.78,75249.0
2023-01-08 11:00:00,4.2734,409.5,64510.0
2023-01-08 12:00:00,3.7165,406.08,55542.0
2023-01-08 13:00:00,3.8105,398.2,70170.0
2023-01-08 14:00:00,3.3515,389.61,77357.0
2023-01-08 15:00:00,3.7403,398.36,66723.0
2023-01-08 16:00:00,3.48,397.26,52418.0
2023-01-08 17:00:00,3.0912,391.39,45067.0
2023-01-08 18:00:00,3.2269,386.48,41267.0
2023-01-08 19:00:00,3.7523,394.28,36232.0
2023-01-08 20:00:00,3.5757,397.62,29486.0
2023-01-08 21:00:00,3.514,386.7,34695.0
2023-01-08 22:00:00,4.2416,375.16,28042.0
2023-01-08 23:00:00,4.0149,379.67,21760.0
2023-01-09 00:00:00,4.4509,373.6,27872.0
2023-01-09 01:00:00,4.6856,375.05,18212.0
2023-01-09 02:00:00,4.4216,379.94,17768.0
2023-01-09 03:00:00,4.5032,378.45,17061.0
2023-01-09 04:00:00,4.6487,366.04,29841.0
2023-01-09 05:00:00,4.9703,363.69,34410.0
2023-01-09 06:00:00,4.649,361.32,36392.0
2023-01-09 07:00:00,3.7604,354.99,73091.0
2023-01-09 08:00:00,4.1708,347.52,45648.0
2023-01-09 09:00:00,3.93,349.21,43967.0
2023-01-09 10:00:00,4.8522,350.26,42578.0
2023-01-09 11:00:00,4.7476,347.68,35269.0
2023-01-09 12:00:00,4.4166,348.98,32835.0
2023-01-09 13:00:00,4.3372,350.3,34846.0
2023-01-09 14:00:00,4.1051,346.02,39553.0
2023-01-09 15:00:00,4.7906,346.57,27495.0
2023-01-09 16:00:00,4.1368,347.82,28488.0
2023-01-09 17:00:00,3.7665,336.86,25813.0
2023-01-09 18:00:00,3.1837,334.59,32236.0
2023-01-09 19:00:00,5.0659,338.01,20524.0
2023-01-09 20:00:00,5.2796,338.17,20760.0
2023-01-09 21:00:00,4.9511,331.73,19917.0
2023-01-09 22:00:00,6.1715,329.23,24987.0
2023-01-09 23:00:00,5.7676,337.72,36079.0
2023-01-10 00:00:00,6.8888,344.77,33846.0
2023-01-10 01:00:00,6.7717,344.17,39435.0
2023-01-10 02:00:00,6.2666,358.78,47563.0
2023-01-10 03:00:00,6.5955,354.92,55644.0
2023-01-10 04:00:00,6.5467,358.9,68541.0
2023-01-10 05:00:00,6.077,367.69,75418.0
2023-01-10 06:00:00,6.7801,369.56,74908.0
2023-01-10 07:00:00,7.2542,369.08,85490.0
2023-01-10 08:00:00,7.7699,374.56,99374.0
2023-01-10 09:00:00,8.2232,370.28,88820.0
2023-01-10 10:00:00,9.482,370.98,104987.0
2023-01-10 11:00:00,7.9911,364.97,108024.0
2023-01-10 12:00:00,7.7558,370.74,107600.0
2023-01-10 13:00:00,7.7249,373.41,112374.0
2023-01-10 14:00:00,7.2857,367.96,89386.0
2023-01-10 15:00:00,8.2795,380.35,76564.0
2023-01-10 16:00:00,8.6908,384.76,68015.0
2023-01-10 17:00:00,8.9616,377.38,98482.0
2023-01-10 18:00:00,7.2898,370.22,105152.0
2023-01-10 19:00:00,7.0793,375.93,81070.0
2023-01-10 20:00:00,7.2797,377.29,93155.0
2023-01-10 21:00:00,6.8199,377.27,96107.0
2023-01-10 22:00:00,6.9352,384.54,102191.0
2023-01-10 23:00:00,6.8554,389.56,117510.0
2023-01-11 00:00:00,6.2483,380.89,105043.0
2023-01-11 01:00:00,7.2952,381.77,129813.0
2023-01-11 02:00:00,8.35,391.04,133319.0
2023-01-11 03:00:00,7.5646,399.96,126248.0
2023-01-11 04:00:00,7.7609,392.08,123367.0
2023-01-11 05:00:00,7.7535,386.02,130520.0
2023-01-11 06:00:00,6.6899,380.59,107804.0
2023-01-11 07:00:00,7.3819,387.74,101774.0
2023-01-11 08:00:00,7.0527,392.79,120813.0
2023-01-11 09:00:00,6.509,406.6,117853.0
2023-01-11 10:00:00,6.4592,395.96,111573.0
2023-01-11 11:00:00,6.8098,397.36,108294.0
2023-01-11 12:00:00,6.3207,386.06,101550.0
2023-01-11 13:00:00,6.4136,380.52,108253.0
2023-01-11 14:00:00,6.2612,394.88,107143.0
2023-01-11 15:00:00,6.22,386.04,97801.0
2023-01-11 16:00:00,5.2918,397.78,78843.0
2023-01-11 17:00:00,5.1062,388.95,83365.0
2023-01-11 18:00:00,6.9754,405.56,100125.0
2023-01-11 19:00:00,8.3429,406.07,95510.0
2023-01-11 20:00:00,5.2126,401.04,103894.0
2023-01-11 21:00:00,5.1376,397.44,103133.0
2023-01-11 22:00:00,5.915,408.29,97995.0
2023-01-11 23:00:00,6.8313,402.63,89374.0
2023-01-12 00:00:00,8.1614,417.52,93675.0
2023-01-12 01:00:00,7.4314,415.22,105028.0
2023-01-12 02:00:00,6.7852,411.15,132380.0
2023-01-12 03:00:00,6.744,419.35,111705.0
2023-01-12 04:00:00,6.051,413.73,102536.0
2023-01-12 05:00:00,4.9891,397.12,100834.0
2023-01-12 06:00:00,5.6432,412.09,75562.0
2023-01-12 07:00:00,6.1758,417.65,68391.0
2023-01-12 08:00:00,5.6758,414.93,64014.0
2023-01-12 09:00:00,6.0019,415.22,72912.0
2023-01-12 10:00:00,5.9099,405.06,103661.0
2023-01-12 11:00:00,7.8464,421.76,97778.0
2023-01-12 12:00:00,7.4589,420.35,108439.0
2023-01-12 13:00:00,6.9328,412.25,99081.0
2023-01-12 14:00:00,6.6732,411.64,91990.0
2023-01-12 15:00:00,6.7119,407.03,74881.0
2023-01-12 16:00:00,6.1712,405.48,73224.0
2023-01-12 17:00:00,6.2523,397.72,74030.0
2023-01-12 18:00:00,5.1034,385.3,76840.0
2023-01-12 19:00:00,4.8322,390.21,64368.0
2023-01-12 20:00:00,4.5838,388.55,59908.0
2023-01-12 21:00:00,5.1826,384.69,67612.0
2023-01-12 22:00:00,5.9378,389.21,82605.0
2023-01-12 23:00:00,6.0652,393.78,85670.0
2023-01-13 00:00:00,5.3666,380.09,87585.0
2023-01-13 01:00:00,5.1158,373.19,60778.0
2023-01-13 02:00:00,4.9309,370.63,45752.0
2023-01-13 03:00:00,5.779,374.47,21552.0
2023-01-13 04:00:00,4.8858,387.24,25007.0
2023-01-13 05:00:00,3.475,404.3,51648.0
2023-01-13 06:00:00,4.0489,418.63,65921.0
2023-01-13 07:00:00,3.6189,422.8,69122.0
2023-01-13 08:00:00,2.7232,407.29,91599.0
2023-01-13 09:00:00,2.89,403.98,51531.0
2023-01-13 10:00:00,3.4507,390.16,35754.0
2023-01-13 11:00:00,3.6972,367.07,63373.0
2023-01-13 12:00:00,3.1238,366.67,79539.0
2023-01-13 13:00:00,3.5958,370.68,88759.0
2023-01-13 14:00:00,3.702,373.76,54657.0
2023-01-13 15:00:00,3.7783,375.55,62036.0
2023-01-13 16:00:00,4.7358,378.76,73698.0
2023-01-13 17:00:00,6.2019,395.45,73151.0
2023-01-13 18:00:00,7.0656,419.19,67339.0
2023-01-13 19:00:00,6.7756,427.27,61474.0
2023-01-13 20:00:00,3.8028,454.74,128112.0
2023-01-13 21:00:00,6.4436,499.91,249169.0
2023-01-13 22:00:00,5.6965,492.79,262539.0
2023-01-13 23:00:00,4.6878,491.74,244012.0
2023-01-14 00:00:00,3.5042,499.25,263288.0
2023-01-14 01:00:00,3.5933,512.94,240741.0
2023-01-14 02:00:00,3.5989,523.28,220255.0
2023-01-14 03:00:00,2.5113,501.2,241729.0
2023-01-14 04:00:00,2.4444,520.2,224375.0
2023-01-14 05:00:00,3.1886,512.52,200552.0
2023-01-14 06:00:00,2.8575,541.18,229304.0
2023-01-14 07:00:00,2.3357,521.29,241405.0
2023-01-14 08:00:00,2.1404,501.84,223955.0
2023-01-14 09:00:00,2.3623,492.35,172392.0
2023-01-14 10:00:00,1.784,453.51,155898.0
2023-01-14 11:00:00,1.8751,449.26,140551.0
2023-01-14 12:00:00,1.7223,457.05,122809.0
2023-01-14 13:00:00,1.8425,457.2,146590.0
2023-01-14 14:00:00,2.0659,448.49,152227.0
2023-01-14 15:00:00,1.6448,425.47,110504.0
2023-01-14 16:00:00,1.8311,428.82,90083.0
2023-01-14 17:00:00,1.8444,436.75,66316.0
2023-01-14 18:00:00,2.5142,444.45,54112.0
2023-01-14 19:00:00,3.1549,435.45,46475.0
2023-01-14 20:00:00,3.5181,434.29,43195.0
2023-01-14 21:00:00,3.5721,436.33,52564.0
2023-01-14 22:00:00,3.7601,434.58,66225.0
2023-01-14 23:00:00,3.8517,435.64,81073.0
2023-01-15 00:00:00,4.8929,418.2,119076.0
2023-01-15 01:00:00,4.9974,457.52,147581.0
2023-01-15 02:00:00,5.1245,462.44,157750.0
2023-01-15 03:00:00,4.8573,466.72,169603.0
2023-01-15 04:00:00,4.561,471.6,178745.0
2023-01-15 05:00:00,4.6863,475.78,144842.0
2023-01-15 06:00:00,4.537,462.29,132053.0
2023-01-15 07:00:00,4.6132,461.23,115549.0
2023-01-15 08:00:00,3.6835,460.66,91030.0
2023-01-15 09:00:00,2.8147,428.92,103380.0
2023-01-15 10:00:00,2.4224,422.45,101336.0
2023-01-15 11:00:00,2.8161,431.22,104908.0
2023-01-15 12:00:00,2.8351,421.76,106769.0
2023-01-15 13:00:00,3.1255,415.87,99587.0
2023-01-15 14:00:00,2.9706,415.97,74583.0
2023-01-15 15:00:00,2.7819,417.24,72337.0
2023-01-15 16:00:00,3.0578,413.46,71827.0
2023-01-15 17:00:00,3.9095,409.86,67443.0
2023-01-15 18:00:00,3.2406,422.24,83241.0
2023-01-15 19:00:00,3.7075,446.46,67114.0
2023-01-15 20:00:00,3.4244,464.73,53367.0
2023-01-15 21:00:00,3.1038,456.67,61136.0
2023-01-15 22:00:00,5.4155,455.09,60121.0
2023-01-15 23:00:00,14.1306,484.61,178715.0
2023-01-16 00:00:00,11.5212,504.43,188325.0
2023-01-16 01:00:00,12.3481,512.59,141102.0
2023-01-16 02:00:00,10.6223,523.64,110970.0
2023-01-16 03:00:00,8.8132,523.47,118662.0
2023-01-16 04:00:00,9.5492,513.7,87326.0
2023-01-16 05:00:00,11.293,508.18,77654.0
2023-01-16 06:00:00,9.9747,496.56,76794.0
2023-01-16 07:00:00,8.2933,484.98,68306.0
2023-01-16 08:00:00,7.1558,469.08,81856.0
2023-01-16 09:00:00,4.9162,470.59,95352.0
2023-01-16 10:00:00,3.1629,474.46,82640.0
2023-01-16 11:00:00,5.1996,469.85,96388.0
2023-01-16 12:00:00,7.7017,473.18,87393.0
2023-01-16 13:00:00,8.4544,466.38,50348.0
2023-01-16 14:00:00,8.2509,459.94,57242.0
2023-01-16 15:00:00,7.5119,455.58,59228.0
2023-01-16 16:00:00,6.5951,447.2,60526.0
2023-01-16 17:00:00,4.6674,440.19,96468.0
2023-01-16 18:00:00,4.2012,442.54,111400.0
2023-01-16 19:00:00,4.0548,423.93,88425.0
2023-01-16 20:00:00,4.191,426.86,92686.0
2023-01-16 21:00:00,5.036,433.08,59992.0
2023-01-16 22:00:00,5.0339,454.16,54735.0
2023-01-16 23:00:00,4.9813,450.94,44566.0
2023-01-17 00:00:00,5.2884,437.64,48791.0
2023-01-17 01:00:00,4.383,440.54,48872.0
2023-01-17 02:00:00,4.1897,438.55,64426.0
2023-01-17 03:00:00,5.4285,444.31,49403.0
2023-01-17 04:00:00,8.3532,453.84,34208.0
2023-01-17 05:00:00,6.6728,443.74,51644.0
2023-01-17 06:00:00,4.8687,434.21,74799.0
2023-01-17 07:00:00,4.7224,438.68,77127.0
2023-01-17 08:00:00,4.6174,434.58,79022.0
2023-01-17 09:00:00,5.1619,435.95,72282.0
2023-01-17 10:00:00,5.2408,432.11,62261.0
2023-01-17 11:00:00,4.8159,410.87,54347.0
2023-01-17 12:00:00,4.2366,399.11,65976.0
2023-01-17 13:00:00,4.3116,399.41,60177.0
2023-01-17 14:00:00,4.5152,382.17,66143.0
2023-01-17 15:00:00,4.3448,365.71,60786.0
2023-01-17 16:00:00,4.0007,354.64,68102.0
2023-01-17 17:00:00,3.8519,356.43,72038.0
2023-01-17 18:00:00,3.7472,353.32,70920.0
2023-01-17 19:00:00,4.2144,362.98,104569.0
2023-01-17 20:00:00,4.9047,376.59,85054.0
2023-01-17 21:00:00,12.6746,429.44,115228.0
2023-01-17 22:00:00,8.6843,438.16,50211.0
2023-01-17 23:00:00,6.1973,441.01,33408.0
2023-01-18 00:00:00,5.088,434.48,34601.0
2023-01-18 01:00:00,4.0917,439.62,36760.0
2023-01-18 02:00:00,5.1862,436.58,27537.0
2023-01-18 03:00:00,4.2694,443.24,39463.0
2023-01-18 04:00:00,5.5654,432.05,60719.0
2023-01-18 05:00:00,8.4296,437.25,97507.0
2023-01-18 06:00:00,8.6062,429.45,85206.0
2023-01-18 07:00:00,7.8685,421.51,73991.0
2023-01-18 08:00:00,6.3979,432.94,90319.0
2023-01-18 09:00:00,6.0721,433.73,99375.0
2023-01-18 10:00:00,6.5404,431.85,79563.0
2023-01-18 11:00:00,10.1202,427.1,50746.0
2023-01-18 12:00:00,7.132,425.01,74030.0
2023-01-18 13:00:00,5.62,437.98,105993.0
2023-01-18 14:00:00,4.1676,421.93,116822.0
2023-01-18 15:00:00,5.4696,417.6,51562.0
2023-01-18 16:00:00,3.9833,412.73,54771.0
2023-01-18 17:00:00,3.2916,411.84,66477.0
2023-01-18 18:00:00,2.9346,400.66,81885.0
2023-01-18 19:00:00,2.9186,387.13,114369.0
2023-01-18 20:00:00,3.1924,392.87,111173.0
2023-01-18 21:00:00,2.6412,388.16,76690.0
2023-01-18 22:00:00,2.5008,384.6,70339.0
2023-01-18 23:00:00,2.3159,377.8,148044.0
2023-01-19 00:00:00,2.3756,381.73,129648.0
2023-01-19 01:00:00,2.2947,384.19,89871.0
2023-01-19 02:00:00,2.976,391.15,83812.0
2023-01-19 03:00:00,3.3617,414.38,56035.0
2023-01-19 04:00:00,3.6819,423.73,51432.0
2023-01-19 05:00:00,2.6619,401.58,52820.0
2023-01-19 06:00:00,2.704,390.54,44786.0
2023-01-19 07:00:00,3.9204,416.77,51367.0
2023-01-19 08:00:00,3.8179,394.52,57667.0
2023-01-19 09:00:00,3.1089,382.32,39135.0
2023-01-19 10:00:00,2.9104,376.52,34393.0
2023-01-19 11:00:00,2.8937,372.45,32280.0
2023-01-19 12:00:00,3.036,365.85,24438.0
2023-01-19 13:00:00,2.6962,366.41,30011.0
2023-01-19 14:00:00,2.4727,371.16,36561.0
2023-01-19 15:00:00,2.5099,362.68,34686.0
2023-01-19 16:00:00,2.324,373.29,46474.0
2023-01-19 17:00:00,1.3108,380.5,50773.0
2023-01-19 18:00:00,1.4513,380.86,23694.0
2023-01-19 19:00:00,0.9504,366.23,20121.0
2023-01-19 20:00:00,0.8071,361.21,21281.0
2023-01-19 21:00:00,1.0102,363.35,21154.0
2023-01-19 22:00:00,1.465,362.17,23236.0
2023-01-19 23:00:00,1.6055,374.68,23104.0
2023-01-20 00:00:00,1.9486,384.54,33421.0
2023-01-20 01:00:00,1.1287,410.38,58021.0
2023-01-20 02:00:00,3.0741,450.61,65567.0
2023-01-20 03:00:00,2.8284,428.51,76447.0
2023-01-20 04:00:00,2.1984,409.09,60482.0
2023-01-20 05:00:00,1.6459,404.15,59866.0
2023-01-20 06:00:00,1.7256,404.92,52429.0
2023-01-20 07:00:00,1.704,402.16,60051.0
2023-01-20 08:00:00,2.0766,399.07,58161.0
2023-01-20 09:00:00,2.1408,382.5,57411.0
2023-01-20 10:00:00,1.9343,386.11,68565.0
2023-01-20 11:00:00,2.1479,398.39,66376.0
2023-01-20 12:00:00,1.6309,399.49,60095.0
2023-01-20 13:00:00,1.4314,397.52,53541.0
2023-01-20 14:00:00,1.5948,404.9,44753.0
2023-01-20 15:00:00,1.5424,400.3,35855.0
2023-01-20 16:00:00,1.7477,406.47,19422.0
2023-01-20 17:00:00,2.1904,403.83,31994.0
2023-01-20 18:00:00,3.9571,393.29,48705.0
2023-01-20 19:00:00,3.3249,388.94,48491.0
2023-01-20 20:00:00,3.5085,386.01,52658.0
2023-01-20 21:00:00,3.7967,387.7,66114.0
2023-01-20 22:00:00,4.9588,411.16,85397.0
2023-01-20 23:00:00,7.2719,425.7,113013.0
2023-01-21 00:00:00,8.1549,445.97,138708.0
2023-01-21 01:00:00,5.8953,445.58,141230.0
2023-01-21 02:00:00,6.0564,445.01,125972.0
2023-01-21 03:00:00,7.7231,458.06,175255.0
2023-01-21 04:00:00,7.9103,456.08,194838.0
2023-01-21 05:00:00,5.3875,470.37,214926.0
2023-01-21 06:00:00,4.7641,469.98,208334.0
2023-01-21 07:00:00,5.5162,480.98,239825.0
2023-01-21 08:00:00,4.0877,486.34,269744.0
2023-01-21 09:00:00,3.4,495.33,266276.0
2023-01-21 10:00:00,4.0336,506.34,247814.0
2023-01-21 11:00:00,3.437,486.6,292477.0
2023-01-21 12:00:00,3.2024,492.91,282685.0
2023-01-21 13:00:00,3.5727,473.89,254580.0
2023-01-21 14:00:00,3.2897,467.35,253876.0
2023-01-21 15:00:00,2.8478,474.9,236417.0
2023-01-21 16:00:00,2.7396,496.28,208044.0
2023-01-21 17:00:00,2.9142,479.97,185329.0
2023-01-21 18:00:00,3.1363,457.25,186697.0
2023-01-21 19:00:00,3.2184,453.59,159501.0
2023-01-21 20:00:00,2.9821,437.92,175836.0
2023-01-21 21:00:00,2.7126,437.74,160635.0
2023-01-21 22:00:00,2.6275,440.09,146192.0
2023-01-21 23:00:00,2.5106,451.48,157166.0
2023-01-22 00:00:00,2.8144,435.74,130375.0
2023-01-22 01:00:00,3.0356,422.71,127002.0
2023-01-22 02:00:00,2.9667,426.45,89294.0
2023-01-22 03:00:00,3.0452,410.22,88692.0
2023-01-22 04:00:00,2.8682,410.45,69510.0
2023-01-22 05:00:00,2.8934,416.84,69664.0
2023-01-22 06:00:00,3.4817,426.01,64156.0
2023-01-22 07:00:00,3.2735,422.08,68414.0
2023-01-22 08:00:00,2.7944,404.84,66879.0
2023-01-22 09:00:00,2.8373,414.15,62198.0
2023-01-22 10:00:00,3.1465,431.12,57050.0
2023-01-22 11:00:00,2.704,418.6,60703.0
2023-01-22 12:00:00,2.932,420.61,59723.0
2023-01-22 13:00:00,2.9802,411.84,64344.0
2023-01-22 14:00:00,3.0458,427.14,86077.0
2023-01-22 15:00:00,3.0716,426.45,98468.0
2023-01-22 16:00:00,2.9204,424.15,87845.0
2023-01-22 17:00:00,3.0085,414.24,93248.0
2023-01-22 18:00:00,3.1221,447.07,82889.0
2023-01-22 19:00:00,2.6559,424.89,82151.0
2023-01-22 20:00:00,2.264,423.14,97040.0
2023-01-22 21:00:00,2.4065,424.44,113294.0
2023-01-22 22:00:00,2.4897,416.76,121061.0
2023-01-22 23:00:00,2.004,405.01,111923.0
2023-01-23 00:00:00,1.906,430.45,81456.0
2023-01-23 01:00:00,1.8653,434.19,77359.0
2023-01-23 02:00:00,1.9641,431.77,86649.0
2023-01-23 03:00:00,3.9563,489.86,174280.0
2023-01-23 04:00:00,3.7715,483.02,182163.0
2023-01-23 05:00:00,2.9808,509.14,200498.0
2023-01-23 06:00:00,2.6916,501.26,201945.0
2023-01-23 07:00:00,3.4416,480.84,215460.0
2023-01-23 08:00:00,2.8997,486.37,179887.0
2023-01-23 09:00:00,1.9198,503.82,195771.0
2023-01-23 10:00:00,2.0024,437.55,169504.0
2023-01-23 11:00:00,2.0617,438.5,215743.0
2023-01-23 12:00:00,1.7795,455.52,169394.0
2023-01-23 13:00:00,2.6068,429.24,152354.0
2023-01-23 14:00:00,1.8777,422.95,160751.0
2023-01-23 15:00:00,1.3344,400.9,109017.0
2023-01-23 16:00:00,1.2053,397.83,127394.0
2023-01-23 17:00:00,1.1767,399.37,124216.0
2023-01-23 18:00:00,1.5999,419.41,80922.0
2023-01-23 19:00:00,1.6252,438.85,85904.0
2023-01-23 20:00:00,0.9383,425.95,89506.0
2023-01-23 21:00:00,1.6559,434.49,111332.0
2023-01-23 22:00:00,1.9929,431.27,116093.0
2023-01-23 23:00:00,2.2604,428.96,177081.0
2023-01-24 00:00:00,2.171,433.95,146231.0
2023-01-24 01:00:00,2.2656,432.52,90800.0
2023-01-24 02:00:00,2.1304,425.33,99509.0
2023-01-24 03:00:00,-999.9,-999.9,-1000.0
2023-01-24 04:00:00,2.1526,419.39,64489.0
2023-01-24 05:00:00,2.27,418.29,65530.0
2023-01-24 06:00:00,2.3163,429.41,54784.0
2023-01-24 07:00:00,2.3421,413.05,83401.0
2023-01-24 08:00:00,2.5147,407.57,97280.0
2023-01-24 09:00:00,2.4411,408.84,88586.0
2023-01-24 10:00:00,2.3585,414.56,58026.0
2023-01-24 11:00:00,2.7955,426.84,57007.0
2023-01-24 12:00:00,2.2727,404.13,70988.0
2023-01-24 13:00:00,2.242,398.04,64745.0
2023-01-24 14:00:00,2.102,405.18,75122.0
2023-01-24 15:00:00,2.1632,412.33,57766.0
2023-01-24 16:00:00,2.0582,415.73,45757.0
2023-01-24 17:00:00,2.1831,418.65,44363.0
2023-01-24 18:00:00,2.1111,411.16,43110.0
2023-01-24 19:00:00,1.732,410.52,45361.0
2023-01-24 20:00:00,2.2325,406.35,44684.0
2023-01-24 21:00:00,1.9104,399.76,45410.0
2023-01-24 22:00:00,1.7125,413.22,90040.0
2023-01-24 23:00:00,2.327,388.8,79620.0
2023-01-25 00:00:00,2.1086,398.05,69446.0
2023-01-25 01:00:00,0.7573,429.15,55194.0
2023-01-25 02:00:00,0.9092,418.87,58920.0
2023-01-25 03:00:00,1.3613,432.94,63063.0
2023-01-25 04:00:00,1.4141,411.79,72434.0
2023-01-25 05:00:00,1.2576,424.93,69317.0
2023-01-25 06:00:00,1.4183,416.55,82388.0
2023-01-25 07:00:00,1.8313,414.47,94176.0
2023-01-25 08:00:00,1.9972,424.24,96841.0
2023-01-25 09:00:00,2.0505,438.34,73605.0
2023-01-25 10:00:00,2.0787,445.94,96425.0
2023-01-25 11:00:00,2.3634,410.25,73525.0
2023-01-25 12:00:00,2.2635,399.37,69395.0
2023-01-25 13:00:00,2.2895,399.72,70942.0
2023-01-25 14:00:00,1.7995,389.94,86173.0
2023-01-25 15:00:00,2.0546,393.0,73833.0
2023-01-25 16:00:00,2.2221,409.94,80566.0
2023-01-25 17:00:00,4.069,444.21,47640.0
2023-01-25 18:00:00,3.7546,424.58,67391.0
2023-01-25 19:00:00,4.1018,412.23,67355.0
2023-01-25 20:00:00,4.3426,421.09,61168.0
2023-01-25 21:00:00,3.9587,420.82,67071.0
2023-01-25 22:00:00,3.9656,420.49,76099.0
2023-01-25 23:00:00,4.3619,422.87,89461.0
2023-01-26 00:00:00,4.9496,434.77,77265.0
2023-01-26 01:00:00,3.4611,427.21,91409.0
2023-01-26 02:00:00,4.0898,434.84,91443.0
2023-01-26 03:00:00,4.911,445.18,92666.0
2023-01-26 04:00:00,6.1939,449.32,96970.0
2023-01-26 05:00:00,6.0465,467.11,117302.0
2023-01-26 06:00:00,6.2029,462.99,124061.0
2023-01-26 07:00:00,5.8057,473.44,143018.0
2023-01-26 08:00:00,5.52,471.35,106313.0
2023-01-26 09:00:00,5.4846,468.36,117719.0
2023-01-26 10:00:00,6.2874,467.98,128269.0
2023-01-26 11:00:00,5.5044,470.92,132335.0
2023-01-26 12:00:00,4.8573,495.79,169449.0
2023-01-26 13:00:00,4.4969,507.12,155965.0
2023-01-26 14:00:00,4.0116,506.71,165510.0
2023-01-26 15:00:00,-999.9,-999.9,-1000.0
2023-01-26 16:00:00,3.7202,490.89,126716.0
2023-01-26 17:00:00,3.9048,516.55,117106.0
2023-01-26 18:00:00,4.1063,546.15,164122.0
2023-01-26 19:00:00,3.6068,540.0,174058.0
2023-01-26 20:00:00,3.4302,527.3,187446.0
2023-01-26 21:00:00,2.6616,533.59,228370.0
2023-01-26 22:00:00,1.9163,538.68,266156.0
2023-01-26 23:00:00,1.712,546.2,264925.0
2023-01-27 00:00:00,1.6362,537.6,239579.0
2023-01-27 01:00:00,1.5699,536.3,206067.0
2023-01-27 02:00:00,1.8398,544.46,192557.0
2023-01-27 03:00:00,1.9628,552.45,173590.0
2023-01-27 04:00:00,2.0578,547.8,178578.0
2023-01-27 05:00:00,-999.9,-999.9,-1000.0
2023-01-27 06:00:00,1.5995,522.05,132009.0
2023-01-27 07:00:00,-999.9,-999.9,-1000.0
2023-01-27 08:00:00,1.9326,526.8,139645.0
2023-01-27 09:00:00,1.5955,536.38,170122.0
2023-01-27 10:00:00,1.3719,575.04,208595.0
2023-01-27 11:00:00,1.5275,573.05,221970.0
2023-01-27 12:00:00,1.5969,586.86,263776.0
2023-01-27 13:00:00,1.5971,572.56,238738.0
2023-01-27 14:00:00,1.6421,570.15,246079.0
2023-01-27 15:00:00,1.8513,573.95,222907.0
2023-01-27 16:00:00,2.0076,560.87,236517.0
2023-01-27 17:00:00,2.0528,560.99,237538.0
2023-01-27 18:00:00,2.2442,545.49,181993.0
2023-01-27 19:00:00,2.2509,554.33,174034.0
2023-01-27 20:00:00,2.1235,525.81,191504.0
2023-01-27 21:00:00,2.1662,542.77,165700.0
2023-01-27 22:00:00,1.4257,522.21,129321.0
2023-01-27 23:00:00,0.809,514.25,84828.0
2023-01-28 00:00:00,0.496,505.21,98909.0
2023-01-28 01:00:00,1.1201,508.9,120372.0
2023-01-28 02:00:00,2.0844,510.34,104686.0
2023-01-28 03:00:00,2.0828,529.42,135359.0
2023-01-28 04:00:00,2.5583,527.45,110759.0
2023-01-28 05:00:00,2.5433,533.8,114944.0
2023-01-28 06:00:00,2.5153,533.02,116540.0
2023-01-28 07:00:00,1.949,527.55,92916.0
2023-01-28 08:00:00,1.8924,526.14,95475.0
2023-01-28 09:00:00,1.8125,513.23,98354.0
2023-01-28 10:00:00,1.9644,514.94,110021.0
2023-01-28 11:00:00,2.3988,536.08,139978.0
2023-01-28 12:00:00,2.3706,545.96,132251.0
2023-01-28 13:00:00,2.6367,546.13,138794.0
2023-01-28 14:00:00,2.5367,522.49,144814.0
2023-01-28 15:00:00,2.0119,543.67,123817.0
2023-01-28 16:00:00,2.6613,512.78,135601.0
2023-01-28 17:00:00,2.7008,511.94,133314.0
2023-01-28 18:00:00,2.4349,520.98,129828.0
2023-01-28 19:00:00,2.3876,518.16,129716.0
2023-01-28 20:00:00,2.6515,499.64,119375.0
2023-01-28 21:00:00,2.2921,506.22,118952.0
2023-01-28 22:00:00,2.403,496.72,97526.0
2023-01-28 23:00:00,2.5763,495.61,88540.0
2023-01-29 00:00:00,3.3304,484.71,87149.0
2023-01-29 01:00:00,3.2052,482.18,89949.0
2023-01-29 02:00:00,3.2198,481.36,79143.0
2023-01-29 03:00:00,2.7587,474.85,77794.0
2023-01-29 04:00:00,3.0703,467.8,74136.0
2023-01-29 05:00:00,3.3866,474.28,78294.0
2023-01-29 06:00:00,3.5492,468.21,85229.0
2023-01-29 07:00:00,3.7429,476.06,63591.0
2023-01-29 08:00:00,3.3899,482.11,68907.0
2023-01-29 09:00:00,3.0401,483.15,62032.0
2023-01-29 10:00:00,2.7375,481.99,69895.0
2023-01-29 11:00:00,2.5895,476.15,75113.0
2023-01-29 12:00:00,3.1655,466.28,78148.0
2023-01-29 13:00:00,2.62,468.32,81864.0
2023-01-29 14:00:00,2.623,457.18,78659.0
2023-01-29 15:00:00,2.8283,467.97,76611.0
2023-01-29 16:00:00,3.4961,460.4,78324.0
2023-01-29 17:00:00,3.4634,458.67,86820.0
2023-01-29 18:00:00,3.4276,459.99,93571.0
2023-01-29 19:00:00,3.2301,456.54,90737.0
2023-01-29 20:00:00,3.2443,456.17,94767.0
2023-01-29 21:00:00,3.18,458.94,85533.0
2023-01-29 22:00:00,3.0699,458.15,77927.0
2023-01-29 23:00:00,3.2092,455.63,61474.0
2023-01-30 00:00:00,3.368,441.99,35507.0
2023-01-30 01:00:00,3.4102,432.94,43121.0
2023-01-30 02:00:00,3.5748,431.11,28479.0
2023-01-30 03:00:00,3.7147,422.73,34578.0
2023-01-30 04:00:00,3.1295,417.45,28209.0
2023-01-30 05:00:00,2.6259,413.46,27822.0
2023-01-30 06:00:00,2.2278,408.35,29101.0
2023-01-30 07:00:00,1.884,400.26,33094.0
2023-01-30 08:00:00,2.7171,397.73,38001.0
2023-01-30 09:00:00,2.6753,400.57,42118.0
2023-01-30 10:00:00,2.1128,388.67,36782.0
2023-01-30 11:00:00,1.5946,384.11,37250.0
2023-01-30 12:00:00,1.002,381.11,37888.0
2023-01-30 13:00:00,0.492,386.58,37871.0
2023-01-30 14:00:00,0.3944,388.37,47005.0
2023-01-30 15:00:00,0.7249,395.87,57007.0
2023-01-30 16:00:00,0.5076,389.67,68128.0
2023-01-30 17:00:00,0.7438,385.3,72859.0
2023-01-30 18:00:00,0.4374,369.71,70253.0
2023-01-30 19:00:00,0.8108,380.47,66217.0
2023-01-30 20:00:00,2.345,433.8,92586.0
2023-01-30 21:00:00,3.7016,476.19,119893.0
2023-01-30 22:00:00,2.8023,457.6,98647.0
2023-01-30 23:00:00,3.0116,452.56,77008.0
2023-01-31 00:00:00,3.5405,451.84,59550.0
2023-01-31 01:00:00,3.9202,467.33,121619.0
2023-01-31 02:00:00,4.0756,482.3,127572.0
2023-01-31 03:00:00,3.9491,474.43,115954.0
2023-01-31 04:00:00,3.0612,466.31,106062.0
2023-01-31 05:00:00,3.6171,476.4,93164.0
2023-01-31 06:00:00,2.9511,483.45,138290.0
2023-01-31 07:00:00,2.934,489.07,137112.0
2023-01-31 08:00:00,3.3424,476.27,92026.0
2023-01-31 09:00:00,3.5832,472.23,81217.0
2023-01-31 10:00:00,4.1637,484.98,111747.0
2023-01-31 11:00:00,-999.9,-999.9,-1000.0
2023-01-31 12:00:00,3.5435,467.11,97339.0
2023-01-31 13:00:00,3.0537,480.44,127791.0
2023-01-31 14:00:00,3.374,460.82,96451.0
2023-01-31 15:00:00,3.0855,456.23,113906.0
2023-01-31 16:00:00,2.6492,455.32,137924.0
2023-01-31 17:00:00,2.1898,454.01,122043.0
2023-01-31 18:00:00,1.7779,462.57,154299.0
2023-01-31 19:00:00,1.1226,467.96,136726.0
2023-01-31 20:00:00,1.0106,464.16,120331.0
2023-01-31 21:00:00,1.8646,444.72,80926.0
2023-01-31 22:00:00,2.0342,438.89,68160.0
2023-01-31 23:00:00,2.0818,434.74,77281.0
2023-02-01 00:00:00,1.319,424.21,34146.0
2023-02-01 01:00:00,0.9908,411.66,19336.0
2023-02-01 02:00:00,0.8638,404.37,10824.0
2023-02-01 03:00:00,1.0718,387.7,13623.0
2023-02-01 04:00:00,2.272,380.83,10389.0
2023-02-01 05:00:00,3.6561,373.57,7874.0
2023-02-01 06:00:00,4.8957,365.36,6956.0
2023-02-01 07:00:00,5.7881,360.56,9538.0
2023-02-01 08:00:00,5.9413,361.14,9392.0
2023-02-01 09:00:00,6.215,362.15,9222.0
2023-02-01 10:00:00,7.229,359.85,13811.0
2023-02-01 11:00:00,9.0018,354.93,9572.0
2023-02-01 12:00:00,9.9331,351.54,9520.0
2023-02-01 13:00:00,11.0851,349.32,10060.0
2023-02-01 14:00:00,11.1129,348.55,9882.0
2023-02-01 15:00:00,15.9626,357.3,14388.0
2023-02-01 16:00:00,21.8832,366.61,22904.0
2023-02-01 17:00:00,12.5086,374.43,35398.0
2023-02-01 18:00:00,6.6671,411.98,85012.0
2023-02-01 19:00:00,6.8094,422.29,149772.0
2023-02-01 20:00:00,6.0753,416.1,165088.0
2023-02-01 21:00:00,5.4318,405.47,146379.0
2023-02-01 22:00:00,6.414,410.76,139959.0
2023-02-01 23:00:00,6.7942,420.01,129655.0
2023-02-02 00:00:00,7.6474,424.2,117209.0
2023-02-02 01:00:00,7.1265,420.18,115928.0
2023-02-02 02:00:00,6.4814,416.57,113239.0
2023-02-02 03:00:00,5.84,397.79,118674.0
2023-02-02 04:00:00,5.6223,394.34,109712.0
2023-02-02 05:00:00,4.6392,396.69,100169.0
2023-02-02 06:00:00,4.2705,392.36,97399.0
2023-02-02 07:00:00,3.9697,388.23,102669.0
2023-02-02 08:00:00,2.9108,379.35,95904.0
2023-02-02 09:00:00,2.6314,377.55,86790.0
2023-02-02 10:00:00,2.6861,379.21,75767.0
2023-02-02 11:00:00,2.5668,381.39,82014.0
2023-02-02 12:00:00,2.4174,379.42,90553.0
2023-02-02 13:00:00,2.6916,377.95,67235.0
2023-02-02 14:00:00,2.1338,379.39,56585.0
2023-02-02 15:00:00,1.7679,370.49,47755.0
2023-02-02 16:00:00,1.3741,364.64,45523.0
2023-02-02 17:00:00,1.6966,352.99,43877.0
2023-02-02 18:00:00,2.0992,334.7,33574.0
2023-02-02 19:00:00,2.2267,338.03,43706.0
2023-02-02 20:00:00,2.3624,338.2,51395.0
2023-02-02 21:00:00,2.7321,332.78,40218.0
2023-02-02 22:00:00,3.9349,327.8,26461.0
2023-02-02 23:00:00,8.2693,342.23,25111.0
2023-02-03 00:00:00,9.4366,346.62,22775.0
2023-02-03 01:00:00,7.7269,342.57,23171.0
2023-02-03 02:00:00,6.0066,340.58,24876.0
2023-02-03 03:00:00,5.978,337.67,28828.0
2023-02-03 04:00:00,5.9028,341.58,22990.0
2023-02-03 05:00:00,6.3338,343.83,20423.0
2023-02-03 06:00:00,4.7515,345.28,23920.0
2023-02-03 07:00:00,3.8547,347.55,40062.0
2023-02-03 08:00:00,6.0408,350.1,36724.0
2023-02-03 09:00:00,6.4125,345.41,36360.0
2023-02-03 10:00:00,7.642,347.68,29892.0
2023-02-03 11:00:00,8.7994,363.14,28553.0
2023-02-03 12:00:00,5.965,368.33,27541.0
2023-02-03 13:00:00,5.7286,364.32,23165.0
2023-02-03 14:00:00,5.8765,366.41,23252.0
2023-02-03 15:00:00,5.5856,360.48,21810.0
2023-02-03 16:00:00,7.1146,358.51,21340.0
2023-02-03 17:00:00,7.4505,355.31,22125.0
2023-02-03 18:00:00,8.7587,346.08,35257.0
2023-02-03 19:00:00,7.2424,348.49,39245.0
2023-02-03 20:00:00,6.518,345.62,33194.0
2023-02-03 21:00:00,7.5908,344.43,39620.0
2023-02-03 22:00:00,6.3753,341.44,42435.0
2023-02-03 23:00:00,6.8264,342.2,35903.0
2023-02-04 00:00:00,6.8623,344.28,38219.0
2023-02-04 01:00:00,6.6677,345.42,37623.0
2023-02-04 02:00:00,6.3495,341.61,37818.0
2023-02-04 03:00:00,4.8494,334.99,27063.0
2023-02-04 04:00:00,3.6204,328.71,38462.0
2023-02-04 05:00:00,3.4504,326.45,45615.0
2023-02-04 06:00:00,3.243,328.09,47519.0
2023-02-04 07:00:00,3.2071,324.18,34819.0
2023-02-04 08:00:00,2.3222,315.07,24605.0
2023-02-04 09:00:00,2.461,317.24,28281.0
2023-02-04 10:00:00,2.5215,328.7,57979.0
2023-02-04 11:00:00,3.2984,331.59,70615.0
2023-02-04 12:00:00,3.6152,334.84,60535.0
2023-02-04 13:00:00,3.2639,338.63,60179.0
2023-02-04 14:00:00,2.6556,340.01,58881.0
2023-02-04 15:00:00,3.786,336.15,42058.0
2023-02-04 16:00:00,3.6793,332.77,38974.0
2023-02-04 17:00:00,4.0518,332.48,34248.0
2023-02-04 18:00:00,3.1841,331.22,38241.0
2023-02-04 19:00:00,3.0622,334.18,46128.0
2023-02-04 20:00:00,2.7836,336.63,50976.0
2023-02-04 21:00:00,3.7758,337.69,54687.0
2023-02-04 22:00:00,3.2959,338.63,48894.0
2023-02-04 23:00:00,3.7985,343.32,60352.0
2023-02-05 00:00:00,4.0582,347.68,52264.0
2023-02-05 01:00:00,4.0781,352.37,42093.0
2023-02-05 02:00:00,4.6967,358.26,35827.0
2023-02-05 03:00:00,4.7575,369.97,33994.0
2023-02-05 04:00:00,4.5596,357.96,31946.0
2023-02-05 05:00:00,4.3724,360.12,32531.0
2023-02-05 06:00:00,4.2309,344.33,33834.0
2023-02-05 07:00:00,3.9509,342.97,39439.0
2023-02-05 08:00:00,4.4117,355.3,32266.0
2023-02-05 09:00:00,4.2275,348.73,32566.0
2023-02-05 10:00:00,4.4259,344.93,37630.0
2023-02-05 11:00:00,5.2024,344.13,37488.0
2023-02-05 12:00:00,5.8802,345.07,39528.0
2023-02-05 13:00:00,7.5281,346.24,30650.0
2023-02-05 14:00:00,6.2991,347.73,31464.0
2023-02-05 15:00:00,5.2062,346.31,34610.0
2023-02-05 16:00:00,7.9147,351.54,48189.0
2023-02-05 17:00:00,8.5632,351.79,54554.0
2023-02-05 18:00:00,9.6905,350.45,80584.0
2023-02-05 19:00:00,11.574,349.48,65821.0
2023-02-05 20:00:00,9.6693,343.14,70388.0
2023-02-05 21:00:00,10.8802,342.56,66998.0
2023-02-05 22:00:00,9.3275,357.52,67278.0
2023-02-05 23:00:00,10.706,368.27,57892.0
2023-02-06 00:00:00,9.5614,371.01,59476.0
2023-02-06 01:00:00,6.5751,385.85,121691.0
2023-02-06 02:00:00,6.2998,394.06,137502.0
2023-02-06 03:00:00,5.8964,388.36,137381.0
2023-02-06 04:00:00,7.1043,396.03,131027.0
2023-02-06 05:00:00,6.3555,394.72,93897.0
2023-02-06 06:00:00,5.948,402.51,103115.0
2023-02-06 07:00:00,6.8624,398.18,110813.0
2023-02-06 08:00:00,6.6831,405.03,128645.0
2023-02-06 09:00:00,6.7354,417.83,171249.0
2023-02-06 10:00:00,7.8008,425.47,200145.0
2023-02-06 11:00:00,6.4916,425.98,193832.0
2023-02-06 12:00:00,5.7385,427.71,166401.0
2023-02-06 13:00:00,5.3555,427.63,146297.0
2023-02-06 14:00:00,4.6511,420.69,135763.0
2023-02-06 15:00:00,5.1893,422.36,141213.0
2023-02-06 16:00:00,6.2977,419.38,134487.0
2023-02-06 17:00:00,5.784,435.46,143353.0
2023-02-06 18:00:00,6.5816,468.96,178651.0
2023-02-06 19:00:00,6.3199,480.92,196288.0
2023-02-06 20:00:00,-999.9,-999.9,-1000.0
2023-02-06 21:00:00,4.061,483.69,178486.0
2023-02-06 22:00:00,4.8222,505.73,203446.0
2023-02-06 23:00:00,-999.9,-999.9,-1000.0
2023-02-07 00:00:00,-999.9,-999.9,-1000.0
2023-02-07 01:00:00,4.6639,497.17,147627.0
2023-02-07 02:00:00,4.449,504.75,160182.0
2023-02-07 03:00:00,4.4462,512.2,186506.0
2023-02-07 04:00:00,4.603,519.67,220270.0
2023-02-07 05:00:00,4.1239,537.21,232254.0
2023-02-07 06:00:00,3.2353,551.61,270492.0
2023-02-07 07:00:00,3.1464,557.77,278707.0
2023-02-07 08:00:00,2.8819,553.06,276666.0
2023-02-07 09:00:00,2.5494,549.3,281285.0
2023-02-07 10:00:00,2.5205,549.83,191866.0
2023-02-07 11:00:00,2.2794,533.05,178245.0
2023-02-07 12:00:00,2.133,525.68,157702.0
2023-02-07 13:00:00,2.2174,537.62,203958.0
2023-02-07 14:00:00,2.2639,525.92,160571.0
2023-02-07 15:00:00,2.6791,511.86,99848.0
2023-02-07 16:00:00,2.8721,517.22,129335.0
2023-02-07 17:00:00,2.3868,506.21,120573.0
2023-02-07 18:00:00,2.5629,501.96,128688.0
2023-02-07 19:00:00,2.5469,513.41,120402.0
2023-02-07 20:00:00,2.4592,501.19,131777.0
2023-02-07 21:00:00,2.523,511.27,153266.0
2023-02-07 22:00:00,2.905,503.51,145788.0
2023-02-07 23:00:00,2.8546,516.71,135673.0
2023-02-08 00:00:00,3.1384,523.77,160785.0
2023-02-08 01:00:00,3.3395,528.44,172485.0
2023-02-08 02:00:00,3.1361,530.42,148626.0
2023-02-08 03:00:00,3.2071,527.24,149478.0
2023-02-08 04:00:00,2.902,507.91,145289.0
2023-02-08 05:00:00,2.6627,502.21,110661.0
2023-02-08 06:00:00,2.5112,508.46,119747.0
2023-02-08 07:00:00,3.0807,512.84,136355.0
2023-02-08 08:00:00,2.8765,511.08,134740.0
2023-02-08 09:00:00,3.0757,557.92,290164.0
2023-02-08 10:00:00,2.0151,578.08,234706.0
2023-02-08 11:00:00,2.4469,582.08,220086.0
2023-02-08 12:00:00,2.8347,594.31,216271.0
2023-02-08 13:00:00,2.6034,606.18,203316.0
2023-02-08 14:00:00,3.2243,589.17,197955.0
2023-02-08 15:00:00,3.3111,592.97,216998.0
2023-02-08 16:00:00,2.9213,582.67,205043.0
2023-02-08 17:00:00,2.4471,599.26,214160.0
2023-02-08 18:00:00,2.4689,600.08,208691.0
2023-02-08 19:00:00,2.3564,597.94,186618.0
2023-02-08 20:00:00,2.5241,577.26,211102.0
2023-02-08 21:00:00,2.7896,557.83,197383.0
2023-02-08 22:00:00,2.5143,555.17,210450.0
2023-02-08 23:00:00,2.3773,553.7,204753.0
2023-02-09 00:00:00,2.2677,557.56,126193.0
2023-02-09 01:00:00,2.3251,551.1,164606.0
2023-02-09 02:00:00,2.4351,555.49,157573.0
2023-02-09 03:00:00,2.1943,543.47,233380.0
2023-02-09 04:00:00,2.0696,544.76,283629.0
2023-02-09 05:00:00,2.4544,557.05,243028.0
2023-02-09 06:00:00,2.4885,568.09,245836.0
2023-02-09 07:00:00,2.4077,566.11,244793.0
2023-02-09 08:00:00,1.9297,572.45,225832.0
2023-02-09 09:00:00,1.8162,562.58,189009.0
2023-02-09 10:00:00,1.5049,549.28,169080.0
2023-02-09 11:00:00,1.3218,539.88,188909.0
2023-02-09 12:00:00,1.4831,530.5,235702.0
2023-02-09 13:00:00,1.5955,528.88,215060.0
2023-02-09 14:00:00,1.7291,535.41,154965.0
2023-02-09 15:00:00,1.5951,511.26,138790.0
2023-02-09 16:00:00,1.324,504.27,114794.0
2023-02-09 17:00:00,1.6875,501.29,28406.0
2023-02-09 18:00:00,1.5072,490.83,31477.0
2023-02-09 19:00:00,1.823,483.63,61687.0
2023-02-09 20:00:00,1.5957,473.03,67873.0
2023-02-09 21:00:00,1.8162,457.51,82630.0
2023-02-09 22:00:00,2.4679,457.93,92402.0
2023-02-09 23:00:00,2.6266,460.89,108778.0
2023-02-10 00:00:00,2.7543,464.78,75138.0
2023-02-10 01:00:00,2.0752,463.89,110794.0
2023-02-10 02:00:00,2.0208,466.41,136648.0
2023-02-10 03:00:00,2.2286,476.18,134514.0
2023-02-10 04:00:00,1.7955,469.64,110371.0
2023-02-10 05:00:00,1.9907,464.57,108839.0
2023-02-10 06:00:00,1.8791,463.57,128337.0
2023-02-10 07:00:00,2.4294,464.88,145742.0
2023-02-10 08:00:00,2.5792,462.72,134759.0
2023-02-10 09:00:00,3.1716,466.32,160282.0
2023-02-10 10:00:00,3.3994,468.73,135396.0
2023-02-10 11:00:00,3.7029,475.9,118339.0
2023-02-10 12:00:00,2.4427,476.16,145403.0
2023-02-10 13:00:00,1.9338,509.56,216250.0
2023-02-10 14:00:00,1.7231,520.02,238347.0
2023-02-10 15:00:00,1.7182,522.7,299399.0
2023-02-10 16:00:00,1.5512,530.41,249862.0
2023-02-10 17:00:00,1.7564,520.03,222461.0
2023-02-10 18:00:00,1.7923,501.61,187413.0
2023-02-10 19:00:00,2.032,509.7,144481.0
2023-02-10 20:00:00,2.5138,509.32,123321.0
2023-02-10 21:00:00,2.7457,511.58,115679.0
2023-02-10 22:00:00,3.2915,509.81,100575.0
2023-02-10 23:00:00,5.3313,511.01,58209.0
2023-02-11 00:00:00,5.5408,506.71,51923.0
2023-02-11 01:00:00,5.1558,499.53,59480.0
2023-02-11 02:00:00,5.013,476.24,54107.0
2023-02-11 03:00:00,5.1554,483.81,47984.0
2023-02-11 04:00:00,5.6781,475.44,56978.0
2023-02-11 05:00:00,5.8049,469.86,56539.0
2023-02-11 06:00:00,5.2099,474.76,48794.0
2023-02-11 07:00:00,5.179,466.65,46002.0
2023-02-11 08:00:00,5.0663,466.34,64617.0
2023-02-11 09:00:00,2.6357,477.03,150888.0
2023-02-11 10:00:00,2.2387,480.09,155101.0
2023-02-11 11:00:00,2.2568,475.16,140065.0
2023-02-11 12:00:00,1.8902,477.11,151935.0
2023-02-11 13:00:00,1.8751,469.37,138357.0
2023-02-11 14:00:00,1.4543,466.01,108808.0
2023-02-11 15:00:00,1.5225,465.24,94352.0
2023-02-11 16:00:00,1.4268,485.64,154653.0
2023-02-11 17:00:00,1.7301,500.16,207065.0
2023-02-11 18:00:00,1.5505,495.12,181479.0
2023-02-11 19:00:00,1.4278,520.9,203169.0
2023-02-11 20:00:00,-999.9,-999.9,-1000.0
2023-02-11 21:00:00,1.5083,494.29,195490.0
2023-02-11 22:00:00,1.3216,505.4,173315.0
2023-02-11 23:00:00,1.1225,491.1,193424.0
2023-02-12 00:00:00,1.2776,470.68,178982.0
2023-02-12 01:00:00,1.1167,462.3,183633.0
2023-02-12 02:00:00,1.3565,451.03,137729.0
2023-02-12 03:00:00,1.2444,460.72,125337.0
2023-02-12 04:00:00,1.3087,460.87,122401.0
2023-02-12 05:00:00,1.4235,448.59,99305.0
2023-02-12 06:00:00,1.5515,462.35,87736.0
2023-02-12 07:00:00,1.5971,448.75,81201.0
2023-02-12 08:00:00,1.1239,444.76,95997.0
2023-02-12 09:00:00,1.1405,443.54,121293.0
2023-02-12 10:00:00,1.0862,455.36,112114.0
2023-02-12 11:00:00,0.7721,460.91,123349.0
2023-02-12 12:00:00,0.9736,447.37,95510.0
2023-02-12 13:00:00,1.4615,437.95,65830.0
2023-02-12 14:00:00,1.4992,441.67,52318.0
2023-02-12 15:00:00,1.5238,435.98,65617.0
2023-02-12 16:00:00,-999.9,-999.9,-1000.0
2023-02-12 17:00:00,1.3567,412.78,99191.0
2023-02-12 18:00:00,1.198,416.91,126355.0
2023-02-12 19:00:00,1.3028,419.73,96767.0
2023-02-12 20:00:00,1.4974,407.99,72322.0
2023-02-12 21:00:00,1.7258,395.63,74351.0
2023-02-12 22:00:00,2.013,404.96,60056.0
2023-02-12 23:00:00,2.6054,402.14,38390.0
2023-02-13 00:00:00,2.7714,392.25,24230.0
2023-02-13 01:00:00,3.3335,384.69,21397.0
2023-02-13 02:00:00,3.918,380.87,20945.0
2023-02-13 03:00:00,4.3209,376.77,22356.0
2023-02-13 04:00:00,4.6208,370.71,19250.0
2023-02-13 05:00:00,4.5431,368.52,18856.0
2023-02-13 06:00:00,4.615,372.03,22072.0
2023-02-13 07:00:00,3.4011,367.16,24489.0
2023-02-13 08:00:00,2.7781,361.19,22722.0
2023-02-13 09:00:00,3.3928,361.81,20725.0
2023-02-13 10:00:00,2.9888,358.96,23055.0
2023-02-13 11:00:00,3.3001,358.02,22877.0
2023-02-13 12:00:00,3.5806,353.73,25084.0
2023-02-13 13:00:00,3.303,352.74,27460.0
2023-02-13 14:00:00,3.6776,352.8,24633.0
2023-02-13 15:00:00,4.5166,355.0,21774.0
2023-02-13 16:00:00,4.7406,354.4,22384.0
2023-02-13 17:00:00,2.4124,339.13,24602.0
2023-02-13 18:00:00,2.0153,334.86,24287.0
2023-02-13 19:00:00,2.364,355.36,30590.0
2023-02-13 20:00:00,2.5049,368.65,21178.0
2023-02-13 21:00:00,2.8627,370.62,11655.0
2023-02-13 22:00:00,2.9026,361.74,19607.0
2023-02-13 23:00:00,3.4903,359.7,23744.0
2023-02-14 00:00:00,5.3211,369.96,39347.0
2023-02-14 01:00:00,7.9076,388.56,64579.0
2023-02-14 02:00:00,6.3059,394.46,52583.0
2023-02-14 03:00:00,4.8237,391.51,63692.0
2023-02-14 04:00:00,5.7682,390.14,72326.0
2023-02-14 05:00:00,5.5843,377.42,102415.0
2023-02-14 06:00:00,5.1978,380.8,101057.0
2023-02-14 07:00:00,5.7147,368.55,74636.0
2023-02-14 08:00:00,5.3979,364.07,83741.0
2023-02-14 09:00:00,6.3994,367.58,58496.0
2023-02-14 10:00:00,7.435,364.78,46132.0
2023-02-14 11:00:00,-999.9,-999.9,-1000.0
2023-02-14 12:00:00,7.2125,355.47,49116.0
2023-02-14 13:00:00,6.816,349.51,44765.0
2023-02-14 14:00:00,6.2656,345.12,36310.0
2023-02-14 15:00:00,6.0236,347.76,31233.0
2023-02-14 16:00:00,5.4999,343.13,32808.0
2023-02-14 17:00:00,5.4249,340.94,27803.0
2023-02-14 18:00:00,4.563,334.06,43368.0
2023-02-14 19:00:00,4.4084,327.82,38382.0
2023-02-14 20:00:00,5.6949,327.9,28773.0
2023-02-14 21:00:00,7.0451,327.16,32034.0
2023-02-14 22:00:00,19.2125,351.42,40792.0
2023-02-14 23:00:00,16.9076,348.52,44409.0
2023-02-15 00:00:00,14.926,344.93,46272.0
2023-02-15 01:00:00,14.8658,345.0,44167.0
2023-02-15 02:00:00,14.5624,344.78,50040.0
2023-02-15 03:00:00,18.6831,348.74,50740.0
2023-02-15 04:00:00,18.6844,348.42,31741.0
2023-02-15 05:00:00,18.2411,348.26,23578.0
2023-02-15 06:00:00,19.9105,348.87,25848.0
2023-02-15 07:00:00,20.113,343.84,25011.0
2023-02-15 08:00:00,23.4037,343.58,26912.0
2023-02-15 09:00:00,15.9693,346.58,25526.0
2023-02-15 10:00:00,14.3944,345.01,29961.0
2023-02-15 11:00:00,12.9289,339.39,27689.0
2023-02-15 12:00:00,12.3305,336.75,35739.0
2023-02-15 13:00:00,9.5106,333.35,34000.0
2023-02-15 14:00:00,8.4982,330.44,28273.0
2023-02-15 15:00:00,9.8241,331.37,28538.0
2023-02-15 16:00:00,10.2799,332.0,31798.0
2023-02-15 17:00:00,7.9686,329.19,35056.0
2023-02-15 18:00:00,6.2916,332.28,36766.0
2023-02-15 19:00:00,4.9792,334.89,45035.0
2023-02-15 20:00:00,5.3426,334.95,43864.0
2023-02-15 21:00:00,6.1098,324.11,33731.0
2023-02-15 22:00:00,9.666,325.71,28683.0
2023-02-15 23:00:00,8.5506,332.66,37848.0
2023-02-16 00:00:00,19.9146,339.12,27533.0
2023-02-16 01:00:00,20.8002,347.58,25797.0
2023-02-16 02:00:00,12.9844,354.51,47874.0
2023-02-16 03:00:00,13.3449,358.1,55733.0
2023-02-16 04:00:00,14.6057,369.23,34718.0
2023-02-16 05:00:00,7.8485,382.31,63755.0
2023-02-16 06:00:00,7.2044,383.29,87766.0
2023-02-16 07:00:00,5.1301,380.69,35219.0
2023-02-16 08:00:00,4.8091,412.59,116021.0
2023-02-16 09:00:00,3.6867,405.47,153814.0
2023-02-16 10:00:00,8.253,427.17,181933.0
2023-02-16 11:00:00,8.3021,435.0,167155.0
2023-02-16 12:00:00,7.2882,462.62,162878.0
2023-02-16 13:00:00,6.5041,438.47,151787.0
2023-02-16 14:00:00,7.502,433.72,225267.0
2023-02-16 15:00:00,8.0585,431.5,219516.0
2023-02-16 16:00:00,3.5351,449.3,251190.0
2023-02-16 17:00:00,2.9466,465.17,298736.0
2023-02-16 18:00:00,3.2062,479.06,304044.0
2023-02-16 19:00:00,3.9743,496.19,283216.0
2023-02-16 20:00:00,3.0015,505.08,311889.0
2023-02-16 21:00:00,3.6016,491.46,291796.0
2023-02-16 22:00:00,3.4633,498.96,321706.0
2023-02-16 23:00:00,3.6357,479.97,259748.0
2023-02-17 00:00:00,3.4002,490.21,252567.0
2023-02-17 01:00:00,1.9662,497.71,224665.0
2023-02-17 02:00:00,1.3969,535.92,189714.0
2023-02-17 03:00:00,1.2728,507.32,170605.0
2023-02-17 04:00:00,1.4469,522.31,205293.0
2023-02-17 05:00:00,1.6899,530.81,216622.0
2023-02-17 06:00:00,1.646,529.39,202178.0
2023-02-17 07:00:00,-999.9,-999.9,-1000.0
2023-02-17 08:00:00,-999.9,-999.9,-1000.0
2023-02-17 09:00:00,1.4523,491.29,127158.0
2023-02-17 10:00:00,1.5368,495.22,113955.0
2023-02-17 11:00:00,-999.9,-999.9,-1000.0
2023-02-17 12:00:00,1.6303,478.52,87124.0
2023-02-17 13:00:00,1.7586,469.38,89037.0
2023-02-17 14:00:00,1.8241,458.02,75412.0
2023-02-17 15:00:00,1.8808,454.89,77397.0
2023-02-17 16:00:00,1.7945,456.17,77277.0
2023-02-17 17:00:00,1.944,454.58,72140.0
2023-02-17 18:00:00,1.5195,461.28,76889.0
2023-02-17 19:00:00,1.7131,447.66,73331.0
2023-02-17 20:00:00,1.7897,450.25,71282.0
2023-02-17 21:00:00,1.696,439.1,75337.0
2023-02-17 22:00:00,1.7953,435.57,75834.0
2023-02-17 23:00:00,2.233,426.97,67007.0
2023-02-18 00:00:00,2.3169,404.23,84065.0
2023-02-18 01:00:00,2.2351,414.93,53572.0
2023-02-18 02:00:00,2.3976,415.16,40083.0
2023-02-18 03:00:00,2.4661,417.23,40644.0
2023-02-18 04:00:00,2.3533,414.29,31205.0
2023-02-18 05:00:00,2.4105,415.81,37996.0
2023-02-18 06:00:00,2.4372,419.06,48151.0
2023-02-18 07:00:00,2.915,400.28,54641.0
2023-02-18 08:00:00,2.4374,405.92,52606.0
2023-02-18 09:00:00,2.6512,406.74,43181.0
2023-02-18 10:00:00,3.0173,412.28,55214.0
2023-02-18 11:00:00,3.2877,424.52,59478.0
2023-02-18 12:00:00,3.1781,426.9,59443.0
2023-02-18 13:00:00,3.8418,424.18,56889.0
2023-02-18 14:00:00,3.7225,411.75,77541.0
2023-02-18 15:00:00,2.7257,420.78,51757.0
2023-02-18 16:00:00,2.7479,418.37,60583.0
2023-02-18 17:00:00,3.4567,419.3,50364.0
2023-02-18 18:00:00,3.2466,405.74,63220.0
2023-02-18 19:00:00,2.3183,412.82,63605.0
2023-02-18 20:00:00,2.9105,426.3,61679.0
2023-02-18 21:00:00,1.6849,407.03,64112.0
2023-02-18 22:00:00,1.5665,401.73,47179.0
2023-02-18 23:00:00,1.9284,395.92,35520.0
2023-02-19 00:00:00,1.7214,396.3,38221.0
2023-02-19 01:00:00,1.6614,388.17,27128.0
2023-02-19 02:00:00,2.384,381.52,24416.0
2023-02-19 03:00:00,2.2785,375.8,25492.0
2023-02-19 04:00:00,3.9748,370.55,33867.0
2023-02-19 05:00:00,4.178,368.74,36903.0
2023-02-19 06:00:00,4.9356,369.19,30702.0
2023-02-19 07:00:00,4.5238,374.69,27674.0
2023-02-19 08:00:00,3.3692,363.84,32896.0
2023-02-19 09:00:00,3.2618,360.99,34005.0
2023-02-19 10:00:00,2.8343,355.77,35725.0
2023-02-19 11:00:00,2.5425,358.38,27581.0
2023-02-19 12:00:00,3.2485,359.47,26517.0
2023-02-19 13:00:00,2.9848,358.89,28607.0
2023-02-19 14:00:00,2.5934,358.42,37717.0
2023-02-19 15:00:00,2.6953,355.75,42972.0
2023-02-19 16:00:00,1.9629,363.6,35844.0
2023-02-19 17:00:00,2.0714,363.33,43821.0
2023-02-19 18:00:00,2.7824,361.92,37791.0
2023-02-19 19:00:00,5.339,362.18,38103.0
2023-02-19 20:00:00,5.0652,347.68,51971.0
2023-02-19 21:00:00,4.9252,339.33,48479.0
2023-02-19 22:00:00,4.3305,333.88,64316.0
2023-02-19 23:00:00,4.1235,337.51,56591.0
2023-02-20 00:00:00,4.1809,339.95,44917.0
2023-02-20 01:00:00,3.167,331.8,79940.0
2023-02-20 02:00:00,3.0554,339.12,64473.0
2023-02-20 03:00:00,2.7867,351.51,61381.0
2023-02-20 04:00:00,3.3146,352.72,57825.0
2023-02-20 05:00:00,3.974,348.54,45852.0
2023-02-20 06:00:00,4.1359,360.3,32901.0
2023-02-20 07:00:00,6.2668,361.3,28964.0
2023-02-20 08:00:00,7.0822,365.0,22302.0
2023-02-20 09:00:00,6.5593,371.26,38636.0
2023-02-20 10:00:00,10.4109,403.38,117285.0
2023-02-20 11:00:00,6.8839,406.33,138323.0
2023-02-20 12:00:00,4.812,408.5,145429.0
2023-02-20 13:00:00,6.4068,438.12,174274.0
2023-02-20 14:00:00,4.2208,416.84,161441.0
2023-02-20 15:00:00,2.8116,442.32,170087.0
2023-02-20 16:00:00,2.8015,451.59,149376.0
2023-02-20 17:00:00,2.2335,443.34,137639.0
2023-02-20 18:00:00,3.4388,437.79,142143.0
2023-02-20 19:00:00,4.2165,426.34,155871.0
2023-02-20 20:00:00,3.2518,428.16,176068.0
2023-02-20 21:00:00,2.5877,435.86,169954.0
2023-02-20 22:00:00,2.3223,419.29,143458.0
2023-02-20 23:00:00,2.3554,416.55,137760.0
2023-02-21 00:00:00,1.5064,413.13,155795.0
2023-02-21 01:00:00,1.7449,398.76,140183.0
2023-02-21 02:00:00,1.4152,400.18,132997.0
2023-02-21 03:00:00,1.6014,407.66,110296.0
2023-02-21 04:00:00,1.3748,399.65,129924.0
2023-02-21 05:00:00,2.3322,399.14,105072.0
2023-02-21 06:00:00,2.8296,408.72,99748.0
2023-02-21 07:00:00,2.7872,406.84,63356.0
2023-02-21 08:00:00,4.0095,402.34,65052.0
2023-02-21 09:00:00,2.0968,407.06,99844.0
2023-02-21 10:00:00,1.2473,406.97,99015.0
2023-02-21 11:00:00,0.9701,392.97,98449.0
2023-02-21 12:00:00,0.7233,403.52,156714.0
2023-02-21 13:00:00,0.7286,391.79,158332.0
2023-02-21 14:00:00,1.6037,392.81,101018.0
2023-02-21 15:00:00,2.7303,408.03,126047.0
2023-02-21 16:00:00,4.2417,401.34,95908.0
2023-02-21 17:00:00,4.1073,407.32,92804.0
2023-02-21 18:00:00,4.2302,421.1,100943.0
2023-02-21 19:00:00,4.4584,405.98,101040.0
2023-02-21 20:00:00,2.9331,415.85,96332.0
2023-02-21 21:00:00,3.5329,414.23,105746.0
2023-02-21 22:00:00,2.1845,411.59,100488.0
2023-02-21 23:00:00,2.0688,395.91,77775.0
2023-02-22 00:00:00,2.1053,404.01,78287.0
2023-02-22 01:00:00,1.652,403.6,95362.0
2023-02-22 02:00:00,1.2095,398.43,76757.0
2023-02-22 03:00:00,1.2428,395.77,60048.0
2023-02-22 04:00:00,1.7464,402.22,50458.0
2023-02-22 05:00:00,2.8403,425.58,71667.0
2023-02-22 06:00:00,2.2737,418.13,75469.0
2023-02-22 07:00:00,2.1206,426.22,79793.0
2023-02-22 08:00:00,2.3466,437.22,75725.0
2023-02-22 09:00:00,2.0543,431.27,118537.0
2023-02-22 10:00:00,3.0084,439.67,65586.0
2023-02-22 11:00:00,2.1457,411.83,112211.0
2023-02-22 12:00:00,1.3997,428.23,134827.0
2023-02-22 13:00:00,2.2331,432.03,93345.0
2023-02-22 14:00:00,2.2922,444.51,65331.0
2023-02-22 15:00:00,1.498,448.08,65159.0
2023-02-22 16:00:00,1.2819,449.36,79424.0
2023-02-22 17:00:00,2.7383,447.99,67661.0
2023-02-22 18:00:00,2.8572,443.65,61019.0
2023-02-22 19:00:00,5.1387,459.65,70478.0
2023-02-22 20:00:00,6.5044,473.17,85668.0
2023-02-22 21:00:00,6.5757,450.15,101961.0
2023-02-22 22:00:00,5.0762,453.13,149282.0
2023-02-22 23:00:00,5.2664,484.11,157426.0
2023-02-23 00:00:00,6.187,511.51,198463.0
2023-02-23 01:00:00,4.826,530.79,183125.0
2023-02-23 02:00:00,3.9931,533.55,237853.0
2023-02-23 03:00:00,3.7769,551.74,242281.0
2023-02-23 04:00:00,3.3187,553.72,229825.0
2023-02-23 05:00:00,3.235,574.04,229058.0
2023-02-23 06:00:00,1.6798,569.65,255682.0
2023-02-23 07:00:00,1.5521,580.4,233706.0
2023-02-23 08:00:00,-999.9,-999.9,-1000.0
2023-02-23 09:00:00,1.4759,585.51,260570.0
2023-02-23 10:00:00,2.3503,570.87,195973.0
2023-02-23 11:00:00,-999.9,-999.9,-1000.0
2023-02-23 12:00:00,-999.9,-999.9,-1000.0
2023-02-23 13:00:00,1.65,555.58,148998.0
2023-02-23 14:00:00,1.8122,563.12,158231.0
2023-02-23 15:00:00,0.9587,536.91,160698.0
2023-02-23 16:00:00,2.086,567.35,192064.0
2023-02-23 17:00:00,2.1742,560.82,198210.0
2023-02-23 18:00:00,2.2756,559.39,266889.0
2023-02-23 19:00:00,3.0431,561.24,284158.0
2023-02-23 20:00:00,-999.9,-999.9,-1000.0
2023-02-23 21:00:00,2.8224,555.02,305229.0
2023-02-23 22:00:00,4.8819,583.79,294337.0
2023-02-23 23:00:00,4.2039,577.46,252839.0
2023-02-24 00:00:00,4.9696,586.35,206330.0
2023-02-24 01:00:00,5.5477,577.74,165938.0
2023-02-24 02:00:00,5.6017,598.47,163278.0
2023-02-24 03:00:00,5.5086,569.08,111348.0
2023-02-24 04:00:00,4.7535,567.73,119192.0
2023-02-24 05:00:00,4.4147,551.67,116341.0
2023-02-24 06:00:00,6.0043,539.64,96017.0
2023-02-24 07:00:00,5.043,523.62,104858.0
2023-02-24 08:00:00,3.878,516.3,84988.0
2023-02-24 09:00:00,5.0164,508.89,53413.0
2023-02-24 10:00:00,4.5867,482.71,57294.0
2023-02-24 11:00:00,4.8598,472.81,105377.0
2023-02-24 12:00:00,2.8373,489.09,43007.0
2023-02-24 13:00:00,2.9128,494.77,21089.0
2023-02-24 14:00:00,3.1506,491.49,35749.0
2023-02-24 15:00:00,3.0774,474.17,37142.0
2023-02-24 16:00:00,3.4205,465.25,37703.0
2023-02-24 17:00:00,3.4323,460.18,38937.0
2023-02-24 18:00:00,3.6374,455.13,32959.0
2023-02-24 19:00:00,3.0367,458.81,39790.0
2023-02-24 20:00:00,1.8008,456.33,57838.0
2023-02-24 21:00:00,1.3535,449.07,54117.0
2023-02-24 22:00:00,1.263,445.15,57057.0
2023-02-24 23:00:00,1.8212,419.21,83679.0
2023-02-25 00:00:00,1.0532,405.03,47034.0
2023-02-25 01:00:00,1.6275,371.51,48873.0
2023-02-25 02:00:00,1.6241,369.69,44658.0
2023-02-25 03:00:00,1.4349,368.85,55287.0
2023-02-25 04:00:00,1.7532,368.06,47105.0
2023-02-25 05:00:00,1.6258,370.98,47718.0
2023-02-25 06:00:00,1.1896,390.19,62786.0
2023-02-25 07:00:00,0.7981,412.79,58689.0
2023-02-25 08:00:00,1.283,407.49,57982.0
2023-02-25 09:00:00,1.2944,398.82,55628.0
2023-02-25 10:00:00,1.489,392.62,43811.0
2023-02-25 11:00:00,1.1161,389.45,39066.0
2023-02-25 12:00:00,1.4971,391.92,48959.0
2023-02-25 13:00:00,0.9629,400.4,41096.0
2023-02-25 14:00:00,0.9593,402.63,39119.0
2023-02-25 15:00:00,0.7113,403.22,49363.0
2023-02-25 16:00:00,1.2076,411.25,70448.0
2023-02-25 17:00:00,1.2355,426.22,94069.0
2023-02-25 18:00:00,1.5324,419.9,65959.0
2023-02-25 19:00:00,2.0155,417.59,63246.0
2023-02-25 20:00:00,4.5353,403.1,51630.0
2023-02-25 21:00:00,12.2868,417.49,88534.0
2023-02-25 22:00:00,7.7013,423.98,99008.0
2023-02-25 23:00:00,6.6106,431.38,98228.0
2023-02-26 00:00:00,7.0221,435.61,67985.0
2023-02-26 01:00:00,8.5551,438.36,69170.0
2023-02-26 02:00:00,6.6869,440.08,91661.0
2023-02-26 03:00:00,10.7199,453.08,68236.0
2023-02-26 04:00:00,10.895,452.92,69133.0
2023-02-26 05:00:00,11.4951,455.57,84778.0
2023-02-26 06:00:00,10.3307,448.02,82244.0
2023-02-26 07:00:00,15.018,443.95,82542.0
2023-02-26 08:00:00,6.8886,462.72,111496.0
2023-02-26 09:00:00,2.1604,497.64,153992.0
2023-02-26 10:00:00,2.742,509.08,144353.0
2023-02-26 11:00:00,2.727,477.14,117723.0
2023-02-26 12:00:00,2.522,457.98,120489.0
2023-02-26 13:00:00,3.496,456.46,124355.0
2023-02-26 14:00:00,1.1937,474.91,147026.0
2023-02-26 15:00:00,2.6341,472.6,126674.0
2023-02-26 16:00:00,2.8311,465.06,109953.0
2023-02-26 17:00:00,3.5095,469.14,81198.0
2023-02-26 18:00:00,5.1183,490.93,125496.0
2023-02-26 19:00:00,10.2447,537.4,222498.0
2023-02-26 20:00:00,14.5383,568.57,244708.0
2023-02-26 21:00:00,5.6008,625.24,584849.0
2023-02-26 22:00:00,4.988,647.95,540385.0
2023-02-26 23:00:00,5.3541,673.11,427624.0
2023-02-27 00:00:00,5.7287,682.69,388912.0
2023-02-27 01:00:00,4.1015,661.88,311642.0
2023-02-27 02:00:00,3.5965,653.07,399334.0
2023-02-27 03:00:00,5.9354,636.71,378367.0
2023-02-27 04:00:00,5.744,593.87,363350.0
2023-02-27 05:00:00,5.1204,606.18,251924.0
2023-02-27 06:00:00,5.0487,591.2,217394.0
2023-02-27 07:00:00,6.1354,597.74,222806.0
2023-02-27 08:00:00,4.6537,588.0,213117.0
2023-02-27 09:00:00,2.0828,596.51,164734.0
2023-02-27 10:00:00,2.9886,710.49,343198.0
2023-02-27 11:00:00,3.4122,762.16,640189.0
2023-02-27 12:00:00,3.251,814.02,674505.0
2023-02-27 13:00:00,5.483,825.58,551530.0
2023-02-27 14:00:00,4.3635,810.24,447214.0
2023-02-27 15:00:00,6.5444,818.99,212957.0
2023-02-27 16:00:00,3.5529,817.83,181495.0
2023-02-27 17:00:00,2.2513,803.6,210169.0
2023-02-27 18:00:00,2.6529,789.37,222073.0
2023-02-27 19:00:00,4.7478,762.55,165788.0
2023-02-27 20:00:00,2.8363,749.07,265317.0
2023-02-27 21:00:00,1.5072,734.24,309054.0
2023-02-27 22:00:00,0.7051,707.19,299159.0
2023-02-27 23:00:00,0.7636,695.44,180856.0
2023-02-28 00:00:00,0.8654,698.83,147366.0
2023-02-28 01:00:00,0.7354,688.97,145382.0
2023-02-28 02:00:00,0.7395,678.82,163852.0
2023-02-28 03:00:00,0.6407,659.36,191710.0
2023-02-28 04:00:00,0.3179,645.44,186856.0
2023-02-28 05:00:00,0.5417,671.36,335123.0
2023-02-28 06:00:00,0.8684,667.38,310563.0
2023-02-28 07:00:00,0.6997,645.93,217475.0
2023-02-28 08:00:00,0.513,641.85,176449.0
2023-02-28 09:00:00,0.9955,625.59,24615.0
2023-02-28 10:00:00,0.0858,623.04,96126.0
2023-02-28 11:00:00,1.4709,622.69,42401.0
2023-02-28 12:00:00,2.5307,616.76,6057.0
2023-02-28 13:00:00,1.71,607.47,7600.0
2023-02-28 14:00:00,1.1388,601.96,29301.0
2023-02-28 15:00:00,0.102,615.71,211249.0
2023-02-28 16:00:00,1.0065,584.34,63034.0
2023-02-28 17:00:00,1.2487,633.0,194422.0
2023-02-28 18:00:00,1.6421,670.35,232833.0
2023-02-28 19:00:00,1.7454,681.93,208284.0
2023-02-28 20:00:00,1.1233,642.27,120222.0
2023-02-28 21:00:00,0.8625,631.19,152773.0
2023-02-28 22:00:00,0.8149,642.0,178456.0
2023-02-28 23:00:00,0.7558,662.89,195174.0
2023-03-01 00:00:00,1.1108,699.37,163864.0
2023-03-01 01:00:00,0.913,679.17,154964.0
2023-03-01 02:00:00,0.3278,678.76,155677.0
2023-03-01 03:00:00,0.1737,668.81,141450.0
2023-03-01 04:00:00,0.1326,624.17,129418.0
2023-03-01 05:00:00,0.1422,619.86,130199.0
2023-03-01 06:00:00,0.2536,626.79,153866.0
2023-03-01 07:00:00,0.614,617.02,100027.0
2023-03-01 08:00:00,1.1683,623.0,109463.0
2023-03-01 09:00:00,0.6633,624.9,56397.0
2023-03-01 10:00:00,0.7212,608.7,31586.0
2023-03-01 11:00:00,0.7761,601.33,28038.0
2023-03-01 12:00:00,0.7,595.15,31890.0
2023-03-01 13:00:00,0.5567,584.61,30426.0
2023-03-01 14:00:00,0.5015,578.07,27538.0
2023-03-01 15:00:00,0.6772,579.11,30221.0
2023-03-01 16:00:00,0.916,570.95,29782.0
2023-03-01 17:00:00,1.1288,565.04,35145.0
2023-03-01 18:00:00,1.7293,562.63,51605.0
2023-03-01 19:00:00,2.3626,560.46,53566.0
2023-03-01 20:00:00,1.6676,560.07,47556.0
2023-03-01 21:00:00,1.2891,558.02,51491.0
2023-03-01 22:00:00,0.7753,544.14,96239.0
2023-03-01 23:00:00,0.7854,531.99,98618.0
2023-03-02 00:00:00,0.8813,532.84,141678.0
2023-03-02 01:00:00,0.7317,538.83,193053.0
2023-03-02 02:00:00,0.7689,537.94,207112.0
2023-03-02 03:00:00,0.5565,526.78,197515.0
2023-03-02 04:00:00,1.1294,505.9,105726.0
2023-03-02 05:00:00,0.8553,507.93,149323.0
2023-03-02 06:00:00,1.2353,497.14,116650.0
2023-03-02 07:00:00,1.7934,494.94,104984.0
2023-03-02 08:00:00,1.1354,488.87,112735.0
2023-03-02 09:00:00,2.0076,483.53,88329.0
2023-03-02 10:00:00,0.944,507.58,51343.0
2023-03-02 11:00:00,2.1827,488.05,29654.0
2023-03-02 12:00:00,2.8302,487.88,36412.0
2023-03-02 13:00:00,1.5966,481.98,66311.0
2023-03-02 14:00:00,2.2606,485.29,64107.0
2023-03-02 15:00:00,2.9065,506.59,52751.0
2023-03-02 16:00:00,4.5396,489.04,25828.0
2023-03-02 17:00:00,6.7016,479.37,17807.0
2023-03-02 18:00:00,7.5103,470.59,14044.0
2023-03-02 19:00:00,7.2733,462.16,20719.0
2023-03-02 20:00:00,2.5279,450.0,70182.0
2023-03-02 21:00:00,2.1868,457.9,52499.0
2023-03-02 22:00:00,2.1946,502.35,78738.0
2023-03-02 23:00:00,2.301,512.83,129358.0
2023-03-03 00:00:00,2.8388,534.51,209448.0
2023-03-03 01:00:00,2.1718,560.4,199730.0
2023-03-03 02:00:00,2.1285,551.04,201365.0
2023-03-03 03:00:00,1.7725,570.59,211682.0
2023-03-03 04:00:00,2.1494,560.29,187431.0
2023-03-03 05:00:00,2.0696,553.66,153939.0
2023-03-03 06:00:00,1.655,557.91,140721.0
2023-03-03 07:00:00,1.7327,569.36,156106.0
2023-03-03 08:00:00,2.1575,569.27,116874.0
2023-03-03 09:00:00,1.5508,550.93,109734.0
2023-03-03 10:00:00,1.0321,598.49,250990.0
2023-03-03 11:00:00,1.3795,650.46,317436.0
2023-03-03 12:00:00,1.1776,655.62,361934.0
2023-03-03 13:00:00,1.0489,669.01,369602.0
2023-03-03 14:00:00,0.8843,650.45,350736.0
2023-03-03 15:00:00,0.8433,639.48,383507.0
2023-03-03 16:00:00,0.8805,623.39,229788.0
2023-03-03 17:00:00,1.8685,637.08,191174.0
2023-03-03 18:00:00,1.4503,645.14,217256.0
2023-03-03 19:00:00,2.1371,653.05,252002.0
2023-03-03 20:00:00,1.0333,665.72,374026.0
2023-03-03 21:00:00,0.9991,678.02,407620.0
2023-03-03 22:00:00,1.6446,681.19,329985.0
2023-03-03 23:00:00,0.8098,704.07,424270.0
2023-03-04 00:00:00,0.5764,709.94,424649.0
2023-03-04 01:00:00,0.7968,721.02,414348.0
2023-03-04 02:00:00,1.223,703.01,349969.0
2023-03-04 03:00:00,0.6948,716.98,396569.0
2023-03-04 04:00:00,0.693,708.68,385321.0
2023-03-04 05:00:00,0.9685,713.09,362256.0
2023-03-04 06:00:00,1.1602,698.53,279547.0
2023-03-04 07:00:00,0.6817,727.77,387498.0
2023-03-04 08:00:00,0.6433,706.32,343185.0
2023-03-04 09:00:00,0.7862,659.75,189006.0
2023-03-04 10:00:00,1.0302,702.83,323161.0
2023-03-04 11:00:00,0.7608,719.89,342662.0
2023-03-04 12:00:00,0.7746,723.39,347277.0
2023-03-04 13:00:00,0.7715,707.23,345807.0
2023-03-04 14:00:00,0.7979,707.21,309131.0
2023-03-04 15:00:00,1.0151,706.59,290833.0
2023-03-04 16:00:00,0.8761,711.45,330188.0
2023-03-04 17:00:00,0.7807,716.29,308509.0
2023-03-04 18:00:00,0.8386,716.39,279529.0
2023-03-04 19:00:00,0.5268,715.65,321003.0
2023-03-04 20:00:00,0.9658,712.25,238170.0
2023-03-04 21:00:00,0.8135,679.9,182961.0
2023-03-04 22:00:00,0.7398,688.51,246101.0
2023-03-04 23:00:00,0.6691,684.96,244481.0
2023-03-05 00:00:00,0.6838,675.89,245422.0
2023-03-05 01:00:00,1.1669,689.05,220544.0
2023-03-05 02:00:00,0.5518,665.06,269206.0
2023-03-05 03:00:00,1.12,678.99,213019.0
2023-03-05 04:00:00,0.8625,676.69,221304.0
2023-03-05 05:00:00,0.6169,663.26,283588.0
2023-03-05 06:00:00,1.2649,640.31,195821.0
2023-03-05 07:00:00,1.1079,625.17,186914.0
2023-03-05 08:00:00,1.0357,633.91,221016.0
2023-03-05 09:00:00,0.7474,588.98,140134.0
2023-03-05 10:00:00,1.174,574.34,150791.0
2023-03-05 11:00:00,1.3579,567.52,198912.0
2023-03-05 12:00:00,1.9435,575.03,228163.0
2023-03-05 13:00:00,2.3638,578.55,221801.0
2023-03-05 14:00:00,1.6558,547.87,170333.0
2023-03-05 15:00:00,2.3918,543.8,138454.0
2023-03-05 16:00:00,2.0213,563.03,95886.0
2023-03-05 17:00:00,2.5941,576.08,78160.0
2023-03-05 18:00:00,2.8943,572.03,81066.0
2023-03-05 19:00:00,2.1628,600.6,165355.0
2023-03-05 20:00:00,1.3405,631.03,213921.0
2023-03-05 21:00:00,1.4233,604.13,152056.0
2023-03-05 22:00:00,1.7479,583.29,100517.0
2023-03-05 23:00:00,1.6371,571.38,118491.0
2023-03-06 00:00:00,1.6481,579.95,98956.0
2023-03-06 01:00:00,1.2078,580.43,125055.0
2023-03-06 02:00:00,1.1633,621.3,256416.0
2023-03-06 03:00:00,1.3436,639.3,259915.0
2023-03-06 04:00:00,0.8187,639.15,281627.0
2023-03-06 05:00:00,1.0507,638.06,273786.0
2023-03-06 06:00:00,1.4784,636.23,208685.0
2023-03-06 07:00:00,1.4441,645.78,183147.0
2023-03-06 08:00:00,1.3482,625.95,171205.0
2023-03-06 09:00:00,1.7552,620.98,126628.0
2023-03-06 10:00:00,1.3502,629.24,158206.0
2023-03-06 11:00:00,1.4996,620.34,123994.0
2023-03-06 12:00:00,1.5247,617.06,132591.0
2023-03-06 13:00:00,1.5846,643.59,145124.0
2023-03-06 14:00:00,1.6423,652.39,120300.0
2023-03-06 15:00:00,1.2637,626.38,135573.0
2023-03-06 16:00:00,1.1093,623.31,148127.0
2023-03-06 17:00:00,1.219,641.3,212143.0
2023-03-06 18:00:00,1.2732,641.17,192543.0
2023-03-06 19:00:00,1.1208,634.76,193011.0
2023-03-06 20:00:00,0.9191,638.16,198133.0
2023-03-06 21:00:00,1.1216,643.45,185567.0
2023-03-06 22:00:00,0.6144,653.13,278236.0
2023-03-06 23:00:00,0.5965,661.36,252422.0
2023-03-07 00:00:00,1.0244,675.91,198753.0
2023-03-07 01:00:00,1.2608,661.92,187361.0
2023-03-07 02:00:00,1.2,654.89,208590.0
2023-03-07 03:00:00,1.0651,666.74,240894.0
2023-03-07 04:00:00,1.8174,671.41,177078.0
2023-03-07 05:00:00,1.4392,667.94,185598.0
2023-03-07 06:00:00,1.4814,657.48,176155.0
2023-03-07 07:00:00,1.6644,659.3,178499.0
2023-03-07 08:00:00,1.0611,651.69,169686.0
2023-03-07 09:00:00,0.7556,637.66,207365.0
2023-03-07 10:00:00,1.0437,613.94,160820.0
2023-03-07 11:00:00,1.2287,609.75,124054.0
2023-03-07 12:00:00,1.0614,597.71,132349.0
2023-03-07 13:00:00,1.0486,597.62,130134.0
2023-03-07 14:00:00,0.9545,590.08,193138.0
2023-03-07 15:00:00,0.8727,588.3,173294.0
2023-03-07 16:00:00,1.021,568.5,143052.0
2023-03-07 17:00:00,0.7281,543.13,141087.0
2023-03-07 18:00:00,0.8256,518.7,122459.0
2023-03-07 19:00:00,0.8154,501.56,103979.0
2023-03-07 20:00:00,0.6736,481.54,98635.0
2023-03-07 21:00:00,0.7771,482.89,82369.0
2023-03-07 22:00:00,0.6655,473.18,59933.0
2023-03-07 23:00:00,0.4935,467.7,67695.0
2023-03-08 00:00:00,0.4459,462.09,45287.0
2023-03-08 01:00:00,0.8699,441.17,61917.0
2023-03-08 02:00:00,1.7565,432.8,35059.0
2023-03-08 03:00:00,1.4664,430.15,39621.0
2023-03-08 04:00:00,1.4443,428.01,50931.0
2023-03-08 05:00:00,1.1408,434.91,38090.0
2023-03-08 06:00:00,1.3721,416.12,49799.0
2023-03-08 07:00:00,1.022,413.32,44646.0
2023-03-08 08:00:00,1.0375,407.52,39068.0
2023-03-08 09:00:00,0.7363,417.43,50762.0
2023-03-08 10:00:00,1.2981,401.67,46382.0
2023-03-08 11:00:00,0.5939,408.03,91437.0
2023-03-08 12:00:00,0.37,422.06,74500.0
2023-03-08 13:00:00,0.3981,423.05,62132.0
2023-03-08 14:00:00,0.5956,421.73,56344.0
2023-03-08 15:00:00,0.5693,424.76,51633.0
2023-03-08 16:00:00,2.2917,424.92,35684.0
2023-03-08 17:00:00,2.5486,425.48,26888.0
2023-03-08 18:00:00,1.3819,419.29,42578.0
2023-03-08 19:00:00,0.6413,417.57,51807.0
2023-03-08 20:00:00,1.1818,412.17,59689.0
2023-03-08 21:00:00,1.9584,403.58,46893.0
2023-03-08 22:00:00,1.3552,404.68,54884.0
2023-03-08 23:00:00,0.74,412.98,47484.0
2023-03-09 00:00:00,1.5296,410.47,40432.0
2023-03-09 01:00:00,2.1961,409.88,30245.0
2023-03-09 02:00:00,2.4023,419.55,28167.0
2023-03-09 03:00:00,1.2428,413.2,41468.0
2023-03-09 04:00:00,2.2166,413.73,18864.0
2023-03-09 05:00:00,4.5723,419.95,21593.0
2023-03-09 06:00:00,4.4385,422.42,15807.0
2023-03-09 07:00:00,3.0502,422.67,34277.0
2023-03-09 08:00:00,2.1446,418.08,74914.0
2023-03-09 09:00:00,2.6644,420.63,92452.0
2023-03-09 10:00:00,5.2277,413.64,79479.0
2023-03-09 11:00:00,4.3972,422.14,100657.0
2023-03-09 12:00:00,5.4335,423.95,97942.0
2023-03-09 13:00:00,4.1432,419.89,108035.0
2023-03-09 14:00:00,3.2616,424.27,107078.0
2023-03-09 15:00:00,3.0604,419.86,114131.0
2023-03-09 16:00:00,2.9754,425.11,115584.0
2023-03-09 17:00:00,2.174,417.22,143859.0
2023-03-09 18:00:00,2.6225,414.77,131215.0
2023-03-09 19:00:00,2.527,416.96,123267.0
2023-03-09 20:00:00,2.624,411.99,109999.0
2023-03-09 21:00:00,2.3586,406.6,104444.0
2023-03-09 22:00:00,2.5384,401.6,88785.0
2023-03-09 23:00:00,1.6993,401.22,112364.0
2023-03-10 00:00:00,1.4774,398.55,110339.0
2023-03-10 01:00:00,1.6364,399.33,83136.0
2023-03-10 02:00:00,1.1389,400.29,75433.0
2023-03-10 03:00:00,0.8748,395.83,47961.0
2023-03-10 04:00:00,0.7355,402.74,49063.0
2023-03-10 05:00:00,2.7408,406.92,51443.0
2023-03-10 06:00:00,1.3027,413.3,98941.0
2023-03-10 07:00:00,0.7897,405.96,83525.0
2023-03-10 08:00:00,0.8246,400.48,59587.0
2023-03-10 09:00:00,1.0482,398.24,64385.0
2023-03-10 10:00:00,1.1827,396.36,76876.0
2023-03-10 11:00:00,1.5381,380.28,96949.0
2023-03-10 12:00:00,2.3482,371.88,58447.0
2023-03-10 13:00:00,2.4525,370.13,37390.0
2023-03-10 14:00:00,3.7035,371.44,27827.0
2023-03-10 15:00:00,4.1244,376.47,28372.0
2023-03-10 16:00:00,1.7742,365.43,79707.0
2023-03-10 17:00:00,1.5234,362.1,74898.0
2023-03-10 18:00:00,0.6672,376.39,160462.0
2023-03-10 19:00:00,1.2084,378.06,111762.0
2023-03-10 20:00:00,4.1791,393.66,41953.0
2023-03-10 21:00:00,3.2587,361.42,44126.0
2023-03-10 22:00:00,4.2613,364.98,32301.0
2023-03-10 23:00:00,4.0106,360.35,31460.0
2023-03-11 00:00:00,3.3554,353.4,31455.0
2023-03-11 01:00:00,2.9478,351.52,38545.0
2023-03-11 02:00:00,2.5543,348.72,47942.0
2023-03-11 03:00:00,1.7651,345.43,55979.0
2023-03-11 04:00:00,3.0078,350.25,37392.0
2023-03-11 05:00:00,1.7434,343.85,57025.0
2023-03-11 06:00:00,0.6595,352.54,115296.0
2023-03-11 07:00:00,0.6585,365.17,95493.0
2023-03-11 08:00:00,0.8383,348.09,91324.0
2023-03-11 09:00:00,1.0605,340.09,89056.0
2023-03-11 10:00:00,1.3076,340.6,56794.0
2023-03-11 11:00:00,1.3862,343.1,68712.0
2023-03-11 12:00:00,1.3179,345.3,57858.0
2023-03-11 13:00:00,1.0532,342.9,66857.0
2023-03-11 14:00:00,0.9151,348.77,101103.0
2023-03-11 15:00:00,0.8663,360.23,72754.0
2023-03-11 16:00:00,1.0119,353.37,82791.0
2023-03-11 17:00:00,2.4967,354.86,46726.0
2023-03-11 18:00:00,1.8167,356.08,51786.0
2023-03-11 19:00:00,1.2287,357.05,63797.0
2023-03-11 20:00:00,3.393,360.81,56459.0
2023-03-11 21:00:00,3.3575,365.51,50280.0
2023-03-11 22:00:00,4.1949,374.88,57641.0
2023-03-11 23:00:00,3.9645,375.93,69316.0
2023-03-12 00:00:00,3.4785,376.02,70033.0
2023-03-12 01:00:00,2.5366,375.78,85755.0
2023-03-12 02:00:00,2.8472,367.2,105192.0
2023-03-12 03:00:00,2.5291,374.55,72206.0
2023-03-12 04:00:00,2.3597,362.47,93026.0
2023-03-12 05:00:00,2.502,372.62,53622.0
2023-03-12 06:00:00,4.5119,390.74,40434.0
2023-03-12 07:00:00,3.7931,383.62,35751.0
2023-03-12 08:00:00,3.1404,383.93,34015.0
2023-03-12 09:00:00,8.6115,386.45,29995.0
2023-03-12 10:00:00,10.9189,384.29,17384.0
2023-03-12 11:00:00,9.6928,380.73,17707.0
2023-03-12 12:00:00,7.817,375.98,15856.0
2023-03-12 13:00:00,9.6359,376.07,14391.0
2023-03-12 14:00:00,10.3832,373.28,14999.0
2023-03-12 15:00:00,11.3351,369.46,14069.0
2023-03-12 16:00:00,10.5718,367.84,13705.0
2023-03-12 17:00:00,8.9338,372.57,12700.0
2023-03-12 18:00:00,6.5865,377.25,16328.0
2023-03-12 19:00:00,5.2486,381.22,13697.0
2023-03-12 20:00:00,4.8826,378.36,13154.0
2023-03-12 21:00:00,4.461,375.7,13321.0
2023-03-12 22:00:00,5.1128,374.09,11707.0
2023-03-12 23:00:00,4.2368,371.17,11420.0
2023-03-13 00:00:00,3.5183,367.42,11899.0
2023-03-13 01:00:00,3.5113,362.92,10989.0
2023-03-13 02:00:00,2.4386,356.12,12371.0
2023-03-13 03:00:00,1.7866,347.39,18297.0
2023-03-13 04:00:00,1.8972,337.4,19651.0
2023-03-13 05:00:00,2.0359,333.88,14795.0
2023-03-13 06:00:00,2.538,332.07,15196.0
2023-03-13 07:00:00,2.7687,330.72,15200.0
2023-03-13 08:00:00,2.4022,327.06,11688.0
2023-03-13 09:00:00,1.9952,324.37,14622.0
2023-03-13 10:00:00,2.2193,326.93,17321.0
2023-03-13 11:00:00,1.902,327.72,18493.0
2023-03-13 12:00:00,2.8372,326.67,20447.0
2023-03-13 13:00:00,3.7468,333.83,27334.0
2023-03-13 14:00:00,4.023,330.74,25372.0
2023-03-13 15:00:00,4.3286,329.74,25888.0
2023-03-13 16:00:00,5.2824,331.8,25620.0
2023-03-13 17:00:00,6.0597,333.2,25736.0
2023-03-13 18:00:00,5.0252,331.32,23416.0
2023-03-13 19:00:00,6.4264,328.16,23206.0
2023-03-13 20:00:00,7.538,329.76,24192.0
2023-03-13 21:00:00,6.7465,331.46,24713.0
2023-03-13 22:00:00,6.5964,313.91,20121.0
2023-03-13 23:00:00,5.2067,310.16,20219.0
2023-03-14 00:00:00,4.8687,310.21,24819.0
2023-03-14 01:00:00,5.6182,316.18,29019.0
2023-03-14 02:00:00,12.1057,329.78,38652.0
2023-03-14 03:00:00,11.3041,330.29,37517.0
2023-03-14 04:00:00,12.9026,359.03,42947.0
2023-03-14 05:00:00,10.4016,372.73,46708.0
2023-03-14 06:00:00,15.0673,382.28,62103.0
2023-03-14 07:00:00,10.9616,404.11,103385.0
2023-03-14 08:00:00,7.0954,432.42,176063.0
2023-03-14 09:00:00,7.6422,428.49,155942.0
2023-03-14 10:00:00,9.8929,427.37,114841.0
2023-03-14 11:00:00,9.9351,421.44,131815.0
2023-03-14 12:00:00,9.4986,420.95,134738.0
2023-03-14 13:00:00,8.0217,418.95,159995.0
2023-03-14 14:00:00,6.6237,418.59,174515.0
2023-03-14 15:00:00,5.6765,423.61,154571.0
2023-03-14 16:00:00,7.4251,415.95,141737.0
2023-03-14 17:00:00,5.6515,414.77,137583.0
2023-03-14 18:00:00,5.7929,410.3,134490.0
2023-03-14 19:00:00,7.2436,410.78,110192.0
2023-03-14 20:00:00,8.5798,402.96,121159.0
2023-03-14 21:00:00,7.913,398.53,117175.0
2023-03-14 22:00:00,5.6853,404.95,118284.0
2023-03-14 23:00:00,5.3558,410.11,119318.0
2023-03-15 00:00:00,4.0714,410.53,129310.0
2023-03-15 01:00:00,3.5483,417.07,124270.0
2023-03-15 02:00:00,4.0913,418.96,109382.0
2023-03-15 03:00:00,7.3064,428.81,121238.0
2023-03-15 04:00:00,13.4776,554.23,260874.0
2023-03-15 05:00:00,10.6898,551.32,245334.0
2023-03-15 06:00:00,7.9904,529.88,252481.0
2023-03-15 07:00:00,9.4489,530.44,227201.0
2023-03-15 08:00:00,10.0736,515.11,203048.0
2023-03-15 09:00:00,11.2029,514.2,146190.0
2023-03-15 10:00:00,10.1302,510.72,191394.0
2023-03-15 11:00:00,7.6056,498.22,184682.0
2023-03-15 12:00:00,6.6131,481.21,137977.0
2023-03-15 13:00:00,5.2411,460.35,166754.0
2023-03-15 14:00:00,4.7091,478.99,158019.0
2023-03-15 15:00:00,4.8198,468.04,154671.0
2023-03-15 16:00:00,5.6985,464.04,123917.0
2023-03-15 17:00:00,7.7353,478.56,112588.0
2023-03-15 18:00:00,5.0393,467.9,140598.0
2023-03-15 19:00:00,2.4415,463.23,153607.0
2023-03-15 20:00:00,2.7747,494.13,140706.0
2023-03-15 21:00:00,4.9813,508.02,102387.0
2023-03-15 22:00:00,9.734,494.66,32831.0
2023-03-15 23:00:00,8.0944,530.24,98147.0
2023-03-16 00:00:00,3.6391,575.17,113196.0
2023-03-16 01:00:00,2.5097,557.3,156706.0
2023-03-16 02:00:00,1.7451,556.64,191143.0
2023-03-16 03:00:00,2.2041,573.8,57010.0
2023-03-16 04:00:00,2.5403,557.72,53096.0
2023-03-16 05:00:00,2.6489,503.94,65432.0
2023-03-16 06:00:00,1.9256,513.46,38945.0
2023-03-16 07:00:00,2.0591,517.56,39592.0
2023-03-16 08:00:00,1.9493,500.12,52678.0
2023-03-16 09:00:00,1.8491,483.56,66883.0
2023-03-16 10:00:00,2.0066,491.31,56896.0
2023-03-16 11:00:00,2.1884,497.98,42488.0
2023-03-16 12:00:00,2.1376,505.33,39225.0
2023-03-16 13:00:00,2.1711,490.28,37021.0
2023-03-16 14:00:00,2.2758,484.4,38289.0
2023-03-16 15:00:00,2.4194,467.94,40147.0
2023-03-16 16:00:00,2.1845,460.81,59814.0
2023-03-16 17:00:00,2.1911,456.1,61891.0
2023-03-16 18:00:00,2.0289,451.38,63623.0
2023-03-16 19:00:00,2.7391,463.76,39914.0
2023-03-16 20:00:00,2.6014,453.76,44531.0
2023-03-16 21:00:00,2.9508,456.94,34074.0
2023-03-16 22:00:00,2.3264,440.52,51296.0
2023-03-16 23:00:00,2.5577,434.8,46609.0
2023-03-17 00:00:00,2.0864,436.07,37153.0
2023-03-17 01:00:00,2.1106,432.48,29420.0
2023-03-17 02:00:00,1.7918,431.07,51202.0
2023-03-17 03:00:00,0.7252,453.64,84439.0
2023-03-17 04:00:00,2.1538,442.0,36778.0
2023-03-17 05:00:00,2.4306,436.9,28485.0
2023-03-17 06:00:00,2.0594,428.51,57349.0
2023-03-17 07:00:00,0.6599,447.51,103928.0
2023-03-17 08:00:00,2.1527,425.36,54916.0
2023-03-17 09:00:00,2.047,415.24,67356.0
2023-03-17 10:00:00,1.1722,422.81,81858.0
2023-03-17 11:00:00,1.1196,420.49,77915.0
2023-03-17 12:00:00,1.8709,407.95,49180.0
2023-03-17 13:00:00,2.4903,399.71,59946.0
2023-03-17 14:00:00,3.1853,402.74,32201.0
2023-03-17 15:00:00,3.3254,404.21,31654.0
2023-03-17 16:00:00,3.2975,396.71,31324.0
2023-03-17 17:00:00,3.0789,400.82,47681.0
2023-03-17 18:00:00,3.1787,401.58,67325.0
2023-03-17 19:00:00,2.723,406.11,70586.0
2023-03-17 20:00:00,2.6798,408.6,54766.0
2023-03-17 21:00:00,1.9457,417.0,51048.0
2023-03-17 22:00:00,1.785,430.72,57182.0
2023-03-17 23:00:00,3.2908,414.34,63226.0
2023-03-18 00:00:00,4.0794,404.01,65897.0
2023-03-18 01:00:00,2.8575,405.2,81499.0
2023-03-18 02:00:00,3.4009,401.68,90771.0
2023-03-18 03:00:00,2.0859,419.93,70093.0
2023-03-18 04:00:00,3.2111,422.9,71730.0
2023-03-18 05:00:00,3.9856,406.68,65146.0
2023-03-18 06:00:00,3.4967,398.41,80782.0
2023-03-18 07:00:00,2.9814,396.72,81791.0
2023-03-18 08:00:00,3.8298,383.65,49885.0
2023-03-18 09:00:00,2.8929,396.88,61025.0
2023-03-18 10:00:00,1.8131,415.23,58188.0
2023-03-18 11:00:00,3.19,407.65,55403.0
2023-03-18 12:00:00,3.2914,388.69,88068.0
2023-03-18 13:00:00,3.3579,387.47,65764.0
2023-03-18 14:00:00,3.112,393.89,54722.0
2023-03-18 15:00:00,2.9617,390.39,66598.0
2023-03-18 16:00:00,1.7712,403.01,90020.0
2023-03-18 17:00:00,1.368,414.87,65923.0
2023-03-18 18:00:00,1.0276,428.66,69838.0
2023-03-18 19:00:00,1.8562,411.16,83699.0
2023-03-18 20:00:00,3.1644,389.77,66308.0
2023-03-18 21:00:00,2.6102,385.49,88143.0
2023-03-18 22:00:00,2.6955,389.38,89250.0
2023-03-18 23:00:00,2.6348,392.64,107537.0
2023-03-19 00:00:00,2.2223,414.62,98316.0
2023-03-19 01:00:00,2.2136,420.83,93724.0
2023-03-19 02:00:00,1.8805,421.05,96106.0
2023-03-19 03:00:00,1.9119,418.78,106042.0
2023-03-19 04:00:00,1.5073,422.46,115608.0
2023-03-19 05:00:00,-999.9,-999.9,-1000.0
2023-03-19 06:00:00,2.6245,415.09,81060.0
2023-03-19 07:00:00,2.5609,411.07,81737.0
2023-03-19 08:00:00,3.2654,414.0,82805.0
2023-03-19 09:00:00,3.5505,421.38,82984.0
2023-03-19 10:00:00,2.7356,412.74,92029.0
2023-03-19 11:00:00,2.6057,411.18,85471.0
2023-03-19 12:00:00,3.0803,409.79,68557.0
2023-03-19 13:00:00,3.247,410.82,67688.0
2023-03-19 14:00:00,2.2961,410.11,65073.0
2023-03-19 15:00:00,2.7848,416.13,68541.0
2023-03-19 16:00:00,2.5219,401.79,68634.0
2023-03-19 17:00:00,1.6808,412.66,72616.0
2023-03-19 18:00:00,1.7552,418.85,74050.0
2023-03-19 19:00:00,3.2559,396.07,80296.0
2023-03-19 20:00:00,3.1713,401.84,98122.0
2023-03-19 21:00:00,2.4684,415.85,87526.0
2023-03-19 22:00:00,2.5144,411.1,95421.0
2023-03-19 23:00:00,1.6498,419.52,88771.0
2023-03-20 00:00:00,2.3267,408.11,86823.0
2023-03-20 01:00:00,2.7735,397.92,76351.0
2023-03-20 02:00:00,2.85,399.44,63079.0
2023-03-20 03:00:00,2.8255,408.09,61806.0
2023-03-20 04:00:00,3.3583,408.99,51108.0
2023-03-20 05:00:00,3.2724,412.23,57390.0
2023-03-20 06:00:00,3.0882,407.23,58991.0
2023-03-20 07:00:00,2.9504,402.26,72604.0
2023-03-20 08:00:00,2.8823,407.38,74943.0
2023-03-20 09:00:00,2.5321,438.82,65155.0
2023-03-20 10:00:00,2.0456,436.28,77107.0
2023-03-20 11:00:00,1.4053,432.63,90839.0
2023-03-20 12:00:00,3.1052,420.91,85932.0
2023-03-20 13:00:00,1.1644,430.01,73838.0
2023-03-20 14:00:00,2.0755,419.65,84141.0
2023-03-20 15:00:00,0.4407,417.95,97026.0
2023-03-20 16:00:00,0.9482,378.11,79861.0
2023-03-20 17:00:00,0.6336,409.24,84289.0
2023-03-20 18:00:00,1.0243,403.87,70828.0
2023-03-20 19:00:00,0.6962,413.05,75163.0
2023-03-20 20:00:00,0.477,417.42,75759.0
2023-03-20 21:00:00,0.4197,402.6,86109.0
2023-03-20 22:00:00,0.7503,395.14,75971.0
2023-03-20 23:00:00,0.4718,405.03,75404.0
2023-03-21 00:00:00,0.3649,406.75,72752.0
2023-03-21 01:00:00,0.3306,400.53,76720.0
2023-03-21 02:00:00,0.3208,402.01,62520.0
2023-03-21 03:00:00,0.1718,396.19,56273.0
2023-03-21 04:00:00,0.1893,394.98,47825.0
2023-03-21 05:00:00,0.1376,387.25,62410.0
2023-03-21 06:00:00,0.208,394.27,79327.0
2023-03-21 07:00:00,0.4493,407.44,113172.0
2023-03-21 08:00:00,0.732,415.68,142297.0
2023-03-21 09:00:00,0.8374,426.58,159413.0
2023-03-21 10:00:00,0.9811,422.11,117245.0
2023-03-21 11:00:00,1.13,426.58,112559.0
2023-03-21 12:00:00,1.1735,438.08,115022.0
2023-03-21 13:00:00,1.2938,473.94,189366.0
2023-03-21 14:00:00,0.7183,482.92,216169.0
2023-03-21 15:00:00,2.1437,514.76,207309.0
2023-03-21 16:00:00,-999.9,-999.9,-1000.0
2023-03-21 17:00:00,1.692,502.37,148941.0
2023-03-21 18:00:00,1.6365,493.69,131715.0
2023-03-21 19:00:00,0.7703,500.17,180690.0
2023-03-21 20:00:00,1.6845,489.25,134997.0
2023-03-21 21:00:00,1.2627,478.83,121911.0
2023-03-21 22:00:00,0.6307,526.82,245583.0
2023-03-21 23:00:00,0.8882,524.55,165384.0
2023-03-22 00:00:00,1.7595,534.55,123639.0
2023-03-22 01:00:00,0.8603,535.53,212277.0
2023-03-22 02:00:00,-999.9,-999.9,-1000.0
2023-03-22 03:00:00,1.5858,523.92,121494.0
2023-03-22 04:00:00,0.7291,550.02,228420.0
2023-03-22 05:00:00,0.6798,538.3,169804.0
2023-03-22 06:00:00,1.1368,542.06,161242.0
2023-03-22 07:00:00,0.4867,551.73,220098.0
2023-03-22 08:00:00,0.6704,553.42,177084.0
2023-03-22 09:00:00,1.2247,549.18,193556.0
2023-03-22 10:00:00,1.2191,537.33,209154.0
2023-03-22 11:00:00,2.6123,542.93,149285.0
2023-03-22 12:00:00,2.0717,520.68,91336.0
2023-03-22 13:00:00,2.6033,516.16,106539.0
2023-03-22 14:00:00,1.0015,514.76,113701.0
2023-03-22 15:00:00,1.5547,513.16,140007.0
2023-03-22 16:00:00,0.8374,509.16,167548.0
2023-03-22 17:00:00,1.9276,496.07,107252.0
2023-03-22 18:00:00,1.8668,491.24,89619.0
2023-03-22 19:00:00,2.8321,509.45,102364.0
2023-03-22 20:00:00,3.0559,503.35,122519.0
2023-03-22 21:00:00,2.5337,509.9,139494.0
2023-03-22 22:00:00,2.0586,503.98,119542.0
2023-03-22 23:00:00,1.2267,500.01,143728.0
2023-03-23 00:00:00,0.7229,495.5,156213.0
2023-03-23 01:00:00,0.5926,488.82,145176.0
2023-03-23 02:00:00,0.2483,493.81,168564.0
2023-03-23 03:00:00,0.3505,462.59,122961.0
2023-03-23 04:00:00,0.6534,445.47,89778.0
2023-03-23 05:00:00,0.5356,453.79,104549.0
2023-03-23 06:00:00,0.6861,457.28,106916.0
2023-03-23 07:00:00,0.8398,451.8,113860.0
2023-03-23 08:00:00,1.2619,453.2,107803.0
2023-03-23 09:00:00,2.2229,477.07,129903.0
2023-03-23 10:00:00,1.8665,473.13,131806.0
2023-03-23 11:00:00,1.8406,483.92,147228.0
2023-03-23 12:00:00,2.1073,480.82,148331.0
2023-03-23 13:00:00,0.89,468.17,110367.0
2023-03-23 14:00:00,0.2618,475.91,73997.0
2023-03-23 15:00:00,0.2781,463.74,100731.0
2023-03-23 16:00:00,0.3218,466.72,101438.0
2023-03-23 17:00:00,0.3211,476.38,84311.0
2023-03-23 18:00:00,0.151,476.5,83335.0
2023-03-23 19:00:00,0.2874,476.09,73570.0
2023-03-23 20:00:00,0.119,472.09,116613.0
2023-03-23 21:00:00,0.0993,472.88,159047.0
2023-03-23 22:00:00,0.1016,467.55,137605.0
2023-03-23 23:00:00,0.1547,455.21,113154.0
2023-03-24 00:00:00,0.1621,453.81,146606.0
2023-03-24 01:00:00,0.0839,422.34,34114.0
2023-03-24 02:00:00,0.119,418.11,31565.0
2023-03-24 03:00:00,0.1196,413.86,36733.0
2023-03-24 04:00:00,0.2607,423.53,91625.0
2023-03-24 05:00:00,0.3968,440.42,119203.0
2023-03-24 06:00:00,1.3166,421.63,131644.0
2023-03-24 07:00:00,4.7671,403.67,78610.0
2023-03-24 08:00:00,1.3687,395.65,92265.0
2023-03-24 09:00:00,0.6506,409.68,97980.0
2023-03-24 10:00:00,0.6455,411.76,94129.0
2023-03-24 11:00:00,0.6844,419.85,106993.0
2023-03-24 12:00:00,0.4899,422.78,120691.0
2023-03-24 13:00:00,0.9575,401.72,96103.0
2023-03-24 14:00:00,2.3962,406.84,66346.0
2023-03-24 15:00:00,1.4427,405.08,62719.0
2023-03-24 16:00:00,0.4916,412.12,88095.0
2023-03-24 17:00:00,1.4919,434.39,78447.0
2023-03-24 18:00:00,2.2356,449.8,104780.0
2023-03-24 19:00:00,2.2204,456.38,113589.0
2023-03-24 20:00:00,2.9601,459.49,107578.0
2023-03-24 21:00:00,1.0686,446.71,73085.0
2023-03-24 22:00:00,0.1818,446.45,72454.0
2023-03-24 23:00:00,0.6267,456.84,119513.0
2023-03-25 00:00:00,1.4482,459.13,169119.0
2023-03-25 01:00:00,1.6724,465.49,137281.0
2023-03-25 02:00:00,1.3084,458.94,147063.0
2023-03-25 03:00:00,1.8217,472.55,174200.0
2023-03-25 04:00:00,1.9128,505.85,198528.0
2023-03-25 05:00:00,1.6963,515.31,273512.0
2023-03-25 06:00:00,2.2487,506.96,211823.0
2023-03-25 07:00:00,2.1009,508.33,220821.0
2023-03-25 08:00:00,1.9066,533.47,228290.0
2023-03-25 09:00:00,1.2319,525.91,252463.0
2023-03-25 10:00:00,1.42,533.85,209666.0
2023-03-25 11:00:00,1.2852,546.74,216811.0
2023-03-25 12:00:00,1.4267,544.6,191106.0
2023-03-25 13:00:00,1.1736,532.33,178132.0
2023-03-25 14:00:00,0.9036,543.28,192877.0
2023-03-25 15:00:00,0.7646,545.13,194368.0
2023-03-25 16:00:00,0.9733,544.7,220302.0
2023-03-25 17:00:00,0.7523,515.97,192312.0
2023-03-25 18:00:00,0.9227,578.3,377822.0
2023-03-25 19:00:00,1.2623,597.49,362714.0
2023-03-25 20:00:00,1.1488,595.13,314430.0
2023-03-25 21:00:00,0.9493,578.56,297808.0
2023-03-25 22:00:00,0.9047,566.89,298100.0
2023-03-25 23:00:00,0.707,584.07,308517.0
2023-03-26 00:00:00,0.6174,566.0,189890.0
2023-03-26 01:00:00,0.5523,567.66,221691.0
2023-03-26 02:00:00,0.4412,563.27,250807.0
2023-03-26 03:00:00,0.6556,568.87,257758.0
2023-03-26 04:00:00,0.4101,599.02,428413.0
2023-03-26 05:00:00,0.1547,556.46,360833.0
2023-03-26 06:00:00,0.1837,547.4,248809.0
2023-03-26 07:00:00,0.2202,555.54,182471.0
2023-03-26 08:00:00,0.3205,575.97,173146.0
2023-03-26 09:00:00,0.1905,559.05,212740.0
2023-03-26 10:00:00,0.1477,547.28,198139.0
2023-03-26 11:00:00,0.1193,582.45,357154.0
2023-03-26 12:00:00,0.084,567.5,303311.0
2023-03-26 13:00:00,0.0928,577.59,330278.0
2023-03-26 14:00:00,0.0939,568.68,332576.0
2023-03-26 15:00:00,0.1278,537.82,270765.0
2023-03-26 16:00:00,0.1969,561.38,244067.0
2023-03-26 17:00:00,0.1505,520.2,220197.0
2023-03-26 18:00:00,0.175,519.5,221529.0
2023-03-26 19:00:00,0.2711,572.31,253568.0
2023-03-26 20:00:00,0.2089,511.14,200319.0
2023-03-26 21:00:00,0.2046,531.13,242691.0
2023-03-26 22:00:00,0.1661,526.45,249852.0
2023-03-26 23:00:00,0.1762,526.73,264466.0
2023-03-27 00:00:00,0.1714,529.92,264546.0
2023-03-27 01:00:00,0.171,514.89,234412.0
2023-03-27 02:00:00,0.1824,515.64,203831.0
2023-03-27 03:00:00,0.1741,509.43,185328.0
2023-03-27 04:00:00,0.1599,499.08,180318.0
2023-03-27 05:00:00,0.1258,473.7,157525.0
2023-03-27 06:00:00,0.1182,480.27,175141.0
2023-03-27 07:00:00,0.0556,425.33,168609.0
2023-03-27 08:00:00,-999.9,-999.9,-1000.0
2023-03-27 09:00:00,-999.9,-999.9,-1000.0
2023-03-27 10:00:00,0.065,411.83,155658.0
2023-03-27 11:00:00,0.054,401.02,132671.0
2023-03-27 12:00:00,0.0569,392.0,111866.0
2023-03-27 13:00:00,0.0574,390.99,111156.0
2023-03-27 14:00:00,0.0488,384.45,102074.0
2023-03-27 15:00:00,0.0399,376.48,94927.0
2023-03-27 16:00:00,0.0642,388.08,90805.0
2023-03-27 17:00:00,0.0727,401.34,112364.0
2023-03-27 18:00:00,0.4321,389.56,56497.0
2023-03-27 19:00:00,0.4629,394.78,32858.0
2023-03-27 20:00:00,0.5857,396.88,18526.0
2023-03-27 21:00:00,0.5717,375.39,15687.0
2023-03-27 22:00:00,0.5054,393.36,22884.0
2023-03-27 23:00:00,0.2882,387.13,76632.0
2023-03-28 00:00:00,0.083,384.23,78309.0
2023-03-28 01:00:00,0.0954,351.79,52970.0
2023-03-28 02:00:00,0.0752,353.15,49846.0
2023-03-28 03:00:00,0.064,353.77,40785.0
2023-03-28 04:00:00,0.0736,355.93,60898.0
2023-03-28 05:00:00,0.3139,358.24,51611.0
2023-03-28 06:00:00,0.2428,358.53,50766.0
2023-03-28 07:00:00,0.4314,374.91,61894.0
2023-03-28 08:00:00,0.2776,364.0,43265.0
2023-03-28 09:00:00,0.5294,397.32,76896.0
2023-03-28 10:00:00,0.4967,391.35,77520.0
2023-03-28 11:00:00,0.4171,379.49,53058.0
2023-03-28 12:00:00,0.6897,406.68,71756.0
2023-03-28 13:00:00,0.7866,429.95,49400.0
2023-03-28 14:00:00,0.7244,398.93,68222.0
2023-03-28 15:00:00,0.6309,403.42,41419.0
2023-03-28 16:00:00,0.559,398.85,36677.0
2023-03-28 17:00:00,0.4562,404.19,56165.0
2023-03-28 18:00:00,0.4852,381.45,43248.0
2023-03-28 19:00:00,0.4578,370.31,38782.0
2023-03-28 20:00:00,0.487,370.67,54786.0
2023-03-28 21:00:00,0.5076,380.96,82654.0
2023-03-28 22:00:00,0.5887,391.25,90716.0
2023-03-28 23:00:00,0.6797,382.69,60819.0
2023-03-29 00:00:00,0.3823,351.35,70267.0
2023-03-29 01:00:00,0.4661,356.19,53267.0
2023-03-29 02:00:00,0.6119,368.23,63704.0
2023-03-29 03:00:00,0.4862,364.98,60849.0
2023-03-29 04:00:00,0.9362,370.63,27008.0
2023-03-29 05:00:00,0.7047,365.64,37175.0
2023-03-29 06:00:00,0.899,354.29,30952.0
2023-03-29 07:00:00,0.7189,366.69,44882.0
2023-03-29 08:00:00,1.0428,376.58,57650.0
2023-03-29 09:00:00,1.1071,383.4,67439.0
2023-03-29 10:00:00,1.2668,397.31,81788.0
2023-03-29 11:00:00,1.3461,395.66,93805.0
2023-03-29 12:00:00,1.263,393.21,84200.0
2023-03-29 13:00:00,1.2719,373.69,118010.0
2023-03-29 14:00:00,1.0686,390.28,77352.0
2023-03-29 15:00:00,1.1311,383.06,75647.0
2023-03-29 16:00:00,1.1352,387.4,52956.0
2023-03-29 17:00:00,1.417,388.89,40482.0
2023-03-29 18:00:00,1.3289,385.23,51877.0
2023-03-29 19:00:00,1.6403,392.61,32709.0
2023-03-29 20:00:00,2.0845,408.75,22354.0
2023-03-29 21:00:00,1.6794,404.59,20046.0
2023-03-29 22:00:00,1.947,417.09,53656.0
2023-03-29 23:00:00,2.1489,434.83,65989.0
2023-03-30 00:00:00,2.273,472.97,54561.0
2023-03-30 01:00:00,2.0776,465.56,58602.0
2023-03-30 02:00:00,2.7906,467.92,57133.0
2023-03-30 03:00:00,3.6761,479.25,31303.0
2023-03-30 04:00:00,4.4444,486.48,19328.0
2023-03-30 05:00:00,5.2969,483.1,23077.0
2023-03-30 06:00:00,4.2211,486.72,29263.0
2023-03-30 07:00:00,5.4454,476.04,35961.0
2023-03-30 08:00:00,7.3134,469.98,27622.0
2023-03-30 09:00:00,8.3905,468.59,21349.0
2023-03-30 10:00:00,9.1443,463.12,22061.0
2023-03-30 11:00:00,10.1539,457.91,28428.0
2023-03-30 12:00:00,5.8031,469.88,52829.0
2023-03-30 13:00:00,3.9348,509.23,98041.0
2023-03-30 14:00:00,2.8119,507.15,121702.0
2023-03-30 15:00:00,1.3809,534.98,188147.0
2023-03-30 16:00:00,1.2101,542.68,139338.0
2023-03-30 17:00:00,1.3768,538.94,162979.0
2023-03-30 18:00:00,1.8686,535.71,162264.0
2023-03-30 19:00:00,1.7021,529.37,152354.0
2023-03-30 20:00:00,1.3716,533.86,147208.0
2023-03-30 21:00:00,1.7398,538.56,136224.0
2023-03-30 22:00:00,1.1768,548.73,190957.0
2023-03-30 23:00:00,1.3477,560.36,199047.0
2023-03-31 00:00:00,1.2993,573.83,190426.0
2023-03-31 01:00:00,0.507,592.82,157892.0
2023-03-31 02:00:00,0.9445,583.59,158184.0
2023-03-31 03:00:00,0.7323,600.34,233557.0
2023-03-31 04:00:00,1.0197,620.52,201018.0
2023-03-31 05:00:00,0.6605,595.85,128364.0
2023-03-31 06:00:00,0.8194,608.78,147740.0
2023-03-31 07:00:00,0.5272,599.19,182729.0
2023-03-31 08:00:00,0.5069,597.2,190618.0
2023-03-31 09:00:00,0.7225,584.79,140381.0
2023-03-31 10:00:00,0.6612,587.81,182346.0
2023-03-31 11:00:00,0.526,557.6,218577.0
2023-03-31 12:00:00,0.6466,542.53,182294.0
2023-03-31 13:00:00,0.9377,531.75,93802.0
2023-03-31 14:00:00,1.0567,520.58,81050.0
2023-03-31 15:00:00,1.4509,504.67,119699.0
2023-03-31 16:00:00,1.7625,483.32,88805.0
2023-03-31 17:00:00,2.4038,480.47,124764.0
2023-03-31 18:00:00,2.4869,483.27,114726.0
2023-03-31 19:00:00,2.9737,480.12,125624.0
2023-03-31 20:00:00,3.4699,478.09,123634.0
2023-03-31 21:00:00,3.5103,475.62,125157.0
2023-03-31 22:00:00,3.3283,481.54,123632.0
2023-03-31 23:00:00,3.4074,470.67,130105.0
2023-04-01 00:00:00,2.9701,473.56,147407.0
2023-04-01 01:00:00,2.5043,473.11,177259.0
2023-04-01 02:00:00,2.2858,479.77,188189.0
2023-04-01 03:00:00,1.6684,500.41,184034.0
2023-04-01 04:00:00,1.8585,518.7,200887.0
2023-04-01 05:00:00,1.3873,530.51,211831.0
2023-04-01 06:00:00,1.5067,526.93,217274.0
2023-04-01 07:00:00,1.1317,530.12,226379.0
2023-04-01 08:00:00,1.8948,529.53,157436.0
2023-04-01 09:00:00,2.4464,540.99,154781.0
2023-04-01 10:00:00,2.1734,543.86,176778.0
2023-04-01 11:00:00,2.4555,550.47,163305.0
2023-04-01 12:00:00,2.487,550.8,142135.0
2023-04-01 13:00:00,2.7599,539.21,145110.0
2023-04-01 14:00:00,2.1313,533.41,151937.0
2023-04-01 15:00:00,2.4483,544.5,167169.0
2023-04-01 16:00:00,2.1452,543.94,192632.0
2023-04-01 17:00:00,1.991,521.93,188504.0
2023-04-01 18:00:00,1.8093,532.76,157317.0
2023-04-01 19:00:00,1.9402,537.25,138831.0
2023-04-01 20:00:00,0.8734,586.3,281810.0
2023-04-01 21:00:00,1.9125,577.67,196854.0
2023-04-01 22:00:00,1.5297,571.92,180086.0
2023-04-01 23:00:00,0.9197,565.78,225896.0
2023-04-02 00:00:00,0.7988,566.73,272846.0
2023-04-02 01:00:00,1.6288,572.08,215357.0
2023-04-02 02:00:00,1.511,549.17,193238.0
2023-04-02 03:00:00,1.7837,538.72,158069.0
2023-04-02 04:00:00,1.9479,556.73,168902.0
2023-04-02 05:00:00,1.9053,560.97,164292.0
2023-04-02 06:00:00,1.4141,565.63,201995.0
2023-04-02 07:00:00,1.7521,559.33,165770.0
2023-04-02 08:00:00,1.6042,552.08,191628.0
2023-04-02 09:00:00,0.9353,559.71,282233.0
2023-04-02 10:00:00,0.9506,571.09,200465.0
2023-04-02 11:00:00,1.126,573.24,174189.0
2023-04-02 12:00:00,0.9747,554.67,172833.0
2023-04-02 13:00:00,1.2272,550.67,136523.0
2023-04-02 14:00:00,1.0498,556.71,141941.0
2023-04-02 15:00:00,1.143,545.81,158958.0
2023-04-02 16:00:00,1.1787,539.49,138000.0
2023-04-02 17:00:00,1.279,556.32,132320.0
2023-04-02 18:00:00,1.2227,526.03,135010.0
2023-04-02 19:00:00,1.4274,533.64,126949.0
2023-04-02 20:00:00,1.3842,525.54,136959.0
2023-04-02 21:00:00,1.3741,513.28,137654.0
2023-04-02 22:00:00,1.3993,525.58,136738.0
2023-04-02 23:00:00,1.5924,500.15,104537.0
2023-04-03 00:00:00,1.6739,470.72,91047.0
2023-04-03 01:00:00,1.5859,482.28,100907.0
2023-04-03 02:00:00,-999.9,-999.9,-1000.0
2023-04-03 03:00:00,-999.9,-999.9,-1000.0
2023-04-03 04:00:00,1.5603,483.91,71169.0
2023-04-03 05:00:00,1.558,472.71,69014.0
2023-04-03 06:00:00,1.873,467.47,61813.0
2023-04-03 07:00:00,2.0535,468.34,59546.0
2023-04-03 08:00:00,2.0561,475.26,60112.0
2023-04-03 09:00:00,2.2856,474.06,77391.0
2023-04-03 10:00:00,2.2493,482.25,73531.0
2023-04-03 11:00:00,2.5176,486.29,120384.0
2023-04-03 12:00:00,2.1873,506.19,144688.0
2023-04-03 13:00:00,2.5908,506.85,126136.0
2023-04-03 14:00:00,2.8095,506.95,97073.0
2023-04-03 15:00:00,2.6592,487.15,91075.0
2023-04-03 16:00:00,2.6898,508.98,117090.0
2023-04-03 17:00:00,2.5532,502.35,123871.0
2023-04-03 18:00:00,2.3136,499.29,130056.0
2023-04-03 19:00:00,2.9699,495.74,121016.0
2023-04-03 20:00:00,2.9888,484.99,112593.0
2023-04-03 21:00:00,2.8301,490.56,118922.0
2023-04-03 22:00:00,3.1859,492.01,113929.0
2023-04-03 23:00:00,3.1705,487.04,110030.0
2023-04-04 00:00:00,3.1362,502.85,115236.0
2023-04-04 01:00:00,2.9653,489.98,107296.0
2023-04-04 02:00:00,3.2263,517.99,125740.0
2023-04-04 03:00:00,2.5098,499.87,148058.0
2023-04-04 04:00:00,3.6408,486.85,145206.0
2023-04-04 05:00:00,2.9168,506.46,157147.0
2023-04-04 06:00:00,2.458,516.6,150554.0
2023-04-04 07:00:00,3.5945,503.38,150274.0
2023-04-04 08:00:00,3.4843,511.32,144382.0
2023-04-04 09:00:00,3.7253,517.65,149944.0
2023-04-04 10:00:00,3.7398,495.25,144537.0
2023-04-04 11:00:00,3.4377,497.88,131870.0
2023-04-04 12:00:00,3.3041,495.61,133892.0
2023-04-04 13:00:00,-999.9,-999.9,-1000.0
2023-04-04 14:00:00,2.8539,505.4,138287.0
2023-04-04 15:00:00,3.0648,504.17,144908.0
2023-04-04 16:00:00,3.3527,484.29,135938.0
2023-04-04 17:00:00,3.1619,481.47,137847.0
2023-04-04 18:00:00,3.3317,484.87,117950.0
2023-04-04 19:00:00,3.1412,484.39,111081.0
2023-04-04 20:00:00,3.0146,492.13,127615.0
2023-04-04 21:00:00,3.1791,485.59,104335.0
2023-04-04 22:00:00,3.3245,481.59,102702.0
2023-04-04 23:00:00,0.8062,481.23,151126.0
2023-04-05 00:00:00,0.6605,475.54,113695.0
2023-04-05 01:00:00,0.5535,480.24,150571.0
2023-04-05 02:00:00,0.5498,495.4,162118.0
2023-04-05 03:00:00,0.4183,493.72,86048.0
2023-04-05 04:00:00,0.5871,487.05,111590.0
2023-04-05 05:00:00,0.7115,484.09,109969.0
2023-04-05 06:00:00,0.4598,475.3,133014.0
2023-04-05 07:00:00,0.3577,465.05,126005.0
2023-04-05 08:00:00,0.2828,456.13,107502.0
2023-04-05 09:00:00,0.2594,466.68,153723.0
2023-04-05 10:00:00,0.2045,453.89,122684.0
2023-04-05 11:00:00,0.1105,441.35,83131.0
2023-04-05 12:00:00,0.3169,447.78,71558.0
2023-04-05 13:00:00,0.2027,438.84,87409.0
2023-04-05 14:00:00,0.1439,435.38,83233.0
2023-04-05 15:00:00,0.1559,430.91,71451.0
2023-04-05 16:00:00,0.2083,420.83,60247.0
2023-04-05 17:00:00,0.2958,410.87,53200.0
2023-04-05 18:00:00,0.2816,407.48,55605.0
2023-04-05 19:00:00,0.4386,404.28,41939.0
2023-04-05 20:00:00,0.3285,393.92,39922.0
2023-04-05 21:00:00,0.3121,391.21,46456.0
2023-04-05 22:00:00,0.3741,377.85,36490.0
2023-04-05 23:00:00,0.7243,381.31,31042.0
2023-04-06 00:00:00,0.822,385.29,33969.0
2023-04-06 01:00:00,1.2322,385.76,32941.0
2023-04-06 02:00:00,1.0541,378.72,35472.0
2023-04-06 03:00:00,0.7262,391.71,45279.0
2023-04-06 04:00:00,0.6257,391.56,44947.0
2023-04-06 05:00:00,1.1474,388.38,45502.0
2023-04-06 06:00:00,0.6943,380.24,53188.0
2023-04-06 07:00:00,0.8504,374.63,62097.0
2023-04-06 08:00:00,0.9558,372.43,58005.0
2023-04-06 09:00:00,1.3323,372.37,55945.0
2023-04-06 10:00:00,1.3534,373.06,45131.0
2023-04-06 11:00:00,1.0652,357.27,43053.0
2023-04-06 12:00:00,0.7433,351.34,63662.0
2023-04-06 13:00:00,0.7505,360.15,75670.0
2023-04-06 14:00:00,1.664,365.33,62606.0
2023-04-06 15:00:00,0.8982,371.95,86651.0
2023-04-06 16:00:00,0.999,367.05,64843.0
2023-04-06 17:00:00,0.6022,372.46,77431.0
2023-04-06 18:00:00,2.6413,380.48,47450.0
2023-04-06 19:00:00,2.5664,380.46,49860.0
2023-04-06 20:00:00,1.948,388.17,44821.0
2023-04-06 21:00:00,1.5677,386.42,46370.0
2023-04-06 22:00:00,0.4033,396.46,106175.0
2023-04-06 23:00:00,0.7077,396.9,65013.0
2023-04-07 00:00:00,0.8625,387.82,59803.0
2023-04-07 01:00:00,0.4542,392.31,88834.0
2023-04-07 02:00:00,0.3819,395.01,93979.0
2023-04-07 03:00:00,0.5731,393.49,72300.0
2023-04-07 04:00:00,0.4754,382.57,64007.0
2023-04-07 05:00:00,0.7681,392.84,50977.0
2023-04-07 06:00:00,1.1948,376.93,32156.0
2023-04-07 07:00:00,0.5722,368.52,42858.0
2023-04-07 08:00:00,0.3496,364.44,46042.0
2023-04-07 09:00:00,0.5047,372.89,51269.0
2023-04-07 10:00:00,0.2,381.76,89444.0
2023-04-07 11:00:00,0.292,365.19,69021.0
2023-04-07 12:00:00,0.1854,384.53,94104.0
2023-04-07 13:00:00,0.2275,365.67,76021.0
2023-04-07 14:00:00,0.1956,352.06,78809.0
2023-04-07 15:00:00,0.2809,368.4,53869.0
2023-04-07 16:00:00,0.5774,376.95,37465.0
2023-04-07 17:00:00,0.3548,365.72,36879.0
2023-04-07 18:00:00,0.4355,374.65,37976.0
2023-04-07 19:00:00,0.4073,365.41,39273.0
2023-04-07 20:00:00,0.6736,355.34,30486.0
2023-04-07 21:00:00,0.4675,349.78,31321.0
2023-04-07 22:00:00,0.4885,350.43,34092.0
2023-04-07 23:00:00,0.6222,356.83,30899.0
2023-04-08 00:00:00,1.049,359.09,26906.0
2023-04-08 01:00:00,0.8447,353.29,31571.0
2023-04-08 02:00:00,0.9488,376.57,28664.0
2023-04-08 03:00:00,1.0632,370.38,29467.0
2023-04-08 04:00:00,0.504,366.76,32376.0
2023-04-08 05:00:00,0.5756,362.04,30563.0
2023-04-08 06:00:00,0.2047,343.49,41358.0
2023-04-08 07:00:00,0.2181,337.37,52806.0
2023-04-08 08:00:00,0.3516,327.75,27360.0
2023-04-08 09:00:00,0.4856,345.42,33782.0
2023-04-08 10:00:00,0.7834,339.19,29007.0
2023-04-08 11:00:00,0.4863,334.86,24804.0
2023-04-08 12:00:00,0.569,327.6,18267.0
2023-04-08 13:00:00,0.3817,324.16,39913.0
2023-04-08 14:00:00,0.406,336.18,41319.0
2023-04-08 15:00:00,0.4373,341.15,39546.0
2023-04-08 16:00:00,0.6229,342.87,42339.0
2023-04-08 17:00:00,0.8248,350.59,42080.0
2023-04-08 18:00:00,0.6757,337.86,39736.0
2023-04-08 19:00:00,1.1455,347.91,41072.0
2023-04-08 20:00:00,1.0247,343.07,41874.0
2023-04-08 21:00:00,0.8467,343.76,36888.0
2023-04-08 22:00:00,0.377,335.11,25174.0
2023-04-08 23:00:00,0.1539,342.02,27202.0
2023-04-09 00:00:00,0.3739,333.84,30794.0
2023-04-09 01:00:00,0.4626,331.05,28685.0
2023-04-09 02:00:00,0.3854,331.31,25252.0
2023-04-09 03:00:00,0.2768,322.39,19678.0
2023-04-09 04:00:00,0.4927,329.54,26251.0
2023-04-09 05:00:00,0.6086,336.91,34320.0
2023-04-09 06:00:00,0.6357,331.35,31743.0
2023-04-09 07:00:00,0.5776,330.19,26623.0
2023-04-09 08:00:00,0.5639,327.19,25159.0
2023-04-09 09:00:00,0.6569,324.07,25370.0
2023-04-09 10:00:00,0.5932,329.33,28138.0
2023-04-09 11:00:00,0.4246,321.59,17587.0
2023-04-09 12:00:00,0.6341,313.37,16750.0
2023-04-09 13:00:00,0.4152,317.64,15916.0
2023-04-09 14:00:00,0.5601,310.32,13861.0
2023-04-09 15:00:00,0.8174,323.11,20603.0
2023-04-09 16:00:00,0.8149,308.27,17184.0
2023-04-09 17:00:00,0.956,310.57,17741.0
2023-04-09 18:00:00,0.794,307.12,17208.0
2023-04-09 19:00:00,1.0678,311.77,18394.0
2023-04-09 20:00:00,0.8979,306.61,17336.0
2023-04-09 21:00:00,0.6168,313.13,32304.0
2023-04-09 22:00:00,2.6291,334.44,52315.0
2023-04-09 23:00:00,4.6097,347.46,34252.0
2023-04-10 00:00:00,5.3934,344.6,28899.0
2023-04-10 01:00:00,6.9911,342.15,28451.0
2023-04-10 02:00:00,7.9585,336.83,26563.0
2023-04-10 03:00:00,10.6105,335.6,26080.0
2023-04-10 04:00:00,18.1448,334.71,27913.0
2023-04-10 05:00:00,20.844,335.01,25421.0
2023-04-10 06:00:00,22.6793,339.27,28543.0
2023-04-10 07:00:00,6.4802,364.01,56448.0
2023-04-10 08:00:00,1.5319,397.79,128017.0
2023-04-10 09:00:00,1.2994,482.02,204158.0
2023-04-10 10:00:00,1.0363,500.28,200132.0
2023-04-10 11:00:00,0.9052,499.47,233054.0
2023-04-10 12:00:00,2.0624,512.0,212216.0
2023-04-10 13:00:00,1.7595,538.45,269732.0
2023-04-10 14:00:00,1.4678,544.29,275657.0
2023-04-10 15:00:00,1.5474,528.36,220832.0
2023-04-10 16:00:00,1.1054,525.1,249910.0
2023-04-10 17:00:00,1.2352,520.08,226661.0
2023-04-10 18:00:00,0.9387,516.28,206612.0
2023-04-10 19:00:00,0.7296,485.23,197791.0
2023-04-10 20:00:00,0.628,472.21,156181.0
2023-04-10 21:00:00,1.7808,464.16,130651.0
2023-04-10 22:00:00,1.6567,450.93,121936.0
2023-04-10 23:00:00,1.5672,447.35,102028.0
2023-04-11 00:00:00,1.6897,437.6,90199.0
2023-04-11 01:00:00,1.8202,440.21,92484.0
2023-04-11 02:00:00,3.5527,440.03,83109.0
2023-04-11 03:00:00,4.1904,444.37,92399.0
2023-04-11 04:00:00,3.9315,441.9,125975.0
2023-04-11 05:00:00,4.3828,436.01,104240.0
2023-04-11 06:00:00,2.0415,436.0,92939.0
2023-04-11 07:00:00,1.3559,434.58,93505.0
2023-04-11 08:00:00,2.2951,438.01,94821.0
2023-04-11 09:00:00,2.0677,433.7,93651.0
2023-04-11 10:00:00,1.9659,436.3,93571.0
2023-04-11 11:00:00,1.7535,414.09,88004.0
2023-04-11 12:00:00,1.2697,428.61,88703.0
2023-04-11 13:00:00,1.9991,419.96,86260.0
2023-04-11 14:00:00,1.3008,400.5,75963.0
2023-04-11 15:00:00,1.0329,389.24,58197.0
2023-04-11 16:00:00,1.5652,393.75,63337.0
2023-04-11 17:00:00,2.277,382.58,47025.0
2023-04-11 18:00:00,3.0634,379.29,41376.0
2023-04-11 19:00:00,2.9694,378.71,48374.0
2023-04-11 20:00:00,2.8248,391.48,51111.0
2023-04-11 21:00:00,3.2798,380.48,51780.0
2023-04-11 22:00:00,3.073,388.92,50171.0
2023-04-11 23:00:00,3.1105,376.15,46396.0
2023-04-12 00:00:00,2.9703,377.85,35103.0
2023-04-12 01:00:00,2.1109,363.14,55137.0
2023-04-12 02:00:00,1.0958,355.88,79000.0
2023-04-12 03:00:00,1.0346,358.69,64798.0
2023-04-12 04:00:00,2.4117,363.89,42115.0
2023-04-12 05:00:00,2.1201,361.57,60212.0
2023-04-12 06:00:00,2.9165,363.83,57255.0
2023-04-12 07:00:00,1.6442,360.79,97603.0
2023-04-12 08:00:00,2.3286,362.39,78431.0
2023-04-12 09:00:00,2.675,355.79,53255.0
2023-04-12 10:00:00,2.4942,352.09,45301.0
2023-04-12 11:00:00,3.4066,361.46,31407.0
2023-04-12 12:00:00,3.4486,353.22,35229.0
2023-04-12 13:00:00,2.6045,349.2,42525.0
2023-04-12 14:00:00,1.8208,352.64,68734.0
2023-04-12 15:00:00,1.8279,358.26,63976.0
2023-04-12 16:00:00,1.4461,353.03,65359.0
2023-04-12 17:00:00,2.4988,355.3,56244.0
2023-04-12 18:00:00,2.3431,350.45,49152.0
2023-04-12 19:00:00,1.3211,353.86,74379.0
2023-04-12 20:00:00,1.339,365.27,92277.0
2023-04-12 21:00:00,1.5186,373.65,98629.0
2023-04-12 22:00:00,2.4019,379.23,115109.0
2023-04-12 23:00:00,4.7346,366.98,59000.0
2023-04-13 00:00:00,5.2352,378.33,44828.0
2023-04-13 01:00:00,4.7519,367.92,50357.0
2023-04-13 02:00:00,2.2863,391.3,77449.0
2023-04-13 03:00:00,2.0616,390.84,78837.0
2023-04-13 04:00:00,3.2391,399.56,86355.0
2023-04-13 05:00:00,2.0631,392.56,86327.0
2023-04-13 06:00:00,1.7309,388.87,97191.0
2023-04-13 07:00:00,1.7969,387.52,107895.0
2023-04-13 08:00:00,1.4285,384.71,124068.0
2023-04-13 09:00:00,1.2455,389.93,141171.0
2023-04-13 10:00:00,1.6085,382.36,134434.0
2023-04-13 11:00:00,1.7943,375.42,127830.0
2023-04-13 12:00:00,2.21,371.88,99763.0
2023-04-13 13:00:00,2.564,370.51,88109.0
2023-04-13 14:00:00,3.5553,366.48,54805.0
2023-04-13 15:00:00,3.2819,368.35,59863.0
2023-04-13 16:00:00,3.4045,370.99,58451.0
2023-04-13 17:00:00,3.877,374.15,52937.0
2023-04-13 18:00:00,3.744,372.37,52064.0
2023-04-13 19:00:00,3.9103,371.08,51371.0
2023-04-13 20:00:00,4.51,378.03,52031.0
2023-04-13 21:00:00,4.5895,385.44,52646.0
2023-04-13 22:00:00,4.6571,383.06,44467.0
2023-04-13 23:00:00,4.648,382.48,44754.0
2023-04-14 00:00:00,4.7304,375.02,38309.0
2023-04-14 01:00:00,3.8704,371.76,36534.0
2023-04-14 02:00:00,3.0088,370.54,42973.0
2023-04-14 03:00:00,5.3487,373.04,45265.0
2023-04-14 04:00:00,5.695,374.88,48570.0
2023-04-14 05:00:00,6.7462,383.42,57990.0
2023-04-14 06:00:00,6.9105,374.66,52821.0
2023-04-14 07:00:00,7.1086,368.4,46272.0
2023-04-14 08:00:00,7.3099,370.8,40722.0
2023-04-14 09:00:00,6.8306,350.71,32144.0
2023-04-14 10:00:00,7.6661,362.63,22840.0
2023-04-14 11:00:00,9.1114,363.3,17741.0
2023-04-14 12:00:00,8.4379,359.53,19149.0
2023-04-14 13:00:00,6.1652,352.38,36220.0
2023-04-14 14:00:00,6.3426,356.42,37364.0
2023-04-14 15:00:00,5.502,364.7,46170.0
2023-04-14 16:00:00,5.2042,364.21,41901.0
2023-04-14 17:00:00,3.6574,359.08,45524.0
2023-04-14 18:00:00,4.245,361.15,43761.0
2023-04-14 19:00:00,3.043,348.82,43337.0
2023-04-14 20:00:00,5.2814,356.17,31811.0
2023-04-14 21:00:00,5.314,357.36,27055.0
2023-04-14 22:00:00,5.4436,358.95,28489.0
2023-04-14 23:00:00,4.6638,346.46,30132.0
2023-04-15 00:00:00,4.8509,344.94,28083.0
2023-04-15 01:00:00,2.2128,339.11,59445.0
2023-04-15 02:00:00,3.9365,341.47,42389.0
2023-04-15 03:00:00,4.7781,343.24,33776.0
2023-04-15 04:00:00,6.4164,347.26,22905.0
2023-04-15 05:00:00,7.7576,350.16,18297.0
2023-04-15 06:00:00,5.6604,342.05,27949.0
2023-04-15 07:00:00,4.68,340.01,34905.0
2023-04-15 08:00:00,4.352,344.17,33515.0
2023-04-15 09:00:00,5.7597,347.76,30200.0
2023-04-15 10:00:00,7.8563,352.99,27363.0
2023-04-15 11:00:00,6.6122,351.0,29432.0
2023-04-15 12:00:00,6.6135,344.45,27553.0
2023-04-15 13:00:00,7.7198,346.73,21458.0
2023-04-15 14:00:00,5.4872,342.26,30531.0
2023-04-15 15:00:00,5.2358,353.75,20521.0
2023-04-15 16:00:00,8.7213,354.41,15735.0
2023-04-15 17:00:00,6.2431,359.14,18294.0
2023-04-15 18:00:00,3.1816,354.82,21617.0
2023-04-15 19:00:00,2.3095,349.61,28215.0
2023-04-15 20:00:00,2.0399,354.33,30130.0
2023-04-15 21:00:00,2.5832,354.23,17831.0
2023-04-15 22:00:00,2.4775,350.51,20306.0
2023-04-15 23:00:00,2.1277,338.51,20796.0
2023-04-16 00:00:00,0.9015,350.0,43986.0
2023-04-16 01:00:00,1.3131,334.58,35881.0
2023-04-16 02:00:00,0.9362,329.78,42187.0
2023-04-16 03:00:00,1.1025,329.83,37722.0
2023-04-16 04:00:00,0.9003,341.92,52169.0
2023-04-16 05:00:00,0.4874,340.82,43549.0
2023-04-16 06:00:00,0.744,328.11,37476.0
2023-04-16 07:00:00,1.1502,334.4,44881.0
2023-04-16 08:00:00,1.3546,323.23,37064.0
2023-04-16 09:00:00,0.7124,324.71,19578.0
2023-04-16 10:00:00,1.2131,326.99,27904.0
2023-04-16 11:00:00,2.1367,330.32,39191.0
2023-04-16 12:00:00,4.3555,338.56,45433.0
2023-04-16 13:00:00,3.8839,341.35,41043.0
2023-04-16 14:00:00,3.9375,345.68,32532.0
2023-04-16 15:00:00,3.0155,328.45,34214.0
2023-04-16 16:00:00,3.1145,335.58,37987.0
2023-04-16 17:00:00,3.3782,335.65,41109.0
2023-04-16 18:00:00,3.428,334.26,38340.0
2023-04-16 19:00:00,4.1307,331.18,35507.0
2023-04-16 20:00:00,2.6484,325.13,28472.0
2023-04-16 21:00:00,2.885,320.82,26056.0
2023-04-16 22:00:00,3.8137,322.85,25808.0
2023-04-16 23:00:00,2.546,321.21,23185.0
2023-04-17 00:00:00,3.9177,331.62,40628.0
2023-04-17 01:00:00,7.1852,344.17,55020.0
2023-04-17 02:00:00,7.9532,345.89,58450.0
2023-04-17 03:00:00,7.7777,345.93,50181.0
2023-04-17 04:00:00,6.2436,348.53,54076.0
2023-04-17 05:00:00,6.6339,356.07,65605.0
2023-04-17 06:00:00,4.3785,347.63,84653.0
2023-04-17 07:00:00,5.4801,345.61,73071.0
2023-04-17 08:00:00,5.3367,352.1,70763.0
2023-04-17 09:00:00,4.65,347.58,70216.0
2023-04-17 10:00:00,4.0158,342.7,78877.0
2023-04-17 11:00:00,3.3728,350.59,85530.0
2023-04-17 12:00:00,3.6142,356.86,73034.0
2023-04-17 13:00:00,3.9221,362.92,71898.0
2023-04-17 14:00:00,3.2555,365.69,108776.0
2023-04-17 15:00:00,2.1574,367.6,138008.0
2023-04-17 16:00:00,2.1562,373.55,104848.0
2023-04-17 17:00:00,2.7056,364.93,98443.0
2023-04-17 18:00:00,2.527,364.75,86827.0
2023-04-17 19:00:00,2.3437,365.04,84547.0
2023-04-17 20:00:00,2.992,374.67,98151.0
2023-04-17 21:00:00,2.5189,371.25,96634.0
2023-04-17 22:00:00,1.3445,363.29,120890.0
2023-04-17 23:00:00,2.0578,358.16,83902.0
2023-04-18 00:00:00,1.6366,354.0,81258.0
2023-04-18 01:00:00,2.3723,355.84,60899.0
2023-04-18 02:00:00,1.8432,366.1,72937.0
2023-04-18 03:00:00,1.985,371.47,70527.0
2023-04-18 04:00:00,2.1114,365.62,64471.0
2023-04-18 05:00:00,2.9676,372.74,84874.0
2023-04-18 06:00:00,2.3077,370.83,78317.0
2023-04-18 07:00:00,2.0052,373.22,84325.0
2023-04-18 08:00:00,2.3097,386.09,85857.0
2023-04-18 09:00:00,2.5108,386.18,91356.0
2023-04-18 10:00:00,2.8689,391.4,93277.0
2023-04-18 11:00:00,2.7119,379.47,87193.0
2023-04-18 12:00:00,2.447,374.69,85326.0
2023-04-18 13:00:00,3.9893,446.14,224822.0
2023-04-18 14:00:00,3.8412,513.73,247159.0
2023-04-18 15:00:00,5.6881,517.68,261034.0
2023-04-18 16:00:00,13.4242,508.68,177166.0
2023-04-18 17:00:00,10.9136,539.99,90894.0
2023-04-18 18:00:00,9.4287,529.86,84767.0
2023-04-18 19:00:00,4.045,580.68,155076.0
2023-04-18 20:00:00,4.4642,601.26,83920.0
2023-04-18 21:00:00,3.405,618.56,74210.0
2023-04-18 22:00:00,2.6438,595.29,136136.0
2023-04-18 23:00:00,1.5088,582.69,106396.0
2023-04-19 00:00:00,1.4142,587.47,46082.0
2023-04-19 01:00:00,0.9323,558.2,50578.0
2023-04-19 02:00:00,0.6206,536.04,33940.0
2023-04-19 03:00:00,0.8842,538.08,42071.0
2023-04-19 04:00:00,0.7244,516.27,42128.0
2023-04-19 05:00:00,0.5549,528.45,55614.0
2023-04-19 06:00:00,0.6466,515.85,80423.0
2023-04-19 07:00:00,0.8419,522.8,54361.0
2023-04-19 08:00:00,1.0586,503.47,51539.0
2023-04-19 09:00:00,1.8337,481.16,25563.0
2023-04-19 10:00:00,0.6948,475.56,15813.0
2023-04-19 11:00:00,0.7442,475.45,16688.0
2023-04-19 12:00:00,7.002,461.84,20909.0
2023-04-19 13:00:00,3.6146,450.44,14703.0
2023-04-19 14:00:00,5.3967,453.39,15575.0
2023-04-19 15:00:00,6.4431,450.33,17528.0
2023-04-19 16:00:00,6.1233,455.01,12028.0
2023-04-19 17:00:00,2.957,459.37,9319.0
2023-04-19 18:00:00,3.1553,455.23,7408.0
2023-04-19 19:00:00,3.7112,452.1,10002.0
2023-04-19 20:00:00,4.5403,446.56,10602.0
2023-04-19 21:00:00,4.7534,440.01,9354.0
2023-04-19 22:00:00,4.9139,436.99,7252.0
2023-04-19 23:00:00,4.2597,429.63,16821.0
2023-04-20 00:00:00,4.1526,420.74,22008.0
2023-04-20 01:00:00,3.1881,420.88,16107.0
2023-04-20 02:00:00,3.7344,421.37,7088.0
2023-04-20 03:00:00,4.2128,422.02,6191.0
2023-04-20 04:00:00,4.9215,416.27,7369.0
2023-04-20 05:00:00,4.1132,414.94,5270.0
2023-04-20 06:00:00,4.8261,410.99,6989.0
2023-04-20 07:00:00,2.4983,406.19,4903.0
2023-04-20 08:00:00,2.0129,401.73,6962.0
2023-04-20 09:00:00,1.3993,398.7,7246.0
2023-04-20 10:00:00,1.6832,399.16,8849.0
2023-04-20 11:00:00,2.0934,396.2,8526.0
2023-04-20 12:00:00,2.286,393.34,6982.0
2023-04-20 13:00:00,3.8442,391.58,7359.0
2023-04-20 14:00:00,4.5667,383.67,5482.0
2023-04-20 15:00:00,1.9946,382.6,14851.0
2023-04-20 16:00:00,1.7106,378.99,18449.0
2023-04-20 17:00:00,1.6062,379.39,17003.0
2023-04-20 18:00:00,1.432,379.43,12079.0
2023-04-20 19:00:00,1.8827,385.91,13977.0
2023-04-20 20:00:00,1.876,386.71,23508.0
2023-04-20 21:00:00,1.7662,379.84,15588.0
2023-04-20 22:00:00,1.7017,375.34,11103.0
2023-04-20 23:00:00,1.5845,374.47,9554.0
2023-04-21 00:00:00,1.7983,370.69,9410.0
2023-04-21 01:00:00,3.9123,374.83,12452.0
2023-04-21 02:00:00,2.9818,367.4,14112.0
2023-04-21 03:00:00,3.2402,370.4,15862.0
2023-04-21 04:00:00,3.9481,371.0,23132.0
2023-04-21 05:00:00,4.9055,371.91,35750.0
2023-04-21 06:00:00,5.5672,372.14,31674.0
2023-04-21 07:00:00,5.1942,377.88,35852.0
2023-04-21 08:00:00,6.0048,374.96,34912.0
2023-04-21 09:00:00,5.5882,373.39,32058.0
2023-04-21 10:00:00,5.1038,377.44,43853.0
2023-04-21 11:00:00,5.8026,394.72,72731.0
2023-04-21 12:00:00,5.0973,384.6,69782.0
2023-04-21 13:00:00,4.8604,383.24,56798.0
2023-04-21 14:00:00,3.4579,379.21,54559.0
2023-04-21 15:00:00,3.6401,384.17,48213.0
2023-04-21 16:00:00,3.978,372.18,65956.0
2023-04-21 17:00:00,3.7799,392.24,43845.0
2023-04-21 18:00:00,1.5678,389.63,48973.0
2023-04-21 19:00:00,2.2258,383.33,39930.0
2023-04-21 20:00:00,1.7163,377.03,38920.0
2023-04-21 21:00:00,1.5562,376.92,43663.0
2023-04-21 22:00:00,1.9387,377.9,47115.0
2023-04-21 23:00:00,3.5751,357.58,56558.0
2023-04-22 00:00:00,3.9288,360.99,59179.0
2023-04-22 01:00:00,3.797,366.18,64790.0
2023-04-22 02:00:00,3.5896,373.22,74745.0
2023-04-22 03:00:00,2.4589,377.8,92527.0
2023-04-22 04:00:00,2.7953,378.61,90529.0
2023-04-22 05:00:00,2.7988,373.5,82797.0
2023-04-22 06:00:00,2.4798,381.79,81158.0
2023-04-22 07:00:00,2.353,373.41,75412.0
2023-04-22 08:00:00,2.2212,368.91,70634.0
2023-04-22 09:00:00,1.9489,363.3,61938.0
2023-04-22 10:00:00,1.781,371.28,66901.0
2023-04-22 11:00:00,1.8622,368.56,68155.0
2023-04-22 12:00:00,1.6859,364.21,63131.0
2023-04-22 13:00:00,1.7171,365.12,64327.0
2023-04-22 14:00:00,1.9631,369.78,62758.0
2023-04-22 15:00:00,1.935,360.28,58783.0
2023-04-22 16:00:00,1.8882,371.09,54573.0
2023-04-22 17:00:00,2.0027,359.51,43874.0
2023-04-22 18:00:00,1.6166,355.16,54748.0
2023-04-22 19:00:00,1.9715,341.95,54104.0
2023-04-22 20:00:00,2.3952,361.18,42020.0
2023-04-22 21:00:00,2.6697,381.69,38897.0
2023-04-22 22:00:00,2.9111,363.07,30764.0
2023-04-22 23:00:00,3.6196,355.41,25572.0
2023-04-23 00:00:00,1.2443,350.65,49850.0
2023-04-23 01:00:00,2.5412,354.28,29450.0
2023-04-23 02:00:00,3.4841,357.47,23557.0
2023-04-23 03:00:00,3.8865,358.64,21114.0
2023-04-23 04:00:00,3.0107,357.06,24867.0
2023-04-23 05:00:00,3.8433,352.74,23796.0
2023-04-23 06:00:00,4.4965,351.32,25095.0
2023-04-23 07:00:00,6.5148,356.24,25502.0
2023-04-23 08:00:00,6.8507,363.75,16005.0
2023-04-23 09:00:00,6.5467,366.89,8985.0
2023-04-23 10:00:00,7.3636,368.55,8784.0
2023-04-23 11:00:00,7.6993,363.64,17595.0
2023-04-23 12:00:00,5.6754,361.02,21885.0
2023-04-23 13:00:00,6.045,359.24,24339.0
2023-04-23 14:00:00,4.351,355.42,15180.0
2023-04-23 15:00:00,4.7033,355.57,22482.0
2023-04-23 16:00:00,5.3459,353.42,20131.0
2023-04-23 17:00:00,16.8543,488.55,196008.0
2023-04-23 18:00:00,20.033,496.7,212774.0
2023-04-23 19:00:00,16.1459,570.13,330803.0
2023-04-23 20:00:00,6.7113,655.33,586476.0
2023-04-23 21:00:00,5.2978,684.17,733197.0
2023-04-23 22:00:00,7.8358,644.39,512306.0
2023-04-23 23:00:00,7.895,642.46,603503.0
2023-04-24 00:00:00,9.1944,630.62,353703.0
2023-04-24 01:00:00,3.7107,612.62,110156.0
2023-04-24 02:00:00,1.4909,567.65,30963.0
2023-04-24 03:00:00,0.69,567.92,43794.0
2023-04-24 04:00:00,0.1001,558.9,48679.0
2023-04-24 05:00:00,0.4772,513.76,39749.0
2023-04-24 06:00:00,0.2743,495.52,93067.0
2023-04-24 07:00:00,0.3509,523.94,74003.0
2023-04-24 08:00:00,0.2045,512.38,63388.0
2023-04-24 09:00:00,0.6276,512.28,39635.0
2023-04-24 10:00:00,1.4587,529.5,15807.0
2023-04-24 11:00:00,1.4028,529.41,13817.0
2023-04-24 12:00:00,0.328,540.75,18538.0
2023-04-24 13:00:00,0.4754,520.43,15401.0
2023-04-24 14:00:00,0.4351,498.62,96424.0
2023-04-24 15:00:00,1.2515,548.15,24163.0
2023-04-24 16:00:00,1.4173,520.43,17166.0
2023-04-24 17:00:00,0.8266,510.18,11352.0
2023-04-24 18:00:00,1.7251,496.86,60780.0
2023-04-24 19:00:00,0.9209,520.35,227356.0
2023-04-24 20:00:00,0.9336,508.52,208762.0
2023-04-24 21:00:00,1.7557,512.41,186566.0
2023-04-24 22:00:00,1.0757,521.52,130472.0
2023-04-24 23:00:00,0.7491,496.37,144616.0
2023-04-25 00:00:00,0.3791,487.23,157729.0
2023-04-25 01:00:00,0.0937,485.95,191060.0
2023-04-25 02:00:00,0.0223,518.79,129617.0
2023-04-25 03:00:00,0.1061,523.17,176345.0
2023-04-25 04:00:00,0.0582,542.9,137658.0
2023-04-25 05:00:00,0.052,538.02,78102.0
2023-04-25 06:00:00,0.1256,541.86,72400.0
2023-04-25 07:00:00,0.0336,531.58,111338.0
2023-04-25 08:00:00,0.0397,538.79,122572.0
2023-04-25 09:00:00,0.0494,547.37,150188.0
2023-04-25 10:00:00,0.1756,539.53,109548.0
2023-04-25 11:00:00,0.1983,525.49,100554.0
2023-04-25 12:00:00,0.5713,504.85,35836.0
2023-04-25 13:00:00,0.4213,497.64,39138.0
2023-04-25 14:00:00,0.404,494.22,51535.0
2023-04-25 15:00:00,0.3654,505.56,56105.0
2023-04-25 16:00:00,0.832,514.98,38877.0
2023-04-25 17:00:00,0.7114,518.01,41031.0
2023-04-25 18:00:00,1.2663,530.78,41179.0
2023-04-25 19:00:00,1.1907,535.56,43941.0
2023-04-25 20:00:00,0.4599,519.85,72405.0
2023-04-25 21:00:00,0.4858,511.96,78217.0
2023-04-25 22:00:00,0.5442,516.2,97079.0
2023-04-25 23:00:00,1.0088,522.49,112166.0
2023-04-26 00:00:00,0.8531,529.92,95961.0
2023-04-26 01:00:00,0.8088,536.61,105065.0
2023-04-26 02:00:00,1.0418,534.91,103853.0
2023-04-26 03:00:00,1.2104,518.51,84509.0
2023-04-26 04:00:00,1.0745,519.49,91774.0
2023-04-26 05:00:00,1.2224,515.96,112393.0
2023-04-26 06:00:00,1.1959,512.45,103404.0
2023-04-26 07:00:00,1.5224,498.05,85306.0
2023-04-26 08:00:00,0.9253,514.68,142586.0
2023-04-26 09:00:00,0.8225,524.03,152012.0
2023-04-26 10:00:00,1.0596,517.27,151492.0
2023-04-26 11:00:00,1.3358,523.07,147159.0
2023-04-26 12:00:00,2.1211,527.29,130325.0
2023-04-26 13:00:00,1.7507,520.4,132200.0
2023-04-26 14:00:00,2.1754,509.15,116734.0
2023-04-26 15:00:00,1.2525,520.99,155294.0
2023-04-26 16:00:00,2.0216,521.26,123660.0
2023-04-26 17:00:00,2.5708,527.57,123933.0
2023-04-26 18:00:00,3.1785,554.13,162819.0
2023-04-26 19:00:00,2.1944,608.84,194336.0
2023-04-26 20:00:00,2.2996,641.57,213433.0
2023-04-26 21:00:00,2.1537,644.87,198126.0
2023-04-26 22:00:00,2.4031,656.65,223487.0
2023-04-26 23:00:00,2.5512,658.94,217889.0
2023-04-27 00:00:00,2.5999,653.65,203914.0
2023-04-27 01:00:00,1.2785,654.79,246843.0
2023-04-27 02:00:00,-999.9,-999.9,-1000.0
2023-04-27 03:00:00,0.9238,649.13,292798.0
2023-04-27 04:00:00,1.5928,647.18,251355.0
2023-04-27 05:00:00,1.306,637.63,245930.0
2023-04-27 06:00:00,1.1125,633.14,236022.0
2023-04-27 07:00:00,1.4818,615.95,212640.0
2023-04-27 08:00:00,1.2938,622.12,292586.0
2023-04-27 09:00:00,1.4772,627.92,322072.0
2023-04-27 10:00:00,1.975,624.82,217456.0
2023-04-27 11:00:00,1.4579,615.11,230274.0
2023-04-27 12:00:00,1.1092,625.13,229730.0
2023-04-27 13:00:00,1.3697,621.43,221103.0
2023-04-27 14:00:00,1.3805,612.9,249076.0
2023-04-27 15:00:00,1.5461,606.12,214847.0
2023-04-27 16:00:00,1.2266,603.56,168467.0
2023-04-27 17:00:00,0.9685,580.34,150156.0
2023-04-27 18:00:00,1.3989,595.04,133533.0
2023-04-27 19:00:00,1.0678,587.72,183764.0
2023-04-27 20:00:00,1.3059,593.79,152698.0
2023-04-27 21:00:00,1.3524,576.66,138386.0
2023-04-27 22:00:00,1.1399,592.23,157295.0
2023-04-27 23:00:00,0.774,589.17,176716.0
2023-04-28 00:00:00,1.0755,582.0,166257.0
2023-04-28 01:00:00,0.6624,594.08,170420.0
2023-04-28 02:00:00,1.0365,580.23,176789.0
2023-04-28 03:00:00,0.2857,600.69,247749.0
2023-04-28 04:00:00,0.5917,611.66,196592.0
2023-04-28 05:00:00,0.7509,610.23,210919.0
2023-04-28 06:00:00,1.6214,615.95,191598.0
2023-04-28 07:00:00,1.4471,604.12,157516.0
2023-04-28 08:00:00,1.1525,664.15,279676.0
2023-04-28 09:00:00,1.1864,673.95,305354.0
2023-04-28 10:00:00,1.2792,675.86,239253.0
2023-04-28 11:00:00,1.1465,662.53,244572.0
2023-04-28 12:00:00,1.5556,685.42,257199.0
2023-04-28 13:00:00,1.435,686.83,297114.0
2023-04-28 14:00:00,1.4121,679.79,304136.0
2023-04-28 15:00:00,1.5705,676.07,267477.0
2023-04-28 16:00:00,1.4083,697.32,226958.0
2023-04-28 17:00:00,1.4177,659.12,202539.0
2023-04-28 18:00:00,1.1517,664.47,217200.0
2023-04-28 19:00:00,0.8403,669.84,254655.0
2023-04-28 20:00:00,1.0532,671.56,213824.0
2023-04-28 21:00:00,0.9516,669.4,189571.0
2023-04-28 22:00:00,1.3553,666.67,156422.0
2023-04-28 23:00:00,1.0978,652.36,151042.0
2023-04-29 00:00:00,0.9402,662.54,197443.0
2023-04-29 01:00:00,0.7397,661.93,221524.0
2023-04-29 02:00:00,1.0911,642.83,148383.0
2023-04-29 03:00:00,1.0169,653.41,177881.0
2023-04-29 04:00:00,1.4828,643.1,136581.0
2023-04-29 05:00:00,1.4918,636.92,145874.0
2023-04-29 06:00:00,0.7059,659.52,175074.0
2023-04-29 07:00:00,0.6126,641.48,210013.0
2023-04-29 08:00:00,1.1377,628.59,137748.0
2023-04-29 09:00:00,0.3217,624.79,181515.0
2023-04-29 10:00:00,0.4322,626.41,156486.0
2023-04-29 11:00:00,0.9781,643.54,271591.0
2023-04-29 12:00:00,0.8849,661.59,250365.0
2023-04-29 13:00:00,0.6441,647.53,214805.0
2023-04-29 14:00:00,0.9147,651.55,193354.0
2023-04-29 15:00:00,0.6159,681.54,181654.0
2023-04-29 16:00:00,0.7114,656.22,184705.0
2023-04-29 17:00:00,1.2866,631.98,167772.0
2023-04-29 18:00:00,0.7768,629.14,174677.0
2023-04-29 19:00:00,0.7529,634.27,193604.0
2023-04-29 20:00:00,0.9741,600.82,146880.0
2023-04-29 21:00:00,0.9765,606.11,139264.0
2023-04-29 22:00:00,0.7814,584.41,134586.0
2023-04-29 23:00:00,0.952,597.49,89607.0
2023-04-30 00:00:00,1.0246,601.73,77706.0
2023-04-30 01:00:00,0.9705,590.75,75014.0
2023-04-30 02:00:00,1.0411,560.61,86750.0
2023-04-30 03:00:00,1.2713,557.13,68338.0
2023-04-30 04:00:00,0.4805,558.7,115551.0
2023-04-30 05:00:00,0.4623,543.35,109368.0
2023-04-30 06:00:00,1.3702,531.83,65926.0
2023-04-30 07:00:00,1.5661,527.77,55961.0
2023-04-30 08:00:00,1.3231,512.58,47762.0
2023-04-30 09:00:00,1.1239,511.4,45539.0
2023-04-30 10:00:00,0.8225,502.02,44196.0
2023-04-30 11:00:00,1.0949,500.98,45858.0
2023-04-30 12:00:00,0.9256,493.67,55968.0
2023-04-30 13:00:00,1.4542,508.18,66429.0
2023-04-30 14:00:00,1.6043,524.44,75340.0
2023-04-30 15:00:00,1.8329,506.1,70098.0
2023-04-30 16:00:00,1.6548,483.44,49940.0
2023-04-30 17:00:00,1.0844,469.36,43079.0
2023-04-30 18:00:00,1.1123,466.35,39317.0
2023-04-30 19:00:00,1.2455,467.63,64498.0
2023-04-30 20:00:00,1.6914,467.83,55083.0
2023-04-30 21:00:00,1.7078,483.29,81109.0
2023-04-30 22:00:00,1.1809,493.44,104048.0
2023-04-30 23:00:00,1.6922,480.88,98448.0
2023-05-01 00:00:00,1.7507,485.69,82714.0
2023-05-01 01:00:00,1.2441,486.24,74090.0
2023-05-01 02:00:00,1.2891,485.43,75119.0
2023-05-01 03:00:00,1.2774,487.63,91909.0
2023-05-01 04:00:00,1.4689,476.83,70863.0
2023-05-01 05:00:00,0.8655,516.52,107799.0
2023-05-01 06:00:00,0.7106,522.9,112889.0
2023-05-01 07:00:00,0.6348,509.02,133842.0
2023-05-01 08:00:00,0.807,498.64,95503.0
2023-05-01 09:00:00,0.7575,497.06,130495.0
2023-05-01 10:00:00,0.3214,508.37,147377.0
2023-05-01 11:00:00,0.5669,504.83,142993.0
2023-05-01 12:00:00,0.5244,507.86,142140.0
2023-05-01 13:00:00,0.5901,494.16,129671.0
2023-05-01 14:00:00,0.5251,499.17,153490.0
2023-05-01 15:00:00,0.7496,493.81,166478.0
2023-05-01 16:00:00,0.5941,500.93,173982.0
2023-05-01 17:00:00,0.6501,501.58,145005.0
2023-05-01 18:00:00,0.7675,514.55,124904.0
2023-05-01 19:00:00,0.6974,499.56,139843.0
2023-05-01 20:00:00,0.7534,505.54,122962.0
2023-05-01 21:00:00,0.5567,517.14,125102.0
2023-05-01 22:00:00,1.0275,517.5,114331.0
2023-05-01 23:00:00,0.7659,528.51,109963.0
2023-05-02 00:00:00,1.472,528.97,111926.0
2023-05-02 01:00:00,1.3319,516.62,113675.0
2023-05-02 02:00:00,0.8584,538.53,135608.0
2023-05-02 03:00:00,0.6639,531.64,157141.0
2023-05-02 04:00:00,0.4099,541.39,151671.0
2023-05-02 05:00:00,0.6623,535.59,115124.0
2023-05-02 06:00:00,0.7172,532.45,103823.0
2023-05-02 07:00:00,0.7359,532.78,124996.0
2023-05-02 08:00:00,0.2742,557.35,328773.0
2023-05-02 09:00:00,0.2953,556.26,256199.0
2023-05-02 10:00:00,0.6825,527.64,117553.0
2023-05-02 11:00:00,0.9023,527.55,74622.0
2023-05-02 12:00:00,0.8794,527.35,80498.0
2023-05-02 13:00:00,0.9629,546.52,75399.0
2023-05-02 14:00:00,0.7764,536.44,101632.0
2023-05-02 15:00:00,0.643,533.37,129414.0
2023-05-02 16:00:00,0.6751,515.94,139821.0
2023-05-02 17:00:00,0.4071,504.28,213293.0
2023-05-02 18:00:00,-999.9,-999.9,-1000.0
2023-05-02 19:00:00,0.2656,492.96,200653.0
2023-05-02 20:00:00,0.3063,501.96,175229.0
2023-05-02 21:00:00,0.3483,480.98,150680.0
2023-05-02 22:00:00,0.5219,472.7,90081.0
2023-05-02 23:00:00,0.4892,473.62,107901.0
2023-05-03 00:00:00,0.4226,479.46,98274.0
2023-05-03 01:00:00,0.3697,478.7,88940.0
2023-05-03 02:00:00,0.3396,482.19,126535.0
2023-05-03 03:00:00,0.3786,479.69,98554.0
2023-05-03 04:00:00,0.4433,476.82,105290.0
2023-05-03 05:00:00,0.4857,470.29,107666.0
2023-05-03 06:00:00,0.4573,464.45,106869.0
2023-05-03 07:00:00,0.4854,453.66,110961.0
2023-05-03 08:00:00,0.5231,447.45,94807.0
2023-05-03 09:00:00,0.7652,438.58,85711.0
2023-05-03 10:00:00,0.6828,449.44,161914.0
2023-05-03 11:00:00,0.6434,440.43,127223.0
2023-05-03 12:00:00,0.3167,458.18,111721.0
2023-05-03 13:00:00,0.389,456.05,56525.0
2023-05-03 14:00:00,0.481,455.41,66720.0
2023-05-03 15:00:00,0.6034,449.67,50932.0
2023-05-03 16:00:00,0.5445,443.18,53218.0
2023-05-03 17:00:00,0.4277,434.5,113885.0
2023-05-03 18:00:00,0.6542,427.67,48432.0
2023-05-03 19:00:00,0.6719,426.11,42552.0
2023-05-03 20:00:00,1.0146,438.07,41683.0
2023-05-03 21:00:00,1.4236,440.91,33243.0
2023-05-03 22:00:00,1.1048,438.68,31344.0
2023-05-03 23:00:00,1.4717,435.09,25537.0
2023-05-04 00:00:00,1.0995,429.81,28358.0
2023-05-04 01:00:00,1.1122,426.05,29245.0
2023-05-04 02:00:00,1.0886,419.77,32271.0
2023-05-04 03:00:00,1.148,416.38,35264.0
2023-05-04 04:00:00,1.1756,414.97,44144.0
2023-05-04 05:00:00,1.5449,413.4,31338.0
2023-05-04 06:00:00,1.4506,411.62,28128.0
2023-05-04 07:00:00,1.5789,409.18,32682.0
2023-05-04 08:00:00,1.4356,408.51,31955.0
2023-05-04 09:00:00,1.3442,407.48,33211.0
2023-05-04 10:00:00,1.274,406.0,37546.0
2023-05-04 11:00:00,1.0017,406.37,59837.0
2023-05-04 12:00:00,0.9487,409.8,78676.0
2023-05-04 13:00:00,0.9324,410.78,88445.0
2023-05-04 14:00:00,1.3398,401.89,90374.0
2023-05-04 15:00:00,1.1588,420.68,84595.0
2023-05-04 16:00:00,2.4275,417.64,58866.0
2023-05-04 17:00:00,2.4811,407.9,71494.0
2023-05-04 18:00:00,3.117,400.76,51658.0
2023-05-04 19:00:00,3.316,396.38,39905.0
2023-05-04 20:00:00,3.2867,395.83,33380.0
2023-05-04 21:00:00,3.9089,401.64,26848.0
2023-05-04 22:00:00,2.7927,393.19,29932.0
2023-05-04 23:00:00,3.2714,392.25,25797.0
2023-05-05 00:00:00,2.6689,386.46,27583.0
2023-05-05 01:00:00,1.6572,388.86,62703.0
2023-05-05 02:00:00,0.9257,386.31,136014.0
2023-05-05 03:00:00,1.2018,380.36,141220.0
2023-05-05 04:00:00,1.3168,378.21,126865.0
2023-05-05 05:00:00,1.0924,377.8,125829.0
2023-05-05 06:00:00,1.6721,372.73,88710.0
2023-05-05 07:00:00,1.845,371.04,69531.0
2023-05-05 08:00:00,1.8279,366.36,73564.0
2023-05-05 09:00:00,2.3501,370.05,53013.0
2023-05-05 10:00:00,2.2033,364.09,43055.0
2023-05-05 11:00:00,2.1152,355.91,36689.0
2023-05-05 12:00:00,1.9693,354.63,32723.0
2023-05-05 13:00:00,2.0138,350.71,25403.0
2023-05-05 14:00:00,1.8676,348.34,26412.0
2023-05-05 15:00:00,1.9467,350.35,22811.0
2023-05-05 16:00:00,2.1506,347.5,23014.0
2023-05-05 17:00:00,2.1189,343.58,29796.0
2023-05-05 18:00:00,2.8175,338.96,25894.0
2023-05-05 19:00:00,3.3363,337.29,22750.0
2023-05-05 20:00:00,2.9017,339.77,24316.0
2023-05-05 21:00:00,2.2087,333.05,22374.0
2023-05-05 22:00:00,2.5526,331.4,22418.0
2023-05-05 23:00:00,2.7005,324.88,21514.0
2023-05-06 00:00:00,6.3959,354.32,31660.0
2023-05-06 01:00:00,12.3547,411.22,36583.0
2023-05-06 02:00:00,13.9219,416.61,39758.0
2023-05-06 03:00:00,15.4017,398.5,59120.0
2023-05-06 04:00:00,14.9056,384.01,61228.0
2023-05-06 05:00:00,8.3222,371.1,71468.0
2023-05-06 06:00:00,7.2169,407.07,102862.0
2023-05-06 07:00:00,3.9028,433.37,227851.0
2023-05-06 08:00:00,4.0075,498.67,327810.0
2023-05-06 09:00:00,3.9041,525.4,345158.0
2023-05-06 10:00:00,4.3649,549.69,333754.0
2023-05-06 11:00:00,4.7834,535.2,241593.0
2023-05-06 12:00:00,5.3406,538.86,246335.0
2023-05-06 13:00:00,5.3625,530.89,222915.0
2023-05-06 14:00:00,5.9336,521.71,183083.0
2023-05-06 15:00:00,5.4431,526.38,187858.0
2023-05-06 16:00:00,4.4621,517.35,198042.0
2023-05-06 17:00:00,4.2248,502.52,184004.0
2023-05-06 18:00:00,5.1662,527.83,241049.0
2023-05-06 19:00:00,6.0744,536.33,268158.0
2023-05-06 20:00:00,5.2495,517.97,275882.0
2023-05-06 21:00:00,4.7274,513.09,247681.0
2023-05-06 22:00:00,3.7706,510.8,200163.0
2023-05-06 23:00:00,3.0374,507.26,159122.0
2023-05-07 00:00:00,1.5865,483.2,140705.0
2023-05-07 01:00:00,2.0368,463.07,92452.0
2023-05-07 02:00:00,2.1512,454.55,89987.0
2023-05-07 03:00:00,1.7188,444.11,67618.0
2023-05-07 04:00:00,3.1211,424.35,61682.0
2023-05-07 05:00:00,2.6103,426.45,60374.0
2023-05-07 06:00:00,2.8367,417.1,86816.0
2023-05-07 07:00:00,4.1138,438.08,109006.0
2023-05-07 08:00:00,6.7619,475.77,86141.0
2023-05-07 09:00:00,7.9608,465.79,73840.0
2023-05-07 10:00:00,8.7161,449.22,79168.0
2023-05-07 11:00:00,10.8297,435.64,58502.0
2023-05-07 12:00:00,11.7275,419.92,33336.0
2023-05-07 13:00:00,21.9767,424.01,38007.0
2023-05-07 14:00:00,23.7947,433.65,50805.0
2023-05-07 15:00:00,4.5451,439.17,97693.0
2023-05-07 16:00:00,5.3828,439.91,96003.0
2023-05-07 17:00:00,4.154,445.13,101785.0
2023-05-07 18:00:00,6.5209,434.67,119413.0
2023-05-07 19:00:00,4.0101,458.61,95536.0
2023-05-07 20:00:00,5.0905,489.47,129074.0
2023-05-07 21:00:00,6.3038,462.19,131206.0
2023-05-07 22:00:00,5.5206,440.53,139629.0
2023-05-07 23:00:00,5.8125,450.3,117686.0
2023-05-08 00:00:00,7.6159,465.53,198926.0
2023-05-08 01:00:00,8.0603,459.22,203375.0
2023-05-08 02:00:00,7.0502,485.6,199786.0
2023-05-08 03:00:00,5.0276,491.15,148254.0
2023-05-08 04:00:00,4.184,495.83,83277.0
2023-05-08 05:00:00,3.8016,487.96,90262.0
2023-05-08 06:00:00,4.1914,479.61,50911.0
2023-05-08 07:00:00,4.4733,467.22,52480.0
2023-05-08 08:00:00,4.2972,466.79,51403.0
2023-05-08 09:00:00,4.2645,474.1,58170.0
2023-05-08 10:00:00,4.0652,493.09,61444.0
2023-05-08 11:00:00,4.1067,490.9,62588.0
2023-05-08 12:00:00,3.4289,485.33,64282.0
2023-05-08 13:00:00,8.29,505.33,50693.0
2023-05-08 14:00:00,6.6241,519.05,72210.0
2023-05-08 15:00:00,3.7498,538.71,111061.0
2023-05-08 16:00:00,4.1601,541.65,93741.0
2023-05-08 17:00:00,3.0942,495.82,99357.0
2023-05-08 18:00:00,3.1591,469.73,64676.0
2023-05-08 19:00:00,3.3316,464.53,61236.0
2023-05-08 20:00:00,2.8603,471.52,52072.0
2023-05-08 21:00:00,3.1211,474.98,49391.0
2023-05-08 22:00:00,3.236,480.26,45454.0
2023-05-08 23:00:00,2.9941,469.21,43486.0
2023-05-09 00:00:00,3.8298,463.98,30136.0
2023-05-09 01:00:00,4.081,457.18,26409.0
2023-05-09 02:00:00,4.6092,456.19,32235.0
2023-05-09 03:00:00,4.4969,456.94,34473.0
2023-05-09 04:00:00,4.0538,436.99,46594.0
2023-05-09 05:00:00,4.1789,425.69,52993.0
2023-05-09 06:00:00,4.2865,421.2,47603.0
2023-05-09 07:00:00,4.7521,416.96,38757.0
2023-05-09 08:00:00,5.1564,416.99,41584.0
2023-05-09 09:00:00,5.4281,409.85,46861.0
2023-05-09 10:00:00,5.9191,408.2,49488.0
2023-05-09 11:00:00,6.385,414.26,45451.0
2023-05-09 12:00:00,5.9101,407.57,41843.0
2023-05-09 13:00:00,5.3926,403.8,36449.0
2023-05-09 14:00:00,5.3603,397.45,56071.0
2023-05-09 15:00:00,4.4711,403.89,45743.0
2023-05-09 16:00:00,4.4262,403.5,58923.0
2023-05-09 17:00:00,3.929,395.63,52534.0
2023-05-09 18:00:00,4.0157,400.72,39457.0
2023-05-09 19:00:00,3.7768,393.45,32952.0
2023-05-09 20:00:00,3.5114,393.97,32943.0
2023-05-09 21:00:00,3.0419,397.58,36292.0
2023-05-09 22:00:00,4.9911,505.52,226583.0
2023-05-09 23:00:00,4.8826,569.9,365071.0
2023-05-10 00:00:00,3.5818,619.87,499183.0
2023-05-10 01:00:00,2.1171,546.95,386393.0
2023-05-10 02:00:00,20.9452,546.32,127429.0
2023-05-10 03:00:00,19.9443,566.42,77477.0
2023-05-10 04:00:00,7.4883,556.91,159579.0
2023-05-10 05:00:00,5.0021,556.21,261737.0
2023-05-10 06:00:00,3.2251,604.74,388993.0
2023-05-10 07:00:00,3.9172,625.86,434149.0
2023-05-10 08:00:00,3.796,623.8,453018.0
2023-05-10 09:00:00,6.291,634.64,163693.0
2023-05-10 10:00:00,6.183,629.15,267795.0
2023-05-10 11:00:00,5.303,657.1,130251.0
2023-05-10 12:00:00,3.8726,661.24,97598.0
2023-05-10 13:00:00,3.7094,661.09,125094.0
2023-05-10 14:00:00,3.0818,645.84,147078.0
2023-05-10 15:00:00,3.8248,637.46,60972.0
2023-05-10 16:00:00,3.8155,647.1,40920.0
2023-05-10 17:00:00,3.4445,635.47,45141.0
2023-05-10 18:00:00,3.8323,621.68,54143.0
2023-05-10 19:00:00,3.9281,607.65,58499.0
2023-05-10 20:00:00,3.8841,609.83,78039.0
2023-05-10 21:00:00,2.4965,615.56,70636.0
2023-05-10 22:00:00,2.5311,604.04,72716.0
2023-05-10 23:00:00,2.4778,599.67,39974.0
2023-05-11 00:00:00,2.7906,582.66,62903.0
2023-05-11 01:00:00,3.1225,578.18,51499.0
2023-05-11 02:00:00,3.0959,557.88,60596.0
2023-05-11 03:00:00,2.3687,570.16,54007.0
2023-05-11 04:00:00,2.291,535.84,54522.0
2023-05-11 05:00:00,2.4209,536.7,36612.0
2023-05-11 06:00:00,2.4603,539.83,22618.0
2023-05-11 07:00:00,1.896,539.88,23145.0
2023-05-11 08:00:00,2.3107,526.26,55047.0
2023-05-11 09:00:00,2.7565,512.07,48709.0
2023-05-11 10:00:00,2.2273,516.22,34551.0
2023-05-11 11:00:00,3.2165,505.97,29466.0
2023-05-11 12:00:00,2.7241,505.22,26993.0
2023-05-11 13:00:00,2.3918,510.72,22705.0
2023-05-11 14:00:00,2.229,509.16,14126.0
2023-05-11 15:00:00,2.3281,501.68,15485.0
2023-05-11 16:00:00,2.5588,498.12,27585.0
2023-05-11 17:00:00,2.2705,488.61,21044.0
2023-05-11 18:00:00,2.0293,494.82,53278.0
2023-05-11 19:00:00,1.9326,486.2,59198.0
2023-05-11 20:00:00,1.6812,477.78,64934.0
2023-05-11 21:00:00,2.2152,504.63,74006.0
2023-05-11 22:00:00,3.8263,510.97,77904.0
2023-05-11 23:00:00,3.0944,508.24,102645.0
2023-05-12 00:00:00,3.1714,517.72,65013.0
2023-05-12 01:00:00,3.0693,510.23,39112.0
2023-05-12 02:00:00,3.1519,498.17,39594.0
2023-05-12 03:00:00,2.8646,479.01,39594.0
2023-05-12 04:00:00,3.0182,468.54,32397.0
2023-05-12 05:00:00,3.497,472.68,54432.0
2023-05-12 06:00:00,2.9465,577.06,307809.0
2023-05-12 07:00:00,4.0081,575.75,346190.0
2023-05-12 08:00:00,5.7383,578.93,332249.0
2023-05-12 09:00:00,6.4443,572.5,268639.0
2023-05-12 10:00:00,6.4397,542.07,200810.0
2023-05-12 11:00:00,5.9181,530.29,167925.0
2023-05-12 12:00:00,8.7407,557.83,91633.0
2023-05-12 13:00:00,11.6172,558.06,45354.0
2023-05-12 14:00:00,6.762,549.91,50870.0
2023-05-12 15:00:00,6.7654,533.98,87447.0
2023-05-12 16:00:00,5.529,543.49,93365.0
2023-05-12 17:00:00,2.8362,559.68,127215.0
2023-05-12 18:00:00,2.5339,546.39,111068.0
2023-05-12 19:00:00,2.9719,540.2,64930.0
2023-05-12 20:00:00,2.7525,524.16,108283.0
2023-05-12 21:00:00,2.8227,548.74,95557.0
2023-05-12 22:00:00,3.2938,518.2,83050.0
2023-05-12 23:00:00,5.4323,490.05,56301.0
2023-05-13 00:00:00,6.378,490.92,45400.0
2023-05-13 01:00:00,5.2925,483.49,35253.0
2023-05-13 02:00:00,4.2949,470.73,38305.0
2023-05-13 03:00:00,4.0334,462.91,34632.0
2023-05-13 04:00:00,3.3126,457.2,46148.0
2023-05-13 05:00:00,2.3599,457.53,51517.0
2023-05-13 06:00:00,3.1396,446.45,58318.0
2023-05-13 07:00:00,3.0533,451.93,35450.0
2023-05-13 08:00:00,2.3068,451.08,27712.0
2023-05-13 09:00:00,3.3251,446.06,25958.0
2023-05-13 10:00:00,3.4627,440.63,26909.0
2023-05-13 11:00:00,3.2884,438.75,24337.0
2023-05-13 12:00:00,3.3816,429.16,30844.0
2023-05-13 13:00:00,3.3575,430.29,30529.0
2023-05-13 14:00:00,4.8334,432.15,37332.0
2023-05-13 15:00:00,8.2176,433.05,36631.0
2023-05-13 16:00:00,7.7885,440.89,41592.0
2023-05-13 17:00:00,3.4868,444.03,36286.0
2023-05-13 18:00:00,3.8075,435.62,38395.0
2023-05-13 19:00:00,4.1444,440.34,55286.0
2023-05-13 20:00:00,3.44,429.76,39665.0
2023-05-13 21:00:00,3.9421,430.85,54002.0
2023-05-13 22:00:00,2.0433,434.03,40435.0
2023-05-13 23:00:00,1.8344,440.07,47701.0
2023-05-14 00:00:00,2.1348,436.66,42308.0
2023-05-14 01:00:00,2.2978,439.56,50431.0
2023-05-14 02:00:00,2.1206,431.2,69089.0
2023-05-14 03:00:00,2.101,431.19,72818.0
2023-05-14 04:00:00,2.6389,437.12,60877.0
2023-05-14 05:00:00,2.7116,437.87,64619.0
2023-05-14 06:00:00,2.8459,431.0,80199.0
2023-05-14 07:00:00,3.098,432.85,81919.0
2023-05-14 08:00:00,3.0179,444.2,70663.0
2023-05-14 09:00:00,2.3317,449.59,77144.0
2023-05-14 10:00:00,2.949,453.28,79748.0
2023-05-14 11:00:00,2.3574,454.61,82330.0
2023-05-14 12:00:00,2.7064,465.03,99970.0
2023-05-14 13:00:00,2.8625,470.05,119635.0
2023-05-14 14:00:00,3.0232,480.69,116117.0
2023-05-14 15:00:00,3.7551,488.27,110493.0
2023-05-14 16:00:00,2.9107,481.73,104321.0
2023-05-14 17:00:00,2.6149,490.02,105391.0
2023-05-14 18:00:00,2.3522,493.76,138531.0
2023-05-14 19:00:00,2.6911,513.32,101827.0
2023-05-14 20:00:00,2.4883,491.79,109804.0
2023-05-14 21:00:00,2.5993,477.35,89801.0
2023-05-14 22:00:00,2.3668,481.22,85844.0
2023-05-14 23:00:00,2.4542,470.66,77327.0
2023-05-15 00:00:00,2.7856,469.78,94756.0
2023-05-15 01:00:00,2.7484,483.73,74680.0
2023-05-15 02:00:00,2.6777,474.06,61196.0
2023-05-15 03:00:00,3.2378,472.21,55742.0
2023-05-15 04:00:00,2.8537,453.03,65661.0
2023-05-15 05:00:00,3.351,455.21,63611.0
2023-05-15 06:00:00,3.2426,459.53,87910.0
2023-05-15 07:00:00,2.8655,451.44,78088.0
2023-05-15 08:00:00,3.2967,467.77,87390.0
2023-05-15 09:00:00,3.2197,472.72,82075.0
2023-05-15 10:00:00,3.1856,464.22,97191.0
2023-05-15 11:00:00,3.2496,456.71,106339.0
2023-05-15 12:00:00,3.7432,461.92,95915.0
2023-05-15 13:00:00,3.4482,449.21,127863.0
2023-05-15 14:00:00,3.5425,450.26,136351.0
2023-05-15 15:00:00,2.9482,452.44,136813.0
2023-05-15 16:00:00,-999.9,-999.9,-1000.0
2023-05-15 17:00:00,3.5614,465.31,110847.0
2023-05-15 18:00:00,3.8286,455.76,87711.0
2023-05-15 19:00:00,3.6686,446.91,98579.0
2023-05-15 20:00:00,3.5595,462.57,85922.0
2023-05-15 21:00:00,3.8862,461.04,94166.0
2023-05-15 22:00:00,3.2204,475.1,139757.0
2023-05-15 23:00:00,3.3688,498.26,112905.0
2023-05-16 00:00:00,3.2492,482.77,128975.0
2023-05-16 01:00:00,3.2812,477.77,120830.0
2023-05-16 02:00:00,3.2929,473.43,114234.0
2023-05-16 03:00:00,3.3281,477.03,103524.0
2023-05-16 04:00:00,3.7502,487.92,77998.0
2023-05-16 05:00:00,3.4716,480.41,94494.0
2023-05-16 06:00:00,3.0524,471.46,106180.0
2023-05-16 07:00:00,2.6028,465.37,78014.0
2023-05-16 08:00:00,2.4826,452.73,96460.0
2023-05-16 09:00:00,2.6584,454.55,74806.0
2023-05-16 10:00:00,2.5079,464.21,108955.0
2023-05-16 11:00:00,2.4154,463.72,103528.0
2023-05-16 12:00:00,1.9898,468.86,110568.0
2023-05-16 13:00:00,2.6904,465.76,100394.0
2023-05-16 14:00:00,2.848,460.35,104580.0
2023-05-16 15:00:00,2.7422,464.94,84076.0
2023-05-16 16:00:00,2.401,469.31,73745.0
2023-05-16 17:00:00,2.8284,466.43,75730.0
2023-05-16 18:00:00,2.9138,449.06,81595.0
2023-05-16 19:00:00,3.0434,446.7,79605.0
2023-05-16 20:00:00,3.0035,448.9,88155.0
2023-05-16 21:00:00,2.6261,451.68,41294.0
2023-05-16 22:00:00,2.6749,437.69,61842.0
2023-05-16 23:00:00,2.8078,432.66,66150.0
2023-05-17 00:00:00,3.0264,435.87,65720.0
2023-05-17 01:00:00,2.9902,435.97,77509.0
2023-05-17 02:00:00,2.8611,435.04,65520.0
2023-05-17 03:00:00,2.4445,434.41,73287.0
2023-05-17 04:00:00,2.5888,434.39,62512.0
2023-05-17 05:00:00,2.1626,427.76,64678.0
2023-05-17 06:00:00,2.207,429.63,53381.0
2023-05-17 07:00:00,2.0195,424.26,65382.0
2023-05-17 08:00:00,2.1074,415.8,75362.0
2023-05-17 09:00:00,2.3244,409.61,83184.0
2023-05-17 10:00:00,-999.9,-999.9,-1000.0
2023-05-17 11:00:00,2.316,408.75,97674.0
2023-05-17 12:00:00,2.4532,404.72,111893.0
2023-05-17 13:00:00,2.3434,401.24,92958.0
2023-05-17 14:00:00,2.628,397.09,96425.0
2023-05-17 15:00:00,2.743,398.0,95360.0
2023-05-17 16:00:00,2.8131,397.04,97832.0
2023-05-17 17:00:00,2.6353,397.43,81735.0
2023-05-17 18:00:00,2.4781,396.78,88258.0
2023-05-17 19:00:00,1.9473,396.5,57631.0
2023-05-17 20:00:00,2.1587,396.58,49599.0
2023-05-17 21:00:00,2.2895,409.7,38392.0
2023-05-17 22:00:00,2.2233,387.35,55167.0
2023-05-17 23:00:00,2.1104,382.55,46813.0
2023-05-18 00:00:00,2.4104,378.64,47681.0
2023-05-18 01:00:00,2.5007,372.94,43431.0
2023-05-18 02:00:00,2.3482,375.08,37072.0
2023-05-18 03:00:00,2.0288,374.81,31845.0
2023-05-18 04:00:00,1.8423,371.6,40952.0
2023-05-18 05:00:00,1.7494,376.17,22449.0
2023-05-18 06:00:00,1.8902,371.81,23476.0
2023-05-18 07:00:00,2.3298,358.24,33403.0
2023-05-18 08:00:00,2.4367,356.75,33323.0
2023-05-18 09:00:00,2.3837,354.6,27213.0
2023-05-18 10:00:00,1.7871,365.39,28240.0
2023-05-18 11:00:00,2.1592,358.09,19983.0
2023-05-18 12:00:00,1.8144,347.11,27824.0
2023-05-18 13:00:00,2.0692,346.81,28119.0
2023-05-18 14:00:00,1.9216,345.11,29503.0
2023-05-18 15:00:00,1.4456,343.47,25636.0
2023-05-18 16:00:00,1.2429,338.71,24090.0
2023-05-18 17:00:00,0.634,346.45,61105.0
2023-05-18 18:00:00,0.7855,339.44,57170.0
2023-05-18 19:00:00,1.2131,321.57,52715.0
2023-05-18 20:00:00,1.3556,333.42,32058.0
2023-05-18 21:00:00,1.1309,340.77,44360.0
2023-05-18 22:00:00,1.1241,338.01,34831.0
2023-05-18 23:00:00,1.3934,337.08,38582.0
2023-05-19 00:00:00,2.0056,329.73,47160.0
2023-05-19 01:00:00,2.0611,327.46,38845.0
2023-05-19 02:00:00,1.7148,325.17,35766.0
2023-05-19 03:00:00,1.4833,323.36,33891.0
2023-05-19 04:00:00,2.0216,310.99,50049.0
2023-05-19 05:00:00,1.7386,314.11,52869.0
2023-05-19 06:00:00,1.5181,319.33,70577.0
2023-05-19 07:00:00,1.2032,338.83,68388.0
2023-05-19 08:00:00,2.1843,318.5,67326.0
2023-05-19 09:00:00,4.6628,339.23,34568.0
2023-05-19 10:00:00,4.0671,333.72,28168.0
2023-05-19 11:00:00,3.9959,330.55,33617.0
2023-05-19 12:00:00,3.7255,315.98,63507.0
2023-05-19 13:00:00,4.9719,336.74,56837.0
2023-05-19 14:00:00,7.4533,340.51,58825.0
2023-05-19 15:00:00,7.2754,341.15,56214.0
2023-05-19 16:00:00,6.9943,336.31,54210.0
2023-05-19 17:00:00,5.0888,331.75,43477.0
2023-05-19 18:00:00,9.6503,342.2,46738.0
2023-05-19 19:00:00,16.4149,358.72,42603.0
2023-05-19 20:00:00,13.8102,361.21,37018.0
2023-05-19 21:00:00,9.7237,374.4,22336.0
2023-05-19 22:00:00,7.5046,372.13,28272.0
2023-05-19 23:00:00,12.9329,375.66,21866.0
2023-05-20 00:00:00,4.5018,395.8,30548.0
2023-05-20 01:00:00,14.0865,404.23,31381.0
2023-05-20 02:00:00,19.4881,402.32,48755.0
2023-05-20 03:00:00,12.253,424.96,124457.0
2023-05-20 04:00:00,7.3627,483.77,319099.0
2023-05-20 05:00:00,6.8257,505.4,344231.0
2023-05-20 06:00:00,6.0808,502.31,320472.0
2023-05-20 07:00:00,6.2828,506.7,373070.0
2023-05-20 08:00:00,7.3904,497.3,287839.0
2023-05-20 09:00:00,6.7965,480.91,280329.0
2023-05-20 10:00:00,4.3738,488.15,296945.0
2023-05-20 11:00:00,2.5465,483.43,303260.0
2023-05-20 12:00:00,2.2013,523.1,342160.0
2023-05-20 13:00:00,2.0741,554.51,347059.0
2023-05-20 14:00:00,1.9179,555.69,365960.0
2023-05-20 15:00:00,1.8758,563.72,344434.0
2023-05-20 16:00:00,1.808,568.94,309333.0
2023-05-20 17:00:00,1.9419,534.81,287935.0
2023-05-20 18:00:00,1.5975,560.51,265119.0
2023-05-20 19:00:00,1.2343,589.96,256480.0
2023-05-20 20:00:00,1.1397,585.59,240168.0
2023-05-20 21:00:00,0.5482,588.87,248370.0
2023-05-20 22:00:00,0.5503,591.97,276555.0
2023-05-20 23:00:00,-999.9,-999.9,-1000.0
2023-05-21 00:00:00,0.6237,587.54,333097.0
2023-05-21 01:00:00,0.6648,560.56,374531.0
2023-05-21 02:00:00,0.7338,509.74,207241.0
2023-05-21 03:00:00,1.0307,492.29,138064.0
2023-05-21 04:00:00,0.6582,493.55,180633.0
2023-05-21 05:00:00,1.0036,475.96,134627.0
2023-05-21 06:00:00,0.9126,457.57,116222.0
2023-05-21 07:00:00,1.6433,448.74,67006.0
2023-05-21 08:00:00,1.3053,445.62,82892.0
2023-05-21 09:00:00,0.6664,474.78,104514.0
2023-05-21 10:00:00,0.4773,484.34,72384.0
2023-05-21 11:00:00,0.2364,471.39,47877.0
2023-05-21 12:00:00,0.2602,466.49,49512.0
2023-05-21 13:00:00,0.2995,466.11,40872.0
2023-05-21 14:00:00,1.9239,473.33,51738.0
2023-05-21 15:00:00,3.6217,486.7,162300.0
2023-05-21 16:00:00,3.9837,509.95,194130.0
2023-05-21 17:00:00,5.0005,531.46,182490.0
2023-05-21 18:00:00,4.1786,529.22,169849.0
2023-05-21 19:00:00,1.6913,535.63,118338.0
2023-05-21 20:00:00,6.0528,529.71,140508.0
2023-05-21 21:00:00,5.1853,532.31,178815.0
2023-05-21 22:00:00,4.5695,534.45,175485.0
2023-05-21 23:00:00,2.981,563.48,269725.0
2023-05-22 00:00:00,3.6453,573.75,224977.0
2023-05-22 01:00:00,3.931,581.07,247678.0
2023-05-22 02:00:00,3.2941,586.26,240058.0
2023-05-22 03:00:00,2.7029,565.34,200637.0
2023-05-22 04:00:00,3.1397,537.04,195966.0
2023-05-22 05:00:00,3.6324,534.39,155416.0
2023-05-22 06:00:00,3.8034,525.5,152350.0
2023-05-22 07:00:00,3.2868,511.98,191650.0
2023-05-22 08:00:00,2.5693,538.4,243369.0
2023-05-22 09:00:00,2.3619,536.72,238405.0
2023-05-22 10:00:00,1.8828,523.01,225179.0
2023-05-22 11:00:00,2.6915,539.02,169823.0
2023-05-22 12:00:00,3.1706,539.8,167064.0
2023-05-22 13:00:00,2.6056,543.45,179513.0
2023-05-22 14:00:00,2.2649,552.87,181556.0
2023-05-22 15:00:00,2.3796,564.39,218740.0
2023-05-22 16:00:00,2.0379,583.32,280595.0
2023-05-22 17:00:00,2.821,604.55,295094.0
2023-05-22 18:00:00,3.2628,623.89,283770.0
2023-05-22 19:00:00,3.722,621.15,308618.0
2023-05-22 20:00:00,4.0296,614.24,329749.0
2023-05-22 21:00:00,3.5811,618.17,333102.0
2023-05-22 22:00:00,2.3558,622.7,261533.0
2023-05-22 23:00:00,2.494,607.24,240895.0
2023-05-23 00:00:00,2.4158,599.84,239089.0
2023-05-23 01:00:00,1.8908,596.01,240626.0
2023-05-23 02:00:00,1.7027,590.2,195127.0
2023-05-23 03:00:00,2.4157,581.8,219681.0
2023-05-23 04:00:00,2.8165,563.2,284031.0
2023-05-23 05:00:00,2.4492,553.11,240314.0
2023-05-23 06:00:00,2.3391,535.52,238797.0
2023-05-23 07:00:00,1.5087,533.4,233964.0
2023-05-23 08:00:00,1.992,529.25,176104.0
2023-05-23 09:00:00,1.6301,549.07,154716.0
2023-05-23 10:00:00,1.4733,557.18,106918.0
2023-05-23 11:00:00,1.732,567.02,109274.0
2023-05-23 12:00:00,1.8588,571.53,119891.0
2023-05-23 13:00:00,1.7479,576.74,121838.0
2023-05-23 14:00:00,1.5606,565.73,120792.0
2023-05-23 15:00:00,1.1488,571.06,132986.0
2023-05-23 16:00:00,1.3904,559.5,121943.0
2023-05-23 17:00:00,1.1637,565.74,127876.0
2023-05-23 18:00:00,0.7065,562.5,141873.0
2023-05-23 19:00:00,0.9003,557.18,161504.0
2023-05-23 20:00:00,0.4726,583.54,132339.0
2023-05-23 21:00:00,0.9657,580.71,156767.0
2023-05-23 22:00:00,1.6138,579.77,158005.0
2023-05-23 23:00:00,1.9417,577.84,171520.0
2023-05-24 00:00:00,1.8145,584.61,163534.0
2023-05-24 01:00:00,2.1555,578.51,139123.0
2023-05-24 02:00:00,1.752,572.2,165876.0
2023-05-24 03:00:00,1.4847,573.99,151718.0
2023-05-24 04:00:00,2.1329,571.14,98309.0
2023-05-24 05:00:00,2.109,567.63,84816.0
2023-05-24 06:00:00,1.4174,571.79,118688.0
2023-05-24 07:00:00,1.5365,579.5,108194.0
2023-05-24 08:00:00,1.6432,567.36,95944.0
2023-05-24 09:00:00,1.2613,547.75,103937.0
2023-05-24 10:00:00,0.8463,553.41,140193.0
2023-05-24 11:00:00,0.9321,538.94,105119.0
2023-05-24 12:00:00,0.8965,534.84,102104.0
2023-05-24 13:00:00,1.228,533.89,109136.0
2023-05-24 14:00:00,0.9584,538.63,144215.0
2023-05-24 15:00:00,0.7838,541.25,146179.0
2023-05-24 16:00:00,1.2615,550.57,118022.0
2023-05-24 17:00:00,1.2754,549.21,137095.0
2023-05-24 18:00:00,0.6126,542.46,189766.0
2023-05-24 19:00:00,1.1577,540.01,162637.0
2023-05-24 20:00:00,1.3762,562.87,173055.0
2023-05-24 21:00:00,1.3471,553.54,180480.0
2023-05-24 22:00:00,0.7381,566.61,194749.0
2023-05-24 23:00:00,1.4613,557.6,203534.0
2023-05-25 00:00:00,1.2642,560.19,206496.0
2023-05-25 01:00:00,1.3029,549.86,213203.0
2023-05-25 02:00:00,1.5157,553.43,216075.0
2023-05-25 03:00:00,1.4428,564.4,200172.0
2023-05-25 04:00:00,1.279,560.29,199068.0
2023-05-25 05:00:00,0.9743,563.38,260066.0
2023-05-25 06:00:00,1.4626,567.62,180220.0
2023-05-25 07:00:00,0.6235,604.21,321552.0
2023-05-25 08:00:00,0.9393,577.06,306888.0
2023-05-25 09:00:00,1.2493,577.41,280258.0
2023-05-25 10:00:00,0.6781,617.98,320708.0
2023-05-25 11:00:00,0.9229,597.47,300013.0
2023-05-25 12:00:00,1.0068,586.19,289072.0
2023-05-25 13:00:00,1.0237,595.31,257053.0
2023-05-25 14:00:00,0.8711,597.0,286832.0
2023-05-25 15:00:00,1.0545,585.39,216618.0
2023-05-25 16:00:00,1.2282,585.89,187354.0
2023-05-25 17:00:00,0.8438,587.56,219505.0
2023-05-25 18:00:00,0.6974,581.55,211571.0
2023-05-25 19:00:00,0.5635,595.01,171048.0
2023-05-25 20:00:00,0.8233,589.26,144638.0
2023-05-25 21:00:00,0.6647,550.66,196937.0
2023-05-25 22:00:00,0.3976,562.25,230647.0
2023-05-25 23:00:00,-999.9,-999.9,-1000.0
2023-05-26 00:00:00,0.3153,523.43,170130.0
2023-05-26 01:00:00,0.2942,520.21,164614.0
2023-05-26 02:00:00,0.4747,522.23,164953.0
2023-05-26 03:00:00,0.5531,504.37,172973.0
2023-05-26 04:00:00,0.6317,499.79,137509.0
2023-05-26 05:00:00,0.4981,501.15,136484.0
2023-05-26 06:00:00,1.0243,484.95,104869.0
2023-05-26 07:00:00,0.4926,494.84,190654.0
2023-05-26 08:00:00,0.9075,476.45,126504.0
2023-05-26 09:00:00,0.8636,481.28,99517.0
2023-05-26 10:00:00,0.5648,494.91,145861.0
2023-05-26 11:00:00,0.5183,472.49,151537.0
2023-05-26 12:00:00,0.2532,474.58,260504.0
2023-05-26 13:00:00,0.3133,496.33,214237.0
2023-05-26 14:00:00,0.6198,502.4,173520.0
2023-05-26 15:00:00,0.4874,469.82,150612.0
2023-05-26 16:00:00,0.5188,470.97,140194.0
2023-05-26 17:00:00,0.2924,459.55,157144.0
2023-05-26 18:00:00,0.2704,450.93,153059.0
2023-05-26 19:00:00,0.2325,439.11,162328.0
2023-05-26 20:00:00,0.1483,472.09,261491.0
2023-05-26 21:00:00,0.3216,423.72,124995.0
2023-05-26 22:00:00,0.2786,421.77,96861.0
2023-05-26 23:00:00,0.2562,430.31,115946.0
2023-05-27 00:00:00,0.4068,429.07,98491.0
2023-05-27 01:00:00,0.3882,424.51,97076.0
2023-05-27 02:00:00,0.1646,411.63,114297.0
2023-05-27 03:00:00,0.3099,427.79,106239.0
2023-05-27 04:00:00,0.3661,437.67,108780.0
2023-05-27 05:00:00,0.3742,439.95,112919.0
2023-05-27 06:00:00,0.1806,418.77,104503.0
2023-05-27 07:00:00,0.1252,454.53,166150.0
2023-05-27 08:00:00,0.2478,429.04,144676.0
2023-05-27 09:00:00,0.2754,440.4,144941.0
2023-05-27 10:00:00,0.2343,417.36,133228.0
2023-05-27 11:00:00,0.2762,418.37,136154.0
2023-05-27 12:00:00,0.211,410.9,119211.0
2023-05-27 13:00:00,0.1781,407.53,120246.0
2023-05-27 14:00:00,0.1518,406.42,127300.0
2023-05-27 15:00:00,0.1158,417.75,119115.0
2023-05-27 16:00:00,0.0801,438.22,132509.0
2023-05-27 17:00:00,0.0819,443.36,147064.0
2023-05-27 18:00:00,0.0595,449.76,178809.0
2023-05-27 19:00:00,0.0559,457.61,146029.0
2023-05-27 20:00:00,0.0586,450.63,213512.0
2023-05-27 21:00:00,0.0688,457.4,246003.0
2023-05-27 22:00:00,0.078,417.64,95635.0
2023-05-27 23:00:00,0.1766,463.66,128639.0
2023-05-28 00:00:00,0.1032,464.85,65099.0
2023-05-28 01:00:00,0.0643,464.35,52693.0
2023-05-28 02:00:00,0.0606,466.01,79038.0
2023-05-28 03:00:00,0.0427,459.79,87058.0
2023-05-28 04:00:00,0.0674,468.9,133884.0
2023-05-28 05:00:00,0.0922,456.92,49021.0
2023-05-28 06:00:00,0.0897,443.11,83252.0
2023-05-28 07:00:00,0.1025,452.15,63266.0
2023-05-28 08:00:00,0.098,453.08,78552.0
2023-05-28 09:00:00,0.1747,444.92,88976.0
2023-05-28 10:00:00,0.1674,449.65,75105.0
2023-05-28 11:00:00,0.1429,441.74,62112.0
2023-05-28 12:00:00,0.7786,433.36,56844.0
2023-05-28 13:00:00,1.5177,421.78,56976.0
2023-05-28 14:00:00,1.1665,402.19,73578.0
2023-05-28 15:00:00,0.9788,414.85,103269.0
2023-05-28 16:00:00,1.4699,424.64,56412.0
2023-05-28 17:00:00,0.9648,418.65,98751.0
2023-05-28 18:00:00,0.4357,439.97,149754.0
2023-05-28 19:00:00,0.487,434.14,96230.0
2023-05-28 20:00:00,0.9894,415.38,134296.0
2023-05-28 21:00:00,1.5168,419.29,60790.0
2023-05-28 22:00:00,1.6535,433.13,56902.0
2023-05-28 23:00:00,1.4805,404.34,51055.0
2023-05-29 00:00:00,1.1254,400.02,54789.0
2023-05-29 01:00:00,1.3076,391.95,43309.0
2023-05-29 02:00:00,1.0794,383.53,45116.0
2023-05-29 03:00:00,1.4428,394.04,32019.0
2023-05-29 04:00:00,0.9777,396.64,58191.0
2023-05-29 05:00:00,0.74,396.28,49134.0
2023-05-29 06:00:00,0.2543,380.24,80929.0
2023-05-29 07:00:00,1.0158,380.71,28860.0
2023-05-29 08:00:00,0.8828,398.19,46494.0
2023-05-29 09:00:00,1.2365,413.9,38842.0
2023-05-29 10:00:00,1.1754,395.15,40866.0
2023-05-29 11:00:00,1.1034,391.07,31643.0
2023-05-29 12:00:00,0.9234,381.5,46349.0
2023-05-29 13:00:00,1.0374,376.53,52558.0
2023-05-29 14:00:00,0.5648,379.55,91742.0
2023-05-29 15:00:00,1.9381,387.3,38835.0
2023-05-29 16:00:00,1.2166,390.14,94993.0
2023-05-29 17:00:00,1.0147,375.4,80946.0
2023-05-29 18:00:00,1.002,389.5,97083.0
2023-05-29 19:00:00,1.2042,387.02,40170.0
2023-05-29 20:00:00,1.5625,381.37,28709.0
2023-05-29 21:00:00,1.9106,378.13,13126.0
2023-05-29 22:00:00,2.0159,377.02,13102.0
2023-05-29 23:00:00,1.8877,374.29,13227.0
2023-05-30 00:00:00,1.6047,370.43,16005.0
2023-05-30 01:00:00,2.4888,372.94,14495.0
2023-05-30 02:00:00,2.3106,368.71,14772.0
2023-05-30 03:00:00,2.3314,384.91,12137.0
2023-05-30 04:00:00,1.3366,381.07,9121.0
2023-05-30 05:00:00,1.5979,380.86,10921.0
2023-05-30 06:00:00,0.2275,384.85,24121.0
2023-05-30 07:00:00,0.7319,381.38,10326.0
2023-05-30 08:00:00,1.7596,379.92,8697.0
2023-05-30 09:00:00,1.6526,383.76,9993.0
2023-05-30 10:00:00,0.4267,379.93,13945.0
2023-05-30 11:00:00,1.489,372.68,10621.0
2023-05-30 12:00:00,2.9299,371.58,11140.0
2023-05-30 13:00:00,3.211,369.03,9499.0
2023-05-30 14:00:00,2.413,364.26,11570.0
2023-05-30 15:00:00,1.6329,366.44,16677.0
2023-05-30 16:00:00,1.0656,372.9,44796.0
2023-05-30 17:00:00,0.909,377.07,58231.0
2023-05-30 18:00:00,1.2074,382.56,43613.0
2023-05-30 19:00:00,1.7188,379.5,54223.0
2023-05-30 20:00:00,3.2769,376.18,64581.0
2023-05-30 21:00:00,4.1697,387.38,62636.0
2023-05-30 22:00:00,4.444,387.45,57039.0
2023-05-30 23:00:00,4.8109,387.36,57639.0
2023-05-31 00:00:00,4.728,378.68,31284.0
2023-05-31 01:00:00,4.4303,376.4,24109.0
2023-05-31 02:00:00,4.7358,366.03,32107.0
2023-05-31 03:00:00,5.5106,352.46,29046.0
2023-05-31 04:00:00,5.2979,362.4,29719.0
2023-05-31 05:00:00,5.6886,378.09,27518.0
2023-05-31 06:00:00,5.5857,372.74,23925.0
2023-05-31 07:00:00,5.4403,370.15,23143.0
2023-05-31 08:00:00,4.9591,371.42,49149.0
2023-05-31 09:00:00,5.0161,364.47,54070.0
2023-05-31 10:00:00,5.9574,367.25,49315.0
2023-05-31 11:00:00,5.5929,368.64,53054.0
2023-05-31 12:00:00,5.3025,368.63,51118.0
2023-05-31 13:00:00,5.5731,390.28,65845.0
2023-05-31 14:00:00,5.6341,362.38,78984.0
2023-05-31 15:00:00,5.7302,366.24,76615.0
2023-05-31 16:00:00,5.8167,369.68,65006.0
2023-05-31 17:00:00,5.7408,369.5,72493.0
2023-05-31 18:00:00,5.7329,373.31,70159.0
2023-05-31 19:00:00,5.9235,384.75,65601.0
2023-05-31 20:00:00,5.0402,383.48,81039.0
2023-05-31 21:00:00,5.4898,396.35,114841.0
2023-05-31 22:00:00,5.8569,389.97,142133.0
2023-05-31 23:00:00,5.3972,388.53,113705.0
2023-06-01 00:00:00,5.2302,397.81,106044.0
2023-06-01 01:00:00,5.9618,403.95,125993.0
2023-06-01 02:00:00,5.5493,394.21,131145.0
2023-06-01 03:00:00,5.9393,387.1,137907.0
2023-06-01 04:00:00,5.9543,391.92,131733.0
2023-06-01 05:00:00,5.1198,422.55,111931.0
2023-06-01 06:00:00,4.514,418.19,104769.0
2023-06-01 07:00:00,4.4928,413.22,118571.0
2023-06-01 08:00:00,5.0822,423.32,125954.0
2023-06-01 09:00:00,4.5501,431.83,127112.0
2023-06-01 10:00:00,5.6816,449.8,138596.0
2023-06-01 11:00:00,3.5668,445.45,168089.0
2023-06-01 12:00:00,2.688,454.23,146476.0
2023-06-01 13:00:00,2.769,464.26,142163.0
2023-06-01 14:00:00,2.5621,472.24,143493.0
2023-06-01 15:00:00,2.1406,470.5,114216.0
2023-06-01 16:00:00,1.9571,462.17,110296.0
2023-06-01 17:00:00,1.844,452.92,97787.0
2023-06-01 18:00:00,1.8284,445.4,96543.0
2023-06-01 19:00:00,1.7418,440.64,93454.0
2023-06-01 20:00:00,1.6655,439.84,95780.0
2023-06-01 21:00:00,1.728,437.16,81337.0
2023-06-01 22:00:00,1.7056,431.83,53943.0
2023-06-01 23:00:00,1.6878,429.37,55229.0
2023-06-02 00:00:00,2.3019,421.06,53983.0
2023-06-02 01:00:00,2.3142,424.05,44756.0
2023-06-02 02:00:00,3.1367,408.0,61673.0
2023-06-02 03:00:00,3.7149,397.32,65774.0
2023-06-02 04:00:00,3.7504,392.82,58245.0
2023-06-02 05:00:00,3.9092,390.8,58943.0
2023-06-02 06:00:00,3.9741,388.52,52204.0
2023-06-02 07:00:00,3.6272,381.28,49485.0
2023-06-02 08:00:00,3.3917,375.06,45402.0
2023-06-02 09:00:00,3.256,371.64,41590.0
2023-06-02 10:00:00,3.3035,369.05,45926.0
2023-06-02 11:00:00,3.1428,365.77,49268.0
2023-06-02 12:00:00,3.17,364.97,52138.0
2023-06-02 13:00:00,3.1699,363.79,43083.0
2023-06-02 14:00:00,3.0619,365.31,62019.0
2023-06-02 15:00:00,2.8124,363.56,52531.0
2023-06-02 16:00:00,2.7518,363.84,51887.0
2023-06-02 17:00:00,3.236,358.27,32264.0
2023-06-02 18:00:00,3.0417,354.6,25723.0
2023-06-02 19:00:00,2.997,353.1,23358.0
2023-06-02 20:00:00,3.2988,353.58,20651.0
2023-06-02 21:00:00,3.3576,355.2,17980.0
2023-06-02 22:00:00,3.5114,356.6,19993.0
2023-06-02 23:00:00,3.6523,354.49,19839.0
2023-06-03 00:00:00,3.8275,353.34,23926.0
2023-06-03 01:00:00,3.2156,349.3,26085.0
2023-06-03 02:00:00,3.4719,349.74,15764.0
2023-06-03 03:00:00,4.013,348.61,13760.0
2023-06-03 04:00:00,4.8641,356.52,14758.0
2023-06-03 05:00:00,4.0922,350.24,18944.0
2023-06-03 06:00:00,4.5011,353.95,13885.0
2023-06-03 07:00:00,4.2694,350.55,14070.0
2023-06-03 08:00:00,4.4924,345.15,17406.0
2023-06-03 09:00:00,4.3496,339.16,29766.0
2023-06-03 10:00:00,3.9208,337.88,34279.0
2023-06-03 11:00:00,5.0019,346.86,25646.0
2023-06-03 12:00:00,5.0077,337.47,34259.0
2023-06-03 13:00:00,4.9489,332.54,33208.0
2023-06-03 14:00:00,4.7567,328.6,31848.0
2023-06-03 15:00:00,4.8926,326.93,30361.0
2023-06-03 16:00:00,3.8972,319.64,29086.0
2023-06-03 17:00:00,2.6951,313.78,24153.0
2023-06-03 18:00:00,3.4868,311.73,30268.0
2023-06-03 19:00:00,6.7689,329.73,22242.0
2023-06-03 20:00:00,7.9613,331.33,24466.0
2023-06-03 21:00:00,5.2906,331.57,27203.0
2023-06-03 22:00:00,4.8856,330.28,24539.0
2023-06-03 23:00:00,10.8082,341.36,18302.0
2023-06-04 00:00:00,13.6942,343.2,17019.0
2023-06-04 01:00:00,9.7124,336.94,37595.0
2023-06-04 02:00:00,8.6986,333.65,37134.0
2023-06-04 03:00:00,9.4046,335.81,39635.0
2023-06-04 04:00:00,9.2771,334.77,46115.0
2023-06-04 05:00:00,12.8494,338.79,53159.0
2023-06-04 06:00:00,12.8968,338.84,50851.0
2023-06-04 07:00:00,10.205,334.47,53736.0
2023-06-04 08:00:00,15.3055,344.17,34988.0
2023-06-04 09:00:00,15.8946,343.86,32171.0
2023-06-04 10:00:00,10.7067,350.73,41171.0
2023-06-04 11:00:00,5.5846,344.85,40127.0
2023-06-04 12:00:00,6.1401,341.68,33076.0
2023-06-04 13:00:00,10.7775,347.71,29810.0
2023-06-04 14:00:00,10.3061,347.1,23846.0
2023-06-04 15:00:00,8.1153,338.97,28626.0
2023-06-04 16:00:00,9.527,338.34,26447.0
2023-06-04 17:00:00,8.2718,345.92,17866.0
2023-06-04 18:00:00,6.798,351.6,39138.0
2023-06-04 19:00:00,7.8496,356.4,48957.0
2023-06-04 20:00:00,6.2516,358.18,39749.0
2023-06-04 21:00:00,6.3267,354.25,33838.0
2023-06-04 22:00:00,6.0318,352.61,43493.0
2023-06-04 23:00:00,5.7781,356.15,51938.0
2023-06-05 00:00:00,5.6063,356.56,58606.0
2023-06-05 01:00:00,6.0385,358.5,55473.0
2023-06-05 02:00:00,5.3637,357.12,52297.0
2023-06-05 03:00:00,4.668,356.27,68597.0
2023-06-05 04:00:00,4.558,354.47,67615.0
2023-06-05 05:00:00,3.1799,367.0,79840.0
2023-06-05 06:00:00,2.0046,392.91,73177.0
2023-06-05 07:00:00,3.5399,393.54,57983.0
2023-06-05 08:00:00,4.3766,429.86,90049.0
2023-06-05 09:00:00,4.6346,411.65,80394.0
2023-06-05 10:00:00,5.258,421.09,64330.0
2023-06-05 11:00:00,4.7152,408.21,62641.0
2023-06-05 12:00:00,4.3049,395.14,57733.0
2023-06-05 13:00:00,4.1393,387.18,54327.0
2023-06-05 14:00:00,4.6334,384.23,56019.0
2023-06-05 15:00:00,4.4592,390.1,59183.0
2023-06-05 16:00:00,5.1766,389.48,71046.0
2023-06-05 17:00:00,5.1962,372.81,49009.0
2023-06-05 18:00:00,6.4579,361.02,42685.0
2023-06-05 19:00:00,4.6377,372.13,54477.0
2023-06-05 20:00:00,5.3675,374.63,52547.0
2023-06-05 21:00:00,4.0939,368.33,38788.0
2023-06-05 22:00:00,4.2611,363.91,43175.0
2023-06-05 23:00:00,6.3431,352.53,40222.0
2023-06-06 00:00:00,6.8798,350.99,45829.0
2023-06-06 01:00:00,7.7994,351.16,58359.0
2023-06-06 02:00:00,6.739,356.93,47877.0
2023-06-06 03:00:00,6.3028,365.02,56918.0
2023-06-06 04:00:00,6.4332,367.72,90107.0
2023-06-06 05:00:00,6.0241,363.53,89543.0
2023-06-06 06:00:00,4.579,362.98,78177.0
2023-06-06 07:00:00,6.0981,372.57,91417.0
2023-06-06 08:00:00,5.9763,367.83,84004.0
2023-06-06 09:00:00,5.0467,390.62,115873.0
2023-06-06 10:00:00,5.0539,396.95,130388.0
2023-06-06 11:00:00,4.8187,391.47,116614.0
2023-06-06 12:00:00,3.6297,383.7,97997.0
2023-06-06 13:00:00,3.1926,367.13,78049.0
2023-06-06 14:00:00,2.7394,365.68,81017.0
2023-06-06 15:00:00,3.1355,360.73,79948.0
2023-06-06 16:00:00,3.1503,358.18,67115.0
2023-06-06 17:00:00,3.4379,362.79,76856.0
2023-06-06 18:00:00,3.3011,365.84,68245.0
2023-06-06 19:00:00,3.0828,375.56,51394.0
2023-06-06 20:00:00,3.0803,377.05,36614.0
2023-06-06 21:00:00,2.3495,357.77,31551.0
2023-06-06 22:00:00,2.642,357.88,26918.0
2023-06-06 23:00:00,2.8921,347.39,25339.0
2023-06-07 00:00:00,3.8815,349.76,18239.0
2023-06-07 01:00:00,3.9434,348.68,20519.0
2023-06-07 02:00:00,3.4179,342.99,22752.0
2023-06-07 03:00:00,3.2061,339.51,22753.0
2023-06-07 04:00:00,2.974,338.07,21294.0
2023-06-07 05:00:00,2.7664,329.8,22394.0
2023-06-07 06:00:00,2.9105,333.01,21969.0
2023-06-07 07:00:00,1.9745,327.86,21904.0
2023-06-07 08:00:00,1.557,324.84,26693.0
2023-06-07 09:00:00,1.7183,326.28,26246.0
2023-06-07 10:00:00,0.9514,325.61,42530.0
2023-06-07 11:00:00,1.5681,321.3,29148.0
2023-06-07 12:00:00,2.1919,327.75,25553.0
2023-06-07 13:00:00,2.4732,331.84,25881.0
2023-06-07 14:00:00,1.9802,330.16,39480.0
2023-06-07 15:00:00,2.6916,333.23,32099.0
2023-06-07 16:00:00,3.6163,337.34,27157.0
2023-06-07 17:00:00,4.2934,341.08,23174.0
2023-06-07 18:00:00,4.2394,337.79,24023.0
2023-06-07 19:00:00,2.5931,326.41,26155.0
2023-06-07 20:00:00,2.3679,326.13,29365.0
2023-06-07 21:00:00,2.0475,323.46,35510.0
2023-06-07 22:00:00,5.1277,341.12,41105.0
2023-06-07 23:00:00,5.0362,349.6,32476.0
2023-06-08 00:00:00,6.1511,358.79,59887.0
2023-06-08 01:00:00,7.8132,363.54,34082.0
2023-06-08 02:00:00,7.3675,357.75,40056.0
2023-06-08 03:00:00,6.9413,354.87,30533.0
2023-06-08 04:00:00,6.4776,349.77,28970.0
2023-06-08 05:00:00,5.4631,346.57,37299.0
2023-06-08 06:00:00,3.7942,335.64,55864.0
2023-06-08 07:00:00,3.0796,333.86,56515.0
2023-06-08 08:00:00,2.5454,334.75,66123.0
2023-06-08 09:00:00,2.3546,335.66,55791.0
2023-06-08 10:00:00,3.5615,337.5,55898.0
2023-06-08 11:00:00,3.825,335.57,45858.0
2023-06-08 12:00:00,4.3235,334.8,31013.0
2023-06-08 13:00:00,3.8174,336.23,31868.0
2023-06-08 14:00:00,4.1276,342.73,49887.0
2023-06-08 15:00:00,4.297,343.37,64010.0
2023-06-08 16:00:00,4.6833,341.42,59490.0
2023-06-08 17:00:00,4.8756,340.18,46995.0
2023-06-08 18:00:00,5.1978,338.1,37164.0
2023-06-08 19:00:00,4.2583,328.82,38742.0
2023-06-08 20:00:00,4.2759,326.78,36158.0
2023-06-08 21:00:00,3.2657,326.2,35964.0
2023-06-08 22:00:00,3.7276,325.35,32481.0
2023-06-08 23:00:00,3.4106,322.92,31301.0
2023-06-09 00:00:00,4.4161,328.97,28158.0
2023-06-09 01:00:00,3.0635,324.88,34196.0
2023-06-09 02:00:00,2.3892,310.86,38779.0
2023-06-09 03:00:00,2.1116,309.69,31496.0
2023-06-09 04:00:00,2.0075,301.63,32323.0
2023-06-09 05:00:00,1.5649,302.04,31352.0
2023-06-09 06:00:00,1.5951,296.92,27209.0
2023-06-09 07:00:00,2.5875,289.16,16173.0
2023-06-09 08:00:00,2.1619,282.56,15966.0
2023-06-09 09:00:00,2.1118,282.63,19896.0
2023-06-09 10:00:00,2.3589,280.13,19455.0
2023-06-09 11:00:00,2.6156,276.5,19142.0
2023-06-09 12:00:00,2.9789,278.09,14643.0
2023-06-09 13:00:00,3.6041,290.9,38985.0
2023-06-09 14:00:00,5.2898,285.87,15776.0
2023-06-09 15:00:00,4.3664,284.93,14037.0
2023-06-09 16:00:00,4.8343,286.18,14174.0
2023-06-09 17:00:00,6.425,297.28,14248.0
2023-06-09 18:00:00,6.3136,298.03,17521.0
2023-06-09 19:00:00,7.3118,298.75,20716.0
2023-06-09 20:00:00,7.1835,296.95,20728.0
2023-06-09 21:00:00,4.4725,311.31,35993.0
2023-06-09 22:00:00,3.4196,313.59,30498.0
2023-06-09 23:00:00,3.3797,311.23,27051.0
2023-06-10 00:00:00,2.9388,313.03,24500.0
2023-06-10 01:00:00,3.3813,312.43,23652.0
2023-06-10 02:00:00,3.2674,310.44,22627.0
2023-06-10 03:00:00,4.2475,306.3,27811.0
2023-06-10 04:00:00,5.0906,301.31,28780.0
2023-06-10 05:00:00,6.2652,301.36,29929.0
2023-06-10 06:00:00,5.8816,299.82,29665.0
2023-06-10 07:00:00,5.78,296.19,26615.0
2023-06-10 08:00:00,5.1454,302.78,29051.0
2023-06-10 09:00:00,3.7259,312.41,26468.0
2023-06-10 10:00:00,4.1097,316.14,28648.0
2023-06-10 11:00:00,4.4596,313.78,28521.0
2023-06-10 12:00:00,5.3671,312.5,27223.0
2023-06-10 13:00:00,4.9686,315.16,27067.0
2023-06-10 14:00:00,6.231,315.86,25048.0
2023-06-10 15:00:00,6.723,305.08,22092.0
2023-06-10 16:00:00,6.438,307.26,20582.0
2023-06-10 17:00:00,7.3082,309.7,22023.0
2023-06-10 18:00:00,7.978,312.84,23122.0
2023-06-10 19:00:00,9.809,315.07,24287.0
2023-06-10 20:00:00,10.6675,315.37,23421.0
2023-06-10 21:00:00,11.8569,316.6,24025.0
2023-06-10 22:00:00,14.9282,317.44,22356.0
2023-06-10 23:00:00,11.4442,323.49,26754.0
2023-06-11 00:00:00,12.4413,325.04,25619.0
2023-06-11 01:00:00,10.5451,337.25,35374.0
2023-06-11 02:00:00,9.1907,356.54,46593.0
2023-06-11 03:00:00,5.7635,360.77,58197.0
2023-06-11 04:00:00,7.2469,367.07,82220.0
2023-06-11 05:00:00,8.5633,382.87,136332.0
2023-06-11 06:00:00,8.5221,389.04,156481.0
2023-06-11 07:00:00,9.9399,399.12,152665.0
2023-06-11 08:00:00,9.5541,393.99,131828.0
2023-06-11 09:00:00,8.8817,398.17,124665.0
2023-06-11 10:00:00,7.1805,397.88,112176.0
2023-06-11 11:00:00,6.0993,400.83,95105.0
2023-06-11 12:00:00,5.6327,410.71,129443.0
2023-06-11 13:00:00,6.0117,411.48,133265.0
2023-06-11 14:00:00,6.1862,414.88,133114.0
2023-06-11 15:00:00,5.6661,401.19,125507.0
2023-06-11 16:00:00,4.2834,392.16,108234.0
2023-06-11 17:00:00,4.1714,405.32,115140.0
2023-06-11 18:00:00,4.6763,425.28,132595.0
2023-06-11 19:00:00,5.1832,429.79,133308.0
2023-06-11 20:00:00,5.662,429.51,120846.0
2023-06-11 21:00:00,6.2262,429.85,98283.0
2023-06-11 22:00:00,6.3076,427.89,113676.0
2023-06-11 23:00:00,6.2166,427.95,134574.0
2023-06-12 00:00:00,5.8704,428.48,126578.0
2023-06-12 01:00:00,5.385,423.81,119692.0
2023-06-12 02:00:00,4.9272,416.51,124269.0
2023-06-12 03:00:00,3.8402,428.08,128637.0
2023-06-12 04:00:00,3.7177,433.18,131056.0
2023-06-12 05:00:00,3.2815,439.83,130758.0
2023-06-12 06:00:00,3.3066,440.47,140864.0
2023-06-12 07:00:00,2.9978,443.7,141374.0
2023-06-12 08:00:00,2.9546,431.53,116994.0
2023-06-12 09:00:00,3.0212,428.74,123781.0
2023-06-12 10:00:00,3.022,433.38,154031.0
2023-06-12 11:00:00,3.1266,443.41,145005.0
2023-06-12 12:00:00,3.022,436.59,155927.0
2023-06-12 13:00:00,2.8572,422.93,154730.0
2023-06-12 14:00:00,2.9389,431.02,117975.0
2023-06-12 15:00:00,2.602,446.75,109736.0
2023-06-12 16:00:00,2.0978,439.73,91654.0
2023-06-12 17:00:00,2.6641,425.85,97196.0
2023-06-12 18:00:00,3.1351,420.03,89749.0
2023-06-12 19:00:00,2.5862,419.96,95413.0
2023-06-12 20:00:00,2.7163,421.12,107267.0
2023-06-12 21:00:00,2.2418,429.82,97076.0
2023-06-12 22:00:00,1.2637,457.48,71306.0
2023-06-12 23:00:00,1.5031,465.48,68052.0
2023-06-13 00:00:00,1.3473,462.48,71767.0
2023-06-13 01:00:00,1.4922,461.18,64105.0
2023-06-13 02:00:00,1.7003,446.53,67840.0
2023-06-13 03:00:00,2.2046,438.84,70076.0
2023-06-13 04:00:00,2.3953,436.28,67648.0
2023-06-13 05:00:00,2.4588,438.0,69765.0
2023-06-13 06:00:00,2.5147,436.66,66149.0
2023-06-13 07:00:00,2.5141,424.21,62215.0
2023-06-13 08:00:00,2.1401,422.88,60377.0
2023-06-13 09:00:00,2.5415,431.79,50804.0
2023-06-13 10:00:00,2.1709,431.46,45657.0
2023-06-13 11:00:00,2.1867,422.62,46684.0
2023-06-13 12:00:00,2.4313,402.49,55815.0
2023-06-13 13:00:00,2.6526,404.63,58706.0
2023-06-13 14:00:00,2.9821,409.69,64565.0
2023-06-13 15:00:00,3.1296,392.11,51177.0
2023-06-13 16:00:00,3.6866,378.88,45341.0
2023-06-13 17:00:00,3.8332,376.78,38252.0
2023-06-13 18:00:00,3.2494,375.32,43247.0
2023-06-13 19:00:00,3.8764,385.08,41992.0
2023-06-13 20:00:00,3.4277,385.64,45721.0
2023-06-13 21:00:00,3.6725,370.18,42807.0
2023-06-13 22:00:00,3.9214,368.12,32306.0
2023-06-13 23:00:00,3.5069,366.21,44320.0
2023-06-14 00:00:00,3.0294,356.89,47253.0
2023-06-14 01:00:00,2.9276,348.4,58787.0
2023-06-14 02:00:00,2.6353,348.69,74100.0
2023-06-14 03:00:00,2.8434,347.8,60955.0
2023-06-14 04:00:00,3.0378,363.44,28857.0
2023-06-14 05:00:00,1.6112,368.19,38123.0
2023-06-14 06:00:00,2.8347,356.41,49539.0
2023-06-14 07:00:00,3.6286,352.61,31943.0
2023-06-14 08:00:00,3.6048,350.49,32563.0
2023-06-14 09:00:00,2.1949,352.57,48018.0
2023-06-14 10:00:00,1.8881,346.47,50072.0
2023-06-14 11:00:00,1.832,337.25,45828.0
2023-06-14 12:00:00,1.6365,332.84,33036.0
2023-06-14 13:00:00,1.7018,332.94,47741.0
2023-06-14 14:00:00,1.5225,333.12,56380.0
2023-06-14 15:00:00,1.3327,347.22,56696.0
2023-06-14 16:00:00,1.6333,346.26,57021.0
2023-06-14 17:00:00,1.3592,351.71,50514.0
2023-06-14 18:00:00,1.4175,345.13,48896.0
2023-06-14 19:00:00,1.3328,338.19,61565.0
2023-06-14 20:00:00,1.3204,344.59,64225.0
2023-06-14 21:00:00,1.257,347.73,78352.0
2023-06-14 22:00:00,1.1495,344.49,59563.0
2023-06-14 23:00:00,1.3109,347.51,64305.0
2023-06-15 00:00:00,1.5206,350.47,64054.0
2023-06-15 01:00:00,1.3444,352.25,88351.0
2023-06-15 02:00:00,1.9981,341.99,74526.0
2023-06-15 03:00:00,2.1731,342.47,48710.0
2023-06-15 04:00:00,2.3323,345.76,44933.0
2023-06-15 05:00:00,1.6525,337.66,73044.0
2023-06-15 06:00:00,0.9277,355.78,81775.0
2023-06-15 07:00:00,3.0084,351.9,54253.0
2023-06-15 08:00:00,3.8842,360.17,44425.0
2023-06-15 09:00:00,4.8307,359.92,36307.0
2023-06-15 10:00:00,5.7336,368.01,36970.0
2023-06-15 11:00:00,10.0485,376.93,36415.0
2023-06-15 12:00:00,12.2546,379.1,45782.0
2023-06-15 13:00:00,16.0911,381.23,39787.0
2023-06-15 14:00:00,12.4056,406.12,76562.0
2023-06-15 15:00:00,4.3462,413.03,132338.0
2023-06-15 16:00:00,2.3808,421.4,130531.0
2023-06-15 17:00:00,5.1291,437.11,165546.0
2023-06-15 18:00:00,4.6198,448.93,181627.0
2023-06-15 19:00:00,5.3506,459.89,200037.0
2023-06-15 20:00:00,3.55,480.08,231008.0
2023-06-15 21:00:00,4.8764,610.24,461360.0
2023-06-15 22:00:00,6.4602,615.5,394630.0
2023-06-15 23:00:00,4.0466,619.74,359968.0
2023-06-16 00:00:00,3.891,620.26,407441.0
2023-06-16 01:00:00,4.0683,612.2,369390.0
2023-06-16 02:00:00,4.459,606.65,390018.0
2023-06-16 03:00:00,2.3238,661.47,270361.0
2023-06-16 04:00:00,2.2335,680.01,270127.0
2023-06-16 05:00:00,2.0117,657.67,308816.0
2023-06-16 06:00:00,2.4954,669.51,329867.0
2023-06-16 07:00:00,2.3437,662.98,298818.0
2023-06-16 08:00:00,2.4957,663.71,313421.0
2023-06-16 09:00:00,2.5499,680.83,329678.0
2023-06-16 10:00:00,2.6734,663.17,324206.0
2023-06-16 11:00:00,2.2244,658.16,280241.0
2023-06-16 12:00:00,2.5799,681.02,272023.0
2023-06-16 13:00:00,2.4208,654.99,238133.0
2023-06-16 14:00:00,2.0613,683.04,208000.0
2023-06-16 15:00:00,1.6697,648.73,214073.0
2023-06-16 16:00:00,1.3124,643.12,263114.0
2023-06-16 17:00:00,1.6958,639.25,280604.0
2023-06-16 18:00:00,1.8414,635.38,265753.0
2023-06-16 19:00:00,1.7523,634.34,312068.0
2023-06-16 20:00:00,1.541,642.31,309169.0
2023-06-16 21:00:00,1.3894,641.13,261396.0
2023-06-16 22:00:00,1.199,656.23,231976.0
2023-06-16 23:00:00,1.2572,628.35,290406.0
2023-06-17 00:00:00,1.53,613.03,306295.0
2023-06-17 01:00:00,1.5095,605.16,208804.0
2023-06-17 02:00:00,1.338,595.05,187573.0
2023-06-17 03:00:00,1.412,569.83,205947.0
2023-06-17 04:00:00,1.7251,584.32,193787.0
2023-06-17 05:00:00,1.4146,575.78,191991.0
2023-06-17 06:00:00,1.2284,576.11,184011.0
2023-06-17 07:00:00,1.0736,567.97,169711.0
2023-06-17 08:00:00,0.869,568.82,141556.0
2023-06-17 09:00:00,1.1094,564.24,146033.0
2023-06-17 10:00:00,0.8607,565.13,163344.0
2023-06-17 11:00:00,1.1674,550.34,189169.0
2023-06-17 12:00:00,1.2003,543.72,164634.0
2023-06-17 13:00:00,1.1305,558.62,147239.0
2023-06-17 14:00:00,1.0985,536.36,155900.0
2023-06-17 15:00:00,1.1221,535.37,160056.0
2023-06-17 16:00:00,0.9551,534.32,144806.0
2023-06-17 17:00:00,0.8523,528.6,161086.0
2023-06-17 18:00:00,0.9104,527.2,146198.0
2023-06-17 19:00:00,0.8766,522.5,126975.0
2023-06-17 20:00:00,0.7529,511.69,109537.0
2023-06-17 21:00:00,0.7182,503.82,94882.0
2023-06-17 22:00:00,0.8665,502.76,136518.0
2023-06-17 23:00:00,0.9351,501.02,97254.0
2023-06-18 00:00:00,1.5456,493.05,93440.0
2023-06-18 01:00:00,1.0032,485.93,97716.0
2023-06-18 02:00:00,0.8809,478.34,78084.0
2023-06-18 03:00:00,1.323,468.53,83079.0
2023-06-18 04:00:00,1.314,457.43,75327.0
2023-06-18 05:00:00,1.1995,425.83,62417.0
2023-06-18 06:00:00,0.862,399.17,47435.0
2023-06-18 07:00:00,0.48,392.26,42078.0
2023-06-18 08:00:00,0.3486,384.7,20688.0
2023-06-18 09:00:00,0.5192,384.84,33007.0
2023-06-18 10:00:00,0.6076,381.76,38522.0
2023-06-18 11:00:00,0.6302,388.07,22417.0
2023-06-18 12:00:00,0.8535,385.49,21688.0
2023-06-18 13:00:00,1.273,388.09,25129.0
2023-06-18 14:00:00,0.4651,389.79,30226.0
2023-06-18 15:00:00,0.7171,389.01,22377.0
2023-06-18 16:00:00,1.4638,385.54,24778.0
2023-06-18 17:00:00,1.1951,383.18,26703.0
2023-06-18 18:00:00,1.2209,380.89,38759.0
2023-06-18 19:00:00,0.5928,386.42,48139.0
2023-06-18 20:00:00,1.1661,389.82,48073.0
2023-06-18 21:00:00,1.4838,391.2,39694.0
2023-06-18 22:00:00,1.4064,388.21,43036.0
2023-06-18 23:00:00,1.5697,391.32,64271.0
2023-06-19 00:00:00,1.6674,385.53,56923.0
2023-06-19 01:00:00,2.6063,387.66,59366.0
2023-06-19 02:00:00,3.8485,377.98,63989.0
2023-06-19 03:00:00,3.233,385.4,66235.0
2023-06-19 04:00:00,1.9289,394.26,99714.0
2023-06-19 05:00:00,2.3853,388.9,105345.0
2023-06-19 06:00:00,1.6635,390.19,125915.0
2023-06-19 07:00:00,2.1723,385.61,118077.0
2023-06-19 08:00:00,1.7791,399.0,92118.0
2023-06-19 09:00:00,3.4419,390.23,95607.0
2023-06-19 10:00:00,2.5389,390.38,111631.0
2023-06-19 11:00:00,1.778,394.53,140013.0
2023-06-19 12:00:00,2.656,395.41,98177.0
2023-06-19 13:00:00,3.6024,400.07,89680.0
2023-06-19 14:00:00,2.0141,408.47,144385.0
2023-06-19 15:00:00,2.3603,427.15,128092.0
2023-06-19 16:00:00,2.8542,443.35,192087.0
2023-06-19 17:00:00,2.5622,432.08,185712.0
2023-06-19 18:00:00,1.9505,442.02,209424.0
2023-06-19 19:00:00,1.8787,438.8,198120.0
2023-06-19 20:00:00,1.9228,437.26,176688.0
2023-06-19 21:00:00,1.7408,444.38,173054.0
2023-06-19 22:00:00,1.891,444.27,169178.0
2023-06-19 23:00:00,2.1808,460.29,160696.0
2023-06-20 00:00:00,1.1415,428.84,148639.0
2023-06-20 01:00:00,0.5109,428.14,119087.0
2023-06-20 02:00:00,1.8473,410.99,72981.0
2023-06-20 03:00:00,2.976,408.29,56708.0
2023-06-20 04:00:00,1.4637,409.11,59594.0
2023-06-20 05:00:00,1.499,406.82,81813.0
2023-06-20 06:00:00,1.3054,414.44,59127.0
2023-06-20 07:00:00,1.0488,417.39,40214.0
2023-06-20 08:00:00,1.6579,381.64,80010.0
2023-06-20 09:00:00,1.5833,392.34,65302.0
2023-06-20 10:00:00,1.3893,416.01,53113.0
2023-06-20 11:00:00,0.8027,411.72,73860.0
2023-06-20 12:00:00,2.3402,402.78,62576.0
2023-06-20 13:00:00,3.6452,401.23,63345.0
2023-06-20 14:00:00,2.4055,399.18,82291.0
2023-06-20 15:00:00,2.5568,391.52,67144.0
2023-06-20 16:00:00,2.8584,379.05,49629.0
2023-06-20 17:00:00,3.0469,386.66,42468.0
2023-06-20 18:00:00,3.261,405.71,88967.0
2023-06-20 19:00:00,3.5622,407.46,120029.0
2023-06-20 20:00:00,2.7746,410.13,102220.0
2023-06-20 21:00:00,3.8013,408.23,93996.0
2023-06-20 22:00:00,3.8446,396.06,89801.0
2023-06-20 23:00:00,4.0476,406.56,81396.0
2023-06-21 00:00:00,4.7537,416.15,97352.0
2023-06-21 01:00:00,7.185,410.39,98578.0
2023-06-21 02:00:00,5.7901,408.67,111408.0
2023-06-21 03:00:00,4.6501,420.61,115198.0
2023-06-21 04:00:00,5.1703,423.22,103954.0
2023-06-21 05:00:00,4.8812,409.15,114918.0
2023-06-21 06:00:00,4.8021,416.49,129825.0
2023-06-21 07:00:00,4.3155,423.85,111944.0
2023-06-21 08:00:00,4.4557,423.49,114473.0
2023-06-21 09:00:00,4.0037,421.11,161325.0
2023-06-21 10:00:00,4.1489,428.29,157041.0
2023-06-21 11:00:00,4.4177,432.08,110203.0
2023-06-21 12:00:00,3.3554,438.1,103597.0
2023-06-21 13:00:00,2.2837,431.07,86343.0
2023-06-21 14:00:00,2.1425,437.48,118450.0
2023-06-21 15:00:00,1.7591,432.83,91068.0
2023-06-21 16:00:00,1.5093,436.01,83282.0
2023-06-21 17:00:00,1.5091,433.91,97901.0
2023-06-21 18:00:00,1.5393,411.18,115418.0
2023-06-21 19:00:00,1.4832,442.32,123197.0
2023-06-21 20:00:00,1.7871,457.18,96104.0
2023-06-21 21:00:00,1.7433,446.04,95288.0
2023-06-21 22:00:00,1.6061,438.93,94568.0
2023-06-21 23:00:00,1.5547,430.7,127716.0
2023-06-22 00:00:00,1.6579,420.72,146653.0
2023-06-22 01:00:00,1.5819,421.78,122381.0
2023-06-22 02:00:00,1.6875,418.33,117491.0
2023-06-22 03:00:00,1.7181,436.22,105982.0
2023-06-22 04:00:00,1.8395,428.8,101219.0
2023-06-22 05:00:00,1.8879,426.08,63123.0
2023-06-22 06:00:00,1.9634,427.88,61144.0
2023-06-22 07:00:00,2.1285,423.1,88472.0
2023-06-22 08:00:00,2.1556,406.75,75229.0
2023-06-22 09:00:00,2.694,406.73,88923.0
2023-06-22 10:00:00,2.8173,402.92,100126.0
2023-06-22 11:00:00,3.1378,400.89,82154.0
2023-06-22 12:00:00,3.4279,410.25,67067.0
2023-06-22 13:00:00,3.9296,416.47,62173.0
2023-06-22 14:00:00,4.1259,402.9,61006.0
2023-06-22 15:00:00,4.6914,407.67,57826.0
2023-06-22 16:00:00,4.7234,403.87,59837.0
2023-06-22 17:00:00,4.8952,397.29,64080.0
2023-06-22 18:00:00,5.145,388.46,67416.0
2023-06-22 19:00:00,4.9744,390.56,68230.0
2023-06-22 20:00:00,4.9915,391.98,74879.0
2023-06-22 21:00:00,5.0344,385.1,75019.0
2023-06-22 22:00:00,4.8673,381.29,75785.0
2023-06-22 23:00:00,4.7544,387.9,76102.0
2023-06-23 00:00:00,4.7403,384.27,76809.0
2023-06-23 01:00:00,4.6356,382.85,82986.0
2023-06-23 02:00:00,4.703,376.1,94513.0
2023-06-23 03:00:00,4.695,376.21,96641.0
2023-06-23 04:00:00,5.0671,379.47,96228.0
2023-06-23 05:00:00,5.079,375.97,105471.0
2023-06-23 06:00:00,4.6526,377.73,102873.0
2023-06-23 07:00:00,4.4115,366.96,85803.0
2023-06-23 08:00:00,4.1233,364.19,91405.0
2023-06-23 09:00:00,4.6158,373.91,97028.0
2023-06-23 10:00:00,4.6599,374.12,86598.0
2023-06-23 11:00:00,4.1619,373.49,92462.0
2023-06-23 12:00:00,4.5625,381.01,121274.0
2023-06-23 13:00:00,4.7659,375.32,113014.0
2023-06-23 14:00:00,4.34,384.58,105535.0
2023-06-23 15:00:00,4.4394,395.47,99616.0
2023-06-23 16:00:00,5.0544,396.49,121764.0
2023-06-23 17:00:00,4.9762,408.84,152562.0
2023-06-23 18:00:00,3.8727,405.73,154429.0
2023-06-23 19:00:00,3.4107,422.11,153664.0
2023-06-23 20:00:00,2.8409,427.07,128938.0
2023-06-23 21:00:00,1.7599,428.24,100151.0
2023-06-23 22:00:00,2.2022,418.33,86589.0
2023-06-23 23:00:00,1.951,412.54,86245.0
2023-06-24 00:00:00,1.3783,434.53,70769.0
2023-06-24 01:00:00,2.1602,414.45,50651.0
2023-06-24 02:00:00,1.7827,418.71,83827.0
2023-06-24 03:00:00,2.3409,414.91,79491.0
2023-06-24 04:00:00,4.4699,433.51,47582.0
2023-06-24 05:00:00,2.3274,431.86,140098.0
2023-06-24 06:00:00,2.011,440.77,162353.0
2023-06-24 07:00:00,1.7995,435.14,158194.0
2023-06-24 08:00:00,1.9876,450.46,147767.0
2023-06-24 09:00:00,2.3696,429.55,145010.0
2023-06-24 10:00:00,1.8818,464.31,145313.0
2023-06-24 11:00:00,2.058,471.72,135737.0
2023-06-24 12:00:00,2.0512,460.58,128150.0
2023-06-24 13:00:00,2.4362,441.28,130078.0
2023-06-24 14:00:00,1.9541,439.07,146431.0
2023-06-24 15:00:00,2.1596,470.08,119121.0
2023-06-24 16:00:00,1.9939,460.78,133636.0
2023-06-24 17:00:00,2.3815,458.56,77446.0
2023-06-24 18:00:00,2.5288,470.53,93919.0
2023-06-24 19:00:00,3.8188,494.29,132245.0
2023-06-24 20:00:00,3.8285,487.32,221587.0
2023-06-24 21:00:00,3.4957,485.0,269032.0
2023-06-24 22:00:00,3.2076,505.6,262038.0
2023-06-24 23:00:00,3.4144,498.93,160603.0
2023-06-25 00:00:00,3.2697,536.1,139586.0
2023-06-25 01:00:00,7.0168,512.33,74171.0
2023-06-25 02:00:00,6.2124,510.2,93309.0
2023-06-25 03:00:00,4.0997,519.73,96889.0
2023-06-25 04:00:00,2.9758,491.21,81342.0
2023-06-25 05:00:00,2.5454,487.02,134535.0
2023-06-25 06:00:00,2.0453,509.5,136020.0
2023-06-25 07:00:00,2.2008,538.42,117997.0
2023-06-25 08:00:00,2.0213,511.07,131631.0
2023-06-25 09:00:00,1.8806,515.49,148257.0
2023-06-25 10:00:00,2.3293,509.49,147280.0
2023-06-25 11:00:00,2.3057,510.31,160552.0
2023-06-25 12:00:00,2.2312,517.11,193848.0
2023-06-25 13:00:00,2.5355,501.5,151823.0
2023-06-25 14:00:00,2.7334,512.48,158145.0
2023-06-25 15:00:00,2.7811,509.91,190787.0
2023-06-25 16:00:00,2.3791,514.53,195929.0
2023-06-25 17:00:00,1.7741,515.83,188798.0
2023-06-25 18:00:00,1.8205,524.67,188219.0
2023-06-25 19:00:00,1.7641,536.62,228187.0
2023-06-25 20:00:00,1.991,573.33,299710.0
2023-06-25 21:00:00,1.9377,571.58,291944.0
2023-06-25 22:00:00,1.7301,578.29,323989.0
2023-06-25 23:00:00,1.7491,570.29,297200.0
2023-06-26 00:00:00,2.2526,560.87,246005.0
2023-06-26 01:00:00,1.9191,577.27,305753.0
2023-06-26 02:00:00,1.412,573.53,288060.0
2023-06-26 03:00:00,1.4955,582.43,269470.0
2023-06-26 04:00:00,1.5276,588.16,271970.0
2023-06-26 05:00:00,1.6157,559.07,224751.0
2023-06-26 06:00:00,1.3713,541.09,216615.0
2023-06-26 07:00:00,1.3433,546.09,213264.0
2023-06-26 08:00:00,1.3185,529.61,183056.0
2023-06-26 09:00:00,1.4593,546.44,175398.0
2023-06-26 10:00:00,1.4812,525.15,150239.0
2023-06-26 11:00:00,1.6391,544.31,148218.0
2023-06-26 12:00:00,1.6197,543.64,134353.0
2023-06-26 13:00:00,1.7,558.12,144397.0
2023-06-26 14:00:00,1.6146,545.0,140072.0
2023-06-26 15:00:00,1.529,537.78,129423.0
2023-06-26 16:00:00,1.4251,546.5,149079.0
2023-06-26 17:00:00,1.3651,547.1,165390.0
2023-06-26 18:00:00,1.3901,533.6,155339.0
2023-06-26 19:00:00,1.4908,542.6,139876.0
2023-06-26 20:00:00,1.6635,559.05,142133.0
2023-06-26 21:00:00,1.5295,536.2,159047.0
2023-06-26 22:00:00,1.3918,506.37,125452.0
2023-06-26 23:00:00,1.4177,531.26,152570.0
2023-06-27 00:00:00,1.4479,521.37,145798.0
2023-06-27 01:00:00,1.4651,525.83,133419.0
2023-06-27 02:00:00,-999.9,-999.9,-1000.0
2023-06-27 03:00:00,-999.9,-999.9,-1000.0
2023-06-27 04:00:00,1.6731,513.7,178996.0
2023-06-27 05:00:00,1.5178,512.63,150925.0
2023-06-27 06:00:00,1.5545,520.18,131364.0
2023-06-27 07:00:00,1.8189,501.88,108683.0
2023-06-27 08:00:00,1.682,521.19,130438.0
2023-06-27 09:00:00,-999.9,-999.9,-1000.0
2023-06-27 10:00:00,1.9513,500.42,124946.0
2023-06-27 11:00:00,-999.9,-999.9,-1000.0
2023-06-27 12:00:00,-999.9,-999.9,-1000.0
2023-06-27 13:00:00,2.0668,492.29,116633.0
2023-06-27 14:00:00,2.1269,497.89,118478.0
2023-06-27 15:00:00,2.2085,500.2,113797.0
2023-06-27 16:00:00,2.1691,499.69,112360.0
2023-06-27 17:00:00,2.177,479.28,96899.0
2023-06-27 18:00:00,2.2392,481.21,93033.0
2023-06-27 19:00:00,2.6596,484.37,98183.0
2023-06-27 20:00:00,2.7383,481.52,85142.0
2023-06-27 21:00:00,2.5572,472.03,100995.0
2023-06-27 22:00:00,2.7329,471.45,109471.0
2023-06-27 23:00:00,2.7777,461.33,123511.0
2023-06-28 00:00:00,3.6672,465.92,104173.0
2023-06-28 01:00:00,2.9797,455.52,100294.0
2023-06-28 02:00:00,2.9172,458.27,94525.0
2023-06-28 03:00:00,3.0877,458.95,92947.0
2023-06-28 04:00:00,3.3884,465.31,98316.0
2023-06-28 05:00:00,2.7615,446.61,81769.0
2023-06-28 06:00:00,3.0171,453.39,97594.0
2023-06-28 07:00:00,2.9654,454.31,92865.0
2023-06-28 08:00:00,3.0023,449.62,94668.0
2023-06-28 09:00:00,2.9663,459.43,84678.0
2023-06-28 10:00:00,2.8884,454.43,66572.0
2023-06-28 11:00:00,3.2294,447.91,73557.0
2023-06-28 12:00:00,2.7005,440.63,88103.0
2023-06-28 13:00:00,3.0506,439.52,96268.0
2023-06-28 14:00:00,2.9855,438.92,99299.0
2023-06-28 15:00:00,2.9091,442.15,85491.0
2023-06-28 16:00:00,2.5439,443.14,72203.0
2023-06-28 17:00:00,2.5973,443.08,71927.0
2023-06-28 18:00:00,2.6031,442.79,65186.0
2023-06-28 19:00:00,2.3859,432.6,62599.0
2023-06-28 20:00:00,2.4209,444.23,58925.0
2023-06-28 21:00:00,2.5285,440.48,60859.0
2023-06-28 22:00:00,2.5187,438.91,56778.0
2023-06-28 23:00:00,2.754,449.57,95759.0
2023-06-29 00:00:00,3.3078,445.85,113111.0
2023-06-29 01:00:00,3.2751,448.51,107931.0
2023-06-29 02:00:00,2.9858,450.77,116572.0
2023-06-29 03:00:00,2.3613,454.54,105771.0
2023-06-29 04:00:00,2.6317,461.63,109921.0
2023-06-29 05:00:00,2.7718,472.94,109435.0
2023-06-29 06:00:00,3.1437,470.18,97804.0
2023-06-29 07:00:00,3.173,473.4,71943.0
2023-06-29 08:00:00,2.4794,469.68,74691.0
2023-06-29 09:00:00,1.9051,475.69,87602.0
2023-06-29 10:00:00,1.7743,477.57,88884.0
2023-06-29 11:00:00,1.5838,472.37,70399.0
2023-06-29 12:00:00,1.5467,475.13,87176.0
2023-06-29 13:00:00,1.6592,463.36,81805.0
2023-06-29 14:00:00,2.3756,488.51,54630.0
2023-06-29 15:00:00,3.648,495.4,27362.0
2023-06-29 16:00:00,3.8855,492.9,25791.0
2023-06-29 17:00:00,4.683,488.18,22891.0
2023-06-29 18:00:00,4.8013,478.98,21861.0
2023-06-29 19:00:00,5.0885,472.81,24328.0
2023-06-29 20:00:00,4.3374,453.72,43804.0
2023-06-29 21:00:00,2.8787,452.76,74471.0
2023-06-29 22:00:00,3.7897,472.64,91457.0
2023-06-29 23:00:00,3.1535,452.99,104146.0
2023-06-30 00:00:00,2.6748,444.9,90635.0
2023-06-30 01:00:00,4.359,465.55,116861.0
2023-06-30 02:00:00,2.5546,490.29,194686.0
2023-06-30 03:00:00,1.9962,499.75,233891.0
2023-06-30 04:00:00,1.8716,499.77,241757.0
2023-06-30 05:00:00,1.9878,496.1,212117.0
2023-06-30 06:00:00,1.8245,515.34,189347.0
2023-06-30 07:00:00,1.2465,546.06,153180.0
2023-06-30 08:00:00,1.502,500.29,167022.0
2023-06-30 09:00:00,1.5605,487.04,149387.0
2023-06-30 10:00:00,1.8875,487.21,153235.0
2023-06-30 11:00:00,1.9752,519.43,197512.0
2023-06-30 12:00:00,1.7472,522.95,247507.0
2023-06-30 13:00:00,2.1847,563.53,137211.0
2023-06-30 14:00:00,2.9745,580.66,115311.0
2023-06-30 15:00:00,1.1233,519.1,151028.0
2023-06-30 16:00:00,1.2356,511.96,132381.0
2023-06-30 17:00:00,1.274,513.65,139508.0
2023-06-30 18:00:00,1.2008,512.09,141956.0
2023-06-30 19:00:00,1.3222,507.48,154757.0
2023-06-30 20:00:00,1.2854,500.54,142601.0
2023-06-30 21:00:00,1.2299,498.47,146456.0
2023-06-30 22:00:00,1.3838,511.49,141960.0
2023-06-30 23:00:00,2.5273,469.71,124686.0
2023-07-01 00:00:00,2.8244,487.71,137992.0
2023-07-01 01:00:00,2.8848,490.49,132944.0
2023-07-01 02:00:00,2.2872,462.81,163436.0
2023-07-01 03:00:00,1.5134,475.77,82805.0
2023-07-01 04:00:00,1.7499,462.7,73018.0
2023-07-01 05:00:00,1.4027,465.1,79466.0
2023-07-01 06:00:00,1.1991,464.66,75572.0
2023-07-01 07:00:00,1.3058,457.29,68032.0
2023-07-01 08:00:00,1.2752,451.51,76887.0
2023-07-01 09:00:00,1.1518,454.71,83903.0
2023-07-01 10:00:00,1.1589,446.74,83223.0
2023-07-01 11:00:00,1.3452,447.24,73990.0
2023-07-01 12:00:00,1.3628,446.01,81208.0
2023-07-01 13:00:00,1.4811,447.05,94265.0
2023-07-01 14:00:00,1.45,466.65,77095.0
2023-07-01 15:00:00,1.5657,453.0,89333.0
2023-07-01 16:00:00,1.494,448.34,92315.0
2023-07-01 17:00:00,1.5289,455.75,92629.0
2023-07-01 18:00:00,1.7884,453.67,89726.0
2023-07-01 19:00:00,1.6414,437.59,103987.0
2023-07-01 20:00:00,2.0341,432.31,94269.0
2023-07-01 21:00:00,2.3335,442.37,92197.0
2023-07-01 22:00:00,2.6479,430.22,86437.0
2023-07-01 23:00:00,2.68,422.56,78852.0
2023-07-02 00:00:00,2.7259,427.31,73069.0
2023-07-02 01:00:00,2.6783,430.35,76891.0
2023-07-02 02:00:00,2.4859,423.21,85584.0
2023-07-02 03:00:00,2.6495,438.04,78031.0
2023-07-02 04:00:00,2.5893,437.21,84984.0
2023-07-02 05:00:00,2.4573,432.91,79875.0
2023-07-02 06:00:00,2.5823,433.7,75355.0
2023-07-02 07:00:00,2.5889,434.68,68296.0
2023-07-02 08:00:00,2.5116,433.69,63958.0
2023-07-02 09:00:00,2.4818,426.87,74612.0
2023-07-02 10:00:00,2.4069,411.98,71131.0
2023-07-02 11:00:00,2.3836,418.07,64277.0
2023-07-02 12:00:00,2.2919,421.83,61816.0
2023-07-02 13:00:00,2.361,431.01,57922.0
2023-07-02 14:00:00,2.5265,424.25,58046.0
2023-07-02 15:00:00,2.8727,426.39,48965.0
2023-07-02 16:00:00,3.0731,428.49,40240.0
2023-07-02 17:00:00,3.5535,426.86,42484.0
2023-07-02 18:00:00,3.6263,422.82,40903.0
2023-07-02 19:00:00,3.8035,419.37,42718.0
2023-07-02 20:00:00,3.3684,385.01,36982.0
2023-07-02 21:00:00,3.3093,378.44,35185.0
2023-07-02 22:00:00,3.346,374.38,34824.0
2023-07-02 23:00:00,3.4169,375.36,37466.0
2023-07-03 00:00:00,3.6765,377.02,35846.0
2023-07-03 01:00:00,4.1046,379.39,38410.0
2023-07-03 02:00:00,4.5628,374.48,39699.0
2023-07-03 03:00:00,3.8787,377.72,36298.0
2023-07-03 04:00:00,3.3879,385.5,35823.0
2023-07-03 05:00:00,3.416,383.57,36211.0
2023-07-03 06:00:00,4.2857,389.3,43170.0
2023-07-03 07:00:00,4.8889,385.21,37132.0
2023-07-03 08:00:00,4.8113,371.81,54169.0
2023-07-03 09:00:00,4.5485,378.5,63376.0
2023-07-03 10:00:00,4.3104,369.73,63518.0
2023-07-03 11:00:00,3.9492,376.15,61704.0
2023-07-03 12:00:00,3.9223,377.19,51398.0
2023-07-03 13:00:00,3.1775,388.43,70540.0
2023-07-03 14:00:00,2.8124,374.3,53434.0
2023-07-03 15:00:00,2.6803,375.58,42493.0
2023-07-03 16:00:00,2.8302,376.95,46354.0
2023-07-03 17:00:00,2.8496,378.6,48153.0
2023-07-03 18:00:00,2.7986,385.12,66473.0
2023-07-03 19:00:00,2.6508,393.1,61489.0
2023-07-03 20:00:00,2.6118,385.33,48382.0
2023-07-03 21:00:00,2.4519,380.76,39419.0
2023-07-03 22:00:00,2.208,367.66,31399.0
2023-07-03 23:00:00,2.2191,361.16,27434.0
2023-07-04 00:00:00,2.137,359.35,26438.0
2023-07-04 01:00:00,2.0223,365.16,27361.0
2023-07-04 02:00:00,2.1394,363.19,21443.0
2023-07-04 03:00:00,2.3231,381.05,22119.0
2023-07-04 04:00:00,3.2124,378.19,20623.0
2023-07-04 05:00:00,3.9662,378.2,17119.0
2023-07-04 06:00:00,3.7389,381.37,17118.0
2023-07-04 07:00:00,3.6473,378.01,16465.0
2023-07-04 08:00:00,3.2294,374.85,15310.0
2023-07-04 09:00:00,3.1338,370.7,15855.0
2023-07-04 10:00:00,2.6608,360.89,41609.0
2023-07-04 11:00:00,3.8526,357.95,28101.0
2023-07-04 12:00:00,4.8582,349.94,15146.0
2023-07-04 13:00:00,4.4941,346.74,22906.0
2023-07-04 14:00:00,3.5217,344.83,33612.0
2023-07-04 15:00:00,4.5459,348.95,22173.0
2023-07-04 16:00:00,5.5855,365.6,16678.0
2023-07-04 17:00:00,4.874,354.37,23620.0
2023-07-04 18:00:00,4.7332,349.12,17314.0
2023-07-04 19:00:00,5.0997,349.66,17196.0
2023-07-04 20:00:00,8.6025,353.88,11632.0
2023-07-04 21:00:00,8.5172,353.78,12983.0
2023-07-04 22:00:00,6.308,353.23,21734.0
2023-07-04 23:00:00,6.4097,351.37,20719.0
2023-07-05 00:00:00,6.6331,350.62,17350.0
2023-07-05 01:00:00,5.5332,347.96,22841.0
2023-07-05 02:00:00,6.0861,350.7,17810.0
2023-07-05 03:00:00,6.4277,352.09,14062.0
2023-07-05 04:00:00,7.397,350.82,13685.0
2023-07-05 05:00:00,7.7353,352.05,16037.0
2023-07-05 06:00:00,7.5947,348.82,20794.0
2023-07-05 07:00:00,8.0427,346.81,23201.0
2023-07-05 08:00:00,8.1522,346.13,21578.0
2023-07-05 09:00:00,9.5979,343.68,20952.0
2023-07-05 10:00:00,12.5001,342.13,19991.0
2023-07-05 11:00:00,15.095,342.68,18084.0
2023-07-05 12:00:00,16.6966,346.02,20306.0
2023-07-05 13:00:00,9.0464,347.74,27753.0
2023-07-05 14:00:00,9.2048,355.0,20745.0
2023-07-05 15:00:00,9.1093,360.31,30951.0
2023-07-05 16:00:00,9.6786,368.69,40441.0
2023-07-05 17:00:00,13.5427,384.02,30257.0
2023-07-05 18:00:00,11.413,399.25,35476.0
2023-07-05 19:00:00,9.4405,397.45,38650.0
2023-07-05 20:00:00,5.9136,406.6,55584.0
2023-07-05 21:00:00,11.4989,417.41,36263.0
2023-07-05 22:00:00,8.279,419.1,55324.0
2023-07-05 23:00:00,5.7928,412.76,62268.0
2023-07-06 00:00:00,7.7369,431.24,64459.0
2023-07-06 01:00:00,4.7317,426.22,70697.0
2023-07-06 02:00:00,4.8761,423.4,74438.0
2023-07-06 03:00:00,5.0945,414.67,87643.0
2023-07-06 04:00:00,4.6191,420.14,74569.0
2023-07-06 05:00:00,4.6447,418.87,79739.0
2023-07-06 06:00:00,5.7546,411.49,93074.0
2023-07-06 07:00:00,5.8912,416.47,106466.0
2023-07-06 08:00:00,6.6693,435.28,105049.0
2023-07-06 09:00:00,8.2985,436.86,117274.0
2023-07-06 10:00:00,6.9685,433.12,119722.0
2023-07-06 11:00:00,6.4299,449.54,141572.0
2023-07-06 12:00:00,6.4739,455.13,143305.0
2023-07-06 13:00:00,6.4766,451.47,150309.0
2023-07-06 14:00:00,5.7659,451.91,134893.0
2023-07-06 15:00:00,5.7442,463.21,160144.0
2023-07-06 16:00:00,5.5338,455.94,141983.0
2023-07-06 17:00:00,5.0643,437.01,123701.0
2023-07-06 18:00:00,4.5222,441.72,126012.0
2023-07-06 19:00:00,4.4936,435.86,119483.0
2023-07-06 20:00:00,4.8768,446.28,117567.0
2023-07-06 21:00:00,4.6935,468.28,197653.0
2023-07-06 22:00:00,4.3702,484.85,227592.0
2023-07-06 23:00:00,5.605,474.66,211868.0
2023-07-07 00:00:00,5.6153,494.61,235948.0
2023-07-07 01:00:00,5.1097,497.28,234364.0
2023-07-07 02:00:00,5.2332,497.94,238125.0
2023-07-07 03:00:00,5.3144,493.82,208027.0
2023-07-07 04:00:00,5.0221,477.61,163200.0
2023-07-07 05:00:00,4.4406,468.53,145439.0
2023-07-07 06:00:00,3.8489,488.34,168521.0
2023-07-07 07:00:00,3.7372,498.45,152937.0
2023-07-07 08:00:00,3.3312,492.37,118156.0
2023-07-07 09:00:00,3.1422,486.62,84939.0
2023-07-07 10:00:00,2.9478,489.22,93367.0
2023-07-07 11:00:00,2.6705,489.9,112234.0
2023-07-07 12:00:00,4.3427,480.33,61013.0
2023-07-07 13:00:00,6.1736,478.73,43072.0
2023-07-07 14:00:00,5.5544,473.55,31603.0
2023-07-07 15:00:00,6.167,472.54,30890.0
2023-07-07 16:00:00,6.1134,474.43,34392.0
2023-07-07 17:00:00,5.4708,481.08,32332.0
2023-07-07 18:00:00,5.874,488.96,36199.0
2023-07-07 19:00:00,6.1241,494.85,32935.0
2023-07-07 20:00:00,6.1756,488.62,17417.0
2023-07-07 21:00:00,5.9853,479.01,16477.0
2023-07-07 22:00:00,6.0935,471.82,21644.0
2023-07-07 23:00:00,6.0471,460.36,16625.0
2023-07-08 00:00:00,5.7455,453.64,18746.0
2023-07-08 01:00:00,7.1032,458.5,22604.0
2023-07-08 02:00:00,7.0177,462.27,23458.0
2023-07-08 03:00:00,7.1674,455.79,22432.0
2023-07-08 04:00:00,6.368,450.15,23093.0
2023-07-08 05:00:00,5.4521,439.98,23315.0
2023-07-08 06:00:00,5.2723,437.52,25257.0
2023-07-08 07:00:00,6.1767,438.89,19306.0
2023-07-08 08:00:00,7.378,417.05,31150.0
2023-07-08 09:00:00,6.7425,412.5,23195.0
2023-07-08 10:00:00,5.1642,402.13,27864.0
2023-07-08 11:00:00,5.0449,398.15,32029.0
2023-07-08 12:00:00,4.6354,395.56,31688.0
2023-07-08 13:00:00,3.826,395.4,26860.0
2023-07-08 14:00:00,3.7521,391.66,31484.0
2023-07-08 15:00:00,3.8279,405.58,47869.0
2023-07-08 16:00:00,4.2247,407.85,67454.0
2023-07-08 17:00:00,4.2343,407.54,69922.0
2023-07-08 18:00:00,5.5736,417.35,59280.0
2023-07-08 19:00:00,4.676,415.81,63777.0
2023-07-08 20:00:00,3.0109,408.77,50620.0
2023-07-08 21:00:00,2.5751,408.41,50406.0
2023-07-08 22:00:00,2.6846,390.85,47461.0
2023-07-08 23:00:00,2.7313,385.27,49133.0
2023-07-09 00:00:00,3.3376,377.93,54981.0
2023-07-09 01:00:00,3.3841,374.77,57359.0
2023-07-09 02:00:00,3.4318,369.73,54756.0
2023-07-09 03:00:00,3.5712,366.54,57215.0
2023-07-09 04:00:00,4.0576,360.31,62793.0
2023-07-09 05:00:00,3.5951,360.18,65728.0
2023-07-09 06:00:00,3.148,355.38,57253.0
2023-07-09 07:00:00,3.2362,354.09,64938.0
2023-07-09 08:00:00,2.5415,359.82,43254.0
2023-07-09 09:00:00,3.0806,362.93,55428.0
2023-07-09 10:00:00,3.0019,367.76,48765.0
2023-07-09 11:00:00,2.5394,368.47,70102.0
2023-07-09 12:00:00,2.725,367.73,60250.0
2023-07-09 13:00:00,3.2844,364.35,61457.0
2023-07-09 14:00:00,2.9275,370.76,52117.0
2023-07-09 15:00:00,2.6431,370.72,52612.0
2023-07-09 16:00:00,1.9387,372.34,38328.0
2023-07-09 17:00:00,2.0374,373.79,28448.0
2023-07-09 18:00:00,2.0019,367.04,34787.0
2023-07-09 19:00:00,2.4369,383.51,31222.0
2023-07-09 20:00:00,2.2381,369.24,40262.0
2023-07-09 21:00:00,3.1949,359.52,56729.0
2023-07-09 22:00:00,2.3392,359.18,61667.0
2023-07-09 23:00:00,3.8581,355.7,45946.0
2023-07-10 00:00:00,4.3605,353.84,37786.0
2023-07-10 01:00:00,2.4712,355.59,42593.0
2023-07-10 02:00:00,2.0415,351.0,48761.0
2023-07-10 03:00:00,1.8472,347.81,56163.0
2023-07-10 04:00:00,1.5046,349.99,50677.0
2023-07-10 05:00:00,1.4876,352.31,52882.0
2023-07-10 06:00:00,1.7427,347.28,44300.0
2023-07-10 07:00:00,1.3107,346.44,37466.0
2023-07-10 08:00:00,2.1319,342.03,31062.0
2023-07-10 09:00:00,2.3064,337.88,28070.0
2023-07-10 10:00:00,2.1116,342.45,29726.0
2023-07-10 11:00:00,2.2164,345.66,29146.0
2023-07-10 12:00:00,2.1939,345.05,24366.0
2023-07-10 13:00:00,2.6446,348.66,22444.0
2023-07-10 14:00:00,2.7379,342.06,20124.0
2023-07-10 15:00:00,2.5955,333.93,18805.0
2023-07-10 16:00:00,3.3055,337.81,12767.0
2023-07-10 17:00:00,3.6238,335.01,9476.0
2023-07-10 18:00:00,3.1948,331.46,11472.0
2023-07-10 19:00:00,2.8896,330.5,16042.0
2023-07-10 20:00:00,3.2026,330.65,12958.0
2023-07-10 21:00:00,3.4333,331.34,13147.0
2023-07-10 22:00:00,3.5907,329.92,12722.0
2023-07-10 23:00:00,3.7396,329.51,13758.0
2023-07-11 00:00:00,3.291,328.57,18226.0
2023-07-11 01:00:00,3.0037,326.46,19429.0
2023-07-11 02:00:00,3.6561,331.01,21098.0
2023-07-11 03:00:00,3.4005,328.51,19860.0
2023-07-11 04:00:00,3.5588,327.87,18535.0
2023-07-11 05:00:00,3.526,327.58,18283.0
2023-07-11 06:00:00,3.1675,324.82,17535.0
2023-07-11 07:00:00,3.3417,326.04,21181.0
2023-07-11 08:00:00,3.5184,327.12,26738.0
2023-07-11 09:00:00,3.2786,326.28,28146.0
2023-07-11 10:00:00,3.4843,326.68,25756.0
2023-07-11 11:00:00,4.1759,328.25,25971.0
2023-07-11 12:00:00,4.1133,328.73,27581.0
2023-07-11 13:00:00,4.9414,328.95,32495.0
2023-07-11 14:00:00,7.575,338.09,34756.0
2023-07-11 15:00:00,7.251,334.66,41381.0
2023-07-11 16:00:00,6.1629,333.14,37826.0
2023-07-11 17:00:00,6.2351,336.5,32657.0
2023-07-11 18:00:00,6.6044,339.71,26728.0
2023-07-11 19:00:00,6.9594,344.58,30656.0
2023-07-11 20:00:00,6.9114,342.98,28490.0
2023-07-11 21:00:00,6.3488,338.4,27047.0
2023-07-11 22:00:00,6.1435,338.76,22621.0
2023-07-11 23:00:00,5.5876,335.77,23457.0
2023-07-12 00:00:00,5.8623,340.58,29220.0
2023-07-12 01:00:00,4.9626,332.09,27629.0
2023-07-12 02:00:00,4.0631,327.23,29376.0
2023-07-12 03:00:00,4.3603,332.6,28541.0
2023-07-12 04:00:00,3.2619,323.16,26656.0
2023-07-12 05:00:00,3.8105,326.41,28112.0
2023-07-12 06:00:00,3.0036,319.53,26108.0
2023-07-12 07:00:00,2.5012,321.67,25428.0
2023-07-12 08:00:00,3.0461,321.74,27326.0
2023-07-12 09:00:00,3.6519,328.26,24467.0
2023-07-12 10:00:00,3.5594,325.91,22757.0
2023-07-12 11:00:00,2.8626,319.02,28358.0
2023-07-12 12:00:00,3.4023,321.74,30330.0
2023-07-12 13:00:00,2.5365,312.78,50235.0
2023-07-12 14:00:00,2.6193,310.05,61803.0
2023-07-12 15:00:00,2.4726,312.54,26262.0
2023-07-12 16:00:00,3.5097,315.64,22861.0
2023-07-12 17:00:00,2.8468,306.88,35801.0
2023-07-12 18:00:00,3.6897,296.49,18148.0
2023-07-12 19:00:00,1.9255,288.48,8137.0
2023-07-12 20:00:00,1.4556,295.47,9324.0
2023-07-12 21:00:00,1.6143,305.28,13527.0
2023-07-12 22:00:00,2.1409,304.13,21378.0
2023-07-12 23:00:00,2.9138,298.91,27368.0
2023-07-13 00:00:00,2.8993,295.94,21349.0
2023-07-13 01:00:00,4.3994,309.25,25367.0
2023-07-13 02:00:00,7.9936,316.82,24826.0
2023-07-13 03:00:00,8.744,311.65,25417.0
2023-07-13 04:00:00,7.4322,313.68,20875.0
2023-07-13 05:00:00,6.3356,310.09,19766.0
2023-07-13 06:00:00,4.5668,306.54,19211.0
2023-07-13 07:00:00,5.5859,307.59,18642.0
2023-07-13 08:00:00,4.9869,305.07,19773.0
2023-07-13 09:00:00,4.9884,299.76,19025.0
2023-07-13 10:00:00,4.8753,298.51,19732.0
2023-07-13 11:00:00,8.8182,319.02,30059.0
2023-07-13 12:00:00,6.1108,315.66,25749.0
2023-07-13 13:00:00,5.6305,313.45,23392.0
2023-07-13 14:00:00,6.4573,312.04,23735.0
2023-07-13 15:00:00,12.339,326.77,22525.0
2023-07-13 16:00:00,11.2725,345.41,36243.0
2023-07-13 17:00:00,10.1534,348.11,48655.0
2023-07-13 18:00:00,8.4762,346.2,43336.0
2023-07-13 19:00:00,7.4621,335.39,42458.0
2023-07-13 20:00:00,9.4769,346.76,40062.0
2023-07-13 21:00:00,7.8082,339.5,47212.0
2023-07-13 22:00:00,8.0357,344.5,47093.0
2023-07-13 23:00:00,5.4315,334.24,47804.0
2023-07-14 00:00:00,7.8631,344.54,50657.0
2023-07-14 01:00:00,7.5545,350.23,71575.0
2023-07-14 02:00:00,6.2247,349.58,47291.0
2023-07-14 03:00:00,6.5051,347.58,43388.0
2023-07-14 04:00:00,6.6857,344.47,48382.0
2023-07-14 05:00:00,5.5432,337.1,52842.0
2023-07-14 06:00:00,5.486,337.33,36814.0
2023-07-14 07:00:00,6.9631,344.77,50406.0
2023-07-14 08:00:00,9.0028,362.3,68079.0
2023-07-14 09:00:00,9.0508,361.37,68674.0
2023-07-14 10:00:00,8.1706,357.16,74604.0
2023-07-14 11:00:00,6.8946,370.91,61473.0
2023-07-14 12:00:00,6.9282,374.26,64147.0
2023-07-14 13:00:00,6.4252,375.48,72213.0
2023-07-14 14:00:00,7.3331,379.07,85528.0
2023-07-14 15:00:00,14.1828,422.34,110055.0
2023-07-14 16:00:00,16.3621,429.45,127121.0
2023-07-14 17:00:00,17.0876,430.08,110205.0
2023-07-14 18:00:00,24.0833,425.43,92416.0
2023-07-14 19:00:00,19.0483,412.26,105678.0
2023-07-14 20:00:00,13.8337,419.92,116923.0
2023-07-14 21:00:00,6.4204,424.87,144532.0
2023-07-14 22:00:00,4.9567,411.96,148835.0
2023-07-14 23:00:00,5.5775,413.87,117796.0
2023-07-15 00:00:00,3.573,402.24,108631.0
2023-07-15 01:00:00,3.4816,389.99,105242.0
2023-07-15 02:00:00,4.1415,379.67,75582.0
2023-07-15 03:00:00,3.3852,369.9,55010.0
2023-07-15 04:00:00,4.0216,364.35,50467.0
2023-07-15 05:00:00,4.4632,356.36,41756.0
2023-07-15 06:00:00,3.4323,353.56,50003.0
2023-07-15 07:00:00,3.1891,354.45,49355.0
2023-07-15 08:00:00,3.7851,357.51,42892.0
2023-07-15 09:00:00,2.8698,355.17,38039.0
2023-07-15 10:00:00,1.5429,388.73,82793.0
2023-07-15 11:00:00,1.1087,414.27,95267.0
2023-07-15 12:00:00,0.8414,430.66,93830.0
2023-07-15 13:00:00,0.3589,415.99,87851.0
2023-07-15 14:00:00,0.3056,426.36,109212.0
2023-07-15 15:00:00,0.2103,408.2,89792.0
2023-07-15 16:00:00,0.1878,413.88,97798.0
2023-07-15 17:00:00,0.1867,414.11,123294.0
2023-07-15 18:00:00,0.246,413.68,120635.0
2023-07-15 19:00:00,0.2021,407.7,116326.0
2023-07-15 20:00:00,0.187,406.2,110836.0
2023-07-15 21:00:00,0.186,402.49,113232.0
2023-07-15 22:00:00,0.2001,407.55,115561.0
2023-07-15 23:00:00,0.2227,405.55,102970.0
2023-07-16 00:00:00,0.148,383.82,102752.0
2023-07-16 01:00:00,0.1674,408.39,124916.0
2023-07-16 02:00:00,0.1791,398.57,122382.0
2023-07-16 03:00:00,0.1631,384.88,100207.0
2023-07-16 04:00:00,0.1572,377.99,99275.0
2023-07-16 05:00:00,0.1618,375.75,92902.0
2023-07-16 06:00:00,0.1697,384.97,91352.0
2023-07-16 07:00:00,0.1601,373.71,85749.0
2023-07-16 08:00:00,0.1328,356.31,42007.0
2023-07-16 09:00:00,0.1579,366.09,51811.0
2023-07-16 10:00:00,0.1166,359.28,38639.0
2023-07-16 11:00:00,0.1045,358.14,42900.0
2023-07-16 12:00:00,0.128,375.27,49388.0
2023-07-16 13:00:00,0.1626,353.42,31279.0
2023-07-16 14:00:00,0.1334,351.53,28897.0
2023-07-16 15:00:00,0.1674,350.06,25203.0
2023-07-16 16:00:00,0.2118,350.84,28005.0
2023-07-16 17:00:00,0.819,352.67,18781.0
2023-07-16 18:00:00,0.6919,381.42,60548.0
2023-07-16 19:00:00,1.1374,455.98,111858.0
2023-07-16 20:00:00,1.0415,446.77,103427.0
2023-07-16 21:00:00,0.8934,426.77,81048.0
2023-07-16 22:00:00,0.2671,442.24,161075.0
2023-07-16 23:00:00,0.1357,463.76,272593.0
2023-07-17 00:00:00,0.0888,478.51,275051.0
2023-07-17 01:00:00,0.0846,447.43,193239.0
2023-07-17 02:00:00,0.1149,433.57,203528.0
2023-07-17 03:00:00,0.4215,441.95,146912.0
2023-07-17 04:00:00,2.337,455.18,85604.0
2023-07-17 05:00:00,3.4078,449.1,77726.0
2023-07-17 06:00:00,4.168,460.69,55034.0
2023-07-17 07:00:00,2.9403,489.39,160761.0
2023-07-17 08:00:00,2.7655,479.38,215667.0
2023-07-17 09:00:00,2.8373,514.76,249423.0
2023-07-17 10:00:00,2.7466,489.58,213905.0
2023-07-17 11:00:00,2.5917,489.69,197418.0
2023-07-17 12:00:00,1.7536,529.43,210392.0
2023-07-17 13:00:00,1.3739,547.6,222332.0
2023-07-17 14:00:00,1.2769,560.13,279665.0
2023-07-17 15:00:00,1.2666,554.05,278210.0
2023-07-17 16:00:00,1.4111,557.26,191671.0
2023-07-17 17:00:00,1.1819,591.67,123888.0
2023-07-17 18:00:00,0.9607,579.51,46126.0
2023-07-17 19:00:00,1.4664,571.27,25264.0
2023-07-17 20:00:00,1.6435,555.32,8725.0
2023-07-17 21:00:00,1.7842,546.61,9640.0
2023-07-17 22:00:00,1.8421,539.3,9329.0
2023-07-17 23:00:00,1.8867,535.93,11230.0
2023-07-18 00:00:00,1.759,538.08,14843.0
2023-07-18 01:00:00,1.7148,538.95,11607.0
2023-07-18 02:00:00,2.645,532.44,19800.0
2023-07-18 03:00:00,2.3004,524.16,14841.0
2023-07-18 04:00:00,3.529,529.36,18468.0
2023-07-18 05:00:00,2.9038,522.07,17429.0
2023-07-18 06:00:00,2.3857,512.29,21490.0
2023-07-18 07:00:00,3.2658,509.34,12193.0
2023-07-18 08:00:00,3.585,503.42,19222.0
2023-07-18 09:00:00,4.3081,494.37,22422.0
2023-07-18 10:00:00,4.1004,494.57,26331.0
2023-07-18 11:00:00,4.6472,501.43,33302.0
2023-07-18 12:00:00,3.7779,496.58,33889.0
2023-07-18 13:00:00,5.1545,493.48,35621.0
2023-07-18 14:00:00,5.7416,482.84,27266.0
2023-07-18 15:00:00,5.0708,470.85,20998.0
2023-07-18 16:00:00,5.799,463.42,19195.0
2023-07-18 17:00:00,4.4367,461.93,18085.0
2023-07-18 18:00:00,3.457,468.12,25961.0
2023-07-18 19:00:00,3.4717,458.41,23638.0
2023-07-18 20:00:00,3.3482,452.97,27283.0
2023-07-18 21:00:00,2.6922,460.78,28253.0
2023-07-18 22:00:00,2.5952,453.32,23472.0
2023-07-18 23:00:00,2.0012,445.52,27456.0
2023-07-19 00:00:00,1.213,447.26,50325.0
2023-07-19 01:00:00,1.5655,433.08,39871.0
2023-07-19 02:00:00,1.4856,427.08,43513.0
2023-07-19 03:00:00,1.289,423.89,46862.0
2023-07-19 04:00:00,1.1776,426.42,89563.0
2023-07-19 05:00:00,1.1109,424.69,88801.0
2023-07-19 06:00:00,1.0248,422.13,103323.0
2023-07-19 07:00:00,1.3434,426.52,49883.0
2023-07-19 08:00:00,1.3757,412.61,81247.0
2023-07-19 09:00:00,1.5175,411.87,70434.0
2023-07-19 10:00:00,1.7062,411.81,93806.0
2023-07-19 11:00:00,1.8232,404.89,97284.0
2023-07-19 12:00:00,1.9068,405.5,87263.0
2023-07-19 13:00:00,2.5601,408.21,67497.0
2023-07-19 14:00:00,1.9439,411.64,74424.0
2023-07-19 15:00:00,1.4857,417.89,45706.0
2023-07-19 16:00:00,2.3213,414.1,41813.0
2023-07-19 17:00:00,2.0935,412.86,58545.0
2023-07-19 18:00:00,2.3761,402.64,69475.0
2023-07-19 19:00:00,3.3978,396.66,64567.0
2023-07-19 20:00:00,3.3979,393.27,64654.0
2023-07-19 21:00:00,3.5821,396.66,55744.0
2023-07-19 22:00:00,3.6092,391.49,57848.0
2023-07-19 23:00:00,3.7557,389.95,63300.0
2023-07-20 00:00:00,3.7311,388.1,59265.0
2023-07-20 01:00:00,3.8691,385.0,59955.0
2023-07-20 02:00:00,3.9768,384.28,69573.0
2023-07-20 03:00:00,2.7895,393.14,63948.0
2023-07-20 04:00:00,3.6377,374.75,58538.0
2023-07-20 05:00:00,2.5338,384.65,55144.0
2023-07-20 06:00:00,3.3446,376.85,55878.0
2023-07-20 07:00:00,3.1442,375.63,61426.0
2023-07-20 08:00:00,2.7347,384.31,33536.0
2023-07-20 09:00:00,3.0544,384.15,43385.0
2023-07-20 10:00:00,2.7117,370.21,41063.0
2023-07-20 11:00:00,3.8533,365.76,61864.0
2023-07-20 12:00:00,3.8935,362.34,68166.0
2023-07-20 13:00:00,3.3101,360.52,71602.0
2023-07-20 14:00:00,3.8009,360.93,58899.0
2023-07-20 15:00:00,3.7691,365.72,53619.0
2023-07-20 16:00:00,10.0709,433.59,114264.0
2023-07-20 17:00:00,10.5817,436.16,154093.0
2023-07-20 18:00:00,7.8263,420.81,179261.0
2023-07-20 19:00:00,7.6268,418.7,167490.0
2023-07-20 20:00:00,6.9814,409.0,160874.0
2023-07-20 21:00:00,6.8237,400.99,149573.0
2023-07-20 22:00:00,5.9105,397.69,157145.0
2023-07-20 23:00:00,5.139,404.56,187229.0
2023-07-21 00:00:00,6.079,404.26,172132.0
2023-07-21 01:00:00,6.0543,420.26,125178.0
2023-07-21 02:00:00,5.2456,399.79,153855.0
2023-07-21 03:00:00,4.5156,394.48,158007.0
2023-07-21 04:00:00,5.3651,400.7,140026.0
2023-07-21 05:00:00,3.7903,400.62,109686.0
2023-07-21 06:00:00,3.806,395.58,101549.0
2023-07-21 07:00:00,6.2888,390.91,92806.0
2023-07-21 08:00:00,5.9426,394.31,91249.0
2023-07-21 09:00:00,5.1687,388.07,74204.0
2023-07-21 10:00:00,5.2065,389.31,73563.0
2023-07-21 11:00:00,6.7604,382.36,56988.0
2023-07-21 12:00:00,7.3781,372.07,44577.0
2023-07-21 13:00:00,5.305,379.0,68563.0
2023-07-21 14:00:00,4.1833,379.83,72518.0
2023-07-21 15:00:00,3.7273,373.99,71664.0
2023-07-21 16:00:00,3.0108,372.0,73806.0
2023-07-21 17:00:00,3.1833,370.71,75369.0
2023-07-21 18:00:00,3.6272,375.04,69624.0
2023-07-21 19:00:00,3.3481,394.35,100989.0
2023-07-21 20:00:00,4.6161,413.6,129515.0
2023-07-21 21:00:00,6.3975,418.33,120912.0
2023-07-21 22:00:00,4.5634,415.27,94628.0
2023-07-21 23:00:00,5.4555,410.28,97739.0
2023-07-22 00:00:00,2.9302,399.38,60063.0
2023-07-22 01:00:00,4.3416,391.11,59202.0
2023-07-22 02:00:00,3.4337,384.57,60652.0
2023-07-22 03:00:00,2.1822,394.99,73191.0
2023-07-22 04:00:00,2.3433,394.12,75729.0
2023-07-22 05:00:00,2.0655,391.51,81357.0
2023-07-22 06:00:00,1.962,400.34,86672.0
2023-07-22 07:00:00,2.7035,403.28,61009.0
2023-07-22 08:00:00,2.2392,413.58,51103.0
2023-07-22 09:00:00,2.3125,411.93,57699.0
2023-07-22 10:00:00,2.1596,411.74,56633.0
2023-07-22 11:00:00,1.7189,409.07,68905.0
2023-07-22 12:00:00,1.5397,403.83,71318.0
2023-07-22 13:00:00,1.0826,410.84,55538.0
2023-07-22 14:00:00,1.0753,418.37,70708.0
2023-07-22 15:00:00,1.3445,408.9,76507.0
2023-07-22 16:00:00,1.2318,410.55,78872.0
2023-07-22 17:00:00,1.0691,401.88,64429.0
2023-07-22 18:00:00,0.8995,408.38,66538.0
2023-07-22 19:00:00,1.0161,410.29,88835.0
2023-07-22 20:00:00,0.8568,402.68,116686.0
2023-07-22 21:00:00,1.1491,400.87,99225.0
2023-07-22 22:00:00,1.5293,389.53,91822.0
2023-07-22 23:00:00,1.5316,383.71,83614.0
2023-07-23 00:00:00,1.2623,390.96,96860.0
2023-07-23 01:00:00,1.3528,395.45,79288.0
2023-07-23 02:00:00,1.3146,395.31,113745.0
2023-07-23 03:00:00,1.2747,389.87,96624.0
2023-07-23 04:00:00,1.0916,401.91,97239.0
2023-07-23 05:00:00,2.6679,395.68,52240.0
2023-07-23 06:00:00,2.4206,389.54,58622.0
2023-07-23 07:00:00,2.7884,385.28,59806.0
2023-07-23 08:00:00,2.8048,384.51,55746.0
2023-07-23 09:00:00,2.7188,383.06,48605.0
2023-07-23 10:00:00,2.5542,395.21,48962.0
2023-07-23 11:00:00,2.4138,391.06,46745.0
2023-07-23 12:00:00,2.4739,386.31,53655.0
2023-07-23 13:00:00,2.5823,393.68,44478.0
2023-07-23 14:00:00,2.5065,387.59,47962.0
2023-07-23 15:00:00,2.4747,383.99,47587.0
2023-07-23 16:00:00,2.4218,392.6,47173.0
2023-07-23 17:00:00,2.6203,396.51,44476.0
2023-07-23 18:00:00,2.8018,395.84,52507.0
2023-07-23 19:00:00,2.5121,378.88,41350.0
2023-07-23 20:00:00,2.417,379.73,39988.0
2023-07-23 21:00:00,2.4552,383.49,40273.0
2023-07-23 22:00:00,2.4258,391.68,41658.0
2023-07-23 23:00:00,2.127,377.33,48585.0
2023-07-24 00:00:00,0.5661,413.98,113918.0
2023-07-24 01:00:00,1.5729,393.97,71964.0
2023-07-24 02:00:00,1.2928,416.2,101087.0
2023-07-24 03:00:00,0.9432,420.68,104214.0
2023-07-24 04:00:00,0.7362,421.91,82076.0
2023-07-24 05:00:00,0.8657,418.66,73012.0
2023-07-24 06:00:00,1.1206,415.81,77831.0
2023-07-24 07:00:00,1.1836,405.95,107923.0
2023-07-24 08:00:00,0.5524,416.64,84508.0
2023-07-24 09:00:00,0.6763,406.08,95054.0
2023-07-24 10:00:00,2.3506,389.56,78595.0
2023-07-24 11:00:00,1.6039,386.68,106905.0
2023-07-24 12:00:00,2.0697,401.76,103486.0
2023-07-24 13:00:00,1.7714,393.99,115795.0
2023-07-24 14:00:00,1.0186,375.74,113898.0
2023-07-24 15:00:00,0.5279,417.58,119489.0
2023-07-24 16:00:00,0.4842,420.17,122612.0
2023-07-24 17:00:00,0.4152,423.04,145870.0
2023-07-24 18:00:00,0.9705,414.63,126775.0
2023-07-24 19:00:00,1.5026,407.23,101893.0
2023-07-24 20:00:00,1.6092,402.91,95669.0
2023-07-24 21:00:00,0.9054,426.96,161217.0
2023-07-24 22:00:00,1.8258,409.2,142426.0
2023-07-24 23:00:00,1.6418,411.72,151024.0
2023-07-25 00:00:00,0.9146,419.4,137522.0
2023-07-25 01:00:00,0.6953,416.81,171895.0
2023-07-25 02:00:00,1.6589,385.59,107395.0
2023-07-25 03:00:00,1.8687,384.03,76153.0
2023-07-25 04:00:00,1.8067,387.69,86525.0
2023-07-25 05:00:00,1.4025,383.45,111489.0
2023-07-25 06:00:00,2.0485,389.55,91466.0
2023-07-25 07:00:00,0.5664,391.43,173412.0
2023-07-25 08:00:00,0.5188,392.29,111941.0
2023-07-25 09:00:00,0.4746,390.76,108321.0
2023-07-25 10:00:00,0.7665,378.22,98783.0
2023-07-25 11:00:00,3.2811,371.58,39390.0
2023-07-25 12:00:00,3.752,372.73,35077.0
2023-07-25 13:00:00,4.0265,367.38,33656.0
2023-07-25 14:00:00,2.7904,353.86,36591.0
2023-07-25 15:00:00,1.9439,358.49,65210.0
2023-07-25 16:00:00,0.9519,380.41,83752.0
2023-07-25 17:00:00,2.7826,383.21,73546.0
2023-07-25 18:00:00,1.8352,371.86,43017.0
2023-07-25 19:00:00,2.2996,380.54,77718.0
2023-07-25 20:00:00,3.794,370.99,86738.0
2023-07-25 21:00:00,4.7167,396.32,106846.0
2023-07-25 22:00:00,10.0987,514.67,296928.0
2023-07-25 23:00:00,7.7685,496.73,352431.0
2023-07-26 00:00:00,6.9084,479.2,297626.0
2023-07-26 01:00:00,7.4502,487.69,278906.0
2023-07-26 02:00:00,7.219,496.29,224816.0
2023-07-26 03:00:00,3.7378,480.71,221313.0
2023-07-26 04:00:00,3.1026,488.61,232335.0
2023-07-26 05:00:00,3.5426,481.28,252321.0
2023-07-26 06:00:00,2.6315,480.73,221050.0
2023-07-26 07:00:00,3.2729,479.27,202434.0
2023-07-26 08:00:00,1.6094,462.97,230279.0
2023-07-26 09:00:00,1.2607,494.05,246966.0
2023-07-26 10:00:00,1.4406,494.01,264128.0
2023-07-26 11:00:00,1.4312,506.79,154061.0
2023-07-26 12:00:00,0.9898,506.03,189157.0
2023-07-26 13:00:00,1.2236,524.94,142017.0
2023-07-26 14:00:00,1.6729,510.74,126311.0
2023-07-26 15:00:00,1.4397,490.36,70821.0
2023-07-26 16:00:00,2.181,545.29,30052.0
2023-07-26 17:00:00,2.1081,556.64,19285.0
2023-07-26 18:00:00,2.3531,552.96,16022.0
2023-07-26 19:00:00,2.326,546.33,15187.0
2023-07-26 20:00:00,2.1272,539.6,13637.0
2023-07-26 21:00:00,2.0617,534.88,13682.0
2023-07-26 22:00:00,2.0631,532.47,17191.0
2023-07-26 23:00:00,1.6626,523.43,14898.0
2023-07-27 00:00:00,2.2989,510.55,12620.0
2023-07-27 01:00:00,2.3314,504.44,11701.0
2023-07-27 02:00:00,2.5545,499.64,14099.0
2023-07-27 03:00:00,2.1253,494.74,10222.0
2023-07-27 04:00:00,1.537,488.15,6973.0
2023-07-27 05:00:00,2.3342,478.39,10396.0
2023-07-27 06:00:00,2.4145,476.99,11435.0
2023-07-27 07:00:00,2.8369,468.49,12113.0
2023-07-27 08:00:00,3.253,465.78,17519.0
2023-07-27 09:00:00,4.7373,466.26,19131.0
2023-07-27 10:00:00,3.5737,457.56,12417.0
2023-07-27 11:00:00,4.4292,451.75,16274.0
2023-07-27 12:00:00,4.1537,444.37,15222.0
2023-07-27 13:00:00,4.3879,440.27,15308.0
2023-07-27 14:00:00,3.8727,436.97,13990.0
2023-07-27 15:00:00,4.3882,431.15,15078.0
2023-07-27 16:00:00,4.3163,428.37,14199.0
2023-07-27 17:00:00,3.0426,424.3,10374.0
2023-07-27 18:00:00,2.599,424.26,10626.0
2023-07-27 19:00:00,2.991,421.83,17381.0
2023-07-27 20:00:00,2.8669,421.76,27100.0
2023-07-27 21:00:00,2.8692,417.48,28534.0
2023-07-27 22:00:00,3.1286,409.72,31153.0
2023-07-27 23:00:00,3.3039,404.29,31596.0
2023-07-28 00:00:00,3.4816,401.21,35644.0
2023-07-28 01:00:00,3.2463,397.94,25454.0
2023-07-28 02:00:00,3.2162,396.7,37995.0
2023-07-28 03:00:00,3.8623,393.92,43394.0
2023-07-28 04:00:00,4.2228,393.5,40564.0
2023-07-28 05:00:00,4.2975,392.05,41416.0
2023-07-28 06:00:00,4.439,396.93,25160.0
2023-07-28 07:00:00,2.9704,395.29,47066.0
2023-07-28 08:00:00,2.0913,393.41,92158.0
2023-07-28 09:00:00,2.8961,386.25,78371.0
2023-07-28 10:00:00,3.5553,383.76,51062.0
2023-07-28 11:00:00,4.6898,389.93,19899.0
2023-07-28 12:00:00,5.1778,382.51,13271.0
2023-07-28 13:00:00,5.5028,380.71,11647.0
2023-07-28 14:00:00,5.4427,377.72,17317.0
2023-07-28 15:00:00,4.2912,375.48,36815.0
2023-07-28 16:00:00,3.0045,387.73,54269.0
2023-07-28 17:00:00,3.5124,399.23,51565.0
2023-07-28 18:00:00,3.5197,386.82,41181.0
2023-07-28 19:00:00,3.7042,384.53,47589.0
2023-07-28 20:00:00,3.2543,383.77,31986.0
2023-07-28 21:00:00,3.4554,377.27,32809.0
2023-07-28 22:00:00,3.4281,368.11,38137.0
2023-07-28 23:00:00,3.3385,365.82,37769.0
2023-07-29 00:00:00,3.3411,364.44,34423.0
2023-07-29 01:00:00,3.3646,360.64,37540.0
2023-07-29 02:00:00,3.2264,362.65,39841.0
2023-07-29 03:00:00,2.2843,361.17,74733.0
2023-07-29 04:00:00,2.3068,354.14,87469.0
2023-07-29 05:00:00,2.2512,366.27,50881.0
2023-07-29 06:00:00,3.111,368.64,30245.0
2023-07-29 07:00:00,3.7643,359.96,28298.0
2023-07-29 08:00:00,3.4835,362.22,31054.0
2023-07-29 09:00:00,2.978,379.44,33656.0
2023-07-29 10:00:00,3.9695,371.85,34463.0
2023-07-29 11:00:00,4.7087,371.71,38186.0
2023-07-29 12:00:00,5.2567,371.63,39046.0
2023-07-29 13:00:00,4.7564,381.5,67266.0
2023-07-29 14:00:00,5.1877,385.75,77534.0
2023-07-29 15:00:00,6.0754,377.08,64809.0
2023-07-29 16:00:00,6.0337,383.64,67193.0
2023-07-29 17:00:00,6.1756,385.39,65359.0
2023-07-29 18:00:00,6.2655,388.23,73444.0
2023-07-29 19:00:00,6.5127,381.76,78953.0
2023-07-29 20:00:00,5.6864,390.11,87817.0
2023-07-29 21:00:00,4.3477,400.97,96595.0
2023-07-29 22:00:00,3.7838,412.55,106117.0
2023-07-29 23:00:00,3.0601,405.27,132844.0
2023-07-30 00:00:00,2.7765,407.76,156589.0
2023-07-30 01:00:00,2.906,416.64,179854.0
2023-07-30 02:00:00,2.9148,421.54,167265.0
2023-07-30 03:00:00,2.8355,425.51,155413.0
2023-07-30 04:00:00,2.4986,460.05,216781.0
2023-07-30 05:00:00,2.032,483.02,263081.0
2023-07-30 06:00:00,2.1894,498.58,293037.0
2023-07-30 07:00:00,1.2122,515.66,274200.0
2023-07-30 08:00:00,1.1902,515.18,272981.0
2023-07-30 09:00:00,1.1315,529.14,258538.0
2023-07-30 10:00:00,0.8684,485.53,206244.0
2023-07-30 11:00:00,1.0088,474.57,179495.0
2023-07-30 12:00:00,0.9483,471.87,182501.0
2023-07-30 13:00:00,-999.9,-999.9,-1000.0
2023-07-30 14:00:00,1.5375,473.98,183001.0
2023-07-30 15:00:00,1.6627,475.71,172617.0
2023-07-30 16:00:00,-999.9,-999.9,-1000.0
2023-07-30 17:00:00,1.3673,454.13,171020.0
2023-07-30 18:00:00,1.3856,437.03,157843.0
2023-07-30 19:00:00,1.4046,434.93,194762.0
2023-07-30 20:00:00,1.6054,444.09,192118.0
2023-07-30 21:00:00,1.6687,440.5,216679.0
2023-07-30 22:00:00,1.5816,442.53,155709.0
2023-07-30 23:00:00,1.4268,438.67,148529.0
2023-07-31 00:00:00,1.2095,442.96,168675.0
2023-07-31 01:00:00,0.9519,405.84,132801.0
2023-07-31 02:00:00,0.9149,402.06,114936.0
2023-07-31 03:00:00,1.243,389.75,104608.0
2023-07-31 04:00:00,1.807,392.11,56726.0
2023-07-31 05:00:00,1.7475,384.85,54586.0
2023-07-31 06:00:00,1.7067,386.94,50371.0
2023-07-31 07:00:00,1.6368,386.8,49666.0
2023-07-31 08:00:00,1.7499,382.25,45148.0
2023-07-31 09:00:00,1.7351,396.04,52928.0
2023-07-31 10:00:00,1.546,400.09,41412.0
2023-07-31 11:00:00,1.6831,384.39,40772.0
2023-07-31 12:00:00,1.7527,399.15,50086.0
2023-07-31 13:00:00,1.7803,381.59,34793.0
2023-07-31 14:00:00,1.6082,383.07,46942.0
2023-07-31 15:00:00,1.4762,354.59,72908.0
2023-07-31 16:00:00,1.507,354.99,62663.0
2023-07-31 17:00:00,1.4843,350.87,64327.0
2023-07-31 18:00:00,1.7248,367.54,40465.0
2023-07-31 19:00:00,1.756,361.03,37277.0
2023-07-31 20:00:00,1.7476,362.02,44192.0
2023-07-31 21:00:00,2.1791,370.62,30134.0
2023-07-31 22:00:00,2.5316,378.44,30326.0
2023-07-31 23:00:00,2.7778,369.71,29159.0
2023-08-01 00:00:00,2.5289,355.41,25246.0
2023-08-01 01:00:00,2.403,363.38,27118.0
2023-08-01 02:00:00,4.482,371.39,38340.0
2023-08-01 03:00:00,5.2041,373.54,35389.0
2023-08-01 04:00:00,2.5246,369.83,80205.0
2023-08-01 05:00:00,2.4236,367.2,100830.0
2023-08-01 06:00:00,4.3031,374.92,65802.0
2023-08-01 07:00:00,6.2776,380.18,31838.0
2023-08-01 08:00:00,7.6661,374.96,23856.0
2023-08-01 09:00:00,6.8477,377.9,28729.0
2023-08-01 10:00:00,8.0747,392.83,105214.0
2023-08-01 11:00:00,10.219,389.75,136843.0
2023-08-01 12:00:00,15.1867,396.65,106771.0
2023-08-01 13:00:00,17.6348,391.83,76713.0
2023-08-01 14:00:00,17.4625,391.18,60511.0
2023-08-01 15:00:00,16.3778,391.3,62919.0
2023-08-01 16:00:00,7.9804,392.16,67720.0
2023-08-01 17:00:00,5.4963,396.03,62514.0
2023-08-01 18:00:00,8.7181,375.67,65836.0
2023-08-01 19:00:00,7.8614,376.87,66950.0
2023-08-01 20:00:00,7.9996,378.6,62588.0
2023-08-01 21:00:00,8.9426,373.68,60269.0
2023-08-01 22:00:00,6.8523,382.33,89863.0
2023-08-01 23:00:00,5.7357,385.98,68908.0
2023-08-02 00:00:00,6.4084,385.75,56199.0
2023-08-02 01:00:00,8.9121,397.05,40236.0
2023-08-02 02:00:00,8.6875,396.68,35006.0
2023-08-02 03:00:00,10.2885,399.45,33003.0
2023-08-02 04:00:00,5.8331,393.68,23417.0
2023-08-02 05:00:00,5.2668,392.03,21827.0
2023-08-02 06:00:00,5.1142,388.12,19346.0
2023-08-02 07:00:00,3.4735,392.48,16595.0
2023-08-02 08:00:00,4.1178,392.43,15577.0
2023-08-02 09:00:00,5.0908,395.39,13826.0
2023-08-02 10:00:00,5.1004,390.95,11961.0
2023-08-02 11:00:00,7.2894,387.02,11623.0
2023-08-02 12:00:00,8.7422,385.46,15671.0
2023-08-02 13:00:00,12.0099,376.64,35183.0
2023-08-02 14:00:00,11.4656,372.6,40500.0
2023-08-02 15:00:00,13.1158,382.11,42553.0
2023-08-02 16:00:00,14.078,378.28,40795.0
2023-08-02 17:00:00,12.2341,383.09,39127.0
2023-08-02 18:00:00,10.1818,381.89,44424.0
2023-08-02 19:00:00,7.8891,378.18,48694.0
2023-08-02 20:00:00,7.8387,377.39,37124.0
2023-08-02 21:00:00,7.8255,373.36,38129.0
2023-08-02 22:00:00,8.9695,368.28,41200.0
2023-08-02 23:00:00,10.2956,359.6,32141.0
2023-08-03 00:00:00,9.9791,348.87,25339.0
2023-08-03 01:00:00,6.9616,342.16,15900.0
2023-08-03 02:00:00,7.9024,335.71,18051.0
2023-08-03 03:00:00,8.8898,347.07,18406.0
2023-08-03 04:00:00,8.6999,350.76,26972.0
2023-08-03 05:00:00,7.6628,346.38,29191.0
2023-08-03 06:00:00,9.0151,352.59,29282.0
2023-08-03 07:00:00,9.4868,356.9,24824.0
2023-08-03 08:00:00,8.7307,354.59,27474.0
2023-08-03 09:00:00,8.8189,360.72,25716.0
2023-08-03 10:00:00,5.944,363.98,11429.0
2023-08-03 11:00:00,4.7048,360.45,13790.0
2023-08-03 12:00:00,4.6247,353.19,17945.0
2023-08-03 13:00:00,4.8905,351.84,20896.0
2023-08-03 14:00:00,5.4878,354.79,18983.0
2023-08-03 15:00:00,5.303,357.77,56646.0
2023-08-03 16:00:00,4.5458,366.08,39313.0
2023-08-03 17:00:00,4.2284,360.43,18531.0
2023-08-03 18:00:00,5.0742,344.84,16889.0
2023-08-03 19:00:00,4.9184,342.39,17034.0
2023-08-03 20:00:00,3.6753,336.92,19264.0
2023-08-03 21:00:00,3.59,334.74,21555.0
2023-08-03 22:00:00,2.6756,329.16,22914.0
2023-08-03 23:00:00,2.6195,331.29,20298.0
2023-08-04 00:00:00,2.4993,332.37,20101.0
2023-08-04 01:00:00,2.5548,331.58,23689.0
2023-08-04 02:00:00,3.5683,344.2,16422.0
2023-08-04 03:00:00,4.3486,347.0,13756.0
2023-08-04 04:00:00,4.1945,341.83,19141.0
2023-08-04 05:00:00,1.9672,324.45,20469.0
2023-08-04 06:00:00,2.0569,335.95,36248.0
2023-08-04 07:00:00,2.8945,363.62,44651.0
2023-08-04 08:00:00,3.355,345.0,32490.0
2023-08-04 09:00:00,2.9998,364.86,57271.0
2023-08-04 10:00:00,1.3108,374.86,31253.0
2023-08-04 11:00:00,2.7585,360.39,49681.0
2023-08-04 12:00:00,5.6197,394.51,117678.0
2023-08-04 13:00:00,5.4131,397.62,127958.0
2023-08-04 14:00:00,6.3124,399.26,155790.0
2023-08-04 15:00:00,7.335,403.48,160203.0
2023-08-04 16:00:00,6.4405,410.25,166551.0
2023-08-04 17:00:00,6.1317,374.28,143259.0
2023-08-04 18:00:00,4.7968,372.94,111678.0
2023-08-04 19:00:00,5.9547,385.0,113536.0
2023-08-04 20:00:00,7.7423,385.64,139828.0
2023-08-04 21:00:00,7.564,377.43,106753.0
2023-08-04 22:00:00,6.6667,381.48,101601.0
2023-08-04 23:00:00,6.8827,384.32,100651.0
2023-08-05 00:00:00,7.94,377.75,79750.0
2023-08-05 01:00:00,7.2171,382.16,71362.0
2023-08-05 02:00:00,10.0625,437.95,129721.0
2023-08-05 03:00:00,8.617,432.13,117018.0
2023-08-05 04:00:00,5.0154,412.97,112062.0
2023-08-05 05:00:00,4.9355,391.84,100497.0
2023-08-05 06:00:00,9.9548,398.46,127757.0
2023-08-05 07:00:00,11.0159,395.69,107474.0
2023-08-05 08:00:00,9.4633,392.39,56277.0
2023-08-05 09:00:00,9.3005,389.01,26328.0
2023-08-05 10:00:00,5.3314,378.56,39746.0
2023-08-05 11:00:00,2.4124,387.25,53306.0
2023-08-05 12:00:00,0.7064,363.77,42480.0
2023-08-05 13:00:00,0.9886,358.33,25621.0
2023-08-05 14:00:00,1.6162,359.68,21491.0
2023-08-05 15:00:00,0.3223,363.23,29938.0
2023-08-05 16:00:00,0.1391,354.99,67013.0
2023-08-05 17:00:00,0.0983,371.49,71678.0
2023-08-05 18:00:00,0.0545,369.18,70777.0
2023-08-05 19:00:00,0.2164,345.04,69250.0
2023-08-05 20:00:00,0.2452,338.08,40261.0
2023-08-05 21:00:00,0.2122,349.92,56412.0
2023-08-05 22:00:00,0.138,359.83,54454.0
2023-08-05 23:00:00,0.0823,363.51,42942.0
2023-08-06 00:00:00,0.105,355.66,42653.0
2023-08-06 01:00:00,0.1616,346.36,44197.0
2023-08-06 02:00:00,0.1941,345.37,46270.0
2023-08-06 03:00:00,0.2525,345.04,40731.0
2023-08-06 04:00:00,0.4036,343.38,35467.0
2023-08-06 05:00:00,0.5221,341.99,37195.0
2023-08-06 06:00:00,0.2159,336.97,30744.0
2023-08-06 07:00:00,0.0719,341.26,49645.0
2023-08-06 08:00:00,0.0702,346.21,51459.0
2023-08-06 09:00:00,0.0934,371.36,87528.0
2023-08-06 10:00:00,0.0889,372.37,87859.0
2023-08-06 11:00:00,0.3596,306.5,11765.0
2023-08-06 12:00:00,0.445,333.02,21662.0
2023-08-06 13:00:00,0.5459,328.24,27349.0
2023-08-06 14:00:00,0.777,369.77,98493.0
2023-08-06 15:00:00,0.5444,354.72,54750.0
2023-08-06 16:00:00,0.7815,354.9,41412.0
2023-08-06 17:00:00,0.4324,359.29,46700.0
2023-08-06 18:00:00,0.1907,355.81,47485.0
2023-08-06 19:00:00,0.2203,351.47,39917.0
2023-08-06 20:00:00,0.1428,362.93,65688.0
2023-08-06 21:00:00,0.189,371.54,95564.0
2023-08-06 22:00:00,0.1875,365.71,67793.0
2023-08-06 23:00:00,0.2826,378.6,122910.0
2023-08-07 00:00:00,0.8071,373.73,82302.0
2023-08-07 01:00:00,0.9128,420.24,116658.0
2023-08-07 02:00:00,1.0957,396.61,66456.0
2023-08-07 03:00:00,1.6818,371.33,52070.0
2023-08-07 04:00:00,1.2014,367.96,54824.0
2023-08-07 05:00:00,1.2028,365.02,50713.0
2023-08-07 06:00:00,1.0291,363.93,43449.0
2023-08-07 07:00:00,0.9633,363.41,50075.0
2023-08-07 08:00:00,0.8276,339.27,41504.0
2023-08-07 09:00:00,0.8573,344.96,66345.0
2023-08-07 10:00:00,1.0205,360.32,65103.0
2023-08-07 11:00:00,1.852,361.44,55893.0
2023-08-07 12:00:00,1.2098,384.88,116717.0
2023-08-07 13:00:00,2.9691,428.78,144894.0
2023-08-07 14:00:00,1.8999,414.31,180586.0
2023-08-07 15:00:00,1.2091,418.65,181664.0
2023-08-07 16:00:00,1.0935,427.96,235995.0
2023-08-07 17:00:00,0.9008,429.91,206194.0
2023-08-07 18:00:00,0.911,452.22,255483.0
2023-08-07 19:00:00,0.7534,513.92,350457.0
2023-08-07 20:00:00,0.8024,475.01,257786.0
2023-08-07 21:00:00,0.8044,449.84,202209.0
2023-08-07 22:00:00,0.6113,593.07,244271.0
2023-08-07 23:00:00,0.3504,604.12,398043.0
2023-08-08 00:00:00,0.3625,555.91,355688.0
2023-08-08 01:00:00,0.6918,451.58,229908.0
2023-08-08 02:00:00,0.8107,458.48,262827.0
2023-08-08 03:00:00,1.0122,446.24,199152.0
2023-08-08 04:00:00,1.1353,440.91,139087.0
2023-08-08 05:00:00,1.1112,437.43,155903.0
2023-08-08 06:00:00,0.8484,438.08,257538.0
2023-08-08 07:00:00,0.8286,433.94,250148.0
2023-08-08 08:00:00,0.6897,429.96,234474.0
2023-08-08 09:00:00,1.0514,450.33,135737.0
2023-08-08 10:00:00,1.7131,459.21,103662.0
2023-08-08 11:00:00,1.5522,476.56,114004.0
2023-08-08 12:00:00,1.4669,472.09,94209.0
2023-08-08 13:00:00,1.5231,463.61,43722.0
2023-08-08 14:00:00,0.9398,458.92,88947.0
2023-08-08 15:00:00,2.0124,473.49,54071.0
2023-08-08 16:00:00,2.2919,475.92,67665.0
2023-08-08 17:00:00,2.9123,470.82,60672.0
2023-08-08 18:00:00,2.1463,473.99,98604.0
2023-08-08 19:00:00,2.0878,469.9,87612.0
2023-08-08 20:00:00,2.0763,440.67,56584.0
2023-08-08 21:00:00,2.2855,430.17,49165.0
2023-08-08 22:00:00,2.5494,433.58,48810.0
2023-08-08 23:00:00,1.069,458.65,105255.0
2023-08-09 00:00:00,1.1161,447.57,102934.0
2023-08-09 01:00:00,1.7975,424.74,77294.0
2023-08-09 02:00:00,1.9122,412.88,56901.0
2023-08-09 03:00:00,3.0871,410.78,27848.0
2023-08-09 04:00:00,1.8871,408.42,31933.0
2023-08-09 05:00:00,1.7174,407.36,43095.0
2023-08-09 06:00:00,2.3075,407.57,45509.0
2023-08-09 07:00:00,3.0248,396.16,41150.0
2023-08-09 08:00:00,4.2501,375.7,49132.0
2023-08-09 09:00:00,3.4448,379.06,51718.0
2023-08-09 10:00:00,1.2238,381.83,69815.0
2023-08-09 11:00:00,0.9679,393.07,43749.0
2023-08-09 12:00:00,1.3446,397.89,44584.0
2023-08-09 13:00:00,1.451,393.22,43271.0
2023-08-09 14:00:00,2.8914,392.11,32852.0
2023-08-09 15:00:00,4.9971,397.5,41135.0
2023-08-09 16:00:00,6.2529,398.39,41930.0
2023-08-09 17:00:00,8.9681,398.53,33772.0
2023-08-09 18:00:00,12.327,403.82,27879.0
2023-08-09 19:00:00,11.7125,393.63,24515.0
2023-08-09 20:00:00,7.0936,385.1,19230.0
2023-08-09 21:00:00,6.995,383.55,11141.0
2023-08-09 22:00:00,6.2392,385.41,12717.0
2023-08-09 23:00:00,6.1951,384.25,9014.0
2023-08-10 00:00:00,4.0376,376.07,12654.0
2023-08-10 01:00:00,2.5746,370.68,18155.0
2023-08-10 02:00:00,2.6759,369.82,18518.0
2023-08-10 03:00:00,2.2277,363.92,28760.0
2023-08-10 04:00:00,2.1089,365.33,28281.0
2023-08-10 05:00:00,2.1768,372.39,32414.0
2023-08-10 06:00:00,1.978,376.39,46023.0
2023-08-10 07:00:00,1.3674,365.91,30593.0
2023-08-10 08:00:00,1.2358,364.24,32762.0
2023-08-10 09:00:00,0.5889,370.16,60824.0
2023-08-10 10:00:00,1.1954,361.26,40746.0
2023-08-10 11:00:00,1.6845,369.76,51199.0
2023-08-10 12:00:00,3.4338,370.73,18610.0
2023-08-10 13:00:00,4.3522,379.6,41893.0
2023-08-10 14:00:00,5.1316,385.65,39873.0
2023-08-10 15:00:00,6.6628,380.8,48192.0
2023-08-10 16:00:00,5.3511,387.22,31100.0
2023-08-10 17:00:00,4.2529,395.68,42834.0
2023-08-10 18:00:00,1.9726,405.21,72579.0
2023-08-10 19:00:00,1.49,436.44,92172.0
2023-08-10 20:00:00,1.6539,435.8,94040.0
2023-08-10 21:00:00,1.3535,493.97,193062.0
2023-08-10 22:00:00,1.2464,507.65,188691.0
2023-08-10 23:00:00,1.6144,485.69,144356.0
2023-08-11 00:00:00,1.5944,474.72,138455.0
2023-08-11 01:00:00,1.6174,469.95,118794.0
2023-08-11 02:00:00,1.9732,455.69,94290.0
2023-08-11 03:00:00,2.4116,431.28,65587.0
2023-08-11 04:00:00,1.7414,425.53,68078.0
2023-08-11 05:00:00,1.1693,434.26,61327.0
2023-08-11 06:00:00,1.5114,426.28,119545.0
2023-08-11 07:00:00,1.6521,449.7,182635.0
2023-08-11 08:00:00,1.7013,450.34,198448.0
2023-08-11 09:00:00,2.2042,459.66,189906.0
2023-08-11 10:00:00,1.5073,461.47,182468.0
2023-08-11 11:00:00,1.371,470.75,184472.0
2023-08-11 12:00:00,1.7359,460.42,173439.0
2023-08-11 13:00:00,1.7114,453.09,176525.0
2023-08-11 14:00:00,1.897,457.24,169780.0
2023-08-11 15:00:00,1.8983,461.22,155474.0
2023-08-11 16:00:00,1.3648,453.74,144139.0
2023-08-11 17:00:00,0.9014,458.29,177031.0
2023-08-11 18:00:00,1.0323,463.79,160503.0
2023-08-11 19:00:00,1.0177,467.22,155848.0
2023-08-11 20:00:00,0.7522,463.17,144284.0
2023-08-11 21:00:00,0.5867,463.36,126645.0
2023-08-11 22:00:00,1.4915,440.77,92955.0
2023-08-11 23:00:00,0.6233,448.79,82296.0
2023-08-12 00:00:00,1.2239,456.12,118401.0
2023-08-12 01:00:00,2.3236,442.08,114501.0
2023-08-12 02:00:00,2.7464,440.4,100250.0
2023-08-12 03:00:00,1.5391,453.1,101858.0
2023-08-12 04:00:00,1.7442,446.23,107772.0
2023-08-12 05:00:00,2.1719,440.99,102590.0
2023-08-12 06:00:00,1.5298,446.33,128854.0
2023-08-12 07:00:00,1.7919,445.7,106988.0
2023-08-12 08:00:00,1.8133,437.4,117271.0
2023-08-12 09:00:00,1.0642,451.4,119682.0
2023-08-12 10:00:00,1.1043,442.32,136111.0
2023-08-12 11:00:00,1.4283,442.97,116585.0
2023-08-12 12:00:00,1.7571,435.11,112488.0
2023-08-12 13:00:00,1.7985,428.38,102625.0
2023-08-12 14:00:00,1.9237,422.49,94829.0
2023-08-12 15:00:00,2.0679,420.43,93413.0
2023-08-12 16:00:00,1.5687,417.5,111278.0
2023-08-12 17:00:00,2.1293,412.1,84887.0
2023-08-12 18:00:00,2.3172,414.8,80950.0
2023-08-12 19:00:00,1.6064,427.24,79434.0
2023-08-12 20:00:00,2.0214,416.49,84314.0
2023-08-12 21:00:00,1.889,413.36,74410.0
2023-08-12 22:00:00,1.4398,421.97,59697.0
2023-08-12 23:00:00,2.3154,399.26,66137.0
2023-08-13 00:00:00,1.2331,406.61,67199.0
2023-08-13 01:00:00,2.0406,392.81,65633.0
2023-08-13 02:00:00,1.9285,391.46,79638.0
2023-08-13 03:00:00,1.7472,408.0,67773.0
2023-08-13 04:00:00,2.1477,379.6,97741.0
2023-08-13 05:00:00,0.9335,403.59,87056.0
2023-08-13 06:00:00,1.0661,401.76,84062.0
2023-08-13 07:00:00,1.3282,393.78,111135.0
2023-08-13 08:00:00,1.6212,379.65,73774.0
2023-08-13 09:00:00,2.0916,375.02,51863.0
2023-08-13 10:00:00,1.118,391.51,74005.0
2023-08-13 11:00:00,1.5393,377.69,75246.0
2023-08-13 12:00:00,1.0617,383.28,62580.0
2023-08-13 13:00:00,1.6852,377.0,50575.0
2023-08-13 14:00:00,1.8155,376.43,43357.0
2023-08-13 15:00:00,1.8742,366.95,54178.0
2023-08-13 16:00:00,2.1684,364.04,49533.0
2023-08-13 17:00:00,1.5145,366.23,56052.0
2023-08-13 18:00:00,0.8196,355.78,51452.0
2023-08-13 19:00:00,1.3771,336.36,23920.0
2023-08-13 20:00:00,0.8216,336.21,40942.0
2023-08-13 21:00:00,1.2767,338.54,32099.0
2023-08-13 22:00:00,3.3432,351.53,24838.0
2023-08-13 23:00:00,2.2673,351.34,30921.0
2023-08-14 00:00:00,1.3858,353.5,41705.0
2023-08-14 01:00:00,1.9632,354.03,39820.0
2023-08-14 02:00:00,2.5761,350.54,43355.0
2023-08-14 03:00:00,1.6446,353.61,44963.0
2023-08-14 04:00:00,2.7837,355.86,48063.0
2023-08-14 05:00:00,2.4742,355.65,52873.0
2023-08-14 06:00:00,2.1763,360.67,50625.0
2023-08-14 07:00:00,2.4377,356.44,59981.0
2023-08-14 08:00:00,1.795,354.25,59439.0
2023-08-14 09:00:00,2.1169,351.78,49527.0
2023-08-14 10:00:00,2.4172,352.55,47602.0
2023-08-14 11:00:00,3.229,353.5,46048.0
2023-08-14 12:00:00,1.8947,343.99,59657.0
2023-08-14 13:00:00,1.3147,340.06,62058.0
2023-08-14 14:00:00,3.7557,340.3,55149.0
2023-08-14 15:00:00,3.769,337.79,55259.0
2023-08-14 16:00:00,3.7489,336.39,48896.0
2023-08-14 17:00:00,3.9183,334.16,39452.0
2023-08-14 18:00:00,4.074,335.51,35087.0
2023-08-14 19:00:00,3.7327,330.26,35487.0
2023-08-14 20:00:00,3.9687,329.47,33929.0
2023-08-14 21:00:00,3.9119,327.94,34548.0
2023-08-14 22:00:00,3.9914,326.28,31574.0
2023-08-14 23:00:00,3.994,324.44,32350.0
2023-08-15 00:00:00,4.0778,323.28,32359.0
2023-08-15 01:00:00,4.3354,321.33,31556.0
2023-08-15 02:00:00,4.5874,321.33,30229.0
2023-08-15 03:00:00,5.7901,323.63,26500.0
2023-08-15 04:00:00,5.2044,309.98,28936.0
2023-08-15 05:00:00,5.2931,315.02,27565.0
2023-08-15 06:00:00,4.9907,317.26,27294.0
2023-08-15 07:00:00,4.3572,308.0,24019.0
2023-08-15 08:00:00,4.4562,306.65,23866.0
2023-08-15 09:00:00,4.4724,307.57,24027.0
2023-08-15 10:00:00,4.5686,301.22,20908.0
2023-08-15 11:00:00,3.8158,295.47,19222.0
2023-08-15 12:00:00,3.9069,293.19,14381.0
2023-08-15 13:00:00,4.8991,297.35,14843.0
2023-08-15 14:00:00,5.2644,296.18,14959.0
2023-08-15 15:00:00,4.5856,293.39,13379.0
2023-08-15 16:00:00,4.1926,292.33,17142.0
2023-08-15 17:00:00,2.8061,289.6,13444.0
2023-08-15 18:00:00,2.7669,288.5,11905.0
2023-08-15 19:00:00,3.3778,284.87,12394.0
2023-08-15 20:00:00,3.2812,285.6,12111.0
2023-08-15 21:00:00,3.1039,284.8,10747.0
2023-08-15 22:00:00,3.1133,282.39,10031.0
2023-08-15 23:00:00,3.125,285.19,10473.0
2023-08-16 00:00:00,3.9523,284.78,10494.0
2023-08-16 01:00:00,4.8025,275.44,12961.0
2023-08-16 02:00:00,5.8023,279.18,13946.0
2023-08-16 03:00:00,5.0981,277.38,20683.0
2023-08-16 04:00:00,5.0067,278.56,16644.0
2023-08-16 05:00:00,4.6623,281.27,14134.0
2023-08-16 06:00:00,3.9561,288.25,17062.0
2023-08-16 07:00:00,4.3232,286.03,17035.0
2023-08-16 08:00:00,5.1364,294.74,30663.0
2023-08-16 09:00:00,4.6222,308.47,35242.0
2023-08-16 10:00:00,5.3861,311.32,33639.0
2023-08-16 11:00:00,7.1548,312.75,37106.0
2023-08-16 12:00:00,7.3371,306.58,24012.0
2023-08-16 13:00:00,4.1482,320.1,27450.0
2023-08-16 14:00:00,5.306,326.13,21695.0
2023-08-16 15:00:00,5.8462,324.73,25848.0
2023-08-16 16:00:00,5.7464,321.68,25653.0
2023-08-16 17:00:00,5.6281,319.24,25055.0
2023-08-16 18:00:00,5.425,321.31,26574.0
2023-08-16 19:00:00,4.837,319.71,26027.0
2023-08-16 20:00:00,5.3502,316.38,27759.0
2023-08-16 21:00:00,5.8621,309.56,29074.0
2023-08-16 22:00:00,5.9107,306.44,27848.0
2023-08-16 23:00:00,5.7767,302.39,21336.0
2023-08-17 00:00:00,5.2525,307.68,23044.0
2023-08-17 01:00:00,5.9055,316.67,24251.0
2023-08-17 02:00:00,6.4997,318.74,28492.0
2023-08-17 03:00:00,5.1738,320.72,37652.0
2023-08-17 04:00:00,5.3069,327.28,27186.0
2023-08-17 05:00:00,3.8447,320.39,29189.0
2023-08-17 06:00:00,2.4303,325.39,34161.0
2023-08-17 07:00:00,1.5465,331.4,40758.0
2023-08-17 08:00:00,1.5561,330.99,40400.0
2023-08-17 09:00:00,1.8065,332.19,42888.0
2023-08-17 10:00:00,2.097,334.75,44766.0
2023-08-17 11:00:00,3.2133,333.15,25098.0
2023-08-17 12:00:00,4.0484,328.7,25141.0
2023-08-17 13:00:00,4.2568,327.74,24336.0
2023-08-17 14:00:00,5.8626,328.86,27308.0
2023-08-17 15:00:00,10.6478,336.19,23609.0
2023-08-17 16:00:00,10.894,331.91,33934.0
2023-08-17 17:00:00,8.6759,322.66,38306.0
2023-08-17 18:00:00,10.7006,322.91,41831.0
2023-08-17 19:00:00,11.7126,324.86,44581.0
2023-08-17 20:00:00,8.4848,327.46,41276.0
2023-08-17 21:00:00,8.8063,330.44,43001.0
2023-08-17 22:00:00,8.6308,325.54,62271.0
2023-08-17 23:00:00,9.5875,325.35,73208.0
2023-08-18 00:00:00,8.788,323.46,80988.0
2023-08-18 01:00:00,8.1265,321.08,89546.0
2023-08-18 02:00:00,4.5913,394.63,122010.0
2023-08-18 03:00:00,5.2272,439.48,215378.0
2023-08-18 04:00:00,5.2762,432.97,225888.0
2023-08-18 05:00:00,4.8039,425.65,220999.0
2023-08-18 06:00:00,4.6349,413.0,195307.0
2023-08-18 07:00:00,4.5815,455.37,205792.0
2023-08-18 08:00:00,3.7902,489.14,213593.0
2023-08-18 09:00:00,3.6668,483.08,219124.0
2023-08-18 10:00:00,3.3635,480.1,238405.0
2023-08-18 11:00:00,3.628,477.28,246676.0
2023-08-18 12:00:00,3.3148,484.54,204687.0
2023-08-18 13:00:00,3.8043,477.1,135638.0
2023-08-18 14:00:00,3.2906,478.06,150939.0
2023-08-18 15:00:00,4.0395,491.66,222709.0
2023-08-18 16:00:00,3.6039,494.79,191816.0
2023-08-18 17:00:00,2.7583,491.09,191559.0
2023-08-18 18:00:00,2.316,493.61,218362.0
2023-08-18 19:00:00,2.3786,484.55,187182.0
2023-08-18 20:00:00,2.4457,478.54,191101.0
2023-08-18 21:00:00,2.929,476.56,227570.0
2023-08-18 22:00:00,2.2201,463.22,190476.0
2023-08-18 23:00:00,1.1289,499.35,129043.0
2023-08-19 00:00:00,1.1922,487.66,130110.0
2023-08-19 01:00:00,1.1469,498.4,105327.0
2023-08-19 02:00:00,1.169,478.05,79293.0
2023-08-19 03:00:00,1.4913,479.57,80186.0
2023-08-19 04:00:00,1.6474,445.45,78889.0
2023-08-19 05:00:00,1.5445,442.24,90075.0
2023-08-19 06:00:00,1.7397,442.11,54144.0
2023-08-19 07:00:00,1.9757,446.81,62714.0
2023-08-19 08:00:00,1.9847,446.28,61847.0
2023-08-19 09:00:00,2.2747,438.63,70968.0
2023-08-19 10:00:00,2.2624,428.4,69763.0
2023-08-19 11:00:00,2.2813,427.62,59844.0
2023-08-19 12:00:00,1.7077,439.41,52470.0
2023-08-19 13:00:00,1.7537,463.0,48695.0
2023-08-19 14:00:00,2.5809,458.19,58114.0
2023-08-19 15:00:00,2.2809,458.74,62548.0
2023-08-19 16:00:00,2.5518,465.82,56293.0
2023-08-19 17:00:00,1.1704,456.05,56561.0
2023-08-19 18:00:00,2.6352,459.64,18064.0
2023-08-19 19:00:00,2.1065,472.47,110139.0
2023-08-19 20:00:00,1.5826,505.72,277182.0
2023-08-19 21:00:00,1.3871,497.84,277041.0
2023-08-19 22:00:00,1.2432,523.0,326230.0
2023-08-19 23:00:00,1.1798,518.09,285827.0
2023-08-20 00:00:00,1.2652,545.73,297569.0
2023-08-20 01:00:00,1.8098,531.03,301512.0
2023-08-20 02:00:00,1.8724,536.32,326523.0
2023-08-20 03:00:00,2.2853,540.71,305701.0
2023-08-20 04:00:00,2.0927,558.9,319625.0
2023-08-20 05:00:00,2.037,560.63,264062.0
2023-08-20 06:00:00,1.8129,575.02,246408.0
2023-08-20 07:00:00,1.6495,603.44,227783.0
2023-08-20 08:00:00,1.6208,618.82,264924.0
2023-08-20 09:00:00,1.4023,622.76,213855.0
2023-08-20 10:00:00,1.433,628.3,211177.0
2023-08-20 11:00:00,1.2657,630.27,239230.0
2023-08-20 12:00:00,1.387,613.26,216215.0
2023-08-20 13:00:00,1.4816,603.28,193925.0
2023-08-20 14:00:00,1.3738,597.2,235686.0
2023-08-20 15:00:00,1.3378,575.14,201581.0
2023-08-20 16:00:00,1.4819,591.71,259756.0
2023-08-20 17:00:00,1.7316,590.82,294786.0
2023-08-20 18:00:00,2.0226,625.91,219985.0
2023-08-20 19:00:00,1.9525,621.28,222481.0
2023-08-20 20:00:00,1.5902,638.52,284217.0
2023-08-20 21:00:00,1.5091,642.4,286822.0
2023-08-20 22:00:00,1.4596,643.08,292357.0
2023-08-20 23:00:00,1.4652,632.87,240351.0
2023-08-21 00:00:00,1.3471,619.83,274879.0
2023-08-21 01:00:00,1.0941,633.33,285313.0
2023-08-21 02:00:00,1.1659,613.38,287338.0
2023-08-21 03:00:00,1.3557,601.29,299531.0
2023-08-21 04:00:00,1.2166,588.32,283770.0
2023-08-21 05:00:00,1.4627,613.48,336553.0
2023-08-21 06:00:00,1.7526,621.08,356955.0
2023-08-21 07:00:00,1.6425,620.11,328199.0
2023-08-21 08:00:00,1.4246,605.48,332135.0
2023-08-21 09:00:00,1.7563,626.75,365427.0
2023-08-21 10:00:00,1.7676,613.24,302580.0
2023-08-21 11:00:00,1.6316,590.3,290516.0
2023-08-21 12:00:00,1.2048,597.43,242221.0
2023-08-21 13:00:00,1.0749,603.84,212088.0
2023-08-21 14:00:00,1.0973,587.11,205347.0
2023-08-21 15:00:00,1.1327,583.64,190526.0
2023-08-21 16:00:00,1.0758,582.65,190720.0
2023-08-21 17:00:00,1.3878,569.46,186158.0
2023-08-21 18:00:00,1.3395,562.33,177665.0
2023-08-21 19:00:00,1.1268,554.39,185985.0
2023-08-21 20:00:00,1.0605,548.64,172482.0
2023-08-21 21:00:00,-999.9,-999.9,-1000.0
2023-08-21 22:00:00,-999.9,-999.9,-1000.0
2023-08-21 23:00:00,1.1393,528.81,139368.0
2023-08-22 00:00:00,1.5423,528.96,112391.0
2023-08-22 01:00:00,1.5086,531.22,98762.0
2023-08-22 02:00:00,1.5288,524.85,85361.0
2023-08-22 03:00:00,1.2628,523.14,87266.0
2023-08-22 04:00:00,1.5075,511.48,85333.0
2023-08-22 05:00:00,1.4182,505.51,89670.0
2023-08-22 06:00:00,1.4821,501.21,93938.0
2023-08-22 07:00:00,1.4307,492.25,87453.0
2023-08-22 08:00:00,1.6155,493.93,72541.0
2023-08-22 09:00:00,1.687,496.15,52572.0
2023-08-22 10:00:00,2.2301,455.49,54437.0
2023-08-22 11:00:00,2.6261,448.16,57869.0
2023-08-22 12:00:00,2.6165,441.27,62980.0
2023-08-22 13:00:00,2.3704,438.6,59684.0
2023-08-22 14:00:00,2.4997,435.23,55773.0
2023-08-22 15:00:00,2.4643,435.32,63698.0
2023-08-22 16:00:00,2.616,436.5,57605.0
2023-08-22 17:00:00,2.3219,445.03,53515.0
2023-08-22 18:00:00,2.3516,438.05,51886.0
2023-08-22 19:00:00,2.3105,431.7,60275.0
2023-08-22 20:00:00,2.5977,444.9,57762.0
2023-08-22 21:00:00,2.2432,425.71,71488.0
2023-08-22 22:00:00,2.5927,433.97,60976.0
2023-08-22 23:00:00,2.3274,425.14,59626.0
2023-08-23 00:00:00,2.6574,433.86,71481.0
2023-08-23 01:00:00,2.4109,411.18,75823.0
2023-08-23 02:00:00,2.6415,419.76,65320.0
2023-08-23 03:00:00,2.6894,421.25,67248.0
2023-08-23 04:00:00,2.8028,413.62,69641.0
2023-08-23 05:00:00,3.0516,424.81,53878.0
2023-08-23 06:00:00,3.0148,420.55,52475.0
2023-08-23 07:00:00,2.6745,406.65,53675.0
2023-08-23 08:00:00,2.9514,408.94,44315.0
2023-08-23 09:00:00,3.0381,409.16,45699.0
2023-08-23 10:00:00,2.6872,410.03,49543.0
2023-08-23 11:00:00,2.4888,412.41,59716.0
2023-08-23 12:00:00,2.3017,396.32,61403.0
2023-08-23 13:00:00,2.5607,405.91,46465.0
2023-08-23 14:00:00,2.8755,414.79,36419.0
2023-08-23 15:00:00,2.5722,408.75,33635.0
2023-08-23 16:00:00,2.7847,393.28,39322.0
2023-08-23 17:00:00,2.527,395.62,36387.0
2023-08-23 18:00:00,2.8936,400.99,36357.0
2023-08-23 19:00:00,3.1734,401.83,42883.0
2023-08-23 20:00:00,3.3844,378.27,48115.0
2023-08-23 21:00:00,3.2338,381.05,34177.0
2023-08-23 22:00:00,2.9601,389.48,29808.0
2023-08-23 23:00:00,2.6701,371.57,56082.0
2023-08-24 00:00:00,2.8985,381.06,24938.0
2023-08-24 01:00:00,3.1379,383.21,26941.0
2023-08-24 02:00:00,3.0183,393.34,32603.0
2023-08-24 03:00:00,2.9917,386.3,26060.0
2023-08-24 04:00:00,3.2605,388.29,31151.0
2023-08-24 05:00:00,3.2487,382.56,30989.0
2023-08-24 06:00:00,3.0247,376.08,64178.0
2023-08-24 07:00:00,3.4299,379.99,54725.0
2023-08-24 08:00:00,2.5981,374.02,58008.0
2023-08-24 09:00:00,2.6572,370.67,65765.0
2023-08-24 10:00:00,3.3252,368.38,71503.0
2023-08-24 11:00:00,3.6742,375.95,62019.0
2023-08-24 12:00:00,4.5143,390.27,90336.0
2023-08-24 13:00:00,4.9688,405.77,89979.0
2023-08-24 14:00:00,3.5363,396.28,97775.0
2023-08-24 15:00:00,5.0283,406.94,36021.0
2023-08-24 16:00:00,3.9005,443.45,54838.0
2023-08-24 17:00:00,3.843,466.01,116842.0
2023-08-24 18:00:00,2.9478,491.17,119918.0
2023-08-24 19:00:00,3.4101,465.9,97479.0
2023-08-24 20:00:00,2.8828,470.04,117417.0
2023-08-24 21:00:00,2.5756,468.27,120292.0
2023-08-24 22:00:00,2.3103,483.31,94387.0
2023-08-24 23:00:00,2.3775,481.5,90514.0
2023-08-25 00:00:00,2.0687,465.14,113574.0
2023-08-25 01:00:00,2.012,454.3,124226.0
2023-08-25 02:00:00,1.4749,441.41,173114.0
2023-08-25 03:00:00,1.2255,434.86,179028.0
2023-08-25 04:00:00,1.0149,431.53,180179.0
2023-08-25 05:00:00,0.7822,466.1,113767.0
2023-08-25 06:00:00,0.8855,430.68,122851.0
2023-08-25 07:00:00,0.8428,402.98,92009.0
2023-08-25 08:00:00,0.9542,385.16,45281.0
2023-08-25 09:00:00,1.1459,421.41,58819.0
2023-08-25 10:00:00,1.0803,394.7,54628.0
2023-08-25 11:00:00,0.9709,391.7,46384.0
2023-08-25 12:00:00,0.746,377.0,45770.0
2023-08-25 13:00:00,1.1476,377.42,34508.0
2023-08-25 14:00:00,1.0445,381.19,33560.0
2023-08-25 15:00:00,1.5023,386.92,29990.0
2023-08-25 16:00:00,1.4372,377.56,27399.0
2023-08-25 17:00:00,1.667,370.34,23354.0
2023-08-25 18:00:00,1.5487,374.0,23899.0
2023-08-25 19:00:00,2.1789,376.78,21557.0
2023-08-25 20:00:00,1.7711,369.74,20051.0
2023-08-25 21:00:00,1.9995,370.76,20150.0
2023-08-25 22:00:00,1.2451,360.75,31204.0
2023-08-25 23:00:00,1.4472,372.51,31626.0
2023-08-26 00:00:00,1.3222,368.37,31161.0
2023-08-26 01:00:00,2.2355,377.92,30085.0
2023-08-26 02:00:00,2.2449,387.46,36057.0
2023-08-26 03:00:00,1.5871,384.67,43663.0
2023-08-26 04:00:00,1.2872,380.97,37343.0
2023-08-26 05:00:00,1.4256,386.7,60037.0
2023-08-26 06:00:00,1.9189,391.28,70881.0
2023-08-26 07:00:00,1.6046,386.6,103670.0
2023-08-26 08:00:00,1.7698,392.7,111717.0
2023-08-26 09:00:00,1.5965,399.98,166847.0
2023-08-26 10:00:00,0.8449,399.92,212074.0
2023-08-26 11:00:00,1.1806,393.98,180971.0
2023-08-26 12:00:00,1.3243,396.06,118727.0
2023-08-26 13:00:00,0.8665,398.18,129174.0
2023-08-26 14:00:00,1.4953,394.47,112912.0
2023-08-26 15:00:00,2.3136,399.52,117099.0
2023-08-26 16:00:00,2.7317,408.82,145297.0
2023-08-26 17:00:00,3.4327,403.5,105892.0
2023-08-26 18:00:00,4.3191,392.75,87621.0
2023-08-26 19:00:00,4.1165,393.0,84702.0
2023-08-26 20:00:00,3.3807,384.85,67179.0
2023-08-26 21:00:00,2.577,383.57,58267.0
2023-08-26 22:00:00,1.3049,389.06,82348.0
2023-08-26 23:00:00,0.8478,393.13,72201.0
2023-08-27 00:00:00,0.9612,396.27,62077.0
2023-08-27 01:00:00,0.9658,390.27,72247.0
2023-08-27 02:00:00,0.7456,380.77,59796.0
2023-08-27 03:00:00,1.5634,376.13,26618.0
2023-08-27 04:00:00,1.7458,373.96,36792.0
2023-08-27 05:00:00,2.5892,382.18,40692.0
2023-08-27 06:00:00,1.9238,382.06,52670.0
2023-08-27 07:00:00,1.9071,375.34,47040.0
2023-08-27 08:00:00,2.9243,371.96,36847.0
2023-08-27 09:00:00,3.012,368.43,33732.0
2023-08-27 10:00:00,3.3303,369.01,29912.0
2023-08-27 11:00:00,3.1342,363.9,32926.0
2023-08-27 12:00:00,2.2126,350.0,47483.0
2023-08-27 13:00:00,1.7577,366.15,41158.0
2023-08-27 14:00:00,2.1351,375.49,26406.0
2023-08-27 15:00:00,2.146,348.11,42813.0
2023-08-27 16:00:00,1.7994,355.25,25900.0
2023-08-27 17:00:00,2.5155,345.75,21140.0
2023-08-27 18:00:00,2.5246,340.99,25846.0
2023-08-27 19:00:00,3.9109,353.58,15462.0
2023-08-27 20:00:00,4.2222,352.56,15812.0
2023-08-27 21:00:00,3.5272,349.59,17131.0
2023-08-27 22:00:00,3.7761,348.02,16067.0
2023-08-27 23:00:00,4.36,347.38,16202.0
2023-08-28 00:00:00,3.6801,345.41,18709.0
2023-08-28 01:00:00,2.9753,341.63,19260.0
2023-08-28 02:00:00,2.7136,335.49,20507.0
2023-08-28 03:00:00,1.8623,327.09,18106.0
2023-08-28 04:00:00,2.5517,331.23,24607.0
2023-08-28 05:00:00,3.3457,336.4,28763.0
2023-08-28 06:00:00,3.5697,331.92,25122.0
2023-08-28 07:00:00,2.8922,323.77,30921.0
2023-08-28 08:00:00,2.7186,325.16,20606.0
2023-08-28 09:00:00,2.6361,326.53,26607.0
2023-08-28 10:00:00,2.7019,324.59,27993.0
2023-08-28 11:00:00,3.1922,326.51,30766.0
2023-08-28 12:00:00,2.3399,321.48,31564.0
2023-08-28 13:00:00,2.4248,321.9,35316.0
2023-08-28 14:00:00,5.2488,338.24,36218.0
2023-08-28 15:00:00,6.2633,330.78,40952.0
2023-08-28 16:00:00,7.4704,334.95,40109.0
2023-08-28 17:00:00,5.0783,332.95,41967.0
2023-08-28 18:00:00,4.7436,340.32,40628.0
2023-08-28 19:00:00,4.6547,344.95,39336.0
2023-08-28 20:00:00,4.0324,336.53,38099.0
2023-08-28 21:00:00,4.8514,340.43,31689.0
2023-08-28 22:00:00,5.3781,344.11,30077.0
2023-08-28 23:00:00,6.5593,345.53,31008.0
2023-08-29 00:00:00,6.572,355.04,31318.0
2023-08-29 01:00:00,7.6176,362.14,31718.0
2023-08-29 02:00:00,5.1745,345.06,37495.0
2023-08-29 03:00:00,3.3907,336.42,39287.0
2023-08-29 04:00:00,3.6369,339.5,35421.0
2023-08-29 05:00:00,4.2761,342.44,36203.0
2023-08-29 06:00:00,4.5288,342.68,36755.0
2023-08-29 07:00:00,4.9264,340.9,42207.0
2023-08-29 08:00:00,4.836,345.6,70150.0
2023-08-29 09:00:00,4.607,354.25,43650.0
2023-08-29 10:00:00,4.5653,352.34,63723.0
2023-08-29 11:00:00,4.7984,349.44,82161.0
2023-08-29 12:00:00,4.6458,346.6,77231.0
2023-08-29 13:00:00,4.2178,343.61,81338.0
2023-08-29 14:00:00,4.0043,346.65,82063.0
2023-08-29 15:00:00,3.8237,345.56,84072.0
2023-08-29 16:00:00,3.2742,345.81,76226.0
2023-08-29 17:00:00,3.3914,343.1,70738.0
2023-08-29 18:00:00,3.1522,342.71,81969.0
2023-08-29 19:00:00,3.465,345.96,66706.0
2023-08-29 20:00:00,3.2301,342.39,78818.0
2023-08-29 21:00:00,3.5277,337.76,45857.0
2023-08-29 22:00:00,4.0224,343.67,49671.0
2023-08-29 23:00:00,3.4456,338.72,56131.0
2023-08-30 00:00:00,2.7659,334.87,77982.0
2023-08-30 01:00:00,2.0942,338.44,94744.0
2023-08-30 02:00:00,1.7788,346.71,75514.0
2023-08-30 03:00:00,2.5021,336.01,61244.0
2023-08-30 04:00:00,2.4948,330.56,65801.0
2023-08-30 05:00:00,2.7282,329.82,46157.0
2023-08-30 06:00:00,3.1473,329.64,36166.0
2023-08-30 07:00:00,2.7541,328.04,39286.0
2023-08-30 08:00:00,2.3943,328.54,49554.0
2023-08-30 09:00:00,2.9392,327.84,32566.0
2023-08-30 10:00:00,2.3688,324.22,35003.0
2023-08-30 11:00:00,2.6909,326.67,44181.0
2023-08-30 12:00:00,3.298,326.15,37999.0
2023-08-30 13:00:00,3.0192,324.3,46497.0
2023-08-30 14:00:00,3.1651,321.67,62392.0
2023-08-30 15:00:00,3.3435,314.0,73023.0
2023-08-30 16:00:00,3.2708,313.24,57106.0
2023-08-30 17:00:00,3.3482,319.19,42936.0
2023-08-30 18:00:00,2.9358,311.93,55142.0
2023-08-30 19:00:00,3.6164,310.33,59185.0
2023-08-30 20:00:00,3.5142,312.51,67685.0
2023-08-30 21:00:00,3.6277,312.98,66855.0
2023-08-30 22:00:00,3.0062,314.64,55575.0
2023-08-30 23:00:00,2.9288,309.85,75813.0
2023-08-31 00:00:00,2.9438,316.36,58927.0
2023-08-31 01:00:00,2.3962,327.31,70298.0
2023-08-31 02:00:00,3.336,320.89,119639.0
2023-08-31 03:00:00,3.0429,326.55,102719.0
2023-08-31 04:00:00,3.1189,320.65,82793.0
2023-08-31 05:00:00,2.8717,322.98,64958.0
2023-08-31 06:00:00,2.9854,316.03,111684.0
2023-08-31 07:00:00,2.2711,330.5,66646.0
2023-08-31 08:00:00,3.6328,333.15,54312.0
2023-08-31 09:00:00,4.2902,335.87,50905.0
2023-08-31 10:00:00,3.7996,335.22,54224.0
2023-08-31 11:00:00,4.3529,331.54,50652.0
2023-08-31 12:00:00,4.9046,329.9,46952.0
2023-08-31 13:00:00,5.1193,329.42,57136.0
2023-08-31 14:00:00,5.8999,322.08,69453.0
2023-08-31 15:00:00,4.6783,313.33,75252.0
2023-08-31 16:00:00,4.5232,339.01,68457.0
2023-08-31 17:00:00,3.1158,371.84,97450.0
2023-08-31 18:00:00,3.5116,375.68,125780.0
2023-08-31 19:00:00,3.5373,375.31,105405.0
2023-08-31 20:00:00,4.5078,400.43,121785.0
2023-08-31 21:00:00,5.0616,406.0,138270.0
2023-08-31 22:00:00,3.7857,392.39,124098.0
2023-08-31 23:00:00,3.7549,398.75,123894.0
2023-09-01 00:00:00,4.243,429.0,112633.0
2023-09-01 01:00:00,2.8313,434.14,103767.0
2023-09-01 02:00:00,2.5714,378.02,99287.0
2023-09-01 03:00:00,2.1258,368.49,85299.0
2023-09-01 04:00:00,2.9167,410.45,95668.0
2023-09-01 05:00:00,2.9296,389.44,100298.0
2023-09-01 06:00:00,3.2156,362.19,103348.0
2023-09-01 07:00:00,4.8554,381.98,114307.0
2023-09-01 08:00:00,4.3427,392.39,128224.0
2023-09-01 09:00:00,4.9771,396.21,128561.0
2023-09-01 10:00:00,5.7377,394.62,83229.0
2023-09-01 11:00:00,5.5028,411.83,84271.0
2023-09-01 12:00:00,6.3607,397.26,108908.0
2023-09-01 13:00:00,5.6579,395.14,102725.0
2023-09-01 14:00:00,5.6879,393.82,79753.0
2023-09-01 15:00:00,4.4134,395.7,81782.0
2023-09-01 16:00:00,3.6749,400.88,106747.0
2023-09-01 17:00:00,3.1085,413.39,113448.0
2023-09-01 18:00:00,2.1122,462.22,146987.0
2023-09-01 19:00:00,1.5861,533.64,166977.0
2023-09-01 20:00:00,1.5469,537.94,225841.0
2023-09-01 21:00:00,1.3608,554.82,181307.0
2023-09-01 22:00:00,1.9916,575.91,290274.0
2023-09-01 23:00:00,1.7891,574.99,316649.0
2023-09-02 00:00:00,1.5038,558.51,350687.0
2023-09-02 01:00:00,1.8947,557.48,266099.0
2023-09-02 02:00:00,1.8777,564.78,258597.0
2023-09-02 03:00:00,1.6294,562.34,262101.0
2023-09-02 04:00:00,1.9898,631.14,397410.0
2023-09-02 05:00:00,1.3982,670.01,400872.0
2023-09-02 06:00:00,1.3619,719.15,338658.0
2023-09-02 07:00:00,0.8986,709.8,261544.0
2023-09-02 08:00:00,1.3008,710.87,275705.0
2023-09-02 09:00:00,1.3578,644.94,336176.0
2023-09-02 10:00:00,1.4033,646.85,309889.0
2023-09-02 11:00:00,2.3745,624.2,296340.0
2023-09-02 12:00:00,2.2221,591.64,237220.0
2023-09-02 13:00:00,2.0395,573.4,204577.0
2023-09-02 14:00:00,2.8577,550.6,203704.0
2023-09-02 15:00:00,3.6767,554.93,132303.0
2023-09-02 16:00:00,3.3265,550.6,118878.0
2023-09-02 17:00:00,4.1099,553.28,95975.0
2023-09-02 18:00:00,4.0792,550.57,92185.0
2023-09-02 19:00:00,2.3185,536.47,112766.0
2023-09-02 20:00:00,4.4581,557.47,95125.0
2023-09-02 21:00:00,8.2925,553.13,38870.0
2023-09-02 22:00:00,12.6477,546.97,28929.0
2023-09-02 23:00:00,14.7019,542.13,26785.0
2023-09-03 00:00:00,16.0944,532.97,34058.0
2023-09-03 01:00:00,16.2864,526.78,25463.0
2023-09-03 02:00:00,14.2648,513.83,18378.0
2023-09-03 03:00:00,14.3774,504.89,19480.0
2023-09-03 04:00:00,12.4686,500.45,27535.0
2023-09-03 05:00:00,11.7045,492.95,24752.0
2023-09-03 06:00:00,14.3036,490.69,20668.0
2023-09-03 07:00:00,10.947,484.35,16469.0
2023-09-03 08:00:00,5.6224,482.07,10706.0
2023-09-03 09:00:00,3.6606,474.89,9180.0
2023-09-03 10:00:00,7.9295,464.17,15929.0
2023-09-03 11:00:00,5.4175,465.51,14107.0
2023-09-03 12:00:00,7.8101,460.41,19408.0
2023-09-03 13:00:00,8.8253,454.68,18293.0
2023-09-03 14:00:00,6.0615,454.79,11256.0
2023-09-03 15:00:00,5.7139,458.62,12937.0
2023-09-03 16:00:00,5.7958,455.62,20278.0
2023-09-03 17:00:00,5.591,452.07,18839.0
2023-09-03 18:00:00,5.1229,450.47,19216.0
2023-09-03 19:00:00,4.208,450.27,16772.0
2023-09-03 20:00:00,5.4488,443.25,31270.0
2023-09-03 21:00:00,6.2371,447.21,24156.0
2023-09-03 22:00:00,6.1817,446.3,21274.0
2023-09-03 23:00:00,4.6124,442.71,18563.0
2023-09-04 00:00:00,4.0981,428.19,37974.0
2023-09-04 01:00:00,3.954,409.59,44692.0
2023-09-04 02:00:00,3.844,412.53,32314.0
2023-09-04 03:00:00,3.7968,408.42,37827.0
2023-09-04 04:00:00,3.3798,402.45,42498.0
2023-09-04 05:00:00,3.4664,400.15,61097.0
2023-09-04 06:00:00,3.9728,405.36,60154.0
2023-09-04 07:00:00,3.2456,403.04,43688.0
2023-09-04 08:00:00,2.8713,411.15,34397.0
2023-09-04 09:00:00,2.6139,408.98,24623.0
2023-09-04 10:00:00,2.9555,405.75,24931.0
2023-09-04 11:00:00,4.2997,402.61,22354.0
2023-09-04 12:00:00,3.2654,395.89,32944.0
2023-09-04 13:00:00,2.7895,398.32,27401.0
2023-09-04 14:00:00,0.6037,406.61,46128.0
2023-09-04 15:00:00,0.9545,403.09,23553.0
2023-09-04 16:00:00,3.1679,398.83,10641.0
2023-09-04 17:00:00,4.415,404.98,12082.0
2023-09-04 18:00:00,4.6829,394.3,13881.0
2023-09-04 19:00:00,4.3903,380.82,18220.0
2023-09-04 20:00:00,3.9764,367.7,16389.0
2023-09-04 21:00:00,3.3696,363.47,31151.0
2023-09-04 22:00:00,3.7485,371.72,17295.0
2023-09-04 23:00:00,3.132,390.79,18490.0
2023-09-05 00:00:00,3.2827,383.7,12712.0
2023-09-05 01:00:00,3.266,378.28,13075.0
2023-09-05 02:00:00,2.7676,377.63,17592.0
2023-09-05 03:00:00,1.7099,378.21,18219.0
2023-09-05 04:00:00,2.273,380.94,20968.0
2023-09-05 05:00:00,2.222,380.68,24633.0
2023-09-05 06:00:00,2.7869,356.14,46252.0
2023-09-05 07:00:00,1.3522,384.15,41051.0
2023-09-05 08:00:00,1.1946,385.64,38403.0
2023-09-05 09:00:00,2.8707,380.86,25375.0
2023-09-05 10:00:00,2.9022,384.58,30485.0
2023-09-05 11:00:00,1.2711,378.44,45093.0
2023-09-05 12:00:00,0.9797,378.67,41326.0
2023-09-05 13:00:00,0.8327,376.06,47654.0
2023-09-05 14:00:00,1.4639,402.55,69432.0
2023-09-05 15:00:00,3.4213,434.59,104139.0
2023-09-05 16:00:00,6.0362,422.33,108620.0
2023-09-05 17:00:00,2.5567,409.8,123434.0
2023-09-05 18:00:00,2.4706,407.86,86189.0
2023-09-05 19:00:00,6.6204,416.21,76589.0
2023-09-05 20:00:00,7.9353,437.51,84599.0
2023-09-05 21:00:00,5.6938,440.03,97459.0
2023-09-05 22:00:00,6.3149,435.26,83591.0
2023-09-05 23:00:00,6.6905,429.89,69608.0
2023-09-06 00:00:00,6.3034,435.12,67643.0
2023-09-06 01:00:00,3.6696,423.08,77792.0
2023-09-06 02:00:00,4.3301,405.3,69550.0
2023-09-06 03:00:00,3.3817,400.15,71639.0
2023-09-06 04:00:00,3.192,385.43,81424.0
2023-09-06 05:00:00,2.6264,378.04,62654.0
2023-09-06 06:00:00,2.4507,383.88,45911.0
2023-09-06 07:00:00,3.1091,378.27,54274.0
2023-09-06 08:00:00,3.5124,366.22,52757.0
2023-09-06 09:00:00,3.0363,365.84,58313.0
2023-09-06 10:00:00,2.4057,369.64,62403.0
2023-09-06 11:00:00,1.8973,381.59,54538.0
2023-09-06 12:00:00,2.2072,394.54,33100.0
2023-09-06 13:00:00,7.0658,401.28,32411.0
2023-09-06 14:00:00,8.8935,406.51,29388.0
2023-09-06 15:00:00,7.0994,411.06,39708.0
2023-09-06 16:00:00,4.4163,407.93,56348.0
2023-09-06 17:00:00,2.595,414.64,61813.0
2023-09-06 18:00:00,2.8867,407.63,63747.0
2023-09-06 19:00:00,2.6708,403.31,52128.0
2023-09-06 20:00:00,2.0255,398.43,48890.0
2023-09-06 21:00:00,2.3868,400.78,46922.0
2023-09-06 22:00:00,2.5961,401.9,50221.0
2023-09-06 23:00:00,3.1113,405.58,75224.0
2023-09-07 00:00:00,3.1641,403.97,81306.0
2023-09-07 01:00:00,2.5155,395.81,70437.0
2023-09-07 02:00:00,2.7544,386.12,50072.0
2023-09-07 03:00:00,3.585,375.4,36021.0
2023-09-07 04:00:00,4.1799,367.55,34457.0
2023-09-07 05:00:00,3.8651,358.02,48560.0
2023-09-07 06:00:00,4.0649,356.9,57579.0
2023-09-07 07:00:00,4.5729,362.04,41930.0
2023-09-07 08:00:00,4.6451,367.99,33725.0
2023-09-07 09:00:00,4.783,364.42,46992.0
2023-09-07 10:00:00,4.7005,360.82,46868.0
2023-09-07 11:00:00,4.7503,365.82,30584.0
2023-09-07 12:00:00,5.3452,356.48,23930.0
2023-09-07 13:00:00,6.1643,352.0,18241.0
2023-09-07 14:00:00,5.7279,350.39,20553.0
2023-09-07 15:00:00,5.7357,349.95,25992.0
2023-09-07 16:00:00,5.4755,346.63,29328.0
2023-09-07 17:00:00,4.4817,351.89,33838.0
2023-09-07 18:00:00,4.2961,360.47,35293.0
2023-09-07 19:00:00,4.3594,367.68,32484.0
2023-09-07 20:00:00,4.261,366.03,30143.0
2023-09-07 21:00:00,3.9009,365.36,44431.0
2023-09-07 22:00:00,4.334,367.28,29809.0
2023-09-07 23:00:00,4.4691,358.99,31832.0
2023-09-08 00:00:00,3.6367,353.81,50733.0
2023-09-08 01:00:00,3.1985,353.56,62713.0
2023-09-08 02:00:00,3.1463,350.93,69494.0
2023-09-08 03:00:00,3.153,350.94,62218.0
2023-09-08 04:00:00,3.5055,347.22,60415.0
2023-09-08 05:00:00,3.5558,348.43,46353.0
2023-09-08 06:00:00,3.8168,343.64,45010.0
2023-09-08 07:00:00,4.1054,342.18,47861.0
2023-09-08 08:00:00,3.9909,339.51,59230.0
2023-09-08 09:00:00,3.9241,339.17,64058.0
2023-09-08 10:00:00,3.921,339.7,71621.0
2023-09-08 11:00:00,3.8841,342.44,54312.0
2023-09-08 12:00:00,4.1883,350.75,46228.0
2023-09-08 13:00:00,6.6127,358.07,44026.0
2023-09-08 14:00:00,6.6963,357.85,44117.0
2023-09-08 15:00:00,6.3259,368.92,48982.0
2023-09-08 16:00:00,4.7489,365.48,65390.0
2023-09-08 17:00:00,3.9045,365.2,27158.0
2023-09-08 18:00:00,3.9855,362.24,31589.0
2023-09-08 19:00:00,2.9251,366.26,37545.0
2023-09-08 20:00:00,3.4854,370.73,55182.0
2023-09-08 21:00:00,4.0164,361.23,57317.0
2023-09-08 22:00:00,4.3626,359.94,57468.0
2023-09-08 23:00:00,4.2988,357.79,49363.0
2023-09-09 00:00:00,4.1968,351.85,61165.0
2023-09-09 01:00:00,3.9468,349.03,61435.0
2023-09-09 02:00:00,4.0877,354.92,44865.0
2023-09-09 03:00:00,2.5522,361.71,64312.0
2023-09-09 04:00:00,2.8097,354.94,92636.0
2023-09-09 05:00:00,2.1986,360.58,57723.0
2023-09-09 06:00:00,4.6142,350.91,68117.0
2023-09-09 07:00:00,4.3126,350.84,58931.0
2023-09-09 08:00:00,4.4312,349.51,63717.0
2023-09-09 09:00:00,3.1021,363.14,56219.0
2023-09-09 10:00:00,5.5312,363.52,46950.0
2023-09-09 11:00:00,5.5079,373.16,57948.0
2023-09-09 12:00:00,5.3297,371.11,75587.0
2023-09-09 13:00:00,3.8254,376.31,74410.0
2023-09-09 14:00:00,4.7302,369.31,85385.0
2023-09-09 15:00:00,2.9246,380.36,72433.0
2023-09-09 16:00:00,3.1923,381.27,65889.0
2023-09-09 17:00:00,4.0031,378.93,44400.0
2023-09-09 18:00:00,5.0829,377.78,38279.0
2023-09-09 19:00:00,5.2209,373.73,34181.0
2023-09-09 20:00:00,3.5913,360.99,42203.0
2023-09-09 21:00:00,3.5631,355.49,37440.0
2023-09-09 22:00:00,4.7982,346.45,43198.0
2023-09-09 23:00:00,3.9894,354.85,36471.0
2023-09-10 00:00:00,3.3767,349.68,56547.0
2023-09-10 01:00:00,2.0903,357.17,82972.0
2023-09-10 02:00:00,2.092,357.27,90606.0
2023-09-10 03:00:00,2.1883,352.35,99091.0
2023-09-10 04:00:00,2.0672,346.7,107715.0
2023-09-10 05:00:00,2.427,338.47,93827.0
2023-09-10 06:00:00,2.5741,339.72,90583.0
2023-09-10 07:00:00,2.2233,345.34,85730.0
2023-09-10 08:00:00,2.5204,338.44,74534.0
2023-09-10 09:00:00,2.3777,336.21,71329.0
2023-09-10 10:00:00,3.0791,335.77,56492.0
2023-09-10 11:00:00,3.137,336.44,54702.0
2023-09-10 12:00:00,2.9469,332.12,62650.0
2023-09-10 13:00:00,3.4583,338.32,53140.0
2023-09-10 14:00:00,3.1255,331.9,65544.0
2023-09-10 15:00:00,2.9407,334.72,89025.0
2023-09-10 16:00:00,3.5226,333.24,73799.0
2023-09-10 17:00:00,2.915,335.59,73349.0
2023-09-10 18:00:00,4.3985,341.48,50673.0
2023-09-10 19:00:00,4.5553,344.02,55100.0
2023-09-10 20:00:00,4.6256,340.67,72997.0
2023-09-10 21:00:00,5.1661,353.56,43679.0
2023-09-10 22:00:00,5.9082,349.64,42881.0
2023-09-10 23:00:00,5.4672,350.4,53353.0
2023-09-11 00:00:00,7.3588,354.86,43276.0
2023-09-11 01:00:00,7.2492,359.13,51476.0
2023-09-11 02:00:00,8.3038,360.62,51542.0
2023-09-11 03:00:00,7.9741,362.24,58205.0
2023-09-11 04:00:00,6.5774,378.4,88616.0
2023-09-11 05:00:00,5.3228,379.36,75434.0
2023-09-11 06:00:00,4.9276,382.09,77046.0
2023-09-11 07:00:00,5.2529,390.25,101047.0
2023-09-11 08:00:00,5.2786,386.52,98479.0
2023-09-11 09:00:00,5.2158,383.9,94830.0
2023-09-11 10:00:00,5.0479,387.97,94887.0
2023-09-11 11:00:00,4.8953,390.18,86098.0
2023-09-11 12:00:00,4.7097,389.62,87729.0
2023-09-11 13:00:00,5.0417,384.83,89525.0
2023-09-11 14:00:00,4.4996,379.38,77363.0
2023-09-11 15:00:00,4.7131,380.66,77574.0
2023-09-11 16:00:00,4.009,379.57,75790.0
2023-09-11 17:00:00,3.627,386.27,62690.0
2023-09-11 18:00:00,3.1549,395.12,65848.0
2023-09-11 19:00:00,2.988,398.46,72861.0
2023-09-11 20:00:00,3.6543,378.51,90816.0
2023-09-11 21:00:00,2.6971,389.23,71057.0
2023-09-11 22:00:00,5.2256,392.3,45857.0
2023-09-11 23:00:00,5.4208,389.07,17880.0
2023-09-12 00:00:00,3.5317,386.55,10556.0
2023-09-12 01:00:00,2.295,382.29,13987.0
2023-09-12 02:00:00,1.024,377.01,16731.0
2023-09-12 03:00:00,0.877,374.44,24065.0
2023-09-12 04:00:00,0.6702,370.47,35784.0
2023-09-12 05:00:00,0.555,366.95,39316.0
2023-09-12 06:00:00,0.6814,368.51,32052.0
2023-09-12 07:00:00,0.7143,372.45,55298.0
2023-09-12 08:00:00,1.298,371.61,42705.0
2023-09-12 09:00:00,2.6357,355.8,39777.0
2023-09-12 10:00:00,2.0983,367.03,47262.0
2023-09-12 11:00:00,5.7763,396.82,56576.0
2023-09-12 12:00:00,1.8655,407.7,62570.0
2023-09-12 13:00:00,4.1193,407.15,48613.0
2023-09-12 14:00:00,9.6154,385.83,36912.0
2023-09-12 15:00:00,13.6538,371.58,40703.0
2023-09-12 16:00:00,9.6049,367.81,34058.0
2023-09-12 17:00:00,13.2112,371.32,28383.0
2023-09-12 18:00:00,9.0368,356.88,37827.0
2023-09-12 19:00:00,7.9815,369.45,36603.0
2023-09-12 20:00:00,9.0963,382.38,42254.0
2023-09-12 21:00:00,5.5343,382.85,48337.0
2023-09-12 22:00:00,4.0303,388.35,54081.0
2023-09-12 23:00:00,5.6563,390.42,77301.0
2023-09-13 00:00:00,8.0707,394.33,62171.0
2023-09-13 01:00:00,8.3276,407.4,79888.0
2023-09-13 02:00:00,6.2353,400.48,89298.0
2023-09-13 03:00:00,3.836,426.13,107601.0
2023-09-13 04:00:00,3.8239,429.6,75400.0
2023-09-13 05:00:00,4.3863,430.96,65155.0
2023-09-13 06:00:00,10.5142,425.05,67189.0
2023-09-13 07:00:00,7.3885,423.59,57355.0
2023-09-13 08:00:00,6.3088,424.92,56561.0
2023-09-13 09:00:00,4.2599,414.84,87247.0
2023-09-13 10:00:00,3.8598,427.68,109042.0
2023-09-13 11:00:00,3.9397,429.65,107964.0
2023-09-13 12:00:00,3.3527,425.98,104769.0
2023-09-13 13:00:00,3.392,420.84,93947.0
2023-09-13 14:00:00,3.4544,415.47,91167.0
2023-09-13 15:00:00,3.2371,426.19,80531.0
2023-09-13 16:00:00,2.0214,418.54,82907.0
2023-09-13 17:00:00,1.8666,411.15,86781.0
2023-09-13 18:00:00,1.7752,395.99,102928.0
2023-09-13 19:00:00,1.7231,392.42,116368.0
2023-09-13 20:00:00,1.8485,404.64,142354.0
2023-09-13 21:00:00,2.4518,397.0,136531.0
2023-09-13 22:00:00,2.5338,390.81,112889.0
2023-09-13 23:00:00,2.3674,387.99,79440.0
2023-09-14 00:00:00,3.0413,395.45,138922.0
2023-09-14 01:00:00,4.2676,382.19,86051.0
2023-09-14 02:00:00,2.8424,368.25,80692.0
2023-09-14 03:00:00,2.3948,415.05,134313.0
2023-09-14 04:00:00,5.0563,443.71,91507.0
2023-09-14 05:00:00,4.4721,440.56,85743.0
2023-09-14 06:00:00,7.3044,449.39,85184.0
2023-09-14 07:00:00,4.9869,438.51,102401.0
2023-09-14 08:00:00,3.5904,447.44,68131.0
2023-09-14 09:00:00,2.1475,448.99,57868.0
2023-09-14 10:00:00,1.0869,460.89,50704.0
2023-09-14 11:00:00,1.9335,465.87,66599.0
2023-09-14 12:00:00,1.986,469.29,73908.0
2023-09-14 13:00:00,1.454,479.93,70347.0
2023-09-14 14:00:00,1.9418,489.02,89364.0
2023-09-14 15:00:00,2.2081,478.98,115431.0
2023-09-14 16:00:00,3.6925,470.15,94160.0
2023-09-14 17:00:00,4.0889,485.59,49008.0
2023-09-14 18:00:00,4.2349,491.67,82295.0
2023-09-14 19:00:00,14.0329,483.22,61272.0
2023-09-14 20:00:00,4.6852,500.25,44657.0
2023-09-14 21:00:00,4.7572,490.53,56454.0
2023-09-14 22:00:00,4.3417,478.47,64375.0
2023-09-14 23:00:00,3.3485,465.98,86167.0
2023-09-15 00:00:00,1.7923,463.77,92216.0
2023-09-15 01:00:00,1.5579,455.72,113715.0
2023-09-15 02:00:00,1.1764,442.43,108254.0
2023-09-15 03:00:00,1.603,439.36,96963.0
2023-09-15 04:00:00,0.3909,449.81,100855.0
2023-09-15 05:00:00,0.3752,452.61,107733.0
2023-09-15 06:00:00,0.7447,462.96,93396.0
2023-09-15 07:00:00,1.0518,465.36,113340.0
2023-09-15 08:00:00,0.6513,467.42,105686.0
2023-09-15 09:00:00,0.4674,470.84,63699.0
2023-09-15 10:00:00,0.3913,467.55,73869.0
2023-09-15 11:00:00,2.347,452.39,70445.0
2023-09-15 12:00:00,1.7161,451.84,101249.0
2023-09-15 13:00:00,2.2499,443.76,70799.0
2023-09-15 14:00:00,2.1618,453.92,43195.0
2023-09-15 15:00:00,1.626,450.16,43735.0
2023-09-15 16:00:00,0.518,453.96,92685.0
2023-09-15 17:00:00,0.3923,452.55,124684.0
2023-09-15 18:00:00,0.5109,456.13,76989.0
2023-09-15 19:00:00,1.3792,444.52,77786.0
2023-09-15 20:00:00,1.505,436.9,56982.0
2023-09-15 21:00:00,1.9459,433.61,42000.0
2023-09-15 22:00:00,0.3004,464.67,94744.0
2023-09-15 23:00:00,0.2164,451.04,125690.0
2023-09-16 00:00:00,0.1873,447.73,70181.0
2023-09-16 01:00:00,0.3461,441.61,69949.0
2023-09-16 02:00:00,0.2001,433.45,49135.0
2023-09-16 03:00:00,0.3448,434.45,70394.0
2023-09-16 04:00:00,0.3074,434.96,76664.0
2023-09-16 05:00:00,0.3611,414.55,98681.0
2023-09-16 06:00:00,0.8733,390.91,33904.0
2023-09-16 07:00:00,0.1412,427.92,132884.0
2023-09-16 08:00:00,0.2413,425.41,45861.0
2023-09-16 09:00:00,0.2903,419.96,75598.0
2023-09-16 10:00:00,0.1936,419.93,101402.0
2023-09-16 11:00:00,0.2406,420.95,92103.0
2023-09-16 12:00:00,0.2127,388.54,80656.0
2023-09-16 13:00:00,0.2489,377.61,47184.0
2023-09-16 14:00:00,0.2961,382.03,71495.0
2023-09-16 15:00:00,1.2446,390.24,24020.0
2023-09-16 16:00:00,0.7217,380.38,29429.0
2023-09-16 17:00:00,0.5914,384.18,53554.0
2023-09-16 18:00:00,2.066,395.56,25104.0
2023-09-16 19:00:00,1.9756,403.35,25491.0
2023-09-16 20:00:00,1.6439,397.03,25080.0
2023-09-16 21:00:00,0.8282,390.12,62058.0
2023-09-16 22:00:00,0.446,403.49,95886.0
2023-09-16 23:00:00,0.9894,398.92,84939.0
2023-09-17 00:00:00,0.4374,418.72,97034.0
2023-09-17 01:00:00,1.9216,442.37,97061.0
2023-09-17 02:00:00,4.783,477.54,162394.0
2023-09-17 03:00:00,3.1866,476.93,176821.0
2023-09-17 04:00:00,4.2008,481.86,189166.0
2023-09-17 05:00:00,4.2791,477.31,178307.0
2023-09-17 06:00:00,3.629,474.4,160534.0
2023-09-17 07:00:00,3.8692,463.05,112602.0
2023-09-17 08:00:00,2.514,458.46,121071.0
2023-09-17 09:00:00,2.1342,455.3,135771.0
2023-09-17 10:00:00,2.7277,455.61,147690.0
2023-09-17 11:00:00,3.2959,458.38,108936.0
2023-09-17 12:00:00,2.4063,453.86,118728.0
2023-09-17 13:00:00,2.6066,438.87,124575.0
2023-09-17 14:00:00,3.2777,423.6,141112.0
2023-09-17 15:00:00,3.6911,429.06,108933.0
2023-09-17 16:00:00,4.0173,437.9,117421.0
2023-09-17 17:00:00,3.4799,440.44,113975.0
2023-09-17 18:00:00,4.0123,443.43,111620.0
2023-09-17 19:00:00,3.8305,436.74,64645.0
2023-09-17 20:00:00,2.9626,434.98,85325.0
2023-09-17 21:00:00,2.8925,436.38,93547.0
2023-09-17 22:00:00,3.6673,428.53,114230.0
2023-09-17 23:00:00,5.1751,433.64,113783.0
2023-09-18 00:00:00,5.9081,426.08,85169.0
2023-09-18 01:00:00,4.3933,433.16,40972.0
2023-09-18 02:00:00,0.1484,437.23,33908.0
2023-09-18 03:00:00,0.1243,427.29,24700.0
2023-09-18 04:00:00,0.0834,423.47,23497.0
2023-09-18 05:00:00,0.0767,422.17,25367.0
2023-09-18 06:00:00,0.0769,425.55,32329.0
2023-09-18 07:00:00,0.0728,416.87,39030.0
2023-09-18 08:00:00,0.0544,418.74,33042.0
2023-09-18 09:00:00,0.0391,414.77,31365.0
2023-09-18 10:00:00,0.0592,414.19,26904.0
2023-09-18 11:00:00,0.0605,412.36,26797.0
2023-09-18 12:00:00,0.9826,428.97,40595.0
2023-09-18 13:00:00,4.1745,544.62,149128.0
2023-09-18 14:00:00,1.0551,548.65,245526.0
2023-09-18 15:00:00,0.8745,540.89,235533.0
2023-09-18 16:00:00,4.0478,548.18,190475.0
2023-09-18 17:00:00,2.7913,557.31,198396.0
2023-09-18 18:00:00,2.9063,528.56,245187.0
2023-09-18 19:00:00,2.2175,518.66,320781.0
2023-09-18 20:00:00,1.7255,520.46,353715.0
2023-09-18 21:00:00,2.2612,529.39,322316.0
2023-09-18 22:00:00,2.9002,545.68,220225.0
2023-09-18 23:00:00,4.8016,567.87,132362.0
2023-09-19 00:00:00,2.2661,613.13,237691.0
2023-09-19 01:00:00,0.6263,606.6,254987.0
2023-09-19 02:00:00,0.6174,623.91,274703.0
2023-09-19 03:00:00,0.5626,620.99,230222.0
2023-09-19 04:00:00,0.3521,608.06,224071.0
2023-09-19 05:00:00,0.4222,583.83,206088.0
2023-09-19 06:00:00,0.7468,584.44,176458.0
2023-09-19 07:00:00,1.0904,627.79,157958.0
2023-09-19 08:00:00,0.526,638.15,169610.0
2023-09-19 09:00:00,0.1893,595.27,35131.0
2023-09-19 10:00:00,1.7707,579.75,5440.0
2023-09-19 11:00:00,1.4035,588.13,33912.0
2023-09-19 12:00:00,0.8926,592.96,80373.0
2023-09-19 13:00:00,0.3775,576.09,94086.0
2023-09-19 14:00:00,0.4469,573.67,89290.0
2023-09-19 15:00:00,0.7171,562.44,93626.0
2023-09-19 16:00:00,0.4648,561.77,90509.0
2023-09-19 17:00:00,0.3909,554.42,93780.0
2023-09-19 18:00:00,0.6553,537.75,74678.0
2023-09-19 19:00:00,0.3499,523.4,83294.0
2023-09-19 20:00:00,0.228,524.07,100153.0
2023-09-19 21:00:00,0.2702,528.16,108570.0
2023-09-19 22:00:00,0.2012,539.79,137264.0
2023-09-19 23:00:00,0.0701,543.79,108891.0
2023-09-20 00:00:00,0.0628,538.67,100997.0
2023-09-20 01:00:00,0.042,522.75,103636.0
2023-09-20 02:00:00,0.0494,523.58,84530.0
2023-09-20 03:00:00,0.1212,520.92,132595.0
2023-09-20 04:00:00,0.1178,518.21,114820.0
2023-09-20 05:00:00,0.2642,524.9,103281.0
2023-09-20 06:00:00,0.5086,532.17,62847.0
2023-09-20 07:00:00,0.9507,532.78,53741.0
2023-09-20 08:00:00,1.0014,525.74,51957.0
2023-09-20 09:00:00,0.6789,512.4,41591.0
2023-09-20 10:00:00,0.4776,506.67,55517.0
2023-09-20 11:00:00,0.7322,506.27,56520.0
2023-09-20 12:00:00,0.6299,501.52,49372.0
2023-09-20 13:00:00,0.7404,500.64,40584.0
2023-09-20 14:00:00,0.5352,506.56,42405.0
2023-09-20 15:00:00,0.2065,477.96,22813.0
2023-09-20 16:00:00,0.1528,469.08,23446.0
2023-09-20 17:00:00,0.3113,471.73,36105.0
2023-09-20 18:00:00,0.3094,473.19,40646.0
2023-09-20 19:00:00,0.2526,468.45,36384.0
2023-09-20 20:00:00,0.2064,461.03,32675.0
2023-09-20 21:00:00,0.1942,456.39,32688.0
2023-09-20 22:00:00,0.1585,448.33,32303.0
2023-09-20 23:00:00,0.1278,439.85,30599.0
2023-09-21 00:00:00,0.1044,431.5,30928.0
2023-09-21 01:00:00,0.0958,428.49,31767.0
2023-09-21 02:00:00,0.1066,428.79,30193.0
2023-09-21 03:00:00,0.0908,425.99,34771.0
2023-09-21 04:00:00,0.0722,419.46,37914.0
2023-09-21 05:00:00,0.0865,425.0,42510.0
2023-09-21 06:00:00,0.2731,426.2,23060.0
2023-09-21 07:00:00,0.5965,425.04,29917.0
2023-09-21 08:00:00,0.8542,430.51,58459.0
2023-09-21 09:00:00,1.3074,425.5,37825.0
2023-09-21 10:00:00,1.0397,426.11,52831.0
2023-09-21 11:00:00,0.3957,424.22,67273.0
2023-09-21 12:00:00,0.3944,427.03,57981.0
2023-09-21 13:00:00,0.2815,417.12,62123.0
2023-09-21 14:00:00,0.4822,414.03,70353.0
2023-09-21 15:00:00,0.4372,412.47,69312.0
2023-09-21 16:00:00,0.3386,408.04,65557.0
2023-09-21 17:00:00,0.3038,404.56,61017.0
2023-09-21 18:00:00,0.2968,399.01,53828.0
2023-09-21 19:00:00,0.1736,400.41,54489.0
2023-09-21 20:00:00,0.1519,397.26,55452.0
2023-09-21 21:00:00,0.1869,394.85,66642.0
2023-09-21 22:00:00,0.1669,394.34,60737.0
2023-09-21 23:00:00,0.2557,384.66,81294.0
2023-09-22 00:00:00,0.197,392.26,60300.0
2023-09-22 01:00:00,0.2417,388.22,58309.0
2023-09-22 02:00:00,0.5156,387.38,46417.0
2023-09-22 03:00:00,0.857,376.06,44230.0
2023-09-22 04:00:00,0.495,376.6,43201.0
2023-09-22 05:00:00,0.4483,378.7,46249.0
2023-09-22 06:00:00,0.3586,370.53,59238.0
2023-09-22 07:00:00,0.3142,383.62,44501.0
2023-09-22 08:00:00,0.4652,378.95,48867.0
2023-09-22 09:00:00,0.3295,384.03,57996.0
2023-09-22 10:00:00,0.215,381.75,54581.0
2023-09-22 11:00:00,0.3037,380.44,63785.0
2023-09-22 12:00:00,0.4363,382.05,66470.0
2023-09-22 13:00:00,0.3451,378.21,59751.0
2023-09-22 14:00:00,0.4843,384.84,49466.0
2023-09-22 15:00:00,0.2771,377.4,59636.0
2023-09-22 16:00:00,0.4502,384.48,50300.0
2023-09-22 17:00:00,0.4998,381.32,51148.0
2023-09-22 18:00:00,0.7023,376.96,63460.0
2023-09-22 19:00:00,0.3486,381.66,49761.0
2023-09-22 20:00:00,0.1524,382.16,63961.0
2023-09-22 21:00:00,0.3199,367.18,62147.0
2023-09-22 22:00:00,0.8515,362.65,54985.0
2023-09-22 23:00:00,0.2675,378.72,52647.0
2023-09-23 00:00:00,0.2012,383.64,51862.0
2023-09-23 01:00:00,0.1751,366.39,61896.0
2023-09-23 02:00:00,0.1927,372.58,48346.0
2023-09-23 03:00:00,0.1496,361.9,48266.0
2023-09-23 04:00:00,0.1074,362.23,51697.0
2023-09-23 05:00:00,0.2701,348.34,46493.0
2023-09-23 06:00:00,0.1334,360.48,45926.0
2023-09-23 07:00:00,0.1079,358.59,37390.0
2023-09-23 08:00:00,0.1507,350.45,38486.0
2023-09-23 09:00:00,0.1685,352.79,37360.0
2023-09-23 10:00:00,0.2162,352.8,39834.0
2023-09-23 11:00:00,0.2292,351.82,38154.0
2023-09-23 12:00:00,0.256,344.43,39084.0
2023-09-23 13:00:00,0.3315,327.35,38686.0
2023-09-23 14:00:00,0.3066,313.62,18611.0
2023-09-23 15:00:00,0.2592,310.35,28950.0
2023-09-23 16:00:00,0.3443,313.3,22031.0
2023-09-23 17:00:00,0.4039,320.95,23412.0
2023-09-23 18:00:00,0.3337,311.44,29859.0
2023-09-23 19:00:00,0.2676,322.78,16082.0
2023-09-23 20:00:00,0.2667,317.18,13325.0
2023-09-23 21:00:00,0.3411,313.52,12117.0
2023-09-23 22:00:00,0.4276,313.19,11493.0
2023-09-23 23:00:00,0.4292,323.03,12947.0
2023-09-24 00:00:00,0.4281,319.95,9474.0
2023-09-24 01:00:00,0.5574,313.77,13244.0
2023-09-24 02:00:00,0.6324,312.03,14067.0
2023-09-24 03:00:00,0.5525,314.02,9395.0
2023-09-24 04:00:00,0.5713,315.79,8704.0
2023-09-24 05:00:00,0.6895,317.11,9758.0
2023-09-24 06:00:00,0.616,319.22,8333.0
2023-09-24 07:00:00,1.2398,318.46,9354.0
2023-09-24 08:00:00,1.3056,309.14,18076.0
2023-09-24 09:00:00,1.1756,312.0,15502.0
2023-09-24 10:00:00,1.7807,307.38,15373.0
2023-09-24 11:00:00,1.7278,300.27,16484.0
2023-09-24 12:00:00,1.6326,301.3,16762.0
2023-09-24 13:00:00,1.9805,305.78,20894.0
2023-09-24 14:00:00,1.8064,298.89,17862.0
2023-09-24 15:00:00,1.5329,296.15,13534.0
2023-09-24 16:00:00,1.9009,303.05,15012.0
2023-09-24 17:00:00,2.6012,316.78,19456.0
2023-09-24 18:00:00,2.2908,316.88,19461.0
2023-09-24 19:00:00,2.1475,307.23,33106.0
2023-09-24 20:00:00,28.4559,456.26,114388.0
2023-09-24 21:00:00,24.8757,457.1,122087.0
2023-09-24 22:00:00,21.4791,446.11,157485.0
2023-09-24 23:00:00,16.2325,437.06,177523.0
2023-09-25 00:00:00,17.0393,446.96,161276.0
2023-09-25 01:00:00,8.5079,449.86,195520.0
2023-09-25 02:00:00,9.0653,449.39,195966.0
2023-09-25 03:00:00,11.7959,462.11,175696.0
2023-09-25 04:00:00,6.5279,464.8,235091.0
2023-09-25 05:00:00,6.2837,460.34,169059.0
2023-09-25 06:00:00,0.9265,462.64,86524.0
2023-09-25 07:00:00,0.1891,469.86,101232.0
2023-09-25 08:00:00,0.2388,469.33,105157.0
2023-09-25 09:00:00,0.1039,457.4,59075.0
2023-09-25 10:00:00,0.0649,446.02,30439.0
2023-09-25 11:00:00,0.1751,444.46,39089.0
2023-09-25 12:00:00,0.1785,435.57,48793.0
2023-09-25 13:00:00,0.2204,425.86,57091.0
2023-09-25 14:00:00,0.1646,412.8,59351.0
2023-09-25 15:00:00,0.2979,422.93,70553.0
2023-09-25 16:00:00,0.2144,428.96,71227.0
2023-09-25 17:00:00,0.2631,438.51,83827.0
2023-09-25 18:00:00,1.0896,459.36,109095.0
2023-09-25 19:00:00,0.6057,458.33,68039.0
2023-09-25 20:00:00,0.2635,449.17,66049.0
2023-09-25 21:00:00,0.3696,445.93,27549.0
2023-09-25 22:00:00,0.0686,428.16,30455.0
2023-09-25 23:00:00,0.0859,425.8,36911.0
2023-09-26 00:00:00,0.1321,435.04,31514.0
2023-09-26 01:00:00,0.4933,438.48,51553.0
2023-09-26 02:00:00,0.4363,424.01,75901.0
2023-09-26 03:00:00,0.3861,442.08,74314.0
2023-09-26 04:00:00,0.2234,447.52,101401.0
2023-09-26 05:00:00,0.6624,427.51,106494.0
2023-09-26 06:00:00,0.2643,432.15,102220.0
2023-09-26 07:00:00,0.5901,406.31,63106.0
2023-09-26 08:00:00,0.4678,428.99,78418.0
2023-09-26 09:00:00,0.7373,435.45,85361.0
2023-09-26 10:00:00,0.7819,415.86,114255.0
2023-09-26 11:00:00,1.4962,437.32,93001.0
2023-09-26 12:00:00,0.6679,451.08,81753.0
2023-09-26 13:00:00,0.7628,469.57,92198.0
2023-09-26 14:00:00,1.2458,493.22,75933.0
2023-09-26 15:00:00,1.9628,498.3,66020.0
2023-09-26 16:00:00,1.1628,499.59,65537.0
2023-09-26 17:00:00,1.0437,515.01,58054.0
2023-09-26 18:00:00,0.8997,513.63,63394.0
2023-09-26 19:00:00,0.6064,505.69,58509.0
2023-09-26 20:00:00,0.729,504.45,57701.0
2023-09-26 21:00:00,0.6342,504.04,60412.0
2023-09-26 22:00:00,0.779,506.49,86226.0
2023-09-26 23:00:00,1.3742,491.39,75882.0
2023-09-27 00:00:00,1.3165,484.41,56537.0
2023-09-27 01:00:00,1.5173,479.66,36377.0
2023-09-27 02:00:00,1.8787,457.55,24264.0
2023-09-27 03:00:00,0.9546,471.22,30570.0
2023-09-27 04:00:00,0.6384,475.17,36190.0
2023-09-27 05:00:00,2.4777,468.57,27391.0
2023-09-27 06:00:00,2.0325,472.89,138805.0
2023-09-27 07:00:00,2.4148,468.47,138074.0
2023-09-27 08:00:00,4.4904,459.94,50538.0
2023-09-27 09:00:00,5.0376,457.55,34087.0
2023-09-27 10:00:00,2.5831,454.21,105952.0
2023-09-27 11:00:00,1.6243,444.13,56147.0
2023-09-27 12:00:00,2.6716,437.84,44252.0
2023-09-27 13:00:00,5.0482,428.97,27984.0
2023-09-27 14:00:00,6.2178,427.67,34222.0
2023-09-27 15:00:00,2.5888,417.43,32458.0
2023-09-27 16:00:00,1.3725,420.52,48735.0
2023-09-27 17:00:00,0.6917,428.09,108172.0
2023-09-27 18:00:00,0.8879,473.77,176419.0
2023-09-27 19:00:00,0.9386,469.01,159435.0
2023-09-27 20:00:00,0.9367,449.08,136169.0
2023-09-27 21:00:00,1.1364,456.86,131941.0
2023-09-27 22:00:00,0.9324,440.77,123751.0
2023-09-27 23:00:00,0.7605,440.18,111569.0
2023-09-28 00:00:00,0.8722,431.82,88688.0
2023-09-28 01:00:00,0.7085,456.13,93485.0
2023-09-28 02:00:00,0.5145,414.42,85137.0
2023-09-28 03:00:00,0.2512,392.43,62557.0
2023-09-28 04:00:00,0.218,401.02,78600.0
2023-09-28 05:00:00,0.5123,390.54,43051.0
2023-09-28 06:00:00,0.4845,393.29,56017.0
2023-09-28 07:00:00,0.3053,399.78,69894.0
2023-09-28 08:00:00,0.2358,382.64,47752.0
2023-09-28 09:00:00,0.1543,382.16,101748.0
2023-09-28 10:00:00,0.4038,388.01,55031.0
2023-09-28 11:00:00,0.527,379.31,46382.0
2023-09-28 12:00:00,0.7325,375.99,33461.0
2023-09-28 13:00:00,0.671,376.67,35764.0
2023-09-28 14:00:00,0.8767,363.12,44673.0
2023-09-28 15:00:00,0.8647,359.3,44190.0
2023-09-28 16:00:00,0.3029,366.51,74961.0
2023-09-28 17:00:00,0.3608,371.76,33613.0
2023-09-28 18:00:00,1.2398,366.49,31704.0
2023-09-28 19:00:00,1.0549,362.61,32637.0
2023-09-28 20:00:00,1.5696,389.27,36177.0
2023-09-28 21:00:00,2.3006,430.26,42778.0
2023-09-28 22:00:00,3.067,417.15,44249.0
2023-09-28 23:00:00,2.4943,405.69,37969.0
2023-09-29 00:00:00,2.1426,406.59,32413.0
2023-09-29 01:00:00,2.5572,406.08,31312.0
2023-09-29 02:00:00,2.3713,402.52,25907.0
2023-09-29 03:00:00,2.3176,398.6,18327.0
2023-09-29 04:00:00,2.5131,394.83,26700.0
2023-09-29 05:00:00,2.1731,430.1,26968.0
2023-09-29 06:00:00,2.1392,431.42,30351.0
2023-09-29 07:00:00,2.2535,414.73,36556.0
2023-09-29 08:00:00,1.7721,427.56,55207.0
2023-09-29 09:00:00,2.0651,418.02,46477.0
2023-09-29 10:00:00,1.678,405.73,22404.0
2023-09-29 11:00:00,1.715,425.03,35230.0
2023-09-29 12:00:00,0.8392,450.83,62096.0
2023-09-29 13:00:00,0.5481,455.11,44900.0
2023-09-29 14:00:00,0.427,455.02,29130.0
2023-09-29 15:00:00,0.4203,450.7,30061.0
2023-09-29 16:00:00,0.3731,448.84,34018.0
2023-09-29 17:00:00,0.6401,450.79,35257.0
2023-09-29 18:00:00,0.6029,444.18,40883.0
2023-09-29 19:00:00,1.3211,438.74,18904.0
2023-09-29 20:00:00,0.5911,442.45,41526.0
2023-09-29 21:00:00,1.0783,431.52,40218.0
2023-09-29 22:00:00,3.7693,436.89,14081.0
2023-09-29 23:00:00,2.4927,432.19,15526.0
2023-09-30 00:00:00,2.2508,429.66,16643.0
2023-09-30 01:00:00,2.8368,430.49,14262.0
2023-09-30 02:00:00,1.7802,419.37,15561.0
2023-09-30 03:00:00,0.9785,426.39,52748.0
2023-09-30 04:00:00,0.8692,419.95,24848.0
2023-09-30 05:00:00,1.4912,419.87,14271.0
2023-09-30 06:00:00,1.5868,426.3,18066.0
2023-09-30 07:00:00,1.8981,425.73,18319.0
2023-09-30 08:00:00,0.9816,403.83,26865.0
2023-09-30 09:00:00,0.9395,406.95,25149.0
2023-09-30 10:00:00,0.8582,398.43,32179.0
2023-09-30 11:00:00,1.5576,401.28,15901.0
2023-09-30 12:00:00,1.2247,403.23,14702.0
2023-09-30 13:00:00,1.037,404.95,23316.0
2023-09-30 14:00:00,2.1446,412.7,33879.0
2023-09-30 15:00:00,3.0141,402.57,19379.0
2023-09-30 16:00:00,2.3229,405.93,19107.0
2023-09-30 17:00:00,3.0954,402.51,24141.0
2023-09-30 18:00:00,3.3639,390.96,21593.0
2023-09-30 19:00:00,3.4828,397.32,21442.0
2023-09-30 20:00:00,2.5862,391.61,21137.0
2023-09-30 21:00:00,1.9257,393.52,25195.0
2023-09-30 22:00:00,2.5365,395.98,27527.0
2023-09-30 23:00:00,3.1876,391.91,54506.0
2023-10-01 00:00:00,2.693,387.84,76915.0
2023-10-01 01:00:00,3.5414,384.79,63763.0
2023-10-01 02:00:00,3.8009,385.87,62953.0
2023-10-01 03:00:00,3.0174,383.0,82753.0
2023-10-01 04:00:00,3.4488,386.08,76188.0
2023-10-01 05:00:00,3.7176,387.73,65536.0
2023-10-01 06:00:00,3.9485,382.08,54619.0
2023-10-01 07:00:00,3.7969,381.5,49071.0
2023-10-01 08:00:00,1.9546,378.95,80411.0
2023-10-01 09:00:00,1.516,377.98,80217.0
2023-10-01 10:00:00,2.0749,380.99,48820.0
2023-10-01 11:00:00,2.9669,373.01,61341.0
2023-10-01 12:00:00,3.2699,370.42,52611.0
2023-10-01 13:00:00,3.3502,362.53,40918.0
2023-10-01 14:00:00,3.1649,363.93,43411.0
2023-10-01 15:00:00,3.2857,364.88,42771.0
2023-10-01 16:00:00,3.4062,373.13,28570.0
2023-10-01 17:00:00,2.9282,365.11,34840.0
2023-10-01 18:00:00,2.3295,361.19,55636.0
2023-10-01 19:00:00,2.7455,368.65,38583.0
2023-10-01 20:00:00,2.828,364.59,36214.0
2023-10-01 21:00:00,3.1821,371.02,41975.0
2023-10-01 22:00:00,2.6613,365.8,53003.0
2023-10-01 23:00:00,2.2376,365.27,46575.0
2023-10-02 00:00:00,2.5048,364.15,43033.0
2023-10-02 01:00:00,3.2185,359.52,36545.0
2023-10-02 02:00:00,3.6894,358.82,23433.0
2023-10-02 03:00:00,3.8546,357.47,29156.0
2023-10-02 04:00:00,3.5124,352.01,34353.0
2023-10-02 05:00:00,3.3046,350.57,37214.0
2023-10-02 06:00:00,3.1633,348.78,23960.0
2023-10-02 07:00:00,3.2738,352.85,23857.0
2023-10-02 08:00:00,3.6081,354.52,21482.0
2023-10-02 09:00:00,3.252,350.09,22704.0
2023-10-02 10:00:00,2.9839,349.87,29165.0
2023-10-02 11:00:00,3.5558,364.76,27924.0
2023-10-02 12:00:00,3.5527,371.65,41699.0
2023-10-02 13:00:00,2.8084,357.61,55634.0
2023-10-02 14:00:00,3.8098,362.75,38276.0
2023-10-02 15:00:00,3.3517,376.16,38350.0
2023-10-02 16:00:00,2.5202,363.1,45733.0
2023-10-02 17:00:00,3.5412,372.3,41475.0
2023-10-02 18:00:00,3.6396,360.93,45324.0
2023-10-02 19:00:00,3.6091,354.41,45298.0
2023-10-02 20:00:00,3.4201,353.92,42029.0
2023-10-02 21:00:00,3.4839,352.57,39996.0
2023-10-02 22:00:00,2.4562,349.93,46647.0
2023-10-02 23:00:00,3.264,351.44,35726.0
2023-10-03 00:00:00,2.6581,349.04,42966.0
2023-10-03 01:00:00,2.4307,345.88,39902.0
2023-10-03 02:00:00,2.6364,343.9,37282.0
2023-10-03 03:00:00,2.32,343.66,41836.0
2023-10-03 04:00:00,2.5145,345.49,31220.0
2023-10-03 05:00:00,2.5774,343.24,29657.0
2023-10-03 06:00:00,2.016,335.94,33146.0
2023-10-03 07:00:00,1.5041,334.26,46010.0
2023-10-03 08:00:00,1.6477,328.83,50584.0
2023-10-03 09:00:00,2.1034,328.76,37190.0
2023-10-03 10:00:00,2.648,331.34,38938.0
2023-10-03 11:00:00,5.3379,339.73,32335.0
2023-10-03 12:00:00,9.2333,351.93,24682.0
2023-10-03 13:00:00,9.2759,346.88,25985.0
2023-10-03 14:00:00,8.0358,341.33,27669.0
2023-10-03 15:00:00,5.9789,339.91,36578.0
2023-10-03 16:00:00,4.7065,335.42,42184.0
2023-10-03 17:00:00,4.6952,334.22,41104.0
2023-10-03 18:00:00,5.8117,338.5,39554.0
2023-10-03 19:00:00,2.7838,347.87,52831.0
2023-10-03 20:00:00,1.785,364.41,56917.0
2023-10-03 21:00:00,2.2488,368.83,55490.0
2023-10-03 22:00:00,3.0965,372.18,52455.0
2023-10-03 23:00:00,2.5697,374.59,50373.0
2023-10-04 00:00:00,2.0338,359.69,48023.0
2023-10-04 01:00:00,2.2987,361.01,49086.0
2023-10-04 02:00:00,1.8238,352.45,47849.0
2023-10-04 03:00:00,1.8185,345.69,43277.0
2023-10-04 04:00:00,1.8941,346.97,39030.0
2023-10-04 05:00:00,1.8369,351.03,44837.0
2023-10-04 06:00:00,2.152,363.64,48905.0
2023-10-04 07:00:00,0.9204,348.68,63565.0
2023-10-04 08:00:00,1.4994,350.43,50189.0
2023-10-04 09:00:00,1.592,350.78,47691.0
2023-10-04 10:00:00,1.2097,343.91,50053.0
2023-10-04 11:00:00,0.8646,344.0,49139.0
2023-10-04 12:00:00,1.591,351.03,49272.0
2023-10-04 13:00:00,2.1682,369.79,44785.0
2023-10-04 14:00:00,1.8081,352.99,46562.0
2023-10-04 15:00:00,1.9214,350.08,49827.0
2023-10-04 16:00:00,2.382,360.83,42200.0
2023-10-04 17:00:00,2.7705,359.84,54989.0
2023-10-04 18:00:00,2.652,380.92,48834.0
2023-10-04 19:00:00,1.3542,399.56,56529.0
2023-10-04 20:00:00,1.5649,398.01,44913.0
2023-10-04 21:00:00,3.3238,407.91,46083.0
2023-10-04 22:00:00,2.4484,409.43,57143.0
2023-10-04 23:00:00,2.4109,413.45,63738.0
2023-10-05 00:00:00,1.3804,428.07,86604.0
2023-10-05 01:00:00,1.0526,433.09,115339.0
2023-10-05 02:00:00,1.1463,429.51,119423.0
2023-10-05 03:00:00,0.923,435.21,104688.0
2023-10-05 04:00:00,0.8565,431.05,77931.0
2023-10-05 05:00:00,0.8017,432.35,85300.0
2023-10-05 06:00:00,0.7497,432.9,87190.0
2023-10-05 07:00:00,1.407,431.39,64328.0
2023-10-05 08:00:00,2.3378,430.07,45132.0
2023-10-05 09:00:00,1.3716,420.93,59791.0
2023-10-05 10:00:00,1.6994,425.25,83468.0
2023-10-05 11:00:00,1.6204,421.2,82658.0
2023-10-05 12:00:00,1.6262,419.84,100063.0
2023-10-05 13:00:00,0.9625,420.75,90334.0
2023-10-05 14:00:00,1.0491,421.22,96829.0
2023-10-05 15:00:00,1.3067,423.93,93317.0
2023-10-05 16:00:00,1.4007,426.77,72815.0
2023-10-05 17:00:00,1.4442,422.52,63075.0
2023-10-05 18:00:00,1.7466,412.67,71408.0
2023-10-05 19:00:00,1.5006,417.46,67429.0
2023-10-05 20:00:00,1.2646,436.06,53844.0
2023-10-05 21:00:00,1.9964,446.71,63877.0
2023-10-05 22:00:00,5.5147,478.2,112842.0
2023-10-05 23:00:00,7.5157,471.65,93056.0
2023-10-06 00:00:00,7.9504,453.78,84746.0
2023-10-06 01:00:00,8.9799,447.68,49794.0
2023-10-06 02:00:00,7.0172,454.59,103696.0
2023-10-06 03:00:00,7.3456,452.43,104736.0
2023-10-06 04:00:00,7.6237,450.56,92167.0
2023-10-06 05:00:00,8.9654,432.53,81811.0
2023-10-06 06:00:00,12.0058,432.0,73697.0
2023-10-06 07:00:00,11.7966,433.64,60144.0
2023-10-06 08:00:00,12.0235,427.66,44256.0
2023-10-06 09:00:00,12.4742,420.7,39963.0
2023-10-06 10:00:00,8.0075,415.18,49421.0
2023-10-06 11:00:00,7.5091,415.67,45807.0
2023-10-06 12:00:00,8.1522,414.06,40078.0
2023-10-06 13:00:00,7.8569,410.77,51859.0
2023-10-06 14:00:00,5.5491,397.0,40075.0
2023-10-06 15:00:00,5.2409,394.06,33706.0
2023-10-06 16:00:00,1.9783,403.18,12412.0
2023-10-06 17:00:00,3.2185,389.19,15161.0
2023-10-06 18:00:00,2.4008,383.9,15030.0
2023-10-06 19:00:00,1.9176,390.29,11157.0
2023-10-06 20:00:00,3.116,392.84,16263.0
2023-10-06 21:00:00,8.3147,382.84,29201.0
2023-10-06 22:00:00,3.564,389.82,12577.0
2023-10-06 23:00:00,4.0177,385.63,18805.0
2023-10-07 00:00:00,4.3876,372.21,12685.0
2023-10-07 01:00:00,4.7604,369.48,12704.0
2023-10-07 02:00:00,4.149,372.57,7593.0
2023-10-07 03:00:00,1.9109,369.36,4200.0
2023-10-07 04:00:00,1.1916,365.94,6827.0
2023-10-07 05:00:00,3.1421,367.53,11508.0
2023-10-07 06:00:00,3.785,369.22,16834.0
2023-10-07 07:00:00,4.4905,365.66,17539.0
2023-10-07 08:00:00,1.9455,363.2,19166.0
2023-10-07 09:00:00,1.5632,361.65,16675.0
2023-10-07 10:00:00,1.332,360.17,17587.0
2023-10-07 11:00:00,2.1655,350.87,27288.0
2023-10-07 12:00:00,1.1474,346.49,20075.0
2023-10-07 13:00:00,1.4771,348.29,21611.0
2023-10-07 14:00:00,1.2355,339.67,21225.0
2023-10-07 15:00:00,1.356,339.03,17902.0
2023-10-07 16:00:00,2.3347,336.59,23055.0
2023-10-07 17:00:00,2.3505,326.19,25354.0
2023-10-07 18:00:00,1.2861,318.83,25628.0
2023-10-07 19:00:00,0.8401,314.18,19060.0
2023-10-07 20:00:00,0.9404,314.35,14103.0
2023-10-07 21:00:00,1.5232,319.38,17368.0
2023-10-07 22:00:00,1.8072,320.81,18630.0
2023-10-07 23:00:00,1.58,313.1,13372.0
2023-10-08 00:00:00,1.6115,309.87,12669.0
2023-10-08 01:00:00,2.386,311.87,20925.0
2023-10-08 02:00:00,2.7826,314.93,21111.0
2023-10-08 03:00:00,2.7895,316.92,17359.0
2023-10-08 04:00:00,3.3255,323.59,24977.0
2023-10-08 05:00:00,3.3445,323.49,31285.0
2023-10-08 06:00:00,1.6486,323.91,31128.0
2023-10-08 07:00:00,1.4853,328.49,39367.0
2023-10-08 08:00:00,1.253,335.71,49947.0
2023-10-08 09:00:00,1.5297,330.43,40164.0
2023-10-08 10:00:00,5.4859,324.1,33759.0
2023-10-08 11:00:00,4.8894,319.03,34928.0
2023-10-08 12:00:00,4.2341,311.92,29786.0
2023-10-08 13:00:00,4.3481,305.9,28281.0
2023-10-08 14:00:00,6.169,305.06,21361.0
2023-10-08 15:00:00,6.3763,299.35,18755.0
2023-10-08 16:00:00,5.3383,298.09,39367.0
2023-10-08 17:00:00,6.0149,304.82,42310.0
2023-10-08 18:00:00,7.6108,310.39,49003.0
2023-10-08 19:00:00,10.1813,325.27,29403.0
2023-10-08 20:00:00,6.4658,327.44,31562.0
2023-10-08 21:00:00,8.7188,322.14,24714.0
2023-10-08 22:00:00,9.1666,315.75,21980.0
2023-10-08 23:00:00,7.9437,320.67,19341.0
2023-10-09 00:00:00,8.9727,314.07,17031.0
2023-10-09 01:00:00,8.5736,313.21,15449.0
2023-10-09 02:00:00,9.9679,311.77,15871.0
2023-10-09 03:00:00,9.7314,313.46,18620.0
2023-10-09 04:00:00,9.5837,317.44,27106.0
2023-10-09 05:00:00,9.0768,320.93,28747.0
2023-10-09 06:00:00,6.0252,315.01,33017.0
2023-10-09 07:00:00,6.5234,326.89,29064.0
2023-10-09 08:00:00,5.161,321.6,28239.0
2023-10-09 09:00:00,5.1515,325.51,29120.0
2023-10-09 10:00:00,4.3532,338.5,35294.0
2023-10-09 11:00:00,3.3049,337.63,40928.0
2023-10-09 12:00:00,2.5144,337.47,40958.0
2023-10-09 13:00:00,2.87,342.28,35653.0
2023-10-09 14:00:00,1.8643,342.96,45441.0
2023-10-09 15:00:00,2.3564,345.37,42714.0
2023-10-09 16:00:00,2.2878,347.3,43292.0
2023-10-09 17:00:00,1.2294,346.18,48767.0
2023-10-09 18:00:00,2.3865,344.83,42321.0
2023-10-09 19:00:00,1.8177,348.76,45567.0
2023-10-09 20:00:00,1.8475,348.95,41687.0
2023-10-09 21:00:00,1.5608,350.56,42469.0
2023-10-09 22:00:00,1.9542,350.69,42877.0
2023-10-09 23:00:00,1.9126,350.04,45851.0
2023-10-10 00:00:00,1.5136,347.37,58251.0
2023-10-10 01:00:00,1.3188,338.74,54802.0
2023-10-10 02:00:00,1.5955,340.62,40294.0
2023-10-10 03:00:00,1.5629,351.19,51159.0
2023-10-10 04:00:00,1.6298,346.54,51001.0
2023-10-10 05:00:00,1.67,345.14,58440.0
2023-10-10 06:00:00,0.9631,347.68,58667.0
2023-10-10 07:00:00,0.9369,332.33,52639.0
2023-10-10 08:00:00,0.6896,322.28,35673.0
2023-10-10 09:00:00,0.5193,318.54,38890.0
2023-10-10 10:00:00,0.4382,315.22,29712.0
2023-10-10 11:00:00,0.4156,309.9,36302.0
2023-10-10 12:00:00,0.2757,309.77,46691.0
2023-10-10 13:00:00,0.4089,296.68,34362.0
2023-10-10 14:00:00,0.4157,301.47,37601.0
2023-10-10 15:00:00,0.6737,291.64,15480.0
2023-10-10 16:00:00,0.7534,291.11,16182.0
2023-10-10 17:00:00,0.5758,283.46,18206.0
2023-10-10 18:00:00,0.3621,279.08,27117.0
2023-10-10 19:00:00,0.3386,278.82,24552.0
2023-10-10 20:00:00,0.3275,279.85,25683.0
2023-10-10 21:00:00,0.3111,284.17,26960.0
2023-10-10 22:00:00,0.2747,283.21,30574.0
2023-10-10 23:00:00,0.2584,283.67,38543.0
2023-10-11 00:00:00,0.3206,289.57,63136.0
2023-10-11 01:00:00,0.664,286.84,50501.0
2023-10-11 02:00:00,1.2776,283.58,38611.0
2023-10-11 03:00:00,1.2821,281.02,30660.0
2023-10-11 04:00:00,0.836,277.25,30881.0
2023-10-11 05:00:00,0.5313,274.33,32379.0
2023-10-11 06:00:00,1.2081,278.49,25486.0
2023-10-11 07:00:00,1.3478,279.41,20604.0
2023-10-11 08:00:00,1.2638,278.62,18907.0
2023-10-11 09:00:00,1.3863,284.48,22369.0
2023-10-11 10:00:00,1.2968,289.68,23701.0
2023-10-11 11:00:00,1.1007,289.29,25934.0
2023-10-11 12:00:00,1.3799,283.54,19278.0
2023-10-11 13:00:00,1.9251,282.41,14690.0
2023-10-11 14:00:00,1.864,282.61,13016.0
2023-10-11 15:00:00,1.4231,283.46,13781.0
2023-10-11 16:00:00,1.4152,286.46,9191.0
2023-10-11 17:00:00,0.6869,289.34,8224.0
2023-10-11 18:00:00,0.4028,303.18,17740.0
2023-10-11 19:00:00,0.5523,306.43,17519.0
2023-10-11 20:00:00,0.9631,305.22,12100.0
2023-10-11 21:00:00,1.1443,307.95,13705.0
2023-10-11 22:00:00,1.1633,307.45,18231.0
2023-10-11 23:00:00,1.2575,303.18,13424.0
2023-10-12 00:00:00,1.2946,303.75,12111.0
2023-10-12 01:00:00,1.1349,305.48,20104.0
2023-10-12 02:00:00,1.0259,306.59,36592.0
2023-10-12 03:00:00,0.779,298.57,24661.0
2023-10-12 04:00:00,0.7794,297.72,21894.0
2023-10-12 05:00:00,0.8345,292.18,14012.0
2023-10-12 06:00:00,0.9307,291.79,9989.0
2023-10-12 07:00:00,1.0548,291.69,9994.0
2023-10-12 08:00:00,1.2197,288.75,9714.0
2023-10-12 09:00:00,1.1113,289.39,10873.0
2023-10-12 10:00:00,0.6793,295.83,21803.0
2023-10-12 11:00:00,0.5503,295.55,18010.0
2023-10-12 12:00:00,0.6682,299.76,12899.0
2023-10-12 13:00:00,0.7088,308.55,13891.0
2023-10-12 14:00:00,1.1271,302.38,18183.0
2023-10-12 15:00:00,0.896,311.0,15097.0
2023-10-12 16:00:00,0.8418,315.9,13679.0
2023-10-12 17:00:00,1.2456,317.6,16905.0
2023-10-12 18:00:00,1.6693,320.15,18004.0
2023-10-12 19:00:00,1.7663,308.01,19123.0
2023-10-12 20:00:00,1.46,313.97,20675.0
2023-10-12 21:00:00,1.4307,302.71,24829.0
2023-10-12 22:00:00,1.8241,310.14,30736.0
2023-10-12 23:00:00,1.7355,315.19,28362.0
2023-10-13 00:00:00,1.6453,314.22,25146.0
2023-10-13 01:00:00,2.1366,315.73,32478.0
2023-10-13 02:00:00,2.055,324.83,38796.0
2023-10-13 03:00:00,3.4289,325.59,58473.0
2023-10-13 04:00:00,4.9184,345.77,77452.0
2023-10-13 05:00:00,8.2533,359.17,61013.0
2023-10-13 06:00:00,16.5383,361.25,56331.0
2023-10-13 07:00:00,19.2277,368.05,54288.0
2023-10-13 08:00:00,16.9426,369.23,41987.0
2023-10-13 09:00:00,22.1334,365.64,44729.0
2023-10-13 10:00:00,16.344,360.0,41471.0
2023-10-13 11:00:00,10.7165,361.16,43892.0
2023-10-13 12:00:00,4.6761,393.84,172834.0
2023-10-13 13:00:00,4.0486,416.41,219423.0
2023-10-13 14:00:00,4.1531,407.85,186824.0
2023-10-13 15:00:00,4.6943,407.76,171286.0
2023-10-13 16:00:00,6.4159,423.81,187541.0
2023-10-13 17:00:00,2.9025,460.77,223415.0
2023-10-13 18:00:00,2.7384,454.13,223204.0
2023-10-13 19:00:00,3.2671,453.34,216847.0
2023-10-13 20:00:00,1.8473,401.26,163706.0
2023-10-13 21:00:00,0.9752,422.09,159333.0
2023-10-13 22:00:00,0.1076,503.61,134106.0
2023-10-13 23:00:00,0.1695,498.94,126405.0
2023-10-14 00:00:00,0.2368,501.92,97906.0
2023-10-14 01:00:00,0.1938,511.15,116655.0
2023-10-14 02:00:00,0.1916,528.11,82258.0
2023-10-14 03:00:00,0.2074,515.32,92137.0
2023-10-14 04:00:00,0.1233,514.96,122420.0
2023-10-14 05:00:00,0.1114,520.54,107514.0
2023-10-14 06:00:00,0.0998,509.08,119440.0
2023-10-14 07:00:00,0.1297,496.01,121906.0
2023-10-14 08:00:00,0.1505,483.72,94533.0
2023-10-14 09:00:00,0.2307,499.7,80250.0
2023-10-14 10:00:00,0.213,488.94,92998.0
2023-10-14 11:00:00,0.3496,494.14,73281.0
2023-10-14 12:00:00,0.1721,500.84,92167.0
2023-10-14 13:00:00,0.24,499.84,86766.0
2023-10-14 14:00:00,0.3931,499.11,64967.0
2023-10-14 15:00:00,0.1225,483.67,74646.0
2023-10-14 16:00:00,0.0982,475.95,72533.0
2023-10-14 17:00:00,0.2723,495.05,107001.0
2023-10-14 18:00:00,0.3148,494.22,104028.0
2023-10-14 19:00:00,0.3454,486.12,102894.0
2023-10-14 20:00:00,0.4207,483.78,91937.0
2023-10-14 21:00:00,0.5265,481.93,74063.0
2023-10-14 22:00:00,0.4737,473.19,67535.0
2023-10-14 23:00:00,0.4569,468.73,61523.0
2023-10-15 00:00:00,0.3693,462.24,62195.0
2023-10-15 01:00:00,0.3403,456.12,68858.0
2023-10-15 02:00:00,0.5353,455.34,51463.0
2023-10-15 03:00:00,0.4813,450.31,52665.0
2023-10-15 04:00:00,0.5406,448.23,49251.0
2023-10-15 05:00:00,0.3391,434.06,49576.0
2023-10-15 06:00:00,0.1904,420.71,74429.0
2023-10-15 07:00:00,0.5173,420.19,44463.0
2023-10-15 08:00:00,0.6915,417.06,37820.0
2023-10-15 09:00:00,0.1593,406.78,81108.0
2023-10-15 10:00:00,0.4728,416.18,44718.0
2023-10-15 11:00:00,0.547,405.24,32387.0
2023-10-15 12:00:00,0.6941,394.35,34200.0
2023-10-15 13:00:00,0.2339,393.69,68670.0
2023-10-15 14:00:00,0.1901,397.37,90446.0
2023-10-15 15:00:00,0.1734,398.09,92419.0
2023-10-15 16:00:00,0.2442,384.1,53737.0
2023-10-15 17:00:00,0.2795,385.67,51105.0
2023-10-15 18:00:00,0.1179,405.12,114382.0
2023-10-15 19:00:00,0.1289,399.74,109306.0
2023-10-15 20:00:00,0.1738,394.69,81356.0
2023-10-15 21:00:00,0.2266,384.15,46703.0
2023-10-15 22:00:00,0.3199,374.72,42584.0
2023-10-15 23:00:00,0.518,364.27,35558.0
2023-10-16 00:00:00,0.7287,370.06,25748.0
2023-10-16 01:00:00,0.5957,376.53,23675.0
2023-10-16 02:00:00,0.6287,366.89,24567.0
2023-10-16 03:00:00,0.2428,378.74,59088.0
2023-10-16 04:00:00,0.4092,376.0,44600.0
2023-10-16 05:00:00,0.383,366.64,46408.0
2023-10-16 06:00:00,0.1916,364.19,62186.0
2023-10-16 07:00:00,0.2729,350.4,48474.0
2023-10-16 08:00:00,0.2818,347.18,52660.0
2023-10-16 09:00:00,0.3175,348.1,53281.0
2023-10-16 10:00:00,0.5242,351.6,53992.0
2023-10-16 11:00:00,0.5146,352.73,55340.0
2023-10-16 12:00:00,0.5007,345.64,55257.0
2023-10-16 13:00:00,0.6698,343.56,50240.0
2023-10-16 14:00:00,0.9245,346.2,35359.0
2023-10-16 15:00:00,0.8167,338.5,32276.0
2023-10-16 16:00:00,0.6407,338.94,36628.0
2023-10-16 17:00:00,0.5063,333.81,35981.0
2023-10-16 18:00:00,0.4258,331.19,30664.0
2023-10-16 19:00:00,0.586,326.01,21077.0
2023-10-16 20:00:00,0.611,324.1,22337.0
2023-10-16 21:00:00,0.7153,324.18,20979.0
2023-10-16 22:00:00,0.8742,321.53,20294.0
2023-10-16 23:00:00,0.7375,325.05,24618.0
2023-10-17 00:00:00,0.7748,325.63,21988.0
2023-10-17 01:00:00,1.0952,316.97,18655.0
2023-10-17 02:00:00,1.1702,313.58,13393.0
2023-10-17 03:00:00,1.1884,314.2,11533.0
2023-10-17 04:00:00,1.3912,315.73,11738.0
2023-10-17 05:00:00,1.3992,312.73,9816.0
2023-10-17 06:00:00,1.4234,308.54,10866.0
2023-10-17 07:00:00,1.4939,303.02,13693.0
2023-10-17 08:00:00,1.3138,299.18,15646.0
2023-10-17 09:00:00,1.2381,298.91,18678.0
2023-10-17 10:00:00,1.4343,302.28,15501.0
2023-10-17 11:00:00,1.3131,299.12,20040.0
2023-10-17 12:00:00,1.5592,300.89,12675.0
2023-10-17 13:00:00,1.9147,297.9,12609.0
2023-10-17 14:00:00,2.3968,297.6,12274.0
2023-10-17 15:00:00,2.4918,294.72,11636.0
2023-10-17 16:00:00,2.5715,294.32,11424.0
2023-10-17 17:00:00,2.5854,293.19,10021.0
2023-10-17 18:00:00,2.7577,291.64,9345.0
2023-10-17 19:00:00,2.7652,287.17,9611.0
2023-10-17 20:00:00,2.7521,284.73,9089.0
2023-10-17 21:00:00,2.611,284.23,8636.0
2023-10-17 22:00:00,2.5877,280.8,6629.0
2023-10-17 23:00:00,2.5085,279.32,7285.0
2023-10-18 00:00:00,2.4919,278.2,7317.0
2023-10-18 01:00:00,2.354,277.96,7697.0
2023-10-18 02:00:00,5.4907,297.84,15949.0
2023-10-18 03:00:00,10.6645,319.6,33591.0
2023-10-18 04:00:00,10.4499,327.78,40596.0
2023-10-18 05:00:00,10.3018,331.65,45688.0
2023-10-18 06:00:00,8.5887,322.87,45924.0
2023-10-18 07:00:00,8.3563,323.21,38848.0
2023-10-18 08:00:00,10.8284,325.55,38789.0
2023-10-18 09:00:00,3.503,350.22,79892.0
2023-10-18 10:00:00,1.6639,356.06,79500.0
2023-10-18 11:00:00,0.6921,379.89,112140.0
2023-10-18 12:00:00,0.458,395.53,126735.0
2023-10-18 13:00:00,1.0711,406.8,122507.0
2023-10-18 14:00:00,0.8752,409.67,130560.0
2023-10-18 15:00:00,0.9318,393.4,83377.0
2023-10-18 16:00:00,2.6658,434.79,141747.0
2023-10-18 17:00:00,2.2774,419.73,106007.0
2023-10-18 18:00:00,2.2536,415.91,125970.0
2023-10-18 19:00:00,1.564,414.3,132668.0
2023-10-18 20:00:00,1.1869,408.68,117324.0
2023-10-18 21:00:00,1.3781,398.91,107697.0
2023-10-18 22:00:00,1.4909,395.07,100837.0
2023-10-18 23:00:00,1.4428,392.01,86572.0
2023-10-19 00:00:00,1.9161,388.87,95156.0
2023-10-19 01:00:00,2.7415,401.89,102454.0
2023-10-19 02:00:00,3.6154,400.08,94414.0
2023-10-19 03:00:00,3.0241,392.72,86743.0
2023-10-19 04:00:00,3.2684,386.3,83478.0
2023-10-19 05:00:00,3.2489,380.86,70629.0
2023-10-19 06:00:00,2.6589,377.74,68156.0
2023-10-19 07:00:00,2.2528,376.72,64178.0
2023-10-19 08:00:00,1.533,380.09,84571.0
2023-10-19 09:00:00,1.5922,372.29,74442.0
2023-10-19 10:00:00,1.635,366.94,62889.0
2023-10-19 11:00:00,1.6333,364.88,59950.0
2023-10-19 12:00:00,1.5632,362.66,59624.0
2023-10-19 13:00:00,1.8701,357.66,47481.0
2023-10-19 14:00:00,1.5208,349.25,47256.0
2023-10-19 15:00:00,1.762,350.54,49218.0
2023-10-19 16:00:00,1.9538,346.84,48485.0
2023-10-19 17:00:00,1.6247,342.67,47630.0
2023-10-19 18:00:00,1.6163,335.6,46571.0
2023-10-19 19:00:00,1.6202,332.08,48143.0
2023-10-19 20:00:00,1.5473,329.69,38308.0
2023-10-19 21:00:00,1.3746,325.54,39057.0
2023-10-19 22:00:00,2.1719,319.76,46211.0
2023-10-19 23:00:00,2.1399,323.26,42684.0
2023-10-20 00:00:00,2.6874,326.41,35268.0
2023-10-20 01:00:00,2.392,333.99,42650.0
2023-10-20 02:00:00,2.6718,333.92,40073.0
2023-10-20 03:00:00,1.6843,331.76,40068.0
2023-10-20 04:00:00,1.6289,342.5,46486.0
2023-10-20 05:00:00,2.514,353.74,42247.0
2023-10-20 06:00:00,2.135,351.97,33829.0
2023-10-20 07:00:00,4.0676,354.3,28676.0
2023-10-20 08:00:00,6.549,371.66,26729.0
2023-10-20 09:00:00,8.2806,371.77,21147.0
2023-10-20 10:00:00,9.2702,370.96,16420.0
2023-10-20 11:00:00,6.2679,368.7,17497.0
2023-10-20 12:00:00,4.5876,367.45,16836.0
2023-10-20 13:00:00,4.2026,364.5,20660.0
2023-10-20 14:00:00,2.7167,361.55,25150.0
2023-10-20 15:00:00,2.0445,359.04,25443.0
2023-10-20 16:00:00,1.442,357.61,37016.0
2023-10-20 17:00:00,0.9598,352.19,35975.0
2023-10-20 18:00:00,0.9724,346.82,26179.0
2023-10-20 19:00:00,0.8303,338.14,22637.0
2023-10-20 20:00:00,0.8672,335.64,19414.0
2023-10-20 21:00:00,1.0739,329.74,14510.0
2023-10-20 22:00:00,1.4929,323.91,10394.0
2023-10-20 23:00:00,2.1393,324.17,13958.0
2023-10-21 00:00:00,2.9923,320.35,15178.0
2023-10-21 01:00:00,3.5485,324.03,19341.0
2023-10-21 02:00:00,4.5194,335.3,28759.0
2023-10-21 03:00:00,5.9285,344.42,36175.0
2023-10-21 04:00:00,5.9033,336.46,32133.0
2023-10-21 05:00:00,5.3424,326.29,28122.0
2023-10-21 06:00:00,4.9989,324.34,25739.0
2023-10-21 07:00:00,4.5414,312.93,23986.0
2023-10-21 08:00:00,4.207,306.13,16045.0
2023-10-21 09:00:00,4.4816,305.53,15237.0
2023-10-21 10:00:00,3.6603,301.7,13994.0
2023-10-21 11:00:00,4.4552,301.0,16931.0
2023-10-21 12:00:00,4.7535,298.15,17005.0
2023-10-21 13:00:00,3.5146,300.21,20058.0
2023-10-21 14:00:00,4.3411,296.83,17638.0
2023-10-21 15:00:00,2.5495,301.45,22583.0
2023-10-21 16:00:00,3.6776,294.02,14995.0
2023-10-21 17:00:00,2.8115,292.42,17328.0
2023-10-21 18:00:00,2.7545,290.82,24017.0
2023-10-21 19:00:00,3.0511,288.57,18261.0
2023-10-21 20:00:00,3.077,289.65,17250.0
2023-10-21 21:00:00,2.2301,296.73,28972.0
2023-10-21 22:00:00,1.3428,297.7,40628.0
2023-10-21 23:00:00,1.2765,294.19,38460.0
2023-10-22 00:00:00,1.4915,284.16,33465.0
2023-10-22 01:00:00,1.028,296.14,41116.0
2023-10-22 02:00:00,1.0618,313.15,54552.0
2023-10-22 03:00:00,2.0176,289.83,35957.0
2023-10-22 04:00:00,2.9297,299.06,50995.0
2023-10-22 05:00:00,2.9054,292.33,54987.0
2023-10-22 06:00:00,3.1827,295.19,45912.0
2023-10-22 07:00:00,3.2285,296.07,40793.0
2023-10-22 08:00:00,4.3647,305.29,38026.0
2023-10-22 09:00:00,4.5142,310.34,40491.0
2023-10-22 10:00:00,4.5805,309.72,29895.0
2023-10-22 11:00:00,4.7774,319.13,35223.0
2023-10-22 12:00:00,3.1543,312.45,57502.0
2023-10-22 13:00:00,2.8421,300.16,57322.0
2023-10-22 14:00:00,3.9482,310.92,51203.0
2023-10-22 15:00:00,4.7473,328.11,48114.0
2023-10-22 16:00:00,6.1185,342.81,44625.0
2023-10-22 17:00:00,2.7537,341.68,47138.0
2023-10-22 18:00:00,2.7721,344.59,51136.0
2023-10-22 19:00:00,2.8104,348.15,56151.0
2023-10-22 20:00:00,2.5916,348.0,46197.0
2023-10-22 21:00:00,2.6627,355.93,53232.0
2023-10-22 22:00:00,2.6628,349.12,54040.0
2023-10-22 23:00:00,2.6824,348.01,49175.0
2023-10-23 00:00:00,2.7142,349.49,53053.0
2023-10-23 01:00:00,2.7284,350.53,51489.0
2023-10-23 02:00:00,2.6961,351.45,49581.0
2023-10-23 03:00:00,2.4139,347.56,43885.0
2023-10-23 04:00:00,2.1474,347.36,48547.0
2023-10-23 05:00:00,1.8295,339.31,42039.0
2023-10-23 06:00:00,3.6094,355.41,29276.0
2023-10-23 07:00:00,2.9029,351.8,32812.0
2023-10-23 08:00:00,3.2217,361.69,27762.0
2023-10-23 09:00:00,3.7793,356.35,27914.0
2023-10-23 10:00:00,2.8559,348.13,37343.0
2023-10-23 11:00:00,1.8023,353.77,82190.0
2023-10-23 12:00:00,2.477,352.14,72745.0
2023-10-23 13:00:00,1.2102,356.95,123472.0
2023-10-23 14:00:00,2.0375,360.57,97131.0
2023-10-23 15:00:00,2.3658,350.71,41985.0
2023-10-23 16:00:00,3.2306,363.59,45277.0
2023-10-23 17:00:00,3.7253,370.38,39235.0
2023-10-23 18:00:00,3.2386,358.79,34785.0
2023-10-23 19:00:00,3.8284,365.16,32911.0
2023-10-23 20:00:00,3.1161,358.85,36796.0
2023-10-23 21:00:00,2.7293,356.39,37905.0
2023-10-23 22:00:00,2.2119,357.1,47396.0
2023-10-23 23:00:00,1.8759,358.78,62435.0
2023-10-24 00:00:00,2.7812,372.32,57608.0
2023-10-24 01:00:00,2.0787,369.77,78313.0
2023-10-24 02:00:00,1.7198,366.63,68849.0
2023-10-24 03:00:00,1.8008,379.3,100570.0
2023-10-24 04:00:00,1.326,378.68,132578.0
2023-10-24 05:00:00,1.493,378.77,158632.0
2023-10-24 06:00:00,1.4263,374.82,156687.0
2023-10-24 07:00:00,1.7109,374.24,96019.0
2023-10-24 08:00:00,2.0992,373.31,74951.0
2023-10-24 09:00:00,1.6472,367.62,75129.0
2023-10-24 10:00:00,2.5799,377.92,37461.0
2023-10-24 11:00:00,1.4469,368.57,82380.0
2023-10-24 12:00:00,1.1883,371.86,86686.0
2023-10-24 13:00:00,2.2226,351.16,58722.0
2023-10-24 14:00:00,3.2805,355.7,35007.0
2023-10-24 15:00:00,3.1358,358.32,41157.0
2023-10-24 16:00:00,3.4084,361.38,34330.0
2023-10-24 17:00:00,2.4638,352.78,47295.0
2023-10-24 18:00:00,1.4221,352.28,65251.0
2023-10-24 19:00:00,1.1941,326.24,92488.0
2023-10-24 20:00:00,1.3341,344.38,72652.0
2023-10-24 21:00:00,1.5553,347.38,49181.0
2023-10-24 22:00:00,2.6731,341.48,40412.0
2023-10-24 23:00:00,2.6701,334.89,33490.0
2023-10-25 00:00:00,2.2841,334.53,35977.0
2023-10-25 01:00:00,2.3906,335.1,37001.0
2023-10-25 02:00:00,2.901,330.85,30982.0
2023-10-25 03:00:00,2.7352,329.99,29360.0
2023-10-25 04:00:00,2.8135,326.17,22615.0
2023-10-25 05:00:00,2.2385,326.77,18805.0
2023-10-25 06:00:00,2.546,324.46,19589.0
2023-10-25 07:00:00,2.4222,323.07,19115.0
2023-10-25 08:00:00,2.3019,322.85,18434.0
2023-10-25 09:00:00,2.4288,322.01,14874.0
2023-10-25 10:00:00,2.8073,320.46,21516.0
2023-10-25 11:00:00,2.5548,298.12,24483.0
2023-10-25 12:00:00,3.07,303.88,24771.0
2023-10-25 13:00:00,3.6797,309.76,16240.0
2023-10-25 14:00:00,4.871,308.0,18554.0
2023-10-25 15:00:00,5.4468,311.11,22932.0
2023-10-25 16:00:00,6.1754,313.59,25838.0
2023-10-25 17:00:00,7.3964,321.44,33825.0
2023-10-25 18:00:00,7.6628,321.09,28351.0
2023-10-25 19:00:00,6.1781,307.84,12800.0
2023-10-25 20:00:00,5.6236,328.75,27760.0
2023-10-25 21:00:00,4.4773,332.0,33988.0
2023-10-25 22:00:00,5.373,336.66,36537.0
2023-10-25 23:00:00,5.4383,339.46,42376.0
2023-10-26 00:00:00,5.8801,337.2,44056.0
2023-10-26 01:00:00,5.175,347.26,39400.0
2023-10-26 02:00:00,7.5874,354.31,34911.0
2023-10-26 03:00:00,14.0565,364.73,34002.0
2023-10-26 04:00:00,7.7792,366.76,73222.0
2023-10-26 05:00:00,8.8191,370.84,63609.0
2023-10-26 06:00:00,7.5876,374.77,64041.0
2023-10-26 07:00:00,9.1496,370.48,51864.0
2023-10-26 08:00:00,8.5589,377.27,49371.0
2023-10-26 09:00:00,9.6615,381.14,43283.0
2023-10-26 10:00:00,7.9962,380.26,69380.0
2023-10-26 11:00:00,4.2855,395.54,92840.0
2023-10-26 12:00:00,4.6689,406.92,75237.0
2023-10-26 13:00:00,3.736,449.05,156711.0
2023-10-26 14:00:00,2.3919,481.74,276004.0
2023-10-26 15:00:00,2.5411,477.69,243339.0
2023-10-26 16:00:00,2.0361,476.83,256894.0
2023-10-26 17:00:00,1.6933,537.98,335699.0
2023-10-26 18:00:00,1.5917,540.67,344436.0
2023-10-26 19:00:00,2.2648,568.86,350734.0
2023-10-26 20:00:00,1.2978,523.45,331526.0
2023-10-26 21:00:00,1.528,486.4,215203.0
2023-10-26 22:00:00,1.4388,507.33,295268.0
2023-10-26 23:00:00,1.9065,493.3,252205.0
2023-10-27 00:00:00,-999.9,-999.9,-1000.0
2023-10-27 01:00:00,1.9595,471.22,179652.0
2023-10-27 02:00:00,2.111,464.64,176872.0
2023-10-27 03:00:00,1.7151,465.42,169271.0
2023-10-27 04:00:00,1.8935,447.36,108758.0
2023-10-27 05:00:00,1.7008,446.31,101833.0
2023-10-27 06:00:00,1.6725,446.77,121428.0
2023-10-27 07:00:00,1.5702,436.07,119137.0
2023-10-27 08:00:00,1.6608,423.26,105986.0
2023-10-27 09:00:00,1.778,423.45,99696.0
2023-10-27 10:00:00,3.1766,425.0,44756.0
2023-10-27 11:00:00,3.3336,425.71,41425.0
2023-10-27 12:00:00,2.6528,406.91,58086.0
2023-10-27 13:00:00,3.1608,398.48,59825.0
2023-10-27 14:00:00,3.0171,390.66,59194.0
2023-10-27 15:00:00,3.5833,384.48,41570.0
2023-10-27 16:00:00,4.1698,380.21,39607.0
2023-10-27 17:00:00,4.6098,377.03,49130.0
2023-10-27 18:00:00,5.0774,375.36,52996.0
2023-10-27 19:00:00,6.0819,374.96,31603.0
2023-10-27 20:00:00,5.5765,363.48,39752.0
2023-10-27 21:00:00,7.2207,363.02,27128.0
2023-10-27 22:00:00,7.5234,355.46,27654.0
2023-10-27 23:00:00,6.4044,348.49,36706.0
2023-10-28 00:00:00,6.7154,345.24,38778.0
2023-10-28 01:00:00,5.8563,354.25,51614.0
2023-10-28 02:00:00,7.3396,355.95,30814.0
2023-10-28 03:00:00,9.4776,363.13,41570.0
2023-10-28 04:00:00,13.4739,386.47,42898.0
2023-10-28 05:00:00,10.0295,387.8,48890.0
2023-10-28 06:00:00,11.0755,418.12,110129.0
2023-10-28 07:00:00,6.3849,451.15,161860.0
2023-10-28 08:00:00,5.6094,454.33,133186.0
2023-10-28 09:00:00,5.6906,450.62,132971.0
2023-10-28 10:00:00,5.9944,464.78,187034.0
2023-10-28 11:00:00,4.7107,456.55,160875.0
2023-10-28 12:00:00,3.667,447.37,86403.0
2023-10-28 13:00:00,5.8599,439.35,103498.0
2023-10-28 14:00:00,6.5117,441.25,110683.0
2023-10-28 15:00:00,3.2443,489.39,187418.0
2023-10-28 16:00:00,2.9846,509.01,209928.0
2023-10-28 17:00:00,3.214,507.98,169188.0
2023-10-28 18:00:00,2.0777,518.86,220072.0
2023-10-28 19:00:00,1.9526,508.03,203878.0
2023-10-28 20:00:00,2.732,501.38,193057.0
2023-10-28 21:00:00,3.0571,516.74,172133.0
2023-10-28 22:00:00,3.7329,524.45,177295.0
2023-10-28 23:00:00,2.9618,553.72,218223.0
2023-10-29 00:00:00,2.9718,565.49,224329.0
2023-10-29 01:00:00,2.1244,567.98,183694.0
2023-10-29 02:00:00,2.2423,570.55,155522.0
2023-10-29 03:00:00,2.6069,568.09,125846.0
2023-10-29 04:00:00,1.9956,578.76,167906.0
2023-10-29 05:00:00,1.1982,597.17,201287.0
2023-10-29 06:00:00,2.1879,608.92,225622.0
2023-10-29 07:00:00,3.3167,628.58,203743.0
2023-10-29 08:00:00,3.136,611.73,168164.0
2023-10-29 09:00:00,2.5177,602.0,162218.0
2023-10-29 10:00:00,2.5126,633.01,157203.0
2023-10-29 11:00:00,2.2965,595.83,135625.0
2023-10-29 12:00:00,1.8156,596.3,136208.0
2023-10-29 13:00:00,2.1053,587.87,106526.0
2023-10-29 14:00:00,1.7809,596.65,114001.0
2023-10-29 15:00:00,1.7005,588.06,111371.0
2023-10-29 16:00:00,1.2026,581.77,113531.0
2023-10-29 17:00:00,1.6176,585.06,107882.0
2023-10-29 18:00:00,1.6373,585.61,121208.0
2023-10-29 19:00:00,1.6713,577.37,126859.0
2023-10-29 20:00:00,1.7715,589.81,126520.0
2023-10-29 21:00:00,1.9112,579.81,107721.0
2023-10-29 22:00:00,1.8391,578.26,99335.0
2023-10-29 23:00:00,1.8354,576.37,101323.0
2023-10-30 00:00:00,1.9652,577.28,87272.0
2023-10-30 01:00:00,1.863,562.39,84067.0
2023-10-30 02:00:00,1.5378,555.96,124260.0
2023-10-30 03:00:00,0.863,574.65,124504.0
2023-10-30 04:00:00,0.4973,573.09,175110.0
2023-10-30 05:00:00,0.6842,573.41,100524.0
2023-10-30 06:00:00,0.9639,559.63,127140.0
2023-10-30 07:00:00,0.6202,560.49,159306.0
2023-10-30 08:00:00,1.3425,540.08,104232.0
2023-10-30 09:00:00,1.031,549.68,143575.0
2023-10-30 10:00:00,1.7154,538.81,82977.0
2023-10-30 11:00:00,1.7866,519.4,85926.0
2023-10-30 12:00:00,2.1303,549.4,75999.0
2023-10-30 13:00:00,1.2274,542.63,100946.0
2023-10-30 14:00:00,0.821,547.04,86648.0
2023-10-30 15:00:00,1.2856,552.11,93750.0
2023-10-30 16:00:00,1.8717,543.87,116003.0
2023-10-30 17:00:00,1.8173,535.27,128051.0
2023-10-30 18:00:00,2.0137,532.31,124039.0
2023-10-30 19:00:00,1.9403,533.58,119138.0
2023-10-30 20:00:00,1.8569,530.85,113371.0
2023-10-30 21:00:00,1.874,522.48,104411.0
2023-10-30 22:00:00,2.3755,519.73,103952.0
2023-10-30 23:00:00,2.5983,514.31,99208.0
2023-10-31 00:00:00,2.8916,507.44,87380.0
2023-10-31 01:00:00,2.5501,513.55,89946.0
2023-10-31 02:00:00,2.5278,530.04,74778.0
2023-10-31 03:00:00,2.1931,512.0,73098.0
2023-10-31 04:00:00,1.9427,506.57,88322.0
2023-10-31 05:00:00,2.0057,494.32,102939.0
2023-10-31 06:00:00,1.8677,498.35,94600.0
2023-10-31 07:00:00,2.9199,490.53,80579.0
2023-10-31 08:00:00,2.5618,486.7,70711.0
2023-10-31 09:00:00,2.5085,481.53,61609.0
2023-10-31 10:00:00,2.317,484.47,62332.0
2023-10-31 11:00:00,1.9995,485.58,72808.0
2023-10-31 12:00:00,1.699,490.62,92501.0
2023-10-31 13:00:00,-999.9,-999.9,-1000.0
2023-10-31 14:00:00,-999.9,-999.9,-1000.0
2023-10-31 15:00:00,0.832,493.39,69835.0
2023-10-31 16:00:00,1.2649,486.03,75656.0
2023-10-31 17:00:00,1.5425,479.09,83329.0
2023-10-31 18:00:00,2.0214,481.68,81255.0
2023-10-31 19:00:00,1.8011,490.2,64891.0
2023-10-31 20:00:00,1.9658,474.37,71421.0
2023-10-31 21:00:00,1.8609,480.2,90951.0
2023-10-31 22:00:00,2.1092,477.04,68015.0
2023-10-31 23:00:00,2.0434,468.93,75128.0
2023-11-01 00:00:00,2.1633,459.84,82719.0
2023-11-01 01:00:00,1.983,469.55,66768.0
2023-11-01 02:00:00,2.2089,468.41,70034.0
2023-11-01 03:00:00,1.2993,477.25,67007.0
2023-11-01 04:00:00,1.1368,474.08,59425.0
2023-11-01 05:00:00,2.086,459.72,54024.0
2023-11-01 06:00:00,2.0176,469.89,44442.0
2023-11-01 07:00:00,2.0343,455.42,57115.0
2023-11-01 08:00:00,1.8043,451.53,60740.0
2023-11-01 09:00:00,1.8309,441.27,71252.0
2023-11-01 10:00:00,1.9693,441.79,61557.0
2023-11-01 11:00:00,2.2657,438.59,78987.0
2023-11-01 12:00:00,2.1308,439.11,59033.0
2023-11-01 13:00:00,1.9587,448.57,51888.0
2023-11-01 14:00:00,1.5804,453.33,65100.0
2023-11-01 15:00:00,2.0518,446.04,75733.0
2023-11-01 16:00:00,1.8916,455.47,59774.0
2023-11-01 17:00:00,1.9671,447.9,66902.0
2023-11-01 18:00:00,1.7121,449.97,60343.0
2023-11-01 19:00:00,2.3881,445.74,60540.0
2023-11-01 20:00:00,2.3094,442.76,65118.0
2023-11-01 21:00:00,2.5682,445.39,61499.0
2023-11-01 22:00:00,2.6221,444.2,54004.0
2023-11-01 23:00:00,2.458,442.88,54935.0
2023-11-02 00:00:00,2.3565,435.03,64511.0
2023-11-02 01:00:00,2.7528,435.53,53937.0
2023-11-02 02:00:00,2.6955,427.62,63630.0
2023-11-02 03:00:00,2.3036,425.66,67758.0
2023-11-02 04:00:00,2.2452,427.74,65571.0
2023-11-02 05:00:00,2.5529,425.52,65985.0
2023-11-02 06:00:00,2.0355,424.01,64398.0
2023-11-02 07:00:00,2.4247,426.15,61002.0
2023-11-02 08:00:00,2.2041,424.08,62852.0
2023-11-02 09:00:00,2.291,412.26,66646.0
2023-11-02 10:00:00,1.981,409.77,68853.0
2023-11-02 11:00:00,2.1514,417.07,48961.0
2023-11-02 12:00:00,2.3081,405.24,66421.0
2023-11-02 13:00:00,2.3593,398.01,72868.0
2023-11-02 14:00:00,2.3188,397.25,66272.0
2023-11-02 15:00:00,2.5161,401.89,49896.0
2023-11-02 16:00:00,2.3301,397.54,52288.0
2023-11-02 17:00:00,2.8042,392.83,53491.0
2023-11-02 18:00:00,2.7221,389.67,58921.0
2023-11-02 19:00:00,2.6096,384.75,56183.0
2023-11-02 20:00:00,2.6693,382.15,53721.0
2023-11-02 21:00:00,2.8867,377.86,50443.0
2023-11-02 22:00:00,2.7927,376.76,46881.0
2023-11-02 23:00:00,2.8964,370.99,55245.0
2023-11-03 00:00:00,2.8377,369.18,49195.0
2023-11-03 01:00:00,3.0012,367.32,47208.0
2023-11-03 02:00:00,2.957,364.96,48793.0
2023-11-03 03:00:00,2.9576,362.79,43830.0
2023-11-03 04:00:00,3.0608,364.32,29306.0
2023-11-03 05:00:00,2.1088,361.11,40901.0
2023-11-03 06:00:00,2.8715,357.4,32934.0
2023-11-03 07:00:00,3.4106,355.26,25016.0
2023-11-03 08:00:00,3.055,350.41,30550.0
2023-11-03 09:00:00,3.138,348.61,31152.0
2023-11-03 10:00:00,2.8348,347.38,35579.0
2023-11-03 11:00:00,2.8261,346.84,30813.0
2023-11-03 12:00:00,1.827,348.06,31933.0
2023-11-03 13:00:00,1.6066,350.26,24111.0
2023-11-03 14:00:00,1.8808,347.37,29187.0
2023-11-03 15:00:00,2.9226,345.92,27180.0
2023-11-03 16:00:00,1.6819,340.88,37366.0
2023-11-03 17:00:00,1.9937,336.56,46364.0
2023-11-03 18:00:00,2.1939,334.02,44075.0
2023-11-03 19:00:00,2.4832,332.38,47990.0
2023-11-03 20:00:00,2.3415,331.37,53371.0
2023-11-03 21:00:00,2.1113,331.06,55132.0
2023-11-03 22:00:00,-999.9,-999.9,-1000.0
2023-11-03 23:00:00,2.0601,329.97,36518.0
2023-11-04 00:00:00,1.6628,334.06,35330.0
2023-11-04 01:00:00,1.5412,328.16,44470.0
2023-11-04 02:00:00,1.4083,329.41,35883.0
2023-11-04 03:00:00,1.9651,321.22,26839.0
2023-11-04 04:00:00,2.5462,315.26,24085.0
2023-11-04 05:00:00,2.6029,317.25,21609.0
2023-11-04 06:00:00,2.3367,316.53,25394.0
2023-11-04 07:00:00,2.9321,311.14,26803.0
2023-11-04 08:00:00,5.4008,334.22,24226.0
2023-11-04 09:00:00,4.1409,325.81,23739.0
2023-11-04 10:00:00,2.6359,318.59,48484.0
2023-11-04 11:00:00,3.9419,306.34,49580.0
2023-11-04 12:00:00,8.4524,321.65,27772.0
2023-11-04 13:00:00,13.4876,325.99,33395.0
2023-11-04 14:00:00,14.4785,333.16,38571.0
2023-11-04 15:00:00,16.7536,331.54,39006.0
2023-11-04 16:00:00,35.1105,350.65,28036.0
2023-11-04 17:00:00,33.2079,351.58,35344.0
2023-11-04 18:00:00,34.7806,341.61,38191.0
2023-11-04 19:00:00,21.8555,333.0,35042.0
2023-11-04 20:00:00,29.9539,337.04,39366.0
2023-11-04 21:00:00,26.911,335.8,27925.0
2023-11-04 22:00:00,7.8758,335.43,38053.0
2023-11-04 23:00:00,7.5098,331.19,44912.0
2023-11-05 00:00:00,6.4657,324.97,34389.0
2023-11-05 01:00:00,6.8108,335.77,59105.0
2023-11-05 02:00:00,4.9754,334.64,54631.0
2023-11-05 03:00:00,5.5757,335.24,56168.0
2023-11-05 04:00:00,8.973,333.64,49704.0
2023-11-05 05:00:00,6.4801,320.11,44792.0
2023-11-05 06:00:00,3.5298,325.49,38793.0
2023-11-05 07:00:00,3.0563,331.25,42934.0
2023-11-05 08:00:00,7.3682,386.09,138303.0
2023-11-05 09:00:00,10.4945,393.37,160022.0
2023-11-05 10:00:00,17.3436,389.79,103864.0
2023-11-05 11:00:00,21.1209,417.76,54482.0
2023-11-05 12:00:00,20.8418,499.39,114293.0
2023-11-05 13:00:00,12.385,488.8,158423.0
2023-11-05 14:00:00,17.6118,476.41,172833.0
2023-11-05 15:00:00,14.0545,479.67,187520.0
2023-11-05 16:00:00,17.8757,476.11,208511.0
2023-11-05 17:00:00,11.0495,458.25,149778.0
2023-11-05 18:00:00,8.9396,457.31,154736.0
2023-11-05 19:00:00,16.2055,469.5,169278.0
2023-11-05 20:00:00,15.7581,476.76,113279.0
2023-11-05 21:00:00,4.4959,466.91,137213.0
2023-11-05 22:00:00,4.2521,504.5,78302.0
2023-11-05 23:00:00,4.7056,438.56,180094.0
2023-11-06 00:00:00,5.6697,440.47,191969.0
2023-11-06 01:00:00,6.918,468.14,133444.0
2023-11-06 02:00:00,4.7739,453.91,202737.0
2023-11-06 03:00:00,3.2933,475.07,105712.0
2023-11-06 04:00:00,3.2581,497.16,65035.0
2023-11-06 05:00:00,7.6993,488.13,67576.0
2023-11-06 06:00:00,9.8267,536.61,95689.0
2023-11-06 07:00:00,4.5792,546.31,42209.0
2023-11-06 08:00:00,5.1238,543.17,25875.0
2023-11-06 09:00:00,3.2549,483.17,185207.0
2023-11-06 10:00:00,3.0037,425.07,181458.0
2023-11-06 11:00:00,2.5725,420.47,185751.0
2023-11-06 12:00:00,1.9001,500.36,123821.0
2023-11-06 13:00:00,2.8804,572.12,150609.0
2023-11-06 14:00:00,2.9305,588.77,178592.0
2023-11-06 15:00:00,2.8066,599.87,193743.0
2023-11-06 16:00:00,2.5555,685.04,344435.0
2023-11-06 17:00:00,2.0684,701.31,367972.0
2023-11-06 18:00:00,1.9185,723.46,463078.0
2023-11-06 19:00:00,2.1257,715.87,471739.0
2023-11-06 20:00:00,2.3741,717.14,395165.0
2023-11-06 21:00:00,2.385,713.14,294299.0
2023-11-06 22:00:00,1.8202,732.11,303601.0
2023-11-06 23:00:00,1.6864,720.73,288266.0
2023-11-07 00:00:00,1.6832,708.17,304695.0
2023-11-07 01:00:00,1.5935,698.49,274408.0
2023-11-07 02:00:00,1.5772,680.58,252148.0
2023-11-07 03:00:00,1.54,673.0,271081.0
2023-11-07 04:00:00,1.3409,686.16,243065.0
2023-11-07 05:00:00,1.4906,682.24,254602.0
2023-11-07 06:00:00,1.5628,703.86,223412.0
2023-11-07 07:00:00,1.4318,689.28,235335.0
2023-11-07 08:00:00,1.3999,696.54,240421.0
2023-11-07 09:00:00,1.3111,693.73,237230.0
2023-11-07 10:00:00,1.4411,686.08,228530.0
2023-11-07 11:00:00,1.4139,699.91,246261.0
2023-11-07 12:00:00,1.5533,692.24,254632.0
2023-11-07 13:00:00,1.6374,671.15,187067.0
2023-11-07 14:00:00,1.5441,678.82,202941.0
2023-11-07 15:00:00,1.8057,667.94,208444.0
2023-11-07 16:00:00,1.7596,688.05,291334.0
2023-11-07 17:00:00,2.0657,688.06,260979.0
2023-11-07 18:00:00,2.3277,660.55,243318.0
2023-11-07 19:00:00,2.3866,673.18,259318.0
2023-11-07 20:00:00,2.6906,656.29,227699.0
2023-11-07 21:00:00,2.8213,649.46,211016.0
2023-11-07 22:00:00,2.686,645.4,216678.0
2023-11-07 23:00:00,2.9996,662.71,254430.0
2023-11-08 00:00:00,3.6732,676.53,288828.0
2023-11-08 01:00:00,3.7752,659.45,261492.0
2023-11-08 02:00:00,3.3689,672.53,301824.0
2023-11-08 03:00:00,3.2758,693.53,357596.0
2023-11-08 04:00:00,2.7895,692.22,308063.0
2023-11-08 05:00:00,2.4984,681.06,238455.0
2023-11-08 06:00:00,2.0233,676.03,210131.0
2023-11-08 07:00:00,2.5122,687.27,215301.0
2023-11-08 08:00:00,2.1963,713.84,244715.0
2023-11-08 09:00:00,2.417,711.67,240918.0
2023-11-08 10:00:00,2.3025,715.03,233726.0
2023-11-08 11:00:00,2.3303,707.82,226310.0
2023-11-08 12:00:00,1.9812,725.35,189432.0
2023-11-08 13:00:00,2.0619,732.02,216481.0
2023-11-08 14:00:00,1.965,717.59,234165.0
2023-11-08 15:00:00,1.8264,707.91,222122.0
2023-11-08 16:00:00,1.7297,702.19,186549.0
2023-11-08 17:00:00,1.7058,708.39,202741.0
2023-11-08 18:00:00,1.4953,708.51,188638.0
2023-11-08 19:00:00,1.4537,707.05,179658.0
2023-11-08 20:00:00,1.482,690.13,187337.0
2023-11-08 21:00:00,1.5265,693.15,180786.0
2023-11-08 22:00:00,1.6532,713.72,192615.0
2023-11-08 23:00:00,1.4793,699.8,175340.0
2023-11-09 00:00:00,1.4914,691.4,203494.0
2023-11-09 01:00:00,1.502,685.62,213959.0
2023-11-09 02:00:00,1.4833,681.84,204368.0
2023-11-09 03:00:00,1.4108,675.31,185495.0
2023-11-09 04:00:00,1.5286,669.07,183407.0
2023-11-09 05:00:00,1.6955,679.76,175002.0
2023-11-09 06:00:00,1.7277,692.87,162074.0
2023-11-09 07:00:00,1.6707,677.14,116938.0
2023-11-09 08:00:00,1.5134,656.42,120342.0
2023-11-09 09:00:00,1.6689,656.55,108907.0
2023-11-09 10:00:00,2.018,671.37,146797.0
2023-11-09 11:00:00,2.1111,674.07,125761.0
2023-11-09 12:00:00,2.0049,673.62,121785.0
2023-11-09 13:00:00,1.8659,661.87,135971.0
2023-11-09 14:00:00,2.1593,672.33,155256.0
2023-11-09 15:00:00,2.0726,675.16,162922.0
2023-11-09 16:00:00,1.8464,664.99,176315.0
2023-11-09 17:00:00,1.7443,663.6,154773.0
2023-11-09 18:00:00,1.5532,668.42,146836.0
2023-11-09 19:00:00,1.8022,655.75,136473.0
2023-11-09 20:00:00,2.1043,667.76,111730.0
2023-11-09 21:00:00,2.3501,660.29,143854.0
2023-11-09 22:00:00,2.4346,672.85,124066.0
2023-11-09 23:00:00,2.1716,674.62,139478.0
2023-11-10 00:00:00,2.08,676.58,159753.0
2023-11-10 01:00:00,1.818,673.61,173243.0
2023-11-10 02:00:00,1.6465,668.32,157819.0
2023-11-10 03:00:00,1.5871,682.58,125455.0
2023-11-10 04:00:00,1.4967,663.14,123847.0
2023-11-10 05:00:00,1.3668,668.75,119347.0
2023-11-10 06:00:00,1.3213,645.41,105489.0
2023-11-10 07:00:00,1.2158,632.44,98182.0
2023-11-10 08:00:00,1.1217,585.87,115265.0
2023-11-10 09:00:00,1.1054,579.56,114019.0
2023-11-10 10:00:00,1.1227,577.95,90256.0
2023-11-10 11:00:00,1.081,566.49,85292.0
2023-11-10 12:00:00,0.9014,567.38,71368.0
2023-11-10 13:00:00,1.0164,568.34,70391.0
2023-11-10 14:00:00,1.1256,573.6,84560.0
2023-11-10 15:00:00,1.2295,577.84,77056.0
2023-11-10 16:00:00,1.2433,578.96,95423.0
2023-11-10 17:00:00,1.3263,589.15,85328.0
2023-11-10 18:00:00,1.4156,585.7,89889.0
2023-11-10 19:00:00,1.3395,578.23,98486.0
2023-11-10 20:00:00,1.2649,574.04,103735.0
2023-11-10 21:00:00,1.2699,581.05,104122.0
2023-11-10 22:00:00,1.1604,570.42,105786.0
2023-11-10 23:00:00,1.2122,560.13,101406.0
2023-11-11 00:00:00,1.2307,555.14,104128.0
2023-11-11 01:00:00,1.1806,554.46,96053.0
2023-11-11 02:00:00,1.1695,553.79,89921.0
2023-11-11 03:00:00,1.1951,545.91,99432.0
2023-11-11 04:00:00,1.0992,542.16,77846.0
2023-11-11 05:00:00,1.0315,539.81,68027.0
2023-11-11 06:00:00,1.1261,534.92,87394.0
2023-11-11 07:00:00,1.0628,532.29,79702.0
2023-11-11 08:00:00,1.0888,521.71,83960.0
2023-11-11 09:00:00,1.0582,517.61,88350.0
2023-11-11 10:00:00,1.1365,513.63,83602.0
2023-11-11 11:00:00,1.1663,507.49,94864.0
2023-11-11 12:00:00,1.1969,504.29,82619.0
2023-11-11 13:00:00,1.1655,500.51,80194.0
2023-11-11 14:00:00,1.5589,500.58,66663.0
2023-11-11 15:00:00,2.2717,502.75,37583.0
2023-11-11 16:00:00,2.5018,498.13,36664.0
2023-11-11 17:00:00,1.9075,490.74,46511.0
2023-11-11 18:00:00,1.278,494.73,38280.0
2023-11-11 19:00:00,1.7779,485.91,28462.0
2023-11-11 20:00:00,2.6034,485.85,29426.0
2023-11-11 21:00:00,3.4776,476.43,29222.0
2023-11-11 22:00:00,3.4607,465.16,36138.0
2023-11-11 23:00:00,2.8422,452.17,32733.0
2023-11-12 00:00:00,2.4861,445.11,41386.0
2023-11-12 01:00:00,2.6597,446.66,39307.0
2023-11-12 02:00:00,3.1708,454.7,29500.0
2023-11-12 03:00:00,3.5555,463.01,18777.0
2023-11-12 04:00:00,3.3942,462.14,16306.0
2023-11-12 05:00:00,4.8395,493.82,40116.0
2023-11-12 06:00:00,5.6946,546.78,80779.0
2023-11-12 07:00:00,4.9413,565.95,111752.0
2023-11-12 08:00:00,6.8241,563.17,79105.0
2023-11-12 09:00:00,10.2626,555.5,88309.0
2023-11-12 10:00:00,9.7624,535.79,91019.0
2023-11-12 11:00:00,8.3028,533.05,77583.0
2023-11-12 12:00:00,8.8577,536.37,59081.0
2023-11-12 13:00:00,8.4165,530.89,40820.0
2023-11-12 14:00:00,7.3281,536.06,30096.0
2023-11-12 15:00:00,8.1796,523.92,39532.0
2023-11-12 16:00:00,6.1596,512.76,27632.0
2023-11-12 17:00:00,6.1958,500.32,40664.0
2023-11-12 18:00:00,7.002,490.11,39040.0
2023-11-12 19:00:00,5.3996,483.9,38551.0
2023-11-12 20:00:00,6.1934,482.03,40977.0
2023-11-12 21:00:00,14.3667,471.17,41436.0
2023-11-12 22:00:00,18.6325,467.56,58000.0
2023-11-12 23:00:00,17.8425,450.26,52555.0
2023-11-13 00:00:00,17.6189,445.6,54666.0
2023-11-13 01:00:00,19.4734,442.14,47609.0
2023-11-13 02:00:00,19.8763,433.11,40234.0
2023-11-13 03:00:00,18.9627,427.93,37880.0
2023-11-13 04:00:00,16.0846,426.14,38479.0
2023-11-13 05:00:00,14.2161,425.62,31723.0
2023-11-13 06:00:00,13.1681,418.59,23854.0
2023-11-13 07:00:00,11.6339,415.72,24954.0
2023-11-13 08:00:00,14.0223,410.55,22726.0
2023-11-13 09:00:00,13.9994,407.57,20627.0
2023-11-13 10:00:00,14.986,404.73,16145.0
2023-11-13 11:00:00,20.6746,405.68,14468.0
2023-11-13 12:00:00,18.3854,402.03,15796.0
2023-11-13 13:00:00,14.0064,400.27,28927.0
2023-11-13 14:00:00,4.3043,401.9,36785.0
2023-11-13 15:00:00,2.9874,405.26,14516.0
2023-11-13 16:00:00,4.5302,428.6,9927.0
2023-11-13 17:00:00,4.3577,443.98,16687.0
2023-11-13 18:00:00,2.1946,438.38,36786.0
2023-11-13 19:00:00,2.1536,440.64,63657.0
2023-11-13 20:00:00,2.0346,437.33,50824.0
2023-11-13 21:00:00,2.064,422.87,50508.0
2023-11-13 22:00:00,2.5279,422.53,45300.0
2023-11-13 23:00:00,4.004,419.26,31459.0
2023-11-14 00:00:00,3.797,415.46,43661.0
2023-11-14 01:00:00,4.1263,409.38,33260.0
2023-11-14 02:00:00,3.6084,413.13,61521.0
2023-11-14 03:00:00,2.1913,412.05,39658.0
2023-11-14 04:00:00,1.9138,410.85,38767.0
2023-11-14 05:00:00,2.1314,408.66,46460.0
2023-11-14 06:00:00,2.7123,420.43,43950.0
2023-11-14 07:00:00,2.6251,421.68,76034.0
2023-11-14 08:00:00,2.5913,435.35,77084.0
2023-11-14 09:00:00,3.2513,411.45,38245.0
2023-11-14 10:00:00,2.2759,386.97,91973.0
2023-11-14 11:00:00,3.5155,376.16,50717.0
2023-11-14 12:00:00,4.5388,374.2,77543.0
2023-11-14 13:00:00,6.0,359.43,35105.0
2023-11-14 14:00:00,8.6069,369.23,61851.0
2023-11-14 15:00:00,7.299,376.5,57945.0
2023-11-14 16:00:00,7.8714,365.19,37765.0
2023-11-14 17:00:00,5.0359,360.54,41673.0
2023-11-14 18:00:00,6.3947,365.67,56706.0
2023-11-14 19:00:00,5.6641,368.61,58914.0
2023-11-14 20:00:00,4.4804,355.94,36871.0
2023-11-14 21:00:00,3.7862,359.79,38609.0
2023-11-14 22:00:00,2.2032,358.37,46434.0
2023-11-14 23:00:00,3.0476,374.12,35801.0
2023-11-15 00:00:00,5.9478,369.43,62727.0
2023-11-15 01:00:00,6.748,365.33,57305.0
2023-11-15 02:00:00,5.5342,368.08,69225.0
2023-11-15 03:00:00,4.5605,365.99,58851.0
2023-11-15 04:00:00,3.1445,370.77,91146.0
2023-11-15 05:00:00,1.8981,377.32,52414.0
2023-11-15 06:00:00,2.116,372.26,76666.0
2023-11-15 07:00:00,3.6668,379.96,79255.0
2023-11-15 08:00:00,3.4929,391.51,55476.0
2023-11-15 09:00:00,4.5867,389.13,61432.0
2023-11-15 10:00:00,3.7151,385.86,80314.0
2023-11-15 11:00:00,4.3187,382.15,74346.0
2023-11-15 12:00:00,4.1641,388.09,81821.0
2023-11-15 13:00:00,3.7237,389.65,93936.0
2023-11-15 14:00:00,4.0016,392.73,107573.0
2023-11-15 15:00:00,4.1939,390.44,96332.0
2023-11-15 16:00:00,4.2662,390.53,82803.0
2023-11-15 17:00:00,4.0204,392.01,83604.0
2023-11-15 18:00:00,3.9081,392.91,81675.0
2023-11-15 19:00:00,3.6615,396.24,88532.0
2023-11-15 20:00:00,3.8957,394.09,83268.0
2023-11-15 21:00:00,3.2757,388.76,78736.0
2023-11-15 22:00:00,3.2472,386.79,107902.0
2023-11-15 23:00:00,3.3212,383.36,87422.0
2023-11-16 00:00:00,3.1053,385.51,83155.0
2023-11-16 01:00:00,2.3932,402.19,80751.0
2023-11-16 02:00:00,2.5994,399.58,76865.0
2023-11-16 03:00:00,2.9118,383.45,100011.0
2023-11-16 04:00:00,2.8099,386.26,103521.0
2023-11-16 05:00:00,2.4767,399.75,91258.0
2023-11-16 06:00:00,2.7103,404.12,75397.0
2023-11-16 07:00:00,2.6625,407.96,74666.0
2023-11-16 08:00:00,2.8119,415.84,91954.0
2023-11-16 09:00:00,2.3079,408.09,109526.0
2023-11-16 10:00:00,2.3797,410.47,110739.0
2023-11-16 11:00:00,2.6448,407.54,67650.0
2023-11-16 12:00:00,2.3476,406.08,79397.0
2023-11-16 13:00:00,2.548,407.95,63161.0
2023-11-16 14:00:00,2.4156,402.06,60956.0
2023-11-16 15:00:00,2.6252,402.64,68260.0
2023-11-16 16:00:00,2.6946,394.94,66860.0
2023-11-16 17:00:00,2.7373,420.4,68828.0
2023-11-16 18:00:00,3.1055,420.89,69152.0
2023-11-16 19:00:00,2.9587,415.67,69394.0
2023-11-16 20:00:00,2.7667,400.35,54487.0
2023-11-16 21:00:00,2.7796,373.44,49307.0
2023-11-16 22:00:00,2.7419,372.0,44366.0
2023-11-16 23:00:00,2.8043,371.76,38780.0
2023-11-17 00:00:00,2.9722,373.17,42799.0
2023-11-17 01:00:00,3.0938,369.96,42544.0
2023-11-17 02:00:00,2.8462,364.87,43425.0
2023-11-17 03:00:00,3.5785,366.7,32216.0
2023-11-17 04:00:00,4.2024,371.14,28862.0
2023-11-17 05:00:00,4.5914,367.63,23868.0
2023-11-17 06:00:00,3.5669,353.71,34327.0
2023-11-17 07:00:00,2.6568,341.79,41945.0
2023-11-17 08:00:00,2.1577,337.2,45176.0
2023-11-17 09:00:00,2.0251,335.76,41818.0
2023-11-17 10:00:00,1.9055,337.54,41371.0
2023-11-17 11:00:00,2.0256,330.22,34969.0
2023-11-17 12:00:00,2.2423,322.31,66512.0
2023-11-17 13:00:00,2.4698,328.71,30272.0
2023-11-17 14:00:00,2.2462,325.61,33527.0
2023-11-17 15:00:00,2.1368,326.6,29447.0
2023-11-17 16:00:00,2.0507,322.68,26466.0
2023-11-17 17:00:00,1.8048,317.08,34969.0
2023-11-17 18:00:00,0.979,336.07,82352.0
2023-11-17 19:00:00,0.8543,342.64,86678.0
2023-11-17 20:00:00,0.7029,348.59,85666.0
2023-11-17 21:00:00,1.4339,319.44,80940.0
2023-11-17 22:00:00,1.7208,320.07,81012.0
2023-11-17 23:00:00,2.3874,312.7,53558.0
2023-11-18 00:00:00,2.3135,311.1,33758.0
2023-11-18 01:00:00,2.6476,312.06,30082.0
2023-11-18 02:00:00,3.9443,312.77,28318.0
2023-11-18 03:00:00,3.7637,310.95,26178.0
2023-11-18 04:00:00,5.5711,314.77,29423.0
2023-11-18 05:00:00,6.3847,311.0,22791.0
2023-11-18 06:00:00,6.5492,308.04,19567.0
2023-11-18 07:00:00,4.858,304.21,20201.0
2023-11-18 08:00:00,3.9495,301.56,18448.0
2023-11-18 09:00:00,3.9867,299.81,18017.0
2023-11-18 10:00:00,4.3951,304.76,20470.0
2023-11-18 11:00:00,4.0604,302.72,19895.0
2023-11-18 12:00:00,4.4193,300.93,19748.0
2023-11-18 13:00:00,4.214,299.28,18011.0
2023-11-18 14:00:00,3.6118,295.63,21792.0
2023-11-18 15:00:00,3.434,295.99,20240.0
2023-11-18 16:00:00,3.9789,305.14,24964.0
2023-11-18 17:00:00,4.0752,303.31,23400.0
2023-11-18 18:00:00,4.1264,299.9,19743.0
2023-11-18 19:00:00,4.4285,299.27,18089.0
2023-11-18 20:00:00,3.8228,297.99,22895.0
2023-11-18 21:00:00,3.8135,297.33,23551.0
2023-11-18 22:00:00,3.4822,295.16,23544.0
2023-11-18 23:00:00,2.9352,300.64,34500.0
2023-11-19 00:00:00,2.7673,303.69,40035.0
2023-11-19 01:00:00,2.7201,309.63,39736.0
2023-11-19 02:00:00,2.5609,320.59,40634.0
2023-11-19 03:00:00,3.1235,334.97,45969.0
2023-11-19 04:00:00,3.2875,334.58,44524.0
2023-11-19 05:00:00,3.1289,343.83,46749.0
2023-11-19 06:00:00,2.9318,342.08,47564.0
2023-11-19 07:00:00,2.9469,337.27,57736.0
2023-11-19 08:00:00,3.162,337.69,49452.0
2023-11-19 09:00:00,3.4383,344.47,45238.0
2023-11-19 10:00:00,3.3415,343.1,43084.0
2023-11-19 11:00:00,3.4506,343.38,47389.0
2023-11-19 12:00:00,3.5763,345.09,43555.0
2023-11-19 13:00:00,4.2019,351.97,40548.0
2023-11-19 14:00:00,4.9585,353.62,33883.0
2023-11-19 15:00:00,5.0264,349.53,34931.0
2023-11-19 16:00:00,4.4152,342.34,36763.0
2023-11-19 17:00:00,4.2972,335.82,49273.0
2023-11-19 18:00:00,4.5474,336.93,48093.0
2023-11-19 19:00:00,3.6421,332.73,40737.0
2023-11-19 20:00:00,4.9097,329.78,30967.0
2023-11-19 21:00:00,5.1794,327.73,27375.0
2023-11-19 22:00:00,6.8443,329.85,26457.0
2023-11-19 23:00:00,7.2368,331.35,28399.0
2023-11-20 00:00:00,4.8342,330.66,46206.0
2023-11-20 01:00:00,5.5521,340.02,58577.0
2023-11-20 02:00:00,5.1646,342.97,78922.0
2023-11-20 03:00:00,5.2273,345.1,95074.0
2023-11-20 04:00:00,5.2719,347.08,91171.0
2023-11-20 05:00:00,6.029,340.31,73257.0
2023-11-20 06:00:00,7.178,337.49,61137.0
2023-11-20 07:00:00,7.4938,333.51,62518.0
2023-11-20 08:00:00,7.5495,329.16,75555.0
2023-11-20 09:00:00,10.7415,338.5,59713.0
2023-11-20 10:00:00,12.3479,337.29,78630.0
2023-11-20 11:00:00,11.513,325.13,69172.0
2023-11-20 12:00:00,9.8906,318.34,70484.0
2023-11-20 13:00:00,10.9274,316.48,66417.0
2023-11-20 14:00:00,11.0517,304.71,52161.0
2023-11-20 15:00:00,8.694,301.93,43409.0
2023-11-20 16:00:00,8.4047,302.52,40552.0
2023-11-20 17:00:00,9.1092,299.62,35305.0
2023-11-20 18:00:00,7.8742,296.94,27787.0
2023-11-20 19:00:00,6.6066,294.06,30874.0
2023-11-20 20:00:00,5.2568,330.99,80003.0
2023-11-20 21:00:00,6.3692,319.25,60248.0
2023-11-20 22:00:00,10.711,298.7,42289.0
2023-11-20 23:00:00,11.1434,295.49,38218.0
2023-11-21 00:00:00,9.6771,297.33,27347.0
2023-11-21 01:00:00,10.6886,306.29,33926.0
2023-11-21 02:00:00,10.8127,311.9,35594.0
2023-11-21 03:00:00,8.7994,326.26,45060.0
2023-11-21 04:00:00,5.4807,330.58,53877.0
2023-11-21 05:00:00,3.713,338.53,53604.0
2023-11-21 06:00:00,4.4923,336.1,33320.0
2023-11-21 07:00:00,6.7171,346.95,46849.0
2023-11-21 08:00:00,5.4913,357.86,48441.0
2023-11-21 09:00:00,3.6267,355.41,77675.0
2023-11-21 10:00:00,5.1272,358.21,56231.0
2023-11-21 11:00:00,12.2771,371.36,81892.0
2023-11-21 12:00:00,12.0462,377.42,84895.0
2023-11-21 13:00:00,11.9683,367.81,59364.0
2023-11-21 14:00:00,14.672,362.57,37059.0
2023-11-21 15:00:00,11.6412,358.72,27834.0
2023-11-21 16:00:00,10.3252,358.14,30190.0
2023-11-21 17:00:00,10.5538,357.05,33237.0
2023-11-21 18:00:00,11.4282,364.16,43354.0
2023-11-21 19:00:00,14.7631,368.49,46303.0
2023-11-21 20:00:00,14.7076,376.85,54226.0
2023-11-21 21:00:00,14.0273,396.2,83854.0
2023-11-21 22:00:00,11.1556,417.21,147369.0
2023-11-21 23:00:00,11.5413,429.05,165617.0
2023-11-22 00:00:00,11.0638,451.8,181204.0
2023-11-22 01:00:00,8.6144,490.05,244377.0
2023-11-22 02:00:00,9.1656,539.76,281823.0
2023-11-22 03:00:00,7.8582,523.21,271058.0
2023-11-22 04:00:00,7.0342,535.96,239614.0
2023-11-22 05:00:00,6.0472,549.93,269133.0
2023-11-22 06:00:00,6.2122,532.67,273266.0
2023-11-22 07:00:00,6.0471,540.09,244155.0
2023-11-22 08:00:00,4.5999,537.84,247796.0
2023-11-22 09:00:00,3.8866,545.68,224990.0
2023-11-22 10:00:00,3.9894,563.77,229446.0
2023-11-22 11:00:00,3.3045,549.17,239661.0
2023-11-22 12:00:00,2.9484,532.08,216723.0
2023-11-22 13:00:00,4.1669,520.95,185132.0
2023-11-22 14:00:00,4.15,501.89,168207.0
2023-11-22 15:00:00,5.636,496.36,156665.0
2023-11-22 16:00:00,-999.9,-999.9,-1000.0
2023-11-22 17:00:00,3.4749,478.72,134723.0
2023-11-22 18:00:00,2.8543,499.8,132071.0
2023-11-22 19:00:00,3.2571,498.52,131204.0
2023-11-22 20:00:00,2.9028,493.74,128618.0
2023-11-22 21:00:00,2.3957,513.88,124860.0
2023-11-22 22:00:00,2.3782,522.7,109321.0
2023-11-22 23:00:00,2.2967,526.83,101846.0
2023-11-23 00:00:00,2.1964,514.66,99590.0
2023-11-23 01:00:00,1.9279,500.41,136071.0
2023-11-23 02:00:00,2.0426,496.07,128130.0
2023-11-23 03:00:00,1.9976,492.74,119953.0
2023-11-23 04:00:00,1.7194,488.98,133488.0
2023-11-23 05:00:00,1.7055,482.88,122379.0
2023-11-23 06:00:00,1.6443,484.65,114762.0
2023-11-23 07:00:00,1.7738,480.92,87571.0
2023-11-23 08:00:00,1.8418,481.53,83984.0
2023-11-23 09:00:00,1.851,476.35,87706.0
2023-11-23 10:00:00,1.8933,470.42,79221.0
2023-11-23 11:00:00,1.8269,462.99,89129.0
2023-11-23 12:00:00,2.1039,455.9,77575.0
2023-11-23 13:00:00,2.2162,427.39,63057.0
2023-11-23 14:00:00,2.1887,410.33,61034.0
2023-11-23 15:00:00,2.3002,399.25,68588.0
2023-11-23 16:00:00,2.5577,389.26,61493.0
2023-11-23 17:00:00,2.6152,384.25,61258.0
2023-11-23 18:00:00,2.7685,381.17,46252.0
2023-11-23 19:00:00,2.6857,379.47,45294.0
2023-11-23 20:00:00,2.8752,375.27,56379.0
2023-11-23 21:00:00,3.1942,374.95,72314.0
2023-11-23 22:00:00,3.3814,374.03,43561.0
2023-11-23 23:00:00,3.3895,375.4,30181.0
2023-11-24 00:00:00,3.6177,379.4,35311.0
2023-11-24 01:00:00,3.898,376.07,30113.0
2023-11-24 02:00:00,3.8507,365.32,38272.0
2023-11-24 03:00:00,3.5198,366.86,33878.0
2023-11-24 04:00:00,2.4409,361.23,42800.0
2023-11-24 05:00:00,2.2939,360.2,35256.0
2023-11-24 06:00:00,1.8744,355.8,44037.0
2023-11-24 07:00:00,2.1209,356.39,41486.0
2023-11-24 08:00:00,2.6466,354.62,46964.0
2023-11-24 09:00:00,4.4212,351.35,43963.0
2023-11-24 10:00:00,4.4915,355.49,48208.0
2023-11-24 11:00:00,3.7161,350.0,50839.0
2023-11-24 12:00:00,4.3821,344.95,45434.0
2023-11-24 13:00:00,5.6437,351.98,34317.0
2023-11-24 14:00:00,5.6338,346.82,37461.0
2023-11-24 15:00:00,5.6166,348.63,38162.0
2023-11-24 16:00:00,4.3039,352.54,48025.0
2023-11-24 17:00:00,5.2563,354.17,36345.0
2023-11-24 18:00:00,6.1323,347.85,38397.0
2023-11-24 19:00:00,6.3176,379.34,39494.0
2023-11-24 20:00:00,5.9151,389.84,51564.0
2023-11-24 21:00:00,7.7777,407.85,92904.0
2023-11-24 22:00:00,7.8596,422.37,99931.0
2023-11-24 23:00:00,6.0697,442.18,91364.0
2023-11-25 00:00:00,6.2692,455.1,121641.0
2023-11-25 01:00:00,5.5118,456.69,115712.0
2023-11-25 02:00:00,4.7829,462.44,97596.0
2023-11-25 03:00:00,4.6244,471.06,115124.0
2023-11-25 04:00:00,4.6536,467.9,109326.0
2023-11-25 05:00:00,4.6555,460.81,118242.0
2023-11-25 06:00:00,7.3015,469.75,169961.0
2023-11-25 07:00:00,7.678,474.31,198970.0
2023-11-25 08:00:00,12.2393,548.4,318731.0
2023-11-25 09:00:00,11.9001,550.12,306548.0
2023-11-25 10:00:00,10.9605,572.33,385665.0
2023-11-25 11:00:00,10.7124,557.69,322534.0
2023-11-25 12:00:00,9.8038,556.73,268457.0
2023-11-25 13:00:00,9.0653,559.23,252027.0
2023-11-25 14:00:00,7.412,552.69,233205.0
2023-11-25 15:00:00,6.0659,563.77,170400.0
2023-11-25 16:00:00,6.1321,559.35,119357.0
2023-11-25 17:00:00,6.8887,557.69,150562.0
2023-11-25 18:00:00,7.4997,562.58,134740.0
2023-11-25 19:00:00,6.7356,555.58,134772.0
2023-11-25 20:00:00,5.0173,564.01,102240.0
2023-11-25 21:00:00,2.9095,587.22,111126.0
2023-11-25 22:00:00,3.2043,576.73,101458.0
2023-11-25 23:00:00,2.959,567.86,111153.0
2023-11-26 00:00:00,2.8299,568.38,149456.0
2023-11-26 01:00:00,2.9384,562.01,128669.0
2023-11-26 02:00:00,2.8738,562.64,104603.0
2023-11-26 03:00:00,2.9526,555.91,90959.0
2023-11-26 04:00:00,2.9815,548.78,80790.0
2023-11-26 05:00:00,2.9852,558.47,72127.0
2023-11-26 06:00:00,3.0529,548.36,70414.0
2023-11-26 07:00:00,2.6998,554.54,67926.0
2023-11-26 08:00:00,2.2631,534.0,80894.0
2023-11-26 09:00:00,2.2613,515.04,81379.0
2023-11-26 10:00:00,1.8395,516.95,77141.0
2023-11-26 11:00:00,2.059,511.84,82807.0
2023-11-26 12:00:00,-999.9,-999.9,-1000.0
2023-11-26 13:00:00,2.0863,508.91,76638.0
2023-11-26 14:00:00,2.079,495.59,71483.0
2023-11-26 15:00:00,2.2182,492.52,68266.0
2023-11-26 16:00:00,1.7145,501.77,71967.0
2023-11-26 17:00:00,2.2333,497.04,76204.0
2023-11-26 18:00:00,2.5929,476.12,68148.0
2023-11-26 19:00:00,2.696,471.75,66747.0
2023-11-26 20:00:00,2.396,472.24,69442.0
2023-11-26 21:00:00,2.0646,482.54,67388.0
2023-11-26 22:00:00,2.4869,460.85,66876.0
2023-11-26 23:00:00,1.745,471.23,60750.0
2023-11-27 00:00:00,1.9469,464.5,52248.0
2023-11-27 01:00:00,2.1094,452.17,60355.0
2023-11-27 02:00:00,2.4135,450.84,47927.0
2023-11-27 03:00:00,2.1732,450.18,54106.0
2023-11-27 04:00:00,2.2945,442.84,60793.0
2023-11-27 05:00:00,-999.9,-999.9,-1000.0
2023-11-27 06:00:00,2.4514,439.9,60684.0
2023-11-27 07:00:00,2.8271,434.87,66755.0
2023-11-27 08:00:00,2.6949,424.96,75494.0
2023-11-27 09:00:00,2.6996,420.42,65223.0
2023-11-27 10:00:00,1.6557,440.89,43859.0
2023-11-27 11:00:00,1.4709,436.45,51289.0
2023-11-27 12:00:00,2.8715,423.21,59427.0
2023-11-27 13:00:00,1.5216,432.2,49457.0
2023-11-27 14:00:00,3.0948,440.21,42897.0
2023-11-27 15:00:00,2.2133,439.34,56614.0
2023-11-27 16:00:00,2.0366,432.76,59122.0
2023-11-27 17:00:00,1.3539,423.5,90563.0
2023-11-27 18:00:00,2.7413,431.78,66364.0
2023-11-27 19:00:00,1.9649,427.77,81012.0
2023-11-27 20:00:00,1.8535,432.43,62596.0
2023-11-27 21:00:00,2.3861,439.4,65697.0
2023-11-27 22:00:00,2.1443,436.17,80429.0
2023-11-27 23:00:00,1.9778,448.54,82417.0
2023-11-28 00:00:00,1.8847,450.2,88897.0
2023-11-28 01:00:00,1.7084,450.91,88833.0
2023-11-28 02:00:00,1.7604,443.41,80734.0
2023-11-28 03:00:00,1.7404,445.33,68864.0
2023-11-28 04:00:00,1.9799,444.61,69923.0
2023-11-28 05:00:00,2.6335,455.19,67603.0
2023-11-28 06:00:00,2.6121,450.33,73139.0
2023-11-28 07:00:00,2.4713,440.32,89787.0
2023-11-28 08:00:00,2.3557,453.0,66571.0
2023-11-28 09:00:00,2.7186,449.42,66062.0
2023-11-28 10:00:00,2.3191,448.19,71962.0
2023-11-28 11:00:00,1.5758,439.26,88283.0
2023-11-28 12:00:00,2.4376,439.64,77969.0
2023-11-28 13:00:00,1.7071,442.69,76508.0
2023-11-28 14:00:00,2.1205,456.43,54876.0
2023-11-28 15:00:00,2.5969,437.11,80190.0
2023-11-28 16:00:00,2.5266,431.64,82718.0
2023-11-28 17:00:00,2.6031,430.27,85480.0
2023-11-28 18:00:00,2.2207,432.97,84246.0
2023-11-28 19:00:00,2.2227,433.25,71150.0
2023-11-28 20:00:00,2.204,427.23,76474.0
2023-11-28 21:00:00,2.9573,421.04,72981.0
2023-11-28 22:00:00,2.8786,415.18,88407.0
2023-11-28 23:00:00,3.0151,413.94,68606.0
2023-11-29 00:00:00,2.0715,423.33,67557.0
2023-11-29 01:00:00,2.5619,418.43,49140.0
2023-11-29 02:00:00,2.8188,419.51,45086.0
2023-11-29 03:00:00,2.3454,415.55,57306.0
2023-11-29 04:00:00,2.4892,407.81,72284.0
2023-11-29 05:00:00,3.0875,423.51,59320.0
2023-11-29 06:00:00,2.5885,423.64,52553.0
2023-11-29 07:00:00,2.1873,419.4,54437.0
2023-11-29 08:00:00,2.2022,414.27,48616.0
2023-11-29 09:00:00,2.0704,414.77,44892.0
2023-11-29 10:00:00,2.1135,417.38,52276.0
2023-11-29 11:00:00,2.9475,410.21,49238.0
2023-11-29 12:00:00,3.359,397.85,62268.0
2023-11-29 13:00:00,3.2194,393.15,66030.0
2023-11-29 14:00:00,3.1694,391.95,60095.0
2023-11-29 15:00:00,3.3254,388.0,55170.0
2023-11-29 16:00:00,2.2309,399.09,48703.0
2023-11-29 17:00:00,2.8749,386.08,59765.0
2023-11-29 18:00:00,3.1302,381.36,62170.0
2023-11-29 19:00:00,2.8124,390.05,40891.0
2023-11-29 20:00:00,2.6711,386.43,47491.0
2023-11-29 21:00:00,2.7473,378.73,54873.0
2023-11-29 22:00:00,3.1211,370.64,61650.0
2023-11-29 23:00:00,3.5453,374.19,56999.0
2023-11-30 00:00:00,3.4176,396.13,55665.0
2023-11-30 01:00:00,3.9494,380.51,60408.0
2023-11-30 02:00:00,2.7395,385.37,50886.0
2023-11-30 03:00:00,1.9682,375.52,41307.0
2023-11-30 04:00:00,2.7277,368.28,41404.0
2023-11-30 05:00:00,2.6096,368.57,40865.0
2023-11-30 06:00:00,3.1116,367.19,41203.0
2023-11-30 07:00:00,1.2114,362.13,53066.0
2023-11-30 08:00:00,1.856,351.29,54428.0
2023-11-30 09:00:00,1.2886,349.88,70963.0
2023-11-30 10:00:00,1.6677,351.03,38195.0
2023-11-30 11:00:00,1.9979,351.42,38282.0
2023-11-30 12:00:00,0.9453,352.26,44263.0
2023-11-30 13:00:00,0.8354,349.04,37255.0
2023-11-30 14:00:00,0.9913,349.04,38596.0
2023-11-30 15:00:00,1.1295,346.66,44298.0
2023-11-30 16:00:00,1.1388,340.74,39610.0
2023-11-30 17:00:00,0.931,342.54,61992.0
2023-11-30 18:00:00,1.0149,342.26,54589.0
2023-11-30 19:00:00,0.9518,342.01,61985.0
2023-11-30 20:00:00,0.897,344.44,71280.0
2023-11-30 21:00:00,1.4625,334.64,56230.0
2023-11-30 22:00:00,3.0431,338.6,28451.0
2023-11-30 23:00:00,5.2354,378.74,106654.0
2023-12-01 00:00:00,9.9979,446.04,144332.0
2023-12-01 01:00:00,11.1178,438.88,131621.0
2023-12-01 02:00:00,10.6785,439.51,106203.0
2023-12-01 03:00:00,7.4077,442.0,115430.0
2023-12-01 04:00:00,8.1707,429.19,134665.0
2023-12-01 05:00:00,9.6402,419.57,128200.0
2023-12-01 06:00:00,3.9192,421.4,110774.0
2023-12-01 07:00:00,1.3646,416.15,98679.0
2023-12-01 08:00:00,1.2872,426.58,107708.0
2023-12-01 09:00:00,10.2489,526.82,141856.0
2023-12-01 10:00:00,12.7318,533.64,133014.0
2023-12-01 11:00:00,20.707,516.12,177376.0
2023-12-01 12:00:00,16.2716,518.78,214332.0
2023-12-01 13:00:00,8.7661,502.36,220463.0
2023-12-01 14:00:00,14.6154,517.24,242625.0
2023-12-01 15:00:00,10.8503,506.38,197113.0
2023-12-01 16:00:00,5.436,490.92,221214.0
2023-12-01 17:00:00,13.5581,496.26,162657.0
2023-12-01 18:00:00,7.835,498.61,118186.0
2023-12-01 19:00:00,6.1079,504.73,104558.0
2023-12-01 20:00:00,8.786,516.61,37522.0
2023-12-01 21:00:00,1.9668,511.18,8115.0
2023-12-01 22:00:00,1.122,503.7,10035.0
2023-12-01 23:00:00,0.899,505.13,10530.0
2023-12-02 00:00:00,1.3617,499.31,23425.0
2023-12-02 01:00:00,0.469,493.74,34155.0
2023-12-02 02:00:00,0.1174,485.57,26120.0
2023-12-02 03:00:00,0.0863,478.11,23705.0
2023-12-02 04:00:00,0.066,474.48,27750.0
2023-12-02 05:00:00,0.092,473.32,17760.0
2023-12-02 06:00:00,0.0574,467.71,24107.0
2023-12-02 07:00:00,0.0753,464.4,19911.0
2023-12-02 08:00:00,0.1804,461.79,6535.0
2023-12-02 09:00:00,0.5555,455.49,5046.0
2023-12-02 10:00:00,2.3663,456.22,3590.0
2023-12-02 11:00:00,0.3141,450.75,5687.0
2023-12-02 12:00:00,0.5263,446.28,3746.0
2023-12-02 13:00:00,1.3269,450.83,3213.0
2023-12-02 14:00:00,1.5713,446.34,2983.0
2023-12-02 15:00:00,1.4882,441.16,3081.0
2023-12-02 16:00:00,0.9838,437.36,2907.0
2023-12-02 17:00:00,0.2441,427.67,4410.0
2023-12-02 18:00:00,0.7334,429.1,4306.0
2023-12-02 19:00:00,1.4303,427.28,5273.0
2023-12-02 20:00:00,2.7964,421.81,5050.0
2023-12-02 21:00:00,2.6695,420.88,5934.0
2023-12-02 22:00:00,3.4003,411.96,8340.0
2023-12-02 23:00:00,2.1598,408.03,17085.0
2023-12-03 00:00:00,3.5303,409.0,41420.0
2023-12-03 01:00:00,3.9571,410.22,51000.0
2023-12-03 02:00:00,6.5808,413.47,29818.0
2023-12-03 03:00:00,1.443,408.86,42466.0
2023-12-03 04:00:00,1.9637,405.4,49598.0
2023-12-03 05:00:00,1.8088,404.39,61550.0
2023-12-03 06:00:00,2.0363,398.51,53051.0
2023-12-03 07:00:00,0.9482,396.06,44405.0
2023-12-03 08:00:00,0.9048,389.97,35410.0
2023-12-03 09:00:00,0.374,401.61,44690.0
2023-12-03 10:00:00,0.8204,411.55,23728.0
2023-12-03 11:00:00,0.8295,406.09,28938.0
2023-12-03 12:00:00,1.3775,399.56,18263.0
2023-12-03 13:00:00,1.0902,399.63,12352.0
2023-12-03 14:00:00,3.298,405.67,31874.0
2023-12-03 15:00:00,9.5706,407.23,14388.0
2023-12-03 16:00:00,7.8995,413.48,31733.0
2023-12-03 17:00:00,1.448,433.02,91907.0
2023-12-03 18:00:00,3.1244,450.97,75070.0
2023-12-03 19:00:00,2.8976,473.87,94531.0
2023-12-03 20:00:00,2.2859,505.76,140173.0
2023-12-03 21:00:00,2.9493,540.0,151085.0
2023-12-03 22:00:00,2.8089,527.45,123933.0
2023-12-03 23:00:00,2.8616,520.14,107474.0
2023-12-04 00:00:00,3.0421,519.08,131841.0
2023-12-04 01:00:00,3.608,516.78,165941.0
2023-12-04 02:00:00,3.0604,518.39,150343.0
2023-12-04 03:00:00,3.0618,498.53,134747.0
2023-12-04 04:00:00,3.1255,502.0,137895.0
2023-12-04 05:00:00,4.7124,512.55,113300.0
2023-12-04 06:00:00,4.1868,525.51,146763.0
2023-12-04 07:00:00,5.3417,532.84,146704.0
2023-12-04 08:00:00,5.4964,531.35,137375.0
2023-12-04 09:00:00,4.5966,552.92,171373.0
2023-12-04 10:00:00,2.9279,554.42,167507.0
2023-12-04 11:00:00,2.2025,571.63,172491.0
2023-12-04 12:00:00,2.183,561.38,213979.0
2023-12-04 13:00:00,1.985,561.32,152292.0
2023-12-04 14:00:00,2.4983,565.68,146878.0
2023-12-04 15:00:00,2.1532,552.35,144680.0
2023-12-04 16:00:00,1.5911,544.46,137640.0
2023-12-04 17:00:00,1.0862,538.74,128551.0
2023-12-04 18:00:00,1.2255,545.41,121677.0
2023-12-04 19:00:00,1.537,537.28,124071.0
2023-12-04 20:00:00,1.059,594.35,366337.0
2023-12-04 21:00:00,1.0746,577.71,336747.0
2023-12-04 22:00:00,1.7243,553.97,206264.0
2023-12-04 23:00:00,1.3984,547.06,222495.0
2023-12-05 00:00:00,1.7297,552.29,318725.0
2023-12-05 01:00:00,2.9815,530.81,266938.0
2023-12-05 02:00:00,2.7326,519.91,245195.0
2023-12-05 03:00:00,2.8312,532.26,311058.0
2023-12-05 04:00:00,2.9268,566.87,283352.0
2023-12-05 05:00:00,3.0578,574.0,261630.0
2023-12-05 06:00:00,3.1532,565.52,257048.0
2023-12-05 07:00:00,2.9689,582.25,273176.0
2023-12-05 08:00:00,2.1626,574.81,295444.0
2023-12-05 09:00:00,2.4156,578.75,290640.0
2023-12-05 10:00:00,2.4098,595.83,237062.0
2023-12-05 11:00:00,0.8365,626.4,201543.0
2023-12-05 12:00:00,1.5414,615.24,121991.0
2023-12-05 13:00:00,2.2123,626.66,139545.0
2023-12-05 14:00:00,2.2138,616.66,125501.0
2023-12-05 15:00:00,2.1716,612.39,129841.0
2023-12-05 16:00:00,2.3714,624.33,169698.0
2023-12-05 17:00:00,2.265,626.1,177365.0
2023-12-05 18:00:00,2.0941,617.39,187030.0
2023-12-05 19:00:00,1.7652,618.12,182498.0
2023-12-05 20:00:00,1.9546,618.53,167726.0
2023-12-05 21:00:00,1.8374,613.29,157253.0
2023-12-05 22:00:00,1.7189,615.28,187183.0
2023-12-05 23:00:00,1.8079,607.02,181504.0
2023-12-06 00:00:00,-999.9,-999.9,-1000.0
2023-12-06 01:00:00,1.4776,619.52,212921.0
2023-12-06 02:00:00,2.1632,612.27,160452.0
2023-12-06 03:00:00,1.7183,609.88,165714.0
2023-12-06 04:00:00,1.8034,616.59,208423.0
2023-12-06 05:00:00,1.8164,609.63,188533.0
2023-12-06 06:00:00,1.6849,612.32,176375.0
2023-12-06 07:00:00,2.0921,609.01,152499.0
2023-12-06 08:00:00,1.8498,605.89,161692.0
2023-12-06 09:00:00,1.9024,607.51,136930.0
2023-12-06 10:00:00,1.6216,599.97,151939.0
2023-12-06 11:00:00,1.6765,616.32,120685.0
2023-12-06 12:00:00,1.6079,611.67,128788.0
2023-12-06 13:00:00,1.7561,590.99,108048.0
2023-12-06 14:00:00,1.771,593.68,127360.0
2023-12-06 15:00:00,1.4793,590.75,147839.0
2023-12-06 16:00:00,1.7988,582.96,104398.0
2023-12-06 17:00:00,1.7213,575.0,96540.0
2023-12-06 18:00:00,1.4674,566.66,100630.0
2023-12-06 19:00:00,1.4538,562.92,103944.0
2023-12-06 20:00:00,1.6489,567.54,100722.0
2023-12-06 21:00:00,1.7204,560.5,87354.0
2023-12-06 22:00:00,1.759,556.09,87420.0
2023-12-06 23:00:00,1.6888,534.69,92267.0
2023-12-07 00:00:00,2.0189,554.13,78991.0
2023-12-07 01:00:00,2.0359,547.07,78634.0
2023-12-07 02:00:00,1.8832,530.59,77634.0
2023-12-07 03:00:00,1.9037,527.76,65634.0
2023-12-07 04:00:00,2.1466,529.74,63550.0
2023-12-07 05:00:00,2.1656,533.22,67500.0
2023-12-07 06:00:00,2.1246,523.69,74964.0
2023-12-07 07:00:00,2.1811,509.72,101317.0
2023-12-07 08:00:00,2.1916,501.73,110272.0
2023-12-07 09:00:00,2.1418,503.84,109425.0
2023-12-07 10:00:00,2.1342,503.99,91854.0
2023-12-07 11:00:00,2.2435,499.48,92548.0
2023-12-07 12:00:00,2.2919,494.28,108460.0
2023-12-07 13:00:00,2.2993,486.58,89546.0
2023-12-07 14:00:00,2.1718,489.83,76282.0
2023-12-07 15:00:00,2.5076,490.88,86732.0
2023-12-07 16:00:00,2.5339,485.65,81101.0
2023-12-07 17:00:00,2.6083,483.12,68399.0
2023-12-07 18:00:00,2.5547,483.75,53549.0
2023-12-07 19:00:00,1.9517,496.07,64366.0
2023-12-07 20:00:00,1.9499,489.64,55433.0
2023-12-07 21:00:00,2.0712,484.14,47957.0
2023-12-07 22:00:00,2.2359,481.42,51812.0
2023-12-07 23:00:00,2.0923,479.73,51802.0
2023-12-08 00:00:00,1.9316,448.48,85834.0
2023-12-08 01:00:00,2.0015,458.66,61198.0
2023-12-08 02:00:00,1.7962,454.04,77724.0
2023-12-08 03:00:00,2.2151,449.08,60235.0
2023-12-08 04:00:00,2.1982,445.6,66707.0
2023-12-08 05:00:00,2.1199,442.99,78304.0
2023-12-08 06:00:00,2.2688,447.8,63288.0
2023-12-08 07:00:00,2.3167,449.04,62364.0
2023-12-08 08:00:00,2.432,444.68,67324.0
2023-12-08 09:00:00,2.5133,434.89,96898.0
2023-12-08 10:00:00,2.6679,437.32,56576.0
2023-12-08 11:00:00,2.5371,428.55,57010.0
2023-12-08 12:00:00,2.4654,426.08,64187.0
2023-12-08 13:00:00,2.7901,423.96,54653.0
2023-12-08 14:00:00,2.7837,418.98,59025.0
2023-12-08 15:00:00,2.3962,419.87,73584.0
2023-12-08 16:00:00,2.4751,416.06,67797.0
2023-12-08 17:00:00,2.8002,429.89,47043.0
2023-12-08 18:00:00,2.82,415.48,58392.0
2023-12-08 19:00:00,3.0099,407.12,63290.0
2023-12-08 20:00:00,3.0537,401.03,77608.0
2023-12-08 21:00:00,2.9647,400.45,71274.0
2023-12-08 22:00:00,2.9301,402.17,46507.0
2023-12-08 23:00:00,3.1087,396.6,43819.0
2023-12-09 00:00:00,3.2069,389.23,49777.0
2023-12-09 01:00:00,3.2291,386.75,66836.0
2023-12-09 02:00:00,3.1619,382.72,65209.0
2023-12-09 03:00:00,2.8683,378.96,55492.0
2023-12-09 04:00:00,2.6822,383.01,40821.0
2023-12-09 05:00:00,2.6405,386.31,35987.0
2023-12-09 06:00:00,2.598,388.91,30181.0
2023-12-09 07:00:00,2.9548,374.59,64090.0
2023-12-09 08:00:00,3.0883,368.68,61499.0
2023-12-09 09:00:00,3.144,366.73,57995.0
2023-12-09 10:00:00,3.2112,364.23,52438.0
2023-12-09 11:00:00,3.015,365.13,39171.0
2023-12-09 12:00:00,2.6852,373.38,27333.0
2023-12-09 13:00:00,2.8062,376.62,23783.0
2023-12-09 14:00:00,2.9937,369.28,21590.0
2023-12-09 15:00:00,2.945,376.89,24590.0
2023-12-09 16:00:00,3.4389,365.91,28081.0
2023-12-09 17:00:00,2.9032,366.46,25355.0
2023-12-09 18:00:00,3.3388,361.68,32245.0
2023-12-09 19:00:00,3.3715,364.38,45023.0
2023-12-09 20:00:00,3.2428,366.39,42086.0
2023-12-09 21:00:00,3.3891,363.17,45672.0
2023-12-09 22:00:00,3.6371,360.29,46863.0
2023-12-09 23:00:00,3.6441,358.55,44209.0
2023-12-10 00:00:00,3.6281,354.77,38291.0
2023-12-10 01:00:00,3.8308,355.23,49332.0
2023-12-10 02:00:00,3.6772,354.13,48444.0
2023-12-10 03:00:00,3.4323,355.9,36861.0
2023-12-10 04:00:00,3.1187,355.19,31903.0
2023-12-10 05:00:00,2.8734,349.34,42988.0
2023-12-10 06:00:00,2.9267,348.62,41174.0
2023-12-10 07:00:00,2.7948,344.64,58340.0
2023-12-10 08:00:00,2.4251,349.46,37502.0
2023-12-10 09:00:00,2.4812,346.35,43440.0
2023-12-10 10:00:00,2.9232,351.92,40588.0
2023-12-10 11:00:00,3.1174,355.25,34081.0
2023-12-10 12:00:00,3.6819,358.34,31635.0
2023-12-10 13:00:00,3.251,352.07,33030.0
2023-12-10 14:00:00,3.2252,346.45,34451.0
2023-12-10 15:00:00,3.1409,349.5,32054.0
2023-12-10 16:00:00,3.4916,351.78,30307.0
2023-12-10 17:00:00,3.3185,344.31,30427.0
2023-12-10 18:00:00,3.6007,344.74,28239.0
2023-12-10 19:00:00,3.1212,343.56,28945.0
2023-12-10 20:00:00,3.0656,347.01,29622.0
2023-12-10 21:00:00,3.1661,343.77,32840.0
2023-12-10 22:00:00,2.5606,336.6,31820.0
2023-12-10 23:00:00,2.0196,337.27,40015.0
2023-12-11 00:00:00,2.4033,337.35,32369.0
2023-12-11 01:00:00,2.817,343.76,27910.0
2023-12-11 02:00:00,3.1072,344.9,26637.0
2023-12-11 03:00:00,2.3111,338.73,32432.0
2023-12-11 04:00:00,1.4795,333.36,48261.0
2023-12-11 05:00:00,1.5655,327.75,50593.0
2023-12-11 06:00:00,1.3305,331.61,60002.0
2023-12-11 07:00:00,1.6202,321.01,52812.0
2023-12-11 08:00:00,1.6689,321.05,39753.0
2023-12-11 09:00:00,1.5935,325.59,29637.0
2023-12-11 10:00:00,1.7052,326.98,27686.0
2023-12-11 11:00:00,2.1651,332.07,33311.0
2023-12-11 12:00:00,4.2716,347.35,30720.0
2023-12-11 13:00:00,5.2701,347.76,29873.0
2023-12-11 14:00:00,3.9271,346.48,37373.0
2023-12-11 15:00:00,4.1554,341.55,32446.0
2023-12-11 16:00:00,3.5158,334.7,30243.0
2023-12-11 17:00:00,3.6796,328.69,24426.0
2023-12-11 18:00:00,4.4711,316.1,14094.0
2023-12-11 19:00:00,5.2581,314.13,11157.0
2023-12-11 20:00:00,5.2054,312.16,11848.0
2023-12-11 21:00:00,5.313,311.78,13191.0
2023-12-11 22:00:00,6.086,310.89,12205.0
2023-12-11 23:00:00,5.706,310.64,18763.0
2023-12-12 00:00:00,4.4921,311.14,21270.0
2023-12-12 01:00:00,4.532,309.57,22580.0
2023-12-12 02:00:00,4.7614,308.67,21602.0
2023-12-12 03:00:00,4.8197,307.14,21213.0
2023-12-12 04:00:00,3.8863,305.13,25006.0
2023-12-12 05:00:00,3.074,304.22,30241.0
2023-12-12 06:00:00,3.6399,315.53,37497.0
2023-12-12 07:00:00,3.7437,324.14,41805.0
2023-12-12 08:00:00,3.4203,332.06,50488.0
2023-12-12 09:00:00,3.6644,329.37,64873.0
2023-12-12 10:00:00,4.427,335.19,70256.0
2023-12-12 11:00:00,6.2975,354.87,47765.0
2023-12-12 12:00:00,6.908,370.28,21327.0
2023-12-12 13:00:00,8.7921,376.23,68535.0
2023-12-12 14:00:00,9.1838,380.77,75310.0
2023-12-12 15:00:00,8.9793,390.24,72736.0
2023-12-12 16:00:00,8.3911,388.27,74624.0
2023-12-12 17:00:00,7.7288,375.81,92007.0
2023-12-12 18:00:00,6.5035,383.67,84133.0
2023-12-12 19:00:00,7.9184,380.29,73542.0
2023-12-12 20:00:00,7.5567,377.65,65778.0
2023-12-12 21:00:00,7.5278,372.57,63842.0
2023-12-12 22:00:00,8.0366,374.84,59497.0
2023-12-12 23:00:00,8.6605,375.4,73068.0
2023-12-13 00:00:00,7.0516,372.7,83368.0
2023-12-13 01:00:00,8.8238,368.51,71493.0
2023-12-13 02:00:00,8.752,373.31,65504.0
2023-12-13 03:00:00,8.2192,373.13,60711.0
2023-12-13 04:00:00,8.2758,377.12,60242.0
2023-12-13 05:00:00,6.3933,361.0,63734.0
2023-12-13 06:00:00,5.1332,364.23,59405.0
2023-12-13 07:00:00,3.292,367.1,62145.0
2023-12-13 08:00:00,4.9311,358.24,68246.0
2023-12-13 09:00:00,5.0503,354.02,49479.0
2023-12-13 10:00:00,5.154,357.83,61348.0
2023-12-13 11:00:00,4.5598,354.44,74042.0
2023-12-13 12:00:00,4.5543,351.49,97822.0
2023-12-13 13:00:00,3.7775,350.05,88084.0
2023-12-13 14:00:00,3.4167,345.25,51776.0
2023-12-13 15:00:00,3.5603,343.53,38769.0
2023-12-13 16:00:00,3.1557,337.1,44306.0
2023-12-13 17:00:00,2.182,331.32,39920.0
2023-12-13 18:00:00,2.3119,328.11,33920.0
2023-12-13 19:00:00,2.377,329.3,30399.0
2023-12-13 20:00:00,2.4912,329.87,31925.0
2023-12-13 21:00:00,3.4106,345.77,35202.0
2023-12-13 22:00:00,6.6236,374.47,41399.0
2023-12-13 23:00:00,5.0884,374.37,30136.0
2023-12-14 00:00:00,5.9981,376.87,32376.0
2023-12-14 01:00:00,6.6877,376.08,35604.0
2023-12-14 02:00:00,6.0409,370.61,37336.0
2023-12-14 03:00:00,5.1471,357.81,41258.0
2023-12-14 04:00:00,6.1534,361.22,41142.0
2023-12-14 05:00:00,6.7755,359.66,38424.0
2023-12-14 06:00:00,5.7451,348.85,43737.0
2023-12-14 07:00:00,5.1986,348.84,52379.0
2023-12-14 08:00:00,3.5655,339.27,49622.0
2023-12-14 09:00:00,4.0681,335.81,42185.0
2023-12-14 10:00:00,3.0167,338.11,51974.0
2023-12-14 11:00:00,2.6941,340.07,68295.0
2023-12-14 12:00:00,1.6823,333.96,56060.0
2023-12-14 13:00:00,2.5103,323.34,60549.0
2023-12-14 14:00:00,1.8384,331.74,81599.0
2023-12-14 15:00:00,1.695,331.25,52069.0
2023-12-14 16:00:00,1.8162,320.4,42224.0
2023-12-14 17:00:00,1.6288,314.59,39981.0
2023-12-14 18:00:00,1.6853,319.62,44591.0
2023-12-14 19:00:00,1.6271,316.99,29635.0
2023-12-14 20:00:00,1.2388,317.97,32837.0
2023-12-14 21:00:00,2.0264,313.26,50348.0
2023-12-14 22:00:00,1.7421,315.18,30248.0
2023-12-14 23:00:00,1.8296,308.82,28150.0
2023-12-15 00:00:00,1.6119,300.57,51301.0
2023-12-15 01:00:00,1.3822,303.71,44339.0
2023-12-15 02:00:00,1.5686,291.74,46075.0
2023-12-15 03:00:00,1.4819,290.56,48828.0
2023-12-15 04:00:00,1.5117,284.95,46601.0
2023-12-15 05:00:00,1.4714,281.11,37933.0
2023-12-15 06:00:00,1.5225,277.6,41711.0
2023-12-15 07:00:00,1.5475,274.77,48163.0
2023-12-15 08:00:00,1.6465,273.38,40644.0
2023-12-15 09:00:00,1.4749,272.19,36022.0
2023-12-15 10:00:00,1.6105,279.15,24855.0
2023-12-15 11:00:00,15.2872,398.52,81486.0
2023-12-15 12:00:00,20.4958,404.64,100487.0
2023-12-15 13:00:00,20.8804,409.38,79054.0
2023-12-15 14:00:00,21.4446,386.2,40663.0
2023-12-15 15:00:00,9.4403,489.71,156755.0
2023-12-15 16:00:00,11.5617,482.51,151698.0
2023-12-15 17:00:00,8.2259,472.09,112959.0
2023-12-15 18:00:00,6.7482,435.07,75606.0
2023-12-15 19:00:00,5.2052,446.5,88197.0
2023-12-15 20:00:00,5.6004,387.54,31788.0
2023-12-15 21:00:00,2.9272,457.7,74973.0
2023-12-15 22:00:00,2.7366,480.25,78451.0
2023-12-15 23:00:00,2.0923,490.78,77699.0
2023-12-16 00:00:00,1.9219,513.17,93582.0
2023-12-16 01:00:00,5.0772,493.13,44254.0
2023-12-16 02:00:00,3.7993,486.55,32266.0
2023-12-16 03:00:00,3.7859,509.97,33309.0
2023-12-16 04:00:00,6.8163,513.31,22460.0
2023-12-16 05:00:00,5.7075,500.18,24906.0
2023-12-16 06:00:00,4.6796,494.32,28773.0
2023-12-16 07:00:00,4.8481,490.28,36262.0
2023-12-16 08:00:00,3.717,487.27,34052.0
2023-12-16 09:00:00,3.6044,490.1,53522.0
2023-12-16 10:00:00,3.5866,491.4,49922.0
2023-12-16 11:00:00,6.4974,483.81,52629.0
2023-12-16 12:00:00,7.0045,474.53,60680.0
2023-12-16 13:00:00,5.9106,475.12,51707.0
2023-12-16 14:00:00,7.8712,472.82,57095.0
2023-12-16 15:00:00,7.025,449.75,60764.0
2023-12-16 16:00:00,7.2606,445.6,49124.0
2023-12-16 17:00:00,6.8549,436.88,50946.0
2023-12-16 18:00:00,7.1812,434.15,42731.0
2023-12-16 19:00:00,6.1721,432.49,60243.0
2023-12-16 20:00:00,5.7834,428.1,63103.0
2023-12-16 21:00:00,5.6672,423.74,65273.0
2023-12-16 22:00:00,4.9506,421.56,69343.0
2023-12-16 23:00:00,3.22,410.27,90851.0
2023-12-17 00:00:00,2.5633,403.0,60595.0
2023-12-17 01:00:00,1.8034,409.42,69017.0
2023-12-17 02:00:00,2.3052,428.23,70052.0
2023-12-17 03:00:00,4.8543,455.4,71830.0
2023-12-17 04:00:00,6.1819,467.49,61052.0
2023-12-17 05:00:00,5.8285,454.6,71883.0
2023-12-17 06:00:00,7.0387,451.61,67430.0
2023-12-17 07:00:00,10.1897,528.74,272082.0
2023-12-17 08:00:00,7.1907,532.55,321193.0
2023-12-17 09:00:00,9.8139,528.16,306819.0
2023-12-17 10:00:00,10.0058,516.99,268835.0
2023-12-17 11:00:00,10.8699,524.86,234540.0
2023-12-17 12:00:00,10.655,521.22,223952.0
2023-12-17 13:00:00,10.4379,528.6,206828.0
2023-12-17 14:00:00,9.9435,527.83,153757.0
2023-12-17 15:00:00,7.3672,500.96,113977.0
2023-12-17 16:00:00,8.4332,478.31,101016.0
2023-12-17 17:00:00,6.2517,474.2,130475.0
2023-12-17 18:00:00,8.2651,469.99,156616.0
2023-12-17 19:00:00,8.1709,470.88,145408.0
2023-12-17 20:00:00,11.6485,477.34,52719.0
2023-12-17 21:00:00,5.5261,463.69,61892.0
2023-12-17 22:00:00,0.8755,482.69,32690.0
2023-12-17 23:00:00,0.7025,478.75,12652.0
2023-12-18 00:00:00,1.5246,478.47,8166.0
2023-12-18 01:00:00,4.0126,478.1,9500.0
2023-12-18 02:00:00,7.4733,482.44,10163.0
2023-12-18 03:00:00,2.9827,482.65,42518.0
2023-12-18 04:00:00,1.9537,472.14,58833.0
2023-12-18 05:00:00,0.5697,471.45,42616.0
2023-12-18 06:00:00,0.5034,467.36,49718.0
2023-12-18 07:00:00,3.0762,455.47,36175.0
2023-12-18 08:00:00,6.0874,453.27,22651.0
2023-12-18 09:00:00,14.2558,455.54,43205.0
2023-12-18 10:00:00,8.6129,458.69,65939.0
2023-12-18 11:00:00,2.7897,456.13,26693.0
2023-12-18 12:00:00,2.6875,458.56,37045.0
2023-12-18 13:00:00,1.9935,460.0,49800.0
2023-12-18 14:00:00,4.5201,465.84,78812.0
2023-12-18 15:00:00,5.5797,506.34,126046.0
2023-12-18 16:00:00,6.7284,475.91,91238.0
2023-12-18 17:00:00,7.2026,466.95,56261.0
2023-12-18 18:00:00,5.923,473.89,65988.0
2023-12-18 19:00:00,5.2079,491.01,104096.0
2023-12-18 20:00:00,4.7536,545.42,205813.0
2023-12-18 21:00:00,5.0811,576.24,236840.0
2023-12-18 22:00:00,5.3518,595.63,304772.0
2023-12-18 23:00:00,3.8264,627.73,319303.0
2023-12-19 00:00:00,3.4481,622.95,309620.0
2023-12-19 01:00:00,2.6654,668.95,380702.0
2023-12-19 02:00:00,2.5389,698.7,440786.0
2023-12-19 03:00:00,2.0672,702.84,428304.0
2023-12-19 04:00:00,1.584,669.21,337512.0
2023-12-19 05:00:00,1.6214,633.49,205723.0
2023-12-19 06:00:00,1.5963,693.63,191612.0
2023-12-19 07:00:00,1.3162,692.46,170799.0
2023-12-19 08:00:00,1.3771,674.57,114961.0
2023-12-19 09:00:00,1.1567,655.01,145692.0
2023-12-19 10:00:00,1.0305,647.92,137124.0
2023-12-19 11:00:00,1.2775,649.57,148176.0
2023-12-19 12:00:00,1.1727,610.15,147161.0
2023-12-19 13:00:00,1.3077,596.37,133585.0
2023-12-19 14:00:00,1.4922,606.65,126741.0
2023-12-19 15:00:00,1.5304,608.25,119020.0
2023-12-19 16:00:00,1.9061,600.89,124221.0
2023-12-19 17:00:00,1.9365,597.69,150691.0
2023-12-19 18:00:00,1.5965,595.95,216202.0
2023-12-19 19:00:00,1.5413,594.62,218431.0
2023-12-19 20:00:00,1.5635,590.27,267931.0
2023-12-19 21:00:00,1.6165,594.19,324176.0
2023-12-19 22:00:00,1.7484,581.69,299952.0
2023-12-19 23:00:00,1.8675,562.92,286022.0
2023-12-20 00:00:00,1.69,576.41,226585.0
2023-12-20 01:00:00,1.4958,568.62,189977.0
2023-12-20 02:00:00,1.8049,554.22,209917.0
2023-12-20 03:00:00,1.8196,560.92,249545.0
2023-12-20 04:00:00,1.7408,559.16,223910.0
2023-12-20 05:00:00,1.2922,556.84,165300.0
2023-12-20 06:00:00,1.2955,551.53,177655.0
2023-12-20 07:00:00,1.3269,536.62,182533.0
2023-12-20 08:00:00,1.3867,526.52,147031.0
2023-12-20 09:00:00,1.2336,509.11,152675.0
2023-12-20 10:00:00,1.3091,504.98,137627.0
2023-12-20 11:00:00,1.5582,505.32,94226.0
2023-12-20 12:00:00,1.8841,464.16,80098.0
2023-12-20 13:00:00,1.8629,463.41,54899.0
2023-12-20 14:00:00,1.6011,460.79,46909.0
2023-12-20 15:00:00,1.6538,452.33,65031.0
2023-12-20 16:00:00,1.6605,446.55,65080.0
2023-12-20 17:00:00,1.5084,448.74,74770.0
2023-12-20 18:00:00,1.7042,453.06,44719.0
2023-12-20 19:00:00,1.7392,444.74,45089.0
2023-12-20 20:00:00,1.5926,432.44,51042.0
2023-12-20 21:00:00,1.6622,431.04,42436.0
2023-12-20 22:00:00,1.3119,433.32,51484.0
2023-12-20 23:00:00,1.3493,425.2,68346.0
2023-12-21 00:00:00,1.2477,420.76,118685.0
2023-12-21 01:00:00,1.2302,415.28,118388.0
2023-12-21 02:00:00,1.334,405.78,90982.0
2023-12-21 03:00:00,1.3934,407.17,59555.0
2023-12-21 04:00:00,1.3623,405.67,61931.0
2023-12-21 05:00:00,1.478,397.61,62229.0
2023-12-21 06:00:00,1.5566,391.8,84483.0
2023-12-21 07:00:00,1.4682,393.03,51900.0
2023-12-21 08:00:00,1.2199,400.48,31273.0
2023-12-21 09:00:00,0.9339,399.22,36119.0
2023-12-21 10:00:00,0.9082,388.65,33751.0
2023-12-21 11:00:00,1.5071,359.03,46741.0
2023-12-21 12:00:00,1.6795,356.37,39684.0
2023-12-21 13:00:00,1.7623,363.67,28954.0
2023-12-21 14:00:00,1.6485,352.62,28428.0
2023-12-21 15:00:00,1.7865,352.55,23602.0
2023-12-21 16:00:00,2.3134,357.23,17258.0
2023-12-21 17:00:00,2.1713,348.61,19844.0
2023-12-21 18:00:00,2.5371,354.35,15620.0
2023-12-21 19:00:00,2.2612,347.76,16505.0
2023-12-21 20:00:00,2.4126,353.31,18920.0
2023-12-21 21:00:00,2.1432,352.18,25595.0
2023-12-21 22:00:00,1.9225,347.16,27286.0
2023-12-21 23:00:00,1.7633,338.16,28903.0
2023-12-22 00:00:00,2.5124,348.46,28145.0
2023-12-22 01:00:00,3.2652,355.92,16158.0
2023-12-22 02:00:00,2.9197,349.71,25904.0
2023-12-22 03:00:00,4.2519,359.62,16475.0
2023-12-22 04:00:00,3.8719,355.98,16503.0
2023-12-22 05:00:00,3.9857,351.09,21166.0
2023-12-22 06:00:00,3.8482,348.83,25639.0
2023-12-22 07:00:00,3.9938,346.71,31751.0
2023-12-22 08:00:00,2.9128,340.96,40238.0
2023-12-22 09:00:00,2.7177,340.24,44795.0
2023-12-22 10:00:00,2.6967,339.91,40978.0
2023-12-22 11:00:00,2.004,339.16,59657.0
2023-12-22 12:00:00,1.6763,343.22,63409.0
2023-12-22 13:00:00,1.6292,341.04,65745.0
2023-12-22 14:00:00,1.0096,343.28,71097.0
2023-12-22 15:00:00,1.6482,343.24,68220.0
2023-12-22 16:00:00,1.9037,341.16,58606.0
2023-12-22 17:00:00,1.4016,344.69,66875.0
2023-12-22 18:00:00,2.125,334.78,44037.0
2023-12-22 19:00:00,1.171,347.94,83795.0
2023-12-22 20:00:00,1.3519,341.85,62084.0
2023-12-22 21:00:00,1.9171,333.68,46053.0
2023-12-22 22:00:00,1.734,328.2,56272.0
2023-12-22 23:00:00,1.9671,335.44,57087.0
2023-12-23 00:00:00,1.9602,334.76,46280.0
2023-12-23 01:00:00,2.6126,337.15,41414.0
2023-12-23 02:00:00,3.9727,332.04,44802.0
2023-12-23 03:00:00,5.0093,335.05,48825.0
2023-12-23 04:00:00,5.3804,336.01,41603.0
2023-12-23 05:00:00,6.5689,337.8,33048.0
2023-12-23 06:00:00,5.1247,338.1,34124.0
2023-12-23 07:00:00,3.8788,336.72,32191.0
2023-12-23 08:00:00,4.952,341.32,31692.0
2023-12-23 09:00:00,3.8482,342.05,28494.0
2023-12-23 10:00:00,3.273,337.36,28331.0
2023-12-23 11:00:00,4.9694,350.48,32758.0
2023-12-23 12:00:00,3.8688,340.35,25786.0
2023-12-23 13:00:00,3.2415,341.08,38977.0
2023-12-23 14:00:00,3.44,348.86,40433.0
2023-12-23 15:00:00,3.9132,350.75,37541.0
2023-12-23 16:00:00,3.8518,345.51,42814.0
2023-12-23 17:00:00,3.7484,348.52,49511.0
2023-12-23 18:00:00,4.8529,351.04,49939.0
2023-12-23 19:00:00,5.2694,349.21,59880.0
2023-12-23 20:00:00,5.0014,359.16,52502.0
2023-12-23 21:00:00,3.8062,374.11,99808.0
2023-12-23 22:00:00,3.5491,375.46,126176.0
2023-12-23 23:00:00,3.893,385.78,127120.0
2023-12-24 00:00:00,3.5607,395.98,147640.0
2023-12-24 01:00:00,3.2829,396.09,147803.0
2023-12-24 02:00:00,3.7185,406.48,146972.0
2023-12-24 03:00:00,3.5678,401.84,122150.0
2023-12-24 04:00:00,3.4043,400.27,126035.0
2023-12-24 05:00:00,3.2618,405.55,128601.0
2023-12-24 06:00:00,-999.9,-999.9,-1000.0
2023-12-24 07:00:00,2.8304,409.57,136487.0
2023-12-24 08:00:00,2.824,421.21,156858.0
2023-12-24 09:00:00,-999.9,-999.9,-1000.0
2023-12-24 10:00:00,-999.9,-999.9,-1000.0
2023-12-24 11:00:00,2.7498,415.35,126381.0
2023-12-24 12:00:00,2.7276,410.48,114134.0
2023-12-24 13:00:00,2.9759,411.6,98409.0
2023-12-24 14:00:00,2.5302,417.8,86206.0
2023-12-24 15:00:00,2.6771,404.17,83626.0
2023-12-24 16:00:00,3.853,425.45,78057.0
2023-12-24 17:00:00,2.306,409.24,80772.0
2023-12-24 18:00:00,1.8925,409.52,81344.0
2023-12-24 19:00:00,1.8952,425.14,62582.0
2023-12-24 20:00:00,1.6167,420.17,61035.0
2023-12-24 21:00:00,2.2984,404.37,76145.0
2023-12-24 22:00:00,2.5717,394.66,86351.0
2023-12-24 23:00:00,1.2088,395.52,89289.0
2023-12-25 00:00:00,2.1996,382.23,98078.0
2023-12-25 01:00:00,2.3996,399.04,108023.0
2023-12-25 02:00:00,1.5478,414.8,84463.0
2023-12-25 03:00:00,1.0833,404.94,71030.0
2023-12-25 04:00:00,2.7947,402.3,93602.0
2023-12-25 05:00:00,3.2881,424.83,94404.0
2023-12-25 06:00:00,2.8933,416.35,93197.0
2023-12-25 07:00:00,3.5928,410.82,92941.0
2023-12-25 08:00:00,3.1189,400.32,110884.0
2023-12-25 09:00:00,3.542,400.56,107888.0
2023-12-25 10:00:00,3.0074,396.62,103255.0
2023-12-25 11:00:00,3.1044,399.95,123866.0
2023-12-25 12:00:00,3.3015,401.82,118162.0
2023-12-25 13:00:00,3.322,404.9,115382.0
2023-12-25 14:00:00,3.3397,407.95,115109.0
2023-12-25 15:00:00,3.3969,412.39,99572.0
2023-12-25 16:00:00,3.6135,413.82,93923.0
2023-12-25 17:00:00,3.147,405.18,101992.0
2023-12-25 18:00:00,2.8782,401.47,115660.0
2023-12-25 19:00:00,2.2969,410.71,138401.0
2023-12-25 20:00:00,2.219,415.55,131482.0
2023-12-25 21:00:00,2.4541,414.57,127633.0
2023-12-25 22:00:00,2.1195,415.67,122654.0
2023-12-25 23:00:00,1.9239,410.16,128669.0
2023-12-26 00:00:00,1.7794,400.69,104928.0
2023-12-26 01:00:00,1.7905,421.93,120798.0
2023-12-26 02:00:00,1.8912,447.01,151953.0
2023-12-26 03:00:00,1.6784,447.18,133669.0
2023-12-26 04:00:00,1.7381,456.04,147340.0
2023-12-26 05:00:00,1.9736,464.87,152638.0
2023-12-26 06:00:00,1.9091,445.18,137346.0
2023-12-26 07:00:00,2.0823,452.92,153174.0
2023-12-26 08:00:00,2.1974,472.86,168347.0
2023-12-26 09:00:00,2.0201,468.68,153964.0
2023-12-26 10:00:00,2.1125,473.71,152056.0
2023-12-26 11:00:00,1.955,471.69,168373.0
2023-12-26 12:00:00,1.6674,484.85,189717.0
2023-12-26 13:00:00,1.8869,475.24,192146.0
2023-12-26 14:00:00,1.6107,472.26,184799.0
2023-12-26 15:00:00,1.7679,478.85,197062.0
2023-12-26 16:00:00,1.8728,472.0,196725.0
2023-12-26 17:00:00,1.6968,484.75,196183.0
2023-12-26 18:00:00,1.3917,474.53,183909.0
2023-12-26 19:00:00,1.1313,495.84,187507.0
2023-12-26 20:00:00,1.0459,492.05,182669.0
2023-12-26 21:00:00,1.204,478.07,175164.0
2023-12-26 22:00:00,1.377,483.22,171652.0
2023-12-26 23:00:00,0.9821,474.97,163592.0
2023-12-27 00:00:00,1.159,470.02,151664.0
2023-12-27 01:00:00,1.1615,470.03,134549.0
2023-12-27 02:00:00,1.091,459.84,134200.0
2023-12-27 03:00:00,1.0934,457.09,131747.0
2023-12-27 04:00:00,1.2137,452.19,144066.0
2023-12-27 05:00:00,1.1154,450.38,144692.0
2023-12-27 06:00:00,1.1831,444.05,113604.0
2023-12-27 07:00:00,0.9806,443.66,108808.0
2023-12-27 08:00:00,1.964,402.28,78157.0
2023-12-27 09:00:00,1.7671,391.26,83533.0
2023-12-27 10:00:00,1.2987,401.5,65481.0
2023-12-27 11:00:00,1.9125,422.37,74024.0
2023-12-27 12:00:00,1.7522,407.04,83941.0
2023-12-27 13:00:00,2.8403,416.65,60809.0
2023-12-27 14:00:00,3.29,420.98,68187.0
2023-12-27 15:00:00,2.8828,426.26,65391.0
2023-12-27 16:00:00,2.5607,422.47,66800.0
2023-12-27 17:00:00,3.0395,428.08,50014.0
2023-12-27 18:00:00,3.1815,446.87,53751.0
2023-12-27 19:00:00,3.0177,434.35,60092.0
2023-12-27 20:00:00,2.3355,424.09,87995.0
2023-12-27 21:00:00,2.5663,431.29,118809.0
2023-12-27 22:00:00,2.5164,422.84,98177.0
2023-12-27 23:00:00,2.8729,421.32,88058.0
2023-12-28 00:00:00,2.7632,420.22,87829.0
2023-12-28 01:00:00,2.7677,424.79,93479.0
2023-12-28 02:00:00,2.7388,419.61,86983.0
2023-12-28 03:00:00,2.7443,415.66,81883.0
2023-12-28 04:00:00,2.7584,410.79,75430.0
2023-12-28 05:00:00,2.7431,406.58,69930.0
2023-12-28 06:00:00,2.699,399.61,66508.0
2023-12-28 07:00:00,2.6203,398.74,64024.0
2023-12-28 08:00:00,2.4181,396.49,57909.0
2023-12-28 09:00:00,2.352,391.11,52265.0
2023-12-28 10:00:00,2.3351,387.92,44138.0
2023-12-28 11:00:00,2.766,384.36,37053.0
2023-12-28 12:00:00,3.1315,379.5,36765.0
2023-12-28 13:00:00,3.2828,377.28,33607.0
2023-12-28 14:00:00,3.119,377.08,36664.0
2023-12-28 15:00:00,3.153,366.0,27799.0
2023-12-28 16:00:00,3.2389,362.31,24705.0
2023-12-28 17:00:00,3.1459,354.29,27451.0
2023-12-28 18:00:00,3.0004,352.35,25313.0
2023-12-28 19:00:00,2.6549,343.43,28354.0
2023-12-28 20:00:00,3.1623,348.31,24267.0
2023-12-28 21:00:00,2.661,340.86,24142.0
2023-12-28 22:00:00,2.6852,345.87,35878.0
2023-12-28 23:00:00,6.7045,396.29,71685.0
2023-12-29 00:00:00,7.0028,395.51,90369.0
2023-12-29 01:00:00,6.5739,389.85,84524.0
2023-12-29 02:00:00,6.8858,385.6,105086.0
2023-12-29 03:00:00,8.8366,402.73,75080.0
2023-12-29 04:00:00,8.3516,402.42,65819.0
2023-12-29 05:00:00,6.7021,393.63,48791.0
2023-12-29 06:00:00,6.9937,389.02,53837.0
2023-12-29 07:00:00,8.3847,384.39,44439.0
2023-12-29 08:00:00,7.9771,379.64,46979.0
2023-12-29 09:00:00,8.4372,379.63,49839.0
2023-12-29 10:00:00,8.2499,373.23,43816.0
2023-12-29 11:00:00,7.9168,365.56,52510.0
2023-12-29 12:00:00,4.7103,371.58,44507.0
2023-12-29 13:00:00,5.1132,374.25,17640.0
2023-12-29 14:00:00,6.7242,374.93,22546.0
2023-12-29 15:00:00,9.8511,373.99,22875.0
2023-12-29 16:00:00,7.1526,368.48,21244.0
2023-12-29 17:00:00,6.922,360.08,26996.0
2023-12-29 18:00:00,6.8769,355.23,31524.0
2023-12-29 19:00:00,8.3587,339.45,21688.0
2023-12-29 20:00:00,12.6085,364.22,23512.0
2023-12-29 21:00:00,8.1313,391.86,84449.0
2023-12-29 22:00:00,3.378,398.83,102031.0
2023-12-29 23:00:00,1.663,367.9,14106.0
2023-12-30 00:00:00,2.3579,353.86,17261.0
2023-12-30 01:00:00,4.6676,348.87,26364.0
2023-12-30 02:00:00,9.9179,371.93,29968.0
2023-12-30 03:00:00,9.5972,357.9,27499.0
2023-12-30 04:00:00,5.0023,366.21,38026.0
2023-12-30 05:00:00,4.8958,359.08,57006.0
2023-12-30 06:00:00,4.8293,369.45,50139.0
2023-12-30 07:00:00,8.4825,374.9,19682.0
2023-12-30 08:00:00,7.8931,366.26,16608.0
2023-12-30 09:00:00,6.1281,362.45,24687.0
2023-12-30 10:00:00,4.8958,345.86,22368.0
2023-12-30 11:00:00,7.0001,344.74,22031.0
2023-12-30 12:00:00,7.5332,346.82,16157.0
2023-12-30 13:00:00,9.9127,342.73,18729.0
2023-12-30 14:00:00,8.712,343.39,19594.0
2023-12-30 15:00:00,6.5398,337.1,21687.0
2023-12-30 16:00:00,6.3138,332.9,25190.0
2023-12-30 17:00:00,6.2135,333.46,27253.0
2023-12-30 18:00:00,4.7626,332.1,31778.0
2023-12-30 19:00:00,3.6168,331.49,20736.0
2023-12-30 20:00:00,3.4773,332.77,21325.0
2023-12-30 21:00:00,3.3599,337.31,36632.0
2023-12-30 22:00:00,3.2739,343.02,33807.0
2023-12-30 23:00:00,2.8781,336.73,33937.0
2023-12-31 00:00:00,3.5256,335.06,34819.0
2023-12-31 01:00:00,2.8795,325.86,28568.0
2023-12-31 02:00:00,2.6225,309.41,20266.0
2023-12-31 03:00:00,2.3325,300.67,14286.0
2023-12-31 04:00:00,1.9426,297.92,20998.0
2023-12-31 05:00:00,1.7491,302.08,52689.0
2023-12-31 06:00:00,1.766,318.58,106746.0
2023-12-31 07:00:00,1.7107,316.43,93972.0
2023-12-31 08:00:00,1.0369,340.45,150240.0
2023-12-31 09:00:00,0.785,352.12,182877.0
2023-12-31 10:00:00,1.7557,302.81,50589.0
2023-12-31 11:00:00,1.7833,302.25,26505.0
2023-12-31 12:00:00,1.8159,294.12,14639.0
2023-12-31 13:00:00,1.5244,297.07,27186.0
2023-12-31 14:00:00,1.9801,289.52,24695.0
2023-12-31 15:00:00,2.1155,298.15,17297.0
2023-12-31 16:00:00,2.1145,295.08,17222.0
2023-12-31 17:00:00,2.4069,303.89,19237.0
2023-12-31 18:00:00,4.8804,320.86,19315.0
2023-12-31 19:00:00,6.2778,325.71,17418.0
2023-12-31 20:00:00,4.0925,318.88,21095.0
2023-12-31 21:00:00,2.9683,318.5,21686.0
2023-12-31 22:00:00,2.3967,316.99,25428.0
2023-12-31 23:00:00,1.8864,315.76,28397.0
2024-01-01 00:00:00,1.9161,315.45,26049.0
