datetime,Magnitude,BGSEc_X,BGSEc_Y,BGSEc_Z
2024-01-01 00:00:00,4.988,3.372,-1.424,-2.732
2024-01-01 01:00:00,3.694,2.431,-1.939,-1.612
2024-01-01 02:00:00,4.086,2.95,-2.193,-0.838
2024-01-01 03:00:00,4.248,1.958,-1.019,-3.165
2024-01-01 04:00:00,4.277,-0.345,0.666,-3.475
2024-01-01 05:00:00,4.606,-2.97,0.099,-3.308
2024-01-01 06:00:00,4.525,-3.099,0.056,-3.144
2024-01-01 07:00:00,4.582,-2.652,-0.383,-3.596
2024-01-01 08:00:00,5.383,-2.016,-1.98,-4.297
2024-01-01 09:00:00,6.087,-1.635,-3.271,-4.327
2024-01-01 10:00:00,8.215,1.445,-7.548,-2.621
2024-01-01 11:00:00,7.688,3.742,-6.555,-0.814
2024-01-01 12:00:00,5.296,3.142,-3.632,0.583
2024-01-01 13:00:00,5.356,-1.692,0.111,-4.067
2024-01-01 14:00:00,8.296,-4.129,0.272,-6.656
2024-01-01 15:00:00,9.614,-2.661,-4.605,-7.119
2024-01-01 16:00:00,10.243,-0.896,-8.668,-5.03
2024-01-01 17:00:00,10.445,0.877,-9.874,-1.304
2024-01-01 18:00:00,10.098,2.089,-8.947,2.887
2024-01-01 19:00:00,10.533,1.395,-10.065,-0.111
2024-01-01 20:00:00,10.399,-2.438,-6.406,-6.854
2024-01-01 21:00:00,10.017,0.625,-5.783,-0.93
2024-01-01 22:00:00,9.005,-5.187,-0.08,-6.468
2024-01-01 23:00:00,5.689,-3.309,1.761,-2.778
2024-01-02 00:00:00,10.013,-1.223,-2.344,-5.946
2024-01-02 01:00:00,11.385,4.673,-6.878,0.204
2024-01-02 02:00:00,10.27,5.814,-6.508,3.68
2024-01-02 03:00:00,9.162,5.103,-6.29,2.511
2024-01-02 04:00:00,8.553,5.879,-4.397,3.176
2024-01-02 05:00:00,7.955,6.705,-2.785,0.924
2024-01-02 06:00:00,7.134,4.182,-2.853,3.635
2024-01-02 07:00:00,7.508,4.918,-3.066,3.749
2024-01-02 08:00:00,7.386,5.352,-2.713,3.616
2024-01-02 09:00:00,6.271,3.643,-0.992,-0.911
2024-01-02 10:00:00,6.729,4.646,-0.039,-2.274
2024-01-02 11:00:00,6.799,2.425,-3.182,-3.961
2024-01-02 12:00:00,6.502,3.31,0.795,-3.721
2024-01-02 13:00:00,6.553,3.754,-1.429,-1.292
2024-01-02 14:00:00,6.187,2.758,1.919,-4.335
2024-01-02 15:00:00,6.296,4.706,1.911,-0.005
2024-01-02 16:00:00,7.37,2.102,-1.645,5.762
2024-01-02 17:00:00,8.572,-0.477,-7.494,-0.837
2024-01-02 18:00:00,8.056,1.61,-7.285,1.149
2024-01-02 19:00:00,7.365,3.258,-2.269,2.802
2024-01-02 20:00:00,6.971,3.346,-4.956,1.899
2024-01-02 21:00:00,7.027,5.371,1.443,3.84
2024-01-02 22:00:00,7.102,5.083,-3.463,2.178
2024-01-02 23:00:00,7.222,1.654,-6.541,-1.262
2024-01-03 00:00:00,6.383,1.431,-4.255,-0.235
2024-01-03 01:00:00,6.335,1.772,-5.753,-0.632
2024-01-03 02:00:00,6.762,1.034,-5.688,-1.944
2024-01-03 03:00:00,6.845,3.194,-5.701,0.652
2024-01-03 04:00:00,6.968,3.559,-4.646,2.606
2024-01-03 05:00:00,10.9,5.499,-1.125,8.335
2024-01-03 06:00:00,9.696,4.321,-1.81,4.203
2024-01-03 07:00:00,8.952,0.293,-7.845,-2.887
2024-01-03 08:00:00,7.04,3.376,-2.635,-3.9
2024-01-03 09:00:00,4.998,3.913,-0.563,-1.378
2024-01-03 10:00:00,5.725,4.649,-1.182,-1.835
2024-01-03 11:00:00,5.618,3.985,-0.602,-3.36
2024-01-03 12:00:00,5.219,4.911,-0.499,0.883
2024-01-03 13:00:00,4.776,4.644,0.018,0.192
2024-01-03 14:00:00,7.451,4.991,-1.709,3.766
2024-01-03 15:00:00,6.827,2.139,0.092,1.025
2024-01-03 16:00:00,6.041,2.457,-0.264,0.589
2024-01-03 17:00:00,7.005,5.723,-2.412,0.944
2024-01-03 18:00:00,7.323,-0.102,-4.66,-5.137
2024-01-03 19:00:00,8.731,0.064,-7.814,-3.496
2024-01-03 20:00:00,8.532,1.309,-7.533,-1.0
2024-01-03 21:00:00,8.214,3.748,-5.147,4.631
2024-01-03 22:00:00,8.671,4.489,-4.564,5.571
2024-01-03 23:00:00,8.491,4.351,-4.555,5.366
2024-01-04 00:00:00,7.705,2.592,-6.417,2.892
2024-01-04 01:00:00,7.243,2.549,-5.989,2.978
2024-01-04 02:00:00,6.997,2.275,-6.171,1.668
2024-01-04 03:00:00,6.64,1.881,-5.186,3.466
2024-01-04 04:00:00,6.211,1.44,-5.293,2.357
2024-01-04 05:00:00,5.831,2.257,-4.886,1.742
2024-01-04 06:00:00,5.345,3.196,-3.783,0.807
2024-01-04 07:00:00,5.193,1.913,-4.283,0.82
2024-01-04 08:00:00,4.895,2.677,-3.703,-0.341
2024-01-04 09:00:00,4.498,3.588,-1.689,1.535
2024-01-04 10:00:00,4.446,4.329,-0.29,0.272
2024-01-04 11:00:00,4.21,3.813,0.212,1.241
2024-01-04 12:00:00,3.917,3.357,-0.333,0.983
2024-01-04 13:00:00,3.868,-1.093,-2.564,-1.848
2024-01-04 14:00:00,3.868,-0.824,-3.211,-1.052
2024-01-04 15:00:00,3.646,-0.939,-2.676,-0.166
2024-01-04 16:00:00,3.51,0.192,-2.186,-1.286
2024-01-04 17:00:00,3.561,1.096,-1.207,-2.813
2024-01-04 18:00:00,3.614,2.226,0.528,-2.679
2024-01-04 19:00:00,3.428,0.266,-0.087,-3.14
2024-01-04 20:00:00,3.469,2.216,0.213,-2.183
2024-01-04 21:00:00,3.539,2.87,0.462,-1.608
2024-01-04 22:00:00,3.665,-0.31,-1.428,-2.417
2024-01-04 23:00:00,3.51,2.542,0.394,-0.917
2024-01-05 00:00:00,3.715,-0.599,0.582,-3.232
2024-01-05 01:00:00,3.691,1.751,0.036,-1.672
2024-01-05 02:00:00,3.65,1.963,0.462,-2.265
2024-01-05 03:00:00,3.807,3.113,0.768,-0.806
2024-01-05 04:00:00,3.922,3.576,0.463,0.234
2024-01-05 05:00:00,3.818,3.384,0.488,-0.524
2024-01-05 06:00:00,4.021,3.772,0.783,0.079
2024-01-05 07:00:00,3.856,3.348,1.518,0.277
2024-01-05 08:00:00,3.518,2.883,0.269,0.71
2024-01-05 09:00:00,3.37,2.424,0.327,0.319
2024-01-05 10:00:00,2.967,2.462,0.262,-0.518
2024-01-05 11:00:00,2.561,1.277,0.21,-0.926
2024-01-05 12:00:00,3.019,1.466,0.633,-2.237
2024-01-05 13:00:00,2.862,0.284,-0.157,-2.319
2024-01-05 14:00:00,3.347,-2.525,0.021,-1.6
2024-01-05 15:00:00,3.497,-1.276,-1.427,-2.084
2024-01-05 16:00:00,2.838,1.623,-0.523,-0.92
2024-01-05 17:00:00,2.766,-0.309,-0.72,-0.775
2024-01-05 18:00:00,3.386,1.949,0.783,-0.392
2024-01-05 19:00:00,3.616,2.485,1.61,0.756
2024-01-05 20:00:00,3.729,3.193,0.652,0.695
2024-01-05 21:00:00,3.094,0.699,2.067,-1.731
2024-01-05 22:00:00,3.349,2.849,1.127,-0.311
2024-01-05 23:00:00,3.263,2.984,0.075,-1.02
2024-01-06 00:00:00,3.061,2.322,0.34,-1.753
2024-01-06 01:00:00,2.941,1.847,-1.337,-1.198
2024-01-06 02:00:00,2.656,1.607,-1.329,-0.772
2024-01-06 03:00:00,2.73,-0.768,-1.493,-0.501
2024-01-06 04:00:00,3.039,0.511,-2.678,0.516
2024-01-06 05:00:00,3.072,-0.08,-2.745,0.452
2024-01-06 06:00:00,2.925,1.107,-2.34,0.319
2024-01-06 07:00:00,2.992,1.926,-1.649,0.314
2024-01-06 08:00:00,2.962,2.319,-1.243,-0.28
2024-01-06 09:00:00,3.033,2.642,-1.066,-0.197
2024-01-06 10:00:00,3.058,2.783,-0.914,0.257
2024-01-06 11:00:00,3.217,2.937,-0.918,0.572
2024-01-06 12:00:00,3.153,2.999,0.212,0.304
2024-01-06 13:00:00,3.127,3.037,0.299,0.077
2024-01-06 14:00:00,3.159,3.002,0.385,0.329
2024-01-06 15:00:00,2.968,2.891,-0.245,0.096
2024-01-06 16:00:00,2.814,2.553,-0.638,0.117
2024-01-06 17:00:00,2.64,1.667,-1.719,-0.165
2024-01-06 18:00:00,2.539,0.618,-1.238,-1.672
2024-01-06 19:00:00,2.486,0.921,-1.063,-1.431
2024-01-06 20:00:00,2.935,-0.717,-2.111,-1.699
2024-01-06 21:00:00,2.94,-0.247,-2.657,-0.386
2024-01-06 22:00:00,2.897,-0.833,-2.077,-1.483
2024-01-06 23:00:00,2.792,0.124,-2.586,-0.076
2024-01-07 00:00:00,2.717,0.891,-2.349,0.32
2024-01-07 01:00:00,2.692,1.204,-2.14,-0.127
2024-01-07 02:00:00,3.005,1.525,-2.177,1.119
2024-01-07 03:00:00,2.998,2.013,-1.864,0.726
2024-01-07 04:00:00,2.987,1.608,-2.312,0.704
2024-01-07 05:00:00,2.613,1.68,-1.792,0.462
2024-01-07 06:00:00,2.185,1.297,-0.578,-0.754
2024-01-07 07:00:00,2.185,0.396,-0.775,-1.612
2024-01-07 08:00:00,2.344,0.645,-0.19,-1.661
2024-01-07 09:00:00,2.54,1.331,-1.077,-1.09
2024-01-07 10:00:00,2.741,-0.255,-0.793,-2.5
2024-01-07 11:00:00,2.358,-1.347,-1.09,-1.421
2024-01-07 12:00:00,2.3,-0.672,-1.254,-1.671
2024-01-07 13:00:00,2.593,0.959,-1.494,-1.073
2024-01-07 14:00:00,2.815,2.474,-0.817,0.495
2024-01-07 15:00:00,2.662,2.319,-0.838,0.359
2024-01-07 16:00:00,2.573,2.249,-0.947,0.376
2024-01-07 17:00:00,1.332,0.199,-0.176,-0.209
2024-01-07 18:00:00,1.0,-0.422,0.575,-0.268
2024-01-07 19:00:00,1.199,-0.099,0.578,0.081
2024-01-07 20:00:00,1.364,-0.655,0.361,0.028
2024-01-07 21:00:00,2.083,-1.31,-0.01,-0.019
2024-01-07 22:00:00,2.995,-2.455,1.279,-0.726
2024-01-07 23:00:00,2.891,-2.438,0.716,-1.167
2024-01-08 00:00:00,2.494,-1.835,1.438,0.023
2024-01-08 01:00:00,2.489,-1.351,1.498,-0.971
2024-01-08 02:00:00,3.035,-2.756,0.664,0.205
2024-01-08 03:00:00,3.03,-2.65,1.009,0.696
2024-01-08 04:00:00,2.457,-1.782,0.61,0.991
2024-01-08 05:00:00,2.909,-2.075,1.816,0.518
2024-01-08 06:00:00,3.236,-2.465,1.958,-0.068
2024-01-08 07:00:00,3.669,-2.735,2.319,-0.034
2024-01-08 08:00:00,4.256,-3.116,1.859,-1.605
2024-01-08 09:00:00,5.065,-3.316,2.033,-2.964
2024-01-08 10:00:00,5.306,-2.481,2.591,-3.648
2024-01-08 11:00:00,5.633,-3.615,3.592,-2.163
2024-01-08 12:00:00,5.442,-3.708,3.773,-0.695
2024-01-08 13:00:00,5.179,-3.852,3.217,-0.202
2024-01-08 14:00:00,4.278,-1.253,3.439,1.703
2024-01-08 15:00:00,4.708,-1.935,3.92,1.153
2024-01-08 16:00:00,5.015,-2.758,2.478,2.546
2024-01-08 17:00:00,6.724,-3.539,4.211,2.919
2024-01-08 18:00:00,5.581,-0.033,2.536,-3.841
2024-01-08 19:00:00,5.222,-2.108,3.942,-2.169
2024-01-08 20:00:00,2.994,-2.421,0.408,-0.272
2024-01-08 21:00:00,6.585,-1.203,4.506,-3.962
2024-01-08 22:00:00,7.362,-2.248,4.962,-4.58
2024-01-08 23:00:00,6.214,-0.977,4.763,-2.464
2024-01-09 00:00:00,6.125,0.086,3.698,-3.172
2024-01-09 01:00:00,6.825,-3.343,3.079,1.151
2024-01-09 02:00:00,7.016,-3.83,5.139,1.703
2024-01-09 03:00:00,6.758,-4.353,4.561,-0.258
2024-01-09 04:00:00,6.436,-3.265,5.008,-1.506
2024-01-09 05:00:00,5.716,-2.179,3.207,-2.172
2024-01-09 06:00:00,5.422,0.117,1.41,-3.655
2024-01-09 07:00:00,7.247,-4.32,5.295,0.411
2024-01-09 08:00:00,7.717,-2.618,5.99,3.015
2024-01-09 09:00:00,7.275,-0.639,5.984,3.651
2024-01-09 10:00:00,7.288,-1.9,6.145,-0.009
2024-01-09 11:00:00,6.457,-3.128,3.958,0.674
2024-01-09 12:00:00,6.375,-2.919,3.395,-1.224
2024-01-09 13:00:00,6.668,-1.459,5.651,1.396
2024-01-09 14:00:00,6.177,-2.892,2.632,3.066
2024-01-09 15:00:00,6.232,-2.503,3.566,2.659
2024-01-09 16:00:00,4.985,-2.09,0.496,0.131
2024-01-09 17:00:00,5.648,-1.989,-2.563,3.432
2024-01-09 18:00:00,6.298,-1.781,3.586,2.856
2024-01-09 19:00:00,6.765,-2.989,5.386,1.152
2024-01-09 20:00:00,5.626,-2.311,3.702,-0.881
2024-01-09 21:00:00,6.024,-0.52,4.934,-0.757
2024-01-09 22:00:00,5.958,-3.215,3.312,-1.107
2024-01-09 23:00:00,5.66,-4.34,2.303,-1.291
2024-01-10 00:00:00,5.606,-2.53,3.821,1.002
2024-01-10 01:00:00,6.101,-2.659,4.731,-1.078
2024-01-10 02:00:00,6.356,-1.812,5.377,-1.299
2024-01-10 03:00:00,6.44,-0.47,5.921,-1.095
2024-01-10 04:00:00,6.567,-0.682,4.59,0.74
2024-01-10 05:00:00,6.614,-0.049,3.138,4.94
2024-01-10 06:00:00,7.396,-1.732,5.857,0.911
2024-01-10 07:00:00,6.534,-1.7,3.972,-3.376
2024-01-10 08:00:00,7.853,-4.281,5.575,0.154
2024-01-10 09:00:00,8.352,-4.494,4.751,-3.506
2024-01-10 10:00:00,8.363,-3.793,4.327,-5.305
2024-01-10 11:00:00,8.111,-0.817,6.506,-2.759
2024-01-10 12:00:00,8.154,-2.361,7.172,-0.264
2024-01-10 13:00:00,8.375,-1.947,7.654,-1.277
2024-01-10 14:00:00,8.106,-1.932,6.643,2.644
2024-01-10 15:00:00,8.496,-1.996,7.324,0.61
2024-01-10 16:00:00,8.478,-3.709,6.46,0.399
2024-01-10 17:00:00,7.602,-2.76,5.028,-0.214
2024-01-10 18:00:00,7.877,-4.898,2.589,1.323
2024-01-10 19:00:00,8.034,-3.425,5.865,-3.395
2024-01-10 20:00:00,8.69,-4.463,6.211,-3.788
2024-01-10 21:00:00,8.601,-3.691,6.579,-3.908
2024-01-10 22:00:00,8.262,-4.183,6.679,-1.83
2024-01-10 23:00:00,8.094,-4.012,6.513,-1.817
2024-01-11 00:00:00,8.081,-3.976,6.759,-1.039
2024-01-11 01:00:00,7.885,-3.683,6.845,-0.56
2024-01-11 02:00:00,7.983,-3.927,6.798,-0.629
2024-01-11 03:00:00,7.787,-4.615,5.774,-1.33
2024-01-11 04:00:00,7.673,-4.395,5.944,-0.488
2024-01-11 05:00:00,7.675,-1.839,6.643,-2.809
2024-01-11 06:00:00,7.712,-2.847,7.052,-0.396
2024-01-11 07:00:00,7.28,-3.966,5.957,-0.222
2024-01-11 08:00:00,6.913,-3.437,5.812,-0.626
2024-01-11 09:00:00,6.156,-2.714,4.296,-1.909
2024-01-11 10:00:00,5.899,-3.522,4.246,-0.008
2024-01-11 11:00:00,5.7,-1.316,4.851,-1.117
2024-01-11 12:00:00,5.811,-2.257,4.781,-0.661
2024-01-11 13:00:00,5.438,-3.644,3.424,-0.731
2024-01-11 14:00:00,5.153,-4.267,1.994,0.961
2024-01-11 15:00:00,5.015,-4.205,1.674,0.923
2024-01-11 16:00:00,4.932,-4.635,1.167,0.225
2024-01-11 17:00:00,4.91,-3.579,2.263,1.639
2024-01-11 18:00:00,4.932,-2.15,3.624,-0.348
2024-01-11 19:00:00,4.522,-2.523,1.851,-0.979
2024-01-11 20:00:00,4.08,-2.01,2.225,-0.39
2024-01-11 21:00:00,4.09,-2.414,2.28,-0.474
2024-01-11 22:00:00,4.162,-1.325,3.673,0.188
2024-01-11 23:00:00,4.086,-0.743,3.679,-0.126
2024-01-12 00:00:00,4.027,-2.512,2.793,-0.274
2024-01-12 01:00:00,3.892,-1.936,2.466,1.083
2024-01-12 02:00:00,3.935,-0.662,3.405,0.946
2024-01-12 03:00:00,3.92,-2.923,2.185,0.547
2024-01-12 04:00:00,3.686,-2.32,2.116,-0.765
2024-01-12 05:00:00,3.742,-2.522,2.498,-0.406
2024-01-12 06:00:00,3.695,1.149,0.694,-1.892
2024-01-12 07:00:00,4.106,2.407,1.943,-2.204
2024-01-12 08:00:00,3.807,1.62,3.134,-0.731
2024-01-12 09:00:00,3.809,1.519,2.846,-1.544
2024-01-12 10:00:00,4.27,3.395,2.259,-0.484
2024-01-12 11:00:00,4.492,3.792,2.153,-0.367
2024-01-12 12:00:00,4.503,4.035,1.535,-0.768
2024-01-12 13:00:00,4.415,3.855,0.763,-1.762
2024-01-12 14:00:00,4.116,3.219,1.134,-1.317
2024-01-12 15:00:00,3.776,1.37,3.222,-0.495
2024-01-12 16:00:00,3.49,1.329,2.251,-0.286
2024-01-12 17:00:00,2.962,-2.384,0.676,-0.566
2024-01-12 18:00:00,3.043,-2.12,1.497,-0.926
2024-01-12 19:00:00,3.501,-2.293,1.897,-1.336
2024-01-12 20:00:00,3.667,-1.325,2.685,-0.343
2024-01-12 21:00:00,3.914,0.747,2.801,0.254
2024-01-12 22:00:00,3.965,0.457,2.631,-2.281
2024-01-12 23:00:00,3.709,-2.135,1.499,-2.05
2024-01-13 00:00:00,3.735,-3.324,1.214,-0.383
2024-01-13 01:00:00,3.817,-3.575,1.08,-0.163
2024-01-13 02:00:00,3.949,-3.821,0.404,-0.174
2024-01-13 03:00:00,4.1,-3.982,-0.006,-0.018
2024-01-13 04:00:00,4.01,-3.711,1.239,0.24
2024-01-13 05:00:00,3.98,-3.376,1.363,-0.437
2024-01-13 06:00:00,4.117,-2.322,3.078,-1.103
2024-01-13 07:00:00,4.272,-2.714,2.639,-0.724
2024-01-13 08:00:00,4.473,-3.574,2.401,-0.816
2024-01-13 09:00:00,4.312,-2.475,2.359,0.802
2024-01-13 10:00:00,4.332,-2.599,2.968,1.195
2024-01-13 11:00:00,4.21,-1.874,2.817,0.8
2024-01-13 12:00:00,4.55,-2.796,3.414,0.236
2024-01-13 13:00:00,4.728,-3.37,3.086,-0.424
2024-01-13 14:00:00,4.693,-2.751,3.371,-1.142
2024-01-13 15:00:00,4.467,-0.573,3.842,-0.726
2024-01-13 16:00:00,4.797,-0.655,4.058,-1.979
2024-01-13 17:00:00,4.791,-0.612,4.038,-1.791
2024-01-13 18:00:00,4.595,-0.066,2.804,-3.064
2024-01-13 19:00:00,5.008,-0.781,3.861,-2.858
2024-01-13 20:00:00,4.992,-1.002,4.374,-1.387
2024-01-13 21:00:00,4.779,-0.938,3.463,-2.315
2024-01-13 22:00:00,4.864,-1.649,3.781,-2.124
2024-01-13 23:00:00,4.798,-1.252,3.949,-1.976
2024-01-14 00:00:00,4.825,-2.986,2.921,-2.172
2024-01-14 01:00:00,4.77,-2.496,3.168,-2.353
2024-01-14 02:00:00,5.246,-1.797,3.816,-2.585
2024-01-14 03:00:00,5.629,-1.749,4.043,-3.214
2024-01-14 04:00:00,5.835,-2.63,3.322,-3.936
2024-01-14 05:00:00,5.87,-3.172,3.037,-3.68
2024-01-14 06:00:00,5.781,-2.975,3.923,-2.541
2024-01-14 07:00:00,6.895,-2.434,1.212,-5.771
2024-01-14 08:00:00,6.934,-1.944,4.402,-4.644
2024-01-14 09:00:00,7.066,-3.435,1.17,-5.863
2024-01-14 10:00:00,6.455,-0.747,3.638,-3.716
2024-01-14 11:00:00,6.57,-1.65,4.555,-4.195
2024-01-14 12:00:00,6.754,-3.472,1.864,-5.394
2024-01-14 13:00:00,6.475,-3.198,2.229,-4.905
2024-01-14 14:00:00,6.536,-3.05,2.918,-4.834
2024-01-14 15:00:00,6.423,-3.104,1.374,-5.064
2024-01-14 16:00:00,6.124,-2.653,1.184,-5.315
2024-01-14 17:00:00,6.716,-2.811,-0.35,-6.042
2024-01-14 18:00:00,5.343,-2.67,-1.037,-4.321
2024-01-14 19:00:00,5.903,-2.833,-0.287,-4.174
2024-01-14 20:00:00,5.421,0.006,-4.356,-3.016
2024-01-14 21:00:00,3.611,0.976,-2.764,-0.779
2024-01-14 22:00:00,2.692,0.016,-1.833,-1.725
2024-01-14 23:00:00,2.58,0.284,-1.137,-2.067
2024-01-15 00:00:00,3.849,2.654,-0.912,-2.076
2024-01-15 01:00:00,2.473,1.289,-1.127,0.19
2024-01-15 02:00:00,2.875,-1.798,-1.153,0.435
2024-01-15 03:00:00,3.338,-2.818,-0.774,-0.397
2024-01-15 04:00:00,4.392,-3.578,-1.764,-0.431
2024-01-15 05:00:00,4.914,-3.049,-1.9,-2.875
2024-01-15 06:00:00,4.283,-3.262,-0.759,-2.116
2024-01-15 07:00:00,3.175,-2.236,-1.476,-1.003
2024-01-15 08:00:00,4.412,-4.083,-0.933,-0.766
2024-01-15 09:00:00,4.521,-3.967,-0.392,-1.851
2024-01-15 10:00:00,4.296,-0.293,-3.296,-1.495
2024-01-15 11:00:00,5.163,2.974,-3.761,1.257
2024-01-15 12:00:00,7.479,5.074,-4.717,2.026
2024-01-15 13:00:00,7.288,5.156,-4.959,0.826
2024-01-15 14:00:00,6.744,4.952,-4.421,0.544
2024-01-15 15:00:00,5.64,4.723,-2.299,1.024
2024-01-15 16:00:00,5.91,4.752,-3.375,-0.422
2024-01-15 17:00:00,5.636,4.807,-2.704,0.856
2024-01-15 18:00:00,7.99,5.071,-5.497,-1.455
2024-01-15 19:00:00,6.942,5.535,-2.855,-2.361
2024-01-15 20:00:00,5.268,2.796,-3.551,-1.287
2024-01-15 21:00:00,6.009,3.887,-3.46,-2.689
2024-01-15 22:00:00,6.176,3.23,-4.123,-3.137
2024-01-15 23:00:00,6.474,2.876,-3.965,-3.776
2024-01-16 00:00:00,5.335,1.253,-4.596,-1.567
2024-01-16 01:00:00,5.488,2.152,-4.126,-0.453
2024-01-16 02:00:00,6.08,3.998,-3.983,-1.559
2024-01-16 03:00:00,7.143,0.027,-3.524,2.889
2024-01-16 04:00:00,7.253,-3.149,-3.102,5.666
2024-01-16 05:00:00,6.863,-3.712,-1.463,5.189
2024-01-16 06:00:00,7.62,-3.903,-4.051,4.266
2024-01-16 07:00:00,8.062,-4.102,-5.607,3.925
2024-01-16 08:00:00,7.457,-4.799,-4.322,2.781
2024-01-16 09:00:00,6.262,-4.989,-3.123,1.578
2024-01-16 10:00:00,6.172,-3.238,-4.707,1.845
2024-01-16 11:00:00,6.079,-4.349,-4.103,-0.153
2024-01-16 12:00:00,4.763,-1.636,-4.164,0.747
2024-01-16 13:00:00,3.92,-1.115,-3.515,0.802
2024-01-16 14:00:00,4.77,1.112,-4.4,0.793
2024-01-16 15:00:00,6.145,-4.577,-2.985,2.376
2024-01-16 16:00:00,5.24,-1.798,-2.15,2.824
2024-01-16 17:00:00,3.64,1.981,0.157,-2.201
2024-01-16 18:00:00,3.234,-2.17,1.818,0.324
2024-01-16 19:00:00,4.334,-3.472,2.177,0.316
2024-01-16 20:00:00,3.833,0.555,-1.629,1.112
2024-01-16 21:00:00,4.212,3.129,-2.573,0.361
2024-01-16 22:00:00,4.086,3.245,-1.789,-1.194
2024-01-16 23:00:00,3.787,0.331,0.913,-1.548
2024-01-17 00:00:00,3.354,1.926,1.886,-0.581
2024-01-17 01:00:00,2.698,1.839,1.202,-0.693
2024-01-17 02:00:00,2.979,1.959,0.859,-0.966
2024-01-17 03:00:00,3.43,-1.136,2.714,-0.805
2024-01-17 04:00:00,3.813,2.086,-0.205,-2.254
2024-01-17 05:00:00,4.212,3.486,-1.218,-1.803
2024-01-17 06:00:00,4.539,3.863,-0.235,-2.205
2024-01-17 07:00:00,3.585,2.613,0.953,-1.213
2024-01-17 08:00:00,3.125,2.024,1.932,-0.79
2024-01-17 09:00:00,3.506,1.665,2.527,-0.665
2024-01-17 10:00:00,3.302,1.454,2.718,-0.069
2024-01-17 11:00:00,2.772,1.843,1.594,-0.29
2024-01-17 12:00:00,2.424,-0.956,1.077,-0.489
2024-01-17 13:00:00,2.517,-0.595,0.975,-0.18
2024-01-17 14:00:00,3.788,3.634,-0.558,0.066
2024-01-17 15:00:00,3.207,2.187,-0.039,-0.943
2024-01-17 16:00:00,3.7,3.296,0.294,-0.952
2024-01-17 17:00:00,4.14,3.773,1.09,-0.903
2024-01-17 18:00:00,3.671,3.166,0.641,-0.315
2024-01-17 19:00:00,3.581,-1.995,0.414,-2.423
2024-01-17 20:00:00,4.821,-4.242,0.526,0.631
2024-01-17 21:00:00,5.674,-5.016,-1.631,0.217
2024-01-17 22:00:00,5.15,-2.097,-3.298,-0.023
2024-01-17 23:00:00,5.248,-4.745,-0.546,-1.418
2024-01-18 00:00:00,5.077,-4.428,-0.627,-1.408
2024-01-18 01:00:00,4.903,-4.149,0.982,0.778
2024-01-18 02:00:00,5.362,-1.017,2.618,-0.655
2024-01-18 03:00:00,7.652,-5.901,3.969,2.681
2024-01-18 04:00:00,7.215,-5.813,2.715,1.55
2024-01-18 05:00:00,5.678,-1.553,3.877,-2.255
2024-01-18 06:00:00,6.738,1.959,2.251,-5.556
2024-01-18 07:00:00,5.592,0.691,2.537,-4.027
2024-01-18 08:00:00,5.704,3.002,2.156,-2.169
2024-01-18 09:00:00,5.418,3.593,1.496,-2.029
2024-01-18 10:00:00,5.988,1.103,4.762,-3.021
2024-01-18 11:00:00,5.439,2.113,2.941,-2.967
2024-01-18 12:00:00,4.73,-3.297,-1.8,0.587
2024-01-18 13:00:00,4.495,-2.37,-0.579,1.364
2024-01-18 14:00:00,5.623,-4.826,0.774,1.244
2024-01-18 15:00:00,4.305,-3.26,-0.436,0.425
2024-01-18 16:00:00,6.367,-5.351,-2.246,2.251
2024-01-18 17:00:00,5.522,-5.077,-0.086,0.489
2024-01-18 18:00:00,4.689,-2.295,2.655,-2.795
2024-01-18 19:00:00,5.475,-4.138,2.157,1.03
2024-01-18 20:00:00,7.184,-5.503,3.423,-2.154
2024-01-18 21:00:00,7.91,-5.508,3.894,-2.15
2024-01-18 22:00:00,8.191,-6.874,3.771,-0.025
2024-01-18 23:00:00,8.316,-6.143,4.321,-3.318
2024-01-19 00:00:00,8.232,-3.553,4.316,-5.918
2024-01-19 01:00:00,8.224,-3.558,3.426,-6.443
2024-01-19 02:00:00,8.165,-4.991,3.831,-5.062
2024-01-19 03:00:00,8.332,-4.773,3.735,-5.431
2024-01-19 04:00:00,7.953,-6.256,3.586,-2.269
2024-01-19 05:00:00,8.0,-4.499,5.323,-3.002
2024-01-19 06:00:00,8.094,-4.317,6.01,-1.987
2024-01-19 07:00:00,8.105,-5.645,5.582,1.155
2024-01-19 08:00:00,7.571,-5.172,4.853,0.584
2024-01-19 09:00:00,7.064,-4.539,4.244,1.531
2024-01-19 10:00:00,6.729,-3.841,4.29,2.794
2024-01-19 11:00:00,6.879,-4.454,4.628,0.968
2024-01-19 12:00:00,6.082,-5.643,0.788,-0.641
2024-01-19 13:00:00,6.036,-3.75,2.447,0.394
2024-01-19 14:00:00,6.101,-1.132,3.466,-4.022
2024-01-19 15:00:00,6.0,-0.318,4.528,-3.096
2024-01-19 16:00:00,5.398,-0.02,3.901,-1.709
2024-01-19 17:00:00,5.26,-1.614,4.017,1.48
2024-01-19 18:00:00,5.304,-2.038,1.578,3.682
2024-01-19 19:00:00,4.865,-2.077,3.665,0.169
2024-01-19 20:00:00,5.165,-2.526,2.762,-3.016
2024-01-19 21:00:00,5.176,-0.409,3.431,-3.354
2024-01-19 22:00:00,5.124,-2.426,2.954,1.637
2024-01-19 23:00:00,4.608,-2.227,-0.512,2.616
2024-01-20 00:00:00,4.841,-1.155,3.166,1.632
2024-01-20 01:00:00,4.606,-1.573,3.612,-0.047
2024-01-20 02:00:00,4.978,-0.42,2.175,-3.929
2024-01-20 03:00:00,4.793,-1.886,-0.022,-3.971
2024-01-20 04:00:00,4.434,-1.857,1.847,-2.243
2024-01-20 05:00:00,4.43,-2.948,-0.126,-2.399
2024-01-20 06:00:00,4.445,-2.106,2.757,-2.351
2024-01-20 07:00:00,4.647,-1.558,2.779,-3.182
2024-01-20 08:00:00,4.582,-2.533,1.832,-2.344
2024-01-20 09:00:00,4.585,-2.448,1.971,-1.585
2024-01-20 10:00:00,4.706,-0.766,3.317,-2.544
2024-01-20 11:00:00,4.253,-1.023,2.357,-2.82
2024-01-20 12:00:00,4.093,-1.171,1.744,-1.923
2024-01-20 13:00:00,4.168,-2.101,0.889,-1.803
2024-01-20 14:00:00,4.375,-1.074,3.159,-2.181
2024-01-20 15:00:00,4.424,-0.379,1.378,-3.863
2024-01-20 16:00:00,4.545,-1.54,2.39,-3.052
2024-01-20 17:00:00,4.812,-3.141,1.126,-2.987
2024-01-20 18:00:00,4.615,-2.408,1.629,-3.323
2024-01-20 19:00:00,4.026,-1.383,1.527,0.577
2024-01-20 20:00:00,4.048,-0.571,1.724,1.561
2024-01-20 21:00:00,4.143,-0.594,0.71,-1.393
2024-01-20 22:00:00,4.376,-2.06,2.538,-0.133
2024-01-20 23:00:00,4.596,-1.028,3.635,-0.456
2024-01-21 00:00:00,4.582,-2.047,3.191,-0.434
2024-01-21 01:00:00,4.832,-2.86,2.904,0.81
2024-01-21 02:00:00,5.3,-4.389,2.309,-0.933
2024-01-21 03:00:00,4.983,-1.749,3.624,-2.145
2024-01-21 04:00:00,5.369,-1.24,4.002,-3.007
2024-01-21 05:00:00,5.361,0.307,3.503,-3.854
2024-01-21 06:00:00,5.236,0.885,2.864,-3.951
2024-01-21 07:00:00,5.664,0.539,3.108,-4.553
2024-01-21 08:00:00,5.275,-0.167,2.914,-3.908
2024-01-21 09:00:00,4.935,-1.566,2.724,-3.075
2024-01-21 10:00:00,4.149,-1.493,2.349,-0.742
2024-01-21 11:00:00,4.643,-0.911,2.839,-1.55
2024-01-21 12:00:00,5.488,-2.153,2.865,-0.165
2024-01-21 13:00:00,6.307,-2.937,-2.455,4.549
2024-01-21 14:00:00,7.011,-2.975,-1.02,6.083
2024-01-21 15:00:00,6.94,-2.955,-0.036,5.965
2024-01-21 16:00:00,6.673,-3.588,4.563,1.541
2024-01-21 17:00:00,6.087,-1.959,5.02,-1.574
2024-01-21 18:00:00,6.187,-2.43,4.449,-1.793
2024-01-21 19:00:00,6.029,-3.016,4.346,-0.787
2024-01-21 20:00:00,5.687,-2.312,3.763,-1.006
2024-01-21 21:00:00,5.471,-1.635,3.301,-2.55
2024-01-21 22:00:00,5.313,-3.108,1.734,2.771
2024-01-21 23:00:00,5.387,-0.856,1.939,1.925
2024-01-22 00:00:00,5.435,-1.139,4.0,-0.748
2024-01-22 01:00:00,5.522,-4.083,2.247,0.262
2024-01-22 02:00:00,5.811,-3.017,-1.589,3.1
2024-01-22 03:00:00,5.906,-1.611,-0.444,3.036
2024-01-22 04:00:00,6.531,-2.491,5.352,-1.252
2024-01-22 05:00:00,6.901,-3.407,5.31,0.588
2024-01-22 06:00:00,6.128,-1.27,4.182,-2.387
2024-01-22 07:00:00,5.388,-2.307,3.16,-1.573
2024-01-22 08:00:00,4.922,-1.581,3.584,-0.588
2024-01-22 09:00:00,5.797,-0.924,4.749,-0.965
2024-01-22 10:00:00,5.792,-1.186,5.133,-0.573
2024-01-22 11:00:00,6.001,-0.52,4.939,-1.225
2024-01-22 12:00:00,5.966,0.016,4.08,-2.121
2024-01-22 13:00:00,6.095,-1.73,4.462,2.448
2024-01-22 14:00:00,6.634,-2.115,5.608,0.315
2024-01-22 15:00:00,7.747,-1.851,4.065,4.083
2024-01-22 16:00:00,10.325,-3.598,3.709,2.784
2024-01-22 17:00:00,12.191,-8.098,7.569,-3.566
2024-01-22 18:00:00,11.614,-7.71,4.121,-0.666
2024-01-22 19:00:00,12.756,0.181,5.789,-7.759
2024-01-22 20:00:00,11.548,-3.15,8.03,-6.757
2024-01-22 21:00:00,10.52,-6.423,5.625,4.438
2024-01-22 22:00:00,8.213,-4.294,3.786,0.44
2024-01-22 23:00:00,7.459,-5.037,1.929,0.874
2024-01-23 00:00:00,7.762,-5.206,3.27,-0.467
2024-01-23 01:00:00,6.446,-2.948,2.161,0.043
2024-01-23 02:00:00,7.06,0.701,4.822,4.761
2024-01-23 03:00:00,6.633,-1.349,3.313,1.943
2024-01-23 04:00:00,5.13,-3.912,1.445,-1.142
2024-01-23 05:00:00,5.081,-3.374,2.773,-0.628
2024-01-23 06:00:00,4.861,-3.003,2.975,-1.65
2024-01-23 07:00:00,4.953,-1.786,3.604,2.065
2024-01-23 08:00:00,5.966,-2.117,2.568,4.556
2024-01-23 09:00:00,5.789,-4.977,1.48,-0.569
2024-01-23 10:00:00,6.444,-4.724,2.084,2.246
2024-01-23 11:00:00,7.168,-5.821,2.724,0.943
2024-01-23 12:00:00,6.878,-3.723,5.301,0.616
2024-01-23 13:00:00,7.452,-5.639,3.102,3.018
2024-01-23 14:00:00,7.787,-6.022,2.678,3.297
2024-01-23 15:00:00,7.085,-5.656,3.502,1.396
2024-01-23 16:00:00,5.738,-4.464,2.487,1.741
2024-01-23 17:00:00,-999.9,-999.9,-999.9,-999.9
2024-01-23 18:00:00,-999.9,-999.9,-999.9,-999.9
2024-01-23 19:00:00,-999.9,-999.9,-999.9,-999.9
2024-01-23 20:00:00,3.274,0.282,-0.283,2.834
2024-01-23 21:00:00,4.786,1.079,-0.551,0.387
2024-01-23 22:00:00,3.568,2.685,0.134,-0.274
2024-01-23 23:00:00,5.285,2.449,-1.814,-3.456
2024-01-24 00:00:00,6.389,3.237,-4.27,-2.985
2024-01-24 01:00:00,5.583,2.887,-4.047,-2.131
2024-01-24 02:00:00,6.397,2.39,-4.337,-3.95
2024-01-24 03:00:00,7.459,2.467,-5.533,-4.207
2024-01-24 04:00:00,6.402,1.988,-5.623,-0.188
2024-01-24 05:00:00,4.305,1.854,-3.495,-0.406
2024-01-24 06:00:00,4.07,2.931,-0.829,0.262
2024-01-24 07:00:00,2.919,2.584,-1.073,-0.274
2024-01-24 08:00:00,3.214,3.031,-0.214,-0.824
2024-01-24 09:00:00,3.986,3.829,-0.51,-0.254
2024-01-24 10:00:00,3.461,2.676,-1.532,1.231
2024-01-24 11:00:00,3.482,1.968,-1.786,2.056
2024-01-24 12:00:00,3.334,1.058,-1.598,2.659
2024-01-24 13:00:00,3.432,1.521,-1.322,2.671
2024-01-24 14:00:00,3.596,2.676,-0.799,2.154
2024-01-24 15:00:00,4.05,3.583,-0.498,1.686
2024-01-24 16:00:00,3.868,3.369,-0.138,1.718
2024-01-24 17:00:00,3.613,3.39,0.34,0.912
2024-01-24 18:00:00,3.274,3.179,-0.228,0.394
2024-01-24 19:00:00,3.25,3.057,-0.468,0.776
2024-01-24 20:00:00,3.18,3.075,-0.314,0.491
2024-01-24 21:00:00,3.704,3.614,-0.354,0.34
2024-01-24 22:00:00,3.782,3.707,-0.427,0.19
2024-01-24 23:00:00,3.564,3.474,-0.529,-0.022
2024-01-25 00:00:00,3.213,2.983,-0.969,-0.137
2024-01-25 01:00:00,3.265,2.856,-1.321,-0.145
2024-01-25 02:00:00,3.627,2.67,-1.814,-0.384
2024-01-25 03:00:00,3.654,2.456,-2.328,0.16
2024-01-25 04:00:00,3.492,2.799,-1.637,-0.054
2024-01-25 05:00:00,4.298,3.819,-0.489,1.547
2024-01-25 06:00:00,5.573,3.564,-2.702,2.314
2024-01-25 07:00:00,6.252,5.029,1.061,1.963
2024-01-25 08:00:00,6.25,1.304,-2.831,0.522
2024-01-25 09:00:00,6.54,1.58,-5.475,1.097
2024-01-25 10:00:00,6.198,0.677,-3.27,0.759
2024-01-25 11:00:00,6.27,2.02,-4.572,-2.8
2024-01-25 12:00:00,6.1,2.222,-3.131,-2.957
2024-01-25 13:00:00,6.375,1.078,-5.584,2.305
2024-01-25 14:00:00,9.088,2.188,-7.394,3.986
2024-01-25 15:00:00,8.666,4.445,-6.064,3.567
2024-01-25 16:00:00,9.017,2.086,-7.467,4.378
2024-01-25 17:00:00,7.974,3.327,-5.075,3.515
2024-01-25 18:00:00,6.062,4.291,-1.874,2.7
2024-01-25 19:00:00,5.708,4.26,-1.435,1.911
2024-01-25 20:00:00,6.199,3.802,-4.287,1.777
2024-01-25 21:00:00,6.156,4.952,-3.1,1.335
2024-01-25 22:00:00,6.267,4.213,-4.104,1.678
2024-01-25 23:00:00,6.278,4.428,-4.31,0.511
2024-01-26 00:00:00,6.039,3.127,-4.145,2.763
2024-01-26 01:00:00,5.743,4.336,-3.436,0.079
2024-01-26 02:00:00,5.64,3.532,-3.405,2.128
2024-01-26 03:00:00,5.162,4.368,-2.422,-0.003
2024-01-26 04:00:00,5.288,3.8,-2.645,2.05
2024-01-26 05:00:00,5.077,3.924,-2.529,1.48
2024-01-26 06:00:00,5.061,3.677,-2.685,1.256
2024-01-26 07:00:00,5.223,3.693,-3.081,1.148
2024-01-26 08:00:00,6.093,3.766,-2.882,3.061
2024-01-26 09:00:00,5.911,0.143,-1.137,4.503
2024-01-26 10:00:00,7.022,1.711,-1.353,5.562
2024-01-26 11:00:00,7.275,1.376,-4.583,2.707
2024-01-26 12:00:00,7.265,0.313,-4.303,-5.156
2024-01-26 13:00:00,7.269,-0.211,-5.243,3.658
2024-01-26 14:00:00,6.562,0.412,-5.801,2.162
2024-01-26 15:00:00,7.091,1.159,-6.458,0.665
2024-01-26 16:00:00,7.179,2.44,-6.495,1.378
2024-01-26 17:00:00,6.304,3.037,-4.605,2.02
2024-01-26 18:00:00,5.008,0.869,3.997,1.343
2024-01-26 19:00:00,5.445,3.088,-3.479,-0.898
2024-01-26 20:00:00,6.098,4.914,-2.15,-2.594
2024-01-26 21:00:00,5.298,4.476,-0.868,-2.53
2024-01-26 22:00:00,5.159,4.157,0.175,-2.555
2024-01-26 23:00:00,5.298,2.143,4.267,-0.686
2024-01-27 00:00:00,4.977,1.357,4.345,-1.19
2024-01-27 01:00:00,5.508,1.424,5.218,-0.56
2024-01-27 02:00:00,5.729,-1.633,4.83,1.158
2024-01-27 03:00:00,5.76,-0.215,5.665,-0.42
2024-01-27 04:00:00,5.535,0.501,5.408,-0.098
2024-01-27 05:00:00,5.429,3.104,4.271,-0.703
2024-01-27 06:00:00,5.363,3.281,3.89,-1.2
2024-01-27 07:00:00,5.654,4.462,3.124,-0.052
2024-01-27 08:00:00,5.925,5.112,2.85,0.206
2024-01-27 09:00:00,6.187,4.623,3.838,0.666
2024-01-27 10:00:00,6.382,4.502,3.418,2.0
2024-01-27 11:00:00,6.223,4.058,4.345,0.889
2024-01-27 12:00:00,6.217,4.74,3.696,-0.91
2024-01-27 13:00:00,5.597,4.389,3.103,0.491
2024-01-27 14:00:00,5.337,4.428,1.116,0.702
2024-01-27 15:00:00,4.707,0.081,3.798,1.497
2024-01-27 16:00:00,4.816,-0.296,0.136,3.82
2024-01-27 17:00:00,5.139,-1.315,1.036,3.612
2024-01-27 18:00:00,6.17,-3.134,5.067,0.23
2024-01-27 19:00:00,5.428,-2.305,3.276,3.027
2024-01-27 20:00:00,5.192,-3.266,0.859,3.614
2024-01-27 21:00:00,5.183,-2.733,2.986,2.314
2024-01-27 22:00:00,5.535,-2.259,4.826,0.083
2024-01-27 23:00:00,6.126,-3.538,3.049,3.663
2024-01-28 00:00:00,6.371,-2.422,4.192,3.894
2024-01-28 01:00:00,7.676,-4.895,4.446,3.13
2024-01-28 02:00:00,7.032,-2.401,4.791,3.607
2024-01-28 03:00:00,8.158,-2.641,6.695,2.62
2024-01-28 04:00:00,9.573,-3.859,8.494,1.859
2024-01-28 05:00:00,8.635,-3.635,7.709,0.464
2024-01-28 06:00:00,9.019,-3.304,7.671,-0.691
2024-01-28 07:00:00,9.983,-5.152,8.165,1.047
2024-01-28 08:00:00,10.033,-4.724,8.677,0.784
2024-01-28 09:00:00,11.472,-5.916,7.942,1.783
2024-01-28 10:00:00,9.97,-2.245,-2.373,7.677
2024-01-28 11:00:00,9.434,0.775,-4.886,5.322
2024-01-28 12:00:00,10.152,6.239,-7.321,1.497
2024-01-28 13:00:00,10.255,4.848,-8.243,1.312
2024-01-28 14:00:00,10.766,5.077,-9.148,1.2
2024-01-28 15:00:00,10.773,6.71,-8.162,-1.125
2024-01-28 16:00:00,9.969,4.628,-7.939,-2.848
2024-01-28 17:00:00,8.141,3.607,-6.614,-1.756
2024-01-28 18:00:00,6.503,2.463,-4.262,-2.529
2024-01-28 19:00:00,5.834,3.35,-2.64,0.092
2024-01-28 20:00:00,6.874,5.143,-4.299,-0.804
2024-01-28 21:00:00,6.459,4.33,-3.627,-0.425
2024-01-28 22:00:00,7.559,4.161,-4.867,-1.282
2024-01-28 23:00:00,7.885,3.857,-5.38,-1.353
2024-01-29 00:00:00,7.447,4.004,-4.496,1.695
2024-01-29 01:00:00,6.978,4.926,-1.611,3.306
2024-01-29 02:00:00,6.807,3.775,-3.819,1.933
2024-01-29 03:00:00,6.473,1.417,-3.201,3.834
2024-01-29 04:00:00,6.29,4.097,-3.501,2.219
2024-01-29 05:00:00,6.474,3.611,-4.984,0.74
2024-01-29 06:00:00,5.461,1.78,-3.152,0.256
2024-01-29 07:00:00,6.014,2.36,1.083,4.939
2024-01-29 08:00:00,5.688,5.017,-0.653,1.727
2024-01-29 09:00:00,5.414,2.757,-3.522,-2.291
2024-01-29 10:00:00,5.277,3.418,-3.211,-1.016
2024-01-29 11:00:00,5.836,3.65,-2.758,-1.421
2024-01-29 12:00:00,6.04,4.025,0.783,-2.481
2024-01-29 13:00:00,6.044,1.868,0.044,-3.483
2024-01-29 14:00:00,4.551,-0.405,-1.807,-1.597
2024-01-29 15:00:00,5.956,1.888,-4.139,-1.134
2024-01-29 16:00:00,6.696,4.768,-3.738,1.689
2024-01-29 17:00:00,6.473,4.419,-3.536,-0.23
2024-01-29 18:00:00,6.815,5.018,-4.053,-0.705
2024-01-29 19:00:00,5.552,4.312,-0.668,1.906
2024-01-29 20:00:00,4.939,3.885,-0.131,1.934
2024-01-29 21:00:00,5.175,3.878,0.086,3.079
2024-01-29 22:00:00,4.206,1.888,-1.938,-0.836
2024-01-29 23:00:00,5.451,3.705,-2.77,1.511
2024-01-30 00:00:00,5.0,2.542,-2.945,-1.856
2024-01-30 01:00:00,4.644,2.34,-2.786,-0.189
2024-01-30 02:00:00,4.799,2.213,-3.281,1.481
2024-01-30 03:00:00,5.311,0.72,-4.407,-2.452
2024-01-30 04:00:00,5.183,-1.154,-4.022,-2.661
2024-01-30 05:00:00,5.455,-1.503,-4.661,-1.895
2024-01-30 06:00:00,5.241,0.608,-4.359,-1.727
2024-01-30 07:00:00,5.113,0.707,-4.484,-1.274
2024-01-30 08:00:00,5.139,2.017,-3.832,1.397
2024-01-30 09:00:00,4.945,2.498,-3.425,1.488
2024-01-30 10:00:00,4.01,2.229,-2.665,-0.295
2024-01-30 11:00:00,4.041,2.34,-2.223,0.509
2024-01-30 12:00:00,3.842,0.829,-2.524,0.442
2024-01-30 13:00:00,3.346,1.51,-2.331,-0.162
2024-01-30 14:00:00,4.222,0.131,-4.008,0.529
2024-01-30 15:00:00,4.448,-0.002,-4.134,-0.124
2024-01-30 16:00:00,4.73,-0.728,-4.342,0.003
2024-01-30 17:00:00,4.454,0.962,-3.584,-0.074
2024-01-30 18:00:00,4.575,1.132,-4.022,0.861
2024-01-30 19:00:00,4.527,2.24,-2.953,0.133
2024-01-30 20:00:00,4.099,1.614,0.686,-1.578
2024-01-30 21:00:00,3.856,0.324,-1.551,-2.001
2024-01-30 22:00:00,3.758,1.647,-1.819,1.485
2024-01-30 23:00:00,3.71,1.292,-1.759,1.814
2024-01-31 00:00:00,3.845,0.807,-3.017,-1.048
2024-01-31 01:00:00,3.53,1.262,-2.11,-1.464
2024-01-31 02:00:00,3.303,0.983,-1.546,1.346
2024-01-31 03:00:00,3.471,0.141,-3.058,0.101
2024-01-31 04:00:00,3.465,2.397,-0.849,-1.499
2024-01-31 05:00:00,3.176,2.839,0.092,0.59
2024-01-31 06:00:00,3.351,0.024,-1.677,-1.136
2024-01-31 07:00:00,4.006,0.261,-3.092,-1.514
2024-01-31 08:00:00,3.51,1.251,-2.178,0.398
2024-01-31 09:00:00,4.177,4.024,0.229,0.382
2024-01-31 10:00:00,3.897,3.209,0.541,1.51
2024-01-31 11:00:00,3.812,1.994,-2.894,-0.342
2024-01-31 12:00:00,3.354,1.418,-2.222,-0.043
2024-01-31 13:00:00,3.379,2.234,-1.34,0.98
2024-01-31 14:00:00,3.286,1.157,-2.253,-0.715
2024-01-31 15:00:00,3.461,2.034,-1.715,-1.186
2024-01-31 16:00:00,3.299,1.935,-1.725,-0.802
2024-01-31 17:00:00,3.352,-0.779,-1.276,-0.878
2024-01-31 18:00:00,3.292,2.379,-1.146,-0.846
2024-01-31 19:00:00,3.391,2.504,-1.011,-1.014
2024-01-31 20:00:00,3.612,3.18,-1.174,-0.67
2024-01-31 21:00:00,3.543,3.186,-1.158,-0.058
2024-01-31 22:00:00,3.688,3.538,-0.55,-0.361
2024-01-31 23:00:00,3.905,3.801,-0.321,0.047
2024-02-01 00:00:00,3.86,3.537,-0.938,0.844
2024-02-01 01:00:00,4.004,3.691,-0.991,0.754
2024-02-01 02:00:00,3.725,1.322,-3.017,-0.136
2024-02-01 03:00:00,4.085,2.854,-2.208,0.807
2024-02-01 04:00:00,4.022,3.077,-2.044,0.892
2024-02-01 05:00:00,6.181,0.719,-4.945,0.898
2024-02-01 06:00:00,6.488,1.111,-3.798,1.836
2024-02-01 07:00:00,6.686,3.465,-2.493,-2.454
2024-02-01 08:00:00,6.631,-2.469,-5.018,-2.55
2024-02-01 09:00:00,5.879,0.096,-5.027,0.682
2024-02-01 10:00:00,4.731,-2.411,-3.109,-0.232
2024-02-01 11:00:00,4.315,-0.272,-4.002,-0.345
2024-02-01 12:00:00,4.19,-0.831,-3.097,-0.731
2024-02-01 13:00:00,4.204,2.144,-3.31,0.763
2024-02-01 14:00:00,3.428,1.129,-2.547,0.292
2024-02-01 15:00:00,3.209,0.82,-1.282,-1.973
2024-02-01 16:00:00,3.85,1.711,-2.561,-1.663
2024-02-01 17:00:00,3.938,0.6,-3.109,-1.84
2024-02-01 18:00:00,4.126,3.28,-1.47,-1.257
2024-02-01 19:00:00,4.303,3.401,-2.268,-0.59
2024-02-01 20:00:00,4.258,3.716,-1.613,-0.791
2024-02-01 21:00:00,4.052,2.725,-2.865,0.083
2024-02-01 22:00:00,4.239,3.655,-1.691,0.768
2024-02-01 23:00:00,3.902,2.805,-2.399,0.687
2024-02-02 00:00:00,3.754,2.534,-2.09,1.345
2024-02-02 01:00:00,3.665,2.935,-1.668,1.06
2024-02-02 02:00:00,3.319,1.046,-2.868,-0.859
2024-02-02 03:00:00,3.171,0.743,-2.554,-1.494
2024-02-02 04:00:00,3.11,0.592,-1.569,-2.319
2024-02-02 05:00:00,3.416,-1.09,-2.663,-0.886
2024-02-02 06:00:00,3.605,-1.583,-2.91,-0.792
2024-02-02 07:00:00,3.474,-1.045,-2.642,-1.442
2024-02-02 08:00:00,3.045,-0.724,-0.889,-1.93
2024-02-02 09:00:00,2.364,-0.878,-1.25,-1.351
2024-02-02 10:00:00,2.552,-1.143,-0.739,-1.931
2024-02-02 11:00:00,2.386,-0.466,-1.503,-0.665
2024-02-02 12:00:00,2.371,1.24,-1.526,0.64
2024-02-02 13:00:00,2.889,2.774,0.119,0.207
2024-02-02 14:00:00,3.058,2.817,0.276,-0.021
2024-02-02 15:00:00,2.903,2.581,0.322,-0.192
2024-02-02 16:00:00,2.685,2.162,-0.184,1.17
2024-02-02 17:00:00,2.514,1.737,-0.679,1.072
2024-02-02 18:00:00,2.794,1.432,-0.187,1.957
2024-02-02 19:00:00,2.699,1.504,-0.854,0.718
2024-02-02 20:00:00,2.342,0.653,-2.023,-0.191
2024-02-02 21:00:00,2.61,1.154,-1.297,1.572
2024-02-02 22:00:00,2.177,1.5,-0.91,0.162
2024-02-02 23:00:00,2.774,-2.029,-1.235,-1.174
2024-02-03 00:00:00,2.726,-2.232,-1.346,-0.245
2024-02-03 01:00:00,3.281,-2.7,-1.475,-0.876
2024-02-03 02:00:00,3.75,-3.133,-1.612,-1.099
2024-02-03 03:00:00,3.564,-2.9,-1.447,-1.273
2024-02-03 04:00:00,3.176,-2.378,-1.812,-0.681
2024-02-03 05:00:00,3.482,-2.969,-1.381,-0.773
2024-02-03 06:00:00,3.734,-3.227,-1.285,-0.998
2024-02-03 07:00:00,3.511,-2.516,-2.065,-0.704
2024-02-03 08:00:00,3.518,-2.696,-1.578,-0.989
2024-02-03 09:00:00,3.403,-2.426,-0.876,-1.803
2024-02-03 10:00:00,3.737,-2.662,-1.177,-2.207
2024-02-03 11:00:00,3.64,-2.262,-2.247,-1.538
2024-02-03 12:00:00,3.6,-2.444,-2.088,-1.368
2024-02-03 13:00:00,3.87,-2.887,-2.135,-1.097
2024-02-03 14:00:00,3.143,-0.741,-1.885,-0.586
2024-02-03 15:00:00,3.483,2.075,-0.03,-1.618
2024-02-03 16:00:00,3.995,2.405,-3.067,0.558
2024-02-03 17:00:00,3.775,2.067,-2.944,0.95
2024-02-03 18:00:00,3.869,1.921,-2.996,1.192
2024-02-03 19:00:00,4.374,2.14,-3.704,0.182
2024-02-03 20:00:00,3.626,0.724,-2.891,-1.493
2024-02-03 21:00:00,3.284,-0.16,-2.313,-1.172
2024-02-03 22:00:00,4.081,-0.77,-3.886,-0.338
2024-02-03 23:00:00,3.62,-1.199,-3.072,0.602
2024-02-04 00:00:00,4.232,-1.105,-3.475,2.028
2024-02-04 01:00:00,5.072,-0.768,-4.865,0.497
2024-02-04 02:00:00,4.019,0.271,-3.002,0.71
2024-02-04 03:00:00,5.374,-0.854,3.832,0.52
2024-02-04 04:00:00,5.3,-3.701,1.196,-2.269
2024-02-04 05:00:00,6.128,-4.156,3.979,-0.312
2024-02-04 06:00:00,4.51,-1.389,1.779,2.113
2024-02-04 07:00:00,4.347,-2.514,2.961,1.319
2024-02-04 08:00:00,4.943,-4.167,2.0,0.393
2024-02-04 09:00:00,5.9,-3.702,3.564,0.682
2024-02-04 10:00:00,7.976,-2.206,4.624,5.46
2024-02-04 11:00:00,8.259,0.795,1.992,7.151
2024-02-04 12:00:00,7.812,-1.567,5.071,5.281
2024-02-04 13:00:00,7.441,-3.551,5.236,3.662
2024-02-04 14:00:00,6.882,-4.521,4.24,2.085
2024-02-04 15:00:00,7.305,-4.985,5.062,-0.526
2024-02-04 16:00:00,6.951,-5.075,1.853,-3.253
2024-02-04 17:00:00,7.529,-2.642,4.743,-1.348
2024-02-04 18:00:00,6.765,-3.859,1.828,-4.294
2024-02-04 19:00:00,6.145,-2.89,1.919,-2.775
2024-02-04 20:00:00,6.467,-1.93,4.003,2.849
2024-02-04 21:00:00,6.843,-4.383,4.808,1.079
2024-02-04 22:00:00,6.946,-4.358,4.842,0.894
2024-02-04 23:00:00,6.593,-2.762,4.677,2.713
2024-02-05 00:00:00,6.543,0.53,4.653,2.688
2024-02-05 01:00:00,6.252,-0.157,5.062,-0.693
2024-02-05 02:00:00,7.137,-0.891,4.011,4.334
2024-02-05 03:00:00,6.739,-2.629,5.002,-0.907
2024-02-05 04:00:00,6.606,-3.869,4.678,-1.262
2024-02-05 05:00:00,6.8,-3.937,4.949,-0.659
2024-02-05 06:00:00,7.123,-3.126,4.522,-0.474
2024-02-05 07:00:00,7.052,-3.78,2.106,3.251
2024-02-05 08:00:00,7.059,-2.279,4.14,4.363
2024-02-05 09:00:00,7.315,-3.442,4.48,-2.129
2024-02-05 10:00:00,8.002,-5.065,4.898,0.194
2024-02-05 11:00:00,9.105,-8.336,1.711,0.777
2024-02-05 12:00:00,9.752,-8.163,2.88,3.81
2024-02-05 13:00:00,9.768,-6.059,4.491,5.457
2024-02-05 14:00:00,9.609,-5.721,5.456,4.743
2024-02-05 15:00:00,9.415,-4.986,5.746,5.113
2024-02-05 16:00:00,9.413,-5.464,3.958,-3.932
2024-02-05 17:00:00,8.371,-4.07,4.236,1.775
2024-02-05 18:00:00,8.419,-2.316,4.483,5.556
2024-02-05 19:00:00,8.873,-3.343,4.644,5.883
2024-02-05 20:00:00,8.592,-7.197,2.289,1.863
2024-02-05 21:00:00,8.743,-5.299,4.513,1.665
2024-02-05 22:00:00,9.228,-7.093,2.742,-3.434
2024-02-05 23:00:00,9.319,-1.16,7.549,4.674
2024-02-06 00:00:00,9.089,-0.993,7.938,3.525
2024-02-06 01:00:00,7.891,-6.049,0.507,-2.359
2024-02-06 02:00:00,7.356,-3.813,5.537,1.031
2024-02-06 03:00:00,8.179,-5.222,5.986,-0.803
2024-02-06 04:00:00,8.342,-5.515,5.499,0.574
2024-02-06 05:00:00,7.831,-3.75,5.349,2.547
2024-02-06 06:00:00,6.931,0.72,3.73,3.975
2024-02-06 07:00:00,6.732,-1.634,5.063,1.477
2024-02-06 08:00:00,7.539,-0.912,4.962,0.305
2024-02-06 09:00:00,7.831,2.176,6.465,1.142
2024-02-06 10:00:00,7.083,-0.886,6.411,0.401
2024-02-06 11:00:00,7.01,-1.749,6.503,1.267
2024-02-06 12:00:00,7.264,-2.479,6.453,0.12
2024-02-06 13:00:00,6.121,-2.693,4.349,0.813
2024-02-06 14:00:00,6.672,-2.972,4.756,1.882
2024-02-06 15:00:00,6.512,-4.278,4.521,-1.047
2024-02-06 16:00:00,7.022,-5.816,2.349,-1.554
2024-02-06 17:00:00,6.933,-6.294,2.568,0.279
2024-02-06 18:00:00,6.384,-5.477,2.958,-0.728
2024-02-06 19:00:00,6.693,-4.346,4.965,-0.394
2024-02-06 20:00:00,6.29,-4.509,3.767,1.305
2024-02-06 21:00:00,5.792,-1.439,3.061,2.529
2024-02-06 22:00:00,5.696,-2.123,4.948,0.086
2024-02-06 23:00:00,5.827,-3.803,3.921,-1.34
2024-02-07 00:00:00,5.951,-5.154,2.274,-0.946
2024-02-07 01:00:00,5.51,-4.318,2.937,-0.599
2024-02-07 02:00:00,5.2,-3.559,2.126,-1.936
2024-02-07 03:00:00,5.292,-2.825,3.878,-0.599
2024-02-07 04:00:00,5.397,-2.9,4.332,-0.27
2024-02-07 05:00:00,5.225,-3.749,1.269,-0.956
2024-02-07 06:00:00,5.329,-3.086,3.212,1.819
2024-02-07 07:00:00,5.36,-3.419,3.527,-1.155
2024-02-07 08:00:00,5.05,-3.714,2.327,-0.582
2024-02-07 09:00:00,4.845,-1.568,-3.636,0.235
2024-02-07 10:00:00,4.789,-2.89,1.573,-2.135
2024-02-07 11:00:00,4.581,-2.781,0.328,-2.038
2024-02-07 12:00:00,4.612,-1.943,3.761,-1.04
2024-02-07 13:00:00,4.525,-1.487,3.449,1.033
2024-02-07 14:00:00,4.468,-0.524,3.805,-0.514
2024-02-07 15:00:00,4.585,-2.159,2.93,-0.293
2024-02-07 16:00:00,4.522,-2.65,3.231,0.747
2024-02-07 17:00:00,4.433,-1.885,3.789,-0.16
2024-02-07 18:00:00,4.32,-2.322,2.306,-1.161
2024-02-07 19:00:00,4.094,-1.803,2.125,-0.065
2024-02-07 20:00:00,3.972,-1.283,2.832,0.966
2024-02-07 21:00:00,4.026,-0.374,3.139,0.433
2024-02-07 22:00:00,3.856,-1.965,3.004,0.468
2024-02-07 23:00:00,3.887,-1.945,1.934,-1.695
2024-02-08 00:00:00,3.906,-2.317,1.818,-0.603
2024-02-08 01:00:00,4.019,0.093,3.709,-0.067
2024-02-08 02:00:00,4.046,0.189,3.682,-1.079
2024-02-08 03:00:00,4.116,0.992,3.465,-0.932
2024-02-08 04:00:00,4.102,0.691,3.567,-0.682
2024-02-08 05:00:00,3.878,0.17,3.167,-1.162
2024-02-08 06:00:00,3.782,0.901,2.952,-1.062
2024-02-08 07:00:00,3.89,-1.411,2.208,-1.749
2024-02-08 08:00:00,3.92,-2.266,2.096,-0.249
2024-02-08 09:00:00,4.14,-1.505,2.523,-2.213
2024-02-08 10:00:00,4.256,-3.058,0.699,-2.67
2024-02-08 11:00:00,4.508,-3.105,-0.701,-3.075
2024-02-08 12:00:00,4.271,-3.294,-0.625,-2.451
2024-02-08 13:00:00,3.557,-1.13,2.09,-0.581
2024-02-08 14:00:00,3.591,-1.652,1.274,-1.877
2024-02-08 15:00:00,3.936,-2.208,1.112,-2.059
2024-02-08 16:00:00,4.337,-3.307,1.438,-0.73
2024-02-08 17:00:00,3.711,-0.912,2.958,1.587
2024-02-08 18:00:00,3.644,-0.698,3.321,0.795
2024-02-08 19:00:00,3.925,1.284,2.271,1.557
2024-02-08 20:00:00,4.859,0.908,3.657,2.034
2024-02-08 21:00:00,4.535,0.344,0.526,3.913
2024-02-08 22:00:00,4.89,2.807,2.897,1.997
2024-02-08 23:00:00,4.507,-0.916,0.505,2.291
2024-02-09 00:00:00,4.526,-2.693,-0.519,3.534
2024-02-09 01:00:00,3.856,-3.126,-0.084,1.177
2024-02-09 02:00:00,3.582,-3.364,0.273,-0.792
2024-02-09 03:00:00,3.669,-3.586,-0.065,-0.041
2024-02-09 04:00:00,3.708,-3.603,0.067,-0.413
2024-02-09 05:00:00,3.611,-3.143,1.33,0.139
2024-02-09 06:00:00,3.417,-2.631,1.248,0.519
2024-02-09 07:00:00,3.371,-3.003,0.752,0.481
2024-02-09 08:00:00,3.229,-0.035,1.189,2.071
2024-02-09 09:00:00,3.488,-1.167,-1.28,-2.692
2024-02-09 10:00:00,3.525,-0.996,2.728,-1.596
2024-02-09 11:00:00,3.335,-0.046,2.933,-1.13
2024-02-09 12:00:00,3.58,-0.043,3.471,0.475
2024-02-09 13:00:00,3.741,-0.666,3.604,0.317
2024-02-09 14:00:00,3.423,-0.59,2.904,1.344
2024-02-09 15:00:00,3.038,-0.657,2.676,0.873
2024-02-09 16:00:00,2.851,-0.659,2.012,1.371
2024-02-09 17:00:00,3.299,-1.393,2.093,1.664
2024-02-09 18:00:00,4.403,-2.261,3.561,0.162
2024-02-09 19:00:00,5.825,-2.706,4.996,0.064
2024-02-09 20:00:00,6.306,-0.654,5.11,3.284
2024-02-09 21:00:00,7.528,2.756,0.787,4.943
2024-02-09 22:00:00,7.431,2.768,1.77,5.727
2024-02-09 23:00:00,5.462,-0.497,2.952,3.416
2024-02-10 00:00:00,3.057,0.812,1.272,2.412
2024-02-10 01:00:00,3.496,2.368,0.801,1.768
2024-02-10 02:00:00,3.421,0.229,1.793,1.742
2024-02-10 03:00:00,3.809,0.307,2.664,1.87
2024-02-10 04:00:00,3.663,-1.264,1.127,2.2
2024-02-10 05:00:00,4.583,-1.414,2.659,2.204
2024-02-10 06:00:00,2.617,-0.648,0.011,1.339
2024-02-10 07:00:00,4.187,-0.989,0.048,3.627
2024-02-10 08:00:00,5.19,2.87,-3.676,0.788
2024-02-10 09:00:00,5.351,2.068,-4.439,-1.747
2024-02-10 10:00:00,4.614,1.183,-3.738,-1.992
2024-02-10 11:00:00,3.585,-0.996,-0.496,-2.285
2024-02-10 12:00:00,3.661,0.549,-0.703,0.117
2024-02-10 13:00:00,4.005,3.055,-1.516,1.698
2024-02-10 14:00:00,4.064,3.099,0.007,2.437
2024-02-10 15:00:00,4.449,3.878,-0.023,2.037
2024-02-10 16:00:00,4.219,3.806,-0.566,1.544
2024-02-10 17:00:00,4.351,4.162,-0.279,0.903
2024-02-10 18:00:00,4.332,4.237,-0.341,0.243
2024-02-10 19:00:00,4.619,4.499,0.355,-0.149
2024-02-10 20:00:00,4.675,4.161,1.899,0.455
2024-02-10 21:00:00,3.775,3.532,0.915,0.556
2024-02-10 22:00:00,4.286,3.902,0.932,1.309
2024-02-10 23:00:00,4.379,2.913,0.619,2.998
2024-02-11 00:00:00,4.04,2.47,0.511,2.931
2024-02-11 01:00:00,13.405,1.305,0.988,1.866
2024-02-11 02:00:00,13.372,1.122,-9.97,-0.753
2024-02-11 03:00:00,12.008,3.786,-8.871,-1.577
2024-02-11 04:00:00,9.132,3.23,-4.307,-3.398
2024-02-11 05:00:00,7.809,1.972,-4.112,-0.38
2024-02-11 06:00:00,5.71,-0.662,1.781,-0.378
2024-02-11 07:00:00,6.025,-0.766,0.836,-1.616
2024-02-11 08:00:00,6.03,-3.035,1.545,-2.462
2024-02-11 09:00:00,7.27,-0.463,1.618,-0.797
2024-02-11 10:00:00,7.547,0.382,2.561,2.073
2024-02-11 11:00:00,7.197,3.196,1.514,5.983
2024-02-11 12:00:00,6.865,3.337,0.266,5.757
2024-02-11 13:00:00,7.183,4.227,-1.532,5.28
2024-02-11 14:00:00,7.221,3.846,-2.602,5.449
2024-02-11 15:00:00,5.745,-1.043,-3.662,0.169
2024-02-11 16:00:00,6.206,2.453,-4.831,2.885
2024-02-11 17:00:00,6.086,1.318,-5.351,2.44
2024-02-11 18:00:00,5.949,-0.446,-5.287,0.839
2024-02-11 19:00:00,6.72,3.4,-4.935,2.001
2024-02-11 20:00:00,6.609,2.662,-5.903,0.463
2024-02-11 21:00:00,6.399,3.727,-4.684,1.616
2024-02-11 22:00:00,6.453,2.762,-5.245,0.988
2024-02-11 23:00:00,7.025,3.071,-4.973,3.271
2024-02-12 00:00:00,7.011,3.334,-5.763,1.358
2024-02-12 01:00:00,6.819,2.503,-5.793,2.093
2024-02-12 02:00:00,6.635,2.436,-5.791,1.621
2024-02-12 03:00:00,5.931,0.896,-4.579,2.21
2024-02-12 04:00:00,5.87,0.258,-4.277,2.416
2024-02-12 05:00:00,5.588,2.467,-3.682,1.115
2024-02-12 06:00:00,5.282,2.756,-1.759,3.199
2024-02-12 07:00:00,5.243,1.016,-1.882,3.862
2024-02-12 08:00:00,5.286,1.319,-0.173,4.715
2024-02-12 09:00:00,5.342,0.669,-1.706,4.634
2024-02-12 10:00:00,4.824,-1.261,-2.83,3.558
2024-02-12 11:00:00,4.688,-0.684,-2.536,3.661
2024-02-12 12:00:00,4.578,-0.432,-2.455,3.596
2024-02-12 13:00:00,4.464,0.274,-1.781,3.49
2024-02-12 14:00:00,4.27,-0.668,0.769,3.519
2024-02-12 15:00:00,4.355,-1.82,1.903,3.251
2024-02-12 16:00:00,4.364,-2.116,1.622,2.865
2024-02-12 17:00:00,4.313,-2.156,3.463,0.929
2024-02-12 18:00:00,3.387,0.372,-0.907,2.399
2024-02-12 19:00:00,3.202,0.263,-1.018,2.717
2024-02-12 20:00:00,2.885,0.519,-0.833,2.32
2024-02-12 21:00:00,2.753,0.275,-1.759,1.855
2024-02-12 22:00:00,2.668,0.902,-1.683,1.363
2024-02-12 23:00:00,2.772,-1.283,-0.446,1.452
2024-02-13 00:00:00,3.2,-1.595,-0.577,2.371
2024-02-13 01:00:00,3.773,-1.045,-2.927,1.446
2024-02-13 02:00:00,6.028,2.237,-5.195,0.19
2024-02-13 03:00:00,6.008,1.679,-5.655,-0.034
2024-02-13 04:00:00,5.652,1.505,-5.043,-1.292
2024-02-13 05:00:00,5.272,0.632,-3.931,0.461
2024-02-13 06:00:00,5.645,0.195,-5.192,1.404
2024-02-13 07:00:00,5.706,-0.275,-4.886,-2.451
2024-02-13 08:00:00,4.832,-0.269,-3.195,0.868
2024-02-13 09:00:00,4.52,0.23,-2.896,-3.119
2024-02-13 10:00:00,4.872,0.968,-3.332,-3.269
2024-02-13 11:00:00,4.704,0.947,-2.166,-3.986
2024-02-13 12:00:00,4.538,-0.192,-0.847,-3.943
2024-02-13 13:00:00,5.482,-0.757,-1.572,-5.033
2024-02-13 14:00:00,5.688,-1.056,-0.327,-5.297
2024-02-13 15:00:00,5.425,-2.767,1.017,-4.308
2024-02-13 16:00:00,5.257,-2.932,1.678,-3.845
2024-02-13 17:00:00,5.4,-3.331,2.897,-2.591
2024-02-13 18:00:00,3.795,-1.376,1.797,-0.65
2024-02-13 19:00:00,4.268,-2.125,2.543,-1.659
2024-02-13 20:00:00,4.578,-1.721,0.013,-3.076
2024-02-13 21:00:00,5.542,-3.328,2.31,-3.404
2024-02-13 22:00:00,5.302,-3.23,3.573,-2.048
2024-02-13 23:00:00,5.954,-3.638,4.247,-1.145
2024-02-14 00:00:00,6.371,-2.866,5.062,-2.152
2024-02-14 01:00:00,6.483,-3.965,0.743,-4.114
2024-02-14 02:00:00,6.728,-5.087,2.275,-3.072
2024-02-14 03:00:00,6.779,-4.523,4.641,-1.565
2024-02-14 04:00:00,6.915,-3.656,5.291,-2.4
2024-02-14 05:00:00,7.09,-3.818,5.6,-1.668
2024-02-14 06:00:00,7.281,-5.292,3.888,-2.118
2024-02-14 07:00:00,6.746,-3.59,5.256,0.337
2024-02-14 08:00:00,6.735,0.765,5.562,1.949
2024-02-14 09:00:00,6.4,1.397,5.309,-0.415
2024-02-14 10:00:00,6.517,1.701,4.147,4.298
2024-02-14 11:00:00,6.432,1.282,4.38,4.088
2024-02-14 12:00:00,6.263,2.616,5.142,1.988
2024-02-14 13:00:00,6.051,3.341,4.725,1.573
2024-02-14 14:00:00,5.816,3.57,3.881,1.664
2024-02-14 15:00:00,5.496,3.46,3.053,1.717
2024-02-14 16:00:00,5.142,3.011,2.563,0.745
2024-02-14 17:00:00,5.249,3.639,2.836,0.473
2024-02-14 18:00:00,5.438,3.536,1.275,3.825
2024-02-14 19:00:00,5.31,3.157,1.16,3.929
2024-02-14 20:00:00,5.358,3.68,0.418,3.771
2024-02-14 21:00:00,5.602,3.017,-1.077,4.504
2024-02-14 22:00:00,8.219,3.728,-0.462,7.203
2024-02-14 23:00:00,9.003,4.467,-0.509,7.224
2024-02-15 00:00:00,8.963,5.514,-3.828,5.647
2024-02-15 01:00:00,7.634,6.213,-0.657,2.541
2024-02-15 02:00:00,6.098,3.052,-0.024,0.663
2024-02-15 03:00:00,6.041,4.443,0.623,0.04
2024-02-15 04:00:00,5.363,1.711,3.631,-0.358
2024-02-15 05:00:00,5.539,3.015,1.776,-0.055
2024-02-15 06:00:00,5.816,3.741,1.054,1.649
2024-02-15 07:00:00,5.562,-3.0,3.744,-1.989
2024-02-15 08:00:00,5.649,-0.151,5.229,1.052
2024-02-15 09:00:00,5.88,-4.127,3.155,-1.554
2024-02-15 10:00:00,6.012,-3.492,4.027,-1.56
2024-02-15 11:00:00,5.992,-4.225,3.414,-2.168
2024-02-15 12:00:00,5.364,-2.394,4.575,-0.782
2024-02-15 13:00:00,5.418,-1.373,4.405,1.163
2024-02-15 14:00:00,5.668,-0.241,3.781,1.896
2024-02-15 15:00:00,5.724,2.201,4.528,1.787
2024-02-15 16:00:00,5.517,1.201,5.221,-0.044
2024-02-15 17:00:00,5.032,-1.465,2.504,-3.594
2024-02-15 18:00:00,4.62,0.056,2.094,2.71
2024-02-15 19:00:00,4.909,-3.593,2.599,-0.283
2024-02-15 20:00:00,4.978,-4.333,1.284,-1.671
2024-02-15 21:00:00,5.167,-3.968,2.08,-2.226
2024-02-15 22:00:00,5.036,-3.448,3.159,-1.261
2024-02-15 23:00:00,5.313,-3.58,3.539,-1.116
2024-02-16 00:00:00,5.464,-3.475,2.833,-3.001
2024-02-16 01:00:00,5.476,-3.889,2.837,-2.449
2024-02-16 02:00:00,5.526,-3.271,3.663,-2.437
2024-02-16 03:00:00,5.534,-3.588,3.698,-1.598
2024-02-16 04:00:00,5.421,-3.346,3.808,-0.663
2024-02-16 05:00:00,5.869,-3.17,4.478,0.332
2024-02-16 06:00:00,5.429,-1.805,4.073,1.513
2024-02-16 07:00:00,4.93,-0.779,3.481,2.215
2024-02-16 08:00:00,4.125,-1.361,2.964,0.388
2024-02-16 09:00:00,6.101,-1.544,5.326,0.709
2024-02-16 10:00:00,6.917,0.699,-0.067,2.205
2024-02-16 11:00:00,8.756,2.972,-7.573,2.842
2024-02-16 12:00:00,8.58,2.286,-5.355,6.03
2024-02-16 13:00:00,8.163,2.468,-3.051,5.529
2024-02-16 14:00:00,8.229,1.047,2.622,7.57
2024-02-16 15:00:00,7.859,0.688,2.525,7.09
2024-02-16 16:00:00,7.459,1.041,0.756,6.783
2024-02-16 17:00:00,6.747,2.717,-0.432,5.993
2024-02-16 18:00:00,6.358,0.129,1.051,6.208
2024-02-16 19:00:00,6.241,-0.687,0.071,6.072
2024-02-16 20:00:00,6.264,1.66,-2.54,3.264
2024-02-16 21:00:00,5.724,4.021,-3.464,1.39
2024-02-16 22:00:00,5.161,-1.228,-0.524,4.565
2024-02-16 23:00:00,4.123,-0.42,1.832,3.051
2024-02-17 00:00:00,4.549,-0.05,0.718,1.053
2024-02-17 01:00:00,6.338,-3.548,-4.065,-3.225
2024-02-17 02:00:00,6.133,-5.158,-1.01,1.173
2024-02-17 03:00:00,6.27,-5.572,-0.32,2.647
2024-02-17 04:00:00,5.951,-3.251,3.127,3.299
2024-02-17 05:00:00,5.436,-2.688,4.355,1.09
2024-02-17 06:00:00,4.793,-3.363,3.107,0.848
2024-02-17 07:00:00,4.248,-1.583,3.568,0.412
2024-02-17 08:00:00,4.74,-1.472,3.605,-2.064
2024-02-17 09:00:00,4.334,-1.817,1.632,-3.235
2024-02-17 10:00:00,4.832,-3.478,1.947,-1.463
2024-02-17 11:00:00,4.684,-2.694,-0.703,-3.657
2024-02-17 12:00:00,4.932,-3.69,1.854,-1.878
2024-02-17 13:00:00,5.203,-4.262,2.312,-1.361
2024-02-17 14:00:00,5.38,-4.814,1.589,-1.5
2024-02-17 15:00:00,5.204,-4.898,0.314,-1.489
2024-02-17 16:00:00,5.385,-4.789,-1.204,-1.924
2024-02-17 17:00:00,5.894,-5.395,-0.625,-1.948
2024-02-17 18:00:00,6.061,-4.67,-1.342,-3.31
2024-02-17 19:00:00,6.778,-4.755,-2.049,-3.86
2024-02-17 20:00:00,7.297,-3.25,3.435,-4.43
2024-02-17 21:00:00,8.171,-3.287,2.412,-6.856
2024-02-17 22:00:00,8.28,-2.665,4.329,-6.404
2024-02-17 23:00:00,7.872,-2.282,4.117,-5.141
2024-02-18 00:00:00,7.72,-3.782,1.197,-5.378
2024-02-18 01:00:00,7.962,-3.599,4.715,-5.149
2024-02-18 02:00:00,7.792,-4.24,4.4,-4.421
2024-02-18 03:00:00,7.898,-5.227,3.542,-4.323
2024-02-18 04:00:00,7.605,-4.371,5.237,-3.159
2024-02-18 05:00:00,7.477,-3.879,5.316,-3.283
2024-02-18 06:00:00,7.229,-3.952,4.781,-3.04
2024-02-18 07:00:00,6.835,-4.67,3.3,-1.521
2024-02-18 08:00:00,6.611,-4.599,3.479,-2.55
2024-02-18 09:00:00,6.378,-2.63,3.804,-4.226
2024-02-18 10:00:00,6.003,-2.93,1.38,2.473
2024-02-18 11:00:00,6.476,-5.192,2.293,2.515
2024-02-18 12:00:00,6.579,-5.357,3.657,-0.713
2024-02-18 13:00:00,6.722,-4.553,4.374,-2.013
2024-02-18 14:00:00,6.925,-5.657,2.514,-2.957
2024-02-18 15:00:00,6.674,-5.776,1.066,-3.043
2024-02-18 16:00:00,6.082,-5.347,0.045,-2.794
2024-02-18 17:00:00,5.673,-4.278,-1.598,-3.066
2024-02-18 18:00:00,4.955,-3.454,2.237,-1.95
2024-02-18 19:00:00,4.934,-2.91,3.373,-1.759
2024-02-18 20:00:00,4.763,-3.331,2.322,-2.284
2024-02-18 21:00:00,4.717,-3.321,2.947,-1.212
2024-02-18 22:00:00,4.534,-2.72,3.112,-1.639
2024-02-18 23:00:00,4.248,-2.496,2.91,-1.61
2024-02-19 00:00:00,4.194,-3.279,2.462,0.377
2024-02-19 01:00:00,4.219,-3.02,2.722,0.763
2024-02-19 02:00:00,4.325,-3.158,2.8,0.553
2024-02-19 03:00:00,4.222,-3.222,2.526,0.2
2024-02-19 04:00:00,3.884,-2.63,2.691,0.135
2024-02-19 05:00:00,3.725,-2.719,2.377,0.475
2024-02-19 06:00:00,3.725,-2.582,2.547,-0.568
2024-02-19 07:00:00,3.553,-2.517,2.26,-0.242
2024-02-19 08:00:00,3.51,-2.34,2.475,-0.533
2024-02-19 09:00:00,3.481,-2.002,2.534,-1.087
2024-02-19 10:00:00,3.542,-1.906,2.272,-1.607
2024-02-19 11:00:00,3.352,-1.532,1.691,-2.3
2024-02-19 12:00:00,2.867,0.416,0.737,-2.418
2024-02-19 13:00:00,3.243,0.088,1.406,-2.528
2024-02-19 14:00:00,3.544,-0.165,2.209,-2.617
2024-02-19 15:00:00,3.299,-0.233,1.584,-2.684
2024-02-19 16:00:00,3.351,0.379,2.257,-2.287
2024-02-19 17:00:00,3.438,0.192,2.016,-2.635
2024-02-19 18:00:00,3.891,0.476,1.348,-3.451
2024-02-19 19:00:00,3.855,0.898,0.974,-3.505
2024-02-19 20:00:00,3.798,1.089,0.927,-3.213
2024-02-19 21:00:00,4.35,1.812,-0.215,-3.625
2024-02-19 22:00:00,4.148,-1.167,0.71,-3.212
2024-02-19 23:00:00,4.54,-3.249,2.433,-1.574
2024-02-20 00:00:00,4.771,-4.256,1.993,0.132
2024-02-20 01:00:00,4.574,-3.586,2.415,-0.658
2024-02-20 02:00:00,3.856,-2.127,0.855,-2.839
2024-02-20 03:00:00,4.121,-2.792,1.426,-2.279
2024-02-20 04:00:00,4.658,-3.14,2.105,-2.285
2024-02-20 05:00:00,4.477,-1.309,-0.904,-3.745
2024-02-20 06:00:00,4.949,0.541,-3.399,-2.674
2024-02-20 07:00:00,5.471,1.873,-4.43,-2.446
2024-02-20 08:00:00,5.45,0.474,-3.52,-3.072
2024-02-20 09:00:00,6.559,-3.401,0.447,-5.387
2024-02-20 10:00:00,7.106,-4.002,2.772,-4.666
2024-02-20 11:00:00,6.584,-0.708,-2.955,-4.357
2024-02-20 12:00:00,6.841,-2.751,-3.13,-4.957
2024-02-20 13:00:00,7.346,-5.306,-1.057,-4.662
2024-02-20 14:00:00,8.096,-7.516,-0.199,-2.712
2024-02-20 15:00:00,8.006,-7.153,2.491,-2.436
2024-02-20 16:00:00,7.548,-6.611,1.768,-2.715
2024-02-20 17:00:00,7.532,-5.465,3.052,-3.947
2024-02-20 18:00:00,8.436,-6.144,2.379,-4.184
2024-02-20 19:00:00,8.845,-4.841,2.176,-3.655
2024-02-20 20:00:00,8.733,-6.737,4.231,-2.981
2024-02-20 21:00:00,8.761,-5.586,5.369,-3.066
2024-02-20 22:00:00,8.885,-5.926,6.185,-1.762
2024-02-20 23:00:00,9.028,-6.57,6.034,0.085
2024-02-21 00:00:00,9.018,-6.709,5.793,0.101
2024-02-21 01:00:00,8.756,-7.117,4.914,1.016
2024-02-21 02:00:00,8.617,-6.516,5.229,1.438
2024-02-21 03:00:00,8.745,-6.059,5.155,3.166
2024-02-21 04:00:00,8.96,-5.723,4.135,5.063
2024-02-21 05:00:00,8.709,-5.367,4.102,5.358
2024-02-21 06:00:00,7.962,-4.346,3.943,4.566
2024-02-21 07:00:00,7.904,-4.217,4.891,2.78
2024-02-21 08:00:00,7.382,-2.631,3.253,5.792
2024-02-21 09:00:00,8.42,-4.062,5.316,3.366
2024-02-21 10:00:00,8.441,-5.143,6.108,1.266
2024-02-21 11:00:00,7.996,-4.459,5.267,1.654
2024-02-21 12:00:00,7.693,-5.072,4.956,2.264
2024-02-21 13:00:00,7.376,-4.814,4.033,0.033
2024-02-21 14:00:00,6.841,-3.431,4.525,0.884
2024-02-21 15:00:00,6.716,-3.211,4.313,-1.964
2024-02-21 16:00:00,6.924,-4.808,3.988,-1.029
2024-02-21 17:00:00,7.227,-5.44,3.375,-2.023
2024-02-21 18:00:00,7.138,-4.83,4.942,0.995
2024-02-21 19:00:00,7.319,-4.479,4.965,1.038
2024-02-21 20:00:00,7.801,-5.806,4.804,-0.583
2024-02-21 21:00:00,7.669,-4.505,6.033,1.044
2024-02-21 22:00:00,6.936,-3.774,5.015,2.05
2024-02-21 23:00:00,6.242,-2.143,3.744,-3.609
2024-02-22 00:00:00,5.984,-1.931,4.107,-2.655
2024-02-22 01:00:00,6.786,-3.829,3.871,-2.235
2024-02-22 02:00:00,6.936,-3.913,3.657,-3.512
2024-02-22 03:00:00,6.487,-4.396,3.374,0.306
2024-02-22 04:00:00,6.566,-0.111,3.611,-4.259
2024-02-22 05:00:00,6.349,-0.758,5.044,-2.786
2024-02-22 06:00:00,5.999,-1.194,3.84,0.613
2024-02-22 07:00:00,6.113,-1.86,4.609,-0.019
2024-02-22 08:00:00,6.315,0.403,4.995,-3.514
2024-02-22 09:00:00,5.994,-2.823,4.228,-1.549
2024-02-22 10:00:00,6.081,-4.533,3.647,0.997
2024-02-22 11:00:00,6.168,-3.522,2.384,0.778
2024-02-22 12:00:00,5.936,-2.158,4.677,-1.872
2024-02-22 13:00:00,6.107,-0.597,5.022,-2.415
2024-02-22 14:00:00,6.214,0.861,3.911,-4.325
2024-02-22 15:00:00,6.062,1.37,4.193,-3.95
2024-02-22 16:00:00,6.17,-0.874,4.711,-2.901
2024-02-22 17:00:00,5.862,-3.098,4.292,0.739
2024-02-22 18:00:00,6.393,-3.328,5.118,0.768
2024-02-22 19:00:00,6.357,-2.789,5.612,-0.138
2024-02-22 20:00:00,5.918,-3.025,4.331,1.02
2024-02-22 21:00:00,5.66,-3.148,4.513,0.327
2024-02-22 22:00:00,5.672,-2.505,4.828,0.062
2024-02-22 23:00:00,5.655,-2.306,4.856,0.693
2024-02-23 00:00:00,5.44,-2.885,4.391,0.26
2024-02-23 01:00:00,5.478,-2.57,4.519,0.197
2024-02-23 02:00:00,4.995,-2.628,3.651,-0.892
2024-02-23 03:00:00,4.958,-2.03,4.384,-0.132
2024-02-23 04:00:00,4.866,-3.023,3.445,-0.291
2024-02-23 05:00:00,4.785,-2.051,4.036,-0.623
2024-02-23 06:00:00,4.629,-1.777,4.036,0.49
2024-02-23 07:00:00,2.868,-1.14,2.055,-1.068
2024-02-23 08:00:00,2.01,0.041,0.779,-0.42
2024-02-23 09:00:00,3.964,0.48,-2.65,-2.485
2024-02-23 10:00:00,2.967,0.473,-2.113,0.519
2024-02-23 11:00:00,3.961,0.828,-0.44,3.518
2024-02-23 12:00:00,5.081,1.931,-1.099,3.981
2024-02-23 13:00:00,4.963,1.411,-1.075,4.403
2024-02-23 14:00:00,4.999,0.177,-1.02,4.503
2024-02-23 15:00:00,6.063,-1.744,3.075,4.459
2024-02-23 16:00:00,6.162,-0.15,3.852,3.624
2024-02-23 17:00:00,5.778,0.68,1.978,4.489
2024-02-23 18:00:00,5.699,1.725,-4.008,1.969
2024-02-23 19:00:00,6.018,1.032,-4.778,2.076
2024-02-23 20:00:00,5.466,1.414,-3.708,2.359
2024-02-23 21:00:00,5.25,1.722,-4.159,-0.912
2024-02-23 22:00:00,4.937,2.263,0.622,-3.234
2024-02-23 23:00:00,4.903,2.53,3.754,0.546
2024-02-24 00:00:00,4.803,3.367,1.418,1.755
2024-02-24 01:00:00,5.695,5.43,0.897,0.265
2024-02-24 02:00:00,5.659,5.09,-0.035,1.587
2024-02-24 03:00:00,4.949,3.803,-0.858,2.456
2024-02-24 04:00:00,5.518,4.557,0.148,2.889
2024-02-24 05:00:00,5.636,4.22,-2.18,2.741
2024-02-24 06:00:00,5.663,4.562,-1.927,-1.464
2024-02-24 07:00:00,5.249,2.899,-3.012,-1.846
2024-02-24 08:00:00,5.087,0.861,-3.619,-3.2
2024-02-24 09:00:00,4.178,1.369,-3.376,-1.662
2024-02-24 10:00:00,4.8,-0.246,-2.993,-3.486
2024-02-24 11:00:00,4.832,-2.013,-1.753,-3.943
2024-02-24 12:00:00,4.766,3.946,-1.846,1.142
2024-02-24 13:00:00,5.427,4.335,-2.901,1.281
2024-02-24 14:00:00,4.97,3.557,-3.151,1.144
2024-02-24 15:00:00,4.929,3.749,-2.877,-0.517
2024-02-24 16:00:00,8.835,5.962,-5.805,2.121
2024-02-24 17:00:00,9.15,4.13,-5.659,2.152
2024-02-24 18:00:00,8.511,0.579,-6.845,0.978
2024-02-24 19:00:00,9.059,-0.105,-4.394,-0.933
2024-02-24 20:00:00,10.177,7.284,3.339,4.99
2024-02-24 21:00:00,9.1,6.242,-1.897,5.724
2024-02-24 22:00:00,9.562,5.913,-5.087,5.252
2024-02-24 23:00:00,8.304,3.994,-6.944,0.667
2024-02-25 00:00:00,8.048,3.002,-6.682,0.585
2024-02-25 01:00:00,7.791,-0.215,-5.982,-2.305
2024-02-25 02:00:00,6.957,-3.097,-2.623,-2.983
2024-02-25 03:00:00,8.006,-2.816,-5.696,-0.484
2024-02-25 04:00:00,8.493,-0.402,-6.771,-0.5
2024-02-25 05:00:00,6.249,-0.249,-5.549,-0.703
2024-02-25 06:00:00,9.169,0.4,-8.152,-1.268
2024-02-25 07:00:00,10.79,0.996,-9.981,-2.91
2024-02-25 08:00:00,10.508,0.764,-10.035,-2.038
2024-02-25 09:00:00,10.251,3.312,-9.288,-0.96
2024-02-25 10:00:00,8.992,4.107,-7.437,1.478
2024-02-25 11:00:00,9.059,2.959,-8.215,-0.96
2024-02-25 12:00:00,7.517,1.242,-2.938,-1.817
2024-02-25 13:00:00,11.082,8.577,1.061,6.24
2024-02-25 14:00:00,12.264,9.585,0.794,7.49
2024-02-25 15:00:00,10.802,7.24,2.911,6.037
2024-02-25 16:00:00,11.105,6.237,-6.815,5.932
2024-02-25 17:00:00,11.868,6.363,-3.07,8.085
2024-02-25 18:00:00,11.771,5.765,-1.567,9.418
2024-02-25 19:00:00,12.713,6.135,-2.462,8.801
2024-02-25 20:00:00,11.546,2.418,2.301,10.668
2024-02-25 21:00:00,10.588,3.043,1.399,9.5
2024-02-25 22:00:00,10.795,4.79,-2.519,8.633
2024-02-25 23:00:00,11.624,4.775,-10.178,1.586
2024-02-26 00:00:00,10.178,4.572,-8.239,-1.763
2024-02-26 01:00:00,9.87,4.467,-7.348,-4.398
2024-02-26 02:00:00,9.77,6.772,-3.123,4.591
2024-02-26 03:00:00,9.544,6.465,-5.86,0.0
2024-02-26 04:00:00,9.565,5.811,-6.273,-1.14
2024-02-26 05:00:00,9.513,6.245,-6.637,-1.137
2024-02-26 06:00:00,9.417,4.976,-7.204,-2.948
2024-02-26 07:00:00,9.001,5.82,-6.467,-0.928
2024-02-26 08:00:00,8.784,6.115,-5.287,2.365
2024-02-26 09:00:00,7.251,2.561,-4.882,-1.503
2024-02-26 10:00:00,6.801,2.087,-3.46,-1.118
2024-02-26 11:00:00,5.738,3.861,-1.884,2.753
2024-02-26 12:00:00,5.257,3.341,-1.739,3.101
2024-02-26 13:00:00,4.421,2.434,-1.293,1.122
2024-02-26 14:00:00,4.624,3.479,1.44,2.138
2024-02-26 15:00:00,5.059,2.499,2.518,3.284
2024-02-26 16:00:00,4.965,2.793,1.597,2.868
2024-02-26 17:00:00,4.906,3.418,1.241,2.734
2024-02-26 18:00:00,5.134,3.575,1.034,3.153
2024-02-26 19:00:00,5.601,3.09,-2.975,1.601
2024-02-26 20:00:00,5.948,2.565,-2.106,3.747
2024-02-26 21:00:00,6.634,1.195,-5.146,2.522
2024-02-26 22:00:00,7.683,0.731,-5.84,-2.91
2024-02-26 23:00:00,7.486,-1.462,-3.651,-5.946
2024-02-27 00:00:00,7.095,0.922,-2.649,0.127
2024-02-27 01:00:00,7.038,0.318,-3.361,-5.345
2024-02-27 02:00:00,6.408,0.756,-4.194,-2.039
2024-02-27 03:00:00,5.071,1.715,-1.753,2.833
2024-02-27 04:00:00,6.113,-1.241,-4.882,-2.764
2024-02-27 05:00:00,5.343,1.536,-3.354,-0.197
2024-02-27 06:00:00,3.995,2.63,0.344,2.183
2024-02-27 07:00:00,4.425,3.02,-1.17,2.229
2024-02-27 08:00:00,4.876,4.192,-0.265,2.248
2024-02-27 09:00:00,4.336,2.388,-2.838,0.834
2024-02-27 10:00:00,4.991,3.078,-3.36,1.402
2024-02-27 11:00:00,4.718,3.766,-2.118,1.377
2024-02-27 12:00:00,4.36,3.185,-2.455,0.719
2024-02-27 13:00:00,3.93,1.738,-3.129,-0.733
2024-02-27 14:00:00,3.83,2.087,-3.045,-0.084
2024-02-27 15:00:00,3.599,1.839,-2.652,0.285
2024-02-27 16:00:00,3.007,0.658,-1.472,-1.925
2024-02-27 17:00:00,3.338,1.027,-2.124,-0.944
2024-02-27 18:00:00,3.287,1.942,-2.107,-0.028
2024-02-27 19:00:00,3.027,1.071,-2.386,0.219
2024-02-27 20:00:00,3.264,2.218,-1.848,0.875
2024-02-27 21:00:00,3.609,3.252,-1.157,-0.462
2024-02-27 22:00:00,3.487,2.373,-2.148,0.969
2024-02-27 23:00:00,3.458,2.717,-1.182,0.271
2024-02-28 00:00:00,3.68,3.383,-0.886,0.09
2024-02-28 01:00:00,3.628,3.264,-1.051,0.571
2024-02-28 02:00:00,3.437,1.959,1.649,-1.725
2024-02-28 03:00:00,3.449,2.586,0.837,-1.552
2024-02-28 04:00:00,3.38,2.872,-0.054,-1.454
2024-02-28 05:00:00,3.397,3.242,-0.607,-0.109
2024-02-28 06:00:00,3.175,2.848,-0.183,-0.575
2024-02-28 07:00:00,3.625,1.011,-2.729,-0.978
2024-02-28 08:00:00,3.927,1.067,-2.747,-2.029
2024-02-28 09:00:00,4.076,0.971,-2.399,-2.234
2024-02-28 10:00:00,4.03,1.662,-1.28,0.731
2024-02-28 11:00:00,3.983,3.363,-0.957,1.31
2024-02-28 12:00:00,3.321,2.337,-1.416,0.36
2024-02-28 13:00:00,3.407,3.013,-1.295,0.303
2024-02-28 14:00:00,3.387,3.165,-0.617,0.494
2024-02-28 15:00:00,3.252,3.013,-0.12,0.863
2024-02-28 16:00:00,3.143,2.355,-1.256,0.442
2024-02-28 17:00:00,3.156,2.432,-1.372,-0.547
2024-02-28 18:00:00,3.29,2.679,-1.206,-0.545
2024-02-28 19:00:00,3.084,2.531,-0.396,-1.392
2024-02-28 20:00:00,3.236,2.759,-0.218,-1.447
2024-02-28 21:00:00,3.464,3.176,0.178,-0.527
2024-02-28 22:00:00,3.474,3.019,0.679,1.277
2024-02-28 23:00:00,3.684,3.564,0.456,0.18
2024-02-29 00:00:00,3.996,3.713,1.039,0.52
2024-02-29 01:00:00,4.404,4.278,-0.263,0.653
2024-02-29 02:00:00,4.238,3.895,-0.877,0.995
2024-02-29 03:00:00,4.309,3.781,-1.415,1.19
2024-02-29 04:00:00,4.085,1.988,-2.575,0.196
2024-02-29 05:00:00,4.344,1.48,-3.595,-0.095
2024-02-29 06:00:00,4.44,1.683,-3.067,0.305
2024-02-29 07:00:00,4.406,2.737,-2.294,0.662
2024-02-29 08:00:00,4.61,2.609,-3.208,-0.013
2024-02-29 09:00:00,4.714,2.68,-2.269,1.808
2024-02-29 10:00:00,4.387,3.087,-2.24,0.768
2024-02-29 11:00:00,3.975,1.479,-3.082,-1.073
2024-02-29 12:00:00,4.074,-0.87,-2.826,-2.057
2024-02-29 13:00:00,4.093,3.226,0.058,0.381
2024-02-29 14:00:00,4.502,3.946,-0.521,1.777
2024-02-29 15:00:00,4.325,3.2,-2.347,1.347
2024-02-29 16:00:00,4.186,2.961,-2.544,0.392
2024-02-29 17:00:00,4.613,4.035,0.127,1.848
2024-02-29 18:00:00,4.821,2.254,2.77,2.755
2024-02-29 19:00:00,4.666,3.385,2.443,1.871
2024-02-29 20:00:00,4.493,3.891,1.704,1.21
2024-02-29 21:00:00,4.365,3.802,1.67,0.475
2024-02-29 22:00:00,3.994,2.266,0.761,-1.146
2024-02-29 23:00:00,4.985,-3.571,-2.7,-1.971
2024-03-01 00:00:00,5.097,-3.694,-2.042,-2.742
2024-03-01 01:00:00,5.047,-3.427,-1.556,-3.186
2024-03-01 02:00:00,5.329,-3.103,-2.721,-3.218
2024-03-01 03:00:00,5.137,-2.832,-3.331,-2.594
2024-03-01 04:00:00,4.982,-2.425,-3.497,-2.417
2024-03-01 05:00:00,4.861,-2.454,-3.408,-2.318
2024-03-01 06:00:00,4.651,-2.466,-2.465,-2.893
2024-03-01 07:00:00,3.417,1.213,-2.19,-1.218
2024-03-01 08:00:00,3.836,0.445,-2.594,-1.177
2024-03-01 09:00:00,3.913,1.8,-2.952,-1.219
2024-03-01 10:00:00,4.458,3.57,-2.089,-1.345
2024-03-01 11:00:00,4.262,3.123,-2.47,-0.599
2024-03-01 12:00:00,4.177,1.623,-2.534,-1.16
2024-03-01 13:00:00,4.321,2.148,-3.045,-0.917
2024-03-01 14:00:00,4.398,-0.587,-2.919,-2.989
2024-03-01 15:00:00,4.472,-1.917,-2.235,-3.161
2024-03-01 16:00:00,4.452,-1.868,-2.185,-3.184
2024-03-01 17:00:00,4.368,-1.061,-2.322,-3.325
2024-03-01 18:00:00,4.638,-3.74,-1.66,-1.767
2024-03-01 19:00:00,4.361,-2.395,-2.915,-1.454
2024-03-01 20:00:00,4.278,-1.793,-2.756,-2.187
2024-03-01 21:00:00,4.095,-0.347,-2.85,-2.696
2024-03-01 22:00:00,4.104,0.13,-3.238,-1.939
2024-03-01 23:00:00,4.11,-0.136,-2.675,-2.719
2024-03-02 00:00:00,4.116,-0.882,-2.698,-2.279
2024-03-02 01:00:00,4.104,-0.78,-2.869,-2.294
2024-03-02 02:00:00,4.002,0.769,-3.769,-0.682
2024-03-02 03:00:00,3.378,-0.066,-2.925,-0.499
2024-03-02 04:00:00,3.316,0.56,-2.493,-1.602
2024-03-02 05:00:00,3.46,1.865,-1.6,-2.081
2024-03-02 06:00:00,3.418,1.55,-1.631,-2.342
2024-03-02 07:00:00,3.442,2.557,-1.448,-1.271
2024-03-02 08:00:00,2.567,0.68,-1.378,-1.319
2024-03-02 09:00:00,2.075,-0.771,-0.788,-1.121
2024-03-02 10:00:00,3.038,1.484,-0.51,-2.443
2024-03-02 11:00:00,2.912,1.228,-0.305,-2.239
2024-03-02 12:00:00,2.134,0.524,-1.382,-1.114
2024-03-02 13:00:00,2.712,1.371,-1.368,-1.42
2024-03-02 14:00:00,2.832,1.342,-1.443,-1.828
2024-03-02 15:00:00,3.261,1.862,-1.494,-1.667
2024-03-02 16:00:00,3.606,3.0,-1.638,0.141
2024-03-02 17:00:00,4.099,3.568,-1.631,-0.368
2024-03-02 18:00:00,3.933,3.196,-0.836,-1.97
2024-03-02 19:00:00,3.763,3.021,-1.129,-1.611
2024-03-02 20:00:00,4.066,3.261,-1.061,-2.038
2024-03-02 21:00:00,3.45,1.837,-0.264,-2.755
2024-03-02 22:00:00,3.01,0.395,-0.463,-2.868
2024-03-02 23:00:00,3.114,0.886,-0.437,-2.849
2024-03-03 00:00:00,3.927,3.474,-1.153,0.076
2024-03-03 01:00:00,3.648,3.009,-1.446,0.128
2024-03-03 02:00:00,3.445,2.865,-1.522,-0.307
2024-03-03 03:00:00,3.272,2.711,-1.28,-0.152
2024-03-03 04:00:00,3.466,1.616,-2.943,0.454
2024-03-03 05:00:00,3.708,1.693,-3.113,0.425
2024-03-03 06:00:00,3.749,2.607,-0.124,1.822
2024-03-03 07:00:00,2.865,1.839,1.355,1.578
2024-03-03 08:00:00,3.01,1.605,-0.256,-0.325
2024-03-03 09:00:00,9.39,3.137,-6.954,2.88
2024-03-03 10:00:00,14.37,4.001,-9.552,6.269
2024-03-03 11:00:00,18.383,2.358,-15.304,-1.234
2024-03-03 12:00:00,15.641,1.218,-8.046,-13.056
2024-03-03 13:00:00,15.467,3.615,-6.351,-12.709
2024-03-03 14:00:00,16.082,3.124,-7.215,-13.775
2024-03-03 15:00:00,15.336,0.741,-6.915,-13.473
2024-03-03 16:00:00,13.634,0.748,0.433,-7.416
2024-03-03 17:00:00,15.212,6.197,-1.383,-11.822
2024-03-03 18:00:00,14.06,2.166,2.737,-11.622
2024-03-03 19:00:00,12.179,-0.062,11.022,1.092
2024-03-03 20:00:00,11.321,-2.146,7.021,-4.311
2024-03-03 21:00:00,12.789,1.766,-9.07,3.207
2024-03-03 22:00:00,12.417,4.461,0.416,-9.494
2024-03-03 23:00:00,13.285,5.012,8.786,-3.953
2024-03-04 00:00:00,13.166,-0.977,9.881,8.41
2024-03-04 01:00:00,12.354,-1.712,10.114,5.654
2024-03-04 02:00:00,12.69,0.986,11.889,-0.108
2024-03-04 03:00:00,13.149,0.013,11.753,-3.318
2024-03-04 04:00:00,12.85,-0.058,11.947,-2.261
2024-03-04 05:00:00,11.997,1.767,9.867,-2.528
2024-03-04 06:00:00,10.983,-3.336,9.682,-0.358
2024-03-04 07:00:00,11.28,0.006,10.898,0.486
2024-03-04 08:00:00,10.2,-2.488,9.193,-0.067
2024-03-04 09:00:00,9.479,-0.795,8.339,0.787
2024-03-04 10:00:00,10.345,0.148,9.744,2.541
2024-03-04 11:00:00,10.742,-2.902,10.193,0.106
2024-03-04 12:00:00,11.191,0.585,10.475,-1.323
2024-03-04 13:00:00,10.745,-2.633,10.108,-0.63
2024-03-04 14:00:00,11.367,-3.209,10.473,-0.196
2024-03-04 15:00:00,11.36,-3.6,10.346,-1.628
2024-03-04 16:00:00,11.321,-5.901,9.069,-0.634
2024-03-04 17:00:00,11.295,-3.191,10.105,-2.567
2024-03-04 18:00:00,11.904,-2.775,11.122,-2.555
2024-03-04 19:00:00,11.972,-3.067,10.955,-3.229
2024-03-04 20:00:00,11.669,-1.565,9.888,-5.567
2024-03-04 21:00:00,11.064,-0.517,8.579,-5.969
2024-03-04 22:00:00,10.918,-0.401,8.631,-6.332
2024-03-04 23:00:00,9.816,-1.79,7.924,-3.04
2024-03-05 00:00:00,8.786,-1.485,7.342,-0.26
2024-03-05 01:00:00,7.867,-1.716,7.242,-0.779
2024-03-05 02:00:00,7.512,-1.289,6.416,-1.399
2024-03-05 03:00:00,6.515,-1.525,4.876,-1.715
2024-03-05 04:00:00,6.723,0.105,3.183,-5.24
2024-03-05 05:00:00,4.987,-1.027,2.238,0.185
2024-03-05 06:00:00,5.813,-0.718,2.691,-4.409
2024-03-05 07:00:00,5.195,-3.491,2.573,1.848
2024-03-05 08:00:00,4.641,-1.592,1.244,3.143
2024-03-05 09:00:00,4.056,-1.219,2.639,-1.287
2024-03-05 10:00:00,5.464,-1.153,4.443,0.074
2024-03-05 11:00:00,5.489,-0.665,4.877,0.027
2024-03-05 12:00:00,5.73,-1.331,5.035,-1.77
2024-03-05 13:00:00,6.801,-1.668,4.055,-3.412
2024-03-05 14:00:00,7.265,-2.921,6.407,-0.469
2024-03-05 15:00:00,7.184,-1.922,6.323,-2.14
2024-03-05 16:00:00,6.596,-1.489,4.914,-3.572
2024-03-05 17:00:00,6.421,-0.738,3.922,-4.204
2024-03-05 18:00:00,5.634,-1.262,4.441,-2.367
2024-03-05 19:00:00,4.986,0.623,3.852,-1.626
2024-03-05 20:00:00,5.427,-2.79,3.64,1.549
2024-03-05 21:00:00,5.411,-3.193,2.144,2.22
2024-03-05 22:00:00,6.235,-2.439,5.428,0.494
2024-03-05 23:00:00,6.085,-2.867,5.062,-0.16
2024-03-06 00:00:00,7.293,-2.851,6.084,-0.772
2024-03-06 01:00:00,7.687,-2.854,4.211,-5.215
2024-03-06 02:00:00,5.431,1.327,2.084,-2.679
2024-03-06 03:00:00,5.234,1.847,1.814,-2.524
2024-03-06 04:00:00,5.337,3.129,3.291,-2.126
2024-03-06 05:00:00,5.249,1.235,4.54,-1.779
2024-03-06 06:00:00,5.271,-0.438,5.093,-0.552
2024-03-06 07:00:00,5.159,0.223,4.851,-0.834
2024-03-06 08:00:00,4.776,-0.616,4.328,-1.091
2024-03-06 09:00:00,5.558,-0.24,4.9,-2.352
2024-03-06 10:00:00,5.204,2.423,-0.414,-3.454
2024-03-06 11:00:00,4.175,1.956,-2.966,-1.518
2024-03-06 12:00:00,3.188,1.01,-0.588,-1.246
2024-03-06 13:00:00,5.381,-1.605,4.695,-1.624
2024-03-06 14:00:00,6.542,-4.822,4.047,-0.68
2024-03-06 15:00:00,6.333,-4.778,3.429,1.278
2024-03-06 16:00:00,6.22,-4.061,3.757,2.382
2024-03-06 17:00:00,6.247,-5.275,1.935,2.546
2024-03-06 18:00:00,6.287,-4.921,2.565,2.666
2024-03-06 19:00:00,6.506,-4.858,3.509,1.745
2024-03-06 20:00:00,6.786,-4.341,3.97,2.929
2024-03-06 21:00:00,6.421,-4.882,2.264,2.192
2024-03-06 22:00:00,6.115,-1.686,4.771,-1.302
2024-03-06 23:00:00,6.221,-3.876,4.059,0.953
2024-03-07 00:00:00,2.859,0.053,1.561,-1.371
2024-03-07 01:00:00,3.55,-0.526,3.277,-0.241
2024-03-07 02:00:00,2.705,-0.403,1.38,-0.754
2024-03-07 03:00:00,2.307,0.599,-0.504,-1.781
2024-03-07 04:00:00,1.89,0.74,0.317,-0.797
2024-03-07 05:00:00,3.643,-0.32,1.509,-1.024
2024-03-07 06:00:00,4.316,-0.477,2.951,-2.32
2024-03-07 07:00:00,4.501,0.397,2.56,-3.087
2024-03-07 08:00:00,4.941,4.451,-1.277,0.801
2024-03-07 09:00:00,3.792,1.492,1.79,-2.176
2024-03-07 10:00:00,3.885,2.052,1.05,-2.46
2024-03-07 11:00:00,4.375,2.879,-1.837,-1.539
2024-03-07 12:00:00,5.661,2.617,-4.184,1.86
2024-03-07 13:00:00,5.168,-0.148,-0.903,-2.5
2024-03-07 14:00:00,5.867,0.028,-2.458,0.855
2024-03-07 15:00:00,5.933,0.347,-4.945,2.457
2024-03-07 16:00:00,6.127,2.216,-4.628,-2.357
2024-03-07 17:00:00,6.635,3.184,-2.738,-3.711
2024-03-07 18:00:00,7.585,3.441,-4.953,-2.938
2024-03-07 19:00:00,6.087,2.877,-4.26,0.935
2024-03-07 20:00:00,6.057,2.257,-3.63,3.564
2024-03-07 21:00:00,5.947,2.94,-3.43,-0.395
2024-03-07 22:00:00,5.92,3.08,-4.086,0.785
2024-03-07 23:00:00,6.462,2.153,-2.999,5.009
2024-03-08 00:00:00,7.262,1.575,-2.338,6.168
2024-03-08 01:00:00,7.234,4.781,-3.008,2.29
2024-03-08 02:00:00,6.754,4.185,-2.411,-4.17
2024-03-08 03:00:00,6.134,4.495,-3.011,-2.2
2024-03-08 04:00:00,5.822,2.698,-2.456,2.52
2024-03-08 05:00:00,6.3,3.655,-3.616,0.043
2024-03-08 06:00:00,5.88,3.423,2.171,1.611
2024-03-08 07:00:00,5.394,2.907,-2.681,0.983
2024-03-08 08:00:00,5.175,2.071,-1.12,3.1
2024-03-08 09:00:00,4.89,2.679,-0.287,2.816
2024-03-08 10:00:00,4.885,2.571,1.89,2.653
2024-03-08 11:00:00,4.803,2.999,-0.956,1.858
2024-03-08 12:00:00,4.704,2.635,-2.854,0.529
2024-03-08 13:00:00,4.66,3.914,-1.98,0.282
2024-03-08 14:00:00,4.879,4.178,-2.013,-0.779
2024-03-08 15:00:00,4.963,1.807,-0.689,3.755
2024-03-08 16:00:00,5.14,2.485,-3.339,1.685
2024-03-08 17:00:00,5.003,1.554,-1.929,3.235
2024-03-08 18:00:00,5.236,3.145,-1.587,1.146
2024-03-08 19:00:00,5.92,3.161,-3.713,-2.048
2024-03-08 20:00:00,6.287,2.519,-5.09,-1.775
2024-03-08 21:00:00,6.242,3.048,-4.842,-1.276
2024-03-08 22:00:00,5.83,0.349,-4.487,-1.291
2024-03-08 23:00:00,6.003,-0.052,-4.801,-2.578
2024-03-09 00:00:00,5.8,3.159,-4.089,0.141
2024-03-09 01:00:00,5.522,4.826,-1.585,0.449
2024-03-09 02:00:00,5.429,3.713,-1.952,-0.658
2024-03-09 03:00:00,5.417,2.022,-3.683,0.8
2024-03-09 04:00:00,5.264,3.026,-2.847,-0.711
2024-03-09 05:00:00,5.498,0.264,-4.971,0.151
2024-03-09 06:00:00,4.997,3.223,-0.347,-2.298
2024-03-09 07:00:00,4.634,1.408,-3.549,-0.021
2024-03-09 08:00:00,4.744,0.721,3.38,0.258
2024-03-09 09:00:00,4.617,2.278,2.827,-1.25
2024-03-09 10:00:00,4.238,1.447,2.577,1.993
2024-03-09 11:00:00,4.336,3.539,0.774,-0.02
2024-03-09 12:00:00,4.042,2.958,-0.738,0.903
2024-03-09 13:00:00,4.429,3.135,0.805,2.46
2024-03-09 14:00:00,4.885,3.284,-1.145,3.023
2024-03-09 15:00:00,4.93,2.404,-3.571,-0.685
2024-03-09 16:00:00,4.865,1.806,-2.779,-1.043
2024-03-09 17:00:00,5.018,1.067,-3.627,-1.524
2024-03-09 18:00:00,4.948,0.342,-3.138,-0.15
2024-03-09 19:00:00,4.714,3.656,-1.556,0.225
2024-03-09 20:00:00,4.732,1.353,-2.026,1.805
2024-03-09 21:00:00,4.645,-0.901,-3.326,0.776
2024-03-09 22:00:00,4.227,3.082,0.204,-0.304
2024-03-09 23:00:00,4.235,2.91,2.35,-0.776
2024-03-10 00:00:00,4.422,1.178,-1.206,2.743
2024-03-10 01:00:00,4.332,2.461,1.352,2.164
2024-03-10 02:00:00,4.065,3.186,1.374,0.56
2024-03-10 03:00:00,3.727,0.234,-1.179,-0.222
2024-03-10 04:00:00,3.628,-0.037,-1.755,-2.053
2024-03-10 05:00:00,3.874,-1.106,-1.322,0.304
2024-03-10 06:00:00,3.618,1.025,-1.53,-1.638
2024-03-10 07:00:00,4.081,-2.315,-2.407,1.645
2024-03-10 08:00:00,3.906,1.573,-0.294,-2.392
2024-03-10 09:00:00,3.747,-1.001,-2.748,-0.597
2024-03-10 10:00:00,3.528,0.326,-2.857,-0.271
2024-03-10 11:00:00,2.659,0.674,-1.896,-0.852
2024-03-10 12:00:00,3.222,0.668,-1.035,-2.17
2024-03-10 13:00:00,3.665,2.101,-1.783,0.273
2024-03-10 14:00:00,3.978,-0.345,-2.538,-2.173
2024-03-10 15:00:00,3.945,-0.397,-3.306,-0.621
2024-03-10 16:00:00,3.961,0.331,-3.692,-0.632
2024-03-10 17:00:00,3.689,0.981,-2.636,-1.054
2024-03-10 18:00:00,4.073,0.917,-1.884,-0.671
2024-03-10 19:00:00,4.624,-1.167,-3.85,1.184
2024-03-10 20:00:00,4.649,-1.771,-3.295,2.489
2024-03-10 21:00:00,4.43,-2.273,-1.987,3.033
2024-03-10 22:00:00,4.089,-2.152,-2.476,1.66
2024-03-10 23:00:00,4.154,-1.957,-2.041,2.806
2024-03-11 00:00:00,4.17,-1.394,-2.819,2.14
2024-03-11 01:00:00,3.727,-1.256,-2.411,1.89
2024-03-11 02:00:00,3.734,0.378,-1.799,0.316
2024-03-11 03:00:00,4.231,2.745,-0.563,-2.666
2024-03-11 04:00:00,4.011,2.209,-1.622,-2.54
2024-03-11 05:00:00,3.65,1.365,-2.169,0.074
2024-03-11 06:00:00,3.318,0.359,-2.702,-0.111
2024-03-11 07:00:00,3.837,0.26,-2.765,-1.241
2024-03-11 08:00:00,3.793,1.048,-3.002,1.799
2024-03-11 09:00:00,3.408,1.723,-2.689,0.683
2024-03-11 10:00:00,2.868,1.75,-1.711,0.726
2024-03-11 11:00:00,2.744,2.146,-0.335,-0.436
2024-03-11 12:00:00,1.523,-0.065,1.118,-0.21
2024-03-11 13:00:00,2.253,-0.646,1.187,0.392
2024-03-11 14:00:00,2.799,-1.897,1.606,-0.86
2024-03-11 15:00:00,2.955,-2.18,1.566,0.38
2024-03-11 16:00:00,4.513,-3.441,2.368,1.452
2024-03-11 17:00:00,5.562,-4.39,3.103,0.766
2024-03-11 18:00:00,5.347,-4.258,2.76,0.158
2024-03-11 19:00:00,5.207,-3.753,3.327,0.043
2024-03-11 20:00:00,5.26,-3.274,3.198,-0.395
2024-03-11 21:00:00,5.342,-3.515,3.15,-1.277
2024-03-11 22:00:00,5.056,-1.568,1.729,-3.547
2024-03-11 23:00:00,4.23,-1.407,0.249,-1.558
2024-03-12 00:00:00,4.594,-2.482,3.006,0.556
2024-03-12 01:00:00,4.965,-2.773,3.621,0.357
2024-03-12 02:00:00,4.716,-3.32,2.616,0.38
2024-03-12 03:00:00,4.558,-2.973,2.584,-0.615
2024-03-12 04:00:00,4.568,-3.605,1.4,2.014
2024-03-12 05:00:00,4.184,-2.966,1.444,1.564
2024-03-12 06:00:00,4.302,-3.525,0.392,-1.125
2024-03-12 07:00:00,4.23,-3.824,1.111,0.184
2024-03-12 08:00:00,3.673,-2.888,-1.043,-0.646
2024-03-12 09:00:00,4.716,-1.088,-2.832,-2.631
2024-03-12 10:00:00,4.218,-2.462,-1.371,-1.912
2024-03-12 11:00:00,4.636,-2.66,-0.862,-3.466
2024-03-12 12:00:00,4.232,-3.278,-0.318,-1.946
2024-03-12 13:00:00,3.767,-0.628,-2.171,-1.653
2024-03-12 14:00:00,3.798,-1.994,-0.448,0.502
2024-03-12 15:00:00,4.404,-3.5,1.665,0.987
2024-03-12 16:00:00,5.215,-2.978,2.231,1.78
2024-03-12 17:00:00,5.565,-3.566,2.359,2.157
2024-03-12 18:00:00,5.555,-3.312,2.796,2.305
2024-03-12 19:00:00,5.425,-2.971,2.37,2.429
2024-03-12 20:00:00,6.076,-3.902,3.98,1.843
2024-03-12 21:00:00,6.052,-3.98,4.251,-0.447
2024-03-12 22:00:00,5.945,-4.117,3.439,-1.999
2024-03-12 23:00:00,5.666,-3.646,2.561,-1.814
2024-03-13 00:00:00,6.764,-5.514,3.445,-0.178
2024-03-13 01:00:00,6.626,-5.009,2.854,2.9
2024-03-13 02:00:00,6.851,-5.005,2.064,3.938
2024-03-13 03:00:00,6.692,-5.679,3.052,0.929
2024-03-13 04:00:00,5.994,-5.13,2.334,-1.634
2024-03-13 05:00:00,6.068,-2.631,0.582,-4.415
2024-03-13 06:00:00,7.038,-1.364,-2.312,-6.18
2024-03-13 07:00:00,5.505,-4.151,1.439,-1.253
2024-03-13 08:00:00,6.463,-4.911,3.365,-0.297
2024-03-13 09:00:00,5.682,-2.719,1.348,-4.317
2024-03-13 10:00:00,6.624,-3.912,3.759,-2.859
2024-03-13 11:00:00,6.188,-3.989,3.53,-0.562
2024-03-13 12:00:00,5.923,-3.872,3.548,-1.398
2024-03-13 13:00:00,5.854,-2.971,2.533,-0.475
2024-03-13 14:00:00,6.399,0.072,-2.516,-4.397
2024-03-13 15:00:00,6.084,2.007,-4.192,-3.018
2024-03-13 16:00:00,6.253,-0.118,3.171,-4.37
2024-03-13 17:00:00,6.437,-0.916,4.643,-3.949
2024-03-13 18:00:00,6.34,-3.292,3.721,-0.981
2024-03-13 19:00:00,6.986,-5.665,2.008,-2.235
2024-03-13 20:00:00,7.142,-4.857,4.857,0.049
2024-03-13 21:00:00,7.589,-4.847,5.593,0.804
2024-03-13 22:00:00,8.221,-6.067,4.952,1.836
2024-03-13 23:00:00,8.445,-5.129,6.244,1.493
2024-03-14 00:00:00,7.306,-5.112,3.922,0.462
2024-03-14 01:00:00,6.47,-2.506,0.427,3.071
2024-03-14 02:00:00,7.134,-1.507,-2.878,-3.442
2024-03-14 03:00:00,8.113,-4.849,5.977,0.462
2024-03-14 04:00:00,8.364,-4.614,5.574,1.943
2024-03-14 05:00:00,8.69,-4.661,3.86,5.502
2024-03-14 06:00:00,8.581,-5.521,5.438,0.07
2024-03-14 07:00:00,7.535,-4.428,4.376,-2.823
2024-03-14 08:00:00,7.45,-4.585,3.465,1.238
2024-03-14 09:00:00,7.745,-4.043,2.597,5.232
2024-03-14 10:00:00,7.453,-4.722,2.538,3.951
2024-03-14 11:00:00,7.407,-2.357,3.966,2.508
2024-03-14 12:00:00,8.008,-2.24,5.316,4.307
2024-03-14 13:00:00,7.676,-1.821,4.823,3.304
2024-03-14 14:00:00,7.311,-1.703,4.364,2.335
2024-03-14 15:00:00,6.965,-2.955,3.097,-3.151
2024-03-14 16:00:00,6.602,-2.608,3.397,-3.293
2024-03-14 17:00:00,7.274,-4.064,4.199,2.538
2024-03-14 18:00:00,7.05,-6.128,2.578,-0.152
2024-03-14 19:00:00,7.136,-1.985,4.7,-1.744
2024-03-14 20:00:00,7.01,-1.678,4.06,0.721
2024-03-14 21:00:00,7.176,-0.8,2.247,-5.854
2024-03-14 22:00:00,6.801,-0.75,0.363,-5.597
2024-03-14 23:00:00,6.467,-0.469,4.608,-1.956
2024-03-15 00:00:00,6.095,-0.213,5.235,-0.908
2024-03-15 01:00:00,5.636,-1.728,4.792,-0.901
2024-03-15 02:00:00,5.444,-1.117,3.465,-0.614
2024-03-15 03:00:00,5.455,-4.247,-0.02,-2.57
2024-03-15 04:00:00,5.374,-3.225,1.532,-2.149
2024-03-15 05:00:00,5.308,-2.406,2.126,-0.106
2024-03-15 06:00:00,5.252,-3.364,1.95,-2.749
2024-03-15 07:00:00,5.213,-1.679,2.983,-2.725
2024-03-15 08:00:00,4.718,-2.066,2.914,0.305
2024-03-15 09:00:00,5.048,-3.066,3.07,1.189
2024-03-15 10:00:00,4.988,-3.798,1.858,1.642
2024-03-15 11:00:00,4.636,-1.519,1.825,1.843
2024-03-15 12:00:00,4.681,-2.846,2.576,-0.456
2024-03-15 13:00:00,4.549,-3.103,0.708,1.6
2024-03-15 14:00:00,4.903,-2.416,2.114,2.667
2024-03-15 15:00:00,4.76,-3.382,1.222,1.657
2024-03-15 16:00:00,4.399,-2.911,1.907,1.127
2024-03-15 17:00:00,4.463,-2.973,1.196,2.469
2024-03-15 18:00:00,4.502,-2.622,2.491,1.706
2024-03-15 19:00:00,4.404,-2.187,2.371,-0.861
2024-03-15 20:00:00,4.241,-1.632,2.991,1.324
2024-03-15 21:00:00,4.201,-1.184,3.157,1.145
2024-03-15 22:00:00,4.086,-1.901,2.762,0.792
2024-03-15 23:00:00,4.127,-1.878,2.86,-0.141
2024-03-16 00:00:00,4.115,-1.415,1.99,2.814
2024-03-16 01:00:00,3.929,-1.774,2.117,0.111
2024-03-16 02:00:00,3.981,-2.46,1.084,2.473
2024-03-16 03:00:00,3.762,0.137,3.255,0.527
2024-03-16 04:00:00,3.706,0.149,2.787,0.182
2024-03-16 05:00:00,3.949,2.068,3.055,0.667
2024-03-16 06:00:00,3.876,2.088,2.637,0.973
2024-03-16 07:00:00,3.719,-0.019,2.961,0.917
2024-03-16 08:00:00,3.829,0.774,2.511,1.541
2024-03-16 09:00:00,3.956,-1.638,1.334,1.692
2024-03-16 10:00:00,4.291,-2.598,2.619,1.553
2024-03-16 11:00:00,3.99,-0.156,3.317,-0.263
2024-03-16 12:00:00,4.107,0.178,3.424,0.948
2024-03-16 13:00:00,3.818,-0.387,2.774,0.559
2024-03-16 14:00:00,4.096,-1.134,3.494,0.175
2024-03-16 15:00:00,4.06,-0.008,3.493,1.396
2024-03-16 16:00:00,3.621,0.54,3.429,-0.115
2024-03-16 17:00:00,3.447,-1.878,2.414,-0.207
2024-03-16 18:00:00,3.893,-0.826,3.075,-1.41
2024-03-16 19:00:00,3.933,-0.959,3.574,0.224
2024-03-16 20:00:00,3.734,-0.862,3.191,0.946
2024-03-16 21:00:00,3.758,1.516,3.064,1.226
2024-03-16 22:00:00,4.005,0.996,3.701,0.371
2024-03-16 23:00:00,3.789,0.686,3.525,0.041
2024-03-17 00:00:00,3.72,-0.715,3.326,0.461
2024-03-17 01:00:00,3.717,-2.47,2.281,-0.42
2024-03-17 02:00:00,3.711,-3.188,1.525,-0.278
2024-03-17 03:00:00,3.466,-3.155,0.141,0.624
2024-03-17 04:00:00,3.635,-3.439,-0.575,-0.544
2024-03-17 05:00:00,2.134,-0.554,0.615,0.08
2024-03-17 06:00:00,2.733,-1.47,0.607,0.973
2024-03-17 07:00:00,3.288,-0.021,2.838,1.371
2024-03-17 08:00:00,3.299,2.083,1.946,1.104
2024-03-17 09:00:00,3.606,1.88,2.62,0.72
2024-03-17 10:00:00,3.676,2.424,1.819,1.056
2024-03-17 11:00:00,3.842,2.566,2.308,1.438
2024-03-17 12:00:00,3.817,1.987,3.136,0.459
2024-03-17 13:00:00,4.05,3.598,1.174,0.139
2024-03-17 14:00:00,4.259,3.832,1.431,-0.598
2024-03-17 15:00:00,4.084,3.487,1.901,-0.298
2024-03-17 16:00:00,3.748,2.463,2.591,-0.735
2024-03-17 17:00:00,3.742,2.519,2.464,0.206
2024-03-17 18:00:00,3.75,2.446,2.549,-0.872
2024-03-17 19:00:00,3.481,1.574,2.797,-0.518
2024-03-17 20:00:00,3.398,0.422,3.189,-0.457
2024-03-17 21:00:00,3.662,-0.527,3.235,-0.959
2024-03-17 22:00:00,3.719,-0.385,3.146,-0.064
2024-03-17 23:00:00,3.783,-2.156,1.622,2.236
2024-03-18 00:00:00,4.034,-0.688,3.767,-0.088
2024-03-18 01:00:00,4.123,-2.185,3.155,1.171
2024-03-18 02:00:00,4.136,-2.31,3.104,1.268
2024-03-18 03:00:00,4.224,-3.142,2.068,1.234
2024-03-18 04:00:00,4.418,-3.185,2.68,1.057
2024-03-18 05:00:00,4.777,-2.856,3.699,-0.026
2024-03-18 06:00:00,4.579,-0.93,2.695,2.195
2024-03-18 07:00:00,4.196,0.097,1.074,3.948
2024-03-18 08:00:00,4.178,-0.349,1.856,3.331
2024-03-18 09:00:00,4.068,-1.41,3.252,1.219
2024-03-18 10:00:00,4.463,-0.748,4.148,0.867
2024-03-18 11:00:00,4.443,-0.921,3.284,2.157
2024-03-18 12:00:00,4.445,-0.722,3.636,1.212
2024-03-18 13:00:00,5.133,1.146,4.362,-1.703
2024-03-18 14:00:00,5.553,0.827,4.795,-2.481
2024-03-18 15:00:00,5.479,0.24,4.929,-2.138
2024-03-18 16:00:00,6.148,-0.385,5.654,-1.921
2024-03-18 17:00:00,6.431,0.664,3.686,-5.075
2024-03-18 18:00:00,6.617,0.912,1.553,-6.259
2024-03-18 19:00:00,6.937,-0.438,2.348,-5.535
2024-03-18 20:00:00,8.322,0.922,-5.235,-4.559
2024-03-18 21:00:00,9.853,1.007,-8.246,-4.548
2024-03-18 22:00:00,10.389,0.789,-8.387,-0.643
2024-03-18 23:00:00,8.103,1.23,-6.628,-2.256
2024-03-19 00:00:00,7.396,0.147,-5.965,-2.649
2024-03-19 01:00:00,6.383,-0.041,-4.519,-1.286
2024-03-19 02:00:00,4.51,2.261,-2.345,-1.91
2024-03-19 03:00:00,6.419,0.105,4.104,-4.497
2024-03-19 04:00:00,5.423,1.481,4.045,-0.777
2024-03-19 05:00:00,5.214,2.783,3.345,-0.011
2024-03-19 06:00:00,5.138,2.265,3.093,-2.961
2024-03-19 07:00:00,4.058,2.953,-0.832,-1.745
2024-03-19 08:00:00,3.377,2.056,-1.899,-0.057
2024-03-19 09:00:00,3.327,1.271,-0.58,-1.755
2024-03-19 10:00:00,3.234,-1.405,-0.063,-2.769
2024-03-19 11:00:00,3.008,-1.497,0.142,-2.356
2024-03-19 12:00:00,3.603,-2.814,-0.327,-1.796
2024-03-19 13:00:00,3.889,-0.455,-0.072,-0.475
2024-03-19 14:00:00,4.303,-2.496,-1.74,2.936
2024-03-19 15:00:00,4.507,0.852,-0.009,0.509
2024-03-19 16:00:00,4.688,3.993,1.431,-1.232
2024-03-19 17:00:00,4.596,4.141,0.782,0.025
2024-03-19 18:00:00,4.698,3.511,-0.389,-2.83
2024-03-19 19:00:00,5.138,4.195,-0.147,-2.765
2024-03-19 20:00:00,5.082,4.353,-0.831,-2.077
2024-03-19 21:00:00,5.042,4.084,-1.365,-1.878
2024-03-19 22:00:00,5.105,4.619,-1.726,-0.204
2024-03-19 23:00:00,5.257,4.742,-1.892,-0.537
2024-03-20 00:00:00,5.463,3.65,-1.487,3.151
2024-03-20 01:00:00,5.517,2.965,-2.548,3.435
2024-03-20 02:00:00,4.926,3.499,-2.221,2.34
2024-03-20 03:00:00,3.244,-0.76,-1.122,-1.547
2024-03-20 04:00:00,4.338,-0.461,-1.476,-2.496
2024-03-20 05:00:00,4.729,-3.502,-1.657,-0.013
2024-03-20 06:00:00,4.589,-2.67,-2.973,0.528
2024-03-20 07:00:00,5.32,-3.728,-2.816,0.428
2024-03-20 08:00:00,5.082,-0.488,-3.387,1.269
2024-03-20 09:00:00,5.709,0.585,-4.417,3.001
2024-03-20 10:00:00,5.88,-1.0,-4.444,3.182
2024-03-20 11:00:00,5.991,-2.154,-3.009,3.629
2024-03-20 12:00:00,6.048,-2.934,-2.425,4.204
2024-03-20 13:00:00,6.031,-0.336,-4.599,3.214
2024-03-20 14:00:00,5.515,0.502,-4.396,1.315
2024-03-20 15:00:00,5.704,1.58,-4.702,1.553
2024-03-20 16:00:00,5.421,-2.568,-3.82,2.273
2024-03-20 17:00:00,6.06,-2.935,-4.336,2.699
2024-03-20 18:00:00,6.168,-1.062,-5.779,0.521
2024-03-20 19:00:00,5.179,0.314,-4.779,0.245
2024-03-20 20:00:00,4.738,0.786,-4.276,-0.308
2024-03-20 21:00:00,5.089,1.969,-3.768,-2.578
2024-03-20 22:00:00,4.225,2.592,-1.618,-2.266
2024-03-20 23:00:00,3.44,2.052,-1.559,-1.539
2024-03-21 00:00:00,2.629,1.337,-1.548,-0.623
2024-03-21 01:00:00,3.104,-0.558,0.407,-0.177
2024-03-21 02:00:00,10.121,-4.677,7.752,0.154
2024-03-21 03:00:00,12.39,-4.702,10.709,-3.227
2024-03-21 04:00:00,9.702,-4.299,7.902,-0.119
2024-03-21 05:00:00,9.846,-2.999,5.07,-3.021
2024-03-21 06:00:00,10.592,-5.622,4.197,-6.648
2024-03-21 07:00:00,9.127,-1.715,7.241,-3.419
2024-03-21 08:00:00,9.126,1.697,8.245,0.785
2024-03-21 09:00:00,8.504,-6.038,4.365,0.267
2024-03-21 10:00:00,8.73,-3.381,5.497,-0.937
2024-03-21 11:00:00,11.048,-2.974,1.677,-9.579
2024-03-21 12:00:00,12.383,-3.462,-0.84,-11.679
2024-03-21 13:00:00,10.646,2.357,-3.612,-5.34
2024-03-21 14:00:00,9.763,5.883,-2.717,6.684
2024-03-21 15:00:00,11.723,-0.656,-4.646,-4.672
2024-03-21 16:00:00,11.227,-3.323,-6.821,-8.162
2024-03-21 17:00:00,10.556,-5.084,-6.616,-6.307
2024-03-21 18:00:00,10.403,-4.689,-7.923,-4.589
2024-03-21 19:00:00,9.945,-5.403,-7.472,-3.063
2024-03-21 20:00:00,10.192,-4.865,-8.725,-1.387
2024-03-21 21:00:00,9.815,-4.783,-8.459,-0.005
2024-03-21 22:00:00,9.747,-4.814,-8.386,0.549
2024-03-21 23:00:00,8.987,-4.318,-7.571,0.829
2024-03-22 00:00:00,8.826,-4.12,-5.499,4.998
2024-03-22 01:00:00,8.738,-4.82,-3.646,6.17
2024-03-22 02:00:00,7.798,-5.008,0.271,5.533
2024-03-22 03:00:00,7.778,-5.026,-0.17,5.769
2024-03-22 04:00:00,8.308,-5.192,-1.058,6.068
2024-03-22 05:00:00,6.934,-0.926,-6.147,-1.508
2024-03-22 06:00:00,7.838,0.644,-7.062,-2.628
2024-03-22 07:00:00,9.102,-3.362,-7.197,3.749
2024-03-22 08:00:00,9.597,-2.948,-4.428,7.853
2024-03-22 09:00:00,8.834,-3.222,-1.877,7.854
2024-03-22 10:00:00,8.678,-3.322,-4.461,5.705
2024-03-22 11:00:00,9.179,-3.299,-6.712,5.212
2024-03-22 12:00:00,8.465,-2.289,-4.844,6.381
2024-03-22 13:00:00,7.214,-0.145,-2.935,6.301
2024-03-22 14:00:00,5.694,1.586,-3.178,3.723
2024-03-22 15:00:00,7.611,0.1,-5.241,5.421
2024-03-22 16:00:00,7.936,-0.579,-4.921,6.133
2024-03-22 17:00:00,8.732,-1.819,-4.758,7.007
2024-03-22 18:00:00,8.884,-2.264,-4.601,7.158
2024-03-22 19:00:00,8.981,-2.281,-4.794,7.188
2024-03-22 20:00:00,9.123,-2.85,-4.171,7.549
2024-03-22 21:00:00,9.305,-3.084,-3.058,8.182
2024-03-22 22:00:00,9.38,-4.014,-2.484,8.041
2024-03-22 23:00:00,9.508,-3.804,-2.489,8.255
2024-03-23 00:00:00,8.402,-0.29,-3.823,6.992
2024-03-23 01:00:00,7.457,-3.916,-1.068,2.969
2024-03-23 02:00:00,7.755,-3.135,3.68,-4.639
2024-03-23 03:00:00,10.974,3.405,-1.02,-10.215
2024-03-23 04:00:00,7.808,3.966,-3.82,-4.959
2024-03-23 05:00:00,8.92,5.218,-3.6,-6.103
2024-03-23 06:00:00,7.258,4.494,-4.273,-3.58
2024-03-23 07:00:00,7.986,5.12,-5.297,-2.563
2024-03-23 08:00:00,8.478,5.994,-5.331,-2.426
2024-03-23 09:00:00,8.809,4.518,-5.918,0.092
2024-03-23 10:00:00,6.407,2.492,-4.535,1.6
2024-03-23 11:00:00,6.299,2.45,-5.445,-0.063
2024-03-23 12:00:00,5.973,1.636,-4.851,1.26
2024-03-23 13:00:00,9.719,1.513,-6.52,5.874
2024-03-23 14:00:00,16.356,7.425,-13.073,-1.502
2024-03-23 15:00:00,14.804,6.129,-11.001,6.238
2024-03-23 16:00:00,11.728,4.506,-9.403,-0.207
2024-03-23 17:00:00,12.995,6.661,-8.76,-3.421
2024-03-23 18:00:00,13.818,5.854,-10.542,-2.975
2024-03-23 19:00:00,14.09,3.506,-10.11,-7.518
2024-03-23 20:00:00,13.094,6.32,-8.81,-2.544
2024-03-23 21:00:00,11.566,5.062,-4.546,6.198
2024-03-23 22:00:00,8.802,2.583,-5.597,-0.687
2024-03-23 23:00:00,9.322,4.063,-6.054,-0.399
2024-03-24 00:00:00,10.06,5.299,-4.705,-2.336
2024-03-24 01:00:00,8.502,3.83,0.843,0.199
2024-03-24 02:00:00,10.012,2.92,-7.546,1.602
2024-03-24 03:00:00,7.683,0.729,-1.095,3.404
2024-03-24 04:00:00,5.936,0.616,-1.779,3.664
2024-03-24 05:00:00,5.892,2.796,-2.04,0.802
2024-03-24 06:00:00,6.0,2.677,-0.344,-0.972
2024-03-24 07:00:00,6.251,4.464,-1.408,-2.9
2024-03-24 08:00:00,5.983,3.114,-2.273,-1.707
2024-03-24 09:00:00,6.755,2.88,-3.188,-3.562
2024-03-24 10:00:00,8.073,4.281,-4.102,2.081
2024-03-24 11:00:00,7.117,4.935,-2.02,-3.176
2024-03-24 12:00:00,7.141,5.126,-2.686,1.728
2024-03-24 13:00:00,6.103,0.928,-0.846,3.723
2024-03-24 14:00:00,16.232,3.629,-4.971,-2.713
2024-03-24 15:00:00,24.794,6.51,-11.726,-12.875
2024-03-24 16:00:00,25.902,-13.56,-5.698,19.664
2024-03-24 17:00:00,17.528,-5.271,-10.411,8.243
2024-03-24 18:00:00,24.978,-0.007,18.01,2.377
2024-03-24 19:00:00,30.641,-2.046,29.84,4.878
2024-03-24 20:00:00,30.181,-7.414,28.491,6.324
2024-03-24 21:00:00,29.684,-7.449,27.727,7.296
2024-03-24 22:00:00,28.942,-10.205,25.021,9.591
2024-03-24 23:00:00,28.109,-12.11,21.712,12.845
2024-03-25 00:00:00,27.137,-12.983,20.673,11.693
2024-03-25 01:00:00,25.672,-9.393,9.716,20.624
2024-03-25 02:00:00,21.911,-1.036,-1.76,21.577
2024-03-25 03:00:00,19.354,-0.943,3.646,18.453
2024-03-25 04:00:00,19.055,-4.129,6.24,17.065
2024-03-25 05:00:00,18.324,-6.339,4.505,15.587
2024-03-25 06:00:00,17.273,-0.868,-6.904,15.046
2024-03-25 07:00:00,15.776,2.112,-9.852,11.763
2024-03-25 08:00:00,15.502,2.855,-9.718,11.441
2024-03-25 09:00:00,12.806,2.447,-9.773,6.936
2024-03-25 10:00:00,5.681,2.46,-2.958,4.041
2024-03-25 11:00:00,4.219,2.588,-1.377,2.308
2024-03-25 12:00:00,5.84,2.36,-2.851,4.202
2024-03-25 13:00:00,6.563,3.634,-3.052,4.325
2024-03-25 14:00:00,7.235,4.233,-2.422,5.166
2024-03-25 15:00:00,6.849,-0.456,-1.0,2.169
2024-03-25 16:00:00,6.305,-4.418,1.433,2.644
2024-03-25 17:00:00,6.805,-4.919,3.52,0.318
2024-03-25 18:00:00,6.724,-5.458,3.015,-1.072
2024-03-25 19:00:00,6.695,-5.99,2.647,0.794
2024-03-25 20:00:00,6.34,-5.897,1.918,0.669
2024-03-25 21:00:00,5.658,-4.946,2.119,1.151
2024-03-25 22:00:00,5.674,-4.236,3.231,-1.287
2024-03-25 23:00:00,5.852,-5.442,1.079,-1.349
2024-03-26 00:00:00,5.681,-4.873,-2.187,-1.376
2024-03-26 01:00:00,5.684,-4.893,-2.33,-1.068
2024-03-26 02:00:00,5.619,-5.388,-0.473,-1.119
2024-03-26 03:00:00,5.135,-4.674,-1.849,-0.383
2024-03-26 04:00:00,5.238,-2.744,1.369,1.164
2024-03-26 05:00:00,5.64,-3.045,4.133,1.981
2024-03-26 06:00:00,5.782,-2.121,4.948,1.428
2024-03-26 07:00:00,6.015,-2.58,4.647,2.122
2024-03-26 08:00:00,6.353,-4.623,3.37,-0.382
2024-03-26 09:00:00,5.065,-2.245,3.124,1.477
2024-03-26 10:00:00,1.909,-0.677,1.13,0.826
2024-03-26 11:00:00,2.355,-1.715,0.685,-1.065
2024-03-26 12:00:00,2.6,-2.278,0.014,-0.685
2024-03-26 13:00:00,2.917,-2.379,-1.208,-0.47
2024-03-26 14:00:00,3.214,-2.497,-1.356,-0.747
2024-03-26 15:00:00,3.435,-3.148,-0.931,0.139
2024-03-26 16:00:00,3.384,-3.053,-0.671,-0.133
2024-03-26 17:00:00,3.595,-3.21,-1.21,0.184
2024-03-26 18:00:00,3.747,-3.255,-1.551,0.363
2024-03-26 19:00:00,3.845,-3.265,-1.65,0.623
2024-03-26 20:00:00,3.127,-2.566,-0.789,0.881
2024-03-26 21:00:00,3.184,-2.006,0.376,1.89
2024-03-26 22:00:00,4.243,-3.695,0.317,1.365
2024-03-26 23:00:00,3.788,-3.465,-0.516,-0.374
2024-03-27 00:00:00,2.735,-2.504,-0.237,-0.095
2024-03-27 01:00:00,3.469,-2.903,0.02,1.033
2024-03-27 02:00:00,3.918,-3.295,-1.057,0.5
2024-03-27 03:00:00,4.156,-3.168,-0.209,1.613
2024-03-27 04:00:00,4.212,-2.946,-1.882,1.143
2024-03-27 05:00:00,3.09,-2.372,-0.768,1.248
2024-03-27 06:00:00,3.364,-2.149,-0.073,-0.527
2024-03-27 07:00:00,2.393,-0.978,-1.698,0.426
2024-03-27 08:00:00,2.858,-1.678,-2.199,0.009
2024-03-27 09:00:00,3.211,-2.514,-1.799,0.21
2024-03-27 10:00:00,3.918,-3.251,-2.013,0.353
2024-03-27 11:00:00,4.229,-3.474,-2.072,0.824
2024-03-27 12:00:00,3.987,-3.48,-1.424,1.08
2024-03-27 13:00:00,3.648,-3.189,-1.26,0.975
2024-03-27 14:00:00,4.128,-3.655,-1.549,0.782
2024-03-27 15:00:00,4.23,-3.974,-0.918,0.815
2024-03-27 16:00:00,4.384,-4.102,-0.95,0.949
2024-03-27 17:00:00,4.556,-4.317,-0.734,0.978
2024-03-27 18:00:00,4.551,-4.284,-0.487,1.197
2024-03-27 19:00:00,3.935,-3.51,-0.883,0.856
2024-03-27 20:00:00,3.742,-3.168,-1.662,0.474
2024-03-27 21:00:00,3.414,-2.641,0.232,1.907
2024-03-27 22:00:00,3.334,-2.769,-0.611,0.993
2024-03-27 23:00:00,3.843,-3.438,-1.047,1.065
2024-03-28 00:00:00,3.83,-3.497,-0.672,1.171
2024-03-28 01:00:00,3.239,-2.991,-0.59,0.719
2024-03-28 02:00:00,2.486,-2.103,-0.526,0.718
2024-03-28 03:00:00,3.553,-3.323,-0.505,0.806
2024-03-28 04:00:00,2.985,-2.739,-0.258,0.774
2024-03-28 05:00:00,3.592,-3.323,-0.432,1.014
2024-03-28 06:00:00,3.632,-3.022,-1.257,0.285
2024-03-28 07:00:00,2.317,-2.052,-0.635,-0.019
2024-03-28 08:00:00,1.995,-1.671,-0.717,-0.183
2024-03-28 09:00:00,1.682,-1.203,-0.573,-0.319
2024-03-28 10:00:00,1.426,-1.067,-0.174,0.136
2024-03-28 11:00:00,1.609,-1.287,-0.249,-0.257
2024-03-28 12:00:00,1.629,-1.384,0.168,0.039
2024-03-28 13:00:00,1.513,-1.145,-0.203,-0.297
2024-03-28 14:00:00,1.26,-0.893,0.049,0.076
2024-03-28 15:00:00,1.298,-0.993,-0.047,-0.24
2024-03-28 16:00:00,1.232,-0.41,0.131,0.174
2024-03-28 17:00:00,1.402,0.002,0.068,0.255
2024-03-28 18:00:00,2.198,1.202,-0.629,-0.6
2024-03-28 19:00:00,2.07,-0.527,0.544,0.912
2024-03-28 20:00:00,2.652,-0.697,-0.268,2.296
2024-03-28 21:00:00,3.877,-0.699,-0.701,3.557
2024-03-28 22:00:00,2.768,-0.516,-2.323,1.191
2024-03-28 23:00:00,2.207,-0.287,-1.879,0.282
2024-03-29 00:00:00,3.036,0.154,-2.381,0.954
2024-03-29 01:00:00,3.217,0.774,-3.008,-0.343
2024-03-29 02:00:00,2.248,-0.158,-1.983,-0.335
2024-03-29 03:00:00,2.401,-0.65,-0.729,-0.901
2024-03-29 04:00:00,2.82,-1.848,-0.016,0.175
2024-03-29 05:00:00,2.515,-1.808,-1.009,0.697
2024-03-29 06:00:00,2.869,-1.853,-1.535,0.056
2024-03-29 07:00:00,2.426,1.307,-0.513,-1.825
2024-03-29 08:00:00,2.402,0.403,-1.437,-1.634
2024-03-29 09:00:00,1.939,0.216,-1.298,-0.57
2024-03-29 10:00:00,1.865,-0.304,-1.105,-1.121
2024-03-29 11:00:00,1.966,-0.168,-0.603,-1.47
2024-03-29 12:00:00,2.289,-0.704,-0.96,-1.526
2024-03-29 13:00:00,2.252,-1.997,-0.334,0.365
2024-03-29 14:00:00,2.729,-2.513,-0.386,0.603
2024-03-29 15:00:00,2.866,-2.623,-0.74,0.446
2024-03-29 16:00:00,2.791,-2.654,-0.158,0.33
2024-03-29 17:00:00,2.824,-2.705,-0.192,0.216
2024-03-29 18:00:00,3.048,-2.935,-0.075,0.371
2024-03-29 19:00:00,3.108,-2.979,-0.123,0.481
2024-03-29 20:00:00,3.138,-3.009,-0.135,0.507
2024-03-29 21:00:00,3.004,-2.863,-0.069,0.529
2024-03-29 22:00:00,3.137,-3.003,-0.047,0.562
2024-03-29 23:00:00,3.436,-3.243,0.196,0.809
2024-03-30 00:00:00,3.652,-3.408,0.279,1.023
2024-03-30 01:00:00,4.157,-3.886,0.551,1.063
2024-03-30 02:00:00,3.806,-3.538,-0.502,0.952
2024-03-30 03:00:00,4.078,-3.77,0.568,1.232
2024-03-30 04:00:00,4.116,-3.628,0.598,1.678
2024-03-30 05:00:00,4.113,-3.758,0.268,1.385
2024-03-30 06:00:00,4.176,-3.807,0.27,1.409
2024-03-30 07:00:00,3.967,-3.655,-0.448,1.112
2024-03-30 08:00:00,5.197,-4.821,1.463,0.976
2024-03-30 09:00:00,4.398,-3.978,1.534,-0.545
2024-03-30 10:00:00,5.618,-4.343,2.414,2.213
2024-03-30 11:00:00,6.083,-4.389,3.054,2.737
2024-03-30 12:00:00,4.527,-2.275,1.881,1.996
2024-03-30 13:00:00,7.362,-3.0,0.931,6.388
2024-03-30 14:00:00,8.324,-4.738,6.265,-1.934
2024-03-30 15:00:00,9.157,-4.318,7.054,2.313
2024-03-30 16:00:00,10.071,-5.507,8.114,1.035
2024-03-30 17:00:00,10.851,-5.74,8.699,-0.417
2024-03-30 18:00:00,11.948,-5.29,10.3,-0.767
2024-03-30 19:00:00,11.706,-5.891,9.178,-3.416
2024-03-30 20:00:00,12.423,-6.252,10.182,-2.667
2024-03-30 21:00:00,12.472,-6.647,10.26,-1.37
2024-03-30 22:00:00,13.017,-8.677,8.179,-4.205
2024-03-30 23:00:00,13.162,-7.07,7.342,-7.667
2024-03-31 00:00:00,10.225,-3.546,5.427,-5.77
2024-03-31 01:00:00,8.978,-2.495,6.725,-3.659
2024-03-31 02:00:00,8.047,-4.104,4.706,0.156
2024-03-31 03:00:00,8.226,-4.637,4.737,3.761
2024-03-31 04:00:00,7.531,-4.888,5.212,1.086
2024-03-31 05:00:00,6.57,-1.171,2.495,-1.657
2024-03-31 06:00:00,5.959,-2.857,2.602,0.89
2024-03-31 07:00:00,6.032,-5.181,1.988,0.132
2024-03-31 08:00:00,6.673,-5.471,2.753,2.148
2024-03-31 09:00:00,6.411,-5.791,0.439,2.315
2024-03-31 10:00:00,6.48,-3.588,2.278,2.583
2024-03-31 11:00:00,6.948,-3.391,1.37,2.942
2024-03-31 12:00:00,7.788,-6.407,-0.223,4.155
2024-03-31 13:00:00,7.845,-5.672,2.243,4.352
2024-03-31 14:00:00,7.87,-1.709,5.757,2.889
2024-03-31 15:00:00,7.134,-4.786,2.055,2.167
2024-03-31 16:00:00,6.652,-5.627,1.479,-0.302
2024-03-31 17:00:00,7.339,-3.881,3.435,4.195
2024-03-31 18:00:00,7.655,-4.676,5.068,1.698
2024-03-31 19:00:00,8.015,-3.497,5.94,3.57
2024-03-31 20:00:00,7.994,-5.51,3.792,-2.807
2024-03-31 21:00:00,9.337,-6.625,4.536,-4.06
2024-03-31 22:00:00,7.975,-3.607,6.168,0.584
2024-03-31 23:00:00,8.792,-6.253,5.409,-1.766
2024-04-01 00:00:00,7.778,-6.302,-0.676,-1.953
2024-04-01 01:00:00,7.602,-6.369,1.949,0.385
2024-04-01 02:00:00,7.692,-5.012,0.367,-3.17
2024-04-01 03:00:00,6.936,-4.977,2.968,-0.43
2024-04-01 04:00:00,6.782,-5.156,-0.785,-3.486
2024-04-01 05:00:00,6.045,-2.309,-1.266,-4.13
2024-04-01 06:00:00,5.862,-4.785,-0.589,-2.606
2024-04-01 07:00:00,5.796,-5.323,1.642,-0.046
2024-04-01 08:00:00,5.344,-0.922,3.136,2.266
2024-04-01 09:00:00,6.502,3.658,4.238,2.881
2024-04-01 10:00:00,6.726,4.968,3.801,1.286
2024-04-01 11:00:00,6.929,5.301,3.521,-1.897
2024-04-01 12:00:00,7.129,4.326,3.287,-0.966
2024-04-01 13:00:00,7.154,4.162,4.664,0.271
2024-04-01 14:00:00,6.363,3.043,4.364,0.512
2024-04-01 15:00:00,5.864,0.39,3.244,2.463
2024-04-01 16:00:00,6.223,2.808,3.207,-2.262
2024-04-01 17:00:00,5.494,-0.342,2.872,-0.443
2024-04-01 18:00:00,4.995,-1.03,1.278,0.01
2024-04-01 19:00:00,5.5,-1.499,1.467,-2.496
2024-04-01 20:00:00,6.803,0.782,4.863,3.858
2024-04-01 21:00:00,6.837,0.44,3.573,4.313
2024-04-01 22:00:00,6.348,-2.585,5.015,0.128
2024-04-01 23:00:00,6.387,-4.082,4.013,-2.343
2024-04-02 00:00:00,6.091,-3.209,4.26,-2.168
2024-04-02 01:00:00,5.72,-3.906,2.569,-2.877
2024-04-02 02:00:00,5.257,0.079,3.863,-0.46
2024-04-02 03:00:00,4.976,2.153,3.571,-0.691
2024-04-02 04:00:00,4.445,0.44,3.532,-0.29
2024-04-02 05:00:00,4.474,-1.367,1.955,0.316
2024-04-02 06:00:00,4.185,0.594,3.208,1.328
2024-04-02 07:00:00,4.504,-2.286,1.852,-0.893
2024-04-02 08:00:00,4.588,-0.326,0.683,-3.866
2024-04-02 09:00:00,4.549,-0.492,0.072,-3.492
2024-04-02 10:00:00,4.571,-2.169,0.767,-1.829
2024-04-02 11:00:00,4.778,-2.906,2.901,0.779
2024-04-02 12:00:00,4.351,-2.292,2.145,-0.608
2024-04-02 13:00:00,4.493,-0.551,2.624,-0.932
2024-04-02 14:00:00,4.518,-1.359,2.925,0.395
2024-04-02 15:00:00,5.327,-1.65,4.358,0.268
2024-04-02 16:00:00,5.447,-0.263,3.243,1.068
2024-04-02 17:00:00,5.545,0.325,3.136,-1.93
2024-04-02 18:00:00,5.44,-1.439,3.274,0.942
2024-04-02 19:00:00,5.131,-2.181,3.151,2.116
2024-04-02 20:00:00,5.094,-1.976,1.571,2.242
2024-04-02 21:00:00,5.112,-2.905,1.351,1.096
2024-04-02 22:00:00,5.844,-0.5,4.538,0.14
2024-04-02 23:00:00,5.341,-1.651,1.232,-3.398
2024-04-03 00:00:00,5.503,-0.768,3.987,-2.133
2024-04-03 01:00:00,4.816,-1.036,2.913,2.237
2024-04-03 02:00:00,4.905,-0.984,2.227,-1.815
2024-04-03 03:00:00,4.762,-2.756,2.788,0.47
2024-04-03 04:00:00,4.334,-2.776,2.121,-1.695
2024-04-03 05:00:00,4.374,-3.119,2.461,-1.055
2024-04-03 06:00:00,4.364,-3.096,1.271,-1.618
2024-04-03 07:00:00,3.706,-2.845,1.565,-1.028
2024-04-03 08:00:00,3.921,-3.453,1.417,-0.792
2024-04-03 09:00:00,4.143,-3.802,1.221,-0.561
2024-04-03 10:00:00,4.317,-4.154,0.789,-0.185
2024-04-03 11:00:00,4.433,-4.159,0.687,-0.71
2024-04-03 12:00:00,4.555,-4.19,0.361,-0.646
2024-04-03 13:00:00,4.764,-3.943,-0.147,-2.436
2024-04-03 14:00:00,4.384,-3.586,1.48,-1.059
2024-04-03 15:00:00,4.362,-3.74,1.673,0.671
2024-04-03 16:00:00,4.476,-3.97,1.748,0.303
2024-04-03 17:00:00,4.003,-2.623,1.805,0.123
2024-04-03 18:00:00,5.231,-4.337,2.427,1.361
2024-04-03 19:00:00,5.541,-4.419,3.11,0.557
2024-04-03 20:00:00,5.837,-3.787,4.3,0.503
2024-04-03 21:00:00,5.544,-3.437,3.947,1.485
2024-04-03 22:00:00,5.698,-3.289,4.185,1.804
2024-04-03 23:00:00,5.535,-3.438,4.134,0.835
2024-04-04 00:00:00,4.925,-1.8,4.365,0.588
2024-04-04 01:00:00,5.035,-2.503,4.164,0.335
2024-04-04 02:00:00,5.719,-3.361,4.202,-0.005
2024-04-04 03:00:00,6.995,-3.86,4.411,2.239
2024-04-04 04:00:00,7.532,-1.958,6.511,2.686
2024-04-04 05:00:00,7.908,-0.555,-0.791,5.968
2024-04-04 06:00:00,9.991,3.093,-8.923,2.952
2024-04-04 07:00:00,10.518,2.737,-7.929,5.731
2024-04-04 08:00:00,9.334,3.756,-6.935,4.111
2024-04-04 09:00:00,8.367,4.001,-5.142,0.379
2024-04-04 10:00:00,10.087,6.95,-5.192,-4.144
2024-04-04 11:00:00,8.924,6.276,-4.834,-2.697
2024-04-04 12:00:00,8.311,6.749,-3.828,-2.169
2024-04-04 13:00:00,7.999,6.942,-2.518,-2.581
2024-04-04 14:00:00,7.729,6.622,-2.095,-3.127
2024-04-04 15:00:00,7.962,7.041,-2.519,-2.417
2024-04-04 16:00:00,7.995,7.112,-2.973,-1.789
2024-04-04 17:00:00,6.999,5.302,-3.336,-0.355
2024-04-04 18:00:00,6.132,3.097,-3.646,-0.382
2024-04-04 19:00:00,6.266,3.798,-3.48,-1.35
2024-04-04 20:00:00,6.899,5.439,-3.023,-1.509
2024-04-04 21:00:00,7.727,5.9,-4.404,-0.115
2024-04-04 22:00:00,7.53,5.546,-4.132,-0.124
2024-04-04 23:00:00,6.288,1.335,-2.691,3.771
2024-04-05 00:00:00,5.414,4.186,-0.523,0.386
2024-04-05 01:00:00,6.269,2.566,-4.112,1.895
2024-04-05 02:00:00,6.435,1.36,-5.013,-1.036
2024-04-05 03:00:00,6.485,3.477,-1.852,0.23
2024-04-05 04:00:00,6.761,3.645,-3.642,2.548
2024-04-05 05:00:00,6.552,3.295,-4.656,-0.772
2024-04-05 06:00:00,6.313,4.568,-1.793,-2.585
2024-04-05 07:00:00,6.444,5.252,-2.322,-2.149
2024-04-05 08:00:00,6.413,3.997,-3.248,-2.657
2024-04-05 09:00:00,6.52,4.575,-4.043,0.559
2024-04-05 10:00:00,6.697,4.793,-3.538,-2.825
2024-04-05 11:00:00,6.869,4.733,-4.123,-2.619
2024-04-05 12:00:00,6.878,5.226,-3.376,-2.532
2024-04-05 13:00:00,6.37,4.529,-3.211,-1.558
2024-04-05 14:00:00,6.134,4.321,-2.47,-2.62
2024-04-05 15:00:00,5.541,4.914,-0.386,-0.016
2024-04-05 16:00:00,5.354,3.868,-0.215,-2.031
2024-04-05 17:00:00,5.187,2.736,-3.462,0.327
2024-04-05 18:00:00,5.575,3.892,-2.471,0.368
2024-04-05 19:00:00,5.667,2.114,-2.93,0.311
2024-04-05 20:00:00,5.808,0.286,-5.225,0.604
2024-04-05 21:00:00,6.142,4.118,-3.878,-0.631
2024-04-05 22:00:00,6.478,5.011,-2.739,-0.34
2024-04-05 23:00:00,6.966,3.664,-5.327,-1.576
2024-04-06 00:00:00,7.046,3.031,-5.781,-1.116
2024-04-06 01:00:00,7.698,3.805,-6.49,-0.672
2024-04-06 02:00:00,7.402,3.209,-5.684,1.965
2024-04-06 03:00:00,7.326,6.051,-1.534,-0.481
2024-04-06 04:00:00,7.099,4.354,0.496,-2.454
2024-04-06 05:00:00,6.66,2.248,-4.283,-1.522
2024-04-06 06:00:00,6.726,2.585,-4.719,-0.64
2024-04-06 07:00:00,6.356,1.845,-4.512,2.004
2024-04-06 08:00:00,5.891,2.008,-4.147,0.679
2024-04-06 09:00:00,5.685,0.68,-3.394,2.071
2024-04-06 10:00:00,5.281,1.843,-1.548,-0.067
2024-04-06 11:00:00,5.667,2.527,-4.659,0.052
2024-04-06 12:00:00,6.179,1.524,-4.329,2.929
2024-04-06 13:00:00,6.167,0.956,-5.533,0.839
2024-04-06 14:00:00,5.838,1.991,-3.851,1.992
2024-04-06 15:00:00,5.594,3.515,-3.714,1.236
2024-04-06 16:00:00,5.274,2.439,-4.173,0.892
2024-04-06 17:00:00,4.983,2.894,-3.417,0.861
2024-04-06 18:00:00,4.921,3.218,-3.188,0.581
2024-04-06 19:00:00,4.818,4.07,-1.7,0.825
2024-04-06 20:00:00,4.558,0.697,-2.713,0.435
2024-04-06 21:00:00,4.801,-0.039,-3.846,1.292
2024-04-06 22:00:00,5.41,-1.334,-4.012,2.003
2024-04-06 23:00:00,5.034,0.626,-2.374,2.956
2024-04-07 00:00:00,5.137,2.611,-2.576,2.266
2024-04-07 01:00:00,5.266,-0.002,-2.367,2.64
2024-04-07 02:00:00,4.446,1.896,-2.597,-0.355
2024-04-07 03:00:00,4.853,0.16,-3.282,1.922
2024-04-07 04:00:00,4.599,-1.676,-3.093,1.118
2024-04-07 05:00:00,4.124,1.135,-2.769,-0.261
2024-04-07 06:00:00,4.069,1.042,-2.237,0.971
2024-04-07 07:00:00,4.105,3.172,-0.486,2.068
2024-04-07 08:00:00,3.899,2.134,-1.335,-0.908
2024-04-07 09:00:00,3.759,3.199,-0.135,1.026
2024-04-07 10:00:00,3.668,2.06,-1.574,-0.348
2024-04-07 11:00:00,3.64,0.536,-2.15,-1.223
2024-04-07 12:00:00,4.274,2.95,-2.406,0.163
2024-04-07 13:00:00,4.222,0.896,-3.203,-1.797
2024-04-07 14:00:00,4.28,1.437,-2.339,-2.788
2024-04-07 15:00:00,4.383,-0.813,-3.892,-0.534
2024-04-07 16:00:00,4.271,-1.263,-3.206,-1.589
2024-04-07 17:00:00,4.246,-1.891,-2.938,-1.9
2024-04-07 18:00:00,4.15,0.844,-3.276,-1.115
2024-04-07 19:00:00,4.014,-0.728,-3.33,-0.868
2024-04-07 20:00:00,3.947,-1.022,-3.04,-1.443
2024-04-07 21:00:00,3.83,-2.297,-2.825,0.478
2024-04-07 22:00:00,3.869,-2.591,-1.476,-1.614
2024-04-07 23:00:00,3.984,-1.557,-2.835,0.722
2024-04-08 00:00:00,3.526,-0.52,-2.994,0.264
2024-04-08 01:00:00,4.479,0.992,-4.093,0.295
2024-04-08 02:00:00,5.384,3.454,-1.807,0.122
2024-04-08 03:00:00,5.969,1.532,-4.989,-1.077
2024-04-08 04:00:00,5.813,1.755,-3.13,-3.398
2024-04-08 05:00:00,5.314,0.936,-3.88,-3.343
2024-04-08 06:00:00,4.235,1.859,-3.439,-0.412
2024-04-08 07:00:00,4.295,1.534,-2.941,-0.84
2024-04-08 08:00:00,3.888,2.039,-2.829,-1.163
2024-04-08 09:00:00,4.723,-1.784,2.741,2.127
2024-04-08 10:00:00,6.53,-3.34,4.809,2.256
2024-04-08 11:00:00,6.445,-2.223,5.798,0.203
2024-04-08 12:00:00,6.338,-0.826,6.104,-0.743
2024-04-08 13:00:00,6.502,-0.366,6.293,-0.013
2024-04-08 14:00:00,6.188,-0.632,5.648,-1.348
2024-04-08 15:00:00,5.671,-1.059,4.507,2.483
2024-04-08 16:00:00,5.631,-1.039,3.899,0.027
2024-04-08 17:00:00,5.427,-1.358,4.643,-1.584
2024-04-08 18:00:00,5.223,-0.92,4.629,-0.904
2024-04-08 19:00:00,5.39,0.23,4.667,1.96
2024-04-08 20:00:00,5.189,-0.511,3.467,3.609
2024-04-08 21:00:00,5.373,-2.071,3.601,2.909
2024-04-08 22:00:00,5.769,-2.948,3.665,2.579
2024-04-08 23:00:00,5.853,-2.356,4.953,-0.663
2024-04-09 00:00:00,5.843,-2.547,4.38,-2.343
2024-04-09 01:00:00,5.758,-1.452,3.044,-4.154
2024-04-09 02:00:00,5.935,-2.302,4.424,-2.201
2024-04-09 03:00:00,7.007,-2.739,6.33,-0.702
2024-04-09 04:00:00,7.398,-1.832,6.346,-0.098
2024-04-09 05:00:00,8.469,1.313,-0.517,-7.571
2024-04-09 06:00:00,7.806,-1.535,5.056,-5.315
2024-04-09 07:00:00,7.865,-2.546,6.507,-2.317
2024-04-09 08:00:00,7.98,-3.2,6.507,-2.971
2024-04-09 09:00:00,8.241,-2.065,5.567,-5.582
2024-04-09 10:00:00,8.252,-2.272,5.766,-5.319
2024-04-09 11:00:00,8.387,-2.766,5.691,-5.324
2024-04-09 12:00:00,7.749,-4.992,5.089,0.972
2024-04-09 13:00:00,7.422,-4.238,5.106,-1.486
2024-04-09 14:00:00,7.103,-3.986,4.524,1.991
2024-04-09 15:00:00,7.013,-3.673,2.79,2.991
2024-04-09 16:00:00,6.808,-3.535,3.642,3.578
2024-04-09 17:00:00,6.599,-4.085,3.244,-0.99
2024-04-09 18:00:00,6.798,-3.987,4.361,-1.617
2024-04-09 19:00:00,6.834,-1.161,2.547,2.159
2024-04-09 20:00:00,6.952,-2.005,3.901,2.721
2024-04-09 21:00:00,6.855,-3.713,-0.338,-3.06
2024-04-09 22:00:00,7.687,-3.46,5.105,2.153
2024-04-09 23:00:00,7.755,-4.557,4.98,0.052
2024-04-10 00:00:00,7.654,-3.185,6.006,0.336
2024-04-10 01:00:00,7.407,-1.155,3.854,-0.786
2024-04-10 02:00:00,6.276,-1.914,3.828,1.158
2024-04-10 03:00:00,5.197,-1.644,1.941,0.717
2024-04-10 04:00:00,6.349,-4.054,3.815,-1.165
2024-04-10 05:00:00,6.001,-4.036,3.189,-1.564
2024-04-10 06:00:00,6.419,-5.111,2.994,-0.962
2024-04-10 07:00:00,6.592,2.003,2.824,0.129
2024-04-10 08:00:00,5.731,0.063,3.705,-1.71
2024-04-10 09:00:00,4.92,-1.596,2.966,-1.572
2024-04-10 10:00:00,4.351,-2.741,1.179,1.932
2024-04-10 11:00:00,5.897,-1.797,2.692,0.848
2024-04-10 12:00:00,6.446,-3.635,4.275,-1.704
2024-04-10 13:00:00,6.709,-3.043,4.381,-3.645
2024-04-10 14:00:00,6.814,-3.616,3.271,-3.361
2024-04-10 15:00:00,6.754,-1.822,3.47,-1.959
2024-04-10 16:00:00,7.555,-5.861,3.663,-0.46
2024-04-10 17:00:00,6.994,-3.476,3.3,-1.735
2024-04-10 18:00:00,7.211,-1.358,5.445,-2.099
2024-04-10 19:00:00,7.289,0.201,5.561,2.577
2024-04-10 20:00:00,7.346,-0.355,5.943,0.043
2024-04-10 21:00:00,7.15,-3.288,4.306,-0.734
2024-04-10 22:00:00,6.993,-3.706,4.888,0.906
2024-04-10 23:00:00,6.343,-3.348,3.285,-0.936
2024-04-11 00:00:00,5.86,-2.254,-1.623,-0.503
2024-04-11 01:00:00,5.565,-3.058,0.276,-1.601
2024-04-11 02:00:00,5.56,-2.889,3.197,0.875
2024-04-11 03:00:00,5.528,-2.038,0.65,3.888
2024-04-11 04:00:00,5.747,-1.831,3.93,0.755
2024-04-11 05:00:00,5.374,-2.413,1.777,2.357
2024-04-11 06:00:00,5.816,-0.093,4.998,2.064
2024-04-11 07:00:00,5.344,-1.819,3.54,1.173
2024-04-11 08:00:00,4.805,-3.685,0.758,0.136
2024-04-11 09:00:00,5.445,-2.467,3.299,0.436
2024-04-11 10:00:00,5.684,-3.161,-1.065,3.778
2024-04-11 11:00:00,4.81,-2.642,-0.406,2.593
2024-04-11 12:00:00,4.972,-0.727,3.253,-0.116
2024-04-11 13:00:00,4.972,-1.785,1.523,1.447
2024-04-11 14:00:00,5.438,0.134,4.745,0.728
2024-04-11 15:00:00,5.315,-0.568,4.071,0.718
2024-04-11 16:00:00,5.457,-1.603,4.414,-0.341
2024-04-11 17:00:00,5.471,-1.844,4.217,1.043
2024-04-11 18:00:00,5.199,-2.933,2.705,1.883
2024-04-11 19:00:00,5.308,-2.116,2.293,3.352
2024-04-11 20:00:00,4.92,-2.457,3.219,-0.117
2024-04-11 21:00:00,4.394,-3.329,0.036,1.101
2024-04-11 22:00:00,4.486,-0.122,3.18,-1.169
2024-04-11 23:00:00,4.748,-1.167,3.912,-0.878
2024-04-12 00:00:00,4.735,-3.446,2.4,0.832
2024-04-12 01:00:00,4.862,-0.919,4.1,-0.639
2024-04-12 02:00:00,4.686,-2.074,2.405,-1.253
2024-04-12 03:00:00,4.743,-2.81,2.705,-1.924
2024-04-12 04:00:00,4.669,-3.184,2.94,-0.703
2024-04-12 05:00:00,4.738,-0.978,2.68,-1.776
2024-04-12 06:00:00,4.742,-1.358,2.837,-0.518
2024-04-12 07:00:00,4.593,-0.807,3.789,1.135
2024-04-12 08:00:00,4.39,-1.346,3.444,-0.79
2024-04-12 09:00:00,4.468,-2.834,2.484,1.207
2024-04-12 10:00:00,4.535,-3.418,2.091,-1.612
2024-04-12 11:00:00,4.585,-3.105,2.674,-1.064
2024-04-12 12:00:00,4.465,-3.562,2.081,-0.869
2024-04-12 13:00:00,4.33,-1.844,2.196,0.558
2024-04-12 14:00:00,4.411,-1.735,3.643,0.981
2024-04-12 15:00:00,4.228,-2.795,2.609,0.396
2024-04-12 16:00:00,4.15,-2.734,2.604,-0.444
2024-04-12 17:00:00,4.043,-2.388,2.165,1.68
2024-04-12 18:00:00,3.854,-3.246,1.179,0.855
2024-04-12 19:00:00,3.821,-3.62,-0.051,0.185
2024-04-12 20:00:00,4.023,-2.025,2.426,1.637
2024-04-12 21:00:00,3.952,-0.846,1.391,2.163
2024-04-12 22:00:00,4.366,-0.043,-0.671,2.62
2024-04-12 23:00:00,3.904,-0.991,-2.241,1.937
2024-04-13 00:00:00,3.923,-1.347,2.521,-2.201
2024-04-13 01:00:00,3.678,-0.995,1.822,-1.965
2024-04-13 02:00:00,3.631,-1.092,1.983,-2.507
2024-04-13 03:00:00,3.604,-2.908,0.469,-0.294
2024-04-13 04:00:00,3.202,-0.7,1.223,-0.849
2024-04-13 05:00:00,3.364,-0.373,0.868,2.431
2024-04-13 06:00:00,3.618,-1.095,2.019,1.889
2024-04-13 07:00:00,3.42,-0.567,1.55,1.446
2024-04-13 08:00:00,3.477,-0.993,2.7,0.087
2024-04-13 09:00:00,3.936,-0.548,1.804,2.505
2024-04-13 10:00:00,3.744,-1.58,2.557,0.101
2024-04-13 11:00:00,3.696,-2.476,1.042,-1.484
2024-04-13 12:00:00,3.995,-1.254,-0.233,2.034
2024-04-13 13:00:00,4.066,-3.558,-0.218,1.321
2024-04-13 14:00:00,4.007,-2.605,-0.642,2.493
2024-04-13 15:00:00,4.103,-1.479,3.012,1.314
2024-04-13 16:00:00,3.588,-1.919,0.964,0.348
2024-04-13 17:00:00,3.935,-1.953,3.066,-0.216
2024-04-13 18:00:00,4.04,-2.493,2.249,0.83
2024-04-13 19:00:00,4.113,-2.001,2.274,1.645
2024-04-13 20:00:00,4.537,-3.115,2.257,-1.038
2024-04-13 21:00:00,4.941,-3.369,1.15,-1.856
2024-04-13 22:00:00,5.086,-4.224,1.954,1.283
2024-04-13 23:00:00,5.343,-3.993,3.326,0.335
2024-04-14 00:00:00,5.491,-3.286,3.38,-1.241
2024-04-14 01:00:00,5.005,-1.817,3.623,0.625
2024-04-14 02:00:00,5.21,-2.112,4.082,1.297
2024-04-14 03:00:00,5.451,-3.576,3.277,1.713
2024-04-14 04:00:00,5.501,-3.881,3.553,0.369
2024-04-14 05:00:00,5.336,-2.421,3.966,-0.144
2024-04-14 06:00:00,4.701,-0.784,1.082,-2.046
2024-04-14 07:00:00,4.335,1.766,-2.67,2.492
2024-04-14 08:00:00,4.341,1.69,-2.819,2.273
2024-04-14 09:00:00,3.406,0.806,-0.696,-0.691
2024-04-14 10:00:00,4.272,1.935,-2.834,0.406
2024-04-14 11:00:00,3.997,1.942,-2.022,1.178
2024-04-14 12:00:00,4.444,1.356,0.456,2.973
2024-04-14 13:00:00,4.41,3.144,2.481,0.587
2024-04-14 14:00:00,4.714,4.148,0.69,1.297
2024-04-14 15:00:00,4.178,3.242,1.895,-1.253
2024-04-14 16:00:00,4.324,3.777,1.028,0.067
2024-04-14 17:00:00,4.673,3.956,0.036,-2.024
2024-04-14 18:00:00,4.461,2.811,0.478,-2.798
2024-04-14 19:00:00,4.739,3.67,-0.557,-2.592
2024-04-14 20:00:00,4.745,3.8,-1.17,-2.064
2024-04-14 21:00:00,4.522,3.956,-1.469,-1.206
2024-04-14 22:00:00,4.133,3.376,-1.438,0.37
2024-04-14 23:00:00,4.133,0.322,-2.1,2.375
2024-04-15 00:00:00,4.463,3.795,-1.757,-0.581
2024-04-15 01:00:00,4.733,3.889,-0.827,-1.949
2024-04-15 02:00:00,4.475,2.912,-1.76,-2.684
2024-04-15 03:00:00,4.389,3.242,-2.003,-0.713
2024-04-15 04:00:00,4.48,3.956,-1.206,0.02
2024-04-15 05:00:00,4.342,3.151,-1.58,1.114
2024-04-15 06:00:00,4.442,3.682,-2.032,0.72
2024-04-15 07:00:00,4.823,4.424,-1.566,-0.558
2024-04-15 08:00:00,4.598,4.371,-0.69,-0.8
2024-04-15 09:00:00,4.324,4.074,-0.146,-0.132
2024-04-15 10:00:00,3.617,2.794,-0.622,1.711
2024-04-15 11:00:00,2.608,-0.54,-0.819,1.803
2024-04-15 12:00:00,4.168,-2.813,-1.357,1.348
2024-04-15 13:00:00,4.174,-0.927,-1.462,0.341
2024-04-15 14:00:00,4.514,0.161,-3.507,-0.009
2024-04-15 15:00:00,4.983,-0.332,-3.762,-2.843
2024-04-15 16:00:00,4.79,-2.179,-2.145,-3.447
2024-04-15 17:00:00,5.973,-0.383,-4.04,-1.341
2024-04-15 18:00:00,8.511,-0.139,-6.886,-3.419
2024-04-15 19:00:00,9.61,0.674,-8.925,-0.155
2024-04-15 20:00:00,9.612,4.641,-6.097,4.761
2024-04-15 21:00:00,9.028,3.028,-8.335,0.775
2024-04-15 22:00:00,8.635,1.448,-4.683,-6.319
2024-04-15 23:00:00,8.537,2.039,-5.734,-3.076
2024-04-16 00:00:00,8.691,2.548,-6.196,-1.1
2024-04-16 01:00:00,8.32,1.23,-7.119,-0.779
2024-04-16 02:00:00,7.513,2.344,-5.558,-3.591
2024-04-16 03:00:00,8.031,4.321,-5.821,-1.364
2024-04-16 04:00:00,8.529,2.212,-5.279,-1.927
2024-04-16 05:00:00,9.727,4.035,-7.767,-1.617
2024-04-16 06:00:00,9.54,1.26,-7.054,-4.578
2024-04-16 07:00:00,9.228,1.876,-7.211,-4.429
2024-04-16 08:00:00,10.627,-2.383,-4.059,-7.145
2024-04-16 09:00:00,10.408,-0.574,-5.476,-7.221
2024-04-16 10:00:00,11.67,-5.68,6.041,-8.039
2024-04-16 11:00:00,11.401,-6.328,6.488,-6.479
2024-04-16 12:00:00,11.464,-8.074,6.876,-3.028
2024-04-16 13:00:00,11.845,-8.581,3.213,-5.891
2024-04-16 14:00:00,12.308,-5.734,6.591,-7.338
2024-04-16 15:00:00,11.75,-3.733,3.679,-9.377
2024-04-16 16:00:00,11.307,-4.975,-0.772,-9.0
2024-04-16 17:00:00,9.581,-1.975,0.16,-9.064
2024-04-16 18:00:00,9.615,-1.931,1.916,-8.415
2024-04-16 19:00:00,9.47,0.442,-1.897,-8.784
2024-04-16 20:00:00,9.351,2.974,-3.647,-7.825
2024-04-16 21:00:00,9.21,1.088,4.063,-6.999
2024-04-16 22:00:00,8.774,2.226,6.578,-4.052
2024-04-16 23:00:00,7.364,-0.783,2.013,6.795
2024-04-17 00:00:00,7.231,-1.571,2.856,5.948
2024-04-17 01:00:00,6.872,-2.122,3.467,4.386
2024-04-17 02:00:00,3.714,-0.317,-0.075,2.065
2024-04-17 03:00:00,3.253,-0.974,-2.169,1.825
2024-04-17 04:00:00,5.085,-0.284,0.133,4.129
2024-04-17 05:00:00,5.962,-1.288,2.392,5.001
2024-04-17 06:00:00,5.173,0.12,3.918,2.594
2024-04-17 07:00:00,6.197,1.257,5.516,0.801
2024-04-17 08:00:00,4.954,1.983,3.445,-2.446
2024-04-17 09:00:00,8.651,4.941,5.356,-3.898
2024-04-17 10:00:00,8.912,5.424,5.644,-4.073
2024-04-17 11:00:00,8.478,5.796,4.282,-4.33
2024-04-17 12:00:00,8.196,6.115,2.173,-4.762
2024-04-17 13:00:00,8.138,6.402,-0.027,-4.56
2024-04-17 14:00:00,8.041,5.384,-3.681,-3.368
2024-04-17 15:00:00,7.749,6.264,-3.286,-2.201
2024-04-17 16:00:00,7.489,6.723,-2.452,-1.866
2024-04-17 17:00:00,7.749,5.323,-4.729,1.004
2024-04-17 18:00:00,7.931,3.44,-4.412,4.221
2024-04-17 19:00:00,7.805,-0.018,-0.129,7.186
2024-04-17 20:00:00,9.343,-0.497,-4.473,7.567
2024-04-17 21:00:00,7.411,-1.135,-0.188,4.005
2024-04-17 22:00:00,7.521,-3.397,0.821,6.109
2024-04-17 23:00:00,8.616,-4.809,2.163,5.93
2024-04-18 00:00:00,8.607,-5.723,3.383,4.902
2024-04-18 01:00:00,7.98,-4.213,0.425,6.199
2024-04-18 02:00:00,7.732,-4.157,1.007,6.322
2024-04-18 03:00:00,7.36,-3.882,0.697,6.058
2024-04-18 04:00:00,7.147,-5.116,1.994,4.236
2024-04-18 05:00:00,7.159,-4.254,0.937,5.558
2024-04-18 06:00:00,7.11,-3.608,0.281,5.887
2024-04-18 07:00:00,7.243,-1.097,-0.832,6.967
2024-04-18 08:00:00,6.68,-2.441,-2.54,5.328
2024-04-18 09:00:00,6.49,-0.551,-3.473,4.741
2024-04-18 10:00:00,6.073,0.372,-4.863,2.822
2024-04-18 11:00:00,5.627,1.681,-3.089,3.513
2024-04-18 12:00:00,5.186,2.573,-2.832,3.018
2024-04-18 13:00:00,4.543,3.497,-2.376,-0.193
2024-04-18 14:00:00,4.461,1.024,-2.608,2.848
2024-04-18 15:00:00,4.343,2.756,-2.736,0.827
2024-04-18 16:00:00,4.586,2.967,-1.095,3.007
2024-04-18 17:00:00,4.436,1.547,-2.242,3.259
2024-04-18 18:00:00,4.297,1.864,-1.215,3.465
2024-04-18 19:00:00,4.341,3.857,0.161,1.005
2024-04-18 20:00:00,5.294,4.767,0.28,-1.128
2024-04-18 21:00:00,6.45,2.111,-2.521,2.485
2024-04-18 22:00:00,6.034,0.14,-2.008,4.208
2024-04-18 23:00:00,6.328,-2.678,-3.786,2.746
2024-04-19 00:00:00,5.478,-2.025,-2.759,-0.14
2024-04-19 01:00:00,5.342,2.668,-3.824,1.783
2024-04-19 02:00:00,4.867,2.459,-3.605,-0.411
2024-04-19 03:00:00,4.926,1.725,-3.576,1.654
2024-04-19 04:00:00,5.394,2.236,-1.487,-2.196
2024-04-19 05:00:00,10.134,2.934,-2.639,-8.719
2024-04-19 06:00:00,11.087,3.075,-0.176,-10.467
2024-04-19 07:00:00,12.009,6.847,-4.468,-7.991
2024-04-19 08:00:00,11.753,4.427,-4.744,-5.677
2024-04-19 09:00:00,14.104,7.133,-10.984,-3.269
2024-04-19 10:00:00,15.509,2.887,-6.795,-4.539
2024-04-19 11:00:00,13.351,5.378,-6.078,-6.499
2024-04-19 12:00:00,14.826,-2.345,11.617,-6.09
2024-04-19 13:00:00,15.759,1.348,8.116,-12.775
2024-04-19 14:00:00,17.451,4.56,1.762,-16.527
2024-04-19 15:00:00,15.342,2.725,-2.301,-14.792
2024-04-19 16:00:00,14.917,3.341,-0.928,-13.918
2024-04-19 17:00:00,14.458,5.6,-8.222,-7.989
2024-04-19 18:00:00,14.346,5.634,-3.955,-6.696
2024-04-19 19:00:00,12.07,2.276,-9.155,3.743
2024-04-19 20:00:00,10.425,2.001,-7.902,1.628
2024-04-19 21:00:00,9.19,2.041,-7.753,1.835
2024-04-19 22:00:00,9.253,-0.9,-4.686,7.473
2024-04-19 23:00:00,7.81,0.197,-3.973,6.252
2024-04-20 00:00:00,6.336,1.173,-4.595,2.316
2024-04-20 01:00:00,5.601,4.854,-1.304,2.167
2024-04-20 02:00:00,5.004,3.633,-1.612,2.752
2024-04-20 03:00:00,4.871,3.656,-2.277,1.972
2024-04-20 04:00:00,4.263,3.473,-1.424,0.74
2024-04-20 05:00:00,3.4,-1.646,0.637,-0.639
2024-04-20 06:00:00,4.214,-3.047,0.191,-0.865
2024-04-20 07:00:00,4.893,-0.952,0.257,-3.878
2024-04-20 08:00:00,4.969,-1.623,-3.47,-2.307
2024-04-20 09:00:00,4.855,-0.612,-2.661,-3.455
2024-04-20 10:00:00,4.652,-0.004,-0.636,-3.99
2024-04-20 11:00:00,4.744,1.166,-0.875,-3.991
2024-04-20 12:00:00,4.643,1.065,0.142,-3.781
2024-04-20 13:00:00,4.392,2.075,-1.247,-2.039
2024-04-20 14:00:00,4.178,1.881,-1.431,-2.037
2024-04-20 15:00:00,4.195,3.047,-0.588,-1.795
2024-04-20 16:00:00,4.0,1.326,-1.497,-2.737
2024-04-20 17:00:00,3.947,1.003,-1.739,-1.768
2024-04-20 18:00:00,3.989,-0.535,-2.584,-1.596
2024-04-20 19:00:00,4.198,-2.204,-1.437,-2.734
2024-04-20 20:00:00,4.071,-1.589,-1.417,-2.38
2024-04-20 21:00:00,3.697,0.909,-1.024,-1.369
2024-04-20 22:00:00,4.233,-1.796,-2.108,-2.829
2024-04-20 23:00:00,4.369,-0.24,-2.423,-2.726
2024-04-21 00:00:00,4.29,1.728,-2.444,-1.057
2024-04-21 01:00:00,4.346,1.242,-2.828,-2.337
2024-04-21 02:00:00,4.933,2.834,-1.464,-1.519
2024-04-21 03:00:00,4.751,2.957,-2.568,-1.167
2024-04-21 04:00:00,4.827,0.263,-3.534,-1.84
2024-04-21 05:00:00,5.72,-0.075,-4.055,-3.052
2024-04-21 06:00:00,5.861,-0.576,-3.366,-4.277
2024-04-21 07:00:00,5.37,-1.387,-1.988,-3.135
2024-04-21 08:00:00,5.288,-0.767,-3.72,-1.679
2024-04-21 09:00:00,4.911,0.701,-1.29,-3.027
2024-04-21 10:00:00,5.156,-1.151,-2.496,-3.287
2024-04-21 11:00:00,5.728,-0.327,-0.844,-4.615
2024-04-21 12:00:00,5.92,0.752,-4.208,-3.467
2024-04-21 13:00:00,5.829,-0.32,-4.44,-2.993
2024-04-21 14:00:00,6.058,1.666,-5.321,-0.109
2024-04-21 15:00:00,6.44,2.798,-4.863,-2.338
2024-04-21 16:00:00,6.875,2.429,-5.237,-3.329
2024-04-21 17:00:00,7.404,1.225,-6.18,-3.419
2024-04-21 18:00:00,6.935,3.054,-5.995,-1.164
2024-04-21 19:00:00,7.101,3.123,-6.025,0.713
2024-04-21 20:00:00,7.388,3.81,-5.983,0.973
2024-04-21 21:00:00,7.07,3.378,-5.232,1.311
2024-04-21 22:00:00,6.932,3.915,-3.128,4.405
2024-04-21 23:00:00,7.054,3.919,-4.659,1.218
2024-04-22 00:00:00,7.093,3.352,-4.015,3.662
2024-04-22 01:00:00,7.135,4.428,-4.83,2.052
2024-04-22 02:00:00,7.178,5.515,-3.544,1.427
2024-04-22 03:00:00,7.416,1.886,-6.761,0.283
2024-04-22 04:00:00,7.174,2.64,-5.519,-0.458
2024-04-22 05:00:00,7.168,2.638,-5.663,-0.562
2024-04-22 06:00:00,7.098,0.785,-5.764,3.301
2024-04-22 07:00:00,6.383,2.513,-2.516,2.339
2024-04-22 08:00:00,6.47,1.649,-4.904,1.984
2024-04-22 09:00:00,6.269,2.994,-4.525,1.974
2024-04-22 10:00:00,6.257,2.02,-5.252,1.615
2024-04-22 11:00:00,6.426,2.063,-5.381,1.066
2024-04-22 12:00:00,6.326,4.356,-4.207,0.431
2024-04-22 13:00:00,5.873,4.184,-3.587,0.163
2024-04-22 14:00:00,6.078,4.235,-2.808,2.695
2024-04-22 15:00:00,6.157,2.325,-5.234,1.434
2024-04-22 16:00:00,5.885,3.464,-3.982,1.717
2024-04-22 17:00:00,5.84,3.805,-3.778,1.128
2024-04-22 18:00:00,5.79,2.728,-4.669,0.9
2024-04-22 19:00:00,6.054,2.867,-4.393,2.478
2024-04-22 20:00:00,6.101,3.52,-3.436,2.948
2024-04-22 21:00:00,5.865,3.476,-2.721,2.908
2024-04-22 22:00:00,5.431,2.108,-3.232,2.12
2024-04-22 23:00:00,5.295,1.385,-3.836,1.337
2024-04-23 00:00:00,5.257,3.379,-3.673,0.536
2024-04-23 01:00:00,5.264,3.809,-2.113,-0.217
2024-04-23 02:00:00,4.89,3.909,-0.977,1.147
2024-04-23 03:00:00,5.11,2.597,-3.717,1.896
2024-04-23 04:00:00,4.906,2.744,-3.365,1.808
2024-04-23 05:00:00,4.764,1.367,-2.981,-1.866
2024-04-23 06:00:00,5.153,1.995,-4.164,-0.756
2024-04-23 07:00:00,5.123,1.016,-2.189,-4.271
2024-04-23 08:00:00,5.114,0.964,-2.711,-3.904
2024-04-23 09:00:00,5.068,2.033,-4.396,-0.526
2024-04-23 10:00:00,5.306,2.561,-4.019,-1.466
2024-04-23 11:00:00,6.047,2.055,-3.481,3.965
2024-04-23 12:00:00,5.995,2.209,-3.484,4.186
2024-04-23 13:00:00,5.609,2.137,-3.61,3.009
2024-04-23 14:00:00,5.933,1.362,-2.341,4.619
2024-04-23 15:00:00,5.871,0.608,-2.671,4.335
2024-04-23 16:00:00,6.141,2.523,-4.497,2.486
2024-04-23 17:00:00,6.049,2.348,-4.722,-2.354
2024-04-23 18:00:00,6.047,2.517,-4.564,1.679
2024-04-23 19:00:00,5.937,2.418,-5.067,-1.073
2024-04-23 20:00:00,5.878,3.23,-4.395,-0.767
2024-04-23 21:00:00,5.7,2.509,-2.871,-2.916
2024-04-23 22:00:00,5.648,2.48,-2.639,4.004
2024-04-23 23:00:00,5.499,1.647,-1.616,4.827
2024-04-24 00:00:00,5.402,2.709,-4.22,1.541
2024-04-24 01:00:00,5.563,2.993,-4.412,1.418
2024-04-24 02:00:00,5.401,3.088,-3.918,1.92
2024-04-24 03:00:00,5.188,2.221,0.386,4.41
2024-04-24 04:00:00,5.418,2.542,-1.172,4.441
2024-04-24 05:00:00,5.059,2.136,-0.914,3.97
2024-04-24 06:00:00,3.977,0.526,1.665,3.022
2024-04-24 07:00:00,4.521,0.899,2.845,3.057
2024-04-24 08:00:00,3.906,-0.442,2.665,1.787
2024-04-24 09:00:00,3.558,-0.21,2.811,1.55
2024-04-24 10:00:00,3.13,0.057,2.664,1.461
2024-04-24 11:00:00,3.89,0.157,3.241,2.007
2024-04-24 12:00:00,4.082,0.339,3.451,2.054
2024-04-24 13:00:00,3.605,0.426,2.946,1.848
2024-04-24 14:00:00,1.982,0.561,1.613,0.783
2024-04-24 15:00:00,2.593,1.259,1.379,0.867
2024-04-24 16:00:00,3.27,2.815,0.536,1.317
2024-04-24 17:00:00,3.947,3.486,-0.134,1.436
2024-04-24 18:00:00,4.191,3.669,0.682,1.668
2024-04-24 19:00:00,4.207,3.716,-0.574,1.245
2024-04-24 20:00:00,4.432,3.778,-2.009,0.707
2024-04-24 21:00:00,4.301,3.737,-0.441,1.549
2024-04-24 22:00:00,3.927,2.934,1.678,1.557
2024-04-24 23:00:00,3.907,2.7,2.343,1.248
2024-04-25 00:00:00,3.842,2.675,2.349,1.077
2024-04-25 01:00:00,3.831,2.212,2.273,1.999
2024-04-25 02:00:00,3.87,2.642,2.493,0.933
2024-04-25 03:00:00,4.208,2.798,2.928,0.718
2024-04-25 04:00:00,4.068,2.81,2.756,-0.141
2024-04-25 05:00:00,4.28,3.175,2.647,-0.027
2024-04-25 06:00:00,4.31,2.905,3.075,-0.348
2024-04-25 07:00:00,4.284,2.757,2.754,-1.032
2024-04-25 08:00:00,4.234,2.88,1.314,-1.741
2024-04-25 09:00:00,4.264,3.668,1.436,-1.217
2024-04-25 10:00:00,4.418,3.04,2.282,-2.017
2024-04-25 11:00:00,4.724,3.799,1.496,-2.213
2024-04-25 12:00:00,5.106,4.112,2.494,-1.407
2024-04-25 13:00:00,4.805,4.084,1.555,-1.63
2024-04-25 14:00:00,5.571,4.426,3.182,-0.49
2024-04-25 15:00:00,5.263,3.757,3.412,-0.88
2024-04-25 16:00:00,4.921,3.892,2.564,-1.254
2024-04-25 17:00:00,4.896,3.627,-1.843,-1.141
2024-04-25 18:00:00,4.936,3.507,-3.225,-0.982
2024-04-25 19:00:00,5.171,3.93,-3.109,-0.919
2024-04-25 20:00:00,5.334,3.921,-3.421,-0.66
2024-04-25 21:00:00,5.515,3.65,-3.757,-1.444
2024-04-25 22:00:00,5.539,2.22,-4.136,-2.551
2024-04-25 23:00:00,5.11,3.707,-2.734,-1.741
2024-04-26 00:00:00,5.319,4.554,-0.062,-2.279
2024-04-26 01:00:00,6.861,3.805,-5.049,-0.152
2024-04-26 02:00:00,8.174,0.044,-0.795,-5.92
2024-04-26 03:00:00,8.416,3.92,-2.627,-4.998
2024-04-26 04:00:00,9.675,5.341,-0.018,-7.815
2024-04-26 05:00:00,8.999,2.413,-4.077,-5.739
2024-04-26 06:00:00,8.015,3.3,-1.382,-5.513
2024-04-26 07:00:00,8.981,2.224,-6.91,-3.32
2024-04-26 08:00:00,8.931,4.991,-0.869,-7.23
2024-04-26 09:00:00,9.591,5.012,-4.718,-6.356
2024-04-26 10:00:00,9.397,6.369,-3.744,-5.542
2024-04-26 11:00:00,9.972,7.542,-3.376,-5.363
2024-04-26 12:00:00,11.23,6.55,-1.895,-8.561
2024-04-26 13:00:00,11.773,5.962,-3.173,-9.549
2024-04-26 14:00:00,12.033,6.755,-3.255,-9.03
2024-04-26 15:00:00,12.485,-1.09,10.342,-3.771
2024-04-26 16:00:00,10.877,-2.974,8.871,-4.32
2024-04-26 17:00:00,11.229,-3.335,8.978,-5.613
2024-04-26 18:00:00,10.97,-2.288,7.855,-7.137
2024-04-26 19:00:00,13.046,0.021,7.448,-10.537
2024-04-26 20:00:00,12.812,-0.34,6.761,-10.812
2024-04-26 21:00:00,13.336,-0.948,5.627,-11.966
2024-04-26 22:00:00,13.579,-1.149,9.171,-9.894
2024-04-26 23:00:00,13.17,-1.298,8.946,-9.422
2024-04-27 00:00:00,12.438,-4.103,8.489,-5.807
2024-04-27 01:00:00,13.465,-5.79,10.467,-5.925
2024-04-27 02:00:00,11.062,-5.249,7.916,-1.921
2024-04-27 03:00:00,10.117,-3.7,8.523,-0.454
2024-04-27 04:00:00,14.401,-4.229,13.287,-2.723
2024-04-27 05:00:00,14.513,-6.753,7.156,9.483
2024-04-27 06:00:00,13.673,-3.0,-1.342,11.549
2024-04-27 07:00:00,13.85,-4.95,2.303,12.555
2024-04-27 08:00:00,12.765,-4.962,7.301,6.931
2024-04-27 09:00:00,8.473,-1.557,6.301,0.783
2024-04-27 10:00:00,9.157,-2.513,6.812,3.987
2024-04-27 11:00:00,8.887,2.137,6.485,-3.024
2024-04-27 12:00:00,9.24,1.36,4.838,-6.952
2024-04-27 13:00:00,10.169,-3.339,5.584,5.385
2024-04-27 14:00:00,10.052,-0.448,-1.825,8.739
2024-04-27 15:00:00,10.341,1.931,-5.951,7.816
2024-04-27 16:00:00,11.078,-2.622,4.3,9.278
2024-04-27 17:00:00,11.221,-8.068,6.303,1.286
2024-04-27 18:00:00,10.232,-9.001,2.511,-2.734
2024-04-27 19:00:00,7.891,-5.794,-2.404,-3.857
2024-04-27 20:00:00,5.723,-3.662,-0.754,-3.541
2024-04-27 21:00:00,5.354,-4.247,-0.716,-2.129
2024-04-27 22:00:00,5.005,-3.895,0.443,-2.002
2024-04-27 23:00:00,5.207,-1.026,-0.465,-4.496
2024-04-28 00:00:00,5.164,-3.867,0.302,-2.735
2024-04-28 01:00:00,4.863,-3.667,0.499,-2.124
2024-04-28 02:00:00,5.095,-2.97,3.497,0.212
2024-04-28 03:00:00,5.488,-2.03,1.764,3.629
2024-04-28 04:00:00,4.726,-1.637,3.233,0.777
2024-04-28 05:00:00,4.928,-3.73,2.051,-0.64
2024-04-28 06:00:00,5.622,-0.337,3.795,2.313
2024-04-28 07:00:00,6.15,2.051,2.594,4.758
2024-04-28 08:00:00,5.758,-0.698,3.384,3.969
2024-04-28 09:00:00,5.565,-1.699,1.385,2.526
2024-04-28 10:00:00,4.929,-2.69,2.9,1.056
2024-04-28 11:00:00,5.432,-3.419,3.862,0.232
2024-04-28 12:00:00,5.646,-5.016,0.304,1.789
2024-04-28 13:00:00,5.2,-3.777,0.35,2.524
2024-04-28 14:00:00,5.628,-4.704,0.692,2.383
2024-04-28 15:00:00,5.802,-3.961,1.313,2.929
2024-04-28 16:00:00,5.53,-3.671,3.007,1.674
2024-04-28 17:00:00,6.228,-3.125,3.472,2.778
2024-04-28 18:00:00,6.481,-3.075,4.557,2.278
2024-04-28 19:00:00,6.566,-4.091,3.708,1.067
2024-04-28 20:00:00,6.507,-2.837,4.547,0.221
2024-04-28 21:00:00,5.932,-2.138,3.28,2.935
2024-04-28 22:00:00,5.425,1.163,-1.504,4.083
2024-04-28 23:00:00,5.514,-1.17,1.688,2.353
2024-04-29 00:00:00,5.402,-3.257,-1.076,2.78
2024-04-29 01:00:00,4.597,-1.69,-1.948,2.142
2024-04-29 02:00:00,5.19,-3.366,0.546,0.702
2024-04-29 03:00:00,4.738,-3.615,2.641,-0.768
2024-04-29 04:00:00,4.8,-3.439,2.741,-1.196
2024-04-29 05:00:00,4.94,-4.436,1.343,-0.999
2024-04-29 06:00:00,4.605,-3.441,1.133,0.642
2024-04-29 07:00:00,4.851,-2.978,1.617,0.882
2024-04-29 08:00:00,4.499,-1.22,0.022,1.024
2024-04-29 09:00:00,5.141,-0.999,-0.469,1.389
2024-04-29 10:00:00,5.085,-1.33,0.045,0.44
2024-04-29 11:00:00,3.897,-2.195,0.358,0.458
2024-04-29 12:00:00,4.114,-1.211,3.564,-0.356
2024-04-29 13:00:00,3.652,-0.12,2.271,2.214
2024-04-29 14:00:00,3.227,0.118,0.344,0.604
2024-04-29 15:00:00,3.881,-1.428,2.395,1.514
2024-04-29 16:00:00,4.217,-2.02,1.835,0.531
2024-04-29 17:00:00,3.722,0.593,2.171,1.644
2024-04-29 18:00:00,2.409,-1.141,1.487,-0.934
2024-04-29 19:00:00,2.111,-1.029,1.632,-0.246
2024-04-29 20:00:00,1.877,-0.122,1.476,-0.816
2024-04-29 21:00:00,2.372,-0.33,1.456,-1.527
2024-04-29 22:00:00,3.271,1.225,1.633,1.878
2024-04-29 23:00:00,2.874,0.289,1.371,0.767
2024-04-30 00:00:00,3.228,-0.581,2.627,0.94
2024-04-30 01:00:00,3.476,-1.324,-0.254,3.006
2024-04-30 02:00:00,2.341,-0.9,-0.606,1.967
2024-04-30 03:00:00,2.495,0.409,-0.609,1.918
2024-04-30 04:00:00,3.305,2.195,-1.214,2.025
2024-04-30 05:00:00,3.245,2.393,-0.956,1.778
2024-04-30 06:00:00,3.156,2.415,-0.816,1.677
2024-04-30 07:00:00,3.232,2.299,-0.783,1.844
2024-04-30 08:00:00,2.608,1.644,-0.953,1.479
2024-04-30 09:00:00,1.721,-0.652,-0.395,0.841
2024-04-30 10:00:00,2.272,-0.723,-0.412,0.393
2024-04-30 11:00:00,3.747,-2.843,-1.758,1.125
2024-04-30 12:00:00,5.297,-2.124,-4.21,1.879
2024-04-30 13:00:00,4.851,-0.11,-3.547,2.384
2024-04-30 14:00:00,6.063,-2.849,-4.045,-1.131
2024-04-30 15:00:00,9.405,-5.176,-6.891,-2.958
2024-04-30 16:00:00,9.196,-2.701,-6.844,-4.761
2024-04-30 17:00:00,8.564,-3.753,-6.603,-2.04
2024-04-30 18:00:00,6.442,-3.653,-5.006,1.171
2024-04-30 19:00:00,7.099,-5.378,-3.2,-2.14
2024-04-30 20:00:00,9.658,-5.738,-3.644,-5.655
2024-04-30 21:00:00,8.25,-4.686,-0.724,-4.866
2024-04-30 22:00:00,9.361,-3.259,-2.819,-4.254
2024-04-30 23:00:00,11.974,-5.879,-7.987,-3.822
2024-05-01 00:00:00,11.417,-3.531,-9.456,3.929
2024-05-01 01:00:00,11.2,0.198,-5.141,9.712
2024-05-01 02:00:00,11.078,0.917,0.25,10.778
2024-05-01 03:00:00,12.329,1.589,0.172,11.903
2024-05-01 04:00:00,12.802,1.628,0.782,12.612
2024-05-01 05:00:00,13.104,1.476,1.553,12.547
2024-05-01 06:00:00,13.25,1.355,4.339,12.22
2024-05-01 07:00:00,13.014,3.342,2.305,12.313
2024-05-01 08:00:00,13.03,4.179,2.547,11.966
2024-05-01 09:00:00,13.328,2.452,6.631,11.246
2024-05-01 10:00:00,13.162,2.554,6.3,11.207
2024-05-01 11:00:00,13.304,3.408,8.171,9.836
2024-05-01 12:00:00,13.303,2.911,8.736,9.514
2024-05-01 13:00:00,13.324,3.008,10.063,7.992
2024-05-01 14:00:00,12.931,2.062,11.325,5.787
2024-05-01 15:00:00,12.503,1.698,11.522,4.451
2024-05-01 16:00:00,12.38,1.665,11.756,3.213
2024-05-01 17:00:00,12.807,1.17,12.66,0.76
2024-05-01 18:00:00,12.577,0.845,12.467,-0.399
2024-05-01 19:00:00,11.036,1.979,10.696,0.143
2024-05-01 20:00:00,11.551,1.793,11.213,-1.318
2024-05-01 21:00:00,11.311,-0.201,10.728,-3.131
2024-05-01 22:00:00,11.086,-2.189,9.527,-4.971
2024-05-01 23:00:00,10.384,-0.736,8.416,-4.763
2024-05-02 00:00:00,9.656,-1.926,8.574,-3.884
2024-05-02 01:00:00,7.594,0.373,7.221,-1.208
2024-05-02 02:00:00,7.614,0.039,7.088,-2.235
2024-05-02 03:00:00,6.481,0.405,5.314,-1.38
2024-05-02 04:00:00,8.998,5.06,4.528,-4.301
2024-05-02 05:00:00,8.624,1.479,7.011,-2.554
2024-05-02 06:00:00,7.73,0.38,6.985,-2.767
2024-05-02 07:00:00,6.455,0.971,2.397,-1.884
2024-05-02 08:00:00,10.227,0.485,9.632,-2.667
2024-05-02 09:00:00,12.47,1.393,7.472,-9.436
2024-05-02 10:00:00,11.815,2.127,6.962,-9.083
2024-05-02 11:00:00,9.969,3.036,1.74,-8.796
2024-05-02 12:00:00,9.926,4.613,-0.534,-8.555
2024-05-02 13:00:00,16.642,5.124,-2.58,-15.21
2024-05-02 14:00:00,21.099,7.573,-13.603,-13.314
2024-05-02 15:00:00,18.707,6.799,-14.571,3.585
2024-05-02 16:00:00,19.258,6.746,-12.066,-3.517
2024-05-02 17:00:00,20.584,7.463,-12.769,-13.991
2024-05-02 18:00:00,20.865,6.844,-17.333,-6.535
2024-05-02 19:00:00,18.346,3.675,-13.937,10.763
2024-05-02 20:00:00,19.183,5.69,-8.872,15.639
2024-05-02 21:00:00,12.864,4.687,5.382,7.378
2024-05-02 22:00:00,12.393,0.246,-11.463,4.502
2024-05-02 23:00:00,12.326,2.122,-11.011,-0.282
2024-05-03 00:00:00,11.05,-3.257,-7.413,3.886
2024-05-03 01:00:00,9.439,-2.443,-8.538,1.152
2024-05-03 02:00:00,4.078,-2.28,-2.648,0.855
2024-05-03 03:00:00,4.899,-4.302,0.258,2.084
2024-05-03 04:00:00,3.602,-3.328,-0.396,0.999
2024-05-03 05:00:00,3.405,-2.915,-0.184,1.583
2024-05-03 06:00:00,3.262,-2.709,-0.327,1.537
2024-05-03 07:00:00,3.177,-2.953,-0.759,0.225
2024-05-03 08:00:00,3.337,-3.097,-0.182,0.894
2024-05-03 09:00:00,3.428,-2.971,0.253,1.476
2024-05-03 10:00:00,3.164,-2.544,0.115,1.674
2024-05-03 11:00:00,2.687,-0.632,-0.933,2.197
2024-05-03 12:00:00,2.784,0.672,-1.284,2.146
2024-05-03 13:00:00,4.158,1.204,-2.072,3.021
2024-05-03 14:00:00,4.257,3.321,-1.704,1.436
2024-05-03 15:00:00,4.083,0.865,-1.903,2.739
2024-05-03 16:00:00,4.705,2.525,-3.373,1.647
2024-05-03 17:00:00,4.743,3.001,-3.366,-0.021
2024-05-03 18:00:00,4.281,0.596,-1.403,0.446
2024-05-03 19:00:00,4.03,-3.546,-0.091,1.744
2024-05-03 20:00:00,4.167,-3.633,-1.467,1.024
2024-05-03 21:00:00,4.219,-3.816,-1.131,1.093
2024-05-03 22:00:00,3.705,-2.947,-1.022,1.838
2024-05-03 23:00:00,3.671,-2.767,-1.691,1.503
2024-05-04 00:00:00,3.885,-3.092,-1.784,1.296
2024-05-04 01:00:00,3.97,-3.108,-1.44,1.775
2024-05-04 02:00:00,3.906,-3.589,-0.218,1.22
2024-05-04 03:00:00,4.025,-3.427,-0.882,1.731
2024-05-04 04:00:00,3.997,-3.395,-0.477,1.9
2024-05-04 05:00:00,4.157,-3.549,0.276,1.98
2024-05-04 06:00:00,4.179,-3.526,-0.157,2.041
2024-05-04 07:00:00,4.199,-3.538,-1.165,1.756
2024-05-04 08:00:00,4.353,-3.607,-1.815,1.247
2024-05-04 09:00:00,4.293,-3.408,-2.206,0.317
2024-05-04 10:00:00,4.306,-2.84,-3.088,-0.022
2024-05-04 11:00:00,4.175,-2.287,-3.403,0.182
2024-05-04 12:00:00,4.211,-2.575,-3.244,0.225
2024-05-04 13:00:00,4.407,-2.215,-3.72,-0.083
2024-05-04 14:00:00,4.051,-2.137,-3.273,-0.025
2024-05-04 15:00:00,4.026,-2.624,-2.665,-0.209
2024-05-04 16:00:00,4.079,-3.883,-0.722,0.104
2024-05-04 17:00:00,4.691,-4.17,-1.919,-0.284
2024-05-04 18:00:00,5.145,-3.453,-3.545,-1.049
2024-05-04 19:00:00,5.622,-2.362,-4.904,-0.968
2024-05-04 20:00:00,5.647,-2.564,-4.779,-0.769
2024-05-04 21:00:00,4.941,-2.704,-3.751,-0.123
2024-05-04 22:00:00,5.472,-1.883,-4.745,-1.173
2024-05-04 23:00:00,4.654,-0.978,-4.374,-0.543
2024-05-05 00:00:00,4.27,-2.793,-2.957,-0.561
2024-05-05 01:00:00,4.609,0.494,-4.097,-1.128
2024-05-05 02:00:00,5.172,1.177,-4.712,-1.514
2024-05-05 03:00:00,4.533,0.299,-4.204,-1.202
2024-05-05 04:00:00,3.654,0.406,-3.181,-1.24
2024-05-05 05:00:00,1.891,0.904,-0.641,-0.734
2024-05-05 06:00:00,2.58,0.377,-1.529,-1.03
2024-05-05 07:00:00,4.731,1.056,-3.265,-2.894
2024-05-05 08:00:00,3.217,0.035,-1.259,-2.803
2024-05-05 09:00:00,1.704,-0.044,0.807,0.578
2024-05-05 10:00:00,3.149,0.925,1.409,1.968
2024-05-05 11:00:00,4.506,-1.287,1.892,3.286
2024-05-05 12:00:00,6.171,-2.829,2.105,4.851
2024-05-05 13:00:00,7.035,-3.634,2.879,4.99
2024-05-05 14:00:00,6.578,-3.386,-0.145,5.16
2024-05-05 15:00:00,8.073,-3.42,0.113,6.902
2024-05-05 16:00:00,9.009,-5.363,-3.369,5.819
2024-05-05 17:00:00,8.703,-8.091,-0.241,1.271
2024-05-05 18:00:00,8.969,1.977,0.658,-4.463
2024-05-05 19:00:00,10.995,4.224,1.037,-9.765
2024-05-05 20:00:00,11.733,3.125,-1.093,-10.768
2024-05-05 21:00:00,12.868,7.301,1.194,-10.369
2024-05-05 22:00:00,12.672,5.897,-0.754,-10.407
2024-05-05 23:00:00,10.138,3.674,4.786,-7.088
2024-05-06 00:00:00,14.448,-4.389,13.093,3.851
2024-05-06 01:00:00,14.588,-5.113,12.711,4.549
2024-05-06 02:00:00,14.021,-3.353,13.01,3.557
2024-05-06 03:00:00,14.102,-4.032,13.152,1.91
2024-05-06 04:00:00,14.742,-2.723,13.688,-2.044
2024-05-06 05:00:00,15.357,-2.281,14.804,-1.696
2024-05-06 06:00:00,16.045,-5.111,14.241,3.043
2024-05-06 07:00:00,15.608,-3.672,13.602,0.189
2024-05-06 08:00:00,14.833,-8.257,4.513,8.596
2024-05-06 09:00:00,13.111,-1.178,9.715,-4.797
2024-05-06 10:00:00,11.868,-5.889,7.37,2.955
2024-05-06 11:00:00,11.018,-5.684,5.707,4.275
2024-05-06 12:00:00,10.482,-0.024,7.511,-3.585
2024-05-06 13:00:00,11.628,-6.741,5.436,6.064
2024-05-06 14:00:00,10.648,-3.866,7.029,2.783
2024-05-06 15:00:00,10.288,-3.894,6.066,5.038
2024-05-06 16:00:00,9.952,-3.76,4.573,6.814
2024-05-06 17:00:00,8.681,-3.438,6.177,2.489
2024-05-06 18:00:00,5.768,-1.327,3.288,-1.09
2024-05-06 19:00:00,4.547,0.996,1.607,0.297
2024-05-06 20:00:00,4.736,-0.907,2.129,2.849
2024-05-06 21:00:00,5.837,-2.285,4.425,2.538
2024-05-06 22:00:00,5.577,-2.827,3.724,1.856
2024-05-06 23:00:00,5.446,-0.985,1.917,2.781
2024-05-07 00:00:00,5.802,-2.732,4.272,1.145
2024-05-07 01:00:00,5.626,-1.948,4.13,-0.095
2024-05-07 02:00:00,5.44,-0.035,5.014,-1.005
2024-05-07 03:00:00,5.227,-3.3,1.711,2.892
2024-05-07 04:00:00,5.167,-2.499,-0.083,3.125
2024-05-07 05:00:00,5.285,-4.193,2.302,1.501
2024-05-07 06:00:00,4.942,-2.565,3.466,1.32
2024-05-07 07:00:00,5.031,-3.5,2.856,1.161
2024-05-07 08:00:00,5.232,-3.031,1.473,2.341
2024-05-07 09:00:00,4.673,-4.271,-0.846,-0.109
2024-05-07 10:00:00,4.757,-3.178,1.749,-0.52
2024-05-07 11:00:00,4.919,-4.002,1.305,-0.735
2024-05-07 12:00:00,5.204,-4.755,0.374,-0.489
2024-05-07 13:00:00,4.785,-4.3,0.602,1.129
2024-05-07 14:00:00,4.824,-4.244,1.238,0.829
2024-05-07 15:00:00,4.981,-3.787,2.512,0.406
2024-05-07 16:00:00,4.563,-3.321,0.997,-1.477
2024-05-07 17:00:00,5.099,-0.236,4.542,0.5
2024-05-07 18:00:00,5.141,-0.667,4.532,-1.353
2024-05-07 19:00:00,4.079,-0.012,3.171,-0.555
2024-05-07 20:00:00,3.867,-0.499,2.536,-0.869
2024-05-07 21:00:00,3.934,-1.199,2.947,-0.517
2024-05-07 22:00:00,4.147,-2.889,1.915,1.031
2024-05-07 23:00:00,4.181,-2.006,3.135,1.082
2024-05-08 00:00:00,3.909,-1.673,2.714,0.584
2024-05-08 01:00:00,3.914,-1.506,2.079,0.199
2024-05-08 02:00:00,3.937,-1.574,2.144,-1.405
2024-05-08 03:00:00,3.806,-1.966,2.102,-0.443
2024-05-08 04:00:00,3.658,-2.83,1.541,-0.315
2024-05-08 05:00:00,3.755,-2.988,0.62,0.561
2024-05-08 06:00:00,3.662,-2.057,-0.204,1.644
2024-05-08 07:00:00,3.509,-1.708,1.405,0.622
2024-05-08 08:00:00,3.853,-0.993,1.92,-1.069
2024-05-08 09:00:00,2.76,-1.276,0.646,0.415
2024-05-08 10:00:00,3.475,-2.367,1.017,0.215
2024-05-08 11:00:00,3.176,-2.303,1.162,-0.639
2024-05-08 12:00:00,3.117,-2.463,0.924,-0.227
2024-05-08 13:00:00,3.182,-2.449,0.386,0.609
2024-05-08 14:00:00,3.109,-1.779,0.415,1.474
2024-05-08 15:00:00,3.712,1.093,3.124,-0.886
2024-05-08 16:00:00,3.773,0.514,3.539,0.228
2024-05-08 17:00:00,3.562,0.339,2.995,0.723
2024-05-08 18:00:00,3.45,0.725,2.877,0.288
2024-05-08 19:00:00,3.242,-0.662,2.549,0.814
2024-05-08 20:00:00,3.0,-1.272,1.309,0.619
2024-05-08 21:00:00,2.483,-1.325,1.409,0.563
2024-05-08 22:00:00,3.061,-2.309,1.016,-0.171
2024-05-08 23:00:00,2.015,-1.028,1.163,0.72
2024-05-09 00:00:00,2.766,-1.205,2.05,0.265
2024-05-09 01:00:00,2.814,-0.594,2.104,-0.524
2024-05-09 02:00:00,2.598,-1.538,1.01,-0.465
2024-05-09 03:00:00,2.573,-1.468,1.251,-0.247
2024-05-09 04:00:00,3.145,-1.614,2.066,0.951
2024-05-09 05:00:00,3.196,-0.701,2.783,0.613
2024-05-09 06:00:00,3.419,-2.539,1.227,1.1
2024-05-09 07:00:00,3.217,-2.634,0.432,0.973
2024-05-09 08:00:00,3.225,-2.949,0.004,-0.012
2024-05-09 09:00:00,3.169,-2.251,0.97,-1.041
2024-05-09 10:00:00,3.129,-2.242,1.81,-0.07
2024-05-09 11:00:00,3.511,-3.181,0.695,-0.566
2024-05-09 12:00:00,3.543,-3.034,0.664,-1.347
2024-05-09 13:00:00,3.392,-2.52,-0.158,0.156
2024-05-09 14:00:00,3.671,1.73,3.116,0.004
2024-05-09 15:00:00,3.717,1.054,3.457,0.212
2024-05-09 16:00:00,3.835,0.245,3.7,0.279
2024-05-09 17:00:00,4.307,-1.649,3.079,-1.537
2024-05-09 18:00:00,5.965,-1.617,3.979,-1.995
2024-05-09 19:00:00,6.079,0.656,5.168,-0.658
2024-05-09 20:00:00,5.965,-1.665,4.561,-1.508
2024-05-09 21:00:00,5.561,-1.694,4.752,-0.49
2024-05-09 22:00:00,6.522,-3.068,4.068,-3.286
2024-05-09 23:00:00,6.164,-4.083,2.198,-2.652
2024-05-10 00:00:00,5.679,-3.891,-0.151,-3.679
2024-05-10 01:00:00,5.782,-2.197,2.929,-0.132
2024-05-10 02:00:00,5.677,-1.956,0.775,-0.982
2024-05-10 03:00:00,3.416,-0.537,-2.122,-2.293
2024-05-10 04:00:00,1.741,0.663,-0.79,-0.681
2024-05-10 05:00:00,1.541,0.476,-0.301,-0.878
2024-05-10 06:00:00,3.037,-0.073,-1.919,-2.113
2024-05-10 07:00:00,2.333,1.732,-0.952,0.042
2024-05-10 08:00:00,2.815,1.788,-0.723,0.562
2024-05-10 09:00:00,3.322,-1.113,-1.471,-2.562
2024-05-10 10:00:00,4.332,-1.893,-2.236,-2.998
2024-05-10 11:00:00,4.211,-2.561,-1.361,-2.798
2024-05-10 12:00:00,3.933,-3.019,-0.511,-2.113
2024-05-10 13:00:00,4.082,-2.276,0.536,-1.152
2024-05-10 14:00:00,2.289,-1.608,0.72,0.453
2024-05-10 15:00:00,3.295,-1.309,2.32,1.52
2024-05-10 16:00:00,12.772,-3.63,1.819,-4.324
2024-05-10 17:00:00,35.352,-7.229,-22.606,-16.581
2024-05-10 18:00:00,40.512,-7.984,-23.65,-9.197
2024-05-10 19:00:00,37.16,-14.799,-14.221,-17.8
2024-05-10 20:00:00,37.654,-17.441,-11.529,-29.204
2024-05-10 21:00:00,55.989,-16.807,-38.789,-24.13
2024-05-10 22:00:00,70.399,-0.87,55.817,-11.372
2024-05-10 23:00:00,64.946,-11.493,43.415,-43.314
2024-05-11 00:00:00,49.447,-13.856,-9.921,-39.358
2024-05-11 01:00:00,34.259,-10.811,-13.596,-17.094
2024-05-11 02:00:00,30.648,-5.613,-18.623,-19.249
2024-05-11 03:00:00,39.179,-11.973,-31.248,-17.539
2024-05-11 04:00:00,37.776,-12.477,-31.902,14.573
2024-05-11 05:00:00,34.804,-15.633,-23.15,-3.877
2024-05-11 06:00:00,40.062,-12.354,11.135,-32.028
2024-05-11 07:00:00,32.533,1.289,24.678,-10.011
2024-05-11 08:00:00,40.425,-9.877,13.523,-35.575
2024-05-11 09:00:00,23.774,-2.523,3.263,-17.875
2024-05-11 10:00:00,17.502,-3.357,2.659,-6.762
2024-05-11 11:00:00,24.746,-6.741,7.011,-13.476
2024-05-11 12:00:00,27.001,-12.556,6.269,-22.787
2024-05-11 13:00:00,25.051,-7.714,10.185,-21.243
2024-05-11 14:00:00,18.965,-11.384,1.563,-13.926
2024-05-11 15:00:00,14.139,-8.296,-5.254,-8.833
2024-05-11 16:00:00,11.93,-6.702,-9.022,-3.478
2024-05-11 17:00:00,9.38,-1.365,4.141,0.023
2024-05-11 18:00:00,14.087,1.34,5.251,-0.453
2024-05-11 19:00:00,12.772,2.397,6.008,5.63
2024-05-11 20:00:00,9.883,2.587,1.783,-2.439
2024-05-11 21:00:00,14.009,-7.572,1.982,9.575
2024-05-11 22:00:00,10.935,1.423,6.815,1.964
2024-05-11 23:00:00,7.867,4.711,5.341,-1.032
2024-05-12 00:00:00,8.185,5.003,-0.733,-3.294
2024-05-12 01:00:00,6.975,2.031,-2.812,-2.574
2024-05-12 02:00:00,6.996,-2.379,-1.78,0.607
2024-05-12 03:00:00,6.518,-5.846,-0.736,1.122
2024-05-12 04:00:00,6.956,-5.871,-0.011,3.377
2024-05-12 05:00:00,5.61,-4.786,0.657,2.682
2024-05-12 06:00:00,4.798,-4.126,-0.87,1.913
2024-05-12 07:00:00,4.6,-4.195,-0.493,1.381
2024-05-12 08:00:00,5.114,-4.583,0.228,1.837
2024-05-12 09:00:00,10.964,-8.333,1.28,6.378
2024-05-12 10:00:00,10.468,-8.594,1.067,5.278
2024-05-12 11:00:00,9.333,-8.102,1.173,3.829
2024-05-12 12:00:00,8.131,-7.516,1.776,1.398
2024-05-12 13:00:00,6.753,-6.297,1.973,0.516
2024-05-12 14:00:00,5.894,-2.818,2.966,-1.985
2024-05-12 15:00:00,5.836,-3.721,3.984,0.972
2024-05-12 16:00:00,5.297,-2.96,3.298,1.165
2024-05-12 17:00:00,5.956,0.113,4.921,-1.036
2024-05-12 18:00:00,6.895,-0.369,5.745,-0.61
2024-05-12 19:00:00,6.542,-0.519,5.626,-2.14
2024-05-12 20:00:00,7.72,-0.422,5.113,-5.246
2024-05-12 21:00:00,9.541,-2.467,2.642,-7.027
2024-05-12 22:00:00,8.828,1.835,4.147,3.104
2024-05-12 23:00:00,8.206,-6.149,4.658,1.165
2024-05-13 00:00:00,8.128,-7.438,2.514,-1.165
2024-05-13 01:00:00,7.931,-7.011,2.381,-2.302
2024-05-13 02:00:00,7.403,-5.863,1.198,-3.61
2024-05-13 03:00:00,6.757,-6.162,2.121,-0.989
2024-05-13 04:00:00,8.277,-7.334,3.289,-0.752
2024-05-13 05:00:00,8.574,-8.076,0.803,-2.388
2024-05-13 06:00:00,7.52,-7.051,-0.902,1.586
2024-05-13 07:00:00,8.451,-7.699,1.37,2.55
2024-05-13 08:00:00,8.844,-7.722,0.384,3.812
2024-05-13 09:00:00,8.108,-1.369,3.231,4.897
2024-05-13 10:00:00,8.386,-2.271,4.162,6.466
2024-05-13 11:00:00,6.512,-0.7,3.898,5.011
2024-05-13 12:00:00,5.155,1.764,2.003,3.99
2024-05-13 13:00:00,5.414,1.813,2.032,4.565
2024-05-13 14:00:00,5.194,1.758,2.386,4.147
2024-05-13 15:00:00,5.213,2.123,0.946,4.454
2024-05-13 16:00:00,5.138,2.658,0.576,3.975
2024-05-13 17:00:00,5.228,3.77,-1.912,2.137
2024-05-13 18:00:00,5.471,3.045,-0.427,4.425
2024-05-13 19:00:00,5.21,3.042,-0.736,4.079
2024-05-13 20:00:00,5.223,3.255,-0.086,4.002
2024-05-13 21:00:00,5.378,2.93,1.43,4.133
2024-05-13 22:00:00,5.365,1.992,2.5,4.127
2024-05-13 23:00:00,7.399,2.104,5.168,4.701
2024-05-14 00:00:00,7.232,4.477,4.223,3.577
2024-05-14 01:00:00,7.043,4.397,4.89,2.242
2024-05-14 02:00:00,6.663,3.977,4.741,2.162
2024-05-14 03:00:00,6.158,4.043,4.373,1.304
2024-05-14 04:00:00,5.382,3.899,3.588,0.248
2024-05-14 05:00:00,5.533,3.136,3.899,2.079
2024-05-14 06:00:00,5.097,-1.364,0.337,4.802
2024-05-14 07:00:00,4.539,-2.071,-0.709,3.817
2024-05-14 08:00:00,5.062,-1.776,-1.379,3.936
2024-05-14 09:00:00,4.959,-4.034,0.477,2.136
2024-05-14 10:00:00,4.489,-2.791,-0.901,-2.3
2024-05-14 11:00:00,3.48,-2.527,0.058,-0.559
2024-05-14 12:00:00,3.96,-3.062,-0.623,2.107
2024-05-14 13:00:00,3.75,-3.122,0.083,1.481
2024-05-14 14:00:00,3.452,-1.286,2.4,-1.271
2024-05-14 15:00:00,3.692,-0.242,2.777,0.727
2024-05-14 16:00:00,3.616,-1.583,1.958,1.633
2024-05-14 17:00:00,3.375,-2.52,-0.963,0.233
2024-05-14 18:00:00,3.408,-2.859,0.183,0.419
2024-05-14 19:00:00,3.695,-2.346,0.574,2.554
2024-05-14 20:00:00,3.848,-2.42,0.859,2.35
2024-05-14 21:00:00,3.72,-2.674,0.194,2.116
2024-05-14 22:00:00,3.711,-2.987,1.416,1.171
2024-05-14 23:00:00,3.585,-1.423,1.915,1.287
2024-05-15 00:00:00,3.624,-2.113,2.309,0.508
2024-05-15 01:00:00,3.672,-2.688,0.706,1.816
2024-05-15 02:00:00,3.922,-3.449,0.635,0.113
2024-05-15 03:00:00,4.345,-1.428,2.619,-2.648
2024-05-15 04:00:00,4.079,-0.579,2.619,-2.097
2024-05-15 05:00:00,4.044,-2.012,0.344,-1.392
2024-05-15 06:00:00,3.932,-2.942,1.465,-0.672
2024-05-15 07:00:00,3.865,-3.06,0.338,1.725
2024-05-15 08:00:00,3.538,-2.102,0.754,-0.318
2024-05-15 09:00:00,3.505,-0.103,0.058,-3.16
2024-05-15 10:00:00,3.552,-2.292,0.695,-1.691
2024-05-15 11:00:00,3.404,-2.522,0.166,-0.902
2024-05-15 12:00:00,3.444,-2.374,0.707,-1.726
2024-05-15 13:00:00,3.436,-2.22,0.203,-2.037
2024-05-15 14:00:00,3.43,-2.723,0.678,-0.541
2024-05-15 15:00:00,3.482,-2.723,0.401,-0.764
2024-05-15 16:00:00,3.535,-2.929,1.107,-0.94
2024-05-15 17:00:00,3.561,-2.674,0.807,-1.84
2024-05-15 18:00:00,6.188,-4.89,-0.283,-3.346
2024-05-15 19:00:00,6.643,-5.331,-0.094,-3.351
2024-05-15 20:00:00,6.493,-6.251,0.801,-0.918
2024-05-15 21:00:00,6.135,-5.652,1.871,-0.395
2024-05-15 22:00:00,5.846,-5.397,0.849,-1.479
2024-05-15 23:00:00,5.502,-4.344,1.949,-2.133
2024-05-16 00:00:00,5.121,-4.107,1.065,-1.825
2024-05-16 01:00:00,4.96,-3.82,2.274,-1.215
2024-05-16 02:00:00,4.666,-2.618,2.694,-0.932
2024-05-16 03:00:00,4.914,-3.403,2.243,-1.999
2024-05-16 04:00:00,6.858,-3.839,0.032,-4.585
2024-05-16 05:00:00,13.246,-2.814,5.068,-1.637
2024-05-16 06:00:00,14.026,1.138,10.72,-0.584
2024-05-16 07:00:00,11.603,-3.885,-0.671,-8.792
2024-05-16 08:00:00,11.421,-0.835,4.099,-8.841
2024-05-16 09:00:00,8.144,-0.824,2.108,-4.711
2024-05-16 10:00:00,7.043,1.686,0.187,5.05
2024-05-16 11:00:00,4.19,-3.398,0.061,1.253
2024-05-16 12:00:00,7.734,0.017,2.834,6.583
2024-05-16 13:00:00,8.742,-0.143,1.448,8.463
2024-05-16 14:00:00,9.086,0.434,-0.58,8.822
2024-05-16 15:00:00,8.258,0.917,-0.942,7.949
2024-05-16 16:00:00,8.548,0.96,-2.536,7.957
2024-05-16 17:00:00,8.143,1.855,-2.454,7.408
2024-05-16 18:00:00,6.64,4.044,2.428,2.787
2024-05-16 19:00:00,7.547,2.135,0.644,6.621
2024-05-16 20:00:00,7.451,4.952,3.806,3.753
2024-05-16 21:00:00,7.458,4.837,5.382,1.426
2024-05-16 22:00:00,6.846,2.634,5.93,1.025
2024-05-16 23:00:00,7.231,3.04,5.748,1.892
2024-05-17 00:00:00,8.081,3.691,7.074,0.137
2024-05-17 01:00:00,8.262,3.672,6.792,1.958
2024-05-17 02:00:00,9.181,3.992,7.986,-0.711
2024-05-17 03:00:00,8.925,-0.996,-3.99,7.714
2024-05-17 04:00:00,8.447,1.231,4.783,-0.199
2024-05-17 05:00:00,9.351,4.57,7.436,2.802
2024-05-17 06:00:00,9.91,3.763,4.987,7.505
2024-05-17 07:00:00,9.702,2.578,1.241,8.777
2024-05-17 08:00:00,9.05,2.414,1.344,8.361
2024-05-17 09:00:00,8.344,2.811,3.979,6.497
2024-05-17 10:00:00,8.078,1.882,4.151,6.557
2024-05-17 11:00:00,7.917,1.279,6.016,3.555
2024-05-17 12:00:00,9.668,0.608,9.057,1.719
2024-05-17 13:00:00,15.032,0.257,-11.981,7.415
2024-05-17 14:00:00,13.159,2.387,-6.366,-5.706
2024-05-17 15:00:00,13.391,4.993,-8.815,-7.619
2024-05-17 16:00:00,14.762,1.955,2.204,-13.688
2024-05-17 17:00:00,13.38,4.072,-2.922,-11.714
2024-05-17 18:00:00,12.742,4.45,-9.391,-4.662
2024-05-17 19:00:00,12.341,4.494,-9.876,-0.832
2024-05-17 20:00:00,11.773,6.639,-3.322,-7.868
2024-05-17 21:00:00,10.85,5.522,-6.365,-2.843
2024-05-17 22:00:00,11.739,7.999,-7.186,-3.863
2024-05-17 23:00:00,11.477,7.718,-7.592,-2.661
2024-05-18 00:00:00,11.861,7.446,-8.878,-1.978
2024-05-18 01:00:00,11.648,7.114,-9.059,-0.494
2024-05-18 02:00:00,11.396,6.782,-8.578,-2.418
2024-05-18 03:00:00,11.09,6.252,-7.841,-3.685
2024-05-18 04:00:00,10.489,7.722,-6.574,-2.019
2024-05-18 05:00:00,10.098,8.193,-5.46,-1.242
2024-05-18 06:00:00,9.772,8.471,-3.45,-2.981
2024-05-18 07:00:00,9.111,7.64,-0.267,-4.64
2024-05-18 08:00:00,8.335,5.721,0.684,-5.086
2024-05-18 09:00:00,7.372,4.59,0.847,-4.713
2024-05-18 10:00:00,6.328,3.515,0.032,-3.655
2024-05-18 11:00:00,6.116,-0.549,4.233,-4.141
2024-05-18 12:00:00,5.009,-1.554,3.423,-2.977
2024-05-18 13:00:00,5.152,-3.883,2.522,-1.564
2024-05-18 14:00:00,5.85,-4.882,2.725,0.306
2024-05-18 15:00:00,6.134,-4.482,3.924,-0.531
2024-05-18 16:00:00,6.591,-4.04,4.821,0.686
2024-05-18 17:00:00,6.239,-2.91,5.247,0.742
2024-05-18 18:00:00,5.961,-3.675,4.241,-0.998
2024-05-18 19:00:00,5.801,-3.63,4.262,-0.694
2024-05-18 20:00:00,5.603,-3.256,4.418,-0.584
2024-05-18 21:00:00,5.457,-3.346,4.03,-1.281
2024-05-18 22:00:00,5.496,-3.416,4.083,-1.05
2024-05-18 23:00:00,5.481,-3.102,4.308,-1.054
2024-05-19 00:00:00,5.597,-2.358,4.266,-2.56
2024-05-19 01:00:00,5.69,-3.34,3.057,-3.091
2024-05-19 02:00:00,6.002,-4.837,1.025,-2.259
2024-05-19 03:00:00,7.702,-6.724,1.766,-2.499
2024-05-19 04:00:00,7.855,-6.592,3.586,-2.02
2024-05-19 05:00:00,7.451,-6.601,2.822,-1.783
2024-05-19 06:00:00,7.224,-5.815,3.758,-1.425
2024-05-19 07:00:00,7.756,-5.868,4.644,-1.766
2024-05-19 08:00:00,7.342,-4.825,5.048,-1.832
2024-05-19 09:00:00,7.403,-3.4,6.178,-1.642
2024-05-19 10:00:00,8.675,-3.211,7.376,-1.25
2024-05-19 11:00:00,8.657,-4.018,6.886,-0.182
2024-05-19 12:00:00,8.707,-3.575,4.648,-5.788
2024-05-19 13:00:00,9.276,-3.147,7.048,-4.766
2024-05-19 14:00:00,9.375,-1.688,7.677,-4.751
2024-05-19 15:00:00,9.327,-1.233,8.489,-3.167
2024-05-19 16:00:00,9.213,-1.909,8.651,-2.111
2024-05-19 17:00:00,9.025,-1.82,8.581,-1.57
2024-05-19 18:00:00,8.191,0.05,7.33,2.012
2024-05-19 19:00:00,6.06,0.773,4.868,2.996
2024-05-19 20:00:00,6.064,0.424,4.61,3.82
2024-05-19 21:00:00,6.354,2.87,2.115,4.497
2024-05-19 22:00:00,7.898,5.42,0.35,5.411
2024-05-19 23:00:00,8.662,2.715,5.054,5.722
2024-05-20 00:00:00,9.087,1.581,7.217,4.64
2024-05-20 01:00:00,8.465,0.567,6.88,4.088
2024-05-20 02:00:00,7.533,0.244,6.742,-1.838
2024-05-20 03:00:00,6.391,-3.014,3.175,0.848
2024-05-20 04:00:00,5.53,0.938,-1.448,-2.976
2024-05-20 05:00:00,4.571,1.442,-3.318,-2.525
2024-05-20 06:00:00,4.717,-3.349,-0.042,0.167
2024-05-20 07:00:00,6.659,-6.205,1.986,0.448
2024-05-20 08:00:00,7.475,-7.195,1.334,0.615
2024-05-20 09:00:00,7.548,-7.287,1.445,-0.646
2024-05-20 10:00:00,7.522,-6.507,3.074,0.567
2024-05-20 11:00:00,7.079,-5.088,4.183,2.015
2024-05-20 12:00:00,5.404,-2.542,2.69,3.495
2024-05-20 13:00:00,6.427,-1.63,-0.287,6.089
2024-05-20 14:00:00,6.257,-4.6,2.104,0.917
2024-05-20 15:00:00,6.147,-4.456,3.715,-0.604
2024-05-20 16:00:00,6.23,-4.221,4.286,0.628
2024-05-20 17:00:00,6.126,-3.38,3.822,2.921
2024-05-20 18:00:00,6.088,-4.236,3.823,0.571
2024-05-20 19:00:00,6.265,-3.693,3.194,2.878
2024-05-20 20:00:00,6.105,-3.465,2.641,2.898
2024-05-20 21:00:00,6.017,-3.519,0.285,-1.003
2024-05-20 22:00:00,5.699,-2.939,-1.002,2.541
2024-05-20 23:00:00,5.524,-4.015,-0.904,2.052
2024-05-21 00:00:00,5.679,-3.835,-2.08,1.686
2024-05-21 01:00:00,6.222,-3.607,1.827,2.344
2024-05-21 02:00:00,6.173,-4.646,3.059,2.173
2024-05-21 03:00:00,6.374,-5.01,3.245,-0.889
2024-05-21 04:00:00,6.309,-3.787,4.341,0.14
2024-05-21 05:00:00,6.094,-3.029,4.585,-1.123
2024-05-21 06:00:00,5.922,-4.143,3.663,1.615
2024-05-21 07:00:00,6.067,-4.232,3.26,1.731
2024-05-21 08:00:00,6.133,-3.552,2.315,-1.022
2024-05-21 09:00:00,6.12,-3.226,3.915,-0.702
2024-05-21 10:00:00,5.833,-1.109,0.866,-4.165
2024-05-21 11:00:00,5.744,-3.496,3.445,0.063
2024-05-21 12:00:00,6.131,-3.506,3.855,0.276
2024-05-21 13:00:00,6.159,-0.738,3.213,-2.549
2024-05-21 14:00:00,6.268,0.162,4.151,-3.088
2024-05-21 15:00:00,6.456,-3.351,4.281,-0.09
2024-05-21 16:00:00,6.693,-2.122,5.039,0.087
2024-05-21 17:00:00,6.682,-1.888,5.206,2.089
2024-05-21 18:00:00,7.06,-0.414,4.526,2.994
2024-05-21 19:00:00,6.933,0.538,6.488,0.752
2024-05-21 20:00:00,6.909,0.909,6.147,0.619
2024-05-21 21:00:00,6.775,-0.529,5.625,-3.12
2024-05-21 22:00:00,7.265,-2.726,3.743,5.232
2024-05-21 23:00:00,7.499,-3.399,5.851,-1.1
2024-05-22 00:00:00,6.451,-0.158,5.459,-0.75
2024-05-22 01:00:00,6.349,0.785,5.76,1.382
2024-05-22 02:00:00,6.518,0.815,5.974,0.998
2024-05-22 03:00:00,6.48,5.206,2.773,0.132
2024-05-22 04:00:00,6.22,4.351,2.845,2.742
2024-05-22 05:00:00,6.051,2.789,4.717,1.201
2024-05-22 06:00:00,6.089,-0.044,5.486,2.105
2024-05-22 07:00:00,6.094,-0.79,5.348,2.626
2024-05-22 08:00:00,6.123,-1.022,4.469,3.904
2024-05-22 09:00:00,6.072,-2.464,4.194,3.295
2024-05-22 10:00:00,6.035,-3.799,2.855,3.433
2024-05-22 11:00:00,5.981,-4.397,3.231,2.259
2024-05-22 12:00:00,6.05,-5.042,2.131,2.245
2024-05-22 13:00:00,6.858,-3.534,3.539,4.181
2024-05-22 14:00:00,7.294,-3.882,3.582,4.762
2024-05-22 15:00:00,7.336,-5.736,0.433,4.364
2024-05-22 16:00:00,7.601,-3.751,1.866,5.709
2024-05-22 17:00:00,7.922,-2.019,4.004,6.329
2024-05-22 18:00:00,8.307,-2.58,4.098,6.488
2024-05-22 19:00:00,8.131,-2.94,3.018,6.679
2024-05-22 20:00:00,7.751,-1.612,4.832,5.458
2024-05-22 21:00:00,6.558,1.571,4.294,-0.007
2024-05-22 22:00:00,6.142,-0.042,3.639,3.224
2024-05-22 23:00:00,4.651,1.0,3.645,1.074
2024-05-23 00:00:00,3.543,-2.861,-0.851,1.55
2024-05-23 01:00:00,5.48,-4.526,-1.148,1.981
2024-05-23 02:00:00,5.634,-3.73,2.391,2.977
2024-05-23 03:00:00,6.134,0.748,4.496,-1.995
2024-05-23 04:00:00,6.795,3.044,4.771,-2.581
2024-05-23 05:00:00,6.363,2.567,5.098,-1.902
2024-05-23 06:00:00,7.43,3.263,4.665,-4.553
2024-05-23 07:00:00,7.018,2.389,4.804,-0.902
2024-05-23 08:00:00,7.153,2.806,5.447,2.287
2024-05-23 09:00:00,6.747,1.491,5.477,-2.886
2024-05-23 10:00:00,6.411,2.223,3.404,-3.269
2024-05-23 11:00:00,6.381,1.054,0.897,-6.012
2024-05-23 12:00:00,6.779,0.195,0.434,-6.312
2024-05-23 13:00:00,6.865,-0.241,1.325,-6.627
2024-05-23 14:00:00,6.847,-0.538,1.423,-6.544
2024-05-23 15:00:00,6.92,-1.396,2.459,-6.079
2024-05-23 16:00:00,7.267,-0.453,3.105,-6.295
2024-05-23 17:00:00,7.459,0.463,3.811,-5.875
2024-05-23 18:00:00,8.138,0.281,6.0,-5.191
2024-05-23 19:00:00,8.794,1.865,1.194,-5.366
2024-05-23 20:00:00,7.462,0.077,0.525,-6.092
2024-05-23 21:00:00,6.224,0.476,5.726,-1.352
2024-05-23 22:00:00,8.274,1.191,6.976,-3.281
2024-05-23 23:00:00,9.676,1.982,9.149,-2.093
2024-05-24 00:00:00,8.594,-0.055,8.396,-0.8
2024-05-24 01:00:00,7.482,3.536,-1.728,-3.622
2024-05-24 02:00:00,9.106,5.246,-5.539,-4.707
2024-05-24 03:00:00,9.661,3.995,-7.59,-4.052
2024-05-24 04:00:00,9.251,4.287,-3.964,-3.876
2024-05-24 05:00:00,8.516,3.3,1.891,-3.644
2024-05-24 06:00:00,8.438,1.745,-2.339,-1.506
2024-05-24 07:00:00,8.953,3.124,-7.655,-3.083
2024-05-24 08:00:00,9.388,3.649,-8.43,-0.63
2024-05-24 09:00:00,7.778,1.787,-6.36,-1.217
2024-05-24 10:00:00,7.446,-3.348,1.611,-4.565
2024-05-24 11:00:00,8.39,2.265,-7.653,2.059
2024-05-24 12:00:00,6.458,-0.145,-2.212,-0.262
2024-05-24 13:00:00,6.445,-3.158,4.149,-3.3
2024-05-24 14:00:00,6.547,-2.822,5.509,-0.986
2024-05-24 15:00:00,6.627,-3.46,5.178,-1.386
2024-05-24 16:00:00,7.1,-3.482,6.073,-0.572
2024-05-24 17:00:00,7.142,-3.981,5.512,1.312
2024-05-24 18:00:00,7.199,-3.786,5.868,0.707
2024-05-24 19:00:00,7.347,-3.277,6.424,0.865
2024-05-24 20:00:00,7.625,-4.384,4.909,3.034
2024-05-24 21:00:00,7.602,-2.46,5.821,2.306
2024-05-24 22:00:00,9.55,-3.373,-0.507,4.203
2024-05-24 23:00:00,9.206,-1.736,-8.216,2.841
2024-05-25 00:00:00,9.17,-1.641,-8.535,2.395
2024-05-25 01:00:00,8.337,-2.582,-7.272,2.31
2024-05-25 02:00:00,7.813,-4.058,-5.62,1.324
2024-05-25 03:00:00,7.614,-4.434,-4.143,2.802
2024-05-25 04:00:00,7.469,-5.285,-2.104,1.289
2024-05-25 05:00:00,7.529,-2.956,-6.022,0.512
2024-05-25 06:00:00,7.241,-5.142,-0.128,1.392
2024-05-25 07:00:00,6.999,-4.597,-4.405,2.242
2024-05-25 08:00:00,7.012,-5.151,-3.471,2.688
2024-05-25 09:00:00,7.015,-5.318,-1.399,3.823
2024-05-25 10:00:00,6.967,-5.693,-3.164,1.915
2024-05-25 11:00:00,6.653,-5.132,-3.143,2.387
2024-05-25 12:00:00,7.058,-5.467,-0.509,2.679
2024-05-25 13:00:00,6.494,-5.032,2.785,-0.773
2024-05-25 14:00:00,7.504,-3.847,5.595,-2.667
2024-05-25 15:00:00,6.663,-2.719,3.196,-3.704
2024-05-25 16:00:00,7.062,-3.26,3.419,-4.355
2024-05-25 17:00:00,6.104,-1.056,4.898,-1.624
2024-05-25 18:00:00,6.092,-4.483,3.591,0.839
2024-05-25 19:00:00,5.869,-4.854,2.634,-1.48
2024-05-25 20:00:00,5.885,-3.317,0.843,-3.792
2024-05-25 21:00:00,5.89,-3.738,-0.489,-3.979
2024-05-25 22:00:00,5.785,-4.843,0.578,-2.63
2024-05-25 23:00:00,5.928,-5.281,-1.327,-1.666
2024-05-26 00:00:00,5.924,-5.402,1.634,0.31
2024-05-26 01:00:00,5.484,-3.965,1.661,-0.261
2024-05-26 02:00:00,5.361,-4.102,-0.322,2.454
2024-05-26 03:00:00,5.106,0.006,-0.506,-3.303
2024-05-26 04:00:00,4.149,-0.387,1.712,-2.153
2024-05-26 05:00:00,5.096,-2.461,-0.76,0.099
2024-05-26 06:00:00,5.088,-4.067,1.214,-0.067
2024-05-26 07:00:00,4.795,-4.022,-0.302,0.678
2024-05-26 08:00:00,5.313,-3.52,1.668,-0.453
2024-05-26 09:00:00,4.837,-1.802,0.263,2.585
2024-05-26 10:00:00,4.819,-4.19,1.046,-0.836
2024-05-26 11:00:00,4.594,-0.906,-0.107,-0.505
2024-05-26 12:00:00,5.705,2.721,-0.77,-3.974
2024-05-26 13:00:00,5.749,1.327,-2.191,2.703
2024-05-26 14:00:00,6.053,-2.751,-2.958,1.451
2024-05-26 15:00:00,6.395,-3.805,-0.613,4.884
2024-05-26 16:00:00,6.248,-5.176,-0.28,2.8
2024-05-26 17:00:00,6.423,-5.724,-1.489,2.136
2024-05-26 18:00:00,6.081,-5.172,0.999,1.891
2024-05-26 19:00:00,6.518,-5.918,2.39,0.662
2024-05-26 20:00:00,7.858,-7.355,2.407,0.867
2024-05-26 21:00:00,7.833,-7.579,0.985,0.809
2024-05-26 22:00:00,7.329,-6.092,-0.256,3.684
2024-05-26 23:00:00,7.181,-5.842,0.126,3.663
2024-05-27 00:00:00,7.382,-6.143,0.217,3.055
2024-05-27 01:00:00,6.229,-4.821,3.333,0.671
2024-05-27 02:00:00,6.138,-3.911,3.187,-3.176
2024-05-27 03:00:00,4.136,-3.456,0.845,-1.064
2024-05-27 04:00:00,5.421,-2.001,2.994,-3.661
2024-05-27 05:00:00,6.863,-6.247,0.87,-2.083
2024-05-27 06:00:00,7.598,-7.449,0.025,-0.687
2024-05-27 07:00:00,7.736,-7.53,1.329,0.382
2024-05-27 08:00:00,7.805,-7.334,0.83,-1.732
2024-05-27 09:00:00,7.449,-6.931,2.2,-0.049
2024-05-27 10:00:00,6.098,-4.414,3.435,1.259
2024-05-27 11:00:00,4.313,-3.152,2.591,-1.119
2024-05-27 12:00:00,5.045,-3.387,3.027,-1.425
2024-05-27 13:00:00,6.817,-5.422,3.875,0.651
2024-05-27 14:00:00,6.831,-5.209,3.683,1.945
2024-05-27 15:00:00,6.605,-5.235,2.974,2.565
2024-05-27 16:00:00,5.759,-4.695,1.503,2.836
2024-05-27 17:00:00,4.75,-3.689,1.816,2.145
2024-05-27 18:00:00,4.418,-2.355,-2.308,2.107
2024-05-27 19:00:00,4.569,0.135,-4.319,0.771
2024-05-27 20:00:00,4.63,1.599,-4.08,-1.081
2024-05-27 21:00:00,5.304,2.545,-3.99,-1.974
2024-05-27 22:00:00,5.362,2.074,-2.215,2.428
2024-05-27 23:00:00,4.639,2.857,-2.906,-0.415
2024-05-28 00:00:00,5.813,4.474,-1.527,0.752
2024-05-28 01:00:00,5.447,4.244,-0.192,1.575
2024-05-28 02:00:00,5.291,4.196,-0.162,3.028
2024-05-28 03:00:00,4.937,4.258,-0.62,1.478
2024-05-28 04:00:00,3.495,-1.164,1.372,2.594
2024-05-28 05:00:00,3.684,0.712,0.782,0.477
2024-05-28 06:00:00,4.42,-0.957,0.909,4.003
2024-05-28 07:00:00,4.362,-1.563,2.098,3.357
2024-05-28 08:00:00,4.446,-1.938,1.824,3.34
2024-05-28 09:00:00,4.326,-1.602,2.254,3.019
2024-05-28 10:00:00,4.133,-1.891,1.707,2.816
2024-05-28 11:00:00,4.624,-2.589,0.413,2.572
2024-05-28 12:00:00,5.118,-3.254,0.983,3.745
2024-05-28 13:00:00,5.41,-3.071,1.576,4.111
2024-05-28 14:00:00,4.877,-3.697,1.11,2.692
2024-05-28 15:00:00,5.412,-3.02,1.434,4.126
2024-05-28 16:00:00,5.735,-2.366,1.579,4.712
2024-05-28 17:00:00,6.415,-2.872,1.934,5.184
2024-05-28 18:00:00,6.754,-3.798,2.809,4.729
2024-05-28 19:00:00,6.85,-3.1,3.219,5.109
2024-05-28 20:00:00,6.691,-2.318,3.185,5.345
2024-05-28 21:00:00,6.563,-1.73,2.936,5.415
2024-05-28 22:00:00,6.69,-1.451,3.666,5.245
2024-05-28 23:00:00,6.267,-1.042,4.536,4.018
2024-05-29 00:00:00,5.827,-0.617,4.122,3.993
2024-05-29 01:00:00,6.112,-0.938,4.781,3.589
2024-05-29 02:00:00,5.808,-0.943,4.936,2.813
2024-05-29 03:00:00,5.669,0.488,4.847,2.664
2024-05-29 04:00:00,6.446,2.747,5.352,1.804
2024-05-29 05:00:00,7.504,-3.573,3.381,3.781
2024-05-29 06:00:00,7.906,-0.798,5.975,4.722
2024-05-29 07:00:00,7.954,-0.922,4.916,6.018
2024-05-29 08:00:00,9.164,1.182,5.816,6.891
2024-05-29 09:00:00,8.852,-0.025,6.468,5.735
2024-05-29 10:00:00,9.584,0.085,6.664,6.457
2024-05-29 11:00:00,9.66,0.887,6.458,7.038
2024-05-29 12:00:00,10.52,0.894,8.144,6.451
2024-05-29 13:00:00,10.735,0.767,9.562,4.632
2024-05-29 14:00:00,10.583,0.3,9.976,3.214
2024-05-29 15:00:00,9.948,0.104,9.728,1.723
2024-05-29 16:00:00,9.95,1.462,9.261,-1.114
2024-05-29 17:00:00,10.044,3.491,7.411,-4.821
2024-05-29 18:00:00,10.492,4.736,7.614,-5.311
2024-05-29 19:00:00,10.128,4.344,7.157,-5.626
2024-05-29 20:00:00,10.121,3.987,7.379,-5.557
2024-05-29 21:00:00,9.334,2.026,6.536,-0.687
2024-05-29 22:00:00,8.391,-1.215,6.031,5.569
2024-05-29 23:00:00,8.923,0.346,8.159,3.328
2024-05-30 00:00:00,8.215,0.664,7.763,1.827
2024-05-30 01:00:00,7.42,0.28,6.725,1.983
2024-05-30 02:00:00,7.755,-0.288,6.983,2.993
2024-05-30 03:00:00,7.714,-0.804,7.103,-1.099
2024-05-30 04:00:00,7.517,0.151,7.055,0.414
2024-05-30 05:00:00,7.239,-1.044,6.471,2.857
2024-05-30 06:00:00,7.04,-1.204,5.997,2.738
2024-05-30 07:00:00,7.202,0.671,6.537,0.436
2024-05-30 08:00:00,7.319,1.78,6.651,-1.41
2024-05-30 09:00:00,5.659,-0.884,4.296,2.107
2024-05-30 10:00:00,3.9,-1.948,0.011,0.154
2024-05-30 11:00:00,4.984,-1.854,1.232,-3.126
2024-05-30 12:00:00,5.341,0.002,3.312,-3.503
2024-05-30 13:00:00,6.605,-0.789,4.025,-4.71
2024-05-30 14:00:00,8.621,-0.85,6.284,-4.384
2024-05-30 15:00:00,8.628,-1.557,6.17,-5.668
2024-05-30 16:00:00,7.8,-2.743,4.058,-5.943
2024-05-30 17:00:00,7.541,-3.71,1.563,-6.124
2024-05-30 18:00:00,8.097,-3.646,1.085,-7.008
2024-05-30 19:00:00,8.074,-3.875,0.932,-6.933
2024-05-30 20:00:00,7.542,-2.694,-3.174,-4.948
2024-05-30 21:00:00,5.372,-1.188,-4.118,-2.7
2024-05-30 22:00:00,4.613,-0.82,-3.707,-1.987
2024-05-30 23:00:00,3.372,-0.082,-2.64,0.417
2024-05-31 00:00:00,3.735,-1.168,0.266,-2.024
2024-05-31 01:00:00,8.03,-2.667,4.949,-4.744
2024-05-31 02:00:00,8.501,-3.968,1.962,-6.853
2024-05-31 03:00:00,7.931,-3.419,0.193,-6.969
2024-05-31 04:00:00,6.785,-1.655,-3.244,-5.583
2024-05-31 05:00:00,6.26,0.728,-5.695,-1.502
2024-05-31 06:00:00,5.58,-0.182,-4.52,-2.996
2024-05-31 07:00:00,5.061,-0.414,-3.779,-3.101
2024-05-31 08:00:00,3.707,1.537,-2.243,-1.894
2024-05-31 09:00:00,4.999,2.068,-3.745,-2.367
2024-05-31 10:00:00,6.142,2.701,-4.568,-2.849
2024-05-31 11:00:00,6.067,2.082,-5.185,-2.14
2024-05-31 12:00:00,6.024,1.998,-5.031,-2.45
2024-05-31 13:00:00,5.668,1.901,-4.283,-3.031
2024-05-31 14:00:00,5.174,2.141,-3.702,-2.73
2024-05-31 15:00:00,5.062,2.329,-3.6,-2.462
2024-05-31 16:00:00,5.346,1.538,-3.726,-3.16
2024-05-31 17:00:00,5.221,2.375,-4.141,-1.087
2024-05-31 18:00:00,5.045,-0.654,-3.392,-2.433
2024-05-31 19:00:00,4.824,-0.207,-3.997,-1.851
2024-05-31 20:00:00,4.344,0.247,-2.475,-2.041
2024-05-31 21:00:00,4.119,1.874,-3.103,-0.67
2024-05-31 22:00:00,4.009,1.243,-3.132,-1.673
2024-05-31 23:00:00,4.352,0.996,-3.267,-2.393
2024-06-01 00:00:00,4.169,1.06,-2.798,-2.405
2024-06-01 01:00:00,3.954,0.997,-2.753,-2.37
2024-06-01 02:00:00,4.079,1.094,-3.504,-0.829
2024-06-01 03:00:00,4.173,0.5,-3.882,0.207
2024-06-01 04:00:00,4.114,-0.211,-3.806,-0.296
2024-06-01 05:00:00,4.12,1.189,-3.806,-0.005
2024-06-01 06:00:00,4.108,0.942,-3.896,-0.033
2024-06-01 07:00:00,4.045,1.631,-3.506,-0.167
2024-06-01 08:00:00,4.082,2.805,-2.614,-0.029
2024-06-01 09:00:00,4.298,0.454,-3.183,0.268
2024-06-01 10:00:00,4.412,-3.475,-1.994,-1.543
2024-06-01 11:00:00,4.403,-3.265,-2.327,-1.532
2024-06-01 12:00:00,4.257,-2.203,-2.724,-2.169
2024-06-01 13:00:00,4.165,-1.849,-3.097,-1.634
2024-06-01 14:00:00,3.504,-0.964,-2.451,-0.95
2024-06-01 15:00:00,2.267,1.218,-0.466,1.386
2024-06-01 16:00:00,3.426,0.842,-2.247,2.278
2024-06-01 17:00:00,3.248,0.97,-1.437,2.507
2024-06-01 18:00:00,2.38,0.28,-0.776,2.005
2024-06-01 19:00:00,3.303,1.433,-0.155,2.302
2024-06-01 20:00:00,3.93,2.866,0.387,2.385
2024-06-01 21:00:00,4.105,3.097,0.512,2.397
2024-06-01 22:00:00,4.054,3.616,-0.351,1.121
2024-06-01 23:00:00,3.988,3.65,-0.208,0.794
2024-06-02 00:00:00,4.1,3.624,0.102,1.216
2024-06-02 01:00:00,3.62,1.798,0.724,2.837
2024-06-02 02:00:00,4.136,3.054,1.13,2.328
2024-06-02 03:00:00,4.241,2.958,2.335,1.5
2024-06-02 04:00:00,4.318,3.514,0.837,1.447
2024-06-02 05:00:00,4.135,3.624,0.406,1.635
2024-06-02 06:00:00,3.901,3.541,0.736,0.577
2024-06-02 07:00:00,3.747,2.133,2.067,0.855
2024-06-02 08:00:00,3.822,2.524,1.402,-0.603
2024-06-02 09:00:00,3.709,0.933,-1.869,-0.959
2024-06-02 10:00:00,3.648,2.707,-1.576,-1.159
2024-06-02 11:00:00,4.259,3.817,-1.604,-0.519
2024-06-02 12:00:00,4.927,4.232,-1.639,-1.498
2024-06-02 13:00:00,5.054,4.384,-0.979,-1.986
2024-06-02 14:00:00,3.539,-1.098,-0.364,0.616
2024-06-02 15:00:00,5.381,-4.745,2.016,0.803
2024-06-02 16:00:00,5.512,-4.95,1.477,-1.641
2024-06-02 17:00:00,4.976,0.668,-1.623,0.07
2024-06-02 18:00:00,5.152,3.79,-2.635,1.635
2024-06-02 19:00:00,5.269,0.183,-4.014,-1.125
2024-06-02 20:00:00,5.172,0.676,-4.521,-0.626
2024-06-02 21:00:00,5.101,-0.607,-4.107,-1.745
2024-06-02 22:00:00,4.98,3.012,-3.532,1.588
2024-06-02 23:00:00,4.6,2.632,-3.279,1.43
2024-06-03 00:00:00,3.163,-0.097,-2.821,-0.952
2024-06-03 01:00:00,2.755,0.455,-1.176,0.984
2024-06-03 02:00:00,4.698,-0.076,-2.857,0.245
2024-06-03 03:00:00,4.532,-1.608,-2.965,-2.781
2024-06-03 04:00:00,4.191,-2.269,-2.273,-2.529
2024-06-03 05:00:00,4.824,-1.831,-2.643,-3.407
2024-06-03 06:00:00,5.094,-2.716,0.109,-3.239
2024-06-03 07:00:00,5.369,-2.84,-0.992,-1.597
2024-06-03 08:00:00,5.073,-3.905,0.986,-2.666
2024-06-03 09:00:00,5.565,-5.298,0.036,-0.174
2024-06-03 10:00:00,5.313,-4.352,0.666,-1.788
2024-06-03 11:00:00,6.112,-4.975,-2.889,-1.674
2024-06-03 12:00:00,6.209,-5.15,-2.755,-1.858
2024-06-03 13:00:00,5.499,-4.344,-1.441,-2.209
2024-06-03 14:00:00,4.641,-2.846,-0.931,-1.175
2024-06-03 15:00:00,4.253,-2.317,1.067,-2.558
2024-06-03 16:00:00,7.441,-3.923,3.928,-3.358
2024-06-03 17:00:00,6.868,-1.486,5.785,1.666
2024-06-03 18:00:00,6.434,-0.692,2.244,0.406
2024-06-03 19:00:00,7.002,-2.222,5.829,-0.38
2024-06-03 20:00:00,7.055,0.992,1.956,1.63
2024-06-03 21:00:00,12.164,-1.027,5.757,6.771
2024-06-03 22:00:00,15.128,-0.353,5.711,12.275
2024-06-03 23:00:00,13.656,-2.426,10.705,2.181
2024-06-04 00:00:00,11.89,0.551,5.131,6.258
2024-06-04 01:00:00,9.829,-3.511,5.774,2.82
2024-06-04 02:00:00,10.316,-6.251,5.964,-2.027
2024-06-04 03:00:00,10.061,-0.791,6.227,1.843
2024-06-04 04:00:00,9.463,-3.221,4.918,-5.051
2024-06-04 05:00:00,9.61,-1.265,8.32,1.939
2024-06-04 06:00:00,9.048,-2.694,7.017,-3.467
2024-06-04 07:00:00,8.314,-3.308,4.771,-4.268
2024-06-04 08:00:00,6.946,-2.976,3.253,0.241
2024-06-04 09:00:00,6.125,-2.914,1.471,3.244
2024-06-04 10:00:00,5.608,-3.453,4.082,1.069
2024-06-04 11:00:00,5.722,-3.944,-0.067,3.634
2024-06-04 12:00:00,5.551,-4.834,0.711,1.198
2024-06-04 13:00:00,5.508,-4.387,2.18,1.987
2024-06-04 14:00:00,5.203,-4.365,-0.33,2.193
2024-06-04 15:00:00,4.966,-4.469,-0.395,1.837
2024-06-04 16:00:00,5.135,-4.98,-0.428,0.667
2024-06-04 17:00:00,5.126,-4.934,0.524,0.811
2024-06-04 18:00:00,5.036,-4.274,2.314,0.719
2024-06-04 19:00:00,4.89,-3.852,2.845,0.591
2024-06-04 20:00:00,4.794,-3.763,2.689,-0.013
2024-06-04 21:00:00,4.508,-1.073,4.186,0.547
2024-06-04 22:00:00,4.56,-1.331,3.784,1.446
2024-06-04 23:00:00,4.725,-1.997,4.002,0.68
2024-06-05 00:00:00,4.42,-0.428,4.072,-0.153
2024-06-05 01:00:00,4.249,-2.804,2.501,0.683
2024-06-05 02:00:00,4.388,-3.739,0.882,1.723
2024-06-05 03:00:00,3.596,-0.442,1.608,-0.53
2024-06-05 04:00:00,4.444,-0.256,1.785,-1.401
2024-06-05 05:00:00,5.979,-2.403,4.236,-1.782
2024-06-05 06:00:00,6.296,-3.949,4.074,1.169
2024-06-05 07:00:00,6.647,-2.211,5.703,0.993
2024-06-05 08:00:00,6.82,-2.066,5.693,2.209
2024-06-05 09:00:00,6.312,-1.036,5.544,1.648
2024-06-05 10:00:00,3.787,-1.079,3.274,0.688
2024-06-05 11:00:00,3.436,-0.286,0.665,2.378
2024-06-05 12:00:00,3.399,1.418,0.791,-2.005
2024-06-05 13:00:00,4.655,1.288,-3.535,-1.728
2024-06-05 14:00:00,6.0,0.957,-4.541,-3.616
2024-06-05 15:00:00,6.041,1.384,-5.071,-2.119
2024-06-05 16:00:00,5.794,2.785,-4.172,-2.591
2024-06-05 17:00:00,5.625,2.829,-3.407,-3.143
2024-06-05 18:00:00,5.696,2.987,-4.205,-1.845
2024-06-05 19:00:00,5.306,2.226,-4.105,-1.453
2024-06-05 20:00:00,4.81,0.569,-1.3,3.288
2024-06-05 21:00:00,6.582,2.212,-5.321,2.733
2024-06-05 22:00:00,6.501,1.783,-4.361,3.698
2024-06-05 23:00:00,5.953,2.419,-4.065,2.676
2024-06-06 00:00:00,5.669,2.877,-4.373,1.176
2024-06-06 01:00:00,5.749,1.868,-4.541,1.649
2024-06-06 02:00:00,6.384,4.031,-3.215,-3.621
2024-06-06 03:00:00,6.31,4.404,-3.599,-2.587
2024-06-06 04:00:00,6.144,4.224,-1.977,-3.806
2024-06-06 05:00:00,6.066,4.089,-0.961,-4.257
2024-06-06 06:00:00,5.842,4.05,0.547,-3.921
2024-06-06 07:00:00,5.721,4.103,-0.05,-3.174
2024-06-06 08:00:00,5.847,5.062,-2.073,-1.273
2024-06-06 09:00:00,6.38,4.97,-3.591,1.401
2024-06-06 10:00:00,6.6,4.932,-4.225,-0.185
2024-06-06 11:00:00,6.839,5.359,-4.047,0.775
2024-06-06 12:00:00,7.044,6.021,-2.437,2.567
2024-06-06 13:00:00,6.851,5.957,-1.704,2.57
2024-06-06 14:00:00,6.984,6.443,-1.891,1.098
2024-06-06 15:00:00,6.662,6.276,-1.906,0.515
2024-06-06 16:00:00,6.208,5.893,-1.743,0.393
2024-06-06 17:00:00,5.906,5.738,-0.863,0.681
2024-06-06 18:00:00,5.393,5.231,0.584,0.402
2024-06-06 19:00:00,6.167,5.998,0.873,-0.507
2024-06-06 20:00:00,6.562,6.33,-0.466,-0.761
2024-06-06 21:00:00,6.654,6.022,-2.345,-1.092
2024-06-06 22:00:00,6.331,5.632,-2.636,-0.116
2024-06-06 23:00:00,6.475,5.691,-2.905,-0.184
2024-06-07 00:00:00,6.056,5.589,-1.15,-1.65
2024-06-07 01:00:00,5.659,5.026,-1.526,0.36
2024-06-07 02:00:00,5.269,2.607,-0.916,-1.717
2024-06-07 03:00:00,5.647,-3.473,2.972,-3.106
2024-06-07 04:00:00,6.65,-3.551,3.198,-4.518
2024-06-07 05:00:00,6.156,-3.614,2.143,-3.899
2024-06-07 06:00:00,5.336,0.837,0.098,-5.107
2024-06-07 07:00:00,6.567,2.108,-1.445,-5.742
2024-06-07 08:00:00,6.27,2.907,-1.961,-4.844
2024-06-07 09:00:00,5.287,2.244,0.694,-1.399
2024-06-07 10:00:00,6.084,4.982,1.113,-0.484
2024-06-07 11:00:00,8.928,4.481,-1.276,-6.081
2024-06-07 12:00:00,10.57,1.722,4.696,-6.364
2024-06-07 13:00:00,12.755,2.794,6.222,-9.723
2024-06-07 14:00:00,7.659,2.146,4.268,0.521
2024-06-07 15:00:00,5.437,-1.297,2.073,1.927
2024-06-07 16:00:00,7.778,4.79,2.565,5.371
2024-06-07 17:00:00,7.734,2.485,3.391,5.816
2024-06-07 18:00:00,8.303,0.291,1.268,7.866
2024-06-07 19:00:00,4.927,-3.421,-0.38,2.85
2024-06-07 20:00:00,3.293,-2.852,-0.729,1.012
2024-06-07 21:00:00,3.923,-1.352,-2.055,-1.137
2024-06-07 22:00:00,4.549,1.708,-0.347,-3.703
2024-06-07 23:00:00,6.653,-0.578,-4.28,-0.913
2024-06-08 00:00:00,7.48,0.441,-4.881,-3.625
2024-06-08 01:00:00,4.484,1.734,0.793,-2.902
2024-06-08 02:00:00,5.616,-0.51,-2.993,2.607
2024-06-08 03:00:00,8.124,0.028,-1.092,7.23
2024-06-08 04:00:00,8.9,1.262,1.777,7.593
2024-06-08 05:00:00,10.576,2.175,6.402,6.327
2024-06-08 06:00:00,9.029,0.815,7.541,2.588
2024-06-08 07:00:00,7.496,0.78,6.631,0.389
2024-06-08 08:00:00,6.339,-1.513,3.122,0.586
2024-06-08 09:00:00,6.471,-4.363,2.296,-0.522
2024-06-08 10:00:00,6.065,-2.596,3.197,1.189
2024-06-08 11:00:00,6.591,-0.083,5.547,2.312
2024-06-08 12:00:00,6.551,0.608,5.969,0.849
2024-06-08 13:00:00,6.575,2.962,4.581,2.125
2024-06-08 14:00:00,5.608,0.675,3.692,-0.075
2024-06-08 15:00:00,5.063,-0.514,1.667,-2.362
2024-06-08 16:00:00,4.445,-3.085,1.466,-1.39
2024-06-08 17:00:00,3.843,-2.874,1.156,0.025
2024-06-08 18:00:00,4.084,-0.707,2.403,1.082
2024-06-08 19:00:00,4.875,3.212,2.85,1.68
2024-06-08 20:00:00,3.826,-1.754,2.237,0.077
2024-06-08 21:00:00,4.417,2.458,1.716,-1.103
2024-06-08 22:00:00,4.59,3.228,2.525,-1.309
2024-06-08 23:00:00,4.496,1.822,2.54,-1.118
2024-06-09 00:00:00,3.942,1.387,2.424,1.322
2024-06-09 01:00:00,3.217,-1.176,1.489,1.046
2024-06-09 02:00:00,4.044,1.921,0.771,0.502
2024-06-09 03:00:00,4.242,3.72,1.064,-0.801
2024-06-09 04:00:00,3.358,1.405,0.415,-0.576
2024-06-09 05:00:00,3.544,0.653,1.894,-1.408
2024-06-09 06:00:00,4.123,1.061,2.268,-0.553
2024-06-09 07:00:00,4.417,-2.023,3.13,1.781
2024-06-09 08:00:00,4.25,2.509,2.908,-0.259
2024-06-09 09:00:00,4.181,0.679,3.342,0.218
2024-06-09 10:00:00,3.774,-1.757,2.052,0.098
2024-06-09 11:00:00,3.77,-2.12,1.306,-2.113
2024-06-09 12:00:00,4.575,-1.477,2.212,-3.052
2024-06-09 13:00:00,4.097,-1.93,3.115,0.31
2024-06-09 14:00:00,4.298,0.899,3.844,-0.09
2024-06-09 15:00:00,4.986,3.009,3.57,1.079
2024-06-09 16:00:00,5.529,1.983,4.844,-0.908
2024-06-09 17:00:00,5.355,3.219,2.176,-3.322
2024-06-09 18:00:00,4.925,1.473,3.711,-1.012
2024-06-09 19:00:00,4.564,-0.188,4.376,0.667
2024-06-09 20:00:00,3.926,1.258,2.602,1.106
2024-06-09 21:00:00,4.563,-1.667,2.657,-1.181
2024-06-09 22:00:00,4.31,-1.55,3.506,-0.634
2024-06-09 23:00:00,3.746,-1.443,2.125,0.421
2024-06-10 00:00:00,4.196,-1.726,1.251,0.756
2024-06-10 01:00:00,4.619,-0.707,1.929,0.483
2024-06-10 02:00:00,4.876,2.672,3.415,1.652
2024-06-10 03:00:00,4.379,2.154,3.211,1.587
2024-06-10 04:00:00,4.649,1.889,3.84,0.462
2024-06-10 05:00:00,4.091,1.223,3.628,-0.367
2024-06-10 06:00:00,4.195,0.707,2.57,0.448
2024-06-10 07:00:00,3.971,-2.463,2.807,-0.624
2024-06-10 08:00:00,3.758,-1.198,3.123,0.718
2024-06-10 09:00:00,3.948,1.464,2.943,0.671
2024-06-10 10:00:00,4.106,1.371,3.588,-0.502
2024-06-10 11:00:00,4.574,0.796,4.194,0.066
2024-06-10 12:00:00,5.121,0.223,3.194,3.472
2024-06-10 13:00:00,4.681,-0.45,4.113,0.735
2024-06-10 14:00:00,5.278,-2.536,4.017,0.28
2024-06-10 15:00:00,5.866,-1.446,3.363,4.064
2024-06-10 16:00:00,9.394,-0.176,7.824,0.521
2024-06-10 17:00:00,12.668,2.643,10.337,-4.018
2024-06-10 18:00:00,9.473,3.53,4.182,-4.454
2024-06-10 19:00:00,10.692,0.966,7.87,-0.548
2024-06-10 20:00:00,10.815,-2.167,7.411,4.953
2024-06-10 21:00:00,8.242,-4.05,0.709,5.557
2024-06-10 22:00:00,5.095,0.807,-2.218,-1.367
2024-06-10 23:00:00,7.742,2.035,-0.506,-4.448
2024-06-11 00:00:00,7.251,2.267,-0.391,-5.663
2024-06-11 01:00:00,3.81,1.81,0.911,-1.351
2024-06-11 02:00:00,5.399,1.158,3.393,-2.942
2024-06-11 03:00:00,5.001,2.121,3.37,-1.233
2024-06-11 04:00:00,5.296,3.206,2.677,-0.301
2024-06-11 05:00:00,5.078,4.769,-0.428,0.658
2024-06-11 06:00:00,4.518,0.59,1.937,0.12
2024-06-11 07:00:00,4.15,1.462,2.39,-0.244
2024-06-11 08:00:00,5.315,1.92,4.208,0.884
2024-06-11 09:00:00,5.789,3.297,4.408,1.062
2024-06-11 10:00:00,5.544,1.788,5.075,-0.601
2024-06-11 11:00:00,5.86,2.574,5.165,-0.217
2024-06-11 12:00:00,6.583,2.327,6.056,-0.288
2024-06-11 13:00:00,6.129,2.008,5.595,-0.144
2024-06-11 14:00:00,5.535,-1.656,4.711,-0.282
2024-06-11 15:00:00,5.99,-3.961,2.822,2.958
2024-06-11 16:00:00,5.373,-2.852,1.832,3.731
2024-06-11 17:00:00,6.491,-0.498,4.928,3.855
2024-06-11 18:00:00,6.318,2.501,5.305,-0.173
2024-06-11 19:00:00,5.84,3.245,4.633,-0.888
2024-06-11 20:00:00,5.81,0.962,3.892,0.785
2024-06-11 21:00:00,5.923,-1.965,4.411,3.114
2024-06-11 22:00:00,5.496,-1.086,4.195,2.716
2024-06-11 23:00:00,5.235,-2.213,3.281,2.988
2024-06-12 00:00:00,5.219,0.047,4.401,1.435
2024-06-12 01:00:00,5.845,-1.66,3.354,3.437
2024-06-12 02:00:00,5.536,-3.436,1.267,3.64
2024-06-12 03:00:00,3.866,-1.902,1.74,2.23
2024-06-12 04:00:00,4.235,2.208,2.024,-1.222
2024-06-12 05:00:00,3.874,2.622,2.182,0.426
2024-06-12 06:00:00,3.437,2.088,1.264,1.186
2024-06-12 07:00:00,3.581,0.186,3.406,-0.264
2024-06-12 08:00:00,3.646,-1.716,2.964,-0.897
2024-06-12 09:00:00,3.565,-0.767,3.215,-0.092
2024-06-12 10:00:00,3.098,-1.877,1.068,-0.803
2024-06-12 11:00:00,3.926,-1.517,1.34,-3.197
2024-06-12 12:00:00,4.046,-1.655,0.881,-3.402
2024-06-12 13:00:00,4.022,-2.091,0.718,-3.232
2024-06-12 14:00:00,3.166,-1.486,0.622,-1.794
2024-06-12 15:00:00,3.544,-2.648,-0.961,-1.939
2024-06-12 16:00:00,4.081,-3.029,-1.364,-2.188
2024-06-12 17:00:00,4.077,-3.17,-1.505,-1.814
2024-06-12 18:00:00,3.859,-3.142,-1.94,-0.492
2024-06-12 19:00:00,4.023,-2.991,-2.184,0.485
2024-06-12 20:00:00,2.946,-1.145,-0.773,0.584
2024-06-12 21:00:00,2.161,-0.657,0.075,-1.371
2024-06-12 22:00:00,2.979,-1.515,-0.5,0.731
2024-06-12 23:00:00,3.234,2.259,1.804,0.746
2024-06-13 00:00:00,3.724,3.032,1.937,-0.039
2024-06-13 01:00:00,3.347,2.447,2.012,0.085
2024-06-13 02:00:00,4.062,-2.344,1.354,2.429
2024-06-13 03:00:00,3.967,-2.045,1.009,3.052
2024-06-13 04:00:00,4.214,-2.696,1.836,2.317
2024-06-13 05:00:00,3.333,-2.0,1.727,1.491
2024-06-13 06:00:00,3.277,-2.483,1.419,1.407
2024-06-13 07:00:00,3.184,-2.338,1.371,1.281
2024-06-13 08:00:00,2.263,-1.289,0.306,1.527
2024-06-13 09:00:00,2.327,1.074,-1.011,0.774
2024-06-13 10:00:00,1.592,-0.164,-0.675,-0.486
2024-06-13 11:00:00,2.006,-0.495,0.002,-1.34
2024-06-13 12:00:00,2.057,0.443,0.494,-1.299
2024-06-13 13:00:00,1.931,-0.723,-0.609,-0.898
2024-06-13 14:00:00,2.22,-1.261,0.27,-1.475
2024-06-13 15:00:00,2.315,-0.504,1.634,-0.294
2024-06-13 16:00:00,3.719,1.322,2.34,2.241
2024-06-13 17:00:00,3.445,2.293,-0.881,1.358
2024-06-13 18:00:00,3.307,2.33,-1.601,0.52
2024-06-13 19:00:00,3.601,3.127,-1.135,0.449
2024-06-13 20:00:00,3.736,2.622,-2.348,0.978
2024-06-13 21:00:00,3.783,2.555,-2.274,1.145
2024-06-13 22:00:00,3.637,2.557,-2.24,0.876
2024-06-13 23:00:00,3.728,3.237,-1.619,0.379
2024-06-14 00:00:00,3.596,3.061,-1.677,0.194
2024-06-14 01:00:00,3.749,3.302,-1.514,-0.024
2024-06-14 02:00:00,3.959,3.355,-1.599,-0.58
2024-06-14 03:00:00,4.197,0.817,0.804,-3.769
2024-06-14 04:00:00,4.618,-0.722,1.681,-4.089
2024-06-14 05:00:00,4.846,-2.184,2.574,-3.173
2024-06-14 06:00:00,5.069,-2.526,3.171,-2.881
2024-06-14 07:00:00,5.497,-3.141,3.635,-2.42
2024-06-14 08:00:00,4.007,-0.348,0.844,-2.912
2024-06-14 09:00:00,4.565,0.413,-1.836,-3.158
2024-06-14 10:00:00,4.961,-0.587,0.573,-3.304
2024-06-14 11:00:00,5.066,0.42,-2.279,-3.423
2024-06-14 12:00:00,5.628,2.85,-3.479,-2.586
2024-06-14 13:00:00,5.58,3.119,-4.486,-0.325
2024-06-14 14:00:00,5.755,4.233,-3.735,0.303
2024-06-14 15:00:00,5.599,4.358,-2.77,-1.43
2024-06-14 16:00:00,5.492,4.357,-2.124,-2.236
2024-06-14 17:00:00,4.633,3.234,-1.784,-2.257
2024-06-14 18:00:00,4.374,2.338,-0.471,-3.12
2024-06-14 19:00:00,4.402,0.881,0.616,-3.73
2024-06-14 20:00:00,4.93,-1.278,-3.79,-2.067
2024-06-14 21:00:00,4.24,1.128,-2.509,-1.865
2024-06-14 22:00:00,5.607,0.613,-1.303,-4.842
2024-06-14 23:00:00,6.159,3.459,-4.303,-1.524
2024-06-15 00:00:00,6.306,2.671,-5.129,1.573
2024-06-15 01:00:00,5.913,2.909,-3.819,2.929
2024-06-15 02:00:00,5.119,0.302,-1.996,-2.117
2024-06-15 03:00:00,5.56,-1.64,0.311,-4.836
2024-06-15 04:00:00,5.313,-0.709,0.078,-3.206
2024-06-15 05:00:00,5.242,1.461,-3.941,0.537
2024-06-15 06:00:00,5.821,0.923,-4.832,-2.65
2024-06-15 07:00:00,5.917,-0.572,-2.805,-3.808
2024-06-15 08:00:00,6.052,-3.146,1.561,-4.486
2024-06-15 09:00:00,5.916,-2.577,1.573,-4.49
2024-06-15 10:00:00,6.122,-2.758,1.245,-5.007
2024-06-15 11:00:00,13.265,-0.646,-0.935,-11.533
2024-06-15 12:00:00,14.291,9.03,-9.169,1.366
2024-06-15 13:00:00,13.901,9.041,-7.644,3.383
2024-06-15 14:00:00,12.371,6.28,-7.87,-5.674
2024-06-15 15:00:00,12.013,5.788,-7.012,2.049
2024-06-15 16:00:00,11.146,0.401,-7.787,-1.839
2024-06-15 17:00:00,12.713,9.225,-5.595,6.402
2024-06-15 18:00:00,12.886,9.829,-4.402,6.169
2024-06-15 19:00:00,12.357,10.484,-4.628,3.748
2024-06-15 20:00:00,12.127,6.198,-6.296,-1.669
2024-06-15 21:00:00,12.231,4.836,-6.543,-5.317
2024-06-15 22:00:00,11.661,7.319,-8.085,-0.343
2024-06-15 23:00:00,10.302,7.13,-6.461,2.537
2024-06-16 00:00:00,10.001,7.241,-5.121,4.058
2024-06-16 01:00:00,9.676,5.591,-3.009,6.865
2024-06-16 02:00:00,8.903,5.927,-4.139,4.647
2024-06-16 03:00:00,8.439,6.295,-4.899,2.196
2024-06-16 04:00:00,8.924,6.077,-4.779,-2.692
2024-06-16 05:00:00,8.956,7.035,-3.311,-3.014
2024-06-16 06:00:00,8.93,8.284,-2.294,1.939
2024-06-16 07:00:00,8.383,7.444,-1.526,-0.083
2024-06-16 08:00:00,8.386,3.7,-0.447,-6.604
2024-06-16 09:00:00,8.359,4.734,-0.711,-5.647
2024-06-16 10:00:00,8.223,7.167,-3.386,1.556
2024-06-16 11:00:00,8.302,6.246,-4.625,2.743
2024-06-16 12:00:00,6.643,2.795,-4.066,3.942
2024-06-16 13:00:00,5.627,-2.478,-1.348,4.45
2024-06-16 14:00:00,6.546,0.027,-0.308,-0.149
2024-06-16 15:00:00,6.55,1.518,2.119,-5.733
2024-06-16 16:00:00,6.978,2.243,1.366,-5.799
2024-06-16 17:00:00,7.32,1.55,-1.922,-5.735
2024-06-16 18:00:00,5.406,-3.419,0.548,-1.693
2024-06-16 19:00:00,8.154,-1.456,1.042,0.677
2024-06-16 20:00:00,8.187,1.346,-3.78,6.956
2024-06-16 21:00:00,7.272,-0.419,-2.781,6.527
2024-06-16 22:00:00,8.086,-4.806,-0.959,5.93
2024-06-16 23:00:00,5.853,-4.289,-1.416,3.369
2024-06-17 00:00:00,4.135,-1.668,-1.888,1.965
2024-06-17 01:00:00,4.634,-4.167,1.433,-0.386
2024-06-17 02:00:00,4.856,-3.391,-0.959,0.738
2024-06-17 03:00:00,9.526,-7.783,-0.011,4.143
2024-06-17 04:00:00,8.599,-6.101,-1.366,2.691
2024-06-17 05:00:00,5.21,2.829,0.058,0.053
2024-06-17 06:00:00,4.54,-0.137,-2.852,2.256
2024-06-17 07:00:00,4.505,-2.229,-0.862,1.323
2024-06-17 08:00:00,6.3,-5.515,-2.133,-0.808
2024-06-17 09:00:00,7.712,-5.683,-3.748,-2.668
2024-06-17 10:00:00,8.458,-8.003,-0.984,-1.981
2024-06-17 11:00:00,8.397,-8.189,0.909,-1.138
2024-06-17 12:00:00,8.471,-7.493,2.003,-2.813
2024-06-17 13:00:00,8.334,-5.931,3.118,-4.324
2024-06-17 14:00:00,10.068,-6.973,6.517,-2.515
2024-06-17 15:00:00,9.779,-4.645,7.277,-4.035
2024-06-17 16:00:00,9.911,-4.697,6.653,-4.822
2024-06-17 17:00:00,9.303,-3.026,5.589,-5.25
2024-06-17 18:00:00,7.302,2.104,-0.559,-3.528
2024-06-17 19:00:00,8.353,-0.525,5.273,-5.231
2024-06-17 20:00:00,8.018,-2.915,5.109,-1.11
2024-06-17 21:00:00,6.966,-1.215,-4.192,5.138
2024-06-17 22:00:00,9.373,-4.927,-0.72,3.577
2024-06-17 23:00:00,10.902,-8.59,3.876,3.335
2024-06-18 00:00:00,9.855,-6.242,-0.237,5.798
2024-06-18 01:00:00,7.153,-2.938,3.997,1.133
2024-06-18 02:00:00,6.289,-3.351,1.458,2.608
2024-06-18 03:00:00,6.219,-3.722,2.722,2.249
2024-06-18 04:00:00,6.307,-3.163,4.618,-1.379
2024-06-18 05:00:00,6.401,-5.268,2.473,0.724
2024-06-18 06:00:00,6.318,-4.86,2.926,-0.317
2024-06-18 07:00:00,7.033,-5.976,3.304,0.334
2024-06-18 08:00:00,7.298,-6.606,1.729,1.823
2024-06-18 09:00:00,5.862,-5.035,2.199,-0.341
2024-06-18 10:00:00,5.818,-4.411,2.438,0.073
2024-06-18 11:00:00,5.725,-4.043,3.326,-0.251
2024-06-18 12:00:00,4.931,-3.78,1.25,-2.051
2024-06-18 13:00:00,5.115,-3.579,2.717,-1.002
2024-06-18 14:00:00,4.468,-3.67,1.522,0.826
2024-06-18 15:00:00,3.207,-0.922,1.336,-0.249
2024-06-18 16:00:00,3.657,-0.824,0.554,-2.6
2024-06-18 17:00:00,3.951,-3.722,0.293,0.013
2024-06-18 18:00:00,3.814,-2.429,0.266,1.005
2024-06-18 19:00:00,3.51,-2.566,-0.726,0.273
2024-06-18 20:00:00,4.094,-3.081,1.397,1.0
2024-06-18 21:00:00,4.044,-3.175,0.548,1.614
2024-06-18 22:00:00,4.244,-3.087,1.119,1.803
2024-06-18 23:00:00,3.96,-3.375,-1.114,0.416
2024-06-19 00:00:00,3.746,-0.958,1.887,-0.818
2024-06-19 01:00:00,4.182,3.154,1.232,-1.762
2024-06-19 02:00:00,3.391,0.727,0.78,-2.0
2024-06-19 03:00:00,3.589,-2.204,0.761,-0.91
2024-06-19 04:00:00,3.863,-0.252,1.477,-1.85
2024-06-19 05:00:00,3.972,-2.984,0.43,-0.435
2024-06-19 06:00:00,3.988,-1.513,2.087,0.055
2024-06-19 07:00:00,3.914,-2.316,1.567,1.821
2024-06-19 08:00:00,4.425,-2.894,-1.159,2.757
2024-06-19 09:00:00,4.652,-2.96,-1.281,2.777
2024-06-19 10:00:00,4.957,-2.914,3.244,-0.525
2024-06-19 11:00:00,4.691,0.453,3.241,-2.496
2024-06-19 12:00:00,4.289,-0.024,3.426,-0.713
2024-06-19 13:00:00,4.342,-0.806,1.122,-3.542
2024-06-19 14:00:00,3.986,-0.261,1.46,-2.093
2024-06-19 15:00:00,3.893,0.432,2.121,-0.953
2024-06-19 16:00:00,3.777,-0.621,2.425,-0.441
2024-06-19 17:00:00,4.427,2.056,3.079,-0.573
2024-06-19 18:00:00,4.393,-0.701,2.474,2.031
2024-06-19 19:00:00,4.048,-1.573,0.943,-0.256
2024-06-19 20:00:00,3.55,-0.897,1.141,2.69
2024-06-19 21:00:00,3.979,-1.899,1.028,2.098
2024-06-19 22:00:00,2.948,-2.059,0.37,1.268
2024-06-19 23:00:00,2.683,-1.881,0.758,-1.212
2024-06-20 00:00:00,3.103,-2.098,0.505,-0.943
2024-06-20 01:00:00,2.878,-0.859,0.826,-1.403
2024-06-20 02:00:00,3.196,-1.757,-1.608,-1.382
2024-06-20 03:00:00,3.588,-2.68,0.586,-0.116
2024-06-20 04:00:00,3.535,-2.232,-0.097,1.938
2024-06-20 05:00:00,4.005,-0.264,2.844,1.291
2024-06-20 06:00:00,3.798,0.249,2.576,0.935
2024-06-20 07:00:00,3.578,-2.049,1.561,0.854
2024-06-20 08:00:00,3.218,-2.913,0.568,0.534
2024-06-20 09:00:00,3.233,-1.688,2.339,0.797
2024-06-20 10:00:00,3.376,-2.44,1.775,0.134
2024-06-20 11:00:00,3.478,-3.119,0.106,-0.419
2024-06-20 12:00:00,3.606,-2.555,-0.516,-2.075
2024-06-20 13:00:00,3.66,-2.67,1.231,-0.926
2024-06-20 14:00:00,4.074,-3.756,-0.215,-1.113
2024-06-20 15:00:00,4.058,-3.821,-0.017,-1.07
2024-06-20 16:00:00,4.074,-3.898,0.195,-0.738
2024-06-20 17:00:00,4.474,-4.158,0.419,-0.964
2024-06-20 18:00:00,4.703,-4.509,0.339,-0.858
2024-06-20 19:00:00,4.128,-3.701,0.812,-0.88
2024-06-20 20:00:00,4.113,-3.934,-0.275,-0.111
2024-06-20 21:00:00,4.344,-4.162,0.037,-0.271
2024-06-20 22:00:00,4.224,-3.974,0.417,0.816
2024-06-20 23:00:00,3.957,-3.452,0.853,1.183
2024-06-21 00:00:00,3.918,-3.109,0.909,1.671
2024-06-21 01:00:00,4.039,-0.673,0.964,3.137
2024-06-21 02:00:00,4.519,0.211,2.68,3.035
2024-06-21 03:00:00,3.858,-2.723,-0.963,1.76
2024-06-21 04:00:00,3.949,-3.391,-0.001,1.062
2024-06-21 05:00:00,4.089,-3.568,-0.17,1.534
2024-06-21 06:00:00,4.132,-3.535,-0.09,1.849
2024-06-21 07:00:00,4.063,-3.543,0.319,1.797
2024-06-21 08:00:00,3.637,-1.756,2.115,0.603
2024-06-21 09:00:00,3.893,-2.977,0.869,2.105
2024-06-21 10:00:00,4.152,-2.863,2.25,1.486
2024-06-21 11:00:00,4.29,-3.497,0.684,2.199
2024-06-21 12:00:00,4.286,-3.684,0.842,1.748
2024-06-21 13:00:00,3.989,-2.636,2.47,0.697
2024-06-21 14:00:00,3.764,-2.807,2.299,0.269
2024-06-21 15:00:00,3.904,-2.961,2.121,0.784
2024-06-21 16:00:00,3.97,-2.811,2.06,1.003
2024-06-21 17:00:00,4.479,-0.77,4.015,-0.168
2024-06-21 18:00:00,4.085,-2.16,2.441,-0.974
2024-06-21 19:00:00,3.877,-1.11,3.322,-0.121
2024-06-21 20:00:00,3.847,0.203,3.413,0.503
2024-06-21 21:00:00,4.749,-1.43,4.042,-1.428
2024-06-21 22:00:00,3.944,-2.457,2.127,-1.297
2024-06-21 23:00:00,3.772,-1.938,2.837,-0.325
2024-06-22 00:00:00,3.703,-2.059,2.664,-0.168
2024-06-22 01:00:00,3.744,0.043,3.343,-0.425
2024-06-22 02:00:00,3.826,-0.321,3.599,0.037
2024-06-22 03:00:00,3.529,-2.26,2.123,1.226
2024-06-22 04:00:00,3.756,-3.042,1.852,0.855
2024-06-22 05:00:00,3.581,-2.41,2.242,1.025
2024-06-22 06:00:00,3.614,-1.768,2.918,0.734
2024-06-22 07:00:00,2.57,-0.603,1.944,-0.029
2024-06-22 08:00:00,2.687,-0.097,2.367,0.592
2024-06-22 09:00:00,2.983,0.536,2.334,1.108
2024-06-22 10:00:00,3.267,-1.812,2.229,1.126
2024-06-22 11:00:00,3.155,-0.721,1.542,2.391
2024-06-22 12:00:00,3.813,2.015,-0.554,1.708
2024-06-22 13:00:00,3.585,0.802,-0.299,0.718
2024-06-22 14:00:00,3.63,0.447,1.534,2.335
2024-06-22 15:00:00,5.021,-2.693,3.766,1.592
2024-06-22 16:00:00,5.221,-1.903,4.352,1.291
2024-06-22 17:00:00,5.026,-2.035,4.152,1.489
2024-06-22 18:00:00,4.801,-2.34,3.547,1.634
2024-06-22 19:00:00,3.713,-2.185,1.902,2.05
2024-06-22 20:00:00,4.177,-2.466,3.066,0.87
2024-06-22 21:00:00,2.321,-1.838,0.827,0.216
2024-06-22 22:00:00,2.685,-1.859,-0.841,-1.412
2024-06-22 23:00:00,3.251,0.985,-1.852,-0.256
2024-06-23 00:00:00,4.118,3.266,0.361,1.589
2024-06-23 01:00:00,2.926,2.093,0.262,1.105
2024-06-23 02:00:00,4.829,0.141,1.244,0.974
2024-06-23 03:00:00,6.196,-3.132,5.153,-0.299
2024-06-23 04:00:00,6.743,1.103,5.939,1.66
2024-06-23 05:00:00,6.075,0.877,2.977,3.968
2024-06-23 06:00:00,7.933,0.09,5.463,-2.176
2024-06-23 07:00:00,10.537,3.463,3.605,-6.866
2024-06-23 08:00:00,10.549,5.487,-3.533,-7.938
2024-06-23 09:00:00,9.943,5.79,-5.598,-4.791
2024-06-23 10:00:00,9.065,4.04,-6.644,2.267
2024-06-23 11:00:00,8.62,3.319,-3.746,1.167
2024-06-23 12:00:00,8.477,4.317,-0.635,6.623
2024-06-23 13:00:00,8.5,3.363,-0.682,6.251
2024-06-23 14:00:00,7.742,2.648,-6.609,1.959
2024-06-23 15:00:00,6.303,1.251,-4.194,-2.825
2024-06-23 16:00:00,6.395,2.912,-2.567,0.408
2024-06-23 17:00:00,5.898,2.221,-4.273,-0.027
2024-06-23 18:00:00,6.459,1.403,-5.655,-1.23
2024-06-23 19:00:00,6.114,-1.268,-5.361,-0.219
2024-06-23 20:00:00,5.697,-1.434,-3.733,1.701
2024-06-23 21:00:00,4.454,-1.449,-1.107,1.547
2024-06-23 22:00:00,4.522,-0.113,-1.677,-2.125
2024-06-23 23:00:00,4.988,1.185,-4.108,1.874
2024-06-24 00:00:00,4.934,2.12,-1.055,3.122
2024-06-24 01:00:00,4.201,0.193,-3.755,1.372
2024-06-24 02:00:00,4.179,1.064,-2.616,2.082
2024-06-24 03:00:00,3.928,1.984,-2.893,1.217
2024-06-24 04:00:00,3.723,0.894,-3.371,0.286
2024-06-24 05:00:00,3.541,0.504,-3.072,0.404
2024-06-24 06:00:00,3.848,1.6,-3.245,0.822
2024-06-24 07:00:00,3.329,1.802,-2.157,1.271
2024-06-24 08:00:00,2.941,0.507,-0.345,2.648
2024-06-24 09:00:00,3.12,1.51,-1.72,0.745
2024-06-24 10:00:00,3.337,2.471,-1.838,0.162
2024-06-24 11:00:00,3.473,2.794,-1.608,0.119
2024-06-24 12:00:00,3.591,3.05,-1.074,0.261
2024-06-24 13:00:00,3.442,2.704,-0.916,-1.686
2024-06-24 14:00:00,3.823,3.353,-0.823,-0.722
2024-06-24 15:00:00,4.049,3.843,-0.671,-0.535
2024-06-24 16:00:00,4.286,3.822,-0.259,0.823
2024-06-24 17:00:00,4.997,1.385,-3.359,2.093
2024-06-24 18:00:00,5.509,0.897,-5.154,1.476
2024-06-24 19:00:00,5.773,0.778,-5.632,0.702
2024-06-24 20:00:00,5.463,0.381,-5.37,0.242
2024-06-24 21:00:00,5.615,1.014,-5.252,1.266
2024-06-24 22:00:00,5.604,1.562,-5.077,0.531
2024-06-24 23:00:00,5.491,1.606,-4.324,2.618
2024-06-25 00:00:00,5.43,1.549,-3.363,0.218
2024-06-25 01:00:00,5.795,4.527,-1.359,-2.702
2024-06-25 02:00:00,6.083,4.224,-2.737,-3.03
2024-06-25 03:00:00,5.969,3.308,1.202,-4.015
2024-06-25 04:00:00,6.204,3.341,0.703,-4.801
2024-06-25 05:00:00,5.97,2.74,0.821,-4.426
2024-06-25 06:00:00,5.622,2.509,1.684,-4.085
2024-06-25 07:00:00,6.615,1.336,-1.47,-4.839
2024-06-25 08:00:00,7.37,-0.008,-4.812,-5.018
2024-06-25 09:00:00,7.615,1.018,-5.974,-2.742
2024-06-25 10:00:00,8.113,0.302,-7.656,-1.225
2024-06-25 11:00:00,7.806,0.662,-7.195,-1.66
2024-06-25 12:00:00,7.303,-0.271,-5.814,1.688
2024-06-25 13:00:00,7.816,1.284,-6.428,-3.802
2024-06-25 14:00:00,7.753,-0.781,-3.838,-4.738
2024-06-25 15:00:00,8.238,1.256,-7.833,-0.974
2024-06-25 16:00:00,8.426,1.983,-6.191,4.381
2024-06-25 17:00:00,9.138,2.053,-8.475,2.275
2024-06-25 18:00:00,8.801,1.683,-5.317,2.873
2024-06-25 19:00:00,8.489,3.033,-4.529,5.326
2024-06-25 20:00:00,9.524,4.135,-4.281,6.828
2024-06-25 21:00:00,9.348,2.492,-5.946,5.759
2024-06-25 22:00:00,10.235,1.761,-5.676,5.881
2024-06-25 23:00:00,11.036,1.741,-9.647,4.709
2024-06-26 00:00:00,11.151,0.453,-10.234,3.899
2024-06-26 01:00:00,10.587,2.314,-7.055,5.202
2024-06-26 02:00:00,10.262,3.053,-4.543,7.708
2024-06-26 03:00:00,11.656,2.819,1.504,10.666
2024-06-26 04:00:00,11.016,3.926,4.771,8.649
2024-06-26 05:00:00,9.915,4.114,8.003,3.273
2024-06-26 06:00:00,8.806,0.732,3.973,-5.681
2024-06-26 07:00:00,7.656,0.147,1.805,-4.526
2024-06-26 08:00:00,7.725,0.887,0.287,-7.512
2024-06-26 09:00:00,6.646,-0.252,-0.62,-6.538
2024-06-26 10:00:00,6.762,-1.771,-3.657,-4.443
2024-06-26 11:00:00,7.222,-2.907,-5.391,-2.092
2024-06-26 12:00:00,5.748,-1.87,-5.125,-0.258
2024-06-26 13:00:00,6.041,-3.212,-4.641,0.62
2024-06-26 14:00:00,6.022,-3.08,-4.545,0.337
2024-06-26 15:00:00,5.906,-3.624,-3.477,-1.339
2024-06-26 16:00:00,3.826,-1.497,-1.499,2.207
2024-06-26 17:00:00,3.844,-2.8,-1.446,1.523
2024-06-26 18:00:00,3.762,-2.744,-1.902,-1.272
2024-06-26 19:00:00,3.818,-1.384,-0.734,-1.07
2024-06-26 20:00:00,4.112,2.286,-0.023,2.587
2024-06-26 21:00:00,4.005,2.961,1.012,1.904
2024-06-26 22:00:00,3.385,2.758,0.167,-1.185
2024-06-26 23:00:00,3.761,3.463,-0.398,-1.077
2024-06-27 00:00:00,4.417,4.278,0.246,-0.595
2024-06-27 01:00:00,4.388,4.121,0.524,0.724
2024-06-27 02:00:00,4.888,4.318,-0.822,1.197
2024-06-27 03:00:00,6.109,3.527,-4.227,0.743
2024-06-27 04:00:00,6.687,2.659,-5.89,-0.396
2024-06-27 05:00:00,6.663,3.273,-3.532,3.901
2024-06-27 06:00:00,7.746,2.761,-5.705,4.063
2024-06-27 07:00:00,8.765,6.043,-4.482,3.909
2024-06-27 08:00:00,9.684,5.997,-5.745,2.517
2024-06-27 09:00:00,10.235,6.404,-7.184,2.304
2024-06-27 10:00:00,12.086,6.333,-8.965,4.874
2024-06-27 11:00:00,12.327,5.965,-9.796,-1.235
2024-06-27 12:00:00,12.502,6.995,-9.973,-2.165
2024-06-27 13:00:00,12.64,7.111,-10.23,-1.75
2024-06-27 14:00:00,11.528,7.115,-7.599,-4.576
2024-06-27 15:00:00,10.27,6.348,-5.322,-5.619
2024-06-27 16:00:00,10.214,4.836,-5.541,-6.84
2024-06-27 17:00:00,9.917,3.37,-6.957,-5.304
2024-06-27 18:00:00,10.538,0.456,-10.309,-1.838
2024-06-27 19:00:00,11.063,4.01,-8.277,-4.522
2024-06-27 20:00:00,10.607,5.488,-5.594,-6.195
2024-06-27 21:00:00,10.152,5.651,-4.218,-6.756
2024-06-27 22:00:00,9.478,5.546,-4.567,-5.506
2024-06-27 23:00:00,9.802,6.847,-3.336,-5.629
2024-06-28 00:00:00,11.313,7.068,-4.982,-7.142
2024-06-28 01:00:00,11.872,6.231,-4.07,-9.056
2024-06-28 02:00:00,11.995,4.145,-4.552,-9.152
2024-06-28 03:00:00,12.653,5.566,-3.695,-10.55
2024-06-28 04:00:00,12.639,8.046,-2.877,-9.168
2024-06-28 05:00:00,12.06,3.662,-8.431,-6.433
2024-06-28 06:00:00,11.445,2.071,-6.135,-9.264
2024-06-28 07:00:00,10.647,2.495,-4.047,-9.36
2024-06-28 08:00:00,10.259,1.765,-4.979,-8.53
2024-06-28 09:00:00,17.891,3.139,-4.152,-16.843
2024-06-28 10:00:00,24.78,0.951,2.838,-19.612
2024-06-28 11:00:00,20.158,-6.809,15.28,-4.331
2024-06-28 12:00:00,14.373,-1.492,-0.791,-6.252
2024-06-28 13:00:00,12.801,1.025,-3.853,6.383
2024-06-28 14:00:00,16.822,2.298,-4.913,9.265
2024-06-28 15:00:00,11.884,-0.958,-0.17,1.339
2024-06-28 16:00:00,14.079,-7.083,9.932,2.54
2024-06-28 17:00:00,7.956,-5.235,2.467,1.111
2024-06-28 18:00:00,7.939,-5.428,-0.13,3.083
2024-06-28 19:00:00,10.357,-5.798,-0.443,5.298
2024-06-28 20:00:00,11.083,-4.291,-1.952,9.527
2024-06-28 21:00:00,9.554,-7.626,-0.9,5.106
2024-06-28 22:00:00,8.369,-7.846,1.471,1.278
2024-06-28 23:00:00,8.349,-2.383,2.505,5.758
2024-06-29 00:00:00,9.324,0.525,-1.629,8.646
2024-06-29 01:00:00,10.605,-0.686,-2.91,10.066
2024-06-29 02:00:00,10.584,-3.596,-0.208,9.235
2024-06-29 03:00:00,9.833,-2.95,-0.396,8.979
2024-06-29 04:00:00,8.957,-5.592,2.544,5.816
2024-06-29 05:00:00,8.884,-6.858,4.99,1.948
2024-06-29 06:00:00,9.048,-7.082,5.217,1.184
2024-06-29 07:00:00,8.731,-6.346,4.853,-2.321
2024-06-29 08:00:00,8.679,-5.557,5.935,-0.26
2024-06-29 09:00:00,8.55,-5.462,5.33,2.672
2024-06-29 10:00:00,8.395,-5.417,4.213,4.391
2024-06-29 11:00:00,8.471,-6.601,2.841,3.51
2024-06-29 12:00:00,8.768,-5.468,4.686,1.253
2024-06-29 13:00:00,8.51,0.261,7.732,0.545
2024-06-29 14:00:00,8.968,-5.387,4.492,2.276
2024-06-29 15:00:00,9.124,-5.327,5.956,-3.689
2024-06-29 16:00:00,9.189,-4.145,6.435,-4.763
2024-06-29 17:00:00,8.745,-5.941,5.365,0.855
2024-06-29 18:00:00,8.95,-5.361,4.729,3.753
2024-06-29 19:00:00,8.867,-3.789,6.791,-0.516
2024-06-29 20:00:00,9.491,-4.408,5.206,-6.106
2024-06-29 21:00:00,9.38,-5.334,4.681,2.93
2024-06-29 22:00:00,9.176,-4.19,3.495,7.07
2024-06-29 23:00:00,8.46,-3.157,1.67,5.294
2024-06-30 00:00:00,8.423,-2.859,4.7,0.022
2024-06-30 01:00:00,8.243,-4.495,4.921,-0.363
2024-06-30 02:00:00,8.763,-3.373,4.939,5.176
2024-06-30 03:00:00,8.623,-4.16,5.357,4.574
2024-06-30 04:00:00,7.939,-4.407,4.904,3.386
2024-06-30 05:00:00,8.03,-3.071,5.011,5.188
2024-06-30 06:00:00,8.134,-3.712,5.64,4.133
2024-06-30 07:00:00,7.299,-3.78,4.433,3.601
2024-06-30 08:00:00,6.69,-4.955,2.11,1.745
2024-06-30 09:00:00,6.656,-4.012,3.605,0.111
2024-06-30 10:00:00,6.819,-3.111,4.306,3.468
2024-06-30 11:00:00,6.636,-4.711,2.876,-0.456
2024-06-30 12:00:00,6.465,-4.969,0.727,-2.836
2024-06-30 13:00:00,7.201,-4.234,1.054,-5.219
2024-06-30 14:00:00,6.886,-3.939,1.238,-4.229
2024-06-30 15:00:00,6.932,-5.328,3.384,-0.643
2024-06-30 16:00:00,6.701,-5.454,3.284,0.149
2024-06-30 17:00:00,6.822,-4.179,4.899,1.223
2024-06-30 18:00:00,6.395,-3.372,3.292,-2.218
2024-06-30 19:00:00,6.231,-4.089,3.449,-0.677
2024-06-30 20:00:00,4.928,-2.366,1.981,-0.503
2024-06-30 21:00:00,5.066,-3.032,1.5,-0.275
2024-06-30 22:00:00,5.047,-1.325,3.32,-0.426
2024-06-30 23:00:00,5.407,-1.192,4.144,1.979
2024-07-01 00:00:00,5.242,-2.425,3.911,0.489
2024-07-01 01:00:00,4.776,-2.463,2.881,1.812
2024-07-01 02:00:00,5.001,-1.874,1.972,-2.009
2024-07-01 03:00:00,4.583,-2.956,1.531,-1.202
2024-07-01 04:00:00,4.432,-1.294,2.961,0.989
2024-07-01 05:00:00,3.894,-0.293,2.791,-0.27
2024-07-01 06:00:00,3.651,-2.344,1.649,-0.374
2024-07-01 07:00:00,3.48,-2.889,0.494,-1.063
2024-07-01 08:00:00,3.37,-2.919,0.413,0.278
2024-07-01 09:00:00,2.897,-1.614,1.076,-0.086
2024-07-01 10:00:00,2.708,-0.032,0.203,-2.088
2024-07-01 11:00:00,2.749,-0.331,-0.839,-2.285
2024-07-01 12:00:00,2.648,-1.196,1.46,-0.769
2024-07-01 13:00:00,2.384,-0.674,1.711,0.074
2024-07-01 14:00:00,2.695,1.446,-0.519,-1.591
2024-07-01 15:00:00,2.483,0.089,0.923,-1.714
2024-07-01 16:00:00,2.388,-0.523,2.047,-0.436
2024-07-01 17:00:00,2.643,0.867,2.031,-0.984
2024-07-01 18:00:00,2.308,-0.895,1.416,-0.146
2024-07-01 19:00:00,2.626,0.234,1.976,-0.663
2024-07-01 20:00:00,2.523,-1.749,1.503,-0.26
2024-07-01 21:00:00,2.679,-1.606,1.302,-1.131
2024-07-01 22:00:00,2.567,-1.591,1.54,0.397
2024-07-01 23:00:00,2.61,-1.292,1.434,1.008
2024-07-02 00:00:00,2.759,-0.742,2.247,-0.871
2024-07-02 01:00:00,2.838,-0.03,1.773,-1.521
2024-07-02 02:00:00,2.843,0.982,1.677,-1.509
2024-07-02 03:00:00,2.987,0.708,1.837,-0.815
2024-07-02 04:00:00,2.704,-1.738,1.63,-0.613
2024-07-02 05:00:00,2.863,-2.399,1.002,-0.324
2024-07-02 06:00:00,2.464,-1.499,1.544,0.187
2024-07-02 07:00:00,3.071,1.003,2.562,-0.625
2024-07-02 08:00:00,3.046,0.596,2.458,-0.373
2024-07-02 09:00:00,3.104,-0.035,2.506,0.135
2024-07-02 10:00:00,3.174,0.486,2.606,0.658
2024-07-02 11:00:00,3.263,-0.248,2.958,-0.297
2024-07-02 12:00:00,3.249,-0.233,2.334,-1.934
2024-07-02 13:00:00,3.55,2.346,2.26,0.323
2024-07-02 14:00:00,3.646,2.58,2.156,-0.237
2024-07-02 15:00:00,3.586,2.396,2.405,-0.499
2024-07-02 16:00:00,3.203,-1.098,1.958,1.362
2024-07-02 17:00:00,3.106,-0.016,2.546,-0.99
2024-07-02 18:00:00,3.443,0.624,2.362,-1.68
2024-07-02 19:00:00,3.355,0.202,2.705,-1.222
2024-07-02 20:00:00,3.518,0.293,2.492,-2.233
2024-07-02 21:00:00,3.554,1.575,2.762,-0.362
2024-07-02 22:00:00,3.668,2.02,1.869,-1.651
2024-07-02 23:00:00,3.563,-0.239,1.626,-2.412
2024-07-03 00:00:00,4.184,-1.807,2.761,1.592
2024-07-03 01:00:00,3.577,-0.272,2.64,2.109
2024-07-03 02:00:00,3.483,-1.009,1.765,0.913
2024-07-03 03:00:00,3.801,-2.906,0.648,-2.033
2024-07-03 04:00:00,3.935,-2.668,-0.013,-2.374
2024-07-03 05:00:00,4.208,-3.874,-0.32,-1.089
2024-07-03 06:00:00,4.32,-4.046,0.058,-0.838
2024-07-03 07:00:00,4.375,-4.014,1.343,-0.601
2024-07-03 08:00:00,4.81,-4.624,-0.055,-0.47
2024-07-03 09:00:00,4.999,-4.601,0.043,1.539
2024-07-03 10:00:00,4.822,-4.429,-0.781,0.365
2024-07-03 11:00:00,4.72,-4.151,-1.359,0.921
2024-07-03 12:00:00,5.059,-2.76,-2.683,1.741
2024-07-03 13:00:00,5.588,-4.683,0.751,2.72
2024-07-03 14:00:00,5.815,-4.798,1.947,2.23
2024-07-03 15:00:00,5.324,-4.252,1.208,2.772
2024-07-03 16:00:00,4.159,-3.006,1.031,2.51
2024-07-03 17:00:00,3.584,-2.394,0.069,2.258
2024-07-03 18:00:00,2.932,-1.716,1.068,1.977
2024-07-03 19:00:00,2.683,-1.937,1.1,1.214
2024-07-03 20:00:00,2.925,-1.426,1.78,1.109
2024-07-03 21:00:00,2.607,0.541,1.579,-0.296
2024-07-03 22:00:00,2.296,-1.452,-0.368,-0.9
2024-07-03 23:00:00,2.911,0.617,-0.189,2.029
2024-07-04 00:00:00,3.833,0.718,2.837,0.901
2024-07-04 01:00:00,5.843,-0.704,5.187,-2.054
2024-07-04 02:00:00,5.74,-1.533,5.116,-1.732
2024-07-04 03:00:00,5.997,-2.986,4.622,-1.242
2024-07-04 04:00:00,6.27,-5.46,2.4,-0.334
2024-07-04 05:00:00,6.596,-5.081,3.573,-1.356
2024-07-04 06:00:00,6.439,-5.545,1.857,2.104
2024-07-04 07:00:00,6.372,-5.108,0.698,3.521
2024-07-04 08:00:00,6.215,-3.798,3.353,-1.671
2024-07-04 09:00:00,7.432,-4.019,4.883,1.142
2024-07-04 10:00:00,8.965,0.018,7.67,-3.875
2024-07-04 11:00:00,9.132,0.149,7.769,-4.725
2024-07-04 12:00:00,8.315,-0.759,6.924,-3.93
2024-07-04 13:00:00,5.057,-2.358,2.946,-1.059
2024-07-04 14:00:00,4.148,-3.227,-0.92,0.787
2024-07-04 15:00:00,3.547,-0.827,0.252,-0.738
2024-07-04 16:00:00,6.18,1.476,-2.365,4.286
2024-07-04 17:00:00,8.061,0.699,-1.489,3.972
2024-07-04 18:00:00,9.192,-3.203,7.189,-1.49
2024-07-04 19:00:00,9.226,-2.059,7.707,3.289
2024-07-04 20:00:00,6.791,-3.963,2.808,-0.702
2024-07-04 21:00:00,6.301,-4.366,4.333,-0.066
2024-07-04 22:00:00,6.978,-3.231,5.554,1.419
2024-07-04 23:00:00,5.44,-2.479,4.111,-1.105
2024-07-05 00:00:00,4.249,-1.837,3.397,-1.224
2024-07-05 01:00:00,5.308,-2.099,4.157,-1.642
2024-07-05 02:00:00,5.116,-2.494,3.311,-1.512
2024-07-05 03:00:00,9.106,-2.231,6.412,5.659
2024-07-05 04:00:00,10.125,-2.766,7.416,6.14
2024-07-05 05:00:00,11.524,-3.673,7.424,7.937
2024-07-05 06:00:00,11.41,-3.672,8.422,6.678
2024-07-05 07:00:00,11.168,-4.452,8.166,6.115
2024-07-05 08:00:00,10.581,-4.61,7.243,6.038
2024-07-05 09:00:00,10.321,-5.801,5.436,6.176
2024-07-05 10:00:00,8.281,-2.752,5.288,0.087
2024-07-05 11:00:00,3.793,-1.456,2.876,0.036
2024-07-05 12:00:00,4.211,-2.288,3.01,1.326
2024-07-05 13:00:00,6.133,-2.546,5.016,1.782
2024-07-05 14:00:00,8.141,-2.74,7.235,2.137
2024-07-05 15:00:00,7.075,-3.831,5.043,-2.375
2024-07-05 16:00:00,6.992,-4.562,4.883,-1.201
2024-07-05 17:00:00,7.089,-4.336,5.327,0.469
2024-07-05 18:00:00,6.807,-1.779,5.413,2.685
2024-07-05 19:00:00,6.674,-4.154,4.233,0.634
2024-07-05 20:00:00,6.352,-4.756,3.922,0.653
2024-07-05 21:00:00,5.905,-4.543,2.804,0.891
2024-07-05 22:00:00,4.62,-3.891,-0.029,0.248
2024-07-05 23:00:00,4.754,-3.758,-2.569,0.18
2024-07-06 00:00:00,5.706,-5.007,0.888,0.939
2024-07-06 01:00:00,6.184,-4.311,3.051,2.952
2024-07-06 02:00:00,6.479,-3.301,4.323,3.199
2024-07-06 03:00:00,6.517,-3.443,4.897,0.743
2024-07-06 04:00:00,6.214,-4.259,4.231,-0.134
2024-07-06 05:00:00,6.388,-4.367,3.822,2.27
2024-07-06 06:00:00,6.254,-3.606,1.948,4.432
2024-07-06 07:00:00,6.171,-3.74,1.667,3.969
2024-07-06 08:00:00,5.434,-4.023,1.592,3.034
2024-07-06 09:00:00,4.512,-3.383,-0.408,1.779
2024-07-06 10:00:00,5.264,-4.173,1.23,2.535
2024-07-06 11:00:00,5.721,-5.161,1.315,1.377
2024-07-06 12:00:00,5.707,-4.578,3.012,0.896
2024-07-06 13:00:00,5.686,-4.416,2.318,2.525
2024-07-06 14:00:00,5.4,-4.506,1.989,1.973
2024-07-06 15:00:00,5.575,-5.025,1.764,1.012
2024-07-06 16:00:00,5.709,-5.351,1.684,0.038
2024-07-06 17:00:00,5.996,-5.712,1.213,0.603
2024-07-06 18:00:00,6.274,-6.083,0.503,0.753
2024-07-06 19:00:00,6.598,-6.238,1.776,-0.17
2024-07-06 20:00:00,6.717,-5.666,2.764,-2.027
2024-07-06 21:00:00,6.78,-5.889,2.75,-1.224
2024-07-06 22:00:00,6.308,-4.502,-0.787,-3.257
2024-07-06 23:00:00,6.908,-5.9,0.529,-1.124
2024-07-07 00:00:00,7.197,-4.227,2.975,3.295
2024-07-07 01:00:00,7.152,-2.743,3.544,4.99
2024-07-07 02:00:00,6.358,-5.289,3.062,-0.083
2024-07-07 03:00:00,6.752,-3.324,2.95,4.058
2024-07-07 04:00:00,6.651,-1.961,1.348,2.704
2024-07-07 05:00:00,6.859,-4.738,4.409,-2.042
2024-07-07 06:00:00,6.65,-4.417,4.528,0.583
2024-07-07 07:00:00,7.058,-2.952,5.356,3.318
2024-07-07 08:00:00,6.771,-4.118,5.03,1.441
2024-07-07 09:00:00,6.398,-3.307,4.7,2.292
2024-07-07 10:00:00,6.909,-2.385,5.609,2.979
2024-07-07 11:00:00,7.05,-4.449,4.783,1.915
2024-07-07 12:00:00,5.471,-1.961,3.293,1.41
2024-07-07 13:00:00,5.817,-2.617,4.422,2.073
2024-07-07 14:00:00,4.814,-2.504,3.638,0.977
2024-07-07 15:00:00,6.142,-4.663,3.801,0.22
2024-07-07 16:00:00,6.569,-4.195,4.192,1.991
2024-07-07 17:00:00,6.986,-2.957,2.683,-0.035
2024-07-07 18:00:00,5.259,3.062,-0.861,3.361
2024-07-07 19:00:00,5.606,-1.974,-0.48,-1.592
2024-07-07 20:00:00,7.061,-5.514,-0.051,-4.288
2024-07-07 21:00:00,6.292,-5.482,1.7,-2.271
2024-07-07 22:00:00,5.091,-2.805,2.084,1.006
2024-07-07 23:00:00,3.279,-2.149,1.016,-0.121
2024-07-08 00:00:00,4.499,-3.704,0.362,-2.023
2024-07-08 01:00:00,5.221,-4.659,-0.366,-1.679
2024-07-08 02:00:00,5.62,-4.691,2.159,-0.194
2024-07-08 03:00:00,5.688,-3.635,3.652,-0.921
2024-07-08 04:00:00,5.118,-2.789,3.269,1.435
2024-07-08 05:00:00,6.861,-2.912,6.024,0.224
2024-07-08 06:00:00,6.931,-1.933,6.255,1.735
2024-07-08 07:00:00,6.921,-0.717,4.819,-2.296
2024-07-08 08:00:00,8.735,1.458,7.758,1.782
2024-07-08 09:00:00,9.178,1.323,7.399,-4.694
2024-07-08 10:00:00,10.462,1.686,9.261,3.638
2024-07-08 11:00:00,8.144,-0.186,-3.175,0.637
2024-07-08 12:00:00,7.502,-1.375,-6.678,-2.786
2024-07-08 13:00:00,3.74,-0.842,-1.392,-1.426
2024-07-08 14:00:00,3.613,-2.317,-0.424,-0.419
2024-07-08 15:00:00,4.601,-4.304,0.338,1.192
2024-07-08 16:00:00,4.316,-3.632,1.501,0.094
2024-07-08 17:00:00,4.446,-3.466,2.087,-1.508
2024-07-08 18:00:00,3.535,-2.109,1.368,-2.162
2024-07-08 19:00:00,3.032,0.707,-0.336,-0.825
2024-07-08 20:00:00,2.359,-1.916,0.483,0.747
2024-07-08 21:00:00,2.304,-0.691,0.742,-0.909
2024-07-08 22:00:00,3.797,0.104,-0.585,-0.742
2024-07-08 23:00:00,3.983,1.188,-1.908,0.014
2024-07-09 00:00:00,4.47,1.577,-2.741,0.645
2024-07-09 01:00:00,4.699,-0.251,-3.732,-1.644
2024-07-09 02:00:00,4.834,0.81,-4.197,-0.778
2024-07-09 03:00:00,5.102,2.182,-3.766,-1.227
2024-07-09 04:00:00,5.413,2.724,-4.265,-1.156
2024-07-09 05:00:00,5.706,1.532,-5.283,0.877
2024-07-09 06:00:00,4.877,1.693,-1.671,-0.18
2024-07-09 07:00:00,4.051,2.976,-0.608,-0.421
2024-07-09 08:00:00,3.512,-0.21,1.685,-1.871
2024-07-09 09:00:00,4.305,1.159,3.025,-2.189
2024-07-09 10:00:00,5.329,0.792,4.62,-1.03
2024-07-09 11:00:00,5.163,2.379,0.762,-2.566
2024-07-09 12:00:00,5.329,0.841,1.55,1.967
2024-07-09 13:00:00,4.618,1.314,-3.867,0.616
2024-07-09 14:00:00,4.792,1.051,-4.188,-0.336
2024-07-09 15:00:00,4.324,3.241,-1.37,-0.333
2024-07-09 16:00:00,4.189,2.53,-1.273,-1.154
2024-07-09 17:00:00,4.818,0.689,-3.417,1.493
2024-07-09 18:00:00,5.256,1.631,-4.255,0.011
2024-07-09 19:00:00,5.029,1.71,-3.798,0.851
2024-07-09 20:00:00,4.972,3.594,-2.169,-1.899
2024-07-09 21:00:00,5.335,1.086,-2.245,-0.997
2024-07-09 22:00:00,4.904,1.658,1.515,-2.779
2024-07-09 23:00:00,4.571,1.208,-1.332,-2.084
2024-07-10 00:00:00,4.458,2.98,-1.072,1.152
2024-07-10 01:00:00,4.466,2.214,3.119,1.204
2024-07-10 02:00:00,4.966,2.127,3.731,1.174
2024-07-10 03:00:00,5.057,2.24,2.969,-0.386
2024-07-10 04:00:00,4.776,3.964,1.343,-0.129
2024-07-10 05:00:00,4.858,3.529,2.168,-0.02
2024-07-10 06:00:00,5.172,0.067,-3.072,0.063
2024-07-10 07:00:00,5.614,-0.04,-4.821,-0.168
2024-07-10 08:00:00,5.67,-1.903,-4.655,1.452
2024-07-10 09:00:00,5.617,-1.197,-4.263,0.368
2024-07-10 10:00:00,5.181,0.462,-4.01,-1.406
2024-07-10 11:00:00,4.848,-1.076,-3.486,0.205
2024-07-10 12:00:00,4.811,-0.273,-3.93,-0.277
2024-07-10 13:00:00,4.255,2.758,-0.909,0.52
2024-07-10 14:00:00,4.549,2.138,-2.021,-0.271
2024-07-10 15:00:00,4.626,0.553,-3.384,1.178
2024-07-10 16:00:00,4.714,1.669,-4.018,0.868
2024-07-10 17:00:00,4.827,4.056,-2.173,-0.427
2024-07-10 18:00:00,4.564,1.969,-3.408,-0.766
2024-07-10 19:00:00,4.56,2.039,-2.417,-2.609
2024-07-10 20:00:00,4.508,0.963,-2.56,-1.567
2024-07-10 21:00:00,4.582,1.295,-2.6,-3.069
2024-07-10 22:00:00,4.604,1.469,-0.9,-3.797
2024-07-10 23:00:00,4.425,1.474,-3.019,0.969
2024-07-11 00:00:00,4.388,2.011,-2.921,1.698
2024-07-11 01:00:00,4.513,3.765,0.049,-1.378
2024-07-11 02:00:00,4.639,3.708,-0.007,-1.897
2024-07-11 03:00:00,4.614,4.065,0.286,-1.462
2024-07-11 04:00:00,4.466,3.587,-0.615,-1.927
2024-07-11 05:00:00,4.25,2.994,-1.845,-1.136
2024-07-11 06:00:00,4.09,3.574,-1.047,-0.173
2024-07-11 07:00:00,4.202,0.526,-3.644,-0.935
2024-07-11 08:00:00,4.319,1.801,-1.536,1.468
2024-07-11 09:00:00,4.52,3.107,0.391,2.251
2024-07-11 10:00:00,4.36,2.34,-0.375,2.594
2024-07-11 11:00:00,4.245,3.285,0.369,0.815
2024-07-11 12:00:00,4.525,3.249,-1.163,-0.635
2024-07-11 13:00:00,4.841,-2.348,-3.371,1.107
2024-07-11 14:00:00,4.318,0.815,-3.161,-1.417
2024-07-11 15:00:00,4.746,2.459,-0.972,-0.662
2024-07-11 16:00:00,4.794,1.724,-3.105,-1.13
2024-07-11 17:00:00,5.35,-0.154,-5.028,-0.645
2024-07-11 18:00:00,5.488,1.342,-4.275,-1.861
2024-07-11 19:00:00,5.221,2.744,-1.971,-2.924
2024-07-11 20:00:00,5.113,1.807,-2.157,-1.242
2024-07-11 21:00:00,5.257,0.173,-4.261,1.113
2024-07-11 22:00:00,5.235,0.849,-2.101,-4.063
2024-07-11 23:00:00,4.752,0.612,-3.391,-2.35
2024-07-12 00:00:00,4.509,1.858,-2.553,-1.448
2024-07-12 01:00:00,4.993,2.018,-1.92,1.318
2024-07-12 02:00:00,5.145,1.728,-2.855,2.507
2024-07-12 03:00:00,5.429,3.264,-2.924,-2.222
2024-07-12 04:00:00,5.518,1.679,-2.475,-4.438
2024-07-12 05:00:00,5.144,2.495,-2.96,-2.102
2024-07-12 06:00:00,4.415,1.528,-2.6,-2.501
2024-07-12 07:00:00,4.65,0.715,-1.64,-1.671
2024-07-12 08:00:00,4.573,3.579,0.753,2.071
2024-07-12 09:00:00,4.247,2.819,-1.803,-0.047
2024-07-12 10:00:00,4.948,4.42,-1.383,0.875
2024-07-12 11:00:00,5.645,4.208,-1.236,3.35
2024-07-12 12:00:00,5.543,3.424,-0.573,3.962
2024-07-12 13:00:00,5.978,2.982,-0.647,4.093
2024-07-12 14:00:00,5.749,3.644,-1.268,1.454
2024-07-12 15:00:00,6.02,2.385,-0.813,2.426
2024-07-12 16:00:00,6.353,4.948,-3.324,1.763
2024-07-12 17:00:00,6.275,4.344,-3.652,1.809
2024-07-12 18:00:00,6.008,4.683,-3.549,0.273
2024-07-12 19:00:00,6.071,5.096,-2.761,1.471
2024-07-12 20:00:00,5.788,3.954,-4.021,-0.32
2024-07-12 21:00:00,5.965,4.516,-3.218,0.318
2024-07-12 22:00:00,5.906,4.291,-2.796,1.486
2024-07-12 23:00:00,6.013,4.553,-3.679,0.452
2024-07-13 00:00:00,5.971,4.631,-3.312,-1.324
2024-07-13 01:00:00,5.905,4.348,-3.41,-0.869
2024-07-13 02:00:00,6.169,2.498,-5.214,1.623
2024-07-13 03:00:00,6.031,4.019,-4.06,1.175
2024-07-13 04:00:00,6.071,4.374,-3.237,1.69
2024-07-13 05:00:00,6.099,4.486,-3.346,-0.571
2024-07-13 06:00:00,6.157,4.772,-3.553,-0.997
2024-07-13 07:00:00,6.132,5.129,-3.192,-0.472
2024-07-13 08:00:00,6.287,5.333,-2.837,-0.977
2024-07-13 09:00:00,6.399,5.626,-2.662,-0.957
2024-07-13 10:00:00,6.378,5.383,-3.167,-0.774
2024-07-13 11:00:00,6.471,4.651,-4.19,-1.094
2024-07-13 12:00:00,6.53,3.821,-4.689,-1.979
2024-07-13 13:00:00,6.453,3.221,-5.205,-1.823
2024-07-13 14:00:00,6.338,4.773,-3.793,-0.446
2024-07-13 15:00:00,6.3,4.74,-3.786,-1.317
2024-07-13 16:00:00,6.42,4.951,-3.619,-1.634
2024-07-13 17:00:00,6.264,4.521,-3.924,-1.577
2024-07-13 18:00:00,5.147,2.774,-2.867,-0.995
2024-07-13 19:00:00,5.259,-4.004,-2.782,1.055
2024-07-13 20:00:00,5.297,-3.221,-4.065,0.305
2024-07-13 21:00:00,5.028,-3.28,-3.662,-0.425
2024-07-13 22:00:00,5.295,-3.062,-3.73,-1.083
2024-07-13 23:00:00,4.951,1.5,-3.757,-2.175
2024-07-14 00:00:00,5.189,3.372,-3.665,-1.226
2024-07-14 01:00:00,5.452,4.259,-2.567,-2.009
2024-07-14 02:00:00,5.421,4.965,-1.065,-1.689
2024-07-14 03:00:00,6.894,6.119,-2.01,-2.253
2024-07-14 04:00:00,6.604,6.147,-1.128,-1.712
2024-07-14 05:00:00,4.424,2.167,3.164,-0.084
2024-07-14 06:00:00,5.804,0.192,5.326,1.897
2024-07-14 07:00:00,5.763,0.999,5.447,0.6
2024-07-14 08:00:00,6.064,0.382,5.795,1.309
2024-07-14 09:00:00,5.868,0.565,5.027,2.288
2024-07-14 10:00:00,5.663,3.454,-1.315,-3.919
2024-07-14 11:00:00,2.791,1.366,0.274,-0.981
2024-07-14 12:00:00,2.135,-0.837,1.706,0.385
2024-07-14 13:00:00,2.034,-0.747,1.261,0.675
2024-07-14 14:00:00,2.406,-1.231,1.051,0.463
2024-07-14 15:00:00,2.071,-0.72,1.308,-0.425
2024-07-14 16:00:00,2.634,0.342,-1.488,-1.086
2024-07-14 17:00:00,2.956,-2.071,-1.411,0.098
2024-07-14 18:00:00,5.339,-0.741,-4.492,-1.266
2024-07-14 19:00:00,5.335,-0.018,-5.06,-1.251
2024-07-14 20:00:00,4.8,-1.548,-3.923,0.184
2024-07-14 21:00:00,5.23,-3.23,0.728,3.194
2024-07-14 22:00:00,4.939,-1.946,3.218,2.916
2024-07-14 23:00:00,4.636,-1.78,3.695,0.927
2024-07-15 00:00:00,2.65,0.435,1.929,-0.887
2024-07-15 01:00:00,1.733,-1.139,-0.249,-0.876
2024-07-15 02:00:00,2.019,-1.434,0.048,-1.069
2024-07-15 03:00:00,3.609,2.004,-0.0,-1.168
2024-07-15 04:00:00,4.028,2.806,-0.916,-2.316
2024-07-15 05:00:00,4.434,0.491,-1.601,-1.626
2024-07-15 06:00:00,4.935,-3.257,-1.011,1.3
2024-07-15 07:00:00,3.703,-0.501,2.692,1.88
2024-07-15 08:00:00,2.89,0.079,2.554,0.843
2024-07-15 09:00:00,2.758,-0.475,2.139,1.34
2024-07-15 10:00:00,2.353,-0.35,1.497,1.553
2024-07-15 11:00:00,2.315,0.514,1.808,0.486
2024-07-15 12:00:00,2.835,0.576,2.027,-1.52
2024-07-15 13:00:00,3.85,1.406,2.611,-2.11
2024-07-15 14:00:00,3.587,1.597,2.208,-2.07
2024-07-15 15:00:00,3.479,-0.982,-0.655,-2.771
2024-07-15 16:00:00,4.493,-2.258,-1.285,-3.548
2024-07-15 17:00:00,3.609,-1.036,-1.53,-2.913
2024-07-15 18:00:00,3.053,0.369,-0.367,-0.684
2024-07-15 19:00:00,4.403,-1.133,2.934,2.715
2024-07-15 20:00:00,5.433,-2.684,2.849,3.659
2024-07-15 21:00:00,6.1,-2.725,-1.773,0.841
2024-07-15 22:00:00,10.479,-3.234,-7.479,-6.37
2024-07-15 23:00:00,11.233,-4.698,-7.978,-5.959
2024-07-16 00:00:00,12.807,-6.746,-9.786,-4.376
2024-07-16 01:00:00,12.777,-7.743,-9.87,-1.738
2024-07-16 02:00:00,13.017,-8.96,-8.797,2.922
2024-07-16 03:00:00,14.17,-8.731,-9.783,4.492
2024-07-16 04:00:00,17.053,-5.901,-15.815,-0.459
2024-07-16 05:00:00,17.045,-7.309,-15.273,-0.361
2024-07-16 06:00:00,16.401,-8.223,-14.12,0.632
2024-07-16 07:00:00,16.136,-8.829,-13.014,3.243
2024-07-16 08:00:00,16.056,-4.823,-13.203,7.572
2024-07-16 09:00:00,14.987,-6.619,-10.41,8.418
2024-07-16 10:00:00,14.315,-6.172,-9.318,8.461
2024-07-16 11:00:00,14.295,-5.098,-8.303,9.197
2024-07-16 12:00:00,13.743,-3.949,-10.661,7.365
2024-07-16 13:00:00,13.565,-5.08,-8.199,9.254
2024-07-16 14:00:00,13.327,-6.372,-4.23,10.621
2024-07-16 15:00:00,13.68,-6.999,1.356,11.593
2024-07-16 16:00:00,7.996,-1.496,5.03,2.697
2024-07-16 17:00:00,9.078,-3.712,5.976,5.517
2024-07-16 18:00:00,8.311,-1.244,2.023,7.494
2024-07-16 19:00:00,8.541,-4.773,4.821,1.122
2024-07-16 20:00:00,8.157,-4.266,5.691,0.52
2024-07-16 21:00:00,8.098,-6.075,3.952,3.216
2024-07-16 22:00:00,8.25,-6.835,2.962,3.403
2024-07-16 23:00:00,7.564,-7.145,1.99,0.73
2024-07-17 00:00:00,7.756,-7.046,2.48,1.801
2024-07-17 01:00:00,7.64,-6.112,3.74,2.264
2024-07-17 02:00:00,7.064,-5.97,3.128,0.041
2024-07-17 03:00:00,7.33,-5.507,3.145,-2.082
2024-07-17 04:00:00,7.431,-3.465,4.991,1.89
2024-07-17 05:00:00,7.2,-4.332,4.869,0.745
2024-07-17 06:00:00,6.438,-4.198,0.481,4.017
2024-07-17 07:00:00,6.302,-3.609,3.425,1.907
2024-07-17 08:00:00,6.319,-4.026,4.502,-0.804
2024-07-17 09:00:00,6.216,-3.251,4.172,-1.25
2024-07-17 10:00:00,6.536,-3.197,5.048,-1.666
2024-07-17 11:00:00,6.222,-3.522,3.73,-2.944
2024-07-17 12:00:00,5.814,-3.609,3.629,-1.704
2024-07-17 13:00:00,5.317,-1.045,4.355,-1.968
2024-07-17 14:00:00,4.685,-3.477,2.266,1.651
2024-07-17 15:00:00,5.065,-4.047,2.469,-0.815
2024-07-17 16:00:00,4.87,-4.047,1.56,-1.945
2024-07-17 17:00:00,4.962,-3.981,0.609,-2.685
2024-07-17 18:00:00,4.078,-1.891,1.739,0.094
2024-07-17 19:00:00,4.675,1.902,3.875,0.468
2024-07-17 20:00:00,4.769,0.41,4.063,0.102
2024-07-17 21:00:00,4.754,1.123,3.491,1.46
2024-07-17 22:00:00,4.966,2.139,3.286,2.766
2024-07-17 23:00:00,4.61,1.55,3.989,1.153
2024-07-18 00:00:00,4.49,-0.103,2.94,2.593
2024-07-18 01:00:00,4.343,0.28,3.284,2.547
2024-07-18 02:00:00,4.503,-0.745,2.585,2.758
2024-07-18 03:00:00,4.429,-1.066,3.541,1.018
2024-07-18 04:00:00,4.419,0.154,3.086,2.097
2024-07-18 05:00:00,4.473,1.227,4.023,1.217
2024-07-18 06:00:00,4.415,1.482,3.911,-0.213
2024-07-18 07:00:00,4.293,0.848,3.828,0.824
2024-07-18 08:00:00,3.855,-1.203,2.402,1.555
2024-07-18 09:00:00,4.514,2.69,3.421,0.599
2024-07-18 10:00:00,4.257,2.249,2.467,0.522
2024-07-18 11:00:00,4.43,1.115,3.785,-0.186
2024-07-18 12:00:00,4.466,1.005,3.769,-1.614
2024-07-18 13:00:00,4.388,-0.188,3.925,-1.113
2024-07-18 14:00:00,3.955,-1.145,3.164,0.057
2024-07-18 15:00:00,4.475,-3.687,1.491,1.202
2024-07-18 16:00:00,5.109,-1.882,3.408,0.659
2024-07-18 17:00:00,4.861,-3.21,1.753,2.748
2024-07-18 18:00:00,4.875,-3.406,1.468,2.936
2024-07-18 19:00:00,4.78,-3.683,2.162,1.844
2024-07-18 20:00:00,4.387,-3.262,2.441,0.855
2024-07-18 21:00:00,3.906,-2.909,1.109,1.917
2024-07-18 22:00:00,4.19,-3.657,1.191,1.161
2024-07-18 23:00:00,3.929,-3.259,2.014,-0.146
2024-07-19 00:00:00,4.333,-3.154,2.55,-1.123
2024-07-19 01:00:00,4.648,-3.032,3.262,-0.919
2024-07-19 02:00:00,4.91,-2.845,3.649,-1.036
2024-07-19 03:00:00,4.575,-2.901,2.912,-0.252
2024-07-19 04:00:00,3.5,-0.006,2.081,-2.066
2024-07-19 05:00:00,4.023,2.275,0.76,-3.094
2024-07-19 06:00:00,4.19,2.616,0.409,-3.153
2024-07-19 07:00:00,3.727,2.914,0.047,-1.974
2024-07-19 08:00:00,3.755,3.31,-1.288,-0.293
2024-07-19 09:00:00,4.479,2.322,-3.5,0.45
2024-07-19 10:00:00,4.513,-0.827,-0.369,2.476
2024-07-19 11:00:00,3.58,-1.219,1.654,2.053
2024-07-19 12:00:00,3.187,-0.866,-0.654,2.398
2024-07-19 13:00:00,3.128,0.123,-0.73,2.644
2024-07-19 14:00:00,3.87,-2.127,-0.809,2.611
2024-07-19 15:00:00,4.461,-0.559,-3.198,1.617
2024-07-19 16:00:00,6.033,1.176,-5.537,0.61
2024-07-19 17:00:00,6.101,3.663,-2.393,-3.233
2024-07-19 18:00:00,6.044,1.387,-4.351,-1.107
2024-07-19 19:00:00,5.579,0.159,-4.171,2.391
2024-07-19 20:00:00,5.017,-0.786,-1.096,1.959
2024-07-19 21:00:00,5.067,-0.814,-3.808,1.746
2024-07-19 22:00:00,5.43,-1.216,-3.886,2.824
2024-07-19 23:00:00,6.441,1.062,-5.422,0.901
2024-07-20 00:00:00,5.661,-1.278,-2.132,3.471
2024-07-20 01:00:00,5.654,1.617,-4.05,0.831
2024-07-20 02:00:00,3.321,0.114,0.97,-1.308
2024-07-20 03:00:00,4.641,-1.928,2.646,1.3
2024-07-20 04:00:00,5.603,-3.165,2.626,3.44
2024-07-20 05:00:00,4.514,0.733,2.1,-1.078
2024-07-20 06:00:00,5.317,3.579,1.394,-2.947
2024-07-20 07:00:00,5.805,1.081,3.743,0.748
2024-07-20 08:00:00,8.654,8.341,-0.185,-0.826
2024-07-20 09:00:00,8.632,7.159,-2.148,3.873
2024-07-20 10:00:00,6.531,4.037,-3.668,3.092
2024-07-20 11:00:00,4.961,1.39,-1.558,3.747
2024-07-20 12:00:00,4.941,0.132,0.5,4.596
2024-07-20 13:00:00,4.525,-0.31,-2.518,2.58
2024-07-20 14:00:00,5.526,0.568,-4.08,-3.244
2024-07-20 15:00:00,4.516,-0.343,-2.89,0.649
2024-07-20 16:00:00,5.463,-1.537,-4.512,1.981
2024-07-20 17:00:00,5.892,-0.712,-5.771,0.092
2024-07-20 18:00:00,5.897,-0.199,-5.634,-1.124
2024-07-20 19:00:00,5.834,-2.412,-4.75,1.795
2024-07-20 20:00:00,4.753,-1.482,-4.148,0.853
2024-07-20 21:00:00,5.335,-0.358,-5.219,-0.38
2024-07-20 22:00:00,5.07,0.525,-4.717,-1.203
2024-07-20 23:00:00,4.394,0.41,-4.086,-1.149
2024-07-21 00:00:00,4.057,0.939,-3.709,-1.093
2024-07-21 01:00:00,3.636,1.515,-3.15,-0.597
2024-07-21 02:00:00,3.395,0.821,-2.875,0.86
2024-07-21 03:00:00,3.442,0.849,-3.021,1.172
2024-07-21 04:00:00,3.05,0.818,-2.747,0.688
2024-07-21 05:00:00,2.829,1.175,-1.865,1.462
2024-07-21 06:00:00,2.803,1.543,-1.842,1.219
2024-07-21 07:00:00,2.668,1.935,-1.403,0.79
2024-07-21 08:00:00,3.096,2.417,-1.704,0.48
2024-07-21 09:00:00,3.319,1.746,-2.621,0.258
2024-07-21 10:00:00,3.817,1.188,-3.459,0.519
2024-07-21 11:00:00,3.105,-1.075,-2.742,0.085
2024-07-21 12:00:00,2.154,-0.942,-1.579,-0.676
2024-07-21 13:00:00,2.411,-1.676,-1.005,-1.046
2024-07-21 14:00:00,3.505,-1.44,1.281,-1.018
2024-07-21 15:00:00,4.698,-1.089,4.328,-0.933
2024-07-21 16:00:00,4.787,1.928,0.419,-3.747
2024-07-21 17:00:00,4.982,1.632,1.356,-4.45
2024-07-21 18:00:00,5.005,1.974,1.764,-4.155
2024-07-21 19:00:00,4.622,0.595,1.851,-3.901
2024-07-21 20:00:00,4.709,-0.306,2.667,-3.722
2024-07-21 21:00:00,4.863,0.715,2.73,-3.883
2024-07-21 22:00:00,4.728,-0.246,2.299,-3.991
2024-07-21 23:00:00,4.933,-1.075,2.499,-3.92
2024-07-22 00:00:00,4.824,-0.56,1.333,-4.513
2024-07-22 01:00:00,4.67,-0.233,2.089,-3.913
2024-07-22 02:00:00,5.292,-0.321,2.147,-4.577
2024-07-22 03:00:00,5.468,2.197,2.791,-4.035
2024-07-22 04:00:00,5.285,-1.461,2.388,-4.336
2024-07-22 05:00:00,5.453,-1.529,2.051,-4.692
2024-07-22 06:00:00,5.181,-0.296,2.338,-4.486
2024-07-22 07:00:00,6.324,0.962,3.158,-5.287
2024-07-22 08:00:00,6.474,1.859,3.957,-4.701
2024-07-22 09:00:00,6.528,2.276,3.92,-4.548
2024-07-22 10:00:00,6.242,2.257,3.008,-4.807
2024-07-22 11:00:00,6.23,0.489,3.416,-4.79
2024-07-22 12:00:00,6.613,-1.301,1.567,-6.137
2024-07-22 13:00:00,6.715,0.698,2.859,-5.712
2024-07-22 14:00:00,7.29,0.494,3.212,-6.457
2024-07-22 15:00:00,7.458,0.244,5.179,-5.13
2024-07-22 16:00:00,7.994,0.403,6.259,-4.647
2024-07-22 17:00:00,9.736,1.531,6.58,-6.781
2024-07-22 18:00:00,8.953,-0.164,5.337,-6.667
2024-07-22 19:00:00,7.282,-1.106,1.94,-6.415
2024-07-22 20:00:00,6.815,-2.348,0.065,-6.122
2024-07-22 21:00:00,5.599,-2.187,0.843,-4.832
2024-07-22 22:00:00,5.311,-1.932,-0.03,1.654
2024-07-22 23:00:00,4.69,-1.255,-0.473,4.195
2024-07-23 00:00:00,4.68,-0.555,-0.443,4.374
2024-07-23 01:00:00,4.679,-0.715,0.576,4.124
2024-07-23 02:00:00,4.276,-1.918,1.646,2.827
2024-07-23 03:00:00,4.356,0.178,3.022,2.76
2024-07-23 04:00:00,5.221,-0.352,0.34,4.896
2024-07-23 05:00:00,5.017,-1.009,-3.479,2.523
2024-07-23 06:00:00,4.824,-0.498,-3.268,2.628
2024-07-23 07:00:00,4.476,0.136,-2.787,3.206
2024-07-23 08:00:00,3.445,-1.615,0.731,2.408
2024-07-23 09:00:00,3.34,-1.079,-0.205,2.758
2024-07-23 10:00:00,3.588,-1.465,-0.539,1.904
2024-07-23 11:00:00,4.459,-2.317,-1.298,3.322
2024-07-23 12:00:00,5.537,-3.115,-2.725,2.92
2024-07-23 13:00:00,6.172,-4.362,-3.904,1.147
2024-07-23 14:00:00,6.648,-3.927,-3.54,3.75
2024-07-23 15:00:00,6.305,-4.118,-3.415,3.196
2024-07-23 16:00:00,6.302,-4.807,-3.027,2.445
2024-07-23 17:00:00,6.031,-4.775,-2.713,2.195
2024-07-23 18:00:00,5.988,-5.024,-2.209,2.204
2024-07-23 19:00:00,7.309,-6.084,-2.604,2.685
2024-07-23 20:00:00,15.456,-13.086,-3.529,5.858
2024-07-23 21:00:00,15.607,-8.507,-9.856,7.544
2024-07-23 22:00:00,17.952,-8.229,-12.414,9.471
2024-07-23 23:00:00,16.362,-2.672,-12.936,7.968
2024-07-24 00:00:00,17.756,-4.08,-14.326,9.017
2024-07-24 01:00:00,16.356,0.915,-14.889,5.993
2024-07-24 02:00:00,17.068,4.148,-15.047,6.109
2024-07-24 03:00:00,16.928,7.197,-14.652,4.004
2024-07-24 04:00:00,15.406,6.808,-13.45,2.596
2024-07-24 05:00:00,14.769,7.569,-12.475,0.459
2024-07-24 06:00:00,13.629,7.995,-10.476,-3.104
2024-07-24 07:00:00,13.061,8.606,-9.479,-2.333
2024-07-24 08:00:00,12.357,8.471,-8.568,-2.502
2024-07-24 09:00:00,10.987,7.849,-7.188,-2.403
2024-07-24 10:00:00,10.686,8.77,-5.7,-1.824
2024-07-24 11:00:00,9.417,7.99,-4.073,-0.699
2024-07-24 12:00:00,8.047,7.652,1.015,0.619
2024-07-24 13:00:00,7.474,6.349,1.199,2.256
2024-07-24 14:00:00,8.241,4.464,-2.042,6.235
2024-07-24 15:00:00,7.103,2.358,-2.878,5.928
2024-07-24 16:00:00,7.171,0.316,-4.0,5.611
2024-07-24 17:00:00,6.055,-1.337,-3.863,2.848
2024-07-24 18:00:00,5.726,-2.063,-3.809,2.735
2024-07-24 19:00:00,7.416,-2.049,-5.16,3.753
2024-07-24 20:00:00,7.883,-3.706,-6.275,2.549
2024-07-24 21:00:00,7.302,-2.183,-4.693,4.775
2024-07-24 22:00:00,8.143,-2.195,-6.937,2.185
2024-07-24 23:00:00,7.789,-0.377,-6.731,3.553
2024-07-25 00:00:00,7.016,0.638,-6.263,2.496
2024-07-25 01:00:00,6.182,0.587,-5.421,0.869
2024-07-25 02:00:00,6.055,1.997,-5.147,-1.15
2024-07-25 03:00:00,7.717,1.712,-6.75,1.844
2024-07-25 04:00:00,7.468,0.676,-6.048,4.085
2024-07-25 05:00:00,6.099,-1.782,3.005,2.164
2024-07-25 06:00:00,7.79,-4.002,3.844,4.269
2024-07-25 07:00:00,9.123,-6.384,0.271,5.9
2024-07-25 08:00:00,8.974,-5.273,-4.383,5.2
2024-07-25 09:00:00,9.672,-2.12,-7.052,6.065
2024-07-25 10:00:00,10.446,-1.799,-4.113,8.671
2024-07-25 11:00:00,10.677,0.412,-8.795,5.9
2024-07-25 12:00:00,11.005,1.832,-9.137,5.723
2024-07-25 13:00:00,8.378,-1.584,3.75,-0.577
2024-07-25 14:00:00,10.603,-5.414,8.176,-1.022
2024-07-25 15:00:00,11.293,-6.717,8.801,0.857
2024-07-25 16:00:00,12.372,-6.255,10.308,-1.113
2024-07-25 17:00:00,12.417,-6.204,9.725,-3.709
2024-07-25 18:00:00,13.397,-8.15,6.815,5.639
2024-07-25 19:00:00,13.473,-8.065,7.684,6.26
2024-07-25 20:00:00,13.685,-5.852,11.21,-2.989
2024-07-25 21:00:00,14.031,-4.919,9.764,-0.339
2024-07-25 22:00:00,17.43,-7.8,9.287,10.372
2024-07-25 23:00:00,18.04,-4.699,15.034,-3.424
2024-07-26 00:00:00,15.806,-5.214,13.186,-3.403
2024-07-26 01:00:00,12.667,-3.77,9.975,-0.69
2024-07-26 02:00:00,11.59,2.283,6.871,-3.006
2024-07-26 03:00:00,10.71,3.88,7.301,-2.769
2024-07-26 04:00:00,11.947,7.148,2.319,-7.848
2024-07-26 05:00:00,10.146,7.877,-3.1,-2.651
2024-07-26 06:00:00,6.67,5.498,-2.22,2.466
2024-07-26 07:00:00,6.198,5.947,-0.234,0.927
2024-07-26 08:00:00,6.203,5.629,1.946,0.429
2024-07-26 09:00:00,5.184,4.125,1.595,-1.124
2024-07-26 10:00:00,4.017,-2.21,2.981,-0.105
2024-07-26 11:00:00,6.223,-5.379,2.478,-0.847
2024-07-26 12:00:00,5.755,-3.467,2.959,-2.619
2024-07-26 13:00:00,6.581,-0.925,4.746,-2.805
2024-07-26 14:00:00,6.762,-2.007,4.643,-3.579
2024-07-26 15:00:00,6.604,-2.044,5.652,-1.796
2024-07-26 16:00:00,6.782,-0.636,6.265,0.734
2024-07-26 17:00:00,6.423,-1.919,4.953,-1.691
2024-07-26 18:00:00,6.076,-2.445,4.815,1.73
2024-07-26 19:00:00,5.714,-2.372,4.34,0.636
2024-07-26 20:00:00,5.819,-3.206,3.522,1.476
2024-07-26 21:00:00,5.968,-4.518,2.529,0.755
2024-07-26 22:00:00,6.019,-4.773,1.54,2.997
2024-07-26 23:00:00,6.019,-4.112,0.522,3.89
2024-07-27 00:00:00,5.962,0.387,-2.384,4.397
2024-07-27 01:00:00,7.112,-5.61,3.081,2.878
2024-07-27 02:00:00,6.971,-4.418,3.595,2.74
2024-07-27 03:00:00,6.565,-0.411,5.118,2.132
2024-07-27 04:00:00,6.715,1.165,6.064,-1.915
2024-07-27 05:00:00,5.999,0.841,5.261,-1.908
2024-07-27 06:00:00,6.7,4.035,2.997,-3.262
2024-07-27 07:00:00,7.27,0.825,6.031,-3.03
2024-07-27 08:00:00,7.727,-0.61,6.721,-2.924
2024-07-27 09:00:00,7.975,0.107,7.783,0.534
2024-07-27 10:00:00,7.224,-1.192,6.467,0.91
2024-07-27 11:00:00,6.801,-1.789,5.428,-0.659
2024-07-27 12:00:00,6.774,-0.256,4.664,-3.85
2024-07-27 13:00:00,7.478,-4.382,4.028,1.107
2024-07-27 14:00:00,7.058,-4.736,3.372,3.601
2024-07-27 15:00:00,6.572,-4.098,0.826,4.158
2024-07-27 16:00:00,5.931,-4.771,0.288,2.913
2024-07-27 17:00:00,6.061,-0.95,4.818,1.861
2024-07-27 18:00:00,5.796,-0.211,5.205,2.211
2024-07-27 19:00:00,5.889,-0.663,4.681,2.578
2024-07-27 20:00:00,5.99,1.803,4.652,2.49
2024-07-27 21:00:00,5.208,0.835,4.728,0.506
2024-07-27 22:00:00,5.383,0.547,4.7,2.114
2024-07-27 23:00:00,4.892,0.032,4.081,0.455
2024-07-28 00:00:00,5.515,-0.05,4.588,2.125
2024-07-28 01:00:00,4.996,-2.069,3.018,2.539
2024-07-28 02:00:00,4.871,-1.688,2.604,0.902
2024-07-28 03:00:00,4.876,-1.32,3.042,-0.357
2024-07-28 04:00:00,4.693,-3.83,1.585,1.464
2024-07-28 05:00:00,4.168,-0.914,1.954,0.581
2024-07-28 06:00:00,4.679,-0.627,3.547,0.641
2024-07-28 07:00:00,4.542,1.128,3.541,0.126
2024-07-28 08:00:00,4.577,-2.829,1.794,2.188
2024-07-28 09:00:00,4.239,-2.698,2.248,1.543
2024-07-28 10:00:00,4.203,-0.573,2.211,0.362
2024-07-28 11:00:00,4.144,1.383,0.049,-1.387
2024-07-28 12:00:00,4.096,3.008,1.599,0.094
2024-07-28 13:00:00,4.433,0.059,3.386,-0.772
2024-07-28 14:00:00,4.522,2.66,2.742,-1.721
2024-07-28 15:00:00,4.307,2.82,1.206,-2.147
2024-07-28 16:00:00,4.445,0.706,2.967,-0.173
2024-07-28 17:00:00,4.622,0.091,1.649,-3.372
2024-07-28 18:00:00,4.671,0.461,1.94,-3.427
2024-07-28 19:00:00,5.66,1.174,3.607,-2.584
2024-07-28 20:00:00,5.788,-1.699,2.777,-3.966
2024-07-28 21:00:00,5.927,-3.441,3.451,-2.261
2024-07-28 22:00:00,5.81,-0.425,4.868,0.159
2024-07-28 23:00:00,5.451,0.717,2.692,-2.215
2024-07-29 00:00:00,5.258,1.352,2.731,-0.825
2024-07-29 01:00:00,4.851,-2.437,2.18,0.788
2024-07-29 02:00:00,4.848,-0.476,1.208,0.069
2024-07-29 03:00:00,5.003,-4.023,1.602,0.886
2024-07-29 04:00:00,5.099,-4.182,-0.031,2.217
2024-07-29 05:00:00,5.202,-4.868,0.535,0.66
2024-07-29 06:00:00,5.117,-4.061,-0.527,2.274
2024-07-29 07:00:00,4.772,-1.153,1.945,-1.31
2024-07-29 08:00:00,5.235,-1.059,-0.054,-4.618
2024-07-29 09:00:00,4.875,-2.235,0.872,-3.418
2024-07-29 10:00:00,5.044,-3.163,0.702,-2.77
2024-07-29 11:00:00,6.245,-3.55,2.222,4.057
2024-07-29 12:00:00,6.549,-4.009,-0.76,3.484
2024-07-29 13:00:00,6.603,-3.314,1.032,3.728
2024-07-29 14:00:00,6.829,-4.01,-3.025,3.015
2024-07-29 15:00:00,6.886,-5.126,0.254,3.97
2024-07-29 16:00:00,6.568,-2.826,4.168,1.633
2024-07-29 17:00:00,6.106,-3.746,2.256,2.717
2024-07-29 18:00:00,5.403,-4.275,1.835,-1.083
2024-07-29 19:00:00,5.312,-3.572,1.429,-1.249
2024-07-29 20:00:00,5.007,-3.695,1.78,-2.335
2024-07-29 21:00:00,4.747,-4.187,1.061,-1.574
2024-07-29 22:00:00,4.753,-3.751,1.394,-2.062
2024-07-29 23:00:00,8.553,-4.93,2.358,2.935
2024-07-30 00:00:00,14.461,-5.758,3.023,8.495
2024-07-30 01:00:00,15.401,5.684,8.374,-0.773
2024-07-30 02:00:00,16.434,5.202,-10.925,-10.492
2024-07-30 03:00:00,14.365,-1.387,-11.154,-4.809
2024-07-30 04:00:00,14.147,-4.552,-9.85,-6.115
2024-07-30 05:00:00,11.538,5.882,-4.388,-7.925
2024-07-30 06:00:00,11.062,2.652,-7.158,-7.846
2024-07-30 07:00:00,11.502,0.616,-7.688,-8.406
2024-07-30 08:00:00,10.505,-1.438,-7.824,-6.554
2024-07-30 09:00:00,10.071,-3.491,-7.896,-4.675
2024-07-30 10:00:00,10.792,-4.13,-9.28,-3.016
2024-07-30 11:00:00,10.372,-4.455,-6.328,-1.239
2024-07-30 12:00:00,9.884,-8.482,-4.881,-0.331
2024-07-30 13:00:00,9.04,-8.411,-3.0,0.425
2024-07-30 14:00:00,7.991,-5.947,-4.47,-1.318
2024-07-30 15:00:00,7.879,-5.063,-4.75,-3.296
2024-07-30 16:00:00,8.267,-4.748,-5.605,-1.85
2024-07-30 17:00:00,8.649,-7.597,-3.127,-2.403
2024-07-30 18:00:00,8.41,-6.353,-5.052,0.525
2024-07-30 19:00:00,7.47,-4.883,-4.818,0.73
2024-07-30 20:00:00,5.911,-5.129,-2.544,0.522
2024-07-30 21:00:00,5.545,-4.737,-1.203,2.191
2024-07-30 22:00:00,6.331,-4.379,-3.169,2.362
2024-07-30 23:00:00,6.224,-4.258,-3.621,2.408
2024-07-31 00:00:00,6.469,-4.959,-0.931,3.653
2024-07-31 01:00:00,7.027,-1.409,5.639,3.314
2024-07-31 02:00:00,6.739,-3.153,4.315,3.98
2024-07-31 03:00:00,6.939,-3.902,3.437,4.092
2024-07-31 04:00:00,7.246,-0.85,6.569,2.585
2024-07-31 05:00:00,7.248,-0.164,6.343,3.148
2024-07-31 06:00:00,7.14,-1.843,5.501,3.96
2024-07-31 07:00:00,6.81,-2.683,4.765,3.873
2024-07-31 08:00:00,6.59,-2.019,4.835,3.837
2024-07-31 09:00:00,6.39,-2.179,5.105,2.882
2024-07-31 10:00:00,7.132,-0.729,6.223,3.002
2024-07-31 11:00:00,8.642,-3.239,5.741,4.389
2024-07-31 12:00:00,8.764,-2.638,6.41,5.221
2024-07-31 13:00:00,10.434,-3.441,6.511,6.968
2024-07-31 14:00:00,12.436,0.212,4.511,2.928
2024-07-31 15:00:00,9.962,4.691,-3.822,-3.427
2024-07-31 16:00:00,10.119,-0.737,0.343,8.056
2024-07-31 17:00:00,12.144,-3.787,-4.07,5.883
2024-07-31 18:00:00,13.846,0.597,-8.655,-7.832
2024-07-31 19:00:00,13.184,-0.503,-12.55,-3.547
2024-07-31 20:00:00,13.86,-1.847,-12.96,-2.022
2024-07-31 21:00:00,10.384,-3.788,-7.133,5.959
2024-07-31 22:00:00,9.336,-3.981,-3.741,-5.817
2024-07-31 23:00:00,10.641,-7.246,-5.004,-3.85
2024-08-01 00:00:00,9.803,-5.115,-5.781,-4.376
2024-08-01 01:00:00,7.974,-1.329,-1.312,1.4
2024-08-01 02:00:00,9.829,-3.471,-0.49,8.683
2024-08-01 03:00:00,10.879,-1.275,5.271,3.07
2024-08-01 04:00:00,9.592,2.419,8.465,-3.531
2024-08-01 05:00:00,8.702,1.94,8.038,-2.27
2024-08-01 06:00:00,7.955,0.706,6.751,0.884
2024-08-01 07:00:00,8.126,1.599,2.616,7.372
2024-08-01 08:00:00,8.501,-0.284,2.958,7.706
2024-08-01 09:00:00,8.56,0.722,3.436,5.294
2024-08-01 10:00:00,8.646,1.593,3.531,6.918
2024-08-01 11:00:00,9.312,1.103,7.273,5.345
2024-08-01 12:00:00,8.94,1.713,5.837,6.334
2024-08-01 13:00:00,7.975,3.054,5.282,4.346
2024-08-01 14:00:00,7.105,-0.263,2.571,5.876
2024-08-01 15:00:00,7.487,-2.669,1.847,6.587
2024-08-01 16:00:00,7.774,-3.22,2.301,5.329
2024-08-01 17:00:00,11.285,-7.299,-0.391,8.153
2024-08-01 18:00:00,10.74,-6.391,3.474,7.599
2024-08-01 19:00:00,10.589,-6.582,2.289,7.838
2024-08-01 20:00:00,9.844,-5.364,-1.396,7.94
2024-08-01 21:00:00,9.995,-5.789,-2.209,7.752
2024-08-01 22:00:00,9.798,-6.152,-1.408,7.218
2024-08-01 23:00:00,8.084,-6.277,1.536,3.945
2024-08-02 00:00:00,6.144,-3.605,4.669,1.299
2024-08-02 01:00:00,6.303,-3.937,4.39,0.291
2024-08-02 02:00:00,4.682,-3.535,2.011,0.459
2024-08-02 03:00:00,3.531,-3.051,0.985,0.609
2024-08-02 04:00:00,4.428,-4.15,-0.235,0.499
2024-08-02 05:00:00,5.569,-4.638,1.096,1.529
2024-08-02 06:00:00,7.038,-5.653,0.883,3.547
2024-08-02 07:00:00,7.482,-6.596,1.2,3.13
2024-08-02 08:00:00,7.719,-6.943,2.451,1.859
2024-08-02 09:00:00,7.868,-6.45,3.388,2.282
2024-08-02 10:00:00,8.044,-6.341,4.402,1.532
2024-08-02 11:00:00,7.401,-3.246,6.027,2.364
2024-08-02 12:00:00,7.305,-0.601,6.789,1.113
2024-08-02 13:00:00,6.779,1.495,6.357,0.095
2024-08-02 14:00:00,5.611,2.119,-1.773,-1.057
2024-08-02 15:00:00,6.087,1.143,-3.473,-0.094
2024-08-02 16:00:00,6.514,4.367,3.605,2.682
2024-08-02 17:00:00,5.979,1.507,2.072,1.16
2024-08-02 18:00:00,5.602,0.392,-4.571,0.46
2024-08-02 19:00:00,5.743,1.421,-5.061,-1.59
2024-08-02 20:00:00,4.605,0.554,-4.076,-1.549
2024-08-02 21:00:00,4.702,0.149,-2.423,-0.405
2024-08-02 22:00:00,5.454,-0.655,5.283,0.522
2024-08-02 23:00:00,6.305,0.939,6.112,0.69
2024-08-03 00:00:00,6.871,2.028,6.002,2.02
2024-08-03 01:00:00,7.328,2.354,6.281,-2.37
2024-08-03 02:00:00,6.579,-1.186,4.23,-3.037
2024-08-03 03:00:00,6.159,-3.202,2.491,3.537
2024-08-03 04:00:00,6.176,-2.714,3.767,3.177
2024-08-03 05:00:00,6.179,-4.401,2.061,3.183
2024-08-03 06:00:00,6.076,-3.397,4.392,1.819
2024-08-03 07:00:00,6.01,-3.408,4.742,-0.104
2024-08-03 08:00:00,6.238,-3.472,4.793,-0.595
2024-08-03 09:00:00,6.51,-3.197,1.237,-3.651
2024-08-03 10:00:00,6.541,-3.247,0.345,-4.966
2024-08-03 11:00:00,6.187,-4.265,1.403,-3.985
2024-08-03 12:00:00,6.67,-3.504,3.994,-3.574
2024-08-03 13:00:00,7.218,-0.914,6.806,-1.679
2024-08-03 14:00:00,7.831,-0.76,7.732,0.167
2024-08-03 15:00:00,7.683,-0.229,6.971,0.305
2024-08-03 16:00:00,8.134,-0.074,7.573,0.851
2024-08-03 17:00:00,8.643,0.318,7.786,3.256
2024-08-03 18:00:00,8.602,-0.931,7.573,-0.221
2024-08-03 19:00:00,8.901,-2.036,7.859,-3.217
2024-08-03 20:00:00,9.195,-2.312,6.809,-5.414
2024-08-03 21:00:00,9.052,-1.791,8.121,-2.968
2024-08-03 22:00:00,8.2,-2.988,6.737,0.379
2024-08-03 23:00:00,7.696,-3.577,6.6,0.354
2024-08-04 00:00:00,8.966,-5.848,5.0,-3.228
2024-08-04 01:00:00,9.919,-6.522,3.153,-6.489
2024-08-04 02:00:00,8.729,-5.613,2.01,-5.599
2024-08-04 03:00:00,8.631,-6.013,1.985,-5.333
2024-08-04 04:00:00,8.849,-5.852,1.192,-6.052
2024-08-04 05:00:00,10.695,-6.001,3.134,-7.521
2024-08-04 06:00:00,14.474,-3.236,3.525,-13.435
2024-08-04 07:00:00,13.253,-5.779,-0.267,-11.136
2024-08-04 08:00:00,12.716,-2.847,3.708,-11.005
2024-08-04 09:00:00,12.767,2.623,4.84,-11.026
2024-08-04 10:00:00,13.508,4.777,2.173,-12.374
2024-08-04 11:00:00,13.434,7.604,-0.547,-10.814
2024-08-04 12:00:00,15.819,9.832,4.061,-11.058
2024-08-04 13:00:00,17.527,11.751,2.148,-12.365
2024-08-04 14:00:00,16.259,8.316,-0.953,-13.361
2024-08-04 15:00:00,15.455,4.556,-3.138,-13.892
2024-08-04 16:00:00,15.854,-4.033,-12.21,-5.863
2024-08-04 17:00:00,13.416,-5.002,-12.268,-0.116
2024-08-04 18:00:00,12.418,-5.363,-11.031,0.259
2024-08-04 19:00:00,12.703,-4.081,-11.743,-0.422
2024-08-04 20:00:00,13.204,-1.653,-12.902,-1.05
2024-08-04 21:00:00,17.346,-2.102,-16.617,-1.764
2024-08-04 22:00:00,20.199,-9.043,-16.659,5.181
2024-08-04 23:00:00,18.518,-9.249,-7.357,12.304
2024-08-05 00:00:00,20.245,-6.376,9.238,16.668
2024-08-05 01:00:00,13.319,-3.983,8.911,8.379
2024-08-05 02:00:00,11.672,-3.443,4.403,2.54
2024-08-05 03:00:00,14.67,-4.031,11.682,7.026
2024-08-05 04:00:00,17.036,-0.459,15.716,5.896
2024-08-05 05:00:00,15.915,-5.314,7.019,9.11
2024-08-05 06:00:00,11.566,-9.384,-0.478,5.339
2024-08-05 07:00:00,8.649,-8.386,1.401,0.551
2024-08-05 08:00:00,6.515,-4.99,-0.054,3.06
2024-08-05 09:00:00,4.437,2.793,-0.976,-0.801
2024-08-05 10:00:00,7.113,-5.234,-2.414,2.506
2024-08-05 11:00:00,5.323,-4.13,-1.168,0.812
2024-08-05 12:00:00,4.842,-4.6,-0.581,-0.732
2024-08-05 13:00:00,4.569,-4.28,-1.031,-0.694
2024-08-05 14:00:00,4.617,-4.332,-0.571,0.697
2024-08-05 15:00:00,4.251,-3.995,-0.854,0.343
2024-08-05 16:00:00,4.375,-4.037,-1.285,0.632
2024-08-05 17:00:00,4.871,-4.399,-1.763,0.735
2024-08-05 18:00:00,4.093,-3.458,-1.776,-0.272
2024-08-05 19:00:00,2.374,0.446,-1.446,-1.046
2024-08-05 20:00:00,4.181,3.713,-1.593,-0.264
2024-08-05 21:00:00,4.023,2.892,-2.588,0.114
2024-08-05 22:00:00,3.633,-1.298,-2.024,-1.178
2024-08-05 23:00:00,4.039,1.029,-3.266,-1.015
2024-08-06 00:00:00,4.358,0.676,-4.022,-0.519
2024-08-06 01:00:00,4.616,1.987,-3.778,0.427
2024-08-06 02:00:00,4.692,1.38,-3.785,-1.392
2024-08-06 03:00:00,4.467,-0.007,-3.673,0.218
2024-08-06 04:00:00,4.498,2.015,-2.715,-2.347
2024-08-06 05:00:00,4.655,3.13,-3.024,-0.956
2024-08-06 06:00:00,4.586,2.089,-2.947,-1.167
2024-08-06 07:00:00,5.004,1.782,-4.51,0.742
2024-08-06 08:00:00,5.123,-0.148,-4.779,-0.59
2024-08-06 09:00:00,5.011,1.068,-4.215,1.585
2024-08-06 10:00:00,4.749,1.843,-3.688,1.022
2024-08-06 11:00:00,4.612,1.995,-2.741,1.173
2024-08-06 12:00:00,4.076,2.28,-2.163,1.049
2024-08-06 13:00:00,4.28,1.456,-3.055,-0.821
2024-08-06 14:00:00,4.136,0.451,-1.44,0.025
2024-08-06 15:00:00,4.064,2.586,-0.079,0.029
2024-08-06 16:00:00,4.496,1.707,-0.804,-1.074
2024-08-06 17:00:00,5.073,0.062,-4.226,1.027
2024-08-06 18:00:00,5.047,2.029,-3.221,0.246
2024-08-06 19:00:00,4.984,0.888,-3.597,0.564
2024-08-06 20:00:00,4.883,2.583,-1.814,-0.341
2024-08-06 21:00:00,5.198,0.919,-4.213,0.607
2024-08-06 22:00:00,5.248,1.585,-3.868,1.357
2024-08-06 23:00:00,5.301,0.638,-4.223,2.524
2024-08-07 00:00:00,5.025,-0.304,-4.071,0.514
2024-08-07 01:00:00,4.965,1.569,-3.737,1.068
2024-08-07 02:00:00,5.184,1.963,-3.074,0.313
2024-08-07 03:00:00,5.233,2.551,-3.205,-0.892
2024-08-07 04:00:00,5.107,1.396,-3.437,-0.653
2024-08-07 05:00:00,4.977,1.789,-3.324,0.412
2024-08-07 06:00:00,5.182,-0.34,-4.539,-0.931
2024-08-07 07:00:00,5.394,2.132,-3.295,0.921
2024-08-07 08:00:00,5.556,1.814,-0.68,-4.194
2024-08-07 09:00:00,5.58,2.283,-2.062,-2.561
2024-08-07 10:00:00,5.768,2.452,-4.514,0.325
2024-08-07 11:00:00,5.861,3.432,-3.231,2.748
2024-08-07 12:00:00,5.616,4.004,-1.76,0.859
2024-08-07 13:00:00,5.438,2.936,-3.452,0.348
2024-08-07 14:00:00,5.788,2.048,-4.495,-1.427
2024-08-07 15:00:00,5.529,3.048,-3.363,0.225
2024-08-07 16:00:00,5.41,2.303,-3.466,2.285
2024-08-07 17:00:00,5.632,2.545,-0.047,3.081
2024-08-07 18:00:00,5.5,2.445,-3.228,2.466
2024-08-07 19:00:00,5.577,3.334,-2.649,0.554
2024-08-07 20:00:00,5.568,3.286,0.164,-3.793
2024-08-07 21:00:00,5.645,1.218,-3.16,-3.613
2024-08-07 22:00:00,5.543,2.309,-3.276,-1.134
2024-08-07 23:00:00,5.656,3.571,-0.839,-3.05
2024-08-08 00:00:00,5.475,1.947,-3.598,-0.223
2024-08-08 01:00:00,5.648,1.315,-2.617,3.23
2024-08-08 02:00:00,5.252,0.27,-3.141,1.353
2024-08-08 03:00:00,5.127,2.707,-2.482,-1.511
2024-08-08 04:00:00,5.207,3.182,-0.076,-1.492
2024-08-08 05:00:00,5.121,4.166,-2.028,0.161
2024-08-08 06:00:00,5.41,3.926,-2.744,-0.632
2024-08-08 07:00:00,5.412,4.712,-0.252,-1.11
2024-08-08 08:00:00,5.513,2.303,-0.949,-3.061
2024-08-08 09:00:00,5.779,1.802,-4.434,-0.47
2024-08-08 10:00:00,5.91,1.905,-2.884,2.24
2024-08-08 11:00:00,6.569,1.443,-4.565,1.498
2024-08-08 12:00:00,6.384,0.983,-5.744,1.165
2024-08-08 13:00:00,6.439,2.445,-4.774,1.933
2024-08-08 14:00:00,6.351,0.454,-4.896,0.972
2024-08-08 15:00:00,6.167,0.177,-4.837,1.138
2024-08-08 16:00:00,6.254,0.158,-5.554,1.1
2024-08-08 17:00:00,6.292,3.09,-2.692,3.956
2024-08-08 18:00:00,6.243,3.249,-1.695,2.776
2024-08-08 19:00:00,6.396,5.689,-0.759,2.194
2024-08-08 20:00:00,6.542,6.008,-1.469,0.511
2024-08-08 21:00:00,6.389,3.853,-2.401,0.658
2024-08-08 22:00:00,6.532,4.157,-3.876,2.137
2024-08-08 23:00:00,6.54,4.312,-3.231,0.88
2024-08-09 00:00:00,6.801,2.425,-2.571,-4.109
2024-08-09 01:00:00,7.037,2.629,-3.217,-2.582
2024-08-09 02:00:00,6.956,4.737,-4.619,0.478
2024-08-09 03:00:00,7.158,3.522,-5.281,2.343
2024-08-09 04:00:00,6.959,3.099,-4.526,3.113
2024-08-09 05:00:00,6.695,3.569,-2.693,3.686
2024-08-09 06:00:00,6.741,3.234,-4.488,1.567
2024-08-09 07:00:00,6.55,2.144,-5.202,-2.405
2024-08-09 08:00:00,5.637,0.925,-2.202,-3.458
2024-08-09 09:00:00,5.699,2.129,-4.159,0.506
2024-08-09 10:00:00,5.875,2.163,-4.419,1.35
2024-08-09 11:00:00,5.576,0.637,-4.07,-0.248
2024-08-09 12:00:00,5.715,2.832,-0.986,0.945
2024-08-09 13:00:00,5.474,3.455,-2.015,2.765
2024-08-09 14:00:00,5.499,0.188,-4.231,-1.756
2024-08-09 15:00:00,5.196,1.723,-3.433,0.967
2024-08-09 16:00:00,4.994,3.035,-2.865,-0.71
2024-08-09 17:00:00,5.184,0.701,-4.162,-0.623
2024-08-09 18:00:00,4.931,1.369,-2.508,0.685
2024-08-09 19:00:00,5.399,0.881,-4.821,-0.899
2024-08-09 20:00:00,5.468,-0.411,-4.644,-1.436
2024-08-09 21:00:00,5.241,-0.099,-4.549,-1.762
2024-08-09 22:00:00,5.536,0.306,-4.666,-1.61
2024-08-09 23:00:00,5.565,-0.579,-4.787,0.823
2024-08-10 00:00:00,5.199,2.598,-2.889,-1.366
2024-08-10 01:00:00,5.433,1.754,-4.479,-0.497
2024-08-10 02:00:00,5.209,1.909,-3.291,-2.871
2024-08-10 03:00:00,5.407,-1.128,-2.863,-3.995
2024-08-10 04:00:00,5.506,-2.381,-2.14,-4.007
2024-08-10 05:00:00,5.436,0.223,-4.154,-2.928
2024-08-10 06:00:00,5.583,-0.323,-5.101,-1.856
2024-08-10 07:00:00,5.573,-0.331,-5.107,-1.215
2024-08-10 08:00:00,5.321,3.102,-3.983,0.409
2024-08-10 09:00:00,5.314,1.12,-4.585,-0.982
2024-08-10 10:00:00,5.312,1.863,-4.414,-1.128
2024-08-10 11:00:00,5.503,2.23,-4.216,-0.555
2024-08-10 12:00:00,10.525,0.945,-8.831,0.467
2024-08-10 13:00:00,9.963,-0.554,-8.262,-1.489
2024-08-10 14:00:00,9.287,-0.479,-7.52,-4.369
2024-08-10 15:00:00,8.962,2.716,-7.605,-1.559
2024-08-10 16:00:00,8.048,0.245,-5.378,-0.665
2024-08-10 17:00:00,8.949,-0.511,-8.418,-1.518
2024-08-10 18:00:00,9.463,0.264,-8.895,0.799
2024-08-10 19:00:00,9.03,3.465,-6.644,2.555
2024-08-10 20:00:00,9.709,2.18,-8.744,1.767
2024-08-10 21:00:00,9.805,3.726,-7.839,4.06
2024-08-10 22:00:00,9.866,4.7,-6.005,4.085
2024-08-10 23:00:00,11.706,1.324,-10.49,2.484
2024-08-11 00:00:00,12.865,1.147,-11.167,4.873
2024-08-11 01:00:00,14.69,-0.8,-14.185,1.498
2024-08-11 02:00:00,16.433,-4.139,-15.066,-2.397
2024-08-11 03:00:00,16.452,-0.655,-15.875,2.144
2024-08-11 04:00:00,16.322,-2.777,-15.431,-1.751
2024-08-11 05:00:00,14.915,-5.109,-8.772,-7.835
2024-08-11 06:00:00,18.339,-4.129,-16.707,-3.037
2024-08-11 07:00:00,19.792,-4.661,-17.559,0.296
2024-08-11 08:00:00,19.284,5.933,-8.042,13.28
2024-08-11 09:00:00,21.04,14.27,6.023,13.119
2024-08-11 10:00:00,15.294,7.609,-1.636,8.806
2024-08-11 11:00:00,19.615,-1.655,-18.179,6.053
2024-08-11 12:00:00,15.848,-3.954,-14.665,0.043
2024-08-11 13:00:00,19.137,9.783,13.004,7.381
2024-08-11 14:00:00,15.581,2.48,5.592,12.031
2024-08-11 15:00:00,19.1,8.132,9.307,14.255
2024-08-11 16:00:00,15.48,-1.474,8.415,10.425
2024-08-11 17:00:00,15.769,-6.529,3.835,12.741
2024-08-11 18:00:00,14.331,-10.9,4.59,2.915
2024-08-11 19:00:00,14.138,-12.495,4.618,-0.337
2024-08-11 20:00:00,17.082,-8.87,-1.05,8.939
2024-08-11 21:00:00,19.179,-9.115,14.86,6.698
2024-08-11 22:00:00,20.375,-13.639,9.363,-9.19
2024-08-11 23:00:00,19.551,-4.373,6.033,-6.164
2024-08-12 00:00:00,21.08,-2.238,19.461,6.836
2024-08-12 01:00:00,21.711,-8.885,17.637,-4.98
2024-08-12 02:00:00,18.694,-6.979,8.501,-14.537
2024-08-12 03:00:00,13.078,3.27,2.225,-10.905
2024-08-12 04:00:00,11.768,2.605,3.119,-9.559
2024-08-12 05:00:00,12.85,2.382,7.309,-9.819
2024-08-12 06:00:00,12.681,-1.366,-2.152,-3.335
2024-08-12 07:00:00,13.887,-3.329,-4.087,-2.704
2024-08-12 08:00:00,17.953,2.754,16.928,-3.931
2024-08-12 09:00:00,19.551,2.165,15.663,-10.749
2024-08-12 10:00:00,21.019,3.932,11.215,-16.929
2024-08-12 11:00:00,20.161,7.661,-0.247,-18.035
2024-08-12 12:00:00,18.477,3.203,3.649,-17.284
2024-08-12 13:00:00,17.62,1.1,3.184,-17.044
2024-08-12 14:00:00,18.654,-5.957,-1.768,-17.222
2024-08-12 15:00:00,18.616,-5.368,-8.682,-15.039
2024-08-12 16:00:00,17.91,-5.71,-6.982,-15.282
2024-08-12 17:00:00,17.585,-7.964,-6.958,-13.802
2024-08-12 18:00:00,18.645,-9.898,-8.349,-13.073
2024-08-12 19:00:00,20.288,-9.757,-14.418,-10.233
2024-08-12 20:00:00,20.667,-10.5,-14.285,-10.495
2024-08-12 21:00:00,20.415,-8.792,-16.792,-6.657
2024-08-12 22:00:00,19.294,-8.8,-16.384,-4.35
2024-08-12 23:00:00,19.571,-9.378,-16.855,-2.036
2024-08-13 00:00:00,19.67,-11.278,-16.008,-0.576
2024-08-13 01:00:00,19.62,-10.691,-16.175,0.162
2024-08-13 02:00:00,19.763,-11.93,-15.255,0.067
2024-08-13 03:00:00,21.094,-12.579,-16.314,2.781
2024-08-13 04:00:00,21.199,-12.555,-15.403,7.199
2024-08-13 05:00:00,20.167,-13.502,-12.375,7.812
2024-08-13 06:00:00,19.84,-12.859,-11.111,10.164
2024-08-13 07:00:00,19.095,-10.235,-10.757,11.61
2024-08-13 08:00:00,18.562,-10.399,-9.275,11.499
2024-08-13 09:00:00,17.443,-10.845,-5.46,12.177
2024-08-13 10:00:00,16.326,-9.147,-4.947,12.291
2024-08-13 11:00:00,15.402,-9.278,-1.877,12.042
2024-08-13 12:00:00,14.309,-9.233,-0.198,10.766
2024-08-13 13:00:00,13.123,-7.371,0.032,10.772
2024-08-13 14:00:00,12.155,-7.069,1.536,9.616
2024-08-13 15:00:00,11.134,-7.524,4.638,6.558
2024-08-13 16:00:00,10.203,-5.733,7.326,3.012
2024-08-13 17:00:00,8.52,-3.593,6.981,-2.068
2024-08-13 18:00:00,8.466,-5.158,5.528,1.058
2024-08-13 19:00:00,8.296,-4.808,6.398,-0.308
2024-08-13 20:00:00,7.487,-3.155,1.015,-5.458
2024-08-13 21:00:00,7.172,-0.419,5.66,-1.72
2024-08-13 22:00:00,6.853,-0.692,3.379,-5.188
2024-08-13 23:00:00,6.455,-2.519,-0.83,-5.489
2024-08-14 00:00:00,6.507,-2.388,1.596,-4.752
2024-08-14 01:00:00,6.495,-1.158,4.78,-3.767
2024-08-14 02:00:00,4.121,0.77,1.076,0.992
2024-08-14 03:00:00,2.195,-0.222,0.148,0.332
2024-08-14 04:00:00,3.325,-1.13,-1.017,-0.313
2024-08-14 05:00:00,4.326,-2.973,-0.778,-2.853
2024-08-14 06:00:00,4.33,-3.544,-1.889,-1.138
2024-08-14 07:00:00,3.957,-2.689,-2.077,-1.005
2024-08-14 08:00:00,4.936,-2.946,-3.454,-1.308
2024-08-14 09:00:00,4.966,-2.476,-4.156,0.213
2024-08-14 10:00:00,4.948,-2.945,-3.826,-0.2
2024-08-14 11:00:00,4.999,-3.455,-3.465,0.004
2024-08-14 12:00:00,4.913,-2.748,-2.892,-0.246
2024-08-14 13:00:00,4.772,-2.696,-2.984,-2.399
2024-08-14 14:00:00,4.838,-2.676,-2.998,-2.5
2024-08-14 15:00:00,4.947,-2.488,-3.906,-1.437
2024-08-14 16:00:00,5.381,-2.582,-4.554,0.175
2024-08-14 17:00:00,5.541,-2.0,-5.08,0.594
2024-08-14 18:00:00,6.642,-1.63,-6.063,1.494
2024-08-14 19:00:00,6.954,-2.152,-6.187,-1.423
2024-08-14 20:00:00,7.519,-1.303,-4.093,0.811
2024-08-14 21:00:00,8.054,0.085,-3.348,6.582
2024-08-14 22:00:00,8.524,0.385,-5.195,6.291
2024-08-14 23:00:00,8.038,-1.152,-6.969,3.573
2024-08-15 00:00:00,8.717,-1.781,-6.811,4.803
2024-08-15 01:00:00,8.64,-1.021,-3.937,7.495
2024-08-15 02:00:00,8.28,-0.488,-2.598,7.78
2024-08-15 03:00:00,8.487,1.172,-1.981,8.036
2024-08-15 04:00:00,8.232,1.975,-1.721,7.753
2024-08-15 05:00:00,7.725,1.646,-2.088,7.106
2024-08-15 06:00:00,7.021,3.052,-4.511,3.665
2024-08-15 07:00:00,7.303,4.593,-5.127,2.042
2024-08-15 08:00:00,7.806,4.715,-6.115,0.397
2024-08-15 09:00:00,7.831,4.778,-6.13,-0.274
2024-08-15 10:00:00,7.409,4.901,-5.313,0.335
2024-08-15 11:00:00,7.477,4.273,-5.577,0.968
2024-08-15 12:00:00,7.707,5.203,-3.653,-3.863
2024-08-15 13:00:00,7.956,3.297,-5.126,3.899
2024-08-15 14:00:00,8.23,2.377,-6.143,4.244
2024-08-15 15:00:00,8.404,1.595,-7.613,2.767
2024-08-15 16:00:00,8.019,3.842,-6.95,-0.112
2024-08-15 17:00:00,8.138,4.957,-6.318,-0.138
2024-08-15 18:00:00,7.814,5.244,-5.579,-1.211
2024-08-15 19:00:00,7.736,5.022,-5.638,-1.385
2024-08-15 20:00:00,7.283,5.121,-3.725,-3.441
2024-08-15 21:00:00,7.695,4.699,-5.198,-2.938
2024-08-15 22:00:00,5.989,3.934,-3.136,-3.101
2024-08-15 23:00:00,6.246,3.098,-2.464,-4.506
2024-08-16 00:00:00,6.61,1.112,1.38,-6.061
2024-08-16 01:00:00,4.966,1.632,-1.992,-3.403
2024-08-16 02:00:00,4.672,1.443,-2.73,-3.304
2024-08-16 03:00:00,5.444,1.076,-3.49,-3.823
2024-08-16 04:00:00,6.131,0.146,-3.011,-5.22
2024-08-16 05:00:00,6.272,-0.379,-2.811,-5.019
2024-08-16 06:00:00,6.404,0.65,-3.851,-4.567
2024-08-16 07:00:00,6.181,-1.789,-0.561,-5.698
2024-08-16 08:00:00,5.909,-2.468,0.346,-5.289
2024-08-16 09:00:00,4.92,-0.632,-0.29,-4.614
2024-08-16 10:00:00,3.63,2.361,-1.577,-1.962
2024-08-16 11:00:00,2.622,1.531,-0.367,-1.556
2024-08-16 12:00:00,3.047,-2.342,1.18,-0.633
2024-08-16 13:00:00,5.676,-4.26,3.148,-1.703
2024-08-16 14:00:00,6.49,-4.736,4.013,-0.569
2024-08-16 15:00:00,6.824,-3.592,4.847,2.453
2024-08-16 16:00:00,6.59,-3.363,4.61,3.03
2024-08-16 17:00:00,6.308,-3.366,3.166,3.915
2024-08-16 18:00:00,6.159,-5.119,1.401,2.157
2024-08-16 19:00:00,6.106,-4.805,3.468,-0.873
2024-08-16 20:00:00,5.836,-2.5,1.652,4.566
2024-08-16 21:00:00,5.895,-3.854,2.38,2.977
2024-08-16 22:00:00,6.011,-4.162,4.001,0.554
2024-08-16 23:00:00,6.051,-4.62,3.216,-0.842
2024-08-17 00:00:00,6.182,-4.522,3.217,1.665
2024-08-17 01:00:00,6.162,-3.99,1.818,3.994
2024-08-17 02:00:00,5.932,-1.477,0.947,5.331
2024-08-17 03:00:00,5.638,-0.747,1.086,3.219
2024-08-17 04:00:00,5.48,-3.816,2.486,-1.768
2024-08-17 05:00:00,5.679,-2.409,-0.056,4.171
2024-08-17 06:00:00,5.592,-2.549,1.105,2.511
2024-08-17 07:00:00,6.113,-2.165,5.056,1.901
2024-08-17 08:00:00,6.289,-1.267,5.115,2.354
2024-08-17 09:00:00,6.323,-1.502,4.75,3.591
2024-08-17 10:00:00,6.37,-2.489,0.808,4.731
2024-08-17 11:00:00,6.697,-2.48,4.5,2.385
2024-08-17 12:00:00,6.731,-3.243,5.079,2.197
2024-08-17 13:00:00,12.049,-3.445,9.954,3.014
2024-08-17 14:00:00,18.415,-2.563,14.538,-0.566
2024-08-17 15:00:00,17.97,-0.076,7.315,-3.339
2024-08-17 16:00:00,17.766,-1.169,2.856,0.642
2024-08-17 17:00:00,9.722,-3.01,-7.635,0.078
2024-08-17 18:00:00,6.565,-0.87,-4.407,-1.669
2024-08-17 19:00:00,8.44,4.55,-2.221,-3.45
2024-08-17 20:00:00,11.251,10.734,0.574,-1.085
2024-08-17 21:00:00,15.505,14.818,-0.488,3.529
2024-08-17 22:00:00,14.224,12.176,-2.428,6.769
2024-08-17 23:00:00,13.288,10.863,-1.812,7.221
2024-08-18 00:00:00,11.958,9.112,-3.613,6.054
2024-08-18 01:00:00,11.361,8.406,-4.142,5.079
2024-08-18 02:00:00,10.173,5.524,-7.468,2.47
2024-08-18 03:00:00,13.938,7.825,-10.293,4.561
2024-08-18 04:00:00,14.259,6.228,-11.678,4.246
2024-08-18 05:00:00,13.565,4.643,-12.087,3.289
2024-08-18 06:00:00,13.586,4.146,-12.53,2.466
2024-08-18 07:00:00,14.283,4.169,-11.27,5.866
2024-08-18 08:00:00,16.263,-0.469,-13.193,1.086
2024-08-18 09:00:00,9.808,-0.582,-8.62,-3.884
2024-08-18 10:00:00,9.577,-0.742,-9.141,-2.489
2024-08-18 11:00:00,8.887,-2.836,-8.086,-1.489
2024-08-18 12:00:00,5.439,-3.525,-1.663,-0.408
2024-08-18 13:00:00,9.678,-3.652,-6.273,0.041
2024-08-18 14:00:00,9.978,-7.612,-4.956,1.312
2024-08-18 15:00:00,9.167,-7.187,-5.104,-1.459
2024-08-18 16:00:00,8.549,-6.104,-4.862,-2.488
2024-08-18 17:00:00,8.028,-3.607,-5.396,-3.857
2024-08-18 18:00:00,7.772,-3.609,-6.12,-0.677
2024-08-18 19:00:00,7.488,-6.665,0.287,-1.802
2024-08-18 20:00:00,7.844,-5.162,-4.207,2.825
2024-08-18 21:00:00,7.656,-4.027,-3.738,3.014
2024-08-18 22:00:00,7.539,-5.442,-2.141,3.18
2024-08-18 23:00:00,7.713,-4.245,-3.457,4.282
2024-08-19 00:00:00,8.085,-5.401,-3.466,3.203
2024-08-19 01:00:00,8.373,-7.271,-2.255,1.921
2024-08-19 02:00:00,8.43,-4.971,-5.759,0.588
2024-08-19 03:00:00,8.337,-5.322,-2.6,4.369
2024-08-19 04:00:00,8.111,-5.526,2.009,4.25
2024-08-19 05:00:00,7.466,-4.454,2.924,3.801
2024-08-19 06:00:00,7.41,-3.12,2.203,4.712
2024-08-19 07:00:00,7.182,-0.555,2.617,4.674
2024-08-19 08:00:00,6.761,-3.74,2.037,1.117
2024-08-19 09:00:00,6.735,-4.763,-0.452,3.01
2024-08-19 10:00:00,6.765,-4.314,1.284,2.584
2024-08-19 11:00:00,6.633,-5.23,-0.864,1.7
2024-08-19 12:00:00,6.786,-5.008,0.243,-3.478
2024-08-19 13:00:00,6.692,-5.987,1.729,-0.189
2024-08-19 14:00:00,6.603,-5.518,1.567,0.788
2024-08-19 15:00:00,6.792,-5.148,0.476,-2.3
2024-08-19 16:00:00,6.916,-3.627,0.845,-4.821
2024-08-19 17:00:00,6.829,-1.492,-0.078,-5.227
2024-08-19 18:00:00,6.922,-2.809,2.171,-4.964
2024-08-19 19:00:00,6.935,-3.704,0.008,-5.091
2024-08-19 20:00:00,6.969,-3.992,3.066,-3.268
2024-08-19 21:00:00,7.14,-3.748,2.563,-4.38
2024-08-19 22:00:00,7.045,-1.957,5.819,-1.345
2024-08-19 23:00:00,6.791,-4.6,3.807,-1.329
2024-08-20 00:00:00,7.022,-4.477,4.218,-1.481
2024-08-20 01:00:00,7.124,-4.165,1.698,-5.001
2024-08-20 02:00:00,7.149,-4.777,3.867,-2.303
2024-08-20 03:00:00,7.188,-3.371,4.918,1.313
2024-08-20 04:00:00,7.019,-4.751,3.794,-1.023
2024-08-20 05:00:00,6.95,-3.931,4.155,-0.782
2024-08-20 06:00:00,7.112,-2.786,6.034,1.47
2024-08-20 07:00:00,6.823,-1.838,5.664,2.236
2024-08-20 08:00:00,6.533,-1.895,5.397,0.172
2024-08-20 09:00:00,6.382,-2.412,4.012,-4.028
2024-08-20 10:00:00,6.613,-2.812,2.463,-4.724
2024-08-20 11:00:00,6.834,-2.749,-0.825,-6.02
2024-08-20 12:00:00,6.615,-4.395,1.982,-1.601
2024-08-20 13:00:00,6.617,-4.301,2.592,-1.937
2024-08-20 14:00:00,6.425,-2.411,1.488,-4.703
2024-08-20 15:00:00,6.37,-3.899,4.427,-0.811
2024-08-20 16:00:00,6.063,-1.688,3.882,2.128
2024-08-20 17:00:00,6.064,-0.218,4.502,3.422
2024-08-20 18:00:00,6.029,-2.341,4.157,-1.658
2024-08-20 19:00:00,5.915,-2.261,4.148,1.926
2024-08-20 20:00:00,5.928,-4.426,2.108,-1.194
2024-08-20 21:00:00,5.981,-2.189,2.486,-4.171
2024-08-20 22:00:00,5.792,-2.425,2.875,-3.513
2024-08-20 23:00:00,5.516,-1.985,3.797,0.568
2024-08-21 00:00:00,5.61,-0.112,3.414,3.342
2024-08-21 01:00:00,5.722,-2.191,4.379,1.685
2024-08-21 02:00:00,5.972,-2.593,4.278,0.094
2024-08-21 03:00:00,6.093,-2.954,4.342,0.69
2024-08-21 04:00:00,6.486,-4.413,3.328,-2.007
2024-08-21 05:00:00,6.445,-2.887,1.458,-5.09
2024-08-21 06:00:00,6.268,-3.316,2.79,-0.975
2024-08-21 07:00:00,6.369,-2.476,4.38,0.317
2024-08-21 08:00:00,6.471,0.136,5.456,2.845
2024-08-21 09:00:00,6.355,-3.961,4.524,-1.409
2024-08-21 10:00:00,6.346,-3.441,2.759,-3.785
2024-08-21 11:00:00,6.368,-3.697,1.969,-4.57
2024-08-21 12:00:00,6.22,-3.983,1.936,-3.872
2024-08-21 13:00:00,6.185,-3.389,1.928,-3.43
2024-08-21 14:00:00,6.627,-2.889,2.245,-1.25
2024-08-21 15:00:00,6.869,-2.97,2.186,-5.55
2024-08-21 16:00:00,6.8,-3.385,3.706,-4.247
2024-08-21 17:00:00,6.935,-4.573,4.233,-2.479
2024-08-21 18:00:00,7.083,-2.166,6.476,0.955
2024-08-21 19:00:00,6.964,-3.487,5.843,-0.573
2024-08-21 20:00:00,7.107,-5.33,2.383,-3.667
2024-08-21 21:00:00,7.561,-3.761,6.18,0.189
2024-08-21 22:00:00,8.413,-5.235,6.282,-1.426
2024-08-21 23:00:00,8.637,-5.37,5.266,-3.825
2024-08-22 00:00:00,8.69,-6.044,4.673,-3.38
2024-08-22 01:00:00,8.263,-4.964,5.882,0.039
2024-08-22 02:00:00,7.911,-4.59,4.776,-3.347
2024-08-22 03:00:00,7.903,-3.227,5.052,-4.799
2024-08-22 04:00:00,8.032,-4.456,5.347,-3.722
2024-08-22 05:00:00,7.883,-3.01,6.746,-2.447
2024-08-22 06:00:00,7.767,-2.767,7.139,-0.535
2024-08-22 07:00:00,8.001,-2.38,7.277,-1.212
2024-08-22 08:00:00,7.999,-1.978,6.346,-0.685
2024-08-22 09:00:00,7.904,0.129,7.104,-0.058
2024-08-22 10:00:00,8.109,5.165,2.709,3.438
2024-08-22 11:00:00,8.104,-3.039,3.646,4.892
2024-08-22 12:00:00,9.013,1.863,1.707,7.861
2024-08-22 13:00:00,9.335,3.997,0.331,7.39
2024-08-22 14:00:00,9.082,-0.08,7.083,2.664
2024-08-22 15:00:00,10.254,0.976,7.51,6.233
2024-08-22 16:00:00,7.692,1.609,4.686,5.32
2024-08-22 17:00:00,7.694,4.4,1.977,5.216
2024-08-22 18:00:00,10.239,0.425,5.467,6.709
2024-08-22 19:00:00,10.582,-0.699,8.884,4.855
2024-08-22 20:00:00,8.507,-1.608,6.667,0.356
2024-08-22 21:00:00,7.826,-2.572,2.931,-4.869
2024-08-22 22:00:00,7.998,0.951,0.222,4.628
2024-08-22 23:00:00,9.871,5.02,-7.756,3.075
2024-08-23 00:00:00,8.314,2.942,-5.583,2.763
2024-08-23 01:00:00,7.964,1.437,-5.18,3.851
2024-08-23 02:00:00,7.64,-5.225,1.724,4.142
2024-08-23 03:00:00,9.371,-4.609,5.823,-0.243
2024-08-23 04:00:00,10.908,-4.19,9.315,-2.685
2024-08-23 05:00:00,9.929,-3.346,7.287,-3.175
2024-08-23 06:00:00,9.593,-6.39,3.635,-4.756
2024-08-23 07:00:00,9.823,-7.638,3.625,2.077
2024-08-23 08:00:00,8.583,-6.777,1.608,4.333
2024-08-23 09:00:00,8.191,-6.92,2.734,1.593
2024-08-23 10:00:00,8.228,-7.332,2.229,0.772
2024-08-23 11:00:00,8.926,-5.553,5.666,-3.16
2024-08-23 12:00:00,9.483,-4.317,7.117,-4.128
2024-08-23 13:00:00,8.345,-6.227,4.414,-2.099
2024-08-23 14:00:00,8.032,-6.614,3.669,-2.0
2024-08-23 15:00:00,7.919,-6.61,3.737,-0.343
2024-08-23 16:00:00,7.956,-5.941,4.283,-2.226
2024-08-23 17:00:00,8.016,-5.334,4.373,-2.346
2024-08-23 18:00:00,7.838,-5.067,4.034,-0.992
2024-08-23 19:00:00,8.063,-4.296,6.18,-1.18
2024-08-23 20:00:00,7.669,-3.833,3.751,-0.663
2024-08-23 21:00:00,7.664,-3.728,5.312,-2.02
2024-08-23 22:00:00,8.403,-6.437,1.12,-4.805
2024-08-23 23:00:00,7.94,-5.847,-1.308,-3.842
2024-08-24 00:00:00,7.999,-6.802,3.865,-0.295
2024-08-24 01:00:00,7.457,-3.912,4.792,2.123
2024-08-24 02:00:00,7.676,-3.106,5.091,-2.808
2024-08-24 03:00:00,7.036,-4.307,4.036,-1.485
2024-08-24 04:00:00,6.2,-3.645,3.818,0.126
2024-08-24 05:00:00,7.394,-2.536,5.616,-1.462
2024-08-24 06:00:00,7.693,-4.614,4.005,-4.186
2024-08-24 07:00:00,7.464,-4.729,4.97,-1.629
2024-08-24 08:00:00,7.097,-3.431,3.277,-4.576
2024-08-24 09:00:00,5.618,-2.02,0.677,-4.794
2024-08-24 10:00:00,5.735,-0.631,4.235,-2.224
2024-08-24 11:00:00,5.605,0.742,4.859,-1.139
2024-08-24 12:00:00,5.46,-2.458,2.08,-2.826
2024-08-24 13:00:00,5.679,-2.473,3.657,-2.461
2024-08-24 14:00:00,6.176,-0.125,3.612,-3.675
2024-08-24 15:00:00,5.422,2.12,3.156,3.218
2024-08-24 16:00:00,5.201,1.777,3.701,2.52
2024-08-24 17:00:00,5.074,-1.563,4.1,0.659
2024-08-24 18:00:00,5.168,-1.852,2.86,-3.654
2024-08-24 19:00:00,5.311,-2.021,4.138,-2.193
2024-08-24 20:00:00,5.047,-1.106,3.567,-2.782
2024-08-24 21:00:00,4.583,-1.65,3.339,-1.448
2024-08-24 22:00:00,4.341,-3.711,1.864,-0.18
2024-08-24 23:00:00,4.344,-3.174,2.533,0.466
2024-08-25 00:00:00,4.32,-2.575,2.757,-1.699
2024-08-25 01:00:00,3.851,-1.206,2.701,-1.041
2024-08-25 02:00:00,4.092,-1.282,3.34,0.751
2024-08-25 03:00:00,5.07,-1.127,2.544,0.135
2024-08-25 04:00:00,5.138,-0.722,4.543,0.27
2024-08-25 05:00:00,5.117,-1.531,4.727,-0.731
2024-08-25 06:00:00,5.054,-3.593,2.415,1.643
2024-08-25 07:00:00,4.792,-1.659,3.176,-2.467
2024-08-25 08:00:00,4.426,-1.553,2.748,-0.005
2024-08-25 09:00:00,4.676,-3.048,2.775,1.631
2024-08-25 10:00:00,4.665,-2.859,2.032,2.82
2024-08-25 11:00:00,4.753,-2.274,3.455,1.951
2024-08-25 12:00:00,4.742,-3.171,2.055,2.306
2024-08-25 13:00:00,4.993,-2.937,3.402,1.872
2024-08-25 14:00:00,4.994,-2.281,3.901,1.796
2024-08-25 15:00:00,4.912,-2.399,3.608,1.886
2024-08-25 16:00:00,4.794,-2.747,2.257,2.903
2024-08-25 17:00:00,4.718,-3.176,2.112,2.384
2024-08-25 18:00:00,4.753,-3.702,1.607,2.079
2024-08-25 19:00:00,4.422,-3.221,2.022,-1.363
2024-08-25 20:00:00,4.383,-3.032,1.911,-1.757
2024-08-25 21:00:00,4.352,-2.559,2.94,-1.304
2024-08-25 22:00:00,4.387,-2.734,2.857,-1.082
2024-08-25 23:00:00,4.394,-2.107,3.468,0.223
2024-08-26 00:00:00,4.591,-2.723,3.15,-0.549
2024-08-26 01:00:00,4.565,-2.869,2.965,-1.322
2024-08-26 02:00:00,4.43,-3.586,1.914,-0.79
2024-08-26 03:00:00,4.333,-3.629,1.97,0.376
2024-08-26 04:00:00,4.409,-2.697,3.043,0.028
2024-08-26 05:00:00,4.385,-1.646,3.731,-0.857
2024-08-26 06:00:00,4.733,-2.438,3.827,-0.204
2024-08-26 07:00:00,4.589,-0.972,3.552,-2.076
2024-08-26 08:00:00,4.391,-0.858,3.136,-2.109
2024-08-26 09:00:00,4.563,-2.363,3.722,-0.699
2024-08-26 10:00:00,4.52,-1.658,3.989,-1.104
2024-08-26 11:00:00,4.431,-1.75,3.817,-1.221
2024-08-26 12:00:00,4.222,-1.216,3.603,-1.572
2024-08-26 13:00:00,4.294,-0.339,3.04,-2.895
2024-08-26 14:00:00,4.38,0.059,3.777,-2.01
2024-08-26 15:00:00,3.631,-0.847,3.343,-0.733
2024-08-26 16:00:00,3.494,2.491,-0.725,-2.161
2024-08-26 17:00:00,3.343,2.043,0.066,-2.173
2024-08-26 18:00:00,3.169,2.484,-1.047,-1.102
2024-08-26 19:00:00,3.348,2.771,-1.298,-1.075
2024-08-26 20:00:00,3.326,2.01,-0.523,-2.321
2024-08-26 21:00:00,2.825,0.522,-0.157,-2.528
2024-08-26 22:00:00,3.077,1.627,-0.64,-2.308
2024-08-26 23:00:00,3.343,2.536,-0.345,-1.935
2024-08-27 00:00:00,3.34,2.715,-0.228,-1.758
2024-08-27 01:00:00,3.252,2.585,-0.377,-1.757
2024-08-27 02:00:00,3.486,3.031,-1.014,-0.98
2024-08-27 03:00:00,3.52,2.404,-1.142,-2.054
2024-08-27 04:00:00,3.586,2.65,-1.263,-1.893
2024-08-27 05:00:00,3.275,2.53,-0.745,-1.731
2024-08-27 06:00:00,3.643,2.828,-1.675,-1.294
2024-08-27 07:00:00,5.056,2.693,-2.54,-2.847
2024-08-27 08:00:00,6.78,1.607,-4.134,-4.566
2024-08-27 09:00:00,7.988,1.414,-6.247,-4.45
2024-08-27 10:00:00,9.877,2.532,-6.687,-6.124
2024-08-27 11:00:00,9.049,-0.48,1.43,-6.354
2024-08-27 12:00:00,8.754,0.449,-6.04,-4.807
2024-08-27 13:00:00,10.442,-3.653,-8.751,-3.212
2024-08-27 14:00:00,11.119,-0.19,-8.566,-6.771
2024-08-27 15:00:00,12.292,-2.437,-9.54,-7.127
2024-08-27 16:00:00,9.471,-5.854,0.977,3.2
2024-08-27 17:00:00,8.594,-3.135,6.78,2.876
2024-08-27 18:00:00,9.727,-1.601,9.042,0.939
2024-08-27 19:00:00,10.095,0.85,9.008,-4.083
2024-08-27 20:00:00,9.99,-0.881,8.139,-5.208
2024-08-27 21:00:00,9.41,0.15,7.789,-4.299
2024-08-27 22:00:00,11.207,1.416,4.12,-9.672
2024-08-27 23:00:00,14.462,4.238,8.773,-9.894
2024-08-28 00:00:00,15.7,4.011,12.492,-7.984
2024-08-28 01:00:00,15.656,4.553,10.806,-9.657
2024-08-28 02:00:00,15.914,5.443,8.144,-12.456
2024-08-28 03:00:00,16.312,6.081,5.973,-13.726
2024-08-28 04:00:00,16.189,5.77,3.03,-14.691
2024-08-28 05:00:00,16.025,5.923,4.316,-14.132
2024-08-28 06:00:00,16.782,7.252,-0.877,-14.978
2024-08-28 07:00:00,17.202,7.387,-8.683,-12.483
2024-08-28 08:00:00,17.016,7.262,-11.597,-9.77
2024-08-28 09:00:00,17.007,4.677,-13.676,-8.862
2024-08-28 10:00:00,16.961,5.083,-12.904,-9.617
2024-08-28 11:00:00,17.325,6.952,-11.516,-10.833
2024-08-28 12:00:00,17.697,6.252,-11.65,-11.333
2024-08-28 13:00:00,17.567,7.287,-13.167,-8.923
2024-08-28 14:00:00,16.795,6.877,-13.327,-7.176
2024-08-28 15:00:00,16.174,6.291,-11.809,-7.757
2024-08-28 16:00:00,16.266,8.158,-10.721,-8.626
2024-08-28 17:00:00,16.427,8.017,-12.932,-5.402
2024-08-28 18:00:00,15.876,6.144,-13.906,-3.596
2024-08-28 19:00:00,15.815,10.509,-8.199,-4.093
2024-08-28 20:00:00,17.276,9.417,-12.456,-4.349
2024-08-28 21:00:00,18.057,5.462,-16.984,-0.106
2024-08-28 22:00:00,18.002,6.532,-16.618,-0.103
2024-08-28 23:00:00,17.396,7.882,-15.188,-0.917
2024-08-29 00:00:00,16.816,7.14,-15.027,0.411
2024-08-29 01:00:00,16.388,6.651,-14.787,1.516
2024-08-29 02:00:00,16.376,7.716,-14.204,0.983
2024-08-29 03:00:00,16.048,6.929,-14.356,0.287
2024-08-29 04:00:00,15.777,8.028,-13.183,2.702
2024-08-29 05:00:00,15.651,7.471,-13.465,2.078
2024-08-29 06:00:00,16.081,7.17,-14.135,1.98
2024-08-29 07:00:00,16.372,5.981,-14.793,3.221
2024-08-29 08:00:00,17.081,9.044,-13.97,3.208
2024-08-29 09:00:00,17.521,7.387,-13.894,6.968
2024-08-29 10:00:00,16.614,2.849,-9.911,12.396
2024-08-29 11:00:00,15.699,1.332,-6.459,13.932
2024-08-29 12:00:00,15.969,0.858,-4.379,15.13
2024-08-29 13:00:00,16.347,0.231,-2.904,16.017
2024-08-29 14:00:00,15.808,0.554,-2.798,15.43
2024-08-29 15:00:00,15.23,0.278,-4.68,14.002
2024-08-29 16:00:00,15.698,2.249,-9.49,11.68
2024-08-29 17:00:00,15.589,0.226,-12.102,9.371
2024-08-29 18:00:00,15.457,0.859,-14.946,2.343
2024-08-29 19:00:00,13.919,2.865,-10.094,7.886
2024-08-29 20:00:00,12.503,3.868,-10.768,3.318
2024-08-29 21:00:00,12.169,3.3,-11.273,0.93
2024-08-29 22:00:00,12.661,3.125,-11.762,1.474
2024-08-29 23:00:00,13.766,4.433,-11.892,1.09
2024-08-30 00:00:00,13.823,6.09,-9.844,7.298
2024-08-30 01:00:00,15.738,2.277,-13.742,5.997
2024-08-30 02:00:00,18.186,5.64,-14.826,8.39
2024-08-30 03:00:00,19.128,4.406,-15.548,8.759
2024-08-30 04:00:00,20.024,4.172,-15.393,11.647
2024-08-30 05:00:00,19.995,5.815,-14.383,12.357
2024-08-30 06:00:00,19.843,7.787,-13.58,11.917
2024-08-30 07:00:00,16.08,3.395,-5.516,6.574
2024-08-30 08:00:00,16.267,-6.708,13.729,-3.457
2024-08-30 09:00:00,15.153,-3.86,11.797,4.254
2024-08-30 10:00:00,14.574,-4.515,13.536,-0.839
2024-08-30 11:00:00,13.837,-5.558,12.184,-2.36
2024-08-30 12:00:00,13.439,-2.579,11.367,-6.214
2024-08-30 13:00:00,13.125,-6.336,10.187,-1.574
2024-08-30 14:00:00,8.747,-3.727,4.042,0.119
2024-08-30 15:00:00,11.457,-1.991,9.859,-3.008
2024-08-30 16:00:00,10.536,-3.91,4.979,-7.938
2024-08-30 17:00:00,10.709,-5.205,3.393,-8.581
2024-08-30 18:00:00,10.935,-4.033,5.897,-7.715
2024-08-30 19:00:00,10.419,-3.965,6.28,-7.0
2024-08-30 20:00:00,10.437,-0.322,9.576,-2.928
2024-08-30 21:00:00,10.232,-1.462,9.099,-4.072
2024-08-30 22:00:00,9.186,-1.09,6.099,-6.523
2024-08-30 23:00:00,9.282,-1.806,5.184,-6.871
2024-08-31 00:00:00,9.289,-2.342,4.675,-7.203
2024-08-31 01:00:00,8.481,-2.758,3.402,-6.635
2024-08-31 02:00:00,8.572,-2.141,3.824,-7.192
2024-08-31 03:00:00,8.382,-2.404,2.092,-7.693
2024-08-31 04:00:00,8.198,-1.806,3.333,-7.046
2024-08-31 05:00:00,7.55,-2.529,1.765,-4.961
2024-08-31 06:00:00,6.407,1.634,2.969,3.247
2024-08-31 07:00:00,7.305,0.907,3.84,6.005
2024-08-31 08:00:00,8.868,0.776,4.749,7.331
2024-08-31 09:00:00,9.216,0.59,5.396,7.364
2024-08-31 10:00:00,8.759,0.224,6.111,6.115
2024-08-31 11:00:00,8.444,0.553,6.584,4.964
2024-08-31 12:00:00,11.619,0.638,10.73,4.105
2024-08-31 13:00:00,10.402,-0.469,6.977,-3.721
2024-08-31 14:00:00,11.15,2.641,-7.693,-6.127
2024-08-31 15:00:00,7.859,2.018,-3.967,2.704
2024-08-31 16:00:00,11.375,3.331,6.271,8.651
2024-08-31 17:00:00,11.23,-4.164,8.823,-0.902
2024-08-31 18:00:00,12.554,-5.573,9.648,-4.117
2024-08-31 19:00:00,12.999,-5.871,9.43,-6.235
2024-08-31 20:00:00,12.788,-5.145,9.592,-6.584
2024-08-31 21:00:00,12.237,-5.84,9.096,-5.363
2024-08-31 22:00:00,11.888,-5.645,8.635,-5.191
2024-08-31 23:00:00,11.562,-6.691,8.185,-3.961
2024-09-01 00:00:00,11.033,-7.225,7.86,-2.407
2024-09-01 01:00:00,10.867,-7.201,7.622,-2.554
2024-09-01 02:00:00,11.124,-7.555,7.326,-3.256
2024-09-01 03:00:00,10.143,-6.317,5.844,2.093
2024-09-01 04:00:00,9.573,-7.643,2.486,4.062
2024-09-01 05:00:00,9.461,-8.505,0.317,-3.575
2024-09-01 06:00:00,9.078,-8.219,0.898,-2.988
2024-09-01 07:00:00,8.222,-7.063,-0.486,1.543
2024-09-01 08:00:00,7.695,-6.993,-0.655,1.182
2024-09-01 09:00:00,6.769,-0.83,-5.733,2.362
2024-09-01 10:00:00,5.306,1.732,-2.638,-0.91
2024-09-01 11:00:00,4.545,-0.818,1.669,-1.156
2024-09-01 12:00:00,5.792,-0.46,2.05,-3.443
2024-09-01 13:00:00,5.965,-1.535,2.872,-2.806
2024-09-01 14:00:00,4.593,-0.182,-1.408,-3.375
2024-09-01 15:00:00,4.598,2.122,-1.984,-1.937
2024-09-01 16:00:00,7.145,3.799,-3.678,-3.946
2024-09-01 17:00:00,6.334,3.435,-1.745,-3.464
2024-09-01 18:00:00,5.88,2.263,-4.174,-1.917
2024-09-01 19:00:00,5.523,4.296,-2.022,-1.602
2024-09-01 20:00:00,4.942,3.486,-1.069,0.441
2024-09-01 21:00:00,4.93,2.497,-1.257,-2.388
2024-09-01 22:00:00,5.344,-0.466,-0.469,4.415
2024-09-01 23:00:00,5.413,2.777,-3.636,-0.614
2024-09-02 00:00:00,5.418,2.946,-3.216,-0.637
2024-09-02 01:00:00,5.56,1.526,-3.083,-1.535
2024-09-02 02:00:00,5.531,1.445,-3.941,-0.576
2024-09-02 03:00:00,5.494,2.902,-3.602,-0.369
2024-09-02 04:00:00,5.847,-0.795,-4.579,-0.484
2024-09-02 05:00:00,6.156,0.789,-4.655,-2.017
2024-09-02 06:00:00,5.404,3.093,-2.372,-1.841
2024-09-02 07:00:00,5.723,0.84,-4.63,-0.187
2024-09-02 08:00:00,6.209,4.875,-2.605,-0.151
2024-09-02 09:00:00,5.973,4.287,0.712,-2.886
2024-09-02 10:00:00,6.308,5.393,2.721,-1.044
2024-09-02 11:00:00,5.76,4.593,1.998,1.525
2024-09-02 12:00:00,5.958,4.666,2.205,-1.31
2024-09-02 13:00:00,6.071,4.56,2.025,-2.342
2024-09-02 14:00:00,6.389,3.705,1.044,-3.697
2024-09-02 15:00:00,6.247,2.315,-4.311,-0.872
2024-09-02 16:00:00,6.056,4.911,-0.249,-1.588
2024-09-02 17:00:00,7.046,5.926,-2.001,-1.03
2024-09-02 18:00:00,8.168,5.023,-5.399,-1.535
2024-09-02 19:00:00,8.275,4.05,-2.124,4.555
2024-09-02 20:00:00,8.178,-0.202,2.818,7.058
2024-09-02 21:00:00,8.171,-1.716,3.725,6.264
2024-09-02 22:00:00,8.282,-1.35,1.767,7.434
2024-09-02 23:00:00,8.397,-3.856,-2.445,5.44
2024-09-03 00:00:00,8.407,1.833,-0.905,7.181
2024-09-03 01:00:00,10.687,-6.538,-5.848,5.317
2024-09-03 02:00:00,11.839,-4.33,-10.58,1.947
2024-09-03 03:00:00,11.309,-5.986,-8.429,-3.913
2024-09-03 04:00:00,11.171,-4.16,-8.63,-5.08
2024-09-03 05:00:00,10.986,-3.708,-8.623,-5.45
2024-09-03 06:00:00,10.565,-1.084,-9.748,-3.133
2024-09-03 07:00:00,10.305,-2.339,-8.368,-5.074
2024-09-03 08:00:00,9.72,-3.611,-6.713,-5.724
2024-09-03 09:00:00,9.249,-1.448,-7.712,-2.818
2024-09-03 10:00:00,8.931,-0.655,-8.064,-1.97
2024-09-03 11:00:00,8.835,-4.517,-6.894,-2.759
2024-09-03 12:00:00,8.157,-0.941,-7.635,1.008
2024-09-03 13:00:00,8.094,-0.273,-7.306,3.07
2024-09-03 14:00:00,7.777,-0.316,-7.301,2.035
2024-09-03 15:00:00,7.713,2.248,-5.093,4.695
2024-09-03 16:00:00,7.383,1.25,-5.103,4.942
2024-09-03 17:00:00,7.843,1.749,-2.177,7.214
2024-09-03 18:00:00,7.805,2.673,-1.177,7.163
2024-09-03 19:00:00,8.138,2.372,-4.533,5.838
2024-09-03 20:00:00,8.333,2.486,-3.772,5.545
2024-09-03 21:00:00,8.494,0.028,-2.399,7.144
2024-09-03 22:00:00,8.7,-0.26,-1.328,7.964
2024-09-03 23:00:00,9.097,4.139,-3.593,6.905
2024-09-04 00:00:00,8.994,4.199,-1.522,7.702
2024-09-04 01:00:00,8.824,5.137,-2.127,6.593
2024-09-04 02:00:00,8.837,1.657,1.423,7.566
2024-09-04 03:00:00,8.93,-1.171,1.733,8.482
2024-09-04 04:00:00,9.384,-1.232,2.893,8.663
2024-09-04 05:00:00,8.843,1.256,3.468,7.525
2024-09-04 06:00:00,8.476,2.011,1.187,7.699
2024-09-04 07:00:00,8.363,-2.02,1.137,7.857
2024-09-04 08:00:00,10.168,1.748,3.653,8.803
2024-09-04 09:00:00,15.091,0.698,11.894,9.035
2024-09-04 10:00:00,24.364,11.002,-12.396,9.778
2024-09-04 11:00:00,23.673,11.611,-18.285,4.451
2024-09-04 12:00:00,20.019,4.594,-16.219,-4.249
2024-09-04 13:00:00,17.479,6.481,-15.621,-0.877
2024-09-04 14:00:00,16.297,7.253,-12.697,3.513
2024-09-04 15:00:00,15.557,3.32,-2.345,12.318
2024-09-04 16:00:00,12.194,1.058,-7.456,8.346
2024-09-04 17:00:00,7.407,2.349,-1.995,5.931
2024-09-04 18:00:00,6.508,0.702,1.736,5.292
2024-09-04 19:00:00,9.948,1.528,2.145,9.21
2024-09-04 20:00:00,10.068,0.749,-5.911,4.102
2024-09-04 21:00:00,10.733,3.326,-9.569,1.324
2024-09-04 22:00:00,11.238,4.233,-7.937,5.108
2024-09-04 23:00:00,10.233,2.64,-7.866,5.109
2024-09-05 00:00:00,9.969,3.141,-7.73,4.596
2024-09-05 01:00:00,9.211,3.447,-7.452,-3.095
2024-09-05 02:00:00,9.111,4.879,-7.403,-0.403
2024-09-05 03:00:00,9.082,5.069,-6.021,3.957
2024-09-05 04:00:00,10.121,3.829,-8.573,-2.359
2024-09-05 05:00:00,9.897,3.714,-8.259,2.398
2024-09-05 06:00:00,9.025,4.025,-6.506,4.176
2024-09-05 07:00:00,8.179,4.237,-6.253,-0.935
2024-09-05 08:00:00,8.013,4.043,-5.352,-1.878
2024-09-05 09:00:00,8.251,3.992,-6.897,0.686
2024-09-05 10:00:00,8.097,1.702,-7.375,-1.841
2024-09-05 11:00:00,7.484,2.195,-6.434,-2.247
2024-09-05 12:00:00,7.259,0.954,-6.88,-1.107
2024-09-05 13:00:00,7.162,1.699,-6.262,-0.341
2024-09-05 14:00:00,7.08,2.394,-6.056,-1.409
2024-09-05 15:00:00,7.1,3.603,-5.599,0.23
2024-09-05 16:00:00,6.983,2.116,-6.106,-1.33
2024-09-05 17:00:00,6.794,3.075,-5.795,-0.419
2024-09-05 18:00:00,6.531,4.601,-4.071,0.698
2024-09-05 19:00:00,6.407,4.963,-3.463,-0.503
2024-09-05 20:00:00,6.656,5.436,-3.177,1.399
2024-09-05 21:00:00,6.705,6.249,-1.781,1.351
2024-09-05 22:00:00,6.325,5.279,-0.632,-1.299
2024-09-05 23:00:00,6.698,5.362,-2.277,3.066
2024-09-06 00:00:00,6.772,5.448,-1.987,3.171
2024-09-06 01:00:00,7.139,5.66,-3.215,2.249
2024-09-06 02:00:00,7.147,5.593,-1.12,3.991
2024-09-06 03:00:00,7.211,5.314,-1.293,4.51
2024-09-06 04:00:00,7.092,6.041,-2.046,2.912
2024-09-06 05:00:00,6.809,4.063,-3.697,-1.173
2024-09-06 06:00:00,6.873,4.407,-3.452,-3.145
2024-09-06 07:00:00,7.296,3.164,-3.38,-2.806
2024-09-06 08:00:00,7.26,3.976,-4.132,1.277
2024-09-06 09:00:00,7.233,2.747,-5.9,-0.181
2024-09-06 10:00:00,6.891,0.677,-0.145,-4.802
2024-09-06 11:00:00,8.107,7.048,-1.1,-1.555
2024-09-06 12:00:00,7.004,4.025,-4.847,-0.125
2024-09-06 13:00:00,7.245,5.257,-3.811,1.896
2024-09-06 14:00:00,7.451,5.344,-3.993,1.761
2024-09-06 15:00:00,7.715,5.387,-3.371,3.744
2024-09-06 16:00:00,7.886,4.895,-4.251,3.634
2024-09-06 17:00:00,7.556,4.491,-5.064,-0.178
2024-09-06 18:00:00,7.66,2.288,-6.723,-1.418
2024-09-06 19:00:00,7.406,4.139,-5.099,-1.087
2024-09-06 20:00:00,6.897,3.856,-3.739,-0.563
2024-09-06 21:00:00,6.834,4.579,-3.504,0.796
2024-09-06 22:00:00,7.261,5.301,-3.293,1.086
2024-09-06 23:00:00,7.255,2.667,-4.08,-3.167
2024-09-07 00:00:00,7.399,5.669,-3.945,0.469
2024-09-07 01:00:00,7.612,4.557,-4.047,-2.0
2024-09-07 02:00:00,7.809,3.665,-4.573,-0.49
2024-09-07 03:00:00,8.04,4.461,-3.464,1.924
2024-09-07 04:00:00,8.093,4.771,-0.046,3.767
2024-09-07 05:00:00,8.145,5.742,-1.881,3.132
2024-09-07 06:00:00,8.349,5.549,-5.434,1.729
2024-09-07 07:00:00,9.691,5.093,-5.769,2.722
2024-09-07 08:00:00,9.649,6.488,-3.475,-2.232
2024-09-07 09:00:00,9.565,8.352,-2.897,-0.333
2024-09-07 10:00:00,9.315,6.493,-3.244,2.262
2024-09-07 11:00:00,9.248,5.255,-4.838,-3.59
2024-09-07 12:00:00,9.292,5.196,-4.079,5.26
2024-09-07 13:00:00,8.982,4.613,-4.882,4.721
2024-09-07 14:00:00,8.663,3.067,-6.805,1.488
2024-09-07 15:00:00,8.525,3.767,-6.43,1.724
2024-09-07 16:00:00,8.359,4.742,-5.121,-1.786
2024-09-07 17:00:00,8.262,6.864,-3.438,0.911
2024-09-07 18:00:00,8.193,5.597,-3.831,0.701
2024-09-07 19:00:00,8.197,7.027,-3.836,-0.074
2024-09-07 20:00:00,8.262,6.497,-3.793,2.137
2024-09-07 21:00:00,8.271,6.52,-3.107,2.432
2024-09-07 22:00:00,8.235,7.425,-2.776,-0.535
2024-09-07 23:00:00,8.168,5.418,-4.441,-2.478
2024-09-08 00:00:00,8.046,5.248,-3.685,1.73
2024-09-08 01:00:00,8.114,5.775,-3.188,-2.872
2024-09-08 02:00:00,8.031,5.812,-4.648,-1.448
2024-09-08 03:00:00,7.964,5.694,-3.599,-2.18
2024-09-08 04:00:00,7.817,5.21,-5.098,0.019
2024-09-08 05:00:00,7.773,6.401,-2.545,-1.096
2024-09-08 06:00:00,7.636,4.838,-3.357,-1.444
2024-09-08 07:00:00,7.578,2.937,-5.376,-0.966
2024-09-08 08:00:00,7.361,2.99,-5.074,-0.917
2024-09-08 09:00:00,7.394,6.103,-1.539,1.028
2024-09-08 10:00:00,7.48,6.247,-1.148,-0.574
2024-09-08 11:00:00,7.451,-0.031,-4.199,-3.931
2024-09-08 12:00:00,7.611,2.964,-5.051,0.39
2024-09-08 13:00:00,7.815,2.698,-6.354,1.162
2024-09-08 14:00:00,7.972,3.721,-4.085,-2.93
2024-09-08 15:00:00,7.851,6.398,-2.618,0.372
2024-09-08 16:00:00,7.765,4.998,-5.089,1.152
2024-09-08 17:00:00,8.023,5.585,-4.667,-0.894
2024-09-08 18:00:00,8.89,6.16,-5.726,0.988
2024-09-08 19:00:00,9.379,6.633,-5.814,0.215
2024-09-08 20:00:00,9.408,5.764,-4.679,-3.651
2024-09-08 21:00:00,9.738,7.012,-5.066,-3.131
2024-09-08 22:00:00,9.962,6.868,-5.26,-3.998
2024-09-08 23:00:00,10.114,8.159,-2.794,-4.608
2024-09-09 00:00:00,10.167,7.92,0.373,-5.563
2024-09-09 01:00:00,10.101,9.674,-0.513,-2.328
2024-09-09 02:00:00,9.329,7.981,3.557,-2.261
2024-09-09 03:00:00,9.169,7.719,3.621,2.716
2024-09-09 04:00:00,10.834,4.104,1.535,7.414
2024-09-09 05:00:00,10.98,6.419,0.342,7.379
2024-09-09 06:00:00,11.266,7.084,4.62,4.213
2024-09-09 07:00:00,10.623,8.622,-0.119,3.49
2024-09-09 08:00:00,10.978,7.574,-4.824,5.04
2024-09-09 09:00:00,11.901,7.471,-6.695,5.951
2024-09-09 10:00:00,12.009,7.391,-5.797,5.316
2024-09-09 11:00:00,11.896,2.836,-0.015,11.423
2024-09-09 12:00:00,12.528,3.887,-1.807,11.603
2024-09-09 13:00:00,12.817,5.563,-3.259,10.503
2024-09-09 14:00:00,11.064,6.801,-5.337,4.969
2024-09-09 15:00:00,9.945,4.501,-5.487,-2.78
2024-09-09 16:00:00,9.919,6.239,-5.578,-3.868
2024-09-09 17:00:00,9.615,6.47,-6.029,-1.894
2024-09-09 18:00:00,9.288,5.163,-6.351,-2.808
2024-09-09 19:00:00,8.826,5.108,-5.321,1.492
2024-09-09 20:00:00,8.513,5.881,-4.832,0.183
2024-09-09 21:00:00,8.746,3.811,-5.909,-4.498
2024-09-09 22:00:00,8.622,4.892,-5.406,-3.63
2024-09-09 23:00:00,8.682,6.752,-4.57,0.306
2024-09-10 00:00:00,8.616,5.951,-5.463,-0.483
2024-09-10 01:00:00,8.179,5.409,-5.106,-1.386
2024-09-10 02:00:00,8.335,3.641,-4.661,3.413
2024-09-10 03:00:00,8.408,2.721,-3.072,6.663
2024-09-10 04:00:00,8.044,6.154,-3.78,-0.589
2024-09-10 05:00:00,7.735,5.706,-2.207,2.147
2024-09-10 06:00:00,7.522,3.13,-4.982,-1.719
2024-09-10 07:00:00,7.386,5.284,-2.172,4.08
2024-09-10 08:00:00,7.097,4.102,-4.422,1.174
2024-09-10 09:00:00,7.024,4.667,-3.585,-0.989
2024-09-10 10:00:00,6.827,4.585,-2.506,1.283
2024-09-10 11:00:00,6.957,4.954,-2.218,4.01
2024-09-10 12:00:00,6.818,5.207,-2.735,2.817
2024-09-10 13:00:00,6.689,5.293,-3.517,-0.046
2024-09-10 14:00:00,6.561,4.626,-3.783,1.186
2024-09-10 15:00:00,6.488,5.749,-2.299,0.375
2024-09-10 16:00:00,6.348,4.945,-3.534,1.171
2024-09-10 17:00:00,6.329,4.709,-3.133,2.048
2024-09-10 18:00:00,6.336,2.355,-4.501,-1.788
2024-09-10 19:00:00,4.783,1.258,-3.556,-1.216
2024-09-10 20:00:00,1.995,0.877,-1.203,0.512
2024-09-10 21:00:00,2.98,1.731,-2.173,-0.12
2024-09-10 22:00:00,4.666,2.498,-3.717,-0.137
2024-09-10 23:00:00,4.989,3.059,-3.794,0.033
2024-09-11 00:00:00,5.002,2.905,-3.963,0.326
2024-09-11 01:00:00,4.231,2.121,-3.323,-0.266
2024-09-11 02:00:00,4.175,-0.293,-3.53,-0.998
2024-09-11 03:00:00,4.551,2.39,-0.724,-2.091
2024-09-11 04:00:00,5.189,2.493,-3.398,-2.313
2024-09-11 05:00:00,5.072,3.423,-2.907,-0.487
2024-09-11 06:00:00,4.759,3.503,-1.937,-1.488
2024-09-11 07:00:00,3.438,2.25,-1.958,-0.751
2024-09-11 08:00:00,3.422,3.252,0.094,-0.009
2024-09-11 09:00:00,3.496,-1.559,-0.35,-1.966
2024-09-11 10:00:00,2.75,-1.82,-1.07,-0.775
2024-09-11 11:00:00,2.88,-2.426,-0.792,-0.589
2024-09-11 12:00:00,2.484,-2.274,0.072,0.082
2024-09-11 13:00:00,2.157,0.017,0.03,-1.292
2024-09-11 14:00:00,6.829,3.733,-5.116,0.669
2024-09-11 15:00:00,7.499,0.817,-2.602,-2.876
2024-09-11 16:00:00,10.119,-2.77,9.5,0.079
2024-09-11 17:00:00,10.781,-0.13,10.023,2.689
2024-09-11 18:00:00,9.275,-2.928,2.549,4.669
2024-09-11 19:00:00,8.472,-4.009,0.631,1.181
2024-09-11 20:00:00,9.654,-2.812,8.762,0.514
2024-09-11 21:00:00,8.852,-5.058,6.844,0.39
2024-09-11 22:00:00,8.729,-7.377,1.736,3.447
2024-09-11 23:00:00,8.012,-4.028,1.235,2.577
2024-09-12 00:00:00,7.28,-2.946,-5.504,-1.624
2024-09-12 01:00:00,5.64,-4.027,-2.146,0.742
2024-09-12 02:00:00,7.426,-2.861,2.794,5.843
2024-09-12 03:00:00,13.173,-3.803,0.136,5.193
2024-09-12 04:00:00,12.396,-2.133,-4.468,-5.079
2024-09-12 05:00:00,15.521,-0.824,7.776,-6.773
2024-09-12 06:00:00,16.394,-4.017,10.594,-10.695
2024-09-12 07:00:00,14.328,-2.491,5.949,-10.368
2024-09-12 08:00:00,15.122,-4.418,9.297,-6.618
2024-09-12 09:00:00,18.187,-6.23,6.438,-3.27
2024-09-12 10:00:00,16.213,-11.404,2.901,1.736
2024-09-12 11:00:00,18.205,-2.965,8.827,-4.233
2024-09-12 12:00:00,26.782,-6.399,24.733,-2.216
2024-09-12 13:00:00,28.562,-10.503,23.654,2.165
2024-09-12 14:00:00,26.875,-11.753,16.653,15.613
2024-09-12 15:00:00,24.447,-9.655,13.545,17.254
2024-09-12 16:00:00,24.946,-11.781,14.602,11.46
2024-09-12 17:00:00,24.899,-11.829,11.13,-18.36
2024-09-12 18:00:00,23.478,-9.753,15.083,-14.445
2024-09-12 19:00:00,17.996,-9.676,13.6,-5.839
2024-09-12 20:00:00,14.037,-8.476,10.858,-1.365
2024-09-12 21:00:00,12.68,-7.083,10.242,-1.638
2024-09-12 22:00:00,11.895,-8.498,4.623,-6.108
2024-09-12 23:00:00,10.692,-2.359,9.118,-4.712
2024-09-13 00:00:00,10.583,-7.564,3.008,-4.092
2024-09-13 01:00:00,10.08,-6.979,5.002,-4.334
2024-09-13 02:00:00,9.342,-5.188,6.031,-4.452
2024-09-13 03:00:00,8.824,-5.851,3.891,-5.094
2024-09-13 04:00:00,8.668,-5.375,3.865,-4.729
2024-09-13 05:00:00,8.419,-5.754,2.858,-4.503
2024-09-13 06:00:00,8.117,-4.725,1.937,-5.639
2024-09-13 07:00:00,7.873,-5.696,1.229,-4.482
2024-09-13 08:00:00,7.538,-4.529,4.231,-2.979
2024-09-13 09:00:00,7.22,-5.593,0.974,-3.976
2024-09-13 10:00:00,6.788,-4.214,2.056,-4.156
2024-09-13 11:00:00,6.491,-4.862,0.027,-3.38
2024-09-13 12:00:00,6.206,-4.077,1.335,-3.244
2024-09-13 13:00:00,6.093,-3.658,1.537,-3.329
2024-09-13 14:00:00,6.163,-3.883,3.88,-1.881
2024-09-13 15:00:00,5.816,-2.058,2.171,-1.141
2024-09-13 16:00:00,5.955,-3.365,1.708,-2.233
2024-09-13 17:00:00,6.285,-3.59,2.639,-3.322
2024-09-13 18:00:00,7.997,-3.817,-1.399,-6.53
2024-09-13 19:00:00,8.858,-2.488,-0.422,-8.179
2024-09-13 20:00:00,9.341,1.379,-1.425,-8.673
2024-09-13 21:00:00,9.116,-0.986,1.198,-6.77
2024-09-13 22:00:00,8.844,-5.973,5.564,-1.86
2024-09-13 23:00:00,7.862,-3.445,4.884,-2.429
2024-09-14 00:00:00,8.06,-5.995,4.25,1.715
2024-09-14 01:00:00,7.92,-5.646,4.216,1.38
2024-09-14 02:00:00,8.04,-4.616,5.469,-0.194
2024-09-14 03:00:00,7.432,-3.857,5.191,0.998
2024-09-14 04:00:00,7.133,-4.862,4.799,1.306
2024-09-14 05:00:00,6.7,-4.827,4.345,-0.101
2024-09-14 06:00:00,6.537,-3.079,2.513,-2.377
2024-09-14 07:00:00,6.938,1.666,0.737,-6.443
2024-09-14 08:00:00,7.139,-1.652,3.254,-3.518
2024-09-14 09:00:00,7.513,-3.651,1.468,-5.058
2024-09-14 10:00:00,8.06,-1.752,3.218,-5.532
2024-09-14 11:00:00,7.23,-5.263,3.58,0.516
2024-09-14 12:00:00,7.502,-5.629,3.457,0.264
2024-09-14 13:00:00,8.205,-6.316,2.558,4.0
2024-09-14 14:00:00,8.508,-6.662,0.027,5.098
2024-09-14 15:00:00,9.001,-7.663,1.981,3.75
2024-09-14 16:00:00,8.679,-6.615,4.358,2.736
2024-09-14 17:00:00,8.547,-6.484,3.729,0.287
2024-09-14 18:00:00,8.402,-5.115,4.818,-4.474
2024-09-14 19:00:00,8.21,-3.894,5.253,-4.664
2024-09-14 20:00:00,8.514,-3.904,5.469,-4.872
2024-09-14 21:00:00,8.688,-6.815,4.366,-0.416
2024-09-14 22:00:00,8.579,-6.672,3.423,3.139
2024-09-14 23:00:00,8.267,-6.766,2.552,2.363
2024-09-15 00:00:00,8.072,-6.282,1.411,4.137
2024-09-15 01:00:00,7.893,-6.153,3.164,-1.228
2024-09-15 02:00:00,7.488,-5.171,2.947,-1.188
2024-09-15 03:00:00,7.353,-3.645,2.87,-4.364
2024-09-15 04:00:00,7.171,-4.321,2.31,-1.915
2024-09-15 05:00:00,7.07,-4.216,4.078,-2.065
2024-09-15 06:00:00,7.236,-5.307,3.52,-0.029
2024-09-15 07:00:00,7.419,-3.171,5.855,-1.383
2024-09-15 08:00:00,7.305,-4.945,1.313,1.294
2024-09-15 09:00:00,7.479,-6.764,2.146,0.637
2024-09-15 10:00:00,7.366,-5.7,0.364,2.785
2024-09-15 11:00:00,7.308,-3.954,2.163,0.334
2024-09-15 12:00:00,7.304,-5.362,2.728,-1.375
2024-09-15 13:00:00,7.402,-5.226,3.966,0.452
2024-09-15 14:00:00,7.654,-6.317,1.403,-1.068
2024-09-15 15:00:00,7.729,-4.599,4.483,-0.951
2024-09-15 16:00:00,7.574,-4.668,4.612,0.76
2024-09-15 17:00:00,7.683,-5.497,3.441,-0.745
2024-09-15 18:00:00,7.722,-4.45,2.637,-3.493
2024-09-15 19:00:00,7.592,-6.043,3.871,0.597
2024-09-15 20:00:00,7.518,-6.14,1.684,0.915
2024-09-15 21:00:00,7.68,-6.927,1.416,-0.454
2024-09-15 22:00:00,7.454,-4.352,4.971,2.311
2024-09-15 23:00:00,7.65,-1.604,6.756,0.636
2024-09-16 00:00:00,7.395,-3.797,5.072,-1.304
2024-09-16 01:00:00,7.218,-4.721,-2.583,-1.946
2024-09-16 02:00:00,7.424,-4.885,-1.447,2.413
2024-09-16 03:00:00,7.436,-2.384,3.346,-3.167
2024-09-16 04:00:00,7.509,-3.134,3.894,2.366
2024-09-16 05:00:00,9.794,-2.76,5.117,-1.874
2024-09-16 06:00:00,9.396,-0.079,6.201,-0.1
2024-09-16 07:00:00,9.062,-3.046,6.105,2.422
2024-09-16 08:00:00,9.101,-3.665,7.36,-0.445
2024-09-16 09:00:00,9.782,-4.197,4.767,-5.606
2024-09-16 10:00:00,9.565,-5.011,4.701,-4.858
2024-09-16 11:00:00,8.396,-4.32,-1.468,-2.885
2024-09-16 12:00:00,8.443,-7.088,-1.801,-2.187
2024-09-16 13:00:00,8.292,-5.4,1.762,2.466
2024-09-16 14:00:00,8.092,-4.89,2.095,-1.087
2024-09-16 15:00:00,7.815,-2.959,3.157,4.225
2024-09-16 16:00:00,7.894,-4.214,0.793,4.245
2024-09-16 17:00:00,7.928,-5.664,-1.555,5.065
2024-09-16 18:00:00,7.903,-4.665,0.606,5.267
2024-09-16 19:00:00,7.992,-7.203,-0.174,0.112
2024-09-16 20:00:00,8.13,-3.216,5.193,3.143
2024-09-16 21:00:00,8.563,-1.59,6.9,3.631
2024-09-16 22:00:00,10.09,-4.528,7.935,1.549
2024-09-16 23:00:00,16.062,-8.42,5.696,-1.287
2024-09-17 00:00:00,17.056,-6.688,7.93,-10.039
2024-09-17 01:00:00,17.91,-7.515,6.988,-10.147
2024-09-17 02:00:00,16.752,-7.932,7.947,-11.456
2024-09-17 03:00:00,15.593,-2.946,14.108,0.602
2024-09-17 04:00:00,16.444,-4.018,15.775,0.362
2024-09-17 05:00:00,17.139,-5.264,16.106,1.53
2024-09-17 06:00:00,16.309,-2.821,14.714,-0.43
2024-09-17 07:00:00,15.749,-1.624,13.991,-5.1
2024-09-17 08:00:00,14.956,-2.151,13.923,-0.884
2024-09-17 09:00:00,14.067,-2.065,12.731,-1.134
2024-09-17 10:00:00,13.177,-4.176,10.641,-4.66
2024-09-17 11:00:00,12.167,-4.168,10.594,0.772
2024-09-17 12:00:00,11.661,-5.751,7.492,-1.906
2024-09-17 13:00:00,11.0,-9.126,-1.427,-3.83
2024-09-17 14:00:00,10.223,-7.644,-1.779,-1.553
2024-09-17 15:00:00,10.479,-9.108,0.091,-4.999
2024-09-17 16:00:00,10.511,-9.62,-0.781,-3.987
2024-09-17 17:00:00,9.863,-9.315,-0.494,-3.021
2024-09-17 18:00:00,9.437,-8.476,-1.666,-3.378
2024-09-17 19:00:00,9.019,-8.092,-0.34,-3.658
2024-09-17 20:00:00,8.429,-8.032,-0.121,-2.242
2024-09-17 21:00:00,8.394,-7.632,0.116,-2.086
2024-09-17 22:00:00,7.877,-6.187,-1.995,-3.793
2024-09-17 23:00:00,7.751,-6.191,-2.095,-3.904
2024-09-18 00:00:00,7.878,-6.681,-2.408,-3.112
2024-09-18 01:00:00,8.323,-7.774,-1.438,-0.891
2024-09-18 02:00:00,8.137,-7.525,-2.571,-0.895
2024-09-18 03:00:00,7.659,-6.707,-3.097,-0.628
2024-09-18 04:00:00,7.454,-6.463,-1.709,1.983
2024-09-18 05:00:00,7.351,-6.296,-0.711,0.096
2024-09-18 06:00:00,7.22,-6.526,-2.224,0.331
2024-09-18 07:00:00,7.412,-5.599,-3.821,2.602
2024-09-18 08:00:00,6.905,-5.979,-1.214,0.726
2024-09-18 09:00:00,6.9,-4.376,3.041,-2.24
2024-09-18 10:00:00,7.251,-5.476,2.58,0.915
2024-09-18 11:00:00,7.381,-5.177,4.649,-0.825
2024-09-18 12:00:00,7.312,-6.816,0.276,0.548
2024-09-18 13:00:00,7.245,-6.259,0.826,-3.171
2024-09-18 14:00:00,7.197,-5.877,-0.951,-3.482
2024-09-18 15:00:00,6.954,-6.377,0.262,-2.112
2024-09-18 16:00:00,6.973,-6.447,-1.742,0.529
2024-09-18 17:00:00,6.977,-5.952,-3.175,-0.781
2024-09-18 18:00:00,7.224,-4.712,-3.96,2.0
2024-09-18 19:00:00,7.114,-5.851,-2.739,1.47
2024-09-18 20:00:00,6.415,-4.254,-0.577,0.243
2024-09-18 21:00:00,6.971,-2.799,2.567,-5.595
2024-09-18 22:00:00,7.62,-2.233,4.844,-3.817
2024-09-18 23:00:00,7.799,-0.189,2.534,-7.101
2024-09-19 00:00:00,7.33,-2.634,3.054,-5.713
2024-09-19 01:00:00,7.227,-3.217,3.892,-4.313
2024-09-19 02:00:00,6.839,-3.617,4.837,-1.536
2024-09-19 03:00:00,7.164,-4.909,3.471,-3.437
2024-09-19 04:00:00,6.802,-5.769,1.535,-2.701
2024-09-19 05:00:00,7.207,-5.272,2.262,-0.331
2024-09-19 06:00:00,8.082,-5.432,-1.077,1.453
2024-09-19 07:00:00,8.946,-5.749,-2.897,-4.953
2024-09-19 08:00:00,8.147,-4.972,3.304,1.524
2024-09-19 09:00:00,8.245,-1.84,4.261,6.045
2024-09-19 10:00:00,8.497,-2.164,6.518,-2.248
2024-09-19 11:00:00,8.854,-2.39,7.015,-4.666
2024-09-19 12:00:00,8.909,-3.765,6.311,-4.8
2024-09-19 13:00:00,8.741,-4.006,5.709,-4.979
2024-09-19 14:00:00,8.548,-4.054,7.156,-1.722
2024-09-19 15:00:00,7.935,-4.394,6.318,-0.701
2024-09-19 16:00:00,7.04,-3.35,5.903,0.342
2024-09-19 17:00:00,7.039,-3.706,4.603,-2.701
2024-09-19 18:00:00,7.276,-4.894,4.978,1.087
2024-09-19 19:00:00,6.858,-4.779,4.105,2.366
2024-09-19 20:00:00,7.186,-5.243,1.537,-0.814
2024-09-19 21:00:00,7.564,-7.16,1.134,1.267
2024-09-19 22:00:00,7.269,-6.039,0.642,2.838
2024-09-19 23:00:00,6.973,-5.272,0.313,3.455
2024-09-20 00:00:00,7.016,-5.295,-0.678,3.783
2024-09-20 01:00:00,6.813,-3.771,2.232,3.162
2024-09-20 02:00:00,6.641,-3.899,4.109,2.821
2024-09-20 03:00:00,5.429,-3.831,0.553,2.119
2024-09-20 04:00:00,5.898,-3.198,-1.103,3.444
2024-09-20 05:00:00,6.081,-4.248,0.507,3.8
2024-09-20 06:00:00,6.129,-5.226,1.076,-0.152
2024-09-20 07:00:00,6.259,-4.667,3.441,1.411
2024-09-20 08:00:00,6.259,-4.849,2.942,1.955
2024-09-20 09:00:00,5.572,-3.616,2.246,2.276
2024-09-20 10:00:00,4.961,-3.514,0.262,2.587
2024-09-20 11:00:00,5.701,-3.508,2.187,3.019
2024-09-20 12:00:00,6.065,-3.254,3.416,2.972
2024-09-20 13:00:00,5.738,-2.268,-3.226,1.865
2024-09-20 14:00:00,5.736,-4.002,1.629,2.426
2024-09-20 15:00:00,5.911,-4.832,0.621,2.275
2024-09-20 16:00:00,6.128,-4.561,3.226,1.639
2024-09-20 17:00:00,6.106,-4.772,2.033,2.211
2024-09-20 18:00:00,5.979,-4.993,2.722,0.48
2024-09-20 19:00:00,5.895,-4.889,2.624,-0.814
2024-09-20 20:00:00,5.996,-4.892,1.918,-2.499
2024-09-20 21:00:00,4.953,-3.361,2.943,-1.556
2024-09-20 22:00:00,5.138,-4.421,0.267,-1.643
2024-09-20 23:00:00,5.421,-4.86,0.949,-0.363
2024-09-21 00:00:00,6.025,-4.93,3.208,0.196
2024-09-21 01:00:00,6.082,-3.989,4.288,-0.205
2024-09-21 02:00:00,5.768,-5.018,2.063,0.043
2024-09-21 03:00:00,3.331,-1.92,-0.698,1.454
2024-09-21 04:00:00,5.23,-3.62,-1.128,2.876
2024-09-21 05:00:00,3.938,-3.444,-0.344,0.051
2024-09-21 06:00:00,5.687,-5.254,1.725,-0.259
2024-09-21 07:00:00,4.207,-1.905,1.559,0.997
2024-09-21 08:00:00,3.273,2.311,-0.078,2.155
2024-09-21 09:00:00,5.226,4.264,-2.553,-0.024
2024-09-21 10:00:00,5.464,4.576,-0.251,2.252
2024-09-21 11:00:00,5.884,4.996,-1.697,2.017
2024-09-21 12:00:00,6.507,5.522,-2.391,0.467
2024-09-21 13:00:00,6.401,4.86,-3.148,0.48
2024-09-21 14:00:00,6.621,3.485,-5.293,-1.352
2024-09-21 15:00:00,6.698,4.776,-3.987,1.373
2024-09-21 16:00:00,6.442,4.448,-3.609,-0.46
2024-09-21 17:00:00,6.815,4.672,-3.829,-1.826
2024-09-21 18:00:00,6.799,1.746,-3.382,-3.195
2024-09-21 19:00:00,6.488,3.916,-4.206,2.041
2024-09-21 20:00:00,6.318,4.282,-3.636,0.218
2024-09-21 21:00:00,6.61,4.04,-4.72,0.459
2024-09-21 22:00:00,6.714,4.295,-4.257,2.287
2024-09-21 23:00:00,6.743,4.124,-4.718,-0.014
2024-09-22 00:00:00,6.826,3.896,-5.33,1.036
2024-09-22 01:00:00,6.922,5.394,-3.928,1.14
2024-09-22 02:00:00,6.769,4.722,-4.545,-0.199
2024-09-22 03:00:00,6.711,2.437,-5.879,-0.041
2024-09-22 04:00:00,6.307,4.654,-4.049,0.388
2024-09-22 05:00:00,5.913,4.071,-3.831,0.769
2024-09-22 06:00:00,6.212,3.49,-4.658,1.309
2024-09-22 07:00:00,6.054,4.106,-3.798,0.636
2024-09-22 08:00:00,5.635,4.635,-1.396,-0.946
2024-09-22 09:00:00,5.067,4.275,-1.827,-0.483
2024-09-22 10:00:00,5.202,4.024,0.335,0.524
2024-09-22 11:00:00,4.929,4.269,0.726,0.452
2024-09-22 12:00:00,5.959,5.061,-1.824,1.736
2024-09-22 13:00:00,5.792,0.344,-2.044,-0.817
2024-09-22 14:00:00,5.518,-3.345,-2.459,-2.164
2024-09-22 15:00:00,6.28,2.93,-3.988,-0.253
2024-09-22 16:00:00,6.753,4.187,-3.881,2.604
2024-09-22 17:00:00,6.575,3.343,-3.944,1.213
2024-09-22 18:00:00,6.544,4.536,-2.353,1.597
2024-09-22 19:00:00,6.775,5.391,-1.668,2.57
2024-09-22 20:00:00,7.14,5.65,-3.31,1.106
2024-09-22 21:00:00,7.819,7.331,-2.27,-0.492
2024-09-22 22:00:00,8.088,7.689,-1.37,-0.465
2024-09-22 23:00:00,8.604,8.437,-0.986,-0.956
2024-09-23 00:00:00,8.744,8.596,-0.709,0.634
2024-09-23 01:00:00,8.16,8.025,-0.274,1.017
2024-09-23 02:00:00,7.863,7.652,-0.59,0.237
2024-09-23 03:00:00,7.298,6.544,1.253,-2.078
2024-09-23 04:00:00,7.683,7.06,-2.161,-1.517
2024-09-23 05:00:00,7.156,6.251,-2.785,-0.416
2024-09-23 06:00:00,7.034,6.216,-2.658,0.411
2024-09-23 07:00:00,6.877,6.543,-1.819,-0.072
2024-09-23 08:00:00,6.963,5.979,1.377,-0.717
2024-09-23 09:00:00,6.353,5.263,1.661,1.94
2024-09-23 10:00:00,6.784,4.542,3.061,1.317
2024-09-23 11:00:00,8.207,3.758,2.84,-1.733
2024-09-23 12:00:00,9.393,-0.104,2.568,-4.077
2024-09-23 13:00:00,8.758,2.13,-3.28,-6.138
2024-09-23 14:00:00,8.9,3.586,0.516,-5.954
2024-09-23 15:00:00,8.064,-0.874,2.155,-2.9
2024-09-23 16:00:00,8.956,3.955,-4.438,4.423
2024-09-23 17:00:00,11.123,3.844,-4.522,8.9
2024-09-23 18:00:00,11.826,6.369,-6.891,6.919
2024-09-23 19:00:00,11.93,7.725,-7.907,3.756
2024-09-23 20:00:00,12.075,6.167,-7.197,5.7
2024-09-23 21:00:00,12.27,5.013,-6.643,8.713
2024-09-23 22:00:00,12.197,4.907,-7.942,6.338
2024-09-23 23:00:00,11.045,2.223,-4.227,6.29
2024-09-24 00:00:00,7.298,-0.384,-1.555,2.768
2024-09-24 01:00:00,5.298,-0.29,-3.992,2.772
2024-09-24 02:00:00,4.831,-2.085,-2.787,3.051
2024-09-24 03:00:00,6.767,-4.565,-1.802,4.125
2024-09-24 04:00:00,6.169,-4.835,0.881,3.474
2024-09-24 05:00:00,5.669,-4.322,2.946,1.891
2024-09-24 06:00:00,5.611,-3.028,3.854,2.465
2024-09-24 07:00:00,5.244,-0.492,4.44,-1.052
2024-09-24 08:00:00,5.432,2.23,3.199,-3.36
2024-09-24 09:00:00,6.661,-2.249,5.366,-2.829
2024-09-24 10:00:00,6.967,-3.073,4.882,-3.064
2024-09-24 11:00:00,7.174,-4.165,4.834,-2.562
2024-09-24 12:00:00,7.182,-4.638,4.097,-3.006
2024-09-24 13:00:00,7.691,-5.529,4.599,-1.579
2024-09-24 14:00:00,7.719,-6.539,3.826,-0.11
2024-09-24 15:00:00,7.748,-7.457,-0.126,-0.482
2024-09-24 16:00:00,6.884,-6.141,1.064,2.393
2024-09-24 17:00:00,8.812,-6.777,4.537,-0.063
2024-09-24 18:00:00,9.337,-5.123,6.226,-1.129
2024-09-24 19:00:00,9.896,-7.901,1.794,4.523
2024-09-24 20:00:00,9.512,-7.637,1.846,4.391
2024-09-24 21:00:00,9.907,-4.411,4.386,-3.613
2024-09-24 22:00:00,10.211,0.33,1.22,-8.214
2024-09-24 23:00:00,9.479,-3.376,4.308,0.636
2024-09-25 00:00:00,10.792,-4.712,8.445,-1.203
2024-09-25 01:00:00,10.967,-5.622,8.813,0.778
2024-09-25 02:00:00,11.338,-5.498,7.21,-0.482
2024-09-25 03:00:00,11.205,-5.356,7.232,-5.486
2024-09-25 04:00:00,11.147,-5.318,7.017,3.804
2024-09-25 05:00:00,11.311,-5.161,8.363,-1.623
2024-09-25 06:00:00,10.795,-5.42,7.013,0.503
2024-09-25 07:00:00,10.756,-4.626,6.429,-1.314
2024-09-25 08:00:00,10.202,-3.258,6.784,2.413
2024-09-25 09:00:00,10.148,-6.29,6.074,-0.799
2024-09-25 10:00:00,9.647,-6.051,5.973,1.675
2024-09-25 11:00:00,9.782,-6.073,6.101,0.556
2024-09-25 12:00:00,9.491,-6.007,4.308,-2.494
2024-09-25 13:00:00,8.818,-5.82,4.689,-2.242
2024-09-25 14:00:00,7.974,0.297,3.889,-5.609
2024-09-25 15:00:00,7.057,-4.932,2.111,1.379
2024-09-25 16:00:00,7.164,-3.532,4.107,-0.988
2024-09-25 17:00:00,7.245,-2.23,5.965,-1.709
2024-09-25 18:00:00,7.41,-2.341,6.016,-2.495
2024-09-25 19:00:00,7.377,-2.076,6.29,-1.451
2024-09-25 20:00:00,5.822,-1.921,3.752,-2.8
2024-09-25 21:00:00,6.102,-3.229,3.917,-2.503
2024-09-25 22:00:00,6.504,-2.783,5.262,-1.796
2024-09-25 23:00:00,6.364,-1.606,5.055,0.972
2024-09-26 00:00:00,5.872,-1.68,5.086,0.691
2024-09-26 01:00:00,4.953,-1.412,4.233,-0.748
2024-09-26 02:00:00,4.372,-0.332,1.953,-3.073
2024-09-26 03:00:00,3.983,-0.96,0.317,-2.896
2024-09-26 04:00:00,4.251,-0.617,1.193,-3.144
2024-09-26 05:00:00,4.331,-2.093,-0.349,-2.834
2024-09-26 06:00:00,4.702,-2.998,2.943,-0.903
2024-09-26 07:00:00,4.966,-2.754,3.648,0.572
2024-09-26 08:00:00,5.204,-3.409,2.133,-3.093
2024-09-26 09:00:00,5.059,-3.151,3.176,-1.989
2024-09-26 10:00:00,4.487,-3.065,0.824,-2.611
2024-09-26 11:00:00,4.297,-1.127,2.305,-1.648
2024-09-26 12:00:00,4.592,-2.822,1.564,-2.267
2024-09-26 13:00:00,4.767,-4.366,0.638,-1.35
2024-09-26 14:00:00,4.699,-4.259,0.191,-1.578
2024-09-26 15:00:00,4.698,-3.994,0.264,-2.177
2024-09-26 16:00:00,4.706,-4.236,1.09,-1.287
2024-09-26 17:00:00,4.714,-3.95,1.931,1.02
2024-09-26 18:00:00,4.484,-1.989,3.56,-0.07
2024-09-26 19:00:00,5.285,-3.083,4.067,0.963
2024-09-26 20:00:00,5.716,-2.063,3.837,3.542
2024-09-26 21:00:00,5.642,-2.37,4.35,2.264
2024-09-26 22:00:00,5.612,-2.784,4.598,1.17
2024-09-26 23:00:00,5.398,-2.55,4.219,0.993
2024-09-27 00:00:00,5.488,-1.636,2.952,4.034
2024-09-27 01:00:00,5.165,-2.411,2.715,2.341
2024-09-27 02:00:00,4.699,-1.326,3.298,-2.835
2024-09-27 03:00:00,3.876,-1.293,2.541,-1.758
2024-09-27 04:00:00,5.566,1.493,4.08,-3.327
2024-09-27 05:00:00,5.787,0.253,4.299,-3.648
2024-09-27 06:00:00,5.912,-0.316,4.379,-3.792
2024-09-27 07:00:00,5.798,0.473,4.462,-3.16
2024-09-27 08:00:00,6.059,-1.209,3.955,-4.103
2024-09-27 09:00:00,6.297,-0.199,4.186,-4.59
2024-09-27 10:00:00,6.15,1.098,3.987,-4.304
2024-09-27 11:00:00,5.417,-2.898,1.54,1.292
2024-09-27 12:00:00,4.99,-3.831,1.335,2.099
2024-09-27 13:00:00,5.176,-4.224,0.989,2.114
2024-09-27 14:00:00,5.709,-4.124,-1.394,3.46
2024-09-27 15:00:00,5.741,-4.606,-2.113,2.517
2024-09-27 16:00:00,5.769,-3.586,-3.126,2.819
2024-09-27 17:00:00,5.628,-2.651,-3.034,3.043
2024-09-27 18:00:00,5.817,-2.581,-0.951,4.987
2024-09-27 19:00:00,5.764,-3.989,-2.526,2.897
2024-09-27 20:00:00,5.786,-3.115,-2.324,4.016
2024-09-27 21:00:00,5.482,-2.545,-0.945,4.445
2024-09-27 22:00:00,5.392,-3.494,-1.408,3.756
2024-09-27 23:00:00,5.005,-3.054,-1.763,3.463
2024-09-28 00:00:00,4.8,-2.627,-1.468,3.535
2024-09-28 01:00:00,4.409,-2.973,-0.589,3.038
2024-09-28 02:00:00,4.442,-3.042,1.045,2.775
2024-09-28 03:00:00,4.745,-4.362,-1.058,1.128
2024-09-28 04:00:00,5.311,-4.652,-0.382,2.217
2024-09-28 05:00:00,5.173,-2.348,2.348,1.732
2024-09-28 06:00:00,5.083,-0.248,4.156,2.642
2024-09-28 07:00:00,7.431,-5.944,0.53,-2.542
2024-09-28 08:00:00,7.6,-5.246,0.166,-4.423
2024-09-28 09:00:00,8.282,-6.6,-0.643,-4.564
2024-09-28 10:00:00,8.53,-6.902,2.236,-3.596
2024-09-28 11:00:00,6.588,-4.461,3.609,-1.406
2024-09-28 12:00:00,5.206,-0.098,1.85,1.63
2024-09-28 13:00:00,6.322,-3.657,3.021,-2.576
2024-09-28 14:00:00,7.215,-3.936,2.687,-5.171
2024-09-28 15:00:00,4.859,-3.951,-0.096,1.133
2024-09-28 16:00:00,5.197,-2.577,2.723,-1.056
2024-09-28 17:00:00,5.87,-3.06,2.48,-2.402
2024-09-28 18:00:00,5.559,-0.129,4.119,-1.355
2024-09-28 19:00:00,5.463,-1.937,2.579,-2.054
2024-09-28 20:00:00,6.007,-5.213,0.759,0.826
2024-09-28 21:00:00,6.551,-4.071,2.926,0.701
2024-09-28 22:00:00,6.164,-1.397,5.197,-2.618
2024-09-28 23:00:00,5.867,-1.223,4.666,-1.94
2024-09-29 00:00:00,6.015,-0.736,4.815,-1.444
2024-09-29 01:00:00,6.247,-0.562,5.168,-1.213
2024-09-29 02:00:00,6.672,0.935,4.745,3.591
2024-09-29 03:00:00,7.093,2.123,1.748,2.173
2024-09-29 04:00:00,8.155,-5.85,2.263,-4.464
2024-09-29 05:00:00,8.228,-4.77,1.109,-5.667
2024-09-29 06:00:00,8.955,-4.117,6.172,-4.21
2024-09-29 07:00:00,9.224,-1.475,8.907,-0.718
2024-09-29 08:00:00,6.207,-0.608,4.405,-0.696
2024-09-29 09:00:00,7.009,-1.836,5.866,-0.733
2024-09-29 10:00:00,9.244,-1.246,6.971,5.385
2024-09-29 11:00:00,7.2,-2.804,4.197,4.058
2024-09-29 12:00:00,9.83,-2.0,5.877,0.001
2024-09-29 13:00:00,9.779,2.518,-1.881,6.3
2024-09-29 14:00:00,13.341,5.626,-11.043,-0.155
2024-09-29 15:00:00,11.086,5.284,-5.172,5.038
2024-09-29 16:00:00,12.703,4.048,-0.639,11.256
2024-09-29 17:00:00,12.832,5.925,-0.423,10.627
2024-09-29 18:00:00,12.559,5.342,0.099,9.913
2024-09-29 19:00:00,9.883,3.202,1.118,1.745
2024-09-29 20:00:00,9.748,5.728,0.596,2.341
2024-09-29 21:00:00,11.589,7.412,-1.589,7.774
2024-09-29 22:00:00,11.619,5.504,-6.458,-2.812
2024-09-29 23:00:00,12.357,-2.123,-6.97,-9.281
2024-09-30 00:00:00,11.05,1.485,-7.335,-6.831
2024-09-30 01:00:00,8.771,5.991,-2.39,2.902
2024-09-30 02:00:00,8.719,5.099,-2.84,1.627
2024-09-30 03:00:00,9.104,4.785,-2.87,5.656
2024-09-30 04:00:00,8.944,5.314,-6.238,-1.833
2024-09-30 05:00:00,8.808,7.313,-4.173,-0.036
2024-09-30 06:00:00,8.527,7.204,-4.177,-0.803
2024-09-30 07:00:00,8.631,7.582,-1.282,-1.546
2024-09-30 08:00:00,8.468,6.588,-2.774,3.414
2024-09-30 09:00:00,8.434,5.921,-3.083,4.109
2024-09-30 10:00:00,8.483,1.771,-0.917,7.102
2024-09-30 11:00:00,8.331,4.412,-5.91,1.168
2024-09-30 12:00:00,7.98,4.013,-4.825,-0.259
2024-09-30 13:00:00,7.993,5.554,-0.993,3.216
2024-09-30 14:00:00,7.934,3.31,-5.194,-2.935
2024-09-30 15:00:00,7.503,3.697,-4.953,-1.309
2024-09-30 16:00:00,7.323,2.928,-5.311,0.533
2024-09-30 17:00:00,6.832,1.921,-4.507,-0.447
2024-09-30 18:00:00,6.781,3.701,-2.711,-2.963
2024-09-30 19:00:00,6.621,3.77,-3.052,-2.031
2024-09-30 20:00:00,6.873,3.588,-1.076,-3.782
2024-09-30 21:00:00,7.344,5.749,-2.745,1.838
2024-09-30 22:00:00,6.763,3.517,-2.888,4.227
2024-09-30 23:00:00,6.626,0.736,-5.047,2.906
2024-10-01 00:00:00,6.949,5.136,-3.817,-0.226
2024-10-01 01:00:00,6.556,4.273,-3.361,0.127
2024-10-01 02:00:00,6.851,2.174,-3.172,-4.169
2024-10-01 03:00:00,6.591,2.886,-3.91,-3.878
2024-10-01 04:00:00,7.097,3.65,-5.43,-2.113
2024-10-01 05:00:00,7.087,4.974,-4.83,-1.223
2024-10-01 06:00:00,6.713,4.714,-1.773,1.627
2024-10-01 07:00:00,6.709,3.444,-0.673,2.408
2024-10-01 08:00:00,6.768,4.479,-2.644,3.397
2024-10-01 09:00:00,6.465,3.574,-0.694,4.249
2024-10-01 10:00:00,6.506,4.345,-3.734,2.353
2024-10-01 11:00:00,6.278,3.005,-5.164,0.177
2024-10-01 12:00:00,6.098,3.998,-4.149,0.778
2024-10-01 13:00:00,5.658,2.461,-4.387,-0.823
2024-10-01 14:00:00,5.344,3.27,-2.825,0.18
2024-10-01 15:00:00,5.264,3.532,-1.129,-1.479
2024-10-01 16:00:00,5.726,2.207,-3.525,-2.534
2024-10-01 17:00:00,5.539,1.946,-4.68,-0.27
2024-10-01 18:00:00,5.566,2.54,-3.003,3.083
2024-10-01 19:00:00,5.731,1.817,2.094,4.288
2024-10-01 20:00:00,5.706,1.855,2.364,4.579
2024-10-02 13:00:00,5.969,-0.095,-5.599,1.433
2024-10-02 14:00:00,5.206,0.604,-3.792,-0.536
2024-10-02 15:00:00,5.114,2.903,-3.452,0.829
2024-10-02 16:00:00,5.139,3.397,-2.916,2.01
2024-10-02 17:00:00,5.106,2.501,-3.25,-0.516
2024-10-02 18:00:00,5.537,2.691,-3.589,-0.728
2024-10-02 19:00:00,5.981,2.626,-3.789,-3.35
2024-10-02 20:00:00,5.997,2.052,-4.736,-2.439
2024-10-02 21:00:00,6.308,1.862,-5.246,-2.216
2024-10-02 22:00:00,5.558,3.369,-3.24,-1.749
2024-10-02 23:00:00,5.404,4.97,-0.258,0.906
2024-10-03 00:00:00,5.131,4.892,-0.671,-0.189
2024-10-03 01:00:00,5.402,5.221,-0.57,0.025
2024-10-03 02:00:00,6.651,5.791,-1.782,1.431
2024-10-03 03:00:00,6.494,3.22,-2.643,-3.023
2024-10-03 04:00:00,5.925,0.478,-4.399,-3.027
2024-10-03 05:00:00,6.082,2.092,-3.465,-1.028
2024-10-03 06:00:00,5.819,1.764,-4.071,-3.273
2024-10-03 07:00:00,5.51,3.522,-2.886,-0.456
2024-10-03 08:00:00,5.12,2.672,-2.18,-2.693
2024-10-03 09:00:00,5.089,2.11,-3.011,-1.808
2024-10-03 10:00:00,6.095,2.312,-5.069,-0.623
2024-10-03 11:00:00,6.439,2.488,1.686,-3.597
2024-10-03 12:00:00,5.803,4.414,1.657,-0.201
2024-10-03 13:00:00,6.057,4.627,-1.377,2.586
2024-10-03 14:00:00,7.442,6.414,-3.349,0.782
2024-10-03 15:00:00,8.104,6.093,-4.216,1.775
2024-10-03 16:00:00,8.379,4.766,-5.869,-0.825
2024-10-03 17:00:00,8.41,3.473,-5.688,-2.028
2024-10-03 18:00:00,7.902,3.354,-5.971,-0.729
2024-10-03 19:00:00,7.652,2.578,-5.818,-2.796
2024-10-03 20:00:00,6.889,2.895,-3.963,0.299
2024-10-03 21:00:00,7.044,6.063,1.579,1.282
2024-10-03 22:00:00,7.094,5.803,-3.101,-1.038
2024-10-03 23:00:00,6.883,5.39,-3.315,-0.569
2024-10-04 00:00:00,8.018,0.376,-6.257,-2.928
2024-10-04 01:00:00,8.383,1.638,-6.89,-2.061
2024-10-04 02:00:00,8.318,0.802,-7.244,-3.251
2024-10-04 03:00:00,8.037,3.355,-5.838,-3.398
2024-10-04 04:00:00,7.924,2.797,-5.812,-3.255
2024-10-04 05:00:00,7.963,3.061,-6.306,-0.481
2024-10-04 06:00:00,7.786,2.172,-6.234,-0.311
2024-10-04 07:00:00,7.324,3.088,-2.791,3.946
2024-10-04 08:00:00,7.618,2.092,-6.467,-1.24
2024-10-04 09:00:00,7.287,3.506,-2.446,1.58
2024-10-04 10:00:00,7.253,4.872,-2.265,3.085
2024-10-04 11:00:00,7.604,4.772,-4.717,0.318
2024-10-04 12:00:00,7.562,2.646,-5.274,0.004
2024-10-04 13:00:00,7.634,-0.927,-4.136,-5.882
2024-10-04 14:00:00,7.563,3.032,-6.269,-1.036
2024-10-04 15:00:00,8.003,1.405,-5.021,-3.911
2024-10-04 16:00:00,7.805,1.337,-4.909,-4.304
2024-10-04 17:00:00,7.511,3.854,-5.856,-1.694
2024-10-04 18:00:00,7.425,1.314,-6.491,-1.451
2024-10-04 19:00:00,7.054,1.124,-2.79,-5.245
2024-10-04 20:00:00,7.368,-0.28,-4.202,-2.429
2024-10-04 21:00:00,7.184,1.894,-3.77,-4.009
2024-10-04 22:00:00,7.044,3.355,-4.859,-2.025
2024-10-04 23:00:00,6.99,2.232,-4.754,0.728
2024-10-05 00:00:00,7.197,2.539,-5.593,1.202
2024-10-05 01:00:00,7.192,4.337,-2.35,4.616
2024-10-05 02:00:00,6.978,4.519,-2.558,2.771
2024-10-05 03:00:00,7.01,3.705,-5.327,-0.294
2024-10-05 04:00:00,8.152,4.306,-5.439,-2.778
2024-10-05 05:00:00,8.193,1.029,-5.962,-3.205
2024-10-05 06:00:00,7.849,3.956,-4.448,-0.766
2024-10-05 07:00:00,8.233,3.92,-5.112,-1.364
2024-10-05 08:00:00,8.424,3.782,-5.667,-3.946
2024-10-05 09:00:00,7.941,6.105,-2.686,1.908
2024-10-05 10:00:00,7.853,4.253,-5.595,-0.776
2024-10-05 11:00:00,7.277,4.13,-4.796,0.589
2024-10-05 12:00:00,6.555,3.835,-4.017,-0.025
2024-10-05 13:00:00,6.085,3.6,-3.717,2.062
2024-10-05 14:00:00,5.816,5.067,-0.842,2.027
2024-10-05 15:00:00,6.323,5.021,-3.157,-0.618
2024-10-05 16:00:00,6.767,5.221,-3.775,-0.418
2024-10-05 17:00:00,6.74,5.388,-2.89,-1.356
2024-10-05 18:00:00,7.048,4.519,-2.287,-2.308
2024-10-05 19:00:00,7.494,5.571,-3.923,2.307
2024-10-05 20:00:00,7.581,6.112,-3.143,-1.424
2024-10-05 21:00:00,7.889,5.35,-5.182,1.177
2024-10-05 22:00:00,7.883,6.454,-3.813,1.379
2024-10-05 23:00:00,8.037,7.488,0.72,-0.141
2024-10-06 00:00:00,7.828,6.237,-3.205,0.846
2024-10-06 01:00:00,7.943,6.278,-3.977,0.622
2024-10-06 02:00:00,7.909,6.778,-2.073,2.936
2024-10-06 03:00:00,7.756,6.687,-1.971,2.285
2024-10-06 04:00:00,7.653,5.986,-3.685,2.284
2024-10-06 05:00:00,7.732,6.592,-2.589,2.655
2024-10-06 06:00:00,8.291,1.793,-6.082,3.921
2024-10-06 07:00:00,13.282,6.194,-5.186,5.458
2024-10-06 08:00:00,12.936,5.868,1.473,9.652
2024-10-06 09:00:00,12.942,-4.273,-10.113,-2.424
2024-10-06 10:00:00,12.74,-2.643,-8.079,6.568
2024-10-06 11:00:00,12.836,3.988,-4.007,8.276
2024-10-06 12:00:00,14.687,7.565,5.499,8.325
2024-10-06 13:00:00,14.425,1.977,-7.67,9.011
2024-10-06 14:00:00,15.458,-3.136,-10.346,4.531
2024-10-06 15:00:00,14.334,-7.506,-7.445,-5.05
2024-10-06 16:00:00,14.816,-6.288,-10.908,6.438
2024-10-06 17:00:00,14.875,-7.211,-10.555,-4.175
2024-10-06 18:00:00,14.479,-9.123,-10.789,-0.895
2024-10-06 19:00:00,13.162,-8.211,-6.146,-3.949
2024-10-06 20:00:00,12.706,-8.877,-4.295,-7.377
2024-10-06 21:00:00,13.102,-7.114,-2.696,-10.339
2024-10-06 22:00:00,13.112,-6.255,-2.596,-11.096
2024-10-06 23:00:00,12.972,-5.163,-2.215,-11.62
2024-10-07 00:00:00,12.107,-5.08,-4.036,-8.589
2024-10-07 01:00:00,11.099,-7.44,-4.654,-4.739
2024-10-07 02:00:00,10.345,-8.548,-4.293,-3.265
2024-10-07 03:00:00,9.128,-7.276,-2.699,-3.565
2024-10-07 04:00:00,8.582,-7.605,-2.535,-2.603
2024-10-07 05:00:00,8.686,-6.618,-3.572,-2.18
2024-10-07 06:00:00,8.407,-5.407,-5.724,-1.294
2024-10-07 07:00:00,9.814,-5.335,-7.24,2.667
2024-10-07 08:00:00,10.614,-6.077,-8.058,2.6
2024-10-07 09:00:00,10.842,-7.968,-0.685,-5.116
2024-10-07 10:00:00,12.355,-5.329,5.536,-9.258
2024-10-07 11:00:00,13.344,-3.72,-7.337,-3.046
2024-10-07 12:00:00,12.737,1.734,-10.622,-4.151
2024-10-07 13:00:00,12.883,2.648,-7.969,-7.613
2024-10-07 14:00:00,14.043,1.243,-7.346,-8.704
2024-10-07 15:00:00,15.189,5.113,-7.029,-12.026
2024-10-07 16:00:00,15.453,2.269,-4.386,-14.169
2024-10-07 17:00:00,14.53,3.394,-1.124,-13.722
2024-10-07 18:00:00,13.752,-0.042,-4.325,-11.894
2024-10-07 19:00:00,12.401,-4.056,0.284,-10.775
2024-10-07 20:00:00,8.138,-4.852,-1.46,-2.25
2024-10-07 21:00:00,7.534,-5.797,0.029,-2.933
2024-10-07 22:00:00,12.768,-8.579,6.669,-6.252
2024-10-07 23:00:00,15.061,-8.368,9.895,-7.522
2024-10-08 00:00:00,15.041,-7.599,11.35,-5.729
2024-10-08 01:00:00,15.416,-5.792,7.574,-11.878
2024-10-08 02:00:00,16.22,-4.027,6.171,-14.342
2024-10-08 03:00:00,16.251,-4.358,6.366,-14.248
2024-10-08 04:00:00,15.25,-5.623,9.426,-8.24
2024-10-08 05:00:00,16.287,-7.415,12.428,-5.476
2024-10-08 06:00:00,15.875,-8.482,11.59,-5.873
2024-10-08 07:00:00,15.776,-10.616,11.259,-0.362
2024-10-08 08:00:00,14.847,-7.828,11.008,3.661
2024-10-08 09:00:00,13.933,-2.071,13.396,2.427
2024-10-08 10:00:00,13.582,-1.288,13.328,1.103
2024-10-08 11:00:00,12.67,-2.542,11.924,1.847
2024-10-08 12:00:00,11.368,-0.2,10.358,2.572
2024-10-08 13:00:00,10.91,-1.397,7.809,4.751
2024-10-08 14:00:00,10.852,0.859,8.628,3.18
2024-10-08 15:00:00,10.135,1.148,4.264,3.198
2024-10-08 16:00:00,10.095,-0.515,7.991,2.158
2024-10-08 17:00:00,9.906,-4.899,7.23,-1.834
2024-10-08 18:00:00,9.563,-2.513,6.083,-3.041
2024-10-08 19:00:00,10.247,2.911,6.164,6.99
2024-10-08 20:00:00,9.665,1.987,3.781,7.848
2024-10-08 21:00:00,8.917,-1.905,5.246,-5.557
2024-10-08 22:00:00,9.351,-0.026,6.969,-4.278
2024-10-08 23:00:00,9.128,0.028,7.524,-2.297
2024-10-09 00:00:00,6.471,0.161,3.601,0.757
2024-10-09 01:00:00,6.788,1.066,4.329,-1.027
2024-10-09 02:00:00,7.301,-3.636,2.471,-3.701
2024-10-09 03:00:00,8.139,1.481,6.389,-3.34
2024-10-09 04:00:00,7.033,0.708,5.793,0.465
2024-10-09 05:00:00,6.601,-2.854,3.662,-2.551
2024-10-09 06:00:00,6.45,-4.118,0.681,-2.933
2024-10-09 07:00:00,6.042,-4.156,1.182,-2.875
2024-10-09 08:00:00,5.897,-4.585,1.774,-1.792
2024-10-09 09:00:00,6.415,-1.98,4.774,-1.009
2024-10-09 10:00:00,6.185,-1.966,0.55,-4.285
2024-10-09 11:00:00,5.841,-2.715,0.442,-3.96
2024-10-09 12:00:00,5.57,-3.158,2.195,-2.263
2024-10-09 13:00:00,5.871,-0.384,5.37,-0.805
2024-10-09 14:00:00,5.322,-4.676,-0.955,-0.592
2024-10-09 15:00:00,5.45,-4.995,1.578,-0.191
2024-10-09 16:00:00,5.311,-4.886,1.395,0.473
2024-10-09 17:00:00,5.492,-3.545,2.786,0.487
2024-10-09 18:00:00,5.807,-4.418,2.18,1.802
2024-10-09 19:00:00,5.596,-3.597,3.828,-0.41
2024-10-09 20:00:00,5.701,-3.496,3.719,0.113
2024-10-09 21:00:00,5.524,-4.172,1.86,-0.966
2024-10-09 22:00:00,5.316,-3.587,2.017,-0.84
2024-10-09 23:00:00,5.76,-4.429,1.264,-0.325
2024-10-10 00:00:00,5.887,-3.309,4.124,0.216
2024-10-10 01:00:00,5.415,-3.251,-2.334,-2.732
2024-10-10 02:00:00,5.644,-3.124,-2.973,-2.754
2024-10-10 03:00:00,6.025,-4.265,-3.027,-1.785
2024-10-10 04:00:00,6.217,-4.106,-3.839,-2.223
2024-10-10 05:00:00,6.231,-4.66,-2.867,-2.012
2024-10-10 06:00:00,6.022,-4.594,-2.476,2.048
2024-10-10 07:00:00,5.157,-3.828,0.613,2.107
2024-10-10 08:00:00,5.582,-3.769,1.986,2.527
2024-10-10 09:00:00,5.979,-5.016,1.512,0.81
2024-10-10 10:00:00,5.59,-3.912,2.319,-0.621
2024-10-10 11:00:00,6.227,-3.1,2.264,-3.921
2024-10-10 12:00:00,7.385,-4.514,2.187,-2.704
2024-10-10 13:00:00,8.443,-7.387,1.685,1.879
2024-10-10 14:00:00,13.532,-3.344,4.366,9.071
2024-10-10 15:00:00,28.011,-9.198,16.139,-4.038
2024-10-10 16:00:00,34.908,2.574,-21.688,-13.264
2024-10-10 17:00:00,32.422,-15.685,-2.683,-20.041
2024-10-10 18:00:00,28.496,-10.747,14.046,-5.462
2024-10-10 19:00:00,31.206,-20.376,12.446,-14.411
2024-10-10 20:00:00,22.146,-7.792,8.238,-12.481
2024-10-10 21:00:00,29.58,1.491,25.704,-3.214
2024-10-10 22:00:00,42.987,2.167,2.485,-42.612
2024-10-10 23:00:00,43.062,9.843,4.572,-41.47
2024-10-11 00:00:00,37.926,7.224,-7.16,-34.674
2024-10-11 01:00:00,35.252,10.133,-8.891,-32.415
2024-10-11 02:00:00,34.625,11.797,-2.793,-32.291
2024-10-11 03:00:00,34.218,14.404,1.151,-30.875
2024-10-11 04:00:00,34.038,16.291,3.34,-29.595
2024-10-11 05:00:00,29.935,13.847,-3.102,-25.234
2024-10-11 06:00:00,29.749,10.647,-6.997,-24.982
2024-10-11 07:00:00,27.466,20.02,8.132,-16.435
2024-10-11 08:00:00,22.753,11.987,7.657,-16.991
2024-10-11 09:00:00,20.663,16.661,8.107,4.744
2024-10-11 10:00:00,12.823,11.686,-3.19,2.813
2024-10-11 11:00:00,10.466,9.419,1.42,2.42
2024-10-11 12:00:00,9.734,8.211,4.024,-2.393
2024-10-11 13:00:00,9.378,8.157,3.711,1.747
2024-10-11 14:00:00,9.945,7.531,2.98,5.095
2024-10-11 15:00:00,10.315,10.042,1.619,1.212
2024-10-11 16:00:00,9.876,9.525,1.039,1.898
2024-10-11 17:00:00,10.054,8.644,3.195,3.678
2024-10-11 18:00:00,9.623,6.943,5.66,3.297
2024-10-11 19:00:00,9.838,6.921,5.133,4.437
2024-10-11 20:00:00,10.622,7.695,5.006,4.955
2024-10-11 21:00:00,11.282,7.53,4.418,6.776
2024-10-11 22:00:00,11.438,6.151,1.213,8.46
2024-10-11 23:00:00,11.079,0.141,-5.242,8.957
2024-10-12 00:00:00,10.438,-2.075,-8.739,4.866
2024-10-12 01:00:00,9.502,-0.704,-7.36,5.666
2024-10-12 02:00:00,10.117,-4.542,-7.928,4.216
2024-10-12 03:00:00,9.505,-0.976,-7.225,5.536
2024-10-12 04:00:00,8.037,-1.766,-4.941,5.909
2024-10-12 05:00:00,7.024,-3.799,-4.719,1.49
2024-10-12 06:00:00,6.088,-2.035,-4.696,3.03
2024-10-12 07:00:00,5.665,-1.407,-4.429,3.0
2024-10-12 08:00:00,5.637,0.673,-0.316,-2.819
2024-10-12 09:00:00,6.377,1.43,1.52,-4.744
2024-10-12 10:00:00,6.479,0.168,-4.48,0.134
2024-10-12 11:00:00,4.921,-0.985,-1.07,-0.461
2024-10-12 12:00:00,3.703,-2.908,-1.156,-1.147
2024-10-12 13:00:00,3.559,0.045,-0.566,-1.28
2024-10-12 14:00:00,4.358,2.869,-2.568,0.698
2024-10-12 15:00:00,4.494,3.238,-2.165,1.644
2024-10-12 16:00:00,4.181,2.091,-0.763,2.888
2024-10-12 17:00:00,4.134,1.373,-0.022,1.629
2024-10-12 18:00:00,3.719,1.967,-1.492,1.307
2024-10-12 19:00:00,1.61,-0.036,0.638,-0.502
2024-10-12 20:00:00,2.649,1.299,-0.58,-0.344
2024-10-12 21:00:00,4.68,3.349,-2.496,1.533
2024-10-12 22:00:00,4.615,3.218,-2.266,1.947
2024-10-12 23:00:00,4.588,4.224,-1.561,-0.187
2024-10-13 00:00:00,4.872,4.664,-1.109,0.408
2024-10-13 01:00:00,4.895,4.622,-1.382,0.342
2024-10-13 02:00:00,4.911,4.5,-1.475,1.06
2024-10-13 03:00:00,4.993,4.675,-1.356,0.836
2024-10-13 04:00:00,4.963,4.807,-0.795,0.583
2024-10-13 05:00:00,5.111,4.952,-0.819,0.645
2024-10-13 06:00:00,5.185,4.945,-1.092,0.845
2024-10-13 07:00:00,5.062,4.783,-0.759,1.271
2024-10-13 08:00:00,4.665,4.509,-0.218,0.795
2024-10-13 09:00:00,3.776,0.604,-0.497,0.416
2024-10-13 10:00:00,4.512,-4.391,0.177,-0.478
2024-10-13 11:00:00,4.558,-4.248,0.402,-1.118
2024-10-13 12:00:00,4.529,-4.132,0.401,-1.008
2024-10-13 13:00:00,4.549,-3.805,1.856,-0.145
2024-10-13 14:00:00,4.354,-4.163,0.504,-0.54
2024-10-13 15:00:00,4.265,-3.98,1.225,-0.328
2024-10-13 16:00:00,4.434,-4.182,1.195,0.036
2024-10-13 17:00:00,4.258,-3.737,1.596,0.052
2024-10-13 18:00:00,3.464,-2.351,1.049,-1.697
2024-10-13 19:00:00,3.822,-3.561,1.078,-0.415
2024-10-13 20:00:00,3.792,-3.578,1.0,0.023
2024-10-13 21:00:00,3.737,-3.316,1.303,0.622
2024-10-13 22:00:00,2.906,-0.681,0.475,1.049
2024-10-13 23:00:00,4.465,3.737,-0.135,2.231
2024-10-14 00:00:00,4.101,3.314,1.09,1.956
2024-10-14 01:00:00,3.093,2.072,1.424,1.428
2024-10-14 02:00:00,3.514,-1.967,1.068,-0.4
2024-10-14 03:00:00,4.732,-4.37,1.209,-1.125
2024-10-14 04:00:00,4.715,-4.417,1.316,-0.56
2024-10-14 05:00:00,4.599,-4.075,1.655,-0.987
2024-10-14 06:00:00,4.448,-3.926,1.523,-0.357
2024-10-14 07:00:00,2.953,-2.159,0.604,0.937
2024-10-14 08:00:00,2.751,-1.863,-0.334,1.764
2024-10-14 09:00:00,3.598,-3.26,0.632,0.677
2024-10-14 10:00:00,3.752,-3.412,0.942,0.314
2024-10-14 11:00:00,3.696,-3.193,1.59,0.177
2024-10-14 12:00:00,3.799,-2.917,1.787,-1.059
2024-10-14 13:00:00,4.471,-3.705,1.972,0.733
2024-10-14 14:00:00,4.539,-3.918,1.954,-0.535
2024-10-14 15:00:00,4.652,-3.96,1.454,1.075
2024-10-14 16:00:00,4.872,-4.363,1.781,-0.257
2024-10-14 17:00:00,7.175,-5.63,2.784,1.955
2024-10-14 18:00:00,9.044,-7.199,4.558,0.542
2024-10-14 19:00:00,9.507,-7.743,5.132,0.608
2024-10-14 20:00:00,9.102,-6.329,4.26,-4.398
2024-10-14 21:00:00,8.479,-5.647,5.045,-2.042
2024-10-14 22:00:00,7.983,-5.648,4.112,-3.376
2024-10-14 23:00:00,7.686,-4.572,5.409,-1.927
2024-10-15 00:00:00,7.397,-5.149,4.994,0.664
2024-10-15 01:00:00,7.033,-2.508,5.888,-1.879
2024-10-15 02:00:00,7.247,-5.254,4.365,1.661
2024-10-15 03:00:00,6.956,-3.331,-0.198,5.54
2024-10-15 04:00:00,6.949,-3.608,2.865,3.113
2024-10-15 05:00:00,6.769,-3.35,4.761,-1.555
2024-10-15 06:00:00,6.715,-3.814,4.051,-3.015
2024-10-15 07:00:00,6.602,-3.808,3.746,-3.18
2024-10-15 08:00:00,6.483,-4.066,2.814,-2.979
2024-10-15 09:00:00,6.337,-3.646,2.401,1.419
2024-10-15 10:00:00,6.234,-5.117,1.427,1.907
2024-10-15 11:00:00,6.386,-4.034,2.787,0.495
2024-10-15 12:00:00,6.413,-4.0,3.424,0.281
2024-10-15 13:00:00,6.486,-3.964,3.844,1.306
2024-10-15 14:00:00,7.105,-5.27,1.963,-2.638
2024-10-15 15:00:00,7.809,-4.832,5.052,-2.739
2024-10-15 16:00:00,8.025,-3.833,6.563,-1.817
2024-10-15 17:00:00,8.056,-6.061,1.347,2.414
2024-10-15 18:00:00,8.317,-7.172,0.911,3.185
2024-10-15 19:00:00,8.47,-5.309,3.661,4.129
2024-10-15 20:00:00,8.861,-5.391,5.215,1.923
2024-10-15 21:00:00,9.252,-5.876,4.909,-0.509
2024-10-15 22:00:00,8.841,-3.446,3.948,4.718
2024-10-15 23:00:00,8.669,-4.618,2.264,-2.02
2024-10-16 00:00:00,8.711,-4.426,3.804,5.374
2024-10-16 01:00:00,8.909,-4.893,5.763,0.56
2024-10-16 02:00:00,9.228,-4.461,6.157,-0.482
2024-10-16 03:00:00,9.662,-6.881,4.605,2.288
2024-10-16 04:00:00,9.683,-8.071,1.473,-4.294
2024-10-16 05:00:00,9.395,-6.86,3.818,-3.361
2024-10-16 06:00:00,9.251,-6.934,3.621,-0.691
2024-10-16 07:00:00,9.31,-5.293,5.463,-2.724
2024-10-16 08:00:00,8.75,-6.31,1.089,-2.757
2024-10-16 09:00:00,8.911,-1.235,5.925,4.863
2024-10-16 10:00:00,8.88,-4.548,3.832,0.413
2024-10-16 11:00:00,8.212,-5.264,4.956,-0.37
2024-10-16 12:00:00,7.899,-3.971,3.351,-0.053
2024-10-16 13:00:00,8.428,-1.028,3.817,6.168
2024-10-16 14:00:00,8.69,-5.24,6.21,-0.434
2024-10-16 15:00:00,8.555,-5.272,5.608,-2.474
2024-10-16 16:00:00,8.012,-3.812,4.297,2.406
2024-10-16 17:00:00,8.076,-5.771,3.559,-2.138
2024-10-16 18:00:00,7.756,-6.805,1.858,-2.643
2024-10-16 19:00:00,7.2,-2.759,5.407,-0.875
2024-10-16 20:00:00,6.79,-4.55,3.797,-1.234
2024-10-16 21:00:00,6.65,-4.583,3.479,0.091
2024-10-16 22:00:00,6.241,-3.197,2.964,2.332
2024-10-16 23:00:00,5.826,-2.696,3.27,1.085
2024-10-17 00:00:00,6.065,-3.62,3.573,0.067
2024-10-17 01:00:00,6.937,-3.395,4.659,-0.533
2024-10-17 02:00:00,6.911,-2.565,4.557,0.496
2024-10-17 03:00:00,6.272,-2.188,3.364,-4.331
2024-10-17 04:00:00,5.993,-3.726,2.965,-0.645
2024-10-17 05:00:00,6.803,-3.164,-2.685,5.076
2024-10-17 06:00:00,6.776,-3.18,-1.036,5.454
2024-10-17 07:00:00,6.643,-5.151,-1.193,0.893
2024-10-17 08:00:00,6.794,-3.093,-0.687,4.865
2024-10-17 09:00:00,6.801,-3.005,-0.708,4.939
2024-10-17 10:00:00,6.598,-2.728,0.434,4.463
2024-10-17 11:00:00,6.281,-3.329,-2.599,3.323
2024-10-17 12:00:00,5.834,-4.52,-1.226,1.708
2024-10-17 13:00:00,6.083,-3.575,-3.841,1.392
2024-10-17 14:00:00,5.744,-4.072,0.804,-1.54
2024-10-17 15:00:00,5.305,-2.412,-0.943,2.194
2024-10-17 16:00:00,5.616,-3.182,1.425,1.794
2024-10-17 17:00:00,5.889,-2.845,2.658,1.279
2024-10-17 18:00:00,6.416,-3.23,3.675,-1.669
2024-10-17 19:00:00,6.532,0.119,5.88,1.136
2024-10-17 20:00:00,7.05,-1.15,6.7,-0.704
2024-10-17 21:00:00,6.661,-1.293,5.828,-2.426
2024-10-17 22:00:00,5.931,-2.066,4.182,-0.95
2024-10-17 23:00:00,6.697,-2.842,3.972,-2.248
2024-10-18 00:00:00,7.334,-2.805,4.487,-4.063
2024-10-18 01:00:00,7.343,-4.054,3.512,1.169
2024-10-18 02:00:00,7.392,-4.273,4.408,2.217
2024-10-18 03:00:00,7.292,-3.91,3.323,-2.609
2024-10-18 04:00:00,7.635,-2.869,-0.923,4.184
2024-10-18 05:00:00,7.854,-5.51,-1.416,4.253
2024-10-18 06:00:00,7.702,-6.013,-1.031,4.277
2024-10-18 07:00:00,7.817,-4.351,1.698,4.99
2024-10-18 08:00:00,6.777,-2.584,3.712,3.163
2024-10-18 09:00:00,6.251,-2.91,1.114,0.431
2024-10-18 10:00:00,7.533,-3.112,1.227,0.282
2024-10-18 11:00:00,8.226,-4.571,3.196,-1.003
2024-10-18 12:00:00,9.567,-4.333,8.277,0.046
2024-10-18 13:00:00,10.247,-3.438,9.489,0.243
2024-10-18 14:00:00,10.459,-1.257,9.917,-0.911
2024-10-18 15:00:00,11.448,0.703,8.522,-4.523
2024-10-18 16:00:00,11.576,-6.476,8.002,0.282
2024-10-18 17:00:00,12.059,-7.508,4.547,7.616
2024-10-18 18:00:00,12.107,-6.096,5.018,8.793
2024-10-18 19:00:00,11.061,-7.87,4.098,1.291
2024-10-18 20:00:00,10.069,-8.049,3.395,-0.531
2024-10-18 21:00:00,10.152,-9.531,1.935,-2.129
2024-10-18 22:00:00,9.371,-2.511,2.991,-6.974
2024-10-18 23:00:00,9.238,-2.628,-5.013,-6.282
2024-10-19 00:00:00,9.236,4.432,-1.254,-6.429
2024-10-19 01:00:00,10.143,5.181,-4.629,-6.418
2024-10-19 02:00:00,10.45,2.592,7.014,-2.643
2024-10-19 03:00:00,10.823,1.708,9.251,-2.841
2024-10-19 04:00:00,9.982,-0.636,6.422,3.699
2024-10-19 05:00:00,8.98,-1.94,7.855,-2.274
2024-10-19 06:00:00,8.503,-4.623,5.765,1.028
2024-10-19 07:00:00,6.993,-4.277,4.184,-2.335
2024-10-19 08:00:00,7.408,-2.666,4.994,0.313
2024-10-19 09:00:00,7.184,-2.934,2.14,2.331
2024-10-19 10:00:00,7.746,-4.688,1.013,5.721
2024-10-19 11:00:00,6.556,-2.164,4.958,1.723
2024-10-19 12:00:00,5.627,-1.319,3.905,-2.548
2024-10-19 13:00:00,5.009,-3.742,2.313,-0.899
2024-10-19 14:00:00,5.194,-3.81,2.938,0.126
2024-10-19 15:00:00,5.38,-3.663,3.274,-0.826
2024-10-19 16:00:00,6.197,-3.447,3.518,0.571
2024-10-19 17:00:00,6.968,-2.239,6.119,-0.956
2024-10-19 18:00:00,6.736,-1.004,4.741,-4.226
2024-10-19 19:00:00,6.625,-0.928,1.195,-5.951
2024-10-19 20:00:00,5.372,-3.127,3.467,0.189
2024-10-19 21:00:00,5.434,-3.952,3.572,0.686
2024-10-19 22:00:00,5.809,-4.61,3.089,-0.326
2024-10-19 23:00:00,4.7,-3.883,2.425,-0.168
2024-10-20 00:00:00,5.232,-4.067,3.106,-0.421
2024-10-20 01:00:00,5.546,-4.629,2.81,-0.491
2024-10-20 02:00:00,4.004,-3.604,1.074,-1.011
2024-10-20 03:00:00,4.337,-3.91,1.417,-0.391
2024-10-20 04:00:00,4.179,-3.904,1.214,0.093
2024-10-20 05:00:00,3.8,-3.594,0.768,0.216
2024-10-20 06:00:00,3.812,-3.667,-0.138,-0.396
2024-10-20 07:00:00,4.397,-3.96,-1.543,-0.798
2024-10-20 08:00:00,4.445,-4.072,-1.537,0.012
2024-10-20 09:00:00,4.207,-3.74,-1.257,1.185
2024-10-20 10:00:00,5.172,-4.585,-1.812,1.263
2024-10-20 11:00:00,3.557,-2.207,-1.76,1.225
2024-10-20 12:00:00,2.411,1.315,-0.651,0.463
2024-10-20 13:00:00,2.945,2.309,-0.368,0.152
2024-10-20 14:00:00,3.869,3.036,-1.079,1.478
2024-10-20 15:00:00,2.508,-0.057,-1.724,0.35
2024-10-20 16:00:00,2.187,-0.925,-1.287,-0.143
2024-10-20 17:00:00,3.156,-2.464,-1.608,-0.422
2024-10-20 18:00:00,4.211,-3.26,-2.422,-0.225
2024-10-20 19:00:00,3.767,-1.856,-2.7,-0.858
2024-10-20 20:00:00,4.551,-2.299,-3.504,-1.433
2024-10-20 21:00:00,4.695,-2.508,-3.776,-0.826
2024-10-20 22:00:00,3.806,-2.085,-2.91,-0.554
2024-10-20 23:00:00,2.536,-0.531,-2.247,-0.263
2024-10-21 00:00:00,4.098,2.207,-2.663,0.451
2024-10-21 01:00:00,4.32,2.102,-1.528,0.555
2024-10-21 02:00:00,4.271,4.104,-0.511,-0.509
2024-10-21 03:00:00,4.285,3.227,-2.45,-0.47
2024-10-21 04:00:00,4.032,1.368,-3.449,0.404
2024-10-21 05:00:00,3.904,1.328,-2.599,-1.81
2024-10-21 06:00:00,3.966,0.461,-1.726,-2.597
2024-10-21 07:00:00,4.267,1.507,-2.838,-2.449
2024-10-21 08:00:00,4.92,1.506,-2.864,-2.695
2024-10-21 09:00:00,5.015,2.074,-3.389,-1.747
2024-10-21 10:00:00,4.651,0.86,-3.746,2.311
2024-10-21 11:00:00,5.767,0.572,-4.823,2.825
2024-10-21 12:00:00,5.716,0.906,-4.764,2.839
2024-10-21 13:00:00,5.478,0.325,-3.928,3.495
2024-10-21 14:00:00,4.556,0.61,-2.64,3.393
2024-10-21 15:00:00,3.945,2.17,-2.111,1.999
2024-10-21 16:00:00,4.516,3.901,-1.746,-0.285
2024-10-21 17:00:00,4.183,3.559,0.236,-1.893
2024-10-21 18:00:00,4.082,3.646,0.287,-1.474
2024-10-21 19:00:00,3.225,2.383,0.557,-1.917
2024-10-21 20:00:00,2.92,2.109,0.431,-1.677
2024-10-21 21:00:00,3.361,1.457,-0.198,-2.773
2024-10-21 22:00:00,3.739,0.356,1.107,-3.032
2024-10-21 23:00:00,3.614,1.87,0.513,-2.97
2024-10-22 00:00:00,3.36,1.456,0.301,-2.931
2024-10-22 01:00:00,3.609,1.454,0.589,-3.061
2024-10-22 02:00:00,3.746,1.727,0.501,-2.996
2024-10-22 03:00:00,4.471,-0.004,2.05,-3.546
2024-10-22 04:00:00,4.881,-1.805,2.714,-3.47
2024-10-22 05:00:00,6.011,-2.348,4.522,-2.966
2024-10-22 06:00:00,5.803,-1.892,5.199,-1.41
2024-10-22 07:00:00,5.064,-1.485,4.332,-1.423
2024-10-22 08:00:00,5.686,-2.626,3.942,-2.828
2024-10-22 09:00:00,5.889,-1.442,5.466,-0.854
2024-10-22 10:00:00,6.466,-0.971,5.889,-0.262
2024-10-22 11:00:00,7.203,-2.637,4.985,-4.239
2024-10-22 12:00:00,7.435,-2.798,0.905,-6.62
2024-10-22 13:00:00,7.462,-2.535,3.057,-6.151
2024-10-22 14:00:00,7.426,-2.139,5.149,-4.768
2024-10-22 15:00:00,7.102,-2.43,6.137,-1.825
2024-10-22 16:00:00,7.645,-2.818,5.457,-4.462
2024-10-22 17:00:00,7.494,-2.894,4.263,-5.19
2024-10-22 18:00:00,7.596,-4.353,3.645,-4.843
2024-10-22 19:00:00,7.083,-5.183,3.911,-1.735
2024-10-22 20:00:00,6.244,-4.839,3.296,1.634
2024-10-22 21:00:00,5.829,-4.56,2.187,2.431
2024-10-22 22:00:00,6.737,-3.807,1.961,3.809
2024-10-22 23:00:00,6.712,-4.2,3.505,3.6
2024-10-23 00:00:00,7.756,-5.535,3.395,3.303
2024-10-23 01:00:00,6.993,-1.314,4.336,-1.358
2024-10-23 02:00:00,9.226,-3.736,6.677,4.386
2024-10-23 03:00:00,10.949,-4.451,6.76,7.224
2024-10-23 04:00:00,10.226,-2.54,7.475,6.367
2024-10-23 05:00:00,9.778,-3.992,7.679,4.206
2024-10-23 06:00:00,7.828,-5.576,4.035,3.133
2024-10-23 07:00:00,5.649,-3.468,0.931,4.22
2024-10-23 08:00:00,5.104,-2.875,2.551,1.64
2024-10-23 09:00:00,6.491,-2.865,5.274,-1.72
2024-10-23 10:00:00,8.211,-5.661,4.907,0.442
2024-10-23 11:00:00,8.777,-6.538,4.663,-0.987
2024-10-23 12:00:00,8.136,-7.005,3.579,1.14
2024-10-23 13:00:00,7.446,-5.543,0.653,4.053
2024-10-23 14:00:00,8.125,-5.815,-0.763,5.297
2024-10-23 15:00:00,7.707,-6.809,0.871,3.103
2024-10-23 16:00:00,8.143,-7.043,3.487,-0.544
2024-10-23 17:00:00,7.406,-6.234,3.657,-0.092
2024-10-23 18:00:00,5.88,-4.391,2.857,1.26
2024-10-23 19:00:00,5.006,-2.685,3.373,-0.346
2024-10-23 20:00:00,5.557,-2.601,3.682,1.75
2024-10-23 21:00:00,5.956,-3.837,3.59,0.845
2024-10-23 22:00:00,6.009,-3.282,4.392,1.494
2024-10-23 23:00:00,7.098,-4.362,5.447,-0.607
2024-10-24 00:00:00,7.363,-4.108,5.213,-2.221
2024-10-24 01:00:00,7.305,-2.132,4.898,-3.836
2024-10-24 02:00:00,6.22,-2.237,4.521,-0.317
2024-10-24 03:00:00,6.558,1.596,2.508,-5.279
2024-10-24 04:00:00,6.723,1.293,3.943,-4.946
2024-10-24 05:00:00,6.398,-0.076,5.423,-3.146
2024-10-24 06:00:00,4.875,-0.014,3.609,-1.551
2024-10-24 07:00:00,4.994,0.622,-3.544,-3.167
2024-10-24 08:00:00,4.038,-1.802,2.651,0.025
2024-10-24 09:00:00,4.293,-2.243,2.521,-0.656
2024-10-24 10:00:00,4.083,-2.443,2.43,1.455
2024-10-24 11:00:00,4.131,-1.867,1.466,2.883
2024-10-24 12:00:00,3.892,-2.344,1.694,0.857
2024-10-24 13:00:00,3.785,-2.531,1.679,-1.351
2024-10-24 14:00:00,3.9,-3.041,1.727,1.05
2024-10-24 15:00:00,3.62,-2.9,1.683,-0.32
2024-10-24 16:00:00,4.582,-2.63,2.085,0.698
2024-10-24 17:00:00,5.244,-4.299,1.294,-1.787
2024-10-24 18:00:00,4.561,-1.991,2.113,-2.601
2024-10-24 19:00:00,4.638,-2.64,0.739,-3.524
2024-10-24 20:00:00,4.325,-2.688,2.988,-0.337
2024-10-24 21:00:00,3.729,-2.26,2.791,-0.585
2024-10-24 22:00:00,2.55,1.049,-0.56,-0.327
2024-10-24 23:00:00,3.083,2.601,-1.133,0.26
2024-10-25 00:00:00,4.115,3.076,-1.472,0.414
2024-10-25 01:00:00,4.236,2.157,-3.341,1.117
2024-10-25 02:00:00,4.239,2.042,-3.417,1.175
2024-10-25 03:00:00,4.056,2.721,-2.16,-0.447
2024-10-25 04:00:00,3.817,1.881,-1.699,1.351
2024-10-25 05:00:00,4.734,1.115,-2.201,3.677
2024-10-25 06:00:00,5.195,2.499,-2.556,3.527
2024-10-25 07:00:00,5.275,1.125,-2.291,4.295
2024-10-25 08:00:00,5.286,2.687,-2.859,3.205
2024-10-25 09:00:00,5.279,2.939,-2.899,3.077
2024-10-25 10:00:00,5.294,3.371,-3.028,2.474
2024-10-25 11:00:00,5.252,3.332,-3.248,2.132
2024-10-25 12:00:00,5.615,2.258,-3.233,2.421
2024-10-25 13:00:00,6.073,2.5,-3.407,3.163
2024-10-25 14:00:00,5.753,1.52,-5.11,1.802
2024-10-25 15:00:00,5.753,2.77,-4.753,0.767
2024-10-25 16:00:00,5.332,4.121,-2.724,0.376
2024-10-25 17:00:00,6.293,5.881,-1.783,-1.043
2024-10-25 18:00:00,6.698,6.471,-1.273,-0.793
2024-10-25 19:00:00,7.123,6.374,-2.255,-2.067
2024-10-25 20:00:00,6.948,5.799,-2.851,-2.343
2024-10-25 21:00:00,6.577,5.381,-1.51,-2.726
2024-10-25 22:00:00,6.556,4.422,-3.997,0.506
2024-10-25 23:00:00,6.375,1.448,-2.116,4.34
2024-10-26 00:00:00,5.906,2.712,-4.994,0.059
2024-10-26 01:00:00,5.564,2.205,-3.012,2.213
2024-10-26 02:00:00,6.002,4.97,-2.845,0.617
2024-10-26 03:00:00,6.456,5.264,-3.616,0.118
2024-10-26 04:00:00,6.079,4.681,-3.39,-0.217
2024-10-26 05:00:00,5.924,4.562,-3.333,-0.441
2024-10-26 06:00:00,6.571,2.53,-5.605,-0.917
2024-10-26 07:00:00,7.235,4.194,-5.044,2.658
2024-10-26 08:00:00,6.869,5.2,-2.359,-1.685
2024-10-26 09:00:00,7.754,6.306,-2.506,-2.889
2024-10-26 10:00:00,6.84,5.642,-2.59,-2.168
2024-10-26 11:00:00,10.308,7.062,-6.132,-0.035
2024-10-26 12:00:00,13.551,9.278,-4.445,-5.095
2024-10-26 13:00:00,12.486,6.733,-6.988,0.37
2024-10-26 14:00:00,13.925,8.08,-9.91,4.216
2024-10-26 15:00:00,17.252,10.202,-11.996,-4.09
2024-10-26 16:00:00,21.982,12.142,-16.002,-3.22
2024-10-26 17:00:00,22.706,10.97,-16.899,-6.31
2024-10-26 18:00:00,24.887,13.868,-16.003,-11.27
2024-10-26 19:00:00,25.731,14.715,-16.773,-6.869
2024-10-26 20:00:00,23.472,13.711,-14.785,8.948
2024-10-26 21:00:00,21.079,12.014,-10.832,-3.172
2024-10-26 22:00:00,17.452,12.761,-7.946,-1.71
2024-10-26 23:00:00,19.156,14.938,-10.042,2.294
2024-10-27 00:00:00,20.951,13.307,-15.295,3.606
2024-10-27 01:00:00,20.899,14.551,-14.804,1.096
2024-10-27 02:00:00,20.112,13.849,-14.377,-1.596
2024-10-27 03:00:00,18.689,12.674,-13.492,-1.516
2024-10-27 04:00:00,18.064,12.218,-12.342,0.986
2024-10-27 05:00:00,16.328,11.744,-10.089,4.663
2024-10-27 06:00:00,14.136,10.644,-8.769,1.741
2024-10-27 07:00:00,13.055,9.177,-8.014,3.411
2024-10-27 08:00:00,11.859,7.133,-7.642,0.163
2024-10-27 09:00:00,10.529,6.691,-6.351,-1.446
2024-10-27 10:00:00,9.699,7.927,-2.785,-0.114
2024-10-27 11:00:00,9.725,6.311,-5.351,-4.597
2024-10-27 12:00:00,9.502,5.356,-6.703,-3.327
2024-10-27 13:00:00,9.425,5.531,-5.114,-5.394
2024-10-27 14:00:00,8.616,6.111,-3.13,-4.372
2024-10-27 15:00:00,8.407,6.036,-2.727,-4.821
2024-10-27 16:00:00,7.832,7.023,-2.343,-1.863
2024-10-27 17:00:00,7.315,6.847,0.075,-1.621
2024-10-27 18:00:00,7.121,5.149,-2.824,-2.994
2024-10-27 19:00:00,7.066,6.276,-1.393,-1.711
2024-10-27 20:00:00,6.78,5.897,-2.092,0.313
2024-10-27 21:00:00,6.623,6.236,-1.141,-1.448
2024-10-27 22:00:00,6.483,5.88,-0.55,0.016
2024-10-27 23:00:00,6.525,5.646,0.57,1.727
2024-10-28 00:00:00,6.617,4.383,1.622,1.411
2024-10-28 01:00:00,6.577,2.555,-1.648,2.857
2024-10-28 02:00:00,6.511,4.225,-0.665,-3.617
2024-10-28 03:00:00,6.666,2.726,-2.176,0.211
2024-10-28 04:00:00,16.392,6.934,-9.302,1.706
2024-10-28 05:00:00,14.812,5.931,-9.04,-3.847
2024-10-28 06:00:00,14.072,4.932,-7.034,-7.729
2024-10-28 07:00:00,13.515,5.052,-6.794,2.882
2024-10-28 08:00:00,11.894,5.276,-9.393,-0.896
2024-10-28 09:00:00,12.473,3.867,-9.754,-4.567
2024-10-28 10:00:00,12.432,5.822,-9.552,3.006
2024-10-28 11:00:00,11.056,4.29,-7.338,6.113
2024-10-28 12:00:00,8.815,6.364,-4.681,0.728
2024-10-28 13:00:00,8.255,5.557,-2.614,-3.753
2024-10-28 14:00:00,7.776,5.846,-4.1,-0.905
2024-10-28 15:00:00,7.253,5.52,-3.618,0.743
2024-10-28 16:00:00,7.437,5.345,-3.883,-1.491
2024-10-28 17:00:00,8.026,4.162,-6.407,-0.106
2024-10-28 18:00:00,7.939,5.403,-4.973,-0.176
2024-10-28 19:00:00,7.765,6.555,-3.521,-0.906
2024-10-28 20:00:00,7.883,5.907,-3.718,-0.498
2024-10-28 21:00:00,7.88,5.709,-4.569,-0.582
2024-10-28 22:00:00,7.651,4.854,-3.142,-1.027
2024-10-28 23:00:00,7.575,3.333,-5.546,2.696
2024-10-29 00:00:00,7.542,4.324,-2.463,-2.576
2024-10-29 01:00:00,7.625,5.101,-3.8,3.689
2024-10-29 02:00:00,7.648,5.526,-4.101,2.748
2024-10-29 03:00:00,7.218,5.785,-3.228,-1.295
2024-10-29 04:00:00,6.806,5.694,-2.685,-1.267
2024-10-29 05:00:00,6.655,4.31,-3.051,-3.614
2024-10-29 06:00:00,6.686,1.804,-2.87,-4.197
2024-10-29 07:00:00,6.158,4.916,-2.373,0.241
2024-10-29 08:00:00,6.079,4.831,-3.148,-0.556
2024-10-29 09:00:00,6.186,4.938,-2.781,-1.072
2024-10-29 10:00:00,6.477,5.683,-2.658,0.45
2024-10-29 11:00:00,6.484,5.077,-3.085,2.128
2024-10-29 12:00:00,6.614,4.61,-3.759,2.437
2024-10-29 13:00:00,6.647,4.764,-3.734,1.817
2024-10-29 14:00:00,6.666,4.812,-3.616,2.514
2024-10-29 15:00:00,6.496,4.268,-1.717,-1.639
2024-10-29 16:00:00,6.727,3.62,-4.482,-0.712
2024-10-29 17:00:00,6.752,2.785,-4.468,-3.163
2024-10-29 18:00:00,7.123,-1.111,1.579,-6.329
2024-10-29 19:00:00,6.461,3.903,-0.714,-3.339
2024-10-29 20:00:00,6.333,4.942,-1.639,2.076
2024-10-29 21:00:00,6.664,5.516,-2.771,1.383
2024-10-29 22:00:00,6.294,4.342,-1.127,-3.589
2024-10-29 23:00:00,6.104,2.345,-1.632,-5.137
2024-10-30 00:00:00,5.791,1.847,-0.271,-3.846
2024-10-30 01:00:00,6.898,5.882,-1.929,1.56
2024-10-30 02:00:00,7.173,6.011,-0.432,-2.749
2024-10-30 03:00:00,6.931,6.132,-1.964,-1.17
2024-10-30 04:00:00,6.835,6.689,-0.505,0.451
2024-10-30 05:00:00,7.066,6.074,-2.656,-0.688
2024-10-30 06:00:00,7.831,6.314,-2.747,-0.817
2024-10-30 07:00:00,7.996,4.506,0.019,-5.139
2024-10-30 08:00:00,7.912,3.914,-4.888,-3.309
2024-10-30 09:00:00,7.682,5.014,-5.25,0.231
2024-10-30 10:00:00,7.556,4.889,-4.141,-1.755
2024-10-30 11:00:00,7.196,5.467,-2.969,-0.323
2024-10-30 12:00:00,7.303,4.508,-3.674,-2.422
2024-10-30 13:00:00,7.548,5.759,-4.12,1.014
2024-10-30 14:00:00,7.411,4.165,-4.81,-1.755
2024-10-30 15:00:00,7.491,4.129,-3.932,-2.905
2024-10-30 16:00:00,7.333,5.721,-3.413,-1.24
2024-10-30 17:00:00,7.381,4.98,-3.623,0.463
2024-10-30 18:00:00,7.481,5.072,-4.103,2.103
2024-10-30 19:00:00,7.746,4.23,-5.739,1.149
2024-10-30 20:00:00,7.674,4.823,-4.57,2.342
2024-10-30 21:00:00,7.481,4.878,-1.839,0.431
2024-10-30 22:00:00,7.462,4.165,-1.415,1.428
2024-10-30 23:00:00,7.533,5.635,-1.992,2.901
2024-10-31 00:00:00,7.395,5.837,-2.425,2.031
2024-10-31 01:00:00,7.49,5.914,-2.445,0.734
2024-10-31 02:00:00,7.361,4.645,-2.889,3.518
2024-10-31 03:00:00,7.579,4.354,-2.905,4.263
2024-10-31 04:00:00,7.554,4.345,-2.675,4.77
2024-10-31 05:00:00,7.672,2.109,-3.912,3.475
2024-10-31 06:00:00,7.443,3.488,-1.91,4.528
2024-10-31 07:00:00,7.239,4.305,-4.216,1.693
2024-10-31 08:00:00,7.024,4.738,-3.962,1.137
2024-10-31 09:00:00,7.121,4.773,-2.945,1.179
2024-10-31 10:00:00,7.011,5.85,0.35,1.571
2024-10-31 11:00:00,7.205,4.75,-2.293,2.243
2024-10-31 12:00:00,6.871,5.943,-2.376,0.118
2024-10-31 13:00:00,6.695,5.677,-2.256,-0.691
2024-10-31 14:00:00,6.875,4.048,-3.837,1.727
2024-10-31 15:00:00,6.738,4.459,-2.528,1.197
2024-10-31 16:00:00,6.607,5.613,-1.648,-0.273
2024-10-31 17:00:00,7.481,6.202,-2.146,1.833
2024-10-31 18:00:00,7.41,5.458,-2.417,3.238
2024-10-31 19:00:00,8.091,6.112,-1.718,-3.932
2024-10-31 20:00:00,8.638,4.483,-0.491,-6.459
2024-10-31 21:00:00,8.797,5.854,0.241,-5.971
2024-10-31 22:00:00,8.592,7.076,-1.106,-4.183
2024-10-31 23:00:00,8.218,6.88,-3.857,1.47
2024-11-01 00:00:00,8.801,7.645,-2.833,1.391
2024-11-01 01:00:00,9.264,7.816,-1.863,3.586
2024-11-01 02:00:00,8.098,6.957,0.013,2.392
2024-11-01 03:00:00,7.15,4.777,-2.602,0.668
2024-11-01 04:00:00,7.38,5.847,-2.159,2.038
2024-11-01 05:00:00,7.492,4.941,-0.9,5.121
2024-11-01 06:00:00,9.047,6.346,-3.349,5.208
2024-11-01 07:00:00,9.283,6.06,-5.021,3.892
2024-11-01 08:00:00,9.272,4.792,-5.519,0.285
2024-11-01 09:00:00,8.193,4.692,-4.981,0.346
2024-11-01 10:00:00,8.449,3.086,-2.741,-6.851
2024-11-01 11:00:00,9.199,5.687,-6.05,-2.308
2024-11-01 12:00:00,8.842,6.185,-5.568,-2.035
2024-11-01 13:00:00,8.217,5.313,-4.573,2.689
2024-11-01 14:00:00,7.381,5.136,-2.787,4.2
2024-11-01 15:00:00,6.736,5.53,-2.548,1.838
2024-11-01 16:00:00,6.623,5.155,-1.85,3.39
2024-11-01 17:00:00,6.642,4.505,-2.646,-0.453
2024-11-01 18:00:00,6.472,5.137,-2.297,0.376
2024-11-01 19:00:00,6.668,6.173,-1.423,1.807
2024-11-01 20:00:00,6.967,6.572,-0.619,1.854
2024-11-01 21:00:00,7.339,7.128,0.36,1.347
2024-11-01 22:00:00,7.375,6.958,0.539,2.189
2024-11-01 23:00:00,7.638,7.049,0.81,2.558
2024-11-02 00:00:00,7.869,7.251,0.844,2.511
2024-11-02 01:00:00,8.528,7.002,2.667,3.555
2024-11-02 02:00:00,8.726,5.495,1.564,6.414
2024-11-02 03:00:00,8.846,4.855,-0.277,6.896
2024-11-02 04:00:00,9.313,6.206,-2.721,5.868
2024-11-02 05:00:00,9.818,8.399,-4.579,-0.443
2024-11-02 06:00:00,9.675,7.355,-2.8,-5.373
2024-11-02 07:00:00,9.73,5.742,-1.327,-7.38
2024-11-02 08:00:00,9.706,2.847,0.228,-9.139
2024-11-02 09:00:00,11.399,4.961,-2.204,-8.919
2024-11-02 10:00:00,12.078,2.661,-0.534,-9.497
2024-11-02 11:00:00,11.168,3.56,-3.488,-9.404
2024-11-02 12:00:00,10.641,6.505,-3.592,-6.372
2024-11-02 13:00:00,11.044,7.732,-3.109,-6.924
2024-11-02 14:00:00,10.741,5.525,-5.426,5.214
2024-11-02 15:00:00,10.509,5.533,-6.055,4.335
2024-11-02 16:00:00,9.885,8.131,-3.475,-2.27
2024-11-02 17:00:00,10.593,6.68,-7.692,-1.237
2024-11-02 18:00:00,10.951,3.607,-7.825,-4.84
2024-11-02 19:00:00,11.118,1.924,-9.232,-5.387
2024-11-02 20:00:00,10.739,4.276,-8.157,-3.978
2024-11-02 21:00:00,10.185,4.855,-6.076,-5.517
2024-11-02 22:00:00,10.873,6.441,-7.559,-3.651
2024-11-02 23:00:00,11.291,6.449,-8.828,0.731
2024-11-03 00:00:00,10.635,5.116,-6.4,5.937
2024-11-03 01:00:00,10.707,-1.717,-5.975,8.551
2024-11-03 02:00:00,10.588,0.95,-5.677,8.167
2024-11-03 03:00:00,10.301,0.954,-6.178,8.094
2024-11-03 04:00:00,11.073,2.703,-5.044,9.161
2024-11-03 05:00:00,11.345,4.742,-2.958,9.821
2024-11-03 06:00:00,11.13,4.737,-1.99,9.827
2024-11-03 07:00:00,10.861,3.987,0.951,9.93
2024-11-03 08:00:00,10.372,3.669,0.65,9.592
2024-11-03 09:00:00,10.096,3.715,-2.475,8.618
2024-11-03 10:00:00,9.948,4.972,-3.849,7.52
2024-11-03 11:00:00,10.052,4.614,-1.717,8.629
2024-11-03 12:00:00,9.2,5.172,-2.376,6.903
2024-11-03 13:00:00,8.382,5.319,-3.126,5.224
2024-11-03 14:00:00,8.679,4.657,-1.196,6.946
2024-11-03 15:00:00,8.613,5.605,-0.851,6.185
2024-11-03 16:00:00,8.573,4.282,-1.536,6.162
2024-11-03 17:00:00,4.424,0.167,0.303,2.146
2024-11-03 18:00:00,6.914,2.802,-1.182,-4.532
2024-11-03 19:00:00,7.057,0.812,-1.407,-5.909
2024-11-03 20:00:00,7.797,-5.592,2.613,-4.339
2024-11-03 21:00:00,7.486,-5.231,4.543,-2.162
2024-11-03 22:00:00,7.704,-5.898,4.034,-2.6
2024-11-03 23:00:00,6.939,-5.79,2.099,-2.964
2024-11-04 00:00:00,6.546,-5.405,1.463,-3.261
2024-11-04 01:00:00,6.521,-5.652,0.064,-3.043
2024-11-04 02:00:00,5.54,-4.089,1.845,-3.066
2024-11-04 03:00:00,5.088,-3.869,2.218,-1.86
2024-11-04 04:00:00,6.799,-4.207,4.725,0.095
2024-11-04 05:00:00,7.969,-5.389,4.712,-0.245
2024-11-04 06:00:00,7.626,-4.312,5.557,1.115
2024-11-04 07:00:00,7.658,-4.975,5.105,1.162
2024-11-04 08:00:00,7.639,-4.89,5.204,2.276
2024-11-04 09:00:00,7.069,-4.874,4.108,2.073
2024-11-04 10:00:00,6.832,-5.253,1.804,1.671
2024-11-04 11:00:00,6.803,-4.122,3.904,2.512
2024-11-04 12:00:00,6.571,-0.87,3.176,3.664
2024-11-04 13:00:00,7.048,-3.415,3.023,2.979
2024-11-04 14:00:00,6.932,-2.916,2.963,2.895
2024-11-04 15:00:00,6.513,-3.089,3.261,4.019
2024-11-04 16:00:00,6.39,-3.049,2.542,3.456
2024-11-04 17:00:00,6.753,-5.175,2.8,2.743
2024-11-04 18:00:00,6.782,-5.083,3.015,2.747
2024-11-04 19:00:00,6.86,-3.267,3.307,4.445
2024-11-04 20:00:00,6.701,-3.88,3.329,1.403
2024-11-04 21:00:00,6.874,-4.768,3.812,-0.516
2024-11-04 22:00:00,6.752,-3.994,2.311,1.369
2024-11-04 23:00:00,7.21,-2.71,4.235,4.24
2024-11-05 00:00:00,7.379,-4.036,4.096,3.193
2024-11-05 01:00:00,7.446,-5.284,2.481,1.885
2024-11-05 02:00:00,7.583,-3.867,4.214,4.461
2024-11-05 03:00:00,7.751,-3.859,2.986,5.466
2024-11-05 04:00:00,8.089,-6.144,4.546,1.525
2024-11-05 05:00:00,8.041,-5.403,5.021,1.264
2024-11-05 06:00:00,7.983,-5.455,5.353,-0.261
2024-11-05 07:00:00,7.937,-5.95,1.726,1.373
2024-11-05 08:00:00,7.659,-6.04,1.984,2.5
2024-11-05 09:00:00,7.868,-6.565,1.429,-2.736
2024-11-05 10:00:00,8.288,-5.71,4.292,2.494
2024-11-05 11:00:00,8.302,-5.962,3.502,1.525
2024-11-05 12:00:00,8.863,-5.8,3.047,3.024
2024-11-05 13:00:00,8.803,-4.083,6.046,3.181
2024-11-05 14:00:00,8.012,-4.836,4.128,-0.393
2024-11-05 15:00:00,8.033,-5.828,4.059,0.822
2024-11-05 16:00:00,7.828,-5.146,2.802,-0.68
2024-11-05 17:00:00,8.143,-5.248,5.065,0.06
2024-11-05 18:00:00,9.033,-5.232,6.545,-0.518
2024-11-05 19:00:00,8.637,-5.884,5.495,-1.833
2024-11-05 20:00:00,8.922,-5.125,6.191,-2.876
2024-11-05 21:00:00,8.563,-6.739,3.412,0.841
2024-11-05 22:00:00,8.563,-5.802,5.417,-2.008
2024-11-05 23:00:00,7.686,-5.628,3.908,-0.768
2024-11-06 00:00:00,6.804,-5.815,1.545,0.177
2024-11-06 01:00:00,6.656,-0.495,-4.035,-4.112
2024-11-06 02:00:00,5.906,-3.433,-3.415,-1.441
2024-11-06 03:00:00,5.916,-4.372,2.964,-0.003
2024-11-06 04:00:00,5.518,-3.751,2.82,0.931
2024-11-06 05:00:00,5.15,-2.658,3.925,0.858
2024-11-06 06:00:00,4.398,-1.861,2.765,-1.147
2024-11-06 07:00:00,4.578,-0.534,0.736,-2.296
2024-11-06 08:00:00,4.961,1.03,3.801,-0.777
2024-11-06 09:00:00,5.124,-0.898,3.083,-0.036
2024-11-06 10:00:00,4.736,-2.343,3.161,0.824
2024-11-06 11:00:00,4.58,-0.437,3.439,-0.571
2024-11-06 12:00:00,2.514,-1.537,0.838,0.341
2024-11-06 13:00:00,2.495,-1.35,1.643,-0.262
2024-11-06 14:00:00,3.04,-2.023,1.545,-0.123
2024-11-06 15:00:00,3.268,-0.359,1.251,0.048
2024-11-06 16:00:00,3.36,2.578,1.867,0.349
2024-11-06 17:00:00,3.004,2.839,0.118,0.164
2024-11-06 18:00:00,2.625,1.318,-0.454,0.247
2024-11-06 19:00:00,3.7,-1.939,1.572,-0.494
2024-11-06 20:00:00,3.1,-0.766,1.879,-0.308
2024-11-06 21:00:00,3.006,-1.903,1.941,0.39
2024-11-06 22:00:00,3.289,-1.122,2.197,-0.191
2024-11-06 23:00:00,3.843,2.294,2.359,0.489
2024-11-07 00:00:00,4.329,3.294,1.6,1.971
2024-11-07 01:00:00,3.905,1.913,2.879,0.777
2024-11-07 02:00:00,4.217,0.017,3.42,-0.138
2024-11-07 03:00:00,4.196,1.827,2.822,-1.167
2024-11-07 04:00:00,4.259,-0.488,1.317,-2.371
2024-11-07 05:00:00,3.714,-1.267,1.072,-2.476
2024-11-07 06:00:00,4.162,-3.212,0.495,-1.899
2024-11-07 07:00:00,4.344,1.367,2.452,-0.861
2024-11-07 08:00:00,4.774,-0.329,0.173,-4.109
2024-11-07 09:00:00,2.658,0.59,1.47,-1.659
2024-11-07 10:00:00,1.811,0.018,0.618,-0.809
2024-11-07 11:00:00,1.66,0.703,1.095,-0.63
2024-11-07 12:00:00,1.854,1.435,0.744,-0.211
2024-11-07 13:00:00,2.737,0.584,2.138,0.058
2024-11-07 14:00:00,4.55,-0.17,4.132,0.985
2024-11-07 15:00:00,4.361,0.68,3.672,0.452
2024-11-07 16:00:00,3.768,1.08,2.395,-2.003
2024-11-07 17:00:00,6.111,-0.109,5.752,-0.679
2024-11-07 18:00:00,7.995,0.574,7.498,-1.778
2024-11-07 19:00:00,6.959,-0.907,6.555,-1.118
2024-11-07 20:00:00,7.52,-3.204,6.451,-0.572
2024-11-07 21:00:00,7.698,-4.175,5.468,-1.965
2024-11-07 22:00:00,7.118,-1.504,6.842,-0.456
2024-11-07 23:00:00,3.949,-0.064,0.291,0.454
2024-11-08 00:00:00,4.523,-0.994,-3.419,2.257
2024-11-08 01:00:00,4.111,2.152,-2.602,1.672
2024-11-08 02:00:00,4.084,3.031,-0.138,1.47
2024-11-08 03:00:00,3.377,2.975,-0.196,0.927
2024-11-08 04:00:00,3.5,3.013,-0.301,0.812
2024-11-08 05:00:00,5.078,1.048,-1.714,2.127
2024-11-08 06:00:00,5.435,1.199,-1.788,3.521
2024-11-08 07:00:00,5.011,-0.52,-3.522,2.007
2024-11-08 08:00:00,4.425,-0.873,-3.755,0.931
2024-11-08 09:00:00,4.765,0.552,-2.971,0.578
2024-11-08 10:00:00,9.267,2.014,-6.705,2.553
2024-11-08 11:00:00,11.749,4.082,-8.21,6.833
2024-11-08 12:00:00,16.414,6.697,-12.516,7.909
2024-11-08 13:00:00,16.648,5.923,-14.461,4.912
2024-11-08 14:00:00,16.476,3.721,-15.937,0.468
2024-11-08 15:00:00,16.061,1.835,-14.988,-5.095
2024-11-08 16:00:00,15.926,2.512,-14.778,-4.994
2024-11-08 17:00:00,15.104,-4.287,-7.303,-11.81
2024-11-08 18:00:00,15.024,-7.721,-3.34,-11.903
2024-11-08 19:00:00,12.571,-4.621,-4.067,-9.523
2024-11-08 20:00:00,9.149,-4.306,-1.955,-5.364
2024-11-08 21:00:00,9.314,-3.607,-3.86,-7.23
2024-11-08 22:00:00,8.821,-2.039,-3.951,-7.083
2024-11-08 23:00:00,11.055,-0.915,-4.195,-7.934
2024-11-09 00:00:00,14.131,2.645,-7.787,-10.716
2024-11-09 01:00:00,14.791,1.213,-9.316,-10.61
2024-11-09 02:00:00,15.156,-2.599,-10.803,-9.72
2024-11-09 03:00:00,15.749,0.839,-10.955,-10.362
2024-11-09 04:00:00,16.152,0.445,-11.307,-11.12
2024-11-09 05:00:00,15.696,-1.352,-9.015,-12.602
2024-11-09 06:00:00,15.609,-3.031,-8.488,-12.384
2024-11-09 07:00:00,15.195,-7.182,-5.565,-11.482
2024-11-09 08:00:00,14.416,-5.907,0.971,-12.955
2024-11-09 09:00:00,13.306,-6.32,2.618,-11.362
2024-11-09 10:00:00,13.533,-5.318,4.979,-11.234
2024-11-09 11:00:00,11.902,-0.758,9.328,-1.977
2024-11-09 12:00:00,6.972,1.358,5.936,-1.214
2024-11-09 13:00:00,8.032,-0.034,4.153,-5.845
2024-11-09 14:00:00,9.499,-2.014,3.213,-7.31
2024-11-09 15:00:00,10.319,0.786,1.55,-8.97
2024-11-09 16:00:00,10.508,-0.381,8.292,-3.868
2024-11-09 17:00:00,10.189,3.968,8.03,0.734
2024-11-09 18:00:00,7.798,2.353,1.728,3.112
2024-11-09 19:00:00,9.166,-3.746,-5.168,6.112
2024-11-09 20:00:00,8.693,-6.944,-4.27,-1.537
2024-11-09 21:00:00,10.496,-5.994,-5.88,1.718
2024-11-09 22:00:00,12.172,-8.378,-7.727,-4.178
2024-11-09 23:00:00,11.982,-7.986,-7.194,-5.09
2024-11-10 00:00:00,11.028,-7.226,-2.194,-7.78
2024-11-10 01:00:00,10.988,-7.8,-4.395,-5.936
2024-11-10 02:00:00,10.31,-6.647,-6.718,-3.272
2024-11-10 03:00:00,9.352,-6.821,-4.891,-3.352
2024-11-10 04:00:00,9.539,-4.794,-8.036,-1.269
2024-11-10 05:00:00,9.044,-5.007,-5.903,-3.547
2024-11-10 06:00:00,9.475,-5.799,-5.987,-4.026
2024-11-10 07:00:00,10.362,-5.188,-6.273,-5.922
2024-11-10 08:00:00,10.775,-5.675,-5.105,-6.664
2024-11-10 09:00:00,11.139,-4.142,-6.19,-8.042
2024-11-10 10:00:00,10.992,-3.376,-6.673,-7.78
2024-11-10 11:00:00,10.141,-2.684,-5.161,-7.369
2024-11-10 12:00:00,9.152,-5.695,1.708,-6.311
2024-11-10 13:00:00,9.388,-5.975,3.804,-4.019
2024-11-10 14:00:00,8.587,-4.947,4.241,-3.731
2024-11-10 15:00:00,9.096,-5.06,3.612,-6.206
2024-11-10 16:00:00,7.649,-3.612,2.192,-5.653
2024-11-10 17:00:00,7.551,-4.776,3.081,-4.38
2024-11-10 18:00:00,7.359,-4.222,4.525,-0.683
2024-11-10 19:00:00,8.393,-3.284,4.467,-3.729
2024-11-10 20:00:00,7.13,-2.236,5.699,1.273
2024-11-10 21:00:00,5.911,-0.534,4.948,0.076
2024-11-10 22:00:00,6.483,-3.068,4.187,3.156
2024-11-10 23:00:00,6.764,-3.487,4.564,2.438
2024-11-11 00:00:00,5.971,-2.503,4.807,0.423
2024-11-11 01:00:00,5.614,-3.403,3.889,-0.523
2024-11-11 02:00:00,6.556,-4.757,4.312,0.552
2024-11-11 03:00:00,6.309,-4.969,3.391,-1.226
2024-11-11 04:00:00,5.74,-4.768,2.143,-1.852
2024-11-11 05:00:00,5.492,-4.877,2.282,0.145
2024-11-11 06:00:00,5.211,-0.661,3.893,-2.21
2024-11-11 07:00:00,5.765,1.084,4.854,-1.752
2024-11-11 08:00:00,5.894,1.414,4.085,0.102
2024-11-11 09:00:00,5.745,-1.314,4.53,0.007
2024-11-11 10:00:00,5.241,-2.298,4.071,-0.601
2024-11-11 11:00:00,5.697,-2.96,4.163,-0.502
2024-11-11 12:00:00,5.406,-4.755,-0.556,-1.778
2024-11-11 13:00:00,5.04,-1.874,0.412,0.58
2024-11-11 14:00:00,5.453,-1.294,3.316,0.053
2024-11-11 15:00:00,5.201,0.11,4.547,-0.79
2024-11-11 16:00:00,4.474,-2.445,2.914,0.837
2024-11-11 17:00:00,5.255,-1.934,2.953,2.976
2024-11-11 18:00:00,5.234,-1.296,0.914,2.13
2024-11-11 19:00:00,5.155,-1.148,3.68,1.2
2024-11-11 20:00:00,4.299,-2.359,0.221,1.714
2024-11-11 21:00:00,4.375,-3.923,0.767,-0.974
2024-11-11 22:00:00,4.278,-3.587,1.67,0.568
2024-11-11 23:00:00,4.849,-4.238,-0.576,-0.895
2024-11-12 00:00:00,4.607,-2.114,0.176,-0.332
2024-11-12 01:00:00,4.652,-1.493,3.207,-0.631
2024-11-12 02:00:00,4.929,-2.04,3.895,-0.11
2024-11-12 03:00:00,4.834,-1.819,3.624,0.897
2024-11-12 04:00:00,5.154,-1.413,4.128,-0.976
2024-11-12 05:00:00,5.33,-2.484,4.043,-1.199
2024-11-12 06:00:00,5.006,-3.632,2.762,-0.955
2024-11-12 07:00:00,4.387,-1.862,0.378,0.879
2024-11-12 08:00:00,4.713,2.131,-3.512,1.822
2024-11-12 09:00:00,4.781,-1.219,-1.144,3.299
2024-11-12 10:00:00,5.149,-1.921,1.674,3.599
2024-11-12 11:00:00,4.961,-1.745,2.715,2.414
2024-11-12 12:00:00,4.697,-1.394,3.913,-1.351
2024-11-12 13:00:00,4.828,-2.761,3.329,-0.031
2024-11-12 14:00:00,4.808,-2.425,3.166,-1.666
2024-11-12 15:00:00,4.6,-3.037,2.488,-1.825
2024-11-12 16:00:00,4.712,-3.57,1.929,-1.916
2024-11-12 17:00:00,4.763,-4.47,-0.016,-1.013
2024-11-12 18:00:00,4.428,-3.887,0.957,1.082
2024-11-12 19:00:00,4.921,-3.325,3.404,-0.585
2024-11-12 20:00:00,4.984,-1.243,4.259,-1.439
2024-11-12 21:00:00,4.861,1.563,3.271,-2.797
2024-11-12 22:00:00,4.864,0.271,4.196,-2.035
2024-11-12 23:00:00,4.929,-0.942,2.88,-3.254
2024-11-13 00:00:00,4.814,-0.147,4.434,-0.206
2024-11-13 01:00:00,4.579,0.323,3.737,-1.761
2024-11-13 02:00:00,4.823,-0.842,4.374,-0.439
2024-11-13 03:00:00,4.838,-1.537,3.424,2.724
2024-11-13 04:00:00,4.539,0.763,3.368,2.36
2024-11-13 05:00:00,4.474,1.746,3.442,0.584
2024-11-13 06:00:00,4.284,-0.452,3.401,1.682
2024-11-13 07:00:00,4.685,0.351,2.783,2.878
2024-11-13 08:00:00,4.616,-0.904,3.573,-0.105
2024-11-13 09:00:00,5.254,-1.33,2.673,2.303
2024-11-13 10:00:00,6.366,-0.986,2.531,4.231
2024-11-13 11:00:00,8.72,-3.121,6.478,-3.758
2024-11-13 12:00:00,9.044,-3.867,7.535,-1.919
2024-11-13 13:00:00,8.656,-3.645,7.718,-0.72
2024-11-13 14:00:00,8.491,-1.621,8.122,0.447
2024-11-13 15:00:00,7.691,-0.055,6.875,3.246
2024-11-13 16:00:00,6.813,1.725,4.658,4.372
2024-11-13 17:00:00,5.925,-0.379,5.145,0.997
2024-11-13 18:00:00,6.527,-2.573,4.952,1.627
2024-11-13 19:00:00,5.67,-2.309,3.325,1.546
2024-11-13 20:00:00,5.214,-1.98,1.815,3.612
2024-11-13 21:00:00,5.684,-2.246,2.116,3.905
2024-11-13 22:00:00,6.691,-4.497,1.461,4.522
2024-11-13 23:00:00,7.186,-6.161,2.63,0.392
2024-11-14 00:00:00,7.435,-6.055,2.835,0.923
2024-11-14 01:00:00,7.901,-4.533,3.732,-5.015
2024-11-14 02:00:00,8.303,-4.168,3.813,-5.948
2024-11-14 03:00:00,8.958,-6.143,3.761,-1.076
2024-11-14 04:00:00,10.74,-5.167,0.163,8.857
2024-11-14 05:00:00,12.733,-10.182,4.164,5.707
2024-11-14 06:00:00,13.472,-11.386,5.647,4.364
2024-11-14 07:00:00,12.968,-11.013,5.147,3.855
2024-11-14 08:00:00,12.605,-11.147,4.956,2.205
2024-11-14 09:00:00,12.651,-11.081,4.606,0.794
2024-11-14 10:00:00,13.162,-10.281,6.2,-5.285
2024-11-14 11:00:00,13.153,-10.067,6.528,-5.263
2024-11-14 12:00:00,12.662,-8.68,7.812,-4.675
2024-11-14 13:00:00,12.623,-9.114,8.048,-2.769
2024-11-14 14:00:00,12.684,-7.602,8.811,-4.878
2024-11-14 15:00:00,12.395,-5.992,4.176,-8.943
2024-11-14 16:00:00,11.973,-4.324,3.307,-8.872
2024-11-14 17:00:00,12.004,-6.718,7.623,-5.691
2024-11-14 18:00:00,11.809,-5.117,3.716,-9.64
2024-11-14 19:00:00,11.023,-5.709,5.134,-6.562
2024-11-14 20:00:00,11.018,-7.344,7.104,-3.31
2024-11-14 21:00:00,10.942,-7.524,7.275,-2.85
2024-11-14 22:00:00,10.976,-8.042,6.637,2.039
2024-11-14 23:00:00,10.706,-7.991,6.412,0.784
2024-11-15 00:00:00,10.311,-3.652,6.545,-5.983
2024-11-15 01:00:00,9.761,-3.015,7.683,-4.22
2024-11-15 02:00:00,9.19,-4.226,6.815,-3.575
2024-11-15 03:00:00,8.637,-6.207,5.687,-1.206
2024-11-15 04:00:00,7.879,-3.508,5.564,-3.354
2024-11-15 05:00:00,7.084,-3.769,5.391,-0.901
2024-11-15 06:00:00,7.681,-3.647,5.401,-2.19
2024-11-15 07:00:00,8.09,-4.472,6.076,-1.399
2024-11-15 08:00:00,7.808,-4.62,5.594,0.254
2024-11-15 09:00:00,7.567,-0.477,3.636,-3.847
2024-11-15 10:00:00,6.477,-0.871,1.899,-5.015
2024-11-15 11:00:00,6.41,-2.954,4.815,-2.033
2024-11-15 12:00:00,8.494,-3.449,6.968,-0.161
2024-11-15 13:00:00,9.064,-3.128,7.577,1.514
2024-11-15 14:00:00,8.66,2.91,6.643,-3.087
2024-11-15 15:00:00,8.616,2.247,6.347,-5.106
2024-11-15 16:00:00,8.406,2.883,6.123,-4.378
2024-11-15 17:00:00,8.666,2.373,3.998,-6.253
2024-11-15 18:00:00,8.774,2.788,6.345,-4.448
2024-11-15 19:00:00,8.518,1.459,7.185,-3.759
2024-11-15 20:00:00,8.536,1.326,7.441,-3.347
2024-11-15 21:00:00,8.264,3.004,6.735,-2.724
2024-11-15 22:00:00,8.19,1.923,5.927,-4.888
2024-11-15 23:00:00,8.055,-1.102,7.227,-2.888
2024-11-16 00:00:00,7.994,-1.548,7.075,-2.223
2024-11-16 01:00:00,7.699,-2.557,6.919,-1.419
2024-11-16 02:00:00,7.518,-1.976,6.359,-2.545
2024-11-16 03:00:00,7.452,-2.952,6.118,-2.171
2024-11-16 04:00:00,7.321,-3.636,5.679,-1.011
2024-11-16 05:00:00,7.604,-5.339,5.035,-0.885
2024-11-16 06:00:00,7.713,-5.908,4.686,0.608
2024-11-16 07:00:00,7.455,-6.944,1.529,1.842
2024-11-16 08:00:00,7.352,-5.754,-0.672,2.256
2024-11-16 09:00:00,7.631,-5.245,5.238,-0.923
2024-11-16 10:00:00,7.499,-5.556,4.477,0.572
2024-11-16 11:00:00,7.405,-4.442,5.525,0.569
2024-11-16 12:00:00,7.45,-5.999,3.51,2.344
2024-11-16 13:00:00,7.2,-5.651,3.821,2.036
2024-11-16 14:00:00,6.706,-5.223,3.438,2.095
2024-11-16 15:00:00,6.883,-5.755,2.749,2.396
2024-11-16 16:00:00,6.97,-5.958,2.836,2.063
2024-11-16 17:00:00,6.884,-5.891,2.672,2.173
2024-11-16 18:00:00,6.876,-5.841,2.381,2.523
2024-11-16 19:00:00,6.689,-5.794,1.422,2.866
2024-11-16 20:00:00,5.293,-4.312,1.946,2.002
2024-11-16 21:00:00,4.905,-3.573,2.907,1.38
2024-11-16 22:00:00,4.268,-2.452,3.241,0.676
2024-11-16 23:00:00,5.092,-3.905,2.396,1.949
2024-11-17 00:00:00,5.973,-3.339,4.489,1.7
2024-11-17 01:00:00,6.329,-1.633,5.929,0.556
2024-11-17 02:00:00,6.277,-1.626,5.863,0.461
2024-11-17 03:00:00,6.2,0.475,5.957,-0.242
2024-11-17 04:00:00,5.639,-1.779,3.408,1.961
2024-11-17 05:00:00,5.527,-1.092,4.374,0.957
2024-11-17 06:00:00,5.68,-0.587,5.2,-1.941
2024-11-17 07:00:00,5.882,-3.558,3.95,0.896
2024-11-17 08:00:00,6.1,-3.33,4.976,0.466
2024-11-17 09:00:00,6.758,-4.416,4.811,1.387
2024-11-17 10:00:00,6.45,-1.601,4.862,-2.066
2024-11-17 11:00:00,6.814,3.099,3.482,-4.77
2024-11-17 12:00:00,7.054,0.37,4.133,-1.814
2024-11-17 13:00:00,6.995,-5.554,2.682,2.368
2024-11-17 14:00:00,6.829,-4.767,-1.475,3.716
2024-11-17 15:00:00,7.448,-4.956,3.1,2.856
2024-11-17 16:00:00,7.766,-2.617,5.424,4.095
2024-11-17 17:00:00,8.077,-2.734,6.157,3.852
2024-11-17 18:00:00,7.933,-3.304,6.534,-1.145
2024-11-17 19:00:00,7.296,-3.406,4.689,1.519
2024-11-17 20:00:00,7.61,-3.936,5.83,-0.735
2024-11-17 21:00:00,7.812,-5.996,3.636,1.533
2024-11-17 22:00:00,7.894,-6.533,4.075,0.191
2024-11-17 23:00:00,7.6,-6.834,2.796,1.023
2024-11-18 00:00:00,7.424,-6.547,2.915,1.572
2024-11-18 01:00:00,7.689,-4.815,4.785,-0.967
2024-11-18 02:00:00,8.321,-5.084,4.231,-0.985
2024-11-18 03:00:00,8.493,-7.744,3.192,0.962
2024-11-18 04:00:00,8.233,-7.305,3.264,1.599
2024-11-18 05:00:00,8.107,-7.37,3.06,1.005
2024-11-18 06:00:00,7.895,-7.244,2.969,0.429
2024-11-18 07:00:00,7.46,-6.631,3.279,-0.403
2024-11-18 08:00:00,7.369,-6.262,3.583,-0.915
2024-11-18 09:00:00,7.76,-6.628,3.509,-0.143
2024-11-18 10:00:00,7.707,-6.779,2.71,2.031
2024-11-18 11:00:00,7.75,-5.807,4.898,1.021
2024-11-18 12:00:00,7.923,-6.011,4.704,0.813
2024-11-18 13:00:00,8.665,-6.527,5.439,-0.948
2024-11-18 14:00:00,8.006,-6.173,4.93,-0.858
2024-11-18 15:00:00,7.994,-5.994,5.14,-0.529
2024-11-18 16:00:00,7.486,-5.217,5.102,-1.031
2024-11-18 17:00:00,7.988,-6.095,5.058,-0.252
2024-11-18 18:00:00,7.795,-5.752,5.01,-0.294
2024-11-18 19:00:00,7.807,-5.492,5.335,-0.95
2024-11-18 20:00:00,7.417,-4.61,5.502,-1.187
2024-11-18 21:00:00,7.292,-3.625,5.572,-2.081
2024-11-18 22:00:00,7.128,-5.037,4.456,0.601
2024-11-18 23:00:00,6.373,-5.076,3.576,-0.401
2024-11-19 00:00:00,6.324,-4.907,3.761,-0.134
2024-11-19 01:00:00,6.427,-5.011,3.843,-0.789
2024-11-19 02:00:00,5.96,-4.281,3.621,0.297
2024-11-19 03:00:00,7.119,-5.232,4.479,0.507
2024-11-19 04:00:00,7.464,-4.967,5.425,-0.292
2024-11-19 05:00:00,8.242,-6.166,5.327,0.922
2024-11-19 06:00:00,8.144,-5.025,5.558,-0.359
2024-11-19 07:00:00,7.3,-1.633,5.07,-3.7
2024-11-19 08:00:00,7.456,0.294,4.507,-4.125
2024-11-19 09:00:00,7.58,-5.953,2.942,0.836
2024-11-19 10:00:00,8.111,0.489,5.051,-5.826
2024-11-19 11:00:00,8.414,-0.018,6.364,-5.258
2024-11-19 12:00:00,8.184,-0.511,6.854,-4.151
2024-11-19 13:00:00,7.879,-1.103,7.067,-2.785
2024-11-19 14:00:00,8.11,-0.343,7.127,-3.103
2024-11-19 15:00:00,8.38,0.79,6.912,-4.327
2024-11-19 16:00:00,9.611,-6.551,5.536,1.089
2024-11-19 17:00:00,9.951,-7.759,5.464,1.606
2024-11-19 18:00:00,9.954,-7.587,5.781,2.47
2024-11-19 19:00:00,9.981,-8.061,1.441,4.981
2024-11-19 20:00:00,9.724,-8.313,2.41,3.175
2024-11-19 21:00:00,9.721,-7.825,4.966,2.605
2024-11-19 22:00:00,10.099,-8.929,1.604,4.123
2024-11-19 23:00:00,9.681,-6.83,5.317,3.88
2024-11-20 00:00:00,9.95,-6.148,6.621,3.691
2024-11-20 01:00:00,10.553,-3.579,9.252,1.853
2024-11-20 02:00:00,11.665,-6.573,8.581,2.332
2024-11-20 03:00:00,12.138,-6.537,9.616,2.815
2024-11-20 04:00:00,12.292,-6.292,10.135,2.262
2024-11-20 05:00:00,12.145,-6.259,9.626,3.034
2024-11-20 06:00:00,11.063,-4.512,8.141,-0.826
2024-11-20 07:00:00,10.157,-3.872,7.81,-3.5
2024-11-20 08:00:00,10.621,-3.468,8.883,2.963
2024-11-20 09:00:00,9.905,-2.472,8.972,1.687
2024-11-20 10:00:00,3.751,0.592,0.085,2.9
2024-11-20 11:00:00,6.356,-1.254,-1.821,4.128
2024-11-20 12:00:00,7.938,-4.572,-3.46,5.127
2024-11-20 13:00:00,6.668,-1.629,2.513,-1.073
2024-11-20 14:00:00,6.086,4.066,4.067,-0.045
2024-11-20 15:00:00,6.178,4.484,3.442,1.923
2024-11-20 16:00:00,6.235,2.512,3.911,3.702
2024-11-20 17:00:00,6.381,0.817,4.01,4.419
2024-11-20 18:00:00,6.69,1.444,4.348,3.741
2024-11-20 19:00:00,6.944,0.127,-1.038,6.827
2024-11-20 20:00:00,5.775,-0.16,0.58,5.645
2024-11-20 21:00:00,7.186,0.717,-0.506,6.902
2024-11-20 22:00:00,7.305,2.488,-4.639,4.755
2024-11-20 23:00:00,6.927,0.418,-3.74,4.455
2024-11-21 00:00:00,7.981,-1.235,-4.127,6.36
2024-11-21 01:00:00,8.347,1.039,-4.982,6.215
2024-11-21 02:00:00,8.608,0.657,-6.121,5.759
2024-11-21 03:00:00,8.439,0.315,-2.34,3.097
2024-11-21 04:00:00,8.337,-2.163,-6.089,0.317
2024-11-21 05:00:00,6.834,-2.259,-4.471,-0.406
2024-11-21 06:00:00,7.518,2.863,0.879,-4.228
2024-11-21 07:00:00,7.421,0.293,-5.456,-3.02
2024-11-21 08:00:00,6.036,3.116,-1.589,-2.439
2024-11-21 09:00:00,5.149,1.762,2.458,1.132
2024-11-21 10:00:00,7.046,0.127,-2.56,1.928
2024-11-21 11:00:00,7.633,-0.46,-3.978,5.82
2024-11-21 12:00:00,7.573,2.394,-3.626,2.689
2024-11-21 13:00:00,8.878,0.618,-7.471,-2.492
2024-11-21 14:00:00,8.401,4.623,-4.684,0.399
2024-11-21 15:00:00,7.861,4.024,-3.604,-1.774
2024-11-21 16:00:00,7.99,1.614,-4.291,1.906
2024-11-21 17:00:00,7.29,3.268,-2.657,1.265
2024-11-21 18:00:00,7.671,2.008,-4.998,-3.068
2024-11-21 19:00:00,7.817,3.584,-4.824,-3.612
2024-11-21 20:00:00,8.111,5.297,-4.052,-3.894
2024-11-21 21:00:00,8.368,4.593,-5.696,-2.215
2024-11-21 22:00:00,8.129,5.362,-0.312,-1.409
2024-11-21 23:00:00,8.167,5.688,-1.762,2.795
2024-11-22 00:00:00,7.498,2.765,-2.826,4.865
2024-11-22 01:00:00,7.483,-0.438,-4.963,3.092
2024-11-22 02:00:00,7.256,0.847,-4.694,0.869
2024-11-22 03:00:00,6.888,3.592,-0.453,1.392
2024-11-22 04:00:00,8.64,4.948,0.129,5.892
2024-11-22 05:00:00,8.568,5.997,-0.543,4.66
2024-11-22 06:00:00,8.249,4.557,-4.346,2.463
2024-11-22 07:00:00,8.341,4.26,-4.633,2.318
2024-11-22 08:00:00,9.193,3.235,-1.149,4.456
2024-11-22 09:00:00,6.956,2.265,2.832,4.648
2024-11-22 10:00:00,6.464,4.568,-1.992,-1.944
2024-11-22 11:00:00,7.858,5.302,-2.538,-5.079
2024-11-22 12:00:00,8.081,5.54,-3.333,-1.676
2024-11-22 13:00:00,8.185,4.765,-1.81,-4.311
2024-11-22 14:00:00,8.17,2.506,-4.028,-6.317
2024-11-22 15:00:00,7.876,3.06,-0.795,-6.592
2024-11-22 16:00:00,7.517,4.824,-3.494,-3.516
2024-11-22 17:00:00,7.761,5.079,-3.659,-3.607
2024-11-22 18:00:00,7.322,3.728,-4.537,-1.353
2024-11-22 19:00:00,7.182,4.177,-4.234,0.73
2024-11-22 20:00:00,7.517,2.315,-3.022,-1.997
2024-11-22 21:00:00,7.319,3.491,-3.27,-4.085
2024-11-22 22:00:00,6.772,3.628,-4.756,-1.291
2024-11-22 23:00:00,6.714,2.905,-0.517,4.28
2024-11-23 00:00:00,6.859,2.624,-3.449,2.482
2024-11-23 01:00:00,6.982,3.638,-4.149,1.165
2024-11-23 02:00:00,6.821,5.824,-2.39,-0.982
2024-11-23 03:00:00,6.768,5.79,-0.902,-0.217
2024-11-23 04:00:00,6.759,3.313,-4.217,-0.466
2024-11-23 05:00:00,7.062,4.353,-4.244,-1.458
2024-11-23 06:00:00,6.761,3.635,-2.617,-0.114
2024-11-23 07:00:00,7.083,3.583,-4.334,-1.028
2024-11-23 08:00:00,7.295,1.114,-5.71,-2.114
2024-11-23 09:00:00,7.572,-0.05,-5.754,-0.558
2024-11-23 10:00:00,7.464,2.733,-3.692,-0.28
2024-11-23 11:00:00,7.864,-1.063,-3.224,-6.791
2024-11-23 12:00:00,7.728,2.157,-4.979,-4.008
2024-11-23 13:00:00,7.375,5.698,-2.545,0.798
2024-11-23 14:00:00,7.61,2.747,-0.602,5.978
2024-11-23 15:00:00,7.121,4.332,-2.294,-0.266
2024-11-23 16:00:00,7.004,5.547,3.098,1.713
2024-11-23 17:00:00,7.355,4.795,1.554,4.88
2024-11-23 18:00:00,7.388,4.849,-3.035,2.289
2024-11-23 19:00:00,8.252,2.338,-5.965,-3.303
2024-11-23 20:00:00,8.107,2.489,-6.741,-1.478
2024-11-23 21:00:00,7.759,5.245,-0.996,3.82
2024-11-23 22:00:00,7.471,3.601,-3.939,2.253
2024-11-23 23:00:00,7.766,4.967,-0.846,3.939
2024-11-24 00:00:00,5.952,1.989,-4.648,-0.852
2024-11-24 01:00:00,5.761,3.495,-3.424,1.011
2024-11-24 02:00:00,5.896,2.982,-3.887,-0.272
2024-11-24 03:00:00,5.932,3.921,-1.819,-2.371
2024-11-24 04:00:00,6.154,5.369,1.846,-0.05
2024-11-24 05:00:00,6.928,4.897,-3.118,3.362
2024-11-24 06:00:00,7.162,3.881,-4.818,2.446
2024-11-24 07:00:00,6.918,3.416,-2.527,0.818
2024-11-24 08:00:00,7.21,5.289,-2.312,3.37
2024-11-24 09:00:00,7.545,4.715,-1.638,5.375
2024-11-24 10:00:00,7.464,5.607,-2.214,4.091
2024-11-24 11:00:00,7.487,4.905,-1.71,5.118
2024-11-24 12:00:00,7.478,4.545,-1.648,2.731
2024-11-24 13:00:00,7.281,5.809,-1.411,-3.345
2024-11-24 14:00:00,7.275,3.094,-3.565,3.554
2024-11-24 15:00:00,7.392,5.892,0.554,2.802
2024-11-24 16:00:00,7.552,4.515,-0.319,5.714
2024-11-24 17:00:00,7.13,4.779,-2.431,2.644
2024-11-24 18:00:00,6.869,3.861,-2.714,2.536
2024-11-24 19:00:00,6.79,3.771,0.253,5.191
2024-11-24 20:00:00,7.083,4.407,-4.018,-2.736
2024-11-24 21:00:00,8.438,-1.133,-4.987,-6.034
2024-11-24 22:00:00,8.796,-0.036,-5.276,-5.588
2024-11-24 23:00:00,8.384,0.731,-5.191,-5.381
2024-11-25 00:00:00,8.241,0.236,-6.093,-1.858
2024-11-25 01:00:00,7.968,1.855,-5.876,-2.699
2024-11-25 02:00:00,8.102,3.435,-6.122,0.737
2024-11-25 03:00:00,8.18,3.298,-6.008,3.74
2024-11-25 04:00:00,7.853,2.464,-5.792,3.18
2024-11-25 05:00:00,6.298,4.504,-0.874,-2.023
2024-11-25 06:00:00,6.922,5.193,-2.379,3.308
2024-11-25 07:00:00,7.155,5.131,-2.472,2.316
2024-11-25 08:00:00,6.946,5.156,-2.298,-2.088
2024-11-25 09:00:00,7.099,1.588,-2.789,-5.274
2024-11-25 10:00:00,6.948,1.154,-3.381,-5.09
2024-11-25 11:00:00,7.042,2.353,-4.974,-2.561
2024-11-25 12:00:00,7.247,0.906,-4.43,-3.46
2024-11-25 13:00:00,7.412,-0.108,-2.71,-5.47
2024-11-25 14:00:00,7.297,1.159,-5.96,-1.82
2024-11-25 15:00:00,6.937,4.274,-4.47,0.299
2024-11-25 16:00:00,6.88,3.058,-4.379,1.856
2024-11-25 17:00:00,6.789,3.192,-4.854,-0.282
2024-11-25 18:00:00,6.714,4.052,-3.867,-0.194
2024-11-25 19:00:00,6.72,1.339,-4.843,-2.392
2024-11-25 20:00:00,6.52,2.55,-3.886,-2.748
2024-11-25 21:00:00,6.393,4.348,-1.392,3.66
2024-11-25 22:00:00,6.296,4.099,-3.514,-0.887
2024-11-25 23:00:00,6.48,1.117,-3.507,-4.222
2024-11-26 00:00:00,6.106,0.405,-1.804,-4.394
2024-11-26 01:00:00,5.965,0.409,-2.375,4.784
2024-11-26 02:00:00,5.766,2.152,-3.321,3.127
2024-11-26 03:00:00,5.611,3.363,-3.273,0.617
2024-11-26 04:00:00,5.658,3.504,-1.871,1.024
2024-11-26 05:00:00,5.83,3.393,-4.119,0.878
2024-11-26 06:00:00,5.896,3.215,-2.917,2.85
2024-11-26 07:00:00,5.894,4.67,-2.805,-0.062
2024-11-26 08:00:00,5.769,4.198,-2.915,1.295
2024-11-26 09:00:00,5.859,4.467,-2.26,1.351
2024-11-26 10:00:00,5.891,4.703,-2.707,0.843
2024-11-26 11:00:00,5.921,4.412,-1.585,2.393
2024-11-26 12:00:00,6.177,2.074,-3.308,3.4
2024-11-26 13:00:00,5.849,3.105,-3.039,2.127
2024-11-26 14:00:00,6.103,2.698,-3.45,3.599
2024-11-26 15:00:00,6.071,4.055,-2.209,2.851
2024-11-26 16:00:00,6.194,3.918,-3.516,-0.805
2024-11-26 17:00:00,6.115,3.637,-3.824,-1.136
2024-11-26 18:00:00,6.118,3.355,-3.47,-1.19
2024-11-26 19:00:00,6.281,2.464,-5.108,0.265
2024-11-26 20:00:00,6.252,2.803,-3.996,-1.337
2024-11-26 21:00:00,6.301,4.565,-1.333,1.46
2024-11-26 22:00:00,6.836,3.76,-4.573,1.398
2024-11-26 23:00:00,6.751,3.225,-5.257,-1.662
2024-11-27 00:00:00,6.522,5.004,-3.181,0.22
2024-11-27 01:00:00,6.189,2.533,-3.777,1.238
2024-11-27 02:00:00,6.171,3.284,-1.152,2.467
2024-11-27 03:00:00,6.166,3.785,-2.577,0.19
2024-11-27 04:00:00,6.505,2.147,-5.27,-0.394
2024-11-27 05:00:00,6.564,3.088,-4.207,-0.912
2024-11-27 06:00:00,6.549,3.237,-3.186,0.359
2024-11-27 07:00:00,6.268,4.417,-2.932,0.241
2024-11-27 08:00:00,6.243,5.735,-0.314,0.657
2024-11-27 09:00:00,6.227,5.207,-2.0,0.008
2024-11-27 10:00:00,6.695,1.611,-4.757,-0.393
2024-11-27 11:00:00,6.601,4.321,-3.668,-0.82
2024-11-27 12:00:00,6.438,1.723,-4.562,0.759
2024-11-27 13:00:00,6.591,2.766,-1.923,4.717
2024-11-27 14:00:00,6.978,1.108,-4.819,2.105
2024-11-27 15:00:00,6.665,1.06,-4.471,1.063
2024-11-27 16:00:00,6.51,1.979,-5.303,-2.107
2024-11-27 17:00:00,6.135,1.612,-4.889,-2.06
2024-11-27 18:00:00,6.198,0.036,-4.907,-1.823
2024-11-27 19:00:00,6.325,1.194,-5.5,-2.396
2024-11-27 20:00:00,6.026,2.222,-2.435,-4.131
2024-11-27 21:00:00,6.083,2.627,-4.511,-1.34
2024-11-27 22:00:00,6.126,1.393,-4.96,-1.02
2024-11-27 23:00:00,6.073,2.948,-3.294,0.051
2024-11-28 00:00:00,5.956,2.658,-3.044,0.262
2024-11-28 01:00:00,5.782,2.812,-2.806,0.674
2024-11-28 02:00:00,6.297,1.844,-5.608,0.37
2024-11-28 03:00:00,6.78,0.906,-6.47,0.72
2024-11-28 04:00:00,6.669,1.378,-5.819,1.233
2024-11-28 05:00:00,6.61,4.952,-3.942,-0.214
2024-11-28 06:00:00,7.052,4.362,-5.043,0.878
2024-11-28 07:00:00,7.662,3.917,-6.038,1.764
2024-11-28 08:00:00,7.685,4.829,-4.416,1.238
2024-11-28 09:00:00,7.651,4.475,-5.172,1.39
2024-11-28 10:00:00,7.696,5.24,-4.592,1.893
2024-11-28 11:00:00,7.713,2.063,-7.251,-0.023
2024-11-28 12:00:00,7.846,4.738,-5.384,0.461
2024-11-28 13:00:00,7.901,3.715,-6.194,1.377
2024-11-28 14:00:00,7.364,4.549,-4.644,2.612
2024-11-28 15:00:00,7.6,3.358,-6.431,1.346
2024-11-28 16:00:00,7.395,4.761,-4.686,1.983
2024-11-28 17:00:00,7.371,2.241,-4.374,-0.202
2024-11-28 18:00:00,8.27,3.311,-7.177,2.046
2024-11-28 19:00:00,8.272,2.877,-7.093,2.908
2024-11-28 20:00:00,7.988,3.092,-7.087,0.872
2024-11-28 21:00:00,7.989,3.026,-7.01,1.419
2024-11-28 22:00:00,7.76,4.52,-4.554,-0.2
2024-11-28 23:00:00,7.828,2.484,-6.634,2.333
2024-11-29 00:00:00,7.591,1.087,-5.181,3.394
2024-11-29 01:00:00,7.453,2.318,-3.965,4.393
2024-11-29 02:00:00,12.183,1.164,-11.067,3.347
2024-11-29 03:00:00,15.626,3.642,-13.741,2.417
2024-11-29 04:00:00,13.454,4.488,-4.546,9.112
2024-11-29 05:00:00,13.23,4.891,-8.833,5.569
2024-11-29 06:00:00,12.442,0.989,-9.164,0.986
2024-11-29 07:00:00,13.302,4.152,-9.799,3.515
2024-11-29 08:00:00,12.216,4.012,-8.883,-3.849
2024-11-29 09:00:00,11.097,6.931,-6.838,0.147
2024-11-29 10:00:00,9.838,4.959,-6.626,2.903
2024-11-29 11:00:00,9.619,5.596,-6.491,0.004
2024-11-29 12:00:00,9.7,7.448,-4.385,3.845
2024-11-29 13:00:00,9.696,7.742,-4.094,2.971
2024-11-29 14:00:00,9.565,7.845,-2.996,3.895
2024-11-29 15:00:00,9.445,7.403,-4.628,2.786
2024-11-29 16:00:00,9.594,6.528,-6.378,-1.885
2024-11-29 17:00:00,8.18,1.978,-1.838,0.389
2024-11-29 18:00:00,8.794,-5.092,4.915,-3.026
2024-11-29 19:00:00,9.916,-4.066,5.775,-5.688
2024-11-29 20:00:00,11.259,-7.73,7.661,1.575
2024-11-29 21:00:00,10.619,-7.198,7.487,1.774
2024-11-29 22:00:00,8.328,-4.422,1.885,-3.45
2024-11-29 23:00:00,8.678,-1.227,1.098,-7.914
2024-11-30 00:00:00,8.384,2.206,-2.904,-6.022
2024-11-30 01:00:00,9.941,6.694,-6.08,-0.905
2024-11-30 02:00:00,10.437,4.956,-7.08,0.171
2024-11-30 03:00:00,10.529,5.231,-7.65,-4.597
2024-11-30 04:00:00,9.162,4.09,-6.211,0.927
2024-11-30 05:00:00,9.475,-0.271,-0.771,9.191
2024-11-30 06:00:00,8.805,-0.258,-0.443,8.653
2024-11-30 07:00:00,9.954,-0.454,0.351,9.842
2024-11-30 08:00:00,9.818,-0.208,-0.481,9.583
2024-11-30 09:00:00,9.926,-0.084,0.62,9.761
2024-11-30 10:00:00,9.715,-0.379,2.178,9.337
2024-11-30 11:00:00,8.631,-0.861,-2.747,7.237
2024-11-30 12:00:00,9.058,1.387,-7.975,3.647
2024-11-30 13:00:00,9.109,-0.977,-8.153,3.106
2024-11-30 14:00:00,8.834,-1.743,-5.09,5.794
2024-11-30 15:00:00,9.419,-1.273,-5.73,6.98
2024-11-30 16:00:00,9.982,0.209,-5.352,8.019
2024-11-30 17:00:00,10.917,4.304,-9.047,2.839
2024-11-30 18:00:00,10.984,4.252,-9.341,-0.304
2024-11-30 19:00:00,10.659,0.562,-6.145,7.987
2024-11-30 20:00:00,10.429,0.327,-6.668,7.741
2024-11-30 21:00:00,10.022,0.636,-6.072,4.889
2024-11-30 22:00:00,9.124,1.789,-2.626,7.734
2024-11-30 23:00:00,8.175,1.963,-3.971,6.747
2024-12-01 00:00:00,8.487,4.11,-5.04,5.382
2024-12-01 01:00:00,6.862,2.645,-4.9,3.715
2024-12-01 02:00:00,6.914,2.468,-3.87,4.985
2024-12-01 03:00:00,7.542,3.352,-5.075,4.33
2024-12-01 04:00:00,6.407,4.183,-3.693,2.975
2024-12-01 05:00:00,7.553,2.499,2.295,2.309
2024-12-01 06:00:00,8.414,-1.595,6.876,-3.186
2024-12-01 07:00:00,7.167,-2.248,-1.69,5.121
2024-12-01 08:00:00,8.193,-2.619,-3.97,6.385
2024-12-01 09:00:00,8.216,-3.12,-1.829,6.829
2024-12-01 10:00:00,8.313,-4.166,-1.405,4.865
2024-12-01 11:00:00,8.683,-5.352,-2.297,4.761
2024-12-01 12:00:00,9.611,-7.447,1.165,4.653
2024-12-01 13:00:00,8.658,-5.818,5.121,2.544
2024-12-01 14:00:00,8.734,-4.939,6.334,2.94
2024-12-01 15:00:00,8.015,-3.464,5.977,2.295
2024-12-01 16:00:00,5.987,-4.166,3.206,0.668
2024-12-01 17:00:00,5.689,-4.111,1.643,-1.696
2024-12-01 18:00:00,5.342,-2.695,3.276,2.443
2024-12-01 19:00:00,6.106,-3.157,4.245,0.919
2024-12-01 20:00:00,6.085,1.228,4.406,-2.631
2024-12-01 21:00:00,5.96,1.468,5.179,1.726
2024-12-01 22:00:00,5.888,0.589,5.507,0.351
2024-12-01 23:00:00,5.734,-2.614,3.612,-2.389
2024-12-02 00:00:00,5.892,-3.357,1.985,-1.881
2024-12-02 01:00:00,6.928,-4.526,4.983,-0.015
2024-12-02 02:00:00,6.899,-5.177,3.96,-1.461
2024-12-02 03:00:00,7.585,-1.05,4.987,2.422
2024-12-02 04:00:00,8.177,0.29,6.397,4.975
2024-12-02 05:00:00,7.812,0.693,5.745,4.383
2024-12-02 06:00:00,7.726,1.459,3.966,6.103
2024-12-02 07:00:00,7.733,-0.517,6.191,4.452
2024-12-02 08:00:00,7.582,0.457,5.456,4.898
2024-12-02 09:00:00,7.62,-0.916,5.788,4.452
2024-12-02 10:00:00,7.502,-0.157,5.592,4.81
2024-12-02 11:00:00,7.814,2.532,5.4,4.932
2024-12-02 12:00:00,8.336,1.923,6.144,4.655
2024-12-02 13:00:00,8.233,-1.266,3.64,6.269
2024-12-02 14:00:00,9.171,-3.918,3.533,7.213
2024-12-02 15:00:00,9.612,-2.361,6.024,6.967
2024-12-02 16:00:00,9.878,-3.765,5.783,6.936
2024-12-02 17:00:00,9.749,-2.703,7.608,5.299
2024-12-02 18:00:00,9.251,-2.364,8.032,1.669
2024-12-02 19:00:00,9.256,-3.769,7.33,3.957
2024-12-02 20:00:00,12.598,-3.581,11.081,3.835
2024-12-02 21:00:00,13.485,-1.668,11.488,5.379
2024-12-02 22:00:00,13.601,-6.098,6.362,-7.997
2024-12-02 23:00:00,13.479,-5.524,7.226,-4.494
2024-12-03 00:00:00,13.546,-4.708,11.874,2.65
2024-12-03 01:00:00,13.356,-2.223,9.572,6.303
2024-12-03 02:00:00,8.402,-3.068,4.061,-1.187
2024-12-03 03:00:00,5.263,-2.231,-3.175,-2.289
2024-12-03 04:00:00,8.499,-5.836,5.227,-2.209
2024-12-03 05:00:00,11.557,-9.016,5.502,-3.952
2024-12-03 06:00:00,12.421,-11.078,4.006,-3.493
2024-12-03 07:00:00,12.225,-11.516,2.632,-2.859
2024-12-03 08:00:00,11.604,-10.648,0.471,-3.887
2024-12-03 09:00:00,10.943,-9.195,-0.782,-5.226
2024-12-03 10:00:00,10.331,-5.573,-4.973,-4.604
2024-12-03 11:00:00,5.841,4.878,-2.669,-0.413
2024-12-03 12:00:00,5.075,2.046,0.398,0.141
2024-12-03 13:00:00,5.65,-3.82,3.234,0.664
2024-12-03 14:00:00,8.431,-5.978,5.47,0.522
2024-12-03 15:00:00,10.122,-8.047,5.282,-2.62
2024-12-03 16:00:00,8.384,-4.27,5.119,-3.19
2024-12-03 17:00:00,8.803,4.278,-3.816,2.107
2024-12-03 18:00:00,10.055,5.833,-7.171,3.086
2024-12-03 19:00:00,10.212,5.304,-7.12,4.885
2024-12-03 20:00:00,10.202,6.223,-6.559,2.272
2024-12-03 21:00:00,9.847,6.304,-6.715,2.937
2024-12-03 22:00:00,9.237,5.415,-6.475,1.236
2024-12-03 23:00:00,10.093,4.324,-8.164,2.98
2024-12-04 00:00:00,9.957,6.169,-7.343,1.288
2024-12-04 01:00:00,9.946,6.161,-7.037,2.021
2024-12-04 02:00:00,10.074,5.996,-6.767,3.011
2024-12-04 03:00:00,9.659,6.113,-6.653,0.368
2024-12-04 04:00:00,9.324,2.48,-7.641,1.594
2024-12-04 05:00:00,9.208,3.935,-7.113,0.059
2024-12-04 06:00:00,8.874,4.303,-6.916,-1.698
2024-12-04 07:00:00,8.553,5.647,-4.632,-3.519
2024-12-04 08:00:00,7.858,6.546,-2.477,-1.624
2024-12-04 09:00:00,7.723,3.802,-5.263,-3.284
2024-12-04 10:00:00,7.904,4.603,-4.991,-2.184
2024-12-04 11:00:00,8.147,2.843,-6.611,-1.909
2024-12-04 12:00:00,7.575,2.621,-6.027,-2.8
2024-12-04 13:00:00,7.131,3.625,-5.354,-0.958
2024-12-04 14:00:00,7.24,3.138,-5.399,-2.73
2024-12-04 15:00:00,7.111,4.818,-4.223,-1.689
2024-12-04 16:00:00,7.346,0.124,-6.519,-2.543
2024-12-04 17:00:00,7.091,0.857,-5.967,-2.756
2024-12-04 18:00:00,6.979,1.918,-5.819,-1.331
2024-12-04 19:00:00,6.985,1.237,-5.545,-2.799
2024-12-04 20:00:00,6.883,1.789,-5.309,-3.015
2024-12-04 21:00:00,6.676,4.52,-3.702,-1.677
2024-12-04 22:00:00,6.659,2.797,-5.525,-0.793
2024-12-04 23:00:00,6.675,2.461,-5.352,-0.835
2024-12-05 00:00:00,6.868,1.844,-5.461,-1.022
2024-12-05 01:00:00,7.051,2.117,-5.841,-1.975
2024-12-05 02:00:00,7.286,2.661,-3.377,0.266
2024-12-05 03:00:00,7.454,5.408,-3.74,2.188
2024-12-05 04:00:00,7.371,3.724,-5.811,-0.159
2024-12-05 05:00:00,7.163,4.856,-4.787,1.199
2024-12-05 06:00:00,6.752,4.089,0.635,4.578
2024-12-05 07:00:00,6.747,2.683,-4.119,0.02
2024-12-05 08:00:00,7.461,2.793,-5.844,-2.749
2024-12-05 09:00:00,7.493,3.403,-6.268,-1.882
2024-12-05 10:00:00,7.293,5.277,-4.883,-0.041
2024-12-05 11:00:00,6.817,5.929,-2.208,1.947
2024-12-05 12:00:00,6.745,6.249,0.672,1.935
2024-12-05 13:00:00,6.815,5.936,-0.822,2.425
2024-12-05 14:00:00,6.605,5.686,-2.612,0.663
2024-12-05 15:00:00,6.474,6.12,-0.334,-0.955
2024-12-05 16:00:00,6.861,6.705,-0.537,0.224
2024-12-05 17:00:00,7.057,6.946,0.05,0.325
2024-12-05 18:00:00,6.872,6.036,1.991,2.097
2024-12-05 19:00:00,7.127,3.753,3.283,4.595
2024-12-05 20:00:00,6.674,4.27,0.982,4.639
2024-12-05 21:00:00,6.483,5.248,-0.647,3.146
2024-12-05 22:00:00,6.512,3.76,-2.566,0.289
2024-12-05 23:00:00,6.438,3.194,-2.38,0.747
2024-12-06 00:00:00,6.237,4.545,-1.009,0.114
2024-12-06 01:00:00,7.033,1.5,-6.372,-0.802
2024-12-06 02:00:00,7.002,0.626,-4.922,-4.476
2024-12-06 03:00:00,6.513,1.207,-4.231,-3.69
2024-12-06 04:00:00,6.495,1.43,-5.032,-3.318
2024-12-06 05:00:00,6.178,4.21,-2.017,0.831
2024-12-06 06:00:00,6.212,3.122,-4.24,-2.029
2024-12-06 07:00:00,5.936,3.828,-3.308,0.599
2024-12-06 08:00:00,6.058,-0.138,0.499,5.582
2024-12-06 09:00:00,5.871,3.62,0.468,4.063
2024-12-06 10:00:00,6.03,2.327,-2.571,4.082
2024-12-06 11:00:00,6.039,3.327,-4.335,1.102
2024-12-06 12:00:00,6.039,2.656,-4.5,-0.514
2024-12-06 13:00:00,6.173,2.088,-5.17,-2.01
2024-12-06 14:00:00,6.077,2.579,-4.497,-1.248
2024-12-06 15:00:00,5.747,3.217,-2.89,-2.318
2024-12-06 16:00:00,5.69,4.124,-3.027,-0.321
2024-12-06 17:00:00,5.767,2.88,-4.695,0.169
2024-12-06 18:00:00,5.684,1.711,-1.542,2.771
2024-12-06 19:00:00,5.959,2.288,-3.477,2.448
2024-12-06 20:00:00,6.101,1.612,-5.42,-1.706
2024-12-06 21:00:00,6.18,1.951,-5.597,-0.883
2024-12-06 22:00:00,5.85,2.684,-4.571,1.601
2024-12-06 23:00:00,6.788,2.579,-6.134,-0.657
2024-12-07 00:00:00,7.231,3.845,-5.446,-1.313
2024-12-07 01:00:00,7.406,4.185,-5.796,-0.299
2024-12-07 02:00:00,7.49,3.146,-6.343,1.419
2024-12-07 03:00:00,4.408,-2.03,-1.698,1.99
2024-12-07 04:00:00,5.845,-0.825,-1.872,1.946
2024-12-07 05:00:00,5.123,1.093,-3.33,1.186
2024-12-07 06:00:00,4.625,3.454,-0.436,1.372
2024-12-07 07:00:00,5.204,4.899,0.759,-0.821
2024-12-07 08:00:00,4.843,4.654,0.271,-0.043
2024-12-07 09:00:00,6.095,5.382,-1.502,-0.64
2024-12-07 10:00:00,5.121,3.771,-1.371,-2.04
2024-12-07 11:00:00,4.422,2.777,-2.14,-1.913
2024-12-07 12:00:00,4.73,0.794,-4.44,-0.548
2024-12-07 13:00:00,5.234,2.957,-3.773,-1.186
2024-12-07 14:00:00,5.735,4.406,-3.283,-0.823
2024-12-07 15:00:00,5.368,4.033,-2.718,-1.876
2024-12-07 16:00:00,5.372,3.172,-3.789,-0.93
2024-12-07 17:00:00,4.516,2.751,-3.297,-0.747
2024-12-07 18:00:00,3.735,-1.791,-0.422,0.94
2024-12-07 19:00:00,2.332,-0.99,1.304,-0.603
2024-12-07 20:00:00,3.037,-1.258,0.86,-0.167
2024-12-07 21:00:00,6.2,-3.628,4.006,0.633
2024-12-07 22:00:00,8.237,-6.522,4.395,1.358
2024-12-07 23:00:00,9.12,-8.092,3.889,0.194
2024-12-08 00:00:00,8.985,-6.353,6.15,-0.684
2024-12-08 01:00:00,9.066,-5.894,6.674,-0.682
2024-12-08 02:00:00,8.685,-2.755,7.917,-1.988
2024-12-08 03:00:00,9.804,-5.309,7.586,-1.444
2024-12-08 04:00:00,10.118,-5.353,8.199,-1.749
2024-12-08 05:00:00,9.719,-4.202,8.342,-2.211
2024-12-08 06:00:00,9.507,-6.046,6.945,-1.916
2024-12-08 07:00:00,9.161,-6.151,6.377,-1.924
2024-12-08 08:00:00,8.823,-5.858,5.705,-2.867
2024-12-08 09:00:00,8.651,-5.883,5.27,-3.422
2024-12-08 10:00:00,7.752,-4.25,5.98,-2.147
2024-12-08 11:00:00,7.36,-2.825,5.922,-2.745
2024-12-08 12:00:00,7.352,-3.836,4.175,-3.343
2024-12-08 13:00:00,7.543,-3.521,6.103,-0.576
2024-12-08 14:00:00,6.327,-2.673,5.41,0.143
2024-12-08 15:00:00,7.817,-3.68,5.927,-3.034
2024-12-08 16:00:00,7.409,-3.379,5.655,-3.146
2024-12-08 17:00:00,7.547,-2.816,5.263,-4.124
2024-12-08 18:00:00,7.284,-5.271,0.175,3.724
2024-12-08 19:00:00,9.928,-8.072,1.783,5.211
2024-12-08 20:00:00,9.815,-7.634,5.056,3.204
2024-12-08 21:00:00,10.08,-7.649,6.222,1.491
2024-12-08 22:00:00,9.849,-7.693,5.776,-1.252
2024-12-08 23:00:00,9.838,-1.176,5.217,-7.731
2024-12-09 00:00:00,9.654,-3.645,5.51,-5.629
2024-12-09 01:00:00,9.294,-6.063,5.145,-2.407
2024-12-09 02:00:00,9.227,-7.216,5.49,-0.318
2024-12-09 03:00:00,9.671,-7.625,4.474,3.162
2024-12-09 04:00:00,9.757,-7.981,5.052,1.054
2024-12-09 05:00:00,10.084,-7.477,6.19,-1.575
2024-12-09 06:00:00,9.03,-5.854,5.864,-2.91
2024-12-09 07:00:00,8.543,-3.252,6.128,-4.317
2024-12-09 08:00:00,8.683,-7.006,4.885,0.289
2024-12-09 09:00:00,9.395,-6.188,6.331,-2.278
2024-12-09 10:00:00,10.138,-6.804,7.106,-2.217
2024-12-09 11:00:00,10.275,-6.805,7.091,-2.875
2024-12-09 12:00:00,9.376,-5.218,6.038,-3.376
2024-12-09 13:00:00,9.49,-2.375,6.531,-6.013
2024-12-09 14:00:00,8.688,-2.684,6.111,-2.724
2024-12-09 15:00:00,8.059,-5.3,3.736,1.614
2024-12-09 16:00:00,7.419,-4.376,4.443,-1.808
2024-12-09 17:00:00,6.653,-4.24,2.292,-1.261
2024-12-09 18:00:00,6.296,0.27,3.984,-2.723
2024-12-09 19:00:00,6.262,-0.679,4.26,-2.846
2024-12-09 20:00:00,6.745,-0.37,2.263,-5.368
2024-12-09 21:00:00,6.59,1.269,4.51,-3.388
2024-12-09 22:00:00,6.469,-1.2,5.623,-0.869
2024-12-09 23:00:00,5.964,-2.073,4.583,0.355
2024-12-10 00:00:00,6.096,-0.395,5.347,0.387
2024-12-10 01:00:00,6.098,-1.651,4.309,-2.885
2024-12-10 02:00:00,6.331,-2.514,5.078,1.939
2024-12-10 03:00:00,6.302,-4.815,2.798,2.759
2024-12-10 04:00:00,6.012,-0.708,2.152,-2.62
2024-12-10 05:00:00,6.185,3.788,2.087,-3.343
2024-12-10 06:00:00,5.656,1.981,1.755,-3.081
2024-12-10 07:00:00,5.937,-0.039,4.133,-3.045
2024-12-10 08:00:00,5.786,-1.715,4.836,-1.871
2024-12-10 09:00:00,5.729,-3.068,4.387,-0.234
2024-12-10 10:00:00,5.806,-3.512,4.395,0.171
2024-12-10 11:00:00,5.692,-2.838,4.584,1.217
2024-12-10 12:00:00,5.647,-2.93,4.441,-0.835
2024-12-10 13:00:00,5.406,-1.924,4.441,-0.868
2024-12-10 14:00:00,5.453,1.31,4.721,-0.67
2024-12-10 15:00:00,5.662,-1.565,4.648,-1.361
2024-12-10 16:00:00,5.729,-4.41,3.245,0.38
2024-12-10 17:00:00,5.924,-5.272,2.148,0.016
2024-12-10 18:00:00,6.021,-3.868,3.625,-0.431
2024-12-10 19:00:00,6.208,-2.746,4.932,-1.186
2024-12-10 20:00:00,5.943,-1.113,4.616,-2.664
2024-12-10 21:00:00,5.564,-1.866,3.192,-3.007
2024-12-10 22:00:00,5.58,-1.578,3.712,-3.238
2024-12-10 23:00:00,5.584,-0.565,3.315,-3.645
2024-12-11 00:00:00,5.66,-0.78,4.383,-2.121
2024-12-11 01:00:00,5.608,-3.406,2.04,-3.075
2024-12-11 02:00:00,5.242,-0.537,3.651,-1.14
2024-12-11 03:00:00,4.749,-1.508,3.826,-0.938
2024-12-11 04:00:00,5.06,-2.916,0.981,-3.651
2024-12-11 05:00:00,4.401,-2.255,1.243,-1.611
2024-12-11 06:00:00,4.535,-2.828,1.474,-1.95
2024-12-11 07:00:00,4.632,-2.622,2.451,-2.426
2024-12-11 08:00:00,4.492,-2.368,2.993,-1.842
2024-12-11 09:00:00,4.468,-2.204,3.455,-1.123
2024-12-11 10:00:00,4.52,-3.164,2.313,-1.969
2024-12-11 11:00:00,4.413,-2.691,3.036,-1.292
2024-12-11 12:00:00,4.267,-1.906,3.53,-0.869
2024-12-11 13:00:00,4.101,-0.67,3.569,-0.509
2024-12-11 14:00:00,3.825,-0.945,2.902,1.759
2024-12-11 15:00:00,3.852,-3.138,0.766,-1.776
2024-12-11 16:00:00,4.021,-2.997,0.209,-1.586
2024-12-11 17:00:00,3.929,-2.241,2.233,1.791
2024-12-11 18:00:00,4.112,-2.662,1.654,0.703
2024-12-11 19:00:00,4.18,-3.451,0.614,-1.596
2024-12-11 20:00:00,4.246,-3.773,1.426,0.064
2024-12-11 21:00:00,4.984,-3.894,0.376,-2.395
2024-12-11 22:00:00,5.506,-2.615,1.295,-4.453
2024-12-11 23:00:00,5.516,-1.736,1.316,-4.643
2024-12-12 00:00:00,5.498,-3.014,2.028,-3.776
2024-12-12 01:00:00,5.052,-4.49,0.002,-1.441
2024-12-12 02:00:00,4.331,-2.3,-0.51,-1.933
2024-12-12 03:00:00,4.337,-1.781,0.129,-3.167
2024-12-12 04:00:00,5.073,-4.283,2.071,-0.542
2024-12-12 05:00:00,5.114,-4.106,1.027,-0.371
2024-12-12 06:00:00,4.783,-2.576,-3.698,0.189
2024-12-12 07:00:00,4.751,-3.132,-0.012,1.155
2024-12-12 08:00:00,5.065,-3.434,1.617,0.213
2024-12-12 09:00:00,5.22,-4.262,2.585,0.571
2024-12-12 10:00:00,5.105,-4.509,1.912,-0.116
2024-12-12 11:00:00,5.182,-4.727,1.349,0.991
2024-12-12 12:00:00,5.204,-4.304,2.094,-0.044
2024-12-12 13:00:00,5.522,-3.325,3.381,-0.928
2024-12-12 14:00:00,5.476,-4.725,-0.756,-1.665
2024-12-12 15:00:00,5.695,-4.701,1.175,-1.268
2024-12-12 16:00:00,5.714,-5.206,-0.26,-1.077
2024-12-12 17:00:00,5.505,-4.61,-0.685,-1.938
2024-12-12 18:00:00,5.641,-4.825,-1.081,-1.941
2024-12-12 19:00:00,5.545,-3.927,-2.372,0.738
2024-12-12 20:00:00,5.534,-3.385,-2.73,1.642
2024-12-12 21:00:00,5.567,-4.261,-0.606,2.884
2024-12-12 22:00:00,5.571,-3.97,-0.953,2.852
2024-12-12 23:00:00,5.657,-5.012,-1.598,1.164
2024-12-13 00:00:00,4.929,-3.556,0.913,1.812
2024-12-13 01:00:00,4.926,-4.446,-0.941,0.402
2024-12-13 02:00:00,5.219,-3.843,-1.304,-1.754
2024-12-13 03:00:00,5.591,-3.92,-1.528,-2.922
2024-12-13 04:00:00,5.579,-4.573,-0.378,-2.945
2024-12-13 05:00:00,5.727,-5.152,-1.177,-1.763
2024-12-13 06:00:00,6.029,-5.823,-0.162,-0.91
2024-12-13 07:00:00,6.06,-5.651,1.215,0.329
2024-12-13 08:00:00,5.789,-5.495,0.44,-0.107
2024-12-13 09:00:00,5.892,-4.798,-0.627,-2.892
2024-12-13 10:00:00,5.949,-3.808,2.254,-1.771
2024-12-13 11:00:00,6.721,-5.175,4.088,-0.495
2024-12-13 12:00:00,6.857,-4.906,3.975,-2.373
2024-12-13 13:00:00,6.555,-4.568,0.674,-4.249
2024-12-13 14:00:00,5.945,-2.783,2.612,-4.109
2024-12-13 15:00:00,5.96,-2.195,1.898,-5.085
2024-12-13 16:00:00,5.729,-2.283,2.841,-3.762
2024-12-13 17:00:00,5.39,-1.758,4.227,-1.849
2024-12-13 18:00:00,5.322,-3.669,2.564,-2.11
2024-12-13 19:00:00,5.163,-2.476,3.768,-0.954
2024-12-13 20:00:00,5.402,-3.327,2.581,-2.499
2024-12-13 21:00:00,5.042,-1.229,2.068,-3.362
2024-12-13 22:00:00,5.443,-3.954,2.362,1.898
2024-12-13 23:00:00,5.65,-5.315,1.465,0.013
2024-12-14 00:00:00,5.626,-5.206,1.586,-0.54
2024-12-14 01:00:00,5.909,-3.998,3.594,-0.798
2024-12-14 02:00:00,5.916,-2.574,3.7,-2.675
2024-12-14 03:00:00,5.574,-2.117,3.579,-3.135
2024-12-14 04:00:00,5.512,-2.046,3.517,-2.642
2024-12-14 05:00:00,5.929,-3.234,2.688,-2.151
2024-12-14 06:00:00,6.607,-3.376,4.703,0.508
2024-12-14 07:00:00,6.975,-0.683,6.383,-1.662
2024-12-14 08:00:00,7.328,0.626,5.899,-3.171
2024-12-14 09:00:00,7.718,-0.093,5.819,-4.127
2024-12-14 10:00:00,7.99,1.683,6.377,-3.678
2024-12-14 11:00:00,8.514,0.999,8.036,0.308
2024-12-14 12:00:00,8.874,0.025,8.485,0.91
2024-12-14 13:00:00,9.654,-2.558,7.715,-4.63
2024-12-14 14:00:00,10.052,-1.331,6.815,-6.936
2024-12-14 15:00:00,10.539,-2.441,5.296,-8.604
2024-12-14 16:00:00,9.607,-3.162,4.44,-7.699
2024-12-14 17:00:00,10.063,-4.145,6.403,-6.236
2024-12-14 18:00:00,11.721,-4.646,9.488,-2.025
2024-12-14 19:00:00,10.018,-3.677,8.629,2.854
2024-12-14 20:00:00,10.287,-3.598,9.002,1.727
2024-12-14 21:00:00,10.335,-1.459,8.557,-3.274
2024-12-14 22:00:00,9.738,-3.284,7.345,1.064
2024-12-14 23:00:00,11.605,-0.98,9.867,-5.338
2024-12-15 00:00:00,11.914,-3.915,10.843,-1.504
2024-12-15 01:00:00,11.716,-5.803,9.903,-1.458
2024-12-15 02:00:00,12.46,-7.558,9.721,-1.571
2024-12-15 03:00:00,12.572,-7.553,9.912,-0.125
2024-12-15 04:00:00,12.077,-7.768,8.778,2.301
2024-12-15 05:00:00,9.595,-3.536,8.059,0.528
2024-12-15 06:00:00,9.999,-1.12,8.352,-0.65
2024-12-15 07:00:00,10.566,-3.937,6.73,-0.818
2024-12-15 08:00:00,12.161,-7.77,8.151,3.895
2024-12-15 09:00:00,9.253,-0.858,8.519,-1.625
2024-12-15 10:00:00,11.34,-3.856,10.599,0.242
2024-12-15 11:00:00,9.15,-2.705,6.833,-2.073
2024-12-15 12:00:00,8.188,-2.832,4.658,-0.417
2024-12-15 13:00:00,6.559,-3.453,3.747,-1.086
2024-12-15 14:00:00,6.812,-5.371,3.26,1.098
2024-12-15 15:00:00,6.541,-5.77,1.816,2.009
2024-12-15 16:00:00,5.958,-4.975,2.036,-1.925
2024-12-15 17:00:00,6.069,-4.2,1.222,-3.826
2024-12-15 18:00:00,6.451,-4.219,-0.325,-4.647
2024-12-15 19:00:00,6.281,-2.442,3.132,-0.288
2024-12-15 20:00:00,6.953,-2.155,5.958,1.527
2024-12-15 21:00:00,8.595,-4.295,6.665,0.381
2024-12-15 22:00:00,8.502,-3.567,6.806,1.968
2024-12-15 23:00:00,10.454,-6.768,6.954,2.351
2024-12-16 00:00:00,11.188,-9.547,-3.019,4.489
2024-12-16 01:00:00,10.217,-9.149,-0.538,4.317
2024-12-16 02:00:00,9.631,-8.075,2.116,4.551
2024-12-16 03:00:00,8.013,2.242,4.257,-2.611
2024-12-16 04:00:00,9.419,7.218,2.414,-5.078
2024-12-16 05:00:00,8.943,6.951,0.729,-4.39
2024-12-16 06:00:00,5.243,-2.441,3.964,-0.784
2024-12-16 07:00:00,6.312,-1.195,4.509,-3.147
2024-12-16 08:00:00,5.458,0.349,3.805,-3.079
2024-12-16 09:00:00,5.628,-2.379,4.417,-1.469
2024-12-16 10:00:00,5.654,-2.011,4.134,-2.441
2024-12-16 11:00:00,5.585,-0.241,4.492,-2.824
2024-12-16 12:00:00,5.778,-1.427,4.545,-2.738
2024-12-16 13:00:00,4.932,-1.309,3.211,-3.074
2024-12-16 14:00:00,5.436,-1.556,2.596,-2.755
2024-12-16 15:00:00,6.762,-1.959,4.725,-3.644
2024-12-16 16:00:00,6.999,0.327,6.298,-2.483
2024-12-16 17:00:00,6.761,-1.001,5.081,-2.384
2024-12-16 18:00:00,6.122,-1.608,4.037,-1.511
2024-12-16 19:00:00,4.285,0.001,2.244,-2.663
2024-12-16 20:00:00,5.88,1.772,2.348,-4.938
2024-12-16 21:00:00,6.319,1.898,1.952,-5.0
2024-12-16 22:00:00,6.557,1.554,0.414,-4.698
2024-12-16 23:00:00,6.972,0.975,4.045,-0.708
2024-12-17 00:00:00,7.764,0.097,6.086,-3.849
2024-12-17 01:00:00,8.695,-0.18,1.162,-8.456
2024-12-17 02:00:00,7.378,-0.197,2.863,-5.951
2024-12-17 03:00:00,6.343,0.419,1.586,-4.905
2024-12-17 04:00:00,12.476,-3.689,8.088,-5.142
2024-12-17 05:00:00,22.293,7.724,-9.49,0.407
2024-12-17 06:00:00,28.247,16.252,-20.624,-1.845
2024-12-17 07:00:00,23.622,12.271,-14.715,3.97
2024-12-17 08:00:00,29.243,-8.46,-0.227,25.837
2024-12-17 09:00:00,27.381,-7.545,-7.004,23.132
2024-12-17 10:00:00,25.999,14.604,-16.559,12.537
2024-12-17 11:00:00,21.806,11.639,-15.063,10.131
2024-12-17 12:00:00,20.825,6.037,-14.453,13.216
2024-12-17 13:00:00,18.218,3.745,-11.099,13.407
2024-12-17 14:00:00,14.444,2.192,-10.62,8.808
2024-12-17 15:00:00,12.313,4.278,-9.735,5.229
2024-12-17 16:00:00,10.989,8.307,-5.789,1.43
2024-12-17 17:00:00,11.372,9.055,-5.402,0.605
2024-12-17 18:00:00,12.417,10.744,-5.637,0.119
2024-12-17 19:00:00,13.206,9.483,-7.32,4.515
2024-12-17 20:00:00,12.727,9.791,-6.106,-2.26
2024-12-17 21:00:00,10.971,8.754,-5.728,-0.824
2024-12-17 22:00:00,11.026,10.062,-2.608,-0.376
2024-12-17 23:00:00,10.698,7.613,-4.483,-3.238
2024-12-18 00:00:00,8.904,7.633,-2.72,-0.498
2024-12-18 01:00:00,7.033,5.294,-2.786,2.487
2024-12-18 02:00:00,7.081,5.675,-1.787,1.811
2024-12-18 03:00:00,7.231,2.14,-3.035,4.446
2024-12-18 04:00:00,6.976,5.289,-2.401,1.229
2024-12-18 05:00:00,7.22,5.484,-2.956,-2.849
2024-12-18 06:00:00,7.504,4.128,-4.972,0.038
2024-12-18 07:00:00,7.361,5.812,-1.333,2.773
2024-12-18 08:00:00,7.585,4.716,-3.785,2.236
2024-12-18 09:00:00,7.7,4.503,-3.604,1.509
2024-12-18 10:00:00,7.368,5.272,-2.938,-0.791
2024-12-18 11:00:00,7.163,5.645,-1.99,1.632
2024-12-18 12:00:00,7.183,6.041,-1.938,0.094
2024-12-18 13:00:00,7.282,5.047,-3.919,-0.132
2024-12-18 14:00:00,7.425,4.633,-3.848,-2.647
2024-12-18 15:00:00,7.264,5.328,-3.849,-1.853
2024-12-18 16:00:00,7.325,5.393,-2.577,-1.709
2024-12-18 17:00:00,6.907,4.335,-3.971,-0.656
2024-12-18 18:00:00,6.317,2.744,0.415,4.51
2024-12-18 19:00:00,6.387,2.516,-2.275,4.688
2024-12-18 20:00:00,6.203,2.768,-2.318,3.477
2024-12-18 21:00:00,6.048,4.061,-2.117,2.416
2024-12-18 22:00:00,6.042,4.443,-0.713,2.366
2024-12-18 23:00:00,6.451,4.491,-3.438,-2.033
2024-12-19 00:00:00,6.725,2.918,-4.255,-3.177
2024-12-19 01:00:00,6.168,3.867,-3.64,1.268
2024-12-19 02:00:00,5.978,4.494,-2.609,-0.124
2024-12-19 03:00:00,5.817,3.845,-3.326,2.066
2024-12-19 04:00:00,6.471,2.624,-4.212,-3.062
2024-12-19 05:00:00,6.345,2.626,-4.689,0.308
2024-12-19 06:00:00,6.087,2.711,-4.588,2.427
2024-12-19 07:00:00,5.705,3.826,-3.679,0.387
2024-12-19 08:00:00,5.495,3.721,-3.816,0.654
2024-12-19 09:00:00,5.344,4.054,-3.281,0.39
2024-12-19 10:00:00,4.523,4.133,-1.416,0.209
2024-12-19 11:00:00,4.427,3.249,-1.261,-2.31
2024-12-19 12:00:00,4.484,3.368,-1.057,-2.15
2024-12-19 13:00:00,4.598,3.126,-1.127,2.722
2024-12-19 14:00:00,4.986,2.146,-2.045,3.865
2024-12-19 15:00:00,5.363,0.349,-2.417,4.136
2024-12-19 16:00:00,5.126,2.971,-3.611,0.791
2024-12-19 17:00:00,5.375,1.876,-3.818,1.998
2024-12-19 18:00:00,5.378,3.047,-2.722,-0.732
2024-12-19 19:00:00,5.807,3.1,0.185,-3.692
2024-12-19 20:00:00,6.145,0.603,-2.226,-5.18
2024-12-19 21:00:00,5.868,2.685,-2.56,-3.234
2024-12-19 22:00:00,5.031,3.913,-0.756,-2.105
2024-12-19 23:00:00,4.759,2.994,-0.024,-2.166
2024-12-20 00:00:00,5.224,2.393,-0.306,-3.946
2024-12-20 01:00:00,5.905,2.095,-3.834,-3.293
2024-12-20 02:00:00,6.444,4.081,-3.853,-0.244
2024-12-20 03:00:00,6.347,1.613,-3.198,4.109
2024-12-20 04:00:00,7.214,-1.233,-2.013,5.702
2024-12-20 05:00:00,7.417,1.853,-0.926,5.808
2024-12-20 06:00:00,6.996,4.52,-4.753,1.302
2024-12-20 07:00:00,6.384,3.688,-3.94,-0.314
2024-12-20 08:00:00,6.838,2.585,-3.038,3.181
2024-12-20 09:00:00,7.336,4.158,-3.28,-1.195
2024-12-20 10:00:00,7.978,5.132,-3.895,-0.024
2024-12-20 11:00:00,8.028,3.571,-4.419,1.925
2024-12-20 12:00:00,8.405,-0.616,-4.64,-5.937
2024-12-20 13:00:00,8.103,5.061,-4.996,1.832
2024-12-20 14:00:00,8.422,6.004,-4.345,1.042
2024-12-20 15:00:00,8.786,2.888,-4.476,-3.637
2024-12-20 16:00:00,8.421,5.983,-5.086,-0.08
2024-12-20 17:00:00,8.565,4.271,-4.008,-5.42
2024-12-20 18:00:00,8.922,5.135,-3.38,0.702
2024-12-20 19:00:00,8.604,2.903,-5.848,0.983
2024-12-20 20:00:00,8.683,3.889,-1.701,6.884
2024-12-20 21:00:00,8.422,4.55,-5.2,-3.085
2024-12-20 22:00:00,7.946,3.148,-3.398,-0.282
2024-12-20 23:00:00,7.574,4.741,-0.634,3.585
2024-12-21 00:00:00,8.226,2.188,-5.164,-4.408
2024-12-21 01:00:00,8.397,2.744,-6.778,0.997
2024-12-21 02:00:00,8.964,4.575,-5.237,5.18
2024-12-21 03:00:00,8.828,5.059,-4.937,4.385
2024-12-21 04:00:00,8.471,4.483,-4.637,4.581
2024-12-21 05:00:00,7.678,4.507,-4.952,-0.384
2024-12-21 06:00:00,7.967,2.703,-6.457,1.259
2024-12-21 07:00:00,8.082,2.207,-5.739,-2.343
2024-12-21 08:00:00,8.314,3.754,-4.87,-2.43
2024-12-21 09:00:00,8.103,2.43,-6.166,-1.408
2024-12-21 10:00:00,8.016,3.149,-5.342,-1.473
2024-12-21 11:00:00,8.389,0.346,-5.947,-1.293
2024-12-21 12:00:00,8.14,3.514,-5.173,-0.421
2024-12-21 13:00:00,9.038,5.864,-5.486,-0.691
2024-12-21 14:00:00,8.777,5.589,-5.482,-0.333
2024-12-21 15:00:00,8.322,5.571,-4.697,2.171
2024-12-21 16:00:00,8.229,2.841,-5.122,-2.812
2024-12-21 17:00:00,7.89,3.047,-4.717,-0.685
2024-12-21 18:00:00,7.859,3.672,-5.082,-0.284
2024-12-21 19:00:00,8.926,3.715,-6.582,3.52
2024-12-21 20:00:00,8.766,4.211,-5.47,0.643
2024-12-21 21:00:00,8.464,5.701,-4.212,-0.688
2024-12-21 22:00:00,8.656,5.654,-5.58,1.927
2024-12-21 23:00:00,9.189,5.717,-5.178,4.306
2024-12-22 00:00:00,9.179,4.761,-5.228,4.504
2024-12-22 01:00:00,8.693,5.459,-3.903,4.162
2024-12-22 02:00:00,8.202,4.996,-4.292,2.538
2024-12-22 03:00:00,7.798,4.377,-4.438,2.584
2024-12-22 04:00:00,7.704,5.125,-4.131,0.206
2024-12-22 05:00:00,8.011,3.304,-6.222,0.891
2024-12-22 06:00:00,7.947,4.911,-3.843,2.518
2024-12-22 07:00:00,7.467,3.177,-4.522,-2.812
2024-12-22 08:00:00,7.078,4.853,-1.769,-2.07
2024-12-22 09:00:00,6.826,5.356,-0.118,2.745
2024-12-22 10:00:00,6.688,4.365,-1.938,3.902
2024-12-22 11:00:00,6.197,4.17,-1.18,0.632
2024-12-22 12:00:00,6.129,2.514,-1.96,-3.379
2024-12-22 13:00:00,6.326,0.765,-3.567,-3.405
2024-12-22 14:00:00,6.088,4.093,-2.711,-1.171
2024-12-22 15:00:00,6.131,3.903,-3.075,-1.286
2024-12-22 16:00:00,6.361,2.049,-4.597,-2.015
2024-12-22 17:00:00,6.305,4.832,-2.444,-0.517
2024-12-22 18:00:00,6.642,1.975,-2.781,-2.15
2024-12-22 19:00:00,6.394,5.479,-2.066,0.619
2024-12-22 20:00:00,6.687,4.028,-2.142,-2.938
2024-12-22 21:00:00,6.825,4.274,-3.586,2.809
2024-12-22 22:00:00,6.849,3.684,-4.603,0.468
2024-12-22 23:00:00,6.626,4.216,-4.052,-0.326
2024-12-23 00:00:00,6.759,3.756,-3.528,-1.418
2024-12-23 01:00:00,6.88,4.512,-4.222,0.793
2024-12-23 02:00:00,6.783,4.857,-2.653,2.756
2024-12-23 03:00:00,6.83,4.978,-2.784,1.33
2024-12-23 04:00:00,6.969,4.098,-2.659,4.436
2024-12-23 05:00:00,6.918,3.38,-3.064,4.978
2024-12-23 06:00:00,6.682,2.727,-5.022,-0.375
2024-12-23 07:00:00,6.642,4.4,-3.298,2.216
2024-12-23 08:00:00,6.364,4.141,-3.103,2.834
2024-12-23 09:00:00,6.061,4.768,-1.98,0.444
2024-12-23 10:00:00,5.977,3.359,-4.057,-0.148
2024-12-23 11:00:00,5.873,3.914,-3.827,-0.032
2024-12-23 12:00:00,5.838,4.112,-2.83,-1.219
2024-12-23 13:00:00,6.164,3.368,-4.888,0.287
2024-12-23 14:00:00,6.061,0.957,-4.161,-2.58
2024-12-23 15:00:00,6.03,2.509,-4.709,-1.869
2024-12-23 16:00:00,6.018,0.354,-2.197,-2.444
2024-12-23 17:00:00,5.765,4.689,-1.195,0.409
2024-12-23 18:00:00,5.472,1.654,1.639,-3.483
2024-12-23 19:00:00,4.832,1.14,-1.778,-1.29
2024-12-23 20:00:00,4.698,2.354,-2.002,1.972
2024-12-23 21:00:00,5.623,2.463,-3.977,2.357
2024-12-23 22:00:00,5.469,3.168,-3.184,1.826
2024-12-23 23:00:00,5.375,4.473,-1.959,1.123
2024-12-24 00:00:00,5.714,2.236,-3.038,0.143
2024-12-24 01:00:00,5.375,1.996,-3.11,-1.773
2024-12-24 02:00:00,5.27,1.114,-2.765,-1.78
2024-12-24 03:00:00,5.218,3.451,-0.686,0.222
2024-12-24 04:00:00,5.802,3.071,-1.584,3.042
2024-12-24 05:00:00,5.45,1.957,-2.554,-0.825
2024-12-24 06:00:00,5.933,2.905,-0.679,3.719
2024-12-24 07:00:00,5.894,0.826,-2.336,3.907
2024-12-24 08:00:00,5.706,1.677,-2.205,4.457
2024-12-24 09:00:00,5.571,1.795,-1.471,3.562
2024-12-24 10:00:00,5.699,4.954,1.908,1.059
2024-12-24 11:00:00,5.57,4.896,-0.28,-2.151
2024-12-24 12:00:00,4.743,3.677,-1.291,-2.076
2024-12-24 13:00:00,4.523,2.516,-0.902,-1.614
2024-12-24 14:00:00,4.054,2.178,-1.822,-0.871
2024-12-24 15:00:00,4.472,3.843,-1.818,0.317
2024-12-24 16:00:00,4.628,3.979,-2.109,-0.226
2024-12-24 17:00:00,4.444,2.491,-2.88,0.047
2024-12-24 18:00:00,4.554,1.422,-3.771,1.081
2024-12-24 19:00:00,5.103,-0.682,-4.079,-2.056
2024-12-24 20:00:00,5.114,-0.702,-3.699,-1.619
2024-12-24 21:00:00,5.215,0.212,-4.185,0.486
2024-12-24 22:00:00,5.078,2.472,-2.64,2.421
2024-12-24 23:00:00,5.339,2.616,-4.113,1.326
2024-12-25 00:00:00,5.738,1.566,-4.355,0.082
2024-12-25 01:00:00,5.344,-0.048,-4.593,0.141
2024-12-25 02:00:00,4.845,-1.321,-1.621,-2.833
2024-12-25 03:00:00,4.968,0.125,-2.928,-1.387
2024-12-25 04:00:00,5.392,0.216,-4.102,0.853
2024-12-25 05:00:00,5.011,1.25,-3.614,0.764
2024-12-25 06:00:00,5.019,-0.0,-3.98,-1.034
2024-12-25 07:00:00,4.649,2.414,0.618,1.436
2024-12-25 08:00:00,4.849,0.861,-3.882,0.967
2024-12-25 09:00:00,4.968,-0.007,-3.388,1.217
2024-12-25 10:00:00,4.609,1.295,-1.511,2.36
2024-12-25 11:00:00,4.341,0.69,-3.406,1.443
2024-12-25 12:00:00,3.66,1.503,-1.745,0.348
2024-12-25 13:00:00,3.933,3.112,-1.204,0.396
2024-12-25 14:00:00,3.82,3.362,-0.538,0.337
2024-12-25 15:00:00,3.93,-0.484,-3.331,0.284
2024-12-25 16:00:00,3.099,0.745,-2.833,0.472
2024-12-25 17:00:00,3.123,1.568,-2.482,0.073
2024-12-25 18:00:00,3.266,1.797,-2.438,0.676
2024-12-25 19:00:00,3.173,1.595,-2.46,0.591
2024-12-25 20:00:00,2.797,0.911,-2.495,0.269
2024-12-25 21:00:00,2.976,1.429,-2.465,0.468
2024-12-25 22:00:00,2.711,0.126,-2.4,0.977
2024-12-25 23:00:00,2.768,-0.165,-2.156,1.523
2024-12-26 00:00:00,2.89,0.447,-2.414,1.122
2024-12-26 01:00:00,3.256,-0.667,-3.039,0.02
2024-12-26 02:00:00,3.064,-0.253,-2.831,-0.189
2024-12-26 03:00:00,3.085,1.352,-2.415,0.531
2024-12-26 04:00:00,3.367,2.118,-2.074,0.509
2024-12-26 05:00:00,3.264,-0.158,-3.023,0.932
2024-12-26 06:00:00,3.311,-0.005,-2.949,1.187
2024-12-26 07:00:00,3.236,2.47,-1.486,0.013
2024-12-26 08:00:00,3.002,1.927,-1.842,-0.052
2024-12-26 09:00:00,2.981,1.904,-1.875,0.918
2024-12-26 10:00:00,3.198,1.285,-2.065,1.666
2024-12-26 11:00:00,3.839,2.233,-0.566,2.737
2024-12-26 12:00:00,4.535,3.456,-1.866,0.988
2024-12-26 13:00:00,3.972,2.12,-2.949,-1.144
2024-12-26 14:00:00,3.339,1.555,-2.761,0.756
2024-12-26 15:00:00,3.644,2.095,-2.412,1.567
2024-12-26 16:00:00,3.828,2.14,-2.412,1.72
2024-12-26 17:00:00,3.948,1.591,-2.803,1.933
2024-12-26 18:00:00,3.935,2.249,-2.565,1.416
2024-12-26 19:00:00,3.98,0.65,-3.66,0.984
2024-12-26 20:00:00,3.946,0.274,-3.764,0.526
2024-12-26 21:00:00,3.954,0.254,-3.762,0.474
2024-12-26 22:00:00,4.229,-1.293,-3.871,0.03
2024-12-26 23:00:00,3.83,0.703,-2.273,1.163
2024-12-27 00:00:00,3.567,-0.537,-2.892,1.498
2024-12-27 01:00:00,3.557,1.379,-0.838,2.853
2024-12-27 02:00:00,3.774,1.419,-2.596,1.613
2024-12-27 03:00:00,3.845,0.781,-3.162,-1.576
2024-12-27 04:00:00,3.344,-0.776,-1.528,-0.602
2024-12-27 05:00:00,3.715,-0.65,-2.085,2.214
2024-12-27 06:00:00,3.98,-0.616,-3.283,-0.499
2024-12-27 07:00:00,3.574,-2.546,-2.099,-0.822
2024-12-27 08:00:00,3.551,-2.421,-2.093,-0.984
2024-12-27 09:00:00,3.043,-1.642,-1.847,-1.136
2024-12-27 10:00:00,3.286,-2.539,-0.979,-1.565
2024-12-27 11:00:00,3.525,-2.959,-0.392,-0.695
2024-12-27 12:00:00,2.767,1.112,-1.32,1.467
2024-12-27 13:00:00,3.506,-1.277,-1.968,0.271
2024-12-27 14:00:00,4.088,-0.379,-3.017,1.061
2024-12-27 15:00:00,4.343,-0.009,-2.575,-1.499
2024-12-27 16:00:00,4.263,2.111,-3.122,0.067
2024-12-27 17:00:00,4.026,1.826,-2.495,0.641
2024-12-27 18:00:00,3.526,0.1,-1.378,-1.183
2024-12-27 19:00:00,3.659,3.165,-1.301,0.77
2024-12-27 20:00:00,3.759,2.864,-1.685,1.049
2024-12-27 21:00:00,3.693,2.495,-1.878,1.45
2024-12-27 22:00:00,3.37,2.912,-1.394,0.517
2024-12-27 23:00:00,2.453,1.786,-1.223,0.286
2024-12-28 00:00:00,2.696,2.409,-0.862,0.206
2024-12-28 01:00:00,3.006,2.673,-1.103,0.444
2024-12-28 02:00:00,3.14,0.538,0.658,-1.986
2024-12-28 03:00:00,4.108,-1.486,2.86,-2.446
2024-12-28 04:00:00,3.915,-1.701,2.279,-1.09
2024-12-28 05:00:00,2.63,-0.233,0.173,0.443
2024-12-28 06:00:00,3.089,0.655,-0.999,-2.18
2024-12-28 07:00:00,4.335,2.147,-3.601,0.48
2024-12-28 08:00:00,3.614,0.303,-1.066,2.21
2024-12-28 09:00:00,3.25,-0.642,0.949,0.056
2024-12-28 10:00:00,4.152,1.021,-0.778,3.819
2024-12-28 11:00:00,4.225,2.406,-1.142,2.78
2024-12-28 12:00:00,4.335,3.206,-1.856,2.081
2024-12-28 13:00:00,4.963,3.748,-2.324,1.899
2024-12-28 14:00:00,4.948,3.144,-2.344,1.296
2024-12-28 15:00:00,5.179,3.259,-2.993,0.599
2024-12-28 16:00:00,6.39,3.956,-4.946,0.164
2024-12-28 17:00:00,5.631,3.236,-4.093,1.608
2024-12-28 18:00:00,2.655,0.199,-0.863,-0.65
2024-12-28 19:00:00,4.477,2.692,-2.664,2.089
2024-12-28 20:00:00,3.255,0.716,-0.308,2.014
2024-12-28 21:00:00,4.89,2.926,-3.38,-1.295
2024-12-28 22:00:00,6.536,4.029,-4.858,-1.385
2024-12-28 23:00:00,6.771,4.198,-5.09,-1.279
2024-12-29 00:00:00,6.776,5.354,-4.067,-0.022
2024-12-29 01:00:00,6.852,5.572,-3.692,1.067
2024-12-29 02:00:00,6.429,4.707,-4.199,-0.523
2024-12-29 03:00:00,6.95,4.149,-4.642,-2.167
2024-12-29 04:00:00,7.057,4.851,-3.51,-3.389
2024-12-29 05:00:00,7.154,3.885,-3.991,-4.24
2024-12-29 06:00:00,8.444,0.527,-6.696,-4.078
2024-12-29 07:00:00,8.09,0.848,-5.938,-0.934
2024-12-29 08:00:00,7.969,3.456,-4.485,-2.295
2024-12-29 09:00:00,8.79,2.936,-5.912,4.948
2024-12-29 10:00:00,8.588,3.451,-2.322,6.927
2024-12-29 11:00:00,8.127,3.843,5.232,4.572
2024-12-29 12:00:00,7.752,2.61,6.644,1.858
2024-12-29 13:00:00,7.884,0.615,1.591,4.601
2024-12-29 14:00:00,7.18,-1.063,-1.973,6.182
2024-12-29 15:00:00,6.978,0.294,-0.383,5.942
2024-12-29 16:00:00,6.287,4.164,-0.809,4.199
2024-12-29 17:00:00,5.976,5.218,-0.774,2.727
2024-12-29 18:00:00,5.887,5.406,-0.602,2.151
2024-12-29 19:00:00,5.376,4.884,-0.743,1.987
2024-12-29 20:00:00,3.752,3.253,-0.069,1.646
2024-12-29 21:00:00,4.098,3.09,0.115,2.01
2024-12-29 22:00:00,4.49,-0.528,3.219,2.832
2024-12-29 23:00:00,5.621,-0.941,3.875,3.714
2024-12-30 00:00:00,6.169,0.057,2.167,4.34
2024-12-30 01:00:00,7.551,2.357,4.122,5.319
2024-12-30 02:00:00,7.579,3.722,5.719,2.827
2024-12-30 03:00:00,8.751,4.944,6.47,-2.518
2024-12-30 04:00:00,7.444,4.355,2.079,-5.429
2024-12-30 05:00:00,6.704,3.235,0.987,-5.667
2024-12-30 06:00:00,7.257,0.468,3.674,0.244
2024-12-30 07:00:00,7.857,-1.68,4.524,6.038
2024-12-30 08:00:00,7.877,-2.294,5.667,4.798
2024-12-30 09:00:00,7.31,0.574,6.588,-0.014
2024-12-30 10:00:00,7.475,0.083,7.371,-0.811
2024-12-30 11:00:00,7.15,0.31,6.911,-0.995
2024-12-30 12:00:00,6.964,0.909,6.708,1.21
2024-12-30 13:00:00,7.09,0.27,6.905,1.174
2024-12-30 14:00:00,6.399,-1.617,5.507,1.488
2024-12-30 15:00:00,5.931,1.154,5.473,0.332
2024-12-30 16:00:00,6.357,3.041,4.542,-2.778
2024-12-30 17:00:00,7.169,-1.293,6.565,0.616
2024-12-30 18:00:00,7.181,1.743,4.799,-3.972
2024-12-30 19:00:00,7.265,0.686,4.707,-2.778
2024-12-30 20:00:00,7.534,-3.846,5.424,2.4
2024-12-30 21:00:00,7.575,-4.582,5.389,2.328
2024-12-30 22:00:00,7.446,-5.025,5.113,1.278
2024-12-30 23:00:00,7.21,-5.309,3.946,0.508
2024-12-31 00:00:00,7.131,-6.573,-1.906,1.488
2024-12-31 01:00:00,7.238,-5.475,3.964,1.818
2024-12-31 02:00:00,7.532,-6.414,3.165,1.321
2024-12-31 03:00:00,8.497,-4.367,-1.671,-6.151
2024-12-31 04:00:00,9.923,-3.723,7.174,-3.215
2024-12-31 05:00:00,10.685,-3.381,9.584,-2.865
2024-12-31 06:00:00,10.226,-1.956,9.969,-0.19
2024-12-31 07:00:00,9.35,-3.614,6.285,-2.957
2024-12-31 08:00:00,9.13,-5.316,6.542,-1.828
2024-12-31 09:00:00,8.977,-5.403,6.669,1.043
2024-12-31 10:00:00,8.783,-3.292,7.573,1.38
2024-12-31 11:00:00,8.901,-0.615,5.763,4.995
2024-12-31 12:00:00,8.653,2.199,2.939,7.422
2024-12-31 13:00:00,9.355,2.373,7.645,3.727
2024-12-31 14:00:00,8.713,-0.189,8.003,2.357
2024-12-31 15:00:00,10.163,-0.886,6.904,1.219
2024-12-31 16:00:00,22.718,-10.241,19.055,0.835
2024-12-31 17:00:00,24.006,-9.348,19.661,-1.2
2024-12-31 18:00:00,23.993,-14.227,17.02,-6.083
2024-12-31 19:00:00,23.296,-10.305,16.453,-10.56
2024-12-31 20:00:00,20.685,-8.339,16.746,-8.29
2024-12-31 21:00:00,19.282,-8.227,14.103,-9.505
2024-12-31 22:00:00,15.467,-7.167,12.445,-5.252
2024-12-31 23:00:00,13.785,-7.296,10.129,-3.004
2025-01-01 00:00:00,12.025,-7.938,3.54,1.058
