datetime,Magnitude,BGSM_X,BGSM_Y,BGSM_Z
2002-01-01 00:00:00,8.512,6.894,-4.064,-1.157
2002-01-01 01:00:00,8.457,5.474,-4.019,-4.003
2002-01-01 02:00:00,8.268,5.738,-3.608,-2.928
2002-01-01 03:00:00,8.042,7.78,-1.709,0.149
2002-01-01 04:00:00,7.979,5.995,-3.165,-1.769
2002-01-01 05:00:00,7.964,6.621,-2.993,-0.931
2002-01-01 06:00:00,7.936,4.916,-3.633,-2.247
2002-01-01 07:00:00,7.78,3.616,-6.416,0.4
2002-01-01 08:00:00,7.447,5.159,-3.668,-1.013
2002-01-01 09:00:00,7.181,6.148,-2.804,-1.24
2002-01-01 10:00:00,7.038,6.005,-2.78,-0.939
2002-01-01 11:00:00,7.004,6.316,-1.315,-1.685
2002-01-01 12:00:00,6.969,6.12,-3.105,-0.481
2002-01-01 13:00:00,6.77,6.07,-2.466,-0.914
2002-01-01 14:00:00,6.588,5.523,-0.094,3.086
2002-01-01 15:00:00,6.435,6.177,0.268,-0.015
2002-01-01 16:00:00,6.585,5.707,-1.228,-2.477
2002-01-01 17:00:00,6.643,6.103,-1.025,-1.487
2002-01-01 18:00:00,6.777,4.556,-4.623,-0.915
2002-01-01 19:00:00,6.707,5.254,-3.804,-0.48
2002-01-01 20:00:00,6.758,5.199,-3.503,0.604
2002-01-01 21:00:00,7.375,5.253,-4.619,-1.149
2002-01-01 22:00:00,7.979,6.563,-3.706,-2.097
2002-01-01 23:00:00,8.036,7.239,-2.407,-1.903
2002-01-02 00:00:00,7.99,7.31,-2.301,-1.776
2002-01-02 01:00:00,7.747,5.095,-4.671,-2.613
2002-01-02 02:00:00,7.604,5.927,-4.36,-1.243
2002-01-02 03:00:00,7.483,3.931,-6.2,-0.887
2002-01-02 04:00:00,7.186,2.857,-6.212,0.389
2002-01-02 05:00:00,6.889,1.807,-6.032,0.618
2002-01-02 06:00:00,6.435,0.031,-6.293,0.469
2002-01-02 07:00:00,6.325,2.204,-4.447,0.505
2002-01-02 08:00:00,6.58,3.327,-3.603,2.364
2002-01-02 09:00:00,6.267,5.272,-1.856,0.926
2002-01-02 10:00:00,5.381,2.961,-1.973,-2.568
2002-01-02 11:00:00,6.483,-1.736,-3.514,-4.255
2002-01-02 12:00:00,6.243,-2.603,-4.902,1.413
2002-01-02 13:00:00,5.881,-0.577,-5.117,0.716
2002-01-02 14:00:00,6.138,0.375,-4.686,-1.064
2002-01-02 15:00:00,6.379,1.13,-4.229,-3.487
2002-01-02 16:00:00,6.228,1.511,-4.185,-2.029
2002-01-02 17:00:00,6.178,2.606,-3.92,-3.378
2002-01-02 18:00:00,6.171,2.657,-1.321,-4.347
2002-01-02 19:00:00,5.699,3.907,-0.609,-2.845
2002-01-02 20:00:00,5.594,2.834,-2.647,-3.027
2002-01-02 21:00:00,5.509,4.214,-1.088,-0.479
2002-01-02 22:00:00,5.526,4.89,-0.212,-0.167
2002-01-02 23:00:00,5.634,5.108,2.217,0.502
2002-01-03 00:00:00,6.143,5.044,0.653,-0.346
2002-01-03 01:00:00,5.972,5.391,-0.438,0.488
2002-01-03 02:00:00,5.762,5.442,1.134,0.742
2002-01-03 03:00:00,5.892,5.125,-1.493,0.857
2002-01-03 04:00:00,5.579,5.124,0.31,-0.996
2002-01-03 05:00:00,5.796,4.337,-2.492,-2.227
2002-01-03 06:00:00,6.055,4.488,-2.57,-1.89
2002-01-03 07:00:00,5.891,5.073,-1.209,-1.253
2002-01-03 08:00:00,6.038,5.717,-0.955,-0.011
2002-01-03 09:00:00,5.895,5.627,0.811,0.589
2002-01-03 10:00:00,5.763,5.328,0.85,0.72
2002-01-03 11:00:00,5.75,5.206,1.065,1.339
2002-01-03 12:00:00,5.991,5.582,0.243,2.0
2002-01-03 13:00:00,5.917,5.518,-1.052,1.657
2002-01-03 14:00:00,5.876,5.465,-1.377,0.935
2002-01-03 15:00:00,5.752,5.137,-0.67,2.398
2002-01-03 16:00:00,5.595,4.954,-0.208,2.24
2002-01-03 17:00:00,5.693,5.105,-1.141,1.932
2002-01-03 18:00:00,5.855,5.247,-2.365,0.84
2002-01-03 19:00:00,5.918,5.32,-2.44,0.581
2002-01-03 20:00:00,5.947,5.329,-2.467,0.763
2002-01-03 21:00:00,5.973,5.006,-3.1,0.544
2002-01-03 22:00:00,5.839,2.402,-4.982,-1.588
2002-01-03 23:00:00,5.722,1.927,-5.059,-1.653
2002-01-04 00:00:00,5.661,1.663,-4.109,-1.899
2002-01-04 01:00:00,6.074,-1.109,-4.151,-4.243
2002-01-04 02:00:00,6.103,-0.779,-4.46,-4.01
2002-01-04 03:00:00,6.063,-0.22,-5.755,-1.793
2002-01-04 04:00:00,6.265,-0.713,-5.901,-1.877
2002-01-04 05:00:00,6.012,0.434,-5.806,-0.002
2002-01-04 06:00:00,5.976,0.759,-5.7,-1.196
2002-01-04 07:00:00,6.024,1.384,-5.597,-0.112
2002-01-04 08:00:00,6.196,1.735,-4.722,-3.4
2002-01-04 09:00:00,6.441,0.351,-5.305,-3.21
2002-01-04 10:00:00,6.543,0.049,-6.032,-0.296
2002-01-04 11:00:00,6.293,0.283,-5.971,-0.589
2002-01-04 12:00:00,6.185,1.133,-5.59,1.252
2002-01-04 13:00:00,6.325,-0.559,-5.64,0.579
2002-01-04 14:00:00,6.366,0.567,-5.855,2.287
2002-01-04 15:00:00,6.314,0.435,-6.072,-0.432
2002-01-04 16:00:00,6.156,0.578,-5.035,-2.395
2002-01-04 17:00:00,6.012,1.861,-5.446,-1.047
2002-01-04 18:00:00,6.286,0.121,-5.993,-1.226
2002-01-04 19:00:00,6.36,-0.359,-5.629,-2.648
2002-01-04 20:00:00,6.555,-1.604,-5.378,-3.207
2002-01-04 21:00:00,6.336,-0.637,-4.874,-3.94
2002-01-04 22:00:00,6.103,-0.143,-4.385,-4.02
2002-01-04 23:00:00,6.234,0.928,-4.561,-3.96
2002-01-05 00:00:00,6.011,0.784,-3.807,-4.25
2002-01-05 01:00:00,5.286,0.948,-4.25,-2.85
2002-01-05 02:00:00,5.185,2.007,-3.689,-2.909
2002-01-05 03:00:00,5.117,2.388,-3.217,-0.983
2002-01-05 04:00:00,5.248,2.551,-3.854,0.697
2002-01-05 05:00:00,5.262,2.377,-4.0,-1.388
2002-01-05 06:00:00,5.086,2.706,-4.167,-0.71
2002-01-05 07:00:00,4.985,2.274,-4.39,-0.183
2002-01-05 08:00:00,4.953,3.73,-3.04,0.054
2002-01-05 09:00:00,5.224,4.358,-2.808,-0.175
2002-01-05 10:00:00,5.391,4.335,-2.606,-0.909
2002-01-05 11:00:00,5.869,4.765,-2.983,1.047
2002-01-05 12:00:00,5.916,4.883,-2.729,-1.102
2002-01-05 13:00:00,6.164,2.664,-5.459,-0.452
2002-01-05 14:00:00,6.496,3.868,-5.105,0.581
2002-01-05 15:00:00,6.684,3.922,-4.693,2.14
2002-01-05 16:00:00,6.849,3.969,-5.323,1.28
2002-01-05 17:00:00,6.991,3.347,-5.945,-0.69
2002-01-05 18:00:00,6.98,3.598,-5.487,2.16
2002-01-05 19:00:00,7.173,3.701,-6.01,1.132
2002-01-05 20:00:00,6.897,4.145,-5.287,1.287
2002-01-05 21:00:00,7.071,4.31,-5.328,1.629
2002-01-05 22:00:00,7.015,4.692,-4.882,1.719
2002-01-05 23:00:00,6.447,3.65,-3.926,1.812
2002-01-06 00:00:00,5.036,-1.032,-3.09,-3.207
2002-01-06 01:00:00,5.162,4.058,-2.678,0.254
2002-01-06 02:00:00,5.511,4.682,-1.692,1.777
2002-01-06 03:00:00,4.859,3.872,-2.323,-1.25
2002-01-06 04:00:00,5.151,4.256,-2.55,-1.264
2002-01-06 05:00:00,5.558,4.674,-2.807,-0.927
2002-01-06 06:00:00,5.538,4.913,-2.512,0.166
2002-01-06 07:00:00,5.475,5.06,-2.0,0.482
2002-01-06 08:00:00,5.561,4.761,-2.705,-0.83
2002-01-06 09:00:00,5.408,4.552,-2.761,-0.772
2002-01-06 10:00:00,6.226,5.761,-2.06,0.413
2002-01-06 11:00:00,6.109,5.598,-0.946,2.2
2002-01-06 12:00:00,4.986,4.16,-0.6,2.291
2002-01-06 13:00:00,3.425,0.927,-0.713,0.609
2002-01-06 14:00:00,3.697,-0.86,2.344,0.843
2002-01-06 15:00:00,4.664,-1.917,3.215,1.532
2002-01-06 16:00:00,6.677,-4.073,2.655,3.175
2002-01-06 17:00:00,6.871,-4.187,3.831,1.76
2002-01-06 18:00:00,7.158,-2.367,6.12,2.162
2002-01-06 19:00:00,7.071,-5.621,3.31,1.49
2002-01-06 20:00:00,7.467,-0.081,5.683,-2.525
2002-01-06 21:00:00,7.723,-3.424,4.671,4.005
2002-01-06 22:00:00,7.565,-3.939,5.496,3.173
2002-01-06 23:00:00,7.574,-3.469,5.122,4.234
2002-01-07 00:00:00,7.28,-3.975,4.755,3.351
2002-01-07 01:00:00,6.986,-3.531,4.983,2.37
2002-01-07 02:00:00,7.575,-2.614,6.212,-0.746
2002-01-07 03:00:00,5.232,-2.292,0.032,-2.608
2002-01-07 04:00:00,5.782,-2.109,-0.457,-2.519
2002-01-07 05:00:00,5.514,-3.44,3.782,0.202
2002-01-07 06:00:00,5.663,-2.455,4.084,-1.528
2002-01-07 07:00:00,5.779,-3.342,2.355,-2.942
2002-01-07 08:00:00,6.586,-3.606,2.383,-3.989
2002-01-07 09:00:00,6.165,-3.054,1.86,-3.435
2002-01-07 10:00:00,6.25,-3.855,4.095,2.155
2002-01-07 11:00:00,9.918,-7.091,3.445,5.47
2002-01-07 12:00:00,10.985,-8.405,6.274,2.587
2002-01-07 13:00:00,10.173,-7.567,6.424,-0.807
2002-01-07 14:00:00,7.951,-3.884,4.966,-3.556
2002-01-07 15:00:00,7.948,1.6,3.935,-6.416
2002-01-07 16:00:00,8.673,1.686,0.57,-3.171
2002-01-07 17:00:00,11.66,6.772,-9.432,0.487
2002-01-07 18:00:00,9.779,5.239,-8.097,0.251
2002-01-07 19:00:00,10.733,7.363,-5.392,-4.359
2002-01-07 20:00:00,12.566,10.841,-5.022,-2.39
2002-01-07 21:00:00,12.764,12.028,-4.176,-0.7
2002-01-07 22:00:00,12.529,10.904,-5.09,-2.819
2002-01-07 23:00:00,12.564,10.264,-5.777,-3.561
2002-01-08 00:00:00,10.555,6.219,-3.707,-2.403
2002-01-08 01:00:00,7.549,0.459,1.536,-1.129
2002-01-08 02:00:00,11.545,10.151,-4.078,-3.467
2002-01-08 03:00:00,11.819,10.489,-4.184,-3.124
2002-01-08 04:00:00,10.306,7.315,-4.561,-1.555
2002-01-08 05:00:00,7.793,-3.601,5.593,-1.955
2002-01-08 06:00:00,11.527,-8.879,7.216,0.985
2002-01-08 07:00:00,11.802,-8.483,7.819,0.233
2002-01-08 08:00:00,11.999,-7.897,8.255,-2.431
2002-01-08 09:00:00,11.934,-7.501,8.734,-1.823
2002-01-08 10:00:00,12.383,-7.963,9.079,0.799
2002-01-08 11:00:00,12.875,-8.369,8.902,-3.547
2002-01-08 12:00:00,12.439,-6.693,9.982,-0.018
2002-01-08 13:00:00,11.401,-4.944,9.628,-0.816
2002-01-08 14:00:00,11.093,-4.515,8.628,1.81
2002-01-08 15:00:00,11.245,-1.208,9.488,2.023
2002-01-08 16:00:00,11.296,-3.733,9.499,3.739
2002-01-08 17:00:00,10.912,-4.82,7.971,4.738
2002-01-08 18:00:00,10.574,-5.952,7.229,4.417
2002-01-08 19:00:00,10.298,-8.071,5.265,3.285
2002-01-08 20:00:00,10.312,-7.585,5.239,4.021
2002-01-08 21:00:00,10.237,-7.726,6.014,2.822
2002-01-08 22:00:00,10.036,-6.814,5.399,4.594
2002-01-08 23:00:00,9.759,-6.775,5.414,4.341
2002-01-09 00:00:00,9.757,-7.563,4.253,4.353
2002-01-09 01:00:00,9.505,-7.7,3.968,3.835
2002-01-09 02:00:00,9.35,-7.158,3.908,4.432
2002-01-09 03:00:00,9.067,-7.099,1.724,4.131
2002-01-09 04:00:00,8.577,-7.556,0.136,2.97
2002-01-09 05:00:00,8.694,-7.45,2.48,3.427
2002-01-09 06:00:00,8.539,-7.36,3.44,2.347
2002-01-09 07:00:00,8.461,-7.518,2.927,-0.246
2002-01-09 08:00:00,8.268,-5.919,3.111,4.304
2002-01-09 09:00:00,8.016,-6.365,2.8,3.096
2002-01-09 10:00:00,8.171,-6.576,4.42,-0.217
2002-01-09 11:00:00,7.637,-6.581,3.269,0.835
2002-01-09 12:00:00,7.543,-4.798,4.839,-0.396
2002-01-09 13:00:00,7.278,-6.459,1.962,-2.065
2002-01-09 14:00:00,7.174,-3.244,4.848,-1.342
2002-01-09 15:00:00,7.084,-4.315,1.79,-1.624
2002-01-09 16:00:00,7.275,-5.933,2.445,0.803
2002-01-09 17:00:00,7.402,-4.985,4.404,1.165
2002-01-09 18:00:00,7.363,-3.022,5.658,0.652
2002-01-09 19:00:00,7.494,-7.111,2.022,0.136
2002-01-09 20:00:00,7.674,-7.071,2.677,-0.534
2002-01-09 21:00:00,8.099,-5.454,5.93,-0.409
2002-01-09 22:00:00,8.334,-5.6,6.086,-0.444
2002-01-09 23:00:00,8.162,-3.641,-3.713,-3.398
2002-01-10 00:00:00,8.398,-5.811,-3.468,-4.325
2002-01-10 01:00:00,9.453,-7.128,-0.934,-4.313
2002-01-10 02:00:00,9.796,-6.146,-4.472,1.596
2002-01-10 03:00:00,9.494,-5.636,-2.276,1.808
2002-01-10 04:00:00,9.244,-6.65,-1.877,1.525
2002-01-10 05:00:00,9.659,-4.718,-2.865,3.519
2002-01-10 06:00:00,10.845,-6.111,7.933,-1.565
2002-01-10 07:00:00,9.436,-4.527,5.455,-3.202
2002-01-10 08:00:00,11.905,-5.278,10.115,-1.497
2002-01-10 09:00:00,11.702,-5.079,5.978,-4.731
2002-01-10 10:00:00,11.848,-2.059,5.738,-8.921
2002-01-10 11:00:00,10.93,-2.699,3.343,-2.332
2002-01-10 12:00:00,10.757,-6.733,6.345,2.313
2002-01-10 13:00:00,11.213,-1.686,6.017,-6.237
2002-01-10 14:00:00,10.285,-1.543,3.754,-2.102
2002-01-10 15:00:00,12.433,-0.479,7.263,-2.369
2002-01-10 16:00:00,19.091,-5.173,12.855,-5.04
2002-01-10 17:00:00,18.348,-9.613,13.441,-4.651
2002-01-10 18:00:00,16.652,-6.883,10.552,4.187
2002-01-10 19:00:00,18.605,-5.408,14.028,4.202
2002-01-10 20:00:00,17.238,-2.47,11.979,10.707
2002-01-10 21:00:00,20.176,-9.093,15.966,6.246
2002-01-10 22:00:00,19.518,-5.716,14.433,6.87
2002-01-10 23:00:00,16.895,-10.154,12.069,0.053
2002-01-11 00:00:00,14.958,-9.802,8.779,-3.034
2002-01-11 01:00:00,12.695,-9.186,4.082,-2.298
2002-01-11 02:00:00,11.402,-5.072,8.104,-2.975
2002-01-11 03:00:00,9.997,-5.42,5.84,-3.831
2002-01-11 04:00:00,9.07,-6.769,2.564,-2.859
2002-01-11 05:00:00,8.972,-7.77,2.703,-0.235
2002-01-11 06:00:00,8.817,-7.662,-0.95,-2.493
2002-01-11 07:00:00,8.542,-7.195,0.653,-2.755
2002-01-11 08:00:00,8.342,-7.061,-0.463,-1.894
2002-01-11 09:00:00,8.201,-6.886,1.728,-1.561
2002-01-11 10:00:00,7.901,-6.742,2.337,1.359
2002-01-11 11:00:00,7.738,-7.063,-0.58,-0.563
2002-01-11 12:00:00,7.752,-6.765,-2.877,-0.065
2002-01-11 13:00:00,7.745,-7.069,-1.001,1.075
2002-01-11 14:00:00,7.64,-6.796,2.168,-1.059
2002-01-11 15:00:00,7.846,-6.029,3.425,-1.765
2002-01-11 16:00:00,7.894,-3.961,5.999,-1.784
2002-01-11 17:00:00,7.728,-5.895,3.497,-2.015
2002-01-11 18:00:00,7.513,-5.535,3.548,-0.723
2002-01-11 19:00:00,7.343,-1.955,5.405,-0.359
2002-01-11 20:00:00,7.12,-5.463,3.539,1.067
2002-01-11 21:00:00,7.169,-6.222,1.997,1.387
2002-01-11 22:00:00,7.324,-6.403,-1.574,0.918
2002-01-11 23:00:00,6.762,-3.817,4.284,-0.47
2002-01-12 00:00:00,6.772,-3.672,4.749,-0.461
2002-01-12 01:00:00,6.74,-4.004,4.123,-0.236
2002-01-12 02:00:00,6.758,-2.361,5.833,-1.83
2002-01-12 03:00:00,6.605,-2.545,5.463,-1.642
2002-01-12 04:00:00,6.447,-1.414,5.62,-1.499
2002-01-12 05:00:00,6.034,-4.354,1.92,-0.456
2002-01-12 06:00:00,6.065,-2.68,3.172,-3.075
2002-01-12 07:00:00,5.966,-2.673,2.903,-2.246
2002-01-12 08:00:00,6.019,-2.561,0.106,-3.684
2002-01-12 09:00:00,5.74,-4.39,0.959,-0.866
2002-01-12 10:00:00,5.782,-3.694,-2.433,2.534
2002-01-12 11:00:00,6.063,-3.245,1.648,2.877
2002-01-12 12:00:00,5.672,-2.122,2.325,-0.06
2002-01-12 13:00:00,5.749,-2.457,4.005,2.286
2002-01-12 14:00:00,5.743,-3.327,3.665,0.582
2002-01-12 15:00:00,5.732,-2.816,0.765,-3.009
2002-01-12 16:00:00,5.449,-4.238,0.46,-1.044
2002-01-12 17:00:00,6.0,-3.322,4.242,-0.702
2002-01-12 18:00:00,6.1,-3.007,4.716,-0.967
2002-01-12 19:00:00,6.066,-2.738,5.096,-0.054
2002-01-12 20:00:00,5.98,0.618,4.805,-0.334
2002-01-12 21:00:00,5.941,-0.664,5.629,0.727
2002-01-12 22:00:00,5.719,-0.782,5.451,0.322
2002-01-12 23:00:00,5.677,-1.876,5.029,0.317
2002-01-13 00:00:00,5.805,-1.004,5.359,0.194
2002-01-13 01:00:00,5.807,-1.196,4.989,1.008
2002-01-13 02:00:00,5.397,-3.167,2.867,-1.106
2002-01-13 03:00:00,5.442,-2.738,0.822,2.666
2002-01-13 04:00:00,5.866,-3.018,3.354,1.047
2002-01-13 05:00:00,6.093,-3.159,3.712,-0.992
2002-01-13 06:00:00,5.824,-3.117,0.713,-4.404
2002-01-13 07:00:00,5.411,-2.8,2.995,-1.634
2002-01-13 08:00:00,5.217,-1.212,2.899,-0.575
2002-01-13 09:00:00,5.061,-0.871,2.633,2.292
2002-01-13 10:00:00,5.071,-4.173,1.038,-0.852
2002-01-13 11:00:00,5.548,-4.883,0.058,1.065
2002-01-13 12:00:00,5.62,-2.756,3.113,2.09
2002-01-13 13:00:00,5.02,-3.425,2.854,-0.627
2002-01-13 14:00:00,4.516,-3.128,0.921,-1.114
2002-01-13 15:00:00,5.18,-1.452,4.511,0.022
2002-01-13 16:00:00,5.551,-2.041,4.347,0.703
2002-01-13 17:00:00,5.332,-1.566,2.906,2.437
2002-01-13 18:00:00,5.122,-3.473,0.234,2.122
2002-01-13 19:00:00,5.31,-4.737,-0.755,-0.667
2002-01-13 20:00:00,5.413,-2.862,3.563,-0.365
2002-01-13 21:00:00,5.331,-2.207,3.061,-1.893
2002-01-13 22:00:00,5.001,-3.703,1.487,-1.471
2002-01-13 23:00:00,5.035,-2.798,2.283,2.283
2002-01-14 00:00:00,5.464,0.08,4.341,-1.082
2002-01-14 01:00:00,5.403,-1.428,3.588,-2.231
2002-01-14 02:00:00,4.895,-2.433,3.293,0.706
2002-01-14 03:00:00,4.934,-3.55,2.679,-0.851
2002-01-14 04:00:00,5.103,-4.08,-1.409,-1.456
2002-01-14 05:00:00,5.244,-5.031,-0.51,0.796
2002-01-14 06:00:00,5.078,-3.943,-1.52,-0.611
2002-01-14 07:00:00,5.07,-1.576,3.253,0.163
2002-01-14 08:00:00,6.138,1.703,5.525,1.605
2002-01-14 09:00:00,6.349,-0.59,5.906,-0.05
2002-01-14 10:00:00,6.428,-0.742,5.513,1.087
2002-01-14 11:00:00,6.399,-2.474,5.02,-0.859
2002-01-14 12:00:00,5.958,-4.394,3.2,0.148
2002-01-14 13:00:00,6.151,-4.705,3.476,0.661
2002-01-14 14:00:00,6.244,-4.388,3.436,-0.144
2002-01-14 15:00:00,6.803,-3.052,5.36,0.605
2002-01-14 16:00:00,6.728,-2.603,5.911,-0.689
2002-01-14 17:00:00,6.106,-1.805,3.755,-0.139
2002-01-14 18:00:00,6.031,-5.207,-2.498,-0.946
2002-01-14 19:00:00,6.034,-5.197,-1.681,-0.597
2002-01-14 20:00:00,6.084,-4.663,-3.127,0.018
2002-01-14 21:00:00,5.926,-4.678,-2.619,-1.37
2002-01-14 22:00:00,5.7,-4.333,-1.407,0.545
2002-01-14 23:00:00,5.891,-4.708,-1.996,-1.443
2002-01-15 00:00:00,5.85,-4.682,-1.873,1.33
2002-01-15 01:00:00,5.398,-4.551,1.527,-0.234
2002-01-15 02:00:00,5.203,-2.658,3.664,-0.349
2002-01-15 03:00:00,4.895,-2.759,0.426,-1.487
2002-01-15 04:00:00,5.179,-2.785,-0.694,-3.026
2002-01-15 05:00:00,5.497,-3.08,2.654,-2.695
2002-01-15 06:00:00,5.792,-2.797,3.832,-0.571
2002-01-15 07:00:00,5.679,-0.58,4.117,-0.361
2002-01-15 08:00:00,5.887,-1.298,4.328,3.049
2002-01-15 09:00:00,6.01,-3.129,3.729,-1.692
2002-01-15 10:00:00,5.57,-4.323,2.115,-1.203
2002-01-15 11:00:00,5.554,-3.049,0.81,-3.322
2002-01-15 12:00:00,5.523,-1.335,3.816,-0.294
2002-01-15 13:00:00,5.392,-3.156,0.291,-2.409
2002-01-15 14:00:00,5.518,-2.321,4.573,-0.729
2002-01-15 15:00:00,5.512,-2.646,3.234,-2.279
2002-01-15 16:00:00,5.271,-3.059,2.746,-1.818
2002-01-15 17:00:00,5.37,-3.657,3.002,-1.625
2002-01-15 18:00:00,5.286,-3.093,3.8,-0.121
2002-01-15 19:00:00,5.31,-4.486,2.563,-0.155
2002-01-15 20:00:00,5.076,-4.41,2.071,-0.58
2002-01-15 21:00:00,5.504,-5.249,0.769,-1.279
2002-01-15 22:00:00,5.715,-5.503,0.872,-0.948
2002-01-15 23:00:00,5.55,-5.131,1.421,-0.689
2002-01-16 00:00:00,5.566,-5.115,0.363,-1.735
2002-01-16 01:00:00,5.656,-4.666,-0.1,-0.795
2002-01-16 02:00:00,5.854,-5.184,-2.074,-0.341
2002-01-16 03:00:00,5.837,-5.333,-0.671,-1.73
2002-01-16 04:00:00,5.71,-5.014,-0.613,-1.998
2002-01-16 05:00:00,5.806,-5.421,0.192,-1.912
2002-01-16 06:00:00,5.468,-4.993,0.936,-1.848
2002-01-16 07:00:00,4.747,-4.353,0.04,-1.375
2002-01-16 08:00:00,4.272,-3.983,0.157,-0.974
2002-01-16 09:00:00,4.521,-4.386,0.124,-0.903
2002-01-16 10:00:00,4.632,-4.43,-0.435,-0.469
2002-01-16 11:00:00,3.653,-2.58,0.445,1.017
2002-01-16 12:00:00,4.311,0.617,0.957,2.12
2002-01-16 13:00:00,4.134,-3.068,-0.122,1.803
2002-01-16 14:00:00,4.97,-2.447,-1.194,1.775
2002-01-16 15:00:00,5.234,-1.534,1.738,4.296
2002-01-16 16:00:00,5.203,-1.473,0.521,3.554
2002-01-16 17:00:00,5.425,-1.466,1.141,4.655
2002-01-16 18:00:00,5.601,-1.559,1.283,5.025
2002-01-16 19:00:00,5.729,-0.905,1.369,5.244
2002-01-16 20:00:00,5.567,-1.446,2.12,3.557
2002-01-16 21:00:00,5.355,-1.627,1.29,4.479
2002-01-16 22:00:00,5.467,-3.546,3.754,0.012
2002-01-16 23:00:00,5.339,-3.173,1.904,-3.292
2002-01-17 00:00:00,5.359,-3.368,-0.684,-3.907
2002-01-17 01:00:00,5.178,-3.614,-2.467,-2.493
2002-01-17 02:00:00,4.619,-2.217,-0.401,-1.421
2002-01-17 03:00:00,5.57,-3.687,-1.447,-3.611
2002-01-17 04:00:00,5.297,-3.457,1.855,-1.83
2002-01-17 05:00:00,7.201,-0.12,5.635,3.069
2002-01-17 06:00:00,9.675,3.463,6.87,4.82
2002-01-17 07:00:00,8.309,0.967,5.677,4.413
2002-01-17 08:00:00,6.811,-0.123,3.933,1.93
2002-01-17 09:00:00,7.137,-3.318,3.011,0.371
2002-01-17 10:00:00,6.268,-3.139,3.154,-0.502
2002-01-17 11:00:00,6.766,-4.763,3.463,-2.217
2002-01-17 12:00:00,5.454,-3.76,1.546,-1.39
2002-01-17 13:00:00,6.243,-3.262,3.173,-1.467
2002-01-17 14:00:00,6.316,-5.785,-1.245,-0.741
2002-01-17 15:00:00,6.337,-4.396,2.645,-1.081
2002-01-17 16:00:00,6.57,2.529,4.462,2.426
2002-01-17 17:00:00,6.592,1.574,5.386,0.801
2002-01-17 18:00:00,6.511,-0.477,3.677,4.046
2002-01-17 19:00:00,6.821,-3.335,3.845,2.777
2002-01-17 20:00:00,6.686,-3.74,5.259,0.443
2002-01-17 21:00:00,6.366,-3.499,4.379,-2.397
2002-01-17 22:00:00,5.85,-2.016,4.398,-2.47
2002-01-17 23:00:00,5.541,2.499,3.877,-1.26
2002-01-18 00:00:00,5.773,-0.022,4.183,1.799
2002-01-18 01:00:00,5.685,-3.261,3.002,-3.093
2002-01-18 02:00:00,5.353,-2.283,4.613,-0.827
2002-01-18 03:00:00,5.439,-1.44,4.733,-1.311
2002-01-18 04:00:00,5.5,-0.539,5.19,-0.221
2002-01-18 05:00:00,5.533,-1.253,4.732,-1.765
2002-01-18 06:00:00,5.47,-3.876,3.181,-1.561
2002-01-18 07:00:00,5.607,-3.876,3.421,-1.991
2002-01-18 08:00:00,5.644,-4.112,3.363,-1.578
2002-01-18 09:00:00,5.917,-4.798,3.12,-1.211
2002-01-18 10:00:00,6.045,-5.072,2.804,-0.851
2002-01-18 11:00:00,5.783,-4.995,2.203,-0.753
2002-01-18 12:00:00,5.552,-5.232,1.605,-0.721
2002-01-18 13:00:00,5.507,-4.857,2.168,-1.365
2002-01-18 14:00:00,6.046,-5.156,2.659,-1.597
2002-01-18 15:00:00,5.277,-4.158,2.67,-0.295
2002-01-18 16:00:00,5.836,1.063,2.437,5.034
2002-01-18 17:00:00,6.124,1.301,2.202,5.419
2002-01-18 18:00:00,5.855,1.838,1.835,4.877
2002-01-18 19:00:00,5.586,-0.909,1.778,5.03
2002-01-18 20:00:00,5.706,-2.081,-0.77,5.147
2002-01-18 21:00:00,5.839,-3.643,-2.28,3.639
2002-01-18 22:00:00,5.828,-5.282,-0.727,1.987
2002-01-18 23:00:00,5.971,-5.605,-0.198,1.766
2002-01-19 00:00:00,5.745,-4.228,-1.467,2.899
2002-01-19 01:00:00,6.513,-3.283,-4.083,3.812
2002-01-19 02:00:00,6.669,-3.229,-4.174,3.999
2002-01-19 03:00:00,7.032,-2.627,-5.045,4.043
2002-01-19 04:00:00,10.347,-0.822,-8.309,5.747
2002-01-19 05:00:00,11.54,2.744,-9.845,5.007
2002-01-19 06:00:00,12.445,-3.073,-6.557,9.844
2002-01-19 07:00:00,17.773,-1.695,-6.87,15.941
2002-01-19 08:00:00,19.864,-7.734,2.86,16.533
2002-01-19 09:00:00,19.462,-12.651,8.511,11.959
2002-01-19 10:00:00,12.293,-4.172,3.724,0.917
2002-01-19 11:00:00,9.986,5.015,-2.331,-7.101
2002-01-19 12:00:00,7.062,2.956,-0.253,-5.973
2002-01-19 13:00:00,6.806,3.02,1.194,-4.636
2002-01-19 14:00:00,5.154,-1.332,1.971,-1.432
2002-01-19 15:00:00,8.843,-5.625,5.31,1.498
2002-01-19 16:00:00,7.175,2.316,-0.466,0.56
2002-01-19 17:00:00,5.44,0.752,3.667,-0.817
2002-01-19 18:00:00,4.239,-0.114,3.402,1.314
2002-01-19 19:00:00,6.016,4.859,1.342,-1.093
2002-01-19 20:00:00,5.061,4.095,-1.303,-0.854
2002-01-19 21:00:00,7.051,-1.055,-3.724,-2.282
2002-01-19 22:00:00,6.159,5.035,-2.93,-0.964
2002-01-19 23:00:00,7.894,-0.538,-5.497,-0.43
2002-01-20 00:00:00,8.645,3.424,-7.463,-0.463
2002-01-20 01:00:00,9.811,7.347,-5.85,-1.177
2002-01-20 02:00:00,11.567,9.506,-5.265,-3.694
2002-01-20 03:00:00,11.114,8.92,-6.138,-1.915
2002-01-20 04:00:00,9.392,7.232,-3.575,-0.426
2002-01-20 05:00:00,7.523,-0.141,-5.434,3.663
2002-01-20 06:00:00,8.553,2.296,-6.318,4.8
2002-01-20 07:00:00,7.771,6.716,-2.392,-1.279
2002-01-20 08:00:00,7.799,6.644,-3.198,-1.725
2002-01-20 09:00:00,8.043,5.195,-5.332,1.91
2002-01-20 10:00:00,7.577,5.148,-4.567,2.97
2002-01-20 11:00:00,7.706,3.806,-5.365,3.846
2002-01-20 12:00:00,8.848,6.089,-5.107,0.364
2002-01-20 13:00:00,8.653,7.854,-2.992,-1.622
2002-01-20 14:00:00,8.818,7.723,-3.766,-0.586
2002-01-20 15:00:00,9.513,5.292,-7.031,2.585
2002-01-20 16:00:00,10.102,5.565,-8.282,0.995
2002-01-20 17:00:00,10.213,5.361,-8.42,0.435
2002-01-20 18:00:00,9.565,4.854,-6.229,-1.565
2002-01-20 19:00:00,9.017,6.847,-0.286,-2.195
2002-01-20 20:00:00,9.345,7.821,-2.327,-1.488
2002-01-20 21:00:00,10.157,6.839,-5.161,-2.053
2002-01-20 22:00:00,11.166,4.602,-8.379,-3.174
2002-01-20 23:00:00,11.99,6.898,-8.793,-2.203
2002-01-21 00:00:00,11.228,5.425,-5.487,-5.268
2002-01-21 01:00:00,12.122,4.831,-9.17,-4.525
2002-01-21 02:00:00,11.676,3.991,-9.275,-1.954
2002-01-21 03:00:00,12.09,6.331,-8.681,-2.481
2002-01-21 04:00:00,11.64,5.928,-8.748,-1.501
2002-01-21 05:00:00,11.428,4.33,-8.739,-1.202
2002-01-21 06:00:00,7.823,2.49,-5.084,3.788
2002-01-21 07:00:00,7.612,3.15,-5.818,2.603
2002-01-21 08:00:00,7.34,3.601,-4.296,0.102
2002-01-21 09:00:00,6.603,4.596,-2.032,-2.366
2002-01-21 10:00:00,6.489,6.165,-0.82,-0.116
2002-01-21 11:00:00,6.16,4.323,-2.391,-2.043
2002-01-21 12:00:00,6.231,2.968,-3.526,3.552
2002-01-21 13:00:00,5.676,-1.075,-4.031,2.013
2002-01-21 14:00:00,5.11,1.758,-2.659,-0.339
2002-01-21 15:00:00,6.09,3.323,-4.247,1.596
2002-01-21 16:00:00,6.329,3.633,-4.767,-1.123
2002-01-21 17:00:00,6.167,1.965,-4.666,0.462
2002-01-21 18:00:00,6.085,-0.217,0.582,-4.079
2002-01-21 19:00:00,5.952,4.756,-2.639,-0.215
2002-01-21 20:00:00,6.206,3.391,-4.114,0.065
2002-01-21 21:00:00,5.923,3.791,-4.262,0.918
2002-01-21 22:00:00,6.071,3.82,-4.479,0.606
2002-01-21 23:00:00,6.239,3.616,-4.521,1.621
2002-01-22 00:00:00,6.267,0.076,-5.78,-1.086
2002-01-22 01:00:00,6.005,2.888,-4.103,0.413
2002-01-22 02:00:00,5.66,4.152,-3.392,1.248
2002-01-22 03:00:00,5.289,4.452,-0.971,-1.673
2002-01-22 04:00:00,5.228,4.512,-1.758,0.758
2002-01-22 05:00:00,4.987,3.094,-0.967,-1.444
2002-01-22 06:00:00,5.003,3.848,0.077,-2.541
2002-01-22 07:00:00,4.91,0.406,0.184,-3.275
2002-01-22 08:00:00,4.366,0.403,2.842,-0.217
2002-01-22 09:00:00,4.9,-0.474,-2.938,-0.76
2002-01-22 10:00:00,5.489,-0.593,-2.518,-3.756
2002-01-22 11:00:00,3.699,1.981,-2.181,0.449
2002-01-22 12:00:00,4.598,3.227,-1.516,1.296
2002-01-22 13:00:00,4.772,3.27,2.108,-0.864
2002-01-22 14:00:00,4.93,3.903,-0.492,-0.974
2002-01-22 15:00:00,5.026,3.537,-1.41,0.789
2002-01-22 16:00:00,5.493,4.122,-2.013,0.604
2002-01-22 17:00:00,5.269,4.825,-1.55,0.107
2002-01-22 18:00:00,5.466,4.854,-1.183,1.575
2002-01-22 19:00:00,5.591,3.95,-3.767,0.312
2002-01-22 20:00:00,6.279,4.196,-3.57,-0.68
2002-01-22 21:00:00,6.378,2.122,-4.348,2.076
2002-01-22 22:00:00,6.692,2.989,-5.192,-0.778
2002-01-22 23:00:00,6.385,2.933,-3.587,-2.891
2002-01-23 00:00:00,6.699,2.795,-4.855,-1.609
2002-01-23 01:00:00,6.688,4.662,-3.663,-2.395
2002-01-23 02:00:00,7.175,5.051,-3.203,2.954
2002-01-23 03:00:00,7.435,3.294,-1.303,6.275
2002-01-23 04:00:00,7.772,3.299,-2.536,6.032
2002-01-23 05:00:00,7.466,3.559,-3.561,-0.258
2002-01-23 06:00:00,8.417,6.273,-4.469,-0.157
2002-01-23 07:00:00,7.602,3.977,-2.671,4.164
2002-01-23 08:00:00,6.954,1.83,-2.977,-5.516
2002-01-23 09:00:00,7.275,1.098,-4.038,-5.181
2002-01-23 10:00:00,6.394,3.785,-3.05,0.166
2002-01-23 11:00:00,7.437,4.385,-0.701,3.41
2002-01-23 12:00:00,7.928,4.157,-2.146,5.432
2002-01-23 13:00:00,7.413,5.23,-1.592,4.72
2002-01-23 14:00:00,7.386,6.75,-1.479,-0.238
2002-01-23 15:00:00,7.217,3.5,-4.098,-4.123
2002-01-23 16:00:00,6.878,1.685,-3.062,-5.533
2002-01-23 17:00:00,6.192,2.592,1.353,-3.8
2002-01-23 18:00:00,6.234,4.674,0.924,-3.057
2002-01-23 19:00:00,5.906,5.323,-0.577,-0.589
2002-01-23 20:00:00,6.215,4.595,-3.045,0.371
2002-01-23 21:00:00,6.657,5.001,-3.208,-2.408
2002-01-23 22:00:00,6.42,5.263,-1.397,-1.489
2002-01-23 23:00:00,6.379,5.78,1.7,-1.671
2002-01-24 00:00:00,6.297,4.745,1.063,-3.626
2002-01-24 01:00:00,6.295,2.838,-4.332,-2.878
2002-01-24 02:00:00,6.163,1.531,-2.989,-4.455
2002-01-24 03:00:00,5.981,3.215,-2.81,1.761
2002-01-24 04:00:00,6.111,2.388,-3.642,3.92
2002-01-24 05:00:00,6.135,2.872,-3.768,3.632
2002-01-24 06:00:00,6.12,3.117,-3.433,3.521
2002-01-24 07:00:00,6.017,2.03,-4.511,3.045
2002-01-24 08:00:00,5.796,3.331,-3.184,2.619
2002-01-24 09:00:00,5.553,4.306,0.895,1.63
2002-01-24 10:00:00,5.528,3.122,-2.976,2.23
2002-01-24 11:00:00,5.812,1.941,-2.32,3.766
2002-01-24 12:00:00,5.827,1.228,-3.963,3.746
2002-01-24 13:00:00,5.548,3.357,-3.893,-0.157
2002-01-24 14:00:00,5.427,3.346,-2.969,-1.638
2002-01-24 15:00:00,5.422,4.361,-1.879,0.976
2002-01-24 16:00:00,5.519,4.718,-2.167,0.238
2002-01-24 17:00:00,5.734,4.71,-2.767,-1.415
2002-01-24 18:00:00,6.01,5.323,-2.35,-1.339
2002-01-24 19:00:00,6.023,4.976,-2.975,-1.182
2002-01-24 20:00:00,6.12,5.212,-1.778,-2.176
2002-01-24 21:00:00,6.143,4.815,-2.816,-2.215
2002-01-24 22:00:00,6.239,5.319,-2.984,-0.817
2002-01-24 23:00:00,6.443,5.175,-3.712,-0.44
2002-01-25 00:00:00,6.718,3.319,-5.648,-0.185
2002-01-25 01:00:00,7.076,2.361,-6.237,0.738
2002-01-25 02:00:00,6.515,3.361,-5.08,1.031
2002-01-25 03:00:00,7.005,4.593,-4.687,-2.059
2002-01-25 04:00:00,7.749,5.15,-5.07,-2.402
2002-01-25 05:00:00,8.662,4.587,-6.409,-3.228
2002-01-25 06:00:00,8.82,4.696,-3.632,5.706
2002-01-25 07:00:00,8.44,5.979,-2.932,4.723
2002-01-25 08:00:00,8.563,7.443,-2.583,2.355
2002-01-25 09:00:00,9.136,6.935,-5.658,-0.622
2002-01-25 10:00:00,8.64,3.909,-6.516,-0.789
2002-01-25 11:00:00,10.032,4.159,-8.982,-0.268
2002-01-25 12:00:00,9.147,2.661,-5.377,-6.408
2002-01-25 13:00:00,12.129,4.147,-6.669,-8.828
2002-01-25 14:00:00,11.388,2.354,-7.738,-7.789
2002-01-25 15:00:00,11.138,2.908,-8.588,-2.742
2002-01-25 16:00:00,10.987,2.833,-8.158,-4.927
2002-01-25 17:00:00,11.52,2.866,-3.258,-10.284
2002-01-25 18:00:00,9.82,3.305,-6.22,-4.741
2002-01-25 19:00:00,10.561,5.908,-7.413,-1.593
2002-01-25 20:00:00,10.661,4.714,-8.282,2.759
2002-01-25 21:00:00,9.647,5.65,-4.849,2.241
2002-01-25 22:00:00,9.747,4.859,-5.574,-2.547
2002-01-25 23:00:00,9.504,5.165,-6.463,-1.65
2002-01-26 00:00:00,9.388,5.781,-4.376,-2.963
2002-01-26 01:00:00,9.368,6.405,-4.209,-3.893
2002-01-26 02:00:00,9.565,4.017,-7.114,2.511
2002-01-26 03:00:00,9.621,4.238,-8.09,1.588
2002-01-26 04:00:00,9.358,3.593,-7.182,-1.609
2002-01-26 05:00:00,8.842,3.176,-5.909,2.901
2002-01-26 06:00:00,8.917,5.234,-5.646,0.792
2002-01-26 07:00:00,9.144,5.09,-6.949,-1.354
2002-01-26 08:00:00,8.93,5.576,-6.091,1.45
2002-01-26 09:00:00,8.806,5.546,-5.267,-3.322
2002-01-26 10:00:00,8.795,6.702,-4.261,-1.375
2002-01-26 11:00:00,8.751,5.313,-5.863,0.874
2002-01-26 12:00:00,8.718,5.643,-6.222,0.78
2002-01-26 13:00:00,8.649,7.03,-4.606,0.577
2002-01-26 14:00:00,8.661,5.569,-6.024,-1.341
2002-01-26 15:00:00,8.323,1.48,-6.633,-1.243
2002-01-26 16:00:00,8.011,2.393,-5.828,-2.56
2002-01-26 17:00:00,7.452,-3.596,-5.323,0.13
2002-01-26 18:00:00,7.386,-1.297,-5.45,-2.443
2002-01-26 19:00:00,7.462,1.995,-5.565,-2.139
2002-01-26 20:00:00,8.036,3.934,-6.925,-0.04
2002-01-26 21:00:00,8.023,3.233,-7.167,-0.311
2002-01-26 22:00:00,7.618,2.994,-6.789,0.243
2002-01-26 23:00:00,7.185,2.976,-2.322,-3.767
2002-01-27 00:00:00,7.091,1.872,0.834,-6.015
2002-01-27 01:00:00,6.835,3.078,-0.408,-5.307
2002-01-27 02:00:00,6.897,2.905,-1.176,-4.762
2002-01-27 03:00:00,7.306,2.978,-4.834,-2.68
2002-01-27 04:00:00,7.259,2.483,-6.278,1.169
2002-01-27 05:00:00,7.265,4.239,-5.259,-0.237
2002-01-27 06:00:00,7.229,5.7,-3.553,-0.863
2002-01-27 07:00:00,7.218,4.898,-3.914,-0.466
2002-01-27 08:00:00,7.361,6.475,-1.986,0.92
2002-01-27 09:00:00,7.074,4.632,-2.592,1.386
2002-01-27 10:00:00,7.069,5.398,-2.785,1.274
2002-01-27 11:00:00,7.245,3.712,-5.636,1.2
2002-01-27 12:00:00,7.403,1.445,-6.135,2.23
2002-01-27 13:00:00,7.359,4.699,-3.986,2.819
2002-01-27 14:00:00,7.595,4.408,-3.959,-1.568
2002-01-27 15:00:00,8.731,3.088,-7.059,1.399
2002-01-27 16:00:00,9.057,4.03,-6.38,-0.972
2002-01-27 17:00:00,8.785,4.806,-5.729,2.901
2002-01-27 18:00:00,8.464,4.768,-1.962,4.014
2002-01-27 19:00:00,8.517,3.607,-6.526,-0.192
2002-01-27 20:00:00,8.327,3.142,-6.911,-1.624
2002-01-27 21:00:00,8.175,3.686,-6.044,-1.808
2002-01-27 22:00:00,7.966,4.757,-4.843,-2.399
2002-01-27 23:00:00,7.902,4.968,-2.095,-0.718
2002-01-28 00:00:00,7.845,4.568,-4.351,-1.844
2002-01-28 01:00:00,7.857,3.847,-6.269,-0.99
2002-01-28 02:00:00,7.895,2.992,-6.428,-0.486
2002-01-28 03:00:00,7.932,3.481,-6.71,-1.03
2002-01-28 04:00:00,7.815,2.685,-6.693,-0.568
2002-01-28 05:00:00,7.978,3.209,-6.288,-1.448
2002-01-28 06:00:00,8.063,0.966,-7.128,-1.606
2002-01-28 07:00:00,7.84,0.923,-6.898,1.156
2002-01-28 08:00:00,7.67,4.204,-5.316,-0.457
2002-01-28 09:00:00,7.619,2.9,-4.269,-4.32
2002-01-28 10:00:00,7.562,4.995,-4.741,1.942
2002-01-28 11:00:00,7.631,4.067,-4.971,-1.243
2002-01-28 12:00:00,7.658,4.004,-5.238,-1.765
2002-01-28 13:00:00,7.776,3.209,-5.044,0.614
2002-01-28 14:00:00,8.028,3.762,-5.508,-2.662
2002-01-28 15:00:00,8.179,2.721,-6.649,-2.068
2002-01-28 16:00:00,8.339,4.434,-5.915,-1.315
2002-01-28 17:00:00,8.351,3.977,-5.424,-3.68
2002-01-28 18:00:00,8.393,2.814,-6.113,0.543
2002-01-28 19:00:00,8.097,3.499,-6.633,-1.5
2002-01-28 20:00:00,7.933,2.2,-6.632,-2.373
2002-01-28 21:00:00,7.695,2.85,-4.83,-3.611
2002-01-28 22:00:00,7.584,3.913,-5.359,-2.111
2002-01-28 23:00:00,7.581,4.988,-3.637,-3.997
2002-01-29 00:00:00,7.551,5.141,-2.348,-4.713
2002-01-29 01:00:00,7.417,4.919,-3.847,-3.734
2002-01-29 02:00:00,7.294,4.405,-4.469,-3.168
2002-01-29 03:00:00,7.338,4.623,-5.049,-1.8
2002-01-29 04:00:00,7.216,1.939,-6.445,-0.457
2002-01-29 05:00:00,7.103,4.292,-5.223,-0.468
2002-01-29 06:00:00,6.965,4.793,-4.016,-1.422
2002-01-29 07:00:00,6.834,4.123,-4.384,-2.779
2002-01-29 08:00:00,6.757,4.647,-4.214,-1.496
2002-01-29 09:00:00,6.925,3.539,-5.039,0.085
2002-01-29 10:00:00,6.962,4.267,-4.572,0.005
2002-01-29 11:00:00,6.903,0.939,-6.168,2.13
2002-01-29 12:00:00,6.884,1.729,-6.417,1.314
2002-01-29 13:00:00,6.694,2.007,-5.885,-0.61
2002-01-29 14:00:00,6.666,1.964,-5.742,1.321
2002-01-29 15:00:00,6.415,1.394,-5.886,1.563
2002-01-29 16:00:00,6.245,3.32,-5.042,0.78
2002-01-29 17:00:00,6.234,3.926,-4.341,-0.891
2002-01-29 18:00:00,6.1,4.204,-4.084,-0.333
2002-01-29 19:00:00,5.94,2.968,-4.581,0.139
2002-01-29 20:00:00,5.817,2.141,-4.74,0.131
2002-01-29 21:00:00,5.694,3.632,-3.778,-0.246
2002-01-29 22:00:00,5.691,2.709,-4.718,-0.009
2002-01-29 23:00:00,5.681,2.571,-4.339,-1.272
2002-01-30 00:00:00,5.691,2.665,-4.332,-1.751
2002-01-30 01:00:00,5.629,4.622,-3.071,-0.169
2002-01-30 02:00:00,5.792,4.092,-3.908,0.56
2002-01-30 03:00:00,5.718,3.352,-4.458,-0.282
2002-01-30 04:00:00,5.865,3.019,-4.988,-0.204
2002-01-30 05:00:00,5.835,3.478,-4.534,-0.577
2002-01-30 06:00:00,5.824,2.241,-4.912,0.495
2002-01-30 07:00:00,5.81,2.526,-4.973,0.522
2002-01-30 08:00:00,5.822,2.096,-5.111,1.095
2002-01-30 09:00:00,5.912,3.641,-4.452,0.546
2002-01-30 10:00:00,5.877,4.051,-2.809,2.864
2002-01-30 11:00:00,5.648,1.097,-4.783,1.175
2002-01-30 12:00:00,5.689,-2.863,-4.386,-1.971
2002-01-30 13:00:00,6.067,-3.566,-4.35,-1.58
2002-01-30 14:00:00,6.119,-2.903,-5.001,0.26
2002-01-30 15:00:00,6.16,-1.739,-5.574,1.585
2002-01-30 16:00:00,5.77,-2.422,-4.973,0.952
2002-01-30 17:00:00,5.962,-1.178,-5.485,0.871
2002-01-30 18:00:00,6.083,0.236,-5.513,-1.989
2002-01-30 19:00:00,5.934,-0.542,-5.14,-2.392
2002-01-30 20:00:00,5.695,2.129,-4.329,2.183
2002-01-30 21:00:00,6.259,3.243,-4.728,-0.315
2002-01-30 22:00:00,6.244,0.939,-3.986,-4.382
2002-01-30 23:00:00,6.024,0.19,-3.832,-4.466
2002-01-31 00:00:00,5.911,0.451,-4.077,-3.914
2002-01-31 01:00:00,5.673,0.581,-2.765,-4.345
2002-01-31 02:00:00,5.757,-0.112,-3.002,-3.317
2002-01-31 03:00:00,6.085,0.078,-5.989,-0.193
2002-01-31 04:00:00,5.515,2.693,-4.359,-1.136
2002-01-31 05:00:00,5.895,2.316,-5.14,-0.616
2002-01-31 06:00:00,5.685,3.183,-4.103,1.865
2002-01-31 07:00:00,5.223,2.994,-3.027,1.999
2002-01-31 08:00:00,5.281,3.861,-1.566,3.041
2002-01-31 09:00:00,5.176,3.316,-1.36,3.552
2002-01-31 10:00:00,5.153,3.594,-2.499,2.507
2002-01-31 11:00:00,5.094,3.578,-2.882,2.095
2002-01-31 12:00:00,5.263,3.671,-1.568,3.322
2002-01-31 13:00:00,5.379,3.571,-1.739,3.067
2002-01-31 14:00:00,5.685,-0.379,-4.105,-3.791
2002-01-31 15:00:00,5.67,1.918,-4.506,-2.047
2002-01-31 16:00:00,5.727,3.19,-4.22,-1.682
2002-01-31 17:00:00,5.908,4.8,-2.434,1.835
2002-01-31 18:00:00,5.872,4.787,-2.829,-0.925
2002-01-31 19:00:00,5.744,3.572,-4.08,-0.25
2002-01-31 20:00:00,8.993,-0.28,-6.112,-6.471
2002-01-31 21:00:00,14.019,1.245,-11.116,-7.739
2002-01-31 22:00:00,14.82,-3.224,-4.355,-12.062
2002-01-31 23:00:00,14.672,-1.878,-9.875,-10.531
2002-02-01 00:00:00,13.768,1.014,-11.799,-6.532
2002-02-01 01:00:00,12.464,2.457,-11.53,-3.189
2002-02-01 02:00:00,12.286,3.191,-9.967,-5.817
2002-02-01 03:00:00,11.3,1.379,-6.617,-8.255
2002-02-01 04:00:00,7.771,-0.188,-4.985,-4.374
2002-02-01 05:00:00,10.298,4.612,-7.318,-4.65
2002-02-01 06:00:00,9.778,2.172,-7.603,-4.87
2002-02-01 07:00:00,11.32,3.415,-8.984,-5.651
2002-02-01 08:00:00,9.616,1.944,-7.178,-5.673
2002-02-01 09:00:00,10.572,5.397,-7.441,-4.294
2002-02-01 10:00:00,10.647,8.102,-5.867,0.934
2002-02-01 11:00:00,12.775,3.922,-9.66,-4.651
2002-02-01 12:00:00,13.232,0.19,-9.221,-9.201
2002-02-01 13:00:00,13.281,1.373,-11.488,-6.254
2002-02-01 14:00:00,13.736,5.92,-12.134,-1.925
2002-02-01 15:00:00,11.945,4.872,-10.504,0.272
2002-02-01 16:00:00,11.768,5.185,-10.194,2.286
2002-02-01 17:00:00,11.016,0.453,-8.541,5.733
2002-02-01 18:00:00,9.586,1.878,-7.16,3.88
2002-02-01 19:00:00,8.376,5.384,-5.942,-2.132
2002-02-01 20:00:00,8.815,4.461,-7.437,0.387
2002-02-01 21:00:00,9.51,4.621,-7.546,3.185
2002-02-01 22:00:00,10.692,5.273,-7.471,4.955
2002-02-01 23:00:00,12.641,4.543,-6.577,-3.799
2002-02-02 00:00:00,12.713,7.952,-8.974,-2.575
2002-02-02 01:00:00,12.828,3.51,-3.04,-3.49
2002-02-02 02:00:00,13.114,-2.989,2.734,-12.395
2002-02-02 03:00:00,12.9,-4.545,2.428,-11.766
2002-02-02 04:00:00,13.338,-6.037,1.892,-11.603
2002-02-02 05:00:00,13.529,-6.898,1.047,-11.525
2002-02-02 06:00:00,13.359,-7.516,-0.343,-10.824
2002-02-02 07:00:00,11.942,-5.427,-3.986,-9.559
2002-02-02 08:00:00,9.231,-2.366,-5.804,-6.067
2002-02-02 09:00:00,9.256,-3.293,-3.44,-6.43
2002-02-02 10:00:00,9.353,-3.813,-2.454,-7.136
2002-02-02 11:00:00,8.592,-3.887,-3.513,-4.606
2002-02-02 12:00:00,8.227,-0.063,-5.589,-5.817
2002-02-02 13:00:00,5.56,2.914,-0.062,0.994
2002-02-02 14:00:00,5.75,2.855,1.579,1.681
2002-02-02 15:00:00,6.409,4.472,-1.76,-1.315
2002-02-02 16:00:00,6.335,1.377,0.366,5.835
2002-02-02 17:00:00,5.964,2.109,-2.332,4.808
2002-02-02 18:00:00,6.077,3.871,-2.458,3.633
2002-02-02 19:00:00,5.075,1.454,-0.885,3.772
2002-02-02 20:00:00,5.917,2.787,-2.223,-0.627
2002-02-02 21:00:00,7.483,6.094,-3.045,2.541
2002-02-02 22:00:00,6.094,3.921,-0.446,4.382
2002-02-02 23:00:00,4.427,1.613,-1.343,0.717
2002-02-03 00:00:00,4.976,4.02,-1.521,-0.812
2002-02-03 01:00:00,4.695,3.27,-2.658,1.198
2002-02-03 02:00:00,2.711,-1.616,-1.339,-1.028
2002-02-03 03:00:00,2.826,-2.48,-0.89,-0.179
2002-02-03 04:00:00,3.42,-2.997,-0.908,-0.868
2002-02-03 05:00:00,3.772,-3.228,-1.315,-0.6
2002-02-03 06:00:00,3.767,-2.877,-2.176,-0.108
2002-02-03 07:00:00,3.19,-1.347,-2.521,0.43
2002-02-03 08:00:00,3.077,-1.344,-2.221,0.872
2002-02-03 09:00:00,1.83,-0.599,-0.697,0.022
2002-02-03 10:00:00,4.741,4.037,-1.742,-0.739
2002-02-03 11:00:00,4.505,3.65,-2.005,-1.103
2002-02-03 12:00:00,5.095,4.691,-1.623,0.252
2002-02-03 13:00:00,5.4,3.899,-2.853,-1.115
2002-02-03 14:00:00,5.519,0.54,-4.527,-1.553
2002-02-03 15:00:00,5.99,4.67,0.625,-0.886
2002-02-03 16:00:00,5.912,5.619,1.498,0.077
2002-02-03 17:00:00,6.067,5.853,0.873,0.793
2002-02-03 18:00:00,6.222,6.137,-0.087,0.39
2002-02-03 19:00:00,6.385,6.094,-1.544,-0.564
2002-02-03 20:00:00,6.48,6.164,-1.512,-1.005
2002-02-03 21:00:00,6.535,5.9,-2.52,0.059
2002-02-03 22:00:00,7.039,4.527,-4.968,0.375
2002-02-03 23:00:00,7.48,5.353,-4.589,1.238
2002-02-04 00:00:00,7.986,5.7,-4.657,1.903
2002-02-04 01:00:00,8.153,4.316,-5.437,-2.839
2002-02-04 02:00:00,8.091,2.275,-5.941,-3.68
2002-02-04 03:00:00,7.659,4.207,-5.787,-0.424
2002-02-04 04:00:00,7.627,3.022,-5.974,0.457
2002-02-04 05:00:00,7.341,3.668,-4.324,4.05
2002-02-04 06:00:00,7.578,5.064,-3.608,3.925
2002-02-04 07:00:00,7.475,5.023,-4.753,2.208
2002-02-04 08:00:00,7.458,5.946,-3.745,1.593
2002-02-04 09:00:00,7.335,6.53,-2.299,1.714
2002-02-04 10:00:00,7.368,6.055,-3.362,0.309
2002-02-04 11:00:00,7.198,3.612,-5.698,1.502
2002-02-04 12:00:00,6.996,4.203,-4.086,-1.785
2002-02-04 13:00:00,7.064,4.118,-4.956,-1.835
2002-02-04 14:00:00,7.245,3.324,-5.979,-0.141
2002-02-04 15:00:00,7.587,-0.422,-6.313,-0.461
2002-02-04 16:00:00,8.27,-0.4,-3.189,-6.525
2002-02-04 17:00:00,10.135,7.581,-6.321,1.575
2002-02-04 18:00:00,10.663,7.971,-6.934,1.057
2002-02-04 19:00:00,10.656,6.722,-7.481,2.643
2002-02-04 20:00:00,9.345,-3.053,6.298,-2.706
2002-02-04 21:00:00,9.908,-4.945,7.581,-2.787
2002-02-04 22:00:00,11.487,-7.063,8.317,-1.783
2002-02-04 23:00:00,10.096,-3.834,4.387,-0.341
2002-02-05 00:00:00,12.015,-3.343,1.261,-10.377
2002-02-05 01:00:00,12.796,-8.289,6.818,2.855
2002-02-05 02:00:00,14.977,-11.467,9.023,2.958
2002-02-05 03:00:00,15.262,-11.19,10.196,1.424
2002-02-05 04:00:00,14.515,-11.886,7.945,1.506
2002-02-05 05:00:00,13.655,-13.23,0.785,-1.211
2002-02-05 06:00:00,14.244,-12.75,4.177,2.892
2002-02-05 07:00:00,13.856,-9.209,5.15,5.94
2002-02-05 08:00:00,15.636,-12.095,1.328,4.724
2002-02-05 09:00:00,14.578,-10.812,6.489,-2.568
2002-02-05 10:00:00,18.262,-14.314,9.689,-4.568
2002-02-05 11:00:00,18.89,-10.85,9.528,1.847
2002-02-05 12:00:00,20.201,-7.204,12.15,14.348
2002-02-05 13:00:00,19.942,-7.87,10.485,14.856
2002-02-05 14:00:00,19.609,-13.724,7.953,11.143
2002-02-05 15:00:00,18.83,-15.76,8.03,-3.466
2002-02-05 16:00:00,18.17,-12.147,7.749,-5.875
2002-02-05 17:00:00,18.209,-11.871,10.84,-3.621
2002-02-05 18:00:00,12.897,-5.553,3.458,-6.92
2002-02-05 19:00:00,11.901,-5.892,4.852,1.796
2002-02-05 20:00:00,12.651,-7.247,5.965,-1.66
2002-02-05 21:00:00,15.219,-9.815,7.918,2.027
2002-02-05 22:00:00,17.183,-5.849,12.757,6.124
2002-02-05 23:00:00,16.963,-10.524,9.448,5.168
2002-02-06 00:00:00,16.286,-10.112,6.344,6.139
2002-02-06 01:00:00,15.542,-10.366,7.414,3.298
2002-02-06 02:00:00,8.718,-4.763,5.782,0.727
2002-02-06 03:00:00,8.407,-1.608,6.157,0.402
2002-02-06 04:00:00,7.659,-4.068,3.406,0.406
2002-02-06 05:00:00,7.563,-6.373,1.275,-0.33
2002-02-06 06:00:00,7.21,-6.34,-0.433,2.386
2002-02-06 07:00:00,7.263,-5.002,3.395,0.672
2002-02-06 08:00:00,7.351,-3.691,4.925,0.586
2002-02-06 09:00:00,7.584,-6.236,3.196,-0.064
2002-02-06 10:00:00,7.348,-3.398,3.475,-3.526
2002-02-06 11:00:00,7.227,-5.091,2.651,-0.407
2002-02-06 12:00:00,6.966,-5.644,2.234,0.782
2002-02-06 13:00:00,6.435,-4.409,1.886,-1.91
2002-02-06 14:00:00,6.844,-4.842,2.4,-0.718
2002-02-06 15:00:00,6.893,-5.278,2.861,1.401
2002-02-06 16:00:00,6.786,-6.299,1.498,0.938
2002-02-06 17:00:00,7.422,-5.365,2.261,2.224
2002-02-06 18:00:00,6.449,-3.231,3.788,-0.129
2002-02-06 19:00:00,6.237,-2.095,4.208,-0.106
2002-02-06 20:00:00,6.626,-3.862,0.738,3.459
2002-02-06 21:00:00,6.01,-3.291,1.347,1.388
2002-02-06 22:00:00,5.415,-3.986,-0.423,1.591
2002-02-06 23:00:00,5.26,-4.088,0.723,0.422
2002-02-07 00:00:00,5.398,-4.481,-0.61,-1.761
2002-02-07 01:00:00,5.514,-4.972,1.239,0.52
2002-02-07 02:00:00,5.309,-3.665,2.054,-0.215
2002-02-07 03:00:00,5.14,-3.61,1.001,-0.482
2002-02-07 04:00:00,5.151,-4.405,1.349,-1.449
2002-02-07 05:00:00,5.133,-4.454,0.268,-0.017
2002-02-07 06:00:00,5.037,-4.35,0.623,-0.336
2002-02-07 07:00:00,5.025,-3.348,1.735,-1.274
2002-02-07 08:00:00,5.194,-4.148,2.045,0.299
2002-02-07 09:00:00,5.202,-4.051,2.08,0.465
2002-02-07 10:00:00,4.766,-3.556,1.538,-1.683
2002-02-07 11:00:00,4.634,-3.282,-0.683,2.167
2002-02-07 12:00:00,4.899,-4.231,0.593,0.971
2002-02-07 13:00:00,5.192,-4.699,-0.095,1.556
2002-02-07 14:00:00,5.304,-4.207,0.838,1.086
2002-02-07 15:00:00,5.547,-4.709,0.688,1.051
2002-02-07 16:00:00,5.625,-4.241,-0.307,1.835
2002-02-07 17:00:00,6.235,-2.377,-5.138,2.04
2002-02-07 18:00:00,6.448,-4.772,0.507,2.566
2002-02-07 19:00:00,6.088,-3.843,4.033,0.626
2002-02-07 20:00:00,5.646,-5.151,-0.656,-1.115
2002-02-07 21:00:00,5.416,-5.185,-0.057,-0.305
2002-02-07 22:00:00,5.648,-5.162,0.639,-1.24
2002-02-07 23:00:00,6.056,-4.539,-2.236,0.371
2002-02-08 00:00:00,5.931,-5.447,0.473,0.344
2002-02-08 01:00:00,6.093,-5.074,2.182,1.083
2002-02-08 02:00:00,5.92,-3.869,3.309,1.913
2002-02-08 03:00:00,5.74,-3.588,3.275,0.749
2002-02-08 04:00:00,5.759,-2.991,4.499,-0.306
2002-02-08 05:00:00,5.651,-5.096,0.317,0.906
2002-02-08 06:00:00,5.258,-4.82,0.604,-0.169
2002-02-08 07:00:00,5.06,-4.615,-1.221,-0.684
2002-02-08 08:00:00,5.018,-4.46,-0.344,-0.408
2002-02-08 09:00:00,5.416,-0.71,4.272,0.779
2002-02-08 10:00:00,5.291,-0.026,4.862,0.887
2002-02-08 11:00:00,4.927,-2.071,2.128,-0.381
2002-02-08 12:00:00,5.086,-1.431,2.781,-1.648
2002-02-08 13:00:00,5.286,0.702,4.371,0.987
2002-02-08 14:00:00,5.431,-0.618,3.938,-2.467
2002-02-08 15:00:00,4.981,-0.803,3.406,-1.92
2002-02-08 16:00:00,4.884,0.344,4.243,-1.838
2002-02-08 17:00:00,4.515,-1.884,3.426,-0.051
2002-02-08 18:00:00,4.23,-2.628,1.39,1.51
2002-02-08 19:00:00,4.238,-2.877,2.3,0.513
2002-02-08 20:00:00,4.091,-1.182,2.728,0.096
2002-02-08 21:00:00,3.772,-1.305,2.924,-0.943
2002-02-08 22:00:00,4.154,0.569,1.992,2.349
2002-02-08 23:00:00,4.485,-1.549,2.818,-1.222
2002-02-09 00:00:00,4.673,-0.569,3.441,1.567
2002-02-09 01:00:00,4.508,-1.222,2.831,-1.771
2002-02-09 02:00:00,4.655,-0.134,2.007,-1.733
2002-02-09 03:00:00,5.087,-1.157,0.724,-3.769
2002-02-09 04:00:00,5.175,-2.843,2.815,-0.455
2002-02-09 05:00:00,5.351,-2.754,3.785,0.036
2002-02-09 06:00:00,5.258,-2.436,3.253,0.382
2002-02-09 07:00:00,5.311,-0.103,5.041,0.869
2002-02-09 08:00:00,4.774,-1.484,4.061,0.217
2002-02-09 09:00:00,5.454,-3.375,-1.147,-2.959
2002-02-09 10:00:00,5.304,-2.312,-3.751,-1.565
2002-02-09 11:00:00,5.155,-3.922,2.653,0.859
2002-02-09 12:00:00,5.43,-4.893,-1.143,0.347
2002-02-09 13:00:00,5.418,-5.241,0.449,0.068
2002-02-09 14:00:00,5.46,-3.759,2.329,0.848
2002-02-09 15:00:00,5.464,-4.059,2.591,1.414
2002-02-09 16:00:00,5.452,-4.314,1.894,2.196
2002-02-09 17:00:00,5.783,-5.467,1.336,0.531
2002-02-09 18:00:00,5.998,-5.926,0.388,0.469
2002-02-09 19:00:00,6.0,-5.062,-0.705,-2.462
2002-02-09 20:00:00,6.251,-2.697,1.323,-4.489
2002-02-09 21:00:00,5.708,-2.195,1.545,-2.427
2002-02-09 22:00:00,6.399,-3.14,3.031,3.865
2002-02-09 23:00:00,6.506,-2.993,4.846,0.616
2002-02-10 00:00:00,6.481,-2.766,2.884,-4.186
2002-02-10 01:00:00,5.71,-3.931,2.489,-0.728
2002-02-10 02:00:00,4.131,-1.708,-0.81,1.493
2002-02-10 03:00:00,4.055,-2.405,-0.828,0.211
2002-02-10 04:00:00,4.795,-2.339,0.102,-3.205
2002-02-10 05:00:00,5.388,-3.466,1.374,0.741
2002-02-10 06:00:00,5.367,-3.316,-2.692,1.451
2002-02-10 07:00:00,4.963,-2.126,0.589,-0.413
2002-02-10 08:00:00,5.122,-2.2,1.118,3.196
2002-02-10 09:00:00,5.543,-3.502,1.842,2.29
2002-02-10 10:00:00,5.679,-4.315,-1.655,0.85
2002-02-10 11:00:00,5.541,-4.155,2.035,0.606
2002-02-10 12:00:00,5.624,-3.53,3.563,1.63
2002-02-10 13:00:00,5.393,-4.071,2.905,1.227
2002-02-10 14:00:00,5.371,-5.243,0.09,0.305
2002-02-10 15:00:00,5.528,-5.394,-0.006,-0.343
2002-02-10 16:00:00,5.47,-5.175,0.148,-1.293
2002-02-10 17:00:00,5.733,-3.056,3.569,0.475
2002-02-10 18:00:00,5.515,-3.198,2.363,1.132
2002-02-10 19:00:00,5.489,-4.984,-0.848,-0.999
2002-02-10 20:00:00,5.397,-2.379,2.488,2.429
2002-02-10 21:00:00,5.619,-2.824,3.291,-0.595
2002-02-10 22:00:00,5.868,-0.536,2.515,4.297
2002-02-10 23:00:00,5.967,-2.275,-0.223,1.954
2002-02-11 00:00:00,8.341,-1.704,4.04,1.811
2002-02-11 01:00:00,9.045,-3.551,7.241,2.248
2002-02-11 02:00:00,8.93,-6.586,5.144,1.469
2002-02-11 03:00:00,8.954,-5.199,6.762,-1.178
2002-02-11 04:00:00,8.381,-5.121,6.098,0.884
2002-02-11 05:00:00,7.302,-3.684,5.43,1.333
2002-02-11 06:00:00,7.808,-4.382,5.67,-0.021
2002-02-11 07:00:00,8.894,-3.885,5.917,-3.189
2002-02-11 08:00:00,8.871,-2.389,7.529,2.151
2002-02-11 09:00:00,8.694,-4.067,1.009,-4.847
2002-02-11 10:00:00,8.834,-6.414,3.213,-4.593
2002-02-11 11:00:00,9.298,-4.948,6.662,2.824
2002-02-11 12:00:00,8.809,-5.846,5.116,1.203
2002-02-11 13:00:00,8.553,-5.003,3.185,1.527
2002-02-11 14:00:00,8.504,-0.424,-0.462,6.925
2002-02-11 15:00:00,8.23,-3.972,1.255,-1.688
2002-02-11 16:00:00,7.534,-4.742,2.64,-1.053
2002-02-11 17:00:00,7.286,-0.169,6.347,-0.516
2002-02-11 18:00:00,7.465,-1.77,6.067,0.967
2002-02-11 19:00:00,7.432,-1.965,5.464,1.935
2002-02-11 20:00:00,7.439,-6.579,0.268,-1.196
2002-02-11 21:00:00,7.317,-6.125,0.829,-2.609
2002-02-11 22:00:00,7.427,-3.917,3.751,-0.8
2002-02-11 23:00:00,7.77,2.415,6.868,1.475
2002-02-12 00:00:00,7.442,-2.09,4.856,-0.834
2002-02-12 01:00:00,6.824,-2.55,3.4,-2.403
2002-02-12 02:00:00,6.442,-3.234,1.694,2.668
2002-02-12 03:00:00,6.287,-3.956,3.085,1.665
2002-02-12 04:00:00,5.935,-3.206,3.356,0.873
2002-02-12 05:00:00,5.439,-2.22,3.289,-1.23
2002-02-12 06:00:00,6.887,-6.221,1.081,2.357
2002-02-12 07:00:00,6.609,-6.021,0.753,0.906
2002-02-12 08:00:00,6.0,-5.101,-0.579,1.672
2002-02-12 09:00:00,6.667,-3.764,-0.385,5.111
2002-02-12 10:00:00,6.599,-2.903,-0.158,4.883
2002-02-12 11:00:00,7.691,-5.553,0.582,4.694
2002-02-12 12:00:00,7.785,-4.629,1.643,4.881
2002-02-12 13:00:00,5.502,-2.679,3.147,0.62
2002-02-12 14:00:00,6.27,-2.65,5.18,1.315
2002-02-12 15:00:00,6.094,-1.04,3.439,3.735
2002-02-12 16:00:00,6.23,-1.367,2.359,4.687
2002-02-12 17:00:00,6.05,-2.708,1.411,4.28
2002-02-12 18:00:00,6.066,-4.117,-1.319,2.315
2002-02-12 19:00:00,5.754,-3.361,-2.839,1.747
2002-02-12 20:00:00,5.944,-2.601,3.774,-0.18
2002-02-12 21:00:00,5.631,-2.846,3.009,0.805
2002-02-12 22:00:00,5.786,1.195,2.877,-3.556
2002-02-12 23:00:00,5.57,-3.4,0.325,2.831
2002-02-13 00:00:00,5.82,-4.519,1.168,1.191
2002-02-13 01:00:00,5.86,-0.871,2.94,3.294
2002-02-13 02:00:00,5.941,-1.779,4.949,1.974
2002-02-13 03:00:00,5.584,-2.813,3.054,2.928
2002-02-13 04:00:00,5.198,-2.528,1.102,2.631
2002-02-13 05:00:00,5.504,-2.48,3.063,2.393
2002-02-13 06:00:00,5.254,-2.206,3.59,0.051
2002-02-13 07:00:00,4.28,-2.105,0.115,-0.395
2002-02-13 08:00:00,4.792,-4.016,0.612,0.654
2002-02-13 09:00:00,4.932,-3.957,-0.159,-1.713
2002-02-13 10:00:00,5.441,-4.524,2.054,0.51
2002-02-13 11:00:00,5.671,-3.92,-0.151,-2.322
2002-02-13 12:00:00,6.36,-3.169,5.354,-0.692
2002-02-13 13:00:00,5.34,-2.561,2.463,-0.153
2002-02-13 14:00:00,5.343,0.185,-3.711,-2.444
2002-02-13 15:00:00,5.702,-4.826,-0.662,-1.749
2002-02-13 16:00:00,5.736,-4.117,0.164,3.4
2002-02-13 17:00:00,5.835,-4.665,1.578,2.463
2002-02-13 18:00:00,6.18,-5.278,1.182,1.558
2002-02-13 19:00:00,6.124,-5.753,0.822,1.487
2002-02-13 20:00:00,6.083,-5.291,0.251,2.64
2002-02-13 21:00:00,6.12,-4.821,0.242,3.583
2002-02-13 22:00:00,6.115,-5.092,0.387,3.118
2002-02-13 23:00:00,5.923,-5.261,1.099,2.245
2002-02-14 00:00:00,5.745,-5.156,1.049,1.81
2002-02-14 01:00:00,5.693,-5.227,1.312,0.907
2002-02-14 02:00:00,5.675,-4.752,2.625,1.394
2002-02-14 03:00:00,5.796,-4.605,2.208,2.053
2002-02-14 04:00:00,5.848,-5.277,2.219,-0.864
2002-02-14 05:00:00,5.708,-5.127,2.368,-0.138
2002-02-14 06:00:00,5.757,-5.167,2.385,0.228
2002-02-14 07:00:00,5.602,-4.4,3.327,0.041
2002-02-14 08:00:00,5.806,-5.052,2.627,-0.085
2002-02-14 09:00:00,5.843,-4.604,3.375,-0.069
2002-02-14 10:00:00,5.74,-4.875,2.779,0.58
2002-02-14 11:00:00,5.724,-5.093,2.439,-0.236
2002-02-14 12:00:00,5.808,-4.922,2.856,0.815
2002-02-14 13:00:00,5.899,-5.127,2.322,1.607
2002-02-14 14:00:00,5.615,-5.164,1.891,0.289
2002-02-14 15:00:00,5.617,-5.143,1.931,-0.117
2002-02-14 16:00:00,5.593,-5.213,1.529,1.044
2002-02-14 17:00:00,5.64,-5.281,1.825,0.248
2002-02-14 18:00:00,5.707,-5.368,1.005,1.356
2002-02-14 19:00:00,5.806,-5.577,0.824,1.035
2002-02-14 20:00:00,5.625,-5.463,0.559,-0.54
2002-02-14 21:00:00,5.585,-5.427,1.168,-0.244
2002-02-14 22:00:00,5.616,-5.274,1.278,0.889
2002-02-14 23:00:00,5.531,-4.871,2.049,0.85
2002-02-15 00:00:00,5.535,-5.102,1.714,0.505
2002-02-15 01:00:00,5.539,-4.849,2.478,0.499
2002-02-15 02:00:00,5.487,-5.203,1.579,-0.367
2002-02-15 03:00:00,5.211,-4.365,2.625,0.583
2002-02-15 04:00:00,4.997,-4.384,2.319,-0.053
2002-02-15 05:00:00,5.056,-4.432,2.316,-0.02
2002-02-15 06:00:00,4.966,-4.012,2.31,1.153
2002-02-15 07:00:00,5.201,-4.642,1.751,0.899
2002-02-15 08:00:00,5.528,-3.855,2.932,2.102
2002-02-15 09:00:00,5.859,-4.028,3.509,2.191
2002-02-15 10:00:00,6.189,-4.328,2.409,2.901
2002-02-15 11:00:00,6.8,-3.117,-0.834,5.797
2002-02-15 12:00:00,7.281,-2.939,-2.194,6.233
2002-02-15 13:00:00,7.405,-2.506,-3.37,5.933
2002-02-15 14:00:00,7.001,-1.679,-1.231,6.412
2002-02-15 15:00:00,7.603,-3.49,-3.383,4.627
2002-02-15 16:00:00,7.524,-4.46,-5.489,1.545
2002-02-15 17:00:00,7.205,-5.227,-4.48,0.236
2002-02-15 18:00:00,7.115,-5.32,-2.73,-0.897
2002-02-15 19:00:00,7.28,-7.188,-0.849,-0.179
2002-02-15 20:00:00,6.943,-6.791,-0.814,0.024
2002-02-15 21:00:00,6.509,-6.21,-1.094,-1.311
2002-02-15 22:00:00,6.218,-5.687,-0.65,-2.286
2002-02-15 23:00:00,5.88,-5.203,0.592,-2.477
2002-02-16 00:00:00,6.05,-5.206,1.371,-2.68
2002-02-16 01:00:00,6.106,-5.492,1.695,-1.89
2002-02-16 02:00:00,5.964,-5.34,1.942,-1.319
2002-02-16 03:00:00,5.408,-3.961,3.474,-0.385
2002-02-16 04:00:00,5.922,-5.031,2.989,0.557
2002-02-16 05:00:00,6.239,-5.974,1.205,0.935
2002-02-16 06:00:00,6.48,-6.237,-0.196,1.687
2002-02-16 07:00:00,6.77,-5.885,-0.912,3.014
2002-02-16 08:00:00,9.085,-7.982,-1.564,3.172
2002-02-16 09:00:00,8.047,-6.626,-3.327,2.425
2002-02-16 10:00:00,7.913,-7.451,-1.06,-1.884
2002-02-16 11:00:00,7.3,-6.241,-1.11,-2.453
2002-02-16 12:00:00,7.347,-6.191,0.006,-3.934
2002-02-16 13:00:00,6.71,-5.831,0.348,-3.267
2002-02-16 14:00:00,6.878,-6.05,0.975,-3.07
2002-02-16 15:00:00,7.398,-6.026,0.816,-4.075
2002-02-16 16:00:00,7.554,-5.974,4.015,1.224
2002-02-16 17:00:00,8.01,-4.736,4.705,4.304
2002-02-16 18:00:00,7.752,-4.676,2.634,5.412
2002-02-16 19:00:00,7.469,-3.98,2.852,5.554
2002-02-16 20:00:00,7.598,-3.995,1.569,6.215
2002-02-16 21:00:00,7.678,-4.632,2.032,5.732
2002-02-16 22:00:00,6.168,0.836,-2.632,1.997
2002-02-16 23:00:00,5.233,2.935,-1.666,-3.655
2002-02-17 00:00:00,4.962,3.27,-3.378,1.059
2002-02-17 01:00:00,4.656,4.057,-1.65,0.841
2002-02-17 02:00:00,7.816,4.929,-3.048,-3.814
2002-02-17 03:00:00,9.249,7.817,-4.523,-0.739
2002-02-17 04:00:00,10.705,5.605,-4.844,-0.807
2002-02-17 05:00:00,12.501,-0.346,-4.573,-7.308
2002-02-17 06:00:00,10.946,4.809,-7.098,2.146
2002-02-17 07:00:00,12.125,6.254,-9.179,3.091
2002-02-17 08:00:00,10.746,6.14,-8.264,2.299
2002-02-17 09:00:00,8.983,5.047,-6.939,1.556
2002-02-17 10:00:00,9.384,3.303,-8.593,-0.598
2002-02-17 11:00:00,8.011,2.561,-7.441,-0.242
2002-02-17 12:00:00,8.45,4.66,-6.521,-2.385
2002-02-17 13:00:00,6.615,2.686,-5.643,-1.374
2002-02-17 14:00:00,6.365,3.074,-5.404,-0.557
2002-02-17 15:00:00,6.143,2.871,-4.856,-1.39
2002-02-17 16:00:00,5.898,2.091,-5.331,0.232
2002-02-17 17:00:00,5.65,0.682,-5.454,-1.106
2002-02-17 18:00:00,5.394,1.215,-4.783,-1.46
2002-02-17 19:00:00,4.788,3.048,-2.941,-1.996
2002-02-17 20:00:00,4.973,1.934,-4.13,-1.697
2002-02-17 21:00:00,5.272,2.402,-4.465,-0.918
2002-02-17 22:00:00,5.496,1.04,-4.841,-2.08
2002-02-17 23:00:00,5.607,2.999,-4.527,-0.564
2002-02-18 00:00:00,5.866,2.948,-4.965,-0.469
2002-02-18 01:00:00,6.22,1.455,-5.77,-1.146
2002-02-18 02:00:00,5.649,4.966,-1.694,0.328
2002-02-18 03:00:00,5.431,-3.431,-2.484,-1.273
2002-02-18 04:00:00,5.998,-3.631,-3.357,-2.656
2002-02-18 05:00:00,5.817,-1.06,-4.862,-2.231
2002-02-18 06:00:00,6.596,2.239,-3.832,-2.297
2002-02-18 07:00:00,8.264,7.151,-3.068,2.072
2002-02-18 08:00:00,7.932,5.074,-4.891,3.329
2002-02-18 09:00:00,7.155,5.257,-3.014,2.966
2002-02-18 10:00:00,8.274,7.223,1.28,3.019
2002-02-18 11:00:00,8.647,6.968,1.305,4.431
2002-02-18 12:00:00,10.56,7.037,-3.043,6.175
2002-02-18 13:00:00,10.61,0.889,-7.808,2.479
2002-02-18 14:00:00,11.539,-3.926,-9.38,-0.805
2002-02-18 15:00:00,11.903,-4.412,-10.116,-1.684
2002-02-18 16:00:00,11.172,-4.088,-9.966,-2.207
2002-02-18 17:00:00,10.621,-5.613,-5.552,-6.798
2002-02-18 18:00:00,8.448,-4.28,-1.546,-5.542
2002-02-18 19:00:00,7.738,-2.294,-2.464,-6.366
2002-02-18 20:00:00,8.135,1.451,-4.65,-2.153
2002-02-18 21:00:00,6.714,4.191,-5.064,0.763
2002-02-18 22:00:00,9.936,5.384,-7.949,1.995
2002-02-18 23:00:00,8.955,4.517,-4.921,4.86
2002-02-19 00:00:00,7.275,1.121,0.052,6.676
2002-02-19 01:00:00,8.082,-3.317,5.084,5.124
2002-02-19 02:00:00,10.701,-2.255,5.077,8.868
2002-02-19 03:00:00,10.243,-1.989,5.74,8.136
2002-02-19 04:00:00,10.159,-2.068,6.318,7.497
2002-02-19 05:00:00,9.955,-0.699,5.039,8.244
2002-02-19 06:00:00,8.823,-2.401,3.715,1.832
2002-02-19 07:00:00,7.57,-1.733,4.546,3.215
2002-02-19 08:00:00,7.564,-0.469,2.838,6.145
2002-02-19 09:00:00,7.096,-3.946,4.185,2.738
2002-02-19 10:00:00,7.385,-1.747,4.59,3.748
2002-02-19 11:00:00,7.23,-2.734,3.737,4.624
2002-02-19 12:00:00,7.076,-0.827,1.887,6.03
2002-02-19 13:00:00,6.781,-3.221,2.995,4.217
2002-02-19 14:00:00,6.986,-0.998,3.192,5.419
2002-02-19 15:00:00,6.536,-2.047,3.504,1.351
2002-02-19 16:00:00,6.671,-4.59,4.45,1.132
2002-02-19 17:00:00,6.881,-3.917,2.945,3.607
2002-02-19 18:00:00,6.485,-5.049,1.507,2.301
2002-02-19 19:00:00,5.468,-2.651,0.87,1.629
2002-02-19 20:00:00,6.527,-4.624,1.102,3.839
2002-02-19 21:00:00,6.52,-2.263,4.041,2.777
2002-02-19 22:00:00,6.657,-6.089,1.154,-0.213
2002-02-19 23:00:00,6.805,-6.2,1.581,-0.303
2002-02-20 00:00:00,6.848,-6.124,1.095,0.911
2002-02-20 01:00:00,7.095,-6.821,-0.108,-0.439
2002-02-20 02:00:00,7.032,-6.638,-0.274,0.198
2002-02-20 03:00:00,7.11,-6.245,0.568,2.92
2002-02-20 04:00:00,7.391,-6.464,2.75,0.898
2002-02-20 05:00:00,7.55,-5.142,3.821,-1.445
2002-02-20 06:00:00,7.811,-4.884,3.974,-3.267
2002-02-20 07:00:00,8.509,-5.435,6.229,-0.383
2002-02-20 08:00:00,8.683,-5.265,6.593,1.538
2002-02-20 09:00:00,8.918,-3.817,6.779,4.003
2002-02-20 10:00:00,9.227,-3.913,7.74,-0.692
2002-02-20 11:00:00,8.897,-0.412,7.398,-0.349
2002-02-20 12:00:00,8.154,1.604,5.831,0.803
2002-02-20 13:00:00,10.195,1.589,7.362,4.16
2002-02-20 14:00:00,9.517,0.79,5.441,1.692
2002-02-20 15:00:00,9.485,7.665,-2.808,3.297
2002-02-20 16:00:00,9.954,8.029,-4.638,3.413
2002-02-20 17:00:00,9.558,4.376,-7.435,2.682
2002-02-20 18:00:00,9.985,5.023,-8.341,1.863
2002-02-20 19:00:00,10.953,4.985,-9.478,1.457
2002-02-20 20:00:00,10.217,4.484,-8.395,-2.481
2002-02-20 21:00:00,8.856,6.118,-5.096,0.563
2002-02-20 22:00:00,9.261,6.049,-6.819,0.465
2002-02-20 23:00:00,9.044,6.915,-5.23,1.639
2002-02-21 00:00:00,9.78,7.175,-6.246,-0.537
2002-02-21 01:00:00,9.411,6.7,-6.345,-0.522
2002-02-21 02:00:00,9.411,6.784,-5.966,-1.248
2002-02-21 03:00:00,8.936,6.623,-5.506,-0.185
2002-02-21 04:00:00,8.356,7.095,-3.548,0.041
2002-02-21 05:00:00,8.345,6.795,-0.606,-3.694
2002-02-21 06:00:00,8.097,6.471,-3.074,-2.788
2002-02-21 07:00:00,8.108,7.204,-2.346,-0.44
2002-02-21 08:00:00,8.55,5.479,-5.677,1.245
2002-02-21 09:00:00,8.402,7.354,-2.945,0.583
2002-02-21 10:00:00,8.808,7.25,-3.824,1.486
2002-02-21 11:00:00,8.935,7.581,-3.402,-0.675
2002-02-21 12:00:00,9.042,7.031,-4.901,-0.625
2002-02-21 13:00:00,8.998,6.073,-4.961,0.693
2002-02-21 14:00:00,8.982,7.041,-5.301,-0.035
2002-02-21 15:00:00,9.246,4.883,-7.274,0.019
2002-02-21 16:00:00,9.2,5.911,-6.515,-1.408
2002-02-21 17:00:00,8.996,6.578,-4.267,0.439
2002-02-21 18:00:00,9.072,5.684,-5.574,0.168
2002-02-21 19:00:00,8.885,7.424,-3.203,-0.341
2002-02-21 20:00:00,9.01,7.4,-2.493,-1.616
2002-02-21 21:00:00,9.275,6.612,0.241,1.942
2002-02-21 22:00:00,9.244,6.124,-4.113,0.793
2002-02-21 23:00:00,9.235,4.547,-5.203,3.617
2002-02-22 00:00:00,10.555,4.267,-8.742,-0.569
2002-02-22 01:00:00,10.327,4.017,-8.733,-1.913
2002-02-22 02:00:00,10.001,4.625,-7.222,1.24
2002-02-22 03:00:00,9.75,4.571,-7.208,0.379
2002-02-22 04:00:00,10.057,5.913,-5.765,-0.121
2002-02-22 05:00:00,10.608,5.489,-7.974,2.24
2002-02-22 06:00:00,10.183,5.39,-5.88,3.442
2002-02-22 07:00:00,10.091,5.393,-7.123,2.623
2002-02-22 08:00:00,9.786,7.583,-3.731,3.416
2002-02-22 09:00:00,9.273,7.944,-3.098,0.576
2002-02-22 10:00:00,8.799,8.264,0.607,0.36
2002-02-22 11:00:00,8.429,6.802,-3.726,0.336
2002-02-22 12:00:00,8.524,7.892,-2.297,-1.095
2002-02-22 13:00:00,7.762,7.218,0.15,-0.205
2002-02-22 14:00:00,7.568,7.417,-0.51,0.099
2002-02-22 15:00:00,7.258,6.587,1.683,-1.799
2002-02-22 16:00:00,7.36,6.99,-1.538,-0.578
2002-02-22 17:00:00,7.504,5.664,-3.179,-2.706
2002-02-22 18:00:00,7.746,5.707,-3.573,-0.476
2002-02-22 19:00:00,7.199,5.405,-3.45,-2.148
2002-02-22 20:00:00,6.965,3.518,-3.916,-2.716
2002-02-22 21:00:00,6.773,2.902,-2.3,-1.114
2002-02-22 22:00:00,6.668,5.174,-0.583,-3.61
2002-02-22 23:00:00,6.568,3.375,-3.722,-2.235
2002-02-23 00:00:00,6.671,3.214,-4.37,-2.695
2002-02-23 01:00:00,6.811,0.105,-6.411,0.728
2002-02-23 02:00:00,6.727,-0.037,-6.241,-1.184
2002-02-23 03:00:00,6.557,3.109,-3.725,-1.289
2002-02-23 04:00:00,6.505,5.059,-2.975,-1.475
2002-02-23 05:00:00,6.474,4.308,-4.351,-0.542
2002-02-23 06:00:00,6.459,5.424,-2.2,-0.662
2002-02-23 07:00:00,6.258,5.429,0.409,-2.38
2002-02-23 08:00:00,6.314,6.028,0.17,-1.135
2002-02-23 09:00:00,6.35,4.526,-2.624,0.617
2002-02-23 10:00:00,6.331,3.474,-4.485,0.516
2002-02-23 11:00:00,6.423,0.432,-4.973,1.806
2002-02-23 12:00:00,6.353,2.457,-4.367,2.816
2002-02-23 13:00:00,6.353,1.978,-4.855,2.725
2002-02-23 14:00:00,6.274,3.144,-4.5,1.6
2002-02-23 15:00:00,6.218,1.094,-5.573,0.24
2002-02-23 16:00:00,6.192,2.066,-5.344,0.563
2002-02-23 17:00:00,6.212,1.245,-5.755,0.605
2002-02-23 18:00:00,6.319,0.958,-6.049,0.247
2002-02-23 19:00:00,6.231,3.361,-4.662,-1.226
2002-02-23 20:00:00,6.471,3.935,-4.029,-1.951
2002-02-23 21:00:00,6.392,2.147,-4.573,0.1
2002-02-23 22:00:00,6.278,2.321,-4.641,-1.312
2002-02-23 23:00:00,6.271,0.437,-5.71,-1.696
2002-02-24 00:00:00,6.32,0.509,-5.571,-2.361
2002-02-24 01:00:00,6.311,3.415,-3.26,-2.141
2002-02-24 02:00:00,6.542,5.902,-2.013,-0.348
2002-02-24 03:00:00,6.682,5.132,-3.041,-0.724
2002-02-24 04:00:00,6.93,1.38,-4.129,-2.732
2002-02-24 05:00:00,7.555,1.353,-6.573,1.446
2002-02-24 06:00:00,7.282,3.703,-4.718,-1.368
2002-02-24 07:00:00,6.479,3.853,0.08,-0.771
2002-02-24 08:00:00,6.276,4.012,2.534,-0.698
2002-02-24 09:00:00,6.32,3.535,-3.04,-1.29
2002-02-24 10:00:00,5.98,5.39,1.019,-1.642
2002-02-24 11:00:00,5.767,4.083,-0.907,-2.459
2002-02-24 12:00:00,5.674,4.896,-1.724,0.773
2002-02-24 13:00:00,5.893,3.034,-3.585,0.24
2002-02-24 14:00:00,6.04,3.519,-3.177,2.185
2002-02-24 15:00:00,6.56,3.056,-3.129,3.732
2002-02-24 16:00:00,6.332,2.025,-4.948,1.147
2002-02-24 17:00:00,6.302,2.314,-5.507,-0.948
2002-02-24 18:00:00,6.27,2.941,-3.625,-2.979
2002-02-24 19:00:00,6.283,1.665,-5.682,0.803
2002-02-24 20:00:00,6.308,1.763,-5.548,-1.485
2002-02-24 21:00:00,6.353,0.56,-5.754,-0.085
2002-02-24 22:00:00,6.574,2.648,-4.29,-1.944
2002-02-24 23:00:00,5.957,3.802,-2.589,-2.609
2002-02-25 00:00:00,6.227,3.562,4.499,0.935
2002-02-25 01:00:00,6.461,4.722,3.565,1.735
2002-02-25 02:00:00,6.471,6.081,1.134,0.542
2002-02-25 03:00:00,6.302,5.9,1.7,-0.01
2002-02-25 04:00:00,6.417,5.716,2.117,0.465
2002-02-25 05:00:00,6.455,4.212,-4.112,-1.444
2002-02-25 06:00:00,6.611,3.355,-2.941,-2.693
2002-02-25 07:00:00,6.656,4.246,-4.074,-1.8
2002-02-25 08:00:00,6.241,4.683,-3.004,-1.538
2002-02-25 09:00:00,6.584,3.429,-2.512,-4.152
2002-02-25 10:00:00,6.731,3.056,-4.352,-3.533
2002-02-25 11:00:00,6.719,3.086,-4.304,-2.752
2002-02-25 12:00:00,6.762,3.706,-3.337,-1.918
2002-02-25 13:00:00,6.778,5.424,-2.978,-0.865
2002-02-25 14:00:00,6.541,5.653,-1.522,-0.338
2002-02-25 15:00:00,6.769,1.623,-4.949,-0.732
2002-02-25 16:00:00,7.123,-1.861,-6.492,-1.386
2002-02-25 17:00:00,6.961,1.873,-4.621,-3.365
2002-02-25 18:00:00,6.629,4.219,-3.704,-1.715
2002-02-25 19:00:00,6.595,4.891,-2.165,-3.057
2002-02-25 20:00:00,6.652,4.069,-1.921,-3.843
2002-02-25 21:00:00,6.682,3.531,-2.957,-3.968
2002-02-25 22:00:00,6.917,1.421,-4.488,-4.877
2002-02-25 23:00:00,6.854,3.655,-3.371,-3.918
2002-02-26 00:00:00,6.876,0.966,-3.977,-4.746
2002-02-26 01:00:00,6.778,2.962,-4.414,-0.435
2002-02-26 02:00:00,7.077,2.797,-4.553,-4.048
2002-02-26 03:00:00,6.683,3.72,-1.444,-4.884
2002-02-26 04:00:00,6.462,3.045,-0.842,-4.905
2002-02-26 05:00:00,6.262,3.319,-1.214,-3.974
2002-02-26 06:00:00,6.707,2.39,-2.713,-1.708
2002-02-26 07:00:00,7.248,1.216,-6.898,-0.936
2002-02-26 08:00:00,7.289,2.664,-6.357,-0.003
2002-02-26 09:00:00,7.23,2.271,-6.446,-0.94
2002-02-26 10:00:00,7.159,3.071,-5.403,-1.679
2002-02-26 11:00:00,7.429,4.318,-2.621,-4.413
2002-02-26 12:00:00,6.822,3.189,-0.897,-5.071
2002-02-26 13:00:00,6.704,0.343,-6.088,-0.592
2002-02-26 14:00:00,6.203,2.861,-3.381,-1.936
2002-02-26 15:00:00,6.088,2.787,-2.779,-2.917
2002-02-26 16:00:00,6.066,2.025,-4.243,-2.595
2002-02-26 17:00:00,6.014,1.829,-3.673,-1.311
2002-02-26 18:00:00,6.369,2.035,-4.048,-1.184
2002-02-26 19:00:00,6.913,3.888,1.85,-4.579
2002-02-26 20:00:00,7.025,3.496,-2.829,-2.944
2002-02-26 21:00:00,6.834,1.768,-4.151,-3.826
2002-02-26 22:00:00,6.184,2.804,-3.676,-0.541
2002-02-26 23:00:00,6.364,2.611,-1.726,-3.054
2002-02-27 00:00:00,6.042,1.351,-4.777,0.748
2002-02-27 01:00:00,5.648,1.384,-3.303,1.054
2002-02-27 02:00:00,6.862,-0.417,-4.986,3.678
2002-02-27 03:00:00,7.021,0.788,-4.658,4.144
2002-02-27 04:00:00,6.685,3.222,-5.162,-1.518
2002-02-27 05:00:00,6.425,4.056,-3.336,-2.581
2002-02-27 06:00:00,6.694,4.858,-2.547,-3.346
2002-02-27 07:00:00,6.493,3.473,-4.2,-0.157
2002-02-27 08:00:00,6.63,2.751,-5.02,1.527
2002-02-27 09:00:00,6.538,1.962,-4.356,2.343
2002-02-27 10:00:00,6.438,1.644,-5.776,-0.387
2002-02-27 11:00:00,6.466,2.44,-5.511,0.581
2002-02-27 12:00:00,6.274,4.881,-1.568,-1.623
2002-02-27 13:00:00,6.289,4.647,-1.58,-2.602
2002-02-27 14:00:00,6.329,1.979,-5.336,1.262
2002-02-27 15:00:00,6.57,1.028,-6.259,0.056
2002-02-27 16:00:00,6.337,1.512,-5.833,-0.899
2002-02-27 17:00:00,6.187,2.562,-4.923,-1.361
2002-02-27 18:00:00,6.166,4.427,-2.386,-1.739
2002-02-27 19:00:00,5.993,2.514,-5.012,0.865
2002-02-27 20:00:00,6.135,2.038,-4.435,-0.559
2002-02-27 21:00:00,5.957,1.825,-4.033,-0.734
2002-02-27 22:00:00,6.052,2.429,-3.762,-0.494
2002-02-27 23:00:00,6.2,4.458,-2.027,-2.047
2002-02-28 00:00:00,6.508,4.598,-0.658,-2.17
2002-02-28 01:00:00,6.564,5.884,1.699,-1.839
2002-02-28 02:00:00,6.375,5.746,0.068,0.218
2002-02-28 03:00:00,6.571,5.16,1.433,-0.863
2002-02-28 04:00:00,12.125,9.14,3.743,-3.837
2002-02-28 05:00:00,13.747,6.272,-8.193,-5.916
2002-02-28 06:00:00,13.032,7.211,-9.079,-3.353
2002-02-28 07:00:00,11.242,1.131,-7.437,0.312
2002-02-28 08:00:00,10.047,2.93,-6.996,-4.49
2002-02-28 09:00:00,10.583,6.492,-7.651,-0.729
2002-02-28 10:00:00,10.886,4.346,-8.945,-3.466
2002-02-28 11:00:00,8.369,3.226,-5.424,-4.801
2002-02-28 12:00:00,6.746,-4.189,1.683,-2.546
2002-02-28 13:00:00,7.04,-2.429,4.01,3.476
2002-02-28 14:00:00,6.08,-1.687,3.457,3.474
2002-02-28 15:00:00,6.155,0.139,1.707,5.241
2002-02-28 16:00:00,7.462,-1.447,3.929,2.837
2002-02-28 17:00:00,9.754,-8.758,4.029,-1.106
2002-02-28 18:00:00,9.984,-8.735,3.728,-1.977
2002-02-28 19:00:00,9.579,-4.922,2.926,-7.124
2002-02-28 20:00:00,11.207,-2.38,1.651,-10.462
2002-02-28 21:00:00,15.087,1.549,-0.573,-14.63
2002-02-28 22:00:00,16.261,7.439,-9.208,-10.777
2002-02-28 23:00:00,16.023,6.269,-8.914,-11.535
2002-03-01 00:00:00,16.291,7.333,-9.338,-10.595
2002-03-01 01:00:00,15.371,10.372,-10.265,-4.26
2002-03-01 02:00:00,14.271,10.894,-8.821,-2.393
2002-03-01 03:00:00,14.715,12.832,-6.748,-0.34
2002-03-01 04:00:00,14.806,14.324,-3.307,-0.659
2002-03-01 05:00:00,14.943,14.545,-0.187,-2.824
2002-03-01 06:00:00,13.261,12.849,1.813,-0.235
2002-03-01 07:00:00,11.711,11.35,1.999,1.656
2002-03-01 08:00:00,10.193,9.516,3.387,-0.524
2002-03-01 09:00:00,9.634,8.558,4.164,0.24
2002-03-01 10:00:00,9.29,8.172,4.255,0.43
2002-03-01 11:00:00,8.537,7.845,3.031,-0.481
2002-03-01 12:00:00,8.02,7.311,3.014,-0.006
2002-03-01 13:00:00,7.851,7.197,2.917,0.887
2002-03-01 14:00:00,7.989,7.029,3.247,1.182
2002-03-01 15:00:00,7.909,6.404,4.068,0.006
2002-03-01 16:00:00,8.389,5.698,5.803,1.446
2002-03-01 17:00:00,8.444,5.833,5.4,2.658
2002-03-01 18:00:00,9.025,7.09,3.187,3.558
2002-03-01 19:00:00,8.637,6.619,0.521,4.228
2002-03-01 20:00:00,8.847,7.582,4.105,1.819
2002-03-01 21:00:00,8.211,6.101,5.012,1.809
2002-03-01 22:00:00,8.593,5.655,4.178,3.037
2002-03-01 23:00:00,8.719,6.395,5.49,-0.145
2002-03-02 00:00:00,8.923,7.792,2.715,2.579
2002-03-02 01:00:00,9.334,7.742,1.941,4.164
2002-03-02 02:00:00,9.119,4.648,4.142,5.766
2002-03-02 03:00:00,9.92,2.907,3.151,6.095
2002-03-02 04:00:00,9.322,5.645,-0.041,2.478
2002-03-02 05:00:00,9.171,5.676,5.307,3.042
2002-03-02 06:00:00,9.795,5.491,-2.027,7.321
2002-03-02 07:00:00,9.893,3.26,-6.106,6.574
2002-03-02 08:00:00,9.46,4.024,-7.196,3.821
2002-03-02 09:00:00,8.423,2.425,-2.571,3.165
2002-03-02 10:00:00,8.45,2.844,3.825,4.609
2002-03-02 11:00:00,10.163,0.572,5.447,6.107
2002-03-02 12:00:00,11.355,4.627,-1.845,10.053
2002-03-02 13:00:00,10.8,3.744,-3.163,9.464
2002-03-02 14:00:00,11.159,2.146,-4.624,9.452
2002-03-02 15:00:00,10.677,4.697,-6.087,6.955
2002-03-02 16:00:00,10.158,1.225,-8.666,2.428
2002-03-02 17:00:00,10.683,3.985,-7.973,4.482
2002-03-02 18:00:00,10.369,6.288,-7.367,3.443
2002-03-02 19:00:00,9.637,5.362,-7.474,2.594
2002-03-02 20:00:00,10.559,5.806,-8.405,2.548
2002-03-02 21:00:00,10.938,5.987,-9.002,1.548
2002-03-02 22:00:00,10.397,2.964,-9.725,-0.286
2002-03-02 23:00:00,10.346,4.654,-8.854,0.159
2002-03-03 00:00:00,10.864,6.068,-8.968,0.478
2002-03-03 01:00:00,10.781,5.126,-9.462,-0.029
2002-03-03 02:00:00,10.266,7.92,-5.891,0.317
2002-03-03 03:00:00,10.298,7.309,-6.6,-2.495
2002-03-03 04:00:00,9.906,5.969,-7.518,-2.111
2002-03-03 05:00:00,10.189,4.592,-8.198,-3.795
2002-03-03 06:00:00,9.115,2.929,-7.852,-2.653
2002-03-03 07:00:00,7.888,-2.953,-2.718,-6.486
2002-03-03 08:00:00,8.696,-0.248,-5.043,-4.855
2002-03-03 09:00:00,8.643,-0.336,-6.631,-4.619
2002-03-03 10:00:00,8.379,2.651,-6.534,-0.301
2002-03-03 11:00:00,7.095,2.768,-3.226,-1.962
2002-03-03 12:00:00,7.21,1.888,-0.89,-6.276
2002-03-03 13:00:00,6.581,2.979,-2.893,-4.423
2002-03-03 14:00:00,7.323,4.416,-0.741,-5.582
2002-03-03 15:00:00,7.65,6.333,-0.876,-3.917
2002-03-03 16:00:00,7.441,5.12,-0.832,-3.874
2002-03-03 17:00:00,7.924,4.473,2.127,-5.991
2002-03-03 18:00:00,9.047,6.278,-0.085,-5.495
2002-03-03 19:00:00,9.211,5.97,-0.298,-6.803
2002-03-03 20:00:00,10.375,2.425,7.422,-6.306
2002-03-03 21:00:00,11.448,4.925,4.746,-6.826
2002-03-03 22:00:00,15.315,-7.558,12.252,4.946
2002-03-03 23:00:00,14.185,-6.425,10.746,4.504
2002-03-04 00:00:00,13.733,-7.215,9.741,3.419
2002-03-04 01:00:00,14.49,-8.494,8.126,5.162
2002-03-04 02:00:00,14.581,-8.742,5.495,9.367
2002-03-04 03:00:00,14.811,-9.449,5.311,9.638
2002-03-04 04:00:00,15.299,-9.828,6.156,9.356
2002-03-04 05:00:00,15.999,-9.685,6.908,9.564
2002-03-04 06:00:00,16.021,-6.902,7.266,8.657
2002-03-04 07:00:00,15.053,-8.114,8.614,4.939
2002-03-04 08:00:00,15.968,-7.398,11.688,4.918
2002-03-04 09:00:00,16.481,-8.889,12.109,4.362
2002-03-04 10:00:00,17.429,-10.845,11.925,5.836
2002-03-04 11:00:00,16.747,-11.2,8.866,6.468
2002-03-04 12:00:00,16.93,-10.554,5.201,10.583
2002-03-04 13:00:00,18.22,-12.237,7.944,9.237
2002-03-04 14:00:00,17.602,-10.433,10.596,7.095
2002-03-04 15:00:00,18.778,-7.87,8.121,5.674
2002-03-04 16:00:00,19.106,-12.665,3.36,12.937
2002-03-04 17:00:00,18.596,-8.596,9.314,10.399
2002-03-04 18:00:00,16.794,-12.955,8.294,2.67
2002-03-04 19:00:00,15.975,-9.948,8.569,1.352
2002-03-04 20:00:00,16.749,-12.358,4.479,8.955
2002-03-04 21:00:00,15.929,-11.31,6.338,8.47
2002-03-04 22:00:00,15.263,-9.853,4.913,8.622
2002-03-04 23:00:00,15.498,-10.43,8.256,4.578
2002-03-05 00:00:00,14.87,-7.476,10.098,0.954
2002-03-05 01:00:00,15.158,-9.134,8.247,2.217
2002-03-05 02:00:00,14.978,-8.572,9.835,-1.156
2002-03-05 03:00:00,11.616,-8.379,3.489,3.602
2002-03-05 04:00:00,10.728,-3.522,7.21,0.079
2002-03-05 05:00:00,9.75,-6.772,5.111,2.213
2002-03-05 06:00:00,9.095,-6.335,5.616,1.629
2002-03-05 07:00:00,9.537,-7.248,5.394,1.944
2002-03-05 08:00:00,8.53,-6.333,4.521,2.684
2002-03-05 09:00:00,7.577,-6.395,1.043,1.769
2002-03-05 10:00:00,7.717,-5.022,3.697,2.219
2002-03-05 11:00:00,7.89,-3.969,3.151,2.722
2002-03-05 12:00:00,7.858,-5.811,0.506,2.317
2002-03-05 13:00:00,7.785,-4.932,3.59,2.51
2002-03-05 14:00:00,7.576,-4.096,4.187,0.768
2002-03-05 15:00:00,8.044,-5.269,1.533,1.814
2002-03-05 16:00:00,7.723,-5.378,4.262,-0.611
2002-03-05 17:00:00,7.834,-6.428,3.477,-0.581
2002-03-05 18:00:00,8.332,-6.532,4.3,0.925
2002-03-05 19:00:00,8.543,-6.765,4.095,0.789
2002-03-05 20:00:00,8.499,-7.283,3.979,0.068
2002-03-05 21:00:00,8.156,-6.244,4.216,1.386
2002-03-05 22:00:00,7.304,-5.796,2.788,2.348
2002-03-05 23:00:00,7.272,-6.074,2.533,1.838
2002-03-06 00:00:00,6.73,-5.664,1.937,1.97
2002-03-06 01:00:00,6.679,-3.304,-1.333,3.421
2002-03-06 02:00:00,6.403,-2.215,-0.481,5.112
2002-03-06 03:00:00,6.313,-4.556,3.779,0.517
2002-03-06 04:00:00,6.807,-2.793,5.59,-1.65
2002-03-06 05:00:00,6.052,-3.125,3.365,0.533
2002-03-06 06:00:00,5.858,-1.822,2.539,2.979
2002-03-06 07:00:00,5.63,-2.179,2.538,2.524
2002-03-06 08:00:00,5.773,-5.165,-1.762,-0.964
2002-03-06 09:00:00,5.725,-4.283,1.883,0.144
2002-03-06 10:00:00,6.111,-2.503,4.106,-0.051
2002-03-06 11:00:00,6.208,-2.511,4.633,-0.299
2002-03-06 12:00:00,6.483,-3.546,4.307,-2.579
2002-03-06 13:00:00,5.977,-0.611,5.216,-1.288
2002-03-06 14:00:00,5.636,-2.367,3.964,1.086
2002-03-06 15:00:00,5.813,-3.981,3.833,0.721
2002-03-06 16:00:00,5.325,-2.689,-1.036,-3.698
2002-03-06 17:00:00,5.556,-3.656,1.71,-2.285
2002-03-06 18:00:00,4.982,-3.455,2.561,-0.393
2002-03-06 19:00:00,4.742,-2.242,2.525,0.945
2002-03-06 20:00:00,4.84,-1.572,3.516,1.641
2002-03-06 21:00:00,4.534,-3.489,0.915,0.859
2002-03-06 22:00:00,4.864,-3.922,1.26,0.942
2002-03-06 23:00:00,4.902,-3.606,-1.113,2.343
2002-03-07 00:00:00,4.761,-0.877,2.539,2.671
2002-03-07 01:00:00,5.087,0.407,4.294,1.243
2002-03-07 02:00:00,5.095,-1.386,1.547,4.211
2002-03-07 03:00:00,5.419,-0.459,-1.232,4.69
2002-03-07 04:00:00,5.103,-1.612,1.949,0.619
2002-03-07 05:00:00,3.689,-0.408,2.689,0.327
2002-03-07 06:00:00,4.106,-1.685,2.373,0.977
2002-03-07 07:00:00,4.572,0.107,2.986,2.324
2002-03-07 08:00:00,5.076,0.775,4.482,0.409
2002-03-07 09:00:00,4.086,-0.877,2.419,0.274
2002-03-07 10:00:00,3.79,-1.909,1.72,-1.983
2002-03-07 11:00:00,4.218,-1.972,1.86,-2.801
2002-03-07 12:00:00,4.216,-2.321,2.114,-0.608
2002-03-07 13:00:00,4.539,-0.76,-0.287,3.981
2002-03-07 14:00:00,4.675,-1.404,-0.866,3.967
2002-03-07 15:00:00,3.932,-1.072,0.73,2.899
2002-03-07 16:00:00,3.832,0.347,0.953,2.819
2002-03-07 17:00:00,3.704,-0.468,2.1,1.24
2002-03-07 18:00:00,3.638,-2.392,1.784,1.518
2002-03-07 19:00:00,4.259,-3.225,0.76,2.296
2002-03-07 20:00:00,4.574,-4.249,-0.101,-0.36
2002-03-07 21:00:00,4.32,-2.683,0.234,1.259
2002-03-07 22:00:00,4.001,1.364,1.18,2.509
2002-03-07 23:00:00,3.609,-1.971,2.244,0.411
2002-03-08 00:00:00,3.504,-1.046,1.698,2.107
2002-03-08 01:00:00,3.756,-2.27,2.03,1.674
2002-03-08 02:00:00,4.212,-3.07,2.349,0.809
2002-03-08 03:00:00,4.502,-2.006,3.253,0.712
2002-03-08 04:00:00,4.813,-2.534,2.899,0.228
2002-03-08 05:00:00,4.517,-3.063,1.408,-0.508
2002-03-08 06:00:00,4.51,-2.692,0.966,-2.267
2002-03-08 07:00:00,4.585,-3.469,-1.371,-2.046
2002-03-08 08:00:00,4.578,-3.725,1.846,-1.154
2002-03-08 09:00:00,4.47,-2.821,2.656,-0.543
2002-03-08 10:00:00,4.642,-1.706,3.897,1.447
2002-03-08 11:00:00,4.435,-3.603,1.536,0.765
2002-03-08 12:00:00,4.434,-4.052,0.848,1.177
2002-03-08 13:00:00,4.483,-1.444,3.146,2.191
2002-03-08 14:00:00,4.545,-1.391,3.775,1.445
2002-03-08 15:00:00,4.706,-1.454,3.864,1.466
2002-03-08 16:00:00,4.729,-1.097,3.679,1.462
2002-03-08 17:00:00,4.753,-0.552,3.144,2.737
2002-03-08 18:00:00,4.703,-1.578,2.8,2.511
2002-03-08 19:00:00,4.859,-1.377,2.156,3.905
2002-03-08 20:00:00,4.922,0.08,2.852,3.723
2002-03-08 21:00:00,4.971,0.356,3.142,3.387
2002-03-08 22:00:00,4.828,-4.548,0.859,1.176
2002-03-08 23:00:00,4.65,-3.436,1.807,1.223
2002-03-09 00:00:00,4.619,-2.813,3.292,1.159
2002-03-09 01:00:00,5.222,-2.436,3.027,3.37
2002-03-09 02:00:00,5.265,-1.964,2.879,3.701
2002-03-09 03:00:00,5.343,-2.37,3.037,3.424
2002-03-09 04:00:00,5.436,-0.672,3.24,3.643
2002-03-09 05:00:00,5.365,1.675,3.305,3.516
2002-03-09 06:00:00,5.284,-0.097,2.636,3.232
2002-03-09 07:00:00,5.317,-2.303,4.304,0.756
2002-03-09 08:00:00,5.199,-1.581,4.372,0.922
2002-03-09 09:00:00,5.609,-3.669,3.501,-1.329
2002-03-09 10:00:00,6.06,-3.512,4.421,-0.302
2002-03-09 11:00:00,5.932,-4.825,2.525,-2.011
2002-03-09 12:00:00,6.143,-4.811,0.785,-3.237
2002-03-09 13:00:00,6.165,-4.98,-0.595,-3.467
2002-03-09 14:00:00,6.257,-4.584,-1.67,-3.544
2002-03-09 15:00:00,6.314,-5.104,1.107,-3.249
2002-03-09 16:00:00,5.535,-0.987,3.768,1.49
2002-03-09 17:00:00,5.174,-0.633,4.44,1.189
2002-03-09 18:00:00,5.064,-0.873,4.015,0.339
2002-03-09 19:00:00,5.238,-1.243,3.703,3.17
2002-03-09 20:00:00,5.005,-2.1,2.658,1.771
2002-03-09 21:00:00,5.571,-2.323,0.711,3.811
2002-03-09 22:00:00,6.099,-1.512,2.564,4.838
2002-03-09 23:00:00,6.258,-0.717,3.399,4.302
2002-03-10 00:00:00,6.626,-1.322,3.207,5.212
2002-03-10 01:00:00,6.92,-1.884,2.703,5.412
2002-03-10 02:00:00,7.323,-2.416,3.937,2.825
2002-03-10 03:00:00,6.213,-1.011,-1.33,4.047
2002-03-10 04:00:00,6.311,1.276,-1.96,5.617
2002-03-10 05:00:00,5.836,-0.684,0.69,3.997
2002-03-10 06:00:00,6.006,-1.062,1.954,4.901
2002-03-10 07:00:00,5.723,-1.981,3.357,0.425
2002-03-10 08:00:00,5.922,-3.503,1.263,-3.04
2002-03-10 09:00:00,6.29,-2.853,1.338,-5.157
2002-03-10 10:00:00,5.894,-2.19,2.409,-3.931
2002-03-10 11:00:00,6.024,-2.575,1.982,-3.853
2002-03-10 12:00:00,5.818,-2.604,2.53,-2.193
2002-03-10 13:00:00,5.542,-0.06,1.397,2.225
2002-03-10 14:00:00,6.328,-2.351,2.809,3.955
2002-03-10 15:00:00,6.718,-2.212,2.873,5.585
2002-03-10 16:00:00,6.329,-3.255,2.503,2.596
2002-03-10 17:00:00,6.389,-2.415,3.654,4.071
2002-03-10 18:00:00,6.659,-3.117,4.423,1.379
2002-03-10 19:00:00,7.129,-4.789,3.423,2.746
2002-03-10 20:00:00,7.392,-4.735,4.337,-1.852
2002-03-10 21:00:00,7.257,-3.308,3.162,-4.585
2002-03-10 22:00:00,7.089,-3.387,2.326,-4.889
2002-03-10 23:00:00,6.973,-2.181,3.564,-4.818
2002-03-11 00:00:00,7.486,-5.195,2.409,2.193
2002-03-11 01:00:00,7.821,-5.084,3.442,3.838
2002-03-11 02:00:00,7.685,-3.327,2.254,-4.291
2002-03-11 03:00:00,7.689,-5.041,1.194,-4.942
2002-03-11 04:00:00,7.48,-7.022,-0.524,-1.738
2002-03-11 05:00:00,7.277,-6.717,-1.851,1.45
2002-03-11 06:00:00,6.814,-5.537,-1.45,0.565
2002-03-11 07:00:00,7.211,-5.315,-3.518,-1.681
2002-03-11 08:00:00,7.004,-4.816,2.908,-2.094
2002-03-11 09:00:00,6.58,-4.805,2.036,0.808
2002-03-11 10:00:00,6.396,-5.251,1.206,1.415
2002-03-11 11:00:00,6.934,-4.618,1.459,-3.629
2002-03-11 12:00:00,6.932,-3.724,3.539,-0.389
2002-03-11 13:00:00,7.097,-3.212,3.145,1.865
2002-03-11 14:00:00,7.675,-3.164,4.88,2.461
2002-03-11 15:00:00,8.032,-4.712,-3.497,2.107
2002-03-11 16:00:00,9.046,-3.104,1.018,0.445
2002-03-11 17:00:00,11.81,-7.468,2.823,4.937
2002-03-11 18:00:00,10.815,-8.996,1.14,3.108
2002-03-11 19:00:00,10.597,-9.864,-1.507,-0.74
2002-03-11 20:00:00,11.823,-9.169,-6.376,1.815
2002-03-11 21:00:00,11.592,-7.368,-2.986,7.387
2002-03-11 22:00:00,11.913,-7.505,7.143,4.47
2002-03-11 23:00:00,11.773,-4.383,8.505,2.079
2002-03-12 00:00:00,12.24,-6.254,8.257,6.156
2002-03-12 01:00:00,10.794,-3.718,8.512,5.072
2002-03-12 02:00:00,10.549,-5.539,6.198,4.426
2002-03-12 03:00:00,10.198,-8.219,4.155,3.578
2002-03-12 04:00:00,9.68,-7.766,2.085,3.892
2002-03-12 05:00:00,9.565,-5.437,4.066,3.073
2002-03-12 06:00:00,9.273,-5.549,4.945,0.604
2002-03-12 07:00:00,9.407,-6.849,3.02,-1.229
2002-03-12 08:00:00,8.668,-5.086,6.175,1.85
2002-03-12 09:00:00,8.066,-3.158,5.437,3.055
2002-03-12 10:00:00,7.866,-2.194,6.871,-1.182
2002-03-12 11:00:00,6.238,-1.464,2.804,1.922
2002-03-12 12:00:00,7.568,-5.405,2.638,0.332
2002-03-12 13:00:00,7.259,-4.953,4.158,-1.063
2002-03-12 14:00:00,5.861,-3.848,3.689,-1.223
2002-03-12 15:00:00,5.974,-3.846,2.191,-3.268
2002-03-12 16:00:00,6.296,-5.492,1.597,-0.999
2002-03-12 17:00:00,6.25,-2.957,2.116,2.936
2002-03-12 18:00:00,5.478,-4.006,1.134,0.533
2002-03-12 19:00:00,5.318,-3.713,-2.284,-1.887
2002-03-12 20:00:00,5.174,-3.535,-2.14,0.397
2002-03-12 21:00:00,5.208,-3.899,2.312,0.57
2002-03-12 22:00:00,5.349,-3.899,3.317,0.206
2002-03-12 23:00:00,5.42,-3.835,3.04,-1.131
2002-03-13 00:00:00,4.427,-2.438,1.414,1.919
2002-03-13 01:00:00,5.488,-2.94,0.01,3.808
2002-03-13 02:00:00,5.838,-2.962,4.393,2.079
2002-03-13 03:00:00,5.419,-3.387,3.365,1.628
2002-03-13 04:00:00,5.811,-4.594,2.987,-1.207
2002-03-13 05:00:00,5.52,-2.989,3.294,1.651
2002-03-13 06:00:00,5.745,-4.24,1.535,-1.163
2002-03-13 07:00:00,6.033,-4.557,-0.059,-2.313
2002-03-13 08:00:00,5.669,-0.937,3.755,2.57
2002-03-13 09:00:00,5.798,-0.244,4.911,0.998
2002-03-13 10:00:00,5.635,-1.521,4.203,1.665
2002-03-13 11:00:00,6.027,-0.716,4.201,-0.573
2002-03-13 12:00:00,6.404,-1.107,4.901,2.908
2002-03-13 13:00:00,6.368,-2.025,4.639,3.255
2002-03-13 14:00:00,6.613,-0.203,6.111,1.63
2002-03-13 15:00:00,6.562,-0.619,5.793,0.883
2002-03-13 16:00:00,6.1,0.048,5.463,0.503
2002-03-13 17:00:00,5.965,-1.3,4.973,2.162
2002-03-13 18:00:00,5.845,-3.199,3.073,2.607
2002-03-13 19:00:00,6.082,-2.887,3.602,2.795
2002-03-13 20:00:00,6.233,-3.114,3.964,2.302
2002-03-13 21:00:00,6.568,-2.501,4.511,3.717
2002-03-13 22:00:00,6.279,-3.474,4.184,2.32
2002-03-13 23:00:00,6.097,-5.478,1.368,1.728
2002-03-14 00:00:00,6.129,-3.108,2.802,3.572
2002-03-14 01:00:00,6.178,-2.796,4.541,2.286
2002-03-14 02:00:00,6.135,-3.577,3.856,2.196
2002-03-14 03:00:00,6.138,-1.347,3.384,4.79
2002-03-14 04:00:00,6.111,-3.239,2.746,3.896
2002-03-14 05:00:00,6.165,-3.998,3.94,1.706
2002-03-14 06:00:00,6.335,-3.013,4.093,3.212
2002-03-14 07:00:00,6.311,-3.186,4.663,2.395
2002-03-14 08:00:00,6.293,-5.06,3.185,1.383
2002-03-14 09:00:00,6.256,-4.879,3.578,1.036
2002-03-14 10:00:00,6.299,-5.705,2.536,-0.3
2002-03-14 11:00:00,6.467,-6.112,1.838,-0.276
2002-03-14 12:00:00,6.455,-6.074,1.674,-0.275
2002-03-14 13:00:00,6.458,-5.729,2.43,-0.202
2002-03-14 14:00:00,6.685,-6.153,2.377,-0.616
2002-03-14 15:00:00,6.607,-6.164,1.941,-1.22
2002-03-14 16:00:00,6.641,-6.269,1.672,-1.311
2002-03-14 17:00:00,6.675,-6.256,1.716,-1.394
2002-03-14 18:00:00,6.517,-6.24,1.696,-0.359
2002-03-14 19:00:00,6.575,-5.9,2.567,0.163
2002-03-14 20:00:00,6.489,-5.893,2.586,-0.174
2002-03-14 21:00:00,6.359,-5.955,1.975,-0.036
2002-03-14 22:00:00,6.407,-5.879,2.513,0.055
2002-03-14 23:00:00,6.021,-5.743,1.351,0.561
2002-03-15 00:00:00,5.74,-5.466,1.664,0.349
2002-03-15 01:00:00,5.774,-5.401,1.982,0.135
2002-03-15 02:00:00,5.649,-4.754,3.004,0.155
2002-03-15 03:00:00,5.246,-4.213,3.046,-0.207
2002-03-15 04:00:00,4.422,-3.329,2.839,-0.365
2002-03-15 05:00:00,3.59,-2.394,1.865,0.291
2002-03-15 06:00:00,4.228,2.708,-2.752,1.272
2002-03-15 07:00:00,5.368,1.998,-2.328,2.425
2002-03-15 08:00:00,7.247,-0.436,1.294,6.864
2002-03-15 09:00:00,7.341,-1.757,4.095,5.58
2002-03-15 10:00:00,6.871,-1.237,3.992,4.838
2002-03-15 11:00:00,6.448,-0.964,4.198,4.251
2002-03-15 12:00:00,6.08,-2.358,3.45,2.953
2002-03-15 13:00:00,5.81,-5.007,2.425,0.552
2002-03-15 14:00:00,5.485,-3.879,3.093,0.931
2002-03-15 15:00:00,5.052,-4.232,1.535,1.774
2002-03-15 16:00:00,4.441,-3.625,1.742,0.606
2002-03-15 17:00:00,4.064,-2.687,2.913,-0.225
2002-03-15 18:00:00,5.231,-2.826,2.875,-0.406
2002-03-15 19:00:00,7.451,-5.493,2.631,-0.069
2002-03-15 20:00:00,8.36,-5.827,2.322,0.384
2002-03-15 21:00:00,8.236,-6.144,-0.449,2.623
2002-03-15 22:00:00,7.563,-1.413,0.443,5.849
2002-03-15 23:00:00,7.701,-1.88,-0.022,6.456
2002-03-16 00:00:00,7.827,1.351,-1.797,7.322
2002-03-16 01:00:00,7.459,0.918,0.521,7.105
2002-03-16 02:00:00,7.794,-0.724,3.324,6.66
2002-03-16 03:00:00,8.164,-3.57,3.684,6.295
2002-03-16 04:00:00,7.748,-2.702,3.496,6.294
2002-03-16 05:00:00,8.15,-3.281,3.825,6.344
2002-03-16 06:00:00,7.81,-3.784,4.097,5.382
2002-03-16 07:00:00,6.737,-1.563,2.562,5.69
2002-03-16 08:00:00,6.374,-2.829,3.24,4.606
2002-03-16 09:00:00,5.424,-2.847,2.642,0.169
2002-03-16 10:00:00,4.232,-2.247,1.998,1.659
2002-03-16 11:00:00,5.055,-2.807,2.154,1.588
2002-03-16 12:00:00,5.435,-3.553,2.359,-3.203
2002-03-16 13:00:00,5.549,-3.327,1.977,-3.833
2002-03-16 14:00:00,5.677,-4.157,2.72,-2.703
2002-03-16 15:00:00,5.444,-3.62,3.503,-0.365
2002-03-16 16:00:00,5.436,-3.052,3.12,2.283
2002-03-16 17:00:00,5.45,-4.059,2.365,1.326
2002-03-16 18:00:00,5.721,-1.937,4.437,2.226
2002-03-16 19:00:00,5.692,-2.604,2.849,3.863
2002-03-16 20:00:00,5.348,-2.685,0.368,4.444
2002-03-16 21:00:00,5.212,-1.933,3.332,3.247
2002-03-16 22:00:00,4.97,-1.453,3.997,2.175
2002-03-16 23:00:00,4.82,-2.266,3.561,2.019
2002-03-17 00:00:00,4.61,-3.492,2.626,0.977
2002-03-17 01:00:00,4.481,-3.44,2.353,1.423
2002-03-17 02:00:00,4.392,-2.748,2.889,1.614
2002-03-17 03:00:00,4.338,-1.97,3.363,1.698
2002-03-17 04:00:00,4.232,-1.808,3.511,1.434
2002-03-17 05:00:00,4.011,-2.196,2.698,1.501
2002-03-17 06:00:00,3.478,-2.287,1.778,1.668
2002-03-17 07:00:00,3.513,-1.964,2.633,0.815
2002-03-17 08:00:00,3.789,-2.344,2.421,0.886
2002-03-17 09:00:00,4.451,-3.9,1.037,1.686
2002-03-17 10:00:00,4.854,-3.855,2.385,1.478
2002-03-17 11:00:00,5.03,-2.596,3.926,0.686
2002-03-17 12:00:00,5.298,-1.793,4.679,-0.723
2002-03-17 13:00:00,5.026,-3.254,3.576,-0.838
2002-03-17 14:00:00,5.276,-0.895,4.889,-1.381
2002-03-17 15:00:00,5.165,-0.195,4.864,-1.263
2002-03-17 16:00:00,5.63,0.323,4.99,-1.259
2002-03-17 17:00:00,5.896,0.722,5.496,1.451
2002-03-17 18:00:00,6.214,0.965,4.773,3.037
2002-03-17 19:00:00,6.244,0.898,2.929,5.296
2002-03-17 20:00:00,5.29,-0.177,-1.55,3.799
2002-03-17 21:00:00,4.473,-1.252,-3.717,-0.331
2002-03-17 22:00:00,5.76,-1.96,2.187,-3.716
2002-03-17 23:00:00,4.753,-0.482,3.311,-2.941
2002-03-18 00:00:00,5.045,-0.352,1.419,-2.773
2002-03-18 01:00:00,4.352,-2.39,2.562,0.816
2002-03-18 02:00:00,4.061,-1.088,-1.706,2.437
2002-03-18 03:00:00,3.939,-1.003,-0.957,1.309
2002-03-18 04:00:00,4.364,-1.283,-3.51,-1.176
2002-03-18 05:00:00,3.855,-2.409,-2.27,1.068
2002-03-18 06:00:00,4.137,-1.915,-1.411,-1.475
2002-03-18 07:00:00,4.908,-1.024,-2.676,-3.306
2002-03-18 08:00:00,4.662,-1.57,-3.107,-0.135
2002-03-18 09:00:00,4.473,0.915,-2.392,2.536
2002-03-18 10:00:00,4.083,-0.322,-1.442,0.826
2002-03-18 11:00:00,5.278,-2.937,-1.526,0.757
2002-03-18 12:00:00,8.136,-2.699,-0.464,0.85
2002-03-18 13:00:00,14.141,-6.793,0.294,10.038
2002-03-18 14:00:00,15.057,-6.387,2.493,11.215
2002-03-18 15:00:00,17.723,-6.515,0.856,12.225
2002-03-18 16:00:00,11.544,-3.027,-1.604,6.739
2002-03-18 17:00:00,7.817,-3.071,0.403,3.263
2002-03-18 18:00:00,11.833,1.926,-0.992,8.411
2002-03-18 19:00:00,8.327,1.437,1.611,4.502
2002-03-18 20:00:00,10.414,3.035,-5.744,5.512
2002-03-18 21:00:00,12.555,4.23,0.91,10.544
2002-03-18 22:00:00,10.665,-0.239,-1.993,9.283
2002-03-18 23:00:00,16.68,6.324,-9.377,-9.245
2002-03-19 00:00:00,13.492,-0.253,-2.641,-1.88
2002-03-19 01:00:00,10.292,-5.416,3.368,3.4
2002-03-19 02:00:00,18.656,8.75,2.621,-8.744
2002-03-19 03:00:00,15.122,8.92,8.004,-7.2
2002-03-19 04:00:00,16.131,8.7,-1.276,-4.061
2002-03-19 05:00:00,22.228,1.046,-21.713,3.697
2002-03-19 06:00:00,21.734,2.256,-21.197,3.927
2002-03-19 07:00:00,20.386,5.557,-18.541,6.214
2002-03-19 08:00:00,18.6,1.304,-14.984,9.849
2002-03-19 09:00:00,19.507,-2.816,-12.724,14.374
2002-03-19 10:00:00,17.54,1.51,-3.072,16.737
2002-03-19 11:00:00,15.738,0.672,-3.879,14.688
2002-03-19 12:00:00,14.414,-2.33,-5.522,12.408
2002-03-19 13:00:00,13.533,-0.333,-3.612,11.172
2002-03-19 14:00:00,12.739,3.82,-8.243,8.683
2002-03-19 15:00:00,13.913,5.328,-7.044,10.627
2002-03-19 16:00:00,14.619,7.085,-5.024,11.666
2002-03-19 17:00:00,15.13,8.381,-6.598,10.358
2002-03-19 18:00:00,14.873,6.02,-8.032,10.622
2002-03-19 19:00:00,11.275,0.529,-2.272,10.892
2002-03-19 20:00:00,7.689,1.629,-2.87,6.435
2002-03-19 21:00:00,8.914,5.846,-0.371,6.319
2002-03-19 22:00:00,11.066,5.362,-2.143,8.953
2002-03-19 23:00:00,13.879,5.602,1.271,12.58
2002-03-20 00:00:00,14.472,5.988,1.869,13.025
2002-03-20 01:00:00,14.987,6.029,2.998,13.361
2002-03-20 02:00:00,15.457,6.361,5.848,12.746
2002-03-20 03:00:00,15.155,6.463,7.381,11.526
2002-03-20 04:00:00,14.985,6.648,8.213,10.566
2002-03-20 05:00:00,15.01,6.579,9.267,9.769
2002-03-20 06:00:00,14.673,6.87,9.872,8.361
2002-03-20 07:00:00,14.474,6.277,10.743,7.358
2002-03-20 08:00:00,14.22,5.924,11.499,5.862
2002-03-20 09:00:00,13.613,5.457,11.635,3.797
2002-03-20 10:00:00,13.072,5.214,11.826,1.008
2002-03-20 11:00:00,12.739,6.049,11.046,0.35
2002-03-20 12:00:00,12.642,6.728,10.199,2.951
2002-03-20 13:00:00,19.73,5.421,18.712,1.664
2002-03-20 14:00:00,16.743,2.286,15.941,-2.488
2002-03-20 15:00:00,14.977,1.064,13.732,0.434
2002-03-20 16:00:00,17.249,8.27,7.796,10.016
2002-03-20 17:00:00,16.093,7.271,-0.645,13.471
2002-03-20 18:00:00,13.279,9.02,3.575,7.804
2002-03-20 19:00:00,12.426,6.411,4.128,8.863
2002-03-20 20:00:00,11.211,6.317,0.841,8.136
2002-03-20 21:00:00,8.94,4.882,1.293,6.751
2002-03-20 22:00:00,7.636,4.95,3.065,3.192
2002-03-20 23:00:00,7.052,5.012,3.531,1.953
2002-03-21 00:00:00,7.483,4.126,1.435,5.804
2002-03-21 01:00:00,6.164,4.498,1.597,1.741
2002-03-21 02:00:00,6.022,4.435,1.682,2.263
2002-03-21 03:00:00,5.933,4.474,-0.215,3.265
2002-03-21 04:00:00,5.428,4.096,0.11,2.614
2002-03-21 05:00:00,4.784,2.818,-2.015,2.237
2002-03-21 06:00:00,4.854,3.53,-2.442,-0.291
2002-03-21 07:00:00,5.156,4.293,-0.755,0.083
2002-03-21 08:00:00,5.4,0.828,-0.477,2.741
2002-03-21 09:00:00,5.694,0.207,0.534,5.482
2002-03-21 10:00:00,5.185,0.476,1.101,4.324
2002-03-21 11:00:00,5.763,-0.291,2.314,4.832
2002-03-21 12:00:00,6.523,1.323,5.521,2.96
2002-03-21 13:00:00,7.175,0.12,4.857,5.161
2002-03-21 14:00:00,6.654,1.831,-2.209,5.392
2002-03-21 15:00:00,6.303,-0.127,-1.375,5.557
2002-03-21 16:00:00,6.963,-0.605,-4.342,4.853
2002-03-21 17:00:00,7.844,-0.454,-7.321,2.711
2002-03-21 18:00:00,7.432,0.37,-7.223,1.193
2002-03-21 19:00:00,6.657,1.005,-6.252,1.787
2002-03-21 20:00:00,7.222,-0.996,-6.867,1.703
2002-03-21 21:00:00,6.69,-0.454,-6.28,1.294
2002-03-21 22:00:00,7.026,1.589,-6.663,0.001
2002-03-21 23:00:00,7.822,2.849,-6.936,0.066
2002-03-22 00:00:00,7.39,1.335,-6.354,1.059
2002-03-22 01:00:00,7.127,2.11,-5.27,-2.276
2002-03-22 02:00:00,7.588,1.954,-6.675,0.455
2002-03-22 03:00:00,10.762,1.642,-9.832,2.662
2002-03-22 04:00:00,11.548,2.659,-10.615,-1.813
2002-03-22 05:00:00,11.24,2.241,-10.012,-0.907
2002-03-22 06:00:00,11.236,2.75,-10.357,0.716
2002-03-22 07:00:00,10.046,3.15,-8.694,-3.307
2002-03-22 08:00:00,9.485,2.859,-8.031,-2.289
2002-03-22 09:00:00,8.869,1.826,-6.982,4.202
2002-03-22 10:00:00,8.587,1.702,-6.689,4.061
2002-03-22 11:00:00,7.625,2.339,-3.48,5.292
2002-03-22 12:00:00,6.795,2.071,0.63,6.09
2002-03-22 13:00:00,6.349,3.566,-2.734,3.927
2002-03-22 14:00:00,6.104,4.249,-2.384,3.193
2002-03-22 15:00:00,6.001,5.123,-2.087,1.973
2002-03-22 16:00:00,5.708,5.04,-1.57,2.075
2002-03-22 17:00:00,5.406,4.497,-1.964,1.943
2002-03-22 18:00:00,5.301,4.025,-2.321,2.383
2002-03-22 19:00:00,5.163,4.101,-2.361,1.878
2002-03-22 20:00:00,5.119,3.948,-2.806,1.565
2002-03-22 21:00:00,5.006,3.599,-2.573,2.261
2002-03-22 22:00:00,4.738,3.619,-1.455,2.559
2002-03-22 23:00:00,4.687,3.589,-1.919,2.278
2002-03-23 00:00:00,4.7,3.872,-1.159,2.35
2002-03-23 01:00:00,4.659,4.217,-0.974,1.617
2002-03-23 02:00:00,4.577,3.662,-1.274,2.395
2002-03-23 03:00:00,4.498,3.704,-0.993,2.276
2002-03-23 04:00:00,4.217,3.466,-1.122,1.869
2002-03-23 05:00:00,4.173,3.386,-1.824,1.302
2002-03-23 06:00:00,4.795,3.838,-2.34,0.971
2002-03-23 07:00:00,4.68,2.534,-2.294,2.507
2002-03-23 08:00:00,4.438,-0.22,-1.727,3.951
2002-03-23 09:00:00,4.148,-0.107,-1.413,2.049
2002-03-23 10:00:00,4.71,2.058,-3.082,1.114
2002-03-23 11:00:00,11.621,0.931,-10.685,-1.106
2002-03-23 12:00:00,9.545,4.447,-6.69,1.97
2002-03-23 13:00:00,9.946,5.072,-6.646,-0.081
2002-03-23 14:00:00,10.503,1.23,-9.03,-4.824
2002-03-23 15:00:00,10.071,4.379,-8.658,-1.728
2002-03-23 16:00:00,10.208,0.629,-8.463,-5.407
2002-03-23 17:00:00,11.566,2.941,-8.593,-2.829
2002-03-23 18:00:00,11.432,4.314,-9.846,-3.741
2002-03-23 19:00:00,10.809,3.645,-9.016,-4.605
2002-03-23 20:00:00,10.393,2.008,-7.666,-5.0
2002-03-23 21:00:00,10.243,-0.345,-8.369,-5.794
2002-03-23 22:00:00,9.897,-0.285,-7.193,-6.642
2002-03-23 23:00:00,9.967,0.347,-6.521,-7.323
2002-03-24 00:00:00,10.423,-2.158,-4.188,-8.711
2002-03-24 01:00:00,11.157,-2.53,-2.131,-10.019
2002-03-24 02:00:00,9.889,-0.485,-2.803,-7.134
2002-03-24 03:00:00,10.219,-2.396,-0.93,-9.421
2002-03-24 04:00:00,10.158,-0.559,-0.872,-9.655
2002-03-24 05:00:00,10.152,-0.367,-4.266,-8.226
2002-03-24 06:00:00,10.12,2.036,-5.087,-8.263
2002-03-24 07:00:00,9.53,0.21,-5.678,-7.094
2002-03-24 08:00:00,9.435,3.536,-6.804,-4.589
2002-03-24 09:00:00,10.553,2.579,-8.374,-5.046
2002-03-24 10:00:00,9.969,1.602,-8.136,-2.05
2002-03-24 11:00:00,11.107,0.607,-9.806,-3.064
2002-03-24 12:00:00,13.926,-1.942,-11.655,-7.002
2002-03-24 13:00:00,13.241,-0.561,-11.115,-6.875
2002-03-24 14:00:00,13.748,-0.295,-8.154,-10.634
2002-03-24 15:00:00,14.058,2.088,-12.922,-4.643
2002-03-24 16:00:00,14.233,2.555,-13.494,-3.311
2002-03-24 17:00:00,14.334,2.88,-13.407,-3.941
2002-03-24 18:00:00,14.865,3.166,-13.737,-4.629
2002-03-24 19:00:00,15.441,3.885,-14.234,-4.435
2002-03-24 20:00:00,16.139,6.306,-14.097,1.582
2002-03-24 21:00:00,15.98,7.002,-13.544,4.446
2002-03-24 22:00:00,15.855,5.12,-14.866,1.966
2002-03-24 23:00:00,15.654,5.15,-14.726,1.183
2002-03-25 00:00:00,15.55,6.541,-14.063,0.863
2002-03-25 01:00:00,20.005,8.953,-17.321,4.087
2002-03-25 02:00:00,19.85,8.42,-16.08,7.951
2002-03-25 03:00:00,19.43,9.7,-13.661,9.742
2002-03-25 04:00:00,18.76,8.495,-13.547,9.603
2002-03-25 05:00:00,18.023,4.791,-15.273,8.018
2002-03-25 06:00:00,16.499,5.836,-12.493,8.92
2002-03-25 07:00:00,16.201,5.898,-12.258,8.74
2002-03-25 08:00:00,15.651,5.3,-11.762,8.77
2002-03-25 09:00:00,15.023,5.083,-11.36,8.333
2002-03-25 10:00:00,14.374,4.935,-10.214,8.668
2002-03-25 11:00:00,15.062,5.543,-11.428,7.709
2002-03-25 12:00:00,15.489,5.075,-11.872,8.246
2002-03-25 13:00:00,15.569,6.12,-12.114,6.697
2002-03-25 14:00:00,14.741,4.896,-9.895,6.767
2002-03-25 15:00:00,15.86,6.223,-8.643,11.616
2002-03-25 16:00:00,15.245,6.225,-6.524,11.823
2002-03-25 17:00:00,13.948,5.448,-3.887,12.159
2002-03-25 18:00:00,13.391,3.966,-3.58,12.17
2002-03-25 19:00:00,12.889,3.116,-0.313,12.286
2002-03-25 20:00:00,10.447,0.869,5.428,7.797
2002-03-25 21:00:00,10.631,1.438,4.829,8.01
2002-03-25 22:00:00,10.722,4.063,3.875,8.523
2002-03-25 23:00:00,10.307,-0.611,3.638,6.17
2002-03-26 00:00:00,11.272,2.216,-4.852,9.344
2002-03-26 01:00:00,11.212,-0.658,-3.853,3.406
2002-03-26 02:00:00,12.256,1.243,7.572,6.295
2002-03-26 03:00:00,12.698,0.936,9.96,6.93
2002-03-26 04:00:00,13.418,-1.285,9.641,7.596
2002-03-26 05:00:00,12.381,-2.096,8.648,5.973
2002-03-26 06:00:00,9.42,0.719,5.834,5.237
2002-03-26 07:00:00,10.143,-2.007,7.966,-0.049
2002-03-26 08:00:00,10.246,-4.971,4.853,-2.261
2002-03-26 09:00:00,9.612,-4.077,5.702,1.758
2002-03-26 10:00:00,5.432,-1.915,0.634,-2.516
2002-03-26 11:00:00,4.978,-2.27,2.673,-0.893
2002-03-26 12:00:00,5.304,-2.142,3.707,2.483
2002-03-26 13:00:00,5.036,-2.24,3.066,0.147
2002-03-26 14:00:00,5.179,-3.245,2.83,2.142
2002-03-26 15:00:00,4.924,-2.705,2.478,1.219
2002-03-26 16:00:00,4.603,-2.72,0.984,2.636
2002-03-26 17:00:00,4.164,-2.57,2.13,-1.714
2002-03-26 18:00:00,4.046,-2.383,2.253,-1.407
2002-03-26 19:00:00,3.879,-2.601,1.602,-1.354
2002-03-26 20:00:00,3.412,-1.159,1.811,0.478
2002-03-26 21:00:00,3.458,-1.419,1.34,0.369
2002-03-26 22:00:00,3.395,-1.859,1.056,1.95
2002-03-26 23:00:00,3.618,-2.448,1.618,1.217
2002-03-27 00:00:00,3.299,-1.076,-0.203,1.857
2002-03-27 01:00:00,2.843,0.093,1.649,1.562
2002-03-27 02:00:00,3.032,2.053,0.758,1.843
2002-03-27 03:00:00,3.266,1.849,2.168,-0.037
2002-03-27 04:00:00,3.088,-1.668,1.05,1.17
2002-03-27 05:00:00,3.383,-2.563,0.627,-1.475
2002-03-27 06:00:00,3.694,-2.477,2.407,0.794
2002-03-27 07:00:00,3.503,-1.818,2.351,0.868
2002-03-27 08:00:00,3.239,-2.229,1.294,1.442
2002-03-27 09:00:00,3.454,-2.523,0.624,2.147
2002-03-27 10:00:00,3.292,-1.282,1.823,2.026
2002-03-27 11:00:00,3.149,0.688,1.376,1.772
2002-03-27 12:00:00,3.914,2.659,1.526,1.657
2002-03-27 13:00:00,3.858,-1.637,-0.579,2.028
2002-03-27 14:00:00,4.109,1.603,3.206,-0.129
2002-03-27 15:00:00,4.243,2.218,3.243,1.068
2002-03-27 16:00:00,3.81,1.073,2.287,1.885
2002-03-27 17:00:00,3.978,-1.969,2.204,1.221
2002-03-27 18:00:00,3.691,2.116,2.071,0.334
2002-03-27 19:00:00,3.316,2.08,1.611,1.203
2002-03-27 20:00:00,3.874,2.74,2.212,-0.904
2002-03-27 21:00:00,3.658,-0.299,0.074,2.686
2002-03-27 22:00:00,3.311,0.624,1.256,2.003
2002-03-27 23:00:00,3.601,0.693,1.927,2.429
2002-03-28 00:00:00,3.715,-2.822,1.935,-0.022
2002-03-28 01:00:00,3.338,0.869,2.433,0.31
2002-03-28 02:00:00,4.319,2.141,3.24,1.216
2002-03-28 03:00:00,4.894,0.769,3.057,2.563
2002-03-28 04:00:00,4.683,-2.075,1.891,3.471
2002-03-28 05:00:00,4.404,-1.459,0.602,3.831
2002-03-28 06:00:00,3.465,-1.455,1.082,2.338
2002-03-28 07:00:00,3.421,-0.779,2.697,1.335
2002-03-28 08:00:00,3.325,-0.67,2.696,0.509
2002-03-28 09:00:00,2.595,-0.925,1.9,-0.494
2002-03-28 10:00:00,3.428,1.841,2.781,0.334
2002-03-28 11:00:00,3.874,0.524,3.45,0.683
2002-03-28 12:00:00,3.801,-2.055,2.252,1.682
2002-03-28 13:00:00,3.915,-2.458,1.73,1.407
2002-03-28 14:00:00,3.783,0.195,2.244,0.635
2002-03-28 15:00:00,3.764,3.064,1.929,0.535
2002-03-28 16:00:00,3.569,2.256,2.043,1.104
2002-03-28 17:00:00,3.818,2.191,1.986,1.587
2002-03-28 18:00:00,4.258,-1.247,2.049,3.355
2002-03-28 19:00:00,4.084,0.88,2.65,2.477
2002-03-28 20:00:00,3.831,1.094,2.161,2.273
2002-03-28 21:00:00,3.838,0.215,1.806,2.947
2002-03-28 22:00:00,4.204,-2.306,0.235,2.698
2002-03-28 23:00:00,4.382,1.837,1.044,0.961
2002-03-29 00:00:00,4.902,4.517,1.227,1.172
2002-03-29 01:00:00,4.168,3.161,1.201,2.25
2002-03-29 02:00:00,3.203,-1.182,2.273,1.142
2002-03-29 03:00:00,3.371,-1.927,2.121,1.039
2002-03-29 04:00:00,3.148,-0.203,2.604,1.476
2002-03-29 05:00:00,3.176,-1.124,2.475,1.24
2002-03-29 06:00:00,3.395,-1.375,2.781,0.95
2002-03-29 07:00:00,3.565,-2.215,2.174,0.37
2002-03-29 08:00:00,3.83,-2.457,2.534,0.852
2002-03-29 09:00:00,3.534,-1.829,2.617,0.623
2002-03-29 10:00:00,3.584,-0.999,2.981,0.009
2002-03-29 11:00:00,3.309,-0.914,2.852,0.982
2002-03-29 12:00:00,3.5,-1.147,3.1,-0.717
2002-03-29 13:00:00,2.6,0.578,-0.986,0.673
2002-03-29 14:00:00,4.223,0.223,-2.788,1.467
2002-03-29 15:00:00,4.446,0.231,2.442,-1.361
2002-03-29 16:00:00,4.555,0.014,3.866,-1.535
2002-03-29 17:00:00,4.433,-0.185,2.639,0.773
2002-03-29 18:00:00,5.911,-1.727,3.989,3.347
2002-03-29 19:00:00,5.363,-2.439,1.804,4.245
2002-03-29 20:00:00,5.623,-2.953,0.47,4.697
2002-03-29 21:00:00,7.692,-3.197,1.642,6.447
2002-03-29 22:00:00,19.129,-6.908,-0.123,15.063
2002-03-29 23:00:00,20.722,-8.565,2.987,16.664
2002-03-30 00:00:00,17.923,-8.349,10.298,10.204
2002-03-30 01:00:00,17.408,-9.044,-1.647,12.816
2002-03-30 02:00:00,10.933,-1.823,2.521,-1.267
2002-03-30 03:00:00,12.736,-3.728,5.214,-4.478
2002-03-30 04:00:00,13.474,-7.749,3.338,6.715
2002-03-30 05:00:00,16.53,-10.733,-0.443,11.432
2002-03-30 06:00:00,18.52,-10.951,8.587,5.296
2002-03-30 07:00:00,17.805,-10.294,12.987,2.751
2002-03-30 08:00:00,15.988,-6.297,12.997,2.99
2002-03-30 09:00:00,12.635,-7.597,4.527,4.465
2002-03-30 10:00:00,11.052,-6.802,6.686,2.824
2002-03-30 11:00:00,9.206,-5.561,4.076,-2.43
2002-03-30 12:00:00,7.925,-5.391,3.849,0.15
2002-03-30 13:00:00,8.338,-5.584,4.725,-0.132
2002-03-30 14:00:00,7.555,-5.406,4.367,1.189
2002-03-30 15:00:00,7.06,-5.853,2.395,-2.508
2002-03-30 16:00:00,5.975,-3.73,-1.576,-3.363
2002-03-30 17:00:00,7.497,-6.474,-0.816,-2.309
2002-03-30 18:00:00,7.302,-6.431,-0.572,2.416
2002-03-30 19:00:00,8.09,-7.713,-0.55,-1.033
2002-03-30 20:00:00,9.52,-7.916,1.568,2.243
2002-03-30 21:00:00,8.542,-5.843,2.424,3.4
2002-03-30 22:00:00,9.129,-5.801,5.874,2.349
2002-03-30 23:00:00,10.332,-7.528,2.215,3.343
2002-03-31 00:00:00,13.08,-8.568,5.309,6.024
2002-03-31 01:00:00,11.07,-7.346,-5.062,5.408
2002-03-31 02:00:00,8.752,-4.047,4.326,2.151
2002-03-31 03:00:00,9.215,-4.401,4.937,4.287
2002-03-31 04:00:00,10.213,-5.686,4.184,5.68
2002-03-31 05:00:00,10.68,-6.698,5.205,1.81
2002-03-31 06:00:00,11.511,-7.11,6.023,1.961
2002-03-31 07:00:00,12.022,-8.738,0.563,5.526
2002-03-31 08:00:00,11.509,-9.394,1.374,3.949
2002-03-31 09:00:00,11.308,-7.737,5.576,3.82
2002-03-31 10:00:00,10.795,-6.857,4.394,3.213
2002-03-31 11:00:00,11.916,-7.707,3.771,5.844
2002-03-31 12:00:00,11.996,-7.817,7.999,2.358
2002-03-31 13:00:00,13.432,-9.71,8.649,2.654
2002-03-31 14:00:00,13.479,-6.187,9.952,3.501
2002-03-31 15:00:00,9.457,-7.272,2.952,2.276
2002-03-31 16:00:00,7.708,-5.874,1.83,2.283
2002-03-31 17:00:00,7.264,-5.484,2.088,2.218
2002-03-31 18:00:00,7.251,-5.681,2.261,0.75
2002-03-31 19:00:00,7.153,-3.547,-0.73,4.533
2002-03-31 20:00:00,6.811,-4.443,1.133,2.414
2002-03-31 21:00:00,6.461,-3.413,1.818,3.351
2002-03-31 22:00:00,6.751,-2.99,4.036,3.257
2002-03-31 23:00:00,6.892,-3.895,4.357,2.259
2002-04-01 00:00:00,7.351,-3.863,4.133,3.528
2002-04-01 01:00:00,6.869,-3.704,4.073,2.542
2002-04-01 02:00:00,5.987,-1.876,4.979,0.79
2002-04-01 03:00:00,5.16,-4.146,1.167,0.126
2002-04-01 04:00:00,5.418,-3.772,-0.711,-0.792
2002-04-01 05:00:00,5.598,0.716,-3.509,-2.468
2002-04-01 06:00:00,5.395,-2.447,-1.84,-3.13
2002-04-01 07:00:00,5.516,-2.548,1.373,3.51
2002-04-01 08:00:00,5.676,-3.914,3.646,1.011
2002-04-01 09:00:00,5.886,-3.134,4.49,0.171
2002-04-01 10:00:00,5.927,-3.868,3.939,0.98
2002-04-01 11:00:00,5.628,-4.05,2.349,2.401
2002-04-01 12:00:00,5.341,-2.532,2.191,3.265
2002-04-01 13:00:00,4.951,-2.899,2.332,0.317
2002-04-01 14:00:00,4.843,-4.305,1.201,0.198
2002-04-01 15:00:00,5.028,-3.433,2.545,0.042
2002-04-01 16:00:00,5.486,-2.783,3.451,1.052
2002-04-01 17:00:00,5.348,-3.794,2.135,-1.594
2002-04-01 18:00:00,5.646,-1.985,2.039,4.06
2002-04-01 19:00:00,5.527,-1.864,3.079,3.405
2002-04-01 20:00:00,5.2,-2.359,1.741,3.258
2002-04-01 21:00:00,5.179,-2.467,1.836,3.0
2002-04-01 22:00:00,5.241,-1.471,3.099,1.881
2002-04-01 23:00:00,5.137,-2.89,1.867,2.525
2002-04-02 00:00:00,5.195,-3.359,2.499,1.329
2002-04-02 01:00:00,5.005,-1.59,2.929,1.167
2002-04-02 02:00:00,4.56,-2.146,-1.142,0.131
2002-04-02 03:00:00,4.48,-2.932,1.314,1.115
2002-04-02 04:00:00,4.136,-0.848,0.965,-1.243
2002-04-02 05:00:00,4.374,0.13,0.794,-3.647
2002-04-02 06:00:00,4.659,-1.937,0.378,-2.212
2002-04-02 07:00:00,4.916,-2.638,2.886,1.786
2002-04-02 08:00:00,4.92,-1.513,0.657,-1.779
2002-04-02 09:00:00,4.728,-1.773,0.217,0.774
2002-04-02 10:00:00,4.764,-3.097,1.313,1.161
2002-04-02 11:00:00,4.749,-3.199,-0.499,2.629
2002-04-02 12:00:00,4.66,-2.32,-1.32,2.624
2002-04-02 13:00:00,4.76,-3.259,0.584,1.536
2002-04-02 14:00:00,4.819,-3.32,0.559,1.72
2002-04-02 15:00:00,4.994,-2.804,2.492,2.198
2002-04-02 16:00:00,5.005,-3.584,1.704,2.4
2002-04-02 17:00:00,4.862,-3.001,0.853,2.335
2002-04-02 18:00:00,4.871,-2.287,3.276,1.592
2002-04-02 19:00:00,4.711,-0.939,3.533,2.117
2002-04-02 20:00:00,4.782,-1.396,3.124,1.876
2002-04-02 21:00:00,4.34,-2.007,1.274,2.966
2002-04-02 22:00:00,3.869,-1.531,1.716,1.707
2002-04-02 23:00:00,3.904,-2.764,-0.193,0.091
2002-04-03 00:00:00,4.104,-3.648,-1.319,-0.172
2002-04-03 01:00:00,4.127,-3.886,-0.471,0.599
2002-04-03 02:00:00,4.108,-3.723,-1.051,-0.309
2002-04-03 03:00:00,3.952,-2.668,0.809,-1.937
2002-04-03 04:00:00,4.319,-3.108,0.044,-1.364
2002-04-03 05:00:00,4.079,-2.822,0.169,-0.486
2002-04-03 06:00:00,4.157,-3.788,-0.942,0.234
2002-04-03 07:00:00,4.057,-3.73,-0.698,-0.126
2002-04-03 08:00:00,4.019,-3.838,0.101,-0.639
2002-04-03 09:00:00,4.218,-3.872,-0.653,0.201
2002-04-03 10:00:00,4.235,-3.709,-1.372,-0.031
2002-04-03 11:00:00,4.159,-3.916,-0.265,0.528
2002-04-03 12:00:00,3.976,-3.652,1.167,-0.117
2002-04-03 13:00:00,3.754,-1.775,1.901,0.164
2002-04-03 14:00:00,3.373,1.857,1.273,1.935
2002-04-03 15:00:00,3.3,-1.664,1.818,0.045
2002-04-03 16:00:00,3.626,-3.226,0.948,-0.98
2002-04-03 17:00:00,3.67,-3.309,0.364,0.358
2002-04-03 18:00:00,2.988,-2.235,0.006,0.21
2002-04-03 19:00:00,3.083,-1.881,1.581,0.593
2002-04-03 20:00:00,3.619,-3.477,-0.544,-0.138
2002-04-03 21:00:00,4.016,-3.898,-0.071,0.175
2002-04-03 22:00:00,3.758,-3.147,0.792,0.666
2002-04-03 23:00:00,3.035,1.835,0.152,1.575
2002-04-04 00:00:00,2.918,-0.372,1.086,0.445
2002-04-04 01:00:00,3.14,-0.571,2.39,-0.253
2002-04-04 02:00:00,3.359,-2.821,0.01,0.981
2002-04-04 03:00:00,3.31,-1.491,2.081,-1.117
2002-04-04 04:00:00,3.433,-1.196,1.757,1.552
2002-04-04 05:00:00,3.493,-0.14,2.689,-0.634
2002-04-04 06:00:00,3.647,0.598,2.782,0.476
2002-04-04 07:00:00,3.581,0.256,2.562,0.59
2002-04-04 08:00:00,3.684,-1.729,0.901,-0.382
2002-04-04 09:00:00,4.092,-3.99,0.129,-0.576
2002-04-04 10:00:00,4.203,-4.022,-0.519,-1.032
2002-04-04 11:00:00,4.123,-3.489,-0.507,-1.735
2002-04-04 12:00:00,4.162,-3.913,0.698,-0.59
2002-04-04 13:00:00,4.251,-3.897,1.348,0.651
2002-04-04 14:00:00,4.058,-3.483,1.28,1.286
2002-04-04 15:00:00,3.835,-3.133,1.198,1.7
2002-04-04 16:00:00,3.775,-1.278,2.229,2.338
2002-04-04 17:00:00,3.716,-2.91,1.82,0.668
2002-04-04 18:00:00,3.987,-3.207,1.875,-0.708
2002-04-04 19:00:00,3.578,-2.215,2.319,-0.872
2002-04-04 20:00:00,3.666,-2.481,2.021,1.055
2002-04-04 21:00:00,3.304,-1.266,2.544,1.424
2002-04-04 22:00:00,3.349,-1.014,1.695,2.366
2002-04-04 23:00:00,3.593,-0.714,1.024,2.87
2002-04-05 00:00:00,3.718,0.569,0.85,2.276
2002-04-05 01:00:00,3.669,-1.737,2.744,-1.01
2002-04-05 02:00:00,3.696,-2.203,2.666,0.622
2002-04-05 03:00:00,4.492,-1.544,3.204,2.241
2002-04-05 04:00:00,5.181,-0.423,2.123,4.587
2002-04-05 05:00:00,5.421,0.136,1.784,4.99
2002-04-05 06:00:00,5.618,-0.03,1.058,5.421
2002-04-05 07:00:00,6.821,-0.706,1.853,6.389
2002-04-05 08:00:00,7.346,-0.701,2.751,6.563
2002-04-05 09:00:00,7.324,-4.882,0.262,4.963
2002-04-05 10:00:00,8.063,-1.75,4.948,5.637
2002-04-05 11:00:00,7.774,-1.907,7.063,0.706
2002-04-05 12:00:00,7.688,-3.198,4.714,3.746
2002-04-05 13:00:00,7.554,-1.278,3.819,5.932
2002-04-05 14:00:00,8.194,-1.983,6.152,4.79
2002-04-05 15:00:00,8.541,-4.769,6.305,2.916
2002-04-05 16:00:00,8.197,-4.333,6.562,1.957
2002-04-05 17:00:00,7.644,-2.993,6.71,0.371
2002-04-05 18:00:00,6.715,-1.58,4.953,1.251
2002-04-05 19:00:00,7.298,2.385,5.528,3.936
2002-04-05 20:00:00,7.256,3.824,5.003,3.426
2002-04-05 21:00:00,7.171,3.354,4.328,4.338
2002-04-05 22:00:00,7.173,0.981,0.352,6.878
2002-04-05 23:00:00,7.544,-0.359,2.107,6.914
2002-04-06 00:00:00,7.186,-2.013,5.086,4.413
2002-04-06 01:00:00,6.936,-4.838,2.883,-0.857
2002-04-06 02:00:00,6.715,-4.498,3.283,0.824
2002-04-06 03:00:00,6.784,0.095,4.723,4.636
2002-04-06 04:00:00,6.663,0.376,4.656,4.506
2002-04-06 05:00:00,6.426,-0.27,4.118,4.195
2002-04-06 06:00:00,6.022,0.918,5.15,2.512
2002-04-06 07:00:00,5.746,0.238,4.679,2.717
2002-04-06 08:00:00,4.971,-2.923,2.067,0.85
2002-04-06 09:00:00,6.254,-2.248,5.325,-1.931
2002-04-06 10:00:00,5.934,-2.408,5.322,0.072
2002-04-06 11:00:00,6.322,-2.918,5.167,0.728
2002-04-06 12:00:00,7.13,-2.426,3.785,4.888
2002-04-06 13:00:00,7.266,-3.341,4.74,3.653
2002-04-06 14:00:00,7.213,-3.815,5.569,-1.419
2002-04-06 15:00:00,6.832,-4.131,4.932,-1.536
2002-04-06 16:00:00,6.886,-5.036,3.976,1.374
2002-04-06 17:00:00,7.237,-4.647,4.852,-1.357
2002-04-06 18:00:00,7.382,-4.015,5.405,-0.37
2002-04-06 19:00:00,7.297,-2.767,6.539,-0.316
2002-04-06 20:00:00,7.473,-5.598,4.392,-0.957
2002-04-06 21:00:00,7.677,-3.536,6.234,0.883
2002-04-06 22:00:00,7.806,-4.307,5.753,2.009
2002-04-06 23:00:00,7.43,-4.601,4.686,-0.804
2002-04-07 00:00:00,7.928,-4.745,5.116,3.106
2002-04-07 01:00:00,7.549,-4.132,5.24,3.026
2002-04-07 02:00:00,7.312,-2.338,2.538,5.892
2002-04-07 03:00:00,8.077,0.945,-1.374,7.555
2002-04-07 04:00:00,8.259,2.089,-3.409,6.459
2002-04-07 05:00:00,8.677,1.914,-4.682,5.527
2002-04-07 06:00:00,8.037,-4.077,5.667,2.145
2002-04-07 07:00:00,6.783,-4.801,1.95,-1.097
2002-04-07 08:00:00,6.56,-1.366,4.698,1.972
2002-04-07 09:00:00,7.152,-3.199,4.903,0.602
2002-04-07 10:00:00,7.491,-4.961,2.132,-4.545
2002-04-07 11:00:00,6.634,-3.223,4.679,1.436
2002-04-07 12:00:00,5.967,-4.82,1.619,1.153
2002-04-07 13:00:00,5.9,-2.257,0.849,0.301
2002-04-07 14:00:00,5.521,-0.453,-0.344,3.484
2002-04-07 15:00:00,5.813,0.028,-0.165,5.391
2002-04-07 16:00:00,5.248,-4.506,1.541,1.431
2002-04-07 17:00:00,4.627,-2.584,0.387,3.14
2002-04-07 18:00:00,5.13,-3.109,1.903,3.351
2002-04-07 19:00:00,4.532,-2.822,1.095,3.097
2002-04-07 20:00:00,4.386,-0.854,-0.175,3.594
2002-04-07 21:00:00,4.179,-1.878,1.713,3.087
2002-04-07 22:00:00,4.539,0.773,2.874,2.962
2002-04-07 23:00:00,4.749,1.962,2.599,3.042
2002-04-08 00:00:00,4.068,-2.171,0.224,2.644
2002-04-08 01:00:00,4.186,-1.986,0.649,2.623
2002-04-08 02:00:00,4.173,-2.719,1.019,2.82
2002-04-08 03:00:00,3.668,-0.983,2.386,2.308
2002-04-08 04:00:00,3.968,-2.318,1.959,2.153
2002-04-08 05:00:00,4.112,-3.021,2.173,1.422
2002-04-08 06:00:00,3.814,-2.293,1.696,1.349
2002-04-08 07:00:00,3.984,-3.64,0.086,1.515
2002-04-08 08:00:00,3.986,-2.174,0.979,2.638
2002-04-08 09:00:00,4.251,-2.421,2.873,0.112
2002-04-08 10:00:00,3.966,-1.937,2.344,0.96
2002-04-08 11:00:00,4.511,-1.092,3.245,1.741
2002-04-08 12:00:00,4.552,-0.675,3.955,1.785
2002-04-08 13:00:00,4.692,0.456,3.714,1.905
2002-04-08 14:00:00,4.735,-2.315,3.859,0.922
2002-04-08 15:00:00,5.142,-0.401,4.847,0.892
2002-04-08 16:00:00,4.861,-0.306,4.213,1.554
2002-04-08 17:00:00,4.803,0.032,4.26,0.674
2002-04-08 18:00:00,4.857,0.568,4.167,1.854
2002-04-08 19:00:00,4.894,-1.662,3.301,0.97
2002-04-08 20:00:00,4.937,-0.959,4.022,0.666
2002-04-08 21:00:00,5.614,0.292,5.035,1.45
2002-04-08 22:00:00,5.713,-1.134,5.031,1.759
2002-04-08 23:00:00,5.578,-2.08,4.947,0.388
2002-04-09 00:00:00,5.004,-1.647,4.524,1.071
2002-04-09 01:00:00,5.382,-1.872,4.718,1.04
2002-04-09 02:00:00,5.512,-3.24,4.29,-0.755
2002-04-09 03:00:00,5.938,-3.863,4.37,-0.205
2002-04-09 04:00:00,6.088,-4.946,3.458,-0.119
2002-04-09 05:00:00,6.104,-5.087,3.342,-0.231
2002-04-09 06:00:00,5.34,2.327,3.509,1.667
2002-04-09 07:00:00,5.527,3.572,3.405,2.293
2002-04-09 08:00:00,5.477,3.751,3.474,1.771
2002-04-09 09:00:00,4.494,2.814,3.265,0.422
2002-04-09 10:00:00,4.777,0.762,3.918,0.975
2002-04-09 11:00:00,5.292,3.966,2.692,1.723
2002-04-09 12:00:00,5.06,1.091,3.229,3.054
2002-04-09 13:00:00,5.141,-0.728,4.673,0.413
2002-04-09 14:00:00,5.039,0.118,4.79,-0.349
2002-04-09 15:00:00,4.621,-1.385,3.559,1.939
2002-04-09 16:00:00,4.834,-2.812,3.019,2.453
2002-04-09 17:00:00,4.886,-3.193,2.149,2.747
2002-04-09 18:00:00,4.959,-2.646,2.582,3.135
2002-04-09 19:00:00,5.224,-2.332,3.449,1.211
2002-04-09 20:00:00,5.094,-2.237,4.147,1.406
2002-04-09 21:00:00,5.157,-0.756,2.671,4.22
2002-04-09 22:00:00,5.012,2.162,0.641,3.806
2002-04-09 23:00:00,5.304,2.817,0.305,4.429
2002-04-10 00:00:00,5.588,3.684,-1.796,3.607
2002-04-10 01:00:00,5.802,2.793,-2.629,3.921
2002-04-10 02:00:00,5.86,2.47,-1.194,4.688
2002-04-10 03:00:00,5.868,-0.512,3.302,3.235
2002-04-10 04:00:00,5.356,-0.102,3.597,0.515
2002-04-10 05:00:00,5.82,0.219,5.006,2.015
2002-04-10 06:00:00,5.038,-2.011,0.364,2.282
2002-04-10 07:00:00,5.764,-2.603,1.568,1.632
2002-04-10 08:00:00,6.638,-4.38,3.56,-1.868
2002-04-10 09:00:00,7.652,-2.294,4.705,-0.569
2002-04-10 10:00:00,8.504,-1.368,7.837,0.372
2002-04-10 11:00:00,8.723,-0.932,7.813,-0.79
2002-04-10 12:00:00,10.212,-4.785,8.665,-0.744
2002-04-10 13:00:00,11.406,-5.897,9.328,-2.008
2002-04-10 14:00:00,11.466,-3.471,9.764,-0.277
2002-04-10 15:00:00,12.639,-7.859,9.254,-2.594
2002-04-10 16:00:00,11.89,-8.111,8.572,-0.351
2002-04-10 17:00:00,11.04,-8.169,7.23,-1.116
2002-04-10 18:00:00,11.575,-8.239,7.836,-0.273
2002-04-10 19:00:00,10.403,-7.028,7.34,1.898
2002-04-10 20:00:00,11.05,-5.071,4.165,7.017
2002-04-10 21:00:00,12.454,-5.854,4.56,9.799
2002-04-10 22:00:00,13.301,-6.194,5.448,10.391
2002-04-10 23:00:00,12.935,-9.398,5.94,4.972
2002-04-11 00:00:00,11.072,-7.437,3.368,5.706
2002-04-11 01:00:00,10.534,0.228,-1.209,9.369
2002-04-11 02:00:00,8.574,-5.816,1.972,2.773
2002-04-11 03:00:00,9.39,-8.314,1.142,2.337
2002-04-11 04:00:00,9.423,-7.673,2.666,4.329
2002-04-11 05:00:00,10.213,-8.566,5.338,0.722
2002-04-11 06:00:00,10.119,-6.395,4.77,0.975
2002-04-11 07:00:00,8.934,-4.853,2.928,4.891
2002-04-11 08:00:00,8.392,-4.075,4.909,1.75
2002-04-11 09:00:00,10.013,-5.377,6.22,2.398
2002-04-11 10:00:00,10.98,-2.458,6.354,3.052
2002-04-11 11:00:00,8.56,-1.96,6.262,-1.073
2002-04-11 12:00:00,8.445,0.857,5.515,1.577
2002-04-11 13:00:00,7.92,1.33,6.171,1.037
2002-04-11 14:00:00,9.84,-1.456,8.316,-1.727
2002-04-11 15:00:00,10.237,-0.109,8.49,3.374
2002-04-11 16:00:00,10.311,-2.518,7.038,5.693
2002-04-11 17:00:00,10.81,0.186,6.282,7.225
2002-04-11 18:00:00,10.985,1.159,6.771,7.73
2002-04-11 19:00:00,11.44,1.162,9.318,5.571
2002-04-11 20:00:00,10.801,2.601,7.606,1.565
2002-04-11 21:00:00,10.467,8.298,2.413,5.703
2002-04-11 22:00:00,9.159,1.667,0.635,1.048
2002-04-11 23:00:00,8.938,1.883,-3.444,-2.705
2002-04-12 00:00:00,10.043,6.56,0.968,6.007
2002-04-12 01:00:00,10.712,8.316,-4.242,5.136
2002-04-12 02:00:00,10.576,8.091,-4.292,5.173
2002-04-12 03:00:00,10.952,8.203,-4.88,5.28
2002-04-12 04:00:00,10.122,7.411,-5.968,2.639
2002-04-12 05:00:00,10.419,8.05,-3.856,5.168
2002-04-12 06:00:00,10.061,7.926,-2.023,5.438
2002-04-12 07:00:00,9.991,8.699,0.171,4.631
2002-04-12 08:00:00,9.337,6.229,5.953,2.667
2002-04-12 09:00:00,8.871,7.356,3.735,2.573
2002-04-12 10:00:00,8.294,7.877,2.1,0.552
2002-04-12 11:00:00,8.516,7.588,3.419,-0.279
2002-04-12 12:00:00,9.355,6.399,4.048,-4.184
2002-04-12 13:00:00,9.761,4.082,7.076,0.412
2002-04-12 14:00:00,9.165,5.457,7.017,1.623
2002-04-12 15:00:00,8.476,5.096,6.736,0.185
2002-04-12 16:00:00,7.458,4.507,5.398,0.789
2002-04-12 17:00:00,7.074,4.753,4.558,0.798
2002-04-12 18:00:00,6.177,3.099,4.836,0.844
2002-04-12 19:00:00,6.764,4.138,4.821,1.719
2002-04-12 20:00:00,6.11,4.052,2.318,2.53
2002-04-12 21:00:00,6.392,4.863,1.574,1.965
2002-04-12 22:00:00,5.884,-2.038,3.942,0.246
2002-04-12 23:00:00,6.273,-4.277,3.775,-2.491
2002-04-13 00:00:00,6.339,-3.163,4.326,-2.973
2002-04-13 01:00:00,7.177,-2.739,6.36,-1.481
2002-04-13 02:00:00,7.702,-2.344,6.843,-2.2
2002-04-13 03:00:00,8.456,-3.726,7.3,-1.425
2002-04-13 04:00:00,8.625,-3.078,7.769,-1.587
2002-04-13 05:00:00,8.692,-2.123,8.063,-2.097
2002-04-13 06:00:00,8.438,-2.443,7.484,-2.52
2002-04-13 07:00:00,7.677,-2.024,6.045,-3.699
2002-04-13 08:00:00,7.088,-1.895,5.495,-2.751
2002-04-13 09:00:00,7.602,-4.899,5.495,-0.139
2002-04-13 10:00:00,7.496,-3.442,4.91,-3.449
2002-04-13 11:00:00,8.469,-0.651,3.188,-7.411
2002-04-13 12:00:00,7.795,2.52,1.433,-6.879
2002-04-13 13:00:00,7.649,4.882,-0.024,-4.672
2002-04-13 14:00:00,7.705,6.229,-3.894,-0.934
2002-04-13 15:00:00,8.061,6.173,-5.119,0.276
2002-04-13 16:00:00,7.925,5.274,-5.533,-0.393
2002-04-13 17:00:00,4.785,2.807,-3.188,-0.815
2002-04-13 18:00:00,2.97,-2.257,1.627,-0.223
2002-04-13 19:00:00,3.225,0.449,0.048,-1.125
2002-04-13 20:00:00,8.271,5.92,-2.641,-2.857
2002-04-13 21:00:00,7.152,3.587,-4.485,-1.608
2002-04-13 22:00:00,6.522,1.474,-4.465,0.193
2002-04-13 23:00:00,5.325,2.822,-3.936,-1.043
2002-04-14 00:00:00,5.489,1.958,-2.86,4.014
2002-04-14 01:00:00,4.419,1.644,-0.736,1.212
2002-04-14 02:00:00,4.54,3.775,-0.525,1.659
2002-04-14 03:00:00,5.729,3.349,-4.523,0.334
2002-04-14 04:00:00,5.289,2.364,-4.534,-1.064
2002-04-14 05:00:00,5.373,3.536,-3.996,-0.022
2002-04-14 06:00:00,5.263,4.266,-2.826,-0.729
2002-04-14 07:00:00,5.195,4.527,-2.113,-1.392
2002-04-14 08:00:00,5.437,4.682,-1.932,-1.89
2002-04-14 09:00:00,4.244,0.356,-0.22,0.31
2002-04-14 10:00:00,3.79,1.818,-0.795,-1.55
2002-04-14 11:00:00,4.414,2.531,-1.056,-2.851
2002-04-14 12:00:00,7.709,3.724,-0.743,-5.838
2002-04-14 13:00:00,7.581,2.635,1.091,-3.763
2002-04-14 14:00:00,8.579,-5.639,3.531,3.334
2002-04-14 15:00:00,9.232,-6.938,3.961,3.745
2002-04-14 16:00:00,9.417,-6.388,4.603,4.685
2002-04-14 17:00:00,10.583,-6.013,4.893,7.104
2002-04-14 18:00:00,9.808,-5.526,0.472,7.918
2002-04-14 19:00:00,9.507,-5.759,-1.24,7.092
2002-04-14 20:00:00,9.97,-7.683,1.378,6.026
2002-04-14 21:00:00,10.095,-9.374,0.878,2.533
2002-04-14 22:00:00,10.466,-8.538,-0.703,5.661
2002-04-14 23:00:00,10.893,-6.516,-3.298,7.578
2002-04-15 00:00:00,10.874,-6.666,-1.921,7.931
2002-04-15 01:00:00,10.578,-9.228,-0.456,4.751
2002-04-15 02:00:00,9.725,-7.145,3.828,4.489
2002-04-15 03:00:00,8.284,-5.798,0.014,5.028
2002-04-15 04:00:00,8.883,-4.535,-3.181,6.521
2002-04-15 05:00:00,7.626,-5.763,-3.919,1.87
2002-04-15 06:00:00,8.358,-7.418,-2.795,2.204
2002-04-15 07:00:00,8.276,-7.372,-2.477,2.372
2002-04-15 08:00:00,8.367,-7.768,-0.297,1.589
2002-04-15 09:00:00,8.295,-7.932,-1.575,1.428
2002-04-15 10:00:00,8.571,-8.117,-0.237,-2.023
2002-04-15 11:00:00,9.002,-8.187,0.799,-3.223
2002-04-15 12:00:00,8.943,-7.098,2.002,-5.015
2002-04-15 13:00:00,8.79,-6.069,4.967,-3.74
2002-04-15 14:00:00,9.135,-7.05,4.277,-3.643
2002-04-15 15:00:00,9.149,-7.39,1.382,-4.48
2002-04-15 16:00:00,8.867,-6.087,2.742,-5.736
2002-04-15 17:00:00,8.896,-7.809,0.932,-3.148
2002-04-15 18:00:00,7.531,-5.947,-1.871,-1.496
2002-04-15 19:00:00,7.796,-6.871,-1.503,-2.908
2002-04-15 20:00:00,7.731,-6.475,2.598,-1.762
2002-04-15 21:00:00,7.542,-5.626,3.893,-0.386
2002-04-15 22:00:00,7.682,-6.196,3.21,-2.466
2002-04-15 23:00:00,7.868,-5.169,4.202,-3.455
2002-04-16 00:00:00,8.195,-5.003,5.044,-3.33
2002-04-16 01:00:00,8.251,-6.683,2.792,-3.756
2002-04-16 02:00:00,7.832,-3.774,6.432,-0.849
2002-04-16 03:00:00,8.357,-5.062,5.805,-2.844
2002-04-16 04:00:00,7.761,-4.978,4.728,-2.624
2002-04-16 05:00:00,4.326,-1.52,2.564,1.017
2002-04-16 06:00:00,3.147,1.608,0.38,2.371
2002-04-16 07:00:00,6.215,4.016,0.442,4.449
2002-04-16 08:00:00,6.237,3.367,-0.207,4.033
2002-04-16 09:00:00,6.681,4.118,-2.964,3.775
2002-04-16 10:00:00,6.504,4.578,-2.891,3.522
2002-04-16 11:00:00,6.115,4.497,-3.537,1.949
2002-04-16 12:00:00,6.162,3.069,-4.761,1.648
2002-04-16 13:00:00,6.125,3.517,-4.678,0.814
2002-04-16 14:00:00,6.107,4.053,-2.87,2.663
2002-04-16 15:00:00,5.687,4.281,-3.139,0.226
2002-04-16 16:00:00,5.155,2.973,-3.769,-1.443
2002-04-16 17:00:00,5.608,1.003,-4.94,-1.623
2002-04-16 18:00:00,6.184,0.601,-4.925,-3.374
2002-04-16 19:00:00,6.317,0.348,0.053,-4.478
2002-04-16 20:00:00,6.17,0.445,4.417,-3.704
2002-04-16 21:00:00,6.477,-0.034,2.385,-5.415
2002-04-16 22:00:00,6.601,2.36,-1.788,-3.842
2002-04-16 23:00:00,6.645,3.989,-0.285,-4.8
2002-04-17 00:00:00,6.595,3.937,-4.017,-2.169
2002-04-17 01:00:00,7.6,5.455,-4.291,-2.028
2002-04-17 02:00:00,7.557,5.281,-3.039,-2.981
2002-04-17 03:00:00,7.935,3.685,-3.553,-5.728
2002-04-17 04:00:00,8.544,4.958,-6.443,1.519
2002-04-17 05:00:00,7.97,6.127,-3.654,1.992
2002-04-17 06:00:00,7.477,2.67,-3.082,-1.333
2002-04-17 07:00:00,9.791,-3.354,3.608,-8.247
2002-04-17 08:00:00,9.7,0.381,-1.038,-9.303
2002-04-17 09:00:00,10.175,1.244,-3.453,-8.31
2002-04-17 10:00:00,19.665,-0.681,-11.024,-0.34
2002-04-17 11:00:00,30.02,0.688,-24.285,-12.731
2002-04-17 12:00:00,27.879,9.555,-21.041,10.616
2002-04-17 13:00:00,25.838,3.653,-21.984,-8.601
2002-04-17 14:00:00,26.741,-4.088,-13.774,-19.035
2002-04-17 15:00:00,25.32,-3.658,18.703,-11.187
2002-04-17 16:00:00,15.748,5.784,12.253,-0.901
2002-04-17 17:00:00,23.619,6.186,19.231,-7.189
2002-04-17 18:00:00,14.919,0.425,11.238,-2.486
2002-04-17 19:00:00,14.225,-7.427,11.868,1.179
2002-04-17 20:00:00,13.945,-10.753,8.157,2.387
2002-04-17 21:00:00,14.527,-13.68,4.11,1.791
2002-04-17 22:00:00,12.496,-11.241,5.098,0.062
2002-04-17 23:00:00,12.135,-6.751,7.546,-0.568
2002-04-18 00:00:00,11.533,-7.325,-4.338,-7.203
2002-04-18 01:00:00,13.1,-6.348,0.148,-11.392
2002-04-18 02:00:00,12.7,-5.907,-1.622,-11.07
2002-04-18 03:00:00,12.868,-1.614,2.254,-12.406
2002-04-18 04:00:00,13.697,-2.899,-2.023,-13.136
2002-04-18 05:00:00,13.891,-3.379,-4.485,-12.652
2002-04-18 06:00:00,14.046,-2.702,-5.926,-12.385
2002-04-18 07:00:00,14.337,-2.995,-7.631,-11.734
2002-04-18 08:00:00,13.958,-1.314,-6.778,-11.691
2002-04-18 09:00:00,13.472,0.363,-6.3,-11.553
2002-04-18 10:00:00,13.444,-1.756,-10.058,-8.65
2002-04-18 11:00:00,13.246,-2.332,-9.734,-8.441
2002-04-18 12:00:00,13.201,-1.218,-10.808,-7.295
2002-04-18 13:00:00,13.057,0.803,-10.965,-6.988
2002-04-18 14:00:00,12.693,2.269,-9.501,-7.954
2002-04-18 15:00:00,12.521,2.482,-8.614,-8.728
2002-04-18 16:00:00,12.461,2.695,-7.002,-9.804
2002-04-18 17:00:00,12.477,2.929,-8.515,-8.39
2002-04-18 18:00:00,12.198,2.24,-9.884,-6.772
2002-04-18 19:00:00,12.022,2.243,-9.881,-6.418
2002-04-18 20:00:00,11.815,1.644,-9.91,-6.212
2002-04-18 21:00:00,11.412,2.052,-9.759,-5.485
2002-04-18 22:00:00,10.394,3.622,-8.289,-5.074
2002-04-18 23:00:00,11.255,0.839,-10.289,-3.956
2002-04-19 00:00:00,10.575,0.414,-10.088,-3.068
2002-04-19 01:00:00,10.119,-0.871,-9.969,-1.075
2002-04-19 02:00:00,8.985,0.733,-8.174,-2.473
2002-04-19 03:00:00,10.08,-0.507,-9.808,-1.597
2002-04-19 04:00:00,9.839,-1.161,-9.466,-1.496
2002-04-19 05:00:00,9.745,-1.423,-9.507,-0.486
2002-04-19 06:00:00,9.521,-1.769,-9.183,0.29
2002-04-19 07:00:00,9.453,0.319,-9.221,0.072
2002-04-19 08:00:00,21.538,2.129,-20.644,-2.158
2002-04-19 09:00:00,20.883,6.509,-16.493,-3.22
2002-04-19 10:00:00,21.11,15.641,-10.903,-2.663
2002-04-19 11:00:00,15.815,4.365,-8.008,-8.458
2002-04-19 12:00:00,10.312,-0.527,1.567,-3.776
2002-04-19 13:00:00,10.542,7.796,-0.345,-3.149
2002-04-19 14:00:00,13.522,5.653,-3.047,-9.924
2002-04-19 15:00:00,14.795,1.521,-3.189,-12.826
2002-04-19 16:00:00,15.245,8.352,-4.03,-11.407
2002-04-19 17:00:00,13.979,6.968,2.111,-11.298
2002-04-19 18:00:00,12.455,8.038,-2.289,-7.015
2002-04-19 19:00:00,11.341,6.861,-7.278,-3.044
2002-04-19 20:00:00,10.799,8.064,-2.641,-2.603
2002-04-19 21:00:00,9.85,5.044,3.573,-3.262
2002-04-19 22:00:00,10.153,5.488,1.958,-1.787
2002-04-19 23:00:00,14.017,-2.043,6.938,9.443
2002-04-20 00:00:00,19.234,3.382,-7.075,-11.111
2002-04-20 01:00:00,19.469,5.038,-16.031,-7.778
2002-04-20 02:00:00,18.786,4.704,-6.771,-12.505
2002-04-20 03:00:00,15.157,-1.221,8.484,-10.854
2002-04-20 04:00:00,11.145,-1.498,5.874,-8.19
2002-04-20 05:00:00,8.346,-4.548,3.433,-5.429
2002-04-20 06:00:00,8.439,-5.71,2.531,-5.366
2002-04-20 07:00:00,8.413,-7.253,2.12,-2.98
2002-04-20 08:00:00,8.456,-8.051,1.89,-1.637
2002-04-20 09:00:00,7.782,-6.169,3.56,-2.931
2002-04-20 10:00:00,8.377,-5.953,4.713,-3.436
2002-04-20 11:00:00,8.202,-6.593,3.867,-2.643
2002-04-20 12:00:00,8.097,-2.552,4.302,-5.776
2002-04-20 13:00:00,8.46,1.979,3.562,-7.359
2002-04-20 14:00:00,8.485,0.973,4.253,-7.137
2002-04-20 15:00:00,8.067,-1.42,4.772,-6.268
2002-04-20 16:00:00,7.951,-2.071,5.334,-5.186
2002-04-20 17:00:00,7.922,-3.33,6.353,-3.271
2002-04-20 18:00:00,6.998,-3.02,5.502,-2.758
2002-04-20 19:00:00,7.667,-3.808,5.689,-3.176
2002-04-20 20:00:00,7.977,-4.843,5.969,-0.657
2002-04-20 21:00:00,7.802,-5.292,5.487,1.284
2002-04-20 22:00:00,7.691,-5.676,5.045,0.959
2002-04-20 23:00:00,7.684,-5.878,3.507,3.213
2002-04-21 00:00:00,7.554,-5.029,4.285,3.601
2002-04-21 01:00:00,7.176,-4.604,5.252,-0.493
2002-04-21 02:00:00,6.914,-5.158,3.878,2.293
2002-04-21 03:00:00,6.517,-5.031,3.568,1.984
2002-04-21 04:00:00,6.109,-4.549,3.644,1.633
2002-04-21 05:00:00,6.124,-4.344,3.959,1.523
2002-04-21 06:00:00,5.934,-3.938,4.024,1.793
2002-04-21 07:00:00,5.506,-3.241,4.234,1.185
2002-04-21 08:00:00,5.464,-2.898,4.339,1.513
2002-04-21 09:00:00,5.781,-3.186,4.253,2.069
2002-04-21 10:00:00,6.253,-3.461,4.666,2.171
2002-04-21 11:00:00,6.387,-2.613,4.62,3.371
2002-04-21 12:00:00,6.241,-3.672,4.547,1.955
2002-04-21 13:00:00,6.019,-3.925,3.825,2.076
2002-04-21 14:00:00,5.409,-3.124,3.297,2.688
2002-04-21 15:00:00,5.761,-2.065,1.804,3.926
2002-04-21 16:00:00,6.222,2.154,-1.57,5.208
2002-04-21 17:00:00,6.329,-1.26,2.003,3.641
2002-04-21 18:00:00,7.023,-4.944,4.601,1.335
2002-04-21 19:00:00,6.978,-4.335,4.853,0.125
2002-04-21 20:00:00,7.046,-3.334,5.684,0.437
2002-04-21 21:00:00,5.645,-2.569,4.025,0.219
2002-04-21 22:00:00,5.271,-1.954,2.955,-3.383
2002-04-21 23:00:00,5.139,-2.789,3.773,-0.805
2002-04-22 00:00:00,5.643,-3.413,1.287,-3.984
2002-04-22 01:00:00,5.364,-3.234,0.83,-3.924
2002-04-22 02:00:00,5.751,-2.777,-0.582,-4.836
2002-04-22 03:00:00,5.282,-3.097,1.991,-2.102
2002-04-22 04:00:00,5.259,-2.785,2.062,-2.415
2002-04-22 05:00:00,5.109,-2.85,1.835,-1.195
2002-04-22 06:00:00,5.335,-3.495,1.933,2.828
2002-04-22 07:00:00,5.435,-3.587,2.539,2.075
2002-04-22 08:00:00,5.245,-3.245,2.274,-2.222
2002-04-22 09:00:00,5.447,-3.695,1.226,-1.908
2002-04-22 10:00:00,5.463,-2.951,3.56,1.149
2002-04-22 11:00:00,5.665,-0.908,4.543,1.903
2002-04-22 12:00:00,5.5,-2.295,3.888,2.3
2002-04-22 13:00:00,5.67,-2.714,1.51,0.242
2002-04-22 14:00:00,6.035,-3.806,1.338,-3.355
2002-04-22 15:00:00,5.736,-2.757,0.87,-2.847
2002-04-22 16:00:00,6.083,-1.633,5.211,0.768
2002-04-22 17:00:00,5.984,-1.396,4.014,2.817
2002-04-22 18:00:00,5.749,-1.677,4.124,2.121
2002-04-22 19:00:00,5.848,-1.539,3.432,2.734
2002-04-22 20:00:00,5.949,-4.109,3.851,0.502
2002-04-22 21:00:00,6.138,-1.815,3.866,3.083
2002-04-22 22:00:00,6.291,-1.971,2.582,4.449
2002-04-22 23:00:00,6.286,-3.327,1.743,4.622
2002-04-23 00:00:00,6.269,-3.07,2.757,3.349
2002-04-23 01:00:00,6.322,-2.326,4.706,2.619
2002-04-23 02:00:00,6.324,-3.958,3.86,1.614
2002-04-23 03:00:00,6.467,-2.454,4.256,1.169
2002-04-23 04:00:00,13.459,-2.978,7.382,-0.078
2002-04-23 05:00:00,14.211,-1.542,2.499,5.097
2002-04-23 06:00:00,11.714,-3.74,2.168,-4.258
2002-04-23 07:00:00,12.825,0.975,4.299,3.102
2002-04-23 08:00:00,15.094,-0.964,0.884,12.077
2002-04-23 09:00:00,12.937,-9.056,4.965,2.551
2002-04-23 10:00:00,11.266,-8.268,6.142,1.981
2002-04-23 11:00:00,9.83,-8.192,4.588,-1.31
2002-04-23 12:00:00,7.401,-6.443,2.335,-0.108
2002-04-23 13:00:00,6.941,-1.797,1.168,-1.627
2002-04-23 14:00:00,8.069,-2.807,1.213,-5.587
2002-04-23 15:00:00,6.951,-4.97,0.978,-0.74
2002-04-23 16:00:00,6.759,-0.865,1.422,3.656
2002-04-23 17:00:00,6.737,-2.097,-0.2,4.484
2002-04-23 18:00:00,6.255,-0.381,-1.817,1.542
2002-04-23 19:00:00,6.802,-0.215,-6.483,-0.511
2002-04-23 20:00:00,5.993,-1.09,-5.247,-0.429
2002-04-23 21:00:00,6.574,-0.633,-5.665,-1.09
2002-04-23 22:00:00,5.761,-3.072,-3.744,-0.603
2002-04-23 23:00:00,5.978,-5.364,-0.117,-1.287
2002-04-24 00:00:00,5.743,-4.146,2.049,0.721
2002-04-24 01:00:00,6.694,0.989,-4.236,4.024
2002-04-24 02:00:00,6.578,0.701,-0.091,4.845
2002-04-24 03:00:00,6.473,-1.378,-0.251,4.195
2002-04-24 04:00:00,6.792,-4.451,4.627,1.981
2002-04-24 05:00:00,7.586,-5.211,4.794,1.176
2002-04-24 06:00:00,7.814,-3.628,5.776,3.413
2002-04-24 07:00:00,8.324,-4.019,6.696,0.971
2002-04-24 08:00:00,8.547,-5.256,6.51,0.674
2002-04-24 09:00:00,8.833,-4.945,6.871,1.064
2002-04-24 10:00:00,9.064,-4.876,6.841,-1.204
2002-04-24 11:00:00,8.835,-3.762,7.612,-0.308
2002-04-24 12:00:00,7.803,-4.193,6.216,0.796
2002-04-24 13:00:00,8.154,-4.953,5.771,0.441
2002-04-24 14:00:00,8.14,-6.068,4.826,-1.718
2002-04-24 15:00:00,7.977,-5.785,4.718,-2.097
2002-04-24 16:00:00,6.534,-5.308,1.647,-0.549
2002-04-24 17:00:00,6.551,0.999,4.043,3.718
2002-04-24 18:00:00,6.497,-1.935,5.735,-1.104
2002-04-24 19:00:00,6.349,-4.161,3.972,-2.123
2002-04-24 20:00:00,6.087,-2.909,3.209,1.159
2002-04-24 21:00:00,5.221,-1.086,1.922,2.73
2002-04-24 22:00:00,4.898,-2.768,3.09,1.177
2002-04-24 23:00:00,4.994,-2.245,4.032,0.391
2002-04-25 00:00:00,4.288,-2.784,1.624,2.328
2002-04-25 01:00:00,4.461,-3.812,1.981,0.94
2002-04-25 02:00:00,4.456,-4.029,1.756,0.134
2002-04-25 03:00:00,4.382,-4.139,1.011,0.701
2002-04-25 04:00:00,4.405,-4.269,0.378,0.659
2002-04-25 05:00:00,4.45,-3.902,1.88,0.856
2002-04-25 06:00:00,4.475,-4.017,1.362,1.089
2002-04-25 07:00:00,4.489,-4.249,1.087,0.018
2002-04-25 08:00:00,4.503,-4.205,1.106,-0.796
2002-04-25 09:00:00,4.785,-4.597,1.08,-0.526
2002-04-25 10:00:00,4.843,-4.678,1.132,0.165
2002-04-25 11:00:00,4.786,-4.21,1.447,1.214
2002-04-25 12:00:00,5.024,-4.727,0.668,-0.67
2002-04-25 13:00:00,4.998,-4.694,1.161,0.796
2002-04-25 14:00:00,5.067,-4.245,2.558,-0.766
2002-04-25 15:00:00,5.453,-4.826,2.162,-1.258
2002-04-25 16:00:00,5.259,-4.681,2.225,-0.788
2002-04-25 17:00:00,5.213,-4.767,1.889,-0.835
2002-04-25 18:00:00,5.073,-4.557,1.819,-0.632
2002-04-25 19:00:00,5.351,-4.794,2.301,0.178
2002-04-25 20:00:00,5.315,-4.78,2.091,0.27
2002-04-25 21:00:00,5.429,-4.96,1.957,0.306
2002-04-25 22:00:00,5.556,-5.325,1.264,0.59
2002-04-25 23:00:00,5.835,-4.869,3.116,0.009
2002-04-26 00:00:00,6.001,-5.05,3.203,0.151
2002-04-26 01:00:00,6.218,-5.186,3.034,-0.179
2002-04-26 02:00:00,6.248,-6.005,0.612,1.225
2002-04-26 03:00:00,6.3,-6.037,1.133,1.245
2002-04-26 04:00:00,6.223,-5.729,1.998,1.005
2002-04-26 05:00:00,6.433,-5.962,0.958,1.947
2002-04-26 06:00:00,6.158,-4.837,2.534,1.641
2002-04-26 07:00:00,6.094,-3.893,2.716,3.343
2002-04-26 08:00:00,5.908,-4.047,1.346,3.865
2002-04-26 09:00:00,6.738,-3.689,-0.604,5.338
2002-04-26 10:00:00,6.723,-4.707,1.486,4.424
2002-04-26 11:00:00,6.758,-4.667,1.87,4.487
2002-04-26 12:00:00,6.918,-4.6,1.642,4.876
2002-04-26 13:00:00,7.126,-4.767,1.959,4.839
2002-04-26 14:00:00,8.247,-6.013,4.449,3.322
2002-04-26 15:00:00,8.367,-6.399,3.809,2.494
2002-04-26 16:00:00,8.475,-6.923,2.771,3.103
2002-04-26 17:00:00,8.508,-6.682,3.783,2.745
2002-04-26 18:00:00,8.684,-6.512,5.286,1.187
2002-04-26 19:00:00,8.703,-3.758,6.591,-0.288
2002-04-26 20:00:00,8.436,-6.315,3.897,2.114
2002-04-26 21:00:00,8.593,-6.772,4.502,-0.09
2002-04-26 22:00:00,8.664,-6.206,5.301,0.026
2002-04-26 23:00:00,8.504,-4.34,5.65,1.36
2002-04-27 00:00:00,8.907,-5.899,5.87,2.752
2002-04-27 01:00:00,9.083,-5.966,5.861,2.63
2002-04-27 02:00:00,8.782,-6.253,0.504,4.967
2002-04-27 03:00:00,8.176,-5.828,1.536,1.95
2002-04-27 04:00:00,8.057,-5.581,4.591,0.411
2002-04-27 05:00:00,8.409,-5.823,3.808,2.601
2002-04-27 06:00:00,8.867,-4.705,3.374,4.818
2002-04-27 07:00:00,9.011,-6.56,5.432,0.463
2002-04-27 08:00:00,8.658,-4.443,5.164,0.254
2002-04-27 09:00:00,8.481,-6.133,4.06,0.568
2002-04-27 10:00:00,8.805,-3.761,6.002,-0.11
2002-04-27 11:00:00,9.021,-4.932,6.46,-0.597
2002-04-27 12:00:00,9.229,-6.634,4.579,1.18
2002-04-27 13:00:00,9.514,-7.578,3.856,-1.906
2002-04-27 14:00:00,10.225,-7.578,5.535,1.709
2002-04-27 15:00:00,10.328,-5.919,7.569,-0.901
2002-04-27 16:00:00,9.885,-5.916,6.797,-1.638
2002-04-27 17:00:00,9.096,-2.646,6.921,1.868
2002-04-27 18:00:00,9.186,-4.377,6.102,-2.075
2002-04-27 19:00:00,10.702,-6.544,7.228,1.35
2002-04-27 20:00:00,11.412,-6.816,8.643,0.973
2002-04-27 21:00:00,11.125,-5.306,8.372,0.402
2002-04-27 22:00:00,11.496,-5.499,9.478,-1.886
2002-04-27 23:00:00,11.444,-6.74,8.603,-0.708
2002-04-28 00:00:00,11.249,-7.337,7.47,0.529
2002-04-28 01:00:00,10.637,-5.308,6.786,1.675
2002-04-28 02:00:00,10.656,-5.209,7.832,-3.207
2002-04-28 03:00:00,9.723,-5.105,6.144,-2.719
2002-04-28 04:00:00,8.888,-5.128,6.421,-0.836
2002-04-28 05:00:00,8.533,-4.661,6.135,0.409
2002-04-28 06:00:00,8.34,-4.153,5.428,-2.577
2002-04-28 07:00:00,7.497,-2.9,-1.089,5.508
2002-04-28 08:00:00,8.063,-6.821,3.172,-0.356
2002-04-28 09:00:00,7.826,-6.481,2.214,-1.045
2002-04-28 10:00:00,7.735,-6.514,1.278,1.162
2002-04-28 11:00:00,8.421,-7.279,2.872,-0.196
2002-04-28 12:00:00,8.227,-6.892,-0.503,3.609
2002-04-28 13:00:00,8.347,-6.681,-0.465,3.74
2002-04-28 14:00:00,8.767,-6.695,3.854,0.666
2002-04-28 15:00:00,9.236,-5.518,6.051,0.266
2002-04-28 16:00:00,8.458,-4.472,0.628,-3.111
2002-04-28 17:00:00,8.395,-5.11,4.589,2.685
2002-04-28 18:00:00,8.269,-5.377,3.998,3.527
2002-04-28 19:00:00,8.291,-5.374,3.169,4.59
2002-04-28 20:00:00,8.161,-3.605,5.359,2.901
2002-04-28 21:00:00,7.448,-2.546,5.019,3.159
2002-04-28 22:00:00,6.904,-3.899,4.13,2.396
2002-04-28 23:00:00,7.085,-3.416,3.654,2.991
2002-04-29 00:00:00,7.832,-4.477,4.104,4.235
2002-04-29 01:00:00,8.846,-3.602,2.14,7.055
2002-04-29 02:00:00,9.17,-2.959,2.427,6.743
2002-04-29 03:00:00,9.413,-4.272,4.977,5.908
2002-04-29 04:00:00,9.754,-1.965,8.008,4.145
2002-04-29 05:00:00,11.245,-3.0,9.201,4.317
2002-04-29 06:00:00,11.008,-3.049,9.514,2.549
2002-04-29 07:00:00,10.869,-0.677,9.706,3.5
2002-04-29 08:00:00,11.184,-2.013,10.323,2.936
2002-04-29 09:00:00,11.049,-6.451,7.272,-0.428
2002-04-29 10:00:00,9.799,-7.626,3.731,-3.113
2002-04-29 11:00:00,9.81,-3.861,7.1,2.566
2002-04-29 12:00:00,8.441,-1.756,5.142,4.445
2002-04-29 13:00:00,7.374,-5.063,2.587,1.752
2002-04-29 14:00:00,7.635,-6.756,0.94,-0.449
2002-04-29 15:00:00,7.424,-6.393,1.533,-2.396
2002-04-29 16:00:00,7.513,-6.524,2.813,-1.546
2002-04-29 17:00:00,8.244,-5.632,5.595,-0.345
2002-04-29 18:00:00,8.512,-6.426,5.341,-0.655
2002-04-29 19:00:00,8.556,-7.625,3.655,-0.974
2002-04-29 20:00:00,8.228,-6.178,5.218,-0.213
2002-04-29 21:00:00,7.321,-3.741,5.541,1.73
2002-04-29 22:00:00,7.675,-3.885,5.879,2.336
2002-04-29 23:00:00,8.091,-1.22,7.065,2.298
2002-04-30 00:00:00,7.259,-3.521,4.925,1.92
2002-04-30 01:00:00,6.654,-2.318,5.387,1.849
2002-04-30 02:00:00,6.447,-3.645,4.93,0.404
2002-04-30 03:00:00,6.219,-4.242,4.019,1.138
2002-04-30 04:00:00,6.551,-0.41,5.733,1.48
2002-04-30 05:00:00,6.996,-1.862,4.532,4.48
2002-04-30 06:00:00,6.725,-1.067,-1.42,4.84
2002-04-30 07:00:00,6.595,-5.144,1.723,1.946
2002-04-30 08:00:00,6.484,-4.224,3.916,0.483
2002-04-30 09:00:00,6.574,-1.981,5.162,1.104
2002-04-30 10:00:00,6.772,-3.986,4.513,-0.882
2002-04-30 11:00:00,6.534,-4.324,3.147,0.321
2002-04-30 12:00:00,6.897,-4.342,4.539,1.746
2002-04-30 13:00:00,6.303,-0.472,4.287,3.929
2002-04-30 14:00:00,6.749,2.416,4.315,3.335
2002-04-30 15:00:00,6.921,-0.56,3.52,3.447
2002-04-30 16:00:00,7.198,-5.044,2.389,0.662
2002-04-30 17:00:00,8.258,-0.609,3.124,7.047
2002-04-30 18:00:00,7.819,-2.039,3.24,6.127
2002-04-30 19:00:00,7.258,-3.654,2.592,4.928
2002-04-30 20:00:00,7.249,-4.543,1.673,4.074
2002-04-30 21:00:00,7.127,-4.391,2.584,3.632
2002-04-30 22:00:00,6.806,-0.585,3.818,5.163
2002-04-30 23:00:00,6.703,-1.236,3.839,3.407
2002-05-01 00:00:00,6.532,-1.071,5.15,2.693
2002-05-01 01:00:00,5.938,-3.931,3.021,1.624
2002-05-01 02:00:00,5.703,-5.162,1.18,-0.741
2002-05-01 03:00:00,6.539,-3.25,3.359,2.181
2002-05-01 04:00:00,5.956,-4.143,2.2,0.479
2002-05-01 05:00:00,6.467,-4.297,3.479,2.845
2002-05-01 06:00:00,6.782,-4.991,2.58,3.6
2002-05-01 07:00:00,6.679,-5.603,2.738,-0.724
2002-05-01 08:00:00,6.576,-5.086,3.74,-0.429
2002-05-01 09:00:00,6.212,-5.054,3.163,0.95
2002-05-01 10:00:00,6.493,-4.047,4.327,0.127
2002-05-01 11:00:00,6.47,-1.638,5.993,-0.894
2002-05-01 12:00:00,6.031,-2.213,5.355,-0.858
2002-05-01 13:00:00,6.396,-1.419,6.086,0.294
2002-05-01 14:00:00,6.295,-1.632,5.841,1.015
2002-05-01 15:00:00,6.369,-2.084,5.475,2.322
2002-05-01 16:00:00,7.591,-1.468,6.727,3.01
2002-05-01 17:00:00,7.843,-2.313,6.474,3.284
2002-05-01 18:00:00,7.427,-1.368,5.693,4.068
2002-05-01 19:00:00,7.204,-1.882,4.762,4.408
2002-05-01 20:00:00,7.316,-2.588,5.405,3.912
2002-05-01 21:00:00,7.167,-3.657,4.145,4.017
2002-05-01 22:00:00,7.532,-5.597,4.844,0.361
2002-05-01 23:00:00,6.983,-4.426,5.193,-0.689
2002-05-02 00:00:00,6.542,-4.949,3.066,-1.907
2002-05-02 01:00:00,6.569,-5.156,2.463,0.347
2002-05-02 02:00:00,6.493,-1.638,1.226,5.477
2002-05-02 03:00:00,6.604,0.525,1.34,6.242
2002-05-02 04:00:00,6.507,-0.138,1.57,5.871
2002-05-02 05:00:00,5.824,-1.741,2.511,4.502
2002-05-02 06:00:00,5.582,-1.94,3.298,3.199
2002-05-02 07:00:00,5.968,-1.049,3.236,4.32
2002-05-02 08:00:00,5.484,-3.027,3.34,1.775
2002-05-02 09:00:00,5.416,-2.846,3.13,2.11
2002-05-02 10:00:00,5.148,-3.25,2.323,0.797
2002-05-02 11:00:00,5.604,-1.78,3.753,1.751
2002-05-02 12:00:00,5.889,-4.91,1.525,-1.051
2002-05-02 13:00:00,5.864,-4.844,0.815,-1.256
2002-05-02 14:00:00,5.85,-4.574,2.012,1.496
2002-05-02 15:00:00,5.63,-2.312,3.525,2.489
2002-05-02 16:00:00,5.744,-4.539,2.729,1.907
2002-05-02 17:00:00,5.618,-3.979,2.364,2.955
2002-05-02 18:00:00,5.563,-4.534,2.105,2.208
2002-05-02 19:00:00,5.248,-1.978,2.054,2.612
2002-05-02 20:00:00,5.661,-0.902,0.797,4.104
2002-05-02 21:00:00,5.42,-2.615,2.683,3.275
2002-05-02 22:00:00,5.742,-3.311,3.06,2.927
2002-05-02 23:00:00,5.641,-4.857,2.273,0.041
2002-05-03 00:00:00,5.685,-4.081,0.677,-2.402
2002-05-03 01:00:00,5.705,-4.465,0.12,-2.458
2002-05-03 02:00:00,5.571,-4.618,2.103,-0.971
2002-05-03 03:00:00,5.602,-3.864,3.289,-0.995
2002-05-03 04:00:00,5.65,-2.438,3.817,0.968
2002-05-03 05:00:00,5.758,-3.676,4.079,0.456
2002-05-03 06:00:00,5.898,-2.194,4.962,1.238
2002-05-03 07:00:00,5.757,-1.155,4.96,1.69
2002-05-03 08:00:00,5.333,-0.507,2.623,3.14
2002-05-03 09:00:00,5.624,-0.965,4.571,2.233
2002-05-03 10:00:00,5.784,-1.852,3.718,3.221
2002-05-03 11:00:00,5.675,-3.656,4.048,0.225
2002-05-03 12:00:00,5.475,-1.287,3.378,2.888
2002-05-03 13:00:00,5.511,-3.362,3.382,1.296
2002-05-03 14:00:00,5.628,-4.961,1.631,-1.513
2002-05-03 15:00:00,5.247,-3.334,3.248,-0.14
2002-05-03 16:00:00,4.987,-2.596,2.229,0.503
2002-05-03 17:00:00,4.883,0.656,3.24,2.724
2002-05-03 18:00:00,5.146,-3.893,2.297,0.262
2002-05-03 19:00:00,5.417,-1.472,2.923,3.056
2002-05-03 20:00:00,5.885,1.365,3.487,4.173
2002-05-03 21:00:00,5.356,-0.096,3.385,3.73
2002-05-03 22:00:00,5.214,0.838,2.601,4.132
2002-05-03 23:00:00,5.306,0.24,3.382,3.828
2002-05-04 00:00:00,4.954,0.037,3.476,3.086
2002-05-04 01:00:00,4.791,-3.496,1.14,-1.512
2002-05-04 02:00:00,4.615,-3.121,1.394,1.221
2002-05-04 03:00:00,4.578,0.163,2.717,2.574
2002-05-04 04:00:00,4.353,-3.678,1.022,-1.434
2002-05-04 05:00:00,3.473,-2.395,-0.334,-1.459
2002-05-04 06:00:00,4.121,-0.058,2.687,0.827
2002-05-04 07:00:00,3.585,-0.757,2.382,0.402
2002-05-04 08:00:00,5.088,0.1,3.774,2.255
2002-05-04 09:00:00,5.577,-1.334,1.916,4.82
2002-05-04 10:00:00,5.415,0.832,3.0,3.789
2002-05-04 11:00:00,5.488,0.67,2.899,4.268
2002-05-04 12:00:00,5.244,0.644,2.535,3.339
2002-05-04 13:00:00,6.07,-1.206,5.594,1.644
2002-05-04 14:00:00,6.312,-2.065,5.588,1.326
2002-05-04 15:00:00,6.151,-1.925,5.619,-0.609
2002-05-04 16:00:00,5.863,-1.673,5.235,-0.52
2002-05-04 17:00:00,5.246,-2.52,3.367,-2.377
2002-05-04 18:00:00,5.207,-2.822,3.871,-1.001
2002-05-04 19:00:00,5.2,-3.073,3.386,-1.337
2002-05-04 20:00:00,5.319,-3.028,3.58,1.082
2002-05-04 21:00:00,5.732,-4.227,3.69,-1.093
2002-05-04 22:00:00,5.644,-4.402,3.458,-0.54
2002-05-04 23:00:00,5.445,-3.974,3.668,0.033
2002-05-05 00:00:00,5.392,-3.723,3.69,0.335
2002-05-05 01:00:00,4.807,-2.535,3.704,1.236
2002-05-05 02:00:00,4.859,-1.468,4.155,1.47
2002-05-05 03:00:00,4.279,-1.02,3.615,1.176
2002-05-05 04:00:00,4.076,-3.144,2.274,0.355
2002-05-05 05:00:00,4.349,-3.91,1.805,0.157
2002-05-05 06:00:00,4.321,-3.953,1.689,-0.085
2002-05-05 07:00:00,4.187,-3.774,1.578,0.598
2002-05-05 08:00:00,4.438,-3.49,2.171,-0.237
2002-05-05 09:00:00,4.573,-2.869,2.442,1.836
2002-05-05 10:00:00,4.604,-2.222,2.756,0.46
2002-05-05 11:00:00,5.196,-0.999,4.869,-0.496
2002-05-05 12:00:00,4.813,-0.84,2.384,3.576
2002-05-05 13:00:00,4.92,-0.723,3.823,2.542
2002-05-05 14:00:00,5.262,-1.78,4.43,1.385
2002-05-05 15:00:00,5.298,-2.943,4.183,-0.585
2002-05-05 16:00:00,5.747,-3.102,4.074,2.07
2002-05-05 17:00:00,5.695,-3.562,4.229,1.068
2002-05-05 18:00:00,5.353,-4.152,3.275,-0.149
2002-05-05 19:00:00,4.932,-3.01,3.065,0.278
2002-05-05 20:00:00,5.292,-2.1,4.136,2.073
2002-05-05 21:00:00,6.118,-3.609,4.583,1.252
2002-05-05 22:00:00,3.947,-2.876,1.044,0.478
2002-05-05 23:00:00,4.903,-4.448,1.922,-0.493
2002-05-06 00:00:00,5.492,-5.12,1.81,-0.697
2002-05-06 01:00:00,4.698,-4.192,0.781,0.665
2002-05-06 02:00:00,4.527,-3.851,0.812,2.088
2002-05-06 03:00:00,5.091,-4.848,1.208,0.867
2002-05-06 04:00:00,4.951,-4.509,1.246,1.509
2002-05-06 05:00:00,5.239,-4.524,2.219,1.245
2002-05-06 06:00:00,4.512,-2.987,3.219,0.096
2002-05-06 07:00:00,4.109,1.069,2.196,-1.322
2002-05-06 08:00:00,3.979,2.477,-1.385,-0.156
2002-05-06 09:00:00,6.036,-2.709,3.691,-2.698
2002-05-06 10:00:00,6.895,5.362,-4.042,0.306
2002-05-06 11:00:00,7.552,6.095,-2.836,-2.84
2002-05-06 12:00:00,8.912,7.238,-3.712,-3.319
2002-05-06 13:00:00,9.627,7.393,-3.027,-4.818
2002-05-06 14:00:00,9.876,6.977,-2.132,-6.275
2002-05-06 15:00:00,9.098,3.302,1.146,-8.117
2002-05-06 16:00:00,8.073,5.143,-2.064,-5.439
2002-05-06 17:00:00,7.064,5.798,-1.232,-2.331
2002-05-06 18:00:00,7.454,5.866,-0.124,-4.126
2002-05-06 19:00:00,6.958,4.444,-1.602,-1.555
2002-05-06 20:00:00,7.605,2.733,-6.496,1.189
2002-05-06 21:00:00,7.103,2.522,-5.516,0.524
2002-05-06 22:00:00,7.545,-2.114,-5.996,-2.399
2002-05-06 23:00:00,7.419,-3.905,-4.461,3.532
2002-05-07 00:00:00,7.484,4.99,-3.061,-0.486
2002-05-07 01:00:00,8.88,3.458,-6.662,4.239
2002-05-07 02:00:00,8.746,5.784,-6.274,-0.545
2002-05-07 03:00:00,7.963,5.634,-5.126,-1.285
2002-05-07 04:00:00,7.987,4.955,-5.862,0.549
2002-05-07 05:00:00,8.304,4.824,-6.365,1.789
2002-05-07 06:00:00,7.37,5.721,-2.482,-1.49
2002-05-07 07:00:00,7.071,4.339,-4.621,1.643
2002-05-07 08:00:00,7.21,2.528,-5.681,2.713
2002-05-07 09:00:00,7.531,2.793,-5.561,3.245
2002-05-07 10:00:00,8.813,6.494,-5.156,0.19
2002-05-07 11:00:00,8.521,7.181,-1.319,-3.8
2002-05-07 12:00:00,8.769,7.266,3.301,-3.078
2002-05-07 13:00:00,8.172,6.56,0.316,-3.195
2002-05-07 14:00:00,7.147,-0.834,-2.683,0.268
2002-05-07 15:00:00,6.766,1.532,-1.274,-0.402
2002-05-07 16:00:00,7.906,6.918,0.036,-3.237
2002-05-07 17:00:00,6.371,1.55,-5.175,2.894
2002-05-07 18:00:00,7.909,5.472,-4.795,1.016
2002-05-07 19:00:00,7.356,4.632,-4.264,2.738
2002-05-07 20:00:00,8.138,2.168,-6.832,1.965
2002-05-07 21:00:00,9.255,2.299,-8.138,-1.387
2002-05-07 22:00:00,9.797,4.401,-7.573,-3.903
2002-05-07 23:00:00,9.443,5.368,-6.044,-4.537
2002-05-08 00:00:00,8.924,5.779,-2.899,-5.823
2002-05-08 01:00:00,8.765,6.648,-2.699,-4.711
2002-05-08 02:00:00,8.439,6.489,-3.074,-4.33
2002-05-08 03:00:00,8.244,5.724,-5.402,-2.008
2002-05-08 04:00:00,8.806,6.136,-5.535,-2.961
2002-05-08 05:00:00,7.025,4.382,-3.933,1.019
2002-05-08 06:00:00,5.154,3.83,-2.777,-0.869
2002-05-08 07:00:00,8.338,7.36,-3.373,-1.332
2002-05-08 08:00:00,8.653,7.891,-2.717,-2.161
2002-05-08 09:00:00,8.867,8.309,-1.073,-2.76
2002-05-08 10:00:00,9.099,8.482,0.062,-1.707
2002-05-08 11:00:00,9.138,8.777,1.508,-1.478
2002-05-08 12:00:00,8.779,8.234,1.96,-1.807
2002-05-08 13:00:00,8.765,8.049,1.427,-2.686
2002-05-08 14:00:00,9.005,8.183,-0.988,-3.391
2002-05-08 15:00:00,9.224,8.268,-0.624,-3.608
2002-05-08 16:00:00,9.203,8.895,1.772,-1.239
2002-05-08 17:00:00,8.912,8.381,2.458,-0.565
2002-05-08 18:00:00,8.8,8.518,-0.127,-1.286
2002-05-08 19:00:00,8.087,7.173,-2.705,-2.2
2002-05-08 20:00:00,8.661,8.233,-1.795,-1.668
2002-05-08 21:00:00,8.267,7.731,-2.447,-1.379
2002-05-08 22:00:00,8.234,5.696,-4.62,-3.198
2002-05-08 23:00:00,8.107,5.438,-4.737,-1.729
2002-05-09 00:00:00,8.316,6.98,-3.275,1.78
2002-05-09 01:00:00,8.311,5.212,-5.376,-3.441
2002-05-09 02:00:00,8.304,6.406,-4.234,-2.65
2002-05-09 03:00:00,8.453,8.324,-1.234,-0.169
2002-05-09 04:00:00,8.276,7.772,0.96,-1.668
2002-05-09 05:00:00,8.153,7.02,2.127,-2.751
2002-05-09 06:00:00,8.155,6.904,2.343,-1.426
2002-05-09 07:00:00,8.05,7.134,1.845,-2.291
2002-05-09 08:00:00,8.245,7.075,0.146,-2.862
2002-05-09 09:00:00,7.488,3.668,4.084,-0.235
2002-05-09 10:00:00,7.9,2.033,0.924,5.522
2002-05-09 11:00:00,8.521,-1.313,-3.534,5.896
2002-05-09 12:00:00,8.3,1.261,-6.595,4.772
2002-05-09 13:00:00,8.357,0.487,-7.113,4.011
2002-05-09 14:00:00,7.413,0.559,-5.219,4.961
2002-05-09 15:00:00,7.508,1.381,-5.914,3.86
2002-05-09 16:00:00,7.694,2.831,-6.676,1.71
2002-05-09 17:00:00,7.55,4.451,-5.794,0.243
2002-05-09 18:00:00,7.23,2.409,-6.582,0.736
2002-05-09 19:00:00,7.075,3.195,-6.149,-0.272
2002-05-09 20:00:00,7.227,4.034,-5.669,-1.622
2002-05-09 21:00:00,6.994,3.872,-5.537,-1.275
2002-05-09 22:00:00,6.898,4.418,-4.957,-0.591
2002-05-09 23:00:00,7.06,4.598,-4.167,-2.296
2002-05-10 00:00:00,7.338,5.387,-3.876,-2.909
2002-05-10 01:00:00,7.442,5.71,-3.017,-2.954
2002-05-10 02:00:00,7.455,6.016,-3.492,-2.304
2002-05-10 03:00:00,7.976,6.491,-2.482,-3.661
2002-05-10 04:00:00,8.44,6.688,-1.298,-4.74
2002-05-10 05:00:00,8.282,6.135,-0.611,-5.404
2002-05-10 06:00:00,7.948,5.675,-2.229,-4.908
2002-05-10 07:00:00,7.15,5.06,-4.053,-2.927
2002-05-10 08:00:00,5.748,3.973,-3.66,-1.822
2002-05-10 09:00:00,4.909,3.571,-3.076,-0.231
2002-05-10 10:00:00,9.525,5.931,-6.812,1.646
2002-05-10 11:00:00,9.597,6.116,-7.239,0.572
2002-05-10 12:00:00,6.933,3.613,-2.975,3.443
2002-05-10 13:00:00,8.993,1.085,-0.35,6.283
2002-05-10 14:00:00,9.772,-0.205,3.868,2.499
2002-05-10 15:00:00,10.309,-3.035,5.185,6.386
2002-05-10 16:00:00,8.285,-1.643,5.055,3.401
2002-05-10 17:00:00,9.723,-4.772,7.517,1.033
2002-05-10 18:00:00,8.984,-2.475,-1.787,2.84
2002-05-10 19:00:00,8.391,3.282,-4.643,-3.216
2002-05-10 20:00:00,7.797,5.323,-2.881,-4.588
2002-05-10 21:00:00,6.802,5.185,-1.609,-3.142
2002-05-10 22:00:00,6.776,5.699,-2.386,-1.265
2002-05-10 23:00:00,7.365,6.095,-0.908,-3.188
2002-05-11 00:00:00,6.937,5.64,1.518,-3.658
2002-05-11 01:00:00,6.697,5.183,1.867,-3.678
2002-05-11 02:00:00,6.482,5.488,0.958,-2.895
2002-05-11 03:00:00,6.313,4.44,2.26,-3.774
2002-05-11 04:00:00,6.155,3.047,2.152,-4.486
2002-05-11 05:00:00,6.311,3.701,2.296,-4.443
2002-05-11 06:00:00,6.68,4.211,0.143,-4.979
2002-05-11 07:00:00,7.211,6.577,-0.088,-2.191
2002-05-11 08:00:00,8.169,7.24,0.902,-3.377
2002-05-11 09:00:00,14.351,4.437,-4.295,-11.224
2002-05-11 10:00:00,13.184,-1.908,-5.647,-6.447
2002-05-11 11:00:00,18.871,5.861,9.331,3.021
2002-05-11 12:00:00,16.54,3.321,13.083,-8.031
2002-05-11 13:00:00,18.19,4.018,4.171,-13.585
2002-05-11 14:00:00,18.775,3.287,-2.48,-11.449
2002-05-11 15:00:00,19.252,4.544,-3.546,-15.935
2002-05-11 16:00:00,16.373,1.329,3.769,-14.883
2002-05-11 17:00:00,16.234,0.384,-5.738,-14.673
2002-05-11 18:00:00,14.561,-5.342,-10.06,-6.922
2002-05-11 19:00:00,12.032,-1.886,-9.962,-0.274
2002-05-11 20:00:00,11.285,-0.951,-10.215,-3.102
2002-05-11 21:00:00,11.56,-3.821,-7.436,-7.859
2002-05-11 22:00:00,10.254,0.817,2.522,-8.495
2002-05-11 23:00:00,6.52,2.061,1.82,-4.598
2002-05-12 00:00:00,6.483,3.761,0.351,-2.633
2002-05-12 01:00:00,4.447,2.346,-0.048,-1.476
2002-05-12 02:00:00,4.278,3.392,-1.789,-0.568
2002-05-12 03:00:00,4.513,4.018,-0.45,-0.89
2002-05-12 04:00:00,5.184,3.43,-1.794,-1.778
2002-05-12 05:00:00,5.721,2.351,-3.99,-3.041
2002-05-12 06:00:00,5.817,2.511,-2.168,-4.216
2002-05-12 07:00:00,5.417,3.742,-2.336,-0.557
2002-05-12 08:00:00,5.255,3.041,-3.589,2.098
2002-05-12 09:00:00,5.131,3.102,-2.953,1.825
2002-05-12 10:00:00,4.954,3.745,-2.495,1.129
2002-05-12 11:00:00,4.782,2.777,-0.556,-3.16
2002-05-12 12:00:00,4.87,2.544,1.456,-2.893
2002-05-12 13:00:00,4.858,3.469,0.54,-2.638
2002-05-12 14:00:00,5.014,4.091,-1.093,0.369
2002-05-12 15:00:00,5.116,3.838,-1.263,1.836
2002-05-12 16:00:00,4.975,3.959,-1.671,1.186
2002-05-12 17:00:00,5.056,4.357,-0.978,0.108
2002-05-12 18:00:00,5.184,3.562,-2.955,-0.44
2002-05-12 19:00:00,5.273,3.809,-1.522,1.711
2002-05-12 20:00:00,5.587,4.956,0.68,-1.97
2002-05-12 21:00:00,6.048,4.859,2.144,-2.444
2002-05-12 22:00:00,6.116,4.313,2.888,-0.968
2002-05-12 23:00:00,6.213,0.293,4.515,-1.3
2002-05-13 00:00:00,5.847,3.176,3.364,-1.115
2002-05-13 01:00:00,6.059,0.916,4.713,-2.467
2002-05-13 02:00:00,6.038,3.331,2.856,1.066
2002-05-13 03:00:00,6.37,2.135,5.067,-2.372
2002-05-13 04:00:00,6.266,1.944,4.572,-1.378
2002-05-13 05:00:00,6.312,4.759,2.877,-0.304
2002-05-13 06:00:00,6.555,5.223,1.124,2.973
2002-05-13 07:00:00,6.555,5.246,0.557,3.518
2002-05-13 08:00:00,6.453,3.12,0.713,5.521
2002-05-13 09:00:00,6.508,2.656,2.229,-0.566
2002-05-13 10:00:00,6.459,5.422,2.931,1.397
2002-05-13 11:00:00,6.304,4.707,2.761,1.62
2002-05-13 12:00:00,4.891,0.521,2.459,-0.584
2002-05-13 13:00:00,4.985,3.263,0.319,2.072
2002-05-13 14:00:00,4.81,2.315,-0.999,3.145
2002-05-13 15:00:00,5.797,3.829,-2.691,3.324
2002-05-13 16:00:00,5.615,4.165,-2.714,2.549
2002-05-13 17:00:00,5.046,2.777,-2.098,3.325
2002-05-13 18:00:00,4.232,0.901,-1.582,3.494
2002-05-13 19:00:00,5.309,0.396,-1.927,4.55
2002-05-13 20:00:00,5.928,2.417,-2.474,4.517
2002-05-13 21:00:00,6.819,4.105,-1.856,2.088
2002-05-13 22:00:00,7.711,7.122,-2.334,-0.599
2002-05-13 23:00:00,8.337,7.263,-0.723,-3.499
2002-05-14 00:00:00,10.061,4.811,1.082,-6.653
2002-05-14 01:00:00,9.843,5.833,-2.958,-6.984
2002-05-14 02:00:00,9.27,4.643,-3.93,-4.979
2002-05-14 03:00:00,8.561,5.13,-2.515,-5.157
2002-05-14 04:00:00,8.49,4.217,-3.413,-4.015
2002-05-14 05:00:00,8.584,5.898,-1.999,-4.966
2002-05-14 06:00:00,8.623,7.301,-0.837,-2.293
2002-05-14 07:00:00,8.818,5.005,-4.872,-4.46
2002-05-14 08:00:00,9.317,5.398,-3.325,-4.581
2002-05-14 09:00:00,9.455,5.83,-2.903,-5.273
2002-05-14 10:00:00,9.533,6.309,-5.392,-3.181
2002-05-14 11:00:00,9.641,6.798,-5.971,-1.813
2002-05-14 12:00:00,9.295,5.965,-5.768,-1.57
2002-05-14 13:00:00,9.483,6.115,-5.819,-1.262
2002-05-14 14:00:00,9.504,5.439,-4.806,-4.886
2002-05-14 15:00:00,9.788,6.214,-4.402,-3.601
2002-05-14 16:00:00,10.264,5.314,-6.552,-4.552
2002-05-14 17:00:00,10.011,4.224,-6.498,-5.415
2002-05-14 18:00:00,9.717,4.759,-6.197,-4.533
2002-05-14 19:00:00,9.225,3.895,-3.761,-6.366
2002-05-14 20:00:00,9.092,7.225,-4.609,-0.7
2002-05-14 21:00:00,8.818,4.773,-3.635,-5.915
2002-05-14 22:00:00,8.608,4.417,-5.034,-4.661
2002-05-14 23:00:00,9.064,5.819,-5.786,-3.105
2002-05-15 00:00:00,8.623,5.788,-3.612,-3.777
2002-05-15 01:00:00,8.763,5.684,-2.642,-4.802
2002-05-15 02:00:00,8.017,2.768,-3.558,-4.447
2002-05-15 03:00:00,7.201,4.039,-4.496,-1.225
2002-05-15 04:00:00,5.642,3.141,-2.189,0.293
2002-05-15 05:00:00,4.978,3.303,-2.229,0.37
2002-05-15 06:00:00,5.157,3.198,-3.091,-1.86
2002-05-15 07:00:00,5.467,3.173,-4.082,-0.444
2002-05-15 08:00:00,5.627,2.618,-4.542,-1.213
2002-05-15 09:00:00,5.495,3.8,-3.166,-0.688
2002-05-15 10:00:00,5.332,1.333,-5.034,-0.051
2002-05-15 11:00:00,5.782,2.467,-4.738,-1.354
2002-05-15 12:00:00,5.668,1.148,-4.838,-2.112
2002-05-15 13:00:00,5.758,2.296,-3.728,-1.9
2002-05-15 14:00:00,5.882,1.489,-4.911,-0.812
2002-05-15 15:00:00,5.792,1.968,-4.586,-1.672
2002-05-15 16:00:00,5.759,3.743,-2.988,-1.684
2002-05-15 17:00:00,6.287,0.9,-5.187,-1.947
2002-05-15 18:00:00,6.133,2.34,-2.491,-3.198
2002-05-15 19:00:00,5.982,4.278,2.501,-1.704
2002-05-15 20:00:00,6.032,5.288,0.254,-0.59
2002-05-15 21:00:00,5.982,4.535,0.155,-1.252
2002-05-15 22:00:00,5.921,5.258,0.308,-1.697
2002-05-15 23:00:00,5.868,5.245,-1.026,-1.126
2002-05-16 00:00:00,5.776,2.171,-4.899,-0.491
2002-05-16 01:00:00,5.769,4.205,-2.997,-0.372
2002-05-16 02:00:00,6.005,0.609,-3.776,-3.731
2002-05-16 03:00:00,6.22,0.845,-5.674,-0.492
2002-05-16 04:00:00,6.204,-0.929,-5.844,-0.627
2002-05-16 05:00:00,6.183,1.06,-4.834,-3.211
2002-05-16 06:00:00,6.235,2.663,-3.736,-2.119
2002-05-16 07:00:00,6.309,3.147,-3.721,-2.27
2002-05-16 08:00:00,6.302,2.769,-4.287,-2.308
2002-05-16 09:00:00,6.038,4.026,-2.121,-1.935
2002-05-16 10:00:00,6.163,5.098,-1.758,-1.189
2002-05-16 11:00:00,6.305,4.586,1.839,2.432
2002-05-16 12:00:00,6.348,3.056,-3.589,3.261
2002-05-16 13:00:00,6.074,5.109,-0.343,0.996
2002-05-16 14:00:00,5.948,3.401,-2.049,-0.534
2002-05-16 15:00:00,6.102,4.227,-1.485,0.224
2002-05-16 16:00:00,6.588,3.415,-5.217,-1.801
2002-05-16 17:00:00,6.483,2.66,-4.221,-3.461
2002-05-16 18:00:00,6.569,3.493,-4.59,-2.503
2002-05-16 19:00:00,6.264,1.862,-5.529,-0.438
2002-05-16 20:00:00,6.042,4.796,-1.684,-0.127
2002-05-16 21:00:00,6.313,4.334,-1.885,-0.071
2002-05-16 22:00:00,6.144,4.8,1.718,0.887
2002-05-16 23:00:00,6.68,6.063,0.365,2.185
2002-05-17 00:00:00,7.317,7.086,-0.999,0.936
2002-05-17 01:00:00,7.822,7.677,0.315,-0.022
2002-05-17 02:00:00,7.953,7.545,1.169,-1.989
2002-05-17 03:00:00,7.834,7.535,1.32,-1.367
2002-05-17 04:00:00,7.65,6.421,3.354,-1.584
2002-05-17 05:00:00,7.391,6.538,1.517,-2.756
2002-05-17 06:00:00,7.124,5.045,2.4,-3.638
2002-05-17 07:00:00,6.346,-0.865,-5.131,2.521
2002-05-17 08:00:00,5.553,0.427,-5.041,0.895
2002-05-17 09:00:00,4.787,1.766,-3.032,-1.023
2002-05-17 10:00:00,4.902,2.057,-0.956,-3.247
2002-05-17 11:00:00,4.807,1.627,-3.161,1.769
2002-05-17 12:00:00,4.765,3.157,0.234,-2.877
2002-05-17 13:00:00,4.776,3.296,-1.793,-1.768
2002-05-17 14:00:00,4.588,0.853,-3.672,1.015
2002-05-17 15:00:00,5.422,3.879,-2.374,0.761
2002-05-17 16:00:00,5.391,4.016,-1.275,-2.92
2002-05-17 17:00:00,4.779,4.568,0.555,-0.997
2002-05-17 18:00:00,4.859,4.191,1.836,-0.388
2002-05-17 19:00:00,4.732,3.656,2.11,1.658
2002-05-17 20:00:00,4.575,3.92,1.527,0.969
2002-05-17 21:00:00,4.697,3.775,1.478,-2.256
2002-05-17 22:00:00,4.756,3.741,1.241,-2.51
2002-05-17 23:00:00,4.636,3.783,1.697,-1.742
2002-05-18 00:00:00,4.63,4.116,1.694,-1.003
2002-05-18 01:00:00,4.658,4.244,0.038,-1.44
2002-05-18 02:00:00,4.247,-0.471,-1.372,-1.479
2002-05-18 03:00:00,4.806,-2.102,-3.932,-0.399
2002-05-18 04:00:00,3.249,1.557,-1.975,-0.329
2002-05-18 05:00:00,3.284,-0.625,-3.06,0.232
2002-05-18 06:00:00,4.195,3.065,-1.442,-1.161
2002-05-18 07:00:00,4.536,-1.022,-3.213,1.25
2002-05-18 08:00:00,4.607,0.395,-3.013,1.551
2002-05-18 09:00:00,4.563,0.591,-3.167,0.709
2002-05-18 10:00:00,4.772,3.544,-1.814,-2.097
2002-05-18 11:00:00,4.698,-0.185,-4.089,-0.302
2002-05-18 12:00:00,4.927,0.346,-4.625,0.844
2002-05-18 13:00:00,4.674,2.63,-2.294,1.146
2002-05-18 14:00:00,4.778,4.287,-0.555,-0.926
2002-05-18 15:00:00,5.006,3.162,-1.197,-0.712
2002-05-18 16:00:00,4.923,-2.537,-3.486,0.05
2002-05-18 17:00:00,4.87,-0.714,-4.402,0.267
2002-05-18 18:00:00,4.937,0.425,-3.937,-0.301
2002-05-18 19:00:00,12.156,3.497,-8.377,-3.869
2002-05-18 20:00:00,15.652,4.575,-12.141,-3.856
2002-05-18 21:00:00,15.228,5.652,-10.544,-5.569
2002-05-18 22:00:00,15.744,7.57,-12.237,3.082
2002-05-18 23:00:00,16.869,1.013,0.734,5.678
2002-05-19 00:00:00,17.854,1.759,13.529,7.213
2002-05-19 01:00:00,14.862,-10.769,9.973,0.572
2002-05-19 02:00:00,16.534,-11.093,9.834,3.753
2002-05-19 03:00:00,19.485,-14.754,10.557,-6.423
2002-05-19 04:00:00,18.79,-15.104,6.733,-8.816
2002-05-19 05:00:00,17.068,-15.5,5.015,-4.806
2002-05-19 06:00:00,15.531,-14.823,4.022,-1.909
2002-05-19 07:00:00,14.382,-13.903,2.939,-1.821
2002-05-19 08:00:00,13.012,-12.522,3.094,1.13
2002-05-19 09:00:00,11.891,-11.042,2.864,2.269
2002-05-19 10:00:00,11.553,-10.807,3.437,1.993
2002-05-19 11:00:00,10.806,-9.708,2.825,3.537
2002-05-19 12:00:00,10.109,-9.227,2.296,3.383
2002-05-19 13:00:00,9.69,-8.95,2.02,2.912
2002-05-19 14:00:00,9.361,-8.796,1.782,2.506
2002-05-19 15:00:00,9.114,-8.438,1.629,2.919
2002-05-19 16:00:00,8.816,-8.551,0.937,1.85
2002-05-19 17:00:00,8.351,-8.104,0.702,1.85
2002-05-19 18:00:00,7.865,-7.53,0.826,1.989
2002-05-19 19:00:00,7.659,-6.01,1.203,4.495
2002-05-19 20:00:00,7.478,-5.919,-0.018,4.481
2002-05-19 21:00:00,7.698,-5.83,0.498,4.899
2002-05-19 22:00:00,7.936,-4.195,0.692,6.593
2002-05-19 23:00:00,7.694,-6.193,2.093,3.9
2002-05-20 00:00:00,7.869,-5.418,-0.254,5.239
2002-05-20 01:00:00,8.501,-5.388,0.688,6.4
2002-05-20 02:00:00,8.744,-5.079,3.602,5.495
2002-05-20 03:00:00,13.849,-4.481,9.404,8.495
2002-05-20 04:00:00,10.084,1.147,2.942,5.459
2002-05-20 05:00:00,7.378,-5.303,1.164,0.553
2002-05-20 06:00:00,9.234,-3.79,7.089,0.506
2002-05-20 07:00:00,8.614,0.374,-0.691,5.235
2002-05-20 08:00:00,8.626,-3.669,5.907,-3.414
2002-05-20 09:00:00,10.399,-4.407,7.617,-1.566
2002-05-20 10:00:00,11.167,-5.767,8.799,-1.247
2002-05-20 11:00:00,11.379,-6.005,9.233,1.194
2002-05-20 12:00:00,10.313,-5.578,8.478,0.552
2002-05-20 13:00:00,9.759,-3.887,8.389,2.156
2002-05-20 14:00:00,9.835,-4.679,6.381,1.822
2002-05-20 15:00:00,9.252,-5.814,7.039,-0.149
2002-05-20 16:00:00,9.419,-3.935,7.392,3.784
2002-05-20 17:00:00,7.894,-4.572,4.811,3.421
2002-05-20 18:00:00,7.521,-5.966,3.874,2.239
2002-05-20 19:00:00,7.759,-7.318,2.291,1.028
2002-05-20 20:00:00,7.528,-7.016,2.022,-0.445
2002-05-20 21:00:00,7.037,-5.971,1.995,-3.073
2002-05-20 22:00:00,6.388,-6.028,1.362,-1.577
2002-05-20 23:00:00,6.241,-5.229,0.542,-2.966
2002-05-21 00:00:00,6.099,-5.688,0.724,-1.199
2002-05-21 01:00:00,6.25,-6.153,0.477,-0.323
2002-05-21 02:00:00,6.129,-4.461,1.925,-3.559
2002-05-21 03:00:00,6.129,-5.136,1.552,-2.832
2002-05-21 04:00:00,6.118,-4.34,0.179,-2.587
2002-05-21 05:00:00,6.456,-5.232,0.479,-3.296
2002-05-21 06:00:00,6.073,-4.648,2.416,-2.752
2002-05-21 07:00:00,6.062,-4.34,2.021,-3.451
2002-05-21 08:00:00,5.464,-4.342,0.342,-3.221
2002-05-21 09:00:00,4.989,-4.447,-0.804,-2.023
2002-05-21 10:00:00,4.82,-4.573,-0.466,-0.251
2002-05-21 11:00:00,5.042,-4.562,0.464,1.912
2002-05-21 12:00:00,4.668,-3.674,-1.504,1.672
2002-05-21 13:00:00,4.924,-3.812,-0.333,2.904
2002-05-21 14:00:00,5.069,-2.178,2.127,3.518
2002-05-21 15:00:00,5.027,-1.514,1.946,4.222
2002-05-21 16:00:00,5.173,-1.244,1.23,4.814
2002-05-21 17:00:00,5.14,-1.382,1.725,4.603
2002-05-21 18:00:00,4.856,-2.172,1.225,4.036
2002-05-21 19:00:00,4.503,-1.91,1.817,3.542
2002-05-21 20:00:00,3.828,-1.106,0.204,3.228
2002-05-21 21:00:00,9.689,-3.29,1.999,7.612
2002-05-21 22:00:00,11.2,0.243,2.259,8.723
2002-05-21 23:00:00,10.63,-6.714,3.541,5.647
2002-05-22 00:00:00,9.714,-6.62,5.624,-1.204
2002-05-22 01:00:00,9.657,-6.298,6.785,2.265
2002-05-22 02:00:00,9.4,-5.265,7.22,2.325
2002-05-22 03:00:00,8.949,-2.141,7.579,0.439
2002-05-22 04:00:00,9.497,-0.707,8.443,2.2
2002-05-22 05:00:00,8.91,-2.808,8.003,-0.022
2002-05-22 06:00:00,8.702,-5.615,5.85,-2.422
2002-05-22 07:00:00,7.256,-4.551,4.42,-2.702
2002-05-22 08:00:00,5.876,-3.241,2.191,-3.937
2002-05-22 09:00:00,5.14,-3.32,1.701,-3.167
2002-05-22 10:00:00,5.348,-3.377,3.856,-0.73
2002-05-22 11:00:00,6.71,-3.707,5.24,-1.665
2002-05-22 12:00:00,6.806,-3.249,5.669,-1.731
2002-05-22 13:00:00,7.047,-3.238,6.077,-1.162
2002-05-22 14:00:00,8.091,-3.351,7.337,0.319
2002-05-22 15:00:00,7.669,-1.337,7.28,1.089
2002-05-22 16:00:00,6.839,-2.456,6.154,-0.371
2002-05-22 17:00:00,7.27,0.725,5.253,1.376
2002-05-22 18:00:00,8.327,2.186,7.355,2.654
2002-05-22 19:00:00,7.534,2.599,6.308,3.106
2002-05-22 20:00:00,5.788,1.401,4.569,2.981
2002-05-22 21:00:00,5.125,3.678,1.149,3.271
2002-05-22 22:00:00,4.649,2.001,-0.621,-0.418
2002-05-22 23:00:00,5.77,-1.079,2.732,3.567
2002-05-23 00:00:00,8.083,0.092,1.819,6.308
2002-05-23 01:00:00,9.497,-0.348,6.751,6.331
2002-05-23 02:00:00,9.755,-2.366,8.52,3.715
2002-05-23 03:00:00,13.096,0.855,12.192,3.114
2002-05-23 04:00:00,15.253,-0.955,14.106,2.15
2002-05-23 05:00:00,15.054,-1.775,13.684,3.84
2002-05-23 06:00:00,13.796,-4.093,11.362,6.272
2002-05-23 07:00:00,13.198,-3.675,10.404,6.883
2002-05-23 08:00:00,14.324,-3.831,12.735,4.741
2002-05-23 09:00:00,13.455,-2.979,12.152,3.801
2002-05-23 10:00:00,33.92,-3.055,30.468,12.671
2002-05-23 11:00:00,45.169,16.108,18.096,-12.187
2002-05-23 12:00:00,27.055,-10.54,-6.152,2.028
2002-05-23 13:00:00,29.728,-3.843,20.495,19.557
2002-05-23 14:00:00,29.117,-4.853,20.694,18.439
2002-05-23 15:00:00,23.318,4.184,0.223,-13.077
2002-05-23 16:00:00,16.765,1.765,10.474,-4.918
2002-05-23 17:00:00,15.849,-1.92,3.14,0.867
2002-05-23 18:00:00,16.627,-7.244,4.127,10.453
2002-05-23 19:00:00,14.966,-5.865,6.481,-2.52
2002-05-23 20:00:00,15.054,-10.047,6.983,5.412
2002-05-23 21:00:00,12.609,-12.058,-0.707,-0.603
2002-05-23 22:00:00,10.748,-10.504,1.773,-0.835
2002-05-23 23:00:00,10.635,-10.394,1.805,-0.732
2002-05-24 00:00:00,10.601,-10.334,2.08,0.106
2002-05-24 01:00:00,10.724,-10.298,2.737,-0.904
2002-05-24 02:00:00,10.806,-10.269,3.031,0.187
2002-05-24 03:00:00,10.85,-10.077,3.899,-0.521
2002-05-24 04:00:00,10.761,-9.885,4.193,-0.029
2002-05-24 05:00:00,10.648,-10.059,3.218,1.108
2002-05-24 06:00:00,10.649,-9.821,3.546,1.952
2002-05-24 07:00:00,10.487,-9.893,3.074,1.46
2002-05-24 08:00:00,10.341,-9.401,3.795,1.823
2002-05-24 09:00:00,10.554,-8.712,5.183,2.89
2002-05-24 10:00:00,10.578,-8.586,5.872,1.801
2002-05-24 11:00:00,10.536,-7.248,7.034,2.853
2002-05-24 12:00:00,10.387,-7.639,6.385,2.852
2002-05-24 13:00:00,10.225,-7.797,6.041,2.602
2002-05-24 14:00:00,10.248,-7.788,5.565,3.517
2002-05-24 15:00:00,10.442,-7.622,6.424,2.789
2002-05-24 16:00:00,10.223,-7.372,6.127,3.457
2002-05-24 17:00:00,10.122,-7.574,5.216,3.796
2002-05-24 18:00:00,10.126,-7.826,4.602,4.372
2002-05-24 19:00:00,10.149,-7.372,5.4,4.337
2002-05-24 20:00:00,10.088,-7.449,4.722,4.843
2002-05-24 21:00:00,10.201,-6.963,5.912,4.159
2002-05-24 22:00:00,10.267,-6.248,6.651,4.406
2002-05-24 23:00:00,10.349,-6.752,6.428,4.429
2002-05-25 00:00:00,10.344,-6.425,5.96,5.347
2002-05-25 01:00:00,10.236,-6.271,5.452,5.935
2002-05-25 02:00:00,10.115,-6.333,5.535,5.589
2002-05-25 03:00:00,10.101,-6.151,6.023,5.242
2002-05-25 04:00:00,10.079,-6.271,6.262,4.781
2002-05-25 05:00:00,10.04,-5.881,5.879,5.594
2002-05-25 06:00:00,9.988,-6.052,5.909,5.06
2002-05-25 07:00:00,9.994,-6.874,5.956,4.099
2002-05-25 08:00:00,9.932,-7.152,5.861,3.47
2002-05-25 09:00:00,9.9,-6.986,6.071,3.429
2002-05-25 10:00:00,9.801,-5.74,6.744,3.32
2002-05-25 11:00:00,9.766,-4.992,7.211,3.926
2002-05-25 12:00:00,9.775,-6.167,7.355,1.803
2002-05-25 13:00:00,9.728,-6.171,7.324,1.572
2002-05-25 14:00:00,9.587,-6.545,6.815,0.472
2002-05-25 15:00:00,9.606,-6.377,7.059,-0.192
2002-05-25 16:00:00,9.575,-6.061,6.891,1.243
2002-05-25 17:00:00,9.408,-7.166,5.744,1.738
2002-05-25 18:00:00,7.945,-4.064,5.011,3.999
2002-05-25 19:00:00,7.417,-3.679,3.432,4.166
2002-05-25 20:00:00,6.428,-3.448,3.443,2.944
2002-05-25 21:00:00,6.992,-3.418,3.174,3.352
2002-05-25 22:00:00,6.836,-3.496,3.59,3.137
2002-05-25 23:00:00,6.703,-4.877,2.632,2.438
2002-05-26 00:00:00,6.999,-3.705,3.727,3.116
2002-05-26 01:00:00,7.028,-3.73,1.857,4.932
2002-05-26 02:00:00,7.136,-5.301,3.203,3.317
2002-05-26 03:00:00,7.127,-6.216,2.367,1.449
2002-05-26 04:00:00,7.205,-4.769,5.167,-0.782
2002-05-26 05:00:00,7.062,-4.234,4.813,-1.771
2002-05-26 06:00:00,7.228,-5.617,4.031,-0.184
2002-05-26 07:00:00,7.219,-1.659,6.462,-0.142
2002-05-26 08:00:00,6.978,-5.135,2.611,-0.432
2002-05-26 09:00:00,7.049,-3.511,5.5,-0.968
2002-05-26 10:00:00,7.112,-1.826,6.46,-1.696
2002-05-26 11:00:00,7.161,-3.752,5.048,-2.007
2002-05-26 12:00:00,7.329,-3.713,5.739,-1.892
2002-05-26 13:00:00,7.375,-2.965,6.418,-1.411
2002-05-26 14:00:00,7.422,-3.495,6.159,-1.392
2002-05-26 15:00:00,7.555,-2.266,6.082,0.592
2002-05-26 16:00:00,7.435,-3.469,6.127,-0.502
2002-05-26 17:00:00,7.715,-4.186,6.295,-0.336
2002-05-26 18:00:00,7.812,-3.598,6.218,0.433
2002-05-26 19:00:00,7.274,-3.843,4.884,-0.867
2002-05-26 20:00:00,6.734,-3.639,1.779,2.556
2002-05-26 21:00:00,7.011,-4.287,3.135,-1.024
2002-05-26 22:00:00,7.36,-4.019,4.371,0.568
2002-05-26 23:00:00,7.611,-4.831,3.703,-2.655
2002-05-27 00:00:00,7.289,-4.592,2.628,-2.677
2002-05-27 01:00:00,7.817,-0.799,4.544,3.968
2002-05-27 02:00:00,8.988,-3.944,3.025,5.467
2002-05-27 03:00:00,11.461,-3.49,8.103,5.63
2002-05-27 04:00:00,13.023,-8.466,8.08,-5.542
2002-05-27 05:00:00,13.292,-7.908,6.058,-7.968
2002-05-27 06:00:00,13.641,-6.049,2.724,-11.843
2002-05-27 07:00:00,13.497,-7.029,4.934,-9.651
2002-05-27 08:00:00,11.645,-6.414,5.839,-5.755
2002-05-27 09:00:00,11.182,-5.066,7.544,0.888
2002-05-27 10:00:00,10.258,-6.295,6.37,-2.025
2002-05-27 11:00:00,9.44,-6.872,5.359,-0.737
2002-05-27 12:00:00,8.435,-4.795,1.457,-4.694
2002-05-27 13:00:00,8.584,-6.427,-0.568,-0.33
2002-05-27 14:00:00,7.587,-6.119,2.394,-2.631
2002-05-27 15:00:00,7.521,-6.132,1.76,-1.209
2002-05-27 16:00:00,7.534,-4.784,0.566,2.31
2002-05-27 17:00:00,8.792,-6.959,4.101,-0.142
2002-05-27 18:00:00,8.776,-6.315,2.504,3.665
2002-05-27 19:00:00,8.676,-6.49,1.29,3.662
2002-05-27 20:00:00,8.835,-6.281,5.485,0.814
2002-05-27 21:00:00,8.647,-7.184,3.438,1.345
2002-05-27 22:00:00,8.374,-6.006,4.469,1.678
2002-05-27 23:00:00,7.843,-5.901,3.317,2.134
2002-05-28 00:00:00,7.524,-4.542,1.696,4.208
2002-05-28 01:00:00,7.286,-4.62,4.055,2.535
2002-05-28 02:00:00,7.066,-5.305,3.034,1.27
2002-05-28 03:00:00,6.735,-4.203,3.381,0.991
2002-05-28 04:00:00,6.718,-5.556,0.855,2.739
2002-05-28 05:00:00,6.385,-5.238,1.224,0.454
2002-05-28 06:00:00,6.288,-5.371,2.431,0.779
2002-05-28 07:00:00,6.366,-2.598,3.187,3.593
2002-05-28 08:00:00,6.343,-3.016,3.528,3.066
2002-05-28 09:00:00,6.033,-3.513,3.302,2.421
2002-05-28 10:00:00,5.745,-3.904,2.311,-0.606
2002-05-28 11:00:00,5.711,-3.308,2.217,0.877
2002-05-28 12:00:00,5.811,-3.743,2.974,1.83
2002-05-28 13:00:00,5.253,-1.747,3.488,1.192
2002-05-28 14:00:00,4.991,-1.938,2.128,1.336
2002-05-28 15:00:00,5.01,-3.182,2.345,1.133
2002-05-28 16:00:00,5.031,-4.107,0.779,0.538
2002-05-28 17:00:00,4.414,-0.885,0.902,0.357
2002-05-28 18:00:00,4.258,-1.058,0.622,-1.059
2002-05-28 19:00:00,4.092,-2.665,-0.916,-1.705
2002-05-28 20:00:00,3.888,-2.117,1.326,1.122
2002-05-28 21:00:00,3.845,-2.8,0.366,1.791
2002-05-28 22:00:00,3.976,-1.795,2.631,1.414
2002-05-28 23:00:00,3.878,-2.095,2.144,0.633
2002-05-29 00:00:00,3.926,-2.168,1.778,1.602
2002-05-29 01:00:00,4.002,-3.041,1.224,1.867
2002-05-29 02:00:00,3.845,-2.768,1.986,1.416
2002-05-29 03:00:00,3.756,-2.966,1.943,-0.226
2002-05-29 04:00:00,4.003,-3.322,1.852,-0.034
2002-05-29 05:00:00,4.047,-3.526,1.462,0.619
2002-05-29 06:00:00,4.029,-3.646,1.459,0.138
2002-05-29 07:00:00,4.207,-3.768,1.431,-0.62
2002-05-29 08:00:00,4.137,-3.694,1.419,-1.124
2002-05-29 09:00:00,4.107,-3.649,1.509,-1.041
2002-05-29 10:00:00,4.302,-4.01,1.324,-0.575
2002-05-29 11:00:00,3.931,-3.605,1.015,0.882
2002-05-29 12:00:00,4.315,-4.059,-0.009,1.3
2002-05-29 13:00:00,4.079,-3.859,-0.518,1.118
2002-05-29 14:00:00,4.04,-3.594,0.303,1.598
2002-05-29 15:00:00,3.956,-2.716,0.78,2.52
2002-05-29 16:00:00,3.996,-2.474,0.58,2.972
2002-05-29 17:00:00,4.209,-2.855,1.454,2.397
2002-05-29 18:00:00,4.113,-2.471,2.21,0.785
2002-05-29 19:00:00,3.473,-0.548,2.462,-1.52
2002-05-29 20:00:00,3.141,-0.938,2.342,-0.229
2002-05-29 21:00:00,3.393,-1.498,2.158,0.854
2002-05-29 22:00:00,3.895,-2.782,1.281,1.96
2002-05-29 23:00:00,4.207,-2.861,1.925,2.339
2002-05-30 00:00:00,4.294,-3.03,1.657,2.525
2002-05-30 01:00:00,6.076,-5.359,0.267,2.502
2002-05-30 02:00:00,8.508,-7.537,0.255,3.396
2002-05-30 03:00:00,7.392,-6.086,2.809,2.741
2002-05-30 04:00:00,7.244,-4.328,4.634,2.131
2002-05-30 05:00:00,7.058,-5.896,3.157,-0.444
2002-05-30 06:00:00,7.178,-2.81,6.088,0.184
2002-05-30 07:00:00,7.968,-1.717,6.61,2.822
2002-05-30 08:00:00,8.164,-2.815,7.502,-1.036
2002-05-30 09:00:00,7.286,-3.144,6.349,-1.3
2002-05-30 10:00:00,6.892,-3.84,5.228,-1.776
2002-05-30 11:00:00,6.707,-3.135,5.641,-0.88
2002-05-30 12:00:00,6.742,-4.627,4.189,-1.831
2002-05-30 13:00:00,6.778,-3.976,4.605,-1.979
2002-05-30 14:00:00,7.222,-6.868,1.646,-1.249
2002-05-30 15:00:00,7.212,-6.874,1.874,0.066
2002-05-30 16:00:00,7.472,-5.85,3.005,1.738
2002-05-30 17:00:00,7.091,-6.734,0.807,1.827
2002-05-30 18:00:00,6.214,-1.54,4.241,1.943
2002-05-30 19:00:00,6.157,1.551,5.292,1.884
2002-05-30 20:00:00,6.461,2.646,5.627,0.793
2002-05-30 21:00:00,7.273,-0.715,6.574,2.091
2002-05-30 22:00:00,7.498,-0.991,5.701,4.391
2002-05-30 23:00:00,6.268,-3.081,3.571,2.986
2002-05-31 00:00:00,5.925,-4.389,3.331,0.669
2002-05-31 01:00:00,6.312,-4.542,3.783,1.947
2002-05-31 02:00:00,5.747,-3.463,3.025,3.252
2002-05-31 03:00:00,4.36,-0.894,3.605,1.382
2002-05-31 04:00:00,4.087,-0.57,3.849,0.237
2002-05-31 05:00:00,4.014,-2.84,2.472,0.814
2002-05-31 06:00:00,4.165,-3.25,2.027,1.514
2002-05-31 07:00:00,4.378,-3.586,2.135,-0.126
2002-05-31 08:00:00,3.605,-0.579,3.284,0.059
2002-05-31 09:00:00,3.361,-0.326,2.836,0.847
2002-05-31 10:00:00,3.71,-1.829,2.828,-1.457
2002-05-31 11:00:00,3.25,-1.948,2.351,0.11
2002-05-31 12:00:00,2.968,-0.282,2.604,0.27
2002-05-31 13:00:00,2.796,0.038,2.657,0.483
2002-05-31 14:00:00,2.466,0.209,2.189,0.36
2002-05-31 15:00:00,2.157,-1.131,1.192,-0.24
2002-05-31 16:00:00,2.2,-1.466,1.48,0.264
2002-05-31 17:00:00,2.985,-2.098,2.06,0.177
2002-05-31 18:00:00,2.936,-1.965,2.001,-0.738
2002-05-31 19:00:00,2.133,-0.99,1.478,0.42
2002-05-31 20:00:00,2.191,0.103,0.437,1.453
2002-05-31 21:00:00,2.477,1.329,-0.405,2.034
2002-05-31 22:00:00,2.027,0.153,0.51,1.745
2002-05-31 23:00:00,1.898,-0.737,0.415,1.672
2002-06-01 00:00:00,1.95,-0.577,0.264,1.769
2002-06-01 01:00:00,2.098,-1.154,1.026,1.148
2002-06-01 02:00:00,2.273,-0.998,1.578,1.206
2002-06-01 03:00:00,2.528,-1.411,1.582,0.771
2002-06-01 04:00:00,2.82,-2.123,1.539,-0.848
2002-06-01 05:00:00,3.093,-2.108,2.11,0.737
2002-06-01 06:00:00,3.493,-0.995,2.055,1.805
2002-06-01 07:00:00,2.741,-0.763,2.079,-0.12
2002-06-01 08:00:00,3.021,0.53,0.358,2.721
2002-06-01 09:00:00,2.6,0.025,1.574,1.488
2002-06-01 10:00:00,2.322,0.572,0.275,1.155
2002-06-01 11:00:00,1.772,0.242,1.236,0.385
2002-06-01 12:00:00,2.315,0.144,2.16,-0.058
2002-06-01 13:00:00,2.086,-0.854,0.883,0.344
2002-06-01 14:00:00,1.84,-1.107,1.105,0.355
2002-06-01 15:00:00,2.253,1.121,1.229,0.445
2002-06-01 16:00:00,3.049,-0.311,2.331,1.29
2002-06-01 17:00:00,3.601,-1.751,2.747,-1.035
2002-06-01 18:00:00,3.843,-1.445,2.408,-0.335
2002-06-01 19:00:00,4.619,-2.627,3.085,-0.785
2002-06-01 20:00:00,6.052,-3.042,4.055,0.516
2002-06-01 21:00:00,5.56,-1.963,1.18,-4.849
2002-06-01 22:00:00,7.16,-1.185,-2.875,-6.075
2002-06-01 23:00:00,7.71,-1.154,-1.284,-6.904
2002-06-02 00:00:00,7.497,0.606,-6.202,-2.438
2002-06-02 01:00:00,8.01,-0.206,-0.782,-2.874
2002-06-02 02:00:00,11.241,2.976,-7.242,-5.628
2002-06-02 03:00:00,9.128,1.723,-6.427,-2.816
2002-06-02 04:00:00,8.358,3.148,-5.206,3.521
2002-06-02 05:00:00,7.724,3.223,-3.555,4.861
2002-06-02 06:00:00,7.662,5.117,-2.225,2.919
2002-06-02 07:00:00,7.589,5.5,-3.682,-0.557
2002-06-02 08:00:00,7.348,3.191,-3.576,0.59
2002-06-02 09:00:00,7.478,2.806,-5.006,2.449
2002-06-02 10:00:00,7.121,4.187,-4.857,0.391
2002-06-02 11:00:00,7.213,4.588,-1.594,-3.134
2002-06-02 12:00:00,7.706,3.583,-1.475,-5.687
2002-06-02 13:00:00,7.76,4.109,-0.63,-5.971
2002-06-02 14:00:00,8.731,3.211,-2.379,-7.513
2002-06-02 15:00:00,8.267,1.864,-1.555,-4.275
2002-06-02 16:00:00,7.529,3.794,-1.269,-4.312
2002-06-02 17:00:00,7.635,1.753,-4.294,-0.101
2002-06-02 18:00:00,10.175,-0.023,-8.413,4.669
2002-06-02 19:00:00,9.713,1.095,-9.29,0.202
2002-06-02 20:00:00,9.536,4.268,-7.124,-3.524
2002-06-02 21:00:00,7.855,4.654,-0.904,-4.855
2002-06-02 22:00:00,7.471,3.545,1.659,-4.332
2002-06-02 23:00:00,9.157,1.507,-1.304,-2.086
2002-06-03 00:00:00,8.9,-0.341,-8.402,1.379
2002-06-03 01:00:00,8.33,2.748,-5.929,0.629
2002-06-03 02:00:00,8.341,4.46,0.053,5.144
2002-06-03 03:00:00,8.204,3.986,-2.52,3.117
2002-06-03 04:00:00,9.121,-0.217,-7.478,-0.307
2002-06-03 05:00:00,8.464,1.613,-6.78,-1.146
2002-06-03 06:00:00,8.44,3.587,-6.192,-2.77
2002-06-03 07:00:00,8.715,3.943,-6.403,-1.955
2002-06-03 08:00:00,8.642,4.834,-6.045,-2.873
2002-06-03 09:00:00,8.042,3.524,-6.747,0.096
2002-06-03 10:00:00,7.571,2.549,-3.678,-3.602
2002-06-03 11:00:00,7.247,2.208,-5.981,1.893
2002-06-03 12:00:00,7.097,4.707,-4.547,2.104
2002-06-03 13:00:00,6.895,3.963,-4.129,2.321
2002-06-03 14:00:00,6.844,-0.297,-4.934,4.341
2002-06-03 15:00:00,6.996,1.571,-5.614,2.348
2002-06-03 16:00:00,7.46,2.966,-5.823,1.781
2002-06-03 17:00:00,7.507,3.442,-3.351,-2.722
2002-06-03 18:00:00,7.49,3.664,-5.821,-1.477
2002-06-03 19:00:00,7.634,3.262,-6.582,0.817
2002-06-03 20:00:00,7.569,2.83,-5.238,-2.084
2002-06-03 21:00:00,6.832,4.262,-2.704,-2.063
2002-06-03 22:00:00,7.213,4.173,-4.64,-2.938
2002-06-03 23:00:00,7.299,3.562,-2.834,-2.8
2002-06-04 00:00:00,7.231,4.326,-0.289,-5.064
2002-06-04 01:00:00,6.934,4.579,-2.647,-3.107
2002-06-04 02:00:00,6.708,2.972,-1.376,-3.178
2002-06-04 03:00:00,6.896,4.889,-1.448,-0.179
2002-06-04 04:00:00,6.642,3.671,-0.036,-2.837
2002-06-04 05:00:00,6.991,3.631,-0.085,-5.051
2002-06-04 06:00:00,7.112,2.557,2.322,-5.174
2002-06-04 07:00:00,6.882,2.176,3.347,-4.838
2002-06-04 08:00:00,6.443,3.743,-0.633,-3.206
2002-06-04 09:00:00,5.832,3.269,-1.749,-1.255
2002-06-04 10:00:00,5.341,3.81,-1.551,-1.403
2002-06-04 11:00:00,6.187,5.226,-1.498,-0.939
2002-06-04 12:00:00,5.644,3.999,-1.163,2.338
2002-06-04 13:00:00,5.075,0.93,-2.58,1.676
2002-06-04 14:00:00,5.406,2.344,0.626,2.408
2002-06-04 15:00:00,4.749,4.09,0.669,0.833
2002-06-04 16:00:00,4.826,3.975,0.744,-0.441
2002-06-04 17:00:00,5.036,4.762,0.883,-0.67
2002-06-04 18:00:00,5.25,4.378,-0.386,-1.45
2002-06-04 19:00:00,5.241,4.264,1.293,-1.07
2002-06-04 20:00:00,5.059,4.422,0.97,-1.369
2002-06-04 21:00:00,4.711,4.332,0.102,0.154
2002-06-04 22:00:00,4.648,4.298,-1.082,-0.43
2002-06-04 23:00:00,4.122,2.276,-1.88,-1.591
2002-06-05 00:00:00,4.085,2.789,0.839,-2.262
2002-06-05 01:00:00,4.356,3.564,-0.507,-2.138
2002-06-05 02:00:00,3.599,2.185,-1.307,-2.367
2002-06-05 03:00:00,2.64,1.237,-1.607,-1.39
2002-06-05 04:00:00,2.979,2.354,-0.837,-1.459
2002-06-05 05:00:00,2.807,-1.577,-1.603,0.72
2002-06-05 06:00:00,2.702,-1.762,-1.679,-0.046
2002-06-05 07:00:00,3.301,-1.564,-1.273,1.401
2002-06-05 08:00:00,3.999,-1.57,-2.829,1.407
2002-06-05 09:00:00,3.511,-1.519,-2.332,1.573
2002-06-05 10:00:00,3.559,-1.311,-2.11,-0.13
2002-06-05 11:00:00,3.576,-1.31,-2.483,0.839
2002-06-05 12:00:00,3.381,-0.3,-1.998,-1.306
2002-06-05 13:00:00,3.243,-0.51,-2.41,-0.809
2002-06-05 14:00:00,3.334,-1.013,-2.485,0.175
2002-06-05 15:00:00,3.284,-1.75,-2.264,0.719
2002-06-05 16:00:00,3.385,1.13,-2.086,-1.06
2002-06-05 17:00:00,3.545,1.968,-0.26,-2.649
2002-06-05 18:00:00,3.104,1.569,-0.486,-2.41
2002-06-05 19:00:00,3.802,-0.618,-2.939,0.043
2002-06-05 20:00:00,3.111,0.45,-2.853,-0.206
2002-06-05 21:00:00,2.851,0.817,-1.422,-1.404
2002-06-05 22:00:00,3.272,1.798,-1.079,-1.164
2002-06-05 23:00:00,3.407,0.386,-3.092,-0.288
2002-06-06 00:00:00,3.635,2.677,-1.179,0.795
2002-06-06 01:00:00,3.821,2.359,-1.899,-1.521
2002-06-06 02:00:00,4.918,1.206,-3.661,-1.442
2002-06-06 03:00:00,5.05,3.627,-2.683,-1.834
2002-06-06 04:00:00,4.762,3.708,-1.212,-1.771
2002-06-06 05:00:00,4.625,2.735,-3.283,-1.228
2002-06-06 06:00:00,4.547,3.321,-2.551,-0.48
2002-06-06 07:00:00,4.585,2.786,-2.62,-1.929
2002-06-06 08:00:00,4.521,1.508,-3.297,-1.326
2002-06-06 09:00:00,4.647,0.442,-2.618,-0.567
2002-06-06 10:00:00,4.927,-1.275,-4.55,0.317
2002-06-06 11:00:00,4.865,-1.153,-4.388,-0.013
2002-06-06 12:00:00,5.262,1.703,-4.663,-0.018
2002-06-06 13:00:00,5.648,4.202,-3.135,-1.521
2002-06-06 14:00:00,5.541,4.008,-2.907,-1.747
2002-06-06 15:00:00,5.053,3.423,-3.019,-1.985
2002-06-06 16:00:00,5.01,3.749,-2.448,-2.096
2002-06-06 17:00:00,5.235,4.421,-2.052,-1.748
2002-06-06 18:00:00,5.205,4.169,-2.645,-1.298
2002-06-06 19:00:00,4.69,3.961,-1.934,-0.257
2002-06-06 20:00:00,4.268,2.652,-2.1,-0.186
2002-06-06 21:00:00,4.243,-0.68,-3.662,-0.836
2002-06-06 22:00:00,4.694,-2.587,-3.736,-0.134
2002-06-06 23:00:00,4.21,3.364,-1.827,0.863
2002-06-07 00:00:00,4.224,3.374,-2.179,-0.602
2002-06-07 01:00:00,4.163,2.583,-2.126,-1.651
2002-06-07 02:00:00,3.949,0.392,-3.256,-1.193
2002-06-07 03:00:00,4.372,-0.772,-3.874,-1.122
2002-06-07 04:00:00,4.861,0.37,-4.248,-0.877
2002-06-07 05:00:00,5.496,-1.299,-4.954,0.1
2002-06-07 06:00:00,5.178,2.85,-3.447,0.991
2002-06-07 07:00:00,5.387,3.661,-3.605,1.009
2002-06-07 08:00:00,5.343,2.306,-4.494,0.11
2002-06-07 09:00:00,5.221,3.926,-2.964,0.928
2002-06-07 10:00:00,5.284,1.201,-4.456,-0.225
2002-06-07 11:00:00,5.192,2.605,-4.262,1.058
2002-06-07 12:00:00,4.462,2.178,-3.421,1.563
2002-06-07 13:00:00,4.656,3.095,-3.122,0.469
2002-06-07 14:00:00,5.089,0.174,-4.436,-0.311
2002-06-07 15:00:00,5.75,1.719,-5.189,-1.343
2002-06-07 16:00:00,6.197,1.383,-5.655,-1.931
2002-06-07 17:00:00,6.345,1.532,-5.841,-1.664
2002-06-07 18:00:00,5.776,0.306,-2.482,-3.518
2002-06-07 19:00:00,4.985,-0.504,-2.442,-3.973
2002-06-07 20:00:00,5.091,1.85,-4.22,0.358
2002-06-07 21:00:00,4.992,3.742,-2.303,1.997
2002-06-07 22:00:00,4.903,2.649,-2.845,0.652
2002-06-07 23:00:00,4.844,2.549,-1.941,2.202
2002-06-08 00:00:00,5.152,3.967,-1.744,2.765
2002-06-08 01:00:00,5.295,3.684,-2.601,2.732
2002-06-08 02:00:00,4.792,3.004,-3.109,1.741
2002-06-08 03:00:00,5.029,2.493,-4.294,0.615
2002-06-08 04:00:00,5.969,4.104,-4.055,0.453
2002-06-08 05:00:00,7.404,5.662,-4.488,0.314
2002-06-08 06:00:00,7.358,5.25,-4.422,-1.414
2002-06-08 07:00:00,7.254,4.266,-5.522,-1.079
2002-06-08 08:00:00,5.06,3.704,-3.225,-0.454
2002-06-08 09:00:00,3.783,0.237,-0.597,0.862
2002-06-08 10:00:00,8.845,-4.905,4.915,-3.245
2002-06-08 11:00:00,12.018,-6.296,9.115,2.147
2002-06-08 12:00:00,13.083,-5.052,9.04,5.331
2002-06-08 13:00:00,12.692,6.054,-5.059,-0.113
2002-06-08 14:00:00,12.896,8.364,-7.154,-2.766
2002-06-08 15:00:00,12.275,5.826,-5.135,-1.841
2002-06-08 16:00:00,12.031,6.112,-8.168,5.91
2002-06-08 17:00:00,9.813,6.657,-5.755,-0.445
2002-06-08 18:00:00,9.875,7.037,-5.477,-3.123
2002-06-08 19:00:00,9.385,6.247,-3.459,-5.54
2002-06-08 20:00:00,9.217,7.241,-4.245,-0.335
2002-06-08 21:00:00,7.964,7.424,-1.453,-1.396
2002-06-08 22:00:00,8.102,5.162,-2.583,-2.942
2002-06-08 23:00:00,8.48,6.359,-4.126,-2.573
2002-06-09 00:00:00,8.172,5.812,-3.961,0.816
2002-06-09 01:00:00,8.06,4.672,-5.012,-1.314
2002-06-09 02:00:00,7.847,5.573,-2.986,-3.462
2002-06-09 03:00:00,7.971,6.543,-3.164,-2.021
2002-06-09 04:00:00,7.957,6.411,-2.593,-3.371
2002-06-09 05:00:00,7.759,6.128,-3.594,-2.828
2002-06-09 06:00:00,7.522,6.524,-3.42,-1.181
2002-06-09 07:00:00,7.428,6.717,-2.683,-1.578
2002-06-09 08:00:00,7.332,5.81,-3.83,-1.961
2002-06-09 09:00:00,6.483,3.77,-2.919,-1.861
2002-06-09 10:00:00,6.783,4.041,-4.455,-2.442
2002-06-09 11:00:00,7.205,5.358,-4.172,-1.805
2002-06-09 12:00:00,7.42,5.367,-4.853,-0.808
2002-06-09 13:00:00,7.544,6.395,-3.732,-0.413
2002-06-09 14:00:00,8.708,7.097,-4.847,-1.23
2002-06-09 15:00:00,8.465,6.263,-5.343,-0.711
2002-06-09 16:00:00,7.831,5.56,-3.709,-2.291
2002-06-09 17:00:00,6.213,0.728,-1.144,-3.344
2002-06-09 18:00:00,6.521,1.874,2.342,-3.143
2002-06-09 19:00:00,7.65,6.292,-3.113,-1.8
2002-06-09 20:00:00,7.626,3.349,-0.878,2.452
2002-06-09 21:00:00,8.606,-1.218,4.537,6.342
2002-06-09 22:00:00,8.454,-0.092,3.065,7.454
2002-06-09 23:00:00,5.87,2.065,-0.979,2.251
2002-06-10 00:00:00,5.813,4.52,-2.793,0.726
2002-06-10 01:00:00,6.724,4.595,-3.938,-0.785
2002-06-10 02:00:00,9.559,6.925,-5.565,-1.214
2002-06-10 03:00:00,10.022,7.045,-5.301,4.427
2002-06-10 04:00:00,9.717,7.608,-3.676,4.232
2002-06-10 05:00:00,8.946,3.653,-5.772,-2.352
2002-06-10 06:00:00,7.674,5.679,-0.734,3.724
2002-06-10 07:00:00,7.343,6.411,-2.335,2.023
2002-06-10 08:00:00,6.861,5.781,-3.101,-1.094
2002-06-10 09:00:00,7.68,5.034,-3.436,-4.519
2002-06-10 10:00:00,9.206,4.821,-5.749,-5.256
2002-06-10 11:00:00,9.178,3.784,-5.869,-5.84
2002-06-10 12:00:00,8.516,3.848,-5.407,-4.669
2002-06-10 13:00:00,8.916,3.464,-5.684,-4.905
2002-06-10 14:00:00,9.053,7.878,-3.19,1.697
2002-06-10 15:00:00,8.284,4.901,-4.139,-3.443
2002-06-10 16:00:00,7.982,6.229,-3.45,-1.271
2002-06-10 17:00:00,7.962,5.985,-3.43,-3.207
2002-06-10 18:00:00,8.369,6.491,-4.493,-1.194
2002-06-10 19:00:00,8.252,6.56,-3.815,2.292
2002-06-10 20:00:00,7.333,4.422,-4.013,-1.182
2002-06-10 21:00:00,6.842,4.963,-3.766,-2.199
2002-06-10 22:00:00,6.618,3.994,-3.235,-3.199
2002-06-10 23:00:00,7.869,5.478,-5.354,0.737
2002-06-11 00:00:00,7.846,3.833,-5.86,-2.955
2002-06-11 01:00:00,8.084,4.315,-5.926,0.165
2002-06-11 02:00:00,8.294,4.855,-4.986,3.97
2002-06-11 03:00:00,8.359,5.567,-5.229,0.275
2002-06-11 04:00:00,8.23,6.689,-4.438,-0.215
2002-06-11 05:00:00,7.901,6.733,-2.584,-0.314
2002-06-11 06:00:00,7.561,5.22,-1.28,-2.283
2002-06-11 07:00:00,7.977,3.788,-5.263,-2.064
2002-06-11 08:00:00,7.43,4.636,-4.788,-1.124
2002-06-11 09:00:00,7.578,4.205,-4.803,-1.318
2002-06-11 10:00:00,7.504,3.646,-5.981,1.09
2002-06-11 11:00:00,7.437,3.494,-6.057,-1.164
2002-06-11 12:00:00,7.111,3.85,-5.692,-0.683
2002-06-11 13:00:00,6.984,2.887,-5.085,-2.926
2002-06-11 14:00:00,7.4,1.952,-6.935,-0.124
2002-06-11 15:00:00,7.396,0.886,-7.093,-1.213
2002-06-11 16:00:00,7.653,1.326,-7.246,-1.788
2002-06-11 17:00:00,7.705,1.405,-6.856,-3.04
2002-06-11 18:00:00,7.772,2.039,-6.721,-3.084
2002-06-11 19:00:00,7.882,1.925,-6.938,-2.834
2002-06-11 20:00:00,7.823,4.626,-4.77,-3.035
2002-06-11 21:00:00,8.001,5.518,-4.718,-1.246
2002-06-11 22:00:00,8.101,2.911,-6.067,-3.964
2002-06-11 23:00:00,8.07,3.859,-6.821,-1.261
2002-06-12 00:00:00,7.992,3.222,-6.629,-0.567
2002-06-12 01:00:00,8.034,1.766,-7.412,-1.951
2002-06-12 02:00:00,7.959,2.483,-7.416,-0.812
2002-06-12 03:00:00,7.994,1.776,-7.651,-0.729
2002-06-12 04:00:00,7.895,4.269,-5.77,1.143
2002-06-12 05:00:00,7.538,5.913,-3.425,1.762
2002-06-12 06:00:00,7.377,6.919,0.733,1.142
2002-06-12 07:00:00,7.197,5.007,4.142,-0.394
2002-06-12 08:00:00,5.75,4.331,2.168,-2.167
2002-06-12 09:00:00,6.258,3.962,-0.653,-0.596
2002-06-12 10:00:00,6.38,3.245,-3.666,-0.875
2002-06-12 11:00:00,6.767,2.03,-5.588,-0.081
2002-06-12 12:00:00,6.625,3.492,-4.829,-1.577
2002-06-12 13:00:00,6.634,1.504,-4.864,-2.01
2002-06-12 14:00:00,6.681,1.133,-6.162,1.356
2002-06-12 15:00:00,6.629,0.28,-6.388,1.361
2002-06-12 16:00:00,6.549,1.616,-6.063,0.195
2002-06-12 17:00:00,6.16,2.805,-4.672,-1.886
2002-06-12 18:00:00,5.955,1.848,-5.554,-0.446
2002-06-12 19:00:00,5.874,1.209,-5.408,-1.347
2002-06-12 20:00:00,5.835,2.072,-4.608,-1.416
2002-06-12 21:00:00,5.736,1.659,-4.799,-1.682
2002-06-12 22:00:00,5.571,1.865,-4.653,0.856
2002-06-12 23:00:00,6.152,2.177,-5.357,0.779
2002-06-13 00:00:00,5.669,2.217,-3.706,-3.111
2002-06-13 01:00:00,5.673,1.644,-1.44,-4.939
2002-06-13 02:00:00,5.868,0.589,-1.876,-4.84
2002-06-13 03:00:00,6.312,0.45,0.825,-5.356
2002-06-13 04:00:00,5.529,2.494,-3.377,-0.171
2002-06-13 05:00:00,5.603,3.472,1.078,-2.281
2002-06-13 06:00:00,5.955,2.986,-3.025,-2.328
2002-06-13 07:00:00,6.906,3.7,-5.37,0.59
2002-06-13 08:00:00,7.324,2.793,-5.982,1.514
2002-06-13 09:00:00,6.983,1.325,-5.197,3.724
2002-06-13 10:00:00,7.227,0.589,-4.472,2.253
2002-06-13 11:00:00,7.139,0.698,-5.509,0.867
2002-06-13 12:00:00,6.755,1.79,-3.599,3.857
2002-06-13 13:00:00,6.014,2.584,-2.376,-1.729
2002-06-13 14:00:00,6.015,2.535,-3.657,-1.791
2002-06-13 15:00:00,5.575,2.02,0.168,-4.806
2002-06-13 16:00:00,5.772,0.674,-0.915,-5.232
2002-06-13 17:00:00,5.197,0.653,-0.284,-2.114
2002-06-13 18:00:00,4.377,2.06,-1.684,-0.823
2002-06-13 19:00:00,4.648,3.278,1.324,1.252
2002-06-13 20:00:00,4.094,3.014,-1.646,0.256
2002-06-13 21:00:00,4.571,1.591,-3.22,0.061
2002-06-13 22:00:00,4.684,1.258,-3.348,0.882
2002-06-13 23:00:00,4.844,0.986,-3.772,-1.843
2002-06-14 00:00:00,4.927,-0.503,-3.634,1.646
2002-06-14 01:00:00,4.873,0.088,-4.095,-1.936
2002-06-14 02:00:00,4.464,-0.72,-3.338,1.44
2002-06-14 03:00:00,4.735,0.693,-4.545,-0.47
2002-06-14 04:00:00,4.84,1.16,-4.18,-1.885
2002-06-14 05:00:00,4.713,1.601,-4.024,-1.471
2002-06-14 06:00:00,4.395,1.061,-3.82,-1.402
2002-06-14 07:00:00,4.277,1.54,-2.793,0.934
2002-06-14 08:00:00,4.869,2.194,-4.138,0.689
2002-06-14 09:00:00,4.794,3.026,-2.998,1.271
2002-06-14 10:00:00,5.218,3.005,-4.115,0.373
2002-06-14 11:00:00,4.949,2.91,-3.64,-0.311
2002-06-14 12:00:00,5.031,2.742,-3.661,-0.046
2002-06-14 13:00:00,5.136,3.13,-3.832,0.048
2002-06-14 14:00:00,4.979,2.804,-3.763,-0.926
2002-06-14 15:00:00,4.881,3.463,-2.784,-1.852
2002-06-14 16:00:00,5.001,4.125,-1.821,-2.068
2002-06-14 17:00:00,4.66,3.651,-0.478,-2.665
2002-06-14 18:00:00,4.552,2.784,-1.509,-1.935
2002-06-14 19:00:00,4.88,0.092,-4.781,-0.556
2002-06-14 20:00:00,5.16,0.118,-4.996,-0.159
2002-06-14 21:00:00,4.531,0.196,-4.299,0.1
2002-06-14 22:00:00,4.648,0.59,-4.199,-1.271
2002-06-14 23:00:00,3.9,0.082,-3.424,-0.062
2002-06-15 00:00:00,3.433,1.469,-2.457,-0.549
2002-06-15 01:00:00,3.63,1.426,-2.181,-0.205
2002-06-15 02:00:00,4.205,3.725,-1.665,-0.566
2002-06-15 03:00:00,4.495,3.424,-1.977,-1.147
2002-06-15 04:00:00,4.55,0.879,-4.216,0.776
2002-06-15 05:00:00,4.334,2.667,-2.682,-1.764
2002-06-15 06:00:00,4.303,1.486,-3.604,-0.532
2002-06-15 07:00:00,4.49,1.733,-3.842,-0.945
2002-06-15 08:00:00,4.567,2.711,-3.306,0.327
2002-06-15 09:00:00,5.111,1.825,-4.359,1.027
2002-06-15 10:00:00,5.47,2.157,-4.443,-1.676
2002-06-15 11:00:00,4.887,1.597,-3.233,-2.625
2002-06-15 12:00:00,4.648,3.019,-3.425,-0.125
2002-06-15 13:00:00,4.46,3.321,-2.843,-0.391
2002-06-15 14:00:00,4.373,1.889,-3.874,0.357
2002-06-15 15:00:00,4.245,2.083,-3.265,0.414
2002-06-15 16:00:00,4.69,2.865,-3.568,-0.854
2002-06-15 17:00:00,4.824,2.787,-3.473,-1.699
2002-06-15 18:00:00,4.524,2.441,-2.95,-2.247
2002-06-15 19:00:00,4.147,2.507,-1.834,-2.452
2002-06-15 20:00:00,3.378,0.905,-0.854,-1.253
2002-06-15 21:00:00,5.773,-2.959,4.705,-0.219
2002-06-15 22:00:00,7.158,-4.423,4.994,-2.298
2002-06-15 23:00:00,7.46,-5.022,4.411,-0.214
2002-06-16 00:00:00,7.953,-2.351,7.138,-1.04
2002-06-16 01:00:00,8.101,-2.213,6.173,4.254
2002-06-16 02:00:00,8.489,-2.4,2.702,7.213
2002-06-16 03:00:00,9.79,-4.359,3.869,7.239
2002-06-16 04:00:00,5.97,1.311,-0.67,3.12
2002-06-16 05:00:00,10.523,-4.375,7.653,2.481
2002-06-16 06:00:00,9.544,-5.94,5.426,-1.449
2002-06-16 07:00:00,9.789,-3.772,3.747,4.731
2002-06-16 08:00:00,9.894,-0.971,0.401,7.857
2002-06-16 09:00:00,11.623,-4.37,8.384,4.111
2002-06-16 10:00:00,10.51,-3.357,7.514,-0.164
2002-06-16 11:00:00,8.24,-5.455,3.563,-1.34
2002-06-16 12:00:00,7.813,-4.911,5.013,-0.028
2002-06-16 13:00:00,8.157,-4.434,6.479,0.117
2002-06-16 14:00:00,7.781,-4.731,5.883,0.037
2002-06-16 15:00:00,7.621,-5.308,4.978,0.752
2002-06-16 16:00:00,7.789,-6.13,3.949,1.39
2002-06-16 17:00:00,7.859,-7.067,1.747,2.365
2002-06-16 18:00:00,8.849,-8.369,2.749,0.448
2002-06-16 19:00:00,9.315,-9.038,1.761,-1.29
2002-06-16 20:00:00,9.666,-9.162,2.059,-1.974
2002-06-16 21:00:00,9.778,-9.071,2.374,-2.55
2002-06-16 22:00:00,9.401,-8.668,1.424,-3.241
2002-06-16 23:00:00,9.11,-7.772,2.536,-2.851
2002-06-17 00:00:00,8.29,-6.201,4.649,-2.217
2002-06-17 01:00:00,8.043,-5.797,5.107,-1.304
2002-06-17 02:00:00,7.566,-4.135,5.535,1.912
2002-06-17 03:00:00,7.237,-2.631,6.037,0.208
2002-06-17 04:00:00,6.933,-2.022,6.355,0.399
2002-06-17 05:00:00,6.196,-0.265,4.596,-0.237
2002-06-17 06:00:00,5.679,0.566,-0.58,-0.778
2002-06-17 07:00:00,6.12,0.674,5.698,-0.424
2002-06-17 08:00:00,5.428,0.63,5.075,-0.739
2002-06-17 09:00:00,5.646,-0.121,4.671,-2.68
2002-06-17 10:00:00,6.187,-1.481,5.586,-1.755
2002-06-17 11:00:00,5.915,-1.907,5.166,0.744
2002-06-17 12:00:00,5.978,-2.666,5.148,-0.492
2002-06-17 13:00:00,6.687,-3.404,5.447,-0.673
2002-06-17 14:00:00,7.033,1.603,5.915,2.5
2002-06-17 15:00:00,6.884,1.652,6.287,1.972
2002-06-17 16:00:00,6.073,-0.544,5.386,1.547
2002-06-17 17:00:00,5.736,0.999,5.126,1.191
2002-06-17 18:00:00,5.681,-0.951,4.521,2.719
2002-06-17 19:00:00,5.619,-0.691,4.842,1.773
2002-06-17 20:00:00,5.717,0.478,5.166,1.583
2002-06-17 21:00:00,6.275,-1.732,4.996,3.114
2002-06-17 22:00:00,6.806,-0.651,6.113,2.067
2002-06-17 23:00:00,7.47,-1.052,6.385,3.362
2002-06-18 00:00:00,7.602,-1.428,6.836,2.098
2002-06-18 01:00:00,7.653,-1.029,6.932,2.774
2002-06-18 02:00:00,7.445,-2.331,6.176,3.094
2002-06-18 03:00:00,7.218,-4.419,5.073,1.741
2002-06-18 04:00:00,7.631,0.069,6.555,2.801
2002-06-18 05:00:00,8.045,0.25,5.952,4.204
2002-06-18 06:00:00,7.575,-1.154,6.853,0.92
2002-06-18 07:00:00,7.263,-3.154,5.597,-1.816
2002-06-18 08:00:00,7.592,2.485,3.694,2.462
2002-06-18 09:00:00,9.031,5.885,5.394,3.813
2002-06-18 10:00:00,9.068,2.283,4.318,-3.389
2002-06-18 11:00:00,8.88,2.157,5.835,0.006
2002-06-18 12:00:00,7.269,0.998,4.982,-1.68
2002-06-18 13:00:00,5.906,0.243,5.3,0.742
2002-06-18 14:00:00,7.674,-0.948,4.875,-5.323
2002-06-18 15:00:00,8.329,-2.443,4.007,-6.373
2002-06-18 16:00:00,8.982,-3.08,4.181,-6.275
2002-06-18 17:00:00,9.358,-3.187,5.733,-6.02
2002-06-18 18:00:00,8.665,-1.92,7.196,1.071
2002-06-18 19:00:00,8.885,-3.989,6.973,-0.397
2002-06-18 20:00:00,7.752,-1.634,7.214,0.71
2002-06-18 21:00:00,7.155,-3.435,5.305,0.288
2002-06-18 22:00:00,9.816,-3.016,5.192,-2.477
2002-06-18 23:00:00,13.284,-3.866,12.455,1.07
2002-06-19 00:00:00,13.266,-3.761,11.031,3.784
2002-06-19 01:00:00,13.129,-3.315,9.53,6.956
2002-06-19 02:00:00,12.744,-2.546,7.978,0.602
2002-06-19 03:00:00,10.367,-0.543,2.885,-0.592
2002-06-19 04:00:00,10.503,-6.298,4.251,0.142
2002-06-19 05:00:00,13.683,-5.836,11.111,-1.785
2002-06-19 06:00:00,14.4,-7.23,10.769,-2.157
2002-06-19 07:00:00,11.645,-5.621,8.343,4.014
2002-06-19 08:00:00,10.331,-0.709,4.327,6.18
2002-06-19 09:00:00,11.389,-7.843,4.189,1.42
2002-06-19 10:00:00,11.228,-5.323,7.779,3.893
2002-06-19 11:00:00,11.205,-8.42,6.798,2.173
2002-06-19 12:00:00,10.755,-6.841,7.739,-0.3
2002-06-19 13:00:00,10.576,-5.664,8.469,-1.271
2002-06-19 14:00:00,9.473,-5.664,5.962,0.47
2002-06-19 15:00:00,9.649,-5.068,7.534,1.25
2002-06-19 16:00:00,9.703,-5.558,7.672,0.575
2002-06-19 17:00:00,9.274,-7.545,4.764,-1.966
2002-06-19 18:00:00,8.765,-6.291,5.708,-0.608
2002-06-19 19:00:00,8.541,-5.095,6.087,-2.121
2002-06-19 20:00:00,7.99,-6.474,2.093,-2.507
2002-06-19 21:00:00,7.444,-6.149,3.115,-1.581
2002-06-19 22:00:00,7.091,-5.469,0.559,-2.012
2002-06-19 23:00:00,7.382,-5.28,3.731,-0.246
2002-06-20 00:00:00,7.472,-4.942,5.224,-0.599
2002-06-20 01:00:00,7.467,-4.956,4.986,-1.32
2002-06-20 02:00:00,7.421,-5.442,4.161,-1.941
2002-06-20 03:00:00,7.227,-5.491,4.327,-1.068
2002-06-20 04:00:00,6.328,-3.814,4.003,1.295
2002-06-20 05:00:00,6.265,-2.649,4.771,-0.278
2002-06-20 06:00:00,6.012,-0.055,3.682,3.112
2002-06-20 07:00:00,6.314,-3.36,4.372,-2.867
2002-06-20 08:00:00,4.957,-0.44,1.098,1.856
2002-06-20 09:00:00,5.174,0.034,1.443,0.191
2002-06-20 10:00:00,4.782,-3.824,0.375,0.282
2002-06-20 11:00:00,4.77,-0.467,2.373,1.148
2002-06-20 12:00:00,5.225,-0.435,4.948,1.065
2002-06-20 13:00:00,5.326,2.768,4.023,1.227
2002-06-20 14:00:00,5.042,1.333,3.365,1.874
2002-06-20 15:00:00,4.773,-2.339,3.308,0.444
2002-06-20 16:00:00,4.879,-2.975,3.476,0.3
2002-06-20 17:00:00,4.518,-2.38,2.598,0.665
2002-06-20 18:00:00,4.595,-3.46,0.991,2.02
2002-06-20 19:00:00,4.647,-1.89,-2.426,1.532
2002-06-20 20:00:00,5.296,-1.042,4.865,0.706
2002-06-20 21:00:00,5.496,-0.281,5.295,1.031
2002-06-20 22:00:00,5.568,-0.865,5.024,1.619
2002-06-20 23:00:00,5.311,-2.367,4.01,0.887
2002-06-21 00:00:00,5.153,-3.165,0.94,1.085
2002-06-21 01:00:00,5.476,-4.695,-0.598,-1.854
2002-06-21 02:00:00,5.385,-3.534,-0.176,-3.573
2002-06-21 03:00:00,5.288,-4.337,-0.958,-2.299
2002-06-21 04:00:00,5.187,-3.509,1.566,-0.331
2002-06-21 05:00:00,5.187,-2.344,-2.458,2.782
2002-06-21 06:00:00,5.155,-3.257,-2.624,2.047
2002-06-21 07:00:00,5.141,-3.46,2.074,2.263
2002-06-21 08:00:00,5.583,-3.773,-3.758,-0.528
2002-06-21 09:00:00,4.677,-3.754,1.571,-0.067
2002-06-21 10:00:00,5.283,-4.281,0.781,-0.797
2002-06-21 11:00:00,5.37,-0.718,4.997,0.237
2002-06-21 12:00:00,5.438,-1.291,3.661,-2.151
2002-06-21 13:00:00,5.447,-1.601,4.472,-0.934
2002-06-21 14:00:00,5.633,0.275,5.156,-1.249
2002-06-21 15:00:00,5.514,-0.676,4.313,-2.008
2002-06-21 16:00:00,5.282,-1.257,4.134,-1.893
2002-06-21 17:00:00,5.366,-1.543,4.112,-1.102
2002-06-21 18:00:00,5.744,0.519,5.52,0.569
2002-06-21 19:00:00,5.761,1.181,5.093,0.559
2002-06-21 20:00:00,5.687,0.218,5.449,-0.425
2002-06-21 21:00:00,5.558,-1.358,4.667,0.368
2002-06-21 22:00:00,5.773,0.119,2.597,4.102
2002-06-21 23:00:00,5.736,0.504,5.413,-0.19
2002-06-22 00:00:00,5.749,-1.351,5.235,0.304
2002-06-22 01:00:00,5.845,-0.099,5.382,1.612
2002-06-22 02:00:00,6.081,-1.315,4.84,1.387
2002-06-22 03:00:00,6.043,-4.441,3.687,0.063
2002-06-22 04:00:00,5.888,-4.663,3.394,0.605
2002-06-22 05:00:00,5.883,-4.959,2.779,0.678
2002-06-22 06:00:00,5.754,-4.503,2.764,-1.232
2002-06-22 07:00:00,5.55,-4.219,3.249,0.129
2002-06-22 08:00:00,5.808,-2.231,4.123,1.597
2002-06-22 09:00:00,5.957,-2.934,4.057,-0.72
2002-06-22 10:00:00,6.426,-2.553,2.412,3.212
2002-06-22 11:00:00,7.138,-4.028,3.579,1.457
2002-06-22 12:00:00,7.574,-2.144,6.157,1.264
2002-06-22 13:00:00,7.715,-0.46,7.132,0.963
2002-06-22 14:00:00,8.065,3.291,6.912,0.296
2002-06-22 15:00:00,8.304,1.236,7.866,-1.034
2002-06-22 16:00:00,8.381,-1.711,7.08,-3.444
2002-06-22 17:00:00,8.279,0.148,6.604,-3.554
2002-06-22 18:00:00,7.957,-0.854,5.641,-5.159
2002-06-22 19:00:00,7.669,-2.565,6.236,-2.904
2002-06-22 20:00:00,7.747,-1.786,5.826,-4.524
2002-06-22 21:00:00,6.969,-2.05,4.693,-3.607
2002-06-22 22:00:00,5.726,-3.955,0.947,3.136
2002-06-22 23:00:00,6.365,-4.984,1.145,3.613
2002-06-23 00:00:00,6.61,-4.117,2.35,2.564
2002-06-23 01:00:00,6.187,-4.491,1.679,-2.411
2002-06-23 02:00:00,6.22,-4.871,-2.429,0.707
2002-06-23 03:00:00,6.463,-4.444,-1.294,-1.27
2002-06-23 04:00:00,6.575,-3.601,-0.912,-4.855
2002-06-23 05:00:00,6.69,-0.597,3.374,-4.036
2002-06-23 06:00:00,6.65,0.168,4.192,-3.887
2002-06-23 07:00:00,6.496,-2.853,1.87,-4.276
2002-06-23 08:00:00,6.899,-4.718,3.794,-0.184
2002-06-23 09:00:00,7.726,-5.454,5.119,-0.238
2002-06-23 10:00:00,7.575,-5.197,3.902,-2.739
2002-06-23 11:00:00,7.466,-4.862,3.43,-1.062
2002-06-23 12:00:00,7.45,-4.192,3.973,-3.82
2002-06-23 13:00:00,7.776,-3.404,5.995,-2.094
2002-06-23 14:00:00,8.179,-5.068,6.109,-1.019
2002-06-23 15:00:00,9.079,-5.042,6.446,3.128
2002-06-23 16:00:00,9.196,-4.679,5.666,5.423
2002-06-23 17:00:00,9.285,-5.197,6.447,3.544
2002-06-23 18:00:00,8.591,-5.317,5.873,0.277
2002-06-23 19:00:00,8.292,-6.494,2.541,2.084
2002-06-23 20:00:00,7.781,-4.682,4.003,-0.558
2002-06-23 21:00:00,7.851,-4.705,3.736,4.067
2002-06-23 22:00:00,8.185,-4.281,5.699,1.899
2002-06-23 23:00:00,7.75,-4.979,5.091,0.563
2002-06-24 00:00:00,7.642,-5.89,4.264,-0.278
2002-06-24 01:00:00,7.477,-5.332,3.481,0.997
2002-06-24 02:00:00,7.362,-3.992,5.557,0.786
2002-06-24 03:00:00,7.11,-3.392,5.734,1.48
2002-06-24 04:00:00,7.04,-5.966,2.501,-0.388
2002-06-24 05:00:00,7.012,-3.798,4.541,0.609
2002-06-24 06:00:00,7.424,0.423,6.711,2.86
2002-06-24 07:00:00,7.416,-0.293,7.112,1.824
2002-06-24 08:00:00,7.017,-2.678,6.028,1.761
2002-06-24 09:00:00,6.883,-2.488,5.798,0.664
2002-06-24 10:00:00,6.803,-3.881,5.324,0.108
2002-06-24 11:00:00,6.648,-3.957,2.655,1.378
2002-06-24 12:00:00,6.615,-4.732,3.811,1.073
2002-06-24 13:00:00,6.427,-4.313,4.315,-0.367
2002-06-24 14:00:00,6.693,-5.744,2.066,0.153
2002-06-24 15:00:00,6.903,-5.596,1.76,-2.721
2002-06-24 16:00:00,6.804,-4.468,4.921,-0.063
2002-06-24 17:00:00,6.885,-3.503,5.711,0.416
2002-06-24 18:00:00,7.183,-1.553,6.488,0.895
2002-06-24 19:00:00,7.116,-1.457,6.37,1.295
2002-06-24 20:00:00,7.361,-1.283,6.513,2.751
2002-06-24 21:00:00,7.22,-0.639,6.298,2.391
2002-06-24 22:00:00,7.246,-2.529,5.653,2.484
2002-06-24 23:00:00,6.869,-4.746,4.147,-1.486
2002-06-25 00:00:00,6.758,-2.696,4.902,1.804
2002-06-25 01:00:00,6.44,-2.346,4.901,0.265
2002-06-25 02:00:00,5.309,-1.386,4.058,1.308
2002-06-25 03:00:00,5.933,-0.555,4.886,1.039
2002-06-25 04:00:00,5.586,-5.211,0.447,0.594
2002-06-25 05:00:00,5.423,-3.79,2.797,1.614
2002-06-25 06:00:00,5.539,-2.019,4.132,1.358
2002-06-25 07:00:00,5.709,-1.665,2.651,1.551
2002-06-25 08:00:00,5.539,-2.729,3.433,0.911
2002-06-25 09:00:00,5.233,-2.367,3.342,-1.048
2002-06-25 10:00:00,5.042,-1.183,2.806,-2.142
2002-06-25 11:00:00,5.282,-1.591,3.575,1.016
2002-06-25 12:00:00,5.461,0.202,3.957,-2.384
2002-06-25 13:00:00,5.029,-1.233,2.926,1.591
2002-06-25 14:00:00,5.261,-1.632,0.387,3.907
2002-06-25 15:00:00,4.731,-0.612,1.294,3.169
2002-06-25 16:00:00,5.321,0.889,4.178,0.795
2002-06-25 17:00:00,5.768,1.834,4.527,-2.143
2002-06-25 18:00:00,5.892,2.986,4.479,-1.641
2002-06-25 19:00:00,5.986,1.871,4.708,-2.373
2002-06-25 20:00:00,6.295,2.123,5.348,-2.207
2002-06-25 21:00:00,6.54,3.169,4.424,-2.493
2002-06-25 22:00:00,5.349,1.573,3.19,-0.526
2002-06-25 23:00:00,3.757,-0.511,1.868,0.028
2002-06-26 00:00:00,3.379,-0.833,0.982,-1.51
2002-06-26 01:00:00,4.145,0.665,3.355,1.711
2002-06-26 02:00:00,4.279,0.995,3.846,1.06
2002-06-26 03:00:00,4.243,1.055,3.343,2.117
2002-06-26 04:00:00,3.59,1.364,2.374,0.852
2002-06-26 05:00:00,3.686,1.227,2.439,2.02
2002-06-26 06:00:00,3.139,0.696,2.692,0.66
2002-06-26 07:00:00,2.837,1.702,1.4,0.445
2002-06-26 08:00:00,3.085,2.859,0.852,-0.13
2002-06-26 09:00:00,3.775,3.536,1.097,0.397
2002-06-26 10:00:00,,,,
2002-06-26 11:00:00,3.333,-0.567,1.067,1.319
2002-06-26 12:00:00,3.463,1.258,2.429,-1.114
2002-06-26 13:00:00,4.97,3.313,2.386,-2.773
2002-06-26 14:00:00,4.911,3.336,1.123,-3.29
2002-06-26 15:00:00,4.305,2.578,1.517,-2.878
2002-06-26 16:00:00,4.222,2.606,1.718,-2.654
2002-06-26 17:00:00,4.635,3.324,2.72,-1.528
2002-06-26 18:00:00,4.803,3.491,2.662,-1.81
2002-06-26 19:00:00,4.865,3.619,2.405,-1.807
2002-06-26 20:00:00,4.726,3.579,2.273,-1.67
2002-06-26 21:00:00,4.311,3.006,2.662,-0.221
2002-06-26 22:00:00,4.271,2.865,2.608,-0.09
2002-06-26 23:00:00,3.806,0.514,2.137,2.26
2002-06-27 00:00:00,3.524,-0.109,2.809,1.87
2002-06-27 01:00:00,3.467,0.878,2.855,1.612
2002-06-27 02:00:00,3.564,1.478,3.097,0.509
2002-06-27 03:00:00,3.254,1.154,2.41,0.18
2002-06-27 04:00:00,2.969,2.234,1.768,0.441
2002-06-27 05:00:00,3.008,2.32,1.808,0.074
2002-06-27 06:00:00,3.037,2.221,1.982,-0.286
2002-06-27 07:00:00,3.144,2.387,2.01,-0.236
2002-06-27 08:00:00,2.998,1.571,2.359,-0.583
2002-06-27 09:00:00,2.85,1.127,2.526,-0.549
2002-06-27 10:00:00,3.4,1.079,3.186,0.153
2002-06-27 11:00:00,3.538,1.118,3.254,0.507
2002-06-27 12:00:00,3.548,0.339,3.274,1.255
2002-06-27 13:00:00,3.39,0.528,3.161,1.032
2002-06-27 14:00:00,3.278,0.997,2.881,0.958
2002-06-27 15:00:00,3.286,1.391,2.607,1.137
2002-06-27 16:00:00,3.131,2.069,2.007,1.067
2002-06-27 17:00:00,3.956,2.454,2.754,1.36
2002-06-27 18:00:00,3.774,2.516,2.323,1.476
2002-06-27 19:00:00,4.066,2.718,2.552,1.527
2002-06-27 20:00:00,4.231,2.867,2.427,1.876
2002-06-27 21:00:00,4.251,3.035,1.801,2.306
2002-06-27 22:00:00,4.33,3.162,1.789,2.307
2002-06-27 23:00:00,4.23,2.774,1.969,2.467
2002-06-28 00:00:00,3.886,2.001,2.1,2.522
2002-06-28 01:00:00,3.812,1.747,2.117,2.541
2002-06-28 02:00:00,3.821,1.588,2.579,2.171
2002-06-28 03:00:00,3.97,-0.484,2.677,2.113
2002-06-28 04:00:00,4.066,-0.363,3.159,2.378
2002-06-28 05:00:00,4.401,1.511,3.376,2.256
2002-06-28 06:00:00,4.824,-0.507,2.972,2.804
2002-06-28 07:00:00,5.193,0.054,3.46,3.531
2002-06-28 08:00:00,4.927,1.665,2.503,3.329
2002-06-28 09:00:00,4.827,2.763,1.568,3.429
2002-06-28 10:00:00,4.853,1.474,2.683,3.3
2002-06-28 11:00:00,5.051,-0.31,3.21,3.401
2002-06-28 12:00:00,5.329,0.623,2.709,4.113
2002-06-28 13:00:00,5.508,2.27,2.356,4.257
2002-06-28 14:00:00,4.938,2.134,1.974,3.535
2002-06-28 15:00:00,4.978,-2.171,4.331,-0.509
2002-06-28 16:00:00,5.198,0.052,4.189,2.281
2002-06-28 17:00:00,5.511,1.259,3.577,3.801
2002-06-28 18:00:00,5.173,3.165,-0.397,3.108
2002-06-28 19:00:00,5.345,3.537,-2.181,2.341
2002-06-28 20:00:00,4.083,1.884,-2.033,1.718
2002-06-28 21:00:00,4.565,2.473,-3.475,0.651
2002-06-28 22:00:00,4.395,2.359,-3.266,0.621
2002-06-28 23:00:00,4.326,3.311,-1.589,-1.907
2002-06-29 00:00:00,4.323,2.259,-3.44,-0.951
2002-06-29 01:00:00,4.262,2.566,-2.026,-1.852
2002-06-29 02:00:00,4.088,2.868,-2.062,-1.412
2002-06-29 03:00:00,4.245,3.034,-1.68,-2.057
2002-06-29 04:00:00,5.192,4.456,-2.549,-0.501
2002-06-29 05:00:00,5.136,4.22,-2.607,-1.181
2002-06-29 06:00:00,5.185,4.114,-2.771,0.549
2002-06-29 07:00:00,5.26,4.679,-2.226,-0.642
2002-06-29 08:00:00,4.824,4.118,-1.766,-0.828
2002-06-29 09:00:00,4.397,1.284,-0.927,-1.319
2002-06-29 10:00:00,4.876,3.447,-3.137,0.805
2002-06-29 11:00:00,4.594,4.164,-1.748,-0.079
2002-06-29 12:00:00,4.761,3.753,-2.601,0.435
2002-06-29 13:00:00,5.273,2.711,-4.441,0.283
2002-06-29 14:00:00,5.532,2.438,-4.923,0.467
2002-06-29 15:00:00,5.571,2.925,-4.507,-0.026
2002-06-29 16:00:00,5.007,1.967,-3.465,-1.761
2002-06-29 17:00:00,4.663,-0.029,-1.394,-3.103
2002-06-29 18:00:00,4.839,2.14,-3.561,-2.018
2002-06-29 19:00:00,5.125,3.519,-2.278,-2.479
2002-06-29 20:00:00,6.305,3.996,-4.09,-1.718
2002-06-29 21:00:00,8.548,4.613,-6.172,-2.934
2002-06-29 22:00:00,8.07,3.788,-6.066,-1.664
2002-06-29 23:00:00,6.977,3.165,-4.588,-3.517
2002-06-30 00:00:00,5.253,1.626,-3.364,-2.72
2002-06-30 01:00:00,4.907,3.13,-2.047,-1.109
2002-06-30 02:00:00,7.016,0.836,-4.034,-2.657
2002-06-30 03:00:00,7.468,1.623,-4.066,-3.739
2002-06-30 04:00:00,7.552,1.974,-3.112,-0.089
2002-06-30 05:00:00,7.154,1.649,-4.326,-4.332
2002-06-30 06:00:00,8.065,-2.91,-1.377,-6.376
2002-06-30 07:00:00,7.838,0.521,-4.323,-5.783
2002-06-30 08:00:00,7.427,3.795,-6.039,-0.743
2002-06-30 09:00:00,7.173,5.157,-2.303,1.649
2002-06-30 10:00:00,7.698,5.913,-3.997,1.556
2002-06-30 11:00:00,7.59,5.321,-2.312,2.889
2002-06-30 12:00:00,8.162,1.402,-5.812,-3.799
2002-06-30 13:00:00,8.537,5.491,-6.073,1.315
2002-06-30 14:00:00,8.289,4.651,-6.691,0.286
2002-06-30 15:00:00,7.506,3.703,-5.616,-1.3
2002-06-30 16:00:00,7.118,-0.758,-0.489,-6.3
2002-06-30 17:00:00,7.879,5.128,-4.752,-2.041
2002-06-30 18:00:00,8.397,4.946,-4.454,-3.096
2002-06-30 19:00:00,8.905,7.742,-2.918,-0.34
2002-06-30 20:00:00,8.596,0.107,-1.994,-7.477
2002-06-30 21:00:00,9.027,4.061,-3.653,-5.766
2002-06-30 22:00:00,10.678,5.292,-7.891,-2.072
2002-06-30 23:00:00,9.8,5.557,-6.879,3.035
2002-07-01 00:00:00,9.768,4.766,-7.014,2.932
2002-07-01 01:00:00,9.137,6.094,-0.289,-2.994
2002-07-01 02:00:00,9.678,6.948,-3.108,0.432
2002-07-01 03:00:00,9.132,3.95,-3.001,3.013
2002-07-01 04:00:00,9.121,4.924,-6.298,1.457
2002-07-01 05:00:00,10.173,3.251,-6.912,4.804
2002-07-01 06:00:00,11.136,5.787,-6.95,3.114
2002-07-01 07:00:00,10.213,8.085,-3.794,-3.219
2002-07-01 08:00:00,9.745,6.966,-4.376,-1.705
2002-07-01 09:00:00,10.135,4.144,-5.93,5.554
2002-07-01 10:00:00,5.869,0.874,-0.621,0.991
2002-07-01 11:00:00,5.616,-1.042,2.133,-0.126
2002-07-01 12:00:00,7.503,2.614,1.636,1.714
2002-07-01 13:00:00,8.29,6.446,-2.663,3.878
2002-07-01 14:00:00,8.153,5.659,-3.422,2.781
2002-07-01 15:00:00,8.3,6.936,-3.931,-1.073
2002-07-01 16:00:00,6.88,3.627,-4.829,0.462
2002-07-01 17:00:00,7.385,1.974,-4.082,2.249
2002-07-01 18:00:00,5.501,-2.423,-1.166,4.618
2002-07-01 19:00:00,6.237,-5.023,0.121,3.472
2002-07-01 20:00:00,5.072,-2.542,-2.626,2.465
2002-07-01 21:00:00,3.99,-0.476,-3.406,0.242
2002-07-01 22:00:00,4.459,-3.045,-2.657,1.281
2002-07-01 23:00:00,4.776,-2.872,-3.428,0.993
2002-07-02 00:00:00,3.648,-2.163,-2.333,-0.285
2002-07-02 01:00:00,2.841,-2.193,-0.499,-0.89
2002-07-02 02:00:00,2.907,-1.777,-0.373,-0.416
2002-07-02 03:00:00,3.023,-0.212,-0.302,1.157
2002-07-02 04:00:00,3.881,-3.551,-0.513,1.039
2002-07-02 05:00:00,3.628,-3.404,-0.681,0.583
2002-07-02 06:00:00,3.906,-3.547,1.051,0.96
2002-07-02 07:00:00,3.034,0.92,-0.346,1.332
2002-07-02 08:00:00,4.198,3.532,-2.005,0.605
2002-07-02 09:00:00,3.741,3.637,-0.744,0.279
2002-07-02 10:00:00,3.673,3.571,-0.382,0.269
2002-07-02 11:00:00,3.098,2.613,1.493,-0.12
2002-07-02 12:00:00,3.71,0.818,-2.468,1.56
2002-07-02 13:00:00,3.3,-0.338,-1.574,1.256
2002-07-02 14:00:00,2.666,1.551,-0.206,0.146
2002-07-02 15:00:00,3.446,0.217,0.47,2.462
2002-07-02 16:00:00,4.159,3.668,0.325,1.32
2002-07-02 17:00:00,4.322,2.96,-0.358,-2.219
2002-07-02 18:00:00,4.292,2.328,-0.813,-2.256
2002-07-02 19:00:00,3.582,-0.931,-1.617,2.681
2002-07-02 20:00:00,3.984,-0.289,-0.297,3.69
2002-07-02 21:00:00,4.053,-1.262,-1.311,3.433
2002-07-02 22:00:00,4.166,-0.663,-3.201,2.327
2002-07-02 23:00:00,4.345,-0.912,-3.651,1.531
2002-07-03 00:00:00,4.124,-0.873,-3.343,1.068
2002-07-03 01:00:00,3.973,-1.59,-2.882,1.207
2002-07-03 02:00:00,3.934,-1.187,-2.179,2.151
2002-07-03 03:00:00,3.752,0.298,-2.705,-0.255
2002-07-03 04:00:00,4.183,0.418,-3.797,-0.112
2002-07-03 05:00:00,3.95,-0.602,-3.08,-0.228
2002-07-03 06:00:00,3.643,0.366,-2.869,0.042
2002-07-03 07:00:00,3.838,1.278,-2.702,-0.508
2002-07-03 08:00:00,3.992,2.91,-0.657,-2.206
2002-07-03 09:00:00,3.62,2.687,-1.833,-0.921
2002-07-03 10:00:00,3.49,2.188,-1.853,-0.629
2002-07-03 11:00:00,3.782,2.747,-2.118,-0.848
2002-07-03 12:00:00,4.018,2.001,-2.161,-2.499
2002-07-03 13:00:00,4.183,0.792,-2.966,-1.269
2002-07-03 14:00:00,3.641,2.722,-0.132,-1.899
2002-07-03 15:00:00,3.681,2.396,-0.799,-2.481
2002-07-03 16:00:00,3.649,2.003,-1.668,-2.326
2002-07-03 17:00:00,2.799,1.298,-1.492,-0.896
2002-07-03 18:00:00,3.213,-0.375,-2.274,1.815
2002-07-03 19:00:00,3.644,-0.304,-2.414,2.498
2002-07-03 20:00:00,3.672,-0.368,-2.876,1.424
2002-07-03 21:00:00,3.79,-0.416,-2.976,1.841
2002-07-03 22:00:00,3.996,-0.385,-3.532,1.072
2002-07-03 23:00:00,3.847,1.426,0.588,-2.292
2002-07-04 00:00:00,3.775,1.482,1.247,-0.702
2002-07-04 01:00:00,3.406,0.205,0.258,0.46
2002-07-04 02:00:00,3.845,2.768,2.449,0.645
2002-07-04 03:00:00,3.598,2.68,1.641,-0.749
2002-07-04 04:00:00,3.276,2.384,0.44,-1.119
2002-07-04 05:00:00,2.597,1.226,-1.611,-0.209
2002-07-04 06:00:00,3.155,0.842,-2.731,-0.27
2002-07-04 07:00:00,3.175,1.273,-2.369,-0.616
2002-07-04 08:00:00,3.021,2.194,-1.808,0.419
2002-07-04 09:00:00,2.61,1.43,-2.02,-0.172
2002-07-04 10:00:00,2.685,2.004,-1.535,-0.009
2002-07-04 11:00:00,2.648,1.557,-1.608,0.529
2002-07-04 12:00:00,2.748,1.925,-0.473,0.574
2002-07-04 13:00:00,2.58,1.312,-0.888,1.007
2002-07-04 14:00:00,3.498,1.698,1.066,2.627
2002-07-04 15:00:00,3.978,1.714,-0.412,3.172
2002-07-04 16:00:00,4.599,1.299,-1.408,3.619
2002-07-04 17:00:00,5.602,2.115,-3.524,2.257
2002-07-04 18:00:00,6.005,3.018,-4.353,1.358
2002-07-04 19:00:00,5.995,0.706,-3.636,-2.828
2002-07-04 20:00:00,5.827,2.826,-3.784,-1.426
2002-07-04 21:00:00,5.025,1.261,-0.641,4.034
2002-07-04 22:00:00,4.672,-0.093,-1.791,-3.388
2002-07-04 23:00:00,3.51,0.594,-1.859,-2.19
2002-07-05 00:00:00,3.831,1.348,1.519,1.456
2002-07-05 01:00:00,3.898,0.261,-0.504,-1.535
2002-07-05 02:00:00,3.358,0.267,-0.715,0.007
2002-07-05 03:00:00,3.003,0.895,-0.61,-0.208
2002-07-05 04:00:00,5.198,4.55,-0.289,0.085
2002-07-05 05:00:00,4.808,-4.139,1.825,-0.297
2002-07-05 06:00:00,5.697,-3.369,1.105,-0.798
2002-07-05 07:00:00,9.629,-8.167,1.922,-2.201
2002-07-05 08:00:00,9.87,-7.903,5.162,-1.54
2002-07-05 09:00:00,11.015,-4.976,8.738,1.421
2002-07-05 10:00:00,12.104,-1.146,8.984,7.521
2002-07-05 11:00:00,11.494,6.501,-5.37,5.638
2002-07-05 12:00:00,12.652,7.014,-9.544,3.025
2002-07-05 13:00:00,12.441,7.3,-7.676,5.093
2002-07-05 14:00:00,12.378,5.264,-8.63,3.512
2002-07-05 15:00:00,12.048,3.727,-8.811,2.422
2002-07-05 16:00:00,12.506,7.871,-7.14,-1.366
2002-07-05 17:00:00,12.558,7.421,-8.59,-4.185
2002-07-05 18:00:00,11.413,9.089,-4.02,2.763
2002-07-05 19:00:00,10.93,7.768,-3.813,2.891
2002-07-05 20:00:00,10.775,3.103,-4.468,7.651
2002-07-05 21:00:00,10.107,5.937,-5.612,-1.902
2002-07-05 22:00:00,11.492,8.004,-3.414,-7.211
2002-07-05 23:00:00,10.944,6.651,-6.255,-0.891
2002-07-06 00:00:00,11.658,7.954,-5.799,-5.5
2002-07-06 01:00:00,11.398,8.075,-3.275,-5.794
2002-07-06 02:00:00,11.639,6.539,-5.624,-5.346
2002-07-06 03:00:00,11.434,6.333,-5.27,-4.961
2002-07-06 04:00:00,10.432,7.023,-3.559,4.8
2002-07-06 05:00:00,11.844,7.501,-3.016,5.373
2002-07-06 06:00:00,12.014,3.544,-1.134,2.612
2002-07-06 07:00:00,11.337,4.542,-3.897,-2.952
2002-07-06 08:00:00,8.191,-0.698,-3.541,-2.963
2002-07-06 09:00:00,7.183,1.921,-1.708,-1.881
2002-07-06 10:00:00,6.99,-0.753,-2.242,-1.156
2002-07-06 11:00:00,8.217,-6.213,2.742,-3.442
2002-07-06 12:00:00,5.819,-3.871,-0.319,-1.911
2002-07-06 13:00:00,3.922,0.038,-0.742,-1.329
2002-07-06 14:00:00,5.03,2.435,0.586,-2.95
2002-07-06 15:00:00,5.662,4.557,1.541,-1.052
2002-07-06 16:00:00,5.661,3.933,1.172,-3.41
2002-07-06 17:00:00,5.689,1.298,0.815,-5.302
2002-07-06 18:00:00,5.242,1.674,2.903,-3.836
2002-07-06 19:00:00,4.759,-0.585,2.766,-3.469
2002-07-06 20:00:00,5.542,2.791,1.249,-4.13
2002-07-06 21:00:00,6.079,4.412,-0.454,-4.059
2002-07-06 22:00:00,5.668,4.564,-2.593,-1.584
2002-07-06 23:00:00,5.6,4.816,-2.81,-0.189
2002-07-07 00:00:00,5.226,3.879,-3.375,-0.303
2002-07-07 01:00:00,5.667,4.417,-3.32,0.322
2002-07-07 02:00:00,5.722,4.993,-2.574,0.928
2002-07-07 03:00:00,5.633,4.169,-1.884,-0.191
2002-07-07 04:00:00,5.544,4.469,-1.514,-2.255
2002-07-07 05:00:00,5.663,4.966,-2.077,-1.495
2002-07-07 06:00:00,5.053,4.49,-2.154,-0.547
2002-07-07 07:00:00,4.793,4.35,-1.108,-1.164
2002-07-07 08:00:00,4.875,4.086,-1.152,-1.967
2002-07-07 09:00:00,5.321,5.016,0.402,-0.852
2002-07-07 10:00:00,5.464,5.223,0.456,-1.293
2002-07-07 11:00:00,5.503,5.318,-0.041,-1.15
2002-07-07 12:00:00,5.246,4.746,-0.814,-0.908
2002-07-07 13:00:00,4.704,2.042,0.055,-4.032
2002-07-07 14:00:00,4.518,3.057,-0.793,-3.064
2002-07-07 15:00:00,4.603,3.854,-0.252,-2.379
2002-07-07 16:00:00,4.627,4.201,1.288,-0.162
2002-07-07 17:00:00,4.733,4.005,0.898,-1.284
2002-07-07 18:00:00,4.676,2.517,-1.708,-1.88
2002-07-07 19:00:00,4.772,4.304,-1.349,0.501
2002-07-07 20:00:00,4.893,4.041,-1.184,1.957
2002-07-07 21:00:00,4.815,3.335,-2.878,0.301
2002-07-07 22:00:00,4.736,2.046,-3.192,-1.838
2002-07-07 23:00:00,5.047,1.516,-3.818,-2.321
2002-07-08 00:00:00,5.271,3.241,-3.536,-0.967
2002-07-08 01:00:00,5.302,4.63,-2.357,0.487
2002-07-08 02:00:00,5.216,3.501,-2.734,-0.369
2002-07-08 03:00:00,5.134,2.883,-3.125,-1.245
2002-07-08 04:00:00,5.914,2.053,-4.986,0.466
2002-07-08 05:00:00,6.089,3.103,-4.332,1.797
2002-07-08 06:00:00,6.131,5.64,-1.141,1.655
2002-07-08 07:00:00,6.127,5.053,-1.811,-1.442
2002-07-08 08:00:00,5.907,4.828,-0.44,-1.84
2002-07-08 09:00:00,6.025,3.113,-2.908,-1.47
2002-07-08 10:00:00,6.726,3.139,-5.081,0.917
2002-07-08 11:00:00,6.496,3.84,-1.985,-2.786
2002-07-08 12:00:00,6.646,3.63,-2.644,-1.239
2002-07-08 13:00:00,7.148,2.98,-5.46,1.355
2002-07-08 14:00:00,6.688,2.689,-5.578,1.189
2002-07-08 15:00:00,6.878,3.459,-5.456,0.447
2002-07-08 16:00:00,7.19,4.888,-4.025,2.509
2002-07-08 17:00:00,7.245,3.785,-0.879,3.439
2002-07-08 18:00:00,7.679,3.663,-1.94,4.893
2002-07-08 19:00:00,7.798,4.437,-5.614,-0.053
2002-07-08 20:00:00,7.434,1.665,-2.533,-5.842
2002-07-08 21:00:00,7.666,2.405,-5.906,0.378
2002-07-08 22:00:00,8.101,3.354,-6.955,0.384
2002-07-08 23:00:00,7.004,-1.657,-0.99,-4.443
2002-07-09 00:00:00,8.426,0.112,-7.319,-3.381
2002-07-09 01:00:00,8.763,1.601,-8.031,-1.945
2002-07-09 02:00:00,9.077,-1.017,-7.317,4.171
2002-07-09 03:00:00,9.325,-0.014,-5.495,5.301
2002-07-09 04:00:00,8.997,1.784,-4.719,5.96
2002-07-09 05:00:00,7.122,0.128,-0.552,-4.784
2002-07-09 06:00:00,6.761,2.322,-0.626,-0.594
2002-07-09 07:00:00,6.277,1.22,2.747,1.252
2002-07-09 08:00:00,6.58,2.671,-3.669,-1.272
2002-07-09 09:00:00,6.943,2.194,-3.796,-1.622
2002-07-09 10:00:00,7.177,3.596,-3.132,3.967
2002-07-09 11:00:00,6.569,4.295,-2.397,2.102
2002-07-09 12:00:00,5.948,3.68,-2.282,1.781
2002-07-09 13:00:00,5.995,3.922,-3.052,0.267
2002-07-09 14:00:00,6.601,1.914,-3.116,-4.635
2002-07-09 15:00:00,8.18,2.647,-5.412,-2.801
2002-07-09 16:00:00,8.043,4.67,-6.109,-0.626
2002-07-09 17:00:00,7.18,4.543,-4.6,-1.78
2002-07-09 18:00:00,7.026,4.482,-2.403,-2.166
2002-07-09 19:00:00,8.032,2.122,-6.322,-1.925
2002-07-09 20:00:00,7.819,2.859,-5.138,-2.895
2002-07-09 21:00:00,7.523,3.673,-5.047,-0.321
2002-07-09 22:00:00,7.363,2.924,-5.936,-0.629
2002-07-09 23:00:00,6.584,4.598,-4.188,0.362
2002-07-10 00:00:00,5.738,4.672,-1.19,1.982
2002-07-10 01:00:00,5.46,3.853,-2.891,1.606
2002-07-10 02:00:00,5.347,3.611,-2.582,0.599
2002-07-10 03:00:00,4.67,3.311,-2.719,-0.53
2002-07-10 04:00:00,4.277,3.402,-2.17,0.637
2002-07-10 05:00:00,4.442,1.41,-2.396,0.189
2002-07-10 06:00:00,5.867,-2.021,-4.405,-1.814
2002-07-10 07:00:00,5.212,-0.391,-3.787,0.885
2002-07-10 08:00:00,3.799,0.869,-0.239,-2.255
2002-07-10 09:00:00,3.597,1.099,-0.437,-1.207
2002-07-10 10:00:00,3.054,-0.715,-1.017,0.951
2002-07-10 11:00:00,3.441,1.657,-2.448,0.732
2002-07-10 12:00:00,4.111,1.968,-3.182,0.187
2002-07-10 13:00:00,4.171,3.186,-0.485,0.701
2002-07-10 14:00:00,4.214,4.05,0.842,-0.587
2002-07-10 15:00:00,4.331,4.069,0.486,-1.204
2002-07-10 16:00:00,4.27,3.851,0.016,-1.436
2002-07-10 17:00:00,4.457,3.984,-1.779,-0.531
2002-07-10 18:00:00,4.408,3.933,-1.699,-0.715
2002-07-10 19:00:00,4.088,1.538,-3.392,-0.072
2002-07-10 20:00:00,4.984,3.631,-2.167,-2.108
2002-07-10 21:00:00,4.802,4.312,-0.83,-1.217
2002-07-10 22:00:00,4.978,4.726,-0.099,-0.728
2002-07-10 23:00:00,4.876,4.785,0.194,0.635
2002-07-11 00:00:00,4.572,4.083,-0.935,0.413
2002-07-11 01:00:00,5.078,4.173,-0.831,1.705
2002-07-11 02:00:00,5.159,-0.97,-4.414,0.596
2002-07-11 03:00:00,5.165,-2.818,-3.571,1.501
2002-07-11 04:00:00,5.559,-3.545,-3.659,1.755
2002-07-11 05:00:00,5.771,-3.681,-4.095,0.007
2002-07-11 06:00:00,5.589,-3.058,-3.759,-0.714
2002-07-11 07:00:00,5.872,-2.678,-4.599,0.378
2002-07-11 08:00:00,5.756,-3.81,-3.437,1.635
2002-07-11 09:00:00,4.961,-0.89,-3.81,-0.382
2002-07-11 10:00:00,4.508,-0.085,-3.301,-0.183
2002-07-11 11:00:00,4.917,-1.816,-3.439,-0.343
2002-07-11 12:00:00,4.137,1.023,-3.31,-0.892
2002-07-11 13:00:00,4.724,3.083,-2.993,0.409
2002-07-11 14:00:00,4.36,2.261,-2.83,1.735
2002-07-11 15:00:00,4.26,3.255,0.682,1.66
2002-07-11 16:00:00,4.44,1.894,-1.424,0.618
2002-07-11 17:00:00,5.354,1.408,-3.863,0.109
2002-07-11 18:00:00,5.61,-0.104,-4.643,-2.797
2002-07-11 19:00:00,5.55,-2.157,-2.027,-4.338
2002-07-11 20:00:00,5.29,-1.5,-2.121,-4.057
2002-07-11 21:00:00,4.852,-1.352,-1.829,-4.03
2002-07-11 22:00:00,5.381,0.086,-3.017,-3.215
2002-07-11 23:00:00,6.956,3.627,-4.109,-3.481
2002-07-12 00:00:00,9.099,0.723,-7.969,1.403
2002-07-12 01:00:00,9.702,-0.123,-2.805,8.967
2002-07-12 02:00:00,8.697,-2.488,-3.713,6.532
2002-07-12 03:00:00,9.017,-3.105,-0.67,7.582
2002-07-12 04:00:00,10.921,-6.724,7.03,4.208
2002-07-12 05:00:00,12.196,-6.836,9.328,2.374
2002-07-12 06:00:00,13.79,-5.038,11.941,-1.004
2002-07-12 07:00:00,15.606,-4.131,13.413,-4.806
2002-07-12 08:00:00,14.178,-4.816,7.663,-8.108
2002-07-12 09:00:00,11.744,-3.688,8.539,-2.82
2002-07-12 10:00:00,10.904,-7.033,4.639,-0.873
2002-07-12 11:00:00,12.149,-5.145,8.428,1.642
2002-07-12 12:00:00,11.536,-3.663,9.321,-1.495
2002-07-12 13:00:00,9.827,-2.672,7.156,-0.9
2002-07-12 14:00:00,8.762,-3.371,4.379,-2.476
2002-07-12 15:00:00,6.499,-3.807,3.046,1.864
2002-07-12 16:00:00,6.507,-3.995,0.428,3.135
2002-07-12 17:00:00,6.006,-1.604,3.011,-2.477
2002-07-12 18:00:00,5.587,-3.259,2.673,3.096
2002-07-12 19:00:00,6.122,-4.132,3.856,1.254
2002-07-12 20:00:00,6.404,-4.36,4.164,0.983
2002-07-12 21:00:00,5.02,3.557,2.03,1.816
2002-07-12 22:00:00,5.03,1.897,3.364,1.586
2002-07-12 23:00:00,5.044,-1.838,1.552,1.475
2002-07-13 00:00:00,5.087,-3.546,1.939,-0.479
2002-07-13 01:00:00,4.911,-4.406,-0.23,0.71
2002-07-13 02:00:00,5.223,-3.683,3.272,0.031
2002-07-13 03:00:00,4.55,-4.194,0.083,0.624
2002-07-13 04:00:00,4.605,-4.016,0.198,-0.126
2002-07-13 05:00:00,4.419,-3.807,0.028,1.749
2002-07-13 06:00:00,4.786,-4.603,-0.573,0.776
2002-07-13 07:00:00,5.083,-4.836,-1.359,0.551
2002-07-13 08:00:00,3.508,-2.631,-0.39,1.322
2002-07-13 09:00:00,4.646,-4.084,1.636,-1.212
2002-07-13 10:00:00,4.733,-4.072,2.317,-0.074
2002-07-13 11:00:00,5.452,-4.953,0.987,-1.398
2002-07-13 12:00:00,6.127,-4.069,3.463,-1.845
2002-07-13 13:00:00,5.992,-4.848,3.019,-1.174
2002-07-13 14:00:00,5.59,-4.156,3.626,0.132
2002-07-13 15:00:00,5.629,-4.512,3.002,-1.035
2002-07-13 16:00:00,5.53,-4.602,2.567,-1.318
2002-07-13 17:00:00,4.865,-1.246,4.256,0.849
2002-07-13 18:00:00,5.185,-2.945,3.99,-0.25
2002-07-13 19:00:00,5.199,-2.132,4.158,1.36
2002-07-13 20:00:00,5.005,-3.619,3.153,0.579
2002-07-13 21:00:00,4.858,-3.909,2.626,-0.307
2002-07-13 22:00:00,4.686,-2.584,3.672,0.959
2002-07-13 23:00:00,4.538,-3.563,2.647,0.471
2002-07-14 00:00:00,4.335,-3.236,2.596,1.123
2002-07-14 01:00:00,4.014,-3.468,1.801,0.756
2002-07-14 02:00:00,3.502,-2.643,1.688,0.636
2002-07-14 03:00:00,3.041,-1.017,1.331,0.695
2002-07-14 04:00:00,3.371,-2.89,1.537,0.581
2002-07-14 05:00:00,3.642,-2.772,2.185,-0.029
2002-07-14 06:00:00,3.615,-2.792,2.231,-0.064
2002-07-14 07:00:00,3.449,-3.087,1.291,-0.244
2002-07-14 08:00:00,3.566,-3.296,0.989,-0.03
2002-07-14 09:00:00,4.029,-3.137,2.274,0.74
2002-07-14 10:00:00,4.672,-3.146,3.336,0.609
2002-07-14 11:00:00,4.673,-2.427,3.668,1.029
2002-07-14 12:00:00,4.411,0.233,4.263,-0.888
2002-07-14 13:00:00,4.991,-1.915,4.468,-0.709
2002-07-14 14:00:00,4.843,-3.139,3.622,0.429
2002-07-14 15:00:00,4.421,-3.347,2.813,-0.203
2002-07-14 16:00:00,3.883,-1.408,3.428,-0.465
2002-07-14 17:00:00,4.176,-0.938,4.002,-0.316
2002-07-14 18:00:00,4.378,-2.865,3.145,0.044
2002-07-14 19:00:00,4.532,-2.783,3.322,0.897
2002-07-14 20:00:00,4.659,-2.97,3.501,0.115
2002-07-14 21:00:00,4.904,-3.69,3.046,0.253
2002-07-14 22:00:00,4.96,-3.13,3.544,1.402
2002-07-14 23:00:00,4.529,-2.958,2.543,2.21
2002-07-15 00:00:00,3.293,-1.205,1.339,0.234
2002-07-15 01:00:00,3.499,2.654,-1.871,-1.069
2002-07-15 02:00:00,3.873,3.175,-2.098,-0.004
2002-07-15 03:00:00,3.632,3.39,-1.219,0.151
2002-07-15 04:00:00,3.574,3.474,-0.745,-0.162
2002-07-15 05:00:00,3.962,3.794,0.502,-0.408
2002-07-15 06:00:00,4.91,4.438,-0.574,1.873
2002-07-15 07:00:00,3.273,2.359,-1.496,1.614
2002-07-15 08:00:00,4.022,3.359,-0.931,1.457
2002-07-15 09:00:00,3.123,1.311,-1.852,0.58
2002-07-15 10:00:00,2.839,1.592,-1.888,0.838
2002-07-15 11:00:00,3.056,2.222,-1.83,0.134
2002-07-15 12:00:00,3.921,3.742,-1.076,0.417
2002-07-15 13:00:00,3.807,3.705,-0.189,0.67
2002-07-15 14:00:00,4.032,3.729,0.716,0.929
2002-07-15 15:00:00,4.036,3.103,1.988,1.402
2002-07-15 16:00:00,3.368,0.435,0.201,0.368
2002-07-15 17:00:00,3.075,-2.56,-0.579,-0.541
2002-07-15 18:00:00,4.166,-4.08,-0.272,-0.679
2002-07-15 19:00:00,4.156,-3.916,0.785,-0.963
2002-07-15 20:00:00,3.47,-3.089,1.146,-0.705
2002-07-15 21:00:00,3.318,-3.23,-0.056,-0.295
2002-07-15 22:00:00,3.04,-2.928,-0.682,-0.195
2002-07-15 23:00:00,2.758,-2.493,-0.327,-0.204
2002-07-16 00:00:00,2.6,-2.374,-0.022,-0.191
2002-07-16 01:00:00,3.037,-0.12,2.116,1.169
2002-07-16 02:00:00,5.626,-2.18,2.947,-3.654
2002-07-16 03:00:00,7.832,-0.364,5.882,3.583
2002-07-16 04:00:00,5.296,0.286,1.954,1.858
2002-07-16 05:00:00,4.159,-1.217,3.082,-1.391
2002-07-16 06:00:00,3.377,0.581,1.891,0.789
2002-07-16 07:00:00,3.864,2.06,-0.146,1.209
2002-07-16 08:00:00,8.524,0.263,7.247,1.754
2002-07-16 09:00:00,9.252,-1.907,8.079,0.111
2002-07-16 10:00:00,8.557,-5.172,6.108,-1.797
2002-07-16 11:00:00,7.274,-3.413,6.095,0.615
2002-07-16 12:00:00,7.155,-5.498,3.52,-1.509
2002-07-16 13:00:00,7.648,-5.353,1.436,-3.152
2002-07-16 14:00:00,7.584,-3.832,5.083,0.416
2002-07-16 15:00:00,7.895,-4.381,5.827,-0.658
2002-07-16 16:00:00,8.612,-4.222,1.974,-5.702
2002-07-16 17:00:00,8.698,-3.858,-2.268,-5.469
2002-07-16 18:00:00,8.51,-1.806,-0.678,-3.305
2002-07-16 19:00:00,9.035,-4.949,6.658,-0.804
2002-07-16 20:00:00,8.343,-3.281,5.156,-2.065
2002-07-16 21:00:00,7.491,-3.838,3.518,-2.56
2002-07-16 22:00:00,8.431,-2.765,6.984,3.391
2002-07-16 23:00:00,7.115,-1.703,5.736,1.897
2002-07-17 00:00:00,7.225,-2.228,6.152,-1.121
2002-07-17 01:00:00,7.167,-0.724,4.768,-4.281
2002-07-17 02:00:00,7.145,-3.669,5.471,0.414
2002-07-17 03:00:00,7.074,-5.413,0.706,3.074
2002-07-17 04:00:00,7.445,-5.052,2.827,-0.202
2002-07-17 05:00:00,7.102,-2.793,2.585,-2.489
2002-07-17 06:00:00,7.605,-2.784,4.492,-4.055
2002-07-17 07:00:00,7.338,-4.769,3.35,1.337
2002-07-17 08:00:00,7.553,-3.625,5.21,1.224
2002-07-17 09:00:00,7.702,-1.943,4.832,-4.327
2002-07-17 10:00:00,7.334,-4.24,4.189,0.139
2002-07-17 11:00:00,7.488,-6.227,3.212,0.359
2002-07-17 12:00:00,8.125,-4.671,3.832,-4.763
2002-07-17 13:00:00,7.89,-4.3,6.016,-0.961
2002-07-17 14:00:00,6.872,-4.925,2.803,1.537
2002-07-17 15:00:00,12.023,-7.716,-0.165,-3.491
2002-07-17 16:00:00,15.085,-6.664,9.537,3.28
2002-07-17 17:00:00,14.042,-8.316,9.23,-0.477
2002-07-17 18:00:00,15.166,-7.483,11.345,5.447
2002-07-17 19:00:00,11.532,-5.944,7.994,2.753
2002-07-17 20:00:00,9.842,-7.349,4.079,2.03
2002-07-17 21:00:00,9.03,-7.567,-2.071,1.023
2002-07-17 22:00:00,6.948,-5.077,3.781,-0.959
2002-07-17 23:00:00,6.344,-4.476,3.366,0.95
2002-07-18 00:00:00,5.602,-2.434,1.431,1.89
2002-07-18 01:00:00,4.396,-1.923,-0.265,3.554
2002-07-18 02:00:00,4.551,-2.574,0.615,2.964
2002-07-18 03:00:00,4.988,-2.236,3.311,0.485
2002-07-18 04:00:00,5.056,-1.883,3.311,0.365
2002-07-18 05:00:00,5.229,-3.741,1.031,2.788
2002-07-18 06:00:00,5.651,-2.214,3.197,3.178
2002-07-18 07:00:00,5.855,-0.982,1.893,4.095
2002-07-18 08:00:00,5.311,-1.142,3.256,-2.121
2002-07-18 09:00:00,5.593,0.647,2.33,-4.992
2002-07-18 10:00:00,4.716,-2.781,2.438,-1.085
2002-07-18 11:00:00,4.53,-3.937,1.342,0.726
2002-07-18 12:00:00,6.126,-3.469,4.67,-0.971
2002-07-18 13:00:00,6.365,-4.244,4.647,-0.169
2002-07-18 14:00:00,6.426,-4.886,3.64,1.807
2002-07-18 15:00:00,6.407,-4.573,2.961,3.215
2002-07-18 16:00:00,6.43,-3.69,2.567,3.77
2002-07-18 17:00:00,6.542,-3.012,0.608,5.633
2002-07-18 18:00:00,6.284,-3.517,1.642,4.431
2002-07-18 19:00:00,6.258,-4.535,2.563,3.397
2002-07-18 20:00:00,5.953,-4.099,2.782,3.221
2002-07-18 21:00:00,5.561,-3.774,3.39,2.059
2002-07-18 22:00:00,6.26,-1.512,0.916,5.767
2002-07-18 23:00:00,6.217,-0.528,-0.858,6.086
2002-07-19 00:00:00,6.183,-1.383,0.33,5.899
2002-07-19 01:00:00,5.965,0.348,-2.114,5.495
2002-07-19 02:00:00,5.984,0.577,-0.997,5.819
2002-07-19 03:00:00,6.018,0.623,0.947,5.856
2002-07-19 04:00:00,6.275,-0.411,1.083,5.736
2002-07-19 05:00:00,5.733,-0.941,1.052,5.394
2002-07-19 06:00:00,5.135,0.533,1.533,4.743
2002-07-19 07:00:00,5.252,1.601,-1.636,3.791
2002-07-19 08:00:00,4.659,0.038,-4.478,0.491
2002-07-19 09:00:00,8.099,0.303,-7.353,1.735
2002-07-19 10:00:00,9.732,-6.51,-3.424,-3.542
2002-07-19 11:00:00,8.386,-7.899,1.269,-2.358
2002-07-19 12:00:00,8.658,-8.241,1.099,-1.929
2002-07-19 13:00:00,8.771,-8.669,0.63,0.596
2002-07-19 14:00:00,10.514,-8.849,0.775,4.78
2002-07-19 15:00:00,17.651,-4.786,-9.334,12.953
2002-07-19 16:00:00,18.93,-14.059,6.466,9.833
2002-07-19 17:00:00,17.83,-15.097,2.574,8.639
2002-07-19 18:00:00,17.815,-15.234,1.126,8.972
2002-07-19 19:00:00,17.621,-16.794,2.084,4.436
2002-07-19 20:00:00,18.417,-17.493,5.023,0.165
2002-07-19 21:00:00,16.934,-14.21,7.685,-4.157
2002-07-19 22:00:00,8.653,-6.115,5.04,-2.058
2002-07-19 23:00:00,10.733,6.285,1.569,-6.661
2002-07-20 00:00:00,9.72,2.854,7.25,-1.6
2002-07-20 01:00:00,13.62,-0.614,12.108,5.803
2002-07-20 02:00:00,11.96,4.26,9.057,-0.289
2002-07-20 03:00:00,9.361,8.019,2.248,-3.283
2002-07-20 04:00:00,8.562,8.194,2.107,-0.365
2002-07-20 05:00:00,7.93,6.309,3.137,0.951
2002-07-20 06:00:00,8.175,7.404,2.53,1.395
2002-07-20 07:00:00,7.997,6.361,3.163,2.423
2002-07-20 08:00:00,7.767,6.793,1.333,2.481
2002-07-20 09:00:00,7.608,7.504,1.12,0.203
2002-07-20 10:00:00,7.691,7.493,1.609,0.135
2002-07-20 11:00:00,7.754,7.597,1.007,-0.336
2002-07-20 12:00:00,6.075,5.982,-0.637,0.052
2002-07-20 13:00:00,6.077,6.04,-0.059,-0.62
2002-07-20 14:00:00,6.088,5.978,-0.258,-1.081
2002-07-20 15:00:00,5.901,5.763,-0.341,-1.174
2002-07-20 16:00:00,5.789,5.427,-0.714,-1.651
2002-07-20 17:00:00,5.485,4.798,-0.624,-2.325
2002-07-20 18:00:00,5.381,4.87,-0.375,-2.169
2002-07-20 19:00:00,5.517,5.241,0.296,-1.61
2002-07-20 20:00:00,5.56,4.529,0.049,-2.789
2002-07-20 21:00:00,5.872,3.741,0.046,-4.491
2002-07-20 22:00:00,5.339,3.911,1.236,-3.319
2002-07-20 23:00:00,4.895,3.992,0.65,-1.732
2002-07-21 00:00:00,4.99,3.54,2.844,0.965
2002-07-21 01:00:00,5.581,4.207,2.462,-1.989
2002-07-21 02:00:00,5.88,3.366,1.442,-4.369
2002-07-21 03:00:00,5.895,3.773,1.541,-4.023
2002-07-21 04:00:00,5.644,4.238,1.517,-2.873
2002-07-21 05:00:00,5.801,5.307,2.093,-0.342
2002-07-21 06:00:00,5.748,5.157,2.143,0.315
2002-07-21 07:00:00,6.039,5.247,2.404,0.536
2002-07-21 08:00:00,6.494,5.595,2.856,1.274
2002-07-21 09:00:00,6.32,5.328,3.294,0.038
2002-07-21 10:00:00,6.006,4.664,3.646,0.633
2002-07-21 11:00:00,4.35,0.553,0.314,-1.79
2002-07-21 12:00:00,4.797,-2.505,-1.185,-2.476
2002-07-21 13:00:00,4.4,0.308,-0.182,-3.766
2002-07-21 14:00:00,5.58,-1.166,-1.688,-4.979
2002-07-21 15:00:00,5.396,-0.202,-2.062,-4.83
2002-07-21 16:00:00,6.088,-0.343,2.478,-4.248
2002-07-21 17:00:00,5.559,-1.083,3.797,-3.237
2002-07-21 18:00:00,5.055,-2.043,3.436,-2.223
2002-07-21 19:00:00,4.141,-0.94,3.426,-0.943
2002-07-21 20:00:00,4.513,-2.504,3.592,0.29
2002-07-21 21:00:00,5.086,-2.834,3.351,1.589
2002-07-21 22:00:00,5.244,-3.844,2.898,1.421
2002-07-21 23:00:00,5.376,-2.809,3.989,1.214
2002-07-22 00:00:00,4.946,0.562,4.653,-0.622
2002-07-22 01:00:00,5.142,-0.921,4.928,-0.653
2002-07-22 02:00:00,5.398,-0.597,5.293,-0.115
2002-07-22 03:00:00,5.609,-1.221,5.443,0.121
2002-07-22 04:00:00,6.119,-3.122,4.767,-1.003
2002-07-22 05:00:00,9.552,-7.416,4.186,-2.736
2002-07-22 06:00:00,9.231,-8.269,1.764,-3.105
2002-07-22 07:00:00,8.893,-6.733,1.131,-3.819
2002-07-22 08:00:00,8.147,-5.734,2.553,-3.996
2002-07-22 09:00:00,7.377,-6.191,1.028,-3.636
2002-07-22 10:00:00,6.177,-3.927,2.508,-2.501
2002-07-22 11:00:00,6.451,-4.918,2.202,-1.888
2002-07-22 12:00:00,6.477,-5.181,1.226,-1.018
2002-07-22 13:00:00,7.228,-4.972,2.003,-2.765
2002-07-22 14:00:00,6.85,-6.071,-0.535,-2.159
2002-07-22 15:00:00,6.803,-4.297,4.878,-1.122
2002-07-22 16:00:00,6.61,-2.562,4.801,-2.314
2002-07-22 17:00:00,6.0,-0.551,5.521,-0.727
2002-07-22 18:00:00,5.972,-0.849,5.24,-0.155
2002-07-22 19:00:00,6.17,-3.82,2.896,-2.493
2002-07-22 20:00:00,5.817,-2.482,3.554,-0.373
2002-07-22 21:00:00,5.963,-4.251,2.762,-1.774
2002-07-22 22:00:00,6.19,-4.467,3.448,-0.055
2002-07-22 23:00:00,6.36,-5.128,2.73,-1.446
2002-07-23 00:00:00,5.89,-0.995,5.351,0.323
2002-07-23 01:00:00,5.183,-2.213,3.585,-1.122
2002-07-23 02:00:00,4.574,-3.506,1.484,-1.152
2002-07-23 03:00:00,4.53,-3.833,1.779,-0.076
2002-07-23 04:00:00,4.907,-3.552,2.449,-0.736
2002-07-23 05:00:00,4.585,-2.468,1.502,-2.341
2002-07-23 06:00:00,4.161,-1.76,2.311,-1.292
2002-07-23 07:00:00,4.204,-2.806,1.583,-1.112
2002-07-23 08:00:00,4.557,-4.228,1.453,-0.567
2002-07-23 09:00:00,4.033,-2.02,2.641,-1.281
2002-07-23 10:00:00,4.511,-3.88,1.786,0.014
2002-07-23 11:00:00,4.888,-3.23,1.422,-2.779
2002-07-23 12:00:00,5.648,-3.897,-2.456,-2.009
2002-07-23 13:00:00,5.142,-4.336,-0.944,0.119
2002-07-23 14:00:00,4.564,-3.162,-1.447,-1.739
2002-07-23 15:00:00,4.198,-3.519,-0.881,-1.231
2002-07-23 16:00:00,4.168,-1.66,0.186,-2.968
2002-07-23 17:00:00,4.197,-0.628,0.136,-3.659
2002-07-23 18:00:00,5.555,-3.475,-0.749,-4.117
2002-07-23 19:00:00,5.101,-1.905,-1.476,-4.312
2002-07-23 20:00:00,4.384,0.723,0.172,-0.566
2002-07-23 21:00:00,4.758,2.316,0.046,-3.685
2002-07-23 22:00:00,6.1,-3.869,-2.213,-2.797
2002-07-23 23:00:00,5.627,-2.718,-3.428,2.922
2002-07-24 00:00:00,4.404,0.574,-0.753,1.427
2002-07-24 01:00:00,4.058,1.016,-1.374,0.948
2002-07-24 02:00:00,4.202,-1.897,2.75,1.559
2002-07-24 03:00:00,4.259,-2.489,1.818,-2.359
2002-07-24 04:00:00,4.121,-3.343,1.662,0.376
2002-07-24 05:00:00,2.734,-0.682,0.634,1.903
2002-07-24 06:00:00,3.065,-0.633,-0.281,-0.421
2002-07-24 07:00:00,3.378,-1.271,2.213,-0.555
2002-07-24 08:00:00,7.119,-0.944,-6.975,-0.482
2002-07-24 09:00:00,6.83,0.233,-6.778,-0.371
2002-07-24 10:00:00,6.917,-0.274,-6.867,-0.132
2002-07-24 11:00:00,6.178,-0.393,-5.755,-0.445
2002-07-24 12:00:00,4.979,0.097,-4.226,-1.677
2002-07-24 13:00:00,4.087,3.236,-1.874,0.443
2002-07-24 14:00:00,4.191,3.943,0.339,-0.224
2002-07-24 15:00:00,4.153,4.03,0.784,-0.141
2002-07-24 16:00:00,4.304,4.139,-0.734,0.194
2002-07-24 17:00:00,4.421,4.005,-0.371,-0.465
2002-07-24 18:00:00,5.509,3.476,2.771,-2.285
2002-07-24 19:00:00,5.289,4.291,2.493,-1.177
2002-07-24 20:00:00,4.983,4.612,1.362,-0.92
2002-07-24 21:00:00,5.049,5.017,0.349,0.017
2002-07-24 22:00:00,5.419,5.159,0.807,0.679
2002-07-24 23:00:00,5.536,5.198,1.435,-0.639
2002-07-25 00:00:00,5.09,3.572,1.751,-2.232
2002-07-25 01:00:00,5.347,4.471,1.274,-2.425
2002-07-25 02:00:00,4.911,4.542,0.37,-1.381
2002-07-25 03:00:00,5.496,5.103,-0.387,-1.599
2002-07-25 04:00:00,5.106,4.113,-2.041,-1.495
2002-07-25 05:00:00,6.354,3.847,-4.811,-0.456
2002-07-25 06:00:00,6.389,5.479,-1.916,1.994
2002-07-25 07:00:00,6.241,0.588,-1.401,-1.787
2002-07-25 08:00:00,6.243,2.241,-1.818,-1.918
2002-07-25 09:00:00,6.888,5.724,-1.552,2.617
2002-07-25 10:00:00,6.957,5.386,-3.267,0.913
2002-07-25 11:00:00,7.322,4.715,-3.635,-1.646
2002-07-25 12:00:00,8.214,4.706,-2.782,4.308
2002-07-25 13:00:00,13.529,8.16,-5.984,8.185
2002-07-25 14:00:00,13.151,7.529,-8.381,4.053
2002-07-25 15:00:00,12.377,7.75,-7.081,3.938
2002-07-25 16:00:00,11.224,6.729,-6.744,3.34
2002-07-25 17:00:00,10.64,7.078,-5.576,2.611
2002-07-25 18:00:00,9.809,5.807,-4.726,2.993
2002-07-25 19:00:00,9.034,5.888,-4.631,0.679
2002-07-25 20:00:00,8.561,6.017,-4.137,0.073
2002-07-25 21:00:00,8.681,2.672,-7.217,-2.958
2002-07-25 22:00:00,8.004,1.916,-2.531,-0.661
2002-07-25 23:00:00,8.004,-1.089,-4.591,0.266
2002-07-26 00:00:00,8.264,1.788,-3.637,-1.701
2002-07-26 01:00:00,8.068,4.526,-5.899,-1.088
2002-07-26 02:00:00,8.323,5.965,-5.459,0.817
2002-07-26 03:00:00,8.343,4.19,-6.448,-0.58
2002-07-26 04:00:00,8.187,3.988,-6.834,0.219
2002-07-26 05:00:00,7.904,5.096,-5.897,0.035
2002-07-26 06:00:00,7.646,4.876,-5.378,-1.074
2002-07-26 07:00:00,7.563,-1.246,-2.648,-5.373
2002-07-26 08:00:00,7.154,-0.12,-3.649,-4.449
2002-07-26 09:00:00,7.754,2.087,-6.373,1.209
2002-07-26 10:00:00,7.582,2.545,-5.775,2.387
2002-07-26 11:00:00,8.1,6.868,-1.512,3.638
2002-07-26 12:00:00,7.455,6.823,1.337,2.014
2002-07-26 13:00:00,7.226,5.516,1.918,-3.034
2002-07-26 14:00:00,7.453,6.404,1.778,-2.235
2002-07-26 15:00:00,7.417,6.993,0.006,0.595
2002-07-26 16:00:00,7.251,5.907,-0.021,0.087
2002-07-26 17:00:00,7.101,6.258,1.016,-2.25
2002-07-26 18:00:00,6.881,3.123,-0.893,-3.794
2002-07-26 19:00:00,7.146,3.566,0.814,-4.621
2002-07-26 20:00:00,7.45,3.815,3.319,-4.679
2002-07-26 21:00:00,8.05,5.748,0.834,-2.337
2002-07-26 22:00:00,8.008,5.982,-4.377,0.77
2002-07-26 23:00:00,8.021,5.789,-1.096,-4.442
2002-07-27 00:00:00,8.107,4.88,-0.892,-6.042
2002-07-27 01:00:00,7.995,5.716,-2.314,-4.109
2002-07-27 02:00:00,7.68,4.009,-3.78,-3.72
2002-07-27 03:00:00,8.231,3.921,-5.585,0.231
2002-07-27 04:00:00,8.85,2.681,-7.275,1.766
2002-07-27 05:00:00,8.977,4.706,-6.602,1.329
2002-07-27 06:00:00,9.16,5.891,-3.989,-3.162
2002-07-27 07:00:00,9.167,4.429,-6.662,-1.104
2002-07-27 08:00:00,8.788,4.844,-5.191,-1.257
2002-07-27 09:00:00,8.887,2.208,-3.562,-6.272
2002-07-27 10:00:00,8.224,2.505,4.057,-5.429
2002-07-27 11:00:00,9.007,6.639,-2.993,-3.572
2002-07-27 12:00:00,8.674,7.25,0.236,-0.323
2002-07-27 13:00:00,8.378,5.074,1.291,0.451
2002-07-27 14:00:00,8.19,7.128,1.225,0.886
2002-07-27 15:00:00,8.23,7.423,-1.333,0.224
2002-07-27 16:00:00,8.395,7.015,0.916,-2.686
2002-07-27 17:00:00,8.767,7.769,2.214,-0.7
2002-07-27 18:00:00,9.301,7.079,-3.486,-0.737
2002-07-27 19:00:00,9.695,7.325,-4.664,-0.761
2002-07-27 20:00:00,9.868,6.922,-5.763,-2.273
2002-07-27 21:00:00,10.341,8.116,-5.169,1.343
2002-07-27 22:00:00,10.448,6.985,-6.64,-1.859
2002-07-27 23:00:00,11.159,6.885,-6.196,0.301
2002-07-28 00:00:00,11.303,7.877,-6.577,-0.426
2002-07-28 01:00:00,11.374,2.382,-9.822,-1.078
2002-07-28 02:00:00,11.685,1.765,-8.336,3.042
2002-07-28 03:00:00,11.348,3.548,-6.926,2.282
2002-07-28 04:00:00,11.821,6.045,-8.927,0.286
2002-07-28 05:00:00,11.621,5.687,-8.175,4.365
2002-07-28 06:00:00,11.668,5.902,-6.051,5.741
2002-07-28 07:00:00,11.048,9.155,-2.044,-1.356
2002-07-28 08:00:00,10.801,8.264,-3.435,4.7
2002-07-28 09:00:00,10.469,5.464,-7.447,2.835
2002-07-28 10:00:00,10.266,5.802,-4.628,3.415
2002-07-28 11:00:00,10.06,5.073,-5.114,5.567
2002-07-28 12:00:00,9.864,4.439,-6.996,4.645
2002-07-28 13:00:00,9.226,4.288,-3.748,5.847
2002-07-28 14:00:00,8.478,4.256,-2.87,5.124
2002-07-28 15:00:00,8.004,2.956,-4.681,2.117
2002-07-28 16:00:00,8.255,1.758,-3.732,5.917
2002-07-28 17:00:00,7.136,2.906,-3.289,2.836
2002-07-28 18:00:00,6.563,3.8,-3.154,2.051
2002-07-28 19:00:00,6.024,3.675,-3.63,1.341
2002-07-28 20:00:00,5.547,3.835,-3.173,0.352
2002-07-28 21:00:00,5.441,3.467,-0.679,1.796
2002-07-28 22:00:00,5.417,1.026,-1.54,4.153
2002-07-28 23:00:00,5.313,3.408,1.623,1.566
2002-07-29 00:00:00,5.242,4.089,-2.228,-1.027
2002-07-29 01:00:00,4.977,2.001,-2.656,0.61
2002-07-29 02:00:00,4.926,1.472,-2.78,-1.125
2002-07-29 03:00:00,4.774,2.995,-1.279,1.379
2002-07-29 04:00:00,4.375,3.116,-2.195,0.365
2002-07-29 05:00:00,3.925,3.129,-1.241,-0.812
2002-07-29 06:00:00,4.147,2.657,-2.032,-0.463
2002-07-29 07:00:00,4.08,2.889,-2.132,0.761
2002-07-29 08:00:00,4.091,2.726,-2.216,1.146
2002-07-29 09:00:00,4.147,2.635,-2.035,2.354
2002-07-29 10:00:00,4.305,2.143,-3.551,0.706
2002-07-29 11:00:00,4.686,3.047,-1.891,2.186
2002-07-29 12:00:00,7.472,3.301,-5.614,2.214
2002-07-29 13:00:00,16.509,3.957,-8.874,6.796
2002-07-29 14:00:00,16.258,6.677,-7.476,12.386
2002-07-29 15:00:00,12.122,3.818,-6.043,7.637
2002-07-29 16:00:00,9.938,4.22,-2.904,3.596
2002-07-29 17:00:00,9.621,3.499,-5.641,5.881
2002-07-29 18:00:00,10.191,-0.259,-3.635,5.856
2002-07-29 19:00:00,10.261,-0.809,-6.318,7.212
2002-07-29 20:00:00,10.465,2.828,-8.261,5.246
2002-07-29 21:00:00,11.351,4.122,-8.778,2.834
2002-07-29 22:00:00,10.531,8.723,-4.405,3.418
2002-07-29 23:00:00,10.215,5.289,-6.069,4.425
2002-07-30 00:00:00,9.712,3.796,-8.038,1.087
2002-07-30 01:00:00,9.177,3.881,-7.801,1.925
2002-07-30 02:00:00,8.663,2.491,-7.775,0.867
2002-07-30 03:00:00,7.678,3.477,-6.363,-0.853
2002-07-30 04:00:00,8.259,4.413,-5.773,3.539
2002-07-30 05:00:00,8.302,3.888,-5.881,3.525
2002-07-30 06:00:00,7.883,4.713,-5.651,2.023
2002-07-30 07:00:00,7.873,4.035,-5.633,3.227
2002-07-30 08:00:00,8.157,4.721,-5.36,3.796
2002-07-30 09:00:00,8.163,4.272,-5.971,3.402
2002-07-30 10:00:00,7.416,2.674,-4.445,4.351
2002-07-30 11:00:00,7.201,-2.155,-2.889,5.722
2002-07-30 12:00:00,7.328,-2.6,-4.383,4.758
2002-07-30 13:00:00,7.377,-4.564,-4.039,3.068
2002-07-30 14:00:00,6.338,-4.033,-3.198,2.481
2002-07-30 15:00:00,6.322,-6.061,-0.562,-0.851
2002-07-30 16:00:00,6.306,-4.137,-3.618,-0.753
2002-07-30 17:00:00,6.132,-2.808,-1.577,-4.744
2002-07-30 18:00:00,6.738,2.236,-4.973,-3.464
2002-07-30 19:00:00,6.958,3.196,-5.854,-0.289
2002-07-30 20:00:00,6.776,4.112,-4.197,2.902
2002-07-30 21:00:00,6.216,3.24,-3.684,3.566
2002-07-30 22:00:00,6.301,2.991,-3.304,3.418
2002-07-30 23:00:00,6.497,1.644,-5.71,0.568
2002-07-31 00:00:00,6.239,1.959,-4.965,-0.393
2002-07-31 01:00:00,6.036,4.824,-2.758,1.514
2002-07-31 02:00:00,6.0,5.18,0.263,2.48
2002-07-31 03:00:00,5.577,3.754,-1.325,3.243
2002-07-31 04:00:00,5.576,3.843,-1.232,2.717
2002-07-31 05:00:00,5.332,3.063,-0.442,3.535
2002-07-31 06:00:00,5.124,3.317,-1.665,2.193
2002-07-31 07:00:00,5.572,4.195,-1.211,3.021
2002-07-31 08:00:00,5.876,5.094,-1.206,2.23
2002-07-31 09:00:00,5.797,4.801,-2.074,1.175
2002-07-31 10:00:00,6.046,4.492,-2.221,-0.145
2002-07-31 11:00:00,8.189,3.34,-2.05,-5.217
2002-07-31 12:00:00,7.275,1.808,-2.682,-5.549
2002-07-31 13:00:00,6.994,-0.341,1.096,-6.29
2002-07-31 14:00:00,7.523,0.672,-4.067,-5.727
2002-07-31 15:00:00,7.485,0.863,-5.192,-4.221
2002-07-31 16:00:00,7.298,2.156,-4.766,2.05
2002-07-31 17:00:00,7.626,3.865,-5.802,0.912
2002-07-31 18:00:00,8.085,2.643,-3.458,6.131
2002-07-31 19:00:00,8.281,3.229,-4.852,5.434
2002-07-31 20:00:00,8.043,4.923,-5.849,2.077
2002-07-31 21:00:00,7.919,5.038,-5.206,2.174
2002-07-31 22:00:00,7.815,4.646,-3.002,5.28
2002-07-31 23:00:00,7.179,4.958,-4.771,1.495
2002-08-01 00:00:00,6.955,5.054,-4.288,-0.034
2002-08-01 01:00:00,7.328,5.397,-4.214,-1.054
2002-08-01 02:00:00,7.667,3.16,-6.722,-1.508
2002-08-01 03:00:00,7.98,4.113,-6.692,-0.412
2002-08-01 04:00:00,11.682,2.518,-7.465,-5.312
2002-08-01 05:00:00,12.794,6.59,-5.272,-7.352
2002-08-01 06:00:00,13.167,7.014,-4.945,0.663
2002-08-01 07:00:00,14.232,7.253,-4.935,9.066
2002-08-01 08:00:00,13.955,9.606,-7.503,4.862
2002-08-01 09:00:00,13.964,5.576,-9.447,-5.585
2002-08-01 10:00:00,13.665,4.079,-8.304,-8.754
2002-08-01 11:00:00,14.078,2.08,-2.055,-13.168
2002-08-01 12:00:00,13.885,0.029,-10.389,-7.698
2002-08-01 13:00:00,12.873,-1.975,-11.814,-2.599
2002-08-01 14:00:00,13.937,-5.151,-10.532,3.569
2002-08-01 15:00:00,14.336,-5.569,-11.18,6.886
2002-08-01 16:00:00,12.935,-5.1,-10.338,5.552
2002-08-01 17:00:00,11.63,-4.156,-7.69,7.49
2002-08-01 18:00:00,11.491,-3.529,-8.208,6.827
2002-08-01 19:00:00,10.478,-4.444,-4.83,7.776
2002-08-01 20:00:00,9.323,-4.954,-3.82,6.797
2002-08-01 21:00:00,8.769,-4.848,-3.053,6.577
2002-08-01 22:00:00,11.649,-0.464,-9.487,-0.579
2002-08-01 23:00:00,15.3,3.04,-6.349,-12.262
2002-08-02 00:00:00,15.554,1.5,-7.903,-12.208
2002-08-02 01:00:00,14.562,3.642,-6.713,-12.092
2002-08-02 02:00:00,13.409,0.891,-4.816,-11.735
2002-08-02 03:00:00,10.18,-0.576,-1.663,-9.289
2002-08-02 04:00:00,11.294,-3.738,-8.183,2.596
2002-08-02 05:00:00,11.936,-5.376,-9.253,4.11
2002-08-02 06:00:00,12.392,-5.511,-7.395,7.733
2002-08-02 07:00:00,12.918,-5.438,-8.544,7.951
2002-08-02 08:00:00,13.158,-7.05,-8.989,6.355
2002-08-02 09:00:00,12.506,-5.797,-8.639,6.784
2002-08-02 10:00:00,12.225,-6.668,-8.733,5.271
2002-08-02 11:00:00,12.883,-6.594,-9.155,4.844
2002-08-02 12:00:00,13.157,-5.759,-11.686,1.675
2002-08-02 13:00:00,12.589,-5.511,-11.248,0.597
2002-08-02 14:00:00,11.842,-5.048,-10.244,-2.475
2002-08-02 15:00:00,11.575,-5.352,-9.639,-3.22
2002-08-02 16:00:00,11.331,-4.89,-9.703,-3.172
2002-08-02 17:00:00,11.088,-4.704,-8.711,-4.901
2002-08-02 18:00:00,10.969,-3.882,-7.852,-6.52
2002-08-02 19:00:00,10.629,-3.641,-5.712,-8.101
2002-08-02 20:00:00,10.214,-4.798,-3.843,-7.331
2002-08-02 21:00:00,10.153,-7.903,-4.518,-4.322
2002-08-02 22:00:00,8.241,-6.531,-3.532,-3.185
2002-08-02 23:00:00,8.788,-4.748,-5.299,-4.6
2002-08-03 00:00:00,9.222,-3.999,-6.433,-3.946
2002-08-03 01:00:00,9.429,-5.368,-7.274,-2.278
2002-08-03 02:00:00,9.613,-5.834,-7.202,-2.459
2002-08-03 03:00:00,9.711,-6.157,-7.125,-2.333
2002-08-03 04:00:00,9.708,-6.183,-6.821,-2.847
2002-08-03 05:00:00,9.559,-0.528,-5.806,-5.601
2002-08-03 06:00:00,9.067,7.038,0.673,-2.182
2002-08-03 07:00:00,8.835,-1.609,-7.006,1.951
2002-08-03 08:00:00,8.443,-0.218,-3.89,0.367
2002-08-03 09:00:00,9.012,-4.07,-7.902,0.007
2002-08-03 10:00:00,8.386,-2.734,-7.517,-2.056
2002-08-03 11:00:00,8.025,-0.073,-7.663,0.27
2002-08-03 12:00:00,8.241,1.469,-8.026,-0.344
2002-08-03 13:00:00,8.074,0.432,-7.772,0.303
2002-08-03 14:00:00,8.465,1.469,-7.679,2.243
2002-08-03 15:00:00,8.904,5.103,-2.127,5.384
2002-08-03 16:00:00,9.561,1.051,-7.271,4.498
2002-08-03 17:00:00,10.038,-0.609,-7.708,5.812
2002-08-03 18:00:00,9.876,0.389,-9.007,1.49
2002-08-03 19:00:00,10.272,1.482,-9.09,-0.283
2002-08-03 20:00:00,11.034,0.567,-8.991,5.203
2002-08-03 21:00:00,11.432,-1.174,-7.776,7.7
2002-08-03 22:00:00,11.746,-4.211,-7.344,7.7
2002-08-03 23:00:00,11.369,0.012,-8.452,6.934
2002-08-04 00:00:00,11.175,3.767,-4.543,0.024
2002-08-04 01:00:00,10.878,6.951,-0.538,-7.935
2002-08-04 02:00:00,9.184,4.689,-2.375,-7.282
2002-08-04 03:00:00,9.397,3.66,-3.506,-6.269
2002-08-04 04:00:00,7.979,3.903,-4.123,-4.779
2002-08-04 05:00:00,8.855,4.976,-6.894,-1.098
2002-08-04 06:00:00,8.641,3.224,-6.446,2.432
2002-08-04 07:00:00,7.356,4.766,-2.993,0.919
2002-08-04 08:00:00,8.506,3.867,-5.945,1.151
2002-08-04 09:00:00,9.233,3.273,-5.536,4.853
2002-08-04 10:00:00,8.98,2.074,-2.623,6.004
2002-08-04 11:00:00,9.134,2.28,0.114,7.87
2002-08-04 12:00:00,8.443,-0.332,2.088,6.824
2002-08-04 13:00:00,8.621,-0.227,-2.168,7.454
2002-08-04 14:00:00,9.049,-1.348,-5.19,6.576
2002-08-04 15:00:00,7.675,-0.875,1.374,4.442
2002-08-04 16:00:00,8.376,-0.717,-5.384,5.421
2002-08-04 17:00:00,7.832,-1.007,-3.391,6.102
2002-08-04 18:00:00,7.196,0.342,4.726,0.414
2002-08-04 19:00:00,8.049,-1.606,0.197,7.566
2002-08-04 20:00:00,8.014,-2.171,-2.731,6.832
2002-08-04 21:00:00,8.912,-2.321,-4.788,6.928
2002-08-04 22:00:00,9.216,-1.393,-5.651,6.618
2002-08-04 23:00:00,9.132,-0.845,-7.177,5.41
2002-08-05 00:00:00,8.421,-1.206,-5.815,5.409
2002-08-05 01:00:00,8.4,-0.868,-4.985,5.606
2002-08-05 02:00:00,8.134,-0.553,-6.25,4.409
2002-08-05 03:00:00,8.178,-0.105,-4.935,5.745
2002-08-05 04:00:00,7.732,0.805,-6.049,3.791
2002-08-05 05:00:00,8.129,2.251,-6.354,4.482
2002-08-05 06:00:00,7.876,4.685,-5.969,1.835
2002-08-05 07:00:00,7.906,4.418,-5.652,1.144
2002-08-05 08:00:00,8.384,2.279,-5.121,5.784
2002-08-05 09:00:00,8.373,1.676,-4.906,6.113
2002-08-05 10:00:00,8.245,1.936,-6.393,4.212
2002-08-05 11:00:00,8.167,0.937,-6.136,5.098
2002-08-05 12:00:00,7.742,3.081,-5.37,3.144
2002-08-05 13:00:00,7.625,6.203,-2.905,1.947
2002-08-05 14:00:00,7.522,7.349,-1.251,0.01
2002-08-05 15:00:00,7.34,4.999,-4.359,0.265
2002-08-05 16:00:00,7.535,5.201,-5.033,-0.085
2002-08-05 17:00:00,7.64,5.96,-4.562,0.069
2002-08-05 18:00:00,7.302,5.694,-3.932,-1.604
2002-08-05 19:00:00,7.197,5.436,-3.784,-2.188
2002-08-05 20:00:00,7.195,5.042,-4.855,-0.395
2002-08-05 21:00:00,6.982,4.277,-4.206,2.371
2002-08-05 22:00:00,6.245,2.144,-4.342,3.742
2002-08-05 23:00:00,5.78,3.662,-2.684,1.51
2002-08-06 00:00:00,5.877,4.586,-0.601,-2.962
2002-08-06 01:00:00,5.448,3.051,-3.777,-0.918
2002-08-06 02:00:00,5.479,3.984,-2.347,-1.437
2002-08-06 03:00:00,5.247,4.449,-2.47,-0.328
2002-08-06 04:00:00,4.335,-0.494,-2.24,2.781
2002-08-06 05:00:00,4.112,0.166,-1.691,3.36
2002-08-06 06:00:00,4.895,3.244,-2.691,1.14
2002-08-06 07:00:00,4.995,4.559,-1.732,-0.364
2002-08-06 08:00:00,5.259,4.936,-1.604,-0.151
2002-08-06 09:00:00,5.605,5.02,-2.403,-0.18
2002-08-06 10:00:00,5.32,4.447,-2.762,0.384
2002-08-06 11:00:00,4.807,3.326,-2.804,1.524
2002-08-06 12:00:00,4.547,0.059,-1.288,3.487
2002-08-06 13:00:00,5.266,1.025,-3.113,3.374
2002-08-06 14:00:00,5.702,-0.115,-4.531,2.791
2002-08-06 15:00:00,5.842,3.105,-4.093,0.907
2002-08-06 16:00:00,5.845,5.079,-2.518,0.147
2002-08-06 17:00:00,5.783,5.234,-2.27,0.584
2002-08-06 18:00:00,5.642,4.567,-3.049,1.047
2002-08-06 19:00:00,5.566,2.63,-4.755,0.636
2002-08-06 20:00:00,5.581,2.115,-4.928,1.085
2002-08-06 21:00:00,5.457,2.524,-4.486,0.832
2002-08-06 22:00:00,5.527,1.172,-4.929,0.252
2002-08-06 23:00:00,4.97,1.565,-4.375,-0.138
2002-08-07 00:00:00,3.69,2.671,-1.711,-0.703
2002-08-07 01:00:00,3.757,3.558,-0.285,0.333
2002-08-07 02:00:00,4.2,2.479,-3.136,-0.378
2002-08-07 03:00:00,5.367,2.699,-4.262,-1.697
2002-08-07 04:00:00,5.16,2.659,-4.18,-1.388
2002-08-07 05:00:00,5.265,2.151,-4.202,-2.207
2002-08-07 06:00:00,4.847,1.892,-4.141,-1.604
2002-08-07 07:00:00,4.639,1.672,-4.116,-1.282
2002-08-07 08:00:00,3.694,-1.778,-1.644,-0.755
2002-08-07 09:00:00,3.559,-3.033,1.551,0.477
2002-08-07 10:00:00,3.42,-2.556,0.59,-0.543
2002-08-07 11:00:00,3.284,-0.435,2.532,1.465
2002-08-07 12:00:00,4.272,0.183,3.593,2.014
2002-08-07 13:00:00,5.06,0.572,4.698,1.425
2002-08-07 14:00:00,5.285,-1.173,4.703,-0.357
2002-08-07 15:00:00,4.541,-2.791,2.156,1.826
2002-08-07 16:00:00,4.117,-1.023,1.221,1.319
2002-08-07 17:00:00,4.411,-0.605,-0.03,3.295
2002-08-07 18:00:00,6.038,-3.316,-1.113,4.233
2002-08-07 19:00:00,5.969,-0.636,0.823,5.679
2002-08-07 20:00:00,5.655,1.669,4.523,1.438
2002-08-07 21:00:00,5.842,-1.41,1.303,4.58
2002-08-07 22:00:00,5.202,-2.809,-0.097,4.19
2002-08-07 23:00:00,4.442,1.072,3.019,-0.009
2002-08-08 00:00:00,5.26,2.12,4.458,-1.455
2002-08-08 01:00:00,5.411,-1.109,3.664,-2.327
2002-08-08 02:00:00,6.1,-3.304,4.712,0.941
2002-08-08 03:00:00,5.765,-3.89,3.307,2.256
2002-08-08 04:00:00,5.524,-3.88,1.528,3.178
2002-08-08 05:00:00,5.068,-1.373,2.066,3.228
2002-08-08 06:00:00,5.54,-1.387,2.544,4.58
2002-08-08 07:00:00,5.307,-0.93,1.718,4.835
2002-08-08 08:00:00,5.42,-0.944,0.129,5.155
2002-08-08 09:00:00,5.085,0.493,-1.661,4.251
2002-08-08 10:00:00,3.415,1.108,-1.507,-2.264
2002-08-08 11:00:00,6.023,2.833,-2.433,-3.342
2002-08-08 12:00:00,5.732,3.717,-3.615,1.662
2002-08-08 13:00:00,4.882,2.017,-1.893,3.692
2002-08-08 14:00:00,3.907,-0.064,-2.482,2.187
2002-08-08 15:00:00,4.26,0.602,-2.933,2.381
2002-08-08 16:00:00,7.055,-2.783,6.33,-0.809
2002-08-08 17:00:00,6.643,-1.775,5.541,1.476
2002-08-08 18:00:00,8.162,-2.909,6.938,-1.683
2002-08-08 19:00:00,8.771,-2.111,7.317,-3.708
2002-08-08 20:00:00,8.969,-3.402,6.152,-2.046
2002-08-08 21:00:00,8.03,-1.766,5.064,2.774
2002-08-08 22:00:00,7.134,-3.64,5.922,0.432
2002-08-08 23:00:00,7.237,-3.373,5.704,2.395
2002-08-09 00:00:00,7.32,-3.16,4.109,3.377
2002-08-09 01:00:00,6.763,-2.8,1.644,3.22
2002-08-09 02:00:00,7.919,-3.518,3.363,4.389
2002-08-09 03:00:00,10.267,-1.117,1.562,8.312
2002-08-09 04:00:00,11.576,0.91,0.684,11.129
2002-08-09 05:00:00,7.51,-3.324,3.153,0.35
2002-08-09 06:00:00,6.7,-2.049,3.247,3.952
2002-08-09 07:00:00,7.055,-3.193,4.298,3.331
2002-08-09 08:00:00,6.342,-3.502,4.067,2.712
2002-08-09 09:00:00,6.828,3.539,-3.326,3.528
2002-08-09 10:00:00,7.123,2.318,-5.677,-0.814
2002-08-09 11:00:00,6.884,-0.176,-1.433,-2.079
2002-08-09 12:00:00,8.332,-2.326,-1.283,-7.246
2002-08-09 13:00:00,8.449,-5.885,2.319,-5.47
2002-08-09 14:00:00,8.912,-3.837,0.879,-6.451
2002-08-09 15:00:00,8.095,4.392,-4.476,-3.389
2002-08-09 16:00:00,8.12,-1.229,4.763,-4.691
2002-08-09 17:00:00,6.62,0.677,1.737,-3.18
2002-08-09 18:00:00,8.134,2.344,-2.834,-4.787
2002-08-09 19:00:00,10.132,-1.118,1.739,-7.232
2002-08-09 20:00:00,10.172,-2.67,5.783,-7.321
2002-08-09 21:00:00,9.597,-4.817,6.009,-2.302
2002-08-09 22:00:00,9.835,-3.422,8.319,-2.342
2002-08-09 23:00:00,9.303,-4.798,7.126,-0.815
2002-08-10 00:00:00,7.664,-4.993,3.525,0.668
2002-08-10 01:00:00,8.81,-5.088,4.038,-5.79
2002-08-10 02:00:00,8.35,-4.392,3.721,-5.248
2002-08-10 03:00:00,7.688,-3.562,2.364,-2.12
2002-08-10 04:00:00,7.045,-1.83,1.823,0.94
2002-08-10 05:00:00,7.59,-3.508,4.522,2.838
2002-08-10 06:00:00,7.671,-5.956,3.026,2.179
2002-08-10 07:00:00,7.367,-6.029,2.088,0.345
2002-08-10 08:00:00,6.83,-5.693,0.253,1.835
2002-08-10 09:00:00,6.675,-5.644,1.374,1.001
2002-08-10 10:00:00,6.53,-4.42,1.613,-2.624
2002-08-10 11:00:00,6.129,-4.609,1.136,2.368
2002-08-10 12:00:00,6.238,-5.078,-1.258,1.731
2002-08-10 13:00:00,6.382,-3.761,4.155,1.697
2002-08-10 14:00:00,6.164,-4.414,2.192,-2.215
2002-08-10 15:00:00,5.938,-2.85,3.842,-2.005
2002-08-10 16:00:00,5.953,-2.69,3.738,0.815
2002-08-10 17:00:00,5.69,-3.784,2.762,0.026
2002-08-10 18:00:00,5.679,-3.117,2.316,-1.629
2002-08-10 19:00:00,5.975,-3.988,2.665,-1.832
2002-08-10 20:00:00,6.03,-2.67,4.624,1.041
2002-08-10 21:00:00,6.335,-3.626,3.99,0.402
2002-08-10 22:00:00,6.123,-5.673,1.991,-0.47
2002-08-10 23:00:00,6.111,-3.938,4.45,0.097
2002-08-11 00:00:00,6.062,-2.992,4.988,0.855
2002-08-11 01:00:00,6.323,-4.253,4.508,-0.185
2002-08-11 02:00:00,5.288,-3.193,3.048,0.261
2002-08-11 03:00:00,6.006,-3.094,4.473,0.499
2002-08-11 04:00:00,6.638,-1.929,5.935,-0.607
2002-08-11 05:00:00,7.714,-0.745,4.189,5.379
2002-08-11 06:00:00,8.77,-1.995,3.847,5.384
2002-08-11 07:00:00,8.41,-2.79,5.504,0.286
2002-08-11 08:00:00,7.914,-2.265,3.979,3.201
2002-08-11 09:00:00,7.552,-2.51,-1.589,1.522
2002-08-11 10:00:00,8.471,-2.111,-2.053,-5.746
2002-08-11 11:00:00,7.461,-1.59,-3.574,4.357
2002-08-11 12:00:00,7.558,-1.656,3.603,-3.62
2002-08-11 13:00:00,8.194,-2.04,2.32,-6.345
2002-08-11 14:00:00,8.027,-2.755,3.255,-5.563
2002-08-11 15:00:00,7.343,-2.045,3.391,-5.11
2002-08-11 16:00:00,6.805,-3.532,1.539,-2.433
2002-08-11 17:00:00,8.056,-2.909,5.725,-2.955
2002-08-11 18:00:00,7.927,-5.443,4.912,-1.782
2002-08-11 19:00:00,7.241,-4.213,5.141,-1.379
2002-08-11 20:00:00,7.199,0.884,5.671,-0.858
2002-08-11 21:00:00,7.733,-0.126,5.621,-0.756
2002-08-11 22:00:00,6.932,-1.842,5.67,0.333
2002-08-11 23:00:00,6.821,-2.298,4.611,3.217
2002-08-12 00:00:00,7.073,-0.562,6.168,-0.728
2002-08-12 01:00:00,6.571,1.255,2.035,0.899
2002-08-12 02:00:00,6.672,-1.083,2.685,-1.13
2002-08-12 03:00:00,6.387,-2.452,3.687,-1.347
2002-08-12 04:00:00,6.278,-3.925,2.31,0.868
2002-08-12 05:00:00,6.358,-3.119,0.7,2.673
2002-08-12 06:00:00,6.094,-0.864,2.473,-0.081
2002-08-12 07:00:00,6.664,-4.23,-3.122,3.243
2002-08-12 08:00:00,6.325,-3.511,-0.892,2.713
2002-08-12 09:00:00,6.337,-3.125,1.236,-2.534
2002-08-12 10:00:00,7.158,-4.398,2.165,-2.191
2002-08-12 11:00:00,7.486,-3.275,4.84,-3.322
2002-08-12 12:00:00,8.186,-0.785,6.801,-4.085
2002-08-12 13:00:00,8.07,-0.032,6.449,-1.967
2002-08-12 14:00:00,8.001,-1.579,7.132,-1.865
2002-08-12 15:00:00,7.492,-1.258,6.832,0.165
2002-08-12 16:00:00,7.03,-0.276,5.548,1.553
2002-08-12 17:00:00,6.052,-0.78,1.529,1.126
2002-08-12 18:00:00,5.664,-4.328,2.28,-1.817
2002-08-12 19:00:00,6.328,1.023,5.11,2.316
2002-08-12 20:00:00,7.455,1.926,6.13,3.37
2002-08-12 21:00:00,7.264,-3.781,4.651,-0.659
2002-08-12 22:00:00,6.977,-5.016,3.027,-1.943
2002-08-12 23:00:00,7.099,-5.356,3.091,-2.266
2002-08-13 00:00:00,7.345,-4.052,2.475,-4.582
2002-08-13 01:00:00,7.655,0.586,7.185,1.408
2002-08-13 02:00:00,7.642,-0.785,7.054,-1.008
2002-08-13 03:00:00,7.465,-0.43,4.685,-1.52
2002-08-13 04:00:00,6.843,1.147,5.634,-0.187
2002-08-13 05:00:00,6.686,-0.567,5.843,-0.161
2002-08-13 06:00:00,6.301,-1.568,3.529,-3.356
2002-08-13 07:00:00,6.421,0.583,5.778,-1.384
2002-08-13 08:00:00,6.193,0.112,3.384,-1.548
2002-08-13 09:00:00,6.98,-4.824,-4.122,-2.168
2002-08-13 10:00:00,6.55,-4.375,2.865,-1.871
2002-08-13 11:00:00,5.912,-1.354,5.375,-0.833
2002-08-13 12:00:00,5.455,-1.974,4.808,-0.701
2002-08-13 13:00:00,4.753,-3.504,1.926,-0.402
2002-08-13 14:00:00,4.769,-2.01,3.615,0.516
2002-08-13 15:00:00,5.036,-3.602,1.46,0.416
2002-08-13 16:00:00,5.109,-3.14,2.75,0.295
2002-08-13 17:00:00,5.343,-0.904,4.04,-0.529
2002-08-13 18:00:00,5.635,-0.549,5.033,-1.631
2002-08-13 19:00:00,5.532,-3.705,2.745,0.069
2002-08-13 20:00:00,5.469,-3.272,3.641,-0.827
2002-08-13 21:00:00,5.464,-2.207,4.076,-0.62
2002-08-13 22:00:00,5.684,-0.45,4.319,0.123
2002-08-13 23:00:00,5.731,-0.301,5.115,0.379
2002-08-14 00:00:00,5.456,-2.766,2.991,-1.593
2002-08-14 01:00:00,5.389,-3.753,3.057,-1.465
2002-08-14 02:00:00,5.383,-2.72,3.77,-0.591
2002-08-14 03:00:00,5.523,-4.794,1.871,-0.775
2002-08-14 04:00:00,5.883,-3.739,2.936,-0.038
2002-08-14 05:00:00,6.175,-2.603,4.436,-1.958
2002-08-14 06:00:00,6.355,-3.326,4.65,-1.576
2002-08-14 07:00:00,6.428,-4.226,2.028,-3.793
2002-08-14 08:00:00,6.191,-4.625,2.266,-2.44
2002-08-14 09:00:00,6.779,-4.433,2.693,-3.73
2002-08-14 10:00:00,7.161,-4.952,3.298,-2.058
2002-08-14 11:00:00,7.086,-5.711,3.218,2.108
2002-08-14 12:00:00,7.051,-2.091,2.798,-2.72
2002-08-14 13:00:00,7.551,2.498,2.41,-6.197
2002-08-14 14:00:00,8.317,-1.117,5.871,-5.63
2002-08-14 15:00:00,8.075,-4.647,5.544,-3.339
2002-08-14 16:00:00,8.553,-4.085,6.431,-3.638
2002-08-14 17:00:00,8.647,-3.015,5.983,-5.389
2002-08-14 18:00:00,8.369,-4.029,5.296,-4.848
2002-08-14 19:00:00,8.807,-4.081,6.613,-3.959
2002-08-14 20:00:00,8.807,-4.735,5.868,-3.225
2002-08-14 21:00:00,8.134,-5.376,4.864,-0.797
2002-08-14 22:00:00,7.951,-6.393,3.702,-0.688
2002-08-14 23:00:00,7.732,-5.384,1.79,1.344
2002-08-15 00:00:00,7.847,-4.422,4.912,0.375
2002-08-15 01:00:00,7.976,-4.012,6.073,0.938
2002-08-15 02:00:00,7.894,-5.158,4.626,2.247
2002-08-15 03:00:00,7.968,-6.103,4.068,1.29
2002-08-15 04:00:00,8.034,-6.079,2.639,0.227
2002-08-15 05:00:00,8.085,-4.069,5.372,-2.188
2002-08-15 06:00:00,8.148,-4.325,5.404,-1.864
2002-08-15 07:00:00,8.048,-4.992,5.025,-1.986
2002-08-15 08:00:00,8.083,-4.77,3.139,-1.597
2002-08-15 09:00:00,7.786,-3.841,4.037,-1.949
2002-08-15 10:00:00,8.0,-5.883,3.712,-1.815
2002-08-15 11:00:00,8.025,-3.529,5.734,-1.602
2002-08-15 12:00:00,7.87,-2.449,5.069,-3.477
2002-08-15 13:00:00,7.739,-1.666,5.086,-2.913
2002-08-15 14:00:00,7.459,-3.444,5.412,-1.282
2002-08-15 15:00:00,7.283,-3.859,4.249,-2.351
2002-08-15 16:00:00,7.324,-5.102,3.28,-2.1
2002-08-15 17:00:00,7.213,-4.692,3.921,-1.385
2002-08-15 18:00:00,8.962,-5.917,1.991,-2.901
2002-08-15 19:00:00,9.985,-3.526,3.538,-2.735
2002-08-15 20:00:00,9.014,-3.856,4.874,-4.033
2002-08-15 21:00:00,8.799,0.166,6.067,3.604
2002-08-15 22:00:00,7.808,-1.792,4.605,3.548
2002-08-15 23:00:00,7.712,-5.628,2.458,-0.849
2002-08-16 00:00:00,8.246,-7.362,2.019,-1.714
2002-08-16 01:00:00,8.82,0.699,6.101,3.576
2002-08-16 02:00:00,8.023,-0.477,5.916,3.621
2002-08-16 03:00:00,7.633,1.696,5.966,2.915
2002-08-16 04:00:00,8.046,0.199,4.342,-2.969
2002-08-16 05:00:00,7.523,1.833,5.191,-3.005
2002-08-16 06:00:00,7.857,-0.707,4.559,-3.702
2002-08-16 07:00:00,7.876,-0.221,5.448,-3.779
2002-08-16 08:00:00,7.817,-0.048,6.829,2.107
2002-08-16 09:00:00,8.402,1.418,8.12,1.193
2002-08-16 10:00:00,8.311,-0.224,8.09,-0.094
2002-08-16 11:00:00,8.622,-0.832,8.104,0.835
2002-08-16 12:00:00,8.39,0.497,7.64,-2.187
2002-08-16 13:00:00,8.414,-0.042,7.192,0.137
2002-08-16 14:00:00,7.749,-2.26,5.156,2.3
2002-08-16 15:00:00,7.682,-3.173,6.1,0.186
2002-08-16 16:00:00,7.69,-2.705,6.945,1.655
2002-08-16 17:00:00,7.678,-0.284,7.189,2.426
2002-08-16 18:00:00,7.326,-1.014,6.528,2.724
2002-08-16 19:00:00,7.023,-0.794,6.062,2.556
2002-08-16 20:00:00,6.878,0.002,5.162,4.121
2002-08-16 21:00:00,6.64,0.192,4.393,4.322
2002-08-16 22:00:00,6.45,-1.723,4.295,3.514
2002-08-16 23:00:00,6.289,-2.419,4.67,3.128
2002-08-17 00:00:00,6.256,-3.052,3.807,3.222
2002-08-17 01:00:00,6.33,-3.125,4.585,2.709
2002-08-17 02:00:00,6.272,-0.755,5.528,-1.058
2002-08-17 03:00:00,6.088,-2.59,4.089,-2.475
2002-08-17 04:00:00,6.048,-2.256,1.865,-2.804
2002-08-17 05:00:00,5.875,-1.431,2.479,-4.588
2002-08-17 06:00:00,6.149,-1.25,3.602,-3.961
2002-08-17 07:00:00,6.103,-1.132,4.318,-3.707
2002-08-17 08:00:00,5.921,-1.243,4.697,-2.247
2002-08-17 09:00:00,5.867,-2.392,4.654,-2.307
2002-08-17 10:00:00,5.679,-3.379,4.113,-1.606
2002-08-17 11:00:00,5.807,-3.482,4.182,-1.386
2002-08-17 12:00:00,5.87,-3.744,3.708,-2.435
2002-08-17 13:00:00,6.069,-0.395,5.435,-0.3
2002-08-17 14:00:00,5.691,-1.617,5.175,-0.407
2002-08-17 15:00:00,5.655,-2.615,4.789,-0.763
2002-08-17 16:00:00,5.486,-3.516,3.356,-2.101
2002-08-17 17:00:00,5.691,-4.02,3.284,-1.695
2002-08-17 18:00:00,5.755,-3.764,3.145,-2.305
2002-08-17 19:00:00,5.565,-2.736,3.532,-1.793
2002-08-17 20:00:00,5.503,-1.432,4.377,-0.88
2002-08-17 21:00:00,5.504,-2.663,3.498,-1.515
2002-08-17 22:00:00,5.415,-3.641,1.182,-3.387
2002-08-17 23:00:00,5.346,-2.337,2.544,-3.2
2002-08-18 00:00:00,5.199,-3.817,-0.332,-3.115
2002-08-18 01:00:00,5.157,-3.675,-0.063,-3.429
2002-08-18 02:00:00,5.103,-1.546,3.853,-1.87
2002-08-18 03:00:00,5.17,-3.114,1.131,-3.45
2002-08-18 04:00:00,5.117,-3.677,0.348,-3.103
2002-08-18 05:00:00,5.059,-4.627,-0.867,-1.747
2002-08-18 06:00:00,5.072,-4.517,-0.811,-2.044
2002-08-18 07:00:00,4.784,-4.529,-0.491,-1.348
2002-08-18 08:00:00,4.659,-4.56,-0.553,-0.52
2002-08-18 09:00:00,4.302,-3.916,-1.022,0.071
2002-08-18 10:00:00,4.04,-0.915,2.396,-0.491
2002-08-18 11:00:00,3.838,-1.37,2.69,-0.447
2002-08-18 12:00:00,3.97,-0.934,2.646,-1.477
2002-08-18 13:00:00,3.698,-2.279,1.042,-1.348
2002-08-18 14:00:00,4.199,-3.892,0.748,-0.884
2002-08-18 15:00:00,4.001,-3.521,-0.456,0.169
2002-08-18 16:00:00,3.652,-2.328,1.535,0.298
2002-08-18 17:00:00,3.749,-1.343,2.941,-0.99
2002-08-18 18:00:00,10.027,-0.995,7.226,2.857
2002-08-18 19:00:00,15.25,-2.331,8.939,10.272
2002-08-18 20:00:00,11.258,-4.889,-1.708,-1.387
2002-08-18 21:00:00,12.091,-6.314,1.343,-7.16
2002-08-18 22:00:00,11.484,-4.314,5.065,-7.062
2002-08-18 23:00:00,11.377,-2.013,9.765,-4.118
2002-08-19 00:00:00,10.01,-3.033,7.563,3.654
2002-08-19 01:00:00,9.583,-0.622,7.92,1.813
2002-08-19 02:00:00,10.11,-3.984,7.703,-1.809
2002-08-19 03:00:00,9.807,-3.908,6.372,4.849
2002-08-19 04:00:00,11.856,-2.62,9.519,0.704
2002-08-19 05:00:00,14.459,-2.077,12.278,-7.163
2002-08-19 06:00:00,14.003,-2.203,12.265,-6.221
2002-08-19 07:00:00,13.209,-2.588,11.876,-2.106
2002-08-19 08:00:00,9.449,-1.044,5.395,1.086
2002-08-19 09:00:00,11.694,-0.2,-7.935,8.353
2002-08-19 10:00:00,11.696,-1.749,-4.918,9.017
2002-08-19 11:00:00,9.234,-1.76,0.063,8.578
2002-08-19 12:00:00,7.713,3.802,-5.688,-0.999
2002-08-19 13:00:00,8.997,5.045,-4.589,5.268
2002-08-19 14:00:00,7.845,2.556,-4.459,4.339
2002-08-19 15:00:00,9.471,2.217,-8.268,3.765
2002-08-19 16:00:00,9.07,3.446,-7.575,-0.054
2002-08-19 17:00:00,6.969,2.836,-6.087,0.206
2002-08-19 18:00:00,8.621,3.977,-5.667,-4.332
2002-08-19 19:00:00,9.372,3.468,-5.661,-6.263
2002-08-19 20:00:00,9.25,3.611,-5.072,-6.724
2002-08-19 21:00:00,9.257,4.824,-1.357,-7.562
2002-08-19 22:00:00,8.396,3.881,-2.812,-6.631
2002-08-19 23:00:00,7.965,3.745,-5.901,-3.656
2002-08-20 00:00:00,7.946,5.098,-5.196,-2.698
2002-08-20 01:00:00,7.711,4.41,-5.341,-2.91
2002-08-20 02:00:00,7.581,3.783,-4.988,-3.798
2002-08-20 03:00:00,7.375,1.951,-2.628,-5.874
2002-08-20 04:00:00,6.64,3.832,-4.686,-1.621
2002-08-20 05:00:00,6.369,3.349,-5.09,-1.724
2002-08-20 06:00:00,5.995,3.911,-4.494,-0.453
2002-08-20 07:00:00,5.704,3.512,-4.46,-0.232
2002-08-20 08:00:00,5.576,3.903,-3.844,0.244
2002-08-20 09:00:00,5.411,4.559,-2.871,0.23
2002-08-20 10:00:00,5.443,4.627,-2.745,0.723
2002-08-20 11:00:00,5.538,4.528,-3.082,0.634
2002-08-20 12:00:00,5.734,3.904,-4.046,0.915
2002-08-20 13:00:00,7.389,4.767,-4.516,3.097
2002-08-20 14:00:00,8.283,5.403,-4.393,4.342
2002-08-20 15:00:00,8.487,4.671,-6.82,-0.741
2002-08-20 16:00:00,8.081,3.019,-5.816,-4.262
2002-08-20 17:00:00,7.856,0.216,-2.62,-7.227
2002-08-20 18:00:00,7.925,-1.388,-1.501,-7.601
2002-08-20 19:00:00,8.044,-1.867,-0.066,-7.546
2002-08-20 20:00:00,7.909,-1.076,-1.046,-7.084
2002-08-20 21:00:00,8.55,-1.835,-2.154,-7.921
2002-08-20 22:00:00,9.008,-0.014,-0.883,-8.812
2002-08-20 23:00:00,9.227,-0.433,-0.64,-8.931
2002-08-21 00:00:00,9.331,-2.461,0.241,-8.986
2002-08-21 01:00:00,9.813,-2.596,1.001,-9.32
2002-08-21 02:00:00,9.824,-3.481,1.459,-9.027
2002-08-21 03:00:00,9.768,-3.31,2.46,-8.789
2002-08-21 04:00:00,9.538,-3.68,3.421,-8.066
2002-08-21 05:00:00,8.878,-2.854,3.703,-7.452
2002-08-21 06:00:00,7.788,-0.683,3.855,-6.567
2002-08-21 07:00:00,6.938,-0.054,3.143,-5.876
2002-08-21 08:00:00,7.938,-3.028,2.093,-7.008
2002-08-21 09:00:00,7.899,-2.686,2.941,-6.807
2002-08-21 10:00:00,7.932,-2.41,2.735,-7.032
2002-08-21 11:00:00,7.671,-2.144,3.614,-6.375
2002-08-21 12:00:00,6.968,-2.231,0.539,-4.56
2002-08-21 13:00:00,7.345,-1.309,-6.905,1.306
2002-08-21 14:00:00,6.389,-0.589,-5.914,2.166
2002-08-21 15:00:00,5.961,-0.97,-5.744,1.101
2002-08-21 16:00:00,5.537,-1.276,-5.289,-0.23
2002-08-21 17:00:00,7.806,-1.226,-7.464,1.729
2002-08-21 18:00:00,9.592,-1.151,-9.304,1.594
2002-08-21 19:00:00,9.488,-1.218,-9.357,0.251
2002-08-21 20:00:00,8.528,0.399,-8.396,0.547
2002-08-21 21:00:00,7.371,-2.132,1.925,-2.129
2002-08-21 22:00:00,7.679,-0.732,-3.743,1.645
2002-08-21 23:00:00,5.978,-0.827,-1.155,-1.087
2002-08-22 00:00:00,5.935,-2.528,-1.123,-2.732
2002-08-22 01:00:00,6.286,-3.825,-2.791,-3.542
2002-08-22 02:00:00,9.922,2.792,-6.296,3.012
2002-08-22 03:00:00,11.172,5.215,-5.476,6.44
2002-08-22 04:00:00,11.629,4.158,-6.935,6.216
2002-08-22 05:00:00,11.113,-1.751,-8.83,3.219
2002-08-22 06:00:00,9.203,-1.668,-4.678,3.895
2002-08-22 07:00:00,6.495,-0.444,-2.273,1.913
2002-08-22 08:00:00,11.254,-4.643,-6.875,6.756
2002-08-22 09:00:00,11.283,0.265,-6.234,8.742
2002-08-22 10:00:00,11.311,1.073,-5.546,9.247
2002-08-22 11:00:00,10.972,1.05,-5.354,9.234
2002-08-22 12:00:00,10.749,3.981,-4.408,8.808
2002-08-22 13:00:00,12.152,5.039,-4.205,9.833
2002-08-22 14:00:00,12.694,7.951,-1.978,9.498
2002-08-22 15:00:00,11.784,8.302,-2.031,7.921
2002-08-22 16:00:00,11.71,7.111,-5.84,6.796
2002-08-22 17:00:00,10.97,8.266,-2.899,6.417
2002-08-22 18:00:00,11.617,2.355,-7.503,7.399
2002-08-22 19:00:00,12.082,-1.487,-9.624,7.066
2002-08-22 20:00:00,11.757,-0.309,-9.269,7.142
2002-08-22 21:00:00,11.831,0.589,-9.761,6.588
2002-08-22 22:00:00,11.686,0.498,-8.966,7.115
2002-08-22 23:00:00,11.429,1.412,-8.8,6.638
2002-08-23 00:00:00,11.068,2.225,-10.169,3.287
2002-08-23 01:00:00,10.626,2.16,-9.118,4.839
2002-08-23 02:00:00,10.382,0.621,-9.316,4.215
2002-08-23 03:00:00,9.639,0.534,-8.506,3.887
2002-08-23 04:00:00,8.931,1.173,-8.567,-0.109
2002-08-23 05:00:00,8.282,1.83,-7.235,-1.988
2002-08-23 06:00:00,7.577,-0.58,-5.332,-4.677
2002-08-23 07:00:00,7.43,1.111,-5.593,-0.233
2002-08-23 08:00:00,7.673,1.445,-2.773,5.682
2002-08-23 09:00:00,9.402,0.308,-2.974,8.713
2002-08-23 10:00:00,9.925,0.33,-4.493,7.999
2002-08-23 11:00:00,8.496,2.017,-4.07,6.187
2002-08-23 12:00:00,8.297,4.268,-5.138,3.933
2002-08-23 13:00:00,8.097,1.276,-6.079,4.677
2002-08-23 14:00:00,7.483,0.732,-3.388,6.08
2002-08-23 15:00:00,7.61,0.285,-5.36,4.553
2002-08-23 16:00:00,8.621,1.248,-6.034,3.914
2002-08-23 17:00:00,9.062,0.195,-6.688,5.054
2002-08-23 18:00:00,9.059,0.171,-8.801,-0.793
2002-08-23 19:00:00,8.069,1.172,-6.786,0.26
2002-08-23 20:00:00,8.1,2.607,-6.862,-0.18
2002-08-23 21:00:00,7.888,-0.003,-6.829,0.032
2002-08-23 22:00:00,7.502,3.179,-6.276,-0.707
2002-08-23 23:00:00,7.072,2.57,-6.151,0.554
2002-08-24 00:00:00,7.312,4.004,-5.958,1.124
2002-08-24 01:00:00,6.9,3.533,-5.756,1.045
2002-08-24 02:00:00,6.958,-0.445,-6.446,1.912
2002-08-24 03:00:00,6.219,1.644,-4.873,1.436
2002-08-24 04:00:00,5.525,2.254,-3.408,1.128
2002-08-24 05:00:00,5.989,0.533,-5.052,2.254
2002-08-24 06:00:00,5.995,-1.386,-5.521,-0.84
2002-08-24 07:00:00,5.947,-2.649,-4.991,0.417
2002-08-24 08:00:00,5.798,0.108,-4.905,1.94
2002-08-24 09:00:00,5.751,1.037,-5.543,0.175
2002-08-24 10:00:00,5.348,1.533,-4.773,-0.548
2002-08-24 11:00:00,5.264,1.163,-4.561,0.227
2002-08-24 12:00:00,5.149,2.513,-3.995,0.531
2002-08-24 13:00:00,5.03,0.638,-4.734,-0.498
2002-08-24 14:00:00,5.009,0.168,-4.698,-0.34
2002-08-24 15:00:00,4.865,1.177,-4.358,0.253
2002-08-24 16:00:00,4.809,2.929,-2.856,0.528
2002-08-24 17:00:00,4.51,-2.029,-2.985,0.729
2002-08-24 18:00:00,4.477,-1.736,-3.676,-0.092
2002-08-24 19:00:00,4.673,-1.559,-4.118,-0.502
2002-08-24 20:00:00,4.649,0.295,-4.245,-1.609
2002-08-24 21:00:00,4.697,0.131,-4.239,-1.666
2002-08-24 22:00:00,4.754,0.317,-4.345,-1.425
2002-08-24 23:00:00,5.116,-0.416,-4.034,1.132
2002-08-25 00:00:00,5.02,-1.776,-3.528,2.679
2002-08-25 01:00:00,5.515,0.375,-4.236,0.497
2002-08-25 02:00:00,5.144,-0.838,-3.817,0.52
2002-08-25 03:00:00,5.715,0.214,-4.519,1.274
2002-08-25 04:00:00,6.498,0.607,-5.686,-0.89
2002-08-25 05:00:00,5.94,-0.631,-5.226,-0.473
2002-08-25 06:00:00,5.751,2.04,-3.488,2.025
2002-08-25 07:00:00,5.774,1.053,-4.528,-0.571
2002-08-25 08:00:00,5.597,1.479,-5.114,-0.116
2002-08-25 09:00:00,5.643,1.776,-5.133,0.772
2002-08-25 10:00:00,5.284,0.423,-4.125,-0.751
2002-08-25 11:00:00,5.839,3.514,-4.083,1.612
2002-08-25 12:00:00,5.241,1.77,-4.688,-0.442
2002-08-25 13:00:00,5.133,1.695,-4.503,-0.649
2002-08-25 14:00:00,4.959,2.857,-3.834,-0.4
2002-08-25 15:00:00,4.688,2.672,-3.682,0.679
2002-08-25 16:00:00,4.449,2.59,-3.487,-0.439
2002-08-25 17:00:00,4.399,2.874,-3.172,-0.591
2002-08-25 18:00:00,5.008,3.914,-2.827,0.516
2002-08-25 19:00:00,5.086,2.274,-4.438,-0.107
2002-08-25 20:00:00,5.062,2.608,-4.163,-0.935
2002-08-25 21:00:00,6.261,0.727,-4.29,-4.352
2002-08-25 22:00:00,7.71,2.123,-5.728,-4.449
2002-08-25 23:00:00,8.312,4.821,-5.767,-2.784
2002-08-26 00:00:00,8.556,3.479,-7.15,-2.616
2002-08-26 01:00:00,9.595,2.255,-8.507,-3.534
2002-08-26 02:00:00,8.447,2.669,-7.009,-3.361
2002-08-26 03:00:00,8.894,4.627,-6.892,-1.665
2002-08-26 04:00:00,8.913,3.059,-7.821,-2.338
2002-08-26 05:00:00,8.603,4.688,-7.072,0.342
2002-08-26 06:00:00,8.406,4.612,-6.968,-0.096
2002-08-26 07:00:00,7.944,2.735,-7.132,-1.744
2002-08-26 08:00:00,7.529,2.986,-6.258,-0.662
2002-08-26 09:00:00,7.404,3.523,-4.913,0.855
2002-08-26 10:00:00,8.778,3.366,-3.106,-0.635
2002-08-26 11:00:00,11.416,5.533,0.089,7.236
2002-08-26 12:00:00,11.213,7.521,-2.422,5.553
2002-08-26 13:00:00,10.491,5.355,-5.247,-2.907
2002-08-26 14:00:00,15.561,10.235,-7.316,-6.79
2002-08-26 15:00:00,15.754,8.841,-9.141,-8.902
2002-08-26 16:00:00,13.837,10.448,-7.593,-1.984
2002-08-26 17:00:00,12.224,7.696,-6.343,-5.806
2002-08-26 18:00:00,12.036,6.731,-6.142,-6.785
2002-08-26 19:00:00,10.961,10.035,-2.066,1.164
2002-08-26 20:00:00,10.775,8.751,-4.358,-0.655
2002-08-26 21:00:00,10.428,7.441,-5.792,-3.263
2002-08-26 22:00:00,10.012,8.22,-4.204,-1.669
2002-08-26 23:00:00,11.428,9.062,-4.876,2.573
2002-08-27 00:00:00,13.033,9.864,-4.794,4.305
2002-08-27 01:00:00,12.614,8.15,-6.52,-0.203
2002-08-27 02:00:00,12.067,6.862,-7.327,-4.047
2002-08-27 03:00:00,12.497,1.593,-10.292,-6.436
2002-08-27 04:00:00,11.97,5.575,-9.946,-2.853
2002-08-27 05:00:00,12.323,8.38,-8.369,0.873
2002-08-27 06:00:00,12.277,7.455,-9.265,1.552
2002-08-27 07:00:00,11.799,8.711,-6.506,1.7
2002-08-27 08:00:00,11.025,8.471,0.121,5.561
2002-08-27 09:00:00,11.121,6.396,5.968,5.948
2002-08-27 10:00:00,9.425,0.153,4.703,-2.972
2002-08-27 11:00:00,11.648,10.667,3.467,-0.145
2002-08-27 12:00:00,11.187,10.123,1.151,3.507
2002-08-27 13:00:00,10.54,10.125,1.373,2.144
2002-08-27 14:00:00,8.693,6.472,-2.488,-1.5
2002-08-27 15:00:00,9.642,6.703,-5.695,2.815
2002-08-27 16:00:00,9.905,4.246,-1.578,6.545
2002-08-27 17:00:00,10.635,8.113,-0.696,5.985
2002-08-27 18:00:00,10.728,8.486,-1.228,4.333
2002-08-27 19:00:00,12.089,8.426,-7.89,1.233
2002-08-27 20:00:00,12.002,5.391,-10.179,-1.325
2002-08-27 21:00:00,11.977,4.267,-10.128,-2.117
2002-08-27 22:00:00,11.694,5.987,-8.059,3.709
2002-08-27 23:00:00,11.363,6.261,-6.511,6.273
2002-08-28 00:00:00,11.907,5.759,-10.063,-1.599
2002-08-28 01:00:00,11.189,5.606,-8.002,2.57
2002-08-28 02:00:00,10.985,6.623,-5.539,5.203
2002-08-28 03:00:00,10.878,6.323,-7.968,1.851
2002-08-28 04:00:00,10.804,5.945,-8.523,1.094
2002-08-28 05:00:00,10.278,5.367,-7.537,0.432
2002-08-28 06:00:00,9.959,6.789,-4.872,-0.102
2002-08-28 07:00:00,10.008,6.026,-4.672,4.911
2002-08-28 08:00:00,9.374,4.423,-3.127,4.281
2002-08-28 09:00:00,8.593,3.286,-5.341,4.362
2002-08-28 10:00:00,8.236,2.043,-5.079,5.479
2002-08-28 11:00:00,7.936,3.704,-5.386,2.288
2002-08-28 12:00:00,8.224,3.78,-5.318,3.325
2002-08-28 13:00:00,7.747,5.699,-2.334,0.842
2002-08-28 14:00:00,7.178,2.598,-2.428,4.684
2002-08-28 15:00:00,7.295,3.422,-2.006,2.648
2002-08-28 16:00:00,7.859,5.164,-2.991,3.304
2002-08-28 17:00:00,8.25,7.319,-1.358,-1.439
2002-08-28 18:00:00,7.267,5.629,1.128,-2.843
2002-08-28 19:00:00,7.61,5.787,-0.923,-3.207
2002-08-28 20:00:00,7.163,5.325,-3.644,-1.386
2002-08-28 21:00:00,7.233,5.819,-2.225,-2.793
2002-08-28 22:00:00,6.897,5.419,-3.723,-0.321
2002-08-28 23:00:00,6.792,6.224,0.033,-1.533
2002-08-29 00:00:00,6.511,5.928,-0.929,-1.27
2002-08-29 01:00:00,6.429,4.782,-3.578,-0.259
2002-08-29 02:00:00,6.393,3.899,-3.335,3.058
2002-08-29 03:00:00,6.55,-0.026,-4.135,3.271
2002-08-29 04:00:00,6.341,1.278,-2.32,4.992
2002-08-29 05:00:00,5.965,5.309,-1.458,0.732
2002-08-29 06:00:00,6.172,2.726,-2.708,3.386
2002-08-29 07:00:00,6.239,4.089,-4.017,-0.914
2002-08-29 08:00:00,5.483,3.83,-3.482,0.241
2002-08-29 09:00:00,4.933,0.248,-2.958,0.356
2002-08-29 10:00:00,5.384,-2.238,-3.826,0.786
2002-08-29 11:00:00,6.108,-0.654,-4.177,-0.646
2002-08-29 12:00:00,6.05,-0.817,-4.884,0.444
2002-08-29 13:00:00,6.629,1.966,-3.182,-2.317
2002-08-29 14:00:00,7.004,3.567,-3.992,-3.768
2002-08-29 15:00:00,6.805,3.966,-4.145,-0.136
2002-08-29 16:00:00,6.767,2.622,-5.928,0.496
2002-08-29 17:00:00,6.928,1.487,-6.452,-0.042
2002-08-29 18:00:00,7.687,-1.017,-7.074,2.073
2002-08-29 19:00:00,7.902,-1.418,-5.235,5.336
2002-08-29 20:00:00,7.455,0.744,-5.307,2.868
2002-08-29 21:00:00,7.925,2.906,-1.265,7.018
2002-08-29 22:00:00,7.712,2.248,-2.549,6.85
2002-08-29 23:00:00,7.638,2.107,-5.601,4.464
2002-08-30 00:00:00,7.482,1.843,-6.397,2.392
2002-08-30 01:00:00,7.355,2.749,-5.831,-1.757
2002-08-30 02:00:00,7.388,1.301,-4.105,-5.826
2002-08-30 03:00:00,7.606,1.279,-3.125,-6.725
2002-08-30 04:00:00,7.363,2.304,-4.576,-4.836
2002-08-30 05:00:00,7.475,3.918,-3.24,-3.823
2002-08-30 06:00:00,7.558,5.567,-4.318,0.006
2002-08-30 07:00:00,7.416,5.58,-3.424,-3.077
2002-08-30 08:00:00,6.262,5.793,-0.868,0.184
2002-08-30 09:00:00,6.38,6.23,0.702,0.497
2002-08-30 10:00:00,6.36,5.712,-2.079,-1.495
2002-08-30 11:00:00,5.8,5.194,-2.2,0.608
2002-08-30 12:00:00,5.395,3.859,-2.123,-0.918
2002-08-30 13:00:00,4.508,1.707,-1.519,-3.342
2002-08-30 14:00:00,4.102,2.372,-1.787,-2.579
2002-08-30 15:00:00,3.801,1.826,-1.66,-2.691
2002-08-30 16:00:00,4.294,0.497,-0.963,-3.997
2002-08-30 17:00:00,3.79,-0.191,-0.262,-3.549
2002-08-30 18:00:00,4.472,2.848,-0.652,0.35
2002-08-30 19:00:00,4.51,4.355,-0.38,1.026
2002-08-30 20:00:00,4.161,4.065,-0.06,0.821
2002-08-30 21:00:00,3.951,3.728,0.907,0.846
2002-08-30 22:00:00,3.989,3.753,0.967,0.165
2002-08-30 23:00:00,3.877,3.814,0.357,-0.323
2002-08-31 00:00:00,4.35,4.253,-0.497,-0.377
2002-08-31 01:00:00,3.951,3.706,-0.824,0.924
2002-08-31 02:00:00,3.948,3.824,-0.519,0.699
2002-08-31 03:00:00,4.06,4.0,-0.291,0.589
2002-08-31 04:00:00,3.905,3.651,-0.911,0.642
2002-08-31 05:00:00,4.797,3.782,-2.654,-0.551
2002-08-31 06:00:00,5.751,4.02,-3.719,-0.835
2002-08-31 07:00:00,6.352,3.426,-4.34,-2.473
2002-08-31 08:00:00,6.986,4.274,-3.808,-3.534
2002-08-31 09:00:00,7.47,5.46,0.285,-4.981
2002-08-31 10:00:00,6.775,3.826,0.674,-5.438
2002-08-31 11:00:00,7.589,3.937,1.161,-6.334
2002-08-31 12:00:00,8.032,4.492,0.823,-6.278
2002-08-31 13:00:00,8.38,7.197,-2.269,-3.423
2002-08-31 14:00:00,8.324,7.06,-2.645,-3.481
2002-08-31 15:00:00,8.174,6.637,-3.09,-3.329
2002-08-31 16:00:00,8.075,6.191,-4.444,-2.277
2002-08-31 17:00:00,7.664,4.571,-5.85,1.776
2002-08-31 18:00:00,6.212,3.324,-4.717,0.523
2002-08-31 19:00:00,5.995,3.208,-4.694,-0.419
2002-08-31 20:00:00,5.792,1.16,0.028,-4.966
2002-08-31 21:00:00,5.622,1.636,1.959,-4.474
2002-08-31 22:00:00,4.891,3.459,-0.648,-2.492
2002-08-31 23:00:00,5.369,2.443,-0.311,-3.686
2002-09-01 00:00:00,6.041,3.194,-3.528,-3.36
2002-09-01 01:00:00,5.925,1.016,-5.656,-0.409
2002-09-01 02:00:00,5.324,1.615,-3.629,-2.834
2002-09-01 03:00:00,6.369,2.909,-5.117,-0.035
2002-09-01 04:00:00,5.808,0.639,-2.427,-4.783
2002-09-01 05:00:00,7.085,2.734,-5.949,-0.836
2002-09-01 06:00:00,7.462,3.458,-6.361,0.27
2002-09-01 07:00:00,7.201,3.074,-6.218,1.321
2002-09-01 08:00:00,7.293,2.424,-6.639,-0.252
2002-09-01 09:00:00,7.427,2.855,-6.295,-0.382
2002-09-01 10:00:00,6.596,2.614,-5.655,-0.045
2002-09-01 11:00:00,6.708,3.462,-1.692,5.03
2002-09-01 12:00:00,6.566,3.617,-2.492,4.592
2002-09-01 13:00:00,6.56,3.587,-4.523,-0.228
2002-09-01 14:00:00,6.993,3.451,-5.258,-1.686
2002-09-01 15:00:00,7.169,3.935,-5.53,0.769
2002-09-01 16:00:00,6.818,3.154,-5.598,0.839
2002-09-01 17:00:00,6.759,3.795,-5.018,0.792
2002-09-01 18:00:00,7.267,3.065,-4.663,-2.399
2002-09-01 19:00:00,7.492,5.356,-2.811,-2.846
2002-09-01 20:00:00,7.95,4.76,0.822,-6.142
2002-09-01 21:00:00,8.455,5.212,2.291,-6.162
2002-09-01 22:00:00,8.009,4.31,1.581,-6.141
2002-09-01 23:00:00,8.007,2.878,5.489,-4.624
2002-09-02 00:00:00,9.058,6.295,3.468,-5.429
2002-09-02 01:00:00,9.522,7.023,3.785,-4.675
2002-09-02 02:00:00,8.769,4.791,1.434,-1.795
2002-09-02 03:00:00,8.391,6.219,-0.604,-4.835
2002-09-02 04:00:00,9.021,6.928,3.11,3.292
2002-09-02 05:00:00,7.446,4.061,-1.344,4.051
2002-09-02 06:00:00,7.5,0.527,-6.943,0.32
2002-09-02 07:00:00,8.168,1.873,-3.447,-0.532
2002-09-02 08:00:00,7.65,3.543,-3.02,0.04
2002-09-02 09:00:00,7.727,4.574,-2.76,-3.563
2002-09-02 10:00:00,7.075,3.622,-4.991,-2.432
2002-09-02 11:00:00,6.441,2.783,-3.75,2.206
2002-09-02 12:00:00,6.895,-0.521,0.231,5.96
2002-09-02 13:00:00,4.497,0.347,-2.363,2.235
2002-09-02 14:00:00,5.641,-2.0,0.118,4.348
2002-09-02 15:00:00,5.862,0.566,4.876,1.64
2002-09-02 16:00:00,5.401,0.344,1.193,3.892
2002-09-02 17:00:00,5.904,-1.237,0.504,4.645
2002-09-02 18:00:00,6.18,-1.944,-3.323,3.651
2002-09-02 19:00:00,6.781,-3.158,-3.827,4.314
2002-09-02 20:00:00,6.212,-0.685,-1.097,4.615
2002-09-02 21:00:00,6.054,0.456,-3.861,2.832
2002-09-02 22:00:00,6.546,-0.349,-2.85,4.968
2002-09-02 23:00:00,6.023,2.984,-4.592,1.833
2002-09-03 00:00:00,6.265,2.966,-5.094,1.882
2002-09-03 01:00:00,6.908,3.418,-5.366,2.166
2002-09-03 02:00:00,7.678,0.536,-6.855,2.86
2002-09-03 03:00:00,9.869,0.236,-7.078,6.632
2002-09-03 04:00:00,10.219,0.639,-5.756,8.347
2002-09-03 05:00:00,10.034,0.157,-5.129,8.578
2002-09-03 06:00:00,9.771,-2.394,-0.149,8.017
2002-09-03 07:00:00,10.725,-3.207,-0.836,10.041
2002-09-03 08:00:00,11.057,-4.399,1.19,9.657
2002-09-03 09:00:00,12.78,-3.87,-0.803,10.869
2002-09-03 10:00:00,11.992,-2.449,-2.003,10.246
2002-09-03 11:00:00,13.133,-2.74,-2.346,12.139
2002-09-03 12:00:00,14.375,-0.383,-0.002,13.33
2002-09-03 13:00:00,14.123,-4.631,6.347,10.64
2002-09-03 14:00:00,15.046,-5.152,10.343,9.569
2002-09-03 15:00:00,15.65,-4.332,12.654,7.337
2002-09-03 16:00:00,15.979,-5.689,10.704,9.948
2002-09-03 17:00:00,14.526,-7.683,5.292,9.874
2002-09-03 18:00:00,15.129,-6.69,11.062,6.555
2002-09-03 19:00:00,16.346,-5.4,14.535,0.851
2002-09-03 20:00:00,17.551,-4.745,16.287,3.528
2002-09-03 21:00:00,18.333,-1.047,17.409,-2.474
2002-09-03 22:00:00,18.71,-4.532,17.86,-1.005
2002-09-03 23:00:00,18.847,-4.402,18.127,-0.414
2002-09-04 00:00:00,18.861,-3.491,13.323,-2.839
2002-09-04 01:00:00,18.629,-0.59,-0.928,-18.421
2002-09-04 02:00:00,17.61,-0.112,0.924,-17.095
2002-09-04 03:00:00,18.231,-1.521,5.891,-16.363
2002-09-04 04:00:00,14.759,-3.994,9.821,-5.76
2002-09-04 05:00:00,14.879,-3.184,11.482,-7.899
2002-09-04 06:00:00,15.429,1.076,12.43,0.163
2002-09-04 07:00:00,15.233,-1.196,11.159,-5.611
2002-09-04 08:00:00,15.178,-2.874,4.892,-13.513
2002-09-04 09:00:00,13.97,-5.252,8.233,-7.672
2002-09-04 10:00:00,13.041,-1.175,9.892,-5.286
2002-09-04 11:00:00,12.659,-2.689,8.096,-1.015
2002-09-04 12:00:00,12.303,-3.183,10.792,-1.107
2002-09-04 13:00:00,12.104,-3.344,7.618,-4.979
2002-09-04 14:00:00,10.721,-4.786,5.993,-2.826
2002-09-04 15:00:00,11.373,-1.9,9.575,-2.929
2002-09-04 16:00:00,11.858,-1.223,9.662,-5.947
2002-09-04 17:00:00,10.2,-2.19,7.874,-1.753
2002-09-04 18:00:00,5.766,-4.027,3.442,-0.428
2002-09-04 19:00:00,5.84,-4.469,0.376,2.149
2002-09-04 20:00:00,5.761,-3.991,2.703,1.359
2002-09-04 21:00:00,5.756,-3.919,3.249,-0.422
2002-09-04 22:00:00,5.492,-4.707,0.12,0.758
2002-09-04 23:00:00,5.415,-4.309,0.243,-0.003
2002-09-05 00:00:00,5.375,-4.207,2.178,0.505
2002-09-05 01:00:00,5.453,-4.549,0.444,-0.992
2002-09-05 02:00:00,5.587,-4.626,0.019,0.731
2002-09-05 03:00:00,5.513,-4.788,-0.7,-1.488
2002-09-05 04:00:00,5.508,-5.122,-0.719,-0.464
2002-09-05 05:00:00,5.55,-5.04,-0.85,-0.884
2002-09-05 06:00:00,5.816,-5.221,-0.094,-1.686
2002-09-05 07:00:00,5.848,-4.68,1.632,-0.733
2002-09-05 08:00:00,6.007,-5.156,2.598,-0.457
2002-09-05 09:00:00,6.15,-4.917,3.077,-1.093
2002-09-05 10:00:00,6.154,-3.956,4.268,-1.136
2002-09-05 11:00:00,6.137,-4.8,3.167,-1.056
2002-09-05 12:00:00,6.292,-1.36,5.189,-1.894
2002-09-05 13:00:00,6.241,0.482,5.025,-2.754
2002-09-05 14:00:00,6.346,-1.097,5.239,-2.156
2002-09-05 15:00:00,6.985,-0.267,6.308,-2.103
2002-09-05 16:00:00,6.596,-0.926,5.951,-0.571
2002-09-05 17:00:00,6.178,-2.467,3.811,0.862
2002-09-05 18:00:00,5.703,-4.315,-2.549,2.198
2002-09-05 19:00:00,5.278,-3.688,-2.317,2.405
2002-09-05 20:00:00,4.892,-3.406,2.559,1.341
2002-09-05 21:00:00,5.121,-2.334,0.773,2.643
2002-09-05 22:00:00,5.153,-2.053,2.68,1.425
2002-09-05 23:00:00,4.962,-3.469,1.649,1.038
2002-09-06 00:00:00,4.699,-3.055,0.801,2.33
2002-09-06 01:00:00,5.058,-3.188,2.124,2.614
2002-09-06 02:00:00,4.823,-2.07,3.452,-1.047
2002-09-06 03:00:00,4.75,-4.291,-0.584,-0.445
2002-09-06 04:00:00,4.947,-4.468,-1.183,0.099
2002-09-06 05:00:00,4.796,-4.505,0.111,-0.434
2002-09-06 06:00:00,4.808,-4.304,0.962,-0.724
2002-09-06 07:00:00,4.932,-3.274,1.057,-3.19
2002-09-06 08:00:00,5.009,-3.61,0.999,-2.734
2002-09-06 09:00:00,5.254,-3.553,0.882,-3.035
2002-09-06 10:00:00,5.128,-4.0,1.018,-1.903
2002-09-06 11:00:00,5.226,-2.75,1.663,-3.444
2002-09-06 12:00:00,5.413,-0.876,2.484,-2.939
2002-09-06 13:00:00,4.894,-3.332,1.073,-1.805
2002-09-06 14:00:00,5.219,0.598,4.502,0.409
2002-09-06 15:00:00,5.302,-2.051,1.833,3.263
2002-09-06 16:00:00,5.389,-3.624,2.985,-0.256
2002-09-06 17:00:00,5.328,-4.258,0.101,2.517
2002-09-06 18:00:00,5.023,-2.517,3.244,0.174
2002-09-06 19:00:00,4.342,-3.116,1.026,-0.302
2002-09-06 20:00:00,4.832,-4.261,1.511,-0.267
2002-09-06 21:00:00,4.96,-2.284,3.808,-0.876
2002-09-06 22:00:00,5.397,-2.678,4.049,-2.105
2002-09-06 23:00:00,5.606,-1.231,4.486,-2.893
2002-09-07 00:00:00,5.723,-0.097,4.321,-2.983
2002-09-07 01:00:00,5.726,1.224,4.148,-3.553
2002-09-07 02:00:00,5.642,-0.995,4.087,-2.883
2002-09-07 03:00:00,5.645,-0.613,5.215,-1.267
2002-09-07 04:00:00,6.086,0.327,3.828,-4.641
2002-09-07 05:00:00,5.791,-0.414,3.534,-4.279
2002-09-07 06:00:00,5.697,-2.392,3.781,-2.17
2002-09-07 07:00:00,5.847,-2.103,3.328,-3.816
2002-09-07 08:00:00,5.914,-2.587,3.797,-3.344
2002-09-07 09:00:00,5.867,-3.218,3.839,-1.649
2002-09-07 10:00:00,7.104,-5.198,3.595,-3.207
2002-09-07 11:00:00,7.689,-6.06,2.88,-3.501
2002-09-07 12:00:00,7.317,-4.558,-0.086,-4.904
2002-09-07 13:00:00,7.723,-0.885,-0.346,-7.125
2002-09-07 14:00:00,7.928,1.294,-3.534,-6.476
2002-09-07 15:00:00,8.958,2.837,-5.521,-5.899
2002-09-07 16:00:00,22.277,1.217,-8.377,-20.142
2002-09-07 17:00:00,23.019,-1.686,2.392,-18.822
2002-09-07 18:00:00,20.24,-6.704,18.656,-0.77
2002-09-07 19:00:00,19.121,-5.512,15.637,-7.861
2002-09-07 20:00:00,17.72,-6.189,12.775,-5.79
2002-09-07 21:00:00,19.284,-6.041,9.564,-13.251
2002-09-07 22:00:00,20.103,-4.554,2.776,-16.075
2002-09-07 23:00:00,20.306,-11.581,12.161,-10.15
2002-09-08 00:00:00,18.265,-9.768,10.927,-10.284
2002-09-08 01:00:00,19.465,-10.628,12.381,-9.371
2002-09-08 02:00:00,18.71,-13.305,11.654,-4.768
2002-09-08 03:00:00,17.247,-12.463,10.92,-2.112
2002-09-08 04:00:00,11.936,-8.037,2.953,6.383
2002-09-08 05:00:00,11.5,-7.019,0.628,8.904
2002-09-08 06:00:00,11.233,-7.397,1.624,7.566
2002-09-08 07:00:00,10.696,-9.415,3.385,3.709
2002-09-08 08:00:00,10.101,-9.183,3.153,2.647
2002-09-08 09:00:00,9.417,-7.873,3.01,3.98
2002-09-08 10:00:00,9.005,-5.905,2.095,6.282
2002-09-08 11:00:00,9.432,-6.091,2.831,6.458
2002-09-08 12:00:00,10.335,-6.809,3.419,6.827
2002-09-08 13:00:00,11.093,-7.551,2.763,7.503
2002-09-08 14:00:00,11.445,-8.338,3.593,6.418
2002-09-08 15:00:00,12.299,-9.402,5.382,5.742
2002-09-08 16:00:00,10.983,-8.775,5.758,3.028
2002-09-08 17:00:00,8.586,-7.031,4.04,2.507
2002-09-08 18:00:00,9.461,-6.821,4.475,4.387
2002-09-08 19:00:00,8.777,-6.854,2.926,-3.193
2002-09-08 20:00:00,7.443,0.768,-0.462,-2.203
2002-09-08 21:00:00,7.03,1.475,0.954,5.977
2002-09-08 22:00:00,8.635,-5.173,3.441,4.672
2002-09-08 23:00:00,9.165,-6.725,0.73,4.917
2002-09-09 00:00:00,9.191,-6.005,0.801,6.656
2002-09-09 01:00:00,9.104,-7.055,3.278,4.311
2002-09-09 02:00:00,9.529,-8.403,2.093,3.135
2002-09-09 03:00:00,9.768,-9.401,1.396,1.877
2002-09-09 04:00:00,9.679,-8.693,0.568,3.959
2002-09-09 05:00:00,9.598,-8.396,1.228,4.442
2002-09-09 06:00:00,9.779,-8.287,2.394,4.573
2002-09-09 07:00:00,9.908,-7.872,3.539,4.684
2002-09-09 08:00:00,10.071,-7.118,4.602,5.293
2002-09-09 09:00:00,9.795,-7.088,4.626,4.596
2002-09-09 10:00:00,9.618,-7.15,4.795,3.707
2002-09-09 11:00:00,9.514,-8.053,4.105,1.758
2002-09-09 12:00:00,9.426,-7.863,4.611,1.317
2002-09-09 13:00:00,9.199,-6.753,5.306,3.011
2002-09-09 14:00:00,8.937,-6.635,5.226,2.688
2002-09-09 15:00:00,8.985,-7.559,4.779,0.069
2002-09-09 16:00:00,9.197,-7.317,4.855,-1.669
2002-09-09 17:00:00,9.48,-6.376,4.871,-4.866
2002-09-09 18:00:00,9.127,-5.58,5.177,-4.804
2002-09-09 19:00:00,9.156,-4.635,6.271,-4.168
2002-09-09 20:00:00,9.196,-3.12,6.823,-5.072
2002-09-09 21:00:00,9.172,-3.7,6.844,-4.784
2002-09-09 22:00:00,9.253,-4.638,6.342,-4.809
2002-09-09 23:00:00,8.96,-5.041,6.787,-2.734
2002-09-10 00:00:00,9.206,-5.19,6.927,-2.965
2002-09-10 01:00:00,9.102,-4.685,6.827,-3.563
2002-09-10 02:00:00,9.047,-6.083,5.782,-3.116
2002-09-10 03:00:00,8.881,-6.761,5.018,-2.753
2002-09-10 04:00:00,8.731,-3.605,6.93,-3.157
2002-09-10 05:00:00,8.715,-4.116,6.086,-4.547
2002-09-10 06:00:00,8.401,-5.006,5.302,-3.771
2002-09-10 07:00:00,8.207,-4.627,5.073,-4.367
2002-09-10 08:00:00,7.958,-5.613,3.667,-4.113
2002-09-10 09:00:00,7.914,-3.642,3.034,-6.17
2002-09-10 10:00:00,7.665,-1.309,1.549,-6.971
2002-09-10 11:00:00,7.023,-3.629,-1.505,-5.472
2002-09-10 12:00:00,7.269,-5.26,0.113,-4.421
2002-09-10 13:00:00,8.297,-5.854,2.415,-5.283
2002-09-10 14:00:00,8.571,-5.192,-0.396,-6.647
2002-09-10 15:00:00,9.119,-5.379,1.617,-7.108
2002-09-10 16:00:00,10.195,-6.056,5.399,-6.084
2002-09-10 17:00:00,9.793,-5.305,4.365,-6.701
2002-09-10 18:00:00,10.28,-4.62,3.809,-8.067
2002-09-10 19:00:00,9.856,-6.151,1.732,-6.461
2002-09-10 20:00:00,9.744,-5.113,2.903,-6.889
2002-09-10 21:00:00,7.492,-4.886,1.822,-2.193
2002-09-10 22:00:00,6.417,-5.264,-0.416,1.437
2002-09-10 23:00:00,7.097,-4.244,-3.002,3.814
2002-09-11 00:00:00,7.061,-1.357,-3.251,5.08
2002-09-11 01:00:00,6.473,-2.335,-3.583,4.525
2002-09-11 02:00:00,7.126,-2.191,-2.924,5.896
2002-09-11 03:00:00,6.968,-1.387,-1.412,6.3
2002-09-11 04:00:00,7.195,-0.644,4.582,-2.571
2002-09-11 05:00:00,7.993,-0.523,5.277,-2.763
2002-09-11 06:00:00,9.823,-4.029,7.223,-4.616
2002-09-11 07:00:00,11.678,-4.065,6.665,-8.01
2002-09-11 08:00:00,12.768,-1.343,8.287,-8.772
2002-09-11 09:00:00,11.877,-4.15,3.025,3.695
2002-09-11 10:00:00,8.892,-3.966,-2.249,1.531
2002-09-11 11:00:00,10.664,-1.773,3.548,6.08
2002-09-11 12:00:00,10.11,0.791,5.59,2.119
2002-09-11 13:00:00,10.035,-0.406,7.569,-3.868
2002-09-11 14:00:00,11.083,-4.253,-4.311,-6.51
2002-09-11 15:00:00,13.583,-2.869,8.468,-5.687
2002-09-11 16:00:00,10.494,-7.572,0.137,-3.285
2002-09-11 17:00:00,10.412,-0.049,8.538,-0.614
2002-09-11 18:00:00,9.347,5.148,3.637,0.982
2002-09-11 19:00:00,10.475,-3.943,7.747,-5.046
2002-09-11 20:00:00,10.269,-3.93,7.256,-3.767
2002-09-11 21:00:00,10.386,-3.912,6.404,-5.561
2002-09-11 22:00:00,9.107,-1.189,7.21,-2.142
2002-09-11 23:00:00,8.698,-5.242,4.036,-1.008
2002-09-12 00:00:00,8.012,-5.889,-0.096,-2.195
2002-09-12 01:00:00,9.039,-4.429,6.129,-3.596
2002-09-12 02:00:00,8.29,-4.708,5.671,-2.99
2002-09-12 03:00:00,7.408,-3.441,4.779,-3.061
2002-09-12 04:00:00,6.63,-2.492,5.048,-1.717
2002-09-12 05:00:00,5.939,-2.813,4.35,0.07
2002-09-12 06:00:00,5.726,-0.941,3.796,-0.069
2002-09-12 07:00:00,5.725,-2.585,4.474,-0.964
2002-09-12 08:00:00,6.079,-2.255,3.9,-2.742
2002-09-12 09:00:00,6.305,-3.389,4.387,-2.694
2002-09-12 10:00:00,6.38,-2.858,5.229,-1.794
2002-09-12 11:00:00,6.593,-2.368,3.949,-3.725
2002-09-12 12:00:00,7.285,-1.393,5.936,-2.117
2002-09-12 13:00:00,6.85,-4.227,3.703,-2.211
2002-09-12 14:00:00,6.887,-2.469,5.443,0.135
2002-09-12 15:00:00,6.237,-3.435,3.618,-1.807
2002-09-12 16:00:00,6.484,-4.602,1.713,-2.247
2002-09-12 17:00:00,7.184,-2.488,6.058,-1.357
2002-09-12 18:00:00,6.947,-1.631,5.563,-0.77
2002-09-12 19:00:00,6.915,0.056,6.667,0.253
2002-09-12 20:00:00,6.387,-1.016,5.855,-0.777
2002-09-12 21:00:00,6.123,-3.233,4.747,-0.89
2002-09-12 22:00:00,5.793,-2.563,4.523,-0.58
2002-09-12 23:00:00,5.594,-1.648,4.274,-1.214
2002-09-13 00:00:00,5.674,-3.373,2.847,1.367
2002-09-13 01:00:00,6.007,-3.427,4.552,-0.717
2002-09-13 02:00:00,6.332,-1.23,5.123,-0.898
2002-09-13 03:00:00,5.951,-1.7,4.264,-2.918
2002-09-13 04:00:00,5.648,-1.777,4.664,-1.55
2002-09-13 05:00:00,5.928,-2.308,4.714,-2.395
2002-09-13 06:00:00,5.771,-3.882,2.945,-2.459
2002-09-13 07:00:00,5.323,-1.896,2.982,-2.423
2002-09-13 08:00:00,5.035,-2.787,3.25,-1.031
2002-09-13 09:00:00,5.254,-3.979,0.289,-2.898
2002-09-13 10:00:00,4.839,-4.458,-0.862,-0.836
2002-09-13 11:00:00,4.41,-3.413,-1.544,0.968
2002-09-13 12:00:00,4.189,-0.102,1.294,1.155
2002-09-13 13:00:00,4.25,2.969,2.472,1.357
2002-09-13 14:00:00,4.213,-0.495,3.731,-0.838
2002-09-13 15:00:00,3.87,-2.144,2.581,-0.163
2002-09-13 16:00:00,4.148,-2.112,2.917,-1.56
2002-09-13 17:00:00,4.013,-1.574,2.633,-0.948
2002-09-13 18:00:00,4.327,0.357,3.955,1.078
2002-09-13 19:00:00,4.294,0.724,3.55,1.07
2002-09-13 20:00:00,3.969,-0.292,3.031,1.267
2002-09-13 21:00:00,3.791,-1.708,2.433,-0.638
2002-09-13 22:00:00,4.312,-3.073,2.465,-0.723
2002-09-13 23:00:00,4.52,-1.319,3.731,0.34
2002-09-14 00:00:00,4.615,0.348,2.761,2.292
2002-09-14 01:00:00,6.225,0.646,5.743,0.464
2002-09-14 02:00:00,7.249,0.522,7.092,-0.569
2002-09-14 03:00:00,6.701,0.514,5.809,-2.734
2002-09-14 04:00:00,6.232,-1.842,5.653,-1.732
2002-09-14 05:00:00,5.682,-3.428,2.991,-1.88
2002-09-14 06:00:00,5.083,-4.085,-1.602,-1.517
2002-09-14 07:00:00,4.993,-4.255,-1.111,-1.297
2002-09-14 08:00:00,6.382,0.118,5.446,-2.296
2002-09-14 09:00:00,6.509,3.777,5.091,-0.075
2002-09-14 10:00:00,5.956,1.579,5.117,-1.885
2002-09-14 11:00:00,4.993,-4.142,1.741,-1.534
2002-09-14 12:00:00,5.425,-5.188,0.415,-1.347
2002-09-14 13:00:00,5.282,-4.318,1.706,-2.231
2002-09-14 14:00:00,4.562,-2.776,1.766,-2.552
2002-09-14 15:00:00,4.849,-2.094,3.173,-2.613
2002-09-14 16:00:00,4.742,-1.751,3.735,-2.118
2002-09-14 17:00:00,4.082,-0.578,3.412,-1.442
2002-09-14 18:00:00,3.242,-0.275,2.744,-1.318
2002-09-14 19:00:00,2.896,-0.089,2.501,-1.233
2002-09-14 20:00:00,2.632,-0.205,2.103,-0.98
2002-09-14 21:00:00,2.663,-0.074,2.18,-0.126
2002-09-14 22:00:00,2.45,-0.129,2.15,-0.544
2002-09-14 23:00:00,3.352,0.637,2.908,-1.43
2002-09-15 00:00:00,2.945,0.647,2.343,-0.841
2002-09-15 01:00:00,3.129,2.671,1.381,-0.303
2002-09-15 02:00:00,3.103,2.434,1.39,-0.118
2002-09-15 03:00:00,3.217,1.338,1.589,-2.106
2002-09-15 04:00:00,3.194,0.105,1.252,-2.603
2002-09-15 05:00:00,3.742,-0.007,1.905,-2.344
2002-09-15 06:00:00,3.646,-0.187,2.923,-1.708
2002-09-15 07:00:00,3.533,-0.385,2.786,-1.071
2002-09-15 08:00:00,3.824,-0.115,1.62,-2.949
2002-09-15 09:00:00,3.798,-0.511,2.016,-2.619
2002-09-15 10:00:00,3.71,-2.203,0.515,-1.96
2002-09-15 11:00:00,3.764,-1.662,0.034,-2.819
2002-09-15 12:00:00,4.037,-1.904,1.82,-2.415
2002-09-15 13:00:00,4.789,-1.432,3.704,-1.081
2002-09-15 14:00:00,5.09,-1.336,4.265,-1.825
2002-09-15 15:00:00,4.917,-0.033,4.323,-0.591
2002-09-15 16:00:00,5.011,0.466,4.16,-1.517
2002-09-15 17:00:00,5.507,-1.13,4.282,-0.15
2002-09-15 18:00:00,7.117,2.633,4.497,-3.411
2002-09-15 19:00:00,7.509,0.712,6.558,-2.857
2002-09-15 20:00:00,7.775,-0.445,7.285,-1.221
2002-09-15 21:00:00,7.724,-1.585,7.074,-0.424
2002-09-15 22:00:00,7.77,-1.92,7.309,1.194
2002-09-15 23:00:00,7.1,-2.282,6.43,0.331
2002-09-16 00:00:00,6.525,-2.397,4.286,4.079
2002-09-16 01:00:00,5.967,-3.161,1.557,3.85
2002-09-16 02:00:00,6.074,-3.174,4.208,2.611
2002-09-16 03:00:00,5.749,-3.349,3.735,1.728
2002-09-16 04:00:00,5.972,-4.274,3.232,2.021
2002-09-16 05:00:00,7.476,-3.838,3.337,4.312
2002-09-16 06:00:00,8.696,-4.069,6.381,2.616
2002-09-16 07:00:00,10.346,-5.681,8.004,0.616
2002-09-16 08:00:00,11.361,-5.485,9.822,-0.173
2002-09-16 09:00:00,11.869,-4.729,10.508,-2.327
2002-09-16 10:00:00,12.083,-4.179,9.965,2.268
2002-09-16 11:00:00,11.267,3.618,-8.834,2.162
2002-09-16 12:00:00,11.28,3.206,-7.964,5.872
2002-09-16 13:00:00,13.286,3.858,-7.099,9.134
2002-09-16 14:00:00,13.321,4.365,-3.914,11.664
2002-09-16 15:00:00,12.23,3.614,-4.711,10.211
2002-09-16 16:00:00,10.794,4.825,-4.83,7.04
2002-09-16 17:00:00,9.731,6.774,-3.057,5.306
2002-09-16 18:00:00,8.559,3.309,0.823,5.692
2002-09-16 19:00:00,8.347,3.23,-1.206,6.745
2002-09-16 20:00:00,8.505,3.729,-3.859,5.698
2002-09-16 21:00:00,7.895,5.14,-0.686,5.074
2002-09-16 22:00:00,8.797,3.189,-5.279,6.18
2002-09-16 23:00:00,9.03,4.166,-5.313,5.875
2002-09-17 00:00:00,9.124,5.593,-4.454,5.053
2002-09-17 01:00:00,9.55,6.862,-5.907,2.057
2002-09-17 02:00:00,9.626,8.212,-2.611,-0.513
2002-09-17 03:00:00,9.908,9.44,-0.248,-2.233
2002-09-17 04:00:00,9.959,9.348,-1.984,-1.961
2002-09-17 05:00:00,9.918,9.354,-3.013,-0.145
2002-09-17 06:00:00,9.737,8.675,-3.259,-1.665
2002-09-17 07:00:00,9.799,8.688,-3.389,-2.777
2002-09-17 08:00:00,10.016,9.315,-2.691,-1.924
2002-09-17 09:00:00,10.43,8.86,-3.465,-3.103
2002-09-17 10:00:00,10.274,8.742,-3.871,-3.36
2002-09-17 11:00:00,10.403,8.947,-4.232,-2.465
2002-09-17 12:00:00,10.477,8.275,-5.575,0.252
2002-09-17 13:00:00,10.93,9.442,-4.502,0.763
2002-09-17 14:00:00,11.938,10.366,-3.994,-2.839
2002-09-17 15:00:00,11.447,10.052,-3.127,-1.737
2002-09-17 16:00:00,11.637,10.95,-3.656,0.4
2002-09-17 17:00:00,11.886,9.46,-5.889,1.799
2002-09-17 18:00:00,12.585,7.53,-9.064,-2.432
2002-09-17 19:00:00,12.26,8.694,-7.424,-1.962
2002-09-17 20:00:00,12.315,7.517,-9.086,-2.426
2002-09-17 21:00:00,12.213,5.836,-9.745,-1.296
2002-09-17 22:00:00,11.67,3.953,-9.255,-1.124
2002-09-17 23:00:00,9.619,4.231,-4.663,-2.557
2002-09-18 00:00:00,8.786,1.371,-5.102,0.31
2002-09-18 01:00:00,9.715,2.454,-7.308,-2.421
2002-09-18 02:00:00,10.131,1.027,-9.344,2.887
2002-09-18 03:00:00,10.32,2.079,-9.384,1.026
2002-09-18 04:00:00,10.083,3.287,-7.418,-1.747
2002-09-18 05:00:00,10.87,5.532,-8.13,1.017
2002-09-18 06:00:00,10.741,4.364,-7.981,0.801
2002-09-18 07:00:00,11.622,4.59,-9.785,-1.547
2002-09-18 08:00:00,11.9,2.107,-9.392,-5.449
2002-09-18 09:00:00,11.168,3.539,-9.136,0.213
2002-09-18 10:00:00,8.95,5.192,-1.399,3.025
2002-09-18 11:00:00,8.614,4.545,-3.254,-2.199
2002-09-18 12:00:00,7.385,2.711,-4.713,0.874
2002-09-18 13:00:00,7.372,2.922,-3.208,-0.832
2002-09-18 14:00:00,8.741,0.241,-5.411,6.2
2002-09-18 15:00:00,8.237,1.514,-3.222,5.275
2002-09-18 16:00:00,8.068,0.493,-4.374,4.276
2002-09-18 17:00:00,7.835,-0.825,-5.779,2.373
2002-09-18 18:00:00,8.24,2.181,-4.179,3.463
2002-09-18 19:00:00,7.798,2.511,-5.985,3.294
2002-09-18 20:00:00,6.495,0.107,-5.402,0.891
2002-09-18 21:00:00,4.976,-0.44,-3.496,-1.296
2002-09-18 22:00:00,6.003,0.613,-4.433,2.421
2002-09-18 23:00:00,5.963,1.075,-4.27,0.717
2002-09-19 00:00:00,5.904,3.523,3.435,-0.267
2002-09-19 01:00:00,6.675,0.025,-4.936,0.324
2002-09-19 02:00:00,6.575,1.829,-5.824,0.711
2002-09-19 03:00:00,7.072,-0.424,-6.58,2.02
2002-09-19 04:00:00,7.067,2.494,-6.148,1.401
2002-09-19 05:00:00,7.157,0.639,-6.26,1.494
2002-09-19 06:00:00,9.825,-0.088,-5.399,4.661
2002-09-19 07:00:00,8.721,0.761,-6.893,4.556
2002-09-19 08:00:00,7.003,2.986,-5.579,1.075
2002-09-19 09:00:00,6.922,2.04,-1.326,2.985
2002-09-19 10:00:00,6.575,3.819,4.125,1.578
2002-09-19 11:00:00,6.135,3.033,4.202,-1.878
2002-09-19 12:00:00,5.878,5.291,0.18,0.277
2002-09-19 13:00:00,6.528,4.055,-2.86,0.146
2002-09-19 14:00:00,6.875,3.628,-0.246,-4.693
2002-09-19 15:00:00,7.101,-2.009,2.711,2.535
2002-09-19 16:00:00,6.935,-5.545,-2.169,2.438
2002-09-19 17:00:00,6.151,-5.82,-1.365,1.198
2002-09-19 18:00:00,5.39,-5.192,-1.115,0.003
2002-09-19 19:00:00,5.568,-4.635,-2.227,1.291
2002-09-19 20:00:00,5.729,-2.044,-3.282,3.949
2002-09-19 21:00:00,5.475,-4.886,-1.973,0.443
2002-09-19 22:00:00,5.674,-5.518,-0.178,0.133
2002-09-19 23:00:00,5.406,-4.962,-0.966,1.232
2002-09-20 00:00:00,6.148,-4.771,-2.982,2.405
2002-09-20 01:00:00,6.246,-5.411,-0.244,2.888
2002-09-20 02:00:00,5.487,-2.246,0.948,2.172
2002-09-20 03:00:00,5.778,-0.615,-3.419,4.171
2002-09-20 04:00:00,5.883,-0.172,-3.829,4.153
2002-09-20 05:00:00,4.532,-0.593,-3.197,2.793
2002-09-20 06:00:00,5.403,0.563,-4.319,2.923
2002-09-20 07:00:00,5.669,1.429,-3.913,3.218
2002-09-20 08:00:00,4.336,-0.646,-3.783,1.692
2002-09-20 09:00:00,4.228,-0.979,-3.918,1.004
2002-09-20 10:00:00,4.206,0.268,-3.693,1.583
2002-09-20 11:00:00,4.094,1.98,-1.349,2.668
2002-09-20 12:00:00,4.177,0.152,-3.192,2.135
2002-09-20 13:00:00,4.201,0.366,-3.819,1.556
2002-09-20 14:00:00,4.064,1.153,-3.574,1.332
2002-09-20 15:00:00,3.748,1.58,-3.291,0.404
2002-09-20 16:00:00,3.929,0.794,-3.578,-0.436
2002-09-20 17:00:00,4.013,0.153,-3.688,1.242
2002-09-20 18:00:00,4.18,-1.135,-3.627,1.655
2002-09-20 19:00:00,4.035,-1.072,-3.55,0.826
2002-09-20 20:00:00,3.907,1.518,-2.708,0.395
2002-09-20 21:00:00,3.878,3.691,-0.302,-0.356
2002-09-20 22:00:00,6.044,1.318,-3.85,1.834
2002-09-20 23:00:00,5.592,3.042,-0.675,2.688
2002-09-21 00:00:00,5.482,2.015,3.674,-1.338
2002-09-21 01:00:00,5.819,2.9,3.49,2.621
2002-09-21 02:00:00,5.363,1.216,-0.497,4.873
2002-09-21 03:00:00,5.94,-0.704,-3.079,4.284
2002-09-21 04:00:00,5.5,-1.418,-3.901,2.287
2002-09-21 05:00:00,5.728,-3.026,-2.281,3.88
2002-09-21 06:00:00,5.936,0.518,1.626,0.551
2002-09-21 07:00:00,6.343,2.16,5.842,-0.883
2002-09-21 08:00:00,4.505,1.701,2.206,-0.123
2002-09-21 09:00:00,6.649,-0.288,-6.475,0.827
2002-09-21 10:00:00,9.855,-0.894,-9.655,0.453
2002-09-21 11:00:00,11.418,2.993,-6.29,1.114
2002-09-21 12:00:00,12.265,11.046,-0.994,4.608
2002-09-21 13:00:00,9.953,7.947,-3.567,1.59
2002-09-21 14:00:00,7.476,5.752,-0.361,-2.783
2002-09-21 15:00:00,6.29,3.761,0.195,1.382
2002-09-21 16:00:00,8.081,5.304,5.314,1.918
2002-09-21 17:00:00,7.856,6.086,3.23,3.575
2002-09-21 18:00:00,7.636,4.939,-1.322,4.712
2002-09-21 19:00:00,7.604,4.705,1.369,4.757
2002-09-21 20:00:00,6.967,2.489,3.668,4.404
2002-09-21 21:00:00,6.03,2.794,-0.721,1.54
2002-09-21 22:00:00,5.639,1.762,-1.212,-0.071
2002-09-21 23:00:00,5.102,0.253,-4.555,-1.048
2002-09-22 00:00:00,4.776,2.348,-2.955,0.284
2002-09-22 01:00:00,4.388,2.122,-2.683,-0.575
2002-09-22 02:00:00,4.814,3.903,-2.487,0.862
2002-09-22 03:00:00,4.507,3.624,-1.065,-0.066
2002-09-22 04:00:00,5.038,3.674,1.504,-0.399
2002-09-22 05:00:00,5.26,2.835,-1.292,-1.857
2002-09-22 06:00:00,5.189,2.668,-3.863,0.03
2002-09-22 07:00:00,5.2,1.483,-4.437,-1.247
2002-09-22 08:00:00,5.296,1.784,-4.079,1.508
2002-09-22 09:00:00,5.309,4.243,-2.506,1.416
2002-09-22 10:00:00,5.624,3.948,-3.631,0.705
2002-09-22 11:00:00,5.426,1.388,-3.451,-2.147
2002-09-22 12:00:00,5.284,3.968,-2.912,-1.057
2002-09-22 13:00:00,5.144,2.409,-3.419,-2.398
2002-09-22 14:00:00,5.626,3.18,0.55,-3.714
2002-09-22 15:00:00,6.365,3.043,-2.933,-4.693
2002-09-22 16:00:00,5.903,4.249,-0.023,-1.594
2002-09-22 17:00:00,5.842,4.879,1.982,1.546
2002-09-22 18:00:00,5.7,3.133,4.138,-0.319
2002-09-22 19:00:00,5.69,3.543,3.934,-1.506
2002-09-22 20:00:00,5.88,4.485,3.664,0.202
2002-09-22 21:00:00,5.306,3.947,1.459,-0.608
2002-09-22 22:00:00,5.694,4.201,-2.929,-0.338
2002-09-22 23:00:00,6.094,2.415,-5.278,1.017
2002-09-23 00:00:00,6.669,1.973,-1.906,0.992
2002-09-23 01:00:00,7.448,5.09,-1.693,2.738
2002-09-23 02:00:00,7.62,5.259,-3.5,3.284
2002-09-23 03:00:00,8.293,5.614,-3.082,4.639
2002-09-23 04:00:00,8.612,6.763,0.689,4.493
2002-09-23 05:00:00,8.552,5.646,5.787,1.993
2002-09-23 06:00:00,8.429,4.669,5.461,4.274
2002-09-23 07:00:00,8.312,4.278,4.367,5.497
2002-09-23 08:00:00,8.19,4.184,3.553,5.845
2002-09-23 09:00:00,8.13,4.439,3.963,5.394
2002-09-23 10:00:00,8.13,4.301,3.719,5.694
2002-09-23 11:00:00,8.135,5.513,3.902,4.389
2002-09-23 12:00:00,8.151,4.857,4.041,5.048
2002-09-23 13:00:00,8.146,4.788,2.341,5.929
2002-09-23 14:00:00,8.336,6.615,2.164,4.273
2002-09-23 15:00:00,8.632,7.506,0.555,3.483
2002-09-23 16:00:00,8.598,7.49,-3.752,0.258
2002-09-23 17:00:00,9.041,7.704,-1.749,3.795
2002-09-23 18:00:00,9.48,7.076,-1.378,5.987
2002-09-23 19:00:00,9.56,6.424,-1.397,6.85
2002-09-23 20:00:00,9.337,7.167,-2.191,5.161
2002-09-23 21:00:00,9.376,6.701,-3.068,5.616
2002-09-23 22:00:00,9.389,6.386,-4.105,5.461
2002-09-23 23:00:00,9.878,7.097,-5.725,3.519
2002-09-24 00:00:00,9.931,7.454,-5.719,3.067
2002-09-24 01:00:00,9.838,6.64,-6.572,2.766
2002-09-24 02:00:00,9.817,6.375,-7.308,1.064
2002-09-24 03:00:00,9.688,5.975,-7.178,1.068
2002-09-24 04:00:00,9.692,6.371,-6.768,2.154
2002-09-24 05:00:00,9.622,6.165,-7.205,0.448
2002-09-24 06:00:00,9.693,5.809,-7.586,1.351
2002-09-24 07:00:00,9.619,5.661,-7.248,-1.459
2002-09-24 08:00:00,9.432,4.914,-7.522,2.564
2002-09-24 09:00:00,9.491,5.126,-6.954,3.468
2002-09-24 10:00:00,9.481,5.478,-6.979,-0.806
2002-09-24 11:00:00,9.437,7.225,-5.637,1.753
2002-09-24 12:00:00,9.445,6.846,-6.321,0.01
2002-09-24 13:00:00,9.494,6.357,-6.942,0.608
2002-09-24 14:00:00,9.524,6.032,-7.188,1.145
2002-09-24 15:00:00,9.534,4.829,-8.041,0.573
2002-09-24 16:00:00,9.443,5.181,-7.552,1.42
2002-09-24 17:00:00,9.194,6.334,-5.515,3.367
2002-09-24 18:00:00,8.861,5.242,-6.241,1.517
2002-09-24 19:00:00,8.582,5.54,-5.897,0.919
2002-09-24 20:00:00,8.393,5.289,-1.092,6.043
2002-09-24 21:00:00,8.226,5.654,-3.568,4.458
2002-09-24 22:00:00,8.296,5.818,-3.524,4.375
2002-09-24 23:00:00,8.431,5.655,-3.534,4.448
2002-09-25 00:00:00,8.675,5.244,-1.975,6.279
2002-09-25 01:00:00,8.602,5.313,0.31,6.688
2002-09-25 02:00:00,8.383,5.522,0.871,6.12
2002-09-25 03:00:00,8.212,5.527,-1.976,5.362
2002-09-25 04:00:00,8.382,5.102,-2.07,5.988
2002-09-25 05:00:00,8.501,5.386,-1.943,5.63
2002-09-25 06:00:00,8.65,5.411,-4.788,4.512
2002-09-25 07:00:00,8.81,6.542,-2.996,5.046
2002-09-25 08:00:00,8.66,6.777,-3.161,4.249
2002-09-25 09:00:00,8.554,5.697,-4.832,3.945
2002-09-25 10:00:00,8.031,4.76,0.828,3.728
2002-09-25 11:00:00,8.355,5.963,3.432,3.397
2002-09-25 12:00:00,8.158,5.527,-3.931,4.073
2002-09-25 13:00:00,7.154,4.805,-2.365,3.232
2002-09-25 14:00:00,8.763,7.528,3.425,2.801
2002-09-25 15:00:00,8.489,6.768,3.785,2.504
2002-09-25 16:00:00,9.008,8.403,2.05,1.995
2002-09-25 17:00:00,8.966,8.267,1.956,0.79
2002-09-25 18:00:00,7.681,7.292,-1.306,-0.438
2002-09-25 19:00:00,6.723,6.377,-0.544,-1.548
2002-09-25 20:00:00,6.681,6.359,0.42,-1.849
2002-09-25 21:00:00,6.102,5.884,-1.039,-1.009
2002-09-25 22:00:00,5.863,5.227,-2.194,-1.036
2002-09-25 23:00:00,6.337,5.246,-2.981,-1.49
2002-09-26 00:00:00,5.942,5.276,-2.49,0.125
2002-09-26 01:00:00,6.372,4.95,-3.351,-0.545
2002-09-26 02:00:00,6.417,5.077,-3.34,-1.343
2002-09-26 03:00:00,6.509,5.373,-3.173,-1.534
2002-09-26 04:00:00,5.96,5.463,-1.469,-1.545
2002-09-26 05:00:00,4.744,3.691,-2.246,-0.52
2002-09-26 06:00:00,4.984,3.939,-2.716,-0.808
2002-09-26 07:00:00,5.09,4.389,-1.577,-1.589
2002-09-26 08:00:00,5.569,4.567,-2.641,-1.28
2002-09-26 09:00:00,5.885,5.027,-2.777,-1.148
2002-09-26 10:00:00,5.798,4.481,-3.376,-0.502
2002-09-26 11:00:00,5.525,3.402,-4.239,0.464
2002-09-26 12:00:00,5.529,2.286,-4.463,2.072
2002-09-26 13:00:00,5.056,2.229,-3.666,2.541
2002-09-26 14:00:00,5.083,1.554,-3.827,0.829
2002-09-26 15:00:00,6.152,2.085,-5.208,-2.366
2002-09-26 16:00:00,6.226,2.2,-5.281,-2.422
2002-09-26 17:00:00,5.989,1.638,-4.744,-3.081
2002-09-26 18:00:00,6.528,1.676,-4.985,-3.808
2002-09-26 19:00:00,7.023,1.494,-4.84,-4.835
2002-09-26 20:00:00,7.399,0.609,-4.338,-5.94
2002-09-26 21:00:00,6.832,0.182,-3.193,-5.97
2002-09-26 22:00:00,6.725,0.007,-1.752,-6.399
2002-09-26 23:00:00,6.929,0.546,-3.774,-5.313
2002-09-27 00:00:00,7.659,1.449,-7.008,-2.337
2002-09-27 01:00:00,7.862,1.889,-7.472,0.448
2002-09-27 02:00:00,7.814,1.437,-7.359,1.917
2002-09-27 03:00:00,7.807,0.623,-7.22,0.564
2002-09-27 04:00:00,8.028,-0.709,-7.542,0.032
2002-09-27 05:00:00,8.044,0.308,-7.84,1.199
2002-09-27 06:00:00,8.166,-0.026,-8.129,-0.542
2002-09-27 07:00:00,8.363,-0.976,-7.954,-1.795
2002-09-27 08:00:00,8.35,-3.308,-5.594,-5.0
2002-09-27 09:00:00,9.105,-3.118,-7.443,-3.669
2002-09-27 10:00:00,9.449,-2.913,-8.683,-1.441
2002-09-27 11:00:00,9.586,-3.195,-8.869,-0.042
2002-09-27 12:00:00,9.518,-2.649,-8.783,1.067
2002-09-27 13:00:00,9.775,-2.344,-7.989,4.632
2002-09-27 14:00:00,8.779,-1.829,-6.406,5.526
2002-09-27 15:00:00,9.283,-1.964,-8.92,1.207
2002-09-27 16:00:00,8.607,-1.928,-7.196,4.038
2002-09-27 17:00:00,8.685,-1.823,-8.113,2.213
2002-09-27 18:00:00,8.837,-0.952,-8.763,0.157
2002-09-27 19:00:00,9.18,-2.283,-8.839,-0.567
2002-09-27 20:00:00,9.118,-1.774,-8.656,-1.075
2002-09-27 21:00:00,9.901,-2.175,-9.192,2.048
2002-09-27 22:00:00,10.656,-3.392,-9.34,-3.044
2002-09-27 23:00:00,10.893,-3.782,-9.962,-1.957
2002-09-28 00:00:00,11.195,-3.912,-10.432,0.381
2002-09-28 01:00:00,11.334,-3.721,-10.415,2.187
2002-09-28 02:00:00,11.477,-2.556,-10.562,3.578
2002-09-28 03:00:00,10.996,-2.525,-9.987,3.549
2002-09-28 04:00:00,11.05,-3.132,-9.609,4.308
2002-09-28 05:00:00,10.437,-3.134,-7.302,6.54
2002-09-28 06:00:00,10.489,-3.575,-7.936,5.266
2002-09-28 07:00:00,10.08,-2.425,-9.112,3.164
2002-09-28 08:00:00,9.951,-2.478,-8.082,4.83
2002-09-28 09:00:00,12.214,-3.862,-7.731,8.58
2002-09-28 10:00:00,12.266,-3.833,-7.62,8.759
2002-09-28 11:00:00,12.49,-2.947,-4.313,11.187
2002-09-28 12:00:00,12.538,-3.157,-3.075,11.718
2002-09-28 13:00:00,12.431,-3.451,-1.838,11.756
2002-09-28 14:00:00,11.549,-3.326,-2.214,10.644
2002-09-28 15:00:00,11.64,-4.373,-3.963,9.733
2002-09-28 16:00:00,11.19,-4.238,-0.496,9.117
2002-09-28 17:00:00,8.496,-1.291,3.343,7.26
2002-09-28 18:00:00,8.949,-4.204,-1.488,6.444
2002-09-28 19:00:00,10.309,-0.393,3.362,9.644
2002-09-28 20:00:00,8.402,0.605,4.139,7.099
2002-09-28 21:00:00,8.515,-0.7,2.76,7.822
2002-09-28 22:00:00,8.029,0.454,-0.907,7.532
2002-09-28 23:00:00,6.878,0.365,-1.808,6.544
2002-09-29 00:00:00,7.284,-0.906,-1.853,6.911
2002-09-29 01:00:00,6.906,-2.647,0.412,6.15
2002-09-29 02:00:00,9.335,0.096,-4.137,7.898
2002-09-29 03:00:00,11.811,-3.136,3.236,10.573
2002-09-29 04:00:00,12.862,-4.957,6.641,9.492
2002-09-29 05:00:00,12.587,-4.995,7.141,8.202
2002-09-29 06:00:00,12.96,-6.614,7.63,7.721
2002-09-29 07:00:00,13.22,-6.176,8.484,7.789
2002-09-29 08:00:00,13.912,-5.858,8.708,8.279
2002-09-29 09:00:00,13.779,-6.53,10.143,6.294
2002-09-29 10:00:00,13.354,-5.639,10.424,5.027
2002-09-29 11:00:00,13.099,-1.765,11.665,5.261
2002-09-29 12:00:00,12.262,-3.042,10.917,2.259
2002-09-29 13:00:00,10.753,-2.35,10.315,-0.043
2002-09-29 14:00:00,9.353,-1.219,9.137,0.617
2002-09-29 15:00:00,9.57,-0.782,9.477,0.15
2002-09-29 16:00:00,7.316,0.531,7.181,0.399
2002-09-29 17:00:00,7.832,0.818,7.674,1.178
2002-09-29 18:00:00,7.594,0.503,7.494,0.899
2002-09-29 19:00:00,8.39,1.702,8.002,0.134
2002-09-29 20:00:00,8.846,0.216,7.022,3.813
2002-09-29 21:00:00,9.207,-5.813,5.823,1.645
2002-09-29 22:00:00,9.196,-3.425,7.164,3.785
2002-09-29 23:00:00,9.277,-3.566,4.331,5.389
2002-09-30 00:00:00,9.59,0.072,7.689,-1.027
2002-09-30 01:00:00,9.897,-0.238,9.123,-3.151
2002-09-30 02:00:00,10.354,-0.498,9.624,-1.38
2002-09-30 03:00:00,11.923,-0.312,7.528,-7.005
2002-09-30 04:00:00,13.484,-3.045,8.777,-7.372
2002-09-30 05:00:00,12.847,-2.86,11.765,-0.665
2002-09-30 06:00:00,13.064,-5.419,11.565,1.483
2002-09-30 07:00:00,16.961,-3.3,13.79,-4.64
2002-09-30 08:00:00,20.501,-0.555,15.895,-3.413
2002-09-30 09:00:00,15.834,0.584,7.361,-1.693
2002-09-30 10:00:00,15.673,-1.08,3.494,-9.492
2002-09-30 11:00:00,17.635,-0.26,10.967,-12.291
2002-09-30 12:00:00,17.61,-2.62,13.211,-6.82
2002-09-30 13:00:00,19.759,-4.927,16.003,9.636
2002-09-30 14:00:00,17.818,-2.86,16.426,3.999
2002-09-30 15:00:00,14.391,-1.217,9.23,-3.818
2002-09-30 16:00:00,17.965,-4.921,14.159,8.851
2002-09-30 17:00:00,18.079,-4.921,9.586,13.394
2002-09-30 18:00:00,17.469,-4.961,6.294,12.515
2002-09-30 19:00:00,16.638,-1.818,11.551,11.469
2002-09-30 20:00:00,20.31,1.774,-6.789,10.285
2002-09-30 21:00:00,25.131,0.917,-16.768,18.347
2002-09-30 22:00:00,25.031,1.59,-10.229,22.558
2002-09-30 23:00:00,23.845,-0.933,-4.397,23.197
2002-10-01 00:00:00,21.639,-5.092,10.027,18.059
2002-10-01 01:00:00,20.435,-5.347,10.993,15.838
2002-10-01 02:00:00,20.167,-7.549,14.079,11.044
2002-10-01 03:00:00,20.019,-8.666,17.389,1.969
2002-10-01 04:00:00,21.071,-8.871,18.437,-0.966
2002-10-01 05:00:00,20.766,-12.7,15.875,-0.12
2002-10-01 06:00:00,22.789,-10.232,18.732,-6.726
2002-10-01 07:00:00,23.404,-9.37,16.815,-12.992
2002-10-01 08:00:00,24.802,-10.428,14.739,-16.437
2002-10-01 09:00:00,24.847,-9.012,11.629,-19.527
2002-10-01 10:00:00,24.119,-4.349,9.094,-21.39
2002-10-01 11:00:00,23.949,-4.15,8.453,-21.939
2002-10-01 12:00:00,22.0,-3.947,7.045,-20.122
2002-10-01 13:00:00,19.524,0.812,8.215,-17.022
2002-10-01 14:00:00,17.765,-2.566,3.899,-16.088
2002-10-01 15:00:00,15.397,-7.458,0.852,-11.918
2002-10-01 16:00:00,13.316,-6.826,-0.411,-9.539
2002-10-01 17:00:00,13.006,-3.617,8.339,-8.66
2002-10-01 18:00:00,11.927,-1.961,7.273,-7.5
2002-10-01 19:00:00,15.204,-5.311,6.542,-11.725
2002-10-01 20:00:00,17.277,-6.985,7.868,-13.549
2002-10-01 21:00:00,15.39,-4.844,7.447,-11.424
2002-10-01 22:00:00,15.041,-4.028,6.938,-9.441
2002-10-01 23:00:00,14.43,-0.672,7.005,-11.257
2002-10-02 00:00:00,14.852,-2.583,5.581,-7.987
2002-10-02 01:00:00,13.727,-3.25,3.517,-10.847
2002-10-02 02:00:00,13.591,-3.564,-1.088,-11.993
2002-10-02 03:00:00,14.215,-4.027,10.676,-7.856
2002-10-02 04:00:00,14.83,-6.178,11.192,-6.416
2002-10-02 05:00:00,12.832,-5.994,7.425,-7.014
2002-10-02 06:00:00,10.264,-7.0,4.276,-3.376
2002-10-02 07:00:00,8.994,-3.776,3.919,-4.239
2002-10-02 08:00:00,8.697,-4.329,4.655,-2.922
2002-10-02 09:00:00,7.265,-4.799,3.58,-2.714
2002-10-02 10:00:00,3.91,-2.268,2.283,0.014
2002-10-02 11:00:00,3.955,-0.138,2.143,-2.427
2002-10-02 12:00:00,3.77,0.29,2.451,-1.461
2002-10-02 13:00:00,4.036,-3.302,0.617,0.452
2002-10-02 14:00:00,4.108,-3.641,1.378,-0.515
2002-10-02 15:00:00,4.059,-3.344,1.394,-1.59
2002-10-02 16:00:00,4.25,-2.031,2.055,-2.314
2002-10-02 17:00:00,4.341,-1.777,2.56,-2.63
2002-10-02 18:00:00,4.291,-1.38,3.454,-0.519
2002-10-02 19:00:00,4.127,-3.124,1.429,-1.757
2002-10-02 20:00:00,3.859,-2.715,1.095,-2.037
2002-10-02 21:00:00,3.685,-0.38,1.641,-1.894
2002-10-02 22:00:00,6.746,-0.189,5.047,-1.816
2002-10-02 23:00:00,7.577,0.55,4.984,-3.573
2002-10-03 00:00:00,8.645,-2.279,5.797,-2.919
2002-10-03 01:00:00,10.155,-5.297,7.294,4.348
2002-10-03 02:00:00,10.575,-5.173,7.26,5.246
2002-10-03 03:00:00,11.939,-3.135,1.151,10.456
2002-10-03 04:00:00,12.841,-2.93,1.978,10.387
2002-10-03 05:00:00,12.837,-0.257,12.625,0.13
2002-10-03 06:00:00,10.673,-0.405,10.624,0.057
2002-10-03 07:00:00,11.416,-1.835,10.835,1.733
2002-10-03 08:00:00,10.441,-3.21,7.539,6.394
2002-10-03 09:00:00,11.724,-3.669,9.989,2.051
2002-10-03 10:00:00,12.046,-3.588,11.232,-1.441
2002-10-03 11:00:00,12.423,-3.467,10.866,-4.722
2002-10-03 12:00:00,11.626,-2.424,9.128,-6.516
2002-10-03 13:00:00,11.159,-2.641,8.583,-6.328
2002-10-03 14:00:00,10.624,-0.625,7.565,-6.786
2002-10-03 15:00:00,10.628,1.007,6.481,-8.293
2002-10-03 16:00:00,11.559,0.54,5.625,-9.971
2002-10-03 17:00:00,13.779,0.778,11.62,-7.178
2002-10-03 18:00:00,12.998,-0.053,11.331,-5.916
2002-10-03 19:00:00,12.899,0.717,8.073,-9.353
2002-10-03 20:00:00,11.826,0.514,9.865,-4.548
2002-10-03 21:00:00,12.168,-1.629,9.143,-6.723
2002-10-03 22:00:00,11.874,-1.314,5.885,-9.728
2002-10-03 23:00:00,12.063,0.886,8.521,-7.593
2002-10-04 00:00:00,11.403,-1.641,8.756,-6.333
2002-10-04 01:00:00,10.939,-3.79,7.359,-6.751
2002-10-04 02:00:00,11.033,-4.429,6.179,-7.52
2002-10-04 03:00:00,11.987,-0.367,6.48,-9.597
2002-10-04 04:00:00,12.076,-1.147,-0.281,-11.766
2002-10-04 05:00:00,11.556,-1.451,-0.633,-11.339
2002-10-04 06:00:00,11.242,-3.24,-2.585,-10.134
2002-10-04 07:00:00,11.133,-1.578,-4.733,-9.884
2002-10-04 08:00:00,10.836,-2.163,-5.872,-8.764
2002-10-04 09:00:00,10.527,-1.961,-7.88,-6.132
2002-10-04 10:00:00,9.948,-1.324,-6.165,-7.46
2002-10-04 11:00:00,10.236,-0.363,-7.533,-6.688
2002-10-04 12:00:00,9.69,-0.673,-8.28,-4.629
2002-10-04 13:00:00,9.181,-1.278,-7.127,-5.477
2002-10-04 14:00:00,8.818,-0.877,-5.984,-6.328
2002-10-04 15:00:00,8.293,-0.503,-3.766,-6.839
2002-10-04 16:00:00,7.741,-1.354,-1.231,-7.154
2002-10-04 17:00:00,7.828,-3.086,-2.194,-6.542
2002-10-04 18:00:00,8.112,-4.042,2.87,-5.232
2002-10-04 19:00:00,7.18,-3.822,3.483,-3.675
2002-10-04 20:00:00,7.01,-4.285,3.232,-4.04
2002-10-04 21:00:00,7.062,-4.289,3.71,-3.52
2002-10-04 22:00:00,7.227,-3.548,3.528,-4.562
2002-10-04 23:00:00,7.165,-3.436,4.28,-3.419
2002-10-05 00:00:00,7.422,-3.58,4.784,-2.797
2002-10-05 01:00:00,7.524,-4.14,3.473,-3.963
2002-10-05 02:00:00,6.68,-4.643,2.782,-3.409
2002-10-05 03:00:00,6.405,-5.636,2.674,-0.295
2002-10-05 04:00:00,6.362,-5.312,2.816,1.558
2002-10-05 05:00:00,6.863,-4.95,4.548,0.326
2002-10-05 06:00:00,7.217,-5.322,3.994,-1.521
2002-10-05 07:00:00,7.4,-5.477,3.18,-3.445
2002-10-05 08:00:00,7.641,-5.889,3.327,-2.714
2002-10-05 09:00:00,8.399,-4.807,0.933,-6.541
2002-10-05 10:00:00,8.975,-6.316,2.32,-5.154
2002-10-05 11:00:00,10.0,-3.582,0.828,-8.288
2002-10-05 12:00:00,10.371,-2.116,2.264,-9.692
2002-10-05 13:00:00,10.426,-2.535,2.743,-9.098
2002-10-05 14:00:00,10.347,-3.536,5.464,-7.308
2002-10-05 15:00:00,9.612,-3.488,6.296,-5.926
2002-10-05 16:00:00,9.7,-4.204,5.438,-6.353
2002-10-05 17:00:00,9.638,-6.752,6.009,-2.307
2002-10-05 18:00:00,9.668,-7.731,4.694,-2.954
2002-10-05 19:00:00,9.327,-6.364,4.918,-4.192
2002-10-05 20:00:00,9.531,-7.473,4.451,-2.976
2002-10-05 21:00:00,9.156,-6.678,5.877,1.396
2002-10-05 22:00:00,9.055,-6.952,4.47,3.385
2002-10-05 23:00:00,8.602,-7.09,2.884,3.631
2002-10-06 00:00:00,8.207,-7.529,0.991,2.918
2002-10-06 01:00:00,6.078,-4.274,2.093,2.087
2002-10-06 02:00:00,5.804,2.568,-1.03,-4.234
2002-10-06 03:00:00,6.85,4.65,-1.629,-4.375
2002-10-06 04:00:00,5.898,1.484,1.475,-3.417
2002-10-06 05:00:00,7.27,-3.144,6.004,-2.214
2002-10-06 06:00:00,7.543,-5.339,4.673,-1.8
2002-10-06 07:00:00,7.883,-5.662,4.423,-1.836
2002-10-06 08:00:00,7.873,-5.762,2.888,-2.063
2002-10-06 09:00:00,7.632,-7.165,1.851,1.621
2002-10-06 10:00:00,7.849,-6.939,0.863,1.56
2002-10-06 11:00:00,8.022,-6.236,-0.263,4.366
2002-10-06 12:00:00,8.679,-7.939,2.165,1.899
2002-10-06 13:00:00,8.4,-7.733,2.773,-1.209
2002-10-06 14:00:00,8.404,-7.733,2.511,-1.734
2002-10-06 15:00:00,8.49,-7.869,1.357,-2.486
2002-10-06 16:00:00,8.862,-8.116,1.44,-2.56
2002-10-06 17:00:00,8.584,-6.754,2.959,-3.41
2002-10-06 18:00:00,8.605,-4.536,3.286,-5.838
2002-10-06 19:00:00,8.662,-5.282,5.063,-4.335
2002-10-06 20:00:00,8.525,-5.245,3.979,-4.251
2002-10-06 21:00:00,8.532,-2.428,5.207,-5.733
2002-10-06 22:00:00,8.868,-5.803,5.552,-2.795
2002-10-06 23:00:00,8.977,-5.525,6.141,-2.622
2002-10-07 00:00:00,9.153,-3.156,6.37,-4.729
2002-10-07 01:00:00,9.99,-4.854,5.301,-6.2
2002-10-07 02:00:00,10.265,-2.812,6.56,-6.514
2002-10-07 03:00:00,11.894,-7.031,7.021,-5.561
2002-10-07 04:00:00,11.677,-6.568,4.343,-8.203
2002-10-07 05:00:00,12.016,-5.871,6.618,-7.89
2002-10-07 06:00:00,12.14,-7.51,6.037,-6.829
2002-10-07 07:00:00,12.362,-7.716,8.054,-4.868
2002-10-07 08:00:00,12.897,-7.515,9.14,-4.308
2002-10-07 09:00:00,13.181,-7.36,9.636,-3.782
2002-10-07 10:00:00,11.433,-3.778,6.68,0.417
2002-10-07 11:00:00,12.7,-4.931,8.175,-7.909
2002-10-07 12:00:00,12.359,-6.411,7.925,-5.571
2002-10-07 13:00:00,12.649,-7.593,6.574,-5.642
2002-10-07 14:00:00,13.134,-7.959,6.606,-5.192
2002-10-07 15:00:00,13.457,-6.667,8.03,-6.139
2002-10-07 16:00:00,13.491,-5.95,7.867,-8.111
2002-10-07 17:00:00,13.556,-5.861,9.742,-5.905
2002-10-07 18:00:00,13.414,-5.111,8.172,-8.093
2002-10-07 19:00:00,12.993,-4.353,8.562,-7.494
2002-10-07 20:00:00,11.693,-7.035,7.223,-3.791
2002-10-07 21:00:00,10.818,-6.408,6.134,-3.82
2002-10-07 22:00:00,10.466,-6.306,6.431,-4.608
2002-10-07 23:00:00,10.105,-6.92,3.476,-5.004
2002-10-08 00:00:00,9.871,-6.508,4.734,-3.733
2002-10-08 01:00:00,9.799,-3.671,6.331,-4.097
2002-10-08 02:00:00,9.632,-4.676,3.649,-6.76
2002-10-08 03:00:00,9.265,-4.692,6.842,-2.097
2002-10-08 04:00:00,9.193,-4.359,6.15,-1.981
2002-10-08 05:00:00,8.708,-5.996,2.9,-3.554
2002-10-08 06:00:00,7.934,-6.105,2.332,-2.544
2002-10-08 07:00:00,7.504,-3.741,3.957,-1.962
2002-10-08 08:00:00,7.942,-2.286,6.826,-1.099
2002-10-08 09:00:00,7.904,-5.041,5.115,-2.737
2002-10-08 10:00:00,7.114,-3.833,3.941,0.177
2002-10-08 11:00:00,7.356,-1.473,5.62,-3.763
2002-10-08 12:00:00,6.94,-1.888,5.503,-1.446
2002-10-08 13:00:00,6.927,-4.047,3.539,2.582
2002-10-08 14:00:00,6.809,-1.771,5.197,0.407
2002-10-08 15:00:00,6.694,-5.22,2.719,0.395
2002-10-08 16:00:00,6.068,-4.065,3.331,-1.594
2002-10-08 17:00:00,5.806,-4.857,2.536,1.054
2002-10-08 18:00:00,5.657,-3.206,3.899,-0.129
2002-10-08 19:00:00,5.381,-2.726,3.095,0.274
2002-10-08 20:00:00,5.406,-1.806,4.591,-0.682
2002-10-08 21:00:00,4.867,-4.185,1.165,0.362
2002-10-08 22:00:00,5.112,-4.396,1.154,0.967
2002-10-08 23:00:00,5.055,-2.218,4.326,0.412
2002-10-09 00:00:00,4.465,-2.198,-0.618,2.614
2002-10-09 01:00:00,5.195,-1.507,2.674,2.514
2002-10-09 02:00:00,6.369,-0.872,5.433,-0.617
2002-10-09 03:00:00,6.685,-0.474,4.602,-2.522
2002-10-09 04:00:00,6.055,1.112,4.779,-2.276
2002-10-09 05:00:00,6.7,-0.228,5.611,-2.732
2002-10-09 06:00:00,7.067,1.27,4.763,-4.542
2002-10-09 07:00:00,7.368,2.355,4.749,-4.756
2002-10-09 08:00:00,7.336,4.1,5.117,-2.967
2002-10-09 09:00:00,6.46,-1.55,3.861,-3.002
2002-10-09 10:00:00,6.864,-0.87,4.831,-4.618
2002-10-09 11:00:00,6.935,-0.338,4.621,-4.939
2002-10-09 12:00:00,6.508,-0.408,4.298,-4.501
2002-10-09 13:00:00,7.019,0.428,3.394,-5.672
2002-10-09 14:00:00,6.908,0.625,4.435,-5.065
2002-10-09 15:00:00,6.229,-1.341,3.988,-3.725
2002-10-09 16:00:00,6.591,2.266,3.262,-5.167
2002-10-09 17:00:00,6.407,1.528,4.087,-4.517
2002-10-09 18:00:00,6.302,0.921,3.527,-4.94
2002-10-09 19:00:00,6.086,0.373,3.738,-4.47
2002-10-09 20:00:00,5.484,-0.753,3.456,-2.947
2002-10-09 21:00:00,5.982,0.502,4.637,-3.459
2002-10-09 22:00:00,6.32,0.919,5.507,-2.821
2002-10-09 23:00:00,6.432,0.875,5.64,-2.765
2002-10-10 00:00:00,6.621,0.86,6.148,-2.042
2002-10-10 01:00:00,6.956,1.582,5.606,-3.599
2002-10-10 02:00:00,6.946,1.535,4.377,-4.764
2002-10-10 03:00:00,7.016,2.677,5.423,-2.253
2002-10-10 04:00:00,5.307,1.61,3.153,-2.77
2002-10-10 05:00:00,4.954,0.886,1.962,-3.947
2002-10-10 06:00:00,6.589,1.893,3.933,-4.541
2002-10-10 07:00:00,6.967,1.706,5.236,-3.687
2002-10-10 08:00:00,7.426,1.587,5.299,-4.254
2002-10-10 09:00:00,7.322,1.212,3.364,-5.61
2002-10-10 10:00:00,7.038,0.115,4.54,-5.187
2002-10-10 11:00:00,6.803,0.405,5.2,-4.056
2002-10-10 12:00:00,6.727,0.756,5.376,-3.554
2002-10-10 13:00:00,6.329,-1.114,5.476,-2.473
2002-10-10 14:00:00,6.192,2.666,4.809,-2.357
2002-10-10 15:00:00,6.045,-4.343,3.465,-1.1
2002-10-10 16:00:00,5.743,-3.113,4.038,-2.097
2002-10-10 17:00:00,5.754,-1.826,4.741,-2.202
2002-10-10 18:00:00,6.254,-0.083,5.908,-1.339
2002-10-10 19:00:00,6.21,0.912,5.937,-0.313
2002-10-10 20:00:00,6.051,0.873,5.731,-0.462
2002-10-10 21:00:00,6.055,0.538,5.891,-0.619
2002-10-10 22:00:00,6.655,0.121,6.508,-0.372
2002-10-10 23:00:00,6.559,0.151,6.3,0.353
2002-10-11 00:00:00,6.592,0.465,6.238,1.152
2002-10-11 01:00:00,5.712,-2.552,-0.772,-0.122
2002-10-11 02:00:00,5.139,1.946,3.189,2.34
2002-10-11 03:00:00,5.732,2.949,2.691,2.028
2002-10-11 04:00:00,4.752,3.272,2.733,0.376
2002-10-11 05:00:00,5.341,2.902,3.423,-1.079
2002-10-11 06:00:00,5.693,4.248,3.451,0.243
2002-10-11 07:00:00,5.482,4.535,1.587,2.289
2002-10-11 08:00:00,5.673,4.755,2.843,0.585
2002-10-11 09:00:00,4.679,3.347,3.029,-0.784
2002-10-11 10:00:00,4.302,2.023,2.346,-2.414
2002-10-11 11:00:00,4.165,2.354,2.593,-1.697
2002-10-11 12:00:00,4.284,3.81,1.442,-0.551
2002-10-11 13:00:00,4.743,3.534,2.271,-1.996
2002-10-11 14:00:00,5.149,3.701,3.283,-1.213
2002-10-11 15:00:00,4.272,3.145,2.348,-1.219
2002-10-11 16:00:00,4.312,2.614,3.019,-1.066
2002-10-11 17:00:00,4.52,3.13,3.024,-0.394
2002-10-11 18:00:00,4.817,1.141,4.167,-0.057
2002-10-11 19:00:00,5.112,0.503,4.719,-1.735
2002-10-11 20:00:00,5.074,0.596,4.695,-1.621
2002-10-11 21:00:00,5.1,1.554,4.232,-2.22
2002-10-11 22:00:00,5.227,3.403,3.765,-0.581
2002-10-11 23:00:00,4.441,1.378,4.034,-0.185
2002-10-12 00:00:00,4.096,0.941,3.682,-0.928
2002-10-12 01:00:00,3.852,0.979,3.519,-0.955
2002-10-12 02:00:00,4.319,-1.357,3.769,-0.614
2002-10-12 03:00:00,4.314,-2.161,3.627,0.33
2002-10-12 04:00:00,4.707,-2.883,3.661,0.27
2002-10-12 05:00:00,5.069,-3.017,3.973,0.603
2002-10-12 06:00:00,5.757,-3.425,3.88,-1.865
2002-10-12 07:00:00,6.067,-2.611,3.078,-4.379
2002-10-12 08:00:00,6.137,-3.173,2.17,-4.078
2002-10-12 09:00:00,6.311,-4.275,1.368,-4.103
2002-10-12 10:00:00,6.903,3.945,5.167,-1.81
2002-10-12 11:00:00,7.106,4.647,5.026,-0.211
2002-10-12 12:00:00,7.0,4.618,5.211,-0.233
2002-10-12 13:00:00,7.293,3.169,6.127,-1.31
2002-10-12 14:00:00,7.06,1.796,5.518,-2.228
2002-10-12 15:00:00,6.731,2.368,5.724,-1.857
2002-10-12 16:00:00,6.622,2.74,5.8,-0.42
2002-10-12 17:00:00,6.914,3.708,5.493,1.108
2002-10-12 18:00:00,6.733,2.438,5.968,-0.091
2002-10-12 19:00:00,6.799,2.234,6.245,-1.177
2002-10-12 20:00:00,7.13,4.402,5.208,-0.114
2002-10-12 21:00:00,7.506,3.988,6.244,0.049
2002-10-12 22:00:00,7.79,4.585,6.212,-0.54
2002-10-12 23:00:00,7.389,4.722,5.545,-0.622
2002-10-13 00:00:00,6.175,-4.612,0.421,-1.015
2002-10-13 01:00:00,6.281,-6.179,0.321,-0.186
2002-10-13 02:00:00,6.003,-5.124,1.068,0.559
2002-10-13 03:00:00,5.02,0.704,3.61,-1.334
2002-10-13 04:00:00,5.942,3.218,4.597,-1.858
2002-10-13 05:00:00,5.471,0.668,5.104,-0.652
2002-10-13 06:00:00,5.295,1.365,4.758,-1.287
2002-10-13 07:00:00,5.493,1.437,5.202,-0.262
2002-10-13 08:00:00,5.759,1.392,5.342,-0.695
2002-10-13 09:00:00,5.883,-0.366,5.635,-0.94
2002-10-13 10:00:00,6.056,0.918,5.378,-1.41
2002-10-13 11:00:00,6.374,-1.342,5.758,-1.795
2002-10-13 12:00:00,6.936,0.681,6.286,-2.556
2002-10-13 13:00:00,6.936,1.125,6.157,-2.732
2002-10-13 14:00:00,6.714,-0.048,5.644,-3.523
2002-10-13 15:00:00,6.468,-1.911,4.444,-4.11
2002-10-13 16:00:00,6.306,-1.537,4.645,-3.514
2002-10-13 17:00:00,6.66,-1.28,6.161,-1.894
2002-10-13 18:00:00,7.487,-4.07,2.79,-4.368
2002-10-13 19:00:00,7.717,-5.592,-0.509,-5.154
2002-10-13 20:00:00,7.949,-6.259,-3.011,-3.361
2002-10-13 21:00:00,8.262,0.224,5.097,-1.354
2002-10-13 22:00:00,8.223,2.203,7.839,-0.977
2002-10-13 23:00:00,7.429,1.629,6.878,-2.041
2002-10-14 00:00:00,7.04,0.389,6.187,-2.967
2002-10-14 01:00:00,7.111,-0.086,6.207,-3.166
2002-10-14 02:00:00,8.236,-4.476,5.569,-3.784
2002-10-14 03:00:00,9.951,-3.763,6.473,-6.156
2002-10-14 04:00:00,10.493,-5.237,3.418,-8.319
2002-10-14 05:00:00,10.912,-4.607,5.851,-7.843
2002-10-14 06:00:00,11.692,-5.489,6.586,-7.59
2002-10-14 07:00:00,13.875,-2.922,1.069,-13.351
2002-10-14 08:00:00,11.705,0.066,4.317,-8.562
2002-10-14 09:00:00,10.359,4.686,-2.601,-8.199
2002-10-14 10:00:00,14.561,-1.224,-1.849,-13.952
2002-10-14 11:00:00,15.781,1.251,-8.126,-12.881
2002-10-14 12:00:00,17.006,3.435,-12.147,-11.017
2002-10-14 13:00:00,17.829,6.715,-14.783,0.711
2002-10-14 14:00:00,18.581,8.582,-14.832,2.975
2002-10-14 15:00:00,17.493,6.695,-15.682,-1.464
2002-10-14 16:00:00,16.422,7.449,-13.596,2.587
2002-10-14 17:00:00,15.529,9.437,-10.451,0.988
2002-10-14 18:00:00,15.32,7.28,-9.209,8.603
2002-10-14 19:00:00,15.132,8.623,-10.186,-1.48
2002-10-14 20:00:00,15.732,6.602,-13.517,2.541
2002-10-14 21:00:00,15.662,5.743,-14.257,1.465
2002-10-14 22:00:00,14.945,6.759,-12.248,-0.221
2002-10-14 23:00:00,14.488,7.285,-11.898,-0.019
2002-10-15 00:00:00,14.257,6.487,-11.768,2.026
2002-10-15 01:00:00,14.106,4.974,-6.129,-1.129
2002-10-15 02:00:00,11.985,8.534,-4.451,-4.87
2002-10-15 03:00:00,13.795,8.496,-9.429,3.524
2002-10-15 04:00:00,15.189,6.888,-11.914,6.186
2002-10-15 05:00:00,14.773,5.337,-12.537,5.606
2002-10-15 06:00:00,14.443,7.403,-11.028,5.37
2002-10-15 07:00:00,11.915,4.858,-7.551,0.563
2002-10-15 08:00:00,12.125,4.431,-8.073,0.991
2002-10-15 09:00:00,13.454,5.548,-7.868,5.818
2002-10-15 10:00:00,12.016,6.052,-9.108,-1.69
2002-10-15 11:00:00,15.43,6.321,-11.689,6.315
2002-10-15 12:00:00,16.028,5.685,-13.982,3.926
2002-10-15 13:00:00,15.862,4.659,-14.061,3.251
2002-10-15 14:00:00,14.967,7.128,-11.532,2.725
2002-10-15 15:00:00,12.764,2.755,2.603,-9.573
2002-10-15 16:00:00,11.402,2.497,-0.109,-5.229
2002-10-15 17:00:00,12.743,3.654,-8.062,-1.581
2002-10-15 18:00:00,13.534,4.253,-7.32,7.847
2002-10-15 19:00:00,13.223,7.355,-1.438,7.929
2002-10-15 20:00:00,15.651,6.84,10.592,6.875
2002-10-15 21:00:00,14.245,5.097,6.228,5.814
2002-10-15 22:00:00,11.847,2.651,-2.642,5.496
2002-10-15 23:00:00,10.06,8.028,-4.367,0.791
2002-10-16 00:00:00,9.978,7.185,-4.825,3.409
2002-10-16 01:00:00,10.805,7.222,-5.238,2.962
2002-10-16 02:00:00,11.394,9.339,-4.636,3.598
2002-10-16 03:00:00,11.444,9.169,-5.805,1.479
2002-10-16 04:00:00,11.015,9.227,-4.591,3.011
2002-10-16 05:00:00,10.572,7.74,-6.684,2.009
2002-10-16 06:00:00,10.766,6.215,-8.27,1.714
2002-10-16 07:00:00,10.527,6.234,-7.646,2.723
2002-10-16 08:00:00,10.629,5.58,-4.912,-0.614
2002-10-16 09:00:00,11.262,3.964,-3.63,6.6
2002-10-16 10:00:00,11.413,3.322,-6.551,7.86
2002-10-16 11:00:00,10.276,2.996,-6.078,5.083
2002-10-16 12:00:00,9.827,4.073,-7.595,1.677
2002-10-16 13:00:00,8.88,3.588,-1.291,5.931
2002-10-16 14:00:00,7.682,3.652,-3.465,3.631
2002-10-16 15:00:00,7.576,4.102,-0.834,4.945
2002-10-16 16:00:00,9.711,4.757,-5.639,0.125
2002-10-16 17:00:00,10.092,0.64,-1.424,-7.936
2002-10-16 18:00:00,10.074,8.121,-2.107,-0.764
2002-10-16 19:00:00,10.012,7.769,-5.763,-0.336
2002-10-16 20:00:00,10.457,9.328,-2.613,-0.571
2002-10-16 21:00:00,10.91,9.662,-4.257,1.285
2002-10-16 22:00:00,10.713,9.187,-4.337,0.511
2002-10-16 23:00:00,9.824,8.397,-0.093,-2.696
2002-10-17 00:00:00,9.904,8.792,-3.479,-2.422
2002-10-17 01:00:00,9.591,6.457,-5.852,1.244
2002-10-17 02:00:00,9.554,7.218,-2.061,2.178
2002-10-17 03:00:00,9.656,6.755,-3.006,-0.162
2002-10-17 04:00:00,9.376,6.462,1.581,1.987
2002-10-17 05:00:00,9.301,8.085,-2.333,0.955
2002-10-17 06:00:00,9.237,6.545,-4.227,3.469
2002-10-17 07:00:00,9.316,7.143,-3.007,3.181
2002-10-17 08:00:00,9.344,7.247,-4.481,2.93
2002-10-17 09:00:00,9.36,5.99,-1.252,5.834
2002-10-17 10:00:00,9.41,6.612,-3.838,4.699
2002-10-17 11:00:00,9.577,8.039,-3.722,2.318
2002-10-17 12:00:00,9.596,6.986,-3.607,2.586
2002-10-17 13:00:00,9.61,5.495,-2.128,5.242
2002-10-17 14:00:00,9.422,5.786,-5.939,0.051
2002-10-17 15:00:00,9.016,6.48,-1.572,1.706
2002-10-17 16:00:00,9.151,4.728,-3.867,4.297
2002-10-17 17:00:00,8.96,6.254,-5.281,-0.417
2002-10-17 18:00:00,8.946,4.398,-5.953,2.923
2002-10-17 19:00:00,9.011,6.967,-4.61,1.678
2002-10-17 20:00:00,9.023,5.89,-5.27,-0.41
2002-10-17 21:00:00,8.701,4.965,-4.374,-1.856
2002-10-17 22:00:00,8.637,5.675,-4.77,-0.098
2002-10-17 23:00:00,8.935,5.935,-2.782,0.297
2002-10-18 00:00:00,8.572,4.839,-3.344,1.825
2002-10-18 01:00:00,8.368,6.108,-1.427,-0.515
2002-10-18 02:00:00,8.204,4.789,-2.088,4.068
2002-10-18 03:00:00,8.424,4.478,-6.018,0.016
2002-10-18 04:00:00,8.984,4.211,-6.952,-1.982
2002-10-18 05:00:00,9.168,3.506,2.574,6.922
2002-10-18 06:00:00,8.833,3.348,-4.722,4.7
2002-10-18 07:00:00,8.868,2.647,-4.486,5.411
2002-10-18 08:00:00,8.69,5.017,-2.72,4.554
2002-10-18 09:00:00,8.181,3.129,0.644,4.557
2002-10-18 10:00:00,8.583,3.751,2.192,5.583
2002-10-18 11:00:00,8.832,6.089,-1.078,3.679
2002-10-18 12:00:00,8.761,5.849,-4.059,1.85
2002-10-18 13:00:00,9.016,5.476,-3.129,2.036
2002-10-18 14:00:00,9.48,4.393,-3.232,1.403
2002-10-18 15:00:00,9.48,4.215,-2.49,4.359
2002-10-18 16:00:00,10.635,7.046,-5.454,2.167
2002-10-18 17:00:00,10.456,7.843,-6.672,-0.403
2002-10-18 18:00:00,10.269,7.142,-7.027,0.475
2002-10-18 19:00:00,10.511,5.88,-8.182,1.101
2002-10-18 20:00:00,9.489,6.585,-6.359,-0.745
2002-10-18 21:00:00,9.776,6.289,-7.184,0.63
2002-10-18 22:00:00,9.319,6.562,-5.163,-1.111
2002-10-18 23:00:00,9.414,4.873,-6.446,0.408
2002-10-19 00:00:00,9.642,5.882,-7.325,-1.365
2002-10-19 01:00:00,9.099,6.127,-5.67,1.572
2002-10-19 02:00:00,8.796,6.747,-3.318,2.119
2002-10-19 03:00:00,8.545,3.48,-2.943,2.004
2002-10-19 04:00:00,8.943,5.222,-6.037,-0.636
2002-10-19 05:00:00,8.641,4.548,-6.599,0.105
2002-10-19 06:00:00,7.594,2.055,-5.595,0.388
2002-10-19 07:00:00,7.19,0.365,-5.741,0.579
2002-10-19 08:00:00,7.62,0.614,-4.259,2.448
2002-10-19 09:00:00,8.21,2.096,-6.645,2.565
2002-10-19 10:00:00,8.223,4.661,-5.567,2.728
2002-10-19 11:00:00,8.566,6.093,-5.317,0.075
2002-10-19 12:00:00,8.342,4.331,-6.393,1.65
2002-10-19 13:00:00,8.08,3.602,-5.562,2.314
2002-10-19 14:00:00,7.405,3.599,-4.103,1.681
2002-10-19 15:00:00,7.481,4.051,-1.255,3.749
2002-10-19 16:00:00,8.207,4.408,-6.19,0.547
2002-10-19 17:00:00,7.432,5.376,-1.551,-0.255
2002-10-19 18:00:00,7.067,6.285,-1.882,-0.657
2002-10-19 19:00:00,6.919,4.462,-3.845,0.042
2002-10-19 20:00:00,7.015,4.2,-2.139,-0.663
2002-10-19 21:00:00,7.175,5.187,-1.343,0.992
2002-10-19 22:00:00,7.182,6.021,-1.004,-2.278
2002-10-19 23:00:00,6.756,4.7,-2.915,0.668
2002-10-20 00:00:00,6.726,4.176,1.29,3.544
2002-10-20 01:00:00,6.375,3.892,0.186,1.099
2002-10-20 02:00:00,6.049,4.278,1.017,0.116
2002-10-20 03:00:00,6.183,4.673,0.318,-0.869
2002-10-20 04:00:00,6.151,5.331,-0.543,1.984
2002-10-20 05:00:00,6.15,5.29,1.062,1.436
2002-10-20 06:00:00,6.301,5.027,2.106,2.32
2002-10-20 07:00:00,6.321,5.29,0.629,2.066
2002-10-20 08:00:00,6.192,5.639,-0.221,1.03
2002-10-20 09:00:00,6.306,4.272,-3.071,2.305
2002-10-20 10:00:00,6.207,5.668,-0.558,0.89
2002-10-20 11:00:00,6.102,3.599,-3.446,-0.626
2002-10-20 12:00:00,6.021,1.795,-2.659,-0.354
2002-10-20 13:00:00,5.939,2.938,-1.734,2.755
2002-10-20 14:00:00,6.008,2.601,-5.022,0.071
2002-10-20 15:00:00,5.866,3.361,-3.071,2.203
2002-10-20 16:00:00,5.926,4.104,-3.222,1.734
2002-10-20 17:00:00,6.119,3.611,-4.159,0.201
2002-10-20 18:00:00,6.083,3.914,-3.129,0.839
2002-10-20 19:00:00,5.797,3.969,-0.324,0.526
2002-10-20 20:00:00,6.194,5.329,-2.677,0.367
2002-10-20 21:00:00,6.351,5.226,-2.099,2.17
2002-10-20 22:00:00,6.286,4.31,-0.671,2.25
2002-10-20 23:00:00,6.284,4.038,-0.286,2.376
2002-10-21 00:00:00,6.279,5.262,2.152,2.059
2002-10-21 01:00:00,6.151,2.53,-3.576,-0.563
2002-10-21 02:00:00,6.073,2.816,-4.58,-1.981
2002-10-21 03:00:00,5.988,2.119,-4.648,0.033
2002-10-21 04:00:00,5.704,3.659,-3.009,-1.075
2002-10-21 05:00:00,5.679,3.591,-3.818,-0.619
2002-10-21 06:00:00,5.78,3.307,-3.835,-1.09
2002-10-21 07:00:00,5.634,3.926,-2.879,-1.266
2002-10-21 08:00:00,5.66,4.719,-2.632,0.249
2002-10-21 09:00:00,5.661,4.737,-0.62,2.7
2002-10-21 10:00:00,5.262,4.114,-0.308,1.912
2002-10-21 11:00:00,5.175,3.454,-3.006,1.781
2002-10-21 12:00:00,5.572,1.304,-4.452,2.156
2002-10-21 13:00:00,5.783,-0.03,-5.346,0.338
2002-10-21 14:00:00,5.147,-0.415,-4.546,-0.424
2002-10-21 15:00:00,5.188,0.58,-3.419,-0.126
2002-10-21 16:00:00,5.568,3.261,-3.672,-0.2
2002-10-21 17:00:00,5.463,0.814,-3.762,0.48
2002-10-21 18:00:00,5.673,1.648,-4.19,1.821
2002-10-21 19:00:00,6.115,0.01,-5.084,0.18
2002-10-21 20:00:00,6.375,-0.674,-5.461,1.697
2002-10-21 21:00:00,6.978,0.977,-4.568,4.594
2002-10-21 22:00:00,6.769,-1.342,-6.388,0.518
2002-10-21 23:00:00,6.315,-1.05,-5.431,-0.664
2002-10-22 00:00:00,6.202,-1.263,-5.271,2.462
2002-10-22 01:00:00,6.15,1.996,-5.404,0.96
2002-10-22 02:00:00,5.951,1.503,-5.165,-1.237
2002-10-22 03:00:00,5.755,-0.724,-5.429,-0.272
2002-10-22 04:00:00,5.648,-2.299,-4.268,0.607
2002-10-22 05:00:00,5.269,1.093,-2.82,1.035
2002-10-22 06:00:00,5.364,2.476,-2.663,3.555
2002-10-22 07:00:00,4.399,2.01,-1.882,1.385
2002-10-22 08:00:00,4.775,3.062,-0.837,-3.029
2002-10-22 09:00:00,5.142,1.508,-3.972,-1.903
2002-10-22 10:00:00,5.256,-0.913,-4.07,-2.835
2002-10-22 11:00:00,5.578,-1.564,-3.455,-2.921
2002-10-22 12:00:00,4.981,3.868,-2.354,-0.426
2002-10-22 13:00:00,5.63,5.155,-1.355,0.489
2002-10-22 14:00:00,5.104,1.971,-1.65,3.207
2002-10-22 15:00:00,5.239,3.656,0.804,2.204
2002-10-22 16:00:00,4.787,3.8,-1.088,-0.138
2002-10-22 17:00:00,4.915,2.621,-2.799,-1.596
2002-10-22 18:00:00,5.216,2.814,-1.922,-1.961
2002-10-22 19:00:00,5.553,4.878,1.466,0.827
2002-10-22 20:00:00,5.399,4.149,-2.754,1.611
2002-10-22 21:00:00,5.49,2.81,-4.063,1.857
2002-10-22 22:00:00,5.879,3.418,-4.353,0.995
2002-10-22 23:00:00,6.052,3.219,-4.902,0.215
2002-10-23 00:00:00,6.3,3.508,-4.912,0.913
2002-10-23 01:00:00,6.294,4.773,-3.384,1.033
2002-10-23 02:00:00,6.294,3.493,-4.762,0.123
2002-10-23 03:00:00,6.178,2.229,-4.613,-2.034
2002-10-23 04:00:00,6.383,3.892,-4.367,-1.374
2002-10-23 05:00:00,7.528,6.475,-1.789,2.375
2002-10-23 06:00:00,7.634,6.034,-3.086,1.505
2002-10-23 07:00:00,7.346,4.55,-3.605,1.928
2002-10-23 08:00:00,7.283,4.07,-4.428,2.791
2002-10-23 09:00:00,6.938,4.308,-4.798,-1.117
2002-10-23 10:00:00,7.042,5.017,-3.008,-2.062
2002-10-23 11:00:00,7.364,6.676,0.846,-2.38
2002-10-23 12:00:00,6.844,6.138,-0.928,-2.364
2002-10-23 13:00:00,3.647,-2.109,0.39,1.077
2002-10-23 14:00:00,3.054,0.959,-1.155,0.965
2002-10-23 15:00:00,3.13,2.558,0.208,-0.543
2002-10-23 16:00:00,7.45,-2.051,4.807,-3.289
2002-10-23 17:00:00,7.327,-3.61,5.385,-2.35
2002-10-23 18:00:00,9.325,-5.95,6.693,-1.767
2002-10-23 19:00:00,9.604,-6.782,6.423,0.223
2002-10-23 20:00:00,9.403,-4.263,4.63,-3.149
2002-10-23 21:00:00,8.753,-5.155,6.372,-1.835
2002-10-23 22:00:00,8.727,-6.252,5.653,-1.824
2002-10-23 23:00:00,9.339,-5.495,6.348,-1.539
2002-10-24 00:00:00,12.672,-7.056,7.586,-6.424
2002-10-24 01:00:00,12.247,-8.228,7.603,-4.665
2002-10-24 02:00:00,11.448,-9.092,5.632,-3.342
2002-10-24 03:00:00,11.741,-8.996,5.314,-4.612
2002-10-24 04:00:00,12.667,-9.57,6.285,-5.164
2002-10-24 05:00:00,12.372,-10.737,4.328,-3.057
2002-10-24 06:00:00,12.838,-11.441,4.098,-3.106
2002-10-24 07:00:00,13.154,-9.93,7.644,-2.833
2002-10-24 08:00:00,14.825,-10.916,9.364,-2.4
2002-10-24 09:00:00,13.362,-8.017,6.073,-4.281
2002-10-24 10:00:00,14.619,-10.222,5.45,-5.357
2002-10-24 11:00:00,13.595,-7.196,5.442,1.87
2002-10-24 12:00:00,12.093,-7.463,3.838,-4.046
2002-10-24 13:00:00,10.712,-8.266,2.863,-2.949
2002-10-24 14:00:00,10.689,-6.537,5.189,-3.938
2002-10-24 15:00:00,9.682,-7.234,2.955,-2.09
2002-10-24 16:00:00,9.273,-7.23,2.216,-2.1
2002-10-24 17:00:00,10.525,-8.931,2.254,-0.848
2002-10-24 18:00:00,10.344,-7.576,3.5,-2.841
2002-10-24 19:00:00,10.349,-5.969,3.573,-0.804
2002-10-24 20:00:00,10.179,-4.893,6.403,3.462
2002-10-24 21:00:00,8.598,-6.009,-0.889,4.292
2002-10-24 22:00:00,8.032,-5.486,4.632,-0.411
2002-10-24 23:00:00,7.654,-3.106,3.255,-5.067
2002-10-25 00:00:00,7.144,-1.71,2.318,-5.029
2002-10-25 01:00:00,6.715,-4.172,2.724,-0.742
2002-10-25 02:00:00,6.239,-3.41,-0.135,0.191
2002-10-25 03:00:00,6.233,-1.289,2.084,-4.047
2002-10-25 04:00:00,7.098,-4.635,3.218,0.259
2002-10-25 05:00:00,6.591,-3.263,2.905,-2.885
2002-10-25 06:00:00,6.878,-4.538,2.113,-2.462
2002-10-25 07:00:00,8.097,-7.09,2.992,-0.395
2002-10-25 08:00:00,8.244,-6.304,3.583,0.229
2002-10-25 09:00:00,7.433,-6.41,0.837,-0.533
2002-10-25 10:00:00,7.023,-5.364,0.259,-2.76
2002-10-25 11:00:00,7.092,-6.366,0.42,1.062
2002-10-25 12:00:00,6.745,-2.62,3.854,-2.334
2002-10-25 13:00:00,6.376,-4.752,2.911,0.59
2002-10-25 14:00:00,6.417,-4.924,0.961,2.292
2002-10-25 15:00:00,5.869,-3.666,-0.069,3.59
2002-10-25 16:00:00,6.023,-4.134,2.415,2.939
2002-10-25 17:00:00,6.046,-5.02,-0.886,2.214
2002-10-25 18:00:00,6.382,-4.936,-3.448,0.758
2002-10-25 19:00:00,6.318,-4.889,-2.849,-0.099
2002-10-25 20:00:00,6.581,-5.127,-1.032,-1.065
2002-10-25 21:00:00,6.639,-6.157,-1.956,-0.682
2002-10-25 22:00:00,6.516,-5.669,0.484,-1.805
2002-10-25 23:00:00,6.983,-5.653,-0.6,-2.826
2002-10-26 00:00:00,6.912,-5.453,1.638,3.117
2002-10-26 01:00:00,6.763,-4.474,3.474,-0.177
2002-10-26 02:00:00,5.901,-2.349,2.917,-2.322
2002-10-26 03:00:00,4.985,-2.659,0.562,-1.325
2002-10-26 04:00:00,5.125,-4.514,0.698,0.367
2002-10-26 05:00:00,5.149,-4.042,1.662,-0.101
2002-10-26 06:00:00,5.558,-2.509,3.533,2.07
2002-10-26 07:00:00,5.905,0.212,3.274,-2.662
2002-10-26 08:00:00,5.639,-3.119,1.639,-0.883
2002-10-26 09:00:00,5.437,-4.247,2.359,0.047
2002-10-26 10:00:00,5.637,-4.207,2.355,0.249
2002-10-26 11:00:00,6.096,-2.827,3.505,-0.659
2002-10-26 12:00:00,5.895,-2.336,1.841,-3.703
2002-10-26 13:00:00,5.681,-2.74,2.013,-2.717
2002-10-26 14:00:00,5.732,-3.801,2.5,-2.406
2002-10-26 15:00:00,5.58,-0.661,4.412,-1.118
2002-10-26 16:00:00,5.343,-3.51,1.717,-2.057
2002-10-26 17:00:00,5.733,-2.632,0.595,-0.784
2002-10-26 18:00:00,5.993,-4.814,-0.983,-0.247
2002-10-26 19:00:00,6.032,-4.006,1.919,-0.739
2002-10-26 20:00:00,6.992,-3.612,2.663,0.33
2002-10-26 21:00:00,6.678,-4.367,0.889,2.474
2002-10-26 22:00:00,6.806,-1.529,4.37,1.576
2002-10-26 23:00:00,6.657,-2.29,5.157,0.471
2002-10-27 00:00:00,6.431,-5.209,1.158,-0.537
2002-10-27 01:00:00,6.606,0.735,4.857,1.44
2002-10-27 02:00:00,6.57,-3.245,4.121,-2.297
2002-10-27 03:00:00,7.566,-4.918,3.214,-3.938
2002-10-27 04:00:00,7.223,-5.228,2.243,0.239
2002-10-27 05:00:00,7.747,-3.068,-3.375,-3.177
2002-10-27 06:00:00,6.512,-3.85,0.187,-2.345
2002-10-27 07:00:00,7.077,-3.001,2.394,0.447
2002-10-27 08:00:00,7.056,-3.911,0.672,0.225
2002-10-27 09:00:00,6.483,-2.274,-1.74,4.703
2002-10-27 10:00:00,6.408,-2.534,1.55,3.057
2002-10-27 11:00:00,6.282,-3.599,1.583,2.746
2002-10-27 12:00:00,7.023,-4.915,2.864,-2.515
2002-10-27 13:00:00,7.915,-3.186,5.9,-2.93
2002-10-27 14:00:00,8.161,-1.83,6.719,-3.827
2002-10-27 15:00:00,8.157,-4.783,5.237,-2.524
2002-10-27 16:00:00,8.808,-5.51,6.015,-1.919
2002-10-27 17:00:00,8.92,-5.256,6.101,-0.44
2002-10-27 18:00:00,8.516,-4.658,6.407,-0.382
2002-10-27 19:00:00,8.64,-4.692,4.742,-1.178
2002-10-27 20:00:00,8.983,-5.379,4.159,-2.068
2002-10-27 21:00:00,8.718,-7.544,-0.802,-1.311
2002-10-27 22:00:00,8.551,-4.363,2.673,-3.624
2002-10-27 23:00:00,8.466,-6.242,4.136,-1.528
2002-10-28 00:00:00,8.281,-4.357,5.159,-3.575
2002-10-28 01:00:00,8.394,-6.2,4.317,-0.364
2002-10-28 02:00:00,6.723,-2.952,2.817,-2.094
2002-10-28 03:00:00,6.136,-2.897,1.798,-2.053
2002-10-28 04:00:00,6.027,-2.21,2.237,0.529
2002-10-28 05:00:00,6.531,-4.956,0.406,2.035
2002-10-28 06:00:00,6.66,-5.454,2.519,-0.21
2002-10-28 07:00:00,6.859,-6.438,1.664,0.798
2002-10-28 08:00:00,7.068,-6.438,2.119,0.036
2002-10-28 09:00:00,7.233,-6.648,1.978,0.48
2002-10-28 10:00:00,7.745,-3.74,5.763,0.774
2002-10-28 11:00:00,7.701,-6.294,3.184,0.754
2002-10-28 12:00:00,7.758,-1.502,3.755,4.794
2002-10-28 13:00:00,7.645,-5.613,4.079,1.473
2002-10-28 14:00:00,7.512,-5.815,3.086,2.298
2002-10-28 15:00:00,7.458,-4.27,4.155,2.818
2002-10-28 16:00:00,7.02,-5.524,2.708,1.06
2002-10-28 17:00:00,6.819,-5.037,-3.627,-1.772
2002-10-28 18:00:00,6.871,-5.823,-2.069,-1.625
2002-10-28 19:00:00,7.303,-4.822,4.054,-0.47
2002-10-28 20:00:00,7.813,-3.033,6.623,1.458
2002-10-28 21:00:00,7.382,-5.059,4.698,0.75
2002-10-28 22:00:00,7.136,-4.867,3.157,1.284
2002-10-28 23:00:00,7.146,-3.356,4.228,3.478
2002-10-29 00:00:00,6.848,-4.69,3.497,0.682
2002-10-29 01:00:00,6.801,-3.715,2.376,-1.001
2002-10-29 02:00:00,6.886,-5.46,3.734,-0.162
2002-10-29 03:00:00,6.452,-6.069,0.254,-1.036
2002-10-29 04:00:00,6.52,-6.125,1.817,-0.44
2002-10-29 05:00:00,6.591,-5.379,2.953,-1.427
2002-10-29 06:00:00,6.628,-5.193,3.638,0.536
2002-10-29 07:00:00,6.665,-5.0,3.927,-0.086
2002-10-29 08:00:00,6.691,-4.442,3.802,-2.592
2002-10-29 09:00:00,6.655,-4.774,3.72,-2.147
2002-10-29 10:00:00,6.582,-5.134,3.867,-0.368
2002-10-29 11:00:00,6.782,-4.923,4.589,-0.224
2002-10-29 12:00:00,6.911,-4.841,4.536,-0.89
2002-10-29 13:00:00,7.13,-4.729,4.671,-0.819
2002-10-29 14:00:00,7.005,-2.919,3.991,4.712
2002-10-29 15:00:00,6.289,-0.39,2.638,5.399
2002-10-29 16:00:00,6.382,-3.6,0.689,1.12
2002-10-29 17:00:00,7.213,-6.744,1.879,-0.342
2002-10-29 18:00:00,7.623,-7.409,-0.732,0.912
2002-10-29 19:00:00,8.644,-8.503,0.221,-1.222
2002-10-29 20:00:00,9.308,-8.922,0.217,-2.576
2002-10-29 21:00:00,9.118,-8.654,-0.634,-2.521
2002-10-29 22:00:00,9.565,-4.489,-6.33,2.609
2002-10-29 23:00:00,10.637,-7.877,-5.61,1.126
2002-10-30 00:00:00,9.994,-5.606,-7.196,0.035
2002-10-30 01:00:00,10.729,-7.509,-6.994,-2.04
2002-10-30 02:00:00,11.948,-9.252,-7.338,-1.374
2002-10-30 03:00:00,11.541,-9.415,-6.238,-1.815
2002-10-30 04:00:00,11.408,-9.243,-4.861,-3.934
2002-10-30 05:00:00,10.735,-3.714,1.701,-5.839
2002-10-30 06:00:00,9.491,-0.022,6.912,-4.268
2002-10-30 07:00:00,9.841,-5.268,-4.179,-5.728
2002-10-30 08:00:00,9.97,-7.019,-4.298,-4.578
2002-10-30 09:00:00,9.733,-7.75,-4.52,-3.343
2002-10-30 10:00:00,8.875,-7.806,-3.507,-1.595
2002-10-30 11:00:00,8.193,-7.784,-1.584,-1.485
2002-10-30 12:00:00,7.715,-7.364,-1.262,0.414
2002-10-30 13:00:00,6.855,-6.599,-0.752,1.281
2002-10-30 14:00:00,6.17,-5.821,0.027,0.215
2002-10-30 15:00:00,6.543,-5.79,-0.435,-0.621
2002-10-30 16:00:00,6.95,-5.837,2.114,-1.522
2002-10-30 17:00:00,7.013,-3.534,3.233,-1.496
2002-10-30 18:00:00,7.187,-4.636,2.151,-2.855
2002-10-30 19:00:00,7.984,-7.042,1.589,-2.326
2002-10-30 20:00:00,7.676,-6.265,2.31,0.619
2002-10-30 21:00:00,7.832,-5.714,4.343,-0.3
2002-10-30 22:00:00,8.844,-6.891,4.17,-2.386
2002-10-30 23:00:00,8.675,-6.921,0.839,-3.826
2002-10-31 00:00:00,8.883,-6.521,1.622,-5.213
2002-10-31 01:00:00,8.891,-5.931,3.657,-2.49
2002-10-31 02:00:00,8.433,-1.875,6.826,0.221
2002-10-31 03:00:00,7.841,-2.383,6.968,-0.428
2002-10-31 04:00:00,7.439,-3.852,3.863,-3.128
2002-10-31 05:00:00,7.014,-3.178,5.001,-0.412
2002-10-31 06:00:00,6.134,-1.715,4.452,1.512
2002-10-31 07:00:00,6.397,-3.535,4.723,-0.466
2002-10-31 08:00:00,6.142,-3.842,3.986,-1.69
2002-10-31 09:00:00,6.101,-3.385,4.022,-2.09
2002-10-31 10:00:00,5.902,-2.936,2.827,-3.607
2002-10-31 11:00:00,6.023,-4.288,2.049,-3.442
2002-10-31 12:00:00,6.504,-4.275,1.49,-4.384
2002-10-31 13:00:00,6.216,-4.584,0.342,-3.133
2002-10-31 14:00:00,5.593,-3.371,2.164,-1.838
2002-10-31 15:00:00,6.333,-2.594,1.761,-3.566
2002-10-31 16:00:00,6.658,-3.511,2.339,-2.704
2002-10-31 17:00:00,6.433,-5.755,0.341,-1.894
2002-10-31 18:00:00,6.203,-5.931,0.44,-0.746
2002-10-31 19:00:00,5.928,-4.97,1.844,-0.637
2002-10-31 20:00:00,5.796,-5.015,2.242,-0.683
2002-10-31 21:00:00,5.747,-3.524,3.887,-1.464
2002-10-31 22:00:00,5.672,-2.448,4.75,-0.525
2002-10-31 23:00:00,5.473,-2.217,4.353,0.663
2002-11-01 00:00:00,5.525,-2.496,4.174,1.682
2002-11-01 01:00:00,5.461,-4.029,2.481,-0.468
2002-11-01 02:00:00,5.693,-4.812,1.689,-0.802
2002-11-01 03:00:00,5.405,-4.142,2.786,0.589
2002-11-01 04:00:00,5.409,-4.151,0.517,2.292
2002-11-01 05:00:00,4.543,-3.656,1.888,1.091
2002-11-01 06:00:00,5.053,2.046,4.027,0.194
2002-11-01 07:00:00,5.331,-3.535,1.288,0.308
2002-11-01 08:00:00,5.846,-5.494,1.346,-1.125
2002-11-01 09:00:00,5.911,-5.272,1.211,-1.759
2002-11-01 10:00:00,4.903,-1.609,3.399,1.067
2002-11-01 11:00:00,3.867,0.786,2.421,2.339
2002-11-01 12:00:00,4.594,-0.076,3.453,0.789
2002-11-01 13:00:00,5.128,0.709,3.601,1.448
2002-11-01 14:00:00,6.814,-0.304,5.962,0.666
2002-11-01 15:00:00,7.059,-2.258,6.116,-1.695
2002-11-01 16:00:00,7.342,-4.875,3.643,-0.736
2002-11-01 17:00:00,7.836,-6.394,2.828,0.284
2002-11-01 18:00:00,8.619,-6.353,5.468,-0.377
2002-11-01 19:00:00,8.941,0.436,7.692,3.781
2002-11-01 20:00:00,9.157,2.591,6.639,5.318
2002-11-01 21:00:00,9.061,-4.804,4.267,-1.801
2002-11-01 22:00:00,8.797,-6.135,2.766,-4.697
2002-11-01 23:00:00,8.32,-3.24,6.282,-0.739
2002-11-02 00:00:00,9.289,-2.501,7.839,0.208
2002-11-02 01:00:00,8.253,-3.95,4.785,-0.969
2002-11-02 02:00:00,8.091,-4.692,5.187,0.095
2002-11-02 03:00:00,8.712,-5.488,6.102,-1.995
2002-11-02 04:00:00,10.109,-7.276,3.753,-1.889
2002-11-02 05:00:00,10.856,-7.741,4.942,-3.091
2002-11-02 06:00:00,11.124,-9.134,-1.874,-5.053
2002-11-02 07:00:00,11.375,-7.066,-4.191,-6.02
2002-11-02 08:00:00,11.078,-7.147,2.892,-3.426
2002-11-02 09:00:00,11.455,-8.224,3.467,-4.345
2002-11-02 10:00:00,11.817,-7.363,3.416,-5.322
2002-11-02 11:00:00,11.907,-6.814,7.46,-0.487
2002-11-02 12:00:00,11.906,-5.87,7.205,0.255
2002-11-02 13:00:00,10.997,-4.974,-1.529,4.16
2002-11-02 14:00:00,11.111,-8.814,2.948,1.807
2002-11-02 15:00:00,12.043,-6.515,5.614,-5.842
2002-11-02 16:00:00,11.894,-8.871,1.57,-5.408
2002-11-02 17:00:00,11.699,-6.367,7.71,-1.202
2002-11-02 18:00:00,12.397,-6.405,7.551,-4.242
2002-11-02 19:00:00,12.533,-6.34,8.817,-2.871
2002-11-02 20:00:00,12.085,-6.778,8.549,-3.267
2002-11-02 21:00:00,11.441,-7.386,6.612,-2.667
2002-11-02 22:00:00,11.093,-6.881,7.127,-1.379
2002-11-02 23:00:00,11.187,-4.908,8.51,-4.105
2002-11-03 00:00:00,11.278,-2.888,9.686,-3.267
2002-11-03 01:00:00,11.444,-4.302,9.506,-2.558
2002-11-03 02:00:00,11.073,-5.098,9.089,-0.527
2002-11-03 03:00:00,11.062,-5.774,7.728,-2.709
2002-11-03 04:00:00,10.829,-5.365,7.589,-4.978
2002-11-03 05:00:00,10.243,-3.829,7.081,-3.633
2002-11-03 06:00:00,9.703,-3.912,6.384,-4.099
2002-11-03 07:00:00,9.364,-4.702,6.222,-2.651
2002-11-03 08:00:00,9.373,-5.712,5.565,-2.523
2002-11-03 09:00:00,9.362,-6.668,4.424,1.39
2002-11-03 10:00:00,9.264,-4.622,5.547,0.286
2002-11-03 11:00:00,9.788,-3.131,3.744,-6.121
2002-11-03 12:00:00,9.492,-4.361,6.828,-2.388
2002-11-03 13:00:00,9.001,-5.995,3.682,0.094
2002-11-03 14:00:00,8.81,-6.516,2.047,1.043
2002-11-03 15:00:00,9.067,-4.331,5.58,-1.524
2002-11-03 16:00:00,8.901,-6.212,3.41,-2.302
2002-11-03 17:00:00,8.942,-5.606,4.698,-1.31
2002-11-03 18:00:00,9.028,-3.794,5.986,-2.323
2002-11-03 19:00:00,8.92,-3.134,7.574,-1.933
2002-11-03 20:00:00,8.98,-3.806,7.046,-3.069
2002-11-03 21:00:00,8.893,-3.679,6.833,-2.983
2002-11-03 22:00:00,8.434,-5.055,3.908,-3.652
2002-11-03 23:00:00,8.758,-6.837,3.078,-0.597
2002-11-04 00:00:00,8.906,-6.478,5.006,0.101
2002-11-04 01:00:00,8.899,-5.708,5.324,-0.439
2002-11-04 02:00:00,9.306,-5.722,3.672,-0.524
2002-11-04 03:00:00,9.133,-4.863,6.02,-2.054
2002-11-04 04:00:00,8.881,-6.321,4.593,2.684
2002-11-04 05:00:00,8.978,-6.484,5.489,-1.068
2002-11-04 06:00:00,9.232,-5.819,3.916,-3.758
2002-11-04 07:00:00,9.469,-5.973,5.719,-1.609
2002-11-04 08:00:00,9.574,-5.616,6.79,-2.669
2002-11-04 09:00:00,9.517,-7.154,5.516,-2.584
2002-11-04 10:00:00,9.304,-6.082,5.254,-1.978
2002-11-04 11:00:00,9.321,-5.304,5.813,-4.525
2002-11-04 12:00:00,8.952,-6.42,5.166,-2.382
2002-11-04 13:00:00,8.54,-6.438,4.395,-1.547
2002-11-04 14:00:00,8.495,-6.621,4.485,-2.094
2002-11-04 15:00:00,8.72,-6.895,4.563,-0.414
2002-11-04 16:00:00,8.714,-7.354,3.527,-0.545
2002-11-04 17:00:00,9.006,-5.227,5.582,-2.849
2002-11-04 18:00:00,8.766,-3.762,6.156,-3.118
2002-11-04 19:00:00,8.843,-7.03,2.19,1.817
2002-11-04 20:00:00,9.533,-6.317,4.883,-3.169
2002-11-04 21:00:00,9.729,-5.496,4.723,-4.997
2002-11-04 22:00:00,10.045,-7.658,5.087,0.946
2002-11-04 23:00:00,10.007,-6.332,4.992,0.618
2002-11-05 00:00:00,9.861,-5.962,5.858,1.49
2002-11-05 01:00:00,9.65,-5.205,2.617,-3.167
2002-11-05 02:00:00,9.443,-5.967,4.999,-1.838
2002-11-05 03:00:00,9.338,-6.352,4.403,-0.346
2002-11-05 04:00:00,9.671,-4.933,5.905,-0.285
2002-11-05 05:00:00,9.765,-4.323,6.259,-0.936
2002-11-05 06:00:00,9.087,-6.575,4.911,-0.353
2002-11-05 07:00:00,8.753,-5.891,4.839,-2.644
2002-11-05 08:00:00,8.376,-5.415,5.067,1.367
2002-11-05 09:00:00,8.029,-6.401,0.583,-2.362
2002-11-05 10:00:00,7.673,-5.011,2.255,-2.351
2002-11-05 11:00:00,7.432,-5.382,0.448,-0.464
2002-11-05 12:00:00,7.307,-6.686,-0.366,0.772
2002-11-05 13:00:00,7.699,-5.941,3.466,0.25
2002-11-05 14:00:00,7.616,-5.904,3.136,-0.799
2002-11-05 15:00:00,7.891,-5.137,1.915,-0.654
2002-11-05 16:00:00,7.957,-3.689,6.068,-0.993
2002-11-05 17:00:00,7.834,-4.785,5.39,-0.717
2002-11-05 18:00:00,8.111,-4.917,3.84,1.172
2002-11-05 19:00:00,8.021,-2.366,7.163,-0.679
2002-11-05 20:00:00,7.833,-4.293,4.777,-2.248
2002-11-05 21:00:00,7.351,-4.72,1.649,-1.798
2002-11-05 22:00:00,7.501,-3.577,4.938,0.596
2002-11-05 23:00:00,7.686,-5.449,3.093,-0.764
2002-11-06 00:00:00,7.76,-4.322,4.114,-0.366
2002-11-06 01:00:00,7.491,-6.0,2.495,0.978
2002-11-06 02:00:00,7.481,-4.61,3.302,3.223
2002-11-06 03:00:00,7.247,-5.26,0.85,-2.51
2002-11-06 04:00:00,7.418,-3.986,4.979,0.393
2002-11-06 05:00:00,7.35,-3.429,4.866,0.019
2002-11-06 06:00:00,6.996,-5.466,2.968,-1.518
2002-11-06 07:00:00,7.338,-3.899,5.373,0.39
2002-11-06 08:00:00,7.535,-4.164,4.73,-0.117
2002-11-06 09:00:00,6.575,-3.054,2.62,0.42
2002-11-06 10:00:00,7.075,-4.944,3.588,0.431
2002-11-06 11:00:00,7.512,-5.979,2.446,-1.446
2002-11-06 12:00:00,7.89,-5.985,4.325,-1.855
2002-11-06 13:00:00,7.966,-6.115,4.705,-0.617
2002-11-06 14:00:00,7.517,-6.26,3.369,-1.081
2002-11-06 15:00:00,7.174,-5.535,3.446,-2.307
2002-11-06 16:00:00,7.255,-4.752,4.502,-1.76
2002-11-06 17:00:00,6.823,-2.722,3.349,-2.549
2002-11-06 18:00:00,6.185,-5.308,1.81,0.118
2002-11-06 19:00:00,6.093,-3.958,2.589,-1.559
2002-11-06 20:00:00,6.139,0.376,3.445,-4.055
2002-11-06 21:00:00,5.46,-3.972,-2.209,-1.145
2002-11-06 22:00:00,5.589,-3.044,-2.875,-0.368
2002-11-06 23:00:00,5.668,-3.43,-2.365,-0.358
2002-11-07 00:00:00,6.067,-4.463,0.238,-2.134
2002-11-07 01:00:00,6.257,-2.061,3.862,-1.834
2002-11-07 02:00:00,6.042,-3.996,3.541,1.03
2002-11-07 03:00:00,5.784,-2.782,3.481,3.062
2002-11-07 04:00:00,6.317,0.032,5.83,0.928
2002-11-07 05:00:00,6.106,0.46,5.251,1.633
2002-11-07 06:00:00,6.133,0.983,5.513,-0.511
2002-11-07 07:00:00,5.691,-1.116,5.178,0.449
2002-11-07 08:00:00,4.981,-0.843,3.482,0.644
2002-11-07 09:00:00,4.445,-1.337,3.179,-0.062
2002-11-07 10:00:00,4.632,-0.175,2.793,-0.701
2002-11-07 11:00:00,4.331,0.39,1.239,-2.509
2002-11-07 12:00:00,4.291,-2.448,0.045,-0.044
2002-11-07 13:00:00,4.536,-2.972,-1.317,-1.426
2002-11-07 14:00:00,4.866,-4.201,-1.932,-0.247
2002-11-07 15:00:00,4.277,-1.081,1.955,-1.277
2002-11-07 16:00:00,4.53,-2.394,0.364,-0.801
2002-11-07 17:00:00,4.62,-3.977,-0.405,-0.469
2002-11-07 18:00:00,5.056,-4.429,-1.687,0.25
2002-11-07 19:00:00,4.577,-3.675,-1.053,0.278
2002-11-07 20:00:00,4.452,-1.424,-2.596,2.581
2002-11-07 21:00:00,4.157,0.902,-0.467,2.476
2002-11-07 22:00:00,3.59,-0.487,-1.109,2.477
2002-11-07 23:00:00,3.607,-2.968,1.112,-0.498
2002-11-08 00:00:00,3.745,-3.657,-0.061,0.051
2002-11-08 01:00:00,3.204,-3.117,0.436,0.23
2002-11-08 02:00:00,3.184,-2.582,1.694,-0.313
2002-11-08 03:00:00,4.13,-3.619,1.612,-0.855
2002-11-08 04:00:00,3.675,-2.842,2.061,-0.803
2002-11-08 05:00:00,3.418,-2.842,1.725,-0.347
2002-11-08 06:00:00,3.463,-3.287,0.71,0.425
2002-11-08 07:00:00,3.908,-3.049,2.206,0.04
2002-11-08 08:00:00,3.998,-1.8,2.927,0.242
2002-11-08 09:00:00,4.617,-3.266,2.725,-1.212
2002-11-08 10:00:00,5.01,-4.739,0.915,-1.003
2002-11-08 11:00:00,5.017,-4.524,1.861,-1.001
2002-11-08 12:00:00,4.659,-4.259,1.831,-0.124
2002-11-08 13:00:00,4.463,-3.941,2.036,-0.235
2002-11-08 14:00:00,4.122,-3.404,1.997,-0.321
2002-11-08 15:00:00,4.086,-2.153,3.104,-0.681
2002-11-08 16:00:00,4.308,-1.585,3.935,-0.401
2002-11-08 17:00:00,4.284,-1.214,3.826,-1.07
2002-11-08 18:00:00,4.102,-3.078,0.187,2.618
2002-11-08 19:00:00,4.157,-3.015,0.202,2.675
2002-11-08 20:00:00,4.128,-2.911,2.289,1.67
2002-11-08 21:00:00,4.156,-2.487,2.993,1.155
2002-11-08 22:00:00,4.238,-3.053,2.473,-0.461
2002-11-08 23:00:00,4.282,-3.143,2.474,-1.091
2002-11-09 00:00:00,4.522,-3.072,2.506,1.723
2002-11-09 01:00:00,4.921,-3.082,2.29,3.043
2002-11-09 02:00:00,5.041,-2.915,2.014,3.422
2002-11-09 03:00:00,5.302,-3.322,1.738,3.659
2002-11-09 04:00:00,5.549,-3.687,3.249,2.413
2002-11-09 05:00:00,5.186,-2.25,4.107,1.585
2002-11-09 06:00:00,5.307,-2.494,3.954,0.668
2002-11-09 07:00:00,5.043,-4.444,1.645,1.224
2002-11-09 08:00:00,5.172,-4.024,2.962,-0.861
2002-11-09 09:00:00,5.232,-4.757,1.914,-0.273
2002-11-09 10:00:00,5.224,-4.76,1.829,0.934
2002-11-09 11:00:00,5.23,-4.35,2.567,1.168
2002-11-09 12:00:00,5.206,-3.675,3.211,1.173
2002-11-09 13:00:00,5.287,-3.154,3.981,1.413
2002-11-09 14:00:00,5.15,-3.483,3.488,1.315
2002-11-09 15:00:00,5.05,-4.063,2.531,1.518
2002-11-09 16:00:00,5.018,-2.397,3.602,2.319
2002-11-09 17:00:00,7.216,-3.056,4.982,4.04
2002-11-09 18:00:00,13.447,-4.277,6.401,10.855
2002-11-09 19:00:00,13.708,-4.022,8.577,9.136
2002-11-09 20:00:00,12.637,-0.207,11.025,4.193
2002-11-09 21:00:00,12.59,0.872,11.88,-0.5
2002-11-09 22:00:00,13.371,-2.593,7.956,5.23
2002-11-09 23:00:00,12.711,-3.145,2.259,8.499
2002-11-10 00:00:00,12.988,0.572,10.867,2.232
2002-11-10 01:00:00,14.513,-5.677,2.334,11.918
2002-11-10 02:00:00,13.877,5.188,3.142,6.898
2002-11-10 03:00:00,11.422,4.497,-1.112,-4.307
2002-11-10 04:00:00,13.105,4.722,-3.843,-11.22
2002-11-10 05:00:00,8.942,1.164,-5.662,-2.48
2002-11-10 06:00:00,10.705,1.658,-9.348,-0.277
2002-11-10 07:00:00,14.398,-2.194,1.26,12.379
2002-11-10 08:00:00,15.854,-2.185,1.664,15.416
2002-11-10 09:00:00,15.784,-1.116,-2.796,15.48
2002-11-10 10:00:00,14.682,5.002,-8.658,10.403
2002-11-10 11:00:00,15.162,5.854,-10.883,8.665
2002-11-10 12:00:00,14.763,7.04,-10.704,7.17
2002-11-10 13:00:00,15.814,4.978,-11.561,9.525
2002-11-10 14:00:00,15.643,4.072,-10.921,10.21
2002-11-10 15:00:00,15.604,3.376,-11.422,9.758
2002-11-10 16:00:00,15.65,5.988,-11.444,8.54
2002-11-10 17:00:00,13.76,4.286,-10.536,6.837
2002-11-10 18:00:00,13.856,3.29,-9.013,9.379
2002-11-10 19:00:00,14.871,4.718,-10.892,8.57
2002-11-10 20:00:00,14.34,3.707,-9.45,7.348
2002-11-10 21:00:00,13.814,-0.126,-7.634,11.169
2002-11-10 22:00:00,13.771,2.336,-7.342,9.993
2002-11-10 23:00:00,15.487,6.463,-12.491,4.36
2002-11-11 00:00:00,13.848,7.268,-10.439,2.373
2002-11-11 01:00:00,13.517,6.267,-9.739,-2.143
2002-11-11 02:00:00,15.819,10.165,-11.454,0.539
2002-11-11 03:00:00,16.769,11.276,-11.356,-2.227
2002-11-11 04:00:00,16.926,9.486,-13.31,4.036
2002-11-11 05:00:00,12.623,7.142,-6.833,4.413
2002-11-11 06:00:00,13.439,8.628,-7.046,0.713
2002-11-11 07:00:00,13.0,7.634,1.721,4.711
2002-11-11 08:00:00,11.598,4.519,-3.635,5.529
2002-11-11 09:00:00,12.812,5.958,-4.94,7.266
2002-11-11 10:00:00,12.756,6.239,-5.594,5.737
2002-11-11 11:00:00,12.183,4.852,-4.129,8.083
2002-11-11 12:00:00,16.446,5.86,-7.348,5.472
2002-11-11 13:00:00,13.425,4.92,-6.265,2.693
2002-11-11 14:00:00,8.525,2.571,-5.688,3.236
2002-11-11 15:00:00,8.027,4.948,-4.666,3.495
2002-11-11 16:00:00,7.293,3.62,-3.411,4.71
2002-11-11 17:00:00,7.217,1.439,-2.688,5.994
2002-11-11 18:00:00,6.536,2.106,-4.325,3.306
2002-11-11 19:00:00,6.43,1.414,-4.501,2.18
2002-11-11 20:00:00,6.409,1.587,0.835,4.69
2002-11-11 21:00:00,6.885,0.258,-2.657,4.35
2002-11-11 22:00:00,7.754,-0.255,0.633,6.192
2002-11-11 23:00:00,8.017,5.156,-1.564,3.627
2002-11-12 00:00:00,8.764,5.224,-2.696,3.136
2002-11-12 01:00:00,9.663,-0.095,-2.033,8.604
2002-11-12 02:00:00,11.651,3.352,-7.672,5.424
2002-11-12 03:00:00,11.06,5.961,-5.193,5.963
2002-11-12 04:00:00,11.143,8.094,-2.037,5.747
2002-11-12 05:00:00,11.003,9.51,2.973,4.226
2002-11-12 06:00:00,10.79,9.607,2.216,2.1
2002-11-12 07:00:00,11.132,7.822,-2.02,5.515
2002-11-12 08:00:00,12.68,12.415,-0.56,1.801
2002-11-12 09:00:00,12.895,9.191,-7.741,-0.209
2002-11-12 10:00:00,11.933,9.229,-4.239,-1.797
2002-11-12 11:00:00,12.167,8.531,-6.619,2.779
2002-11-12 12:00:00,12.799,7.473,-5.553,7.593
2002-11-12 13:00:00,14.629,7.561,-7.623,9.566
2002-11-12 14:00:00,13.773,7.248,-8.728,6.871
2002-11-12 15:00:00,12.193,7.87,-8.77,0.752
2002-11-12 16:00:00,11.781,7.82,-8.591,-0.83
2002-11-12 17:00:00,11.74,6.969,-8.974,0.092
2002-11-12 18:00:00,14.075,9.892,-9.504,-2.702
2002-11-12 19:00:00,15.505,8.892,-10.422,-4.274
2002-11-12 20:00:00,16.1,9.991,-9.049,-8.0
2002-11-12 21:00:00,15.664,9.466,-7.175,-9.515
2002-11-12 22:00:00,14.656,8.966,-8.582,-6.146
2002-11-12 23:00:00,14.093,7.695,-10.46,-1.972
2002-11-13 00:00:00,14.794,8.679,-7.012,-5.265
2002-11-13 01:00:00,14.092,6.395,-9.309,-3.472
2002-11-13 02:00:00,12.366,7.202,-7.606,-2.661
2002-11-13 03:00:00,11.908,3.317,-8.685,2.629
2002-11-13 04:00:00,8.928,5.637,-4.927,2.214
2002-11-13 05:00:00,5.729,4.652,-1.947,1.38
2002-11-13 06:00:00,5.294,1.08,-3.06,-1.353
2002-11-13 07:00:00,5.121,3.195,-2.286,0.688
2002-11-13 08:00:00,4.999,1.183,-2.117,1.175
2002-11-13 09:00:00,5.212,1.787,-0.381,4.289
2002-11-13 10:00:00,4.742,2.43,-1.226,1.577
2002-11-13 11:00:00,4.481,3.425,-0.58,-0.844
2002-11-13 12:00:00,4.434,3.41,-0.915,1.193
2002-11-13 13:00:00,4.624,4.054,-1.085,-1.419
2002-11-13 14:00:00,4.563,4.217,-0.771,-1.068
2002-11-13 15:00:00,4.371,3.98,-1.344,-0.45
2002-11-13 16:00:00,3.684,1.074,-2.298,1.039
2002-11-13 17:00:00,3.91,0.651,-3.037,-0.745
2002-11-13 18:00:00,4.144,2.875,-2.836,-0.213
2002-11-13 19:00:00,4.287,3.733,-1.512,0.684
2002-11-13 20:00:00,3.892,1.818,-1.412,0.12
2002-11-13 21:00:00,4.084,2.832,-0.436,-2.398
2002-11-13 22:00:00,4.363,3.646,-0.101,-1.993
2002-11-13 23:00:00,4.493,3.362,0.039,-2.654
2002-11-14 00:00:00,4.542,3.17,-0.549,-2.629
2002-11-14 01:00:00,4.442,2.796,-2.297,-1.062
2002-11-14 02:00:00,4.469,3.036,-0.52,-2.619
2002-11-14 03:00:00,4.521,3.257,1.573,-1.159
2002-11-14 04:00:00,4.577,2.662,1.903,1.534
2002-11-14 05:00:00,4.665,2.663,2.511,2.605
2002-11-14 06:00:00,4.691,2.916,-0.515,3.205
2002-11-14 07:00:00,5.622,3.154,3.148,3.215
2002-11-14 08:00:00,5.858,4.206,0.471,3.43
2002-11-14 09:00:00,5.367,4.027,0.195,2.92
2002-11-14 10:00:00,5.518,0.847,-4.476,0.474
2002-11-14 11:00:00,6.048,1.708,-5.215,-2.198
2002-11-14 12:00:00,6.034,2.763,-4.136,1.301
2002-11-14 13:00:00,6.299,2.306,-4.038,2.586
2002-11-14 14:00:00,7.544,2.986,-3.452,3.976
2002-11-14 15:00:00,7.624,-2.04,-5.887,-2.397
2002-11-14 16:00:00,7.537,1.178,-6.221,-0.031
2002-11-14 17:00:00,7.827,3.974,-3.357,2.405
2002-11-14 18:00:00,7.557,5.434,-3.831,0.92
2002-11-14 19:00:00,7.694,4.984,-3.916,2.516
2002-11-14 20:00:00,7.389,4.654,-3.6,1.569
2002-11-14 21:00:00,7.174,4.041,-4.969,-1.848
2002-11-14 22:00:00,7.397,3.733,-2.497,3.048
2002-11-14 23:00:00,7.896,3.098,-5.072,-1.387
2002-11-15 00:00:00,7.789,2.709,-4.545,0.223
2002-11-15 01:00:00,7.403,2.979,-4.84,-0.149
2002-11-15 02:00:00,7.392,3.773,-3.833,4.096
2002-11-15 03:00:00,7.718,1.52,-2.545,5.822
2002-11-15 04:00:00,7.777,2.881,-4.155,3.187
2002-11-15 05:00:00,7.659,2.899,-4.871,2.08
2002-11-15 06:00:00,7.907,3.318,-4.428,-2.133
2002-11-15 07:00:00,7.974,2.671,-4.703,-1.053
2002-11-15 08:00:00,8.097,3.857,-4.759,-3.032
2002-11-15 09:00:00,8.361,5.176,-4.468,-2.847
2002-11-15 10:00:00,8.589,3.847,-5.719,3.221
2002-11-15 11:00:00,8.648,4.883,-6.395,-0.185
2002-11-15 12:00:00,8.502,2.211,-5.894,2.214
2002-11-15 13:00:00,7.939,2.63,-5.175,3.618
2002-11-15 14:00:00,7.786,1.782,-5.319,2.194
2002-11-15 15:00:00,8.171,1.639,-6.857,1.547
2002-11-15 16:00:00,8.388,4.982,-4.908,-0.745
2002-11-15 17:00:00,8.83,3.128,-6.578,-2.375
2002-11-15 18:00:00,9.138,6.71,-4.468,-0.603
2002-11-15 19:00:00,9.289,5.272,-5.877,-2.366
2002-11-15 20:00:00,9.141,4.758,-6.652,-0.075
2002-11-15 21:00:00,9.226,5.573,-5.775,-2.678
2002-11-15 22:00:00,8.398,4.75,-5.463,-1.948
2002-11-15 23:00:00,8.69,5.802,-5.351,-2.822
2002-11-16 00:00:00,8.134,4.77,-4.576,1.416
2002-11-16 01:00:00,6.935,4.155,0.204,2.275
2002-11-16 02:00:00,7.091,-0.264,-1.451,5.938
2002-11-16 03:00:00,7.063,2.443,-3.895,3.714
2002-11-16 04:00:00,7.079,1.454,-4.51,3.872
2002-11-16 05:00:00,7.024,3.631,-4.999,2.02
2002-11-16 06:00:00,7.231,3.067,-2.71,4.296
2002-11-16 07:00:00,7.716,3.37,-5.231,3.799
2002-11-16 08:00:00,7.569,2.936,-5.553,3.706
2002-11-16 09:00:00,7.357,3.743,-5.156,2.429
2002-11-16 10:00:00,7.374,2.396,-4.237,4.195
2002-11-16 11:00:00,7.089,4.377,-4.49,1.587
2002-11-16 12:00:00,6.913,2.686,-2.982,2.909
2002-11-16 13:00:00,6.623,2.635,-4.449,2.694
2002-11-16 14:00:00,6.778,3.27,-3.684,1.504
2002-11-16 15:00:00,6.704,-0.657,-0.611,4.231
2002-11-16 16:00:00,6.45,2.96,-4.234,0.717
2002-11-16 17:00:00,6.383,4.707,-2.753,0.039
2002-11-16 18:00:00,6.63,3.86,-4.52,-1.514
2002-11-16 19:00:00,6.468,4.351,-4.028,-0.51
2002-11-16 20:00:00,5.993,2.558,-1.579,1.625
2002-11-16 21:00:00,5.998,3.261,-2.366,-0.28
2002-11-16 22:00:00,6.151,3.574,-3.194,-1.858
2002-11-16 23:00:00,9.71,4.159,-7.232,0.179
2002-11-17 00:00:00,9.635,6.133,-4.122,-3.049
2002-11-17 01:00:00,10.404,2.488,-8.697,1.947
2002-11-17 02:00:00,10.264,3.591,-6.47,1.206
2002-11-17 03:00:00,10.41,4.358,-7.558,4.229
2002-11-17 04:00:00,10.537,2.273,-6.224,7.583
2002-11-17 05:00:00,10.061,2.521,-7.236,5.726
2002-11-17 06:00:00,9.905,1.354,-7.385,5.248
2002-11-17 07:00:00,8.827,2.575,-5.094,4.502
2002-11-17 08:00:00,8.666,1.594,-3.583,7.161
2002-11-17 09:00:00,8.788,2.109,-4.242,7.198
2002-11-17 10:00:00,9.081,3.554,-5.076,6.219
2002-11-17 11:00:00,9.461,4.378,-6.21,4.701
2002-11-17 12:00:00,9.41,2.765,-8.857,1.104
2002-11-17 13:00:00,9.373,2.398,-8.707,1.749
2002-11-17 14:00:00,9.612,2.941,-8.441,-0.446
2002-11-17 15:00:00,9.856,3.491,-8.348,2.617
2002-11-17 16:00:00,9.958,4.767,-7.821,2.717
2002-11-17 17:00:00,10.271,4.739,-8.606,2.234
2002-11-17 18:00:00,10.148,5.719,-8.122,-1.551
2002-11-17 19:00:00,10.201,7.38,-5.93,-3.331
2002-11-17 20:00:00,10.135,7.512,-3.999,-5.35
2002-11-17 21:00:00,9.938,5.58,-5.335,-5.898
2002-11-17 22:00:00,9.958,5.35,-5.769,-5.941
2002-11-17 23:00:00,10.009,4.236,-5.773,-6.932
2002-11-18 00:00:00,9.89,4.449,-4.098,-7.811
2002-11-18 01:00:00,9.333,5.964,-3.606,-6.105
2002-11-18 02:00:00,9.002,6.238,-2.096,-6.125
2002-11-18 03:00:00,8.7,5.515,-3.341,-5.525
2002-11-18 04:00:00,8.82,5.695,-3.714,-5.578
2002-11-18 05:00:00,8.672,4.893,-4.88,-5.149
2002-11-18 06:00:00,8.264,4.597,-4.699,-4.967
2002-11-18 07:00:00,8.09,3.738,-5.399,-4.433
2002-11-18 08:00:00,7.776,2.074,-5.844,-4.535
2002-11-18 09:00:00,8.499,1.82,-6.972,-4.292
2002-11-18 10:00:00,8.83,2.45,-6.969,-4.806
2002-11-18 11:00:00,8.901,1.949,-7.167,-4.889
2002-11-18 12:00:00,9.172,1.754,-7.487,-4.933
2002-11-18 13:00:00,9.427,0.882,-7.458,-5.571
2002-11-18 14:00:00,9.63,1.311,-7.749,-5.494
2002-11-18 15:00:00,9.707,0.246,-6.647,-6.945
2002-11-18 16:00:00,9.974,0.301,-7.394,-6.54
2002-11-18 17:00:00,10.07,0.278,-7.692,-6.393
2002-11-18 18:00:00,10.154,0.452,-7.342,-6.977
2002-11-18 19:00:00,9.972,0.253,-6.382,-7.582
2002-11-18 20:00:00,9.778,0.096,-6.515,-7.112
2002-11-18 21:00:00,10.22,1.339,-8.761,-4.864
2002-11-18 22:00:00,10.879,1.517,-8.35,-6.514
2002-11-18 23:00:00,11.023,1.673,-8.261,-4.187
2002-11-19 00:00:00,10.457,4.663,-9.124,0.871
2002-11-19 01:00:00,10.995,4.57,-9.732,-1.448
2002-11-19 02:00:00,11.361,3.468,-9.998,-3.844
2002-11-19 03:00:00,11.118,1.554,-10.339,-1.488
2002-11-19 04:00:00,11.523,-1.474,-11.165,-1.793
2002-11-19 05:00:00,12.321,-2.158,-10.054,-6.026
2002-11-19 06:00:00,13.564,2.411,-13.088,-1.489
2002-11-19 07:00:00,13.782,3.786,-12.161,-3.741
2002-11-19 08:00:00,14.191,3.89,-13.257,-1.85
2002-11-19 09:00:00,14.142,3.272,-13.236,-1.166
2002-11-19 10:00:00,13.147,2.938,-12.335,2.167
2002-11-19 11:00:00,12.211,2.86,-11.217,2.083
2002-11-19 12:00:00,11.464,2.964,-9.942,3.28
2002-11-19 13:00:00,10.052,3.325,-7.858,4.609
2002-11-19 14:00:00,9.279,3.146,-7.117,2.527
2002-11-19 15:00:00,10.097,3.931,-6.697,5.807
2002-11-19 16:00:00,9.906,2.464,-8.574,1.471
2002-11-19 17:00:00,10.18,4.664,-7.694,-2.904
2002-11-19 18:00:00,10.512,6.87,-4.311,-2.237
2002-11-19 19:00:00,10.977,5.008,-7.948,3.099
2002-11-19 20:00:00,11.333,3.278,-8.262,-0.875
2002-11-19 21:00:00,10.951,3.473,-2.25,-8.991
2002-11-19 22:00:00,11.21,3.077,-7.35,-6.774
2002-11-19 23:00:00,10.804,3.602,-6.174,-5.125
2002-11-20 00:00:00,10.463,2.755,-9.663,-0.347
2002-11-20 01:00:00,10.342,1.705,-9.021,-2.17
2002-11-20 02:00:00,10.499,0.505,-9.694,1.898
2002-11-20 03:00:00,10.163,1.012,-9.27,1.83
2002-11-20 04:00:00,9.814,5.619,-6.602,0.327
2002-11-20 05:00:00,9.572,3.71,-7.322,0.805
2002-11-20 06:00:00,9.293,7.55,-1.987,0.863
2002-11-20 07:00:00,9.406,2.558,-7.026,3.078
2002-11-20 08:00:00,9.164,5.114,-6.583,0.036
2002-11-20 09:00:00,9.307,5.205,-6.876,-1.018
2002-11-20 10:00:00,11.878,6.375,-7.593,1.177
2002-11-20 11:00:00,14.852,4.837,-8.894,8.515
2002-11-20 12:00:00,14.572,6.238,-7.374,9.713
2002-11-20 13:00:00,14.519,1.214,-8.899,9.866
2002-11-20 14:00:00,13.887,-0.8,-12.226,5.377
2002-11-20 15:00:00,13.929,-6.198,-9.754,-4.115
2002-11-20 16:00:00,14.535,-7.998,-1.39,-9.921
2002-11-20 17:00:00,15.044,0.845,5.178,-13.632
2002-11-20 18:00:00,11.385,-4.867,-0.69,-7.6
2002-11-20 19:00:00,10.028,-5.235,-3.606,-7.223
2002-11-20 20:00:00,9.999,-7.597,-3.04,-4.33
2002-11-20 21:00:00,8.976,-0.411,-2.323,-7.412
2002-11-20 22:00:00,10.992,-0.735,-6.884,-5.358
2002-11-20 23:00:00,21.063,7.453,-12.945,12.102
2002-11-21 00:00:00,28.254,7.284,-0.293,25.85
2002-11-21 01:00:00,32.215,2.07,17.578,23.899
2002-11-21 02:00:00,27.266,8.377,24.671,6.066
2002-11-21 03:00:00,22.926,1.068,20.997,-4.436
2002-11-21 04:00:00,25.511,-0.47,21.534,3.758
2002-11-21 05:00:00,24.395,-8.219,18.929,-8.35
2002-11-21 06:00:00,18.616,-6.319,9.898,-9.435
2002-11-21 07:00:00,17.262,-8.87,8.373,-6.911
2002-11-21 08:00:00,16.919,-9.894,5.789,-2.512
2002-11-21 09:00:00,14.165,-6.788,8.885,-0.322
2002-11-21 10:00:00,11.083,-8.65,5.209,-1.145
2002-11-21 11:00:00,9.894,-7.336,2.475,3.28
2002-11-21 12:00:00,9.946,-5.971,3.585,3.759
2002-11-21 13:00:00,9.996,-3.552,5.729,-1.12
2002-11-21 14:00:00,9.74,-3.85,6.264,-2.015
2002-11-21 15:00:00,10.029,-5.033,7.125,2.246
2002-11-21 16:00:00,10.12,-7.273,4.401,0.651
2002-11-21 17:00:00,10.358,-3.865,7.977,1.697
2002-11-21 18:00:00,9.763,-4.67,6.618,-0.447
2002-11-21 19:00:00,9.451,-2.838,7.309,0.545
2002-11-21 20:00:00,8.915,-3.274,6.063,4.799
2002-11-21 21:00:00,7.615,-4.63,4.219,-1.239
2002-11-21 22:00:00,7.157,-5.794,1.091,1.116
2002-11-21 23:00:00,7.277,-3.778,4.3,1.875
2002-11-22 00:00:00,6.969,-5.592,-0.005,1.206
2002-11-22 01:00:00,6.556,-4.29,4.026,0.643
2002-11-22 02:00:00,6.444,-5.707,2.332,0.313
2002-11-22 03:00:00,6.886,-6.094,2.775,0.952
2002-11-22 04:00:00,7.365,-6.273,2.892,1.282
2002-11-22 05:00:00,7.024,-6.177,2.477,0.811
2002-11-22 06:00:00,6.657,-4.832,1.656,-1.401
2002-11-22 07:00:00,6.536,-4.699,2.246,-1.548
2002-11-22 08:00:00,6.452,-5.052,1.136,-1.725
2002-11-22 09:00:00,6.326,-5.059,1.073,-1.994
2002-11-22 10:00:00,6.226,-4.764,1.727,-1.36
2002-11-22 11:00:00,6.256,-3.05,2.055,-3.771
2002-11-22 12:00:00,6.423,-3.83,1.568,-2.663
2002-11-22 13:00:00,6.239,-4.593,2.778,-1.558
2002-11-22 14:00:00,6.137,-3.948,3.384,-2.563
2002-11-22 15:00:00,6.138,-3.83,1.497,-1.53
2002-11-22 16:00:00,6.069,-5.187,2.133,-0.203
2002-11-22 17:00:00,6.282,-4.654,3.562,-1.002
2002-11-22 18:00:00,6.209,-3.469,1.68,0.393
2002-11-22 19:00:00,6.155,-2.703,3.661,-2.447
2002-11-22 20:00:00,6.314,-2.79,0.706,-2.903
2002-11-22 21:00:00,6.748,-3.643,4.01,-2.434
2002-11-22 22:00:00,6.671,-4.344,4.298,-1.238
2002-11-22 23:00:00,6.713,-3.002,4.433,-1.626
2002-11-23 00:00:00,6.904,-2.872,5.086,-2.297
2002-11-23 01:00:00,6.564,-3.623,4.535,0.215
2002-11-23 02:00:00,6.685,-0.637,4.186,-4.348
2002-11-23 03:00:00,5.681,-1.613,3.97,0.711
2002-11-23 04:00:00,4.188,-1.323,-0.241,-0.83
2002-11-23 05:00:00,4.932,-3.151,-1.749,-2.253
2002-11-23 06:00:00,4.547,-2.642,-1.382,-2.488
2002-11-23 07:00:00,4.417,-2.898,-2.179,-1.618
2002-11-23 08:00:00,5.087,-3.436,-2.37,-1.444
2002-11-23 09:00:00,5.19,-3.566,1.473,-1.3
2002-11-23 10:00:00,5.513,-4.975,1.033,-1.366
2002-11-23 11:00:00,5.455,-4.565,2.022,-1.496
2002-11-23 12:00:00,5.394,-3.027,2.909,-1.961
2002-11-23 13:00:00,5.532,-4.697,1.306,-1.647
2002-11-23 14:00:00,5.795,-3.977,3.314,-1.323
2002-11-23 15:00:00,5.94,-4.13,3.467,-1.028
2002-11-23 16:00:00,5.841,-2.472,4.873,-0.249
2002-11-23 17:00:00,5.602,-1.875,4.742,-0.083
2002-11-23 18:00:00,5.816,-2.76,4.42,0.367
2002-11-23 19:00:00,6.037,-2.649,4.803,-0.218
2002-11-23 20:00:00,6.126,-2.287,4.589,0.078
2002-11-23 21:00:00,5.957,-4.374,1.218,-0.334
2002-11-23 22:00:00,6.05,-3.002,4.773,0.092
2002-11-23 23:00:00,5.951,-5.2,1.518,-0.903
2002-11-24 00:00:00,6.144,-4.51,0.468,-0.944
2002-11-24 01:00:00,6.367,-2.323,4.715,-0.677
2002-11-24 02:00:00,6.313,-3.653,3.578,-1.455
2002-11-24 03:00:00,6.54,-1.391,4.231,-1.076
2002-11-24 04:00:00,6.378,-0.725,5.968,-0.331
2002-11-24 05:00:00,6.529,-0.914,5.982,-1.101
2002-11-24 06:00:00,6.804,-2.939,5.036,0.041
2002-11-24 07:00:00,6.858,-4.713,0.349,3.143
2002-11-24 08:00:00,7.012,-4.184,3.932,-2.143
2002-11-24 09:00:00,6.932,-2.555,5.077,-1.572
2002-11-24 10:00:00,7.277,-1.949,5.952,-2.176
2002-11-24 11:00:00,7.21,-1.993,6.189,-2.327
2002-11-24 12:00:00,7.414,-2.751,5.394,-2.672
2002-11-24 13:00:00,7.293,-3.907,4.555,-2.231
2002-11-24 14:00:00,7.026,-4.47,3.391,-2.125
2002-11-24 15:00:00,7.284,-3.793,5.924,-0.476
2002-11-24 16:00:00,7.342,-3.751,4.005,-3.109
2002-11-24 17:00:00,6.916,-5.818,1.727,-2.801
2002-11-24 18:00:00,7.429,-6.599,-0.604,-2.966
2002-11-24 19:00:00,7.587,-4.252,5.377,-1.732
2002-11-24 20:00:00,7.542,-0.55,7.135,1.227
2002-11-24 21:00:00,7.612,-2.164,6.283,1.231
2002-11-24 22:00:00,7.596,-2.101,6.567,-0.581
2002-11-24 23:00:00,7.384,-2.149,5.82,-1.785
2002-11-25 00:00:00,7.515,-5.461,2.735,-0.101
2002-11-25 01:00:00,7.897,-2.268,6.522,0.193
2002-11-25 02:00:00,7.723,-4.857,5.371,-0.755
2002-11-25 03:00:00,7.937,-5.881,4.542,-1.555
2002-11-25 04:00:00,8.232,-6.497,2.717,-3.247
2002-11-25 05:00:00,8.197,-5.49,3.826,-3.768
2002-11-25 06:00:00,8.37,-6.488,1.257,-5.06
2002-11-25 07:00:00,8.002,-6.385,1.7,-4.336
2002-11-25 08:00:00,7.99,-6.216,1.996,-4.562
2002-11-25 09:00:00,7.632,-5.856,1.78,-4.119
2002-11-25 10:00:00,7.39,-5.557,1.411,-3.813
2002-11-25 11:00:00,6.862,-5.147,0.034,-3.136
2002-11-25 12:00:00,6.843,-5.99,-1.732,-2.198
2002-11-25 13:00:00,6.297,-4.644,-0.501,-0.695
2002-11-25 14:00:00,5.936,-3.208,-0.361,-2.917
2002-11-25 15:00:00,6.172,-2.375,-1.325,-4.287
2002-11-25 16:00:00,5.972,-2.986,1.167,-0.005
2002-11-25 17:00:00,6.304,-1.206,3.323,2.348
2002-11-25 18:00:00,6.002,-4.036,3.228,1.032
2002-11-25 19:00:00,6.026,-4.117,2.28,-2.743
2002-11-25 20:00:00,6.237,-3.39,3.678,-1.036
2002-11-25 21:00:00,6.211,-2.61,4.249,2.615
2002-11-25 22:00:00,6.075,-4.393,2.432,-1.252
2002-11-25 23:00:00,6.051,-1.088,5.138,-1.528
2002-11-26 00:00:00,6.278,-2.509,5.331,0.081
2002-11-26 01:00:00,6.112,-4.888,2.159,-1.392
2002-11-26 02:00:00,6.29,-5.405,2.37,-1.047
2002-11-26 03:00:00,6.64,-5.993,2.54,-0.699
2002-11-26 04:00:00,6.73,-5.851,3.107,-0.849
2002-11-26 05:00:00,6.811,-6.195,2.523,-1.173
2002-11-26 06:00:00,6.945,-6.338,2.516,-1.254
2002-11-26 07:00:00,6.587,-5.616,3.032,-1.182
2002-11-26 08:00:00,5.866,-4.492,2.924,-1.578
2002-11-26 09:00:00,5.655,-4.392,2.203,-2.062
2002-11-26 10:00:00,5.49,-4.655,0.825,-2.398
2002-11-26 11:00:00,5.278,-1.498,4.299,-1.129
2002-11-26 12:00:00,5.408,-3.356,2.984,-1.819
2002-11-26 13:00:00,5.471,-2.709,3.151,-2.365
2002-11-26 14:00:00,5.638,-2.369,3.042,-1.871
2002-11-26 15:00:00,7.034,-5.601,2.208,-0.996
2002-11-26 16:00:00,7.373,-3.752,5.49,-0.083
2002-11-26 17:00:00,8.429,-3.561,7.433,-0.06
2002-11-26 18:00:00,9.12,-0.215,8.687,1.838
2002-11-26 19:00:00,9.475,0.863,8.548,3.484
2002-11-26 20:00:00,10.207,1.358,8.832,1.276
2002-11-26 21:00:00,24.148,-11.516,17.949,-8.025
2002-11-26 22:00:00,26.929,-8.372,22.483,8.343
2002-11-26 23:00:00,25.674,-10.608,20.624,0.27
2002-11-27 00:00:00,24.353,-9.806,19.167,1.071
2002-11-27 01:00:00,19.957,-8.525,16.058,-1.547
2002-11-27 02:00:00,15.74,-2.907,12.587,4.796
2002-11-27 03:00:00,13.696,-5.857,9.514,-3.97
2002-11-27 04:00:00,11.604,-4.172,9.45,-1.189
2002-11-27 05:00:00,13.308,-4.507,11.085,2.617
2002-11-27 06:00:00,11.581,-5.736,8.989,-2.748
2002-11-27 07:00:00,8.543,-3.149,6.512,-1.845
2002-11-27 08:00:00,7.61,-1.134,6.666,-2.539
2002-11-27 09:00:00,7.141,-0.519,5.828,-3.734
2002-11-27 10:00:00,6.375,-3.886,3.912,-0.68
2002-11-27 11:00:00,6.323,-5.182,1.778,-1.889
2002-11-27 12:00:00,6.339,-5.571,1.948,0.406
2002-11-27 13:00:00,6.942,-1.615,5.685,-0.152
2002-11-27 14:00:00,7.52,-3.334,6.144,1.986
2002-11-27 15:00:00,6.63,-4.807,-1.024,2.681
2002-11-27 16:00:00,6.866,-2.448,-6.233,0.06
2002-11-27 17:00:00,5.307,-2.255,-3.841,0.243
2002-11-27 18:00:00,6.937,-2.213,-4.277,0.714
2002-11-27 19:00:00,6.239,0.213,-3.911,-4.464
2002-11-27 20:00:00,4.349,-1.353,-0.408,-1.031
2002-11-27 21:00:00,4.348,-3.657,-0.073,-0.342
2002-11-27 22:00:00,5.425,-4.276,-1.598,-0.622
2002-11-27 23:00:00,6.385,-4.386,-3.618,-0.472
2002-11-28 00:00:00,5.927,-3.898,-3.104,0.569
2002-11-28 01:00:00,6.019,-5.227,1.198,0.718
2002-11-28 02:00:00,6.859,-4.786,2.597,-2.006
2002-11-28 03:00:00,6.972,-4.001,4.458,-1.982
2002-11-28 04:00:00,7.384,-5.817,4.012,-0.496
2002-11-28 05:00:00,7.131,-6.805,-0.833,-0.39
2002-11-28 06:00:00,6.613,-6.089,1.385,-1.064
2002-11-28 07:00:00,6.4,-5.612,1.309,-1.771
2002-11-28 08:00:00,6.089,-5.253,0.794,-2.465
2002-11-28 09:00:00,6.164,-5.647,0.293,0.628
2002-11-28 10:00:00,6.377,-5.794,0.917,1.072
2002-11-28 11:00:00,6.728,-4.998,3.103,-1.962
2002-11-28 12:00:00,7.018,-3.969,4.446,-3.115
2002-11-28 13:00:00,7.248,-5.965,2.439,-0.004
2002-11-28 14:00:00,7.517,-6.333,3.743,-0.641
2002-11-28 15:00:00,7.414,-5.245,4.944,-1.282
2002-11-28 16:00:00,7.07,-5.338,4.158,0.034
2002-11-28 17:00:00,7.112,-4.778,4.821,-0.756
2002-11-28 18:00:00,6.972,-2.407,3.929,-3.502
2002-11-28 19:00:00,7.208,-4.802,4.802,1.071
2002-11-28 20:00:00,7.548,-5.648,4.638,0.59
2002-11-28 21:00:00,7.508,-5.53,4.422,0.547
2002-11-28 22:00:00,7.061,-5.909,2.303,1.325
2002-11-28 23:00:00,6.755,-5.167,2.649,-1.054
2002-11-29 00:00:00,6.869,-5.024,2.903,-2.358
2002-11-29 01:00:00,6.972,-6.373,2.432,-0.338
2002-11-29 02:00:00,7.15,-6.625,2.212,0.141
2002-11-29 03:00:00,7.156,-6.902,0.901,-0.947
2002-11-29 04:00:00,6.861,-5.861,-0.819,-1.647
2002-11-29 05:00:00,7.28,-6.498,0.171,-2.011
2002-11-29 06:00:00,6.635,-4.346,-3.539,-0.612
2002-11-29 07:00:00,7.402,-4.214,-1.258,1.428
2002-11-29 08:00:00,6.663,-4.231,0.192,0.098
2002-11-29 09:00:00,6.993,-5.994,0.282,1.199
2002-11-29 10:00:00,6.757,-5.11,0.49,3.0
2002-11-29 11:00:00,7.581,-5.137,-2.228,1.691
2002-11-29 12:00:00,7.551,-6.717,-0.117,-0.897
2002-11-29 13:00:00,7.488,-6.074,-0.01,1.6
2002-11-29 14:00:00,7.488,-5.324,-2.345,2.9
2002-11-29 15:00:00,7.587,-3.464,-2.456,3.186
2002-11-29 16:00:00,7.878,-2.312,4.995,-1.831
2002-11-29 17:00:00,7.753,-3.284,5.087,-0.488
2002-11-29 18:00:00,7.798,-4.902,3.765,-1.7
2002-11-29 19:00:00,7.817,-4.106,2.514,3.888
2002-11-29 20:00:00,7.703,-4.478,5.326,-0.642
2002-11-29 21:00:00,7.279,-3.781,4.01,-1.552
2002-11-29 22:00:00,7.059,-3.619,4.597,-0.095
2002-11-29 23:00:00,7.01,-4.153,3.223,0.256
2002-11-30 00:00:00,7.259,-5.213,1.133,-2.339
2002-11-30 01:00:00,6.892,-5.412,-0.853,-0.55
2002-11-30 02:00:00,7.115,-3.77,3.247,-1.917
2002-11-30 03:00:00,6.988,-2.482,-0.742,3.274
2002-11-30 04:00:00,7.265,-3.032,2.262,-1.394
2002-11-30 05:00:00,7.929,-4.3,3.435,-1.695
2002-11-30 06:00:00,8.033,-5.195,0.229,-4.193
2002-11-30 07:00:00,7.501,-3.895,3.426,-1.994
2002-11-30 08:00:00,7.385,-5.835,1.564,-2.539
2002-11-30 09:00:00,7.375,-4.394,3.686,-2.837
2002-11-30 10:00:00,7.656,-6.078,1.265,-2.351
2002-11-30 11:00:00,7.658,-6.371,-2.297,-0.599
2002-11-30 12:00:00,8.048,-1.555,6.209,-2.657
2002-11-30 13:00:00,7.611,-2.028,5.559,0.611
2002-11-30 14:00:00,7.309,-4.292,3.943,-0.29
2002-11-30 15:00:00,7.638,-4.439,5.024,-0.442
2002-11-30 16:00:00,7.665,-4.766,4.222,0.862
2002-11-30 17:00:00,7.337,-3.644,4.161,-0.838
2002-11-30 18:00:00,7.32,-2.671,4.97,0.631
2002-11-30 19:00:00,7.103,-2.629,5.2,-0.489
2002-11-30 20:00:00,7.28,-4.191,4.698,-1.774
2002-11-30 21:00:00,7.198,-5.244,3.113,-2.872
2002-11-30 22:00:00,7.256,-2.995,4.769,3.042
2002-11-30 23:00:00,7.686,-5.456,2.58,-2.693
2002-12-01 00:00:00,7.747,-4.447,3.691,-3.927
2002-12-01 01:00:00,7.972,-4.534,5.596,-1.436
2002-12-01 02:00:00,7.517,-4.462,2.23,-2.861
2002-12-01 03:00:00,7.287,-2.367,2.411,-4.992
2002-12-01 04:00:00,6.538,-2.652,2.805,1.426
2002-12-01 05:00:00,6.128,-2.21,2.333,-2.864
2002-12-01 06:00:00,6.232,-1.105,3.415,2.437
2002-12-01 07:00:00,5.285,-0.504,1.107,-3.153
2002-12-01 08:00:00,6.005,-2.41,4.453,-0.554
2002-12-01 09:00:00,6.62,-3.56,2.098,-3.664
2002-12-01 10:00:00,6.179,-4.185,0.94,0.056
2002-12-01 11:00:00,6.475,-1.61,5.026,-2.992
2002-12-01 12:00:00,5.978,-2.697,3.442,-2.595
2002-12-01 13:00:00,5.73,-2.999,1.897,-2.794
2002-12-01 14:00:00,5.812,-3.799,2.274,-2.704
2002-12-01 15:00:00,5.792,-3.473,3.352,-1.185
2002-12-01 16:00:00,6.135,-5.084,0.27,-0.421
2002-12-01 17:00:00,5.909,-5.196,1.019,0.639
2002-12-01 18:00:00,5.768,-2.084,2.157,2.157
2002-12-01 19:00:00,6.238,-1.077,4.916,-0.529
2002-12-01 20:00:00,6.271,-1.995,4.937,-0.92
2002-12-01 21:00:00,6.265,-3.201,3.62,-2.431
2002-12-01 22:00:00,6.275,-3.187,3.479,-0.488
2002-12-01 23:00:00,5.721,-2.183,2.146,1.778
2002-12-02 00:00:00,5.882,-2.361,1.305,1.22
2002-12-02 01:00:00,5.772,-2.389,0.875,2.254
2002-12-02 02:00:00,5.692,-2.307,3.187,0.79
2002-12-02 03:00:00,5.664,-2.201,1.971,1.827
2002-12-02 04:00:00,6.029,-2.077,3.146,-3.47
2002-12-02 05:00:00,6.038,-4.288,0.18,-2.8
2002-12-02 06:00:00,5.756,-2.157,2.633,-3.05
2002-12-02 07:00:00,5.681,-4.536,-0.193,-0.733
2002-12-02 08:00:00,6.026,-1.602,2.264,3.626
2002-12-02 09:00:00,6.38,1.03,5.101,1.254
2002-12-02 10:00:00,6.147,-2.296,3.235,-2.093
2002-12-02 11:00:00,6.468,-2.07,5.182,-0.345
2002-12-02 12:00:00,6.275,-3.373,4.92,0.685
2002-12-02 13:00:00,6.13,-1.281,4.709,2.854
2002-12-02 14:00:00,6.17,-1.118,3.067,-1.1
2002-12-02 15:00:00,6.277,-2.953,3.766,-1.975
2002-12-02 16:00:00,6.032,-3.64,2.457,-0.402
2002-12-02 17:00:00,6.22,-4.34,1.255,-2.214
2002-12-02 18:00:00,6.827,-3.976,5.092,0.445
2002-12-02 19:00:00,6.624,-3.407,4.426,1.176
2002-12-02 20:00:00,6.887,-5.325,-1.904,-1.882
2002-12-02 21:00:00,6.961,-5.63,1.51,-0.871
2002-12-02 22:00:00,6.776,-4.918,2.1,-1.162
2002-12-02 23:00:00,6.619,-3.257,4.269,-0.863
2002-12-03 00:00:00,6.632,-2.323,4.715,1.052
2002-12-03 01:00:00,6.097,-2.526,0.666,-3.836
2002-12-03 02:00:00,6.549,-4.834,2.863,-1.046
2002-12-03 03:00:00,6.174,-3.01,0.869,4.267
2002-12-03 04:00:00,6.38,-5.155,-1.788,1.215
2002-12-03 05:00:00,6.017,-5.073,0.083,1.09
2002-12-03 06:00:00,6.214,-3.88,2.579,0.988
2002-12-03 07:00:00,6.507,-2.781,4.005,1.558
2002-12-03 08:00:00,6.946,-0.505,4.213,-2.194
2002-12-03 09:00:00,6.924,-0.592,4.663,1.157
2002-12-03 10:00:00,6.603,-4.405,2.084,0.59
2002-12-03 11:00:00,6.424,-4.492,1.891,-3.07
2002-12-03 12:00:00,6.319,-4.295,3.117,-0.916
2002-12-03 13:00:00,5.976,-3.045,3.105,1.545
2002-12-03 14:00:00,5.85,-4.356,1.847,-1.869
2002-12-03 15:00:00,5.896,-4.221,1.728,-0.678
2002-12-03 16:00:00,5.672,-2.769,1.213,2.338
2002-12-03 17:00:00,5.83,-1.676,1.351,3.643
2002-12-03 18:00:00,5.982,-2.968,3.325,0.349
2002-12-03 19:00:00,5.867,-1.258,-0.588,1.414
2002-12-03 20:00:00,6.283,0.631,-2.862,4.947
2002-12-03 21:00:00,6.19,-1.077,-1.887,4.621
2002-12-03 22:00:00,6.136,-4.603,-0.917,0.416
2002-12-03 23:00:00,6.309,-1.999,4.935,0.856
2002-12-04 00:00:00,5.941,-3.445,3.111,1.109
2002-12-04 01:00:00,5.813,-0.292,-1.005,4.485
2002-12-04 02:00:00,5.82,-4.71,-1.811,0.346
2002-12-04 03:00:00,5.826,-3.286,-1.054,2.583
2002-12-04 04:00:00,5.958,-4.457,-1.162,-1.397
2002-12-04 05:00:00,5.891,-2.956,1.88,-1.196
2002-12-04 06:00:00,6.271,-3.878,1.139,-3.089
2002-12-04 07:00:00,6.183,-4.428,1.015,-2.666
2002-12-04 08:00:00,5.978,-5.203,-0.406,-1.864
2002-12-04 09:00:00,5.924,-3.256,3.657,-1.822
2002-12-04 10:00:00,6.136,-3.514,2.536,0.415
2002-12-04 11:00:00,6.079,-4.291,2.081,-3.099
2002-12-04 12:00:00,5.389,-3.451,2.286,-1.372
2002-12-04 13:00:00,5.992,-2.32,2.914,-1.12
2002-12-04 14:00:00,5.661,-2.729,2.462,-1.854
2002-12-04 15:00:00,6.018,-1.976,3.404,1.013
2002-12-04 16:00:00,6.081,-1.954,3.433,-2.13
2002-12-04 17:00:00,5.892,-3.451,2.336,1.154
2002-12-04 18:00:00,6.779,-4.093,2.123,-3.408
2002-12-04 19:00:00,6.369,-5.537,0.378,-2.428
2002-12-04 20:00:00,5.53,-1.538,0.318,0.91
2002-12-04 21:00:00,5.749,-4.244,-0.902,0.512
2002-12-04 22:00:00,6.425,-2.72,2.516,1.738
2002-12-04 23:00:00,6.399,-3.117,3.96,0.305
2002-12-05 00:00:00,6.619,-2.933,4.948,0.279
2002-12-05 01:00:00,6.771,-3.9,4.335,-2.384
2002-12-05 02:00:00,6.691,-4.731,3.386,-0.673
2002-12-05 03:00:00,6.618,-4.782,-2.606,-1.764
2002-12-05 04:00:00,6.238,-2.735,-1.967,-0.102
2002-12-05 05:00:00,6.326,-3.446,3.491,-1.754
2002-12-05 06:00:00,6.023,-4.356,1.501,-2.383
2002-12-05 07:00:00,6.251,-3.752,4.327,-0.964
2002-12-05 08:00:00,5.699,-3.87,0.168,0.591
2002-12-05 09:00:00,5.774,-3.338,1.443,-0.54
2002-12-05 10:00:00,5.828,-5.156,-0.037,-0.279
2002-12-05 11:00:00,5.788,-5.079,1.171,-0.777
2002-12-05 12:00:00,4.952,-1.927,3.465,-0.269
2002-12-05 13:00:00,4.496,-3.127,1.789,-0.345
2002-12-05 14:00:00,4.642,-0.851,3.005,-1.619
2002-12-05 15:00:00,5.441,-1.311,4.202,-0.294
2002-12-05 16:00:00,5.278,0.386,4.479,-1.627
2002-12-05 17:00:00,5.341,-3.682,2.137,2.501
2002-12-05 18:00:00,5.014,-3.735,0.976,2.105
2002-12-05 19:00:00,4.933,-2.283,3.088,0.723
2002-12-05 20:00:00,4.651,-2.066,2.195,0.422
2002-12-05 21:00:00,4.735,-0.533,2.733,1.99
2002-12-05 22:00:00,4.647,-0.116,3.168,-0.756
2002-12-05 23:00:00,5.371,-2.878,2.752,2.832
2002-12-06 00:00:00,4.908,-2.716,1.883,0.801
2002-12-06 01:00:00,4.978,1.043,2.947,-1.867
2002-12-06 02:00:00,6.109,-1.925,3.563,0.425
2002-12-06 03:00:00,6.28,-2.81,4.771,1.427
2002-12-06 04:00:00,6.651,-5.492,2.674,1.543
2002-12-06 05:00:00,6.967,-2.785,5.278,1.399
2002-12-06 06:00:00,7.036,-1.855,5.828,1.257
2002-12-06 07:00:00,6.947,-1.394,5.954,1.028
2002-12-06 08:00:00,7.316,-5.289,4.437,1.969
2002-12-06 09:00:00,6.629,-2.709,4.173,-1.598
2002-12-06 10:00:00,3.463,0.845,0.588,0.398
2002-12-06 11:00:00,6.21,5.298,-1.242,-0.797
2002-12-06 12:00:00,8.649,4.336,-6.453,3.348
2002-12-06 13:00:00,9.452,4.804,-6.346,4.903
2002-12-06 14:00:00,8.042,2.539,-5.464,5.144
2002-12-06 15:00:00,9.117,-2.154,5.421,-3.856
2002-12-06 16:00:00,9.274,1.604,2.209,0.906
2002-12-06 17:00:00,8.711,1.87,-2.291,3.513
2002-12-06 18:00:00,7.474,2.51,-3.83,3.528
2002-12-06 19:00:00,10.191,5.63,-7.736,-1.95
2002-12-06 20:00:00,11.982,8.697,-5.515,-0.687
2002-12-06 21:00:00,11.591,3.749,-1.265,-4.393
2002-12-06 22:00:00,10.246,6.063,2.898,-7.001
2002-12-06 23:00:00,10.84,4.935,3.053,-6.09
2002-12-07 00:00:00,10.689,4.53,8.015,1.63
2002-12-07 01:00:00,10.565,7.918,3.282,2.198
2002-12-07 02:00:00,12.594,10.517,-5.395,1.81
2002-12-07 03:00:00,11.376,6.419,-5.2,3.255
2002-12-07 04:00:00,13.131,6.595,-6.67,4.496
2002-12-07 05:00:00,13.019,5.507,-8.081,2.201
2002-12-07 06:00:00,14.173,4.713,-8.89,-4.654
2002-12-07 07:00:00,13.49,1.442,0.443,5.417
2002-12-07 08:00:00,14.46,7.485,-9.253,3.493
2002-12-07 09:00:00,12.899,7.064,-1.458,-5.141
2002-12-07 10:00:00,11.436,7.735,-3.641,-1.174
2002-12-07 11:00:00,10.798,8.126,-2.4,3.164
2002-12-07 12:00:00,10.507,6.915,-2.881,1.192
2002-12-07 13:00:00,10.775,5.073,-5.341,2.627
2002-12-07 14:00:00,10.814,6.567,-4.595,5.402
2002-12-07 15:00:00,10.97,7.37,-5.309,3.427
2002-12-07 16:00:00,10.213,6.762,-4.637,2.022
2002-12-07 17:00:00,8.604,4.645,-0.699,0.38
2002-12-07 18:00:00,8.595,5.093,-4.255,-2.456
2002-12-07 19:00:00,8.605,5.131,-4.73,-2.471
2002-12-07 20:00:00,8.522,7.394,-2.911,-0.093
2002-12-07 21:00:00,8.14,3.882,0.047,-3.257
2002-12-07 22:00:00,7.97,6.017,-2.689,0.971
2002-12-07 23:00:00,8.403,6.051,-3.977,0.351
2002-12-08 00:00:00,8.595,7.02,-4.341,0.75
2002-12-08 01:00:00,8.277,5.791,-3.957,0.697
2002-12-08 02:00:00,7.565,4.664,-2.533,-3.272
2002-12-08 03:00:00,7.641,6.98,-1.516,0.361
2002-12-08 04:00:00,7.406,5.946,-2.664,2.317
2002-12-08 05:00:00,7.648,4.859,-3.471,2.557
2002-12-08 06:00:00,7.682,5.189,-2.44,3.933
2002-12-08 07:00:00,8.103,6.509,-1.476,3.656
2002-12-08 08:00:00,9.106,5.623,0.368,6.606
2002-12-08 09:00:00,8.629,5.628,-1.598,5.708
2002-12-08 10:00:00,7.997,1.549,-6.493,3.61
2002-12-08 11:00:00,7.052,4.526,-3.193,2.539
2002-12-08 12:00:00,6.804,4.192,-0.388,1.255
2002-12-08 13:00:00,6.547,4.48,0.31,0.881
2002-12-08 14:00:00,6.224,4.133,0.254,-0.496
2002-12-08 15:00:00,6.327,2.528,-3.038,-0.264
2002-12-08 16:00:00,6.548,4.228,1.012,-0.403
2002-12-08 17:00:00,6.303,4.671,-2.165,-0.045
2002-12-08 18:00:00,6.388,3.242,-3.804,-0.977
2002-12-08 19:00:00,6.216,5.853,0.089,1.413
2002-12-08 20:00:00,6.226,5.543,-1.173,2.061
2002-12-08 21:00:00,6.262,4.917,-3.409,-0.576
2002-12-08 22:00:00,6.226,1.77,-4.568,-2.949
2002-12-08 23:00:00,6.573,4.215,-0.561,1.095
2002-12-09 00:00:00,6.606,6.162,0.446,1.977
2002-12-09 01:00:00,6.601,6.442,-0.377,1.258
2002-12-09 02:00:00,6.481,6.315,-0.975,0.974
2002-12-09 03:00:00,6.249,6.018,-1.378,0.752
2002-12-09 04:00:00,6.323,5.899,-1.916,0.159
2002-12-09 05:00:00,6.315,6.078,-1.201,0.731
2002-12-09 06:00:00,6.384,5.855,-1.511,1.905
2002-12-09 07:00:00,6.473,6.405,-0.062,0.661
2002-12-09 08:00:00,5.263,4.061,-1.437,1.536
2002-12-09 09:00:00,5.433,3.59,-1.169,2.581
2002-12-09 10:00:00,4.999,4.353,-1.626,1.06
2002-12-09 11:00:00,4.821,3.954,-1.286,0.814
2002-12-09 12:00:00,4.851,4.27,-1.809,0.375
2002-12-09 13:00:00,4.818,4.022,-1.82,0.072
2002-12-09 14:00:00,4.7,3.853,-2.058,-0.127
2002-12-09 15:00:00,4.604,2.979,-3.005,-0.427
2002-12-09 16:00:00,4.844,2.88,-2.724,-0.507
2002-12-09 17:00:00,4.769,3.837,-2.22,-0.504
2002-12-09 18:00:00,5.063,4.692,-1.615,-0.422
2002-12-09 19:00:00,4.896,4.644,-0.913,-0.055
2002-12-09 20:00:00,4.682,4.331,-0.152,-0.715
2002-12-09 21:00:00,3.977,0.858,-2.933,-0.871
2002-12-09 22:00:00,3.762,1.681,-2.543,-0.801
2002-12-09 23:00:00,4.217,0.38,-3.592,-0.89
2002-12-10 00:00:00,3.752,0.309,-1.822,-0.136
2002-12-10 01:00:00,4.201,3.306,0.948,1.795
2002-12-10 02:00:00,3.956,3.388,0.741,1.222
2002-12-10 03:00:00,3.991,1.249,-1.331,-0.161
2002-12-10 04:00:00,4.96,4.479,1.072,0.887
2002-12-10 05:00:00,4.539,3.479,-2.241,0.067
2002-12-10 06:00:00,3.993,1.289,-2.686,0.163
2002-12-10 07:00:00,3.779,1.054,-2.848,0.527
2002-12-10 08:00:00,3.571,1.12,-2.757,0.432
2002-12-10 09:00:00,3.475,-0.92,-2.405,-0.38
2002-12-10 10:00:00,3.321,-2.379,-0.568,0.182
2002-12-10 11:00:00,3.656,0.923,-3.352,-0.141
2002-12-10 12:00:00,3.689,1.924,-2.891,0.129
2002-12-10 13:00:00,3.389,-0.188,-3.02,-0.79
2002-12-10 14:00:00,4.018,1.299,-3.202,-0.237
2002-12-10 15:00:00,4.106,1.608,-3.263,-0.872
2002-12-10 16:00:00,4.28,2.029,-3.37,0.421
2002-12-10 17:00:00,4.205,2.213,-3.123,0.17
2002-12-10 18:00:00,3.844,1.205,-2.446,-1.752
2002-12-10 19:00:00,4.429,3.217,-1.662,-0.598
2002-12-10 20:00:00,4.695,4.162,-1.65,0.96
2002-12-10 21:00:00,4.493,3.296,-2.253,-0.405
2002-12-10 22:00:00,4.937,3.919,-2.882,-0.198
2002-12-10 23:00:00,4.92,4.253,-2.367,0.175
2002-12-11 00:00:00,4.928,4.518,-1.906,0.027
2002-12-11 01:00:00,4.93,4.155,-2.364,-1.063
2002-12-11 02:00:00,4.81,3.72,-2.889,-0.349
2002-12-11 03:00:00,3.874,1.972,-3.014,1.041
2002-12-11 04:00:00,5.247,3.944,-3.43,0.318
2002-12-11 05:00:00,5.372,4.014,-3.38,0.802
2002-12-11 06:00:00,6.166,4.871,-3.408,0.681
2002-12-11 07:00:00,5.94,4.782,-3.221,-0.643
2002-12-11 08:00:00,6.045,4.819,-3.283,-0.692
2002-12-11 09:00:00,6.03,4.18,-2.76,-1.179
2002-12-11 10:00:00,6.085,4.858,-2.921,0.026
2002-12-11 11:00:00,6.153,4.09,-3.403,-0.773
2002-12-11 12:00:00,6.091,4.444,-3.256,0.166
2002-12-11 13:00:00,6.321,3.567,-4.725,0.363
2002-12-11 14:00:00,6.301,3.068,-5.194,1.042
2002-12-11 15:00:00,6.449,5.394,-1.132,2.519
2002-12-11 16:00:00,6.322,3.928,-0.091,4.224
2002-12-11 17:00:00,6.035,3.204,-0.673,2.295
2002-12-11 18:00:00,6.217,5.479,-2.543,0.757
2002-12-11 19:00:00,6.125,3.613,-4.694,-0.184
2002-12-11 20:00:00,6.246,3.363,-5.066,-0.014
2002-12-11 21:00:00,6.235,4.541,-3.868,-0.739
2002-12-11 22:00:00,6.232,5.234,-2.867,0.065
2002-12-11 23:00:00,6.366,4.36,-4.018,-0.666
2002-12-12 00:00:00,6.52,4.531,-3.97,0.548
2002-12-12 01:00:00,6.491,4.567,-2.513,2.703
2002-12-12 02:00:00,6.599,3.857,-3.167,-0.414
2002-12-12 03:00:00,6.588,4.618,-3.842,-0.551
2002-12-12 04:00:00,6.455,4.744,-1.704,2.4
2002-12-12 05:00:00,6.941,5.2,-4.182,1.167
2002-12-12 06:00:00,7.112,4.114,-5.393,1.365
2002-12-12 07:00:00,7.552,3.519,-6.196,2.125
2002-12-12 08:00:00,7.597,3.883,-6.322,-0.083
2002-12-12 09:00:00,7.156,3.993,-3.188,0.649
2002-12-12 10:00:00,7.072,4.089,-2.102,3.014
2002-12-12 11:00:00,7.225,5.009,-3.619,-0.819
2002-12-12 12:00:00,7.166,5.144,-3.002,-2.658
2002-12-12 13:00:00,7.143,5.128,-4.56,-0.842
2002-12-12 14:00:00,7.132,6.025,-1.962,1.381
2002-12-12 15:00:00,7.238,3.656,-3.717,1.303
2002-12-12 16:00:00,7.168,3.559,-5.46,0.379
2002-12-12 17:00:00,7.076,2.589,-5.637,0.648
2002-12-12 18:00:00,6.678,3.426,-4.13,3.404
2002-12-12 19:00:00,6.076,2.704,-3.98,2.487
2002-12-12 20:00:00,6.029,3.158,-4.569,-0.326
2002-12-12 21:00:00,6.094,4.249,-3.549,-2.087
2002-12-12 22:00:00,6.271,4.464,-3.612,-1.872
2002-12-12 23:00:00,6.503,3.871,-4.155,-1.61
2002-12-13 00:00:00,6.361,3.703,-4.094,-2.705
2002-12-13 01:00:00,6.325,3.294,-4.458,-1.823
2002-12-13 02:00:00,6.213,3.696,-4.455,-1.038
2002-12-13 03:00:00,6.431,3.743,-4.294,-1.555
2002-12-13 04:00:00,6.46,5.051,-3.771,-0.03
2002-12-13 05:00:00,6.615,5.448,-3.143,1.215
2002-12-13 06:00:00,6.869,5.085,-4.334,1.165
2002-12-13 07:00:00,6.994,4.534,-5.21,0.066
2002-12-13 08:00:00,7.004,5.642,-3.236,2.235
2002-12-13 09:00:00,6.125,4.351,0.498,3.927
2002-12-13 10:00:00,5.688,4.565,-2.365,1.439
2002-12-13 11:00:00,6.236,4.365,-1.859,3.02
2002-12-13 12:00:00,6.724,3.726,-4.54,0.935
2002-12-13 13:00:00,6.931,2.609,-5.23,0.296
2002-12-13 14:00:00,7.115,2.415,-5.944,1.041
2002-12-13 15:00:00,7.368,2.916,-5.293,2.732
2002-12-13 16:00:00,7.338,3.992,-4.895,2.217
2002-12-13 17:00:00,7.222,4.725,-3.356,2.838
2002-12-13 18:00:00,7.59,2.543,-5.403,2.288
2002-12-13 19:00:00,7.785,4.992,-4.373,-0.811
2002-12-13 20:00:00,9.038,4.336,-7.252,-1.358
2002-12-13 21:00:00,9.054,4.648,-6.546,-1.386
2002-12-13 22:00:00,9.397,4.013,-7.602,-2.654
2002-12-13 23:00:00,9.225,5.106,-6.731,-2.089
2002-12-14 00:00:00,9.64,3.954,-6.367,-4.061
2002-12-14 01:00:00,10.14,3.344,-8.385,-3.798
2002-12-14 02:00:00,10.234,3.298,-8.309,-2.734
2002-12-14 03:00:00,10.322,6.244,-6.602,-0.224
2002-12-14 04:00:00,10.94,5.375,-8.41,-3.921
2002-12-14 05:00:00,10.606,5.57,-7.672,0.065
2002-12-14 06:00:00,10.738,4.93,1.423,7.137
2002-12-14 07:00:00,11.224,5.826,-7.236,0.111
2002-12-14 08:00:00,13.371,4.526,-11.69,-0.307
2002-12-14 09:00:00,13.015,5.229,-9.987,-2.179
2002-12-14 10:00:00,12.667,5.782,-8.947,-0.842
2002-12-14 11:00:00,12.775,6.51,-6.682,1.794
2002-12-14 12:00:00,12.93,8.883,-4.05,4.708
2002-12-14 13:00:00,13.035,8.027,-7.631,-0.318
2002-12-14 14:00:00,12.419,6.582,-6.591,-4.984
2002-12-14 15:00:00,12.141,8.668,-6.828,-3.646
2002-12-14 16:00:00,13.883,8.035,-7.457,-7.049
2002-12-14 17:00:00,14.707,9.443,-9.637,-3.358
2002-12-14 18:00:00,13.897,9.702,-9.352,0.016
2002-12-14 19:00:00,12.723,6.961,-9.174,-3.384
2002-12-14 20:00:00,11.766,3.324,-9.808,0.943
2002-12-14 21:00:00,11.498,4.159,-8.027,-2.009
2002-12-14 22:00:00,11.864,4.588,-9.439,-3.406
2002-12-14 23:00:00,13.144,6.703,-9.622,-5.25
2002-12-15 00:00:00,12.375,7.273,-8.269,-3.279
2002-12-15 01:00:00,11.982,5.461,-9.95,-0.262
2002-12-15 02:00:00,12.02,6.742,-9.757,0.115
2002-12-15 03:00:00,11.771,6.301,-9.583,-1.079
2002-12-15 04:00:00,11.713,5.767,-9.528,-1.304
2002-12-15 05:00:00,11.009,3.77,-9.033,-0.15
2002-12-15 06:00:00,10.905,5.91,-8.168,0.85
2002-12-15 07:00:00,10.64,6.216,-8.023,1.979
2002-12-15 08:00:00,10.239,6.047,-7.762,0.666
2002-12-15 09:00:00,9.343,5.847,-5.488,2.68
2002-12-15 10:00:00,7.753,3.097,-3.542,3.067
2002-12-15 11:00:00,7.499,2.859,-5.807,0.234
2002-12-15 12:00:00,7.097,4.399,-3.048,1.157
2002-12-15 13:00:00,7.187,3.796,-5.562,0.124
2002-12-15 14:00:00,7.139,4.052,-5.553,0.646
2002-12-15 15:00:00,7.0,2.594,-4.964,1.916
2002-12-15 16:00:00,6.974,2.817,-4.49,3.007
2002-12-15 17:00:00,6.897,4.174,-5.138,0.334
2002-12-15 18:00:00,6.688,3.192,-5.09,0.027
2002-12-15 19:00:00,6.587,0.094,-4.86,2.19
2002-12-15 20:00:00,6.351,2.701,-4.247,1.99
2002-12-15 21:00:00,6.451,3.57,-2.607,-0.59
2002-12-15 22:00:00,6.598,3.861,-4.297,-0.555
2002-12-15 23:00:00,6.574,0.43,-5.597,0.218
2002-12-16 00:00:00,6.323,1.777,-3.527,2.972
2002-12-16 01:00:00,6.239,2.277,-2.382,3.866
2002-12-16 02:00:00,6.704,4.892,-1.82,2.233
2002-12-16 03:00:00,6.543,4.72,-3.484,0.153
2002-12-16 04:00:00,6.71,4.02,-4.447,0.218
2002-12-16 05:00:00,6.741,5.384,-3.025,-0.169
2002-12-16 06:00:00,6.755,5.029,-2.851,1.401
2002-12-16 07:00:00,6.785,4.869,-0.624,3.469
2002-12-16 08:00:00,6.549,4.107,-1.108,2.99
2002-12-16 09:00:00,6.765,3.617,-2.238,1.603
2002-12-16 10:00:00,6.919,6.255,-0.218,0.837
2002-12-16 11:00:00,6.93,4.479,-1.93,0.192
2002-12-16 12:00:00,6.863,3.298,-3.756,2.403
2002-12-16 13:00:00,7.003,3.874,-1.524,3.289
2002-12-16 14:00:00,7.142,3.088,-4.46,2.083
2002-12-16 15:00:00,7.18,2.149,-5.489,2.628
2002-12-16 16:00:00,6.778,4.348,-0.805,3.928
2002-12-16 17:00:00,6.839,4.278,-1.758,3.402
2002-12-16 18:00:00,7.264,2.027,-6.354,2.294
2002-12-16 19:00:00,7.436,4.487,-4.115,2.88
2002-12-16 20:00:00,7.554,5.443,-4.359,-0.686
2002-12-16 21:00:00,7.317,4.072,-4.259,1.782
2002-12-16 22:00:00,7.092,3.853,-4.449,2.237
2002-12-16 23:00:00,6.843,3.193,-2.649,2.6
2002-12-17 00:00:00,6.551,0.851,-3.736,3.396
2002-12-17 01:00:00,6.647,3.142,-2.466,2.452
2002-12-17 02:00:00,6.552,4.236,-1.594,3.029
2002-12-17 03:00:00,6.954,2.9,-5.593,1.988
2002-12-17 04:00:00,6.869,2.363,-5.167,2.863
2002-12-17 05:00:00,6.824,4.67,-3.692,2.139
2002-12-17 06:00:00,6.862,3.87,-4.165,2.892
2002-12-17 07:00:00,6.865,3.446,-4.187,3.299
2002-12-17 08:00:00,7.102,-0.468,-6.157,2.844
2002-12-17 09:00:00,7.097,1.253,-6.006,3.275
2002-12-17 10:00:00,7.435,3.538,-5.16,3.577
2002-12-17 11:00:00,7.704,2.66,-6.182,2.855
2002-12-17 12:00:00,8.013,2.693,-6.091,3.907
2002-12-17 13:00:00,7.939,1.309,-7.135,2.624
2002-12-17 14:00:00,7.811,1.642,-7.269,1.624
2002-12-17 15:00:00,8.294,2.26,-7.32,2.624
2002-12-17 16:00:00,8.217,1.918,-7.645,1.524
2002-12-17 17:00:00,8.319,2.299,-7.761,1.726
2002-12-17 18:00:00,8.719,2.521,-8.149,1.687
2002-12-17 19:00:00,8.7,3.131,-7.626,2.305
2002-12-17 20:00:00,8.711,3.585,-6.015,4.889
2002-12-17 21:00:00,9.01,4.118,-4.319,6.688
2002-12-17 22:00:00,9.258,4.031,-5.344,5.729
2002-12-17 23:00:00,9.906,5.02,-3.908,7.356
2002-12-18 00:00:00,10.26,4.097,0.574,9.202
2002-12-18 01:00:00,9.353,2.924,4.14,7.544
2002-12-18 02:00:00,10.771,4.595,-1.284,9.537
2002-12-18 03:00:00,10.865,4.239,-0.906,9.856
2002-12-18 04:00:00,10.633,3.956,-1.285,9.353
2002-12-18 05:00:00,11.27,5.172,-0.968,9.782
2002-12-18 06:00:00,11.316,6.305,-1.507,9.202
2002-12-18 07:00:00,11.411,5.451,-3.11,9.393
2002-12-18 08:00:00,12.694,8.273,-1.704,9.367
2002-12-18 09:00:00,12.17,8.022,0.168,9.115
2002-12-18 10:00:00,12.616,9.696,1.474,7.637
2002-12-18 11:00:00,12.741,10.691,4.394,5.209
2002-12-18 12:00:00,12.793,9.289,7.0,4.412
2002-12-18 13:00:00,14.325,9.265,-4.607,9.097
2002-12-18 14:00:00,14.208,9.692,-4.379,8.702
2002-12-18 15:00:00,13.795,10.43,-0.303,8.884
2002-12-18 16:00:00,14.584,10.802,-0.912,9.703
2002-12-18 17:00:00,15.083,10.433,-2.286,10.464
2002-12-18 18:00:00,15.253,11.097,-4.159,9.391
2002-12-18 19:00:00,15.28,8.65,-2.11,9.085
2002-12-18 20:00:00,15.516,4.336,9.874,10.773
2002-12-18 21:00:00,15.224,8.942,6.714,10.247
2002-12-18 22:00:00,15.766,4.152,8.757,11.85
2002-12-18 23:00:00,15.217,8.942,3.393,8.385
2002-12-19 00:00:00,17.129,15.779,-3.612,0.369
2002-12-19 01:00:00,18.769,11.531,5.427,3.929
2002-12-19 02:00:00,20.449,0.779,18.4,8.299
2002-12-19 03:00:00,18.359,3.512,11.432,12.795
2002-12-19 04:00:00,16.316,9.43,-6.429,-2.846
2002-12-19 05:00:00,20.622,10.627,10.46,11.136
2002-12-19 06:00:00,12.367,0.469,3.467,-4.917
2002-12-19 07:00:00,14.656,-6.776,2.21,-11.483
2002-12-19 08:00:00,15.378,-1.426,9.277,-0.634
2002-12-19 09:00:00,16.18,-6.3,14.26,-0.474
2002-12-19 10:00:00,16.144,-2.707,15.239,-1.625
2002-12-19 11:00:00,21.246,-5.563,19.837,1.785
2002-12-19 12:00:00,17.971,-7.595,13.829,-6.699
2002-12-19 13:00:00,14.58,-6.114,4.784,-8.189
2002-12-19 14:00:00,15.339,-8.272,9.374,-6.543
2002-12-19 15:00:00,14.666,-6.684,8.643,-8.05
2002-12-19 16:00:00,12.796,-6.676,7.053,-6.564
2002-12-19 17:00:00,12.266,-6.046,6.949,-4.106
2002-12-19 18:00:00,10.532,-3.447,7.425,0.415
2002-12-19 19:00:00,6.369,-2.433,4.687,1.295
2002-12-19 20:00:00,6.298,-1.542,1.08,5.349
2002-12-19 21:00:00,6.336,-1.088,4.653,3.155
2002-12-19 22:00:00,6.379,-1.339,5.244,0.383
2002-12-19 23:00:00,6.806,-2.464,3.865,1.738
2002-12-20 00:00:00,6.633,-4.439,1.279,4.32
2002-12-20 01:00:00,6.236,-1.304,4.009,-0.936
2002-12-20 02:00:00,6.865,3.352,4.139,-3.851
2002-12-20 03:00:00,6.728,3.854,3.002,-4.034
2002-12-20 04:00:00,5.464,-1.827,1.536,1.868
2002-12-20 05:00:00,4.777,-2.678,-0.634,2.706
2002-12-20 06:00:00,5.277,-4.02,0.828,2.083
2002-12-20 07:00:00,4.471,-2.11,1.154,0.969
2002-12-20 08:00:00,5.158,-2.147,3.46,0.482
2002-12-20 09:00:00,4.822,-1.809,2.115,2.716
2002-12-20 10:00:00,4.678,-3.366,0.638,0.763
2002-12-20 11:00:00,4.951,-3.912,1.651,-0.987
2002-12-20 12:00:00,4.193,-1.044,1.879,-2.023
2002-12-20 13:00:00,4.206,0.549,0.883,-2.443
2002-12-20 14:00:00,4.118,0.495,2.064,-1.418
2002-12-20 15:00:00,4.043,1.167,3.208,-0.599
2002-12-20 16:00:00,4.648,0.368,1.495,-2.612
2002-12-20 17:00:00,6.6,2.983,4.638,-1.713
2002-12-20 18:00:00,7.953,-1.535,-2.274,-6.375
2002-12-20 19:00:00,8.348,2.248,7.388,-0.904
2002-12-20 20:00:00,9.314,3.717,7.138,-2.354
2002-12-20 21:00:00,8.945,2.826,5.052,-6.298
2002-12-20 22:00:00,9.981,3.676,7.163,-5.429
2002-12-20 23:00:00,10.16,4.78,6.147,-6.382
2002-12-21 00:00:00,10.232,3.881,3.625,-8.274
2002-12-21 01:00:00,10.273,4.314,5.498,-6.987
2002-12-21 02:00:00,9.976,2.702,2.783,-8.735
2002-12-21 03:00:00,7.734,-3.47,-1.336,-2.143
2002-12-21 04:00:00,6.11,-2.914,-2.482,3.986
2002-12-21 05:00:00,4.308,-2.573,-1.85,0.984
2002-12-21 06:00:00,6.29,-3.879,1.924,4.284
2002-12-21 07:00:00,6.7,-5.715,0.396,3.064
2002-12-21 08:00:00,7.844,-7.55,0.974,1.631
2002-12-21 09:00:00,7.595,-7.397,-1.19,1.093
2002-12-21 10:00:00,7.705,-7.373,-2.114,-0.139
2002-12-21 11:00:00,7.817,-7.508,-2.083,-0.313
2002-12-21 12:00:00,7.38,-6.711,-2.643,-1.338
2002-12-21 13:00:00,7.306,-6.401,-3.162,-1.308
2002-12-21 14:00:00,7.57,-6.726,-3.389,-0.606
2002-12-21 15:00:00,7.916,-6.717,-3.961,-0.895
2002-12-21 16:00:00,8.286,-6.907,-4.459,-0.886
2002-12-21 17:00:00,8.326,-6.909,-4.398,-1.409
2002-12-21 18:00:00,8.319,-7.097,-4.206,-0.929
2002-12-21 19:00:00,8.214,-7.029,-3.995,-1.42
2002-12-21 20:00:00,8.078,-7.164,-3.372,-1.547
2002-12-21 21:00:00,8.165,-6.787,-3.847,-2.327
2002-12-21 22:00:00,8.332,-6.664,-4.05,-2.811
2002-12-21 23:00:00,7.853,-6.545,-4.127,-0.462
2002-12-22 00:00:00,7.968,-6.163,-4.478,-1.606
2002-12-22 01:00:00,8.293,-6.427,-5.182,-0.263
2002-12-22 02:00:00,8.418,-5.333,-6.436,-0.285
2002-12-22 03:00:00,8.81,-4.162,-7.694,0.413
2002-12-22 04:00:00,9.3,-3.787,-8.179,-1.425
2002-12-22 05:00:00,9.138,-4.506,-7.604,-2.233
2002-12-22 06:00:00,8.981,-3.494,-7.672,-2.867
2002-12-22 07:00:00,8.108,-4.231,-6.077,-0.021
2002-12-22 08:00:00,8.303,-7.66,-1.322,2.357
2002-12-22 09:00:00,9.718,-6.059,6.03,3.79
2002-12-22 10:00:00,14.022,-8.344,9.49,5.227
2002-12-22 11:00:00,15.195,-9.458,10.416,4.919
2002-12-22 12:00:00,19.792,-12.884,10.423,8.509
2002-12-22 13:00:00,19.803,-12.142,-1.989,13.655
2002-12-22 14:00:00,19.862,-9.784,-0.802,17.126
2002-12-22 15:00:00,19.117,-11.128,-5.202,14.519
2002-12-22 16:00:00,14.606,-7.849,-4.945,11.038
2002-12-22 17:00:00,17.215,-10.483,0.33,12.915
2002-12-22 18:00:00,15.618,-2.126,9.957,5.434
2002-12-22 19:00:00,11.059,-4.138,-6.86,4.296
2002-12-22 20:00:00,12.846,-3.711,-11.403,0.885
2002-12-22 21:00:00,15.122,-13.317,-4.178,0.121
2002-12-22 22:00:00,15.23,-14.01,5.251,1.448
2002-12-22 23:00:00,14.041,-9.953,9.534,1.811
2002-12-23 00:00:00,13.486,-9.013,9.709,0.538
2002-12-23 01:00:00,14.211,-7.32,11.723,-0.531
2002-12-23 02:00:00,14.348,-4.48,12.927,3.027
2002-12-23 03:00:00,13.163,-4.586,11.458,2.984
2002-12-23 04:00:00,12.626,-1.187,10.628,-4.003
2002-12-23 05:00:00,12.885,-2.935,11.044,-4.023
2002-12-23 06:00:00,12.929,-1.4,10.51,-5.376
2002-12-23 07:00:00,9.867,-4.437,6.601,-4.772
2002-12-23 08:00:00,9.671,-2.81,7.047,-5.596
2002-12-23 09:00:00,9.54,-1.958,6.09,-6.749
2002-12-23 10:00:00,6.928,-3.361,2.744,-1.893
2002-12-23 11:00:00,7.383,-4.988,4.351,-0.302
2002-12-23 12:00:00,7.169,-2.315,-3.46,3.909
2002-12-23 13:00:00,7.388,-0.534,1.066,5.274
2002-12-23 14:00:00,8.273,-0.076,-0.217,5.817
2002-12-23 15:00:00,7.71,0.024,4.016,3.38
2002-12-23 16:00:00,8.829,-0.135,7.705,-3.149
2002-12-23 17:00:00,8.216,-2.376,4.913,0.879
2002-12-23 18:00:00,8.758,-0.78,7.573,-0.399
2002-12-23 19:00:00,9.378,-1.22,5.945,-2.376
2002-12-23 20:00:00,10.569,-2.806,3.764,5.401
2002-12-23 21:00:00,9.461,-0.305,6.989,-5.374
2002-12-23 22:00:00,8.523,-4.106,4.921,-2.032
2002-12-23 23:00:00,7.812,-3.835,4.09,2.556
2002-12-24 00:00:00,7.813,0.444,5.823,3.331
2002-12-24 01:00:00,7.411,-1.749,4.959,4.137
2002-12-24 02:00:00,6.916,-3.016,2.17,4.336
2002-12-24 03:00:00,6.705,-3.614,-1.88,3.53
2002-12-24 04:00:00,6.576,-1.859,-3.531,2.929
2002-12-24 05:00:00,5.834,-4.588,-1.456,-1.381
2002-12-24 06:00:00,5.801,-5.496,-0.6,0.142
2002-12-24 07:00:00,5.8,-3.331,1.708,-3.443
2002-12-24 08:00:00,5.694,-4.34,0.175,-0.801
2002-12-24 09:00:00,5.6,-4.787,1.037,-0.881
2002-12-24 10:00:00,5.867,-4.941,-0.494,-2.483
2002-12-24 11:00:00,5.975,-3.766,1.782,-1.365
2002-12-24 12:00:00,6.233,-4.125,2.524,-1.541
2002-12-24 13:00:00,9.115,-7.042,3.215,-2.392
2002-12-24 14:00:00,7.928,-2.568,0.995,-3.748
2002-12-24 15:00:00,7.83,-2.47,1.621,-3.72
2002-12-24 16:00:00,7.496,-4.848,2.822,0.573
2002-12-24 17:00:00,7.515,-7.051,0.236,0.453
2002-12-24 18:00:00,7.589,-4.976,0.612,-3.199
2002-12-24 19:00:00,7.914,-1.806,3.742,-2.309
2002-12-24 20:00:00,8.542,-0.706,3.232,0.211
2002-12-24 21:00:00,7.873,-2.192,0.295,7.211
2002-12-24 22:00:00,7.432,-3.646,-4.678,2.949
2002-12-24 23:00:00,7.273,-5.178,-1.143,2.416
2002-12-25 00:00:00,7.761,-5.321,3.894,-1.635
2002-12-25 01:00:00,7.446,-5.689,1.426,1.016
2002-12-25 02:00:00,7.571,-4.941,1.797,4.397
2002-12-25 03:00:00,7.505,-4.386,2.992,3.79
2002-12-25 04:00:00,7.831,-3.229,6.029,1.888
2002-12-25 05:00:00,7.838,-2.419,6.479,2.057
2002-12-25 06:00:00,7.986,-3.486,5.942,1.062
2002-12-25 07:00:00,8.288,-0.955,8.108,0.412
2002-12-25 08:00:00,8.109,-3.034,6.948,0.936
2002-12-25 09:00:00,8.055,-2.831,6.63,2.383
2002-12-25 10:00:00,7.205,-3.778,3.739,-0.761
2002-12-25 11:00:00,7.065,-4.933,3.762,-1.895
2002-12-25 12:00:00,6.887,-4.089,3.038,-3.362
2002-12-25 13:00:00,6.928,-3.936,4.152,-1.417
2002-12-25 14:00:00,7.013,-3.3,5.706,-1.202
2002-12-25 15:00:00,7.429,-2.016,6.299,-1.213
2002-12-25 16:00:00,7.574,-1.546,6.445,2.274
2002-12-25 17:00:00,6.94,-4.766,3.412,-2.339
2002-12-25 18:00:00,7.21,-5.567,4.019,-2.103
2002-12-25 19:00:00,7.171,-4.987,4.924,-1.299
2002-12-25 20:00:00,5.964,-2.905,3.928,2.115
2002-12-25 21:00:00,5.017,-4.265,2.12,-1.021
2002-12-25 22:00:00,4.777,-4.28,1.856,0.343
2002-12-25 23:00:00,5.159,-4.209,1.871,1.156
2002-12-26 00:00:00,4.928,-2.617,0.62,1.657
2002-12-26 01:00:00,5.203,-3.712,1.965,1.458
2002-12-26 02:00:00,5.965,-3.576,4.345,-0.969
2002-12-26 03:00:00,6.124,-4.74,3.141,-2.05
2002-12-26 04:00:00,6.323,-5.215,2.752,-2.219
2002-12-26 05:00:00,6.601,-4.642,3.227,-0.789
2002-12-26 06:00:00,7.018,-3.252,4.4,1.775
2002-12-26 07:00:00,8.024,-3.477,4.76,-3.04
2002-12-26 08:00:00,8.028,-4.563,3.281,-5.452
2002-12-26 09:00:00,8.878,-4.105,3.321,-6.849
2002-12-26 10:00:00,10.062,-5.81,6.448,-4.61
2002-12-26 11:00:00,11.033,-6.959,7.925,-2.29
2002-12-26 12:00:00,11.251,-9.022,2.669,-5.375
2002-12-26 13:00:00,10.615,-9.16,1.584,-4.764
2002-12-26 14:00:00,10.726,-10.053,2.05,-1.785
2002-12-26 15:00:00,9.754,-8.689,0.606,-2.773
2002-12-26 16:00:00,8.702,-7.779,0.876,-0.557
2002-12-26 17:00:00,9.529,-0.52,-0.375,6.711
2002-12-26 18:00:00,11.192,0.551,4.859,7.676
2002-12-26 19:00:00,12.794,0.963,4.111,11.03
2002-12-26 20:00:00,13.786,-5.166,10.298,5.657
2002-12-26 21:00:00,15.588,-9.637,4.164,-9.322
2002-12-26 22:00:00,15.415,-10.235,8.053,3.65
2002-12-26 23:00:00,16.497,-6.108,8.485,-6.735
2002-12-27 00:00:00,11.708,-6.207,3.889,0.738
2002-12-27 01:00:00,10.653,-8.153,4.826,0.632
2002-12-27 02:00:00,14.868,-10.696,4.081,-8.52
2002-12-27 03:00:00,14.755,-10.905,5.492,0.58
2002-12-27 04:00:00,12.965,-4.695,6.094,0.826
2002-12-27 05:00:00,11.173,-6.295,3.985,2.264
2002-12-27 06:00:00,11.961,-7.214,4.702,2.804
2002-12-27 07:00:00,12.579,-6.397,6.096,-2.798
2002-12-27 08:00:00,10.095,-8.035,1.749,-2.082
2002-12-27 09:00:00,11.131,-6.865,4.926,-2.695
2002-12-27 10:00:00,11.261,-7.208,6.043,-0.775
2002-12-27 11:00:00,9.434,-5.706,3.339,-2.543
2002-12-27 12:00:00,7.672,-3.367,-0.025,2.167
2002-12-27 13:00:00,7.049,-2.301,3.152,0.727
2002-12-27 14:00:00,6.691,-5.293,2.196,-0.278
2002-12-27 15:00:00,6.845,-5.031,0.548,-1.858
2002-12-27 16:00:00,6.635,-4.421,0.549,2.234
2002-12-27 17:00:00,6.451,-3.849,3.426,1.036
2002-12-27 18:00:00,6.489,-4.383,2.539,-0.959
2002-12-27 19:00:00,6.951,-2.44,4.742,1.959
2002-12-27 20:00:00,7.062,-4.186,4.075,0.874
2002-12-27 21:00:00,7.133,-5.446,3.695,0.549
2002-12-27 22:00:00,6.984,-4.117,4.687,0.526
2002-12-27 23:00:00,6.651,-5.293,2.786,1.383
2002-12-28 00:00:00,6.271,-4.097,3.882,-0.266
2002-12-28 01:00:00,6.568,-5.232,3.23,-0.25
2002-12-28 02:00:00,6.698,-4.672,4.036,-1.021
2002-12-28 03:00:00,6.589,-5.266,2.691,-0.178
2002-12-28 04:00:00,5.919,-4.735,1.516,0.154
2002-12-28 05:00:00,5.589,-3.292,2.637,1.859
2002-12-28 06:00:00,5.377,-3.547,0.725,-1.373
2002-12-28 07:00:00,5.623,-2.215,3.133,-1.826
2002-12-28 08:00:00,5.4,-4.316,0.008,-1.214
2002-12-28 09:00:00,5.671,-3.205,3.419,-1.887
2002-12-28 10:00:00,5.404,-4.564,0.647,-1.417
2002-12-28 11:00:00,6.064,-5.243,-1.05,0.537
2002-12-28 12:00:00,5.771,-5.364,-0.811,0.473
2002-12-28 13:00:00,6.17,-6.072,0.065,0.342
2002-12-28 14:00:00,6.171,-5.962,0.724,0.622
2002-12-28 15:00:00,6.149,-5.818,1.18,0.535
2002-12-28 16:00:00,6.391,-5.534,0.63,-1.7
2002-12-28 17:00:00,6.265,-2.688,2.136,3.567
2002-12-28 18:00:00,6.308,-2.814,3.505,3.403
2002-12-28 19:00:00,6.447,-2.506,3.235,3.619
2002-12-28 20:00:00,6.281,-2.468,4.535,2.698
2002-12-28 21:00:00,5.903,-1.388,4.84,1.418
2002-12-28 22:00:00,5.821,-2.726,2.928,1.184
2002-12-28 23:00:00,5.351,-1.378,4.256,1.477
2002-12-29 00:00:00,5.348,0.507,4.394,0.147
2002-12-29 01:00:00,5.133,0.142,2.876,1.674
2002-12-29 02:00:00,4.381,-2.926,0.072,2.1
2002-12-29 03:00:00,5.154,-3.4,2.775,1.991
2002-12-29 04:00:00,5.11,1.26,3.675,1.066
2002-12-29 05:00:00,4.687,-3.579,0.411,1.516
2002-12-29 06:00:00,4.474,-2.282,1.22,-2.124
2002-12-29 07:00:00,4.008,1.41,2.035,-0.287
2002-12-29 08:00:00,3.574,-1.378,1.576,0.386
2002-12-29 09:00:00,4.075,-1.051,1.115,-0.871
2002-12-29 10:00:00,4.562,-2.928,1.931,0.259
2002-12-29 11:00:00,4.444,-1.472,1.293,-2.411
2002-12-29 12:00:00,3.702,-1.919,1.6,-0.64
2002-12-29 13:00:00,3.988,-3.357,-0.049,1.325
2002-12-29 14:00:00,3.977,-1.817,1.801,1.278
2002-12-29 15:00:00,4.362,-0.62,3.388,-2.151
2002-12-29 16:00:00,4.801,2.541,3.439,-1.979
2002-12-29 17:00:00,4.101,0.582,3.628,0.453
2002-12-29 18:00:00,3.78,1.286,3.118,0.702
2002-12-29 19:00:00,4.147,1.036,3.273,0.099
2002-12-29 20:00:00,4.262,-0.454,3.911,0.475
2002-12-29 21:00:00,4.726,2.681,3.28,0.402
2002-12-29 22:00:00,4.689,0.768,3.104,0.58
2002-12-29 23:00:00,4.471,-1.732,2.924,1.133
2002-12-30 00:00:00,5.208,0.681,4.742,1.217
2002-12-30 01:00:00,5.58,2.022,4.761,0.599
2002-12-30 02:00:00,5.224,2.975,3.834,1.109
2002-12-30 03:00:00,4.902,1.233,3.594,-0.011
2002-12-30 04:00:00,4.943,0.13,4.363,-0.373
2002-12-30 05:00:00,5.343,1.994,4.166,-0.372
2002-12-30 06:00:00,5.108,0.368,3.669,-0.94
2002-12-30 07:00:00,4.807,-2.59,1.853,-2.057
2002-12-30 08:00:00,4.364,-2.512,0.994,-1.14
2002-12-30 09:00:00,4.474,-0.453,3.349,0.504
2002-12-30 10:00:00,4.784,-1.759,2.747,-1.465
2002-12-30 11:00:00,5.196,-3.945,-2.783,0.635
2002-12-30 12:00:00,4.929,-4.19,0.531,0.663
2002-12-30 13:00:00,4.666,-2.672,3.109,-1.589
2002-12-30 14:00:00,4.317,-3.421,2.145,-0.606
2002-12-30 15:00:00,4.545,-3.522,-1.02,-1.442
2002-12-30 16:00:00,4.741,-3.466,1.755,-0.226
2002-12-30 17:00:00,4.603,-1.3,3.099,-0.122
2002-12-30 18:00:00,5.141,-1.438,2.597,-2.531
2002-12-30 19:00:00,5.534,3.561,3.78,-0.633
2002-12-30 20:00:00,5.019,-1.582,1.142,0.53
2002-12-30 21:00:00,4.357,-2.561,1.868,0.745
2002-12-30 22:00:00,4.147,-2.88,-0.403,-0.084
2002-12-30 23:00:00,4.867,-3.262,-1.752,-2.386
2002-12-31 00:00:00,4.8,-2.054,2.293,0.102
2002-12-31 01:00:00,4.429,-1.236,3.289,1.011
2002-12-31 02:00:00,4.383,-0.155,3.594,-0.759
2002-12-31 03:00:00,4.056,-1.154,1.896,0.066
2002-12-31 04:00:00,3.808,-2.019,2.307,1.32
2002-12-31 05:00:00,3.832,-0.61,2.477,-1.644
2002-12-31 06:00:00,3.743,-2.14,2.133,1.833
2002-12-31 07:00:00,3.676,-2.849,1.624,1.172
2002-12-31 08:00:00,3.483,-1.483,1.987,-1.098
2002-12-31 09:00:00,4.632,0.331,3.7,-2.195
2002-12-31 10:00:00,4.967,0.025,4.209,-1.605
2002-12-31 11:00:00,4.679,-1.646,3.331,0.69
2002-12-31 12:00:00,5.356,-4.383,-0.951,2.05
2002-12-31 13:00:00,5.296,-3.894,-1.098,3.249
2002-12-31 14:00:00,5.49,-4.991,-0.778,2.047
2002-12-31 15:00:00,5.559,-5.299,-1.023,1.192
2002-12-31 16:00:00,5.539,-5.015,-1.383,1.766
2002-12-31 17:00:00,5.827,-5.457,0.322,1.142
2002-12-31 18:00:00,6.032,-5.995,-0.134,0.192
2002-12-31 19:00:00,6.15,-5.98,1.172,-0.178
2002-12-31 20:00:00,6.296,-6.153,0.994,-0.143
2002-12-31 21:00:00,6.747,-6.132,2.488,0.94
2002-12-31 22:00:00,6.442,-5.701,2.492,1.452
2002-12-31 23:00:00,6.563,-4.925,2.842,2.877
2003-01-01 00:00:00,6.813,-1.592,6.217,1.921
