Timestamp,Observed_DST,Real_dDST_dt,Pred_DST_Equation,Pred_dDST_dt_Equation,Injection_Component,Decay_Component,Pred_DST_Equation_1,Pred_dDST_dt_Equation_1,Injection_Component_1,Decay_Component_1,Pred_DST_Equation_2,Pred_dDST_dt_Equation_2,Injection_Component_2,Decay_Component_2,Pred_DST_Equation_3,Pred_dDST_dt_Equation_3,Injection_Component_3,Decay_Component_3,Pred_DST_Equation_4,Pred_dDST_dt_Equation_4,Injection_Component_4,Decay_Component_4,Pred_DST_Equation_5,Pred_dDST_dt_Equation_5,Injection_Component_5,Decay_Component_5,Pred_DST_Equation_6,Pred_dDST_dt_Equation_6,Injection_Component_6,Decay_Component_6,Pred_DST_Equation_7,Pred_dDST_dt_Equation_7,Injection_Component_7,Decay_Component_7
2024-08-02 00:00:00,20.0,3.0,14.713592447895262,-0.2864075521047381,-0.9712277031454701,0.684820151040732,14.512626635100037,-0.4873733648999625,-1.8673072459124194,1.3799338810124568,14.55771467779405,-0.44228532220594996,-1.5903269507269822,1.1480416285210322,14.517513687837791,-0.4824863121622085,-1.7198240850276996,1.237337772865491,14.665327365915278,-0.33467263408472214,-1.2603254190991422,0.92565278501442,14.580531620590618,-0.41946837940938275,-1.5041584368832395,1.0846900574738567,14.544855523686001,-0.45514447631399846,-1.6162336737454785,1.16108919743148,14.713592447895262,-0.2864075521047381,-0.9712277031454701,0.684820151040732
2024-08-02 01:00:00,23.0,-2.0,14.450592667515842,-0.2629997803794203,-0.9556573653610576,0.6926575849816373,14.072797530917724,-0.43982910418231413,-1.8373713158807956,1.3975422116984815,14.155979164933168,-0.40173551286088083,-1.5648314590618673,1.1630959462009864,14.079187720944724,-0.43832596689306724,-1.6922525466058407,1.2539265797127734,14.379694773390648,-0.2856325925246296,-1.2215926668817834,0.9359600743571538,14.199106146866512,-0.3814254737241054,-1.4800443646963612,1.0986188909722558,14.130753365629651,-0.41410215805635064,-1.590322855759895,1.1762206977035443,14.450592667515842,-0.2629997803794203,-0.9556573653610576,0.6926575849816373
2024-08-02 02:00:00,21.0,0.0,13.88008750350087,-0.5705051640149714,-1.2703989132793603,0.6998937492643889,13.373477979870518,-0.6993195510472052,-2.1128481936929573,1.413528642645752,13.475997585654605,-0.6799815792785633,-1.8568366145109942,1.176855035232431,13.39560697245379,-0.6835807484909349,-1.9526735773799402,1.2690928288890053,13.780845363773029,-0.5988494096176187,-1.543651570379666,0.9448021607620474,13.534703492058357,-0.6644026548081559,-1.775764268754373,1.1113616139462172,13.472327673767605,-0.6584256918620455,-1.848498526681167,1.1900728348191216,13.88008750350087,-0.5705051640149714,-1.2703989132793603,0.6998937492643889
2024-08-02 03:00:00,21.0,2.0,13.651348143891992,-0.22873935960887903,-0.9444592141178269,0.7157198545089478,12.996770461407298,-0.3767075184632196,-1.8158414636230946,1.439133945159875,13.129830598066224,-0.34616698758838127,-1.5464951598987045,1.2003281723103232,13.01611075622661,-0.3794962162271798,-1.6724231593740735,1.2929269431468937,13.52972473755218,-0.2511206262208492,-1.2145958007923114,0.9634751745714623,13.205735458000051,-0.3289680340583059,-1.4627015792553684,1.1337335451970625,13.11290463103473,-0.3594230427328744,-1.5716878548590878,1.2122648121262134,13.651348143891992,-0.22873935960887903,-0.9444592141178269,0.7157198545089478
2024-08-02 04:00:00,23.0,-3.0,13.421798638443455,-0.22954950544853647,-0.9516643990811008,0.7221148936325643,12.62009831315564,-0.3766721482516575,-1.8296943366893048,1.4530221884376473,12.78390436112295,-0.3459262369432752,-1.5582932169299826,1.2123669799867074,12.637183237900393,-0.37892751832621596,-1.6851819085291744,1.3062543902029584,13.270047695515846,-0.25967704203633346,-1.2310369080236556,0.9713598659873222,12.876768232388823,-0.3289672256112277,-1.473860383433537,1.1448931578223094,12.753692049445906,-0.35921258158882496,-1.5836781044426749,1.22446552285385,13.421798638443455,-0.22954950544853647,-0.9516643990811008,0.7221148936325643
2024-08-02 05:00:00,20.0,2.0,13.219151003572257,-0.20264763487119808,-0.9312088120491433,0.7285611771779452,12.296708222333915,-0.323390090821726,-1.7903659013898792,1.4669758105681532,12.483563361323437,-0.30034099979951345,-1.5247984234387073,1.2244574236391939,12.307853586143864,-0.3293296517565296,-1.6489597011755284,1.3196300494189988,13.03923254511009,-0.2308151504057544,-1.2103621544393333,0.9795470040335789,12.590695195198684,-0.2860730371901399,-1.442180434729572,1.156107397539432,12.440774500062716,-0.3129175493831893,-1.5496376745103242,1.236720125127135,13.219151003572257,-0.20264763487119808,-0.9312088120491433,0.7285611771779452
2024-08-02 06:00:00,22.0,-7.0,13.02027727601329,-0.19887372755896715,-0.9331495275036474,0.7342757999446803,11.981619877159114,-0.31508834517480167,-1.794097170605855,1.4790088254310534,12.190590405015202,-0.2929729563082353,-1.5279762282737572,1.235003271965522,11.986767624657768,-0.32108596148609614,-1.6523962682854163,1.3313103067993202,12.803493586182514,-0.2357389589275769,-1.2225919810473949,0.986853022119818,12.311412975083543,-0.2792822201151408,-1.4451860569075927,1.165903836792452,12.135352346360314,-0.3054221537024022,-1.5528672463795876,1.2474450926771854,13.02027727601329,-0.19887372755896715,-0.9331495275036474,0.7342757999446803
2024-08-02 07:00:00,15.0,-6.0,12.824579674332382,-0.19569760168090888,-0.9356033056645149,0.739905703983606,11.673585223907466,-0.3080346532516476,-1.7988148673157098,1.4907802140640622,11.903930238422957,-0.28666016659224547,-1.5319941424330161,1.2453339758407707,11.672774006840855,-0.3139936178169116,-1.6567413531369988,1.3427477353200872,12.556502714264516,-0.2469908719179984,-1.241333785847013,0.9943429139290146,12.037934304676295,-0.2734786704072496,-1.4489862688568143,1.1755075984495647,11.836359548604566,-0.2989927977557487,-1.5569506131108402,1.2579578153550914,12.824579674332382,-0.19569760168090888,-0.9356033056645149,0.739905703983606
2024-08-02 08:00:00,9.0,0.0,12.626167127790204,-0.19841254654217833,-0.9438792301888944,0.7454666836467161,11.361192039477917,-0.31239318442954866,-1.8147263716734927,1.502333187243944,11.613868495050738,-0.29006174337221946,-1.5455454710974252,1.2554837277252058,11.355357705661175,-0.3174163011796798,-1.6713961393182446,1.3539798381385648,12.305004988038185,-0.25149772622633204,-1.253718402526176,1.002220676299844,11.761080921572287,-0.2768533831040074,-1.4618033473400978,1.1849499642360903,11.533928819509383,-0.30243072909518287,-1.5707226954498825,1.2682919663546997,12.626167127790204,-0.19841254654217833,-0.9438792301888944,0.7454666836467161
2024-08-02 09:00:00,9.0,2.0,12.439615330595293,-0.18655179719491144,-0.9376778635641572,0.7511260663692457,11.072483746900437,-0.28870829257748043,-1.8028034654431326,1.5140951728656522,11.344273237577255,-0.2695952574734839,-1.5353911062222076,1.2657958487487238,11.060324707727364,-0.2950329979338113,-1.660414924875155,1.3653819269413436,12.07120144377144,-0.23380354426674477,-1.244077667880632,1.0102741236138872,11.503429068363683,-0.2576518532086032,-1.4521991753229744,1.1945473221143712,11.252313854829026,-0.28161496468035674,-1.5604029140745355,1.2787879493941787,12.439615330595293,-0.18655179719491144,-0.9376778635641572,0.7511260663692457
2024-08-02 10:00:00,11.0,1.0,12.264114739631905,-0.17550059096338821,-0.9319672525715933,0.7564666616082051,10.805665821361588,-0.26681792553884875,-1.7918240985547436,1.5250061730158948,11.093651087669858,-0.25062214990739573,-1.5260403241788418,1.275418174271446,10.786044823144767,-0.27427988458259644,-1.6503027274023812,1.3760228428197847,11.851617681287786,-0.21958376248365252,-1.2373736376895716,1.0177898752059191,11.263587840973194,-0.23984122739048885,-1.4433550456956952,1.2035138183052063,10.990014450490156,-0.2622994043388702,-1.5508998060454389,1.2886004017065686,12.264114739631905,-0.17550059096338821,-0.9319672525715933,0.7564666616082051
2024-08-02 11:00:00,12.0,-7.0,11.748709978656505,-0.5154047609754002,-1.2769129154719516,0.7615081544965514,10.153119238340977,-0.6525465830206096,-2.1876712953307242,1.5351247123101146,10.432100251688084,-0.6615508359817743,-1.94594683154664,1.2843959955648656,10.146572113303467,-0.6394727098412996,-2.0254250163789576,1.385952306537658,11.293129498292354,-0.5584881829954325,-1.5833620696810777,1.0248738866856453,10.607826580929082,-0.655761260044113,-1.86765188026757,1.211890620223457,10.365081200062368,-0.624933250427788,-1.9227068153638391,1.2977735649360511,11.748709978656505,-0.5154047609754002,-1.2769129154719516,0.7615081544965514
2024-08-02 12:00:00,5.0,-3.0,11.335053387643168,-0.4136565910133376,-1.1900672383865156,0.776410647373178,9.659764032443674,-0.49335520589730364,-2.053367422912073,1.5600122170147694,9.921019274980127,-0.5110809767079563,-1.8193263915708668,1.3082454148629106,9.655471186957707,-0.4911009263457611,-1.9003420178596742,1.409241091513913,10.854974556103732,-0.4381549421886217,-1.4811569710428727,1.043002028854251,10.098873721089195,-0.508952859839888,-1.743895194431103,1.234942334591215,9.882590619660053,-0.48249058040231585,-1.8022504764092424,1.3197598960069266,11.335053387643168,-0.4136565910133376,-1.1900672383865156,0.776410647373178
2024-08-02 13:00:00,2.0,-2.0,9.976060604183955,-1.3589927834592135,-2.147468421912136,0.7884756384529223,8.141628649750933,-1.5181353826927413,-3.0970965416319176,1.5789611589391763,8.30525215397446,-1.615767121005668,-2.942587616745138,1.32682049573947,8.168912703869877,-1.4865584830878296,-2.91381657748871,1.4272580944008804,9.475206957108162,-1.3797675989955702,-2.437103085778837,1.0573354867832667,8.47350881262948,-1.6253649084597142,-2.878347948265902,1.2529830398061879,8.412224087945033,-1.4703665317150203,-2.8072276926421176,1.3368611609270973,9.976060604183955,-1.3589927834592135,-2.147468421912136,0.7884756384529223
2024-08-02 14:00:00,0.0,1.0,8.273655930632307,-1.7024046735516478,-2.5311724237506255,0.8287677501989776,6.30419365081581,-1.837434998935123,-3.4754227509098237,1.6379877519747006,6.32982316233845,-1.975428991636009,-3.3618353992974157,1.3864064076614067,6.3562060315442634,-1.8127066723256136,-3.295199594334488,1.4824929220088745,7.765141845829951,-1.7100651112782108,-2.813176254705512,1.1031111434273013,6.479595891160275,-1.9939129214692055,-3.3053857945200518,1.3114728730508463,6.615270182760347,-1.796953905184686,-3.1866092594115507,1.3896553542268648,8.273655930632307,-1.7024046735516478,-2.5311724237506255,0.8287677501989776
2024-08-02 15:00:00,1.0,3.0,8.075429858335555,-0.19822607229675238,-1.0788841952667663,0.8806581229700139,6.1162236944333,-0.1879699563825099,-1.8988478061614054,1.7108778497788955,6.12428375794196,-0.20553940439649088,-1.6665733990582372,1.4610339946617463,6.152306492389125,-0.20389953915513837,-1.7551646351085977,1.5512650959534593,7.570454305811825,-0.1946875400181256,-1.355878515510554,1.1611909754924283,6.27172301939331,-0.20787287176696512,-1.5929203162330152,1.38504744446605,6.4099390159736185,-0.20533116678672836,-1.6608951866481383,1.45556401986141,8.075429858335555,-0.19822607229675238,-1.0788841952667663,0.8806581229700139
2024-08-02 16:00:00,4.0,2.0,8.080902249601344,0.005472391265788912,-0.8813301941609679,0.8868025854267568,6.140179683313402,0.02395598888010264,-1.6944679937241043,1.718423982604207,6.1500697757137965,0.025786017771836534,-1.4431251865286832,1.4689112043005197,6.150768900531627,-0.001537591857498466,-1.560635976374271,1.5590983845167725,7.572688437005391,0.002234131193565414,-1.165663591957066,1.1678977231506313,6.299623972603234,0.027900953209924584,-1.3649324900163051,1.3928334432262297,6.406497414494218,-0.0034416014794005356,-1.4666339653186824,1.4631923638392819,8.080902249601344,0.005472391265788912,-0.8813301941609679,0.8868025854267568
2024-08-02 17:00:00,6.0,3.0,8.086628559501722,0.005726309900378812,-0.8809063597513634,0.8866326696517423,6.163987900570863,0.023808217257460962,-1.6936531188378565,1.7174613360953175,6.175560396964707,0.025490621250910728,-1.442431183173902,1.4679218044248128,6.150040968543464,-0.000727931988163455,-1.5598854617180886,1.5591575297299252,7.568821384168444,-0.0038670528369468826,-1.171687703361721,1.1678206505247741,6.327135011718362,0.027511039115127423,-1.3642760897705306,1.391787128885658,6.403889152074741,-0.002608262419477869,-1.4659286565196479,1.46332039410017,8.086628559501722,0.005726309900378812,-0.8809063597513634,0.8866326696517423
2024-08-02 18:00:00,9.0,1.0,8.080800479138835,-0.005828080362886401,-0.8922829675881119,0.8864548872252255,6.164966719113851,0.0009788185429877583,-1.7155260763108195,1.7165048948538073,6.181444769108714,0.005884372144007166,-1.4610596942759202,1.4669440664199274,6.129195644272573,-0.020845324270890364,-1.58003085512088,1.5591855308499896,7.554036746235954,-0.01478463793249074,-1.182738694906896,1.1679540569744054,6.335995579126319,0.00886056740795782,-1.381895254262376,1.3907558216703337,6.382445949757021,-0.02144320231771979,-1.4848606295463642,1.4634174272286444,8.080800479138835,-0.005828080362886401,-0.8922829675881119,0.8864548872252255
2024-08-02 19:00:00,10.0,-2.0,8.100806476308215,0.020005997169378786,-0.8666298322699537,0.8866358294393325,6.215227596232404,0.05026087711855309,-1.6662047016168835,1.7164655787354366,6.229108948204554,0.047664179095839865,-1.4190542280654874,1.4667184071613273,6.15457816400422,0.025382519731646846,-1.5346049680361546,1.5599874877678015,7.580429062160876,0.026392315924922194,-1.14207185503259,1.168464170957512,6.384253560095966,0.048257980969647285,-1.3421657657023327,1.39042374667198,6.404490347015056,0.022044397258035087,-1.442170886446906,1.4642152837049411,8.100806476308215,0.020005997169378786,-0.8666298322699537,0.8866358294393325
2024-08-02 20:00:00,8.0,2.0,7.668491110028414,-0.4323153662798004,-1.3183301541638814,0.8860147878840811,5.796645339774419,-0.4185822564579851,-2.1330296161249853,1.7144473596670002,5.770623502383074,-0.45848544582147976,-1.9233766234049199,1.4648911775834401,5.733080487259954,-0.4214976767442651,-1.9805086808912324,1.5590110041469674,7.162908934652777,-0.4175201275080991,-1.5850737631135106,1.1675536356054115,5.91838317619269,-0.46587038390327584,-1.8544862213443458,1.38861583744107,5.982163736001302,-0.422326611013754,-1.8857216721761692,1.4633950611624151,7.668491110028414,-0.4323153662798004,-1.3183301541638814,0.8860147878840811
2024-08-02 21:00:00,10.0,2.0,7.104251373445754,-0.5642397365826601,-1.463723240421601,0.8994835038389408,5.1981144003938855,-0.5985309393805331,-2.3298226438376264,1.7312917044570932,5.1210808588882974,-0.6495426434947766,-2.132057295629979,1.4825146521352022,5.138609459999041,-0.5944710272609133,-2.1697369598508387,1.5752659325899254,6.602320044871005,-0.5605888897817717,-1.7425885803269858,1.1819996905452141,5.258048524665277,-0.6603346515274136,-2.066452716927451,1.4061180654000376,5.3884835666200015,-0.5936801693813001,-2.0728290262057945,1.4791488568244944,7.104251373445754,-0.5642397365826601,-1.463723240421601,0.8994835038389408
2024-08-02 22:00:00,12.0,2.0,7.116890418785715,0.012639045339960742,-0.904576095570746,0.9172151409107068,5.252318811530701,0.05420441113681562,-1.701316080412367,1.7555204915491827,5.167542904491819,0.04646204560352185,-1.461200420507484,1.5076624661110059,5.168578158621822,0.02996869862278073,-1.5683661199934997,1.5983348186162805,6.618344151350998,0.016024106479992417,-1.1855114593568759,1.2015355658368683,5.302961151909275,0.044912627243997916,-1.3862012603255285,1.4311138875695264,5.413177642810965,0.024694076190962866,-1.4767430925677967,1.5014371687587595,7.116890418785715,0.012639045339960742,-0.904576095570746,0.9172151409107068
2024-08-02 23:00:00,14.0,-1.0,7.154768843107303,0.03787842432158739,-0.8789376305644959,0.9168160548860833,5.3376803901938406,0.08536157866313943,-1.6679577621042674,1.7533193407674068,5.245756947069088,0.07821404257726838,-1.4276425670479442,1.5058566096252126,5.228710745336761,0.060132586714939595,-1.537035260742866,1.5971678474578055,6.661074144969941,0.04272999361894336,-1.1582449275320232,1.2009749211509666,5.379698539380209,0.07673738747093428,-1.3526694309240355,1.4294068183949697,5.467582040120233,0.054404397309267605,-1.4461023688673291,1.5005067661765967,7.154768843107303,0.03787842432158739,-0.8789376305644959,0.9168160548860833
2024-08-03 00:00:00,13.0,-4.0,7.2257097111164,0.07094086800909638,-0.8446796712672862,0.9156205392763825,5.4635333788927865,0.12585298869894612,-1.6240027601396374,1.7498557488385835,5.365463868896132,0.11970692182704346,-1.3831121595862998,1.5028190814133433,5.327802126317353,0.09909138098059289,-1.4957362090001811,1.594827589980774,6.737682253255206,0.07660810828526432,-1.1228724334455837,1.199480541730848,5.498019886652153,0.11832134727194354,-1.3081711424474782,1.4264924897194218,5.560396705805249,0.09281466568501595,-1.4056433149600658,1.4984579806450817,7.2257097111164,0.07094086800909638,-0.8446796712672862,0.9156205392763825
2024-08-03 01:00:00,9.0,-1.0,7.292963687967866,0.06725397685146628,-0.8461296310896168,0.9133836079410831,5.581498331386019,0.11796495249323291,-1.6267904900136425,1.7447554425068754,5.478153557491811,0.11268968859567874,-1.3854863815894982,1.498176070185177,5.420473233352492,0.09267110703513892,-1.4983037591397523,1.5909748661748913,6.809856811438826,0.07217455818362062,-1.1246291271115616,1.1968036852951822,5.609607879897957,0.11158799324580371,-1.3104167222356544,1.4220047154814581,5.647306446841449,0.08690974103620008,-1.4080562134830783,1.4949659545192784,7.292963687967866,0.06725397685146628,-0.8461296310896168,0.9133836079410831
2024-08-03 02:00:00,8.0,-3.0,5.437710653663963,-1.8552530343039029,-2.7665184934604214,0.9112654591565186,3.502531027075098,-2.078967304310921,-3.8189488688766455,1.7399815645657244,3.2032679556973096,-2.274885601794501,-3.768697398763214,1.4938117969687128,3.3407641921006643,-2.079709041251828,-3.667085023391111,1.5873759821392828,4.952552944068945,-1.8573038673698816,-3.0515883499612766,1.194284482591395,3.3079679212660027,-2.301639958631954,-3.719418765552652,1.4177788069206982,3.5793590294257607,-2.067947417415688,-3.559647203772983,1.491699786357295,5.437710653663963,-1.8552530343039029,-2.7665184934604214,0.9112654591565186
2024-08-03 03:00:00,5.0,-7.0,3.295495205570633,-2.14221544809333,-3.112813332299616,0.9705978842062858,1.2355036986091106,-2.2670273284659874,-4.0920998086824545,1.8250724802164673,0.7150418769137663,-2.4882260787835433,-4.071373068686161,1.5831469899026176,1.0569657765365834,-2.283798415564081,-3.952920380926405,1.669121965362324,2.8278000278076476,-2.124752916261297,-3.3847099634869178,1.259957047225621,0.7817977094676749,-2.526170211798328,-4.0323864579149955,1.5062162461166675,1.3066013795544738,-2.272757649871287,-3.843141907356593,1.5703842574853064,3.295495205570633,-2.14221544809333,-3.112813332299616,0.9705978842062858
2024-08-03 04:00:00,-2.0,4.0,3.541995539559221,0.24650033398858795,-0.7949348958242489,1.0414352298128369,1.6273172692466364,0.39181357063752587,-1.5283621813853092,1.920175752022835,1.0972145154631816,0.3821726385494153,-1.3016580816304173,1.6838307201798326,1.410570599308067,0.35360482277148364,-1.407649488827192,1.7612543115986756,3.1253426175127417,0.29754258970509406,-1.0396992774435936,1.3372418671486876,1.157027849693242,0.3752301402255671,-1.2311304820223508,1.6063606222479179,1.6429332936479577,0.33633191409348395,-1.3228623348628559,1.6591942489563398,3.541995539559221,0.24650033398858795,-0.7949348958242489,1.0414352298128369
2024-08-03 05:00:00,2.0,3.0,3.7794593091017,0.23746376954247916,-0.7956933363466988,1.033157105889178,2.001063158240868,0.37374588899423133,-1.5298203785501734,1.9035662675444047,1.4624792552182488,0.36526473975506724,-1.3028999823705516,1.6681647221256188,1.7484054380204448,0.33783483871237774,-1.4089925150540445,1.7468273537664223,3.4115228916748466,0.2861802741621049,-1.040100404328392,1.3262806784904968,1.516004412393374,0.358976562700132,-1.2323050929884736,1.5912816556886056,1.9647066226900798,0.3217733290421221,-1.32412446639797,1.6458977954400922,3.7794593091017,0.23746376954247916,-0.7956933363466988,1.033157105889178
2024-08-03 06:00:00,5.0,-1.0,4.040209567627239,0.2607502585255397,-0.7644634324811148,1.0252136910066545,2.4190761223417576,0.4180129641008896,-1.4697769658792947,1.8877899299801844,1.8639766041046417,0.4014973488863929,-1.2517628930708944,1.6532602419572873,2.1278132298335386,0.3794077918130936,-1.353691435124814,1.7330992269379075,3.7228360179430164,0.31131312626816987,-1.0044674983361024,1.3157806246042723,1.9089880614032555,0.3929836490098815,-1.1839387590892905,1.576922408099172,2.325779244371488,0.3610726216814082,-1.2721543443638474,1.6332269660452556,4.040209567627239,0.2607502585255397,-0.7644634324811148,1.0252136910066545
2024-08-03 07:00:00,4.0,-4.0,4.267734982789151,0.22752541516191171,-0.789001214089788,1.0165266292516997,2.7723449778513825,0.35326885550962506,-1.516953932977842,1.8702227884874671,2.208989037271059,0.3450124331664173,-1.2919420346634825,1.6369544678298997,2.4484172673249347,0.3206040374913963,-1.397142283640638,1.7177463211320343,3.9899201840026923,0.2670841660596759,-1.0373216589824443,1.3044058250421202,2.2483246630955076,0.3393366016922519,-1.2219408785815058,1.5612774802737577,2.6318581333057276,0.3060788889342394,-1.3129880116763724,1.6190669006106118,4.267734982789151,0.22752541516191171,-0.789001214089788,1.0165266292516997
2024-08-03 08:00:00,0.0,2.0,3.344470116223813,-0.9232648665653382,-1.9322415379140345,1.0089766713486963,1.8637123380962568,-0.9086326397551256,-2.764073206469775,1.8554405667146492,1.2007375800819764,-1.0082514571890826,-2.631258695265079,1.6230072380759966,1.5458214309707776,-0.9025958363541571,-2.607422018200814,1.7048261818466568,3.099478366631203,-0.8904418173714894,-2.185128241992872,1.2946864246213827,1.2210604773674538,-1.0272641857280538,-2.5750952122858948,1.547831026557841,1.7269106794108735,-0.9049474538948541,-2.512059241663409,1.607111787768555,3.344470116223813,-0.9232648665653382,-1.9322415379140345,1.0089766713486963
2024-08-03 09:00:00,2.0,4.0,2.057825748720166,-1.2866443675036472,-2.326432262675761,1.039787895172114,0.5594948321770776,-1.3042175059191792,-3.1977975767527322,1.893580070833553,-0.2344685905610051,-1.4352061706429815,-3.0991398842721916,1.66393371362921,0.24707638677265065,-1.298745044198127,-3.040069896380618,1.7413248521824911,1.8427504198918399,-1.2567279467393633,-2.583959649721164,1.3272317029818008,-0.23742110781864856,-1.4584815851861024,-3.0471971337126975,1.5887155485265951,0.4295303982824412,-1.2973802811284323,-2.939966483216018,1.6425862020875857,2.057825748720166,-1.2866443675036472,-2.326432262675761,1.039787895172114
2024-08-03 10:00:00,6.0,1.0,0.015791289944399267,-2.042034458775767,-3.125533149621477,1.0834986908457098,-1.6297643020217742,-2.189259134198852,-4.138261401567157,1.9490022673683054,-2.637016552465579,-2.402547961904574,-4.125617890997522,1.723069929092948,-1.9628878318119969,-2.2099642185846475,-4.004485310613379,1.794521092028732,-0.18483323922720118,-2.027583659119041,-3.401435694732394,1.3738520356133528,-2.6782372526177616,-2.440816144799113,-4.0884938970540325,1.6476777522549193,-1.7710031338579084,-2.2005335321403496,-3.894653294977755,1.6941197628374052,0.015791289944399267,-2.042034458775767,-3.125533149621477,1.0834986908457098
2024-08-03 11:00:00,7.0,-3.0,-2.4288842304816285,-2.4446755204260278,-3.599395233127731,1.154719712701703,-4.259354470132361,-2.6295901681105867,-4.673421299902797,2.0438311317922104,-5.526040525971305,-2.8890239735057257,-4.713399536804493,1.8243755632987675,-4.6449004288049505,-2.682012596992954,-4.568892919591791,1.886880322598837,-2.6172240842474013,-2.4323908450202003,-3.883155845380824,1.4507650003606238,-5.619473475237285,-2.9412362226195237,-4.689992452176866,1.748756229557342,-4.441120700537759,-2.670117566679851,-4.453465217885452,1.7833476512056012,-2.4288842304816285,-2.4446755204260278,-3.599395233127731,1.154719712701703
2024-08-03 12:00:00,4.0,3.0,-4.5001766228887075,-2.0712923924070794,-3.31425761146093,1.2429652190538505,-6.444811698951042,-2.185457228818681,-4.346167998944539,2.160710770125858,-7.935256034700868,-2.409215508729563,-4.359241203150247,1.950025694420684,-6.870989271834318,-2.2260888430293675,-4.228169195375403,2.0020803523460358,-4.662654527570131,-2.0454304433227297,-3.5912278326086717,1.545797389285942,-8.076121325049709,-2.456647849812423,-4.331203142144281,1.8745552923318578,-6.663199240005699,-2.2220785394679403,-4.116769883643666,1.8946913441757263,-4.5001766228887075,-2.0712923924070794,-3.31425761146093,1.2429652190538505
2024-08-03 13:00:00,7.0,2.0,-6.845180224517054,-2.3450036016283464,-3.665278802631232,1.3202752010028853,-8.857561160203872,-2.412749461252831,-4.673071861055459,2.2603223998026283,-10.615459280825014,-2.680203246124146,-4.738210559514535,2.0580073133903887,-9.369931883065094,-2.4989426112307758,-4.599231994943409,2.1002893837126333,-6.96915668414684,-2.306502156576709,-3.934546942205698,1.628044785628989,-10.812241868993398,-2.7361205439436898,-4.719097210175032,1.9829766662313417,-9.159551306708156,-2.496352066702456,-4.486274230105901,1.9899221634034452,-6.845180224517054,-2.3450036016283464,-3.665278802631232,1.3202752010028853
2024-08-03 14:00:00,9.0,-3.0,-8.896724394678085,-2.0515441701610313,-3.4621604331323406,1.4106162629713093,-10.920262488106374,-2.0627013279025026,-4.435602159276297,2.3729008313737947,-12.887666403279677,-2.272207122454663,-4.453760811884347,2.181553689429684,-11.475186611991768,-2.105254728926674,-4.318592123374624,2.21333739444795,-8.976505818142787,-2.0073491339959455,-3.730696313533049,1.7233471795371036,-13.122394837121472,-2.310152968128075,-4.41747298825207,2.1073200201239946,-11.265711490625888,-2.106160183917732,-4.205852620402384,2.0996924364846516,-8.896724394678085,-2.0515441701610313,-3.4621604331323406,1.4106162629713093
2024-08-03 15:00:00,6.0,0.0,-9.927805849035241,-1.031081454357157,-2.523184941158176,1.492103486801019,-11.894664394163351,-0.9744019060569777,-3.4457172413678885,2.4713153353109107,-13.961736036187459,-1.0740696329077806,-3.3631832788274094,2.289113645919629,-12.451376184747375,-0.9761895727556067,-3.2870649067494933,2.3108753339938866,-9.95788858235389,-0.9813827642111039,-2.7898777064089457,1.8084949421978418,-14.213667262376244,-1.091272425254771,-3.306521403267822,2.215248978013051,-12.254755809876198,-0.9890443192503104,-3.1836413809005553,2.194597061650245,-9.927805849035241,-1.031081454357157,-2.523184941158176,1.492103486801019
2024-08-03 16:00:00,6.0,5.0,-10.518597213594143,-0.5907913645589009,-2.1247132870867955,1.5339219225278946,-12.365669504136596,-0.47100510997324463,-2.9895059882486468,2.518500878275402,-14.487456648438114,-0.5257206122506553,-2.866578589049545,2.34085797679889,-12.921863269468004,-0.4704870847206286,-2.827303652018847,2.3568165672982184,-10.492020453060366,-0.5341318707064759,-2.385002356401446,1.8508704856949703,-14.753138565669916,-0.5394713032936722,-2.806641185455446,2.267169882161774,-12.743177705035967,-0.4884218951597692,-2.728309602644216,2.239887707484447,-10.518597213594143,-0.5907913645589009,-2.1247132870867955,1.5339219225278946
2024-08-03 17:00:00,11.0,4.0,-10.648233000484954,-0.12963578689081068,-1.687779377142586,1.5581435902517753,-12.354240300949478,0.01142920318711882,-2.530040135877902,2.5414693390650207,-14.490896708591611,-0.003440060153497626,-2.3698359362754466,2.366395876121949,-12.915177510142158,0.006685759325845808,-2.3724342604398085,2.3791200197656543,-10.567122859699946,-0.07510240663958023,-1.9492426243131957,1.8741402176736155,-14.76599286800516,-0.012854302335242984,-2.3059134695515944,2.2930591672163514,-12.758636464150161,-0.015458759114193477,-2.2778830667060324,2.262424307591839,-10.648233000484954,-0.12963578689081068,-1.687779377142586,1.5581435902517753
2024-08-03 18:00:00,15.0,2.0,-9.88340930562071,0.7648236948642435,-0.7986601772139292,1.5634838720781727,-11.348854041492372,1.0053862594571055,-1.5355245027539068,2.5409107622110123,-13.432091274456054,1.0588054341355568,-1.3077580058540192,2.366563439989576,-11.950621282313655,0.9645562278285029,-1.4142461176473213,2.3788023454758243,-9.743267702821514,0.8238551568784325,-1.0535685926602067,1.8774237495386392,-13.70921492335676,1.0567779446484011,-1.236899894708896,2.293677839357297,-11.824558649914689,0.9340778142354722,-1.3290616279912117,2.263139442226684,-9.88340930562071,0.7648236948642435,-0.7986601772139292,1.5634838720781727
2024-08-03 19:00:00,17.0,-6.0,-10.28609733840041,-0.4026880327796998,-1.9347974206328677,1.532109387853168,-11.658042582729783,-0.30918854123741113,-2.80120351044069,2.4920149692032787,-13.781282681706353,-0.34919140725029907,-2.6644609664824688,2.3152695592321697,-12.258268733482035,-0.30764745116838066,-2.640841109260507,2.333193658092126,-10.098632777150788,-0.3553650743292749,-2.196926429626751,1.841561355297476,-14.067361293639976,-0.3581463702832175,-2.6012405089983957,2.243094138715178,-12.148408558955838,-0.32384990904114863,-2.543981041396377,2.2201311323552284,-10.28609733840041,-0.4026880327796998,-1.9347974206328677,1.532109387853168
2024-08-03 20:00:00,11.0,-4.0,-12.255873772673764,-1.9697764342733546,-3.5183651932669155,1.548588758993561,-13.705898852835492,-2.0478562701057093,-4.554857683271189,2.50700141316548,-16.040683412113548,-2.259400730407197,-4.5915247757610755,2.3321240453538787,-14.363097896163072,-2.104829162681037,-4.4525218692873185,2.3476927066062814,-12.036744342502203,-1.9381115653514154,-3.7950995395449856,1.8569879741935702,-16.348892753421456,-2.2815314597814793,-4.5417054388335005,2.260173979052021,-14.252630307301397,-2.1042217483455583,-4.339217371876578,2.2349956235310198,-12.255873772673764,-1.9697764342733546,-3.5183651932669155,1.548588758993561
2024-08-03 21:00:00,7.0,-4.0,-15.251279657399177,-2.9954058847254137,-4.625874866382936,1.6304689816575222,-16.821487097705585,-3.1155882448700933,-5.722983988496259,2.607395743626166,-19.479569846629715,-3.438886434516166,-5.8815426806935855,2.4426562461774197,-17.644617272471166,-3.2815193763080948,-5.7296148552341215,2.4480954789260267,-15.007932079079513,-2.97118773657731,-4.913442754165862,1.9422550175885522,-19.83354924539129,-3.4846564919698317,-5.855156471095215,2.3704999791253836,-17.52376534423106,-3.2711350369296617,-5.603921038666953,2.3327860017372912,-15.251279657399177,-2.9954058847254137,-4.625874866382936,1.6304689816575222
2024-08-03 22:00:00,3.0,0.0,-16.743286601782287,-1.4920069443831103,-3.2510323835167028,1.7590254391335924,-18.305602036071118,-1.4841149383655323,-4.2480298360377455,2.763914897672213,-21.10564389997108,-1.626074053341367,-4.2418758081150605,2.6158017547736936,-19.1509940677617,-1.506376795290537,-4.1151981014233785,2.6088213061328416,-16.456484494189233,-1.4485524151097207,-3.5252406237058205,2.0766882085961,-21.475119974674023,-1.6415707292827335,-4.185649028646626,2.5440782993638926,-19.03855791366004,-1.5147925694289812,-4.003756872285178,2.488964302856197,-16.743286601782287,-1.4920069443831103,-3.2510323835167028,1.7590254391335924
2024-08-03 23:00:00,3.0,5.0,-15.99651262380544,0.7467739779768472,-1.0781050758375106,1.8248790538143578,-17.274956854187906,1.0306451818832105,-1.809431949873633,2.8400771317568436,-20.000798211318227,1.1048456886528562,-1.5948920938772644,2.6997377825301205,-18.14066050673661,1.0103335610250939,-1.6739798790877038,2.6843134401127977,-15.620156053328662,0.8363284408605713,-1.307531435844919,2.1438598767054904,-20.372628800776845,1.1024911738971794,-1.5254822796160914,2.627973453513271,-18.061086110325217,0.9774718033348233,-1.585529452423523,2.5630012557583464,-15.99651262380544,0.7467739779768472,-1.0781050758375106,1.8248790538143578
2024-08-04 00:00:00,8.0,2.0,-15.357694395778024,0.6388182280274157,-1.1529487414843496,1.7917669695117653,-16.362553151288417,0.9124037028994896,-1.8746726619297007,2.7870763648291903,-19.018504162434052,0.9822940488841749,-1.6602685573218197,2.6425626062059946,-17.242638129534658,0.8980223772019493,-1.7355392508007186,2.633561628002668,-14.891087307516926,0.7290687458117362,-1.3758788147621037,2.10494756057384,-19.39173798293548,0.9808908178413627,-1.5905879445388322,2.571478762380195,-17.191622402040544,0.8694637082846726,-1.645638484224328,2.5151021925090005,-15.357694395778024,0.6388182280274157,-1.1529487414843496,1.7917669695117653
2024-08-04 01:00:00,10.0,-1.0,-17.15130679708856,-1.7936124013105352,-3.5572946543367707,1.7636822530262355,-17.97120916954258,-1.6086560182541638,-4.349228754482527,2.7405727362283634,-20.759657347832814,-1.7411531853987614,-4.333396474138723,2.592243288739962,-18.855804111464774,-1.6131659819301158,-4.202024089927387,2.5888581079972712,-16.62395552412685,-1.7328682166099223,-3.804184746116734,2.0713165295068117,-21.146400220800032,-1.7546622378645527,-4.276393482840003,2.5217312449754505,-18.806051521370208,-1.614429119329663,-4.08730465865213,2.472875539322467,-17.15130679708856,-1.7936124013105352,-3.5572946543367707,1.7636822530262355
2024-08-04 02:00:00,9.0,-8.0,-20.345379884397268,-3.1940730873087095,-5.037171897443923,1.843098810135213,-21.168964417063506,-3.1977552475209254,-6.020581569316522,2.8228263217955964,-24.29388620998447,-3.534228862151659,-6.215996215610487,2.681767353458828,-22.261856077006843,-3.40605196554207,-6.075487123251155,2.669435157709085,-19.776228460865276,-3.152272936738426,-5.303967657867525,2.151694721129099,-24.721900445278546,-3.5755002244785135,-6.186564941741511,2.6110647172629977,-22.201451450711417,-3.395399929341211,-5.946966717546098,2.551566788204887,-20.345379884397268,-3.1940730873087095,-5.037171897443923,1.843098810135213
2024-08-04 03:00:00,1.0,-13.0,-22.70049768109281,-2.3551177966955406,-4.343972208696867,1.9888544120013263,-23.456037807518378,-2.2870733904548723,-5.277018535966324,2.9899451455114514,-26.831595251960536,-2.537709041976065,-5.405867400893423,2.8681583589173583,-24.67899455064461,-2.4171384736377672,-5.260760722793515,2.843622249155748,-22.072264629200316,-2.2960361683350388,-4.597870567884601,2.3018343995495623,-27.300092272319468,-2.5781918270409228,-5.3761050970052775,2.7979132699643547,-24.621668888267422,-2.420217437556006,-5.141306333394208,2.7210888958382022,-22.70049768109281,-2.3551177966955406,-4.343972208696867,1.9888544120013263
2024-08-04 04:00:00,-12.0,5.0,-24.7148608941877,-2.014363213094892,-4.114241361810989,2.099878148716097,-25.359596554611823,-1.9035587470934452,-5.015976982696476,3.112418235603031,-28.95564681251065,-2.1240515605501162,-5.129907863498745,3.0058563029486285,-26.69975376517069,-2.020759214526081,-4.991334528595848,2.9705753140697673,-24.016943880107902,-1.944679250907587,-4.35905854180736,2.414379290899773,-29.460296867951637,-2.1602045956321683,-5.09685533835213,2.9366507427199617,-26.652207126423892,-2.0305382381564705,-4.875789240230382,2.845251002073912,-24.7148608941877,-2.014363213094892,-4.114241361810989,2.099878148716097
2024-08-04 05:00:00,-7.0,-5.0,-26.864441940356368,-2.149581046168668,-4.346811665456021,2.1972306192873527,-27.38925552178359,-2.0296589671717644,-5.245887519669302,3.2162285524975376,-31.229280975015946,-2.2736341625052954,-5.397224933636276,3.123590771130981,-28.888579875508576,-2.1888261103378843,-5.2676635227056074,3.078837412367723,-26.092442504482197,-2.075498624374295,-4.587301300170878,2.5118026757965826,-31.77514970315713,-2.314852835205493,-5.370333090008558,3.0554802548030655,-28.851239581980945,-2.1990324555570524,-5.150591046967706,2.9515585914106532,-26.864441940356368,-2.149581046168668,-4.346811665456021,2.1972306192873527
2024-08-04 06:00:00,-12.0,-9.0,-30.215264618025238,-3.3508226776688685,-5.654373643707037,2.303550966038168,-30.66707321669891,-3.277817694915322,-6.606609314863738,3.3287916199484164,-34.86013030607837,-3.6308493310624246,-6.882971984516139,3.2521226534537147,-32.488267433161916,-3.5996875576533376,-6.797977325072919,3.1982897674195816,-29.385429692079946,-3.2929871875977508,-5.91089265087133,2.617905463273579,-35.454525258423864,-3.679375555266732,-6.8648081290686225,3.1854325738018905,-32.4465590661197,-3.5953194841387526,-6.664206210320525,3.068886726181772,-30.215264618025238,-3.3508226776688685,-5.654373643707037,2.303550966038168
2024-08-04 07:00:00,-21.0,-27.0,-37.060702180570956,-6.845437562545716,-9.319733166199718,2.474295603654002,-37.27264270121378,-6.60556948451487,-10.12023392540359,3.5146644408887195,-42.05206687053278,-7.1919365644544095,-10.65468995447197,3.4627533900175598,-40.311074409941995,-7.822806976780075,-11.222488682557415,3.39968170577734,-36.21001378674052,-6.824584094660574,-9.615336045973473,2.7907519513128984,-42.8090019716571,-7.354476713233241,-10.752033099395154,3.397556386161913,-40.225831940511526,-7.779272874391826,-11.04491151948784,3.265638645096014,-37.060702180570956,-6.845437562545716,-9.319733166199718,2.474295603654002
2024-08-04 08:00:00,-48.0,-13.0,-41.418361818204154,-4.357659637633195,-7.19974345729412,2.8420838196609246,-41.54420634505087,-4.271563643837083,-8.176146275829513,3.9045826319924304,-46.72593009573932,-4.673863225206544,-8.57334080036081,3.899477575154267,-45.067232439180366,-4.756158029238373,-8.614702939539903,3.8585449103015304,-40.50861314030273,-4.298599353562214,-7.465159504841135,3.166560151278921,-47.51395450237056,-4.704952530713458,-8.547001399207327,3.8420488684938685,-44.974530626383,-4.748698685871476,-8.460975616903003,3.7122769310315267,-41.418361818204154,-4.357659637633195,-7.19974345729412,2.8420838196609246
2024-08-04 09:00:00,-61.0,6.0,-46.83599919547118,-5.417637377267028,-8.507116977318804,3.0894796000517752,-46.91167139535872,-5.367465050307848,-9.535110414606947,4.1676453642991,-52.52751102909883,-5.80158093335951,-9.998775620068773,4.197194686709263,-51.05844789577388,-5.991215456593518,-10.142937206589684,4.151721749996166,-45.86914111776345,-5.360527977460719,-8.775979518517191,3.4154515410564725,-53.43230418679323,-5.918349684422672,-10.059085710275639,4.140736025852966,-50.946373341706355,-5.971842715323355,-9.970827164807647,3.998984449484291,-46.83599919547118,-5.417637377267028,-8.507116977318804,3.0894796000517752
2024-08-04 10:00:00,-55.0,-10.0,-53.07555883708414,-6.239559641612955,-9.651007609552812,3.4114479679398575,-53.084417167313575,-6.1727457719548555,-10.683101929445233,4.510356157490377,-59.116369114862735,-6.588858085763906,-11.170836552018834,4.581978466254927,-57.82435242465711,-6.76590452888323,-11.302210750277046,4.536306221393817,-52.066506506538175,-6.197365388774724,-9.936385608412277,3.739020219637552,-60.16846766009386,-6.7361634733006275,-11.268493774189729,4.532330300889101,-57.68511479886848,-6.73874145716213,-11.11341930336393,4.3746778462018,-53.07555883708414,-6.239559641612955,-9.651007609552812,3.4114479679398575
2024-08-04 11:00:00,-65.0,-1.0,-58.09265914827586,-5.0171003111917205,-8.819133629409153,3.802033318217433,-57.961613966142636,-4.877196798829063,-9.798419624867035,4.9212228260379725,-64.3602435368591,-5.243874421996361,-10.283314692070828,5.039440270074467,-63.332923992360314,-5.508571567703204,-10.499668927928054,4.99109736022485,-57.06487433644742,-4.998367829909243,-9.129717486173908,4.131349656264665,-65.50827789995506,-5.339810239861207,-10.339371642592768,4.999561402731561,-63.190804797188314,-5.505689998319831,-10.324559457141609,4.818869458821778,-58.09265914827586,-5.0171003111917205,-8.819133629409153,3.802033318217433
2024-08-04 12:00:00,-66.0,-2.0,-61.46871536355021,-3.3760562152743514,-7.507501869482652,4.1314456542083,-61.22259242300681,-3.260978456864173,-8.519498273710335,5.258519816846162,-67.81536298414132,-3.4551194472822093,-8.874192447360128,5.419073000077919,-66.74134029663652,-3.408416304276212,-8.785831244949614,5.377414940673402,-60.401508975478194,-3.3366346390307733,-7.7986666922293955,4.462032053198622,-68.95481366635013,-3.4465357663950744,-8.832758114707618,5.386222348312543,-66.61695420419977,-3.4261494070114527,-8.623872001627571,5.197722594616119,-61.46871536355021,-3.3760562152743514,-7.507501869482652,4.1314456542083
2024-08-04 13:00:00,-68.0,-4.0,-67.48484079390816,-6.016125430357949,-10.376937876955166,4.360812446597217,-67.10749374010197,-5.884901317095158,-11.375179839786847,5.490278522691689,-73.99422449118777,-6.1788615070464425,-11.855603008983557,5.676741501937115,-72.99714881411032,-6.255808517473794,-11.879467439066188,5.623658921592394,-66.36740980941647,-5.965900833938272,-10.655763328571604,4.689862494633332,-75.12745590069352,-6.172642234343384,-11.816078478012106,5.643436243668721,-72.8555206319744,-6.23856642777463,-11.679282013564183,5.440715585789553,-67.48484079390816,-6.016125430357949,-10.376937876955166,4.360812446597217
2024-08-04 14:00:00,-72.0,-16.0,-76.97548494876374,-9.490644154855568,-14.275546350341358,4.78490219548579,-76.21146092436211,-9.103967184260135,-15.02513479566972,5.921167611409584,-83.37750512349433,-9.383280632306558,-15.535736430134921,6.152455797828362,-82.2032357871389,-9.20608697302858,-15.296046037830966,6.089959064802386,-75.74840377438703,-9.38099396497056,-14.492355871458171,5.111361906487612,-84.484615946916,-9.357160046222468,-15.476252038084501,6.119091991862034,-81.99868312738083,-9.143162495406429,-15.04059228267346,5.897429787267031,-76.97548494876374,-9.490644154855568,-14.275546350341358,4.78490219548579
2024-08-04 15:00:00,-88.0,-11.0,-84.83097696725848,-7.855492018494748,-13.349412620593023,5.493920602098275,-83.94304417202602,-7.7315832476639,-14.351403476361975,6.619820228698075,-91.32286347310549,-7.9453583496111575,-14.85683936659151,6.911481016980352,-90.06168594259034,-7.858450155451453,-14.668391145049329,6.809940989597876,-83.50240551271706,-7.754001738330031,-13.564821943145665,5.810820204815634,-92.4486393889048,-7.9640234419887985,-14.840860404014098,6.876836962025299,-89.82177490864264,-7.8230917812618115,-14.423128586359043,6.600036805097232,-84.83097696725848,-7.855492018494748,-13.349412620593023,5.493920602098275
2024-08-04 16:00:00,-99.0,-1.0,-91.68632849433966,-6.855351527081184,-12.973170771256868,6.117819244175684,-90.79016638770342,-6.847122215677399,-14.090862878701877,7.243740663024478,-98.3260831508497,-7.003219677744216,-14.591920507568055,7.588700829823839,-97.01925983349808,-6.957573890907742,-14.413918040087461,7.456344149179719,-90.2630351224457,-6.760629609728642,-13.183446328037604,6.422816718308963,-99.49615544773494,-7.047516058830147,-14.604115229000728,7.556599170170581,-96.76157175947554,-6.939796850832902,-14.172382278559436,7.232585427726534,-91.68632849433966,-6.855351527081184,-12.973170771256868,6.117819244175684
2024-08-04 17:00:00,-100.0,3.0,-87.09331939612258,4.593009098217081,-2.096687305748627,6.689696403965708,-85.95080687064284,4.839359517060585,-2.9803842079059697,7.819743724966555,-92.9440604664048,5.382022684444891,-2.8298350839253144,8.211857768370205,-91.7708896202193,5.248370213278789,-2.8047318830538055,8.053102096332594,-85.6522478496006,4.610787272845096,-2.3706217091021826,6.981408981947279,-94.06122291097083,5.434932536764107,-2.749915939154843,8.18484847591895,-91.64510192722514,5.116469832250402,-2.7014677638545117,7.817937596104914,-87.09331939612258,4.593009098217081,-2.096687305748627,6.689696403965708
2024-08-04 18:00:00,-97.0,6.0,-81.62372712096992,5.469592275152667,-0.8341284251755566,6.303720700328224,-80.14416625201837,5.806640618624464,-1.603716664287262,7.410357282911726,-86.579125229495,6.364935236909804,-1.3658351287014872,7.730770365611291,-85.64712604043123,6.1237635797880685,-1.4770523441383767,7.6008159239264454,-80.14924780376002,5.503000045840583,-1.0949205755309057,6.597920621371489,-87.65491368861635,6.406309222354476,-1.2918302310658256,7.698139453420302,-85.64901464041755,5.99608728680759,-1.38808483801568,7.38417212482327,-81.62372712096992,5.469592275152667,-0.8341284251755566,6.303720700328224
2024-08-04 19:00:00,-91.0,8.0,-76.58563110395762,5.038096017012289,-0.8209449443294424,5.859040961341731,-74.78886641341082,5.355299838607544,-1.5783697665097696,6.933669605117314,-80.74280999337408,5.83631523612092,-1.3442479717185603,7.18056320783948,-80.01121951585256,5.635906524578672,-1.4537073882539655,7.089613912832638,-75.0711287330136,5.078119070746422,-1.0762850840695461,6.1544041548159685,-81.7827291166551,5.872184571961242,-1.2714127286840988,7.14359730064534,-80.12357192021126,5.525442720206284,-1.3661460222141324,6.891588742420416,-76.58563110395762,5.038096017012289,-0.8209449443294424,5.859040961341731
2024-08-04 20:00:00,-83.0,11.0,-71.92712972166724,4.6585013822903845,-0.8053299923966504,5.463831374687035,-69.82913413671821,4.95973227669261,-1.54834806017433,6.50808033686694,-75.36758881855759,5.375221174816494,-1.3186794270687316,6.693900601885226,-74.8024145286054,5.2088049872471665,-1.42605684828935,6.634861835536516,-70.36594646828578,4.705182264727817,-1.0536377242706012,5.758819988998418,-76.37646183781459,5.406267278840511,-1.2472295617345073,6.653496840575019,-75.01101145996209,5.112560460249169,-1.3401609611970708,6.45272142144624,-71.92712972166724,4.6585013822903845,-0.8053299923966504,5.463831374687035
2024-08-04 21:00:00,-72.0,17.0,-67.61901667561665,4.308113046050593,-0.8025639151971273,5.11067696124772,-65.24621528474523,4.58291885197298,-1.5430299293377667,6.125948781310747,-70.42094728961624,4.9466415289413606,-1.3141501420164763,6.260791670957837,-69.99559934315482,4.806815185450571,-1.4211587526384755,6.227973938089046,-66.01168498298667,4.354261485299121,-1.0497532200639628,5.404014705363084,-71.40172801573523,4.974733822079357,-1.242945686446294,6.217679508525651,-70.2870619583244,4.723949501637686,-1.335557893245477,6.0595073948831635,-67.61901667561665,4.308113046050593,-0.8025639151971273,5.11067696124772
2024-08-04 22:00:00,-55.0,8.0,-63.685417968456626,3.9335987071600202,-0.860986142499959,4.794584849659979,-61.11844321882313,4.127772065922102,-1.6553539991842177,5.78312606510632,-65.95574695769699,4.465200331919251,-1.4098130254991923,5.875013357418442,-65.65630075866346,4.339298584491356,-1.5246112728775152,5.8639098573688715,-62.036451126741795,3.9752338562448695,-1.110487162741308,5.0857210189861775,-66.90546310525316,4.496264910482064,-1.3334252782191232,5.829690188701187,-66.01267236362025,4.274389594704144,-1.4327791429650254,5.7071687376691695,-63.685417968456626,3.9335987071600202,-0.860986142499959,4.794584849659979
2024-08-04 23:00:00,-47.0,-4.0,-60.051808633113914,3.6336093353427112,-0.88117404464164,4.514783379984351,-57.329811645688686,3.7886315731344475,-1.6941677766607497,5.482799349795197,-61.86130110145318,4.094445856243811,-1.4428695010821848,5.537315357325996,-61.67198903623434,3.9843117224291165,-1.560359470974625,5.544671193403741,-58.345073900977745,3.691377225764051,-1.1121923393177156,4.803569565081767,-62.78038295369396,4.125080151559206,-1.3646906583468092,5.489770809906015,-62.08159158903776,3.931080774582496,-1.4663741147085116,5.397454889291008,-60.051808633113914,3.6336093353427112,-0.88117404464164,4.514783379984351
2024-08-05 00:00:00,-51.0,-1.0,-56.663366222925454,3.3884424101884614,-0.8753518982781275,4.263794308466589,-53.79859024244359,3.5312214032450964,-1.6829739690128218,5.214195372257918,-58.0581955971839,3.803105504269285,-1.4333360865770346,5.2364415908463195,-57.96262189198866,3.7093671442456833,-1.5500497696449613,5.259416913890645,-54.930854002534375,3.4142198984433674,-1.1345554151129709,4.548775313556338,-58.94916316057998,3.831219793113979,-1.3556737918127475,5.186893584926726,-58.418033723152035,3.6635578658857235,-1.456685399100722,5.1202432649864456,-56.663366222925454,3.3884424101884614,-0.8753518982781275,4.263794308466589
2024-08-05 01:00:00,-52.0,1.0,-53.513195802921935,3.1501704200035174,-0.8860369868149951,4.036207406818512,-50.53219268894759,3.2663975534960024,-1.703517393776644,4.969914947272646,-54.544523075187364,3.51367252199653,-1.4508322764159887,4.964504798412519,-54.53097446999076,3.4316474219979023,-1.5689706391350338,5.000618061132936,-51.78832655962945,3.1425274429049175,-1.1767646873336863,4.319292130238604,-55.40809527345159,3.541067887128384,-1.3722219874825392,4.913289874610923,-55.024024923913686,3.394008799238347,-1.4744666051395396,4.868475404377887,-53.513195802921935,3.1501704200035174,-0.8860369868149951,4.036207406818512
2024-08-05 02:00:00,-51.0,-3.0,-50.53860534846205,2.974590454459884,-0.8556324446944302,3.830222899154314,-47.42808170304997,3.10411098589762,-1.6450608427263527,4.749171828623973,-51.225862281354885,3.3186607938324757,-1.4010466673335367,4.719707461166013,-51.279096082493155,3.2518783874976016,-1.5151310877467898,4.767009475244391,-48.80554436881319,2.9827821908162644,-1.1305375608754937,4.113319751691758,-52.06622988778706,3.341865385664531,-1.3251339066935488,4.66699929235808,-51.80699975899776,3.2170251649159263,-1.4238699791877472,4.640895144103673,-50.53860534846205,2.974590454459884,-0.8556324446944302,3.830222899154314
2024-08-05 03:00:00,-54.0,2.0,-47.71925819433824,2.8193471541238098,-0.8213241645906674,3.6406713187144772,-44.46313779548329,2.964943907566675,-1.5790988650922015,4.544042772658877,-48.07655136115906,3.149310920195825,-1.3448689220886276,4.494179842284453,-48.182679857492644,3.0964162250005103,-1.4543789013673918,4.550795126367902,-45.965353795403594,2.8401905734095916,-1.0822816662991452,3.922472239708737,-48.897857804108995,3.1683720836780647,-1.2720000341671605,4.440372117845225,-48.74356598117586,3.0634337778219027,-1.3667770879816896,4.430210865803592,-47.71925819433824,2.8193471541238098,-0.8213241645906674,3.6406713187144772
2024-08-05 04:00:00,-52.0,6.0,-45.164536640228256,2.5547215541099817,-0.9107309179429961,3.4654524720529776,-41.861793691115984,2.60134410436731,-1.7509945779385458,4.352338682305856,-45.28255202842281,2.793999332736247,-1.4912671034550746,4.285266436191321,-45.44579682749112,2.7368830300015254,-1.6126979930505039,4.349581023052029,-43.427124670731814,2.5382291246717763,-1.206732372923138,3.744961497594914,-46.07760479800849,2.820253006100505,-1.4104659386442504,4.230718944744756,-46.02499167484801,2.7185743063278522,-1.515560123062235,4.234134429390087,-45.164536640228256,2.5547215541099817,-0.9107309179429961,3.4654524720529776
2024-08-05 05:00:00,-46.0,14.0,-42.854106624034195,2.310430016194059,-0.999981521775997,3.3104115379700563,-39.59683741869518,2.2649562724208043,-1.9225900737215356,4.18754634614234,-42.81587638971578,2.4666756387070325,-1.6374095993750235,4.104085238082056,-43.04101918850281,2.404777638988315,-1.7707405793339699,4.175518218322285,-41.161782077997074,2.2653425927347395,-1.3244585363660204,3.58980112910076,-43.57792891284156,2.499675885166929,-1.5486900114518445,4.048365896618773,-43.625227525250466,2.399764149597544,-1.6640833075326102,4.063847457130154,-42.854106624034195,2.310430016194059,-0.999981521775997,3.3104115379700563
2024-08-05 06:00:00,-32.0,5.0,-40.73713971110235,2.116966912931842,-1.056284577030807,3.1732514899626487,-37.581023397495194,2.0158140211999838,-2.0308397691367484,4.046653790336732,-40.598096489915704,2.217779899800076,-1.729602466083834,3.94738236588391,-40.88594920599331,2.1550699825094988,-1.8704405262920976,4.025510508801596,-39.09574554024418,2.0660365377528933,-1.3880578458767208,3.4540943836296143,-41.323717669438196,2.254211243403364,-1.6358876019958006,3.8900988453991645,-41.466571151028184,2.1586563742222804,-1.7577780132569856,3.916434387479266,-40.73713971110235,2.116966912931842,-1.056284577030807,3.1732514899626487
2024-08-05 07:00:00,-27.0,-7.0,-38.76560727393566,1.971532437166691,-1.0785916512205096,3.0501240883872005,-35.73146435993811,1.8495590375570856,-2.0737279210445188,3.9232869586016044,-38.555130101069864,2.0429663888458442,-1.7661289584407323,3.8090953472865765,-38.90247972673376,1.9834694792595577,-1.9099412976701196,3.8934107769296773,-37.184683458733566,1.9110620815106176,-1.4215449085156933,3.332606990026311,-39.244073220609735,2.0796444488284633,-1.67043498335236,3.7500794321808235,-39.4753119585912,1.991259192436987,-1.7948995289956449,3.7861587214326318,-38.76560727393566,1.971532437166691,-1.0785916512205096,3.0501240883872005
2024-08-05 08:00:00,-34.0,3.0,-36.87563488193938,1.8899723919962748,-1.0476740463935816,2.9376464383898564,-33.933974501592814,1.797489858345295,-2.014284942500349,3.811774800845644,-36.586742935289884,1.9683871657799776,-1.7155032400340717,3.6838904058140494,-36.98389573480758,1.9185839919261793,-1.8551932285401813,3.7737772204663607,-35.3480247205442,1.8366587381893669,-1.3855099941732245,3.2221687323625914,-37.24344646580774,2.0006267548019934,-1.6225523127921688,3.623179067594162,-37.55082168516847,1.9244902734227263,-1.7434491081818635,3.6679393816045898,-36.87563488193938,1.8899723919962748,-1.0476740463935816,2.9376464383898564
2024-08-05 09:00:00,-31.0,5.0,-35.09422481355407,1.7814100683853122,-1.0503955094447255,2.8318055778300377,-32.24854940129862,1.6854251002941991,-2.019517297033097,3.704942397327296,-34.741467193258416,1.8452757420314652,-1.7199594721016132,3.5652352141330783,-35.184074616138545,1.7998211186690378,-1.8600123226482999,3.6598334413173377,-33.624964000742466,1.7230607198017331,-1.3947230360048373,3.1177837558065704,-35.36705185916633,1.8763946066414097,-1.626767093317669,3.5031616999590787,-35.74333378248055,1.8074879026879267,-1.7479779331019798,3.5554658357899065,-35.09422481355407,1.7814100683853122,-1.0503955094447255,2.8318055778300377
2024-08-05 10:00:00,-26.0,-5.0,-33.636216885543824,1.4580079280102471,-1.275814129269531,2.7338220572797782,-30.891477543161272,1.3570718581373464,-2.249078013510339,3.6061498716476854,-33.2569853560378,1.4844818372206143,-1.9712832745555477,3.455765111776162,-33.70697062197627,1.4771039941622752,-2.0774267581728374,3.5545307523351126,-32.212521676766386,1.4124423239760766,-1.6089753081624893,3.021417632138566,-33.85901429985447,1.5080375593118596,-1.8843964599309893,3.392434019242849,-34.257378989340594,1.4859547931399526,-1.965470417817899,3.4514252109578516,-33.636216885543824,1.4580079280102471,-1.275814129269531,2.7338220572797782
2024-08-05 11:00:00,-31.0,-4.0,-32.045376101795476,1.5908407837483447,-1.0640697459230133,2.654910529671358,-29.409711027168367,1.4817665159929052,-2.04580773415256,3.527574250145465,-31.63039768343401,1.6265876726037924,-1.7423502119163916,3.368937884520184,-32.12193914459531,1.5850314773809573,-1.8842262955030273,3.4692577728839846,-30.681337806633195,1.5311838701331912,-1.4123679479730802,2.9435518181062714,-32.20222672104461,1.6567875788098652,-1.6479446380892397,3.304732216899105,-32.66106296864798,1.5963160206926112,-1.770733422249778,3.367049442942389,-32.045376101795476,1.5908407837483447,-1.0640697459230133,2.654910529671358
2024-08-05 12:00:00,-35.0,0.0,-30.550493632071888,1.494882469723587,-1.0752455900920543,2.5701280598156413,-28.034238568304175,1.3754724588641918,-2.067294698258353,3.4427671571225447,-30.115980379164824,1.5144173042691844,-1.7606499845871975,3.275067288856382,-30.647049633403917,1.4748895111913924,-1.9040161819634163,3.3789056931548087,-29.24842527517559,1.432912531457605,-1.4273756963309996,2.8602882277886046,-30.657775867863993,1.5444508531806165,-1.665252876148876,3.2097037293294925,-31.172823789674364,1.488239178973617,-1.7893313016348462,3.277570480608463,-30.550493632071888,1.494882469723587,-1.0752455900920543,2.5701280598156413
2024-08-05 13:00:00,-35.0,4.0,-29.55545636012713,0.9950372719447571,-1.4966761427651172,2.4917134147098743,-27.277001879936968,0.7572366883672084,-2.607730482581753,3.3649671709489613,-29.227576782991637,0.8884035961731875,-2.300458749274453,3.1888623454476406,-29.760805704611162,0.8862439287927542,-2.409658886415774,3.295902815208528,-28.34171904533117,0.9067062298444208,-1.8767443055109554,2.7834505353553762,-29.739900399203403,0.9178754686605899,-2.2044915612471434,3.1223670299077333,-30.261047572426335,0.911776217248029,-2.2834587748171287,3.1952349920651577,-29.55545636012713,0.9950372719447571,-1.4966761427651172,2.4917134147098743
2024-08-05 14:00:00,-31.0,3.0,-28.445898596390737,1.1095577637363923,-1.3306340114148731,2.4401917751512654,-26.378018591778908,0.8989832881580604,-2.4235322686266807,3.322515556784741,-28.19205565788985,1.035521125101789,-2.1033058130161044,3.1388269381178935,-28.749952107287925,1.010853597323238,-2.23567022083505,3.246523818158288,-27.318231679843123,1.0234873654880465,-1.7118829029054792,2.7353702683935257,-28.672462523932083,1.0674378752713185,-2.0035951987702187,3.0710330740415372,-29.226128023675983,1.0349195487503535,-2.1103896469844114,3.145309195734765,-28.445898596390737,1.1095577637363923,-1.3306340114148731,2.4401917751512654
2024-08-05 15:00:00,-28.0,6.0,-27.203507983634125,1.2423906127566113,-1.1409845377291086,2.38337515048572,-25.299237348894383,1.0787812428845234,-2.193686081930553,3.2724673248150764,-26.97934407039537,1.2127115874944787,-1.868293557562976,3.0810051450574547,-27.579720157585108,1.170231949702818,-2.0204249552144473,3.1906569049172653,-26.15542810789664,1.1628035719464842,-1.5187971175499335,2.6816006894964177,-27.42765684755988,1.2448056763722004,-1.7670640090066567,3.011869685378857,-28.035739594680564,1.1903884289954187,-1.8987284085166745,3.089116837512093,-27.203507983634125,1.2423906127566113,-1.1409845377291086,2.38337515048572
2024-08-05 16:00:00,-22.0,6.0,-25.987491904572362,1.216016079061764,-1.104534778503134,2.320550857564898,-24.209933462005328,1.0893038868890557,-2.1236068417132556,3.2129107286023113,-25.77398062702104,1.2053634433743294,-1.8086092690518045,3.013972712426134,-26.40901367085261,1.1707064867324972,-1.9558806947827592,3.1265871815152564,-25.003223902821293,1.1522042050753456,-1.468955496994827,2.6211597020701727,-26.19466803862254,1.2329888089373398,-1.7106135878700386,2.9436023968073783,-26.8487020315763,1.1870375631042642,-1.8380718517997052,3.0251094149039695,-25.987491904572362,1.216016079061764,-1.104534778503134,2.320550857564898
2024-08-05 17:00:00,-16.0,3.0,-24.80516230058598,1.1823296039863813,-1.0775432187335936,2.259872822719975,-23.12831747357313,1.0816159884321963,-2.0717121779048537,3.15332816633705,-24.59031583675774,1.1836647902632993,-1.764412213299958,2.9480770035632573,-25.253956745337277,1.1550569255153311,-1.9080847614153527,3.063141686930684,-23.872059187979833,1.1311647148414607,-1.4307844798615075,2.5619491947029682,-24.986724667183918,1.207943371438625,-1.6688112564286017,2.8767546278672267,-25.67990742021596,1.1687946113603351,-1.793154817755928,2.961949429116263,-24.80516230058598,1.1823296039863813,-1.0775432187335936,2.259872822719975
2024-08-05 18:00:00,-13.0,0.0,-23.677958367209584,1.1272039333763955,-1.074442535421225,2.2016464687976205,-22.099350318447097,1.0289671551260335,-2.0657507247896736,3.094717879915707,-23.465574547454477,1.1247412893032611,-1.7593350308623492,2.8840763201656103,-24.155369232663706,1.09858751267357,-1.9025941541938076,3.0011816668673776,-22.793031301389917,1.0790278865899177,-1.4254500099498155,2.504477896539733,-23.83872456652132,1.1480001006625957,-1.66400917042004,2.8120092710826357,-24.567491193735584,1.112416226480379,-1.7879949270682545,2.9004111535486334,-23.677958367209584,1.1272039333763955,-1.074442535421225,2.2016464687976205
2024-08-05 19:00:00,-13.0,2.0,-22.588805782342074,1.089152584867508,-1.0576899227047583,2.1468425075722664,-21.093421210389934,1.0059291080571615,-2.0335417227069374,3.039470830764099,-22.373565780818872,1.0920087666356042,-1.7319036351023187,2.823912401737923,-23.085460104261564,1.0699091284021416,-1.8729290748889131,2.9428382032910547,-21.73810003089834,1.0549312704915768,-1.3953318220599134,2.45026309255149,-22.725628837359213,1.1130957291621064,-1.6380640870212637,2.75115981618337,-23.485166595610924,1.082324598124661,-1.7601166687485212,2.842441266873182,-22.588805782342074,1.089152584867508,-1.0576899227047583,2.1468425075722664
2024-08-05 20:00:00,-11.0,-1.0,-22.155592168285043,0.43321361405703196,-1.6613311048528356,2.0945447189098676,-20.746136775275517,0.34728443511441665,-2.6386573011559915,2.985941736270408,-21.99188132337868,0.3816844574401892,-2.3844216809349192,2.7661061383751084,-22.646543172343037,0.4389169319185271,-2.4476513049273216,2.8865682368458487,-21.329091914512954,0.40900811638538537,-1.9888243977247164,2.397832514110102,-22.33881464448627,0.3868141928729423,-2.3059818041266658,2.692795996999608,-23.030915128346216,0.454251467264708,-2.332349686772231,2.786601154036939,-22.155592168285043,0.43321361405703196,-1.6613311048528356,2.0945447189098676
2024-08-05 21:00:00,-12.0,4.0,-21.09528092897853,1.0603112393065137,-1.0136111441059055,2.073922383412419,-19.727359593128234,1.018777182147283,-1.9487947345371834,2.9675719166844665,-20.90556622386657,1.0863150995121122,-1.6597272862050882,2.7460423857172005,-21.577777419081794,1.0687657532612411,-1.7948755506459417,2.863641303907183,-20.292562232914317,1.0365296815986356,-1.341127478807958,2.3776571604065935,-21.235952733320506,1.1028619111657634,-1.5697984614607023,2.6726603726264657,-21.954349580470623,1.076565547875592,-1.6867645536489309,2.763330101524523,-21.09528092897853,1.0603112393065137,-1.0136111441059055,2.073922383412419
2024-08-05 22:00:00,-8.0,1.0,-20.083831135701377,1.0114497932771502,-1.0124288691738512,2.0238786624510015,-18.75987114319274,0.9674884499354941,-1.9465216624860715,2.9140101124215656,-19.874019110140033,1.0315471137265368,-1.6577913821101729,2.6893384958367097,-20.562363061532746,1.0154143575490484,-1.7927820097629064,2.8081963673119548,-19.30660669611353,0.9859555368007862,-1.3409539098525345,2.3269094466533207,-20.188254459079932,1.047698274240573,-1.5679674502488048,2.6156657244893777,-20.930578790965413,1.023770789505212,-1.6847971133147823,2.7085679028199943,-20.083831135701377,1.0114497932771502,-1.0124288691738512,2.0238786624510015
2024-08-05 23:00:00,-7.0,-1.0,-19.88317038614269,0.20066074955868674,-1.7760498914664815,1.9767106410251682,-18.681445243694068,0.07842589949867174,-2.7851704579709367,2.8635963574696084,-19.776972633296317,0.09704647684371492,-2.538994515758344,2.6360409926020587,-20.393808187470924,0.16855487406182146,-2.587466399948864,2.7560212740106853,-19.1368705465024,0.16973614961112826,-2.1094096688015407,2.279145818412669,-20.087501309312856,0.10075314976707661,-2.461337675779183,2.5620908255462598,-20.744207692846988,0.18637109811842612,-2.47062855478421,2.6569996529026363,-19.88317038614269,0.20066074955868674,-1.7760498914664815,1.9767106410251682
2024-08-06 00:00:00,-8.0,-3.0,-19.280175406424693,0.6029949797179965,-1.3644241444796776,1.9674191241976742,-18.107277410309226,0.5741678333848408,-2.285361193025224,2.8595290264100646,-19.187403702069627,0.5895689312266912,-2.041485361098725,2.631054292325416,-19.763410677932235,0.6303975095386902,-2.117010247354262,2.7474077568929522,-18.538317851774302,0.5985526947280975,-1.6724204005027117,2.270973095230809,-19.49493325016584,0.5925680591470157,-1.9643998913098284,2.556967950456844,-20.10821506355556,0.6359926292914282,-2.0116726707261847,2.647665300017613,-19.280175406424693,0.6029949797179965,-1.3644241444796776,1.9674191241976742
2024-08-06 01:00:00,-11.0,-2.0,-18.284469851216777,0.9957055552079171,-0.9439238443372738,1.939629399545191,-17.092250027921523,1.0150273823877023,-1.814812147977308,2.8298395303650103,-18.132161268784717,1.0552424332849089,-1.545618524082139,2.600860957367048,-18.71957323719647,1.0438374407357658,-1.671475140861001,2.7153125815967667,-17.54413916774286,0.9941786840314424,-1.248091508952562,2.2422701929840043,-18.429863598285593,1.065069651880247,-1.4618724421028109,2.526942093983058,-19.063076581212602,1.0451384823429564,-1.5707969384813598,2.615935420824316,-18.284469851216777,0.9957055552079171,-0.9439238443372738,1.939629399545191
2024-08-06 02:00:00,-13.0,0.0,-17.311511263533703,0.9729585876830753,-0.9212152428121565,1.8941738304952318,-16.08566924944395,1.0065807784775727,-1.7711520093351982,2.777732787812771,-17.09334148887674,1.0388197799079797,-1.5084345548628169,2.5472543347707965,-17.688253854024794,1.0313193831716767,-1.6312633555981744,2.662582738769851,-16.570273912950746,0.9738652547921145,-1.2211336524999576,2.194998907292072,-17.3831467512577,1.0467168470278925,-1.4267032078818336,2.473420054909726,-18.03187526356531,1.0312013176472903,-1.533007235459405,2.5642085531066954,-17.311511263533703,0.9729585876830753,-0.9212152428121565,1.8941738304952318
2024-08-06 03:00:00,-13.0,3.0,-16.856643533427143,0.45486773010656156,-1.3954096026925407,1.8502773327991022,-15.655121244737138,0.43054800470681,-2.295989819690083,2.726537824396893,-16.659138931640395,0.4342025572363437,-2.0608246805421357,2.4950272377784795,-17.205995909016423,0.48225794500836905,-2.1287350664296163,2.6109930114379853,-16.11575297558076,0.4545209373699848,-1.6946608256239135,2.1491817629938983,-16.947347066677928,0.4357996845797718,-1.985578772998748,2.4213784575785198,-17.543201759005722,0.4886735045595887,-2.0250042212638117,2.5136777258234004,-16.856643533427143,0.45486773010656156,-1.3954096026925407,1.8502773327991022
2024-08-06 04:00:00,-10.0,0.0,-15.984465942345985,0.8721775910811576,-0.9577542303348896,1.8299318214160472,-14.791738610830441,0.8633826339066981,-1.841402802160126,2.704785436066824,-15.754046044982903,0.9050928866574919,-1.5682649493434158,2.4733578360009076,-16.314919342935127,0.8910765660812958,-1.6959656191153745,2.5870421851966703,-15.253973249117399,0.8617797264633624,-1.2661837260427153,2.1279634525060778,-16.03076475709414,0.9165823095837866,-1.483291818543878,2.3998741281276645,-16.64710663282659,0.8960951261791341,-1.5938122782393287,2.489907404418463,-15.984465942345985,0.8721775910811576,-0.9577542303348896,1.8299318214160472
2024-08-06 05:00:00,-10.0,-4.0,-16.244361027826514,-0.2598950854805311,-2.051130387804166,1.7912353023236347,-15.109853943706797,-0.31811533287635596,-2.9795429793473036,2.6614276464709476,-16.123462479910163,-0.3694164349272606,-2.7979083532568128,2.428491918329552,-16.562683481551872,-0.24776413861674484,-2.790842296852981,2.543078158236236,-15.511783834562946,-0.2578105854455468,-2.3458327371408862,2.0880221516953394,-16.41104318856463,-0.3802784314704888,-2.7352372508561626,2.354958819385674,-16.882664764873567,-0.23555813204697795,-2.682170588332471,2.446612456285493,-16.244361027826514,-0.2598950854805311,-2.051130387804166,1.7912353023236347
2024-08-06 06:00:00,-14.0,-1.0,-15.330887235358958,0.9134737924675567,-0.8892492054983123,1.802722997965869,-14.142185066493749,0.9676688772130482,-1.7096932876513629,2.677362164864411,-15.13280009147058,0.9906623884395824,-1.456092091315382,2.4467544797549645,-15.58207767706962,0.9806058044822517,-1.574658750213469,2.5552645546957207,-14.584952450227167,0.9268313843357789,-1.1730999642776225,2.0999313486134015,-15.414697884371199,0.9963453041934305,-1.3771968103978838,2.3735421145913143,-15.904520180453522,0.9781445844200447,-1.4798121034059064,2.457956687825951,-15.330887235358958,0.9134737924675567,-0.8892492054983123,1.802722997965869
2024-08-06 07:00:00,-15.0,-4.0,-14.526932039631076,0.803955195727882,-0.958553369462337,1.762508565190219,-13.325203931114961,0.8169811353787868,-1.8120578255750266,2.6290389609538134,-14.286593215029235,0.8462068764413442,-1.551727235306451,2.3979341117477952,-14.744713274023272,0.8373644030463467,-1.6698390891466246,2.5072034921929713,-13.781257863888323,0.8036945863388445,-1.2535810610938085,2.057275647432653,-14.560269954050893,0.8544279303203051,-1.4705801767331113,2.3250081070534163,-15.064737588038536,0.8397825924149855,-1.5712394233553675,2.411022015770353,-14.526932039631076,0.803955195727882,-0.958553369462337,1.762508565190219
2024-08-06 08:00:00,-19.0,2.0,-13.730627706070914,0.7963043335601624,-0.9311865049749536,1.727490838535116,-12.526943569445196,0.7982603616697657,-1.7903230132379715,2.588583374907737,-13.454732922396392,0.831860292632844,-1.5247618969463503,2.3566221895791943,-13.927109379946307,0.8176038940769661,-1.6489202004041503,2.4665240944811164,-12.994278356911297,0.7869795069770265,-1.2336619076673003,2.020641414644327,-13.718629339747132,0.8416406143037618,-1.4421458873482156,2.2837865016519774,-14.24325075625446,0.8214868317840771,-1.5496005529945858,2.371087384778663,-13.730627706070914,0.7963043335601624,-0.9311865049749536,1.727490838535116
2024-08-06 09:00:00,-17.0,4.0,-13.00774347834629,0.7228842277246236,-0.9702684989553129,1.6931527266799364,-11.843048830077326,0.6838947393678707,-1.865463055380385,2.5493577947482557,-12.727128679322961,0.7276042430734304,-1.5887563115556353,2.3163605546290658,-13.218109232247041,0.7090001476992649,-1.7181255518584448,2.4271256995577097,-12.289919417432289,0.7043589394790082,-1.280729070427888,1.9850880099068962,-12.977759960246534,0.7408693795005972,-1.5026728994849075,2.2435422789855046,-13.525542748651254,0.717708007603205,-1.6146374485687163,2.3323454561719212,-13.00774347834629,0.7228842277246236,-0.9702684989553129,1.6931527266799364
2024-08-06 10:00:00,-13.0,2.0,-12.292466571022327,0.7152769073239631,-0.9470022205754529,1.662279127899416,-11.147789347637332,0.6952594824399942,-1.8207307129405805,2.515990195380575,-11.996358592793332,0.7307700865296285,-1.5506591800273908,2.2814292665570193,-12.501818021769543,0.7162912104774992,-1.6769262473111677,2.393217457788667,-11.591700401318523,0.6982190161137665,-1.255315751992861,1.9535347681066275,-12.235987308105912,0.7417726521406216,-1.4666399807300161,2.2084126328706377,-12.8027034472478,0.7228393014034529,-1.575919707653295,2.298759009056748,-12.292466571022327,0.7152769073239631,-0.9470022205754529,1.662279127899416
2024-08-06 11:00:00,-11.0,3.0,-11.593561446916794,0.6989051241055321,-0.9331049133552681,1.6320100374608002,-10.45950731961301,0.6882820280243211,-1.7940113943020397,2.482293422326361,-11.277648651720263,0.718709941073068,-1.5279031752890435,2.2466131163621115,-11.79493255154378,0.7068854702257623,-1.6523172667426602,2.3592027369684225,-10.906310419619269,0.6853899816992548,-1.2371160842722093,1.9225060659714641,-11.507586400026401,0.7284009080795115,-1.4451169621448796,2.173517870224391,-12.09031781406017,0.7123856331876308,-1.5527930033481103,2.265178636535741,-11.593561446916794,0.6989051241055321,-0.9331049133552681,1.6320100374608002
2024-08-06 12:00:00,-8.0,4.0,-10.92581542646121,0.6677460204555853,-0.9349564005130134,1.6027024209685987,-9.807919841967067,0.6515874776459434,-1.7975711109103845,2.449158588556328,-10.595950862039807,0.6816977896804561,-1.530934874154666,2.212632663835122,-11.124655029214741,0.6702775223290396,-1.655595830767036,2.3258733530960756,-10.254017371222004,0.6522930483972649,-1.239996027552779,1.892289075950044,-10.81604823425757,0.6915381657688309,-1.447984394797474,2.139522560566305,-11.413866255693234,0.6764515583669353,-1.555874089154419,2.232325647521354,-10.92581542646121,0.6677460204555853,-0.9349564005130134,1.6027024209685987
2024-08-06 13:00:00,-4.0,4.0,-10.29028377497327,0.6355316514879397,-0.9394178153509538,1.5749494668388935,-9.196073152611566,0.6118466893555012,-1.8061487412919386,2.41799543064744,-9.953549613495161,0.6424012485446453,-1.5382401726260455,2.180641421170691,-10.493661988422641,0.6309930407920996,-1.6634959850426405,2.29448902583474,-9.636014514734248,0.618002856487756,-1.2457506780579177,1.8637535345456737,-10.163446470899293,0.6526017633582775,-1.454893871068786,2.1074956344270634,-10.77581269046,0.6380535652332329,-1.5632983923021508,2.2013519575353837,-10.29028377497327,0.6355316514879397,-0.9394178153509538,1.5749494668388935
2024-08-06 14:00:00,0.0,3.0,-9.678264196138198,0.6120195788350715,-0.9367409664481896,1.5487605452832611,-8.608160730949058,0.5879124216625082,-1.8010021630630062,2.3889145847255144,-9.336699087239218,0.6168505262559434,-1.5338569935432178,2.150707519799161,-9.887278961256882,0.6063830271657589,-1.6587558924772778,2.2651389196430367,-9.03794196026206,0.5980725544721883,-1.2388455137598904,1.8369180682320787,-9.536701197406833,0.6267452734924603,-1.450748185305999,2.0774934587984593,-10.162321738195983,0.6134909522640168,-1.5588438104135116,2.1723347626775285,-9.678264196138198,0.6120195788350715,-0.9367409664481896,1.5487605452832611
2024-08-06 15:00:00,3.0,-1.0,-9.123557764196772,0.554706431941427,-0.9690416098748793,1.5237480418163063,-8.110127866138743,0.49803286481031384,-1.863104207025458,2.361137071835772,-8.80128754242487,0.5354115448143473,-1.5867473544760062,2.1221588992903535,-9.366120425265933,0.5211585359909501,-1.7159530094326536,2.2371115454236037,-8.51006575589155,0.5278762043705107,-1.283257116560399,1.8111333209309097,-8.98859152858727,0.5481096688195632,-1.5007727935102968,2.04888246232986,-9.63030134253374,0.5320203956622434,-1.6125957652030902,2.1446161608653336,-9.123557764196772,0.554706431941427,-0.9690416098748793,1.5237480418163063
2024-08-06 16:00:00,2.0,-2.0,-8.552486679377964,0.5710710848188087,-0.9301826866364169,1.5012537714552256,-7.560787663290773,0.5493402028479699,-1.7883930464021218,2.3377332492500917,-8.226871735666403,0.574415806758467,-1.52311820479029,2.097534011548757,-8.800100376842078,0.5660200484238551,-1.6471426656921393,2.2131627141159944,-7.948739374356379,0.561326381535171,-1.2271999926361403,1.7885263741713113,-8.405158985157295,0.5834325434299754,-1.4405912551871705,2.024023798617146,-9.057508789206215,0.5727925533275244,-1.547930084786346,2.1207226381138704,-8.552486679377964,0.5710710848188087,-0.9301826866364169,1.5012537714552256
2024-08-06 17:00:00,0.0,0.0,-8.601455115369962,-0.04896843599199863,-1.5272390704584733,1.4782706344664747,-7.691034326048954,-0.1302466627581813,-2.4423002288910567,2.3120535661328754,-8.368857117363833,-0.1419853816974288,-2.2132603933160597,2.071275011618631,-8.880864066436457,-0.08076368959437863,-2.268062046844834,2.187298357250455,-8.012920124461782,-0.06418075010540458,-1.8288233928398312,1.7646426427344266,-8.546919799329824,-0.1417608141725304,-2.1394906410684937,1.9977298268959633,-9.124703135427469,-0.0671943462212532,-2.16234197362072,2.095147627399467,-8.601455115369962,-0.04896843599199863,-1.5272390704584733,1.4782706344664747
2024-08-06 18:00:00,0.0,-1.0,-8.067285986252575,0.5341691291173865,-0.9460653234594854,1.4802344525768718,-7.191834433080732,0.49919989296822154,-1.8189294105604543,2.318129303528676,-7.840231804403799,0.528625312960034,-1.5491250673484014,2.0777503803084354,-8.365151715489429,0.515712350947028,-1.675267214913291,2.190979565860319,-7.49235060110863,0.5205695233531524,-1.2467958008681996,1.767365324221352,-8.00800593766032,0.5389138616695048,-1.4651889907130407,2.0041028523825455,-8.600923937908242,0.5237791975192265,-1.5743606039922713,2.098139801511498,-8.067285986252575,0.5341691291173865,-0.9460653234594854,1.4802344525768718
2024-08-06 19:00:00,-1.0,-1.0,-7.523729448356847,0.5435565378957276,-0.915326175226075,1.4588827131218025,-6.656778029630898,0.5350564034498346,-1.7598295372315464,2.294885940681381,-7.285330179537963,0.5549016248658358,-1.4987915608805957,2.0536931857464316,-7.818460249948082,0.5466914655413464,-1.6208351519543767,2.167526617495723,-6.952942239873554,0.5394083612350751,-1.205933842972634,1.7453422042077091,-7.445659249628495,0.5623466880318253,-1.4175826992037017,1.979929387235527,-8.049258711442171,0.5516652264660702,-1.5232071553043989,2.074872381770469,-7.523729448356847,0.5435565378957276,-0.915326175226075,1.4588827131218025
2024-08-06 20:00:00,-2.0,0.0,-7.015258740691309,0.5084707076655379,-0.9288442621850348,1.4373149698505727,-6.172494696157274,0.4842833334736236,-1.7858197572876555,2.270103090761279,-6.777665908641071,0.5076642708968924,-1.5209266152488758,2.028590886145768,-7.32043023191187,0.4980300180362114,-1.6447726194094578,2.1428026374456692,-6.453033792823769,0.49990844704978543,-1.2227593069152864,1.7226677539650719,-6.929316459130786,0.5163427904977089,-1.4385184123057768,1.9548612028034857,-7.544455024511502,0.5048036869306689,-1.5457027938420265,2.0505064807726954,-7.015258740691309,0.5084707076655379,-0.9288442621850348,1.4373149698505727
2024-08-06 21:00:00,-2.0,1.0,-6.5583868184931635,0.45687192219814576,-0.9604128714401422,1.417284793638288,-5.7208094177846744,0.4516852783726,-1.7961026790008239,2.247787957373424,-6.315226735302689,0.46243917333838125,-1.5433215144262813,2.0057606877646625,-6.855781297572168,0.4646489343397018,-1.6557538688158642,2.120402803155566,-5.998489929610631,0.4545438632131371,-1.247242214457763,1.7017860776709002,-6.461721100865363,0.46759535826542287,-1.4643890583315016,1.9319844165969244,-7.0753272169658326,0.46912780754566996,-1.5592086450373384,2.0283364525830083,-6.5583868184931635,0.45687192219814576,-0.9604128714401422,1.417284793638288
2024-08-06 22:00:00,-1.0,-1.0,-6.077317322232076,0.48106949626108675,-0.9183376302416847,1.3994071265027714,-5.259354614152155,0.4614548036325199,-1.7656194377390957,2.2270742413716156,-5.833872618278427,0.4813541170242621,-1.5037226373487769,1.985076754373039,-6.382338581955188,0.47344271561698026,-1.6261677560904095,2.09961047170739,-5.524544627717762,0.47394530189286965,-1.2089645490750742,1.6829098509679439,-5.972584111346556,0.48913698951880713,-1.4222465956868373,1.9113835852056444,-6.595704505274759,0.4796227116910732,-1.528218559929118,2.007841271620191,-6.077317322232076,0.48106949626108675,-0.9183376302416847,1.3994071265027714
2024-08-06 23:00:00,-2.0,1.0,-5.600650878445535,0.47666644378654144,-0.9040387956860853,1.3807052394726267,-4.79147122367943,0.46788339047272487,-1.7381281323662146,2.2060115228389394,-5.350521109247172,0.48335150903125523,-1.4803091557480055,1.9636606647792607,-5.904656338960302,0.47768224299488593,-1.6008477616370975,2.0785300046319835,-5.051283067029715,0.4732615606880468,-1.1900784719011903,1.6633400325892371,-5.482733969533223,0.48985014181333275,-1.4001017242372826,1.8899518660506154,-6.1131329917815025,0.4825715134932569,-1.5044236683406373,1.9869951818338942,-5.600650878445535,0.47666644378654144,-0.9040387956860853,1.3807052394726267
2024-08-07 00:00:00,-1.0,0.0,-5.152005411625961,0.4486454668195744,-0.9136531446618471,1.3622986114814215,-4.363326596834808,0.4281446268446216,-1.7566129258384637,2.1847575526830854,-4.904300599075996,0.44622051017117603,-1.4960520739538283,1.9422725841250044,-5.465160370958802,0.43949596800149937,-1.617872594101025,2.0573685621025244,-4.6117793366990405,0.4395037303306739,-1.204408919719927,1.643912650050601,-5.029115619080414,0.4536183504528093,-1.4149916456019598,1.868609996054769,-5.667425320363878,0.44570767141762424,-1.5204230416239994,1.9661307130416237,-5.152005411625961,0.4486454668195744,-0.9136531446618471,1.3622986114814215
2024-08-07 01:00:00,-1.0,0.0,-4.73652125280938,0.41548415881658063,-0.9296027027074848,1.3450868615240654,-3.9852056577301527,0.3781209391046556,-1.78727795445252,2.1653988935571755,-4.50383761436216,0.4004629847138361,-1.5221685159890106,1.9226315007028467,-5.073281598956166,0.391878772002636,-1.6461156456363109,2.037994417638947,-4.20946219945205,0.40231713724699114,-1.2236560896502449,1.625973226897236,-4.619853892983769,0.4092617260966449,-1.4396930232718999,1.8489547493685448,-5.267432330319384,0.39999299004449407,-1.546964925377141,1.946957915421635,-4.73652125280938,0.41548415881658063,-0.9296027027074848,1.3450868615240654
2024-08-07 02:00:00,-1.0,0.0,-4.300429301503067,0.4360919513063132,-0.8931529434815103,1.3292448947878235,-3.5540306664643593,0.4311749912657934,-1.7171987142352227,2.148373705501016,-4.0612323501691,0.44260526419306,-1.4624842274778391,1.9050894916708991,-4.6340563218478605,0.4392252771083056,-1.5815713852046227,2.0207966623129283,-3.7759886747730333,0.43347352467901645,-1.1761644232067388,1.6096379478857552,-4.1717858487290815,0.4480680442546876,-1.3832426021352817,1.8313106463899693,-4.823909112107046,0.4435232182123381,-1.4863083686601717,1.9298315868725098,-4.300429301503067,0.4360919513063132,-0.8931529434815103,1.3292448947878235
2024-08-07 03:00:00,-1.0,0.0,-3.8804849083645307,0.4199443931385366,-0.8927737232202854,1.312718116358822,-3.141458567490477,0.41257209897388236,-1.7164696156527905,2.129041714626673,-3.63730062979612,0.42393172037298044,-1.461863277107772,1.8857949974807524,-4.213348499101011,0.4207078227468499,-1.5808998720911966,2.0016076948380466,-3.357777428205784,0.4182112465672494,-1.17391867785834,1.5921299244255893,-3.7423506187186684,0.42943523001041295,-1.3826552966522203,1.8120905266626333,-4.398656514554335,0.42525259755271105,-1.4856773028926147,1.9109299004453257,-3.8804849083645307,0.4199443931385366,-0.8927737232202854,1.312718116358822
2024-08-07 04:00:00,-1.0,1.0,-3.554807936163267,0.32567697220126335,-0.9712240300827022,1.2969010022839655,-2.8195966723550745,0.3218618951354024,-1.7887636997003735,2.110625594835776,-3.3144489909654857,0.32285163883063417,-1.5445549769051248,1.867406615735759,-3.879971969437369,0.33337652966364195,-1.6499370264301387,1.9833135560937807,-3.0321611620316773,0.3256162661741071,-1.2497128209189772,1.5753290870930843,-3.4166408043217897,0.3257098143968784,-1.4680550132365988,1.7937648276334772,-4.061237711869781,0.33741880268455415,-1.5554754058524367,1.8928942085369909,-3.554807936163267,0.32567697220126335,-0.9712240300827022,1.2969010022839655
2024-08-07 05:00:00,0.0,3.0,-3.1642865505318603,0.39052138563140704,-0.8941790688942367,1.2847004545256437,-2.442454157786159,0.3771425145689158,-1.7191715692229803,2.096314083791896,-2.9251503411689255,0.38929864979656026,-1.4641644461262566,1.8534630959228169,-3.4944837977858643,0.3854881716515046,-1.583388420688012,1.9688765923395166,-2.6473985330149907,0.38476262901668656,-1.1775471507120918,1.5623097797287784,-3.021544975270337,0.3950958290514526,-1.3848317816776836,1.7799276107291362,-3.670609125988057,0.3906285858817242,-1.4880159583841504,1.8786445442658746,-3.1642865505318603,0.39052138563140704,-0.8941790688942367,1.2847004545256437
2024-08-07 06:00:00,3.0,1.0,-2.777366124857568,0.3869204256742921,-0.8832262954670925,1.2701467211413846,-2.0609611637205316,0.3814929940656273,-1.6981134866362648,2.079606480701892,-2.5346609690717674,0.39048937209715784,-1.4462299383790194,1.8367193104761772,-3.106228673722493,0.38825512406337115,-1.5639935419414028,1.952248666004774,-2.2619190704298546,0.3854794625851361,-1.1615157588944218,1.546995221479558,-2.6261994298646787,0.39534554540565847,-1.3678690174316128,1.7632145628372713,-3.278183420090734,0.39242570589732306,-1.4697892941564685,1.8622150000537916,-2.777366124857568,0.3869204256742921,-0.8832262954670925,1.2701467211413846
2024-08-07 07:00:00,4.0,-7.0,-2.435834918172756,0.3415312066848123,-0.914277742739159,1.2558089494239713,-1.7560008011694546,0.30496036255107706,-1.7578137940918812,2.0627741566429583,-2.211735150560533,0.32292581851123425,-1.4970748157398215,1.8200006342510557,-2.7896346277671915,0.3165940459553016,-1.6189786156996095,1.9355726616549112,-1.9324744514860877,0.329444618943767,-1.2022831540858077,1.5317277730295746,-2.2955885396526883,0.3306108902119904,-1.4159589722799435,1.746569862491934,-2.953863337573849,0.32432008251688504,-1.5214624440646822,1.8457825265815673,-2.435834918172756,0.3415312066848123,-0.914277742739159,1.2558089494239713
2024-08-07 08:00:00,-3.0,1.0,-2.0670068622792943,0.36882805589346157,-0.8743926940879703,1.2432207499814318,-1.3877627645734343,0.3682380365960203,-1.6811297784807877,2.049367815076808,-1.8372681836818918,0.3744669668786411,-1.431765447405688,1.8062324142843291,-2.415958337476682,0.3736762902905095,-1.5483512364757064,1.922027526766216,-1.5647638950459355,0.36771055644015216,-1.1510291090537166,1.5187396654938687,-1.917065589703137,0.37852294994955127,-1.3541882544144153,1.7327112043639665,-2.576695634647395,0.37716770292645374,-1.4550891739239598,1.8322568768504135,-2.0670068622792943,0.36882805589346157,-0.8743926940879703,1.2432207499814318
2024-08-07 09:00:00,-2.0,0.0,-4.24777594957805,-2.1807690872987555,-3.4104667419166796,1.2296976546179244,-3.7662846557915146,-2.3785218912180803,-4.411759870935869,2.033237979717789,-4.409382120294406,-2.572113936612514,-4.362446086864768,1.790332150252254,-4.741464202112701,-2.3255058646360194,-4.231607251228966,1.9061013865929464,-3.7642360302728797,-2.1994721352269444,-3.7037803954888417,1.5043082602618973,-4.52718106191718,-2.6101154722140434,-4.327027406092872,1.7169119338788292,-4.871522173888198,-2.2948265392408027,-4.11141633313532,1.816589793894518,-4.24777594957805,-2.1807690872987555,-3.4104667419166796,1.2296976546179244
2024-08-07 10:00:00,-2.0,-4.0,-4.800246895121971,-0.5524709455439205,-1.863200628283499,1.3107296827395785,-4.388374679883663,-0.6220900240921483,-2.7606373554586967,2.1385473313665484,-5.089522363864731,-0.6801402435703245,-2.581103893762149,1.9009636501918243,-5.319191152517276,-0.5777269504045748,-2.5840186478765332,2.0062916974719585,-4.319144533371728,-0.5549085030988481,-2.1465650705165613,1.5916565674177132,-5.21676204526618,-0.6895809833489996,-2.5169080620493776,1.827327078700378,-5.439265701289807,-0.56774352740161,-2.480698102827765,1.9129545754261548,-4.800246895121971,-0.5524709455439205,-1.863200628283499,1.3107296827395785
2024-08-07 11:00:00,-6.0,2.0,-4.322470795572621,0.47777609954934985,-0.8538924929076335,1.3316685924569833,-3.86356117086639,0.5248135090172728,-1.6417155668775467,2.1665290758948195,-4.556947759705207,0.5325746041595234,-1.3981976009296988,1.9307722050892222,-4.799661195819888,0.5195299566973883,-1.512050027579304,2.0315799842766924,-3.8277748307415047,0.4913697026302233,-1.1227134990258882,1.6140832016561115,-4.682128405052387,0.5346336402137934,-1.3224392109477372,1.8570728511615306,-4.923060569315675,0.5162051319741328,-1.420974500960132,1.9371796329342648,-4.322470795572621,0.47777609954934985,-0.8538924929076335,1.3316685924569833
2024-08-07 12:00:00,-4.0,7.0,-3.8450559049990956,0.4774148905735258,-0.8361360618526299,1.3135509524261557,-3.3282269150320536,0.5353342558343366,-1.6075765979589614,2.142910853793298,-4.018658951168074,0.5382888085371331,-1.3691225130136078,1.907411321550741,-4.271436684235178,0.5282245115847091,-1.4806074135623986,2.0088319251471076,-3.332020529640478,0.4957543011010266,-1.0984622338534658,1.5942165349544923,-4.14307793004371,0.5390504750086764,-1.2949394953879159,1.8339899703965923,-4.399338966096065,0.5237216032196106,-1.3914257744321592,1.9151473776517698,-3.8450559049990956,0.4774148905735258,-0.8361360618526299,1.3135509524261557
2024-08-07 13:00:00,3.0,3.0,-3.387940940726176,0.4571149642729194,-0.8384559975683591,1.2955709618412785,-2.8213113542413777,0.5069155607906759,-1.6120369657573694,2.1189525265480453,-3.507635947037448,0.5110230041306265,-1.3729212682187253,1.8839442723493518,-3.7703177017881444,0.5011189824470341,-1.4847154937857128,1.985834476232747,-2.8588599686530145,0.4731605609874634,-1.1011367051962466,1.57429726618371,-3.6307478117817102,0.5123301182620001,-1.298532423048998,1.8108625413109982,-3.9017022941964425,0.4976366718996219,-1.3952864120689796,1.8929230839686015,-3.387940940726176,0.4571149642729194,-0.8384559975683591,1.2955709618412785
2024-08-07 14:00:00,6.0,3.0,-2.9622241686748714,0.42571677205130454,-0.8527548321239585,1.278471604175263,-2.364449427660029,0.4568619265813485,-1.6395282711302501,2.0963901977115986,-3.042170399701641,0.4654655473358067,-1.3963347498194967,1.8618002971553034,-3.3162136804850233,0.4541040213031209,-1.5100354882390248,1.9641395095421457,-2.4229577575702828,0.43590221108273175,-1.1195003921159705,1.5554026031987023,-3.162407564330187,0.4683402474515235,-1.3206772944985525,1.789017541950076,-3.448857710156001,0.45284458404044137,-1.41908130365746,1.8719258876979015,-2.9622241686748714,0.42571677205130454,-0.8527548321239585,1.278471604175263
2024-08-07 15:00:00,9.0,1.0,-2.5636620751913424,0.3985620934835291,-0.8640868258123277,1.2626489192958568,-1.9496057052780926,0.41484372238193656,-1.6613154522993978,2.0761591746813344,-2.6153162354506545,0.4268541642509869,-1.414890207936801,1.841744372187788,-2.9017326826703176,0.4144809978147057,-1.5301018800990602,1.944582877913766,-2.0197988329833834,0.40315892458689917,-1.1349378008891602,1.5380967254760594,-2.7314707450829516,0.4309368192472356,-1.338227364227685,1.7691641834749205,-3.033876333505206,0.41498137665079526,-1.4379390336526992,1.8529204103034944,-2.5636620751913424,0.3985620934835291,-0.8640868258123277,1.2626489192958568
2024-08-07 16:00:00,10.0,3.0,-2.1668190827351217,0.3968429924562207,-0.8510818015597308,1.2479247940159515,-1.528043564031886,0.4215621412462067,-1.6363116597371674,2.057873800983374,-2.185463898592836,0.42985233685781865,-1.3935952628927295,1.8234475997505482,-2.4819875306190706,0.41974515205124674,-1.5070729303856731,1.9268180824369199,-1.6142782488812768,0.40552058410210656,-1.1166563933699036,1.5221769774720102,-2.2985627382473828,0.43290800683556885,-1.3180862408968106,1.7509942477323794,-2.6145843559687467,0.41929197753645897,-1.4162971899770607,1.8355891675135196,-2.1668190827351217,0.3968429924562207,-0.8510818015597308,1.2479247940159515
2024-08-07 17:00:00,13.0,2.0,-1.797288248428056,0.3695308343070657,-0.8638191409220511,1.2333499752291168,-1.1494692095572143,0.3785743544746716,-1.6608007944765044,2.039375148951176,-1.7948011723416404,0.3906627262511957,-1.4144518900285183,1.805114616279714,-2.1027046601650135,0.37928287045405695,-1.529627870842524,1.908910741296581,-1.2415319109502485,0.3727463379310283,-1.1335011807125253,1.5062475186435536,-1.90353990214773,0.39502283609965283,-1.337812795651406,1.732835631751059,-2.2339173260271217,0.3806670299416248,-1.4374935754638352,1.81816060540546,-1.797288248428056,0.3695308343070657,-0.8638191409220511,1.2333499752291168
2024-08-07 18:00:00,15.0,0.0,-1.4395791343648034,0.35770911406325256,-0.8621461103578235,1.219855224421076,-0.784219361078607,0.3652498484786073,-1.6575841830834217,2.022834031562029,-1.4179801814962862,0.37682099084535414,-1.4117124031017512,1.7885333939471053,-1.7365684524885288,0.3661362076764847,-1.5266653129891723,1.892801520665657,-0.8796820091335587,0.36184990181668986,-1.1298294848186183,1.4916793866353082,-1.5224129235754966,0.3811269785722333,-1.3352217420496642,1.7163487206218975,-1.8662172342124332,0.36770009181468843,-1.4347094617834357,1.8024095535981242,-1.4395791343648034,0.35770911406325256,-0.8621461103578235,1.219855224421076
2024-08-07 19:00:00,15.0,-2.0,-1.0861625903018484,0.3534165440629551,-0.8534463514238393,1.2068628954867944,-0.4181382200750625,0.3660811410035445,-1.6408578038393913,2.006938944842936,-1.042835096023902,0.37514508547238434,-1.3974670710825607,1.772612156554945,-1.3705130357110011,0.3660554167775276,-1.5112600121517434,1.877315428929271,-0.5213814617805761,0.35830054735298256,-1.1193042940889903,1.477604841441973,-1.1436447141146333,0.3787682094608633,-1.321748263320606,1.7005164727814692,-1.499189200818173,0.36702803339426016,-1.4202320706453586,1.7872601040396188,-1.0861625903018484,0.3534165440629551,-0.8534463514238393,1.2068628954867944
2024-08-07 20:00:00,13.0,-3.0,-0.7428149964159426,0.34334759388590574,-0.8507471954468854,1.1940947893327911,-0.06273596469742193,0.3554022553776406,-1.6356683374585508,1.9910705928361914,-0.6790500257535186,0.3637850702703833,-1.393047365507376,1.7568324357777594,-1.0150971104834448,0.3554159252275564,-1.506480418815003,1.8618963440425593,-0.17475194389242898,0.3466295178881471,-1.1171045703488502,1.4637340882369974,-0.7763578542093068,0.3672868599053265,-1.3175680301764623,1.6848548900817888,-1.1427274642074736,0.35646173661069946,-1.415740367240981,1.7722021038516804,-0.7428149964159426,0.34334759388590574,-0.8507471954468854,1.1940947893327911
2024-08-07 21:00:00,10.0,-3.0,-3.0680503657970286,-2.325235369381086,-3.5069908460623465,1.1817554766812604,-2.573754782940774,-2.511018818243352,-4.486744205498635,1.9757253872552827,-3.3976312658603054,-2.718581240106787,-4.460179168604693,1.7415979284979062,-3.4907978762719853,-2.4757007657885404,-4.322687021962754,1.8469862561742132,-2.5159306941731936,-2.341178750280765,-3.791556152126058,1.4503774018452933,-3.5368962177243706,-2.7605383635150638,-4.430275603765895,1.669737240250831,-3.5888394494903224,-2.446111985282849,-4.203750568121288,1.7576385828384393,-3.0680503657970286,-2.325235369381086,-3.5069908460623465,1.1817554766812604
2024-08-07 22:00:00,7.0,-3.0,-4.931723849087554,-1.8636734832905253,-3.130246460579046,1.2665729772885208,-4.58523705128088,-2.011482268340106,-4.096897847709257,2.0854155793691507,-5.563375762260345,-2.16574449640004,-4.022795123775656,1.857050627375616,-5.451540756204128,-1.9607428799321434,-3.912832895059456,1.9520900151273128,-4.39274075538569,-1.876810061212496,-3.4185898091284055,1.5417797479159094,-5.731983528545966,-2.1950873108215947,-3.980117525414254,1.785030214592659,-5.526213839126098,-1.9373743896357751,-3.7961593518887566,1.8587849622529815,-4.931723849087554,-1.8636734832905253,-3.130246460579046,1.2665729772885208
2024-08-07 23:00:00,4.0,-4.0,-4.956767521104543,-0.025043672016989094,-1.3617197453220562,1.336676073305067,-4.60175803932181,-0.016520988040929385,-2.1919428604065,2.1754218723655705,-5.588984791929018,-0.025609029668673067,-1.9772859022196605,1.9516768725509874,-5.4491549685649705,0.0023857876391573107,-2.035009705527979,2.0373954931671365,-4.409861330149255,-0.01712057476356521,-1.6341899527759938,1.6170693780124286,-5.759532698765037,-0.027549170219071106,-1.907003367938776,1.8794541977197048,-5.5231753318587735,0.003038507267324242,-1.9378645763765792,1.9409030836439034,-4.956767521104543,-0.025043672016989094,-1.3617197453220562,1.336676073305067
2024-08-08 00:00:00,0.0,1.0,-6.4937580756172935,-1.5369905545127511,-2.874621516014651,1.3376309615018998,-6.2344039057231075,-1.632645866401298,-3.8088148640878394,2.1761689976865415,-7.36219054021633,-1.7732057482873125,-3.726015602936247,1.9528098546489345,-7.044415850598213,-1.5952608820332426,-3.6325514689135434,2.037290586880301,-5.944927920332883,-1.535066590183628,-3.152831033436447,1.6177644432528189,-7.559428468329449,-1.799895769564411,-3.6805504857931988,1.8806547162287877,-7.1034047649283005,-1.5802294330695272,-3.521002335966285,1.940772902896758,-6.4937580756172935,-1.5369905545127511,-2.874621516014651,1.3376309615018998
2024-08-08 01:00:00,1.0,-1.0,-5.957990733679837,0.5357673419374571,-0.861119984945097,1.3968873268825541,-5.639380726759046,0.5950231789640619,-1.6556113280956641,2.250634507059726,-6.740164086086503,0.6220264541298266,-1.4100321844533337,2.0320586385831603,-6.46122490060593,0.5831909499922834,-1.524848277505783,2.1080392274980664,-5.396184949705906,0.5487429706269769,-1.1319494989253454,1.6806924695523222,-6.933141132312806,0.6262873360166428,-1.3336325625072623,1.959919898523905,-6.527341645921747,0.5760631190065533,-1.4330018720594573,2.0090649910660106,-5.957990733679837,0.5357673419374571,-0.861119984945097,1.3968873268825541
2024-08-08 02:00:00,0.0,-1.0,-5.446348657871987,0.5116420758078495,-0.8644437389993629,1.3760858148072124,-5.078032164171177,0.5613485625878687,-1.662001662729922,2.2233502253177906,-6.1515594022520474,0.5886046838344561,-1.4154746318145113,2.0040793156489674,-5.9099236879872015,0.5513012126187282,-1.5307338924411085,2.0820351050598367,-4.874707566911032,0.5214773827948742,-1.1365822076014462,1.6580595903963204,-6.3397678792657235,0.5933732530470828,-1.3387801223293898,1.9321533753764726,-5.981841874740168,0.5454997711815797,-1.4385329779045175,1.9840327490860972,-5.446348657871987,0.5116420758078495,-0.8644437389993629,1.3760858148072124
2024-08-08 03:00:00,-1.0,1.0,-4.977290502766442,0.4690581551055448,-0.8873084900438082,1.356366645149353,-4.586231584051449,0.49180058011972916,-1.7059620184353865,2.1977625985551157,-5.626691745771305,0.5248676564807417,-1.4529142864803317,1.9777819429610735,-5.423544554491469,0.48637913349573214,-1.5712221831035809,2.057601316599313,-4.405190355738083,0.4695172111729493,-1.167176248885081,1.6366934600580303,-5.807930215561974,0.531837663703749,-1.3741911882198632,1.9060288519236122,-5.497951141897833,0.48389073284233497,-1.4765825315366432,1.9604732643789782,-4.977290502766442,0.4690581551055448,-0.8873084900438082,1.356366645149353
2024-08-08 04:00:00,0.0,1.0,-5.132604289169935,-0.1553137864034928,-1.4937275212441143,1.3384137348406215,-4.743706449358472,-0.1574748653070226,-2.3329417095996363,2.1754668442926137,-5.805403439064799,-0.17871169329349335,-2.133190358865371,1.9544786655718778,-5.559513212817232,-0.13596865832576288,-2.1721332910124684,2.0361646326867056,-4.553067198666992,-0.14787684292890924,-1.7654516380166132,1.617574795087704,-5.991539679806524,-0.18360946424455005,-2.066374141834952,1.882764677590402,-5.633024201893617,-0.13507305999578456,-2.0747654350426434,1.9396923750468589,-5.132604289169935,-0.1553137864034928,-1.4937275212441143,1.3384137348406215
2024-08-08 05:00:00,1.0,0.0,-5.592279614553815,-0.45967532538388034,-1.804020354129374,1.3443450287454937,-5.231315320602931,-0.4876088712444595,-2.6702024591671414,2.182593587922682,-6.339055646330161,-0.5336522072653627,-2.4960498780997664,1.9623976708344038,-6.017568240399106,-0.45805502758187355,-2.5002010417309766,2.042146014149103,-5.006805703993241,-0.4537385053262495,-2.07732270433662,1.6235841990103703,-6.534720899148542,-0.5431812193420178,-2.4339613801060964,1.8907801607640786,-6.087467413779697,-0.45444321188607995,-2.3999252156811464,1.9454820037950664,-5.592279614553815,-0.45967532538388034,-1.804020354129374,1.3443450287454937
2024-08-08 06:00:00,1.0,-3.0,-5.056936406709525,0.53534320784429,-0.8266332482478166,1.3619764560921066,-4.615886647950454,0.6154286726524769,-1.589306245246251,2.204734917898728,-5.706477921746108,0.6325777245840525,-1.3535622272695693,1.9861399518536218,-5.418987509650291,0.598580730748814,-1.4637800849553613,2.0623608157041753,-4.451771793417031,0.5550339105762105,-1.0870588106913737,1.6420927212675842,-5.900350749308319,0.6343701498402232,-1.2802223109300215,1.9145924607702447,-5.498055302569806,0.5894121112098913,-1.3756120087274903,1.9650241199373817,-5.056936406709525,0.53534320784429,-0.8266332482478166,1.3619764560921066
2024-08-08 07:00:00,-2.0,-1.0,-4.534375397997055,0.5225610087124699,-0.8188926935039897,1.3414537022164597,-4.013502669814194,0.6023839781362594,-1.5744240565342549,2.1768080346705143,-5.089353313952593,0.6171246077935151,-1.3408875344217257,1.9580121422152408,-4.833096510747514,0.5858909989027776,-1.4500733172871876,2.035964316189965,-3.9093120934608048,0.5424596999562259,-1.0770068647166002,1.6194665646728261,-5.281787945013452,0.6185628042948668,-1.2682343695992955,1.8867971738941622,-4.921089308980273,0.5769659935895328,-1.3627308427661757,1.9396968363557086,-4.534375397997055,0.5225610087124699,-0.8188926935039897,1.3414537022164597
2024-08-08 08:00:00,-3.0,4.0,-4.644447360405136,-0.11007196240808192,-1.431643187916862,1.3215712255087801,-4.100525342935493,-0.08702267312129797,-2.2366681474091528,2.149645474287855,-5.207353119804358,-0.11799980585176462,-2.0487645731665816,1.930764767314817,-4.907136857905212,-0.07404034715769825,-2.084332409844065,2.010292062686367,-4.002030709863187,-0.09271861640238277,-1.6902232874886232,1.5975046710862404,-5.406624473801806,-0.12483652878835372,-1.984726728581285,1.8598901997929314,-4.9975047725807125,-0.07641546360043949,-1.9914789470081697,1.9150634834077302,-4.644447360405136,-0.11007196240808192,-1.431643187916862,1.3215712255087801
2024-08-08 09:00:00,1.0,2.0,-5.809636359776253,-1.1651889993711162,-2.4909359176114334,1.3257469182403172,-5.358580085815164,-1.2580547428796711,-3.4116136850590513,2.15355894217938,-6.5645042187408755,-1.3571510989365172,-3.2931110483592803,1.935959949422763,-6.1252008500339805,-1.2180639921287684,-3.231591323130558,2.01352733100179,-5.170284192223197,-1.16825348236001,-2.7695013137973237,1.6012478314373138,-6.7821257330824025,-1.3755012592805964,-3.240806181684475,1.8653049224038787,-6.202874959217839,-1.2053701866371263,-3.123687156590645,1.918316969953519,-5.809636359776253,-1.1651889993711162,-2.4909359176114334,1.3257469182403172
2024-08-08 10:00:00,3.0,6.0,-5.286170983873296,0.5234653759029563,-0.8468880716120667,1.370353447515023,-4.776296632351675,0.582283453463488,-1.6282486871785067,2.2105321406419947,-5.955019406775371,0.609484811965505,-1.3867282823296327,1.9962130942951377,-5.557722351243398,0.5674784987905823,-1.4996467853666051,2.0671252841571874,-4.634755313708657,0.5355288785145402,-1.113258026539,1.6487869050535402,-6.168229334897661,0.6138963981847414,-1.3115913332017775,1.9254877313865189,-5.642190841561124,0.5606841176567143,-1.4093183450181928,1.970002462674907,-5.286170983873296,0.5234653759029563,-0.8468880716120667,1.370353447515023
2024-08-08 11:00:00,9.0,0.0,-4.795239292907418,0.49093169096587763,-0.8592908048615415,1.3502224958274192,-4.244321174550575,0.5319754578011,-1.652094499639227,2.184069957440327,-5.393016708950852,0.5620026978245185,-1.407037012080068,1.9690397099045864,-5.0372643899415666,0.5204579613018312,-1.5216092142527853,2.0420671755546165,-4.138722785241257,0.4960325284673994,-1.1308760812132082,1.6269086096806076,-5.6005193774135265,0.5677099574841344,-1.3307996772360244,1.8985096347201589,-5.126273523768374,0.5159173177927501,-1.4299579077688873,1.9458752255616374,-4.795239292907418,0.49093169096587763,-0.8592908048615415,1.3502224958274192
2024-08-08 12:00:00,9.0,2.0,-4.33230947675462,0.46292981615279805,-0.8685482406502681,1.3314780568030662,-3.7541809209344765,0.4901402536160986,-1.669893082680952,2.1600333362970505,-4.871063916374548,0.5219527925763039,-1.4221955064081808,1.9441482989844847,-4.556046735021972,0.4812176549195941,-1.5380020343746645,2.0192196892942587,-3.6724912826220297,0.46623150261922786,-1.1405427387318985,1.6067742413511263,-5.071925594451923,0.5285937829616043,-1.3451368404989967,1.873730623460601,-4.64783114848888,0.4784423752794942,-1.4453633368004308,1.923805712079925,-4.33230947675462,0.46292981615279805,-0.8685482406502681,1.3314780568030662
2024-08-08 13:00:00,11.0,5.0,-3.879015914614099,0.4532935621405212,-0.8606292293129236,1.3139227914534448,-3.270844003189207,0.48333691774526955,-1.6546677887536934,2.138004706498963,-4.359119986869848,0.5119439295047004,-1.409228601621482,1.9211725311261822,-4.081816827100515,0.47422990792145736,-1.5239792605354667,1.998209168456924,-3.2149619962275366,0.45752928639449286,-1.1304345300755818,1.5879638164700747,-4.55399285334304,0.5179327411088828,-1.332872520117418,1.8508052612263008,-4.176564588813999,0.47126655967488107,-1.4321851987132068,1.9034517583880879,-3.879015914614099,0.4532935621405212,-0.8606292293129236,1.3139227914534448
2024-08-08 14:00:00,16.0,4.0,-3.4172353956853394,0.4617805189287594,-0.8350653222915243,1.2968458412202837,-2.7599695635720902,0.510874439617117,-1.6055179666673884,2.1163924062845054,-3.8277192184401025,0.5314007684297453,-1.3673692413804768,1.898770009810222,-3.5829169622257746,0.49889986487474025,-1.4787113765362536,1.9776112414109939,-2.7444706154872955,0.4704913807402413,-1.099120781657247,1.5696121623974884,-4.018794929242826,0.5351979241002138,-1.293281221082801,1.828479145183015,-3.682699628188767,0.49386496062523233,-1.3896439416767037,1.883508902301936,-3.4172353956853394,0.4617805189287594,-0.8350653222915243,1.2968458412202837
2024-08-08 15:00:00,20.0,-3.0,-2.997742929112311,0.4194924665730281,-0.8600715524581811,1.2795640190312092,-2.3198970244720405,0.44007253910004995,-1.6535955849559991,2.093668124056049,-3.3603796266668224,0.4673395917732803,-1.4083154393125594,1.8756550310858398,-3.1498517298020223,0.4330652324237523,-1.522991741251016,1.9560569736747684,-2.3239830961414625,0.42048751934583306,-1.1303643100915595,1.5508518294373925,-3.545252645356328,0.47354228388649844,-1.3320088355835042,1.8055511194700027,-3.2512343536607062,0.43146527452806116,-1.4312571608197404,1.8627224353478016,-2.997742929112311,0.4194924665730281,-0.8600715524581811,1.2795640190312092
2024-08-08 16:00:00,17.0,2.0,-2.591685411631361,0.4060575174809502,-0.8579077662617798,1.26396528374273,-1.89514092985617,0.4247560946158704,-1.6494354342209452,2.0741915288368156,-2.909708407133625,0.4506712195331972,-1.4047723695539402,1.8554435890871375,-2.731569140986487,0.41828258881553526,-1.519160166427348,1.9374427552428832,-1.9169486718773543,0.4070344242641082,-1.127146366858449,1.5341807911225571,-3.0885253241604613,0.4567273211958667,-1.3286577395919177,1.7853850607877844,-2.834233996585375,0.41700035707533134,-1.4276563737930905,1.8446567308684219,-2.591685411631361,0.4060575174809502,-0.8579077662617798,1.26396528374273
2024-08-08 17:00:00,19.0,-2.0,-2.1979590880494078,0.39372632358195325,-0.8552309173590156,1.2489572409409688,-1.4839506627155203,0.41119026714064977,-1.6442888559920126,2.0554791231326623,-2.474040880164952,0.4356675269686734,-1.4003891904711123,1.8360567174397857,-2.3264407958935434,0.4051283450929435,-1.5144200738619855,1.919548418954929,-1.5213018144465253,0.39564685743082895,-1.122482080303702,1.5181289377345308,-2.646995012226638,0.4415303119338232,-1.3245120538291306,1.7660423657629538,-2.4301554520362094,0.40407854454916525,-1.4232017919044513,1.8272803364536165,-2.1979590880494078,0.39372632358195325,-0.8552309173590156,1.2489572409409688
2024-08-08 18:00:00,17.0,2.0,-1.7888971981258837,0.4090618899235241,-0.8254286662415726,1.2344905561650967,-1.0334958234715863,0.45045483924393404,-1.5869902850432314,2.0374451242871654,-2.008218617784252,0.4658222623807,-1.3515897966822967,1.8174120590629967,-1.8857918662687605,0.44064892962478286,-1.4616470433009479,1.9022959729257307,-1.1072366331617118,0.4140651812848135,-1.0885418908616773,1.5026070721464908,-2.177908340561094,0.46908667166554396,-1.2783567523367674,1.7474434240023113,-1.9932420586274393,0.4369133934087701,-1.3736074468776027,1.8105208402863728,-1.7888971981258837,0.4090618899235241,-0.8254286662415726,1.2344905561650967
2024-08-08 19:00:00,19.0,-4.0,-1.3934600900679406,0.3954371080579431,-0.8241125488643801,1.2195496569223232,-0.6001754447009797,0.4333203787706066,-1.584459884080673,2.0177802628512795,-1.5600711850584343,0.4481474327258177,-1.34943473363324,1.7975821663590577,-1.4614890633610693,0.4243028029076912,-1.4593164977896447,1.8836193006973359,-0.7028610057844975,0.40437562737721433,-1.0820724131114168,1.486448040488631,-1.7264352295502294,0.4514731110108645,-1.2763184568367303,1.7277915678475948,-1.5721729666103181,0.42106909201712117,-1.371417277449022,1.7924863694661433,-1.3934600900679406,0.3954371080579431,-0.8241125488643801,1.2195496569223232
2024-08-08 20:00:00,15.0,-2.0,-0.9761084652900099,0.41735162477793064,-0.7878412462319234,1.205192871009854,-0.11594578912113174,0.484229655579848,-1.5147237490786383,1.9989534046584863,-1.071506492971144,0.48856469208729036,-1.2900426570609238,1.7786073491482142,-0.9908547835554304,0.4706342798056389,-1.3950882435289809,1.8657225233346197,-0.2673972686468955,0.435463737137602,-1.0352877247428138,1.4707514618804158,-1.2375970843869677,0.48883814516326174,-1.2201444147509648,1.7089825599142265,-1.108039336519949,0.4641336300903691,-1.3110576928579623,1.7751913229483314,-0.9761084652900099,0.41735162477793064,-0.7878412462319234,1.205192871009854
2024-08-08 21:00:00,13.0,0.0,-0.566411105267039,0.40969736002297097,-0.7804352976009421,1.190132657623913,0.361588377999986,0.47753416712111774,-1.5004848826452584,1.978019049766376,-0.5913864042713133,0.4801200886998307,-1.2779158615984336,1.7580359502982643,-0.526857323368148,0.4639974601872825,-1.3819739874314778,1.8459714476187603,0.16261515111814018,0.4300124197650357,-1.0239288927326136,1.4539413124976492,-0.7575388248106076,0.48005825957636006,-1.208674684140587,1.6887329437169472,-0.6505481056047211,0.4574912309152279,-1.2987333496327274,1.7562245805479553,-0.566411105267039,0.40969736002297097,-0.7804352976009421,1.190132657623913
2024-08-08 22:00:00,13.0,0.0,-0.18994283112881216,0.3764682741382268,-0.7989724762525852,1.175440750390812,0.7829455191975567,0.42135714119757073,-1.5361249368806158,1.9574820780781865,-0.1617190898547265,0.4296673144165868,-1.308269376747016,1.7379366911636027,-0.11505466337894421,0.41180265998920373,-1.4147991284466142,1.8266017884358179,0.5483997508969212,0.385784599778781,-1.051651812979387,1.437436412758168,-0.32595790532155644,0.4315809194890512,-1.237383558047888,1.6689644775369392,-0.2425004640723616,0.4080476415323595,-1.329581329211553,1.7376289707439125,-0.18994283112881216,0.3764682741382268,-0.7989724762525852,1.175440750390812
2024-08-08 23:00:00,13.0,2.0,0.18053384653939508,0.37047667766820724,-0.791544220547414,1.1620208982156213,1.2005524095144011,0.4176068903168444,-1.521843182295328,1.9394500726121724,0.2622223711775038,0.4239414610322303,-1.2961060547921688,1.720047515824399,0.292796543436721,0.4078512068156652,-1.4016453715777324,1.8094965783933976,0.9299063408141399,0.38150658991721875,-1.0412026708471538,1.4227092607643725,0.09945444096343303,0.4254123462849895,-1.2258792800561535,1.651291626341143,0.16140626871971842,0.40390673279208,-1.3172198644705797,1.7211265972626597,0.18053384653939508,0.37047667766820724,-0.791544220547414,1.1620208982156213
2024-08-09 00:00:00,15.0,0.0,0.5380802335670233,0.3575463870276282,-0.7913434568797068,1.148889843907335,1.6007561080050055,0.40020369849060433,-1.521457188928158,1.9216608874187624,0.6689324957814886,0.4067101246039848,-1.2957773163609567,1.7024874409649415,0.6841414938068007,0.39134495037007966,-1.4012898646353305,1.79263481500541,1.2964332910876128,0.36652695027347293,-1.0416930448372579,1.4082199951107308,0.5078495214599608,0.40839508049652773,-1.2255683536239446,1.6339634341204723,0.5493897313211455,0.38798346260142713,-1.3168857708289317,1.7048692334303588,0.5380802335670233,0.3575463870276282,-0.7913434568797068,1.148889843907335
2024-08-09 01:00:00,15.0,-1.0,-1.588566769556257,-2.1266470031232805,-3.2629348427937286,1.1362878396704479,-0.691831472584167,-2.2925875805891724,-4.1972775304469465,1.9046899498577738,-1.8175299490279713,-2.48646244480946,-4.172188227766759,1.6857257829572987,-1.5882580399205928,-2.2723995337273935,-4.048929206519797,1.7765296727924036,-0.8410856450486872,-2.1375189361363,-3.5318884272677304,1.3943694911314304,-2.0056393059649915,-2.5134888274249523,-4.130903216195208,1.617414388770256,-1.697651861709176,-2.2470415930303216,-3.9363670232528545,1.689325430222533,-1.588566769556257,-2.1266470031232805,-3.2629348427937286,1.1362878396704479
2024-08-09 02:00:00,14.0,-6.0,-2.502929350051791,-0.9143625804955338,-2.1266283934687307,1.212265812973197,-1.6797175619447229,-0.9878860893605559,-2.9908143968286094,2.0029283074680535,-2.882908938393693,-1.0653789893657215,-2.854874983546943,1.7894959941812216,-2.5389166536428522,-0.9506586137222592,-2.8217192096195216,1.8710605958972624,-1.756515565420871,-0.9154299203721838,-2.3915374518094525,1.4761075314372687,-3.079830330780969,-1.0741910248159774,-2.7947934755834645,1.720602450767487,-2.637942212896312,-0.9402903511871361,-2.7206268408600884,1.7803364896729523,-2.502929350051791,-0.9143625804955338,-2.1266283934687307,1.212265812973197
2024-08-09 03:00:00,8.0,0.0,-2.0701996418876796,0.4327297081641115,-0.8129590117695287,1.2456887199336402,-1.1967122033399082,0.48300535860481464,-1.5630158081267878,2.0460211667316024,-2.379173354543153,0.50373558385054,-1.3311714874547909,1.8349070713053308,-2.067148191127462,0.4717684625153902,-1.4395661121006336,1.9113345746160237,-1.3108260174891382,0.4456895479317329,-1.0661357261046505,1.5118252740363833,-2.5731999478275185,0.5066303829534504,-1.2590447661584507,1.7656751491119012,-2.171669405901461,0.46627280699485096,-1.3528565195796924,1.8191293265745434,-2.0701996418876796,0.4327297081641115,-0.8129590117695287,1.2456887199336402
2024-08-09 04:00:00,8.0,7.0,-1.6844626214531502,0.3857370204345294,-0.8440773802641641,1.2298144006986935,-0.7946624334001728,0.4020497699397354,-1.6228447800381276,2.024894549977863,-1.9479345382762763,0.43123881626687655,-1.3821259442926634,1.81336476055954,-1.6705230432879203,0.3966251478395415,-1.4946696881729744,1.891294836012516,-0.9276970719465913,0.38312894554254684,-1.1112533218413354,1.4943822673838822,-2.1360938138871575,0.437106133940361,-1.307238363150851,1.744344497091212,-1.7764700311256703,0.3951993747757907,-1.4046410340351216,1.7998404088109123,-1.6844626214531502,0.3857370204345294,-0.8440773802641641,1.2298144006986935
2024-08-09 05:00:00,15.0,2.0,-1.327914415603546,0.3565482058496041,-0.8592015765647827,1.2157497824143868,-0.4391928405325938,0.35546959286757907,-1.651922947031596,2.007392539899175,-1.5598016009145517,0.3881329373617246,-1.4068909061106405,1.795023843472365,-1.3174455090831716,0.35307753420474874,-1.5214512111672733,1.874528745372022,-0.5804040517667648,0.34729302017982655,-1.1321755803750766,1.4794686005549031,-1.740710111565403,0.39538370232175457,-1.3306614877105984,1.726045190032353,-1.4227072767699867,0.3537627543556836,-1.4298094217059327,1.7835721760616163,-1.327914415603546,0.3565482058496041,-0.8592015765647827,1.2157497824143868
2024-08-09 06:00:00,17.0,-2.0,-0.9883098905388839,0.3396045250646622,-0.8632168499189292,1.2028213749835914,-0.10685412406798345,0.33233871646461033,-1.6596428143749948,1.9919815308396052,-1.1946713105472326,0.36513029036731903,-1.4134656747348822,1.7785959651022012,-0.9863405627280291,0.33110494635514254,-1.5285613500153175,1.85966629637046,-0.2518069757949333,0.3285970759718315,-1.1374174312726772,1.4660145072445088,-1.3680144321900365,0.3726956793753664,-1.3368800163547792,1.7095756957301456,-1.0901262588612046,0.33258101790878203,-1.4364912945388915,1.7690723124476735,-0.9883098905388839,0.3396045250646622,-0.8632168499189292,1.2028213749835914
2024-08-09 07:00:00,15.0,-2.0,-0.6513854009129407,0.3369244896259431,-0.8536471150915468,1.19057160471749,0.22952912895536026,0.3363832530233437,-1.641243797206561,1.9776270502299047,-0.829256499003302,0.36541481154393063,-1.3977958095137728,1.7632106210577034,-0.6521735732971756,0.33416698943085343,-1.511615519094146,1.8457825085249995,0.0785166603878773,0.3303236361828106,-1.1230176377838463,1.453341273966657,-0.9959500777646857,0.3720643544253508,-1.3220591897528151,1.694123544178166,-0.7551978158351287,0.33492844302607594,-1.4205661642870067,1.7554946073130826,-0.6513854009129407,0.3369244896259431,-0.8536471150915468,1.19057160471749
2024-08-09 08:00:00,13.0,-2.0,-0.46007974201271273,0.191305658900228,-0.9871748027725367,1.1784804616727647,0.39216053385661676,0.1626314049012565,-1.8005193305339442,1.9631507354352007,-0.6405765659554585,0.18867993304784347,-1.5592002664562623,1.7478801995041058,-0.48171185607627565,0.17046171722089998,-1.661361351444235,1.831823068665135,0.2565599093453552,0.17804324895747792,-1.2626136527551624,1.4406569017126403,-0.8004854880466481,0.1954645897180376,-1.483302950025647,1.6787675397436845,-0.5806083493075931,0.1745894665275356,-1.567284462148093,1.7418739286756286,-0.46007974201271273,0.191305658900228,-0.9871748027725367,1.1784804616727647
2024-08-09 09:00:00,11.0,1.0,-1.8520767513643996,-1.391997009351687,-2.5636395898614848,1.1716425805097979,-1.1530505662140142,-1.545211100070631,-3.5013820334311623,1.9561709333605313,-2.265576429099084,-1.6249998631436255,-3.3649904880773933,1.7399906249337678,-1.9639351941897687,-1.482223338113493,-3.3069459741497242,1.8247226360362312,-1.1645481914166584,-1.4211081007620137,-2.8549512302851165,1.4338431295231029,-2.438399488496411,-1.6379140004497628,-3.3086422514250606,1.6707282509752979,-2.0400361197172234,-1.4594277704096301,-3.194222627369429,1.734794856959799,-1.8520767513643996,-1.391997009351687,-2.5636395898614848,1.1716425805097979
2024-08-09 10:00:00,12.0,0.0,-1.5045958014130916,0.34748094995130807,-0.8743703870137807,1.2218513369650887,-0.811147259698656,0.3419033065153583,-1.68108689032888,2.0229901968442383,-1.8887809978837076,0.3767954312153765,-1.431728920913331,1.8085243521287075,-1.625322286315854,0.3386129078739146,-1.5483117357043283,1.886924643578243,-0.8269199738559625,0.33762821756069594,-1.1510512167188836,1.4886794342795795,-2.0538623664088433,0.3845371220875675,-1.3541537070330587,1.7386908291206262,-1.7006746008579254,0.339361518859298,-1.455052052408221,1.794413571267519,-1.5045958014130916,0.34748094995130807,-0.8743703870137807,1.2218513369650887
2024-08-09 11:00:00,12.0,-3.0,-1.1672039929857596,0.33739180842733196,-0.8718273805561545,1.2092191889834865,-0.47923623773973145,0.3319110219589245,-1.6761976410113941,2.0081086629703186,-1.5238306296306932,0.3649503682530144,-1.4275649007846447,1.7925152690376591,-1.2965081714971303,0.3288141148187238,-1.5438086477672337,1.8726227625859575,-0.49982861947944035,0.32709135437652215,-1.1484668234481736,1.4755581778246958,-1.6814642909606479,0.3723980754481955,-1.350215305558411,1.7226133810066064,-1.3710342738373542,0.3296403270205712,-1.4508201996140135,1.7804605266345848,-1.1672039929857596,0.33739180842733196,-0.8718273805561545,1.2092191889834865
2024-08-09 12:00:00,9.0,1.0,-0.871237016541327,0.2959669764444326,-0.9010496477446652,1.1970166241890978,-0.21790275569491313,0.2613334820448183,-1.7323811200105734,1.9937146020553917,-1.2221679319706975,0.30166269765999565,-1.475414605772181,1.7770773034321767,-1.0332760119676383,0.26323215952949197,-1.5955546582724427,1.8587868178019347,-0.2235044020693091,0.27632421741013125,-1.186577589522543,1.4629018069326742,-1.3698220214696093,0.31164226949103857,-1.3954723751355038,1.7071146446265424,-1.1035243422181578,0.26750993161919645,-1.4994493852316573,1.7669593168508537,-0.871237016541327,0.2959669764444326,-0.9010496477446652,1.1970166241890978
2024-08-09 13:00:00,10.0,0.0,-0.5608725825727462,0.3103644339685808,-0.8759988034296288,1.1863632373982096,0.08029724282169437,0.2981999985166075,-1.684217725418147,1.9824177239347545,-0.89219637897389,0.32997155299680747,-1.4343953548553845,1.764366907852192,-0.7367238774682112,0.2965521344994271,-1.5511952920149237,1.8477474265143508,0.07673599985605173,0.30024040192536083,-1.1520118802668846,1.4522522821922454,-1.0322993688874953,0.337522652582114,-1.3566756658720875,1.6941983184542015,-0.8052456889095045,0.2982786533086532,-1.457761923057143,1.7560405763657962,-0.5608725825727462,0.3103644339685808,-0.8759988034296288,1.1863632373982096
2024-08-09 14:00:00,10.0,4.0,-0.24043690360659387,0.3204356789661523,-0.8548070829494113,1.1752427619155636,0.4063896558203086,0.32609241299861425,-1.6434739811057653,1.9695663941043795,-0.5413755916263501,0.35082078734753996,-1.3996951871163315,1.7505159744638714,-0.415043384054002,0.32168049341420923,-1.513669559205803,1.8353500526200122,0.3923224034130681,0.3155864035570164,-1.1251387261805168,1.4407251297375332,-0.6758903401864034,0.3564090287010919,-1.323855653583356,1.680264682284448,-0.48383629612423684,0.3214093927852677,-1.4224964831054168,1.7439058758906845,-0.24043690360659387,0.3204356789661523,-0.8548070829494113,1.1752427619155636
2024-08-09 15:00:00,14.0,1.0,0.038948590309525466,0.27938549391611933,-0.8844308774733365,1.1638163713894558,0.6615210493358008,0.2551313935154922,-1.7004294468392847,1.9555608403547768,-0.25372822595628275,0.2876473656700673,-1.448202368966292,1.7358497346363593,-0.15922059728167604,0.25582278677232595,-1.5661265835958162,1.8219493703681422,0.6557444492504063,0.2634220458373382,-1.165236263118678,1.428658308956016,-0.38001108559043195,0.2958792545959714,-1.3697345760248671,1.6656138306208386,-0.22475289851522007,0.2590833976090168,-1.4717938560063564,1.7308772536153731,0.038948590309525466,0.27938549391611933,-0.8844308774733365,1.1638163713894558
2024-08-09 16:00:00,15.0,4.0,0.3257273391016112,0.28677874879208576,-0.8671205879021272,1.153899336694213,0.9390106909523843,0.2774896416165835,-1.6671482409588547,1.9446378825754382,0.05028448729258028,0.30401271324886303,-1.4198578108973392,1.7238705241462022,0.11663268166520058,0.2758532789468766,-1.5354739850064714,1.811327263953348,0.9321310200455366,0.2763865707951303,-1.1422383405445935,1.4186249113397238,-0.0694369911392625,0.31057409445116946,-1.342925808092177,1.6534999025433466,0.052670173838278656,0.2774230723534987,-1.442987559793157,1.7204106321466557,0.3257273391016112,0.28677874879208576,-0.8671205879021272,1.153899336694213
2024-08-09 17:00:00,19.0,2.0,0.6282469615151189,0.3025196224135077,-0.841244381842072,1.1437640042555797,1.2544051355702122,0.31539444461782784,-1.6173979847458406,1.9327924293636685,0.3840522633276422,0.3337677760350619,-1.3774870797633376,1.7112548557983995,0.4268878529033324,0.31025517123813184,-1.4896530902079657,1.7999082614460975,1.2326343008591885,0.30050328081365185,-1.1076324405317182,1.40813572134537,0.2685440607158993,0.3379810518551618,-1.3028508457185681,1.64083189757373,0.36198187651875813,0.3093117026804795,-1.399926601536312,1.7092383042167916,0.6282469615151189,0.3025196224135077,-0.841244381842072,1.1437640042555797
2024-08-09 18:00:00,21.0,-1.0,0.8896519313126905,0.26140496979757155,-0.8717158451852058,1.1331208149827774,1.4977947746629015,0.2433896390926893,-1.675983200251855,1.9193728393445444,0.6541277872374527,0.2700755239098105,-1.42738226832286,1.6974577922326706,0.6703850378103808,0.24349718490704841,-1.5436111439103435,1.787108328817392,1.4798367888272652,0.24720248796807676,-1.1495729509789692,1.396775438947046,0.5456028339561074,0.2770587732402081,-1.350042568651628,1.627101341891836,0.6081719583925471,0.246190081873789,-1.4506345920353203,1.6968246739091093,0.8896519313126905,0.26140496979757155,-0.8717158451852058,1.1331208149827774
2024-08-09 19:00:00,20.0,-3.0,1.1344943197536579,0.2448423884409675,-0.8791217938161874,1.1239641822571549,1.7166216187505576,0.21882684408765618,-1.690222066685235,1.9090489107728912,0.9009531954424339,0.24682540820498122,-1.4395090637853503,1.6863344719903315,0.8907542020001513,0.22036916418977048,-1.556725400007847,1.7770945641976175,1.707990288261836,0.22815349943457086,-1.1593111434186898,1.3874646428532607,0.7999793314849393,0.25437649752883185,-1.361512299262006,1.6158887967908377,0.8321896670952633,0.2240177087027162,-1.4629589352605552,1.6869766439632714,1.1344943197536579,0.2448423884409675,-0.8791217938161874,1.1239641822571549
2024-08-09 20:00:00,17.0,0.0,1.3832858912032133,0.24879157144955544,-0.8666298322699537,1.1154214037195092,1.9502075539647608,0.23358593521420312,-1.6662047016168835,1.8997906368310866,1.1580996763732363,0.2571464809308024,-1.4190542280654874,1.6762007089962898,1.1242054206085004,0.23345121860834905,-1.5346049680361546,1.7680561866445037,1.9447612411504824,0.23677095288864636,-1.14212799728099,1.3788989501696363,1.0634419036430753,0.26346257215813607,-1.3421657657023327,1.6056283378604688,1.0680592335533359,0.23586956645807255,-1.442170886446906,1.6780404529049786,1.3832858912032133,0.24879157144955544,-0.8666298322699537,1.1154214037195092
2024-08-09 21:00:00,17.0,-4.0,1.157610668821431,-0.2256752223817824,-1.3324494385996248,1.1067742162178424,1.6554718542095044,-0.2947356997552564,-2.1846684574291135,1.8899327576738572,0.861352475428637,-0.2967472009445993,-1.9624228835953437,1.6656756826507444,0.8562616036916002,-0.26794381691690017,-2.026450205287486,1.758506388370586,1.7007992589809169,-0.24396198216956555,-1.6139997540630169,1.3700377718934513,0.7681336546874178,-0.29530824895565755,-1.8903440857050169,1.5950358367493593,0.8088100510575758,-0.2592491824957601,-1.927906314756451,1.668657132260691,1.157610668821431,-0.2256752223817824,-1.3324494385996248,1.1067742162178424
2024-08-09 22:00:00,13.0,1.0,0.675081560386597,-0.482529108434834,-1.5971456449086312,1.1146165364737972,1.094992293447278,-0.5604795607622264,-2.462855097451053,1.9023755366888264,0.27345393856645583,-0.5878985368621812,-2.265723052021256,1.677824515159075,0.32983862673074804,-0.5264229769608522,-2.295892346423656,1.7694693694628036,1.204114672803095,-0.49668458617782196,-1.8758531083250198,1.3791685221471979,0.17602379259389078,-0.592109862093527,-2.199020928728626,1.606911066635099,0.2917138377565174,-0.5170962133010584,-2.1960681829901696,1.6789719696891112,0.675081560386597,-0.482529108434834,-1.5971456449086312,1.1146165364737972
2024-08-09 23:00:00,14.0,-1.0,0.30905371217618915,-0.3660278482104078,-1.4975053843607804,1.1314775361503726,0.6676937165745411,-0.42729857687273687,-2.353448365468892,1.926149788596155,-0.17629344149915194,-0.44974738006560777,-2.1517708234849646,1.7020234434193569,-0.0700632969238606,-0.39990192365460864,-2.19100922035757,1.7911072967029615,0.8274195316190589,-0.376695141184036,-1.7745467653534484,1.3978516241694123,-0.2771348484701106,-0.4531586410640014,-2.0840129048213405,1.630854263757339,-0.10144062091709305,-0.39315445867361043,-2.092795233638138,1.6996407749645275,0.30905371217618915,-0.3660278482104078,-1.4975053843607804,1.1314775361503726
2024-08-10 00:00:00,13.0,0.0,0.5776300388058058,0.2685763266296166,-0.875775732687732,1.1443520593173486,0.9282788634412686,0.2605851468667275,-1.6837888438990696,1.944373990765797,0.11032927038018969,0.28662271187934163,-1.4340300899318157,1.7206528018111573,0.18676904899004043,0.25683234591390103,-1.550800284301144,1.807632630215045,1.0831376467647833,0.2557181151457244,-1.1563869486120757,1.4121050637578,0.015833248194497163,0.29296809666460777,-1.356330192058522,1.6492982887231298,0.15660880203102523,0.2580494229481183,-1.4573907078997566,1.7154401308478748,0.5776300388058058,0.2685763266296166,-0.875775732687732,1.1443520593173486
2024-08-10 01:00:00,13.0,1.0,0.2984657753785662,-0.27916426342723955,-1.4140624078581592,1.1348981444309196,0.6234298152188615,-0.3048490482224071,-2.2380989241774465,1.9332498759550394,-0.22508526746561563,-0.3354145378458053,-2.044183183979279,1.7087686461334735,-0.10017958575657815,-0.2869486347466186,-2.083959344360159,1.7970107096135406,0.8055540763377664,-0.27758357042701687,-1.6800048577091515,1.4024212872821347,-0.3258068221709436,-0.34164007036544075,-1.979002404019136,1.6373623336536953,-0.12823628307315627,-0.2848450851041815,-1.9899069652507049,1.7050618801465234,0.2984657753785662,-0.27916426342723955,-1.4140624078581592,1.1348981444309196
2024-08-10 02:00:00,14.0,-1.0,0.6145281425965686,0.3160623672180024,-0.8286631919990796,1.144725559217082,0.9764874906496717,0.3530576754308101,-1.5932090670698582,1.9462667425006683,0.14070853981499432,0.36579380728060995,-1.3568861380740471,1.722679945354657,0.24132597132575273,0.3415055570823309,-1.4673746551507612,1.808880212233092,1.1256801628624258,0.32012608652465935,-1.092808545330447,1.4129346318551064,0.042112511288372234,0.3679193334593158,-1.2833661226334685,1.6512854560927843,0.20929325569580493,0.3375295387689612,-1.3789900666597084,1.7165196054286695,0.6145281425965686,0.3160623672180024,-0.8286631919990796,1.144725559217082
2024-08-10 03:00:00,13.0,-2.0,-0.4760567143317055,-1.0905848569282741,-2.2241872479362907,1.1336023910080166,-0.21923528415202176,-1.1957227748016934,-3.1269181715898946,1.9311953967882012,-1.151797013982442,-1.2925055537974364,-3.000017006776847,1.7075114529794104,-0.9198913135805866,-1.1612172849063394,-2.9559756921125993,1.79475840720626,0.03068751904474376,-1.094992643817682,-2.4958061232888875,1.4008134794712055,-1.2688045289873104,-1.3109170402756827,-2.9472108362595164,1.6362937959838337,-0.9409755557280595,-1.1502688114238644,-2.8532156950787377,1.7029468836548733,-0.4760567143317055,-1.0905848569282741,-2.2241872479362907,1.1336023910080166
2024-08-10 04:00:00,11.0,-2.0,-2.434432230546851,-1.9583755162151455,-3.1305884038332783,1.1722128876181328,-2.3679410317139746,-2.148705747561953,-4.131180992392159,1.9824752448302063,-3.450244240032638,-2.298447226050196,-4.059855655184,1.7614084291338044,-3.024394028654316,-2.104502715073729,-3.9475051623153377,1.8430024472416082,-1.9501229765218064,-1.9808104955665502,-3.423300586096887,1.4424900905303366,-3.598438853636498,-2.3296343246491875,-4.019656398270755,1.6900220736215679,-3.0220163063603933,-2.081040750632334,-3.83046323080404,1.7494224801717062,-2.434432230546851,-1.9583755162151455,-3.1305884038332783,1.1722128876181328
2024-08-10 05:00:00,9.0,-4.0,-4.441181699077017,-2.006749468530166,-3.2499186488268927,1.2431691802967266,-4.553232255781392,-2.185291224067417,-4.261604643994988,2.0763134199275712,-5.781236137943933,-2.3309918979112956,-4.190313437707143,1.8593215397958474,-5.1637950848358205,-2.1394010561815047,-4.071467952772925,1.93206689659142,-3.978845362243622,-2.0287223857218155,-3.548156429224149,1.5194340435023337,-5.960865716835619,-2.362426863199121,-4.1500712423725465,1.7876443791734251,-5.1385182825797155,-2.116501976219322,-3.9515970196356216,1.8350950434163,-4.441181699077017,-2.006749468530166,-3.2499186488268927,1.2431691802967266
2024-08-10 06:00:00,5.0,-1.0,-4.9203156962326595,-0.4791339971556421,-1.79717497310684,1.318040975951198,-5.037750107342384,-0.4845178515609918,-2.658492742436091,2.1739748908750993,-6.306049937203294,-0.5248137992593607,-2.4861396415922226,1.961325842332862,-5.62879362449133,-0.46499853965550964,-2.4897609504419393,2.0247624107864297,-4.447114906142937,-0.46826954389931497,-2.0685809446814707,1.6003114007821557,-6.495500702807264,-0.5346349859716444,-2.4240748882843772,1.8894399023127328,-5.604268887205301,-0.46575060462558526,-2.390078655345596,1.9243280507200107,-4.9203156962326595,-0.4791339971556421,-1.79717497310684,1.318040975951198
2024-08-10 07:00:00,4.0,-1.0,-4.43152023892336,0.4887954573092993,-0.8474457484668093,1.3362412057761086,-4.47113885865593,0.5666112486864534,-1.629320890976201,2.1959321396626543,-5.709024001592486,0.5970259356108087,-1.387641444638555,1.9846673802493637,-5.084230834742865,0.5445627897484653,-1.5006343046510557,2.045197094399521,-3.942158679426317,0.5049562267166197,-1.1143211622875824,1.619277389004202,-5.895087609077189,0.6004130937300749,-1.3124550177356915,1.9128681114657664,-5.070266526559063,0.5340023606462374,-1.4102463829116594,1.9442487435578968,-4.43152023892336,0.4887954573092993,-0.8474457484668093,1.3362412057761086
2024-08-10 08:00:00,3.0,-2.0,-3.9547101380455683,0.47681010087779174,-0.840865161580847,1.3176752624586388,-3.9175422100300996,0.5535966486258306,-1.6166688861634086,2.1702655347892392,-5.127765178428403,0.581258823164083,-1.3768661293932702,1.9581249525573532,-4.551936227533304,0.5322946072095611,-1.4889815770945392,2.0212761843041003,-3.4490343577417986,0.4931243216845185,-1.105705903967079,1.5988302256515974,-5.310783732791609,0.5843038762855797,-1.3022635402355065,1.8865674165210862,-4.548144600780622,0.5221219257784413,-1.3992955357687549,1.9214174615471962,-3.9547101380455683,0.47681010087779174,-0.840865161580847,1.3176752624586388
2024-08-10 09:00:00,1.0,3.0,-3.4420140110469,0.5126961269986682,-0.7869935774127147,1.2996897044113829,-3.2853020150876486,0.632240194942451,-1.5130939993061427,2.1453341942485937,-4.483964667056384,0.6438005113720195,-1.2886546503513616,1.9324551617233812,-3.9474932695059075,0.6044429580273962,-1.3935872142166161,1.9980301722440124,-2.9090084620615935,0.5400258956802049,-1.038961662843164,1.5789875585233688,-4.66846817106193,0.6423155617296796,-1.2188316142594156,1.8611471759890952,-3.9585671683642527,0.5895774324163696,-1.3096470752598932,1.8992245076762628,-3.4420140110469,0.5126961269986682,-0.7869935774127147,1.2996897044113829
2024-08-10 10:00:00,4.0,4.0,-2.9760015052414626,0.46601250580543774,-0.8144758928144286,1.2804883986198663,-2.734196917514422,0.5511050975732266,-1.565932202456516,2.1170373000297427,-3.913398891529181,0.5705657755272029,-1.33365528893506,1.9042210644622628,-3.4179490718954444,0.5295441976104631,-1.4422521645543391,1.9717963621648023,-2.42377484945711,0.4852336126044834,-1.0721661599204872,1.5573997725249706,-4.096460079926686,0.5720080911352432,-1.2613939880906968,1.83340207922594,-3.4396286428533274,0.5189385255109253,-1.3553807826499213,1.8743193081608467,-2.9760015052414626,0.46601250580543774,-0.8144758928144286,1.2804883986198663
2024-08-10 11:00:00,8.0,2.0,-2.5113683988398985,0.46463310640156397,-0.7985263347687911,1.263159441170355,-2.176939114208932,0.5572578033054898,-1.5352671738424604,2.09252497714795,-3.3415653675867825,0.5718335239423986,-1.3075388468998779,1.8793723708422765,-2.883002433751425,0.5349466381440195,-1.4140091130190537,1.9489557511630733,-1.936622777835742,0.48715207162136775,-1.0509770028836094,1.5381290745049772,-3.5242833475624242,0.5721767323642619,-1.236692610420757,1.8088693427850189,-2.915933458742728,0.523695184110599,-1.32883889889678,1.852534083007379,-2.5113683988398985,0.46463310640156397,-0.7985263347687911,1.263159441170355
2024-08-10 12:00:00,10.0,11.0,-2.0631369818993743,0.44823141694052404,-0.7977678942463412,1.2459993111868652,-1.642863963745209,0.5340751504637231,-1.533808976677596,2.067884127141319,-2.793230108701821,0.5483352588849615,-1.3062969461597433,1.8546322050447048,-2.3696512977744293,0.5133511359769953,-1.4126660867922007,1.926017222769196,-1.4696651236350597,0.46695765420068236,-1.0519452121716908,1.5189028663723732,-2.9753066568240474,0.5489766907383768,-1.2355179994546337,1.7844946901930105,-2.412831952168049,0.5031015065746791,-1.3275767673616654,1.8306782739363445,-2.0631369818993743,0.44823141694052404,-0.7977678942463412,1.2459993111868652
2024-08-10 13:00:00,21.0,2.0,-1.7665965096255456,0.2965404722738286,-0.9330156850585093,1.229556157332338,-1.3922984758858032,0.2505654878594057,-1.7938398416944086,2.0444053295538143,-2.48992453941157,0.3033055692902513,-1.5277570693196159,1.8310626386098672,-2.1176781737164174,0.25197312405801187,-1.652159263657148,1.90413238771516,-1.2018504437368271,0.2678146798982326,-1.2327724854377575,1.5005871653359901,-2.659021652331158,0.3162850044928891,-1.4449787726194534,1.7612637771123425,-2.1556724097769964,0.2571595423910529,-1.5526445172851555,1.8098040596762084,-1.7665965096255456,0.2965404722738286,-0.9330156850585093,1.229556157332338
2024-08-10 14:00:00,23.0,3.0,-1.4661071678514768,0.30048934177406894,-0.9182484019449259,1.2187377437189948,-1.1243100923511746,0.2679883835346286,-1.7654478851314643,2.033436268666093,-2.1754109320652253,0.3145136073463446,-1.5035765313793494,1.818090138725694,-1.8502517326356802,0.2674264410807372,-1.6260097530048974,1.8934361940856346,-0.9197708808119907,0.2820795629248365,-1.2080531130261425,1.490132675950979,-2.3331813308835043,0.32584032144765396,-1.422108406161411,1.747948727609065,-1.884562019403137,0.2711103903738594,-1.5280700738661634,1.7991804642400229,-1.4661071678514768,0.30048934177406894,-0.9182484019449259,1.2187377437189948
2024-08-10 15:00:00,26.0,-8.0,-1.892278129682913,-0.4261709618314362,-1.6339949922354318,1.2078240304039956,-1.5741563978147455,-0.44984630546357085,-2.4715834420506875,2.0217371365871166,-2.6287696110256578,-0.45335867896043247,-2.25804564979066,1.8046869708302276,-2.2676827295560607,-0.41743099692038066,-2.299547963079188,1.8821169661588073,-1.351498345326668,-0.43172746451467736,-1.910888320021516,1.4791608555068387,-2.7825322763455165,-0.44935094546201215,-2.1836351954857154,1.7342842500237032,-2.2928550906160385,-0.40829307121290137,-2.1963074753510843,1.788014404138183,-1.892278129682913,-0.4261709618314362,-1.6339949922354318,1.2078240304039956
2024-08-10 16:00:00,18.0,0.0,-1.5388031466683745,0.3534749830145384,-0.8698420509532708,1.2233170339678092,-1.2051424262107162,0.36901397160402927,-1.6723805954916025,2.0413945670956317,-2.2290607797564492,0.3997088312692083,-1.4243140429648806,1.824022874234089,-1.9081755891677596,0.359507140388301,-1.54029307911459,1.899800219502891,-0.9941591083117598,0.3573392370149082,-1.1386306315939663,1.4959698686088745,-2.376530566887585,0.40600170945793135,-1.347140588617677,1.7531422980756084,-1.9355277075063226,0.3573273831097159,-1.447516384713273,1.804843767822989,-1.5388031466683745,0.3534749830145384,-0.8698420509532708,1.2233170339678092
2024-08-10 17:00:00,18.0,1.0,-1.2288798988715448,0.3099232477968298,-0.9005365850383019,1.2104598328351317,-0.9112747715727356,0.2938676546379806,-1.7313946925166948,2.0252623471546753,-1.896665495935411,0.3323952838210382,-1.4745744964479723,1.8069697802690106,-1.6182559279841267,0.289919661183633,-1.594646140530748,1.884565801714381,-0.6963096590712752,0.2978494492404846,-1.1842008889417064,1.482050338182191,-2.035109295892872,0.3414212709947133,-1.3946777853643029,1.7360990563590162,-1.644012453519205,0.29151525398711753,-1.4985955903696682,1.7901108443567857,-1.2288798988715448,0.3099232477968298,-0.9005365850383019,1.2104598328351317
2024-08-10 18:00:00,19.0,1.0,-0.9257793347093817,0.30310056416216313,-0.8961420914229306,1.1992426555850937,-0.6217594174465872,0.28951535412614837,-1.7229457265908639,2.0124610807170122,-1.57119474106514,0.3254707548702711,-1.4673787774536635,1.7928495323239346,-1.332795533857552,0.28546039412657476,-1.586864488569278,1.8723248826958527,-0.40066118388126837,0.2956484751900068,-1.1748493700488265,1.4704978452388333,-1.701150019847212,0.3339592760456598,-1.3878719512370608,1.7218312272827205,-1.3571589698903175,0.28685348362888763,-1.4912826517691522,1.7781361353980398,-0.9257793347093817,0.30310056416216313,-0.8961420914229306,1.1992426555850937
2024-08-10 19:00:00,20.0,-3.0,-0.6327731451992209,0.2930061895101608,-0.8953167296779114,1.1883229191880722,-0.3432291878570879,0.27853022958949936,-1.7213588649702765,1.9998890945597758,-1.2581449299345753,0.3130498111305646,-1.4660272972364583,1.779077108367023,-1.057887283389625,0.274908250467927,-1.585402960028291,1.860311210496218,-0.11647621367611172,0.28418497020515665,-1.1748904518797694,1.459075422084926,-1.3798115315618127,0.32133848828539935,-1.386593698126868,1.7079321864122674,-1.0806759780894626,0.2764829918008549,-1.489909155686822,1.766392147487677,-0.6327731451992209,0.2930061895101608,-0.8953167296779114,1.1883229191880722
2024-08-10 20:00:00,17.0,-2.0,-0.35696767116063877,0.27580547403858213,-0.9020088519348223,1.1778143259734044,-0.08962319069753377,0.2536059971595541,-1.7342253105426075,1.9878313077021617,-0.9692497914060012,0.28889513852857407,-1.476985244943528,1.765880383472102,-0.806362297806483,0.25152498558314185,-1.5972531914416976,1.8487781770248395,0.14724790628277984,0.26372411995889156,-1.1844137526668372,1.4481378726257288,-1.0821578613094913,0.29765367025232137,-1.3969579125338358,1.6946115827861572,-0.8266120270669235,0.2540639510225391,-1.5010456104084196,1.7551095614309586,-0.35696767116063877,0.27580547403858213,-0.9020088519348223,1.1778143259734044
2024-08-10 21:00:00,15.0,-2.0,-0.10667081493157171,0.25029685622906706,-0.9176684180159937,1.1679652742450608,0.12292823774122819,0.21255142843876196,-1.7643327931818624,1.9768842216206244,-0.7181311390912721,0.2511186523147291,-1.50262684257807,1.753745494892799,-0.5930874902583736,0.21327480754810946,-1.624982732949069,1.8382575404971784,0.38376077847144785,0.236512872188668,-1.2015117486637676,1.4380246208524357,-0.82104871286496,0.26110914844453137,-1.4212101742461405,1.6823193226906719,-0.6089432300040079,0.21766879706291564,-1.5271049144569582,1.7447737115198738,-0.10667081493157171,0.25029685622906706,-0.9176684180159937,1.1679652742450608
2024-08-10 22:00:00,13.0,3.0,0.16544053962124072,0.27211135455281243,-0.8869515768567731,1.1590629314095855,0.385384998100033,0.26245676035880483,-1.7052758080048624,1.9677325683636673,-0.4272296240274094,0.29090151506386275,-1.4523298626026215,1.7432313776664843,-0.3343173323958022,0.2587701578625714,-1.5705901707615328,1.8293603286241042,0.6450142327149713,0.2612534542435234,-1.1677315489339146,1.428985003177438,-0.5231140526207747,0.29793466024418525,-1.3736384301181583,1.6715730903623436,-0.34898904695837696,0.2599541830456309,-1.4759885872848246,1.7359427703304555,0.16544053962124072,0.27211135455281243,-0.8869515768567731,1.1590629314095855
2024-08-10 23:00:00,16.0,9.0,0.4298307193183498,0.2643901796971091,-0.8850331684764585,1.1494233481735676,0.6402590482961452,0.2548740501961122,-1.7015874269407942,1.9564614771369064,-0.1453271003924892,0.2819025236349202,-1.4491885842599284,1.7310911078948485,-0.0829162743311449,0.2514010580646573,-1.5671931044230227,1.81859416248768,0.9012193201105771,0.2562050873956059,-1.162827832944126,1.4190329203397318,-0.23442808526178682,0.2886859673589879,-1.370667355321494,1.659353322680482,-0.09635953920235263,0.25262950775602433,-1.4727961369312998,1.7254256446873242,0.4298307193183498,0.2643901796971091,-0.8850331684764585,1.1494233481735676
2024-08-11 00:00:00,25.0,6.0,0.6247312157005146,0.19490049638216478,-0.945195347566087,1.1400958439482518,0.7685492812771644,0.12829023298101916,-1.8172567726360513,1.9455470056170705,0.02633923438787633,0.17166633478036553,-1.5477005341464822,1.7193668689268478,0.051522059296466916,0.13443833362761182,-1.6737266848295482,1.80816501845716,1.0748078280975402,0.17358850798696301,-1.235718414983317,1.40930692297028,-0.05071407515753168,0.18371401010425514,-1.4638416428401348,1.64755565294439,0.04596307153762491,0.14232261073997754,-1.5729128648784638,1.7152354756184414,0.6247312157005146,0.19490049638216478,-0.945195347566087,1.1400958439482518
2024-08-11 01:00:00,31.0,7.0,0.7835801275862618,0.15884891188574723,-0.9743953076804079,1.1332442195661552,0.8352167016194059,0.06666742034224149,-1.8733973634833228,1.9400647838255642,0.1430723569383745,0.11673312255049817,-1.5955137126416616,1.7122468351921598,0.12868913810166838,0.07716707880520146,-1.725433194563379,1.8026002733685804,1.206954875132831,0.1321470470352908,-1.270589156746773,1.4027362037820639,0.08029152533409478,0.13100560049162646,-1.5090641650358712,1.6400697655274976,0.13396612457993728,0.08800305304231237,-1.6215049289803682,1.7095079820226806,0.7835801275862618,0.15884891188574723,-0.9743953076804079,1.1332442195661552
2024-08-11 02:00:00,38.0,0.0,0.8877845001760417,0.10420437258977988,-1.0234708708977542,1.1276752434875341,0.8046843455042294,-0.030532356115176462,-1.967751297680418,1.9372189415652414,0.1746140110362473,0.031541654097872796,-1.6758719958268373,1.7074136499247101,0.11576425204250951,-0.012924886059158869,-1.8123348915950273,1.7994100055358684,1.2807194372389397,0.07376456210610871,-1.3239798687404964,1.3977444308466052,0.12996514684716787,0.049673621513073085,-1.5850684040203018,1.6347420255333749,0.13676512570110044,0.0027990011211631582,-1.7031722636054183,1.7059712647265814,0.8877845001760417,0.10420437258977988,-1.0234708708977542,1.1276752434875341
2024-08-11 03:00:00,38.0,-9.0,0.9491941779680743,0.061409677792032547,-1.0626197861006825,1.124029463892715,0.700186362842282,-0.10449798266194743,-2.043020004278555,1.9385220216166077,0.14074690154463454,-0.03386710949161276,-1.7399759899131932,1.7061088804215805,0.03404966028808887,-0.08171459175442064,-1.8816587453634561,1.7999441536090355,1.3034403586394763,0.02272092140053661,-1.3722409683101422,1.3949618897106788,0.11699025197065005,-0.012974894876517817,-1.6456990583010636,1.6327241634245457,0.07430343892727476,-0.062461686773825686,-1.768320523726765,1.7058588369529393,0.9491941779680743,0.061409677792032547,-1.0626197861006825,1.124029463892715
2024-08-11 04:00:00,29.0,6.0,1.0476962343413265,0.09850205637325216,-1.0233816426009952,1.1218836989742473,0.6755917889850036,-0.024594573857278368,-1.9675797450727868,1.9429851712155084,0.17253087742574458,0.03178397588111004,-1.6757258898574097,1.7075098657385197,0.025195787378041956,-0.008853872910046912,-1.8121768885095153,1.8033230155994684,1.385799317400231,0.08235895876075472,-1.3117464125975646,1.3941053713583194,0.16531115213191683,0.04832090016126678,-1.5849302144948754,1.6332511146561421,0.07964828463752105,0.005344845710246293,-1.7030237775424637,1.70836862325271,1.0476962343413265,0.09850205637325216,-1.0233816426009952,1.1218836989742473
2024-08-11 05:00:00,35.0,5.0,1.145504502778224,0.0978082684368975,-1.0206378724756617,1.1184461409125592,0.6573236477210747,-0.01826814126392895,-1.962304502388131,1.944036361124202,0.20749278322520026,0.034961905799455684,-1.6712331312975113,1.706195037096967,0.021566803301065862,-0.003628984076976094,-1.8073182936300185,1.8036893095530424,1.4845693893046505,0.09877007190441955,-1.292232790358639,1.3910028622630586,0.21591934796777523,0.050608195835858405,-1.5806808865880189,1.6312890824238773,0.08934424222215664,0.009695957584635595,-1.6984578311066088,1.7081537886912443,1.145504502778224,0.0978082684368975,-1.0206378724756617,1.1184461409125592
2024-08-11 06:00:00,40.0,-21.0,-5.409460843521479,-6.554965346299703,-7.67000336018692,1.1150380138872173,-4.332118900784438,-4.9894425485055125,-6.934259887222081,1.9448173387165684,-4.99610300006648,-5.20359578329168,-6.908345113134544,1.7047493298428635,-4.814144287471477,-4.835711090772542,-6.639550545928197,1.8038394551556545,-5.037418562019528,-6.521987951324179,-7.90927464617283,1.387286694848651,-4.96260097432883,-5.178520322296605,-6.80775576289866,1.6292354406020546,-4.6732204398510975,-4.762564682073254,-6.470328778973451,1.7077640969001975,-5.409460843521479,-6.554965346299703,-7.67000336018692,1.1150380138872173
2024-08-11 07:00:00,19.0,0.0,-5.109768841402167,0.29969200211931146,-1.0552584516180805,1.354950453737392,-4.196994616068054,0.13512428471638405,-2.0288669141489906,2.1639911988653746,-4.797361077866757,0.19874192219972242,-1.7279222474354168,1.9266641696351392,-4.673303434134454,0.14084085333702223,-1.8686234908087087,2.009464344145731,-4.735325091084766,0.302093470934762,-1.3412517619111277,1.6433452328458897,-4.750817985440184,0.21178298888864644,-1.634298422453399,1.8460814113420454,-4.524761710391131,0.1484587294599673,-1.7560704235330076,1.9045291529929749,-5.109768841402167,0.29969200211931146,-1.0552584516180805,1.354950453737392
2024-08-11 08:00:00,19.0,15.0,-4.825458889768098,0.28430995163406947,-1.0591621896012786,1.343472141235348,-4.075465567284466,0.12152904878358761,-2.0363723407328504,2.157901389516438,-4.613736241535081,0.18362483633167548,-1.734314383597874,1.9179392199295495,-4.545520953319439,0.1277824808150152,-1.8755361257998624,2.0033186066148776,-4.456379094037061,0.27894599704770506,-1.352060108302884,1.631006105350589,-4.554214629104058,0.1966033563361269,-1.6403442141907967,1.8369475705269236,-4.38909477256253,0.13566693782860106,-1.762566688787273,1.8982336266158741,-4.825458889768098,0.28430995163406947,-1.0591621896012786,1.343472141235348
2024-08-11 09:00:00,34.0,-10.0,-4.5015566868581995,0.3239022029098979,-1.0087258948583606,1.3326280977682585,-3.86243617414501,0.2130293931394558,-1.9394022292693816,2.1524316224088373,-4.3555687034072355,0.25816753812784543,-1.6517279843789276,1.909895522506773,-4.333995006383653,0.21152594693578597,-1.7862248817141546,1.9977508286499406,-4.079978161040167,0.3764009329968947,-1.243252803871154,1.6196537368680488,-4.28795853794566,0.2662560911583973,-1.5622325849436158,1.8284886761020132,-4.175240052577567,0.21385471998496253,-1.6786349417021644,1.892489661687127,-4.5015566868581995,0.3239022029098979,-1.0087258948583606,1.3326280977682585
2024-08-11 10:00:00,24.0,26.0,-4.218485840890185,0.28307084596801424,-1.0372566427469905,1.3203274887150047,-3.7138319851891533,0.14860418895585714,-1.9942561755594201,2.1428603645152773,-4.1553990060031785,0.20016969740405677,-1.6984453681034002,1.898615065507457,-4.182190191945306,0.15180481443834726,-1.836746368306645,1.9885511827449922,-3.815960278572449,0.26401788246771773,-1.3403801689652237,1.6043980514329415,-4.077313143335013,0.21064539461064635,-1.6064186856986555,1.8170640803093019,-4.017900413759865,0.1573396388177024,-1.7261133603319097,1.883452999149612,-4.218485840890185,0.28307084596801424,-1.0372566427469905,1.3203274887150047
2024-08-11 11:00:00,50.0,-15.0,-3.962023222119889,0.2564626187702963,-1.0531615866442485,1.3096242054145448,-3.602471100145543,0.1113608850436103,-2.0248354278696605,2.136196312913271,-3.989995982147723,0.16540302385545536,-1.7244887571538685,1.8898917810093239,-4.065138607483999,0.11705158446130692,-1.8649104182991747,1.9819620027604816,-3.5258812793945475,0.2900789991779016,-1.3036613737816358,1.5937403729595374,-3.9003130999610516,0.1770000433739618,-1.6310509686058823,1.808051011979844,-3.893663163278651,0.1242372504812137,-1.7525810010535736,1.8768182515347873,-3.962023222119889,0.2564626187702963,-1.0531615866442485,1.3096242054145448
2024-08-11 12:00:00,35.0,3.0,-3.7119856580103336,0.25003756410955535,-1.0499270608867417,1.299964624996297,-3.4898785318404673,0.11259256830507569,-2.018616645843034,2.1312092141481096,-3.826489633080641,0.16350634906708206,-1.7191924157621183,1.8826987648292004,-3.94743263971539,0.11770596776860898,-1.8591828064493614,1.9768887742179704,-3.2751140218493706,0.2507672575451769,-1.3313043692391866,1.5820716267843635,-3.7258598156139313,0.17445328434712026,-1.6260415983091812,1.8004948826563014,-3.7692738973810194,0.124389265897632,-1.7471983812714682,1.8715876471691002,-3.7119856580103336,0.25003756410955535,-1.0499270608867417,1.299964624996297
2024-08-11 13:00:00,38.0,16.0,-3.461716904454873,0.25026875355546063,-1.0403127119109796,1.2905814654664403,-3.3638375023502394,0.12604102949022788,-2.0001318523707847,2.1261728818610126,-3.6543374201515526,0.17215221292908844,-1.7034494975562953,1.8756017104853837,-3.8177968742721884,0.12963576544320143,-1.842157973985434,1.9717937394286353,-3.020306019203387,0.2548080026459838,-1.31721078823989,1.5720187908858738,-3.543948535762243,0.18191127985168865,-1.6111516769445042,1.7930629567961929,-3.634114950378628,0.13515894700239128,-1.731199007988106,1.8663579549904974,-3.461716904454873,0.25026875355546063,-1.0403127119109796,1.2905814654664403
2024-08-11 14:00:00,54.0,-4.0,-3.234926330440527,0.22679057401434544,-1.0544330898730616,1.281223663887407,-3.270575495204595,0.09326200714564425,-2.027280052528403,2.1205420596740474,-3.512764324597608,0.14157309555394426,-1.7265707672182116,1.8681438627721558,-3.718768919146215,0.09902795512597318,-1.8671619622677218,1.966189917393695,-2.777427619360606,0.24287839984278126,-1.3189583879523907,1.561836787795172,-3.3916390241707313,0.15230951159151163,-1.6330201693432063,1.7853296809347179,-3.5281281097945776,0.10598684058405028,-1.7546969274506772,1.8606837680347275,-3.234926330440527,0.22679057401434544,-1.0544330898730616,1.281223663887407
2024-08-11 15:00:00,50.0,-9.0,-3.0029343477656454,0.23199198267488153,-1.0407811604689634,1.272773143143845,-3.155227568241306,0.1153479269632891,-2.0010325035608476,2.1163804305241367,-3.35495900549462,0.157805319102988,-1.70421655389579,1.862021872998778,-3.599841844318585,0.1189270748276301,-1.8429874901843724,1.9619145650120025,-2.4877987722461135,0.2896288471144923,-1.262533433464021,1.5521622805785134,-3.224648528516309,0.16699049565442192,-1.6118771719529918,1.7788676676074138,-3.40386635420236,0.12426175559221742,-1.7319785598186177,1.8562403154108351,-3.0029343477656454,0.23199198267488153,-1.0407811604689634,1.272773143143845
2024-08-11 16:00:00,41.0,24.0,-2.770501095222671,0.23243325254297464,-1.031724488347944,1.2641577408909186,-3.0276085660871113,0.12761900215419453,-1.983619913886293,2.1112389160404876,-3.189136002400593,0.16582300309402664,-1.6893867979988895,1.855209801092916,-3.4700057672728635,0.12983607704572164,-1.8269501770048953,1.956786254050617,-2.25619472880292,0.23160404344319363,-1.3090608240683463,1.54066486751154,-3.0507032131055407,0.1739453154107684,-1.5978509351222288,1.7717962505329972,-3.2697361189317333,0.13413023527062684,-1.716907224428722,1.8510374596993489,-2.770501095222671,0.23243325254297464,-1.031724488347944,1.2641577408909186
2024-08-11 17:00:00,65.0,-1.0,-2.5510870914322945,0.21941400379037668,-1.0361412890375052,1.255555292827882,-2.9141626168023453,0.11344594928476592,-1.9921117679640314,2.1055577172487974,-3.037689969539507,0.15144603286108582,-1.6966190434855555,1.8480650763466413,-3.3535819032315723,0.11642386404129135,-1.834771329737744,1.9511951937790353,-1.9915142797954333,0.2646804490074868,-1.266821174044299,1.5315016230517857,-2.890949231335682,0.15975398176985878,-1.6046913166308274,1.7644452984006862,-3.1485637993727265,0.12117231955900709,-1.7242572845449766,1.8454296041039837,-2.5510870914322945,0.21941400379037668,-1.0361412890375052,1.255555292827882
2024-08-11 18:00:00,64.0,7.0,-2.372535832233707,0.1785512591985874,-1.0689103810221787,1.247461640220766,-2.868763195196761,0.04539942160558441,-2.0551144631165466,2.100513884722131,-2.9464145826029733,0.09127538693653392,-1.7502764607578385,1.8415518476943724,-3.3001913675658843,0.05339053566568808,-1.8927979628920582,1.9461884985577462,-1.79426705482868,0.19724722496675318,-1.323815974404458,1.5210631993712111,-2.788683115648787,0.10226611568689536,-1.6554414198436131,1.7577075355305085,-3.0869817696279096,0.06158202974481686,-1.778788791165067,1.840370820909884,-2.372535832233707,0.1785512591985874,-1.0689103810221787,1.247461640220766
2024-08-11 19:00:00,71.0,-3.0,-2.2268962381539024,0.14563959407980454,-1.0952550356402178,1.2408946297200223,-2.876031454953603,-0.007268259756842088,-2.1057653705196233,2.0984971107627812,-2.902196904146506,0.04421767845646696,-1.793414248231335,1.837631926687802,-3.295745099971969,0.0044462675939151985,-1.939448373889502,1.9438946414834173,-1.5972196100971645,0.1970474447315156,-1.3162599635300238,1.5133074082615394,-2.731523853170682,0.05715926247810499,-1.69624187722571,1.753401139703815,-3.0718085568108906,0.015173212817019,-1.8226293012524233,1.8378025140694423,-2.2268962381539024,0.14563959407980454,-1.0952550356402178,1.2408946297200223
2024-08-11 20:00:00,68.0,-6.0,-4.836062770981462,-2.609166532827559,-3.844717457355585,1.2355509245280263,-4.340038436786706,-1.4640069818331036,-3.5628269046462298,2.098819922813126,-4.3712867955647505,-1.4690898914182442,-3.304824343380896,1.835734451962652,-4.669495182759771,-1.3737500827878024,-3.317453756999872,1.9437036742120697,-4.128118898724149,-2.5308992886269843,-4.03647855474178,1.5055792661147958,-4.190610442998465,-1.4590865898277832,-3.210083071020739,1.750996481192956,-4.4159123996618055,-1.3441038428509147,-3.181273826474803,1.8371699836238882,-4.836062770981462,-2.609166532827559,-3.844717457355585,1.2355509245280263
2024-08-11 21:00:00,62.0,-2.0,-4.620392359009185,0.2156704119722772,-1.1173613461622132,1.3330317581344904,-4.323957581488406,0.016080855298300722,-2.148267529060224,2.1643483843585245,-4.301597895929344,0.06968889963540681,-1.8296120021570208,1.8993009017924276,-4.644936260796409,0.02455892196336218,-1.978593638325122,2.003152560288484,-3.897204007618238,0.23091489110591135,-1.3754302984244602,1.6063451895303715,-4.1081927978109025,0.08241764518756245,-1.73047833215006,1.8128959773376225,-4.381704727425024,0.03420767223678167,-1.8594167233494343,1.893624395586216,-4.620392359009185,0.2156704119722772,-1.1173613461622132,1.3330317581344904
2024-08-11 22:00:00,60.0,-22.0,-4.432862424809512,0.18752993419967323,-1.1373038704878076,1.3248338046874808,-4.346943979009296,-0.022986397520890378,-2.1866095368657703,2.16362313934488,-4.267603512369103,0.03399438356024076,-1.8622666863240875,1.8962610698843283,-4.656761674501081,-0.011825413704672272,-2.0139073279370736,2.0020819142324013,-3.7115972477992427,0.185606759818995,-1.411409416857386,1.597016176676381,-4.060185603936114,0.04800719387478791,-1.7613636910828243,1.8093708849576122,-4.382131059267874,-0.0004263318428503471,-1.8926033584197957,1.8921770265769453,-4.432862424809512,0.18752993419967323,-1.1373038704878076,1.3248338046874808
2024-08-11 23:00:00,38.0,-34.0,-22.360603313271064,-17.927740888461553,-19.245466953403177,1.3177260649416243,-18.856345474484158,-14.509401495474863,-16.674061356417305,2.1646598609424417,-19.482878164356645,-15.215274651987542,-17.11005376928335,1.8947791172958084,-19.163979011007683,-14.507217336506601,-16.509814743853102,2.0025974073465016,-21.60776005948408,-17.896162811684835,-19.485700129425016,1.58953731774018,-19.202464139882977,-15.142278535946863,-16.949597682067207,1.8073191461203437,-18.70983931757385,-14.327708258305973,-16.21990332010634,1.8921950618003662,-22.360603313271064,-17.927740888461553,-19.245466953403177,1.3177260649416243
2024-08-12 00:00:00,4.0,-8.0,-33.86075206176669,-11.500148748495626,-13.583817593099567,2.083668844603941,-27.12365349813534,-8.267308023651184,-11.135911706536271,2.868603682885088,-28.152027428112326,-8.669149263755681,-11.28512044435434,2.6159711805986583,-27.269302105101758,-8.105323094094075,-10.79029195592439,2.684968861830316,-33.04442799951144,-11.436667940027363,-13.828061854018646,2.391393913991283,-27.82014923542605,-8.617685095543075,-11.129872929007224,2.5121878334641488,-26.726134687181506,-8.016295369607658,-10.563138000948191,2.5468426313405326,-33.86075206176669,-11.500148748495626,-13.583817593099567,2.083668844603941
2024-08-12 01:00:00,-4.0,-4.0,-32.310724150211854,1.5500279115548319,-1.1169598188267986,2.6669877303816305,-25.957197569075696,1.1664559290596452,-2.147495542325884,3.313951471385529,-26.902201127709166,1.249826300403161,-1.828954525294597,3.078780825697758,-26.137483762933194,1.131818342168564,-1.9778826244403176,3.1097009666088815,-31.396027056722755,1.648400942788687,-1.3408895784979482,2.989290521286635,-26.58496283249188,1.2351864029341726,-1.7298564792856423,2.965042882219815,-25.629417414444372,1.0967172727371326,-1.8587485360661387,2.9554658088032713,-32.310724150211854,1.5500279115548319,-1.1169598188267986,2.6669877303816305
2024-08-12 02:00:00,-8.0,-37.0,-47.41180477440733,-15.101080624195475,-17.685254575758677,2.584173951563202,-36.75447088453269,-10.797273315456989,-14.046443186218468,3.2491698707614787,-38.195406325507875,-11.293205197798708,-14.302938787180988,3.0097335893822805,-36.76266964236044,-10.62518587942725,-13.673705133314268,3.0485192538870183,-46.3665624468444,-14.970535390121642,-17.86953873475474,2.899003344633099,-37.798240963592974,-11.213278131101097,-14.111109944061036,2.8978318129599394,-36.139263525085326,-10.50984611064095,-13.407613467587849,2.8977673569468987,-47.41180477440733,-15.101080624195475,-17.685254575758677,2.584173951563202
2024-08-12 03:00:00,-45.0,-42.0,-73.42335414986587,-26.011549375458536,-29.458155312499997,3.4466059370414595,-60.496522199115645,-23.742051314582955,-27.61530572520439,3.8732544106214353,-62.888325988054625,-24.69291966254675,-28.35498072637867,3.6620610638319215,-61.05448577951634,-24.291816137155894,-27.938623379589995,3.6468072424341003,-72.26355349983339,-25.896991052989,-29.666778632468528,3.769787579479527,-62.82817052826445,-25.029929564671477,-28.566170768621554,3.5362412039500786,-60.18575424205734,-24.046490716972013,-27.52057385711468,3.4740831401426666,-73.42335414986587,-26.011549375458536,-29.458155312499997,3.4466059370414595
2024-08-12 04:00:00,-87.0,-38.0,-91.22434524636122,-17.800991096495355,-23.023808649965556,5.2228175534701995,-73.96346136572363,-13.466939166607983,-18.90518317158036,5.43824400497238,-76.95374325395609,-14.065417265901468,-19.376538504374697,5.311121238473229,-74.4892955706282,-13.43480979111186,-18.650691141815827,5.215881350703966,-89.9568489448766,-17.693295445043205,-23.239046368696616,5.545750923653413,-77.14177305933187,-14.31360253106742,-19.503955638690748,5.190353107623328,-73.52506780220419,-13.339313560146852,-18.32847826900444,4.989164708857587,-91.22434524636122,-17.800991096495355,-23.023808649965556,5.2228175534701995
2024-08-12 05:00:00,-125.0,-3.0,-104.89558107810258,-13.671235831741354,-20.321590511165418,6.650354679424064,-84.26588933734008,-10.302427971616456,-16.74611160282009,6.443683631203633,-87.71292619242541,-10.759182938469323,-17.14627273455915,6.387089796089828,-84.76157063007221,-10.27227505944401,-16.476199802501803,6.203924743057795,-103.55093522327053,-13.594086278393933,-20.549693369103185,6.955607090709252,-88.12117407304645,-10.979401013714575,-17.25787794279875,6.278476929084175,-83.75854968572936,-10.233481883525174,-16.181021626771297,5.947539743246123,-104.89558107810258,-13.671235831741354,-20.321590511165418,6.650354679424064
2024-08-12 06:00:00,-128.0,-11.0,-118.35125042941834,-13.455669351315759,-21.31932928819061,7.863659936874851,-95.59327779455656,-11.327388457216477,-18.5977929941783,7.270404536961822,-99.54879185597756,-11.835865663552148,-19.11295195800021,7.277086294448061,-96.26862223600489,-11.507051605932672,-18.5242134411865,7.0171618352538285,-116.98052316144589,-13.42958793817536,-21.576769302974046,8.147181364798687,-100.21964778607213,-12.09847371302568,-19.28173201495315,7.183258301927471,-95.2309629661936,-11.472413280464231,-18.212223975186923,6.739810694722693,-118.35125042941834,-13.455669351315759,-21.31932928819061,7.863659936874851
2024-08-12 07:00:00,-139.0,14.0,-113.89106437175835,4.460186057660001,-4.696861965961027,9.157048023621028,-91.96591611266052,3.6273616818960273,-4.6095850499426385,8.236946731838666,-95.62655125002064,3.9222406059569144,-4.400936613539508,8.323177219496422,-92.60325452569138,3.6653677103135056,-4.322246053132528,7.987613763446034,-112.54696502372438,4.433558137721502,-4.983235538241208,9.41679367596271,-96.27814168350885,3.9415061025632845,-4.309257658841071,8.250763761404356,-91.71703315710172,3.513929809091878,-4.172947697327974,7.686877506419852,-113.89106437175835,4.460186057660001,-4.696861965961027,9.157048023621028
2024-08-12 08:00:00,-125.0,-6.0,-107.53561893794934,6.355445433809015,-2.361974351942687,8.717419785751702,-87.18770608774153,4.778210024918987,-3.142658311208647,7.920868336127635,-90.52404457298493,5.102506677035711,-2.866230688789687,7.968737365825398,-87.84890649738648,4.7543480283049036,-2.917326104694513,7.671674132999416,-106.24308168354955,6.303883340174828,-2.68360767551407,8.987491015688898,-91.15453544952449,5.123606233984362,-2.771261232721918,7.89486746670628,-87.11326671381866,4.603766443283062,-2.786418091787579,7.390184535070641,-107.53561893794934,6.355445433809015,-2.361974351942687,8.717419785751702
2024-08-12 09:00:00,-131.0,13.0,-112.04426246961427,-4.5086435316649265,-12.61830840972984,8.109664878064914,-92.90820514076785,-5.720499053026311,-13.234444978690085,7.513945925663775,-96.68772369021617,-6.163679117231246,-13.682861997737042,7.519182880505796,-93.99548269332935,-6.146576195942873,-13.417942448961256,7.271366253018383,-110.84596488351458,-4.602883199965039,-12.997211586180216,8.394328386215177,-97.27338631551517,-6.118850865990675,-13.562813317788363,7.443962451797688,-93.28833553105221,-6.1750688172335515,-13.185378076134901,7.01030925890135,-112.04426246961427,-4.5086435316649265,-12.61830840972984,8.109664878064914
2024-08-12 10:00:00,-118.0,-23.0,-122.08449610953687,-10.04023363992261,-18.57878525003064,8.538551610108032,-104.00939890729968,-11.101193766531837,-19.103576062074673,8.002382295542835,-108.36694840547483,-11.67922471525865,-19.743095717255414,8.063871001996764,-106.51154468361267,-12.516061990283312,-20.306989621050246,7.790927630766933,-120.9680826343175,-10.122117750802916,-18.947558851466628,8.825441100663712,-109.09896828313693,-11.825581967621757,-19.80957410106369,7.983992133441932,-105.77351266259578,-12.48517713154357,-20.00731031023893,7.522133178695358,-122.08449610953687,-10.04023363992261,-18.57878525003064,8.538551610108032
2024-08-12 11:00:00,-141.0,9.0,-135.44031059826483,-13.355814488727964,-22.889152437051695,9.533337948323732,-118.41303676829699,-14.40363786099731,-23.39776017319135,8.99412231219404,-123.18940746028363,-14.822459054808808,-23.97066340034328,9.148204345534472,-123.04507816014706,-16.53353347653438,-25.43784475951652,8.904311282982139,-134.4306977997442,-13.462615165426708,-23.27408011856241,9.811464953135701,-124.27334303300027,-15.174374749863341,-24.255638822101826,9.081264072238485,-122.24712699715714,-16.473614334561358,-25.085673479326573,8.612059144765215,-135.44031059826483,-13.355814488727964,-22.889152437051695,9.533337948323732
2024-08-12 12:00:00,-132.0,-16.0,-144.0552827648302,-8.614972166565371,-19.55653802269226,10.941565856126887,-127.68066669230147,-9.267629924004485,-19.634844505442317,10.367214581437832,-132.85027092821642,-9.660863467932787,-20.28368817229642,10.622824704363632,-133.07804057788746,-10.032962417740393,-20.521988871632935,10.489026453892542,-143.13946244947255,-8.70876464972835,-19.91255030588642,11.20378565615807,-133.9461395028349,-9.672796469834644,-20.265518234516637,10.592721764681993,-132.29722650594087,-10.05009950878372,-20.213061426298708,10.162961917514988,-144.0552827648302,-8.614972166565371,-19.55653802269226,10.941565856126887
2024-08-12 13:00:00,-148.0,-22.0,-154.05698708501018,-10.001704320179968,-21.903074780344692,11.901370460164724,-138.27493845160205,-10.594271759300575,-21.8965151064173,11.302243347116725,-143.77373487173656,-10.923463943520149,-22.56669088523192,11.643226941711772,-144.5342979734684,-11.456257395580938,-22.970166819621202,11.513909424040264,-153.2330765634164,-10.09361411394385,-22.247261795146045,12.153647681202195,-145.10445113653873,-11.158311633703825,-22.77519157363507,11.616879939931245,-143.75840428139256,-11.46117777545169,-22.633330118172548,11.172152342720858,-154.05698708501018,-10.001704320179968,-21.903074780344692,11.901370460164724
2024-08-12 14:00:00,-170.0,-5.0,-163.89283904609113,-9.83585196108094,-22.902135440675544,13.066283479594604,-148.7328276263628,-10.457889174760727,-22.878454426007227,12.4205652512465,-154.48404835614622,-10.71031348440964,-23.563660339957515,12.853346855547874,-155.5604709490275,-11.026172975559087,-23.768766060509375,12.742593084950288,-163.1303529129346,-9.897276349518188,-23.200180620177612,13.302904270659424,-156.07445036770642,-10.96999923116769,-23.827019076022584,12.857019844854893,-154.79485911664645,-11.036454835253883,-23.417785752656044,12.381330917402162,-163.89283904609113,-9.83585196108094,-22.902135440675544,13.066283479594604
2024-08-12 15:00:00,-175.0,-13.0,-166.99602293945998,-3.10318389336884,-17.368098983069316,14.264915089700477,-153.02692253466503,-4.294094908302238,-17.870319816322088,13.57622490801985,-158.87970041044727,-4.395652054301051,-18.493582155417396,14.097930101116345,-160.23560104995883,-4.675130100931339,-18.659094649871527,13.983964548940188,-166.33286534192698,-3.202512428992387,-17.682724095157738,14.480211666165351,-160.4450863885142,-4.370636020807787,-18.50816447705304,14.137528456245253,-159.56302289206997,-4.768163775423517,-18.372571124092303,13.604407348668786,-166.99602293945998,-3.10318389336884,-17.368098983069316,14.264915089700477
2024-08-12 16:00:00,-188.0,5.0,-163.6465839488775,3.3494389905824793,-11.304554863780389,14.653993854362868,-150.96340689247054,2.063515642194501,-12.002117926565537,14.065633568760038,-156.68358771909115,2.196112691356115,-12.429253806239544,14.625366497595659,-157.9265948153219,2.30900623463695,-12.218719354552704,14.527725589189654,-163.10669012243557,3.2261752194914113,-11.645671616578694,14.871846836070105,-158.05328111645403,2.391805272060175,-12.272830628126876,14.66463590018705,-157.41674014142168,2.1462827506482736,-12.004357635472228,14.150640386120502,-163.6465839488775,3.3494389905824793,-11.304554863780389,14.653993854362868
2024-08-12 17:00:00,-183.0,13.0,-161.35224563377375,2.294338315103749,-11.939925380638245,14.234263695741994,-149.94892876359555,1.0144781288750107,-12.814889848587155,13.829367977462166,-155.6370421767146,1.046545542376542,-13.314097597112374,14.360643139488916,-156.9331449286111,0.9934498867107635,-13.264420620271993,14.257870506982757,-160.92126755886773,2.185422563567844,-12.291914829014905,14.477337392582749,-156.88532569013523,1.1679554263187857,-13.207028818852189,14.374984245170975,-156.5562231020784,0.8605170393432768,-13.042918181239179,13.903435220582455,-161.35224563377375,2.294338315103749,-11.939925380638245,14.234263695741994
2024-08-12 18:00:00,-170.0,3.0,-158.09823365347393,3.2540119802998078,-10.696259604181554,13.950271584481362,-147.89437592880657,2.054552834788984,-11.659394562132064,13.713947396921048,-153.5144403371293,2.122601839585318,-12.112739425053466,14.235341264638784,-154.79979272688522,2.133352201725902,-12.009191553425968,14.14254375515187,-157.7514944171491,3.169773141718631,-11.043335111684428,14.213108253403059,-154.6422034972352,2.243122192900044,-11.991470553407114,14.234592746307158,-154.55376296501473,2.0024601370636823,-11.802473976324064,13.804934113387747,-158.09823365347393,3.2540119802998078,-10.696259604181554,13.950271584481362
2024-08-12 19:00:00,-167.0,0.0,-155.66335938223338,2.43487427124054,-11.11752464233119,13.55239891357173,-146.18265204181364,1.711723886992937,-11.769951823781962,13.4816757107749,-151.72268673454707,1.7917536025822258,-12.19113669350748,13.982890296089705,-152.88914378953922,1.910648937346,-11.985822697109139,13.896471634455139,-155.35792770601995,2.393566711129159,-11.4406237165224,13.834190427651558,-152.70649295590283,1.935710541332357,-12.03118478600428,13.966895327336637,-152.7514539678441,1.8023089971706145,-11.774764324527885,13.5770733216985,-155.66335938223338,2.43487427124054,-11.11752464233119,13.55239891357173
2024-08-12 20:00:00,-167.0,16.0,-151.0007196424601,4.662639739773288,-8.595808692298247,13.258448432071535,-141.72895428013328,4.453697761680353,-8.835978720219453,13.289676481899805,-146.9546056343852,4.76808110016187,-9.003465497916965,13.771546598078835,-147.8783674900155,5.010776299523702,-8.667144176038496,13.677920475562198,-150.70980015396714,4.648127552052815,-8.903325987843717,13.551453539896531,-147.79370771442916,4.912785241473676,-8.82514222520999,13.737927466683667,-147.86185603131523,4.88959793652886,-8.484011243601431,13.373609180130291,-151.0007196424601,4.662639739773288,-8.595808692298247,13.258448432071535
2024-08-12 21:00:00,-151.0,24.0,-147.60722190183932,3.393497740620772,-9.311048061052626,12.704545801673397,-138.53060623037968,3.198348049753612,-9.598222132264775,12.796570182018387,-143.55982521244195,3.394780421943228,-9.822193838158544,13.216974260101772,-144.2423724097765,3.63599508023902,-9.476992012921974,13.112987093160994,-147.3253678648328,3.384432289134347,-9.626305854442114,13.01073814357646,-144.2558936781048,3.5378140363243737,-9.627494666309234,13.165308702633608,-144.31816026041918,3.54369577089604,-9.285659225161188,12.829354996057228,-147.60722190183932,3.393497740620772,-9.311048061052626,12.704545801673397
2024-08-12 22:00:00,-127.0,17.0,-140.57912009493074,7.028101806908586,-5.28074118390589,12.308842990814476,-131.7615644810327,6.769041749346972,-5.6791634039352115,12.448205153282183,-136.33790556594528,7.2219196464966755,-5.607155727215253,12.829075373711929,-136.9465082852819,7.295864124494577,-5.4146466919035925,12.71051081639817,-140.28525513179514,7.040112733037651,-5.583841173098834,12.623953906136485,-136.97725984677658,7.278633831328234,-5.481867823292143,12.760501654620377,-137.14083860321122,7.1773216572079415,-5.264655668736228,12.441977325944169,-140.57912009493074,7.028101806908586,-5.28074118390589,12.308842990814476
2024-08-12 23:00:00,-110.0,7.0,-132.17334432960536,8.405775765325377,-3.1034556926582235,11.509231457983601,-123.5884710659303,8.173093415102402,-3.5536799221425546,11.726773337244957,-127.66776089810814,8.670144667837139,-3.3529481768609073,12.023092844698047,-128.35202307908745,8.594485206194474,-3.327353224777335,11.921838430971809,-131.81023620319593,8.475018928599217,-3.363064239921876,11.838083168521093,-128.28828141573996,8.68897843103662,-3.2585609992341507,11.947539430270771,-128.66764859248622,8.473190010725,-3.202395045490773,11.675585056215773,-132.17334432960536,8.405775765325377,-3.1034556926582235,11.509231457983601
2024-08-13 00:00:00,-103.0,8.0,-122.56950368824782,9.603840641357532,-0.984299648620636,10.588140289978169,-114.59651348565708,8.991957580273226,-1.892439702930373,10.8843972832036,-118.18947119555955,9.478289702548595,-1.6117314752481244,11.09002117779672,-119.06980587413045,9.282217204956991,-1.7429715370552208,11.025188742012212,-122.12723580148858,9.68300040170735,-1.242535677691857,10.925536079399206,-118.8005963052426,9.48768511049735,-1.5244032023581835,11.012088312855534,-119.50346067614782,9.164187916338388,-1.637986881968333,10.802174798306721,-122.56950368824782,9.603840641357532,-0.984299648620636,10.588140289978169
2024-08-13 01:00:00,-95.0,3.0,-113.98523289529744,8.58427079295038,-0.9985092548794766,9.582780047829855,-106.52238051898625,8.07413296667083,-1.9197594556956228,9.993892422366452,-109.71137657543218,8.478094620127363,-1.6349988508794684,10.113093471006831,-110.74178138656305,8.328024487567397,-1.7681335284230206,10.096158015990417,-113.4653941568394,8.66184164464919,-1.2658711015068898,9.92771274615608,-110.31280971258565,8.487786592656965,-1.5464098842823117,10.034196476939277,-111.26934041560087,8.234120260546957,-1.6616332874938589,9.895753548040815,-113.98523289529744,8.58427079295038,-0.9985092548794766,9.582780047829855
2024-08-13 02:00:00,-92.0,5.0,-106.25472071466065,7.730512180636792,-0.996077783792799,8.726589964429591,-99.210802989172,7.3115775298142545,-1.9150846471376757,9.22666217695193,-102.0649803496734,7.646396225758783,-1.6310174632125665,9.27741368897135,-103.20818414198207,7.533597244580969,-1.7638279443428162,9.297425188923786,-105.65266365666704,7.812730500172352,-1.2628697936405042,9.075600293812856,-102.65756317464152,7.655246537944127,-1.5426442197144468,9.197890757658573,-103.81173048739939,7.457609928201472,-1.657587042278345,9.115196970479817,-106.25472071466065,7.730512180636792,-0.996077783792799,8.726589964429591
2024-08-13 03:00:00,-87.0,-3.0,-99.2669645363337,6.987756178326951,-1.0020783867498293,7.98983456507678,-92.5790979745893,6.631705014582693,-1.9266215600008663,8.558326574583559,-95.1512060358742,6.913774313799216,-1.6408430896565722,8.554617403455788,-96.37940187967095,6.828782262311121,-1.7744536518435043,8.603235914154626,-98.58847867817607,7.06418497849097,-1.2756251513727925,8.339810129863762,-95.7346792799877,6.9228838946538245,-1.5519374652993614,8.474821359953186,-97.04338418505719,6.768346302342192,-1.6675727300120444,8.435919032354237,-99.2669645363337,6.987756178326951,-1.0020783867498293,7.98983456507678
2024-08-13 04:00:00,-90.0,7.0,-92.9011815354149,6.365783000918799,-0.9860396004074327,7.351822601326232,-86.50101792899036,6.078080045598934,-1.895784978779179,7.973865024378114,-88.83948063016518,6.3117254057090175,-1.6145805416519623,7.92630594736098,-90.1281927149553,6.251209164715654,-1.7460525972227063,7.99726176193836,-92.17901628713565,6.409462391040422,-1.2918280082739428,7.701290399314365,-89.41536588610496,6.319313393882737,-1.5270978981039949,7.846411291986732,-90.84207767952088,6.201306505536311,-1.6408823601959484,7.842188865732259,-92.9011815354149,6.365783000918799,-0.9860396004074327,7.351822601326232
2024-08-13 05:00:00,-83.0,8.0,-87.07874887580351,5.822432659611401,-0.9712723172938497,6.793704976905251,-80.91206301570793,5.588954913282443,-1.867393022216235,7.456347935498678,-83.05624991031623,5.783230719848959,-1.5904000037116959,7.373630723560654,-84.38615603572507,5.742036679230233,-1.7199030865704559,7.461939765800689,-86.28973355892238,5.88928272821328,-1.2546680483049681,7.143950776518247,-83.62567335669239,5.78969252941258,-1.5042275316459528,7.293920061058533,-85.14116855562338,5.700909123897503,-1.616307916776956,7.317217040674459,-87.07874887580351,5.822432659611401,-0.9712723172938497,6.793704976905251
2024-08-13 06:00:00,-75.0,2.0,-81.74094840554314,5.33780047026037,-0.964714037482077,6.302514507742447,-75.77104715854101,5.141015857166917,-1.8547839055553503,6.9957997627222674,-77.75114653631034,5.305103374005885,-1.579661214958768,6.884764588964653,-79.10788644531256,5.278269590412503,-1.7082898597853176,6.98655945019782,-80.88418416701228,5.405549391910096,-1.2447468962392176,6.650296288149314,-78.31430760599117,5.311365750701208,-1.4940706015271243,6.805436352228332,-79.89591300220967,5.245255553413712,-1.6053941911497904,6.850649744563503,-81.74094840554314,5.33780047026037,-0.964714037482077,6.302514507742447
2024-08-13 07:00:00,-73.0,-1.0,-76.83498656696628,4.905961838576859,-0.9624387159147273,5.868400554491586,-71.03633087180216,4.734716286738844,-1.8504093140607578,6.585125600799602,-72.87602232827558,4.875124208034764,-1.5759355127383643,6.451059720773128,-74.24877236700753,4.85911407830503,-1.704260781104759,6.563374859409789,-75.91423735469361,4.96994681231867,-1.2427970910251425,6.212743903343813,-73.4326558538345,4.881651752156673,-1.4905467686287552,6.372198520785428,-75.06257188101202,4.833341121197653,-1.6016077965444468,6.4349489177420995,-76.83498656696628,4.905961838576859,-0.9624387159147273,5.868400554491586
2024-08-13 08:00:00,-74.0,0.0,-72.3163433090266,4.518643257939674,-0.9644240455176107,5.483067303457285,-66.67266227669322,4.363668595108941,-1.8542263595805493,6.21789495468949,-68.39026234632755,4.485759981948032,-1.5791863705581282,6.06494635250616,-69.77106583638613,4.477706530621409,-1.707776349757403,6.185482880378813,-71.3432807423564,4.570956612337207,-1.25263167881511,5.823588291152317,-68.93970078734606,4.4929550664884506,-1.493621485569489,5.986576552057939,-70.60407221374626,4.458499667265756,-1.6049116114451876,6.0634112787109435,-72.3163433090266,4.518643257939674,-0.9644240455176107,5.483067303457285
2024-08-13 09:00:00,-74.0,5.0,-68.13003893267627,4.186304376350337,-0.9534266579420874,5.139731034292424,-62.616972153295016,4.0556901233982,-1.8330825006900184,5.888772624088219,-64.23124532289168,4.1590170234358705,-1.5611788098261776,5.720195833262048,-65.61219639625898,4.158869440127152,-1.6883024694680384,5.84717190959519,-67.11084593378379,4.232434808572609,-1.244349892248654,5.476784700821264,-64.77399513489841,4.165705652447646,-1.4765896265607052,5.642295279008351,-66.46020009623415,4.14387211751212,-1.586610704186029,5.730482821698149,-68.13003893267627,4.186304376350337,-0.9534266579420874,5.139731034292424
2024-08-13 10:00:00,-69.0,6.0,-64.22864748719789,3.9013914454783865,-0.9301603795622274,4.831551825040614,-58.81441945276098,3.8025527005340374,-1.7883501582502142,5.5909028587842515,-60.344758267531276,3.8864870553604067,-1.523081678297933,5.40956873365834,-61.717827221973586,3.894369174285394,-1.6471031649207615,5.541472339206155,-63.15678544359752,3.954060490186275,-1.2110969771846676,5.165157467370943,-60.88235358736113,3.8916415475372848,-1.440556707805814,5.332198255343099,-62.5786161284863,3.881583967747847,-1.5478929632706073,5.4294769310184545,-64.22864748719789,3.9013914454783865,-0.9301603795622274,4.831551825040614
2024-08-13 11:00:00,-63.0,0.0,-60.61003366093567,3.618613826262218,-0.934309495361512,4.55292332162373,-55.2921004373667,3.5223190153942774,-1.7963273545050589,5.318646369899336,-56.747500144459785,3.5972581230714926,-1.5298756058763159,5.1271337289478085,-58.109621692771434,3.60820552920215,-1.6544503083970734,5.262655837599223,-59.4957628156848,3.6610226279127254,-1.2212504294379851,4.8822730573507105,-57.27891542564886,3.603438161712271,-1.4469825207381337,5.0504206824504045,-58.97852485466601,3.60009127382029,-1.5547975651979977,5.154888839018287,-60.61003366093567,3.618613826262218,-0.934309495361512,4.55292332162373
2024-08-13 12:00:00,-63.0,1.0,-57.21207423614544,3.3979594247902325,-0.9039272603151368,4.301886685105369,-51.957497286788445,3.3346031505782507,-1.737913691606676,5.0725168421849265,-53.355161668555176,3.392338475904608,-1.4801265232862209,4.872464999190829,-54.69952210233015,3.4100995904412814,-1.6006502577802078,5.010749848221489,-56.053481128529775,3.4422816871550226,-1.1851741707247059,4.6274558578797285,-53.882513707585936,3.3964017180629256,-1.3999289873305,4.796330705393426,-55.57618054028603,3.4023443143799796,-1.5042380607619443,4.906582375141924,-57.21207423614544,3.3979594247902325,-0.9039272603151368,4.301886685105369
2024-08-13 13:00:00,-62.0,5.0,-54.02226080537792,3.18981343076752,-0.882824768131678,4.072638198899198,-48.80996150929413,3.147535777494312,-1.6973414999019247,4.844877277396237,-50.162487369341136,3.1926742992140427,-1.4455724615165955,4.638246760730638,-51.48445180229401,3.215070300036138,-1.5632825280565985,4.7783528280927365,-52.815311786930934,3.238169341598842,-1.1559235863071895,4.394092927906032,-50.68691793846012,3.195595769125817,-1.3672471645671946,4.562842933693012,-52.367753532612696,3.208427007673336,-1.4691211068731727,4.677548114546509,-54.02226080537792,3.18981343076752,-0.882824768131678,4.072638198899198
2024-08-13 14:00:00,-57.0,2.0,-51.05175630546595,2.970504499911968,-0.8926398807751472,3.8631443806871153,-45.8913714606257,2.9185900486684355,-1.716212286741344,4.63480233540978,-47.20104789792376,2.9614394714173757,-1.4616441181536306,4.423083589571006,-48.50081406553238,2.9836377367616267,-1.5806628674629284,4.564300604224555,-49.79995644272803,3.0153553442029004,-1.164723155605662,4.1800784998085625,-47.7208869006262,2.9660310378339196,-1.382448012364081,4.348479050198001,-49.3866254322848,2.9811281003278927,-1.4854545737981828,4.466582674126076,-51.05175630546595,2.970504499911968,-0.8926398807751472,3.8631443806871153
2024-08-13 15:00:00,-55.0,0.0,-48.25985791877923,2.7918983866867153,-0.8811294304932604,3.6730278171799755,-43.141285350013035,2.750086110612665,-1.6940820003569343,4.444168110969599,-44.41577228535392,2.78527561256984,-1.442796448097471,4.228072060667311,-45.69104993047886,2.809764135053519,-1.560280469431869,4.370044604485388,-46.9644837541527,2.835472688575331,-1.15012134386837,3.9855940324437014,-44.93137896693771,2.7895079336884905,-1.3646215635840961,4.154129497272587,-46.57799957752629,2.8086258547585095,-1.4662998716770346,4.274925726435544,-48.25985791877923,2.7918983866867153,-0.8811294304932604,3.6730278171799755
2024-08-13 16:00:00,-55.0,6.0,-45.61349600679578,2.6463619119834565,-0.8523533047885441,3.4987152167720006,-40.51183830210304,2.629447047910001,-1.6387562843959105,4.268203332305911,-41.762776658679975,2.65299562667394,-1.3956772729570728,4.048672899631013,-43.0094033358048,2.6816465946740617,-1.5093244743542205,4.190971069028282,-44.27164958251973,2.692834171632973,-1.1141039153660188,3.8069380869989917,-42.276033578020034,2.655345388917676,-1.3200554416341346,3.9754008305518105,-43.89820889815748,2.6797906793688178,-1.4184131163741645,4.098203795742982,-45.61349600679578,2.6463619119834565,-0.8523533047885441,3.4987152167720006
2024-08-13 17:00:00,-49.0,3.0,-43.14261329203967,2.4708827147561103,-0.8665182968990052,3.3374010116551154,-38.07454701222893,2.4372912898741035,-1.6659902608573445,4.103281550731448,-39.300238092251746,2.4625385664282264,-1.418871595603703,3.8814101620319295,-40.520254182146196,2.4891491536586035,-1.5344074641792644,4.023556617837868,-41.76486620821153,2.506783374308198,-1.1342786341598654,3.6410620084680634,-39.80910753413202,2.4669260438880176,-1.3419930287955497,3.808919072683567,-41.407128320435284,2.4910805777221956,-1.4419852788682128,3.9330658565904084,-43.14261329203967,2.4708827147561103,-0.8665182968990052,3.3374010116551154
2024-08-13 18:00:00,-46.0,-7.0,-43.80503348015575,-0.6624201881160787,-3.8526404894485937,3.190220301332515,-38.9881644262349,-0.9136174140059685,-4.866931236685997,3.9533138226800286,-40.42965954830546,-1.129421456053716,-4.85873405328556,3.729312597231844,-41.34999719787337,-0.8297430157271717,-4.700956424724358,3.871213408997186,-42.42201358333888,-0.6571473751273507,-4.14711449263545,3.4899671175080993,-40.960153563385276,-1.1510460292532594,-4.80848751016275,3.6574414809094904,-42.200724781297104,-0.7935964608618185,-4.576198961541843,3.782602500680025,-43.80503348015575,-0.6624201881160787,-3.8526404894485937,3.190220301332515
2024-08-13 19:00:00,-53.0,4.0,-41.7248572085596,2.080176271596152,-1.1491761604536208,3.229352432049773,-36.9109650760783,2.0771993501566053,-1.9320026904010554,4.0092020405576605,-38.335935557582104,2.093723990723355,-1.7049694147111487,3.798693405434504,-39.21559727248497,2.134399925388398,-1.7872695113556802,3.9216694367440783,-40.295360128646124,2.126653454692754,-1.4026131762228153,3.5292666309155694,-38.86409882383663,2.096054739548646,-1.6316823838630603,3.7277371234117065,-40.063896920050794,2.1368278612463074,-1.6933900167384914,3.830217877984799,-41.7248572085596,2.080176271596152,-1.1491761604536208,3.229352432049773
2024-08-13 20:00:00,-49.0,3.0,-40.93374465650953,0.7911125520500635,-2.316156162060862,3.1072687141109254,-36.0582309700059,0.8527341060723987,-3.0299685083167396,3.8827026143891383,-37.538158383373755,0.7977771742083508,-2.8728039917635715,3.6705811659719223,-38.27189745959213,0.9436998128928398,-2.8488390979847953,3.792538910877635,-39.4550924158591,0.8402677127870257,-2.5626144047899615,3.402882117576987,-38.0701296369761,0.7939691868605276,-2.8062597591595435,3.600228946020071,-39.104533405096035,0.9593635149547568,-2.7433244434439494,3.7026879583987062,-40.93374465650953,0.7911125520500635,-2.316156162060862,3.1072687141109254
2024-08-13 21:00:00,-46.0,-4.0,-43.31543594986027,-2.381691293350741,-5.443147729974155,3.0614564366234136,-38.431600242030925,-2.3733692720250197,-6.204728301027766,3.831359029002746,-40.212389408362036,-2.674231024988281,-6.29657543688939,3.6223444119011092,-40.61868293549757,-2.3467854759054343,-6.082920022901826,3.7361345469963916,-41.81502894728236,-2.3599365314232617,-5.713517647760949,3.3535811163376876,-40.80380878485152,-2.7336791478754234,-6.286188413314071,3.5525092654386476,-41.40033751008207,-2.2958041049860354,-5.941937757631791,3.646133652645756,-43.31543594986027,-2.381691293350741,-5.443147729974155,3.0614564366234136
2024-08-13 22:00:00,-50.0,-1.0,-43.15464898974639,0.1607869601138847,-3.0396197515973804,3.200406711711265,-38.307964497950934,0.12363574407999245,-3.8514732037691277,3.97510894784912,-40.17044978523057,0.04193962313145949,-3.743357116968439,3.7852967400998985,-40.397629085251225,0.22105385024633906,-3.656127856553688,3.877181706800027,-41.63505800830924,0.17997093897312233,-3.3129883137036824,3.4929592526768047,-40.77134279561073,0.03246598924078903,-3.68568371670963,3.718149705950419,-41.158125856482634,0.24221165359943608,-3.539984687095997,3.782196340695433,-43.15464898974639,0.1607869601138847,-3.0396197515973804,3.200406711711265
2024-08-13 23:00:00,-51.0,-4.0,-45.16651788627191,-2.011868896525522,-5.202798072793742,3.19092917626822,-40.44948346286455,-2.1415189649136157,-6.109074199241005,3.967555234327389,-42.59734907538975,-2.4268992901591777,-6.2096127987664245,3.7827135086072468,-42.53842401062252,-2.1407949253712935,-6.004579305193644,3.863784379822351,-43.638932314253694,-2.003874305944455,-5.4861045028517665,3.4822301969073117,-43.26599584866401,-2.4946530530532858,-6.21081341860207,3.7161603655487845,-43.256722598442785,-2.0985967419601503,-5.866320606059462,3.767723864099312,-45.16651788627191,-2.011868896525522,-5.202798072793742,3.19092917626822
2024-08-14 00:00:00,-55.0,-5.0,-46.56378700443756,-1.3972691181656463,-4.707799519274194,3.3105304011085477,-41.99850825242825,-1.549024789563699,-5.648434818088023,4.099410028524324,-44.38945802731795,-1.7921089519282005,-5.72575580160224,3.9336468496740395,-44.08225548564167,-1.5438314750191493,-5.538337265861104,3.994505790841955,-45.024500835194544,-1.3855685209408497,-4.988191785285648,3.602623264344798,-45.11776696074311,-1.8517711120790965,-5.722341372228161,3.870570260149065,-44.76956621818104,-1.5128436197382542,-5.406882630559569,3.894039010821315,-46.56378700443756,-1.3972691181656463,-4.707799519274194,3.3105304011085477
2024-08-14 01:00:00,-60.0,2.0,-47.53204784592532,-0.9682608414877598,-4.363150618381198,3.394889776893438,-43.219546939807216,-1.221038687378968,-5.417166575382921,4.196127888003953,-45.81446251902187,-1.4250044917039268,-5.472001038381621,4.046996546677694,-45.283460703925115,-1.2012052182834516,-5.291330195761825,4.090124977478373,-45.99600661184232,-0.9715057766477746,-4.658570638755016,3.6870648621072415,-46.58976788279453,-1.4720009220514179,-5.459221439632116,3.987220517580698,-45.94540971304937,-1.175843494868329,-5.162232810647217,3.9863893157788883,-47.53204784592532,-0.9682608414877598,-4.363150618381198,3.394889776893438
2024-08-14 02:00:00,-58.0,14.0,-48.44480462606354,-0.912756780138217,-4.366727358135209,3.4539705779969916,-44.33041263331232,-1.1108656935051044,-5.384027473121269,4.2731617796161645,-47.086064173431005,-1.2716016544091309,-5.4098778609901395,4.138276206581009,-46.34459874771315,-1.0611380437880369,-5.226443523558018,4.165305479769981,-46.91563612498109,-0.9196295131387764,-4.666484859090642,3.7468553459518654,-47.89775689167723,-1.3079890088827018,-5.389172046551046,4.081183037668344,-46.98140075515268,-1.0359910421033023,-5.094906268973645,4.058915226870343,-48.44480462606354,-0.912756780138217,-4.366727358135209,3.4539705779969916
2024-08-14 03:00:00,-44.0,10.0,-45.80462687293911,2.6401777531244273,-0.8699535863242194,3.510131339448647,-41.6591539745073,2.671258658805023,-1.6725950362511413,4.343853695056164,-44.28997183095652,2.796092342474487,-1.4244966754266652,4.220589017901152,-43.65280024299849,2.691798504714659,-1.5404905829714801,4.232289087686139,-44.22326467093696,2.692371454044126,-1.1115247614850907,3.8038962155292166,-45.07947586305531,2.8182810286219246,-1.34731332552446,4.165594354146385,-44.30574590334646,2.6756548518062173,-1.4477019922919665,4.123356844098184,-45.80462687293911,2.6401777531244273,-0.8699535863242194,3.510131339448647
2024-08-14 04:00:00,-34.0,3.0,-43.33567211843125,2.4689547545078625,-0.8799694626353961,3.3489242171432587,-39.176162934651366,2.482991039855934,-1.6918518164577305,4.174842856313664,-41.69020699782954,2.5997648331269776,-1.4408970704949124,4.04066190362189,-41.14761410148457,2.5051861415139145,-1.5582264293202117,4.063412570834126,-41.70660714263459,2.5166575283023773,-1.1214578044924195,3.638115332794797,-42.4575100850537,2.6219657780016066,-1.3628250997535551,3.9847908777551617,-41.81215471584682,2.4935911874996424,-1.4643695528586242,3.9579607403582666,-43.33567211843125,2.4689547545078625,-0.8799694626353961,3.3489242171432587
2024-08-14 05:00:00,-31.0,-6.0,-41.03650079255739,2.2991713258738566,-0.9024291959629677,3.2016005218368244,-36.88103924873867,2.2951236859126967,-1.725627350002043,4.020751035914739,-39.28476022884224,2.405446768987305,-1.4714376888716592,3.876884457858964,-38.82780680990333,2.319807291581245,-1.5895252628419168,3.9093325544231616,-39.38099128594494,2.32561585668965,-1.1608778006392395,3.4864936573288894,-40.02965779456457,2.427852290489125,-1.392331418049615,3.82018370853874,-39.499485229044986,2.3126694868018407,-1.49419717674555,3.8068666635473907,-41.03650079255739,2.2991713258738566,-0.9024291959629677,3.2016005218368244
2024-08-14 06:00:00,-37.0,-5.0,-40.7594692012053,0.27703159135209,-2.7903560906760774,3.0673876820281674,-36.75992850206552,0.1211107466731498,-3.7597842312952316,3.8808949779683815,-39.185664246643164,0.09909598219907201,-3.6292702453906958,3.7283662275897678,-38.61412221382192,0.21368459608141022,-3.5556251681343114,3.7693097642157216,-39.12356692608616,0.25742435985877554,-3.091826284708783,3.3492506445675585,-39.93958350046808,0.09007429409648982,-3.5807846111608215,3.6708589052573113,-39.268201424380734,0.23128380466424758,-3.4380794801404493,3.669363284804697,-40.7594692012053,0.27703159135209,-2.7903560906760774,3.0673876820281674
2024-08-14 07:00:00,-42.0,-1.0,-38.91654997282721,1.8429192283780862,-1.2084908785193915,3.0514101068974777,-34.971290966107595,1.7886375359579239,-2.084946179985523,3.8735837159434467,-37.296653611025576,1.8890106356175906,-1.833299369642939,3.7223100052605296,-36.78470341395812,1.8294187998638032,-1.9271214760799764,3.7565402759437796,-37.291829425495905,1.8317375005902543,-1.5024910003280392,3.3342285009182935,-38.02838538952644,1.9111981109416385,-1.7541780551257056,3.665376166067344,-37.43696583420796,1.831235590172775,-1.8245154708657916,3.6557510610385666,-38.91654997282721,1.8429192283780862,-1.2084908785193915,3.0514101068974777
2024-08-14 08:00:00,-43.0,4.0,-36.92977315905894,1.9867768137682722,-0.959406342541114,2.9461831563093863,-33.00544296314688,1.9658480029607113,-1.8005611931743248,3.766409196135036,-35.23314424424578,2.0635093667797997,-1.5442956249572837,3.6078049917370834,-34.7961250803536,1.9885783336045195,-1.65952525649188,3.6481035900963996,-35.30711141927103,1.9847180062248748,-1.2435933375516273,3.228311343776502,-35.94278069299314,2.085604696533299,-1.4644044368750073,3.5500091334083064,-35.45019540248387,1.9867704317240873,-1.5620961661732224,3.5488665978973097,-36.92977315905894,1.9867768137682722,-0.959406342541114,2.9461831563093863
2024-08-14 09:00:00,-39.0,6.0,-35.00339607311676,1.9263770859421772,-0.9084332893014568,2.834810375243634,-31.101669420937387,1.9037735422094966,-1.7465770982920454,3.650350640501542,-33.23588231617603,1.9972619280697506,-1.4875048747423143,3.484766802812065,-32.87272025581865,1.9234048245349515,-1.608629413598568,3.5320342381335195,-33.38712431060235,1.919987108668681,-1.1954909437087102,3.1154780523773913,-33.923469064324664,2.019311628668474,-1.406907558364525,3.4262191870329985,-33.52723451197359,1.9229608905102822,-1.5117366069411533,3.4346974974514355,-35.00339607311676,1.9263770859421772,-0.9084332893014568,2.834810375243634
2024-08-14 10:00:00,-33.0,0.0,-33.172227265023935,1.8311688080928286,-0.8977035866162097,2.7288723947090383,-29.287929424676328,1.8137399962610599,-1.7259478972244078,3.5396878934854676,-31.338106415011936,1.8977759011640956,-1.4699356319186463,3.367711533082742,-31.040795680437828,1.831924575380821,-1.5896295425657394,3.4215541179465605,-31.560769427824923,1.826354882777429,-1.1818798343545691,3.008234717131998,-32.00530216388336,1.9181669004413036,-1.39029026793202,3.3084571683733235,-31.69514285014406,1.8320916618295304,-1.4938811578708582,3.3259728197003886,-33.172227265023935,1.8311688080928286,-0.8977035866162097,2.7288723947090383
2024-08-14 11:00:00,-33.0,1.0,-31.450486219586452,1.7217410454374829,-0.9082994468563185,2.6300404922938014,-27.598406169759937,1.6895232549163908,-1.7463197693805987,3.4358430242969895,-29.56705242889658,1.7710539861153534,-1.487285715788173,3.2583397019035263,-29.331227287322903,1.7095683931149237,-1.6083924089702997,3.3179608020852234,-29.84894989763846,1.711819530186464,-1.1961449105777129,2.907964440764177,-30.21350154591077,1.7918006179725874,-1.4067002740763856,3.198500892048973,-29.982644194715427,1.7124986554286306,-1.5115138778467214,3.224012533275352,-31.450486219586452,1.7217410454374829,-0.9082994468563185,2.6300404922938014
2024-08-14 12:00:00,-32.0,4.0,-29.810929335974723,1.6395568836117285,-0.8992204676611095,2.538777351272838,-25.986769503327974,1.611636666431963,-1.7288642915541363,3.3405009579860994,-27.88157216617414,1.685480262722439,-1.4724194333989153,3.1578996961213543,-27.700819846589333,1.6304074407335707,-1.5923155950194448,3.2227230357530154,-28.216238672224087,1.6327112254143739,-1.1828141560799255,2.8155253814942993,-28.508674035944978,1.7048275099657917,-1.392639489864266,3.0974669998300577,-28.34890650679999,1.6337376879154353,-1.496405420941087,3.1301431088565224,-29.810929335974723,1.6395568836117285,-0.8992204676611095,2.538777351272838
2024-08-14 13:00:00,-28.0,3.0,-28.24522628604608,1.565703049928643,-0.8876654032308435,2.4533684531594866,-24.442613421531327,1.5441560817966458,-1.7066482288659113,3.250804310662557,-26.271297868704686,1.6102742974694546,-1.4534987103580421,3.0637730078274967,-26.139486844935007,1.5613330016543254,-1.5718541954456295,3.133187197099955,-26.65515075624625,1.561087915977838,-1.1676614518399273,2.7287493678177652,-26.880575450001075,1.6280985859439039,-1.374743946321568,3.002842532265472,-26.784199474965646,1.564707031834346,-1.4771764757884618,3.0418835076228077,-28.24522628604608,1.565703049928643,-0.8876654032308435,2.4533684531594866
2024-08-14 14:00:00,-25.0,1.0,-27.37687782813653,0.8683484579095517,-1.5048224225100286,2.3731708804195804,-23.64178516649093,0.8008282550403982,-2.365180164232576,3.1660084192729743,-25.446223116001114,0.8250747527035696,-2.150101701803233,2.9751764545068027,-25.289445120997943,0.8500417239370637,-2.1985852718644483,3.048626995801512,-25.79498506065213,0.8601656955941199,-1.7868845103080515,2.6470502059021714,-26.046628204594526,0.8339472454065491,-2.0798998089812644,2.9138470543878134,-25.92310050955039,0.8610989654152541,-2.097437494056033,2.9585364594712873,-27.37687782813653,0.8683484579095517,-1.5048224225100286,2.3731708804195804
2024-08-14 15:00:00,-24.0,1.0,-26.69414953714688,0.6827282909896473,-1.6465390286646084,2.3292673196542557,-23.015900550267894,0.6258846162230376,-2.496588348101576,3.1224729643246136,-24.810310280133077,0.6359128358680382,-2.294372024395742,2.93028486026378,-24.612703495693875,0.676741625304067,-2.326334296499246,3.003075921803313,-25.115819367863992,0.6791656927881404,-1.923398532512043,2.6025642253001835,-25.40481229327059,0.6418159113239357,-2.2269642095418325,2.868780120865768,-25.234695347182175,0.6884051623682148,-2.2247571422390258,2.9131623046072406,-26.69414953714688,0.6827282909896473,-1.6465390286646084,2.3292673196542557
2024-08-14 16:00:00,-23.0,0.0,-25.266456672044384,1.427692865102495,-0.8673436586440243,2.295036523746519,-21.59481986605232,1.421080684215575,-1.667577122477932,3.088657806693507,-23.33461508769378,1.4756951924392974,-1.4202230758209082,2.8959182682602056,-23.181515890219487,1.43118760547439,-1.5358689927202513,2.9670565981946413,-23.684271454300337,1.431547913563656,-1.1361576172242023,2.5677055307878582,-23.913748336870768,1.491063956399822,-1.3432712819057424,2.8343352383055644,-23.80091395528586,1.4337813918963143,-1.4433587749505432,2.8771401668468575,-25.266456672044384,1.427692865102495,-0.8673436586440243,2.295036523746519
2024-08-14 17:00:00,-23.0,4.0,-23.894648021059044,1.3718086509853389,-0.8524648401594923,2.224273491144831,-20.221227078668246,1.3735927873840728,-1.6389707251554493,3.012563512539522,-21.913526570137,1.4210885175567773,-1.3958599054188572,2.8169484229756345,-21.799439942314308,1.3820759479051772,-1.5095219782111104,2.8915979261162876,-22.306128056204876,1.3781433980954594,-1.116856631708583,2.4950000298040425,-22.478860410542598,1.4348879263281704,-1.3202281785409173,2.7551161048690878,-22.41667847698754,1.3842354782983213,-1.4185987239528575,2.8028342022511787,-23.894648021059044,1.3718086509853389,-0.8524648401594923,2.224273491144831
2024-08-14 18:00:00,-19.0,2.0,-22.589387136894427,1.3052608841646174,-0.8520633128240778,2.157324196988695,-18.919511734540333,1.3017153441279146,-1.6381987384211094,2.939914082549024,-20.566796400145265,1.3467301699917387,-1.395202428556433,2.7419325985481717,-20.48859978284001,1.3108401594742993,-1.5088109643263063,2.8196511238006057,-20.9942827753901,1.3118452808147754,-1.1141480319367911,2.4259933127515665,-21.11852500375004,1.360335406792558,-1.3196063256764994,2.6799417324690573,-21.102590739894694,1.314087737092843,-1.4179305366695618,2.732018273762405,-22.589387136894427,1.3052608841646174,-0.8520633128240778,2.157324196988695
2024-08-14 19:00:00,-17.0,1.0,-21.35970455560816,1.2296825812862646,-0.8648898804831571,2.0945724617694217,-17.710486577565284,1.2090251569750483,-1.6628594257680775,2.871884582743126,-19.311225295188756,1.2555711049565084,-1.4162051616616493,2.6717762666181577,-19.267873538038824,1.2207262448011846,-1.531523907868669,2.7522501526698537,-19.76284190640625,1.2314408689838507,-1.1297644336321842,2.361205302616035,-19.84836269600214,1.2701623077479005,-1.339471069956521,2.6096333777044216,-19.876236741245688,1.226353998649006,-1.439275408219291,2.665629406868297,-21.35970455560816,1.2296825812862646,-0.8648898804831571,2.0945724617694217
2024-08-14 20:00:00,-16.0,-2.0,-20.219413991693216,1.1402905639149439,-0.8960109500320693,2.0363015139470133,-16.597083791912624,1.1134027856526592,-1.6960097215249057,2.809412507177565,-18.154598781472565,1.1566265137161889,-1.4505612097437277,2.6071877234599166,-18.140401732844456,1.1274718051943688,-1.562744067572622,2.690215872766991,-18.621441138166446,1.1414007682398064,-1.1597853380480059,2.3011861062878123,-18.677522689422375,1.1708400065797675,-1.373989273258525,2.5448292798382925,-18.741867013804736,1.134369727440952,-1.4700398270089117,2.6044095544498638,-20.219413991693216,1.1402905639149439,-0.8960109500320693,2.0363015139470133
2024-08-14 21:00:00,-18.0,-1.0,-19.102440389711695,1.1169736019815213,-0.8660275412668318,1.9830011432483532,-15.509641516773764,1.0874422751388606,-1.6650467215153737,2.7524889966542343,-17.024278435733837,1.130320345738727,-1.4180680127718512,2.548388358510578,-17.04039148892386,1.1000102439205985,-1.5335384472089482,2.6335486911295467,-17.50154639561096,1.1198947425554866,-1.1263506164785817,2.2462453590340683,-17.532941338602203,1.1445813508201732,-1.3412329864057055,2.4858143372258787,-17.634620868325314,1.1072461454794227,-1.4411686055219626,2.5484147510013853,-19.102440389711695,1.1169736019815213,-0.8660275412668318,1.9830011432483532
2024-08-14 22:00:00,-19.0,2.0,-18.03273128774258,1.0697091019691178,-0.8617668900965985,1.9314759920657163,-14.469041482129889,1.040600034643874,-1.6568550845009895,2.6974551191448635,-15.943795646343862,1.0804827893899747,-1.4110914527316836,2.4915742421216582,-15.987542215599703,1.0528492733241568,-1.5259937998757458,2.5788430731999026,-16.421423080677506,1.0801233149334521,-1.1128616378754992,2.1929849528089513,-16.438783623996233,1.0941577146059716,-1.3346344365666025,2.428792151172574,-16.574353588831304,1.0602672794940105,-1.4340783960158785,2.494345675509889,-18.03273128774258,1.0697091019691178,-0.8617668900965985,1.9314759920657163
2024-08-14 23:00:00,-17.0,6.0,-17.001737693791195,1.0309935939513823,-0.8517733208596115,1.882766914810994,-13.461370458611869,1.0076710235180195,-1.6376411924463083,2.645312215964328,-14.900659349419103,1.0431362969247588,-1.3947275841557933,2.437863881080552,-14.96881903837783,1.0187231772218721,-1.5082974542983918,2.527020631520264,-15.380424972020718,1.0409981086567888,-1.1012232891271634,2.142221397783952,-15.383040252411705,1.055743371584528,-1.319157209718864,2.374900581303392,-15.548687495964364,1.0256660928669397,-1.417447956964959,2.4431140498318986,-17.001737693791195,1.0309935939513823,-0.8517733208596115,1.882766914810994
2024-08-15 00:00:00,-11.0,2.0,-16.019867655934238,0.9818700378569588,-0.8545393980591348,1.8364094359160936,-12.50902544443431,0.9523450141775602,-1.6429593232828719,2.595304337460432,-13.913350975965958,0.9873083734531445,-1.3992568692080485,2.386565242661193,-14.004635980004704,0.9641830583731279,-1.5131955499492666,2.4773786083223945,-14.383554347624855,0.9968706243958629,-1.096988554839002,2.093859179234865,-14.383007120106468,1.0000331323052367,-1.3234410850070772,2.323474217312314,-14.576678323617639,0.9720091723467246,-1.4220510249165528,2.3940601972632773,-16.019867655934238,0.9818700378569588,-0.8545393980591348,1.8364094359160936
2024-08-15 01:00:00,-9.0,4.0,-15.077080774735544,0.942786881198694,-0.8500110619986251,1.792797943197319,-11.594797717343752,0.9142277270905561,-1.6342530284455945,2.5484807555361506,-12.96667842609563,0.9466725498703281,-1.3918419912595985,2.3385145411299266,-13.078964963258109,0.925671016746594,-1.5051768933595284,2.4308479101061224,-13.428484976545933,0.9550693710789218,-1.092995188542965,2.0480645596218867,-13.424154394055062,0.9588527260514057,-1.3164279665916958,2.2752806926431015,-13.643162009850116,0.9335163137675229,-1.4145153572216052,2.348031670989128,-15.077080774735544,0.942786881198694,-0.8500110619986251,1.792797943197319
2024-08-15 02:00:00,-5.0,-2.0,-14.168761032647879,0.908319742087664,-0.8430958689998173,1.7514156110874812,-10.711823154661763,0.8829745626819889,-1.6209577013541856,2.5039322640361745,-12.054296785507916,0.912381640587715,-1.38051877862896,2.292900419216675,-12.185305795636436,0.8936591676216723,-1.4929316542323414,2.3865908218540137,-12.507089846225025,0.9213951303209085,-1.0832700261362882,2.0046651564571967,-12.500326643268613,0.9238277507864499,-1.3057182783711625,2.2295460291576124,-12.741923170126432,0.9012388397236837,-1.4030076873426207,2.3042465270663044,-14.168761032647879,0.908319742087664,-0.8430958689998173,1.7514156110874812
2024-08-15 03:00:00,-7.0,-4.0,-13.285108736100064,0.8836522965478145,-0.8283508929604236,1.7120031895082382,-9.84315221970688,0.8686709349548831,-1.5926086329431492,2.4612795678980324,-11.161307852349465,0.8929889331584513,-1.3563747671810504,2.2493637003395017,-11.30787745008313,0.8774283455533063,-1.4668216443514688,2.344249989904775,-11.616760269137089,0.8903295770879354,-1.0729068432187863,1.9632364203067216,-11.597287945457905,0.9030386978107074,-1.2828824592944765,2.185921157105184,-11.858027258810717,0.8838959113157159,-1.378470365439367,2.262366276755083,-13.285108736100064,0.8836522965478145,-0.8283508929604236,1.7120031895082382
2024-08-15 04:00:00,-11.0,1.0,-12.403431424437077,0.8816773116629867,-0.7924141964408126,1.6740915081037993,-8.946992670270857,0.8961595494360235,-1.5235158202197312,2.4196753696557547,-10.251681993992372,0.9096258583570915,-1.297530587994088,2.2071564463511795,-10.408016496085605,0.8998609539975244,-1.4031859016614754,2.303046855659,-10.72595316660988,0.8908071025272093,-1.0328083209226768,1.9236154234498861,-10.680820005612388,0.9164679398455171,-1.2272266279290596,2.1436945677745767,-10.955029841485425,0.9029974173252917,-1.3186676035843874,2.221665020909679,-12.403431424437077,0.8816773116629867,-0.7924141964408126,1.6740915081037993
2024-08-15 05:00:00,-10.0,0.0,-11.544279180883272,0.8591522435538055,-0.7775353779562808,1.6366876215100863,-8.064775821431052,0.8822168488398061,-1.4949094228972482,2.3771262717370543,-9.36027557558745,0.8914064184049237,-1.2731674175920367,2.1645738359969604,-9.523685629076226,0.8843308670093786,-1.3768388871523347,2.2611697541617133,-9.854920564925052,0.871032601684828,-1.0133447902307375,1.8843773919155655,-9.783742433845674,0.8970775717667134,-1.2041835245642343,2.1012610963309477,-10.06847169433589,0.8865581471495347,-1.2939075525867016,2.1804656997362364,-11.544279180883272,0.8591522435538055,-0.7775353779562808,1.6366876215100863
2024-08-15 06:00:00,-10.0,1.0,-10.718826456183718,0.8254527246995541,-0.7751931351663618,1.600645859865916,-7.219574155453472,0.8452016659775798,-1.4904061669469322,2.335607832924512,-8.506361168476143,0.8539144071113054,-1.2693321358945624,2.123246543005868,-8.675987209554606,0.8476984195216204,-1.3726913061576425,2.220389725679263,-9.018525643524269,0.836394921400784,-1.010006421746484,1.846401343147268,-8.924162245857133,0.8595801879885421,-1.2005560495217955,2.0601362375103376,-9.21808994126376,0.8503817530721314,-1.2900097934341423,2.1403915465062737,-10.718826456183718,0.8254527246995541,-0.7751931351663618,1.600645859865916
2024-08-15 07:00:00,-9.0,-1.0,-9.921288605850627,0.7975378503330921,-0.7688579260964863,1.5663957764295784,-6.40162562403417,0.817948531419302,-1.4782259318051254,2.2961744632244274,-7.681288773908414,0.8250723945677294,-1.2589586120652034,2.084031006632933,-7.855812984100078,0.8201742254545275,-1.3614730870862843,2.181647312540812,-8.203539293400297,0.8149863501239711,-0.9953129280921025,1.8102992782160736,-8.093795164933889,0.8303670809232444,-1.1907445932165328,2.021111674139777,-8.39525534881413,0.822834592449629,-1.2794672829643632,2.102301875413992,-9.921288605850627,0.7975378503330921,-0.7688579260964863,1.5663957764295784
2024-08-15 08:00:00,-10.0,1.0,-9.16501205203619,0.7562765538144368,-0.7773792284369528,1.5336557822513897,-5.63790256127832,0.7637230627558502,-1.4946092058338938,2.258332268589744,-6.907713262260329,0.7735755116480849,-1.2729117321455385,2.0464872437936235,-7.087887974493447,0.7679250096066308,-1.3765623817526886,2.1444873913593194,-7.422097058691083,0.7814422347092144,-0.9940219265086673,1.7754641612178816,-7.3139691339139326,0.7798260310199565,-1.2039416928947384,1.983767723914695,-7.623131446425698,0.7721239023884323,-1.2936477019765313,2.0657716043649637,-9.16501205203619,0.7562765538144368,-0.7773792284369528,1.5336557822513897
2024-08-15 09:00:00,-9.0,3.0,-8.432524751677343,0.7324873003588468,-0.7704417283639553,1.502929028722802,-4.895890899380689,0.742011661897632,-1.481270990590577,2.223282652488209,-6.157668509578941,0.7500447526813883,-1.2615519930225432,2.0115967457039314,-6.342181530442094,0.7457064440513534,-1.3642776418541238,2.1099840859054773,-6.670965377643434,0.7511316810476496,-0.9912489639720377,1.7423806450196873,-6.558152766029295,0.7558163678846381,-1.1931974572928485,1.9490138251774867,-6.8734505109734325,0.7496809354522653,-1.282102910581808,2.0317838460340734,-8.432524751677343,0.7324873003588468,-0.7704417283639553,1.502929028722802
2024-08-15 10:00:00,-6.0,-1.0,-7.709982570978568,0.7225421806987755,-0.7509230384479653,1.4734652191467408,-4.15014277692507,0.7457481224556188,-1.443743857671278,2.189491980126897,-5.409205831262574,0.7484626783163668,-1.2295913122102575,1.9780539905266243,-5.5951491286119674,0.7470324018301266,-1.3297144668983545,2.076746868728481,-5.935398700815162,0.7355666768282716,-0.975306965841737,1.7108736426700086,-5.805498231190908,0.7526545348383868,-1.162968498605859,1.915623033444246,-6.124018352646097,0.7494321583273358,-1.2496215843104814,1.9990537426378172,-7.709982570978568,0.7225421806987755,-0.7509230384479653,1.4734652191467408
2024-08-15 11:00:00,-7.0,-3.0,-7.020144448269021,0.6898381227095465,-0.754849083505353,1.4446872062148994,-3.4456430847931343,0.7044996921319355,-1.4512921724070456,2.155791864538981,-4.700362696739857,0.7088431345227173,-1.2360199748650715,1.9448631093877888,-4.88810061080736,0.7070485178046075,-1.3366666026608862,2.0437151204654938,-5.2364425388165,0.6989561619986614,-0.9813419662894459,1.6802981282881073,-5.091888445510747,0.7136097856801613,-1.1690488377246133,1.8826586234047746,-5.4135731850711135,0.7104451675749837,-1.2561549710804853,1.966600138655469,-7.020144448269021,0.6898381227095465,-0.754849083505353,1.4446872062148994
2024-08-15 12:00:00,-10.0,-1.0,-6.357293873571808,0.662850574697213,-0.754626012763456,1.417476587460669,-2.7723105414118483,0.673332543381286,-1.450863290887968,2.124195834269254,-4.022329313004038,0.6780333837358192,-1.2356547099415025,1.9136880936773217,-4.211676931364597,0.6764236794427629,-1.3362715949471065,2.0126952743898694,-4.576682445556471,0.6597600932600293,-0.9917397611677571,1.6514998544277864,-4.408923313894308,0.6829651316164396,-1.168703363911048,1.8516684955274876,-4.733276875277825,0.6802963097932879,-1.2557837559230989,1.9360800657163868,-6.357293873571808,0.662850574697213,-0.754626012763456,1.417476587460669
2024-08-15 13:00:00,-11.0,2.0,-6.660072768323217,-0.30277889475140896,-1.6943530999429397,1.3915742051915307,-3.1536756653804674,-0.3813651239686191,-2.4755807431941865,2.0942156192255674,-4.486589121161475,-0.46425980815743695,-2.348363600473728,1.884103792316291,-4.563649255994702,-0.35197232463010497,-2.335213361465942,1.983241036835837,-4.882845096718154,-0.3061626511616833,-1.93070755588171,1.6245449047200267,-4.877131486402069,-0.4682081725077618,-2.2904582074955657,1.822250034987804,-5.0736955154314,-0.3404186401535747,-2.247497501360271,1.9070788612066965,-6.660072768323217,-0.30277889475140896,-1.6943530999429397,1.3915742051915307
2024-08-15 14:00:00,-9.0,2.0,-6.073269185690631,0.5868035826325866,-0.8165727577882607,1.4033763404208472,-2.612469569909966,0.5412060954705016,-1.5699636887358466,2.111169784206348,-3.9193421613367425,0.5672469598247327,-1.3370887792166082,1.904335739041341,-4.0110742439966405,0.5525750119980608,-1.4459652370638734,1.9985402490619342,-4.3095391918862225,0.5733059048319318,-1.0637199043619792,1.637025809193911,-4.299380397089215,0.5777510893128539,-1.2646414419382133,1.8423925312510672,-4.511002082688303,0.5626934327430966,-1.358870205129355,1.9215636378724517,-6.073269185690631,0.5868035826325866,-0.8165727577882607,1.4033763404208472
2024-08-15 15:00:00,-7.0,2.0,-5.507999733833508,0.5652694518571233,-0.815278947485258,1.3805483993423813,-2.0928157717486617,0.5196537981613041,-1.5674761759251958,2.0871299740865,-3.3746820390862435,0.5446601222504992,-1.3349702426599084,1.8796303649104076,-3.480200715027622,0.5308735289690187,-1.4436741923239482,1.974547721292967,-3.75727649187591,0.5522627000103126,-1.0614309672553515,1.613693667265664,-3.7444646530555423,0.5549157440336727,-1.262637693819533,1.8175534378532057,-3.9700685749644142,0.5409335077238886,-1.356717157216513,1.8976506649404017,-5.507999733833508,0.5652694518571233,-0.815278947485258,1.3805483993423813
2024-08-15 16:00:00,-5.0,0.0,-4.95646832522873,0.5515314086047775,-0.8072037866285856,1.358735195233363,-1.5805894006427914,0.5122263711058703,-1.551950664934583,2.064177036040453,-2.8403691776362416,0.5343128614500017,-1.321747652426711,1.8560605138767128,-2.957941704239329,0.522259010788293,-1.4293749130851041,1.951633923873397,-3.226111305443645,0.5311651864322651,-1.0602111073539244,1.5913762937861895,-3.200741381104092,0.54372327195145,-1.2501315417684584,1.7938548137199084,-3.438544159671007,0.5315244152934073,-1.3432791685191185,1.8748035838125259,-4.95646832522873,0.5515314086047775,-0.8072037866285856,1.358735195233363
2024-08-15 17:00:00,-5.0,2.0,-4.396071852672769,0.5603964725559615,-0.777223078917625,1.3376195514735865,-1.0332220225594304,0.547367378083361,-1.4943089887705394,2.0416763668539004,-2.279942288361286,0.5604268892749553,-1.2726560466990402,1.8330829359739955,-2.405005138385636,0.5529365658536931,-1.3762858763530426,1.9292224422067357,-2.6703806782273727,0.5557306272162721,-1.0143274698357971,1.5700580970520692,-2.633656216795125,0.5670851643089672,-1.2036998612252425,1.7707850255342097,-2.8794433216797337,0.559100837991273,-1.2933878513663606,1.8524886893576336,-4.396071852672769,0.5603964725559615,-0.777223078917625,1.3376195514735865
2024-08-15 18:00:00,-3.0,2.0,-3.81281535597663,0.5832564966961387,-0.7330773790962031,1.3163338757923417,-0.4248870197880328,0.6083350027713976,-1.4094333361450615,2.017768338916459,-1.671176277110883,0.6087660112504032,-1.200370118324739,1.8091361295751422,-1.7974834290583308,0.6075217093273051,-1.2981138497959368,1.905635559123242,-2.081090292132443,0.5892903860949299,-0.9586174666241429,1.5479078527190728,-2.022103735160242,0.6115524816348832,-1.1353305935206115,1.7468830751554947,-2.270207459711732,0.6092358619680018,-1.219924371719554,1.8291602336875559,-3.81281535597663,0.5832564966961387,-0.7330773790962031,1.3163338757923417
2024-08-15 19:00:00,-1.0,2.0,-3.26953333174833,0.5432820242282996,-0.7510791879672931,1.2943612121955927,0.12243146560323392,0.5473184853912667,-1.4440440747346324,1.991362560125899,-1.1177210589064628,0.5534552182044201,-1.2298469976567556,1.7833022158611758,-1.2475869246338465,0.5498965044244843,-1.3299909722980008,1.8798874767224851,-1.5241077722359426,0.5569825198965003,-0.9676093674410072,1.5245918873375075,-1.4640251702375697,0.5580785649226723,-1.163210330275355,1.7212888951980272,-1.7161807007820429,0.554026758929689,-1.249881434920652,1.803908193850341,-3.26953333174833,0.5432820242282996,-0.7510791879672931,1.2943612121955927
2024-08-15 20:00:00,1.0,3.0,-2.7984344131400767,0.4710989186082535,-0.8029619199961477,1.2740608386044012,0.588212430384109,0.46578096478087505,-1.5019729679412095,1.9677539327220845,-0.6468126163650518,0.47090844254141095,-1.2890682842146939,1.7599767267561048,-0.7754837878551744,0.4721031367786721,-1.384629541558103,1.856732678336775,-1.0483281725607512,0.47577959967519146,-1.0269372739083664,1.5027168735835579,-0.9882562963004193,0.4757688739371504,-1.222328616008646,1.6980974899457963,-1.2385779072593972,0.4776027935226457,-1.30349408800975,1.7810968815323958,-2.7984344131400767,0.4710989186082535,-0.8029619199961477,1.2740608386044012
2024-08-15 21:00:00,4.0,-6.0,-4.197188568102144,-1.3987541549620668,-2.6553417184235926,1.2565875634615258,-0.8211079996825981,-1.409320430066707,-3.3570937474205986,1.9477733173538916,-2.1755300589652755,-1.528717442600224,-3.2689685402719064,1.7402510976716825,-2.1372946159599895,-1.361810828104815,-3.1987788696829695,1.8369680415781546,-2.443434914095845,-1.395106741535094,-2.879262957903262,1.4841562163681679,-2.5239433404654488,-1.5356870441650297,-3.214137780558117,1.6784507363930872,-2.5735993827896637,-1.3350214755302667,-3.096570196400467,1.7615487208702,-4.197188568102144,-1.3987541549620668,-2.6553417184235926,1.2565875634615258
2024-08-15 22:00:00,-2.0,1.0,-4.962626334609407,-0.7654377665072634,-2.0742584557922896,1.3088206892850263,-1.6635663898091968,-0.8424583901265987,-2.8509998229646603,2.0085414328380615,-3.0972695080060744,-0.9217394490407991,-2.726431487140943,1.804692038100144,-2.937502502241179,-0.8002078862811897,-2.6944757118309886,1.894267825549799,-3.218240058047729,-0.7748051439518837,-2.3137126716669214,1.5389075277150377,-3.4484812435953476,-0.9245379031298986,-2.666815464150615,1.7422775610207164,-3.355553273969857,-0.7819538911801933,-2.5984153489614346,1.8164614577812412,-4.962626334609407,-0.7654377665072634,-2.0742584557922896,1.3088206892850263
2024-08-15 23:00:00,-1.0,-3.0,-6.315181225793992,-1.3525548911845855,-2.690409292136907,1.3378544009523214,-2.9514813820707437,-1.287914992261547,-3.3332279361519737,2.0453129438904267,-4.488559529687885,-1.391290021681811,-3.235402830412757,1.844112808730946,-4.178793384796398,-1.2412908825552194,-3.16963885757535,1.9283479750201304,-4.5537988943705905,-1.3355588363228619,-2.905302103531218,1.5697432672083562,-4.852112274063662,-1.4036310304683148,-3.1849089642882618,1.781277933819947,-4.573121430187801,-1.2175681562179441,-3.06658471238499,1.8490165561670457,-6.315181225793992,-1.3525548911845855,-2.690409292136907,1.3378544009523214
2024-08-16 00:00:00,-4.0,-2.0,-8.338301417225752,-2.0231201914317603,-3.4130568193657,1.3899366279339396,-5.092327915723837,-2.140846533653094,-4.243018951526568,2.102172417873474,-6.830891759736791,-2.342332230048906,-4.2467540676520965,1.9044218376031907,-6.317358139365553,-2.1385647545691553,-4.1203794419348645,1.981814687365709,-6.585399262454654,-2.031600368084064,-3.655214329370849,1.6236139612867846,-7.226936188910084,-2.374823914846422,-4.216137309961269,1.841313395114847,-6.6829890049830745,-2.109867574795273,-4.0101507944076005,1.9002832196123272,-8.338301417225752,-2.0231201914317603,-3.4130568193657,1.3899366279339396
2024-08-16 01:00:00,-6.0,-8.0,-11.666017116994993,-3.327715699769241,-4.797412021458796,1.4696963216895549,-8.63600022708588,-3.543672311362043,-5.742084707195962,2.1984123958339192,-10.715499418659865,-3.884607658923074,-5.892755906755732,2.008148247832658,-9.97616011235574,-3.658801972990188,-5.734446965209256,2.075644992219068,-9.93639343483354,-3.3509941723788854,-5.0582968941185396,1.707302721739654,-11.19456080015398,-3.9676246112438953,-5.912778758218796,1.9451541469749005,-10.299964383800763,-3.616975378817688,-5.607756155021563,1.990780776203875,-11.666017116994993,-3.327715699769241,-4.797412021458796,1.4696963216895549
2024-08-16 02:00:00,-14.0,-2.0,-12.821081536864764,-1.1550644198697702,-2.7607928313421093,1.6057284114723391,-9.844053585604755,-1.208053358518875,-3.5705021187731703,2.362448760254295,-12.025244419421398,-1.309745000761532,-3.4959798446853143,2.186234843923782,-11.146613211365239,-1.1704530990094981,-3.411661869823677,2.241208770814179,-11.09449943108006,-1.1581059962465199,-3.0080430773711537,1.8499370811246338,-12.525588027198227,-1.3310272270442471,-3.456022840937041,2.1249956138927937,-11.455687221127107,-1.1557228373263442,-3.3065424491478588,2.1508196118215146,-12.821081536864764,-1.1550644198697702,-2.7607928313421093,1.6057284114723391
2024-08-16 03:00:00,-16.0,3.0,-13.817879724137182,-0.9967981872724176,-2.6511513342764177,1.654353147004,-10.8359993494138,-0.9919457638090448,-3.4116641197596524,2.4197183559506077,-13.092289908824482,-1.067045489403084,-3.3150297342240735,2.2479842448209895,-12.09621348934412,-0.949600277978881,-3.2451140717071567,2.2955137937282757,-12.08710219804816,-0.9926027669681015,-2.893164749910939,1.9005619829428377,-13.609886100852425,-1.084298073654197,-3.271406388609167,2.18710831495497,-12.392889121315738,-0.9372019001886316,-3.140462500884478,2.2032606006958466,-13.817879724137182,-0.9967981872724176,-2.6511513342764177,1.654353147004
2024-08-16 04:00:00,-13.0,0.0,-14.809721741990135,-0.9918420178529539,-2.6887403965557155,1.6968983787027616,-11.85658152258236,-1.02058217316856,-3.487838016704201,2.467255843535641,-14.195080615201771,-1.1027907063772888,-3.401717692467013,2.2989269860897243,-13.080864059616198,-0.9846505702720791,-3.3247002134193906,2.3400496431473115,-13.078692868881197,-0.9915906708330362,-2.9360866882117977,1.9444960173787615,-14.727818946033619,-1.1179328451811945,-3.356301511225302,2.2383686660441073,-13.36647087452042,-0.9735817532046811,-3.2198317212712757,2.2462499680665946,-14.809721741990135,-0.9918420178529539,-2.6887403965557155,1.6968983787027616
2024-08-16 05:00:00,-13.0,-4.0,-16.604335712004026,-1.79461397001389,-3.5343821672820073,1.7397681972681174,-13.736911650548144,-1.8803301279657845,-4.396978459113259,2.5166483311474748,-16.23879378284058,-2.043713167638811,-4.3958892099901865,2.3521760423513753,-14.956004523886431,-1.8751404642702325,-4.261821667250107,2.3866812029798745,-14.879133295114727,-1.8004404262335312,-3.789326924918233,1.988886498684702,-16.802389809079415,-2.074570863045795,-4.36641165173552,2.291840788689725,-15.22290754910793,-1.8564366745875107,-4.147784603699946,2.291347929112435,-16.604335712004026,-1.79461397001389,-3.5343821672820073,1.7397681972681174
2024-08-16 06:00:00,-17.0,-7.0,-18.058768789667678,-1.4544330776636503,-3.2731280690248403,1.81869499136119,-15.25658910060619,-1.5196774500580452,-4.128608718212411,2.608931268154366,-17.890473953062664,-1.651680170222082,-4.10415020946612,2.4524700392440377,-16.463446919013933,-1.5074423951275033,-3.9841996928437733,2.47675729771627,-16.335318625606423,-1.4561853304916954,-3.5269526930502453,2.07076736255855,-18.47688757892209,-1.6744977698426724,-4.067240308719046,2.3927425388763734,-16.71751607996424,-1.4946085308563104,-3.8731919655227904,2.37858343466648,-18.058768789667678,-1.4544330776636503,-3.2731280690248403,1.81869499136119
2024-08-16 07:00:00,-24.0,0.0,-18.742672075439888,-0.68390328577221,-2.5678484287808554,1.8839451430086454,-15.985231114078484,-0.7286420134722942,-3.413370226512603,2.6847282130403087,-18.687581669296527,-0.7971077162338642,-3.3321628313413405,2.5350551151074763,-17.170240568599773,-0.7067936495858422,-3.2571737099827107,2.5503800603968685,-17.016783758680624,-0.6814651330742012,-2.819665382510733,2.1382002494365318,-19.283778493587178,-0.8068909146650904,-3.282661937041224,2.475771022376134,-17.4221762335479,-0.704660153583661,-3.154660705337202,2.4500005517535413,-18.742672075439888,-0.68390328577221,-2.5678484287808554,1.8839451430086454
2024-08-16 08:00:00,-24.0,-3.0,-21.184656885421948,-2.441984809982059,-4.35700936996027,1.9150245599782112,-18.485229695633443,-2.4999985815549586,-5.221454223000876,2.7214556414459175,-21.390121889703607,-2.702540220407082,-5.277940490105957,2.575400269698875,-19.693051856512568,-2.5228112879127966,-5.108082116655836,2.585270828743039,-19.465046006964798,-2.4482622482841743,-4.618390836682601,2.170128588398427,-22.035938177801857,-2.752159684214678,-5.268445267015678,2.516285582801,-19.921248922560853,-2.4990726890129515,-4.983110551057703,2.484037862044752,-21.184656885421948,-2.441984809982059,-4.35700936996027,1.9150245599782112
2024-08-16 09:00:00,-27.0,-4.0,-23.487028845206897,-2.302371959784949,-4.3304453297421475,2.0280733699571987,-20.794963657490225,-2.3097339618567836,-5.159099502842175,2.8493655409853917,-23.887602771890723,-2.4974808821871153,-5.212039313762604,2.714558431575489,-22.026024664050638,-2.33297280753807,-5.044714936420489,2.7117421288824186,-21.76291679625872,-2.2978707892939236,-4.58465863943437,2.286787850140446,-24.583963936733706,-2.548025758931851,-5.204972636534332,2.6569468776024805,-22.235252988766824,-2.31400406620597,-4.920648065597478,2.6066439993915074,-23.487028845206897,-2.302371959784949,-4.3304453297421475,2.0280733699571987
2024-08-16 10:00:00,-31.0,3.0,-25.032942044482553,-1.5459131992756547,-3.6835412379971397,2.137628038721485,-22.237408089747923,-1.4424444322577,-4.412595651964479,2.9701512197067794,-25.443275565393083,-1.5556727935023602,-4.402085716728009,2.8464129232256488,-23.461993916972496,-1.4359692529218564,-4.267353592525617,2.8313843396037606,-23.282385187967442,-1.5194683917087195,-3.918527797953905,2.3990594062451853,-26.176127389900977,-1.592163453167271,-4.382748699916337,2.7905852467490657,-23.664355502520543,-1.4291025137537208,-4.151906425210043,2.722803911456322,-25.032942044482553,-1.5459131992756547,-3.6835412379971397,2.137628038721485
2024-08-16 11:00:00,-28.0,5.0,-24.512678778652802,0.5202632658297499,-1.6925416051780402,2.21280487100779,-21.44714069676032,0.7902673929876034,-2.2565870991525916,3.046854492140195,-24.583009846643847,0.8602657187492366,-2.06985937961233,2.9301250983615668,-22.659248014053258,0.8027459029192383,-2.1035635173239315,2.90630942024317,-22.677386238978812,0.6049989489886316,-1.8697777842000336,2.474776733188665,-25.308665981181974,0.8674614087190027,-2.008293878062355,2.8757552867813576,-22.879023645789363,0.78533185673118,-2.010475883734257,2.795807740465437,-24.512678778652802,0.5202632658297499,-1.6925416051780402,2.21280487100779
2024-08-16 12:00:00,-23.0,9.0,-24.236108276208597,0.27657050244420534,-1.9107892370103174,2.1873597394545228,-20.89728032469032,0.5498603720700004,-2.4548498358442044,3.0047102079142047,-23.976597645501265,0.6064122011425805,-2.277271265532774,2.8836834666753544,-22.08951646859109,0.5697315454621692,-2.294572114223483,2.8643036596856524,-22.326232837116077,0.35115340186273647,-2.093334403818073,2.4444878056808093,-24.69947786900495,0.609188112177022,-2.2200050765572366,2.8291931887342585,-22.32207966605392,0.5569439797354439,-2.198626573467509,2.755570553202953,-24.236108276208597,0.27657050244420534,-1.9107892370103174,2.1873597394545228
2024-08-16 13:00:00,-14.0,-2.0,-23.800025086236317,0.436083189972279,-1.7378098904566215,2.1738930804289005,-20.289637766139105,0.6076425585512171,-2.367917221131402,2.975559779682619,-23.315566877101197,0.661030768400066,-2.1901383339181364,2.8511691023182024,-21.46684140344361,0.6226750651474782,-2.2120014343695624,2.8346764995170406,-21.84138535639132,0.4848474807247567,-1.9421455675469566,2.4269930482717132,-24.034716901145565,0.6647609678593862,-2.1319604249259685,2.7967213927853547,-21.712896787081867,0.6091828789720521,-2.118028903346831,2.727211782318883,-23.800025086236317,0.436083189972279,-1.7378098904566215,2.1738930804289005
2024-08-16 14:00:00,-16.0,-3.0,-24.36683979842739,-0.56681471219107,-2.7195586789031343,2.1527439667120642,-20.839649503372236,-0.5500117372331328,-3.4935230851189885,2.9435113478858557,-23.929034986791862,-0.6134681096906656,-3.4294043297962933,2.8159362201056277,-22.010458190743087,-0.543616787299479,-3.3460891170733573,2.8024723297738783,-22.39157417563183,-0.5501888192405118,-2.9531296217198917,2.40294080247938,-24.6607552148033,-0.6260383136577339,-3.387539537797921,2.7615012241401873,-22.260612345554183,-0.5477155584723152,-3.24407660612055,2.6963610476482347,-24.36683979842739,-0.56681471219107,-2.7195586789031343,2.1527439667120642
2024-08-16 15:00:00,-19.0,-1.0,-24.29587978716963,0.07096001125775908,-2.1092934132768515,2.1802534245346106,-20.754516662888555,0.08513284048368241,-2.887379911976333,2.9725127524600152,-23.86449577461827,0.06453921217359238,-2.784087491111022,2.8486267032846144,-21.921086684530692,0.08937150621239409,-2.7412059767985038,2.830577483010898,-22.303832840729157,0.08774133490267344,-2.3425023159890097,2.430243650891683,-24.597663628971016,0.06309158583228358,-2.731572093282767,2.7946636791150508,-22.184067724677863,0.07654462087631808,-2.6475463232371896,2.7240909441135077,-24.29587978716963,0.07096001125775908,-2.1092934132768515,2.1802534245346106
2024-08-16 16:00:00,-20.0,8.0,-22.867705268557156,1.4281745186124715,-0.7486254098064259,2.1767999284188972,-19.225828532369118,1.5286881305194382,-1.4393263780247776,2.968014508544216,-22.245146199646804,1.6193495749714646,-1.2258290834974972,2.845178658468962,-20.4207852547599,1.500301429770793,-1.3256458874464183,2.8259473172172114,-20.855351631258362,1.4484812094707964,-0.9773979839021091,2.4258791933729054,-22.965761119662815,1.6319025093082014,-1.1594101183261334,2.7913126276343347,-20.709658698629827,1.4744090260480358,-1.2457980681893996,2.7202070942374355,-22.867705268557156,1.4281745186124715,-0.7486254098064259,2.1767999284188972
2024-08-16 17:00:00,-12.0,1.0,-21.504841733598546,1.362863534958608,-0.7450116637876941,2.107875198746302,-17.77038554255001,1.4554429898191088,-1.432378497415719,2.887821487234828,-20.70571055174783,1.5394356478989735,-1.2199117917356797,2.759347439634653,-18.991246580266008,1.4295386744938907,-1.3192467624831787,2.7487854369770695,-19.47545269485265,1.3798989364057133,-0.9744963326891806,2.3543952690948937,-21.414240455650425,1.5515206640123893,-1.1538134425463709,2.70533410655876,-19.303506354895994,1.4061523437338341,-1.2397843826397368,2.645936726373571,-21.504841733598546,1.362863534958608,-0.7450116637876941,2.107875198746302
2024-08-16 18:00:00,-11.0,0.0,-20.202991774296578,1.3018499593019686,-0.7412863823980136,2.043136341699982,-16.383110319650523,1.3872752228994876,-1.4252161760471211,2.8124913989466087,-19.240551637074702,1.465158914673128,-1.2138118675120775,2.6789707821852056,-17.627640064050826,1.3636065162151818,-1.312650133663049,2.6762566498782308,-18.156994790167932,1.3184579046847165,-0.9688323407482474,2.2872902454329638,-19.93744667940833,1.4767937762420957,-1.1480440298598253,2.624837806101921,-17.96102908563055,1.342477269265446,-1.2335850895113807,2.5760623587768268,-20.202991774296578,1.3018499593019686,-0.7412863823980136,2.043136341699982
2024-08-16 19:00:00,-11.0,0.0,-18.9405131439589,1.2624786303376783,-0.7197600558049505,1.9822386861426287,-15.025323237933192,1.3577870817173323,-1.3838291094561226,2.741616191173455,-17.81553978614123,1.4250118509334733,-1.1785638023876712,2.6035756533211445,-16.294195324728676,1.3334447393221518,-1.274531889283258,2.60797662860541,-16.87666527786019,1.2803295123077416,-0.9437499654097063,2.224079477717448,-18.50280468094131,1.4346419984670167,-1.1147058068507456,2.5493478053177623,-16.648567323822462,1.3124617618080874,-1.1977628268235747,2.510224588631662,-18.9405131439589,1.2624786303376783,-0.7197600558049505,1.9822386861426287
2024-08-16 20:00:00,-11.0,2.0,-18.64329797193045,0.2972151720284484,-1.6268475272583747,1.924062699286823,-14.728676960201469,0.2966462777317238,-2.3764770720690356,2.6731233498007594,-17.53507692163581,0.28046286450541924,-2.2508158791184876,2.531278743623907,-15.993556645013115,0.3006386797155609,-2.241421477996635,2.542060157712196,-16.566903868011753,0.30976140984843714,-1.8537829544170428,2.16354436426548,-18.223305393641866,0.2794992872994455,-2.1975679399143533,2.477067227213799,-16.358185302485808,0.2903820213366539,-2.1563006994389893,2.446682720775643,-18.64329797193045,0.2972151720284484,-1.6268475272583747,1.924062699286823
2024-08-16 21:00:00,-9.0,3.0,-17.478285286650884,1.165012685279566,-0.7454801123456778,1.9104927976252437,-13.503681596032004,1.224995364169464,-1.4332791486057819,2.658274512775246,-16.238586208609092,1.296490713026717,-1.2206788480751742,2.517169561101891,-14.786317748886034,1.2072388961270804,-1.3200762786821172,2.5273151748091975,-15.39143227200606,1.1754715960056923,-0.9735524565129111,2.1490240525186035,-16.914737942643075,1.308567450998791,-1.1545389375548585,2.4631063885536495,-15.166015098876752,1.192170203609055,-1.2405639344702486,2.4327341380793035,-17.478285286650884,1.165012685279566,-0.7454801123456778,1.9104927976252437
2024-08-16 22:00:00,-6.0,4.0,-16.340302599760516,1.137982686890368,-0.7197823628791402,1.8577650497695082,-12.290159071443577,1.2135225245884278,-1.3838719976080303,2.597394522196458,-14.96472679114594,1.2738594174631515,-1.178600328880028,2.4524597463431794,-13.592351742235572,1.1939660066504625,-1.274571390054636,2.4685373967050985,-14.240436899115135,1.1509953728909244,-0.9433722901713392,2.0943676630622634,-15.63120939351726,1.283528549125816,-1.1147403542321022,2.398268903357918,-13.987929243164446,1.1780858557123064,-1.1977999483393134,2.3758858040516198,-16.340302599760516,1.137982686890368,-0.7197823628791402,1.8577650497695082
2024-08-16 23:00:00,-2.0,2.0,-15.349580824339366,0.99072177542115,-0.8162512424181362,1.8069730178392862,-11.236853921343636,1.053305150099941,-1.484474921758913,2.537780071858854,-13.863285721177387,1.1014410699685528,-1.2882591149033706,2.3897001848719235,-12.551955440364818,1.0403963018707545,-1.370689744004756,2.4110860458755106,-13.23721925754642,1.003217641568715,-1.0383138993680812,2.0415315409367962,-14.521777355503428,1.109432038013832,-1.226080149605263,2.335512187619095,-12.96113614094153,1.0267931022229169,-1.293576207329986,2.3203693095529028,-15.349580824339366,0.99072177542115,-0.8162512424181362,1.8069730178392862
2024-08-17 00:00:00,0.0,2.0,-15.091756166570248,0.2578246577691192,-1.5055023205800997,1.763326978349219,-10.98274989281998,0.25410402852365577,-2.2324933524599477,2.4865973809836035,-13.621919376277106,0.24136634490028275,-2.094724619059846,2.3360909639601286,-12.288852658503574,0.26310278186124414,-2.09847292057723,2.3615757024384743,-12.969514243563726,0.26770501398269264,-1.7283246752019383,1.996029689184631,-14.28000587542715,0.24177148007627647,-2.0401666375389924,2.281938117615269,-12.703404142901796,0.2577319980397341,-2.0147856778707074,2.2725176759104415,-15.091756166570248,0.2578246577691192,-1.5055023205800997,1.763326978349219
2024-08-17 01:00:00,2.0,0.0,-14.047704329251365,1.044051837318883,-0.7080042277069771,1.75205606502586,-9.869649040045397,1.113100852774582,-1.3612270534007276,2.4743279061753096,-12.456809272464351,1.1651101038127543,-1.1593143409155857,2.32442444472834,-11.193431097372613,1.0954215611309597,-1.25371498276704,2.3491365438979996,-11.913626046155734,1.0558881974079926,-0.9280861643859719,1.9839743617939645,-13.106159658802,1.1738462166251502,-1.0964993368758387,2.270345553500989,-11.621019060914273,1.0823850819875234,-1.1781997880293011,2.2605848700168245,-14.047704329251365,1.044051837318883,-0.7080042277069771,1.75205606502586
2024-08-17 02:00:00,2.0,2.0,-13.055594018809797,0.9921103104415677,-0.7146740428896982,1.7067843533312659,-8.822760483921844,1.0468885561235535,-1.374050610821151,2.4209391669447045,-11.358525819752535,1.0982834527118168,-1.1702357621302983,2.268519214842115,-10.161257306003678,1.032173791368935,-1.265525713409069,2.297699504778004,-10.915863623857204,0.9977624222985305,-0.9390190884058068,1.9367815107043374,-11.998507586733407,1.1076520720685925,-1.10682900390145,2.2144810759700424,-10.599503998153025,1.0215150627612475,-1.1892991212351605,2.210814183996408,-13.055594018809797,0.9921103104415677,-0.7146740428896982,1.7067843533312659
2024-08-17 03:00:00,4.0,0.0,-12.124669704237405,0.930924314572392,-0.7333896781348588,1.6643139927072508,-7.861536661618349,0.9612238223034955,-1.4100337702717702,2.3712575925752657,-10.342963719907171,1.0155620998453627,-1.2008814892177355,2.2164435890630982,-9.210170790834177,0.9510865151695023,-1.2986668605952292,2.2497533757647314,-9.984748635380132,0.9311149884770709,-0.9615936175634034,1.8927086060404743,-10.971916864968028,1.0265907217653791,-1.1358142568596032,2.1624049786249824,-9.65559747036108,0.9439065277919447,-1.2204440729398953,2.16435060073184,-12.124669704237405,0.930924314572392,-0.7333896781348588,1.6643139927072508
2024-08-17 04:00:00,4.0,-2.0,-11.246806440593845,0.8778632636435606,-0.7470862216873364,1.624949485330897,-6.971808822806812,0.8897278388115368,-1.4363670955431416,2.3260949343546784,-9.397444161835242,0.9455195580719298,-1.2233087555248712,2.168828313596801,-8.327069721512302,0.883101069321875,-1.3229203342213347,2.2060214035432097,-9.112645422017412,0.872103213362721,-0.9799339732698394,1.8520371866325605,-10.014249982636423,0.9576668823316052,-1.157026349012531,2.1146932313441362,-8.776978474350003,0.8786189960110766,-1.243236683603432,2.1218556796145087,-11.246806440593845,0.8778632636435606,-0.7470862216873364,1.624949485330897
2024-08-17 05:00:00,2.0,-5.0,-11.850950642331455,-0.6041442017376093,-2.192404488263954,1.5882602865263447,-7.730975234113001,-0.7591664113061887,-3.0438448737715724,2.2846784624653838,-10.230004721239654,-0.8325605594044116,-2.9575223502874834,2.124961790883072,-9.062563031134472,-0.7354933096221692,-2.9012930834366784,2.165799773814509,-9.737859920852678,-0.6252144988352668,-2.4395585552626304,1.8143440564273636,-10.855478365546949,-0.841228382910526,-2.9118930127610003,2.0706646298504743,-9.500763061193771,-0.7237845868437685,-2.8064632223271286,2.08267863548336,-11.850950642331455,-0.6041442017376093,-2.192404488263954,1.5882602865263447
2024-08-17 06:00:00,-3.0,-1.0,-10.972303182565797,0.8786474597656575,-0.7348173308829999,1.6134647906486574,-6.823759784551119,0.9072154495618818,-1.412778611993868,2.3199940615557497,-9.269659795042573,0.9603449261970805,-1.2032191847285771,2.1635641109256576,-8.164485222742957,0.8980778083915146,-1.3011949099634228,2.1992727183549374,-8.859544328141048,0.878315592711629,-0.9630115044405486,1.8413270971521776,-9.884188401624016,0.9712899639229331,-1.138025289266423,2.109315253189356,-8.608657693398222,0.8921053677955497,-1.2228198499471696,2.1149252177427194,-10.972303182565797,0.8786474597656575,-0.7348173308829999,1.6134647906486574
2024-08-17 07:00:00,-4.0,-2.0,-10.123800021664513,0.8485031609012851,-0.7283705864421758,1.5768737473434609,-5.946320777911804,0.8774390066393147,-1.4003839360925219,2.2778229427318366,-8.343255095576577,0.9264046994659954,-1.1926630284374335,2.119067727903429,-7.295829356431212,0.8686558663117454,-1.2897791870351742,2.1584350533469197,-8.01331361318184,0.846230714959208,-0.9572466249273627,1.8034773398865707,-8.947508706918917,0.9366796947050982,-1.1280410960543774,2.0647207907594756,-7.745534436790879,0.8631232566073421,-1.212091731898697,2.075214988506039,-10.123800021664513,0.8485031609012851,-0.7283705864421758,1.5768737473434609
2024-08-17 08:00:00,-6.0,2.0,-9.5693200102314,0.5544800114331119,-0.9874563817838011,1.541936393216913,-5.398685586949178,0.5476351909626263,-1.689768731102257,2.237403922064883,-7.768342445081036,0.5749126504955417,-1.5016693801595031,2.076582030655045,-6.74276371447011,0.553065641961102,-1.5662337411014204,2.1192993830625224,-7.46531116882087,0.5480024443609692,-1.2193795789471231,1.7673820233080924,-8.365430739286985,0.582077967631931,-1.4400886956860122,2.022166663317943,-7.194434033814511,0.5511004029763675,-1.4860526389623316,2.037153041938699,-9.5693200102314,0.5544800114331119,-0.9874563817838011,1.541936393216913
2024-08-17 09:00:00,-4.0,2.0,-8.926152233012143,0.6431677772192576,-0.8761491962416147,1.5193169734608722,-4.759757023506106,0.6389285634430721,-1.5734320586316217,2.212360622074694,-7.089733740726174,0.6786087043548621,-1.3718236912214725,2.0504323955763346,-6.101883953049721,0.6408797614203887,-1.453688835280081,2.0945685967004697,-6.830329746432613,0.6349814223882566,-1.1092206287433684,1.744202051131625,-7.6771281497326775,0.6883025895543073,-1.307643027650063,1.9959456172043704,-6.554774722491173,0.6396593113233389,-1.37337562272878,2.013034934052119,-8.926152233012143,0.6431677772192576,-0.8761491962416147,1.5193169734608722
2024-08-17 10:00:00,-2.0,5.0,-8.167301339351745,0.7588508936603972,-0.7344381106217749,1.493289004282172,-3.988485903509795,0.7712711199963111,-1.4120495134114357,2.183320633407747,-6.272552566803324,0.817181173922849,-1.2025982343585098,2.0197794082813587,-5.336314678669929,0.7655692743797922,-1.3005233968499963,2.0660926712297885,-6.076616926072645,0.7537128203599683,-0.9638215014693494,1.7175343218293178,-6.849405893543478,0.827722256189199,-1.1374379837833617,1.9651602399725607,-5.7917422394923275,0.7630324829988449,-1.2221887841796124,1.9852212671784573,-8.167301339351745,0.7588508936603972,-0.7344381106217749,1.493289004282172
2024-08-17 11:00:00,3.0,-1.0,-7.437643849601178,0.7296574897505671,-0.7332112215413412,1.4628687112919083,-3.2496554563874263,0.7388304471223686,-1.4096906650565084,2.148521112178877,-5.489968412865649,0.7825841539376752,-1.2005892772788804,1.9831734312165556,-4.602333600492635,0.7339810781772942,-1.298350854424205,2.0323319326014992,-5.351063751878768,0.7255531741938768,-0.9605936304206604,1.6861468046145371,-6.056487794583843,0.7929180989596352,-1.1355378778087508,1.928455976768386,-5.05959318920344,0.732149050288887,-1.2201471008139861,1.9522961511028731,-7.437643849601178,0.7296574897505671,-0.7332112215413412,1.4628687112919083
2024-08-17 12:00:00,2.0,1.0,-6.821842367339644,0.6158014822615341,-0.8181124359419558,1.43391391820349,-2.635028140834585,0.6146273155528412,-1.5008201616947687,2.11544747724761,-4.840017086998464,0.6499513258671854,-1.298479716677754,1.9484310425449394,-3.987214944008033,0.6151186564846021,-1.3851066738753377,2.0002253303599398,-4.741137652674114,0.6099260992046536,-1.0462792959492777,1.6562053951539313,-5.39740760101369,0.6590801935701529,-1.234539357859573,1.8936195514297258,-4.444931253288857,0.6146619359145828,-1.3063005614268466,1.9209624973414294,-6.821842367339644,0.6158014822615341,-0.8181124359419558,1.43391391820349
2024-08-17 13:00:00,3.0,16.0,-6.402818371933493,0.4190239954061512,-0.9906784511450297,1.409702446551181,-2.2322113224940505,0.4028168183405343,-1.6853124346399857,2.08812925298052,-4.41968761610785,0.42032947089061423,-1.499480717506188,1.9198101883968022,-3.5762187929764027,0.41099615103163023,-1.5625188745567546,1.9735150255883849,-4.3283021805098585,0.4128354721642551,-1.2184076108306456,1.6312430829949007,-4.970711034792878,0.4266965662208124,-1.4382083097955947,1.864904876016407,-4.032983046691668,0.4119482065971889,-1.4829044464655996,1.8948526530627885,-6.402818371933493,0.4190239954061512,-0.9906784511450297,1.409702446551181
2024-08-17 14:00:00,19.0,12.0,-7.308515677848223,-0.9056973059147302,-2.299042844786267,1.393345538871537,-3.170721721857798,-0.9385103993637474,-3.008832035627729,2.070321636263982,-5.379276037708769,-0.9595884216009196,-2.8610020012671877,1.9014135796662681,-4.453496900303195,-0.8772781073267923,-2.8330464994928937,1.9557683921661013,-5.253139466800009,-0.9248372862901513,-2.539291910343645,1.6144546240534936,-5.912053396483784,-0.9413423616909065,-2.787773996498963,1.8464316348080565,-4.885117578276929,-0.8521345315852604,-2.7295882850409177,1.8774537534556572,-7.308515677848223,-0.9056973059147302,-2.299042844786267,1.393345538871537
2024-08-17 15:00:00,31.0,-19.0,-14.665668184419586,-7.357152506571363,-8.785972409932592,1.4288199033612294,-9.807168470807886,-6.636446748950088,-8.748375937300654,2.111929188350566,-12.351134193007814,-6.971858155299045,-8.91539985524893,1.9435416999498853,-11.04412822838094,-6.590631328077745,-8.584377255163421,1.9937459270856763,-12.644152853400099,-7.39101338660009,-9.043198282896707,1.6521848962966177,-12.787765044860523,-6.875711648376739,-8.763019740321152,1.887308091944413,-11.374391937807921,-6.489274359530993,-8.40280725616211,1.913532896631116,-14.665668184419586,-7.357152506571363,-8.785972409932592,1.4288199033612294
2024-08-17 16:00:00,12.0,15.0,-21.04844598770379,-6.3827778032842035,-8.11628646076539,1.7335086574811875,-15.3015549412934,-5.494386470485515,-7.91234608084605,2.417959610360535,-18.08281906462267,-5.731684871614855,-7.995167161364035,2.26348228974918,-16.432739918649283,-5.388611690268345,-7.679344563382851,2.2907328731145062,-19.056183150016313,-6.412030296616213,-8.381402100369261,1.9693718037530477,-18.447009180461826,-5.659244135601304,-7.858692479885934,2.199448344284631,-16.679241273899322,-5.304849336091401,-7.504400506532459,2.199551170441058,-21.04844598770379,-6.3827778032842035,-8.11628646076539,1.7335086574811875
2024-08-17 17:00:00,27.0,21.0,-21.144976105483373,-0.09653011777958165,-2.118212396444252,2.02168227866467,-15.187095102457357,0.1144598388360425,-2.572527667585786,2.6869875064218287,-17.839616667731917,0.24320239689075152,-2.3015590005845987,2.5447613974753502,-16.266104148100283,0.16663577054899825,-2.3822338161052388,2.548869586654237,-19.090494506989113,-0.03431135697280041,-2.3014045361914994,2.267093179218699,-18.18325991070969,0.2637492697521351,-2.210527850474562,2.474277120226697,-16.495882976459548,0.18335829743977516,-2.2648001837103076,2.4481584811500827,-21.144976105483373,-0.09653011777958165,-2.118212396444252,2.02168227866467
2024-08-17 18:00:00,48.0,-11.0,-20.157115310379176,0.9878607951041973,-1.038349689382286,2.026210484486483,-14.502214417615743,0.6848806848416149,-1.996357695002901,2.681238379844516,-17.00736002219585,0.832256645536068,-1.7002351662288884,2.5324918117649564,-15.564105459560004,0.7019986885402796,-1.838681906104168,2.5406805946444475,-17.95896765599314,1.1315268509959764,-1.1372158110406754,2.2687426620366518,-17.3302620485293,0.85299786218039,-1.6081115073851269,2.461109369565517,-15.78447177719903,0.7114111992605179,-1.727932314603104,2.439343513863622,-20.157115310379176,0.9878607951041973,-1.038349689382286,2.026210484486483
2024-08-17 19:00:00,37.0,-18.0,-20.15879890792476,-0.0016835975455842256,-1.9817930902015684,1.9801094926559841,-14.277569202335906,0.22464521527983772,-2.4223213936281143,2.646966608907952,-16.65848519028445,0.3488748319114028,-2.141853892605339,2.490728724516742,-15.297378354130204,0.26672710542979905,-2.2395997975060133,2.5063269029358124,-17.85380626651147,0.10516138948166986,-2.109500588265142,2.214661977746812,-16.964686004755894,0.3655760437734039,-2.0531877295932386,2.4187637733666425,-15.502506360860023,0.2819654163390073,-2.123327444232733,2.4052928605717403,-20.15879890792476,-0.0016835975455842256,-1.9817930902015684,1.9801094926559841
2024-08-17 20:00:00,19.0,-26.0,-25.50734074225418,-5.34854183432942,-7.328729444975227,1.9801876106458074,-17.1171697445653,-2.839600542229393,-5.475373804481122,2.635773262251729,-19.49568731149601,-2.837202121211562,-5.310527402717802,2.4733252815062396,-17.965117593554496,-2.66773923942429,-5.161074628109253,2.493335388684963,-23.083594291632163,-5.229788025120694,-7.439457005987571,2.2096689808668772,-19.801322672342675,-2.8366366675867805,-5.237364545241239,2.4007278776544587,-18.1116795534574,-2.609173192597378,-5.001036418959815,2.3918632263624375,-25.50734074225418,-5.34854183432942,-7.328729444975227,1.9801876106458074
2024-08-17 21:00:00,-7.0,-13.0,-27.10662903293154,-1.5992882906773613,-3.835423399188842,2.2361351085114807,-17.737662165430606,-0.6204924208653058,-3.399498672200558,2.779006251335252,-20.03791373066014,-0.5422264191641295,-3.1588536345499314,2.616627215385802,-18.508664870930495,-0.5435472773759997,-3.1683402956594864,2.6247930182834867,-24.576368488998618,-1.4927741973664537,-3.957578005601433,2.4648038082349792,-20.330029082341724,-0.5287064099990499,-3.071151338640406,2.542444928641356,-18.633270295564426,-0.5215907421070272,-3.039161078075812,2.517570335968785,-27.10662903293154,-1.5992882906773613,-3.835423399188842,2.2361351085114807
2024-08-17 22:00:00,-20.0,10.0,-25.796544716490647,1.310084316440893,-1.0056029044718022,2.3156872209126953,-16.860250891454676,0.8774112739759303,-1.9333978880022937,2.810809161978224,-19.04005462459013,0.9978591060700099,-1.646614275448962,2.644473381518972,-17.637368235417288,0.8712966355132068,-1.7806947737212317,2.6519914092344385,-23.280842540349724,1.2955259486488957,-1.2446593320379093,2.540185280686805,-19.318116880774674,1.011912201567048,-1.5573959515536977,2.569308153120746,-17.76362211420883,0.8696481813555956,-1.6734379294987525,2.543086110854348,-25.796544716490647,1.310084316440893,-1.0056029044718022,2.3156872209126953
2024-08-17 23:00:00,-10.0,9.0,-24.536181825192163,1.2603628912984854,-0.9900548737615793,2.2504177650600647,-15.997864713944514,0.8623861775101624,-1.9035048461225776,2.76589102363274,-18.067867884629777,0.9721867399603541,-1.6211553102762042,2.5933420502365583,-16.78207034790042,0.8552978875168682,-1.7531627360707502,2.6084606235876184,-22.049768388231787,1.231074152117938,-1.2436251121351434,2.4746992642530814,-18.33341627583054,0.9847006049441349,-1.5333164267481756,2.5180170316923105,-16.91057111688269,0.8530509973261386,-1.6475642330289069,2.5006152303550455,-24.536181825192163,1.2603628912984854,-0.9900548737615793,2.2504177650600647
2024-08-18 00:00:00,-1.0,5.0,-23.327313238028896,1.2088685871632658,-0.9796374701149881,2.188506057278254,-15.159246150517802,0.8386185634267116,-1.883476079181649,2.7220946426083605,-17.12795906942535,0.939908815204425,-1.6040974383455329,2.544006253549958,-15.950706706652818,0.8313636412476004,-1.7347158758372143,2.5660795170848147,-20.873841994252192,1.1759263939795954,-1.2373371678106626,2.413263561790258,-17.38199741757026,0.9514188582602809,-1.5171827996546625,2.4686016579149435,-16.08149723531851,0.8290738815641796,-1.6302284851789532,2.459302366743133,-23.327313238028896,1.2088685871632658,-0.9796374701149881,2.188506057278254
2024-08-18 01:00:00,4.0,-2.0,-22.163274340297964,1.164038897730934,-0.9658963124141311,2.129935210145065,-14.336462623359054,0.8227835271587474,-1.8570569776064623,2.6798405047652096,-16.2127972507465,0.9151618186788493,-1.5815971190536835,2.4967589377325328,-15.135873038351424,0.8148336683013939,-1.7103834006683525,2.5252170689697464,-19.70523387759484,1.1686081166573528,-1.186692933282641,2.355301049939994,-16.456577412205185,0.925420005365077,-1.495901612739022,2.421321618104099,-15.269378420419267,0.812118814899242,-1.6073616314839392,2.419480446383181,-22.163274340297964,1.164038897730934,-0.9658963124141311,2.129935210145065
2024-08-18 02:00:00,2.0,3.0,-21.051336637419666,1.1119377028782962,-0.9623494876179685,2.0742871904962645,-13.54799494713979,0.7884676762192644,-1.8502377614531267,2.638705437672391,-15.337405529927869,0.8753917208186317,-1.5757894067689369,2.4511811275875686,-14.35449048059839,0.7813825577530336,-1.7041027780192473,2.485485335772281,-18.572091839319718,1.133142038275122,-1.165255228726771,2.298397267001893,-15.571213832318513,0.8853635798866712,-1.490408579103329,2.3757721589900003,-14.490049682819224,0.7793287376000435,-1.6014593104814925,2.380788048081536,-21.051336637419666,1.1119377028782962,-0.9623494876179685,2.0742871904962645
2024-08-18 03:00:00,5.0,-9.0,-19.984261607928634,1.0670750294910318,-0.9547427753192799,2.0218178048103117,-12.784023329803745,0.7639716173360451,-1.8356129016525768,2.599584518988622,-14.4927625387689,0.8446429911589688,-1.5633338728752346,2.4079768640342034,-13.59744288107917,0.7570475995192194,-1.6906330149793416,2.447680614498561,-17.481835496349447,1.0902563429702716,-1.1536285830092348,2.2438849259795064,-14.717242629454848,0.8539712028636648,-1.4786279220607421,2.332599124924407,-13.734899414791142,0.7551502680280819,-1.5888008736146095,2.3439511416426915,-19.984261607928634,1.0670750294910318,-0.9547427753192799,2.0218178048103117
2024-08-18 04:00:00,-4.0,2.0,-18.98486420058579,0.9993974073428431,-0.9726999700419905,1.9720973773848336,-12.09220349277856,0.6918198370251842,-1.8701378639383324,2.5619577009635166,-13.718845911725737,0.7739166270431632,-1.5927376992225375,2.3666543262657007,-12.908544431359928,0.6888984497192407,-1.7224311359386493,2.41132958565789,-16.51060549614848,0.9712300002009675,-1.220823256306113,2.1920532565070805,-13.932349240648556,0.7848933888062928,-1.5064385640527727,2.2913319528590654,-13.045052038549295,0.6898473762418464,-1.6186836937842304,2.308531070026077,-18.98486420058579,0.9993974073428431,-0.9726999700419905,1.9720973773848336
2024-08-18 05:00:00,-2.0,0.0,-18.016727449162325,0.968136751423466,-0.9579549940025969,1.9260917454260629,-11.40587115309838,0.6863323396801808,-1.841788795527296,2.528121135207477,-12.95833368887764,0.7605122228480967,-1.5685936877746278,2.3291059106227245,-12.226378362151982,0.6821660692079461,-1.6963211260577769,2.378487195265723,-15.554158781275662,0.9564467148728168,-1.1899435570709314,2.146390271943748,-13.162224278316547,0.7701249623320081,-1.4836027449760867,2.253727707308095,-12.362788710191726,0.6822633283575703,-1.5941463718809765,2.276409700238547,-18.016727449162325,0.968136751423466,-0.9579549940025969,1.9260917454260629
2024-08-18 06:00:00,-2.0,5.0,-17.120389538659502,0.896337910502824,-0.9857049942945872,1.8820429047974112,-10.80623758570641,0.5996335673919695,-1.8951416565005623,2.494775223892532,-12.279865996162211,0.6784676927154298,-1.6140326442666089,2.2925003369820387,-11.625650781856523,0.6007275802954584,-1.7454600856520361,2.3461876659474945,-14.69236592468531,0.8617928565903525,-1.2400991836541693,2.101892040244522,-12.471670544948932,0.6905537333676157,-1.5265796873836466,2.2171334207512623,-11.75825143858072,0.6045372716110062,-1.6403255374598684,2.2448628090708747,-17.120389538659502,0.896337910502824,-0.9857049942945872,1.8820429047974112
2024-08-18 07:00:00,3.0,5.0,-16.296345510143993,0.8240440285155086,-1.0176710316084314,1.84171506012394,-10.297015136529255,0.5092224491771558,-1.9566003781843975,2.4658228273615532,-11.686152599725508,0.5937133964367025,-1.6663751078140436,2.260088504250746,-11.109788502073046,0.5158622797834764,-1.8020646910367415,2.317926970820218,-13.917860413325636,0.7745055113596735,-1.2876912195224242,2.0621967308820977,-11.863181774889783,0.6084887700591484,-1.5760860848675962,2.1845748549267445,-11.2346783149708,0.5235731236099204,-1.6935206695133669,2.2170937931232872,-16.296345510143993,0.8240440285155086,-1.0176710316084314,1.84171506012394
2024-08-18 08:00:00,8.0,2.0,-15.49946623555764,0.7968792745863542,-1.0081459109294282,1.8050251855157824,-9.793933795126977,0.5030813414022781,-1.9382871373197796,2.4413684787220578,-11.105016014376025,0.5811365853494839,-1.6507782955776484,2.2319148809271323,-10.60119101497456,0.508597487098486,-1.7851978616583262,2.293795348756812,-13.142214906005615,0.775645507320021,-1.2511993477244592,2.02684485504448,-11.26843099710983,0.5947507777799543,-1.5613343530283454,2.1560851308082998,-10.719164632246802,0.5155136827239986,-1.6776697822929596,2.193183465016958,-15.49946623555764,0.7968792745863542,-1.0081459109294282,1.8050251855157824
2024-08-18 09:00:00,10.0,4.0,-14.74855749207697,0.7509087434806689,-1.0189871489856237,1.7698958924662926,-9.335735860099486,0.45819793502749007,-1.959130779146956,2.417328714174446,-10.569036987066363,0.5359790273096607,-1.6685301708631008,2.2045091981727616,-10.135459064904195,0.4657319500703654,-1.8043952365480451,2.2701271866184105,-12.419988311693396,0.7222265943122181,-1.2695206664820449,1.991747260794263,-10.718136043668245,0.550294953441584,-1.5781243803676333,2.128419333809217,-10.245107625886428,0.4740570063603733,-1.695710838941948,2.1697678453023213,-14.74855749207697,0.7509087434806689,-1.0189871489856237,1.7698958924662926
2024-08-18 10:00:00,14.0,-7.0,-14.027111829680015,0.7214456623969538,-1.015663394931358,1.737109057328312,-8.89293909958522,0.4427967605142671,-1.9527404445126981,2.395537205026965,-10.05274154435122,0.5162954427151447,-1.663087723501923,2.1793831662170677,-9.685407204857807,0.45005186004638853,-1.7985096216127197,2.248561481659108,-11.69711301112714,0.7228753005662572,-1.2364671476016238,1.959342448167881,-10.188132278549816,0.5300037651184306,-1.572976820545506,2.1029805856639365,-9.78694117392571,0.4581664519607185,-1.6901797330968877,2.148346185057606,-14.027111829680015,0.7214456623969538,-1.015663394931358,1.737109057328312
2024-08-18 11:00:00,7.0,2.0,-13.30602715137893,0.7210846783010864,-0.9848127113269992,1.7058973896280856,-8.411793318878253,0.48114578070696634,-1.8934261304242517,2.374571911131218,-9.50999707893282,0.5427444654183988,-1.6125715845723332,2.155316049990732,-9.20146763214031,0.48393957271749577,-1.743880054796915,2.227819627514411,-11.023199349330168,0.6739136617969723,-1.2532609979538138,1.9271746597507862,-9.634705641069528,0.5534266374802874,-1.5251977921293844,2.078624429609672,-9.298038277146436,0.48890289677927523,-1.638840676830322,2.1277435736095973,-13.30602715137893,0.7210846783010864,-0.9848127113269992,1.7058973896280856
2024-08-18 12:00:00,9.0,-3.0,-12.606754502738006,0.6992726486409228,-0.9757114250576003,1.674984073698523,-7.935825732061556,0.4759675868166977,-1.8759277644458812,2.351895351262579,-8.97750577223762,0.5324913066951984,-1.5976687756907184,2.130160082385917,-8.723608167351097,0.47785946478921315,-1.7277637400746821,2.2056232048638953,-10.364679852479913,0.6585194968502561,-1.2389059665486335,1.8974254633988896,-9.092464809891561,0.5422408311779672,-1.511102460535908,2.053343291713875,-8.81586507694116,0.48217320020527543,-1.623695098408949,2.1058682986142245,-12.606754502738006,0.6992726486409228,-0.9757114250576003,1.674984073698523
2024-08-18 13:00:00,6.0,-11.0,-11.94165152279078,0.6651029799472263,-0.9801728398955409,1.6452758198427673,-7.490761237742388,0.4450644943191684,-1.8845053948274353,2.3295698891466037,-8.476856992223597,0.5006487800140236,-1.6049740741620981,2.1056228541761217,-8.27545736511214,0.44815080223895554,-1.7356638943502867,2.183814696589242,-9.720872315530942,0.6438075369489717,-1.224771824542012,1.8685793614909838,-8.581753588761629,0.5107112211299332,-1.5180119368072198,2.028723157937153,-8.362579635778587,0.45328544116257197,-1.6311194015566808,2.0844048427192527,-11.94165152279078,0.6651029799472263,-0.9801728398955409,1.6452758198427673
2024-08-18 14:00:00,-5.0,-3.0,-11.287738925822328,0.6539125969684517,-0.963353305956505,1.6172659029249568,-7.034138692296589,0.45662254544579817,-1.8521677282889764,2.3087902737347745,-7.971607514080112,0.5052494781434853,-1.5774330989249972,2.0826825770684825,-7.8178771892264995,0.4575801758856415,-1.705880312731258,2.1634604886168995,-9.137169680022643,0.5837026355082993,-1.2568886773972914,1.8405913129055906,-8.068046399990449,0.5137071887711806,-1.4919632112643741,2.0056704000355547,-7.901381859821244,0.46119777595734357,-1.6031297786897323,2.064327554647076,-11.287738925822328,0.6539125969684517,-0.963353305956505,1.6172659029249568
2024-08-18 15:00:00,-8.0,3.0,-10.593428564608407,0.69431036121392,-0.8956513357907571,1.589961697004677,-6.468573105267345,0.5655655870292444,-1.7220021872488929,2.2875677742781373,-7.378523830569158,0.5930836835109541,-1.4665751946218117,2.059658878132766,-7.26109631644333,0.5567808727831687,-1.5859954715989613,2.14277634438213,-8.486054693430992,0.6511149865916508,-1.1642837360689027,1.8153987226605535,-7.472543013062355,0.5955033869280937,-1.3871119088472164,1.98261529577531,-7.347848310247776,0.5535335495734686,-1.4904659784229015,2.04399952799637,-10.593428564608407,0.69431036121392,-0.8956513357907571,1.589961697004677
2024-08-18 16:00:00,-5.0,-3.0,-9.921118048143242,0.672310516465166,-0.8889145993854669,1.561225115850633,-5.916205307122112,0.5523677981452333,-1.7090499653727464,2.2614177635179797,-6.801272086074109,0.5772517444950496,-1.4555441939300287,2.032795938425078,-6.717420559919804,0.5436757565235273,-1.5740662386427986,2.117741995166326,-7.852462294640423,0.6335923987905683,-1.1539090480781693,1.7875014468687376,-6.893165625652925,0.5793773874094301,-1.3766785996775355,1.9560559870869656,-6.807369129575382,0.5404791806723939,-1.4792552806698267,2.0197344613422206,-9.921118048143242,0.672310516465166,-0.8889145993854669,1.561225115850633
2024-08-18 17:00:00,-8.0,-3.0,-9.742363546004471,0.17875450213877042,-1.3548943154722812,1.5336488176110517,-5.859894425010563,0.056310882111549,-2.1797122003292047,2.2360230824407537,-6.7501918388491315,0.05108024722497673,-1.955739171162303,2.0068194183872796,-6.645386754692092,0.07203380522771097,-2.0214050292636068,2.0934388344913177,-7.718443519703056,0.13401877493736736,-1.6265435286105048,1.7605623035478721,-6.844340537639378,0.04882508801354679,-1.881562694126527,1.930387782140074,-6.733801258801509,0.07356787077387339,-1.9226135897033565,1.9961814604772299,-9.742363546004471,0.17875450213877042,-1.3548943154722812,1.5336488176110517
2024-08-18 18:00:00,-11.0,-4.0,-10.665033579983223,-0.9226700339787526,-2.4490281926837216,1.526358158704969,-6.942255774043604,-1.0823613490330408,-3.3158036364503793,2.2334422874173385,-7.907735660129244,-1.1575438212801132,-3.162072656260596,2.0045288349804826,-7.67706423731776,-1.031677482625668,-3.1219068155350485,2.0902293329093804,-8.69504758069686,-0.9766040609938038,-2.7314943495507054,1.7548902885569015,-8.011558988995636,-1.1672184513562582,-3.0954508767359563,1.928232425379698,-7.751322211533224,-1.0175209527317148,-3.010507153694333,1.992986200962618,-10.665033579983223,-0.9226700339787526,-2.4490281926837216,1.526358158704969
2024-08-18 19:00:00,-15.0,0.0,-9.98350325920391,0.6815303207793127,-0.8826463115381603,1.564176632317473,-6.3559450048413595,0.5863107692022445,-1.696998394686663,2.2833091638889074,-7.29625849495061,0.6114771651786344,-1.4452802495777404,2.0567574147563747,-7.103599636630741,0.573464600687019,-1.5629665218855744,2.1364311225725934,-8.052455613085291,0.6425919676115688,-1.1538403211143664,1.7964322887259352,-7.398441492297046,0.6131174966985906,-1.3669707855163422,1.9800882822149328,-7.182739248710281,0.5685829628229435,-1.4688241347472635,2.037407097570207,-9.98350325920391,0.6815303207793127,-0.8826463115381603,1.564176632317473
2024-08-18 20:00:00,-15.0,1.0,-10.653779544459907,-0.670276285255996,-2.2064736273412753,1.5361973420852792,-7.207466540488816,-0.8515215356474561,-3.107749671583685,2.256228135936229,-8.219398386800075,-0.9231398918494644,-2.95222365639392,2.0290837645444557,-7.91638229104656,-0.8127826544158188,-2.9234698701934896,2.110687215777671,-8.772166012362668,-0.7197103992773757,-2.488753946151302,1.7690435468739265,-8.33327905584732,-0.9348375635502741,-2.8876011700923914,1.9527636065421172,-7.9866816851048235,-0.8039424363945433,-2.8164671213829315,2.012524684988388,-10.653779544459907,-0.670276285255996,-2.2064736273412753,1.5361973420852792
2024-08-18 21:00:00,-14.0,4.0,-9.947840905272528,0.7059386391873782,-0.8577739238166416,1.5637125630040198,-6.561032631192891,0.6464339092959244,-1.6491781053094985,2.295612014605423,-7.553017134490265,0.6663812523098096,-1.4045532105997987,2.0709344629096083,-7.288084742464074,0.6282975485824855,-1.51892316179908,2.1472207103815655,-8.094632630207524,0.6775333821551437,-1.1222000107775314,1.799733392932675,-7.667227253935644,0.6660518019116768,-1.3284504553037784,1.9945022572154552,-7.366363657394317,0.6203180277105063,-1.4274336446986584,2.0477516724091647,-9.947840905272528,0.7059386391873782,-0.8577739238166416,1.5637125630040198
2024-08-18 22:00:00,-10.0,5.0,-9.287002618486822,0.6608382867857071,-0.8739019384557968,1.5347402252415039,-5.975536342025694,0.5854962891671966,-1.6801862391388165,2.265682528306013,-6.943297925318036,0.609719209172229,-1.430961864573836,2.040681073746065,-6.716614887707524,0.5714698547565498,-1.5474822195053897,2.1189520742619394,-7.471988106240644,0.6226445239668794,-1.1481902525178727,1.770834776484752,-7.0559363129601875,0.6112909409754559,-1.3534282120245709,1.9647191530000268,-6.80009238769753,0.5662712696967873,-1.4542725005777088,2.020543770274496,-9.287002618486822,0.6608382867857071,-0.8739019384557968,1.5347402252415039
2024-08-18 23:00:00,-5.0,6.0,-8.618665005161125,0.6683376133256973,-0.8395267371294648,1.507864350455162,-5.350888032142551,0.6246483098831423,-1.6140955970489426,2.238743906932085,-6.304777330337278,0.6385205949807575,-1.3746745398518565,2.013195134832614,-6.109823494764546,0.6067913929429785,-1.486611530811858,2.0934029237548364,-6.829634356806526,0.6423537494341187,-1.1021298088715856,1.7444835583057043,-6.418545108281009,0.6373912046791788,-1.300190697354113,1.9375819020332918,-6.201295335463536,0.5987970522339947,-1.3970682448244354,1.99586529705843,-8.618665005161125,0.6683376133256973,-0.8395267371294648,1.507864350455162
2024-08-19 00:00:00,1.0,,-8.01538958874552,0.6032754164156047,-0.8776495269196669,1.4809249433352716,-4.8280979482320285,0.5227900839105228,-1.6873914486593222,2.210181532569845,-5.757265032643099,0.5475122976941791,-1.437098315289795,1.984610612983974,-5.597497590771743,0.512325903992803,-1.5541183490968975,2.0664442530897005,-6.2679059244346575,0.5617284323718681,-1.1557767973405988,1.7175052297124669,-5.868290329506971,0.550254778774038,-1.359232172092473,1.9094869508665109,-5.6918699708557225,0.5094253646078135,-1.4605089152218038,1.9699342798296173,-8.01538958874552,0.6032754164156047,-0.8776495269196669,1.4809249433352716
