Timestamp,Observed_DST,Real_dDST_dt,Pred_DST_Equation,Pred_dDST_dt_Equation,Injection_Component,Decay_Component,Pred_DST_Equation_1,Pred_dDST_dt_Equation_1,Injection_Component_1,Decay_Component_1,Pred_DST_Equation_2,Pred_dDST_dt_Equation_2,Injection_Component_2,Decay_Component_2,Pred_DST_Equation_3,Pred_dDST_dt_Equation_3,Injection_Component_3,Decay_Component_3,Pred_DST_Equation_4,Pred_dDST_dt_Equation_4,Injection_Component_4,Decay_Component_4,Pred_DST_Equation_5,Pred_dDST_dt_Equation_5,Injection_Component_5,Decay_Component_5,Pred_DST_Equation_6,Pred_dDST_dt_Equation_6,Injection_Component_6,Decay_Component_6,Pred_DST_Equation_7,Pred_dDST_dt_Equation_7,Injection_Component_7,Decay_Component_7
2001-10-19 00:00:00,0.0,4.0,-2.399184973352978,0.6008150266470217,-0.6632339298082436,1.2640489564552653,-2.170820855230854,0.8291791447691457,-1.2751505325218322,2.104329677290978,-2.246072966113793,0.7539270338862072,-1.0860056707552914,1.8399327046414986,-2.2434144541180525,0.7565855458819475,-1.17443693461135,1.9310224804932974,-2.2863754023290825,0.7136245976709176,-0.8474021947473765,1.5610267924182941,-2.264857292344826,0.735142707655174,-1.027162742493224,1.762305450148398,-2.2695189511551117,0.7304810488448883,-1.1036969059418125,1.8341779547867008,-2.399184973352978,0.6008150266470217,-0.6632339298082436,1.2640489564552653
2001-10-19 01:00:00,4.0,2.0,-1.8200098642031974,0.5791751091497808,-0.6626985600276907,1.2418736691774714,-1.3773276724505545,0.7934931827802996,-1.2741212168760456,2.067614399656345,-1.5235080482751497,0.7225649178386431,-1.0851290349387257,1.8076939527773688,-1.5181334695475548,0.7252809845704977,-1.1734889160982775,1.8987699006687753,-1.5995453319851851,0.6868300703438973,-0.8458640802514684,1.5326941505953657,-1.559765091976971,0.7050922003678548,-1.0263336053406666,1.7314258057085214,-1.5684451853687285,0.7010737657863833,-1.1028059895640847,1.803879755350468,-1.8200098642031974,0.5791751091497808,-0.6626985600276907,1.2418736691774714
2001-10-19 02:00:00,6.0,-1.0,-1.2574526297673492,0.5625572344358484,-0.6581256098188016,1.22068284425465,-0.6098749955721756,0.7674526768783789,-1.2653291457349527,2.0327818226133316,-0.8240854650052771,0.6994225832698726,-1.0776411040055616,1.7770636872754342,-0.8154179261825603,0.7027155433649945,-1.1653912579657828,1.8681068013307773,-0.9328149016533861,0.666730430331799,-0.838939934530247,1.505670364862046,-0.8769516219339986,0.6828134700429724,-1.0192513921625719,1.7020648622055443,-0.888602682211566,0.6798425031571624,-1.0951960788376593,1.7750385819948218,-1.2574526297673492,0.5625572344358484,-0.6581256098188016,1.22068284425465
2001-10-19 03:00:00,5.0,0.0,-0.704596229082996,0.5528564006843532,-0.6474182142077444,1.2002746148920975,0.14475603580211227,0.7546310313742879,-1.2447428328192232,1.999373864193511,-0.13653011570492501,0.6875553493003521,-1.0601083876742508,1.7476637369746029,-0.12321302093060016,0.6922049052519601,-1.1464308877043325,1.8386357929562926,-0.2769801696548567,0.6558347319985294,-0.8238325921959802,1.4796673241945095,-0.20574933215121516,0.6712022897827834,-1.0026686491114234,1.6738709388942068,-0.21868762844947365,0.6699150537620924,-1.0773777512831033,1.7472928050451957,-0.704596229082996,0.5528564006843532,-0.6474182142077444,1.2002746148920975
2001-10-19 04:00:00,5.0,2.0,-0.18262590608416784,0.5219703229988282,-0.6584156017832679,1.180385924782096,0.8456632929523173,0.7009072571502051,-1.265886691709754,1.966793948859959,0.5043555819165138,0.6408856976214388,-1.0781159484062015,1.7190016460276403,0.5207168850967787,0.6439299060273789,-1.1659047679936976,1.8098346740210765,0.3396511432548245,0.6166313129096812,-0.8376788873325975,1.4543102002422787,0.4209361023125673,0.6266854344637824,-1.0197005081202073,1.6463859425839897,0.4057996966311028,0.6244873250805765,-1.0956786585422622,1.7201659836228387,-0.18262590608416784,0.5219703229988282,-0.6584156017832679,1.180385924782096
2001-10-19 05:00:00,7.0,1.0,0.30416748033808316,0.486793386422251,-0.6749674508320272,1.1617608372542783,1.4847267881646586,0.6390634952123413,-1.2977097004253195,1.9367731956376608,1.0916354442999279,0.5872798623834141,-1.1052186057350197,1.6924984681184339,1.1087488447923821,0.5880319596956034,-1.1952143403561895,1.7832463000517929,0.9113851773866974,0.571734034131873,-0.8589346950388451,1.430668729170718,0.9965306887246197,0.5755945864120524,-1.0453346650867743,1.6209292514988267,0.9776466619273274,0.5718469652962246,-1.1232228232203472,1.6950697885165718,0.30416748033808316,0.486793386422251,-0.6749674508320272,1.1617608372542783
2001-10-19 06:00:00,8.0,-4.0,-0.811734428421224,-1.1159019087593072,-2.2604263271450926,1.1445244183857854,0.4775254963607749,-1.0072012918038837,-2.9168038038700064,1.9096025120661226,-0.07090886122617657,-1.1625443055261044,-2.83093719798073,1.6683928924546256,0.0875579900106982,-1.021190854781684,-2.780328726494306,1.759137871712622,-0.13481428947993557,-1.046199466866633,-2.4551211658137864,1.4089216989471534,-0.18895687988325993,-1.1854875686078796,-2.783210246834249,1.5977226782263694,-0.03858936926655687,-1.0162360311938843,-2.688486830632453,1.672250799438569,-0.811734428421224,-1.1159019087593072,-2.2604263271450926,1.1445244183857854
2001-10-19 07:00:00,4.0,-3.0,-2.1687165760532428,-1.3569821476320187,-2.541209327400245,1.1842271797682262,-0.7739070003860353,-1.2514324967468102,-3.2039447178814195,1.9525122211346093,-1.5015962892423158,-1.4306874280161392,-3.146965911739496,1.716278483723357,-1.1867250989103317,-1.27428308892103,-3.075393200826108,1.8011101119050779,-1.419127680105884,-1.2843133906259485,-2.73315580669132,1.4488424160653715,-1.6482363859479472,-1.4592795060646873,-3.104980733534865,1.6457012274701779,-1.3065009196759312,-1.2679115504093743,-2.980821024217996,1.712909473808622,-2.1687165760532428,-1.3569821476320187,-2.541209327400245,1.1842271797682262
2001-10-19 08:00:00,1.0,-1.0,-3.6302183711204696,-1.4615017950672267,-2.694921255674567,1.2334194606073405,-2.1298005963348228,-1.3558935959487877,-3.3623846734929397,2.006491077544152,-3.05093958194911,-1.549343292706794,-3.3254822069025303,1.7761389141957362,-2.575673808876572,-1.38894870996624,-3.2431274647193287,1.8541787547530886,-2.8033716832879048,-1.3842440031820205,-2.8828555771827644,1.498611574000744,-3.2300554952196467,-1.5818191092716993,-3.287554254010851,1.7057351447391518,-2.6896370605764313,-1.3831361409004999,-3.1474583539816914,1.7643222130811915,-3.6302183711204696,-1.4615017950672267,-2.694921255674567,1.2334194606073405
2001-10-19 09:00:00,0.0,1.0,-5.031006095630428,-1.4007877245099576,-2.688308083504555,1.2875203589945974,-3.418005527143925,-1.2882049308091021,-3.3540113796510576,2.0658064488419554,-4.533081200100356,-1.4821416181512461,-3.32426283202386,1.842121213872614,-3.9041767961705673,-1.3285029872939953,-3.241403363825361,1.9129003765313657,-4.121030674277051,-1.317658990989146,-2.8708532603596284,1.5531942693704823,-4.745583144078468,-1.5155276488588214,-3.287552643401463,1.7720249945426416,-4.015127270147578,-1.3254902095711465,-3.1467643956195506,1.821274186048404,-5.031006095630428,-1.4007877245099576,-2.688308083504555,1.2875203589945974
2001-10-19 10:00:00,1.0,-5.0,-6.778512868885326,-1.7475067732548974,-3.0879703749208818,1.3404636016659843,-5.072446330323152,-1.6544408031792273,-3.777401878387833,2.1229610752086057,-6.409568085837291,-1.8764868857369352,-3.7828546518258865,1.9063677660889513,-5.613267636999957,-1.70909084082939,-3.6790138544677378,1.9699230136383479,-5.787113943237683,-1.6660832689606322,-3.2721416884635763,1.6060584195029441,-6.662529276876574,-1.9169461327981063,-3.7536682203757863,1.83672208757768,-5.71739051652661,-1.7022632463790321,-3.5789646641013024,1.8767014177222703,-6.778512868885326,-1.7475067732548974,-3.0879703749208818,1.3404636016659843
2001-10-19 11:00:00,-4.0,-8.0,-9.42973321830892,-2.6512203494235944,-4.059226972633501,1.408006623209906,-7.712187931488616,-2.6397416011654644,-4.8372503280330825,2.197508726867618,-9.359051540830334,-2.9494834549930427,-4.938771195670057,1.9892877406770144,-8.372807716740084,-2.7595400797401277,-4.804053218156651,2.044513138416523,-8.358865441244909,-2.571751498007225,-4.245919219944528,1.674167721937303,-9.675063469555196,-3.012534192678622,-4.932751248167804,1.9202170554891824,-8.459313255402316,-2.741922738875706,-4.691025308439191,1.9491025695634852,-9.42973321830892,-2.6512203494235944,-4.059226972633501,1.408006623209906
2001-10-19 12:00:00,-12.0,-10.0,-13.44461770758834,-4.014884489279421,-5.528533502465249,1.513649013185829,-11.777270347701846,-4.0650824162132295,-6.384199244250035,2.319116828036805,-13.818790557190436,-4.4597390163601025,-6.5829290846537765,2.123190068293674,-12.628114835096621,-4.255307118356537,-6.423180983457732,2.167873865101195,-12.311259703324835,-3.952394262079926,-5.73447145504278,1.7820771929628543,-14.227356873893154,-4.5522934043379575,-6.6074750573751295,2.055181653037172,-12.678842358661491,-4.219529103259175,-6.288133107203326,2.068604003944151,-13.44461770758834,-4.014884489279421,-5.528533502465249,1.513649013185829
2001-10-19 13:00:00,-22.0,-4.0,-16.861806110870507,-3.4171884032821676,-5.098091991188583,1.6809035879064154,-15.151323562345468,-3.3740532146436224,-5.886845629375647,2.5127924147320244,-17.520994978148046,-3.702204420957612,-6.036142501342076,2.3339380803844643,-16.131525610913148,-3.503410775816527,-5.868593325928269,2.365182550111742,-15.660644548725411,-3.349384845400577,-5.303871883203188,1.9544870378026111,-17.993909842185023,-3.7665529682918675,-6.034377998810065,2.2678250305181975,-16.15840561548984,-3.4795632568283494,-5.73901257332388,2.2594493164955303,-16.861806110870507,-3.4171884032821676,-5.098091991188583,1.6809035879064154
2001-10-19 14:00:00,-26.0,-2.0,-19.10179236025371,-2.2399862493832057,-4.070148353644011,1.8301621042608047,-17.231020731233027,-2.0796971688875594,-4.759140066805908,2.6794428979183484,-19.808612812582663,-2.2876178344346174,-4.804080017991348,2.5164621835567305,-18.253495636053813,-2.121970025140666,-4.656046635983208,2.534076610842542,-17.828135422999818,-2.1674908742744066,-4.2743140564843465,2.10682318220994,-20.303168285064572,-2.3092584428795497,-4.7609361257153155,2.451677682835766,-18.274596292676243,-2.116190677186403,-4.539351494758039,2.423160817571636,-19.10179236025371,-2.2399862493832057,-4.070148353644011,1.8301621042608047
2001-10-19 15:00:00,-28.0,-4.0,-22.977808993234603,-3.8760166329808934,-5.80746292879561,1.9314462958147167,-21.156109882919285,-3.925089151686259,-6.709917202526577,2.784828050840318,-24.123187163501495,-4.314574350918833,-6.947253944408971,2.6326795934901384,-22.41998361509644,-4.16648797904263,-6.805693596876993,2.639205617834363,-21.646011112728445,-3.8178756897286257,-6.0263266906632875,2.208451000934662,-24.697078299228004,-4.393910014163431,-6.961849983945754,2.567939969782323,-22.41656258355865,-4.141966290882406,-6.667492558762314,2.525526267879908,-22.977808993234603,-3.8760166329808934,-5.80746292879561,1.9314462958147167
2001-10-19 16:00:00,-32.0,-11.0,-26.728689652704134,-3.75088065946953,-5.864030096670107,2.113149437200577,-24.913694749280715,-3.7575848663614315,-6.746848596988436,2.989263730627005,-28.240061899851632,-4.1168747363501375,-6.975886721169637,2.8590119848195,-26.391038472713614,-3.971054857617171,-6.822897538765658,2.851842681148487,-25.33748085517002,-3.691469742441575,-6.084752303997818,2.393282561556243,-28.89870619772792,-4.2016278984999165,-6.998221756644542,2.7965938581446257,-26.367980475516454,-3.951417891957802,-6.683430274676892,2.7320123827190903,-26.728689652704134,-3.75088065946953,-5.864030096670107,2.113149437200577
2001-10-19 17:00:00,-43.0,-8.0,-30.04547345812313,-3.3167838054189964,-5.613546024369807,2.2967622189508106,-28.17802900454,-3.264334255259285,-6.456092881088542,3.1917586258292565,-31.81011989085756,-3.5700579910059287,-6.65373184301412,3.0836738520081917,-29.817467196911895,-3.426428724198281,-6.488601329128655,3.062172604930374,-28.59024307052404,-3.252762215354018,-5.83181885461086,2.5790566392568417,-32.54222888716919,-3.6435226894412667,-6.66788400932655,3.0243613198852835,-29.78355462919381,-3.415574153677353,-6.352134875037785,2.936560721360432,-30.04547345812313,-3.3167838054189964,-5.613546024369807,2.2967622189508106
2001-10-19 18:00:00,-51.0,-1.0,-33.272053589668175,-3.226580131545042,-5.692077042537834,2.465496910992792,-31.343113364114977,-3.1650843595749745,-6.538143042313706,3.3730586827387317,-35.26052368480837,-3.45040379395081,-6.735777698608505,3.285373904657695,-33.13338825351609,-3.31592105660419,-6.565590740080457,3.2496696834762666,-31.767560197051026,-3.177317126526986,-5.925824303647743,2.7485071771207568,-36.06770078810718,-3.525471900937992,-6.754564105364386,3.229092204426394,-33.091835462854526,-3.3082808336607186,-6.427600970512199,3.11932013685148,-33.272053589668175,-3.226580131545042,-5.692077042537834,2.465496910992792
2001-10-19 19:00:00,-52.0,-4.0,-36.0065314391296,-2.734477849461427,-5.369859193248877,2.6353813437874503,-34.01470932519645,-2.671595961081475,-6.225224220555089,3.553628259473614,-38.18408670133989,-2.9235630165315207,-6.409948364429488,3.4863853478979676,-35.94493725119895,-2.811548997682861,-6.247973019550318,3.436424021867457,-34.451065829803944,-2.6835056327529196,-5.602737948808168,2.9192323160552487,-39.030633852392576,-2.962933064285395,-6.396504967794533,3.433571903509138,-35.90505409870477,-2.8132186358502436,-6.114816671785237,3.301598035934993,-36.0065314391296,-2.734477849461427,-5.369859193248877,2.6353813437874503
2001-10-19 20:00:00,-56.0,-1.0,-37.174571194299254,-1.168039755169652,-3.9518262163226576,2.7837864611530057,-35.043234416979054,-1.0285250917826056,-4.7382333310677645,3.709708239285159,-39.316226356235276,-1.1321396548953855,-4.7935148556653875,3.661375200770002,-36.99477690797508,-1.04983965677613,-4.64869888267236,3.5988592258962298,-35.5624053088389,-1.1113394790349518,-4.178769978691081,3.0674304996561292,-40.1551833424708,-1.1245494900782256,-4.734828030575608,3.6102785404973825,-36.97784349145388,-1.0727893927491166,-4.533460440296597,3.4606710475474807,-37.174571194299254,-1.168039755169652,-3.9518262163226576,2.7837864611530057
2001-10-19 21:00:00,-57.0,6.0,-35.084549989180786,2.090021205118468,-0.7583959083015158,2.848417113419984,-32.730654805201475,2.31257961177758,-1.4581113885603814,3.7706910003379615,-36.82776374277125,2.488462613464023,-1.2418276871498184,3.7302903006138415,-34.67724938928369,2.3175275186913957,-1.3429472253099919,3.6604747440013874,-33.407533449276166,2.154871859562731,-0.975007437282036,3.1298792968447673,-37.6512188503327,2.5039644921381043,-1.1745418713603064,3.6785063634984105,-34.71758333269802,2.2602601587558624,-1.2620572920829323,3.5223174508387944,-35.084549989180786,2.090021205118468,-0.7583959083015158,2.848417113419984
2001-10-19 22:00:00,-51.0,7.0,-33.13037454980428,1.954175439376508,-0.7791191802237496,2.7332946196002577,-30.59433674565495,2.136318059546527,-1.4979544816826997,3.634272541229227,-34.52386484631601,2.303898896455242,-1.2757607985493764,3.5796596950046182,-32.531737691798284,2.145511697485401,-1.3796434419201742,3.525155139405575,-31.397645950523405,2.009887498752762,-0.9994773201638729,3.009364818916635,-35.330395336047154,2.320823514285545,-1.20663638864055,3.527459902926095,-32.621057272646745,2.096526060051275,-1.2965431802041465,3.3930692402554214,-33.13037454980428,1.954175439376508,-0.7791191802237496,2.7332946196002577
2001-10-19 23:00:00,-44.0,4.0,-31.278143981460715,1.8522305683435665,-0.775572355427587,2.6278029237711533,-28.574986965153627,2.019349780501324,-1.4911352655293644,3.5104850460306882,-32.350849463051794,2.173015383264214,-1.2699530862646298,3.442968469528844,-30.502949198257944,2.0287884935403415,-1.3733628192710687,3.4021513128114105,-29.493021451569142,1.9046244989542636,-0.9944668374898431,2.8990913364441067,-33.14125009723581,2.18914523881134,-1.2011433550048571,3.390288593816197,-30.63635462909162,1.984702643555123,-1.2906408592016998,3.2753435027568227,-31.278143981460715,1.8522305683435665,-0.775572355427587,2.6278029237711533
2001-10-20 00:00:00,-40.0,4.0,-29.505180620746735,1.7729633607139808,-0.7567674918856674,2.529730852599648,-26.634520400901177,1.9404665642524486,-1.4549805534711138,3.3954471177235623,-30.273529687745786,2.0773197753060106,-1.239161253207765,3.316481028513776,-28.55516429222447,1.947784906033472,-1.3400636689993963,3.2878485750328683,-27.66924588160462,1.82377556996452,-0.9727170044790747,2.7964925744435947,-31.04987684291313,2.091373254322683,-1.1720199125212776,3.26339316684396,-28.729889909055395,1.906464720036226,-1.25934742143401,3.165812141470236,-29.505180620746735,1.7729633607139808,-0.7567674918856674,2.529730852599648
2001-10-20 01:00:00,-36.0,4.0,-27.826040597904658,1.679140022842076,-0.7584628295240847,2.437602852366161,-24.806051875266636,1.828468525634542,-1.4582400530161044,3.2867085786506465,-28.3176900359865,1.9558396517592835,-1.241937266626889,3.1977769183861726,-26.7182827481431,1.836881544081371,-1.343065727624126,3.179947271705497,-25.946683960389624,1.7225619212149952,-0.9774193935373345,2.6999813147523297,-29.080096619751938,1.969780223161192,-1.174645513504376,3.144425736665568,-26.929705995847435,1.8001839132079611,-1.2621686566301482,3.0623525698381093,-27.826040597904658,1.679140022842076,-0.7584628295240847,2.437602852366161
2001-10-20 02:00:00,-32.0,7.0,-26.245895009801366,1.5801455881032904,-0.7717801528153375,2.351925740918628,-23.1040306874671,1.7020211877995355,-1.4838442797050433,3.1858654675045788,-26.493441909317546,1.8242481266689536,-1.2637435825639571,3.0879917092329108,-25.005091369450966,1.7131913786921338,-1.3666476881368053,3.079839066828939,-24.330229950753193,1.616454009636431,-0.9939283871573712,2.6103823967938022,-27.240971785234997,1.8391248345169418,-1.1952703001742422,3.034395134691184,-25.247797886634952,1.681908109212481,-1.2843302015261278,2.9662383107386088,-26.245895009801366,1.5801455881032904,-0.7717801528153375,2.351925740918628
2001-10-20 03:00:00,-25.0,1.0,-24.762085058737362,1.483809951064002,-0.7888896787188393,2.2726996297828412,-21.527362033560166,1.5766686539069346,-1.5167394922183033,3.093408146125238,-24.797879885113975,1.695562024203571,-1.2917594022016976,2.9873214264052685,-23.414121323253994,1.5909700461969734,-1.3969447797837478,2.987914825980721,-22.821858512087843,1.5083714386653495,-1.0193062713962797,2.5276777100616292,-25.529308178583253,1.7116636066517446,-1.221768141674723,2.9334317483264676,-23.682776600126047,1.565021286508906,-1.3128024040976791,2.877823690606585,-24.762085058737362,1.483809951064002,-0.7888896787188393,2.2726996297828412
2001-10-20 04:00:00,-24.0,-10.0,-27.339236757539716,-2.5771516988023544,-4.776691084705101,2.199539385902747,-24.18219009734759,-2.654828063787424,-5.663803022145544,3.00897495835812,-27.67098966972332,-2.8731097846093445,-5.768358297939405,2.8952485133300603,-26.100258679039026,-2.6861373557850308,-5.589933144589054,2.903795788804023,-25.40875365992784,-2.5868951478399977,-5.0385989254375865,2.4517037775975887,-28.417452181396698,-2.8881440028134446,-5.729144404957456,2.841000402144011,-26.34679762542909,-2.6640210253030414,-5.460776088104015,2.7967550628009734,-27.339236757539716,-2.5771516988023544,-4.776691084705101,2.199539385902747
2001-10-20 05:00:00,-34.0,-1.0,-27.31245271329229,0.026784044247425864,-2.300589418255603,2.327373462503029,-24.144459770774624,0.037730326572964046,-3.114087620114913,3.151817946687877,-27.601317362185334,0.06967230753798681,-2.98244066898447,3.052112976522457,-25.994974570294968,0.10528410874405747,-2.9412332261895227,3.04651733493358,-25.383626705019402,0.02512695490843786,-2.5575848269520005,2.5827117818604384,-28.335657925944272,0.08179425545242491,-2.91602648599008,2.997820741442505,-26.24936699954103,0.0974306258880584,-2.8380138635284435,2.935444489416502,-27.31245271329229,0.026784044247425864,-2.300589418255603,2.327373462503029
2001-10-20 06:00:00,-35.0,6.0,-26.394430395601198,0.9180223176910938,-1.4080040125916866,2.3260263302827804,-23.16915513965936,0.9753046311152649,-2.1744600326872567,3.1497646638025216,-26.52099520221492,1.0803221599704131,-1.967937929090657,3.04826008906107,-24.974538168098807,1.0204364021961623,-2.020422443399045,3.0408588455952072,-24.458874060878355,0.9247526441410483,-1.6566702357683987,2.581422879909447,-27.23999529665825,1.0956626292860225,-1.897658887077536,2.9933215163635585,-25.24438003901529,1.0049869605257429,-1.9253261468871588,2.9303131074129016,-26.394430395601198,0.9180223176910938,-1.4080040125916866,2.3260263302827804
2001-10-20 07:00:00,-29.0,5.0,-24.955407150648277,1.4390232449529219,-0.8410659252485544,2.2800891702014763,-21.689289227416317,1.4798659122430404,-1.6170548795305786,3.096920791773619,-24.909360536346117,1.6116346658688012,-1.3771948678244825,2.9888295336932837,-23.47758717068864,1.4969509974101671,-1.4893370840369415,2.9862880814471087,-22.989804322803362,1.4690697380749924,-1.065141193069055,2.5342109311440475,-25.609191168065724,1.6308041285925279,-1.3025744666677157,2.9333785952602436,-23.76636428543721,1.4780157535780796,-1.399629629410403,2.8776453829884825,-24.955407150648277,1.4390232449529219,-0.8410659252485544,2.2800891702014763
2001-10-20 08:00:00,-24.0,1.0,-24.796285084830643,0.15912206581763266,-2.0498813838885814,2.209003449706214,-21.395926434357364,0.2933627930589551,-2.7242298004852277,3.0175925935441827,-24.561110094728154,0.34825044161796415,-2.553007463966027,2.901257905583991,-23.12306146533978,0.3545257053488591,-2.552602699830472,2.907128405179331,-22.810399766729603,0.17940455607376027,-2.280700995827605,2.4601055519013655,-25.255191129384123,0.35400003868160246,-2.491281199485941,2.8452812381675434,-23.416923696611587,0.3494405888256238,-2.4516150656672155,2.8010556544928393,-24.796285084830643,0.15912206581763266,-2.0498813838885814,2.209003449706214
2001-10-20 09:00:00,-23.0,-3.0,-26.96165543350074,-2.165370348670098,-4.366582514260276,2.2012121655901784,-23.4373289918382,-2.041402557480837,-5.043391679383837,3.0019891219029997,-26.72537436386058,-2.164264269132426,-5.046770315282416,2.88250604614999,-25.114398046986086,-1.9913365816463053,-4.8798731858265345,2.888536604180229,-24.97522323348097,-2.164823466751369,-4.615954524883491,2.451131058132122,-27.438400402291812,-2.1832092729076886,-5.009544566411371,2.8263352935036825,-25.386617919036052,-1.9696942224244647,-4.752793101903966,2.783098879479501,-26.96165543350074,-2.165370348670098,-4.366582514260276,2.2012121655901784
2001-10-20 10:00:00,-26.0,-3.0,-27.274881591211194,-0.3132261577104529,-2.621644765374293,2.30841860766384,-23.64811687280362,-0.21078788096541867,-3.3221942846378156,3.111406403672397,-26.893086332219358,-0.16771196835877777,-3.1677399121059926,3.000027943747215,-25.248290426302255,-0.13389237931616993,-3.127630649345086,2.993738270028916,-25.292717917541538,-0.31749468406056724,-2.8780133741074105,2.5605186900468433,-27.597873394958796,-0.15947299266698245,-3.103661236609464,2.9441882439424814,-25.51751328451215,-0.1308953654760998,-3.015965905212534,2.885070539736434,-27.274881591211194,-0.3132261577104529,-2.621644765374293,2.30841860766384
2001-10-20 11:00:00,-29.0,4.0,-25.842514188462914,1.4323674027482802,-0.8917699048817487,2.324137307630029,-22.239840528607626,1.4082763441959922,-1.7145396488169407,3.122815993012933,-25.344073002718115,1.5490133295012414,-1.4602195849517114,3.009232914452953,-23.826533491306396,1.4217569349958574,-1.5791223373791854,3.000879272375043,-23.86539708738926,1.4273208301522802,-1.1494415173477392,2.5767623475000194,-26.026082882401376,1.5717905125574196,-1.381100664491175,2.9528911770485946,-24.10960807581034,1.4079052087018122,-1.4840068346843749,2.891912043386187,-25.842514188462914,1.4323674027482802,-0.8917699048817487,2.324137307630029
2001-10-20 12:00:00,-25.0,-3.0,-27.416631954150134,-1.5741177656872205,-3.8268099717141926,2.252692206026972,-23.87111803206841,-1.6312775034607814,-4.678262168578308,3.0469846651175265,-27.07544969801978,-1.7313766953016665,-4.656127397919138,2.9247507026174717,-25.40967171565192,-1.583138224345526,-4.5086240800642035,2.9254858557186774,-25.460337099486924,-1.5949400120976676,-4.099081357208235,2.504141345110568,-27.777655982007158,-1.7515730996057828,-4.619247373945767,2.8676742743399846,-25.677021525476473,-1.5674134496661352,-4.3861636592591955,2.8187502095930603,-27.416631954150134,-1.5741177656872205,-3.8268099717141926,2.252692206026972
2001-10-20 13:00:00,-28.0,-4.0,-30.387072850786602,-2.9704408966364673,-5.30170922513593,2.331268328499463,-26.937677005975566,-3.0665589739071555,-6.201468371442456,3.1349093975353,-30.380087311860297,-3.3046376138405167,-6.323895651284064,3.0192580374435476,-28.523358659812953,-3.113686944161033,-6.123184615163673,3.00949767100264,-28.45338409126982,-2.9930469917828972,-5.5784057846411566,2.5853587928582593,-31.148253187355518,-3.370597205348361,-6.333315074279984,2.9627178689316227,-28.76196063221915,-3.084939106742679,-5.985199114363972,2.900260007621293,-30.387072850786602,-2.9704408966364673,-5.30170922513593,2.331268328499463
2001-10-20 14:00:00,-32.0,-3.0,-31.54136554605686,-1.1542926952702564,-3.637507470167751,2.4832147748974944,-28.1781949475674,-1.240517941591834,-4.54409796630142,3.303580024709586,-31.704482038133268,-1.3243947262729696,-4.528208021843987,3.2038132955710177,-29.732264991720662,-1.208906331907711,-4.387106607311196,3.1782002754034853,-29.62206134647287,-1.168677255203046,-3.909946212567489,2.741268957364443,-32.49091783027377,-1.342664642918256,-4.492636992677102,3.1499723497588463,-29.966118311872947,-1.2041576796537954,-4.268236442581526,3.0640787629277306,-31.54136554605686,-1.1542926952702564,-3.637507470167751,2.4832147748974944
2001-10-20 15:00:00,-35.0,2.0,-32.739569143164616,-1.1982035971077547,-3.7417578405898513,2.5435542434820966,-29.450098064931012,-1.2719031173636153,-4.644971143819165,3.37306802645555,-33.071331727365674,-1.3668496892324073,-4.6461635675748285,3.279313878342421,-30.986992552097156,-1.2547275603764962,-4.499667365391407,3.244939805014911,-30.829288603320343,-1.2072272568474762,-4.010612611704794,2.803385354857318,-33.87443481163001,-1.383516981356241,-4.609679454619912,3.2261624732636713,-31.21752876359072,-1.2514104517177738,-4.38065446178195,3.1292440100641765,-32.739569143164616,-1.1982035971077547,-3.7417578405898513,2.5435542434820966
2001-10-20 16:00:00,-33.0,5.0,-32.18984010856664,0.5497290345979753,-2.057226248795124,2.6069552833930993,-28.860462153294737,0.5896359116362762,-2.8554290690746953,3.4450649807109714,-32.420418517742114,0.6509132096235621,-2.70724352648734,3.358156736110902,-30.359062528478713,0.6279300236184429,-2.6870123422790826,3.3149423658975254,-30.271430238941093,0.5578583643792507,-2.3104230793699028,2.8682814437491535,-33.21156281396373,0.6628719976662794,-2.6427512061410265,3.305623203807306,-30.606843710627533,0.6106850529631873,-2.587007943094542,3.197692996057729,-32.18984010856664,0.5497290345979753,-2.057226248795124,2.6069552833930993
2001-10-20 17:00:00,-28.0,3.0,-32.564689951105066,-0.3748498425384268,-2.9526201905548635,2.5777703480164367,-29.221521504196502,-0.361059350901765,-3.772653052451361,3.411593701549596,-32.79435017326321,-0.37393165552109453,-3.694425498890488,3.3204938433693933,-30.680669345261393,-0.3216068167826789,-3.6014229309327366,3.2798161141500577,-30.643421757920862,-0.37199151897977023,-3.2101922641059226,2.8382007451261524,-33.57974986015139,-0.3681870461876544,-3.6356183216202873,3.267431275432633,-30.933952547421207,-0.32710883679367164,-3.491306390152992,3.1641975533593203,-32.564689951105066,-0.3748498425384268,-2.9526201905548635,2.5777703480164367
2001-10-20 18:00:00,-25.0,0.0,-33.27984205196343,-0.7151521008583601,-3.3128052867340645,2.5976531858757044,-29.90910983942678,-0.6875883352302776,-4.119658543085717,3.4320702078554395,-33.516408204430874,-0.7220580311676645,-4.064162205610721,3.3421041744430564,-31.331811466213416,-0.6511421209520232,-3.948925468351847,3.297783347399824,-31.356491162458234,-0.7130694045373729,-3.571310968543642,2.8582415640062693,-34.30125531710065,-0.7215054569492567,-4.010122741246465,3.2886172842972083,-31.586076828815226,-0.6521242813940211,-3.83424148330074,3.1821172019067188,-33.27984205196343,-0.7151521008583601,-3.3128052867340645,2.5976531858757044
2001-10-20 19:00:00,-25.0,-3.0,-33.25739978791897,0.02244226404445815,-2.613356001462228,2.6357982655066863,-29.860225709131974,0.04888413029480576,-3.4223502254589793,3.471234355753785,-33.451224220174794,0.06518398425607774,-3.3188478641803987,3.3840318484364764,-31.248393383715968,0.0834180824974502,-3.25089294960337,3.3343110321008202,-31.327276960209677,0.029214202248557974,-2.8676406605801446,2.8968548628287025,-34.230814539864795,0.07044077723585129,-3.2598914957803418,3.330332273016193,-31.5130840529936,0.07299277582162444,-3.1450000303523193,3.217992806173944,-33.25739978791897,0.02244226404445815,-2.613356001462228,2.6357982655066863
2001-10-20 20:00:00,-28.0,-6.0,-33.05483430474948,0.20256548316949052,-2.432031521966363,2.6345970051358534,-29.601094351757318,0.259131357374657,-3.209311284379456,3.468442641754113,-33.13930183350602,0.3119223866687748,-3.068313697442357,3.380236084111132,-30.94575002301477,0.3026433607011958,-3.026976858797599,3.329620219498795,-31.121913488017977,0.20536347219169926,-2.6899043277075605,2.8952677998992598,-33.91022921937205,0.32058532049274824,-3.0056627258424546,3.326248046335203,-31.219203203568714,0.29388084942488746,-2.9200863776283623,3.2139672270532498,-33.05483430474948,0.20256548316949052,-2.432031521966363,2.6345970051358534
2001-10-20 21:00:00,-34.0,-2.0,-34.91078838616769,-1.8559540814182096,-4.4797208132227775,2.623766731804568,-31.454145951425822,-1.8530515996685035,-5.306714316199764,3.45366271653126,-35.11796892095175,-1.9786670874457388,-5.3407689313584195,3.3621018439126806,-32.79551450956904,-1.8497644865542662,-5.162394014740702,3.3126295281864357,-32.986413624203514,-1.8645001361855362,-4.7486238284343765,2.8841236922488402,-35.91091469253404,-2.0006854731619965,-5.308377316943565,3.3076918437815683,-33.0547539719485,-1.8355507683797874,-5.033335848173633,3.1977850797938454,-34.91078838616769,-1.8559540814182096,-4.4797208132227775,2.623766731804568
2001-10-20 22:00:00,-36.0,-7.0,-37.285945593674015,-2.3751572075063256,-5.098987614357615,2.723830406851289,-33.86968586242668,-2.415539911000857,-5.975588109183897,3.56004819818304,-37.74285330427006,-2.6248843833183035,-6.102846672464435,3.4779622891461313,-35.29587324318528,-2.5003587336162405,-5.91751480972853,3.4171560761122897,-35.36114269734965,-2.374729073146133,-5.360818491702865,2.986089418556732,-38.580411888082516,-2.6694971955484763,-6.093842031894664,3.424344836346188,-35.53956036234078,-2.4848063903922806,-5.784332649472623,3.2995262590803427,-37.285945593674015,-2.3751572075063256,-5.098987614357615,2.723830406851289
2001-10-20 23:00:00,-43.0,1.0,-36.48285860029066,0.8030869933833555,-2.0515314843110546,2.85461847769441,-32.990175988934936,0.879509873491743,-2.821639704284524,3.701149577776267,-36.79800715027545,0.9448461539946043,-2.689844491043947,3.6346906450385514,-34.397608979920854,0.8982642632644238,-2.6627627513807828,3.5610270146452065,-34.53406207484194,0.8270806225077045,-2.291442588460402,3.1185232109681067,-37.62597097809923,0.9544409099832798,-2.6287011348343774,3.583142044817657,-34.66599921636304,0.8735611459777419,-2.56623158770802,3.439792733685762,-36.48285860029066,0.8030869933833555,-2.0515314843110546,2.85461847769441
2001-10-21 00:00:00,-42.0,3.0,-35.91985733708161,0.5630012632090509,-2.2470520514647836,2.8100533146738345,-32.39465151184855,0.595524477086383,-3.0539319481614964,3.6494564252478794,-36.151126081056894,0.6468810692185607,-2.9309961938808717,3.5778772630994324,-33.7772642766064,0.62034470331445,-2.888654644303746,3.508999347618196,-33.95946848120669,0.5745935936352509,-2.4974789181013484,3.0720725117365992,-36.96963712139601,0.6563338567032226,-2.86961914575989,3.5259530024631127,-34.064034074234584,0.6019651421284542,-2.7881825659167783,3.3901477080452325,-35.91985733708161,0.5630012632090509,-2.2470520514647836,2.8100533146738345
2001-10-21 01:00:00,-39.0,2.0,-35.44438136272388,0.4754759743577277,-2.303544145001933,2.779020119359661,-31.891809651920525,0.5028418599280253,-3.1118190551856224,3.6146609151136477,-35.60120937333065,0.5499167077262435,-2.9893218282158136,3.539238535942057,-33.247985475333294,0.5292788012731049,-2.944013551044966,3.473292352318071,-33.47518278226983,0.48428569893685625,-2.5557215328369915,3.040007231773848,-36.41050290885865,0.55913421253736,-2.9277589543456934,3.4868931668830534,-33.55017331611573,0.5138607581188537,-2.8422869058200244,3.356147663938878,-35.44438136272388,0.4754759743577277,-2.303544145001933,2.779020119359661
2001-10-21 02:00:00,-37.0,3.0,-36.1406816355569,-0.6963002728330197,-3.4492458913599386,2.752945618526919,-32.6320611441699,-0.7402514922493797,-4.325661971542145,3.585410479292765,-36.42233790286479,-0.8211285295341404,-4.327685059591103,3.506556530056963,-34.00220844397529,-0.754222968641999,-4.197194435104228,3.442971466462229,-34.16536708446888,-0.6901843021990475,-3.7032965406799505,3.013112238480903,-37.23789986508068,-0.8273969562220214,-4.281186459715455,3.4537895034934336,-34.30793324808431,-0.7577599319685788,-4.085019412128567,3.327259480159988,-36.1406816355569,-0.6963002728330197,-3.4492458913599386,2.752945618526919
2001-10-21 03:00:00,-34.0,3.0,-36.36965220758817,-0.2289705720312627,-3.0201422102566093,2.7911716382253466,-32.874389472905065,-0.24232832873516186,-3.870840717712109,3.6285123889769473,-36.71470655448393,-0.2923686516191406,-3.8477813504623217,3.555412698843181,-34.25615796441135,-0.2539495204360609,-3.7401685402331095,3.4862190197970486,-34.37905852292042,-0.21369143845153582,-3.2651695321978753,3.0514780937463395,-37.53198907053478,-0.2940892054541018,-3.7969209753431894,3.5028317698890876,-34.5729426320776,-0.26500938399329055,-3.6349122509612393,3.3699028669679487,-36.36965220758817,-0.2289705720312627,-3.0201422102566093,2.7911716382253466
2001-10-21 04:00:00,-31.0,6.0,-34.33419764696291,2.035454560625251,-0.7683448633901232,2.8037994240153745,-30.708950819232836,2.165438653672229,-1.4772395043112467,3.642678157983476,-34.39993517290278,2.314771381581155,-1.2581185027409947,3.5728898843221497,-32.11588116779301,2.1402767966183376,-1.3605645693445896,3.500841365962927,-32.31691977878649,2.0621387441339274,-1.0012672024857459,3.0634059466196732,-35.201592482159604,2.3303965883751756,-1.1899500034453319,3.5203465918205072,-32.46667560800625,2.106267024071349,-1.278613488102374,3.384880512173723,-34.33419764696291,2.035454560625251,-0.7683448633901232,2.8037994240153745
2001-10-21 05:00:00,-25.0,0.0,-32.92310769066684,1.4110899562960735,-1.2814530816655174,2.692543037961591,-29.18382326226828,1.5251275569645573,-1.9919442742058602,3.5170718311704174,-32.78161114473615,1.618324028166633,-1.8173670604743402,3.435691088640973,-30.593469648549345,1.5224115192436678,-1.8561511358813363,3.378562655125004,-30.87331845523992,1.4436013235465714,-1.505671014946889,2.9492723384934605,-33.574396534768766,1.6271959473908362,-1.7555594810987902,3.3827554284896264,-30.971474745059666,1.4952008629465816,-1.771555845456341,3.2667567084029225,-32.92310769066684,1.4110899562960735,-1.2814530816655174,2.692543037961591
2001-10-21 06:00:00,-25.0,-1.0,-32.073026849512566,0.8500808411542706,-1.7666550251069448,2.6167358662612155,-28.244412608247735,0.9394106540205431,-2.490518735341421,3.429929389361964,-31.80106647997048,0.9805446647656666,-2.3608221399625005,3.341366804728167,-29.648810003508217,0.9446596450411278,-2.348247260519306,3.2929069055604336,-29.990177732522604,0.8831407227173165,-1.9875216390760901,2.8706623617934066,-32.58946402679917,0.9849325079695972,-2.303376247853639,3.2883087558232362,-30.04707820485679,0.9243965402028773,-2.2597794344868882,3.1841759746897655,-32.073026849512566,0.8500808411542706,-1.7666550251069448,2.6167358662612155
2001-10-21 07:00:00,-26.0,-1.0,-32.34376385207064,-0.27073700255806843,-2.8423269362095245,2.571589933651456,-28.486814637511813,-0.24240202926407672,-3.619199591616335,3.3767975623522584,-32.10819986030789,-0.3071333803374121,-3.5919877074035917,3.2848543270661796,-29.905131023038678,-0.2563210195304606,-3.4966312797646455,3.240310260234185,-30.23324431711074,-0.24306658458813546,-3.0661618267493442,2.8230952421612088,-32.9072097880194,-0.317745761220233,-3.5495361477009966,3.2317903864807636,-30.309831206168504,-0.26275300131171475,-3.3964029076269235,3.133649906315209,-32.34376385207064,-0.27073700255806843,-2.8423269362095245,2.571589933651456
2001-10-21 08:00:00,-27.0,-2.0,-33.32390810162095,-0.9801442495503134,-3.5660697991732118,2.5859255496228983,-29.47502339351018,-0.9882087559983677,-4.378676555374244,3.3904677993758763,-33.232358288539984,-1.1241584282320933,-4.426662166393219,3.3025037381611253,-30.949166266292067,-1.0440352432533886,-4.298575053938579,3.254539810685191,-31.188972824292573,-0.9557285071818353,-3.7918759991029494,2.836147491921114,-34.05509229897324,-1.1478825109538398,-4.397852565843718,3.2499700548898782,-31.351920431586297,-1.0420892254177936,-4.190059694548845,3.1479704691310513,-33.32390810162095,-0.9801442495503134,-3.5660697991732118,2.5859255496228983
2001-10-21 09:00:00,-29.0,0.0,-33.0817365362537,0.24217156536724938,-2.3959862070441695,2.638157772411419,-29.167878958984094,0.30714443452608586,-3.139339057188848,3.446483491714934,-32.936886761404494,0.2954715271354864,-3.072035237471612,3.367506764607098,-30.6421985538671,0.30696771242496856,-3.005853364437158,3.3128210768621265,-30.915106777495804,0.2738660467967704,-2.6138942767462483,2.8877603235430187,-33.75655469562495,0.29853760334829227,-3.0175328147439666,3.316070418092259,-31.05824828283271,0.29367214875358627,-2.911415766494354,3.2050879152479403,-33.0817365362537,0.24217156536724938,-2.3959862070441695,2.638157772411419
2001-10-21 10:00:00,-29.0,2.0,-32.19656002609884,0.8851765101548612,-1.7400272795272682,2.6252037896821294,-28.179882436007375,0.9879965229767187,-2.44102761773127,3.429024140707989,-31.90432179975109,1.0325649616534038,-2.3177951667351984,3.350360128388602,-29.65079620221063,0.9914023516564723,-2.304229160732227,3.2956315123886992,-29.993758447317482,0.9213483301783219,-1.9515746523715471,2.872922982549869,-32.717937088614825,1.0386176070101247,-2.2601976120276146,3.2988152190377393,-30.087275180221397,0.970973102611314,-2.2179665239076627,3.1889396265189767,-32.19656002609884,0.8851765101548612,-1.7400272795272682,2.6252037896821294
2001-10-21 11:00:00,-27.0,2.0,-31.758943271990518,0.43761675410831957,-2.1405093603072585,2.578126114415578,-27.686396803201074,0.49348563280630087,-2.879677411417228,3.3731630442235288,-31.38639455919184,0.5179272405592514,-2.7728553740296005,3.290782614588852,-29.142129256476792,0.5086669457338369,-2.7317534576099907,3.2404204033438275,-29.53583276772097,0.4579256795965132,-2.3653616222109397,2.823287301807453,-32.19094251534854,0.5269945732662897,-2.7121401963363407,3.2391347696026305,-29.589185326223994,0.49808985399740413,-2.63774875245186,3.1358386064492643,-31.758943271990518,0.43761675410831957,-2.1405093603072585,2.578126114415578
2001-10-21 12:00:00,-25.0,2.0,-31.304702870273523,0.4542404017169934,-2.100768627161294,2.5550090288782874,-27.186602137950285,0.49979466525078875,-2.8456386085491068,3.3454332737998955,-30.851013186269498,0.5353813729223402,-2.7257188661759746,3.261100239098315,-28.621721269412483,0.520407987064309,-2.691865833182232,3.212273820246541,-29.06805408730572,0.46777868041525217,-2.3309997579796904,2.7987784383949426,-31.644930037255236,0.5460124780933033,-2.6630487753058962,3.2090612533991996,-29.077069490411578,0.5121158358124163,-2.5966560156653484,3.1087718514777647,-31.304702870273523,0.4542404017169934,-2.100768627161294,2.5550090288782874
2001-10-21 13:00:00,-23.0,2.0,-32.159902371752764,-0.8551995014792433,-3.3863234169754457,2.5311239154962024,-28.02381515583557,-0.8372130178852859,-4.154678660507476,3.31746564262219,-31.747268489184837,-0.8962553029153377,-4.126814217782702,3.230558914867364,-29.44400693174982,-0.8222856623373351,-4.005890279802815,3.1836046174654795,-29.92090988408425,-0.8528557967785302,-3.6267083422108004,2.7738525454322702,-32.555365582988756,-0.9104355457335176,-4.088485948925586,3.178050403192068,-29.8899164320585,-0.81284694164692,-3.8939121719394048,3.081065230292485,-32.159902371752764,-0.8551995014792433,-3.3863234169754457,2.5311239154962024
2001-10-21 14:00:00,-21.0,-1.0,-31.600660998601132,0.5592413731516332,-2.0169443071615567,2.57618568031319,-27.40816711248085,0.6156480433547218,-2.748732949163018,3.3643809925177397,-31.06428643741079,0.6829820517740477,-2.5987856422059012,3.281767693979949,-28.799777021444118,0.6442299103057008,-2.584733202319847,3.228963112625548,-29.354620540847836,0.5662893432364138,-2.253091848495963,2.8193811917323766,-31.863014426326004,0.6923511566627512,-2.537491333553045,3.229842490215796,-29.251705756580886,0.6382106754776125,-2.486889204500874,3.1250998799784866,-31.600660998601132,0.5592413731516332,-2.0169443071615567,2.57618568031319
2001-10-21 15:00:00,-22.0,13.0,-29.88019700027341,1.7204639983277228,-0.8262094138382122,2.546673412165935,-25.6668089393644,1.74135817311645,-1.5884913703600034,3.3298495434764535,-29.17444659597625,1.8898398414345403,-1.3528682239147882,3.2427080653493285,-27.069407370489643,1.7303696509544773,-1.463029570299179,3.193399221253656,-27.628514318831435,1.7261062220164,-1.0630029747794687,2.7891091967958688,-29.952161861367617,1.910852564958387,-1.279565910684247,3.190418475642634,-27.53611294548903,1.7155928110918555,-1.3749066999284558,3.0904995110203113,-29.88019700027341,1.7204639983277228,-0.8262094138382122,2.546673412165935
2001-10-21 16:00:00,-9.0,-5.0,-31.75874492910891,-1.8785479288355016,-4.335495154669053,2.456947225833552,-27.382339784669796,-1.715530845305394,-4.948672778363594,3.2331419330582003,-30.97685313146121,-1.802406535484959,-4.938253688993898,3.135847153508939,-28.746880841369006,-1.6774734708793617,-4.776324705488165,3.098851234608803,-29.508483003339663,-1.8799686845082264,-4.57781389832005,2.697845213811824,-31.776032793603843,-1.8238709322362263,-4.90673731731508,3.0828663850788534,-29.187262809592966,-1.6511498641039366,-4.649593900352755,2.9984440362488187,-31.75874492910891,-1.8785479288355016,-4.335495154669053,2.456947225833552
2001-10-21 17:00:00,-14.0,-79.0,-57.516099438020106,-25.757354508911195,-28.31235308393903,2.5549985750278355,-47.87731219385227,-20.494972409182473,-23.823377201424265,3.328404792241791,-52.20266759691319,-21.225814465451982,-24.46353911844905,3.2377246529970645,-49.32611730692569,-20.579236465556683,-23.769724369435156,3.190487903878472,-55.2583448948006,-25.74986189146094,-28.547179911018375,2.7973180195574323,-53.05973588497795,-21.283703091374104,-24.469185756929072,3.1854826655549666,-49.491727375201506,-20.30446456560854,-23.391481031079913,3.0870164654713705,-57.516099438020106,-25.757354508911195,-28.31235308393903,2.5549985750278355
2001-10-21 18:00:00,-93.0,-22.0,-96.46192605482712,-38.94582661680701,-43.03872066195084,4.092894045143831,-77.41218369377154,-29.53487149991927,-34.108320530590554,4.5734490306712825,-82.57074138720036,-30.368073790287166,-34.928061430993665,4.559987640706498,-79.25598689773787,-29.929869590812174,-34.35322467812366,4.423355087311483,-94.24127011222151,-38.98292521742091,-43.32397177056536,4.341046553144448,-83.5712199602153,-30.511484075237362,-35.01864122892392,4.507157153686556,-79.06448996442836,-29.572762589226848,-33.854373856831124,4.281611267604278,-96.46192605482712,-38.94582661680701,-43.03872066195084,4.092894045143831
2001-10-21 19:00:00,-115.0,-55.0,-111.65578733747655,-15.193861282649436,-22.29703833282084,7.1031770501714036,-87.4402399388155,-10.028056245043963,-16.742929273736586,6.714873028692623,-92.78153357244963,-10.21079218524927,-17.05527878602909,6.844486600779819,-88.9561333151965,-9.700146417458619,-16.27521495007487,6.575068532616249,-109.58457195040255,-15.343301838181034,-22.664293504996692,7.320991666815659,-93.57634934052659,-10.005129380311292,-16.80605178967633,6.800922409365039,-88.66381161140892,-9.599321646980554,-15.96957258955633,6.370250942575776,-111.65578733747655,-15.193861282649436,-22.29703833282084,7.1031770501714036
2001-10-21 20:00:00,-170.0,-17.0,-149.18206516123286,-37.5262778237563,-46.02744050639275,8.501162682636444,-113.98710510337793,-26.546865164562426,-34.082048844739774,7.5351836801773455,-119.96382866915746,-27.182295096707826,-34.898763403128086,7.7164683064202615,-115.55598823677342,-26.599854921576924,-33.963489676661496,7.363634755084571,-147.14865712873052,-37.564085178327964,-46.27030858869341,8.706223410365446,-120.88809999955916,-27.311750659032576,-34.96719353294997,7.655442873917395,-114.98490506779467,-26.32109345638576,-33.458225056760384,7.137131600374622,-149.18206516123286,-37.5262778237563,-46.02744050639275,8.501162682636444
2001-10-21 21:00:00,-187.0,7.0,-138.0680268016595,11.11403835957335,-1.3776625948818553,12.491700954455204,-106.7009189654993,7.286186137878625,-2.648729373671998,9.934915511550622,-111.92711799578697,8.036710673370496,-2.255839641469664,10.29255031484016,-108.24037869697034,7.31560953980307,-2.439528139535261,9.75513767933833,-136.19891224161086,10.949744887119653,-1.654174244229242,12.603919131348896,-112.77625794888954,8.111842050669626,-2.133611725199752,10.245453775869379,-107.81404702906991,7.170858038724759,-2.2925876905038476,9.463445729228606,-138.0680268016595,11.11403835957335,-1.3776625948818553,12.491700954455204
2001-10-21 22:00:00,-180.0,-4.0,-141.25250260594174,-3.1844758042822416,-14.414522383921668,11.230046579639426,-109.99318887989325,-3.2922699143939553,-12.535566144235286,9.24329622984133,-115.14635668562076,-3.219238689833789,-12.711578497605029,9.49233980777124,-111.31223410300075,-3.071855406030405,-12.135800408753262,9.063945002722857,-139.61845982101573,-3.4195475794048686,-14.8130652679206,11.39351768851573,-115.77025755735694,-2.993999608467403,-12.430867600372828,9.436867991905425,-110.90351843253248,-3.0894714034625608,-11.886672471924308,8.797201068461748,-141.25250260594174,-3.1844758042822416,-14.414522383921668,11.230046579639426
2001-10-21 23:00:00,-184.0,7.0,-162.69705404637773,-21.444551440435998,-33.029232839667436,11.584681399231439,-126.36898392258782,-16.37579504269456,-25.92851027571369,9.552715233019132,-131.94758164293253,-16.801224957311764,-26.61021523630675,9.808990278994987,-127.82870790120825,-16.5164737982075,-25.867560628058296,9.351086829850795,-161.21399111944504,-21.5955312984293,-33.36049091859437,11.764959620165074,-132.33254362847444,-16.562286071117498,-26.293725703741533,9.731439632624035,-127.28509007712012,-16.381571644587645,-25.46283423660202,9.081262592014374,-162.69705404637773,-21.444551440435998,-33.029232839667436,11.584681399231439
2001-10-22 00:00:00,-177.0,4.0,-177.48233571927162,-14.785281672893877,-28.9016659206955,14.116384247801623,-133.23744848138597,-6.868464558798141,-18.035917533462037,11.167452974663895,-138.70414237528422,-6.756560732351678,-18.302461983132538,11.54590125078086,-134.24469705945083,-6.415989158242592,-17.38771327454083,10.971724116298237,-176.1237061781806,-14.909715058735584,-29.158073990804517,14.248358932068934,-138.97260051790795,-6.640056889433499,-18.082805081311367,11.442748191877868,-133.67624713308848,-6.391157055968373,-17.054040515960065,10.662883459991692,-177.48233571927162,-14.785281672893877,-28.9016659206955,14.116384247801623
2001-10-22 01:00:00,-173.0,5.0,-162.9649410811817,14.517394638089906,-1.4901125558721469,16.007507193962052,-124.22014244296665,9.017306038419328,-2.8649285474390687,11.882234585858397,-128.8598217328736,9.844320642410619,-2.4399696894407867,12.284290331851405,-125.24716336072521,8.997533698725626,-2.6386515280518696,11.636185226777496,-161.88055556714005,14.24315061104055,-1.8584275259485723,16.101578136989122,-129.11262540388833,9.859975114019626,-2.307765074618168,12.167740188637794,-124.84160980427822,8.834637328810256,-2.479717251342428,11.314354580152685,-162.9649410811817,14.517394638089906,-1.4901125558721469,16.007507193962052
2001-10-22 02:00:00,-168.0,10.0,-151.7392777417133,11.225663339468422,-2.923928127018501,14.149591466486923,-117.13807064976025,7.082071793206394,-3.8663105614536057,10.94838235466,-121.12508440198108,7.734737330892512,-3.4813377871906797,11.216075118083191,-118.11426250917835,7.13290085154687,-3.5769808003964134,10.709881651943283,-150.9190550681992,10.96150049894083,-3.3672910913661367,14.328791590306965,-121.37118705709673,7.741438346791597,-3.357761324015309,11.099199670806906,-117.82988847781006,7.011721326468164,-3.4071944831657284,10.418915809633893,-151.7392777417133,11.225663339468422,-2.923928127018501,14.149591466486923
2001-10-22 03:00:00,-158.0,-6.0,-145.54418303946665,6.195094702246661,-6.596401042914908,12.79149574516157,-113.42723126667684,3.7108393830834165,-6.53089996345959,10.241739346543007,-117.00757791176491,4.1175064902161775,-6.293346597527959,10.410853087744137,-114.23216486387744,3.8820976453009033,-6.120743728550264,10.002841373851167,-144.92086944537422,5.998185622825003,-7.036658451202498,13.0348440740275,-117.26073695931014,4.1104500977865905,-6.184206113984497,10.294656211771088,-114.02145403343633,3.8084344443737255,-5.926076166067364,9.73451061044109,-145.54418303946665,6.195094702246661,-6.596401042914908,12.79149574516157
2001-10-22 04:00:00,-164.0,4.0,-144.0101196048768,1.5340634345898607,-10.537276268344247,12.071339702934107,-112.785970600414,0.6412606662628306,-9.239625586984472,9.880886253247303,-116.17795785049803,0.8296200612668763,-9.16481359678174,9.994433658048615,-113.37215948993038,0.8600053739470646,-8.768173037908516,9.62817841185558,-143.53052993480253,1.3903395105716996,-10.962366412662307,12.352705923234007,-116.44890325426292,0.8118337050472277,-9.067938051143022,9.87977175619025,-113.19544347437261,0.8260105590637252,-8.54650685621304,9.372517415276766,-144.0101196048768,1.5340634345898607,-10.537276268344247,12.071339702934107
2001-10-22 05:00:00,-160.0,4.0,-133.5592952087112,10.450824396165583,-1.4454091791959824,11.896233575361565,-105.74576734031854,7.040203260095467,-2.778980691015897,9.819183951111365,-108.63316876909144,7.54478908140659,-2.366770598757563,9.911559680164153,-106.38550497828234,6.986654511648038,-2.5594919822103135,9.546146493858352,-133.21696871618795,10.313561218614577,-1.883646665304016,12.197207883918594,-108.88859622373481,7.560307030528107,-2.238532122379623,9.79883915290773,-106.30585930035645,6.889584174016158,-2.4053257338021554,9.294909907818313,-133.5592952087112,10.450824396165583,-1.4454091791959824,11.896233575361565
2001-10-22 06:00:00,-156.0,1.0,-124.25705479476139,9.302240413949816,-1.4351256179945295,10.737366031944346,-99.35049553199272,6.39527180832582,-2.7592092529864147,9.154481061312234,-101.80938253905175,6.8237862300396825,-2.349931885781033,9.173718115820716,-100.03405836429198,6.351446613990355,-2.5412821266050454,8.8927287405954,-124.01867456373728,9.198294152450678,-1.8761786210398126,11.074472773490491,-102.05007495958938,6.83852126414542,-2.222605779574249,9.061127043719669,-100.03390178770101,6.271957512655431,-2.3882127150466332,8.660170227702064,-124.25705479476139,9.302240413949816,-1.4351256179945295,10.737366031944346
2001-10-22 07:00:00,-155.0,13.0,-119.571497633986,4.685557160775394,-5.070249875780929,9.755807036556323,-96.40429342078372,2.946202111209005,-5.624658038755594,8.570860149964599,-98.65873504884951,3.1506474902022497,-5.380315082678056,8.530962572880306,-96.98009678959632,3.0539615746956636,-5.264855750989947,8.318817325685611,-119.39612502987245,4.622549533864821,-5.496319575458988,10.118869109323809,-98.90056685653683,3.149508103052548,-5.26920101779439,8.418709120846938,-97.01966917724874,3.0142326104522716,-5.087618007740218,8.10185061819249,-119.571497633986,4.685557160775394,-5.070249875780929,9.755807036556323
2001-10-22 08:00:00,-142.0,11.0,-114.6743780151634,4.897119618822598,-4.382088876290434,9.279208495113032,-93.17687823316602,3.227415187617699,-5.081047076133475,8.308462263751174,-95.2331520026366,3.425583046212907,-4.816486241050574,8.242069287263481,-93.6759555832532,3.304141206343121,-4.7455375539530005,8.049678760296121,-114.5422946077619,4.853830422110549,-4.80108162719243,9.654912049302979,-95.47563722958283,3.4249296269539915,-4.705854887026952,8.130784513980943,-93.75532310422635,3.264346073022393,-4.575800558808122,7.840146631830515,-114.6743780151634,4.897119618822598,-4.382088876290434,9.279208495113032
2001-10-22 09:00:00,-131.0,-11.0,-108.7683195371243,5.906058478039096,-2.8877875167744254,8.793845994813521,-88.97537440464832,4.201503828517697,-3.8241968409257643,8.025700669443461,-90.81622900461096,4.4169229980256395,-3.5166897288631196,7.933612726888759,-89.46372970786935,4.212225875383847,-3.551250836397166,7.7634767117810135,-108.64830667149477,5.893987936267134,-3.28547196601601,9.179459902283144,-91.06150659978411,4.4141306297987235,-3.409236458268933,7.8233670880676565,-89.593037742539,4.1622853616873545,-3.399287718892438,7.561573080579793,-108.7683195371243,5.906058478039096,-2.8877875167744254,8.793845994813521
2001-10-22 10:00:00,-142.0,1.0,-120.78311179257928,-12.014792255454976,-20.24062068469269,8.225828429237714,-99.48962104057658,-10.514246635928261,-18.179177910550056,7.664931274621795,-101.98477634271948,-11.16854733810853,-18.713120733705424,7.544573395596894,-100.28388464757525,-10.820154939705898,-18.226283683850426,7.406128744144528,-120.59850328167803,-11.950196610183266,-20.568455226015562,8.618258615832296,-102.43921165036005,-11.377705050575942,-18.813603007045838,7.435897956469896,-100.30256147999994,-10.709523737460945,-17.92320352992019,7.213679792459247,-120.78311179257928,-12.014792255454976,-20.24062068469269,8.225828429237714
2001-10-22 11:00:00,-141.0,5.0,-120.89497579572507,-0.11186400314579714,-9.513169591175249,9.401305588029452,-100.81521478575964,-1.325593745183058,-9.90894570991775,8.583351964734693,-103.47228156488438,-1.4875052221649039,-10.034696453164017,8.547191230999113,-101.55249826439041,-1.2686136168151645,-9.609643378493193,8.341029761678028,-120.74188690747289,-0.14338362579485597,-9.917928575120618,9.774544949325762,-103.92826527624675,-1.4890536258867009,-9.943684919760605,8.454631293873904,-101.57935385969044,-1.2767923796905105,-9.402177310003324,8.125384930312814,-120.89497579572507,-0.11186400314579714,-9.513169591175249,9.401305588029452
2001-10-22 12:00:00,-136.0,-8.0,-125.7746378735,-4.8796620777749204,-14.29228069540679,9.41261861763187,-106.19901983600617,-5.383805050246531,-14.08663580453186,8.702830754285328,-109.26527263745754,-5.792991072573155,-14.478436660345965,8.68544558777281,-107.1123270039822,-5.559828739591794,-14.014109900843987,8.454281161252194,-125.64782817824637,-4.905941270773479,-14.694801604030877,9.788860333257398,-109.77331915735527,-5.845053881108523,-14.437849628513106,8.592795747404583,-107.10380660340812,-5.5244527437176725,-13.762149921829431,8.237697178111759,-125.7746378735,-4.8796620777749204,-14.29228069540679,9.41261861763187
2001-10-22 13:00:00,-144.0,15.0,-130.07277700315785,-4.29813912965785,-14.210868200585498,9.912729070927648,-111.18773233506472,-4.988712499058545,-14.185285975330197,9.196573476271652,-114.63201651189752,-5.366743874439981,-14.60118327782959,9.234439403389608,-112.32769350261098,-5.2153664986287875,-14.174990862592198,8.95962436396341,-129.97410687775678,-4.326278699510423,-14.611257788427066,10.284979088916643,-115.18265293131238,-5.4093337739570995,-14.555298056013116,9.145964282056017,-112.29509002969971,-5.191283426291589,-13.92381950825074,8.73253608195915,-130.07277700315785,-4.29813912965785,-14.210868200585498,9.912729070927648
2001-10-22 14:00:00,-129.0,-12.0,-136.7312609266733,-6.65848392351543,-17.02244616333829,10.363962239822861,-117.82892697026092,-6.641194635196204,-16.307436664208552,9.666242029012349,-121.68859037590653,-7.056573864009016,-16.814623947982053,9.758050083973037,-119.31098252973672,-6.983289027125734,-16.4302806989098,9.446991671784067,-136.63771425147493,-6.663607373718152,-17.396261635891726,10.732654262173574,-122.35034972278112,-7.167696791468735,-16.84096651027155,9.673269718802814,-119.23846642774842,-6.943376398048718,-16.1540614508449,9.210685052796181,-136.7312609266733,-6.65848392351543,-17.02244616333829,10.363962239822861
2001-10-22 15:00:00,-141.0,2.0,-142.78206637177195,-6.050805445098666,-17.133627695503076,11.08282225040441,-123.63707257442192,-5.808145604160991,-16.11778045022329,10.309634846062298,-127.81833372918224,-6.129743353275712,-16.598247146075234,10.468503792799522,-125.34329077945534,-6.0323082497186284,-16.152087619794074,10.119779370075445,-142.70168233287654,-6.063968081401603,-17.504816597754896,11.440848516353293,-128.53553967022236,-6.185189947441241,-16.5799354639885,10.39474551654726,-125.24440612508103,-6.005939697332613,-15.876073703656896,9.870134006324284,-142.78206637177195,-6.050805445098666,-17.133627695503076,11.08282225040441
2001-10-22 16:00:00,-139.0,-6.0,-145.27760905440817,-2.4955426826362164,-14.252521747673038,11.756979065036822,-126.04050591713465,-2.4034333427127237,-13.292747050539534,10.88931370782681,-130.33395828041063,-2.5156245512283846,-13.621528679042374,11.10590412781399,-127.74704887848631,-2.4037580990309593,-13.123333136883902,10.719575037852943,-145.20499584457087,-2.503313511694337,-14.608290206974184,12.104976695279847,-131.00623816656844,-2.470698496346065,-13.508879435988106,11.038180939642041,-127.66370089255699,-2.4192947674759555,-12.878233155657174,10.458938388181219,-145.27760905440817,-2.4955426826362164,-14.252521747673038,11.756979065036822
2001-10-22 17:00:00,-145.0,10.0,-149.63469029668687,-4.357081242278701,-16.397900938721573,12.040819696442872,-129.48557408492795,-3.4450681677932877,-14.578892877857983,11.133824710064696,-133.91379143516303,-3.5798331547524054,-14.952775318714528,11.372942163962122,-131.20193858275763,-3.4548897042713307,-14.418282826914835,10.963393122643504,-149.52869080136844,-4.323694956797553,-16.708299285924497,12.384604329126944,-134.61332726361465,-3.6070890970462077,-14.907693198824957,11.300604101778749,-131.1190225025586,-3.4553216100016257,-14.156259844768698,10.700938234767072,-149.63469029668687,-4.357081242278701,-16.397900938721573,12.040819696442872
2001-10-22 18:00:00,-135.0,-17.0,-154.92011365564176,-5.2854233589548905,-17.829928891864515,12.544505532909625,-134.73081833976826,-5.245244254840308,-16.73428425004217,11.48903999520186,-139.4041769859446,-5.4903855507815535,-17.248802734848176,11.758417184066623,-136.72874092151946,-5.526802338761813,-16.84543424146168,11.318631902699865,-154.83039355970723,-5.30170275833879,-18.176796795700234,12.875094037361444,-140.19018100088925,-5.57685373727459,-17.266117729086645,11.689263991812055,-136.6308429907371,-5.511820488178508,-16.56319084083336,11.051370352654853,-154.92011365564176,-5.2854233589548905,-17.829928891864515,12.544505532909625
2001-10-22 19:00:00,-152.0,-2.0,-156.03667257160788,-1.1165589159661113,-14.285920973103643,13.169362057137532,-135.67606867703947,-0.9452503372712098,-12.985829994018667,12.040579656747457,-140.34312164784208,-0.9389446618974944,-13.301046460542235,12.36210179864474,-137.63901709614913,-0.9102761746296615,-12.808962469975521,11.89868629534586,-155.93086501020372,-1.100471450496487,-14.590003301532597,13.48953185103611,-141.108254577371,-0.9180735764817598,-13.221170716108263,12.303097139626503,-137.57646473414775,-0.9456217434106495,-12.567676588362529,11.62205484495188,-156.03667257160788,-1.1165589159661113,-14.285920973103643,13.169362057137532
2001-10-22 20:00:00,-154.0,-5.0,-143.90658330924012,12.13008926236776,-1.173218259933229,13.303307522300988,-125.79037998722137,9.885688689818094,-2.2556594614372814,12.141348151255375,-129.79734124872235,10.545780399119746,-1.9210743390186937,12.466854738138439,-127.72090797062641,9.918109125522713,-2.0775035698556894,11.995612695378403,-143.7670833388106,12.16378167139311,-1.4550835837983431,13.618865255191453,-130.51958617616285,10.588668401208166,-1.8169849750668852,12.405653376275051,-127.80742704337476,9.769037690772997,-1.9523689987590371,11.721406689532033,-143.90658330924012,12.13008926236776,-1.173218259933229,13.303307522300988
2001-10-22 21:00:00,-159.0,4.0,-146.6226271727515,-2.716043863511379,-14.600505343485267,11.884461479973888,-127.3332319007065,-1.5428519134851229,-12.651103738784608,11.108251825299485,-131.39099336252383,-1.5936521138014843,-12.90936524060065,11.315713126799166,-129.14215159042814,-1.4212436198017233,-12.381970470739695,10.960726850937972,-146.4376808498638,-2.670597511053188,-14.894192415295558,12.22359490424237,-132.15088263156974,-1.631296455406897,-12.879967410344975,11.248670954938078,-129.232376545811,-1.4249495024362577,-12.14035163152778,10.715402129091522,-146.6226271727515,-2.716043863511379,-14.600505343485267,11.884461479973888
2001-10-22 22:00:00,-155.0,1.0,-136.76254327129536,9.86008390145614,-2.33512094168519,12.19520484314133,-119.33010459452865,8.003127306177838,-3.2633344289584403,11.266461735136279,-122.87723421786951,8.513759144654315,-2.972335737334653,11.486094881988969,-121.06373607966907,8.07841551075908,-3.027743128416152,11.10615863917523,-136.6073474619049,9.830333387958877,-2.6931388086015007,12.523472196560377,-123.60399552934629,8.546887102223446,-2.876339434171133,11.423226536394578,-121.26421402485211,7.968162520958892,-2.8911680453330257,10.859330566291918,-136.76254327129536,9.86008390145614,-2.33512094168519,12.19520484314133
2001-10-22 23:00:00,-154.0,-11.0,-135.34234556840784,1.4201977028875223,-9.666058719243548,11.08625642213107,-118.3900834414221,0.940021153106537,-9.517918632306962,10.4579397854135,-121.92053302589684,0.9567011919726767,-9.633931418103096,10.590632610075772,-120.00148497009914,1.0622511095699352,-9.230025842158142,10.292276951728077,-135.19417608108625,1.4131713808186461,-10.024398500142622,11.437569880961268,-122.70375521066109,0.9002403186852135,-9.623358804886205,10.523599123571419,-120.22605289327598,1.0381611315761372,-9.028664720424395,10.066825852000532,-135.34234556840784,1.4201977028875223,-9.666058719243548,11.08625642213107
2001-10-23 00:00:00,-165.0,33.0,-125.59487470086154,9.747470867546294,-1.183412592837923,10.930883460384218,-110.30039390141845,8.089689540003665,-2.2752593468591322,10.364948886862797,-113.36602053717667,8.55451248872018,-1.937766946025796,10.492279434745976,-111.90947911380796,8.092005856291177,-2.095555422375445,10.187561278666623,-125.45279108987653,9.741384991209724,-1.5441275914913748,11.285512582701099,-114.10553904771264,8.598216162948443,-1.8327731283468325,10.430989291295276,-112.22960420994993,7.996448683326045,-1.969333531451604,9.965782214777649,-125.59487470086154,9.747470867546294,-1.183412592837923,10.930883460384218
2001-10-23 01:00:00,-132.0,8.0,-116.87765329034099,8.717221410520557,-1.1768543130261506,9.894075723546708,-102.98119686080582,7.319197040612621,-2.262650230198248,9.581847270810869,-105.659817777212,7.706202759964665,-1.927028157272868,9.633230917237533,-104.58598706522532,7.323492048582635,-2.0839421955903066,9.407434244172942,-116.7115783124244,8.741212777452134,-1.5238088950219446,10.265021672474079,-106.3610616191048,7.744477428607832,-1.8226161982280042,9.567093626835836,-104.9834499733265,7.246154236623419,-1.9584198058244384,9.204574042447858,-116.87765329034099,8.717221410520557,-1.1768543130261506,9.894075723546708
2001-10-23 02:00:00,-124.0,-6.0,-111.16664137995423,5.711011910386762,-3.299591457476283,9.010603367863045,-98.00999572805402,4.971201132751796,-3.9286316345111536,8.89983276726295,-100.46082954274999,5.198988234462011,-3.691790274546012,8.890778509008022,-99.52661050457675,5.059376560648573,-3.6688058220595905,8.728182382708164,-110.95014833303522,5.761429979389179,-3.6290363473935163,9.390466326782695,-101.15441303128948,5.206648587815317,-3.614287715556407,8.820936303371724,-99.97143285452836,5.012017118798139,-3.528886761980755,8.540903880778894,-111.16664137995423,5.711011910386762,-3.299591457476283,9.010603367863045
2001-10-23 03:00:00,-130.0,5.0,-106.4375568739849,4.72908450596932,-3.7251168342831797,8.4542013402525,-94.15695167530205,3.853044052751973,-4.597921244218461,8.450965296970434,-96.45981202795562,4.001017514794375,-4.405682642921137,8.406700157715512,-95.57120116554297,3.9554093390337846,-4.318381194920781,8.273790533954566,-106.20060304147916,4.749545291556068,-4.085778716317694,8.835324007873762,-97.15493252044432,3.9994805108451628,-4.336838418550426,8.336318929395588,-96.04730871046756,3.924124144060797,-4.172259150828336,8.096383294889133,-106.4375568739849,4.72908450596932,-3.7251168342831797,8.4542013402525
2001-10-23 04:00:00,-125.0,0.0,-103.90334251645281,2.5342143575320897,-5.4726702859442735,8.006884643476363,-92.48772821715579,1.6692234581462637,-6.44182623432621,8.111049692472474,-94.81799201911247,1.64182000884316,-6.4015712135329395,8.0433912223761,-93.80603880136486,1.7651623641781118,-6.161845473608168,7.92700783778628,-103.65110522364647,2.5494978178326857,-5.84090222876967,8.390400046602355,-95.54091060119129,1.6140219192530374,-6.3593363899547075,7.973358309207745,-94.29127493655035,1.756033773917209,-6.0006063841913555,7.756640158108564,-103.90334251645281,2.5342143575320897,-5.4726702859442735,8.006884643476363
2001-10-23 05:00:00,-125.0,-2.0,-99.89326980466456,4.010072711788251,-3.762107732234438,7.7721804440226885,-89.12717761525646,3.3605506018993356,-4.605406223247803,7.965956825147138,-91.38621804413422,3.4317739749782428,-4.464855344563238,7.896629319541481,-90.3832268565821,3.4228119447827705,-4.351834509917266,7.7746464547000365,-99.58529488222861,4.065810341417865,-4.0905007805617535,8.156311121979618,-92.1109963934652,3.4299142077260845,-4.399256361092437,7.829170568818522,-90.8985548289917,3.3927201075586515,-4.214244414022378,7.6069645215810295,-99.89326980466456,4.010072711788251,-3.762107732234438,7.7721804440226885
2001-10-23 06:00:00,-127.0,8.0,-93.64390832543174,6.249361479232814,-1.1585625121905943,7.407923991423408,-83.67683789867306,5.450339716583402,-2.2274819456338757,7.677821662217278,-85.68906646694496,5.697151577189254,-1.8970764335402117,7.5942280107294655,-84.95136163464795,5.431865221934139,-2.0515515630603285,7.483416784994467,-93.31884751133195,6.266447370896662,-1.5234027528538525,7.789850123750514,-86.37815401858641,5.732842374878792,-1.7942873455156254,7.527129720394417,-85.50461893135055,5.393935897641153,-1.9279801629187379,7.321916060559891,-93.64390832543174,6.249361479232814,-1.1585625121905943,7.407923991423408
2001-10-23 07:00:00,-119.0,4.0,-87.93753296227716,5.706375363154578,-1.151312713078941,6.857688076233519,-78.66858973614313,5.00824816252992,-2.213543296263851,7.221791458793771,-80.46902982695893,5.220036639986029,-1.8852053235242199,7.105241963510249,-79.95741711267927,4.993944521968684,-2.0387138123624715,7.032658334331156,-87.59157632292717,5.727271188404789,-1.5142642516388425,7.241535440043631,-81.12565783195578,5.25249618663063,-1.7830594465747436,7.035555633205373,-80.54059843954238,4.964020491808177,-1.9159156703036737,6.879936162111851,-87.93753296227716,5.706375363154578,-1.151312713078941,6.857688076233519
2001-10-23 08:00:00,-115.0,7.0,-82.7059177178303,5.231615244446863,-1.1421891197353524,6.373804364182216,-74.04953246666327,4.61905726947987,-2.196002042133572,6.815059311613442,-75.6678051495547,4.801224677404235,-1.8702659881502481,6.671490665554484,-75.34938187341116,4.608035239268109,-2.0225579968688603,6.63059323613697,-82.3334166037665,5.258159719160668,-1.4997388401900296,6.757898559350697,-76.29484727222277,4.8308105597330115,-1.7689295675999108,6.599740127332923,-75.95599067736407,4.5846077621783055,-1.900732970366562,6.485340732544867,-82.7059177178303,5.231615244446863,-1.1421891197353524,6.373804364182216
2001-10-23 09:00:00,-108.0,5.0,-77.88439446774292,4.8215232500873855,-1.124209617938452,5.9457328680258374,-69.7605828586717,4.288949607991571,-2.1614341916959097,6.450383799687481,-71.22403104455474,4.443774104999958,-1.8408256353105887,6.284599740310547,-71.07000670625887,4.279375167152292,-1.9907203751381748,6.270095542290467,-77.47563721029367,4.857779393472828,-1.4708119782326383,6.328591371705467,-71.82471826567925,4.470129006543516,-1.741084378226524,6.21121338477004,-71.69554783764995,4.260442839714116,-1.8708130286812028,6.131255868395319,-77.88439446774292,4.8215232500873855,-1.124209617938452,5.9457328680258374
2001-10-23 10:00:00,-103.0,3.0,-73.42663429300941,4.457760174733515,-1.106631643476966,5.564391818210481,-65.76747306512128,3.993109793550416,-2.127638327992586,6.120748121543002,-67.09926367550007,4.1247673690546645,-1.812042759333353,5.936810128388018,-67.0852673416546,3.9847393646042595,-1.9595937672922932,5.944333131896553,-72.9801567947136,4.4954804155800785,-1.449012378340159,5.944492793920237,-67.6763854548409,4.148332810838361,-1.713861041717555,5.862193852555916,-67.72599172577692,3.9695561118730387,-1.8415612742791394,5.811117386152178,-73.42663429300941,4.457760174733515,-1.106631643476966,5.564391818210481
2001-10-23 11:00:00,-100.0,0.0,-69.53848819019743,3.888146102811983,-1.3349186311838794,5.223064733995862,-62.283841499680975,3.4836315654403074,-2.337989400365531,5.821620965805838,-63.509615625027834,3.589648050472234,-2.0331981046703893,5.622846155142623,-63.59380409233467,3.491463249319926,-2.15734916401846,5.648812413338386,-69.05291439729892,3.927242397414677,-1.6725103741195213,5.599752771534198,-64.06709674033445,3.609288714506451,-1.9380389097833493,5.5473276242898,-64.2428316745241,3.4831600512528214,-2.0374010943500664,5.520561145602888,-69.53848819019743,3.888146102811983,-1.3349186311838794,5.223064733995862
2001-10-23 12:00:00,-100.0,7.0,-65.70001651929958,3.8384716708978432,-1.0957011771240117,4.934172848021855,-58.82368496542661,3.4601565342543696,-2.1066231335577785,5.566779667812148,-59.947205686416396,3.562409938611439,-1.794144778078473,5.356554716689912,-60.13797484980987,3.455829242524801,-1.9402383893170625,5.396067631841864,-65.18510230308136,3.8678120942175536,-1.439203500943642,5.307015595161196,-60.48358336996043,3.583513370374019,-1.696932824852841,5.28044619522686,-60.79445839471787,3.4483732798062268,-1.8233717315671965,5.271745011373423,-65.70001651929958,3.8384716708978432,-1.0957011771240117,4.934172848021855
2001-10-23 13:00:00,-93.0,8.0,-64.8816410813092,0.8183754379903809,-3.8386578623322074,4.657033300322588,-58.43851775381134,0.3851672116152649,-4.934134294781666,5.319301506396931,-59.68523073022616,0.2619749561902367,-4.836695106528406,5.098670062718643,-59.67690152851876,0.46107332129111,-4.690525224903867,5.151598546194977,-64.34008106673956,0.8450212363418013,-4.181368111996952,5.026389348338753,-60.246649014294405,0.2369343556660244,-4.785045062527055,5.021979418193079,-60.31591051027765,0.478547884440224,-4.552517497785546,5.03106538222577,-64.8816410813092,0.8183754379903809,-3.8386578623322074,4.657033300322588
2001-10-23 14:00:00,-85.0,2.0,-61.31045744757867,3.571183633730524,-1.0277984432905565,4.5989820770210805,-55.122487838125394,3.316029915685942,-1.9760715991505253,5.292101514836467,-56.28823217873319,3.396998551492973,-1.6829581353440755,5.079956686837049,-56.37748936975305,3.299412158765711,-1.8199980412423635,5.119410200008074,-60.7266078554914,3.613473211248154,-1.3526208164810374,4.966094027729191,-56.833300893942834,3.413348120351568,-1.5917705960034743,5.005118716355042,-57.028174947517186,3.2877355627604636,-1.7103738376587183,4.998109400419182,-61.31045744757867,3.571183633730524,-1.0277984432905565,4.5989820770210805
2001-10-23 15:00:00,-83.0,2.0,-57.98315854806578,3.3272988995128907,-1.0226232020785455,4.349922101591436,-52.02779743868128,3.094690399444109,-1.9661215479079226,5.060811947352032,-53.1222981844971,3.165933994236091,-1.6744839891172751,4.840417983353366,-53.29630713047233,3.081182239280718,-1.8108338622826625,4.892016101563381,-57.359128510649114,3.3674793448422884,-1.3448846649069266,4.712364009749215,-53.651691881033045,3.181609012909787,-1.5837556035287526,4.765364616438539,-53.95531472626433,3.0728602212528626,-1.7017616460073492,4.774621867260212,-57.98315854806578,3.3272988995128907,-1.0226232020785455,4.349922101591436
2001-10-23 16:00:00,-81.0,4.0,-54.864093769802274,3.119064778263505,-1.0050452276170596,4.124110005880564,-49.11050066907009,2.9172967696111884,-1.9323256842045995,4.849622453815788,-50.1456186078482,2.9766795766488965,-1.6457011131400394,4.622380689788936,-50.39168768847193,2.9046194420003975,-1.7797072544367811,4.684326696437179,-54.20082810138416,3.1583004092649567,-1.3235956921308472,4.481896101395804,-50.66103778820528,2.9906540928277643,-1.5565322670197836,4.547186359847548,-51.0574625887459,2.8978521375184294,-1.6725098916052858,4.570362029123715,-54.864093769802274,3.119064778263505,-1.0050452276170596,4.124110005880564
2001-10-23 17:00:00,-77.0,4.0,-51.94638081464382,2.917712955158456,-1.0001822854437044,3.9178952406021605,-46.378816674374804,2.7316839946952847,-1.9229760670887053,4.65466006178399,-47.36139661829127,2.784221989556923,-1.6377383378062358,4.421960327363159,-47.670120107598855,2.7215675808730797,-1.7710960862763725,4.492663667149452,-51.24735082133598,2.953477280048184,-1.3175176853787967,4.270994965426981,-47.863274690351396,2.7977630978538794,-1.5490009378840537,4.346764035737933,-48.340053655485725,2.717408933260171,-1.6644174011742583,4.38182633443443,-51.94638081464382,2.917712955158456,-1.0001822854437044,3.9178952406021605
2001-10-23 18:00:00,-73.0,0.0,-49.2045585401029,2.741822274540912,-0.9879580087877472,3.7297802833286595,-43.802561817777836,2.5762548565969654,-1.8994733598432472,4.475728216440213,-44.74059995364219,2.620796664649088,-1.6177218199946557,4.238518484643744,-45.10285748866037,2.5672626189384866,-1.7494496635612162,4.316712282499703,-48.46964202436454,2.7777087969714396,-1.3006611469636515,4.078369943935091,-45.22998571329822,2.6332889770531733,-1.5300689729006591,4.1633579499538325,-45.775490250737754,2.564563404747973,-1.6440748105494731,4.208638215297446,-49.2045585401029,2.741822274540912,-0.9879580087877472,3.7297802833286595
2001-10-23 19:00:00,-73.0,-3.0,-46.631701690505686,2.5728568495972173,-0.984366569843205,3.5572234194404224,-41.38493953106157,2.4176222867162678,-1.892568367386096,4.310190654102364,-42.28304633412958,2.457553619512609,-1.611841054725195,4.069394674237804,-42.691989294408934,2.4108681942514343,-1.7430900393693547,4.153958233620789,-45.86656223406692,2.603079790297619,-1.2981843873204357,3.9012641776180548,-42.76014729115319,2.469838422145032,-1.524506844502253,3.9943452666472847,-43.36519430011728,2.410295950620469,-1.638098246515549,4.048394197136018,-46.631701690505686,2.5728568495972173,-0.984366569843205,3.5572234194404224
2001-10-23 20:00:00,-76.0,1.0,-44.229989226353375,2.401712464152309,-0.9973046728732328,3.3990171370255418,-39.14469995533764,2.2402395757239297,-1.917443495492603,4.157683071216533,-40.002139401302166,2.2809069328274125,-1.6330264202921958,3.9139333531196083,-40.454023380246156,2.2379659141627792,-1.7660004867686077,4.003966400931387,-43.441844865663185,2.4247173684037366,-1.3141436661818333,3.73886103458557,-40.46568557166059,2.294461719492597,-1.5445443256890574,3.8390060451816543,-41.12419846659832,2.24099583351896,-1.6596287256439712,3.900624559162931,-44.229989226353375,2.401712464152309,-0.9973046728732328,3.3990171370255418
2001-10-23 21:00:00,-75.0,2.0,-41.942708810563744,2.2872804157896285,-0.9673016580880824,3.2545820738777107,-36.985641820063336,2.1590581352743055,-1.8597589311766518,4.018817066450957,-37.813682230187744,2.188457171114421,-1.5838982880721681,3.772355459186589,-38.299695285127854,2.1543280951183,-1.712871949265168,3.867200044383468,-41.1276269213923,2.3142179442708883,-1.2764735577144732,3.590691501985362,-38.26630622948327,2.1993793421773242,-1.4980780977644852,3.6974574399418096,-38.968199882141455,2.1559985844568663,-1.6097002869754746,3.765698871432341,-41.942708810563744,2.2872804157896285,-0.9673016580880824,3.2545820738777107
2001-10-23 22:00:00,-73.0,-1.0,-39.806172219713126,2.136536590850615,-0.983407365653048,3.119943956503663,-34.98915078106127,1.9964910390020643,-1.8907241768540624,3.8872152158561266,-35.78498504219763,2.0286971879901152,-1.6102704155538485,3.6389676035439638,-36.30329682573654,1.9963984593913184,-1.7413915062000997,3.737789965591418,-38.972684273773645,2.154942647618652,-1.2971256591179814,3.4520683067366336,-36.225057144425904,2.0412490850573652,-1.5230213071039211,3.5642703921612866,-36.966569767677846,2.0016301144636115,-1.6365020213387866,3.6381321358023984,-39.806172219713126,2.136536590850615,-0.983407365653048,3.119943956503663
2001-10-23 23:00:00,-74.0,2.0,-37.79662352178303,2.0095486979300925,-0.9871995682652974,2.99674826619539,-33.119694025419626,1.869456755641642,-1.898015162678383,3.767471918320025,-33.88400335664387,1.9009816855537591,-1.6164799192545212,3.5174616048082803,-34.431570758853624,1.871726066882914,-1.7481066373343634,3.6198327042172775,-36.949760789280234,2.0229234844934103,-1.3025158690883731,3.325439353581783,-34.31110649260743,1.9139506518184743,-1.528894361934536,3.4428450137530104,-35.08771565481705,1.8788541128607945,-1.6428126790143587,3.521666791875153,-37.79662352178303,2.0095486979300925,-0.9871995682652974,2.99674826619539
2001-10-24 00:00:00,-72.0,6.0,-35.87440581306431,1.9222177087187284,-0.9609218348698274,2.883139543588556,-31.31014092891529,1.809553096504337,-1.8474929197310292,3.657046016235366,-32.05197770949726,1.8320256471466143,-1.573451711258095,3.4054773584047093,-32.62218603025938,1.809384728594249,-1.7015747286510536,3.5109594572453027,-35.01000940536348,1.9397513839167486,-1.2689698508915461,3.2087212348082947,-32.468400385550794,1.842706107056636,-1.4881975466965092,3.330903653753145,-33.272730125608135,1.8149855292089214,-1.5990835334742182,3.4140690626831396,-35.87440581306431,1.9222177087187284,-0.9609218348698274,2.883139543588556
2001-10-24 01:00:00,-66.0,7.0,-34.02985076297307,1.8445550500912362,-0.9319672525715933,2.7765223026628294,-29.550242128701754,1.7598988002135334,-1.7918240985547436,3.551722898768277,-30.278748635682927,1.773229073814332,-1.5260403241788418,3.2992693979931738,-30.865196072684707,1.7569899575746695,-1.6503027274023812,3.4072926849770506,-33.137548914828635,1.8724604905348476,-1.2262997128646917,3.0987602033995394,-30.686878227154125,1.781522158396668,-1.4433550456956952,3.2248772040923632,-31.511915822195736,1.7608143034124002,-1.5508998060454389,3.311714109457839,-34.02985076297307,1.8445550500912362,-0.9319672525715933,2.7765223026628294
2001-10-24 02:00:00,-59.0,2.0,-32.31003149582189,1.719819267151177,-0.9562819634383692,2.676101230589546,-27.938048320989918,1.612193807711835,-1.838572184134213,3.450765991846048,-28.646530402803858,1.6322182328790695,-1.5658542008478606,3.19807243372693,-29.250440165872913,1.6147559068117958,-1.693358568204425,3.308114475016221,-31.393676687914045,1.7438722269145897,-1.2505600824758243,2.994432309390414,-29.043888323865218,1.6429899032889057,-1.4810116913743447,3.1240015946632504,-29.88937526122762,1.6225405609681158,-1.591362258200577,3.213902819168693,-32.31003149582189,1.719819267151177,-0.9562819634383692,2.676101230589546
2001-10-24 03:00:00,-57.0,3.0,-30.667096640230103,1.6429348555917858,-0.9412023812861302,2.584137236877916,-26.38806842799756,1.549979892992358,-1.8095797934445603,3.3595596864369184,-27.081376618089482,1.5651537847143746,-1.5411622920145975,3.106316076728972,-27.69883940324219,1.5516007626307242,-1.6666560467528824,3.2182568093836066,-29.728450308309352,1.6652263796046918,-1.2336492176985492,2.898875597303241,-27.46915508071193,1.5747332431532894,-1.4576576615773107,3.0323909047306,-28.33057291579119,1.5588023454364286,-1.5662681135612437,3.1250704589976723,-30.667096640230103,1.6429348555917858,-0.9412023812861302,2.584137236877916
2001-10-24 04:00:00,-54.0,-2.0,-29.126541315532997,1.5405553246971078,-0.9572308632104282,2.497786187907536,-24.94179434455992,1.4462740834376395,-1.8267506369890703,3.2730247204267098,-25.620961559657424,1.4604150584320588,-1.5591690813127965,3.0195841397448553,-26.248578093273665,1.4502613099685235,-1.682817895648704,3.1330792056172276,-28.173015767927446,1.5554345403819045,-1.2536400562136096,2.809074596595514,-25.999148118096752,1.4700069626151764,-1.4758586593560523,2.9458656219712287,-26.871922813366456,1.4586501024247343,-1.5822501289116795,3.0409002313364137,-29.126541315532997,1.5405553246971078,-0.9572308632104282,2.497786187907536
2001-10-24 05:00:00,-56.0,-1.0,-27.701937034190028,1.4246042813429676,-0.9935448822303176,2.4181491635732852,-23.622423741466772,1.3193706030931474,-1.8739272964269758,3.193297899520123,-24.28687821865233,1.3340833410050932,-1.6056804014106314,2.9397637424157246,-24.92100870992375,1.327569383349915,-1.7269282955223026,3.0544976788722176,-26.744113911038813,1.4289018568886318,-1.2975687366237034,2.7264705935123352,-24.65497600409649,1.344172114000261,-1.5220527267193564,2.8662248407196174,-25.533936602949655,1.3379862104168014,-1.6251923620709487,2.96317857248775,-27.701937034190028,1.4246042813429676,-0.9935448822303176,2.4181491635732852
2001-10-24 06:00:00,-57.0,1.0,-26.310642197427743,1.3912948367622837,-0.9543594227401687,2.3456542595024525,-22.318627476185974,1.3037962652807984,-1.8176278847486862,3.1214241500294846,-22.971645033985695,1.3152331846666352,-1.5525493854401924,2.8677825701068276,-23.612108792764186,1.308899917159563,-1.674539162446212,2.983439079605775,-25.343954631945287,1.400159279093527,-1.2515134274868946,2.6516727065804218,-23.330609769743532,1.3243662343529576,-1.4699904036687645,2.794356638021722,-24.215904728067414,1.3180318748822422,-1.5747391375955626,2.8927710124778048,-26.310642197427743,1.3912948367622837,-0.9543594227401687,2.3456542595024525
2001-10-24 07:00:00,-56.0,1.0,-24.96720322635109,1.3434389710766563,-0.9324803152779563,2.2759192863546125,-21.060235517182566,1.258391959003408,-1.792810526048622,3.05120248505203,-21.7008336209921,1.2708114129935968,-1.5268804335030501,2.797691846496647,-22.34912153099085,1.2629872617733364,-1.6512112451440755,2.914198506917412,-23.99267413948981,1.3512804924554773,-1.228108040016488,2.5793885324719654,-22.050319593286456,1.2802901764570747,-1.444149635466896,2.7244398119239706,-22.943417124103718,1.2724876039636965,-1.5517536009074278,2.8242412048711243,-24.96720322635109,1.3434389710766563,-0.9324803152779563,2.2759192863546125
2001-10-24 08:00:00,-55.0,1.0,-23.675290061274573,1.2919131650765152,-0.9176684180159937,2.209581583092509,-19.840384400712416,1.2198511164701493,-1.7643327931818624,2.9841839096520117,-20.472668312223107,1.2281653087689939,-1.50262684257807,2.730792151347064,-21.125946892418995,1.223174638571855,-1.624982732949069,2.848157371520924,-22.690348541736682,1.3023255977531278,-1.2082493531598477,2.5105749509129756,-20.813837817246426,1.2364817760400295,-1.4212101742461405,2.65769195028617,-21.71166320380964,1.2317539202940795,-1.5271049144569582,2.7588588347510377,-23.675290061274573,1.2919131650765152,-0.9176684180159937,2.209581583092509
2001-10-24 09:00:00,-54.0,1.0,-22.431767592491465,1.2435224687831075,-0.9031911268668766,2.146713595649984,-18.656954492493522,1.1834299082188944,-1.7364983825937192,2.9199282908126136,-19.2846826928879,1.1879856193352094,-1.4789211490384433,2.6669067683736527,-19.940374106553605,1.1855727858653906,-1.5993467323247326,2.784919518190123,-21.433964678532746,1.2563838632039372,-1.1887509377012204,2.4451348009051577,-19.61861288588978,1.1952249313566456,-1.3987889237457334,2.594013855102379,-20.518377500990713,1.193285702818925,-1.5030130507425683,2.6962987535614933,-22.431767592491465,1.2435224687831075,-0.9031911268668766,2.146713595649984
2001-10-24 10:00:00,-53.0,2.0,-21.239982291137547,1.191785301353916,-0.895272115529532,2.087057416883448,-17.519968104016684,1.1369863884768372,-1.721273088666461,2.858259477143298,-18.144806076949724,1.139876615938175,-1.4659542442517444,2.6058308601899194,-18.801394853087395,1.138979253466212,-1.5853239584855348,2.7243032119517467,-20.230200178080754,1.2037645004519921,-1.1790576469949834,2.3828221474469755,-18.471943101712327,1.1466697841774547,-1.3865246033641547,2.5331943875416094,-19.37183575625358,1.146541744737131,-1.4898349126553443,2.6363766573924754,-21.239982291137547,1.191785301353916,-0.895272115529532,2.087057416883448
2001-10-24 11:00:00,-51.0,2.0,-20.095748656098575,1.144233635038972,-0.8864385141504098,2.0306721491893818,-16.42462668629912,1.0953414177175613,-1.7042893805109838,2.799630798228545,-17.048402439941302,1.09640363700842,-1.4514897532784128,2.547893390286833,-17.704379192700646,1.0970156603867502,-1.569681653019838,2.6666973134065883,-19.07277315361319,1.1574270244675606,-1.1664466814124381,2.3238737058799988,-17.369263171733934,1.1026799299783936,-1.3728438403469574,2.475523770325351,-18.26753438654397,1.1043013697096113,-1.4751347924228355,2.579436162132447,-20.095748656098575,1.144233635038972,-0.8864385141504098,2.0306721491893818
2001-10-24 12:00:00,-49.0,2.0,-18.999436464285033,1.096312191813544,-0.880950973899743,1.9772631657132869,-15.37464146829706,1.0499852180020608,-1.693738895141672,2.743724113143733,-15.998126560339735,1.0502758796015683,-1.442504236158616,2.4927801157601843,-16.652547890061772,1.0518313026388735,-1.5599644632608447,2.611795765899718,-17.96741918276958,1.1053539708436124,-1.1625366806528266,2.267890651496439,-16.31291645652714,1.0563467152067918,-1.3643451845332437,2.4206918997400355,-17.208356141996067,1.0591782445479045,-1.4660028995511254,2.52518114409903,-18.999436464285033,1.096312191813544,-0.880950973899743,1.9772631657132869
2001-10-24 13:00:00,-47.0,2.0,-17.95139807571602,1.048038388569012,-0.8787202664807727,1.9267586550497848,-14.373429806674867,1.0012116616221924,-1.6894500799508954,2.690661741573088,-14.996427472615961,1.0016990877237733,-1.4388515869229261,2.4405506746466994,-15.648870499508046,1.0036773905537257,-1.5560143861230424,2.559691776676768,-16.913103667536245,1.054315515233333,-1.1607479803311376,2.2150634955644706,-15.305066997800939,1.007849458726202,-1.360890446397588,2.36873990512379,-16.19696202834081,1.0113941136552584,-1.4622907479772593,2.4736848616325178,-17.95139807571602,1.048038388569012,-0.8787202664807727,1.9267586550497848
2001-10-24 14:00:00,-45.0,0.0,-16.946411914766415,1.0049861609496054,-0.8741027021235042,1.8790888630731095,-13.413455253094702,0.9599745535801656,-1.6805722325059866,2.6405467860861522,-14.036465954948033,0.9599615176679279,-1.4312906030050483,2.391252120672976,-14.686245591587776,0.9626249079202709,-1.547837726447792,2.510462634368063,-15.899332946505558,1.0137707210306874,-1.1514849354460888,2.165255656476776,-14.339107755364202,0.9659592424367374,-1.35373913845678,2.3196983808935174,-15.226561675013523,0.9704003533272865,-1.4546065942193571,2.4250069475466436,-16.946411914766415,1.0049861609496054,-0.8741027021235042,1.8790888630731095
2001-10-24 15:00:00,-45.0,0.0,-15.978568267117868,0.9678436476485466,-0.8660944624894009,1.8339381101379475,-12.485692313349547,0.9277629397451548,-1.6651753859710972,2.592938325716252,-13.11016386701699,0.9263020879310433,-1.4181775922489217,2.344479680179965,-13.756206396294857,0.9300391952929181,-1.533656949523082,2.463696144816,-14.920950209943744,0.9783827365618138,-1.1395146153346005,2.1178973518964144,-13.407267713961087,0.9318400414031143,-1.3413366285497752,2.2731766699528895,-14.289084892902208,0.9374767821113152,-1.4412799700691783,2.3787567521804935,-15.978568267117868,0.9678436476485466,-0.8660944624894009,1.8339381101379475
2001-10-24 16:00:00,-45.0,2.0,-15.044207179470991,0.9343610876468778,-0.8566139559587771,1.7909750436056548,-11.585301340787641,0.9003909725619073,-1.6469479214102947,2.547338893972202,-12.213032517296984,0.8971313497200055,-1.4026538329972402,2.2997851827172457,-12.854145146810158,0.9020612494846985,-1.5168691216874226,2.418930371172121,-13.975404148119521,0.9455460618242222,-1.127142686605741,2.072688748429963,-12.505176964205344,0.9020907497557433,-1.3266539914732374,2.2287447412289807,-13.38008959653224,0.9089952963699681,-1.425503325880248,2.334498622250216,-15.044207179470991,0.9343610876468778,-0.8566139559587771,1.7909750436056548
2001-10-24 17:00:00,-43.0,2.0,-14.146757553032412,0.8974496264385787,-0.8525317613820615,1.7499813878206403,-10.7209291445485,0.8643721962391417,-1.6390993896111725,2.5034715858503143,-11.352093789102266,0.8609387281947174,-1.3959694848959279,2.2569082130906453,-11.987882258004426,0.8662628888057313,-1.5096404805252448,2.375903369330976,-13.068269720786644,0.9071344273328783,-1.1223264690934018,2.02946089642628,-11.639359712122438,0.8658172520829059,-1.320331820684987,2.186149072767893,-12.506817734760341,0.8732718617718993,-1.4187100885000736,2.291981950271973,-14.146757553032412,0.8974496264385787,-0.8525317613820615,1.7499813878206403
2001-10-24 18:00:00,-41.0,-1.0,-13.27297726343281,0.8737802895996006,-0.8372737226363048,1.7110540122359055,-9.868975469089957,0.851953675458542,-1.6097638937062575,2.4617175691647994,-10.506938760915206,0.8451550281870599,-1.3709853641238094,2.2161403923108693,-11.135556878864683,0.8523253791397427,-1.4826219529026776,2.3349473320424203,-12.177260969846268,0.8910087509403757,-1.0974085298849834,1.988417280825359,-10.79040840385378,0.8489513082686588,-1.2967014118371003,2.145652720105759,-11.648632528339089,0.8581852064212518,-1.3933189717348307,2.2515041781560825,-13.27297726343281,0.8737802895996006,-0.8372737226363048,1.7110540122359055
2001-10-24 19:00:00,-42.0,0.0,-12.435227045654477,0.8377502177783336,-0.8358237628139742,1.6735739805923078,-9.05504459683078,0.8139308722591785,-1.6069761638322524,2.420907036091431,-9.699068515645893,0.8078702452693132,-1.3686111421206113,2.1764813873899245,-10.320613505229007,0.814943373635677,-1.4800544027631064,2.2949977763987834,-11.323913725629904,0.8533472442163643,-1.0951642006900453,1.9485114449064096,-9.978551405164989,0.8118569986887914,-1.2944558320489241,2.1063128307377155,-10.827461570054476,0.8211709582846132,-1.390906073211818,2.212077031496431,-12.435227045654477,0.8377502177783336,-0.8358237628139742,1.6735739805923078
2001-10-24 20:00:00,-42.0,1.0,-11.628894839953636,0.8063322057008404,-0.831696954088879,1.6380291597897194,-8.271849952926152,0.7831946439046267,-1.599041855729315,2.3822364996339416,-8.92201555700368,0.7770529586422115,-1.361853741034585,2.1389066996767965,-9.536237537868802,0.7843759673602051,-1.4727467600581723,2.2571227274183774,-10.502741408663676,0.8211723169662277,-1.08949926941444,1.9106715863806678,-9.197583624254898,0.7809677809100903,-1.2880645664979604,2.0690323474080508,-10.036823690177522,0.7906378798769538,-1.3840385928001657,2.1746764726771195,-11.628894839953636,0.8063322057008404,-0.831696954088879,1.6380291597897194
2001-10-24 21:00:00,-41.0,0.0,-10.850480407492725,0.7784144324609117,-0.8257632723544182,1.6041777048153298,-7.51416336202642,0.7576865908997312,-1.587633607321848,2.3453201982215792,-8.171079211034968,0.7509363459687131,-1.3521376940676504,2.1030740400363634,-8.777511144571836,0.7587263932969652,-1.4622395548716185,2.2209659481685837,-9.709389296257644,0.7933521124060314,-1.0812566574037707,1.8746087698098022,-8.44297417301381,0.7546094512410879,-1.278874963057116,2.033484414298204,-9.27202009380459,0.764803596372932,-1.3741642696136829,2.138967865986615,-10.850480407492725,0.7784144324609117,-0.8257632723544182,1.6041777048153298
2001-10-24 22:00:00,-41.0,1.0,-10.10726538715814,0.7432150203345852,-0.8286185778507001,1.5718335981852853,-6.7974060760833,0.7167572859431202,-1.5931232907660426,2.309880576709163,-7.459158986056982,0.7119202249779852,-1.3568130850893332,2.0687333100673184,-8.05853750412463,0.7189736404472074,-1.467295653608005,2.1862692940552124,-8.953747540378897,0.7556417558787476,-1.084452276235901,1.8400940321146486,-7.726842339954802,0.7161318330590087,-1.2832970278707554,1.9994288609297641,-8.546228598291641,0.7257914955129485,-1.378915823628231,2.1047073191411796,-10.10726538715814,0.7432150203345852,-0.8286185778507001,1.5718335981852853
2001-10-24 23:00:00,-40.0,4.0,-9.40029049907779,0.706974888080349,-0.8342845746948846,1.5412594627752336,-6.1248192625582325,0.6725868135250679,-1.6040168813506164,2.2766036948756843,-6.788811956397904,0.6703470296590779,-1.3660908141479853,2.036437843807063,-7.382223749125314,0.6763137549993148,-1.4773288495380228,2.1536426045373376,-8.232395899088774,0.7213516412901237,-1.086166433484096,1.8075180747742197,-7.05153863678756,0.6753037031672418,-1.2920720627353215,1.9673757659025632,-7.862123111013924,0.6841054872777175,-1.3883446886258506,2.072450175903568,-9.40029049907779,0.706974888080349,-0.8342845746948846,1.5412594627752336
2001-10-25 00:00:00,-36.0,4.0,-8.715584264882116,0.6847062341956753,-0.8277486019573017,1.512454836152977,-5.470672819249021,0.6541464433092117,-1.5914506528416397,2.2455970961508513,-6.137939958127703,0.6508719982702011,-1.355388551887414,2.006260550157615,-6.724803185726353,0.6574205633989616,-1.4657551235242623,2.123175686923224,-7.528831958184922,0.7035639409038517,-1.0731278644580582,1.7766918053619098,-6.396100958602947,0.655437678184613,-1.2819496799978496,1.9373873581824625,-7.197317413987626,0.6648056970262974,-1.3774680845144234,2.042273781540721,-8.715584264882116,0.6847062341956753,-0.8277486019573017,1.512454836152977
2001-10-25 01:00:00,-32.0,2.0,-8.053519562758611,0.6620647021235049,-0.8227518173388082,1.484816519462313,-4.83687198134806,0.6338008379009612,-1.581843706814299,2.21564454471526,-5.507971059366218,0.6299688987614842,-1.347206617599469,1.9771755163609532,-6.087942226347733,0.6368609593786194,-1.4569069507355852,2.0937679101142046,-6.848219066493178,0.6806128916917433,-1.0662681870802104,1.7468810787719538,-5.761810628668991,0.6342903299339555,-1.2742110665739803,1.9085013965079358,-6.553309531730705,0.6440078822569213,-1.3691528649889635,2.013160747245885,-8.053519562758611,0.6620647021235049,-0.8227518173388082,1.484816519462313
2001-10-25 02:00:00,-30.0,1.0,-7.412159354158178,0.641360208600433,-0.8169742851236753,1.4583344937241083,-4.220792246312861,0.6160797350351992,-1.5707356754701867,2.186815410505386,-4.896490505467368,0.6114805538988495,-1.3377462560790325,1.949226809977882,-5.4691431066281755,0.6187991197195577,-1.4466762509486777,2.0654753706682354,-6.187535447475125,0.6606836190180534,-1.0575991998687313,1.7182828188867847,-5.14631992404658,0.6154907046224112,-1.2652632948026314,1.8807539994250426,-5.927690144285177,0.6256193874455285,-1.359538392412651,1.9851577798581794,-7.412159354158178,0.641360208600433,-0.8169742851236753,1.4583344937241083
2001-10-25 03:00:00,-29.0,0.0,-6.789020599332951,0.623138754825227,-0.8097691001604013,1.4329078549856282,-3.618701765197726,0.6020904811151353,-1.5568828024039765,2.1589732835191118,-4.30015008831192,0.5963404171554483,-1.3259481990477544,1.9222886162032027,-4.864891032789461,0.6042520738387145,-1.4339175017935766,2.038169575632291,-5.545260890732615,0.6422745567425103,-1.048473160259867,1.6907477170023772,-4.5464011687119585,0.5999187553346212,-1.2541044906244627,1.854023245959084,-5.31709609364006,0.6105940506451166,-1.347548142829064,1.9581421934741807,-6.789020599332951,0.623138754825227,-0.8097691001604013,1.4329078549856282
2001-10-25 04:00:00,-29.0,1.0,-6.182274452134377,0.6067461471985743,-0.8016716322295391,1.4084177794281134,-3.028080455723961,0.5906213094737647,-1.5413144032614559,2.1319357127352205,-3.716641228346912,0.583508859965008,-1.3126890823222004,1.8961979422872084,-4.272788716567976,0.5921023162214849,-1.4195787217833546,2.0116810380048396,-4.922092753051195,0.6231681376814198,-1.0410249043684072,1.664193042049827,-3.959812056006558,0.5865891127054004,-1.2415637911920316,1.828152903897432,-4.719215221065864,0.5978808725741962,-1.334073032615931,1.931953905190127,-6.182274452134377,0.6067461471985743,-0.8016716322295391,1.4084177794281134
2001-10-25 05:00:00,-28.0,1.0,-5.592412255214845,0.5898621969195316,-0.7949125887500593,1.384774785669591,-2.4508210387568257,0.577259416967135,-1.5283192932334015,2.1055787102005366,-3.1474215577823705,0.5692196705645416,-1.3016215551380605,1.8708412257026021,-3.6945055336134933,0.5782831829544828,-1.407609988055814,1.9858931710102967,-4.316139870850895,0.6059528822002995,-1.0326763349666808,1.6386292171669803,-3.387874863800887,0.5719371922056709,-1.2310959346409942,1.803033126846665,-4.135558716525072,0.5836565045407927,-1.3228252133471172,1.9064817178879099,-5.592412255214845,0.5898621969195316,-0.7949125887500593,1.384774785669591
2001-10-25 06:00:00,-27.0,1.0,-5.022688741866666,0.569723513348179,-0.7922580469214847,1.3619815602696637,-1.8940602292170656,0.55676080953976,-1.5232156031563766,2.0799764126961366,-2.5984265414240157,0.548995016358355,-1.2972749025475896,1.8462699189059446,-3.1365471827935902,0.5579583508199029,-1.4029093962618293,1.9608677470817322,-3.7286820330191475,0.5874578378317474,-1.0265035078843665,1.613961345716114,-2.836151545583245,0.551723318217642,-1.2269847962595637,1.7787081144772057,-3.5721878693762705,0.5633708471488013,-1.3184077529742169,1.8817786001230181,-5.022688741866666,0.569723513348179,-0.7922580469214847,1.3619815602696637
2001-10-25 07:00:00,-26.0,6.0,-4.473551496177874,0.5491372456887917,-0.7910088507668613,1.340146096455653,-1.3594424742908036,0.5346177549262621,-1.5208138666495417,2.0554316215758037,-2.070930445735894,0.5274960956881216,-1.2952294189756033,1.822725514663725,-2.60037223406643,0.5361749487271603,-1.40069735306466,1.9368723017918203,-3.164371005861633,0.5643110271575142,-1.0259139732762845,1.5902250004337988,-2.3058023241015846,0.5303492214816601,-1.2250501429035963,1.7553993643852563,-3.0304299607510674,0.5417579086252031,-1.3163289480928517,1.8580868567180548,-4.473551496177874,0.5491372456887917,-0.7910088507668613,1.340146096455653
2001-10-25 08:00:00,-20.0,23.0,-3.9495320572407957,0.5240194389370785,-0.7952471948629047,1.3192666337999832,-0.856404977413092,0.5030374968777116,-1.528962615512018,2.0320001123897296,-1.5728544474135964,0.49807599832229776,-1.3021694525234138,1.8002454508457115,-2.0946218796733413,0.5057503543930886,-1.4082024996264841,1.9139528540195727,-2.6301667391947934,0.5342042666668398,-1.033385222992854,1.5675894896596938,-1.8042779466112904,0.5015243774902942,-1.2316141453613425,1.7331385228516367,-2.5183664223426945,0.5120635384083732,-1.3233820360831972,1.8354455744915703,-3.9495320572407957,0.5240194389370785,-0.7952471948629047,1.3192666337999832
2001-10-25 09:00:00,3.0,2.0,-3.670897937927056,0.2786341193137398,-1.0208609432175588,1.2994950625312987,-0.8090629854784286,0.047341991934663374,-1.9627333839072085,2.010075375841872,-1.4653056388424623,0.10754880857113402,-1.67159839622108,1.779147204792214,-2.009876216149908,0.08474566352343338,-1.8077133013437987,1.892458964867232,-2.3425017315357755,0.2876650076590177,-1.2586461081388078,1.5463111157978255,-1.6730860537808392,0.13119189283045118,-1.5810263604015842,1.7122182532320354,-2.4030225923904727,0.11534382995222203,-1.698829046263995,1.814172876216217,-3.670897937927056,0.2786341193137398,-1.0208609432175588,1.2994950625312987
2001-10-25 10:00:00,5.0,-6.0,-3.3780444391528714,0.29285349877418454,-0.9961893191637475,1.289042817937932,-0.7163439611393954,0.09271902433903323,-1.9152990878972145,2.0080181122362477,-1.3218979167486382,0.14340772209382413,-1.631200095674351,1.7746078177681752,-1.88503243354013,0.12484378260977791,-1.7640254481997064,1.8888692308094843,-2.016895652475487,0.3256060790602888,-1.2093070226451488,1.5349131017054376,-1.5091362518109326,0.1639498019699066,-1.5428169566212295,1.7067667585911361,-2.2513969936814635,0.15162559870900916,-1.6577726498570382,1.8093982485660474,-3.3780444391528714,0.29285349877418454,-0.9961893191637475,1.289042817937932
2001-10-25 11:00:00,-1.0,-3.0,-3.0878997872069203,0.2901446519459513,-0.9879580087877472,1.2781026607336985,-0.611825296353981,0.10451866478541438,-1.8994733598432472,2.0039920246286616,-1.1710558073571968,0.15084210939144138,-1.6177218199946557,1.768563929386097,-1.7508949050266485,0.1341375285134816,-1.7494496635612162,1.8835871920746978,-1.7197513170123915,0.2971443354630954,-1.2249183029270114,1.5220626383901068,-1.3392389507262816,0.16989730108465095,-1.5300689729006591,1.69996627398531,-2.092340486626714,0.15905650705474939,-1.6440748105494731,1.8031313176042225,-3.0878997872069203,0.2901446519459513,-0.9879580087877472,1.2781026607336985
2001-10-25 12:00:00,-4.0,-1.0,-2.8012983207512563,0.28660146645566387,-0.9807082096760938,1.2673096761317577,-0.49790159497199715,0.11392370138198382,-1.8855347104732216,1.9994584118552055,-1.0146886719051784,0.1563671354520184,-1.6058507099786639,1.7622178454306823,-1.6095866333408038,0.1413082716858447,-1.736611912863359,1.8779201845492037,-1.4274332437953419,0.2923180732170496,-1.2180645238778414,1.510382597094891,-1.165146609330766,0.17409234139551555,-1.5188410739597773,1.6929334153552928,-1.9277818653709964,0.16455862125571774,-1.6320103179344088,1.7965689391901265,-2.8012983207512563,0.28660146645566387,-0.9807082096760938,1.2673096761317577
2001-10-25 13:00:00,-5.0,-1.0,-2.5322506078851283,0.26904771286612794,-0.9876457097490914,1.2566934226152193,-0.40225182774290924,0.09564976722908791,-1.8988729257165384,1.9945226929456263,-0.876247762575129,0.13844090933004938,-1.617210449101659,1.7556513584317084,-1.4865238221568735,0.12306281118393025,-1.7488966527619239,1.871959463945854,-1.1697200852362917,0.2577131585590502,-1.241223004152551,1.4989361627116011,-1.0089898926583183,0.1561567166724478,-1.5295853095616674,1.6857420262341152,-1.7815448296437317,0.14623703572726465,-1.6435551093291318,1.7897921450563965,-2.5322506078851283,0.26904771286612794,-0.9876457097490914,1.2566934226152193
2001-10-25 14:00:00,-6.0,-1.0,-2.2889886197051044,0.24326198818002398,-1.00350603949797,1.246768027677994,-0.3412348309234523,0.06101699681945694,-1.9293664017229633,1.9903833985424202,-0.7695806518781634,0.10666711069696566,-1.6431807851674136,1.7498478958643793,-1.3967294239863761,0.08979439817049739,-1.7769817012116975,1.866776099382195,-0.947106138491892,0.22261394674439972,-1.2662669346856175,1.4888808814300172,-0.8838338478048517,0.12515604485346654,-1.554148497706181,1.6793045425596476,-1.66771272654807,0.11383210309566172,-1.6699485070193183,1.78378061011498,-2.2889886197051044,0.24326198818002398,-1.00350603949797,1.246768027677994
2001-10-25 15:00:00,-7.0,0.0,-2.0459002147416303,0.24308840496347384,-0.9947393593414169,1.2378277643048907,-0.2660010870177134,0.07523374390573889,-1.9125113580232096,1.9877451019289485,-0.6530235768958927,0.11655707498227064,-1.6288258736711527,1.7453829486534234,-1.2951887980218868,0.10154062596448932,-1.761457898060135,1.8629985240246243,-0.7193928611167955,0.2277132773750965,-1.2525090414978908,1.4802223188729873,-0.7502512877279572,0.1335825600768945,-1.5405713768330533,1.6741539369099478,-1.543964296003482,0.12374843054458795,-1.6553597513340255,1.7791081818786134,-2.0459002147416303,0.24308840496347384,-0.9947393593414169,1.2378277643048907
2001-10-25 16:00:00,-7.0,-1.0,-1.800493100153864,0.24540711458776632,-0.9835189010239964,1.2289260156117627,-0.17244520447806444,0.09355588253964897,-1.890938617613601,1.98449450015325,-0.5229660831005034,0.13005749379538933,-1.6104530480156327,1.740510541811022,-1.1780464039521885,0.11714239406969829,-1.7415890100569897,1.858731404126688,-0.48896081040477113,0.23043205071202433,-1.240959491861106,1.4713915425731303,-0.6047800530982776,0.1454712346296796,-1.5231940440107037,1.6686652786403833,-1.4066162520211962,0.13734804398228584,-1.6366876289174799,1.7740356728997657,-1.800493100153864,0.24540711458776632,-0.9835189010239964,1.2289260156117627
2001-10-25 17:00:00,-8.0,-2.0,-1.5466405412847548,0.2538525588691093,-0.9661193831560283,1.2199719420251376,-0.04947509368525771,0.12297011079280673,-1.85748585912554,1.9804559699183468,-0.36984664747535234,0.15311943562515107,-1.5819623839772528,1.7350818196024038,-1.0350100954450605,0.143036308507128,-1.7107784083821327,1.8538147168892607,-0.2529857446928212,0.23597506571194993,-1.22650716130905,1.4624822270209998,-0.4383287520032204,0.16645130109505724,-1.4962470865525876,1.6626983876476449,-1.2459349105298532,0.16068134149134305,-1.6077328466413257,1.7684141881326687,-1.5466405412847548,0.2538525588691093,-0.9661193831560283,1.2199719420251376
2001-10-25 18:00:00,-10.0,-12.0,-3.969649375038665,-2.42300883375391,-3.6337530055005423,1.210744171746632,-2.0800945558676904,-2.0306194621824325,-4.00577343350499,1.9751539713225574,-2.4895292757784926,-2.1196826283031402,-3.8483839666495774,1.728701338346437,-2.961835439612287,-1.9268253441672263,-3.7746453868318945,1.8478200426646683,-2.6846565995786698,-2.4316708548858488,-3.8850574929320847,1.453386638046236,-2.5601773769220793,-2.121848624918859,-3.777732678795564,1.655884053876705,-3.1314088572469414,-1.8854739467170882,-3.6473229698639082,1.76184902314682,-3.969649375038665,-2.42300883375391,-3.6337530055005423,1.210744171746632
2001-10-25 19:00:00,-22.0,-13.0,-6.995778685190139,-3.0261293101514743,-4.326380655889032,1.3002513457375582,-4.6987259454337345,-2.618631389566044,-4.682248125081802,2.063616735515758,-5.2603210585870945,-2.770791782808602,-4.58886504603981,1.8180732632312082,-5.487050379742632,-2.525214940130345,-4.454603993698393,1.929389053568048,-5.710920828663476,-3.0262642290848065,-4.574739120515232,1.5484748914304252,-5.340275241377736,-2.780097864455657,-4.5238957812598315,1.7437979168041746,-5.614315092261791,-2.482906235014849,-4.322561420980144,1.8396551859652952,-6.995778685190139,-3.0261293101514743,-4.326380655889032,1.3002513457375582
2001-10-25 20:00:00,-35.0,-5.0,-7.851136934667871,-0.8553582494777325,-2.2718784611350076,1.416520211657275,-5.400627310813682,-0.7019013653799484,-2.8824581091297974,2.180556743749849,-5.998843391740458,-0.738522333153363,-2.6768165739359158,1.9382942407825527,-6.138574535573037,-0.6515241558304044,-2.6904813740999316,2.0389572182695272,-6.553646482376428,-0.8427256537129519,-2.513747748051513,1.6710220943385612,-6.080053644135858,-0.739778402758122,-2.602204480151599,1.8624260773934769,-6.24916862638934,-0.6348535341275492,-2.579533095691252,1.9446795615637027,-7.851136934667871,-0.8553582494777325,-2.2718784611350076,1.416520211657275
2001-10-25 21:00:00,-40.0,4.0,-7.322154492096875,0.5289824425709971,-0.9213044711089152,1.4502869136799124,-4.959501704837557,0.4411256059761257,-1.771323561942829,2.2124491679189546,-5.536436699424329,0.4624066923161283,-1.5085806608322445,1.9709873531483728,-5.702278226168861,0.43629630940417585,-1.6314213586836865,2.0677176680878624,-6.013275639081619,0.5403708432948091,-1.1656076923287289,1.705978535623538,-5.612244715573314,0.46780892856254375,-1.4268413974072596,1.8946503259698033,-5.81032314238759,0.4388454840017497,-1.5331557215223595,1.9720012055241092,-7.322154492096875,0.5289824425709971,-0.9213044711089152,1.4502869136799124
2001-10-25 22:00:00,-36.0,5.0,-6.79855341572075,0.5236010763761247,-0.9057564403986924,1.4293575167748171,-4.508553595253716,0.45094810958384124,-1.741430520063113,2.1923786296469543,-5.069072992486391,0.4673637069379384,-1.4831216956594866,1.950485402597425,-5.257731732740042,0.4445464934288197,-1.6038893210332053,2.048435814462025,-5.478655190765561,0.534620448316057,-1.148901764801163,1.68352221311722,-5.1407658314548135,0.4714788841185007,-1.402761872601738,1.8742407567202386,-5.3645105145343575,0.4458126278532326,-1.5072820250525145,1.9530946529057471,-6.79855341572075,0.5236010763761247,-0.9057564403986924,1.4293575167748171
2001-10-25 23:00:00,-31.0,2.0,-6.277561821163904,0.5209915945568458,-0.8877992456759817,1.4087908402328275,-4.043503441700673,0.4650501535530427,-1.7069055577773578,2.1719557113304004,-4.592918274085829,0.4761547184005628,-1.4537178693121835,1.9298725877127463,-4.800940680660084,0.4567910520799583,-1.5720912000738976,2.028882252153856,-4.942680573190717,0.5359746175748437,-1.1254766577330846,1.6614512753079282,-4.6619341592596335,0.4788316721951795,-1.3749512306097076,1.8537829028048871,-4.90792853040458,0.4565819841297778,-1.4773992048828937,1.9339811890126715,-6.277561821163904,0.5209915945568458,-0.8877992456759817,1.4087908402328275
2001-10-26 00:00:00,-29.0,3.0,-5.7672275151132775,0.510334306050627,-0.8781402825518404,1.3884745886024674,-3.580844202596129,0.4626592391045439,-1.6883349880012932,2.150994227105837,-4.12183551528194,0.47108275880388883,-1.437901898121647,1.9089846569255358,-4.347040255575156,0.45390042508492723,-1.554987366067214,2.0088877911521412,-4.415567070296762,0.5271135028939546,-1.1123571146352422,1.6394706175291969,-4.188805463396333,0.4731286958633003,-1.3599922144823173,1.8331209103456176,-4.4547506938832555,0.45317783652132393,-1.4613255885680543,1.9145034250893782,-5.7672275151132775,0.510334306050627,-0.8781402825518404,1.3884745886024674
2001-10-26 01:00:00,-26.0,2.0,-5.272278629330596,0.4949488857826818,-0.8737680960106586,1.3687169817933404,-3.130531744899585,0.45031245769654427,-1.67992891022737,2.1302413679239143,-3.664147151903823,0.4576883633781166,-1.4307427056196946,1.8884310689978112,-3.9051675405397654,0.4418727150353907,-1.5472452148771214,1.9891179299125121,-3.906167594384396,0.5093994759123663,-1.1085966435410353,1.6179961194534016,-3.729207651479348,0.45959781191698523,-1.3532209277364315,1.8128187396534168,-4.013532102635741,0.44121859124751417,-1.454049771483277,1.8952683627307911,-5.272278629330596,0.4949488857826818,-0.8737680960106586,1.3687169817933404
2001-10-26 02:00:00,-24.0,1.0,-4.7955980193132355,0.4766806100173604,-0.8730096554882087,1.3496902655055691,-2.6988635200036826,0.4316682248959025,-1.6784707130625058,2.1101389379584083,-3.2250795234135206,0.4390676284903028,-1.4295008048795603,1.8685684333698631,-3.4811038778411403,0.42406366269862517,-1.5459021886502688,1.969965851348894,-3.4148428151741337,0.4913247792102624,-1.1060530215196773,1.5973778007299397,-3.2880485341514216,0.4411591173279261,-1.3520463167703087,1.7932054340982349,-3.589685528353094,0.4238465742826474,-1.4527876399481627,1.8766342142308101,-4.7955980193132355,0.4766806100173604,-0.8730096554882087,1.3496902655055691
2001-10-26 03:00:00,-23.0,1.0,-4.33423835660009,0.46135966271314555,-0.870132042917737,1.3314917056308826,-2.28084339145469,0.41802012854899284,-1.6729381414664035,2.0909582700153964,-2.800255825775975,0.42482369763754546,-1.4247888873655203,1.8496125850030658,-3.0702376739604933,0.4108662038806472,-1.540806589142504,1.9516727930231512,-2.941838385329654,0.47300442984447977,-1.1046118997319139,1.5776163295763936,-2.861158895739326,0.4268896384120957,-1.3475897045753125,1.7744793429874082,-3.1788640557690577,0.41082147258403645,-1.4479989644178757,1.8588204370019121,-4.33423835660009,0.46135966271314555,-0.870132042917737,1.3314917056308826
2001-10-26 04:00:00,-22.0,2.0,-3.8895047267181804,0.44473362988190945,-0.8692620670243386,1.313995696906248,-1.8796413929344298,0.4012019985202602,-1.6712655035420005,2.0724675020622607,-2.3922565021250195,0.40799932365095537,-1.4233643541636014,1.8313636778145568,-2.675473303563464,0.3947643703970294,-1.5392660590587612,1.9340304294557906,-2.492554837655635,0.44928354767401935,-1.109424374208471,1.5587079218824904,-2.4509487243187165,0.4102101714206092,-1.3462423567024067,1.7564525281230159,-2.7837801157841735,0.39508393998488445,-1.446551225304068,1.8416351652889524,-3.8895047267181804,0.44473362988190945,-0.8692620670243386,1.313995696906248
2001-10-26 05:00:00,-20.0,-3.0,-3.462709344357177,0.4267953823610038,-0.8704443419563928,1.2972397243173965,-1.4983820658498561,0.38125932708457366,-1.673538575593112,2.0547979026776857,-2.003634106483649,0.3886223956413706,-1.425300258258517,1.8139226538998876,-2.2996779787445396,0.3757953248189241,-1.5413595999417964,1.9171549247607205,-2.065039599793004,0.42751523786263057,-1.1133380862834943,1.5408533241461249,-2.0598053228363735,0.3911434014823427,-1.3480733679143042,1.739216769396647,-2.4071152804714107,0.37666483531276307,-1.4485186656382167,1.8251835009509798,-3.462709344357177,0.4267953823610038,-0.8704443419563928,1.2972397243173965
2001-10-26 06:00:00,-23.0,-2.0,-3.1128106440901973,0.34989870026697956,-0.9313620047072648,1.2812607049742444,-1.187653228455106,0.3107288373947501,-1.7273478744726396,2.0380767118673897,-1.688868307397586,0.31476579908606284,-1.4826217467573422,1.797387545843405,-1.9907471683733764,0.3089308103711632,-1.5922282066640103,1.9011590170351735,-1.7177468871565782,0.347292712636426,-1.1766665855225573,1.5239592981589833,-1.7430954180614666,0.3167099047749069,-1.4061513823283942,1.722861287103301,-2.0965467418271695,0.3105685386442414,-1.4989990180180295,1.8095675566622709,-3.1128106440901973,0.34989870026697956,-0.9313620047072648,1.2812607049742444
2001-10-26 07:00:00,-25.0,3.0,-3.815716556156816,-0.7029059120666186,-1.971140442123437,1.2682345300568185,-1.8697818478425567,-0.6821286193874507,-2.7066279779704296,2.024499358582979,-2.4244537463069555,-0.7355854389093694,-2.5196358219350903,1.7840503830257208,-2.6328270184058042,-0.6420798500324278,-2.530139266632231,1.8880594165998033,-2.429246666243618,-0.7114997790870399,-2.2218037395436525,1.5103039604566126,-2.486597974141456,-0.7435025560799895,-2.4531773737475846,1.709674817667595,-2.7264822112705502,-0.6299354694433807,-2.426677796969188,1.7967423275258074,-3.815716556156816,-0.7029059120666186,-1.971140442123437,1.2682345300568185
2001-10-26 08:00:00,-22.0,2.0,-4.377553799935014,-0.561837243778198,-1.856307293449141,1.294470049670943,-2.3812931775404507,-0.5115113296978939,-2.5658759540661134,2.0543646243682194,-2.987739831606569,-0.5632860852996133,-2.378582063842158,1.8152959785425447,-3.114093417329693,-0.4812663989238888,-2.396602693344943,1.9153362944210541,-2.986044696238693,-0.556798029995075,-2.095143744911693,1.538345714916618,-3.061951175810842,-0.5753532016693859,-2.3160644701315665,1.7407112684621806,-3.199975439971174,-0.4734932287006237,-2.2962969200705623,1.8228036913699386,-4.377553799935014,-0.561837243778198,-1.856307293449141,1.294470049670943
2001-10-26 09:00:00,-20.0,-2.0,-5.133535520364034,-0.7559817204290196,-2.0716151344343263,1.3156334140053068,-3.035338160853467,-0.6540449833130162,-2.730948301038983,2.0769033177259666,-3.7203851586449597,-0.7326453270383908,-2.572051494210163,1.8394061671717723,-3.7421327469398404,-0.6280393296101476,-2.563949081263843,1.9359097516536952,-3.719252915778318,-0.7332082195396248,-2.29367846475976,1.560470245220135,-3.819971145603261,-0.7580199697924188,-2.522940146481756,1.764920176689337,-3.8224391324205,-0.6224636924493261,-2.4649800329816878,1.8425163405323617,-5.133535520364034,-0.7559817204290196,-2.0716151344343263,1.3156334140053068
2001-10-26 10:00:00,-22.0,0.0,-4.602515428292549,0.5310200920714847,-0.8133605391049434,1.3443806311764281,-2.4932243588426095,0.5421138020108573,-1.5637877948611276,2.105901596871985,-3.181210746651396,0.5391744119935638,-1.331828964317215,1.8710033763107787,-3.2194870364372887,0.5226457105025517,-1.4402771259854381,1.9629228364879898,-3.1719467431952335,0.5473061725830843,-1.0425392764046826,1.589845448987767,-3.282567457978466,0.5374036876247947,-1.2596666190228687,1.7970703066476634,-3.3073715560835812,0.5150675763369188,-1.3535247068629883,1.8685922831999071,-4.602515428292549,0.5310200920714847,-0.8133605391049434,1.3443806311764281
2001-10-26 11:00:00,-22.0,0.0,-4.087482212522787,0.515033215769762,-0.8091221950088999,1.324155410778662,-1.96701167236517,0.5262126864774395,-1.5556390459986513,2.081851732476091,-2.6583757270765234,0.5228350195748726,-1.3248889307694045,1.847723950344277,-2.7118291666671377,0.507657869770151,-1.432771979423614,1.940429849193765,-2.6463274004125363,0.525619342782697,-1.042272948566113,1.56789229134881,-2.7614227712277897,0.5211446867506766,-1.2531026165651227,1.7742473033157993,-2.8068409282393176,0.5005306278442636,-1.346471618872643,1.8470022467169067,-4.087482212522787,0.515033215769762,-0.8091221950088999,1.324155410778662
2001-10-26 12:00:00,-22.0,0.0,-3.5849367639700973,0.50254544855269,-0.8021400807875229,1.3046855293402129,-1.4505873357073176,0.5164243366578525,-1.542215054451519,2.0586393911093714,-2.1465426965264447,0.5118330305500787,-1.3134561386616952,1.8252891692117739,-2.21353142013344,0.4982977465336975,-1.4204082379822929,1.9187059845159904,-2.13306033159003,0.5132670688225063,-1.0336856240672578,1.5469526928897641,-2.251457951129292,0.5099648200984979,-1.2422892862005193,1.7522541062990171,-2.3155517664296568,0.49128916180966087,-1.3348525844464425,1.8261417462561034,-3.5849367639700973,0.50254544855269,-0.8021400807875229,1.3046855293402129
2001-10-26 13:00:00,-22.0,-1.0,-3.0934426450434627,0.4914941189266345,-0.7943326048211269,1.2858267237477614,-0.9418061775860873,0.5087811581212303,-1.5272042012837992,2.0359853594050294,-1.6437553429018072,0.5027873536246374,-1.300671866336781,1.8034592199614183,-1.7226127990742122,0.490918621059228,-1.4065829679999853,1.8975015890592133,-1.6300775981780207,0.5029827334120094,-1.0236582954177453,1.5266410288297547,-1.7507901542827213,0.5006677968465707,-1.2301977027257236,1.7308654995722943,-1.8316302091886807,0.4839215572409761,-1.321860053937912,1.805781611178888,-3.0934426450434627,0.4914941189266345,-0.7943326048211269,1.2858267237477614
2001-10-26 14:00:00,-23.0,-2.0,-2.6177168093219674,0.4757258357214952,-0.7917895983635007,1.267515434084996,-0.4503319493958209,0.4914742281902664,-1.5223149519663135,2.01378918015658,-1.1581202498622827,0.48563509303952457,-1.2965078462080946,1.7821429392476191,-1.2479662598200705,0.4746465392541417,-1.4020798800628909,1.8767264193170325,-1.1436662940044187,0.486411304173602,-1.0204552680384757,1.5068665722120778,-1.2670548618196635,0.4837352924630578,-1.2262593012510759,1.7099945937141336,-1.3634200212529874,0.46821018793569325,-1.3176282011437048,1.785838389079398,-2.6177168093219674,0.4757258357214952,-0.7917895983635007,1.267515434084996
2001-10-26 15:00:00,-25.0,2.0,-2.2842556642589438,0.3334611450630236,-0.9164555374734507,1.2499166825364743,-0.09268314894629315,0.35764880044952774,-1.6348147534131028,1.9924635538626305,-0.8162015009499135,0.3419187489123692,-1.4197554152149023,1.7616741641272715,-0.9005598323723929,0.3474064274476776,-1.5093421743109792,1.8567486017586567,-0.7976625329457763,0.3460037610586424,-1.1418624543044502,1.4878662153630926,-0.929274760597985,0.33778010122167856,-1.3521696834167913,1.68994978463847,-1.0215046047711283,0.3419154164818592,-1.4247326475699742,1.7666480640518334,-2.2842556642589438,0.3334611450630236,-0.9164555374734507,1.2499166825364743
2001-10-26 16:00:00,-23.0,2.0,-2.3981972292338707,-0.11394156497492691,-1.3515957047090017,1.2376541397340748,-0.16489023107685585,-0.0722070821305627,-2.049223208907295,1.9770161267767323,-0.9315906195066952,-0.11538911855678169,-1.8627228539495253,1.7473337353927436,-0.9654354862358272,-0.0648756538634343,-1.9070697163624684,1.842194062499034,-0.8940228210480972,-0.09636028810232089,-1.5707841676808538,1.474423879578533,-1.0554614344812687,-0.12618667388328375,-1.8022097473767396,1.6760230734934558,-1.0876367875604502,-0.06613218278932198,-1.818831803035651,1.752699620246329,-2.3981972292338707,-0.11394156497492691,-1.3515957047090017,1.2376541397340748
2001-10-26 17:00:00,-21.0,3.0,-1.937843584900004,0.46035364433386683,-0.7814837300878582,1.241837374421725,0.31273916674217217,0.477629397819028,-1.5025006257849234,1.9801300236039514,-0.4590565026698319,0.4725341168368633,-1.2796326067392076,1.752166723576071,-0.5043583405389547,0.4610771456968725,-1.3838305236862445,1.844907669383117,-0.4207558182062934,0.4732670028418038,-1.0048943704492797,1.4781613732910834,-0.5845408237188463,0.4709206107624224,-1.2102984110643453,1.6812190218267677,-0.6327216771952224,0.4549151103652278,-1.3004780608724444,1.7553931712376722,-1.937843584900004,0.46035364433386683,-0.7814837300878582,1.241837374421725
2001-10-26 18:00:00,-18.0,6.0,-1.5140004859320055,0.4238430989679983,-0.8011362624489863,1.2249793614169846,0.7320320596637799,0.41929289292160776,-1.5402850876156693,1.959577980537277,-0.038451668482261336,0.42060483418757055,-1.3118124465056349,1.7324172806932054,-0.09732388262750802,0.40703445791144666,-1.418630703270282,1.8256651611817287,0.021018821763059137,0.4417746399693525,-1.0180757306753778,1.4598503706447303,-0.16340640922399774,0.42113441449484856,-1.2407346540394741,1.6618690685343227,-0.2289974086923663,0.40372426850285614,-1.3331821162382032,1.7369063847410593,-1.5140004859320055,0.4238430989679983,-0.8011362624489863,1.2249793614169846
2001-10-26 19:00:00,-12.0,-2.0,-1.131608886022807,0.38239159990919847,-0.8271686180283695,1.209560217937568,1.0833209841827245,0.35128892451894456,-1.5903355608920375,1.941624485410982,0.32204183579301615,0.3604935042752775,-1.354438863086135,1.7149323673614125,0.24670990876623966,0.3440337913937477,-1.4647281034684339,1.8087618948621815,0.4329653842849903,0.4119465625219312,-1.0309142501504032,1.4428608126723343,0.20020181854497676,0.3636082277689745,-1.281051448082579,1.6446596758515535,0.11508151511160047,0.34407892380396676,-1.376502925105218,1.7205818489091849,-1.131608886022807,0.38239159990919847,-0.8271686180283695,1.209560217937568
2001-10-26 20:00:00,-14.0,-2.0,-0.7647846033347904,0.3668242826880167,-0.8289085698151663,1.195732852503183,1.4162865752513263,0.3329655910686018,-1.5936808367408435,1.9266464278094453,0.6647708192044928,0.3427289834114766,-1.357287929489973,1.7000169129014495,0.5734369609535033,0.3267270521872636,-1.4678091636359194,1.794536215823183,0.8264172473023408,0.39345186301735047,-1.0336561017996084,1.427107964816959,0.546328782144236,0.3461269635992592,-1.2837461438283906,1.6298731074276498,0.4424130134279094,0.3273314983163089,-1.3793984033328337,1.7067299016491426,-0.7647846033347904,0.3668242826880167,-0.8289085698151663,1.195732852503183
2001-10-26 21:00:00,-16.0,3.0,-0.6876986436038744,0.07708595973091592,-1.1054571471012813,1.1825431068321972,1.4738633781649975,0.05757680291367118,-1.8549263641549825,1.9125031670686536,0.7252945241004489,0.060523704895956154,-1.6253731724481484,1.6858968773441045,0.6402484539987925,0.06681149304528922,-1.7142666672384752,1.7810781602837644,0.905380984882058,0.0789637375797172,-1.3331793471842752,1.4121430847639924,0.6091645201186924,0.06283573797445641,-1.5530237306765156,1.615859468650972,0.5144501543520734,0.07203714092416402,-1.6215669958331753,1.6936041367573393,-0.6876986436038744,0.07708595973091592,-1.1054571471012813,1.1825431068321972
2001-10-26 22:00:00,-13.0,-2.0,-0.5641044921381736,0.12359415146570085,-1.056186509281749,1.17978066074745,1.556083964394029,0.0822205862290315,-1.8278421953782713,1.9100627816073028,0.8200855791543673,0.09479105505391838,-1.5886184334569147,1.683409488510833,0.7312561011127205,0.09100764711392806,-1.6873247514848897,1.7783323985988178,1.028700970674216,0.12331998579215808,-1.2858292290855704,1.4091492148777285,0.7090041062252608,0.0998395861065684,-1.5134823417178405,1.6133219278244089,0.6120633883745519,0.09761323402247846,-1.5931090658764582,1.6907222998989366,-0.5641044921381736,0.12359415146570085,-1.056186509281749,1.17978066074745
2001-10-26 23:00:00,-15.0,-2.0,-0.49003583156108943,0.07406866057708417,-1.1012896320782928,1.175358292655377,1.5707124929948484,0.014628528600819424,-1.8919520448761862,1.9065805734770056,0.8476595387406252,0.027573959586257857,-1.6519435188489684,1.6795174784352263,0.7583799187413365,0.02712381762861593,-1.747471834042006,1.7745956516706218,1.0836701698108435,0.054969199136627456,-1.3495107564649005,1.404479955601528,0.7421599516418889,0.03315584541662808,-1.5761382897877636,1.6092941352043917,0.6472177914566786,0.035154403082126695,-1.651666807036518,1.6868212101186446,-0.49003583156108943,0.07406866057708417,-1.1012896320782928,1.175358292655377
2001-10-27 00:00:00,-17.0,-2.0,-0.22738065294996823,0.2626551786111212,-0.9100568153660181,1.1727119939771393,1.7348804453888378,0.1641679523939894,-1.741793406223193,1.9059613586171824,1.0408250207675183,0.1931654820268931,-1.4852206875250888,1.678386169551982,0.9274482864802032,0.1690683677388667,-1.6044143482522826,1.7734827159911493,1.3002525624398158,0.21658239262897228,-1.185818763329132,1.4024011559581042,0.9447736738481103,0.20261372220622142,-1.4053439321081334,1.6079576543143548,0.8244418439037391,0.17722405244706052,-1.508193323837114,1.6854173762841744,-0.22738065294996823,0.2626551786111212,-0.9100568153660181,1.1727119939771393
2001-10-27 01:00:00,-19.0,-6.0,-0.16085925498954046,0.06652139796042777,-1.096830585128844,1.1633519830892718,1.7079574416660774,-0.026923003722760352,-1.9259421510024672,1.8990191472797069,1.0293108162895304,-0.0115142044779879,-1.6819858368054776,1.6704716323274897,0.9151652923137938,-0.012282994166409322,-1.7788364215005066,1.7665534273340973,1.3233327913439397,0.023080228904123867,-1.3711452980355048,1.3942255269396286,0.9398226858757079,-0.004950987972402343,-1.604753536807841,1.5998025488354386,0.8213776037496066,-0.003064240154132536,-1.6814133618513336,1.678349121697201,-0.16085925498954046,0.06652139796042777,-1.096830585128844,1.1633519830892718
2001-10-27 02:00:00,-25.0,-2.0,-1.7407903045459763,-1.5799310495564358,-2.7409184202048507,1.1609873706484148,-0.13455309092285872,-1.8425105325889362,-3.7426673113991815,1.9001567788102454,-0.9526677031218416,-1.981978519411372,-3.6529213970774355,1.6709428776660635,-0.8825533157343872,-1.797718608048181,-3.5647749985636854,1.7670563905155043,-0.31274646440471376,-1.6360792557486534,-3.0294349512177146,1.3933556954690611,-1.0542287363424032,-1.9940514222181112,-3.5940529988336443,1.600001576615533,-0.9538643385922008,-1.7752419423418073,-3.4537131494269344,1.678471207085127,-1.7407903045459763,-1.5799310495564358,-2.7409184202048507,1.1609873706484148
2001-10-27 03:00:00,-27.0,0.0,-4.93285561512299,-3.1920653105770134,-4.409863851300514,1.217798540723501,-3.6697991008567135,-3.5352460099338545,-5.514067460002021,1.9788214500681667,-4.797644333572404,-3.844976630450563,-5.598026873083018,1.7530502426324557,-4.4611808124367,-3.578627496702313,-5.4200687400284115,1.8414412433260983,-3.563349293624749,-3.2506028292200355,-4.7062902436891045,1.4556874144690688,-4.943285420623607,-3.889056684281204,-5.57022490879546,1.6811682245142554,-4.495852724339955,-3.5419883857477545,-5.291935170476607,1.7499467847288523,-4.93285561512299,-3.1920653105770134,-4.409863851300514,1.217798540723501
2001-10-27 04:00:00,-27.0,0.0,-4.852039396951185,0.08081621817180462,-1.2559030007952934,1.336719218967098,-3.6499718004234616,0.01982730043325187,-2.1143963815901943,2.134223682023446,-4.7680352523988265,0.0296090811735783,-1.888342559846907,1.9179516410204853,-4.426468193825704,0.03471261861099584,-1.9593675598086118,1.9940801784196076,-3.521718735682944,0.04163055794180548,-1.541945849577799,1.5835764075196044,-4.912333020129824,0.030952400493783117,-1.8142950250443233,1.8452474255381064,-4.460450953598906,0.035401770741048555,-1.8616071565953918,1.8970089273364403,-4.852039396951185,0.08081621817180462,-1.2559030007952934,1.336719218967098
2001-10-27 05:00:00,-27.0,0.0,-4.541100776478861,0.31093862047232435,-1.0227014389585534,1.3336400594308777,-3.3775303705916038,0.2724414298318576,-1.8608943057217975,2.133335735553655,-4.466866728128068,0.30116852427075935,-1.6154849418698,1.9166534661405594,-4.1514095722378315,0.27505862158787187,-1.717511775300716,1.992570396888588,-3.2506446357355987,0.2710740999473451,-1.3108303959760388,1.581904495923384,-4.606448060339567,0.3058849597902571,-1.5380264298241029,1.84391138961436,-4.186139575897233,0.27431137770167324,-1.6211983285603961,1.8955097062620694,-4.541100776478861,0.31093862047232435,-1.0227014389585534,1.3336400594308777
2001-10-27 06:00:00,-27.0,1.0,-4.0885143657143415,0.4525864107645192,-0.8692397599501489,1.3218261707146681,-2.9275995655155476,0.4499308050760562,-1.6712226153900929,2.121153420466149,-3.98672049511282,0.4801462330152477,-1.4233278276712447,1.9034740606864924,-3.710008845825338,0.4414007264124935,-1.5392265582873834,1.980627284699877,-2.829980315771486,0.4206643199641129,-1.1503752503333984,1.5710395702975113,-4.121921745089114,0.48452631525045264,-1.34620780932105,1.8307341245715028,-3.74874063242289,0.43739894347434305,-1.4465141037883293,1.8839130472626724,-4.0885143657143415,0.4525864107645192,-0.8692397599501489,1.3218261707146681
2001-10-27 07:00:00,-26.0,-1.0,-3.65066517201473,0.4378491936996115,-0.8668752100860405,1.304724403785652,-2.4931650580809475,0.4344345074345999,-1.6666764712878692,2.101110978722469,-3.523620055056168,0.4631004400566521,-1.4194560194814134,1.8825564595380655,-3.2835117335909425,0.42649711223439524,-1.535039476521313,1.9615365887557081,-2.42254618108465,0.407434134686836,-1.1468189145663916,1.5542530492532276,-3.6545096831416926,0.467412061947422,-1.3425457868972548,1.8099578488446768,-3.3258244760789255,0.42291615634396407,-1.4425792231200314,1.8654953794639955,-3.65066517201473,0.4378491936996115,-0.8668752100860405,1.304724403785652
2001-10-27 08:00:00,-27.0,0.0,-3.600147457857913,0.05051771415681694,-1.2377677670607168,1.2882854812175337,-2.500385293554821,-0.007220235473873515,-2.0890693447376503,2.0818491092637768,-3.5263071481369135,-0.0026870930807456617,-1.8651780404895322,1.8624909474087865,-3.276248655552766,0.007263078038176385,-1.9359152212841206,1.943178299322297,-2.405976592908565,0.016569588176085226,-1.5215108429338402,1.5380804311099254,-3.6563449496383402,-0.0018352664966478915,-1.7918630479951758,1.790027781498528,-3.3172286631067127,0.00859581297221279,-1.8391777562133493,1.8477735691855621,-3.600147457857913,0.05051771415681694,-1.2377677670607168,1.2882854812175337
2001-10-27 09:00:00,-27.0,1.0,-3.2320169451889824,0.3681305126689307,-0.9182650013497138,1.2863955140186445,-2.15661675169931,0.343768541855511,-1.7383999719243168,2.082168513779828,-3.152073506048775,0.37423364208813825,-1.4883734233124246,1.8626070654005629,-2.935347811392865,0.3409008441599011,-1.6019655681715999,1.942866412331501,-2.072018310420699,0.3339582824878662,-1.2034662281719626,1.5374245106598288,-3.2765406177638914,0.37980433187444906,-1.4103014881188989,1.790105819993348,-2.9771152361337214,0.3401134269729913,-1.5073008216626052,1.8474142486355964,-3.2320169451889824,0.3681305126689307,-0.9182650013497138,1.2863955140186445
2001-10-27 10:00:00,-26.0,2.0,-4.010617614162885,-0.7786006689739025,-2.0512655861716893,1.2726649171977868,-3.090434715638772,-0.9338179639394619,-3.0008062341476767,2.0669882702082147,-4.138649200175622,-0.9865756941268469,-2.8330457637701913,1.8464700696433445,-3.823651302207372,-0.8883034908145067,-2.8165592914744826,1.928255800659976,-2.891982952857709,-0.81996464243701,-2.3441989691023477,1.5242343266653378,-4.268792592766801,-0.9922519750029102,-2.766244151408143,1.7739921764052327,-3.8537658829232555,-0.8766506467895341,-2.709875580328906,1.833224933539372,-4.010617614162885,-0.7786006689739025,-2.0512655861716893,1.2726649171977868
2001-10-27 11:00:00,-24.0,-2.0,-4.301759051940161,-0.2911414377772763,-1.5929336089810409,1.3017921712037646,-3.4670631543642756,-0.37662843872550367,-2.4849820230933717,2.108353584367868,-4.530842336808237,-0.39219313663261546,-2.281355881082905,1.8891627444502894,-4.172152102714383,-0.3485008005070116,-2.314943617890978,1.9664428173839663,-3.2157672654603893,-0.32378431260268026,-1.8805058986617844,1.5567215860591042,-4.663129624249605,-0.3943370314828043,-2.210580115062117,1.8162430835793126,-4.197211689619853,-0.34344580669659774,-2.213355257300435,1.8699094506038374,-4.301759051940161,-0.2911414377772763,-1.5929336089810409,1.3017921712037646
2001-10-27 12:00:00,-26.0,0.0,-3.9055437628614174,0.3962152890787436,-0.9165530643065085,1.312768353385252,-3.1040984774882694,0.3629646768760062,-1.762188385586474,2.12515306246248,-4.125372967402756,0.4054693694054812,-1.500800517960225,1.9062698873657062,-3.813633118238671,0.3585189844757122,-1.623007694380168,1.98152667885588,-2.8563999704958127,0.35936729496457653,-1.210277073356203,1.5696443683207795,-4.249440077941264,0.4136895463083412,-1.4194828051783126,1.8331723514866538,-3.83808009068236,0.3591315989374928,-1.5252488386700251,1.884380437607518,-3.9055437628614174,0.3962152890787436,-0.9165530643065085,1.312768353385252
2001-10-27 13:00:00,-26.0,-1.0,-6.060887206794655,-2.155343443933238,-3.4531855928346618,1.297842148901424,-5.443824454512004,-2.3397259770237344,-4.448687866886139,2.108961889862405,-6.659337558967039,-2.5339645915642826,-4.42254958690099,1.8885849953367075,-6.1345484369846375,-2.320915318745967,-4.286925379809953,1.9660100610639866,-5.039603743858498,-2.1832037733626857,-3.738508439831555,1.5553046664688692,-6.81249341778817,-2.563053339846906,-4.378467622990321,1.8154142831434152,-6.137682175230587,-2.2996020845482277,-4.1688519508945685,1.8692498663463408,-6.060887206794655,-2.155343443933238,-3.4531855928346618,1.297842148901424
2001-10-27 14:00:00,-27.0,1.0,-5.532814868480607,0.5280723383140491,-0.8519963916015088,1.3800687299155578,-4.867475040627525,0.5763494138844787,-1.6380700739653862,2.214419487849865,-6.053972504888416,0.6053650540786222,-1.3950928490793622,2.0004579031579843,-5.575701574830133,0.5588468621545044,-1.5086924620121722,2.0675393241666766,-4.518964116243383,0.5206396276151142,-1.1227950292401323,1.6434346568552465,-6.205168900838076,0.6073245169500945,-1.3195026835324297,1.9268272004825242,-5.588311884033642,0.5493702911969451,-1.4178191721223459,1.967189463319291,-5.532814868480607,0.5280723383140491,-0.8519963916015088,1.3800687299155578
2001-10-27 15:00:00,-26.0,1.0,-5.062702018754932,0.47011284972567524,-0.889576292285539,1.3596891420112143,-4.357623860792867,0.5098511798346581,-1.678351907052221,2.188203086886879,-5.518886434609596,0.5350860702788207,-1.4383527205264293,1.97343879080525,-5.079670055437328,0.49603151939280576,-1.5468272195101405,2.0428587389029462,-4.057614227252897,0.4613498889904859,-1.1608474439856187,1.6221973329761046,-5.668384607310087,0.5367842935279887,-1.3633432938835952,1.900127587411584,-5.100483574055835,0.48782830997780624,-1.4557362370462827,1.943564547024089,-5.062702018754932,0.47011284972567524,-0.889576292285539,1.3596891420112143
2001-10-27 16:00:00,-25.0,1.0,-5.118237341653134,-0.055535322898202066,-1.3972092239263032,1.3416739010281011,-4.441454896499507,-0.0838310357066403,-2.2489726601000175,2.165141624393377,-5.617412198620045,-0.09852576401044955,-2.0482351432851917,1.9497093792747422,-5.150982094387862,-0.07131203895053373,-2.092388476924778,2.0210764379742443,-4.127477824649995,-0.06986359739709802,-1.6733575012911794,1.6034939038940814,-5.7708829428610615,-0.1024983355509741,-1.9791825276960737,1.8766841921450996,-5.174523652812583,-0.0740400787567479,-1.996745871470462,1.9227057927137141,-5.118237341653134,-0.055535322898202066,-1.3972092239263032,1.3416739010281011
2001-10-27 17:00:00,-24.0,3.0,-4.677955318586452,0.44028202306668207,-0.9035137944546597,1.3437958175213418,-3.9470949571280514,0.4943599393714555,-1.674565117577684,2.1689250569491394,-5.108580182521582,0.5088320160984632,-1.445235894924589,1.954067911023052,-4.671433049138961,0.47954904524890085,-1.544651742298967,2.024200787547868,-3.691681432424547,0.4357963922254484,-1.1705228601616005,1.6063192523870489,-5.262836393739288,0.5080465491217732,-1.373102891611853,1.8811494407336262,-4.7046809390648265,0.46984271374775655,-1.4560216698706994,1.925864383618456,-4.677955318586452,0.44028202306668207,-0.9035137944546597,1.3437958175213418
2001-10-27 18:00:00,-21.0,3.0,-4.244311948122044,0.4336433704644086,-0.8933760142234074,1.327019384687816,-3.518061083674165,0.4290338734538863,-1.7176275957543006,2.146661469208187,-4.639818881513097,0.4687613010084841,-1.4628494924014082,1.9316107934098923,-4.250162388313285,0.4212706608256762,-1.5819663929184031,2.0032370537440793,-3.279960423405412,0.41172100901913455,-1.177014861467388,1.5887358704865226,-4.787355595935898,0.47548079780339014,-1.3835880759488473,1.8590688737522374,-4.285495920692153,0.4191850183726742,-1.4866795838175586,1.9058646021902328,-4.244311948122044,0.4336433704644086,-0.8933760142234074,1.327019384687816
2001-10-27 19:00:00,-18.0,-1.0,-3.7942976443944016,0.45001430372764195,-0.8605846151645443,1.3105989188921863,-3.0452101510215437,0.47285093265262135,-1.6545820124498778,2.127432945102499,-4.1379373859157695,0.5018814955973281,-1.4091555486367682,1.9110370442340963,-3.7891516221089425,0.46101076620434256,-1.5239002589927109,1.9849110251970534,-2.840951702646475,0.4390087207589375,-1.1332040505496759,1.5722127713086134,-4.281637262521555,0.5057183334143429,-1.332803425354705,1.8385217587690479,-3.829497596968933,0.45599832372322013,-1.4321109556817295,1.8881092794049497,-3.7942976443944016,0.45001430372764195,-0.8605846151645443,1.3105989188921863
2001-10-27 20:00:00,-19.0,1.0,-3.347809073218828,0.4464885711755736,-0.8471780635765328,1.2936666347521064,-2.5676755544619208,0.47753459655962294,-1.6288062331533077,2.1063408297129307,-3.6360087468495514,0.5019286390662183,-1.3872031267302722,1.8891317657964906,-3.3243591852624994,0.4647924368464431,-1.5001602953945194,1.9649527322409626,-2.403599412077063,0.4373522905694116,-1.1173374244411873,1.554689715010599,-3.7768844314477352,0.5047528310738196,-1.3120404491594126,1.8167932802332323,-3.3704094981504253,0.4590880988185073,-1.4098009247227954,1.8688890235413027,-3.347809073218828,0.4464885711755736,-0.8471780635765328,1.2936666347521064
2001-10-27 21:00:00,-18.0,3.0,-2.907750072251404,0.4400590009674241,-0.8369168094492696,1.2769758104166937,-2.0916067989394618,0.476068755522459,-1.6090776832757334,2.0851464387981924,-3.1390589701378104,0.49694977671174123,-1.3704009402460993,1.8673507169578405,-2.861416312073347,0.4629428731891525,-1.4819899405606292,1.9449328137497817,-1.9667228648768413,0.4368765472002216,-1.1004538723223771,1.5373304195225987,-3.277798006917234,0.4990864245305011,-1.2961486537353955,1.7952350782658966,-2.913496661159118,0.4569128369913076,-1.392725027483012,1.8496378644743197,-2.907750072251404,0.4400590009674241,-0.8369168094492696,1.2769758104166937
2001-10-27 22:00:00,-15.0,-3.0,-2.838103606293719,0.06964646595768498,-1.1909849157235584,1.2606313816812433,-2.000849712518458,0.09075708642100389,-1.973366697657504,2.064123784078508,-3.059146211201539,0.07991275893627137,-1.765997385723425,1.8459101446596964,-2.7664772081872693,0.09493910388607785,-1.8301553555527084,1.9250944594387862,-1.8943317844770249,0.07239108039981645,-1.4476962275279883,1.5200873079278048,-3.2015593258877635,0.07623868102947085,-1.697806721390035,1.7740454024195058,-2.8223951317894613,0.09110152936965643,-1.7394753507915288,1.8305768801611852,-2.838103606293719,0.06964646595768498,-1.1909849157235584,1.2606313816812433
2001-10-27 23:00:00,-18.0,2.0,-3.4691611625750123,-0.6310575562812932,-1.8891118164174148,1.2580542601361215,-2.6570725745151353,-0.6562228619966772,-2.716351004723946,2.060128142727269,-3.7906966793167833,-0.7315504681152443,-2.5740243837698094,1.842473915654565,-3.4028343288355254,-0.6363571206482561,-2.557395748854079,1.9210386282058227,-2.5204995187652366,-0.6261677342882117,-2.143407225621342,1.5172394913331302,-3.944732861792854,-0.7431735359050904,-2.5139931541151435,1.770819618210053,-3.4571870026201097,-0.6347918708306481,-2.461580082491553,1.8267882116609047,-3.4691611625750123,-0.6310575562812932,-1.8891118164174148,1.2580542601361215
2001-10-28 00:00:00,-16.0,1.0,-5.451904616188859,-1.9827434536138469,-3.264244974494874,1.281501520881027,-4.734871160519379,-2.0777985860042443,-4.166904574145252,2.0891059881410077,-6.066263499099422,-2.2755668197826386,-4.149616711706063,1.8740498919234243,-5.481830265814201,-2.078995936978676,-4.027301703349668,1.9483057663709922,-4.503250642044376,-1.9827511232791402,-3.524711973779742,1.541960850500602,-6.250045647888397,-2.3053127860955427,-4.107702460632002,1.802389674536459,-5.520233634477368,-2.063046631857258,-3.916315739603844,1.8532691077465862,-5.451904616188859,-1.9827434536138469,-3.264244974494874,1.281501520881027
2001-10-28 01:00:00,-15.0,-2.0,-7.934663710675489,-2.4827590944866302,-3.8393391072482133,1.356580012761583,-7.328470951521016,-2.593599791001637,-4.7757932170658535,2.1821934260642166,-8.913869871680873,-2.847606372581451,-4.821591917266814,1.9739855446853634,-8.115963539096072,-2.63413327328187,-4.672860871683965,2.038727598402095,-6.9843202488368155,-2.481069606792439,-4.1026281211894,1.621558514396961,-9.141559034228049,-2.8915133863396516,-4.79360750206479,1.9020941157251388,-8.135496117572945,-2.6152624830955773,-4.555909357093694,1.9406468739981169,-7.934663710675489,-2.4827590944866302,-3.8393391072482133,1.356580012761583
2001-10-28 02:00:00,-17.0,1.0,-10.70778196452155,-2.7731182538460613,-4.226723843160664,1.4536055893146025,-10.187977765774658,-2.8595068142536415,-5.160743078866798,2.301236264613156,-12.05404512480711,-3.1401752531262384,-5.242875269954634,2.102700016828396,-11.043142184133696,-2.9271786450376247,-5.0834182030124015,2.156239557974777,-9.749691896663656,-2.76537164782684,-4.489354339681633,1.7239826918547922,-12.331861385806107,-3.190302351578059,-5.221248491002922,2.030946139424863,-11.043360705423712,-2.9078645878507663,-4.96217050464059,2.054305916789824,-10.70778196452155,-2.7731182538460613,-4.226723843160664,1.4536055893146025
2001-10-28 03:00:00,-16.0,-39.0,-15.783822721670173,-5.076040757148624,-6.641980781372804,1.5659400242241805,-15.226969922816302,-5.038992157041643,-7.475140183917975,2.4361480268763316,-17.467319756256188,-5.413274631449077,-7.662626380695816,2.249351749246738,-16.17835789998957,-5.135215715855876,-7.425902614249634,2.290686898393757,-14.839218059612483,-5.089526162948827,-6.931365825408588,1.8418396624597615,-17.772310387820895,-5.440449002014786,-7.618461381458128,2.1780123794433424,-16.128614890798087,-5.0852541853743745,-7.269732972662135,2.184478787287761,-15.783822721670173,-5.076040757148624,-6.641980781372804,1.5659400242241805
2001-10-28 04:00:00,-55.0,-33.0,-35.046638532250206,-19.262815810580033,-21.045207542010733,1.7823917314306992,-32.794390054345264,-17.567420131528962,-20.250660658161156,2.6832405266321917,-35.846203264504894,-18.378883508248705,-20.89265033871679,2.5137668304680876,-34.41488895472772,-18.23653105473815,-20.77290482585228,2.536373771114129,-34.13946956587618,-19.300251506263702,-21.369185691626928,2.0689341853632266,-36.19450617823884,-18.422195790417945,-20.86285841313827,2.4406626227203256,-34.1586484345441,-18.03003354374601,-20.45176842503633,2.4217348812903206,-35.046638532250206,-19.262815810580033,-21.045207542010733,1.7823917314306992
2001-10-28 05:00:00,-88.0,-21.0,-51.576362837394214,-16.529724305144004,-19.26095261471134,2.7312283095673338,-47.40036281564198,-14.605972761296712,-18.243971347703592,3.63799858640688,-51.1462192876823,-15.300016023177408,-18.821114018778207,3.5210979956007993,-49.415187496349716,-15.000298541621994,-18.510295137421707,3.5099965957997137,-50.665404380857346,-16.525934814981163,-19.57596893883558,3.0500341238544157,-51.496343088041925,-15.30183690980309,-18.742880557414395,3.4410436476113064,-49.00851610329414,-14.84986766875004,-18.211347967423645,3.3614802986736048,-51.576362837394214,-16.529724305144004,-19.26095261471134,2.7312283095673338
2001-10-28 06:00:00,-109.0,-9.0,-66.26664040732042,-14.690277569926213,-18.396532189668847,3.706254619742634,-60.326036386532984,-12.925673570891007,-17.467904994602,4.5422314237109935,-64.67603215966355,-13.529812871981253,-18.01864822046537,4.488835348484116,-62.66043399133932,-13.245246494989603,-17.67437439619441,4.429127901204806,-65.31989493626858,-14.654490555411233,-18.695430255248887,4.040939699837654,-65.13934002223077,-13.642996934188842,-18.04528534655033,4.402288412361488,-62.14212434219287,-13.133608238898734,-17.38452560668767,4.2509173677889365,-66.26664040732042,-14.690277569926213,-18.396532189668847,3.706254619742634
2001-10-28 07:00:00,-118.0,-16.0,-75.30308192706572,-9.03644151974529,-13.733881431004933,4.697439911259643,-68.05128219161686,-7.72524580508388,-13.15130769828116,5.42606189319728,-72.76362910915546,-8.087596949491918,-13.529971672883034,5.442374723391118,-70.44970330738244,-7.789269316043118,-13.118750750631701,5.329481434588583,-74.29527932916518,-8.9753843928966,-14.011425329672743,5.036040936776142,-73.25896036699586,-8.119620344765096,-13.478664434692512,5.359044089927416,-69.89872115630261,-7.756596814109742,-12.881053325663958,5.124456511554215,-75.30308192706572,-9.03644151974529,-13.733881431004933,4.697439911259643
2001-10-28 08:00:00,-134.0,-8.0,-86.89654687930783,-11.593464952242115,-16.95889118834562,5.365426236103507,-78.07180415655148,-10.02052196493462,-16.012307652614147,5.991785687679528,-83.21287499908028,-10.449245889924821,-16.50543112264097,6.05618523271615,-80.65784160242654,-10.208138295044112,-16.10597264496627,5.8978343499221575,-85.8555572630167,-11.560277933851518,-17.2598165261903,5.699538592338781,-83.8165014434879,-10.557541076492026,-16.53061843258111,5.973077356089085,-80.05303855552482,-10.154317399222213,-15.832990910985972,5.678673511763758,-86.89654687930783,-11.593464952242115,-16.95889118834562,5.365426236103507
2001-10-28 09:00:00,-142.0,-7.0,-95.15221607752598,-8.255669198218143,-14.543110208130232,6.287441009912088,-85.17029627949167,-7.0984921229401845,-13.865871029911194,6.767378906971009,-90.58896784703475,-7.376092847954466,-14.273876327987571,6.897783480033105,-87.83032403205678,-7.172482429630237,-13.858753715893224,6.686271286262987,-94.08546358951975,-8.229906326503045,-14.844508310267738,6.614601983764693,-91.3244162927946,-7.507914849306704,-14.329181815336199,6.821266966029495,-87.21789156714819,-7.164853011623367,-13.612065529442287,6.44721251781892,-95.15221607752598,-8.255669198218143,-14.543110208130232,6.287441009912088
2001-10-28 10:00:00,-149.0,-8.0,-101.42746811275002,-6.275252035224039,-13.263797979144162,6.988545943920123,-90.27876811221154,-5.108471832719866,-12.453832412177608,7.345360579457742,-95.83739876310673,-5.2484309160719835,-12.773251861552852,7.524820945480869,-92.88705704564842,-5.056733013591633,-12.326555697983833,7.2698226843922,-100.34058713023408,-6.255123540714341,-13.562663816240574,7.307540275526233,-96.64744145270176,-5.323025159907165,-12.781725539478973,7.458700379571808,-92.29384499379248,-5.075953426644283,-12.094784404563985,7.018830977919702,-101.42746811275002,-6.275252035224039,-13.263797979144162,6.988545943920123
2001-10-28 11:00:00,-157.0,11.0,-105.37209633878877,-3.944628226038743,-11.490879222742358,7.546250996703614,-93.498581460959,-3.219813348747466,-10.99577515842017,7.775961809672704,-99.09798434932497,-3.260585586218241,-11.248180399015878,7.987594812797637,-96.02380459633703,-3.1367475506886127,-10.832656601549035,7.695909050860422,-104.27369541769971,-3.9331082874656227,-11.790397662623834,7.857289375158211,-99.96880608896168,-3.321364636259929,-11.249244714409164,7.927880078149235,-95.47473582775324,-3.180890833960766,-10.619376971351857,7.438486137391091,-105.37209633878877,-3.944628226038743,-11.490879222742358,7.546250996703614
2001-10-28 12:00:00,-146.0,16.0,-103.64734076713655,1.7247555716522065,-6.183026954249371,7.9077825259015775,-91.69758150449692,1.8009999564620758,-6.252666248368969,8.053666204831044,-97.0375747763166,2.060409573008365,-6.22163741710026,8.282046990108626,-94.04884703999303,1.974957556343992,-5.991355252947783,7.966312809291775,-102.52074395747891,1.7529514602207996,-6.460218806937203,8.213170267158002,-97.89471052341042,2.0740955655512554,-6.1537847989112375,8.227880364462493,-93.60224616178907,1.8724896659641717,-5.835186993677907,7.707676659642079,-103.64734076713655,1.7247555716522065,-6.183026954249371,7.9077825259015775
2001-10-28 13:00:00,-130.0,2.0,-102.11602204217961,1.531318724956944,-6.217346480472474,7.748665205429418,-90.075465954003,1.6221155504939313,-6.275616480053092,7.897732030547023,-95.19371917226543,1.8438556040511695,-6.251503124231268,8.095358728282438,-92.27269120044679,1.7761558395462442,-6.019361101016768,7.7955169405630125,-100.95593597648896,1.5648079809899507,-6.488775709370966,8.053583690360917,-96.05073701719796,1.8439735062124614,-6.195912159637774,8.039885665850235,-91.91724766469727,1.6849984970918,-5.8636349558329535,7.548633452924753,-102.11602204217961,1.531318724956944,-6.217346480472474,7.748665205429418
2001-10-28 14:00:00,-128.0,10.0,-95.5231152171852,6.592906824994421,-1.0158418515248757,7.608748676519297,-84.26995868957492,5.805507264428072,-1.9530835497279604,7.758590814156032,-88.92700286176266,6.266716310502769,-1.6633799354407781,7.930096245943547,-86.4280225030728,5.844668697373988,-1.7988256277837436,7.643494325157731,-94.33170600157688,6.624229974912087,-1.2882181232337269,7.912448098145814,-89.74941674567432,6.301320271523643,-1.5732531995963583,7.8745734711200015,-86.20079191524262,5.7164557494546475,-1.690476705222797,7.406932454677444,-95.5231152171852,6.592906824994421,-1.0158418515248757,7.608748676519297
2001-10-28 15:00:00,-118.0,6.0,-89.8860951176844,5.637020099500791,-1.3838937890559004,7.0209138885566915,-79.23732489997948,5.03263378959544,-2.2381071489290205,7.270740938524461,-83.51320798024956,5.413794881513099,-1.9673630310029846,7.381157912516084,-81.3423352781907,5.085687224882096,-2.068124797121043,7.153812022003139,-88.66375616099141,5.667949840585467,-1.6608551863591918,7.328805026944659,-84.3080580123516,5.441358733322733,-1.8812621817354167,7.32262091505815,-81.22255909657832,4.9782328186642895,-1.9579745884429203,6.93620740710721,-89.8860951176844,5.637020099500791,-1.3838937890559004,7.0209138885566915
2001-10-28 16:00:00,-112.0,5.0,-87.18251420902995,2.7035809086544615,-3.833465455020961,6.537046363675422,-76.69342139817593,2.5439035018035527,-4.316750880046304,6.860654381849857,-80.75579868880108,2.7574092914484822,-4.165372674694905,6.922781966143387,-78.67386154632771,2.668473731862991,-4.072434144435951,6.740907876298942,-85.93216024066525,2.7315959203261535,-4.1155708558620026,6.847166776188156,-81.53926943432135,2.7687885780302404,-4.093341375365308,6.862129953395549,-78.62302411459123,2.599534981987098,-3.939325095060906,6.538860077048004,-87.18251420902995,2.7035809086544615,-3.833465455020961,6.537046363675422
2001-10-28 17:00:00,-107.0,2.0,-87.32448020329169,-0.14196599426173684,-6.453073031851017,6.31110703758928,-76.77122793083815,-0.07780653266222615,-6.735698789973877,6.657892257311651,-80.81121996023435,-0.05542127143328113,-6.7503859804963335,6.694964709063052,-78.63674293507162,0.0371186112560844,-6.492046578295265,6.52916518955135,-86.0600121776477,-0.12785193698244512,-6.74874459174603,6.620892654763585,-81.61488296008359,-0.0756135257622299,-6.70916686772543,6.6335533419632,-78.618986794824,0.004037319767230763,-6.331993402660244,6.336030722427474,-87.32448020329169,-0.14196599426173684,-6.453073031851017,6.31110703758928
2001-10-28 18:00:00,-105.0,1.0,-87.97524195365104,-0.6507617503593544,-6.973634094690409,6.322872344331055,-77.49312110945259,-0.7218931786144367,-7.385941926448317,6.66404874783388,-81.5608500621894,-0.7496301019550451,-7.449136184418909,6.699506082463864,-79.27018442747016,-0.6334414923985392,-7.159685156939146,6.526243664540607,-86.715594727942,-0.655582550294298,-7.286981123095983,6.631398572801685,-82.3808601950391,-0.7659772349555212,-7.405721408976141,6.63974417402062,-79.27589615675242,-0.6569093619284203,-6.992627556834531,6.335718194906111,-87.97524195365104,-0.6507617503593544,-6.973634094690409,6.322872344331055
2001-10-28 19:00:00,-104.0,0.0,-85.32158512358147,2.653656830069571,-3.7232870424414086,6.37694387251098,-75.2003138923672,2.2928072170853797,-4.428497434935728,6.721304652021107,-79.09084704050397,2.4700030216854225,-4.291081104345947,6.76108412603137,-76.88003084407787,2.3901535833922845,-4.186036500410077,6.576190083802361,-84.0575854172114,2.658009310730608,-4.027390990160119,6.685400300890727,-79.89597614640668,2.484884048632429,-4.2177370368202975,6.702621085452726,-76.9419878304845,2.3339083262679203,-4.052762398751005,6.386670725018925,-85.32158512358147,2.653656830069571,-3.7232870424414086,6.37694387251098
2001-10-28 20:00:00,-104.0,-5.0,-81.0704241558615,4.25116096771997,-1.906736319028011,6.157897286747981,-71.3529115047598,3.8474023876073984,-2.692897968532014,6.540300356139412,-74.98137755832016,4.10946948218381,-2.449782393064875,6.559251875248685,-72.99249400086107,3.887536843216788,-2.501187488814077,6.388724332030865,-79.77883702372853,4.278748393482877,-2.1890619870727734,6.46781038055565,-75.76363521184138,4.132340934565299,-2.3673815968023875,6.499722531367687,-73.12243055733462,3.819557273149884,-2.3870115654858783,6.2065688386357625,-81.0704241558615,4.25116096771997,-1.906736319028011,6.157897286747981
2001-10-28 21:00:00,-109.0,3.0,-78.29246515693168,2.7779589989298206,-3.0370040483367893,5.81496304726661,-68.91290468149111,2.440006823268695,-3.802113859783961,6.242120683052656,-72.37623771237432,2.605139845945836,-3.62509054443437,6.230230390380206,-70.4752237609666,2.5172702398944726,-3.5723349573158836,6.089605197210356,-76.9926113182381,2.7862257054904167,-3.338879296922405,6.1251050024128215,-73.14179901999896,2.621836191842422,-3.5473727564648376,6.16920894830726,-70.65119163660127,2.471238920733349,-3.4461414123668406,5.91738033310019,-78.29246515693168,2.7779589989298206,-3.0370040483367893,5.81496304726661
2001-10-28 22:00:00,-106.0,10.0,-73.69319113260245,4.599274024329235,-0.9969031455378181,5.596177169867053,-64.77295488068911,4.139949800802007,-1.916671508758263,6.05662130956027,-67.98257028937329,4.3936674230010375,-1.6323689434297717,6.026036366430809,-66.34076943752562,4.134454323440974,-1.7652894728838031,5.899743796324778,-72.37854618131853,4.614065136919583,-1.2928926184837215,5.906957755403305,-68.72174103010686,4.420057989892101,-1.5439224728246395,5.96398046271674,-66.57619996323378,4.074991673367487,-1.6589605383606754,5.7339522117281625,-73.69319113260245,4.599274024329235,-0.9969031455378181,5.596177169867053
2001-10-28 23:00:00,-96.0,13.0,-69.45131766268322,4.241873469919229,-1.0012976391531896,5.243171109072419,-60.949788984846485,3.823165895842628,-1.9251204746840942,5.748286370526722,-63.9327720084497,4.049798280923586,-1.6395646624240805,5.689362943347666,-62.51940708649269,3.821362351032933,-1.7730711248452735,5.594433475878207,-68.12235823980663,4.256187941511898,-1.2982109851891612,5.55439892670106,-64.64661635953354,4.075124670573317,-1.5507283069518818,5.625852977525199,-62.80468089142359,3.7715190718101916,-1.6662734769611913,5.437792548771383,-69.45131766268322,4.241873469919229,-1.0012976391531896,5.243171109072419
2001-10-29 00:00:00,-83.0,4.0,-65.55224048621142,3.899077176471803,-1.0287130333323344,4.9277902098041375,-57.456920251422396,3.49286873342409,-1.977830013378744,5.470698746802834,-60.22961778511552,3.7031542233341845,-1.6844557215307085,5.387609944864893,-59.02156807122834,3.4978390152643533,-1.8216175728688626,5.319456588133216,-64.21149856571066,3.9108596740959705,-1.3279437742366262,5.238803448332597,-60.91694918854736,3.729667170986172,-1.5931870386390932,5.322854209625265,-59.345891160354626,3.458789731068964,-1.7118958198040033,5.170685550872967,-65.55224048621142,3.899077176471803,-1.0287130333323344,4.9277902098041375
2001-10-29 01:00:00,-79.0,6.0,-63.37880078277198,2.1734397034394326,-2.473084210908303,4.6465239143477355,-55.41685518263574,2.0400650687866553,-3.183032604295995,5.22309767308265,-58.067844480551656,2.1617733045638645,-2.9571085336482494,5.118881838212114,-56.91608664444312,2.105481426785219,-2.9683523626307418,5.073833789415961,-62.01618057289501,2.195317992815648,-2.761633101631032,4.95695109444668,-58.74157045465619,2.1753787338911703,-2.8775131770638858,5.052891910955056,-57.261058225577706,2.084832934776922,-2.8468067314872254,4.9316396662641475,-63.37880078277198,2.1734397034394326,-2.473084210908303,4.6465239143477355
2001-10-29 02:00:00,-73.0,7.0,-59.858999384690996,3.519801398080989,-0.9735253317870096,4.493326729867999,-52.207445163538694,3.2094100190970485,-1.8717247255589198,5.0811347446559685,-54.696748103407465,3.3710963771441893,-1.5940891794397427,4.965185556583932,-53.71119610008313,3.2048905443599924,-1.7238926644796362,4.928783208839628,-58.45791142768957,3.558269145205447,-1.24388230359541,4.802151448800857,-55.35061075865627,3.390959695999915,-1.5077168171629654,4.89867651316288,-54.09083125483842,3.1702269707392885,-1.6200571898665608,4.790284160605849,-59.858999384690996,3.519801398080989,-0.9735253317870096,4.493326729867999
2001-10-29 03:00:00,-66.0,-1.0,-56.55931789556185,3.2996814891291506,-0.9509951868554097,4.25067667598456,-49.17409384330843,3.03335132023027,-1.8284076921320715,4.8617590123623415,-51.523760812716496,3.172987290690969,-1.5571974221592757,4.730184712850245,-50.68316284130364,3.0280332587794847,-1.683996885387834,4.7120301441673185,-55.128667781297466,3.3292436463921034,-1.2272173131159487,4.556460959508052,-52.160381391555646,3.1902293671006268,-1.4728239619928403,4.663053329093467,-51.09411971786796,2.9967115369704596,-1.5825644589705148,4.579275995940974,-56.55931789556185,3.2996814891291506,-0.9509951868554097,4.25067667598456
2001-10-29 04:00:00,-67.0,-8.0,-54.00567687209197,2.553641023469879,-1.475676683873542,4.029317707343421,-46.832655916296474,2.341437927011953,-2.3174294107645204,4.658867337776473,-49.0779430090543,2.4458178036621914,-2.0683808995006063,4.514198703162798,-48.317684058086954,2.365478783216688,-2.146237334840895,4.511716118057583,-52.55313466246847,2.5755331188289947,-1.7568927641795813,4.332425883008576,-49.701289405796466,2.4590919857591826,-1.9875877622571443,4.446679748016327,-48.74902132952551,2.3450983883424494,-2.0390880783216017,4.384186466664051,-54.00567687209197,2.553641023469879,-1.475676683873542,4.029317707343421
2001-10-29 05:00:00,-75.0,-7.0,-57.34412506046784,-3.338448188375872,-7.200517858065392,3.86206966968952,-49.73733539082869,-2.904679474532214,-7.409892328636232,4.505212854104018,-52.21382010663267,-3.1358770975783683,-7.487032955111433,4.351155857533064,-51.158870422307,-2.8411863642200457,-7.199445496363799,4.358259132143753,-55.87314318329969,-3.3200085208312142,-7.4829932221688455,4.162984701337631,-52.88643823307426,-3.1851488272777964,-7.468551547258234,4.283402719980438,-51.54804705699272,-2.799025727467213,-7.033505384449059,4.234479656981846,-57.34412506046784,-3.338448188375872,-7.200517858065392,3.86206966968952
2001-10-29 06:00:00,-82.0,9.0,-54.22870292323863,3.115422137229209,-0.9660078477850796,4.081429985014289,-46.898392876424005,2.8389425144046845,-1.857271418366001,4.696213932770686,-49.2348581063146,2.9789620003180692,-1.581779751515468,4.560741751833537,-48.3265537056782,2.832316716628794,-1.7105809045252427,4.542897621154037,-52.7297501845632,3.143392998736486,-1.2386406958017655,4.382033694538252,-49.88704066256122,2.9993975705130387,-1.4960743496458047,4.495471920158844,-48.742129523108154,2.8059175338845677,-1.6075472390626324,4.4134647729472,-54.22870292323863,3.115422137229209,-0.9660078477850796,4.081429985014289
2001-10-29 07:00:00,-73.0,3.0,-51.29571230487316,2.9329906183654666,-0.943544624076049,3.876535242441516,-44.20298430347305,2.6954085729509516,-1.8140830493948763,4.509491622345828,-46.41832958894324,2.8165285173713617,-1.5449975737120718,4.361526091083434,-45.638527755003985,2.6880259506742132,-1.6708036277475746,4.358829578421788,-49.76324662306131,2.9665035615018898,-1.2079925209805629,4.174496082482452,-47.05269633207728,2.834344330483936,-1.4612851366197495,4.295629467103685,-46.07825186661975,2.6638776564884035,-1.5701658727138028,4.234043529202206,-51.29571230487316,2.9329906183654666,-0.943544624076049,3.876535242441516
2001-10-29 08:00:00,-70.0,4.0,-48.54803029701643,2.7476820078567283,-0.9407785468765258,3.688460554733254,-41.67603410310581,2.526950200367241,-1.8087649185583126,4.335715118925553,-43.78153345601517,2.6367961329280707,-1.5404682886598164,4.177264421587887,-43.116773924787616,2.521753830216366,-1.6659055320967,4.187659362313066,-46.98921620494521,2.7740304181161073,-1.2092244470114442,3.9832548651275514,-44.39873816649491,2.6539581655823703,-1.4570012613315362,4.110959426913906,-43.57666464852115,2.5015872180986007,-1.5655628047622092,4.06715002286081,-48.54803029701643,2.7476820078567283,-0.9407785468765258,3.688460554733254
2001-10-29 09:00:00,-66.0,6.0,-45.9656501459981,2.582380151018333,-0.9341310387679943,3.5165111897863275,-39.29611801714485,2.379916085960963,-1.795984249289797,4.17590033525076,-41.30275156818805,2.47878188782712,-1.5295833939374608,4.008365281764581,-40.74071407079912,2.376059853988492,-1.6541343022260493,4.030194156214542,-44.381262228646165,2.607953976299041,-1.2005247296478823,3.808478705946923,-41.90372387659693,2.4950142898979784,-1.4467061416872813,3.9417204315852596,-41.217685869366015,2.3589787791551373,-1.5545005930720885,3.9134793722272256,-45.9656501459981,2.582380151018333,-0.9341310387679943,3.5165111897863275
2001-10-29 10:00:00,-60.0,0.0,-44.439470180823996,1.5261799651741008,-1.8324676954679415,3.3586476606420423,-37.826593842544725,1.4695241746001262,-2.558604540044768,4.028128714644894,-39.78236570658581,1.5203858616022452,-2.3323801623249607,3.852766023927206,-39.23464443452889,1.5060696362702295,-2.3785178984932833,3.884587534763513,-42.821448358265904,1.5598138703802573,-2.0879280386069055,3.6477419089871628,-40.374119733981196,1.5296041426157312,-2.2562569326206607,3.785861075236392,-39.717180781964245,1.5005050874017734,-2.27077499650266,3.771280083904433,-44.439470180823996,1.5261799651741008,-1.8324676954679415,3.3586476606420423
2001-10-29 11:00:00,-60.0,-1.0,-43.837771947934804,0.6016982328891922,-2.665356859107159,3.267055091996351,-37.12625661485049,0.7003372276942361,-3.2378763702006017,3.938213597894838,-39.075277368348196,0.7070883382376079,-3.0517633275662006,3.7588516658038085,-38.474937541069124,0.7597068934597626,-3.033974805395317,3.7936816988550794,-42.181246270882596,0.640202087383305,-2.9130595378599873,3.5532616252432923,-39.66495575341517,0.7091639805660281,-2.9826998021996243,3.6918637827656524,-38.953668168463,0.7635126135012507,-2.918686267588309,3.6821988810895596,-43.837771947934804,0.6016982328891922,-2.665356859107159,3.267055091996351
2001-10-29 12:00:00,-61.0,1.0,-45.06662843150786,-1.2288564835730522,-4.4601491097117485,3.2312926261386963,-38.188684683606226,-1.0624280687557328,-4.958147535365127,3.895719466609394,-40.268752868569145,-1.193475500220948,-4.909045039345071,3.715569539124123,-39.47702722498173,-1.0020896839126086,-4.750324133836033,3.7482344499234244,-43.37945538448166,-1.1982091135990665,-4.7130515497448515,3.514842436145785,-40.88348397923746,-1.2185282258222903,-4.867213345665214,3.648685119842924,-39.93492628197727,-0.9812581135142695,-4.618537890485999,3.637279776971729,-45.06662843150786,-1.2288564835730522,-4.4601491097117485,3.2312926261386963
2001-10-29 13:00:00,-60.0,-6.0,-47.327096889362245,-2.260468457854387,-5.565008736052065,3.304540278197678,-40.19972868394366,-2.0110440003374372,-5.9713184619049,3.960274461567463,-42.47769326125827,-2.208940392689124,-5.99771017568036,3.7887697829912357,-41.45144678273388,-1.9744195577521526,-5.782658726737058,3.808239168984905,-45.60531513663634,-2.22585975215468,-5.812778291249608,3.586918539094928,-43.152964532754,-2.2694805535165354,-5.992514581085717,3.723034027569182,-41.87915016200056,-1.9442238800232934,-5.639283720617189,3.6950598405938955,-47.327096889362245,-2.260468457854387,-5.565008736052065,3.304540278197678
2001-10-29 14:00:00,-66.0,-1.0,-46.162498972432836,1.1645979169294107,-2.2768245551895827,3.4414224721189934,-39.07686828103599,1.122860402907667,-2.961061028066245,4.083921430973912,-41.324732941375885,1.1529603198823786,-2.77317571617779,3.9261360360601687,-40.29457400452426,1.1568727782096273,-2.770988142187,3.9278609203966273,-44.41189764377654,1.1934174928598047,-2.5293352736254593,3.722752766485264,-41.997211877496,1.1557526552580009,-2.707753403108284,3.863506058366285,-40.729857754226394,1.1492924077741664,-2.661595269819053,3.8108876775932194,-46.162498972432836,1.1645979169294107,-2.2768245551895827,3.4414224721189934
2001-10-29 15:00:00,-67.0,0.0,-44.19447614369352,1.9680228287393142,-1.4025307614905966,3.370553590229911,-37.26330558979152,1.8135626912444698,-2.2010864739598093,4.014649165204279,-39.443238413145174,1.8814945282307134,-1.972637784742599,3.8541323129733125,-38.47766108081433,1.8169129237099275,-2.0406335604371524,3.85754648414708,-42.42702331056129,1.9848743332152492,-1.6647356221518828,3.649609955367132,-40.104222904491166,1.8929889730048308,-1.8986554472577297,3.7916444202625605,-38.92808405075396,1.8017737034724348,-1.940428450519426,3.742202153991861,-44.19447614369352,1.9680228287393142,-1.4025307614905966,3.370553590229911
2001-10-29 16:00:00,-67.0,-2.0,-44.62689324580634,-0.4324171021128209,-3.6848870034336625,3.2524699013208416,-37.925669818336765,-0.6623642285452438,-4.566381230413592,3.904017001868348,-40.21053941228812,-0.7673009991429489,-4.505362806653729,3.7380618075107797,-39.098155089448454,-0.6204940086341288,-4.368890897236133,3.748396888602004,-42.871753280229434,-0.4447299696681437,-3.9742970433827587,3.529567073714615,-40.897248284894886,-0.7930253804037162,-4.468426095103345,3.6754007146996286,-39.53614909671988,-0.6080650459659251,-4.243844427129166,3.635779381163241,-44.62689324580634,-0.4324171021128209,-3.6848870034336625,3.2524699013208416
2001-10-29 17:00:00,-69.0,0.0,-43.95232799933353,0.6745652464728149,-2.603669701702208,3.278234948175023,-37.536146140620524,0.38952367771623786,-3.554720131818915,3.944243809535153,-39.85722368979888,0.35331572248923937,-3.4318670502594757,3.785182772748715,-38.67781624620301,0.4203388432454487,-3.365157597148877,3.7854964403943256,-42.208170702551534,0.6635825776779027,-2.8927067472808177,3.5562893249587204,-40.54992420539988,0.3473240794950021,-3.3765540648946266,3.7238781443896287,-39.11799850491444,0.418150591805444,-3.2533728701799816,3.6715234619854256,-43.95232799933353,0.6745652464728149,-2.603669701702208,3.278234948175023
2001-10-29 18:00:00,-69.0,2.0,-42.8367429473246,1.1155850520089259,-2.1225011457516936,3.2380861977606195,-36.62991767619491,0.9062284644256176,-3.014333758831695,3.9205622232573125,-38.94453516005971,0.9126885297391705,-2.85075999721682,3.7634485269559903,-37.7486487717092,0.9291674744938128,-2.831176799835519,3.7603442743293316,-41.09577386053429,1.112396842017246,-2.404057150459091,3.516453992476337,-39.63494698619058,0.9149772192093066,-2.7876300066645325,3.702607225873839,-38.19598948119071,0.9220090237237333,-2.72491538265724,3.646924406380973,-42.8367429473246,1.1155850520089259,-2.1225011457516936,3.2380861977606195
2001-10-29 19:00:00,-67.0,-1.0,-40.55135131744886,2.2853916298757415,-0.8868400414858244,3.172231671361566,-34.469236201209945,2.1606814749849597,-1.7050613672453236,3.8657428422302833,-36.68908835663918,2.2554468034205266,-1.452147230140837,3.7075940335613633,-35.613999035564454,2.1346497361447416,-1.5703926669046426,3.7050424030493843,-38.809190664408305,2.286583196125979,-1.1635961292164703,3.450179325342449,-37.361549093478914,2.2733978927116665,-1.3734656932113753,3.646863585923042,-36.078816049135675,2.117173432055032,-1.4758029797061314,3.5929764117611636,-40.55135131744886,2.2853916298757415,-0.8868400414858244,3.172231671361566
2001-10-29 20:00:00,-68.0,4.0,-38.35322810152293,2.1981232159259343,-0.841311303064641,3.0394345189905754,-32.35016635262968,2.1190698485802653,-1.6175266492015639,3.736596497781829,-34.495328246605524,2.1937601100336575,-1.377596659240408,3.5713567692740655,-33.524225887017415,2.0897731485470405,-1.4897715925220996,3.57954474106914,-36.61092567347723,2.1982649909310714,-1.1176637019270166,3.315928692858088,-35.1543130607307,2.207236032748212,-1.3029544878626376,3.5101905206108497,-34.00823490641813,2.070581142717546,-1.4000379660835278,3.470619108801074,-38.35322810152293,2.1981232159259343,-0.841311303064641,3.0394345189905754
2001-10-29 21:00:00,-64.0,10.0,-36.2942950325188,2.0589330690041314,-0.8554539881009126,2.914387057105044,-30.38281567910642,1.9673506735232553,-1.6447177375110906,3.612068411034346,-32.454790636989365,2.0405376096161603,-1.4007544553946816,3.441292065010842,-31.58026105407152,1.9439648329458963,-1.5148150815757655,3.458779914521662,-34.55921916392394,2.0517065095532914,-1.1376685753653106,3.189375084918602,-33.09917824249844,2.055134818232258,-1.3248575276426964,3.3799923458749546,-32.07880320609472,1.9294317003234116,-1.4235730070618382,3.35300470738525,-36.2942950325188,2.0589330690041314,-0.8554539881009126,2.914387057105044
2001-10-29 22:00:00,-54.0,6.0,-34.89472563938306,1.3995693931357356,-1.4000709168869023,2.799640310022638,-29.0897284862456,1.2930871928608214,-2.2052581057656377,3.498345298626459,-31.12499479112233,1.3297958458670374,-1.9926815122936967,3.322477358160734,-30.28003478700513,1.3002262670663907,-2.048075284441451,3.348301551507842,-33.149196300149846,1.4100228637740946,-1.6634573868422473,3.073480250616342,-31.76034750168211,1.3388307408163322,-1.9221474038878033,3.2609781447041355,-30.784623144589943,1.2941800615047765,-1.9510526970642637,3.24523275856904,-34.89472563938306,1.3995693931357356,-1.4000709168869023,2.799640310022638
2001-10-29 23:00:00,-48.0,0.0,-34.74460421025855,0.1501214291245132,-2.572834922469218,2.7229563515937314,-28.966959228360267,0.12276925788533477,-3.3018195645865154,3.42458882247185,-31.046454593759492,0.07854019736283835,-3.1676302997022554,3.2461704970650938,-30.12307509568901,0.15695969131611953,-3.1184488855920574,3.275408576908177,-32.97675505480427,0.17244124534557104,-2.8226344999086446,2.9950757452542156,-31.687007002496685,0.07334049918542274,-3.111252504389293,3.1845930035747156,-30.621257650779704,0.16336549381023957,-3.0105648804418146,3.173930374252054,-34.74460421025855,0.1501214291245132,-2.572834922469218,2.7229563515937314
2001-10-30 00:00:00,-48.0,0.0,-33.95512652669081,0.7894776835677386,-1.9253165832303383,2.714794266798077,-28.29715351678137,0.6698057115788951,-2.7478213136373077,3.417627025216203,-30.388449923787498,0.658004669971993,-2.5836867275500004,3.2416913975219934,-29.434229353362635,0.6888457423263761,-2.5778176626632634,3.2666634049896395,-32.17828377560286,0.7984712792014155,-2.1870853677398827,2.985556646941298,-31.027272000756938,0.6597350017397483,-2.5206998138186743,3.1804348155584226,-29.93381729367569,0.687440357104014,-2.477545753821011,3.164986110925025,-33.95512652669081,0.7894776835677386,-1.9253165832303383,2.714794266798077
2001-10-30 01:00:00,-48.0,-4.0,-33.700834760103184,0.2542917665876243,-2.417780317286843,2.6720720838744674,-28.187320565698766,0.1098329510826046,-3.269936578762848,3.3797695298454524,-30.312103673670798,0.07634625011669804,-3.127941019494913,3.204287269611611,-29.28990529387352,0.1443240594891142,-3.0840978225901687,3.228421882079283,-31.92761800838755,0.25066576721530476,-2.691011185691736,2.9416769529070406,-30.952459432365416,0.07481256839152373,-3.0683393622779036,3.1431519306694273,-29.782003465646326,0.15181382802936572,-2.975673202142539,3.127487030171905,-33.700834760103184,0.2542917665876243,-2.417780317286843,2.6720720838744674
2001-10-30 02:00:00,-52.0,-2.0,-33.35540124425854,0.34543351584464554,-2.3129498432798323,2.658383359124478,-27.996261747214426,0.19105881848434159,-3.1825230620286944,3.373581880513036,-30.14562444575416,0.16647922791663738,-3.03348220884615,3.1999614367627873,-29.06702013042573,0.2228851634477924,-2.997553044837401,3.2204382082851932,-31.58898229822564,0.3386357101619102,-2.5893329958305746,2.927968705992485,-30.786696062670458,0.1657633696949561,-2.9731746365139564,3.1389380062089125,-29.5527122328014,0.22929123284492592,-2.8899446527338855,3.1192358855788114,-33.35540124425854,0.34543351584464554,-2.3129498432798323,2.658383359124478
2001-10-30 03:00:00,-54.0,2.0,-33.13136585113106,0.22403539312747744,-2.4158093194584027,2.63984471258588,-27.925426745341124,0.07083500187330305,-3.2919967234600374,3.3628317253333404,-30.111477775601188,0.03414667015296935,-3.1563920676970456,3.190538737850015,-28.96725484545444,0.09976528497128667,-3.1083628488581097,3.2081281338293963,-31.370349260157134,0.21863303806850887,-2.690867417496635,2.909500455565144,-30.75687832639906,0.029817736271396278,-3.0997934821000714,3.1296112183714677,-29.44639177159104,0.1063204612103612,-3.000474011866299,3.1067944730766603,-33.13136585113106,0.22403539312747744,-2.4158093194584027,2.63984471258588
2001-10-30 04:00:00,-52.0,3.0,-32.86713895863623,0.26422689249482456,-2.36362901813359,2.6278559106284147,-27.80158054453125,0.12384620080987307,-3.23500426682178,3.3588504676316533,-30.031443889479192,0.08003388612199425,-3.108573872527016,3.18860775864901,-28.82371522532936,0.1435396201250838,-3.0590860572980034,3.2026256774230872,-31.10511159248435,0.2652376676727837,-2.6323701890405795,2.897607856713363,-30.682679214394906,0.07419911200415585,-3.053735863941654,3.1279349759458097,-29.299300753750842,0.14709101784019518,-2.9539429112537445,3.1010339290939397,-32.86713895863623,0.26422689249482456,-2.36362901813359,2.6278559106284147
2001-10-30 05:00:00,-49.0,0.0,-32.95077414029861,-0.08363518166237727,-2.6973865903007144,2.613751408638337,-28.03370158013036,-0.23212103559910702,-3.584016434307545,3.351895398708438,-30.34275507862968,-0.31131118915048583,-3.495395357196499,3.184084168046013,-29.043562958580065,-0.21984773325070606,-3.414564909629153,3.1947171763784468,-31.185737567459206,-0.0806259749748568,-2.9638388585199005,2.8832128835450437,-31.004330150154864,-0.3216509357599566,-3.4454166620298765,3.12376572626992,-29.513420051178304,-0.21411929742746372,-3.307192508149571,3.0930732107221073,-32.95077414029861,-0.08363518166237727,-2.6973865903007144,2.613751408638337
2001-10-30 06:00:00,-49.0,-5.0,-33.4145103993955,-0.46373625909689276,-3.081948030645943,2.61821177154905,-28.673184756544735,-0.6394831764143749,-4.00442014766727,3.364936971252895,-31.09836081845427,-0.7556057398245923,-3.9573035559378167,3.2016978161132243,-29.682931664427464,-0.6393687058473976,-3.84620265769915,3.2068339518517526,-31.649225380980027,-0.4634878135208229,-3.3510726363126366,2.8875848227918137,-31.77795517970472,-0.7736250295498563,-3.9154844273134377,3.1418593977635814,-30.14385836345486,-0.6304383122765569,-3.735103274768258,3.104664962491701,-33.4145103993955,-0.46373625909689276,-3.081948030645943,2.61821177154905
2001-10-30 07:00:00,-54.0,1.0,-34.15333652682238,-0.7388261274268748,-3.381838496322107,2.6430123688952323,-29.597993413762257,-0.9248086572175218,-4.325805557497129,3.4009969002796074,-32.16058289412259,-1.062222075668323,-4.306873307005479,3.2446512313371563,-30.61756149414454,-0.9346298297170752,-4.176832540365323,3.242202710648248,-32.39032473099791,-0.7410993500178833,-3.6538810232257735,2.91278167320789,-32.86448329445868,-1.086528114753961,-4.272119825642735,3.1855917108887737,-31.067185148174126,-0.9233267847192663,-4.062247604842893,3.138920820123627,-34.15333652682238,-0.7388261274268748,-3.381838496322107,2.6430123688952323
2001-10-30 08:00:00,-53.0,0.0,-35.17279571712062,-1.0194591902982415,-3.7022254524298854,2.682766262131644,-30.757021207590668,-1.1590277938284128,-4.612513835034716,3.453486041206303,-33.48860314590021,-1.3280202517776192,-4.633538899870836,3.305518648093217,-31.813016663713334,-1.1954551695687954,-4.489708995287296,3.294253825718501,-33.40119721877218,-1.010872487774268,-3.9641703942190274,2.9532979064447593,-34.22963649147351,-1.3651531970148292,-4.612675709234909,3.24752251222008,-32.25132267622248,-1.184137528048352,-4.373567968531404,3.189430440483052,-35.17279571712062,-1.0194591902982415,-3.7022254524298854,2.682766262131644
2001-10-30 09:00:00,-53.0,2.0,-36.035563847586666,-0.862768130466046,-3.6008754839743515,2.7381073535083056,-31.76478970303817,-1.0077684954474995,-4.527604733546835,3.5198362380993355,-34.639723004205045,-1.1511198583048352,-4.5335323146281725,3.3824124563233373,-32.844646937984606,-1.031630274271273,-4.393065170179934,3.361434895908661,-34.26012476352969,-0.8589275447575098,-3.867941489041689,3.0090139442841792,-35.413577969212355,-1.1839414777388484,-4.510121240955629,3.32617976321678,-33.27357988740072,-1.0222572111782404,-4.277054695600373,3.254797484422133,-36.035563847586666,-0.862768130466046,-3.6008754839743515,2.7381073535083056
2001-10-30 10:00:00,-51.0,0.0,-36.260702984705695,-0.22513913711902855,-3.0105230480162453,2.7853839108972167,-31.94921482032836,-0.1844251172901923,-3.7624656144591717,3.5780404971689794,-34.872232600812296,-0.2325095966072519,-3.6822884359954213,3.4497788393881694,-33.01501609375668,-0.17036915577206946,-3.5903237439206257,3.4199545881485562,-34.46044916614812,-0.20032440261843387,-3.2570888200840304,3.0567644174655966,-35.66475769975225,-0.25117973053989573,-3.6463377976394624,3.3951580670995667,-33.441981999996,-0.16840211259528193,-3.4801637793340863,3.3117616667388043,-36.260702984705695,-0.22513913711902855,-3.0105230480162453,2.7853839108972167
2001-10-30 11:00:00,-51.0,2.0,-35.16541189215746,1.0952910925482364,-1.7024961996040988,2.7977872921523352,-30.739906399477277,1.2093084208510851,-2.37943532273145,3.588743743582535,-33.595918158199424,1.276314442612875,-2.1871520693744135,3.4634665119872885,-31.80367309314716,1.2113430006095158,-2.2183244406143525,3.4296674412238684,-33.318361264307974,1.1420879018401513,-1.925867235474264,3.0679551373144154,-34.380908501624305,1.283849198127946,-2.1260340230995243,3.4098832212274703,-32.24213107005898,1.1998509299370212,-2.121342171964512,3.321193101901533,-35.16541189215746,1.0952910925482364,-1.7024961996040988,2.7977872921523352
2001-10-30 12:00:00,-49.0,2.0,-33.63139671259676,1.5340151795606953,-1.2036893135820628,2.737704493142758,-29.155925823637165,1.5839805758401129,-1.9348713082687778,3.5188518841088907,-31.921120128736224,1.6747980294632014,-1.7138666903018758,3.388664719765077,-30.233831237472597,1.5698418556745646,-1.7910653296224848,3.3609071852970493,-31.743537690026955,1.574823574281019,-1.4296051341379274,3.0044287084189465,-32.69048979143252,1.690418710191786,-1.6445349530441642,3.33495366323595,-30.686250755623817,1.5558803144351645,-1.698407219255149,3.2542875336903134,-33.63139671259676,1.5340151795606953,-1.2036893135820628,2.737704493142758
2001-10-30 13:00:00,-47.0,-3.0,-32.54743002618786,1.0839666864088975,-1.5706848783862006,2.654651564795098,-28.017918835293692,1.1380069883434718,-2.2903385833403322,3.428345571683804,-30.725512911242326,1.1956072174938965,-2.09614035965806,3.2917475771519564,-29.09435708177382,1.1394741556987769,-2.133358928437718,3.272833084136495,-30.62986424179548,1.1136734482314752,-1.8042487807336538,2.917922228965129,-31.48634761756151,1.20414217387101,-2.0334228236709904,3.2375649975420004,-29.55575889323588,1.1304918623879394,-2.0380511103431393,3.1685429727310788,-32.54743002618786,1.0839666864088975,-1.5706848783862006,2.654651564795098
2001-10-30 14:00:00,-50.0,1.0,-31.898284108577123,0.6491459176107393,-1.947590087295965,2.5967360049067043,-27.39468033489865,0.623238500395042,-2.7408109250619312,3.3640494254569733,-30.08178273199702,0.6437301792453063,-2.579690245709756,3.223420424955062,-28.457115034009355,0.6372420477644645,-2.5723946531576285,3.209636700922093,-29.974077696777695,0.6557865450177869,-2.2017233779751804,2.8575099229929672,-30.840362212935624,0.6459854046258857,-2.5230865045777127,3.1690719092035984,-28.921610863110317,0.6341480301255618,-2.472811592702303,3.1069596228278646,-31.898284108577123,0.6491459176107393,-1.947590087295965,2.5967360049067043
2001-10-30 15:00:00,-49.0,6.0,-31.114429131535076,0.7838549770420478,-1.7785034282876186,2.5623584053296664,-26.587395572371776,0.807284762526872,-2.521810306898158,3.32909506942503,-29.242908311545666,0.8388744204513543,-2.3480545716988805,3.186928992150235,-27.642030827584115,0.8150842064252415,-2.3594790289970047,3.174563235422246,-29.17142394845674,0.8026537483209522,-2.01957801313925,2.822231761460202,-29.997839129544968,0.8425230833906556,-2.2901061780372123,3.132629261427868,-28.11162129459136,0.8099895685189598,-2.262689537531816,3.0726791060507757,-31.114429131535076,0.7838549770420478,-1.7785034282876186,2.5623584053296664
2001-10-30 16:00:00,-43.0,6.0,-29.864554319780673,1.2498748117544032,-1.2712773609210812,2.5211521726754844,-25.274408496732388,1.3129870756393884,-1.971102763758114,3.2840898393975024,-27.868835504366604,1.3740728071790602,-1.7656142564764583,3.1396870636555185,-26.340478593946518,1.3015522336375973,-1.8284300527512616,3.129982286388859,-27.88019555776298,1.2912283906937603,-1.4881226888508907,2.779351079544651,-28.613834846948176,1.3840042825967929,-1.701411528190602,3.085415810787395,-26.820640258618315,1.2909810359730431,-1.7381885570148818,3.029169592987925,-29.864554319780673,1.2498748117544032,-1.2712773609210812,2.5211521726754844
2001-10-30 17:00:00,-37.0,1.0,-28.657119375934695,1.2074349438459786,-1.248703861615651,2.4561388054616295,-24.02378927081955,1.2506192259128397,-1.960927207742268,3.2115464336551076,-26.5665201464428,1.3023153579238012,-1.7607517845837244,3.0630671425075255,-25.1010464957575,1.2394320981890152,-1.8200155359045682,3.0594476340935834,-26.641816695729105,1.238378862033878,-1.4726788931231476,2.7110577551570256,-27.302697328412844,1.311137518535332,-1.697499363259499,3.008636881794831,-25.591268672476208,1.2293715861421088,-1.7310927921487103,2.960464378290819,-28.657119375934695,1.2074349438459786,-1.248703861615651,2.4561388054616295
2001-10-30 18:00:00,-36.0,-1.0,-27.182501294723096,1.4746180812116,-0.9195213810679302,2.3941394622795302,-22.519340238132024,1.5044490326875233,-1.638753238803561,3.1432022714910843,-24.997016980767516,1.5695031656752847,-1.4218189730421495,2.9913221387174342,-23.620781239717676,1.4802652560398253,-1.5127613901610235,2.993026646200849,-25.136444917557466,1.5053717781716405,-1.140985941173003,2.6463577193446435,-25.719905531007207,1.5827917974056354,-1.3540008261059142,2.9367926235115496,-24.12315314471082,1.4681155277653863,-1.4276550548648037,2.89577058263019,-27.182501294723096,1.4746180812116,-0.9195213810679302,2.3941394622795302
2001-10-30 19:00:00,-37.0,-3.0,-26.110737325743347,1.0717639689797498,-1.247731851641834,2.319495820621584,-21.409788013488647,1.109552224643376,-1.9524085003509766,3.0619607249943526,-23.846488392634104,1.1505285881334115,-1.7554588351466662,2.9059874232800778,-22.518841682363096,1.1019395573545816,-1.8127150451398613,2.914654602494443,-24.03621838556378,1.100226531993685,-1.4685341604302191,2.568760692423904,-24.561123338251015,1.1587821927561937,-1.6924374272719755,2.851219620028169,-23.02834581649703,1.094807328213789,-1.7246422856654449,2.8194496138792338,-26.110737325743347,1.0717639689797498,-1.247731851641834,2.319495820621584
2001-10-30 20:00:00,-40.0,-1.0,-24.92308721889334,1.187650106850009,-1.0783359367659808,2.2659860436159898,-20.18533924065522,1.2244487728334263,-1.7782767126572376,3.002725485490664,-22.573791478004015,1.2726969146300884,-1.5715200615964129,2.8442169762265013,-21.30789687915258,1.2109448032105152,-1.6460431495350745,2.8569879527455897,-22.8150552971376,1.2211630884261808,-1.2916148338583686,2.5127779222845494,-23.278181142774024,1.2829421954769895,-1.5064305475725632,2.7893727430495527,-21.82509485365203,1.2032509628449994,-1.559947791763336,2.7631987546083354,-24.92308721889334,1.187650106850009,-1.0783359367659808,2.2659860436159898
2001-10-30 21:00:00,-41.0,2.0,-23.998317496018675,0.9247697228746654,-1.2826500933909495,2.207419816265615,-19.212971282498064,0.9723679581571565,-1.9656599000370956,2.938027858194252,-21.567555864096224,1.00623561390779,-1.7704248592877494,2.7766604731955393,-20.339282010761423,0.9686148683911586,-1.8256664749884748,2.7942813433796334,-21.85712087686031,0.9579344202772899,-1.49342931781617,2.45136373809346,-22.265279035573233,1.01290210720079,-1.7087880851953932,2.721690192396183,-20.86069841459542,0.9643964390566093,-1.7376334501535677,2.702029889210177,-23.998317496018675,0.9247697228746654,-1.2826500933909495,2.207419816265615
2001-10-30 22:00:00,-39.0,0.0,-23.15807480325004,0.8402426927686333,-1.3221052205455586,2.162347913314192,-18.356216963496042,0.856754319002023,-2.0303973507479545,2.8871516697499775,-20.686261458678537,0.8812944054176857,-1.8425284710823648,2.7238228765000505,-19.483515144669184,0.8557668660922375,-1.8888573716377155,2.744624237729953,-20.999026431240626,0.8580944456196853,-1.545625081778555,2.4037195273982404,-21.378416095496448,0.8868629400767838,-1.7819780824539988,2.6688410225307826,-20.007989338647352,0.8527090759480651,-1.8007887099066644,2.6534977858547295,-23.15807480325004,0.8402426927686333,-1.3221052205455586,2.162347913314192
2001-10-30 23:00:00,-39.0,3.0,-22.414213910307218,0.7438608929428248,-1.377937946298534,2.1217988392413587,-17.64280900983288,0.7134079536631623,-2.1292849029407113,2.8426928566038736,-19.954576926039515,0.7316845326390218,-1.9462783774035168,2.6779629100425386,-18.766356781994347,0.7171583626748361,-1.983964459486722,2.701122822161558,-20.25548241142786,0.743544019812767,-1.6178939777706565,2.3614379975834234,-20.641081586438773,0.7373345090576746,-1.8856590100638637,2.6229935191215383,-19.291579195177505,0.7164101434698458,-1.8945424298795623,2.610952573349408,-22.414213910307218,0.7438608929428248,-1.377937946298534,2.1217988392413587
2001-10-31 00:00:00,-36.0,5.0,-21.585406387414427,0.8288075228927911,-1.2574137986244769,2.086221321517268,-16.831313621584684,0.8114953882481972,-1.9944404248061967,2.805935813054394,-19.11842369914771,0.8361532268918053,-1.804030787878713,2.6401840147705182,-17.95554641203394,0.8108103699604081,-1.8541245903286248,2.664934960289033,-19.42382314420347,0.8316592672243885,-1.493444921086014,2.3251041883104024,-19.79790592264449,0.8431756637942849,-1.742002821884265,2.58517848567855,-18.482494475777695,0.8090847193998079,-1.7663889553593168,2.5754736747591247,-21.585406387414427,0.8288075228927911,-1.2574137986244769,2.086221321517268
2001-10-31 01:00:00,-31.0,4.0,-20.531731688831556,1.053674698582872,-0.9932605517163037,2.0469352502991756,-15.762780661327584,1.0685329602570994,-1.6958828135404178,2.7644157737975172,-18.016179796121982,1.102243903025727,-1.4950957978787935,2.5973397009045205,-16.900635615557057,1.0549107964768838,-1.5694045484973154,2.624315344974199,-18.355865787651624,1.0679573565518459,-1.216840952844293,2.284798309396139,-18.686998074147386,1.110907848497103,-1.4313639364511754,2.5422717849482783,-17.433249748413928,1.0492447273637662,-1.4864523393708333,2.5356970667345995,-20.531731688831556,1.053674698582872,-0.9932605517163037,2.0469352502991756
2001-10-31 02:00:00,-27.0,3.0,-19.76380891200255,0.7679227768290076,-1.229606681345019,1.9975294581740266,-14.992957824950029,0.7698228363775552,-1.9403936607703574,2.7102164971479126,-17.231808307051246,0.7843714890707365,-1.7570250013717126,2.541396490442449,-16.133468953063414,0.7671666624936448,-1.804767191125622,2.571933853619267,-17.577075952024536,0.7787898356270855,-1.4547673819965556,2.233557217623641,-17.897760843056467,0.7892372310909201,-1.697051924012956,2.486289155103876,-16.66835361057939,0.7648961378345356,-1.7196784839027623,2.484574621737298,-19.76380891200255,0.7679227768290076,-1.229606681345019,1.9975294581740266
2001-10-31 03:00:00,-24.0,1.0,-18.94988547332114,0.8139234386814105,-1.147979082299177,1.9619025209805874,-14.183048421710657,0.8099094032393719,-1.8615918632223267,2.6715012664616986,-16.400482418349288,0.8313258887019586,-1.6706315778588905,2.501957466560849,-15.327494838438263,0.8059741146251505,-1.7281977979673042,2.5341719125924547,-16.756002105643923,0.8210738463806151,-1.3754830759219332,2.1965569223025483,-17.05964827821787,0.8381125648385974,-1.60878278689776,2.4468953517363574,-15.864154590861569,0.8041990197178219,-1.6434355920102257,2.4476346117280476,-18.94988547332114,0.8139234386814105,-1.147979082299177,1.9619025209805874
2001-10-31 04:00:00,-23.0,-1.0,-18.240534293940087,0.7093511793810503,-1.2151402117588248,1.924491391139875,-13.481959553169808,0.7010888685408476,-1.9299818169476404,2.631070685488488,-15.685150588133316,0.7153318302159717,-1.745162360271107,2.4604941904870787,-14.627207919637918,0.7002869188003435,-1.7945136670274002,2.4948005858277438,-16.040444334540286,0.7155577711036363,-1.4423245983458168,2.157882369449453,-16.338970148064373,0.7206781301534977,-1.6847282744265124,2.40540640458001,-15.16444251763118,0.6997120732303883,-1.7093827863422613,2.4090948595726496,-18.240534293940087,0.7093511793810503,-1.2151402117588248,1.924491391139875
2001-10-31 05:00:00,-24.0,-2.0,-17.717869113375354,0.5226651805647324,-1.3695153362696824,1.8921805168344148,-12.9847818621009,0.4971776910689081,-2.0991436496484255,2.5963213407173336,-15.186285000350871,0.49886558778244616,-1.9262279668768798,2.425093554659326,-14.124800771272579,0.5024071483653403,-1.9584351235761326,2.460842271941473,-15.516174200403348,0.5242701341369371,-1.600187865206121,2.124457999343058,-15.837111659011724,0.501858489052649,-1.8681559796176521,2.370014468670301,-14.660268124355607,0.5041743932755725,-1.8716368664994518,2.3758112597750243,-17.717869113375354,0.5226651805647324,-1.3695153362696824,1.8921805168344148
2001-10-31 06:00:00,-26.0,-2.0,-17.297352737675368,0.42051637569998435,-1.448031823269493,1.8685481989694774,-12.59611518197016,0.3886666801307417,-2.1831521285464826,2.5718188086772242,-14.805549214422001,0.3807357859288709,-2.019821526757867,2.400557312686738,-13.72963387638844,0.3951668948841376,-2.041456008612173,2.4366229034963105,-15.094794514594202,0.42137968580914587,-1.6787547628411517,2.1001344486502975,-15.455209903506125,0.381901755505599,-1.9636217669019445,2.3455235224075435,-14.262753056282984,0.3975150680726234,-1.954457355871809,2.3519724239444324,-17.297352737675368,0.42051637569998435,-1.448031823269493,1.8685481989694774
2001-10-31 07:00:00,-28.0,3.0,-16.87054468770125,0.4268080499741176,-1.4228342983953104,1.849642348369428,-12.19097320918552,0.4051419727846386,-2.1476029833375487,2.5527449561221873,-14.408859277666295,0.39668993675570596,-1.9852251801362313,2.3819151168919372,-13.319967352928607,0.40966652345983423,-2.00799085790394,2.417657381363774,-14.663980427347088,0.4308140872471151,-1.6498719369353814,2.0806860241824965,-15.057646071136196,0.39756383236992976,-1.929407919444742,2.3269717518146718,-13.851495051163027,0.41125800511995547,-1.9220034959205814,2.333261501040537,-16.87054468770125,0.4268080499741176,-1.4228342983953104,1.849642348369428
2001-10-31 08:00:00,-25.0,2.0,-16.457073609703315,0.41347107799793714,-1.4170808537889725,1.8305519317869097,-11.794186268104266,0.3967869410812539,-2.136151207827977,2.532938148909231,-14.020107888089886,0.3887513895764101,-1.973817658194885,2.362569047771295,-12.919010437075189,0.4009569158534192,-1.9971172786468334,2.3980741945002526,-14.245190027812622,0.4187903995344655,-1.6421052954416533,2.060895694976119,-14.667932016583357,0.3897140545528386,-1.9180233564241311,2.3077374109769697,-13.448920926714912,0.4025741244481158,-1.9114082213352277,2.3139823457833435,-16.457073609703315,0.41347107799793714,-1.4170808537889725,1.8305519317869097
2001-10-31 09:00:00,-23.0,1.0,-16.208548539208785,0.24852507049453032,-1.5636274211227383,1.8121524916172687,-11.5796923289643,0.2144939391399645,-2.299120638479248,2.5136145776192125,-13.825701462377317,0.19440642571256772,-2.1492802394030672,2.343686665115635,-12.696921578737445,0.22208885833774294,-2.1568956063166427,2.3789844646543856,-13.995113212050661,0.2500768157619604,-1.791671528227458,2.0417483439894184,-14.474707640439352,0.19322437614400512,-2.095735945746881,2.2889603218908863,-13.223296127019154,0.22562479969575833,-2.069562942858707,2.2951877425544653,-16.208548539208785,0.24852507049453032,-1.5636274211227383,1.8121524916172687
2001-10-31 10:00:00,-22.0,0.0,-16.021743856917517,0.1868046822912668,-1.6143331765354152,1.801137858826682,-11.43353625838112,0.14615607058318192,-2.3570434367211552,2.503199507304337,-13.70371220961098,0.12198925276633732,-2.212283144342223,2.33427239710856,-12.54264422528525,0.15427735345219595,-2.2141661952262357,2.3684435486784317,-13.808364674201037,0.1867485378496243,-1.8436087558625942,2.0303572937122185,-14.354636553441294,0.12007108699805791,-2.159607797236237,2.2796788842342948,-13.064950017515525,0.15834610950362826,-2.1263416107207576,2.284687720224386,-16.021743856917517,0.1868046822912668,-1.6143331765354152,1.801137858826682
2001-10-31 11:00:00,-22.0,3.0,-15.765097627914397,0.2566462290031202,-1.5362345492058083,1.7928807782089284,-11.205851334160435,0.22768492422068354,-2.2684301452488382,2.4961150694695218,-13.494512502967629,0.20919970664335175,-2.1191749492982535,2.328374655941605,-12.309418214527314,0.2332260107579347,-2.127908908840004,2.3611349195979385,-13.549513249230149,0.25885142497088864,-1.763020217007016,2.0218716419779046,-14.146314854871953,0.2083216985693408,-2.065599129298754,2.273920827868095,-12.829019861224502,0.23593015629102343,-2.04140290181082,2.2773330581018434,-15.765097627914397,0.2566462290031202,-1.5362345492058083,1.7928807782089284
2001-10-31 12:00:00,-19.0,4.0,-15.37858949807327,0.38650812984112726,-1.3950593889807248,1.781567518821852,-10.826472584398775,0.37937874976166075,-2.1057200384473402,2.485098788209001,-13.122169699458945,0.37234280350868376,-1.9459351659308046,2.3182779694394884,-11.928381675503543,0.38103653902377155,-1.9690711343025946,2.350107673326366,-13.156111046133288,0.39340220309686025,-1.6167368950494962,2.0101390981463565,-13.773559116890288,0.3727557379816655,-1.8911922156248633,2.263947953606529,-12.447168128815331,0.38185173240917014,-1.8845451309441075,2.2663968633532776,-15.37858949807327,0.38650812984112726,-1.3950593889807248,1.781567518821852
2001-10-31 13:00:00,-15.0,13.0,-14.980727048351504,0.39786244972176554,-1.3667349166465494,1.764597366368315,-10.456527710412413,0.3699448739863631,-2.096852214595914,2.466797088582277,-12.747159724605774,0.3750099748531708,-1.9253517433998255,2.3003617182529963,-11.552942729437653,0.37543894606589,-1.9567083271628025,2.3321472732286925,-12.761150178734553,0.3949608673987348,-1.597412490459745,1.99237335785848,-13.394564006916498,0.3789951099737905,-1.8671628008797747,2.246157910853565,-12.068645305467067,0.37852282334826426,-1.870229642416407,2.2487524657646714,-14.980727048351504,0.39786244972176554,-1.3667349166465494,1.764597366368315
2001-10-31 14:00:00,-2.0,-3.0,-15.93050892290248,-0.9497818745509745,-2.6969953866226777,1.7472135120717032,-11.199403700421739,-0.7428759900093254,-3.191891620115123,2.4490156301057975,-13.493117149652125,-0.7459574250463503,-3.0283448022317514,2.282387377185401,-12.238179889063485,-0.6852371596258315,-2.9997552617362144,2.314518102110383,-13.699840791756237,-0.9386906130216848,-2.9133071680166367,1.974616554994952,-14.129117005922875,-0.7345529990063779,-2.962695033006169,2.228142033999791,-12.726794770380678,-0.6581494649136124,-2.889479405894628,2.2313299409810154,-15.93050892290248,-0.9497818745509745,-2.6969953866226777,1.7472135120717032
2001-10-31 15:00:00,-5.0,-3.0,-17.77539516589977,-1.8448862429972914,-3.633741178953349,1.7888549359560577,-12.664488978743602,-1.465085278321864,-3.949872459690406,2.484787181368542,-15.005477699496783,-1.512360549844658,-3.83057124846074,2.318210698616082,-13.634121680323698,-1.3959417912602143,-3.7426863646164827,2.3467445733562684,-15.523436914507245,-1.8235961227510078,-3.840544720377,2.016948597625992,-15.627958509940134,-1.4988415040172591,-3.761967133490241,2.263125629472982,-14.087811592810926,-1.3610168224302477,-3.6226833656252717,2.261666543195024,-17.77539516589977,-1.8448862429972914,-3.633741178953349,1.7888549359560577
2001-10-31 16:00:00,-8.0,-1.0,-19.405232862655026,-1.629837696755256,-3.500979664452605,1.871141967697349,-13.804340027997856,-1.1398510492542542,-3.6959463096025265,2.5560952603482723,-16.171047374771657,-1.1655696752748725,-3.5572649505073723,2.3916952752325,-14.711542234610764,-1.077420554287067,-3.490505070942927,2.41308451665586,-17.10174344273271,-1.5783065282254678,-3.6787769744252823,2.1004704461998145,-16.787076327088904,-1.1591178171487706,-3.49447211271404,2.3353542955652693,-15.135837750037101,-1.0480261572261753,-3.373076891344898,2.3250507341187228,-19.405232862655026,-1.629837696755256,-3.500979664452605,1.871141967697349
2001-10-31 17:00:00,-9.0,-2.0,-20.64586523145195,-1.240632368796924,-3.18600894052115,1.945376571724226,-14.493486262488215,-0.6891462344903583,-3.301417617289979,2.6122713827996207,-16.857519370515757,-0.6864719957440992,-3.1355838676435095,2.4491118718994103,-15.349303391301014,-0.6377611566902499,-3.102680643875591,2.464919487185341,-18.257737927902802,-1.155994485170091,-3.3301202351932795,2.1741257500231885,-17.464195652591197,-0.6771193255022943,-3.069109093336274,2.3919897678339797,-15.750928723106265,-0.6150909730691634,-2.989546499555676,2.374455526486513,-20.64586523145195,-1.240632368796924,-3.18600894052115,1.945376571724226
2001-10-31 18:00:00,-11.0,-4.0,-19.476829434694096,1.1690357967578553,-0.833816126136901,2.0028519228947563,-13.450071222404228,1.0434150400839877,-1.6031162301605533,2.646531270244541,-15.739596603482067,1.1179227670336893,-1.3653237578084905,2.48324652484218,-14.329940862190293,1.0193625291107205,-1.4764993333390846,2.495861862449805,-17.00355780202841,1.254180125874393,-0.9746980224092452,2.228878148283638,-16.330153865080696,1.1340417875105007,-1.2913465677268339,2.4253883552373345,-14.734800580191113,1.0161281429151516,-1.3875651367953388,2.4036932797104904,-19.476829434694096,1.1690357967578553,-0.833816126136901,2.0028519228947563
2001-10-31 19:00:00,-15.0,-14.0,-25.64138319988679,-6.164553765192694,-8.11322447418062,1.948670708987927,-19.206440519848634,-5.7563692974444045,-8.351115591093814,2.594746293649409,-21.84079750647824,-6.1012009029961725,-8.528979885455408,2.4277789824592353,-20.113542030182742,-5.7836011679924475,-8.230098721093274,2.446497553100826,-23.12636065604816,-6.122802854019749,-8.292309521802714,2.1695066677829646,-22.457589878317,-6.127436013236303,-8.497019145230201,2.369583131993898,-20.436218619170788,-5.701418038979673,-8.056907003430627,2.3554889644509545,-25.64138319988679,-6.164553765192694,-8.11322447418062,1.948670708987927
2001-10-31 20:00:00,-29.0,-16.0,-31.952671139344453,-6.311287939457664,-8.554037229060746,2.2427492896030827,-25.09785154604082,-5.891411026192185,-8.7782224959374,2.886811469745214,-28.080576472347612,-6.239778965869372,-8.977899604613963,2.738120638744591,-26.047656890853453,-5.934114860670713,-8.667230257403197,2.7331153967324853,-29.39636283471804,-6.270002178669882,-8.73694978635794,2.466947607688058,-28.720107248741034,-6.262517370424035,-8.941352552175006,2.6788351817509706,-26.29227650675689,-5.856057887586106,-8.488333626838394,2.632275739252288,-31.952671139344453,-6.311287939457664,-8.554037229060746,2.2427492896030827
2001-10-31 21:00:00,-45.0,-15.0,-40.16730870372996,-8.214637564385505,-10.779867416656367,2.5652298522708614,-33.59923660000111,-8.501385053960295,-11.703238397207494,3.2018533432471985,-37.15539674885143,-9.074820276503814,-12.14963265720693,3.074812380703114,-35.024185430694416,-8.97652853984096,-12.020218136732371,3.043689596891411,-37.629019571557464,-8.232656736839422,-11.023991763336198,2.791335026496777,-37.87097970424217,-9.150872455501133,-12.165370609289871,3.014498153788737,-35.17196058482461,-8.87968407806772,-11.812256548770874,2.932572470703153,-40.16730870372996,-8.214637564385505,-10.779867416656367,2.5652298522708614
2001-10-31 22:00:00,-60.0,-21.0,-48.082259515171685,-7.914950811441727,-10.932348437661684,3.017397626219957,-41.88580931226366,-8.286572712262544,-11.971787940595396,3.6852152283328534,-46.05909402985873,-8.903697281007295,-12.503011674508912,3.5993143935016167,-44.21303318658641,-9.188847755891993,-12.734098163005598,3.545250407113605,-45.610104620492685,-7.9810850489352205,-11.228765463094584,3.247680414159363,-46.94775334506778,-9.076773640825616,-12.617363403099816,3.5405897622742,-44.2813168543444,-9.109356269519784,-12.52821410215274,3.418857832632956,-48.082259515171685,-7.914950811441727,-10.932348437661684,3.017397626219957
2001-10-31 23:00:00,-81.0,0.0,-54.472935882133044,-6.390676366961361,-9.878446547754084,3.4877701807927233,-48.600341308996285,-6.714531996732626,-10.903585161951888,4.189053165219262,-53.31146644439297,-7.252372414534244,-11.406421040190102,4.154048625655858,-51.706523009516914,-7.49348982293051,-11.59176664460321,4.0982768216727,-52.05819998724207,-6.448095366749385,-10.171143135708096,3.723047768958711,-54.36208972653614,-7.414336381468358,-11.518536200420423,4.104199818952065,-51.72533133574109,-7.444014481396689,-11.400480731328784,3.956466249932095,-54.472935882133044,-6.390676366961361,-9.878446547754084,3.4877701807927233
2001-11-01 00:00:00,-81.0,,-59.295294376466536,-4.822358494333494,-8.714765818503844,3.8924073241703505,-53.699789173123136,-5.0994478641268515,-9.720424951858675,4.6209770877318235,-58.833049421761956,-5.521582977368989,-10.156850507688715,4.635267530319726,-57.307878774423415,-5.6013557649065016,-10.180283682150272,4.57892791724377,-56.93080191720897,-4.872601929966895,-9.003412637898633,4.1308107079317375,-59.99696516619201,-5.634875439655873,-10.230333897814836,4.595458458158963,-57.30403758302183,-5.578706247280744,-10.003632312161818,4.424926064881074,-59.295294376466536,-4.822358494333494,-8.714765818503844,3.8924073241703505
