Timestamp,Observed_DST,Real_dDST_dt,Pred_DST_Equation,Pred_dDST_dt_Equation,Injection_Component,Decay_Component,Pred_DST_Burton,Pred_dDST_dt_Burton,Pred_DST_OBM,Pred_dDST_dt_OBM,Pred_DST_DDM1,Pred_dDST_dt_DDM1,Pred_DST_DDM2,Pred_dDST_dt_DDM2,Pred_DST_DDM3,Pred_dDST_dt_DDM3
2024-08-02 00:00:00,20.0,3.0,14.55771467779405,-0.44228532220594996,-1.5903269507269822,1.1480416285210322,10.487600027941518,-4.512399972058483,10.492107920021496,-4.507892079978504,14.379792339393088,-0.6202076606069122,14.35802335,-0.6419766500000004,14.399295248625771,-0.6007047513742285
2024-08-02 01:00:00,23.0,-2.0,14.155979164933168,-0.40173551286088083,-1.5648314590618673,1.1630959462009864,6.569664584540248,-3.9179354434012703,6.577501057512338,-3.914606862509158,13.461915659228918,-0.9178766801641705,13.583468290553114,-0.7745550594468862,13.650591184536916,-0.7487040640888558
2024-08-02 02:00:00,21.0,0.0,13.475997585654605,-0.6799815792785633,-1.8568366145109942,1.176855035232431,3.1567532084146723,-3.4129113761255754,3.1669814594984045,-3.4105195980139333,11.731756160621957,-1.7301594986069602,12.00650793730252,-1.576960353250594,12.162873286721352,-1.4877178978155643
2024-08-02 03:00:00,21.0,2.0,13.129830598066224,-0.34616698758838127,-1.5464951598987045,1.2003281723103232,0.18780928762735316,-2.968943920787319,0.1996751723573409,-2.9673062871410636,10.62060073718979,-1.111155423432168,11.066807791687355,-0.9397001456151644,11.211240271078044,-0.9516330156433075
2024-08-02 04:00:00,23.0,-3.0,12.78390436112295,-0.3459262369432752,-1.5582932169299826,1.2123669799867074,-2.3981323382438786,-2.5859416258712318,-2.3852241192371944,-2.5848992915945352,9.993321168634614,-0.6272795685551757,10.604396508786829,-0.4624112829005258,10.65003054663128,-0.5612097244467638
2024-08-02 05:00:00,20.0,2.0,12.483563361323437,-0.30034099979951345,-1.5247984234387073,1.2244574236391939,-4.652117411092585,-2.2539850728487067,-4.638633850825181,-2.253409731587987,9.684330656386708,-0.30899051224790636,10.163096081234151,-0.4413004275526775,10.29382993213732,-0.35620061449395873
2024-08-02 06:00:00,22.0,-7.0,12.190590405015202,-0.2929729563082353,-1.5279762282737572,1.235003271965522,-6.6186763377035005,-1.9665589266109151,-6.604979294826857,-1.9663454440016757,9.517017559158075,-0.1673130972286327,9.7419427172059,-0.42115336402825165,10.007907538337104,-0.28592239380021606
2024-08-02 07:00:00,15.0,-6.0,11.903930238422957,-0.28666016659224547,-1.5319941424330161,1.2453339758407707,-8.342416951326186,-1.7237406136226854,-8.328776726591741,-1.7237974317648839,9.579992323111423,0.06297476395334806,9.340016625685989,-0.40192609151991054,9.782168388289184,-0.22573915004791978
2024-08-02 08:00:00,9.0,0.0,11.613868495050738,-0.29006174337221946,-1.5455454710974252,1.2554837277252058,-9.843613719428676,-1.5011967681024903,-9.83024525538092,-1.501468528789179,9.663505946607456,0.08351362349603342,8.956440007659413,-0.3835766180265745,9.568259633618915,-0.21390875467026998
2024-08-02 09:00:00,9.0,2.0,11.344273237577255,-0.2695952574734839,-1.5353911062222076,1.2657958487487238,-11.14804969237879,-1.3044359729501134,-11.135114259652969,-1.3048690042720497,9.721321509867717,0.05781556326026066,8.590375139015732,-0.3660648686436818,9.36230790163077,-0.20595173198814598
2024-08-02 10:00:00,11.0,1.0,11.093651087669858,-0.25062214990739573,-1.5260403241788418,1.275418174271446,-12.284112052171773,-1.1360623597929838,-12.271721618341621,-1.1366073586886516,9.795130332624318,0.07380882275659956,8.24102254097538,-0.34935259804035335,9.166992088713291,-0.19531581291747763
2024-08-02 11:00:00,12.0,-7.0,10.432100251688084,-0.6615508359817743,-1.94594683154664,1.2843959955648656,-13.272096265273735,-0.9879842131019613,-13.260327981478365,-0.9886063631367442,9.249849107844767,-0.5452812247795509,7.90761923404307,-0.333403306932309,8.161091299510165,-1.0059007892031255
2024-08-02 12:00:00,5.0,-3.0,9.921019274980127,-0.5110809767079563,-1.8193263915708668,1.3082454148629106,-14.130042571211954,-0.8579463059382184,-14.118945546744715,-0.85861756526635,8.72959235318365,-0.5202567546611174,7.589437071674952,-0.31818216236811736,7.306122210430285,-0.85496908907988
2024-08-02 13:00:00,2.0,-2.0,8.30525215397446,-1.615767121005668,-2.942587616745138,1.32682049573947,-16.097694851022595,-1.9676522798106404,-16.981645407582917,-2.862699860838201,7.3367489764066995,-1.39284337677695,6.157478304118657,-1.4319587675562955,5.375095189333496,-1.931027021096789
2024-08-02 14:00:00,0.0,1.0,6.32982316233845,-1.975428991636009,-3.3618353992974157,1.3864064076614067,-18.970395969341144,-2.8727011183185476,-20.185361988694357,-3.2037165811114408,5.6125665292622475,-1.7241824471444516,4.281871390171822,-1.8756069139468348,3.1633449916419063,-2.21175019769159
2024-08-02 15:00:00,1.0,3.0,6.12428375794196,-0.20553940439649088,-1.6665733990582372,1.4610339946617463,-19.08436559094143,-0.11396962160028537,-20.14142995980761,0.04393202888674555,5.330949242934491,-0.2816172863277568,4.129218576005625,-0.15265281416619603,2.8512942351015718,-0.3120507565403344
2024-08-02 16:00:00,4.0,2.0,6.1500697757137965,0.025786017771836534,-1.4431251865286832,1.4689112043005197,-19.18522171089332,-0.10085611995188952,-20.104904237529176,0.036525722278435306,5.488252366208398,0.15730312327390744,3.983534950519451,-0.14568362548617442,2.9453392683822117,0.0940450332806399
2024-08-02 17:00:00,6.0,3.0,6.175560396964707,0.025490621250910728,-1.442431183173902,1.4679218044248128,-19.280524055195123,-0.09530234430180205,-20.080672085520327,0.02423215200885046,5.720121206471429,0.23186884026303148,3.8445023434186787,-0.13903260710077237,3.042577609123335,0.09723834074112345
2024-08-02 18:00:00,9.0,1.0,6.181444769108714,0.005884372144007166,-1.4610596942759202,1.4669440664199274,-19.358079014207135,-0.07755495901201073,-20.054234238437143,0.026437847083182576,5.891130779842292,0.17100957337086273,3.711817110107594,-0.13268523331108484,3.131374971716287,0.08879736259295193
2024-08-02 19:00:00,10.0,-2.0,6.229108948204554,0.047664179095839865,-1.4190542280654874,1.4667184071613273,-19.420397302708437,-0.062318288501303165,-20.026080501525456,0.028153736911686184,5.992452660170336,0.10132188032804512,3.5851894685353085,-0.12662764157228557,3.205800226016226,0.07442525429993899
2024-08-02 20:00:00,8.0,2.0,5.770623502383074,-0.45848544582147976,-1.9233766234049199,1.4648911775834401,-19.47291799487048,-0.05252069216204106,-19.999888569773038,0.026191931752418966,5.377122255982506,-0.6153304041878302,3.4643428663172173,-0.12084660221809096,2.595195226785479,-0.610604999230747
2024-08-02 21:00:00,10.0,2.0,5.1210808588882974,-0.6495426434947766,-2.132057295629979,1.4825146521352022,-19.525394231466482,-0.05247623659600233,-19.983874645555925,0.01601392421711332,4.8594690865503365,-0.51765316943217,3.349013376749801,-0.1153294895674164,1.8489121785416283,-0.7462830482438509
2024-08-02 22:00:00,12.0,2.0,5.167542904491819,0.04646204560352185,-1.461200420507484,1.5076624661110059,-19.575087728098826,-0.04969349663234514,-19.973975587414785,0.009899058141141361,4.911764643389267,0.05229555683893056,3.2389491223996716,-0.11006425435012912,1.8528490689620798,0.003936890420451561
2024-08-02 23:00:00,14.0,-1.0,5.245756947069088,0.07821404257726838,-1.4276425670479442,1.5058566096252126,-19.618360434264662,-0.04327270616583729,-19.96540144601095,0.008574141403833557,4.977594055355482,0.06582941196621522,3.1339097250080052,-0.10503939739166634,1.8829105120878018,0.030061443125721954
2024-08-03 00:00:00,13.0,-4.0,5.365463868896132,0.11970692182704346,-1.3831121595862998,1.5028190814133433,-19.657086603034255,-0.038726168769592915,-19.959018666033504,0.006382779977447117,5.08652266922018,0.10892861386469865,3.033665780508948,-0.10024394449905683,1.9621837793604724,0.07927326727267064
2024-08-03 01:00:00,9.0,-1.0,5.478153557491811,0.11268968859567874,-1.3854863815894982,1.498176070185177,-19.690514811919638,-0.033428208885382345,-19.953201523871147,0.005817142162357696,5.323111858001987,0.2365891887818065,2.9379983580154594,-0.09566742249348859,2.1036326127944274,0.14144883343395503
2024-08-03 02:00:00,8.0,-3.0,3.2032679556973096,-2.274885601794501,-3.768697398763214,1.4938117969687128,-23.52973102364368,-3.839216211724042,-23.758891187432347,-3.805689663561198,4.480776173895508,-0.8423356841064782,1.004288437385236,-1.9337099206302233,-0.35342169824641756,-2.457054311040845
2024-08-03 03:00:00,5.0,-7.0,0.7150418769137663,-2.4882260787835433,-4.071373068686161,1.5831469899026176,-27.595056070306175,-4.065325046662495,-27.189830711322386,-3.430939523890041,2.6081634408672967,-1.8726127330282116,-1.2492328994111024,-2.2535213367963385,-2.8822197869959543,-2.5287980887495367
2024-08-03 04:00:00,-2.0,4.0,1.0972145154631816,0.3821726385494153,-1.3016580816304173,1.6838307201798326,-26.584107874835176,1.010948195470998,-26.232519124106496,0.9573115872158895,2.7894904339242887,0.1813269930569922,-1.1493695080063229,0.09986339140477951,-2.544594905622712,0.3376248813732425
2024-08-03 05:00:00,2.0,3.0,1.4624792552182488,0.36526473975506724,-1.3028999823705516,1.6681647221256188,-25.704215087991425,0.8798927868437514,-25.399166227753824,0.8333528963526702,2.959625133718816,0.1701346997945272,-1.0540652648932285,0.09530424311309438,-2.223751221477209,0.3208436841455027
2024-08-03 06:00:00,5.0,-1.0,1.8639766041046417,0.4014973488863929,-1.2517628930708944,1.6532602419572873,-24.94316928270652,0.7610458052849044,-24.678497443084478,0.7206687846693468,3.176819484341592,0.21719435062277576,-0.9631120273995828,0.0909532374936457,-1.9031286152542752,0.3206226062229337
2024-08-03 07:00:00,4.0,-4.0,2.208989037271059,0.3450124331664173,-1.2919420346634825,1.6369544678298997,-24.28051352880312,0.6626557539034003,-24.0508766491259,0.6276207939585761,3.3810950689419594,0.20427558460036752,-0.8763111553674865,0.0868008720320963,-1.5982954333347443,0.3048331819195308
2024-08-03 08:00:00,0.0,2.0,1.2007375800819764,-1.0082514571890826,-2.631258695265079,1.6230072380759966,-24.49987754473184,-0.21936401592872157,-23.646331566063832,0.4045450830620664,2.446973026551607,-0.9341220423903525,-1.2808900416006073,-0.40457888623312077,-2.5815177299699084,-0.983222296635164
2024-08-03 09:00:00,2.0,4.0,-0.2344685905610051,-1.4352061706429815,-3.0991398842721916,1.66393371362921,-25.88120747166649,-1.3813299269346475,-24.548057241144026,-0.9017256750801947,1.2405223833170123,-1.2064506432345947,-2.1938661991330743,-0.9129761575324669,-3.9357802136496103,-1.354262483679702
2024-08-03 10:00:00,6.0,1.0,-2.637016552465579,-2.402547961904574,-4.125617890997522,1.723069929092948,-29.857994434456067,-3.9767869627895767,-27.974256310962698,-3.426199069818673,-0.26597824335106446,-1.5065006266680767,-4.161289957129387,-1.9674237579963132,-6.228463326558656,-2.292683112909046
2024-08-03 11:00:00,7.0,-3.0,-5.526040525971305,-2.8890239735057257,-4.713399536804493,1.8243755632987675,-34.95263920091218,-5.094644766456115,-32.05903410423798,-4.084777793275282,-1.8775269994181027,-1.6115487560670383,-6.651396209759679,-2.4901062526302917,-8.946192508231363,-2.7177291816727074
2024-08-03 12:00:00,4.0,3.0,-7.935256034700868,-2.409215508729563,-4.359241203150247,1.950025694420684,-38.434627040341255,-3.481987839429073,-34.02513704653846,-1.9661029423004788,-3.2792347327596953,-1.4017077333415926,-8.468274288018282,-1.8168780782586034,-11.0596597700814,-2.113467261850036
2024-08-03 13:00:00,7.0,2.0,-10.615459280825014,-2.680203246124146,-4.738210559514535,2.0580073133903887,-42.586159002044894,-4.151531961703636,-36.5502628776989,-2.5251258311604383,-4.9612913190364285,-1.6820565862767332,-10.648401379364845,-2.180127091346564,-13.41993492234533,-2.36027515226393
2024-08-03 14:00:00,9.0,-3.0,-12.887666403279677,-2.272207122454663,-4.453760811884347,2.181553689429684,-45.19051428515346,-2.604355283108568,-37.341294589552845,-0.7910317118539503,-6.588648083077278,-1.6273567640408495,-12.242115262140183,-1.5937138827753377,-15.191069488353858,-1.7711345660085276
2024-08-03 15:00:00,6.0,0.0,-13.961736036187459,-1.0740696329077806,-3.3631832788274094,2.289113645919629,-44.55006570669541,0.6404485784580483,-35.00056142904742,2.3407331605054233,-7.28979117005944,-0.7011430869821629,-12.313598119518705,-0.07148285737852222,-15.687053150222274,-0.4959836618684165
2024-08-03 16:00:00,6.0,5.0,-14.487456648438114,-0.5257206122506553,-2.866578589049545,2.34085797679889,-42.676036910641024,1.8740287960543864,-32.0092144488493,2.9913469801981267,-7.639417057295331,-0.349625887235891,-11.824211920509939,0.48938619900876734,-15.637358633922604,0.04969451629966984
2024-08-03 17:00:00,11.0,4.0,-14.490896708591611,-0.003440060153497626,-2.3698359362754466,2.366395876121949,-39.7662903401446,2.9097465704964267,-28.595633152885558,3.4135812959637413,-7.5637578423157255,0.0756592149796052,-11.241560023122766,0.5826518973871725,-15.095207382408768,0.5421512515138365
2024-08-03 18:00:00,15.0,2.0,-13.432091274456054,1.0588054341355568,-1.3077580058540192,2.366563439989576,-37.178769733871675,2.587520606272926,-27.461432181927265,1.134200970958292,-7.007174504630258,0.5565833376854681,-10.685508428061123,0.5560515950616431,-14.189783075967544,0.9054243064412246
2024-08-03 19:00:00,17.0,-6.0,-13.781282681706353,-0.34919140725029907,-2.6644609664824688,2.3152695592321697,-35.76623041791304,1.412539315958632,-26.13005250134296,1.3313796805843041,-7.182509071974534,-0.17533456734427671,-10.154842729112685,0.5306656989484382,-14.075864470308973,0.11391860565857026
2024-08-03 20:00:00,11.0,-4.0,-16.040683412113548,-2.259400730407197,-4.5915247757610755,2.3321240453538787,-39.78406588647886,-4.017835468565817,-30.43123330248566,-4.3011808011427,-8.472150915558721,-1.2896418435841877,-11.927713207085059,-1.7728704779723736,-15.98469553642704,-1.9088310661180663
2024-08-03 21:00:00,7.0,-4.0,-19.479569846629715,-3.438886434516166,-5.8815426806935855,2.4426562461774197,-46.91835231217097,-7.134286425692113,-37.14354887536748,-6.71231557288182,-10.426862938184808,-1.9547120226260861,-15.196541651223065,-3.2688284441380056,-19.124589173136354,-3.1398936367093127
2024-08-03 22:00:00,3.0,0.0,-21.10564389997108,-1.626074053341367,-4.2418758081150605,2.6158017547736936,-48.403053849547916,-1.4847015373769512,-37.21078207075518,-0.06723319538770056,-11.449351088014314,-1.0224881498295069,-16.03000787082666,-0.833466219603592,-20.175750233430254,-1.0511610602939017
2024-08-03 23:00:00,3.0,5.0,-20.000798211318227,1.1048456886528562,-1.5948920938772644,2.6997377825301205,-44.67771122998658,3.7253426195613417,-34.942702861646005,2.2680792091091764,-10.832524039938814,0.6168270480754989,-15.255345195993119,0.7746626748335395,-19.123764820763075,1.0519854126671777
2024-08-04 00:00:00,8.0,2.0,-19.018504162434052,0.9822940488841749,-1.6602685573218197,2.6425626062059946,-41.43279796608261,3.244913263903965,-32.965318070417545,1.9773847912284614,-10.291024077961987,0.5414999619768278,-14.51604885471703,0.7392963412760902,-18.170093470582927,0.9536713501801484
2024-08-04 01:00:00,10.0,-1.0,-20.759657347832814,-1.7411531853987614,-4.333396474138723,2.592243288739962,-43.40862426589282,-1.9758262998102096,-33.98850284810253,-1.023184777684985,-11.872022657498867,-1.58099857953688,-15.76104690211963,-1.244998047402601,-19.273721140753587,-1.1036276701706593
2024-08-04 02:00:00,9.0,-8.0,-24.29388620998447,-3.534228862151659,-6.215996215610487,2.681767353458828,-50.6173481841127,-7.20872391821988,-40.22090308351487,-6.232400235412345,-14.478034599727957,-2.6060119422290904,-19.077606534478637,-3.3165596323590067,-22.345490497507413,-3.071769356753825
2024-08-04 03:00:00,1.0,-13.0,-26.831595251960536,-2.537709041976065,-5.405867400893423,2.8681583589173583,-54.6895281637438,-4.072179979631098,-42.47196973021556,-2.2510666467006955,-16.334919440407873,-1.8568848406799159,-21.069552714293447,-1.9919461798148113,-24.303056759698695,-1.957566262191282
2024-08-04 04:00:00,-12.0,5.0,-28.95564681251065,-2.1240515605501162,-5.129907863498745,3.0058563029486285,-57.52153219475516,-2.8320040310113574,-43.368573271182655,-0.8966035409670932,-17.872573940072794,-1.5376544996649193,-22.54444390959466,-1.4748911953012105,-25.815888895327795,-1.5128321356291021
2024-08-04 05:00:00,-7.0,-5.0,-31.229280975015946,-2.2736341625052954,-5.397224933636276,3.123590771130981,-60.72492287449593,-3.203390679740772,-44.74880710143584,-1.3802338302531805,-19.50930799679581,-1.6367340567230158,-24.209108723498023,-1.6646648139033655,-27.47937578811808,-1.6634868927902846
2024-08-04 06:00:00,-12.0,-9.0,-34.86013030607837,-3.6308493310624246,-6.882971984516139,3.2521226534537147,-67.43764947900084,-6.712726604504909,-49.660781527485774,-4.911974426049936,-22.176553003760507,-2.6672450069646976,-27.525395981425135,-3.3162872579271134,-30.50617389038927,-3.026798102271192
2024-08-04 07:00:00,-21.0,-27.0,-42.05206687053278,-7.1919365644544095,-10.65468995447197,3.4627533900175598,-84.99885797233787,-17.561208493337034,-64.8936524845495,-15.232870957063724,-27.670717344166174,-5.494164340405669,-35.88718480425223,-8.361788822827094,-37.77022762624393,-7.264053735854659
2024-08-04 08:00:00,-48.0,-13.0,-46.72593009573932,-4.673863225206544,-8.57334080036081,3.899477575154267,-92.79144058710067,-7.792582614762793,-68.28319478867101,-3.3895423041214983,-31.196941928734304,-3.5262245845681295,-40.06380679330917,-4.1766219890569385,-41.52612531884543,-3.755897692601501
2024-08-04 09:00:00,-61.0,6.0,-52.52751102909883,-5.80158093335951,-9.998775620068773,4.197194686709263,-102.56622880860684,-9.774788221506178,-73.69564709280735,-5.4124523041363375,-35.74676198007177,-4.549820051337461,-45.33143953781571,-5.267632744506542,-46.11790791919717,-4.591782600351741
2024-08-04 10:00:00,-55.0,-10.0,-59.116369114862735,-6.588858085763906,-11.170836552018834,4.581978466254927,-113.48140258637902,-10.915173777772184,-79.96912379317244,-6.273476700365089,-41.086985397671995,-5.340223417600231,-51.3169787026026,-5.985539164786889,-51.251955999192205,-5.134048079995034
2024-08-04 11:00:00,-65.0,-1.0,-64.3602435368591,-5.243874421996361,-10.283314692070828,5.039440270074467,-123.25890284895593,-9.777500262576902,-84.74333627282905,-4.774212479656608,-44.953814228032066,-3.8668288303600717,-56.48519867897365,-5.168219976371053,-55.9983097908816,-4.746353791689392
2024-08-04 12:00:00,-66.0,-2.0,-67.81536298414132,-3.4551194472822093,-8.874192447360128,5.419073000077919,-126.45597825045196,-3.197075401496031,-82.83692152237306,1.9064147504559905,-47.48785843714218,-2.534044209110116,-58.86064660428104,-2.375447925307382,-58.3039618861366,-2.305652095254996
2024-08-04 13:00:00,-68.0,-4.0,-73.99422449118777,-6.1788615070464425,-11.855603008983557,5.676741501937115,-134.410472512394,-7.954494261942017,-86.63677663242201,-3.799855110048952,-52.432897449385756,-4.945039012243575,-63.82605535657006,-4.965408752289024,-62.475002035377315,-4.1710401492407145
2024-08-04 14:00:00,-72.0,-16.0,-83.37750512349433,-9.383280632306558,-15.535736430134921,6.152455797828362,-142.73917726220554,-8.328704749811559,-90.73599201112073,-4.099215378698716,-59.3178813213693,-6.884983871983541,-70.22666486016159,-6.400609503591528,-67.34706096881722,-4.8720589334399085
2024-08-04 15:00:00,-88.0,-11.0,-91.32286347310549,-7.9453583496111575,-14.85683936659151,6.911481016980352,-149.1135424791632,-6.374365216957649,-92.79599463977716,-2.0600026286564344,-64.72742782942666,-5.409546508057361,-75.34624677177355,-5.119581911611964,-71.32473209429385,-3.9776711254766264
2024-08-04 16:00:00,-99.0,-1.0,-98.3260831508497,-7.003219677744216,-14.591920507568055,7.588700829823839,-154.07359690843666,-4.960054429273477,-93.68274226640058,-0.8867476266234213,-69.19333935311566,-4.465911523689004,-79.62042784187486,-4.274181070101312,-74.69565194689645,-3.370919852602602
2024-08-04 17:00:00,-100.0,3.0,-92.9440604664048,5.382022684444891,-2.8298350839253144,8.211857768370205,-137.64314415792234,16.43045275051433,-73.60348194943434,20.079260316966238,-66.55469604919215,2.6386433039235135,-75.94261767224607,3.6778101696287786,-71.1069169983591,3.588734948537352
2024-08-04 18:00:00,-97.0,6.0,-86.579125229495,6.364935236909804,-1.3658351287014872,7.730770365611291,-122.3266031530272,15.316541004895148,-66.6190814321599,6.984400517274435,-63.960858040783314,2.5938380084088295,-72.43271369643,3.509903975816071,-67.68410994329673,3.4228070550623695
2024-08-04 19:00:00,-91.0,8.0,-80.74280999337408,5.83631523612092,-1.3442479717185603,7.18056320783948,-109.00091884694494,13.32568430608225,-60.54145257864392,6.077628853515985,-61.446078007166555,2.5147800336167574,-69.08305035024024,3.34966334618976,-64.41707122615084,3.2670387171459003
2024-08-04 20:00:00,-83.0,11.0,-75.36758881855759,5.375221174816494,-1.3186794270687316,6.693900601885226,-97.40694134915624,11.593977497788698,-55.25249465365934,5.2889579249845795,-58.99705010256742,2.4490279045991326,-65.88631203200792,3.196738318232315,-61.30019502608611,3.116876200064731
2024-08-04 21:00:00,-72.0,17.0,-70.42094728961624,4.9466415289413606,-1.3141501420164763,6.260791670957837,-87.3201511019535,10.086790247202739,-50.65038458693792,4.60211006672142,-56.63387837176319,2.3631717308042295,-62.835517125445435,3.0507949065624844,-58.3242750930293,2.9759199330568054
2024-08-04 22:00:00,-55.0,8.0,-65.95574695769699,4.465200331919251,-1.4098130254991923,5.875013357418442,-78.5339110843961,8.786240017557398,-46.635229371547936,4.015155215389982,-54.10629922851239,2.5275791432507977,-59.924002751927915,2.911514373517517,-55.56855641615673,2.7557186768725654
2024-08-04 23:00:00,-47.0,-4.0,-61.86130110145318,4.094445856243811,-1.4428695010821848,5.537315357325996,-70.87881031903396,7.6551007653621355,-43.13046199623138,3.5047673753165567,-51.609980487929136,2.4963187405832534,-57.14541021889181,2.778592533036104,-53.16288193365303,2.4056744825037004
2024-08-05 00:00:00,-51.0,-1.0,-58.0581955971839,3.803105504269285,-1.4333360865770346,5.2364415908463195,-64.23171392720431,6.647096391829647,-40.0936876607016,3.036774335529782,-49.32123655800282,2.2887439299263157,-54.49367113257006,2.6517390863217534,-50.619386938759796,2.543494994893236
2024-08-05 01:00:00,-52.0,1.0,-54.544523075187364,3.51367252199653,-1.4508322764159887,4.964504798412519,-58.468436914836865,5.763277012367449,-37.47097677386634,2.6227108868352595,-47.67088170422139,1.6503548537814399,-51.962994144734374,2.530676987835683,-48.10324263455401,2.516144304205791
2024-08-05 02:00:00,-51.0,-3.0,-51.225862281354885,3.3186607938324757,-1.4010466673335367,4.719707461166013,-53.44916319516319,5.01927371967368,-35.18366018910359,2.2873165847627486,-45.86664500690656,1.8042366973148292,-49.54785230449979,2.415141840234581,-45.707277411906404,2.395965222647601
2024-08-05 03:00:00,-54.0,2.0,-48.07655136115906,3.149310920195825,-1.3448689220886276,4.494179842284453,-49.08121338844891,4.367949806714276,-33.19221721615002,1.9914429729535745,-44.08261751026479,1.7840274966417682,-47.242970987568,2.3048813169317874,-43.422061774582055,2.2852156373243484
2024-08-05 04:00:00,-52.0,6.0,-45.28255202842281,2.793999332736247,-1.4912671034550746,4.285266436191321,-45.283696330904874,3.7975170575440336,-31.46199987834265,1.7302173378073704,-42.434048326784975,1.6485691834798168,-45.04331637654722,2.199654611020781,-41.235190616704934,2.1868711578771243
2024-08-05 05:00:00,-46.0,14.0,-42.81587638971578,2.4666756387070325,-1.6374095993750235,4.104085238082056,-41.976732169087676,3.306964161817201,-29.953364890346535,1.5086349879961154,-40.74643866885638,1.6876096579285969,-42.94408446718979,2.09923190935743,-39.15330139358878,2.0818892231161557
2024-08-05 06:00:00,-32.0,5.0,-40.598096489915704,2.217779899800076,-1.729602466083834,3.94738236588391,-39.08820256076985,2.888529608317825,-28.629197195959446,1.3241676943870895,-38.92105060662894,1.825388062227437,-40.94069057653738,2.0033938906524122,-37.22943410751778,1.9238672860709953
2024-08-05 07:00:00,-27.0,-7.0,-38.555130101069864,2.0429663888458442,-1.7661289584407323,3.8090953472865765,-36.57751680377012,2.5106857569997247,-27.479332001579454,1.1498651943799916,-37.19292590981119,1.7281246968177526,-39.02875933005973,1.9119312464776508,-35.37223865503871,1.8571954524790788
2024-08-05 08:00:00,-34.0,3.0,-36.586742935289884,1.9683871657799776,-1.7155032400340717,3.6838904058140494,-34.39872076878044,2.178796034989679,-26.484295027848294,0.9950369737311603,-35.60615503210997,1.5867708777012213,-37.20411510591908,1.824644224140647,-33.56712769790565,1.805110957133057
2024-08-05 09:00:00,-31.0,5.0,-34.741467193258416,1.8452757420314652,-1.7199594721016132,3.5652352141330783,-32.50945859851475,1.8892621702656927,-25.62476773120043,0.8595272966478649,-34.19952369087113,1.4066313412388345,-35.46277291549072,1.7413421904283637,-31.826272083827163,1.740855614078482
2024-08-05 10:00:00,-26.0,-5.0,-33.2569853560378,1.4844818372206143,-1.9712832745555477,3.455765111776162,-30.861050430773222,1.648408167741524,-24.872122021919047,0.7526457092813807,-32.74246928706026,1.4570544038108741,-33.80092970022284,1.6618432152678757,-30.17562664160958,1.6506454422175827
2024-08-05 11:00:00,-31.0,-4.0,-31.63039768343401,1.6265876726037924,-1.7423502119163916,3.368937884520184,-29.430664008929586,1.430386421843635,-24.220947467780594,0.6511745541384538,-31.401303900465162,1.3411653865950968,-32.21495602582832,1.5859736743945183,-28.58983229123143,1.585794350378149
2024-08-05 12:00:00,-35.0,0.0,-30.115980379164824,1.5144173042691844,-1.7606499845871975,3.275067288856382,-28.186165553383468,1.244498455546119,-23.654278831220402,0.5666686365601896,-30.100773295135397,1.3005306053297665,-30.70138815566856,1.5135678701597621,-27.075810825746398,1.5140214654850335
2024-08-05 13:00:00,-35.0,4.0,-29.227576782991637,0.8884035961731875,-2.300458749274453,3.1888623454476406,-27.103144794988513,1.0830207583949556,-23.160896728809057,0.4933821024113457,-28.83543920167463,1.2653340934607669,-29.25692048601789,1.4444676696506689,-25.630814545229807,1.44499628051659
2024-08-05 14:00:00,-31.0,3.0,-28.19205565788985,1.035521125101789,-2.1033058130161044,3.1388269381178935,-26.160244692435562,0.9429001025529512,-22.73091885273551,0.4299778760735483,-27.599211768512877,1.2362274331617535,-27.878398326687304,1.3785221593305876,-24.252566688202556,1.3782478570272523
2024-08-05 15:00:00,-28.0,6.0,-26.97934407039537,1.2127115874944787,-1.868293557562976,3.0810051450574547,-25.346008588709683,0.814236103725878,-22.362863163859515,0.36805568887599516,-26.515015778241246,1.0841959902716305,-26.56281101124047,1.315587315446833,-22.92794524443193,1.3246214437706272
2024-08-05 16:00:00,-22.0,6.0,-25.77398062702104,1.2053634433743294,-1.8086092690518045,3.013972712426134,-24.635810529021317,0.7101980596883664,-22.04079607648904,0.322067087370474,-25.422788276652334,1.0922275015889127,-25.30728532175495,1.2555256894855205,-21.664821211327418,1.2631240331045093
2024-08-05 17:00:00,-16.0,3.0,-24.59031583675774,1.1836647902632993,-1.764412213299958,2.9480770035632573,-24.015066460745352,0.6207440682759664,-21.757686996122636,0.2831090803664041,-24.314978312849043,1.1078099638032899,-24.109079213768347,1.198206107986602,-20.46289389639149,1.2019273149359282
2024-08-05 18:00:00,-13.0,0.0,-23.465574547454477,1.1247412893032611,-1.7593350308623492,2.8840763201656103,-23.473509222766182,0.5415572379791691,-21.509836938601943,0.2478500575206953,-23.22235715413545,1.0926211587135921,-22.96557582770485,1.1435033860634978,-19.318397520004165,1.1444963763873228
2024-08-05 19:00:00,-13.0,2.0,-22.373565780818872,1.0920087666356042,-1.7319036351023187,2.823912401737923,-22.994719864645923,0.4787893581202607,-21.28654826609554,0.2232886725064031,-22.11355420764407,1.1088029464913811,-21.874277773703188,1.0912980540016628,-18.256676858779773,1.0617206612243917
2024-08-05 20:00:00,-11.0,-1.0,-21.99188132337868,0.3816844574401892,-2.3844216809349192,2.7661061383751084,-22.57790223677837,0.41681762786755033,-21.091987506798837,0.19456075929670386,-21.046268689651885,1.0672855179921867,-20.83280167736421,1.041476096338979,-17.2446426754374,1.0120341833423716
2024-08-05 21:00:00,-12.0,4.0,-20.90556622386657,1.0863150995121122,-1.6597272862050882,2.7460423857172005,-22.22085540803056,0.3570468287478114,-20.928273307148014,0.16371419965082115,-20.040544403667216,1.0057242859846702,-19.838872974506074,0.9939287028581338,-16.25198740321788,0.9926552722195228
2024-08-05 22:00:00,-8.0,1.0,-19.874019110140033,1.0315471137265368,-1.6577913821101729,2.6893384958367097,-21.911694073657543,0.30916133437301574,-20.787288630566312,0.14098467658170322,-19.078664892538193,0.9618795111290217,-18.89032094355892,0.948552030947154,-15.299865646132044,0.9521217570858345
2024-08-05 23:00:00,-7.0,-1.0,-19.776972633296317,0.09704647684371492,-2.538994515758344,2.6360409926020587,-21.638953643804584,0.2727404298529583,-20.660847349596185,0.12644128097012816,-18.130762886542666,0.9479020059955261,-17.985073964749823,0.9052469788090972,-14.605369915308666,0.694495730823379
2024-08-06 00:00:00,-8.0,-3.0,-19.187403702069627,0.5895689312266912,-2.041485361098725,2.631054292325416,-21.405384123243106,0.2335695205614761,-20.55453795667472,0.10630939292146281,-17.231255232649183,0.8995076538934819,-17.12115499572423,0.8639189690255935,-13.727794804204184,0.8775751111044832
2024-08-06 01:00:00,-11.0,-2.0,-18.132161268784717,1.0552424332849089,-1.545618524082139,2.600860957367048,-21.202202341299323,0.20318178194378422,-20.462058655685816,0.0924793009889053,-16.361434760194463,0.8698204724547209,-16.296677253722684,0.8244777420015444,-12.889808527472352,0.8379862767318309
2024-08-06 02:00:00,-13.0,0.0,-17.09334148887674,1.0388197799079797,-1.5084345548628169,2.5472543347707965,-21.029203893435216,0.17299844786410615,-20.385355590017134,0.07670306566868153,-15.543522208094128,0.8179125521003356,-15.509840094882817,0.7868371588398672,-12.082123633009077,0.8076848944632755
2024-08-06 03:00:00,-13.0,3.0,-16.659138931640395,0.4342025572363437,-2.0608246805421357,2.4950272377784795,-20.87332656639929,0.15587732703592874,-20.313250647368204,0.07210494264892914,-14.724446885552167,0.8190753225419611,-14.758925081667051,0.7509150132157657,-11.343977446675149,0.7381461863339276
2024-08-06 04:00:00,-10.0,0.0,-15.754046044982903,0.9050928866574919,-1.5682649493434158,2.4733578360009076,-20.73867984126773,0.1346467251315614,-20.25147556679126,0.061775080576943336,-13.935245460109495,0.7892014254426718,-14.042292229827387,0.7166328518396651,-10.615456894580365,0.728520552094783
2024-08-06 05:00:00,-10.0,-4.0,-16.123462479910163,-0.3694164349272606,-2.7979083532568128,2.428491918329552,-21.297228228639213,-0.558548387371486,-20.80641520493066,-0.5549396381393994,-13.67121417925119,0.2640312808583053,-13.358376426710683,0.683915803116705,-10.771006754168369,-0.1555498595880031
2024-08-06 06:00:00,-14.0,-1.0,-15.13280009147058,0.9906623884395824,-1.456092091315382,2.4467544797549645,-21.107578117823124,0.18965011081609,-20.680696505895714,0.12571869903494295,-12.917316671543082,0.7538975077081091,-12.705684013082097,0.6526924136285853,-10.068075457958969,0.702931296209399
2024-08-06 07:00:00,-15.0,-4.0,-14.286593215029235,0.8462068764413442,-1.551727235306451,2.3979341117477952,-20.94217773027038,0.16540038755274453,-20.570900523875554,0.10979598202016105,-12.188125719946148,0.7291909515969339,-12.082789521001448,0.622894492080648,-9.39809789185943,0.6699775660995382
2024-08-06 08:00:00,-19.0,2.0,-13.454732922396392,0.831860292632844,-1.5247618969463503,2.3566221895791943,-20.80197839394835,0.14019933632203083,-20.479059065842883,0.09184145803267078,-11.490137339379396,0.6979883805667527,-11.488332560628077,0.5944569603733718,-8.74976278857374,0.64833510328569
2024-08-06 09:00:00,-17.0,4.0,-12.727128679322961,0.7276042430734304,-1.5887563115556353,2.3163605546290658,-20.674408350660915,0.127570043287436,-20.393554040234765,0.08550502560811718,-10.811146202243354,0.6789911371360424,-10.921014849155046,0.5673177114730299,-8.14591529336397,0.6038474952097709
2024-08-06 10:00:00,-13.0,2.0,-11.996358592793332,0.7307700865296285,-1.5506591800273908,2.2814292665570193,-20.56931618848331,0.1050921621776045,-20.32504145100179,0.06851258923297199,-10.155941147415987,0.6552050548273665,-10.37959737538395,0.541417473771097,-7.553660640006567,0.5922546533574031
2024-08-06 11:00:00,-11.0,3.0,-11.277648651720263,0.718709941073068,-1.5279031752890435,2.2466131163621115,-20.47851100844802,0.09080518003529094,-20.266050977312787,0.05899047368900453,-9.521972160177024,0.6339689872389642,-9.862897693747778,0.5166996816361724,-6.9871998719408825,0.5664607680656841
2024-08-06 12:00:00,-8.0,4.0,-10.595950862039807,0.6816977896804561,-1.530934874154666,2.212632663835122,-20.39993610990756,0.07857489854046013,-20.21514678701021,0.05090419030257723,-8.90775539862673,0.6142167615502944,-9.36978734187207,0.49311035187570695,-6.445734644329829,0.541465227611053
2024-08-06 13:00:00,-4.0,4.0,-9.953549613495161,0.6424012485446453,-1.5382401726260455,2.180641421170691,-20.331275007370134,0.06866110253742626,-20.1705528903461,0.04459389666410641,-8.31109533907859,0.596660059548139,-8.899189376034345,0.47059796583772606,-5.929153446528921,0.5165811978009085
2024-08-06 14:00:00,0.0,3.0,-9.336699087239218,0.6168505262559434,-1.5338569935432178,2.150707519799161,-20.268193652957635,0.06308135441249803,-20.128407556480592,0.042145333865508235,-7.733426458645215,0.5776688804333758,-8.45007601913928,0.4491133568950654,-5.442341040050059,0.48681240647886165
2024-08-06 15:00:00,3.0,-1.0,-8.80128754242487,0.5354115448143473,-1.5867473544760062,2.1221588992903535,-20.21393983074552,0.054253822212114396,-20.09236197239458,0.036045584086012876,-7.173294226941303,0.5601322317039115,-8.021466416072897,0.42860960306638163,-4.976043889185361,0.4662971508646986
2024-08-06 16:00:00,2.0,-2.0,-8.226871735666403,0.574415806758467,-1.52311820479029,2.097534011548757,-20.163732255224616,0.050207575520902596,-20.05799388654515,0.03436808584943109,-6.64111541877246,0.5321788081688432,-7.612424491533468,0.40904192453942945,-4.53932358543263,0.4367203037527311
2024-08-06 17:00:00,0.0,0.0,-8.368857117363833,-0.1419853816974288,-2.2132603933160597,2.071275011618631,-20.119694338576025,0.04403791664859039,-20.027732219491945,0.030261667053206806,-6.414688151300005,0.22642726747245465,-7.222056905660673,0.3903675858727951,-4.608317839500629,-0.06899425406799858
2024-08-06 18:00:00,0.0,-1.0,-7.840231804403799,0.528625312960034,-1.5491250673484014,2.0777503803084354,-20.080064342008477,0.03962999656754839,-20.00008494567914,0.027647273812805177,-5.918225611177182,0.4964625401228229,-6.849511102998177,0.3725458026624964,-4.19470259080466,0.4136152486959689
2024-08-06 19:00:00,-1.0,-1.0,-7.285330179537963,0.5549016248658358,-1.4987915608805957,2.0536931857464316,-20.046478110134725,0.033586231873751586,-19.97691920107281,0.023165744606331654,-5.433694633282688,0.484530977894495,-6.493973450528563,0.3555376524696132,-3.796144702901275,0.3985578879033848
2024-08-06 20:00:00,-2.0,0.0,-6.777665908641071,0.5076642708968924,-1.5209266152488758,2.028590886145768,-20.015992883499184,0.030485226635541807,-19.95549805376263,0.021421147310182746,-4.974894238732125,0.458800394550563,-6.15466746071415,0.3393059898144133,-3.420871132935958,0.37527356996531724
2024-08-06 21:00:00,-2.0,1.0,-6.315226735302689,0.46243917333838125,-1.5433215144262813,2.0057606877646625,-19.992076813814094,0.02391606968509006,-19.939462347649403,0.016035706113224645,-4.514884032797216,0.46001020593490827,-5.830852095662825,0.3238153650513247,-3.05255373463021,0.3683173983057476
2024-08-06 22:00:00,-1.0,-1.0,-5.833872618278427,0.4813541170242621,-1.5037226373487769,1.985076754373039,-19.96910454543662,0.02297226837747509,-19.923346076144842,0.016116271504560697,-4.085553444856426,0.4293305879407895,-5.521820148715249,0.3090319469475762,-2.708944023118457,0.3436097115117527
2024-08-06 23:00:00,-2.0,1.0,-5.350521109247172,0.48335150903125523,-1.4803091557480055,1.9636606647792607,-19.949631128852985,0.019473416583631255,-19.909834771873413,0.013511304271428907,-3.667439404038235,0.41811404081819126,-5.226896699918825,0.2949234487964234,-2.3787412709742135,0.33020275214424355
2024-08-07 00:00:00,-1.0,0.0,-4.904300599075996,0.44622051017117603,-1.4960520739538283,1.9422725841250044,-19.933592003803913,0.01603912504907399,-19.898980027975583,0.010854743897831786,-3.2570921597045843,0.41034724433365094,-4.945437642015236,0.28145905790358894,-2.060049119182573,0.3186921517916407
2024-08-07 01:00:00,-1.0,0.0,-4.50383761436216,0.4004629847138361,-1.5221685159890106,1.9226315007028467,-19.917675876607706,0.01591612719620624,-19.887574862802232,0.011405165173349977,-2.8773707984608254,0.37972136124375905,-4.676828273722318,0.26860936829291715,-1.7636996424311682,0.2963494767514048
2024-08-07 02:00:00,-1.0,0.0,-4.0612323501691,0.44260526419306,-1.4624842274778391,1.9050894916708991,-19.905619004309475,0.0120568722982296,-19.879439257903613,0.008135604898619326,-2.4956596496858423,0.3817111487749832,-4.4204819572380405,0.25634631648427764,-1.4734157808081652,0.29028386162300307
2024-08-07 03:00:00,-1.0,0.0,-3.63730062979612,0.42393172037298044,-1.461863277107772,1.8857949974807524,-19.893878846601055,0.011740157708421677,-19.871110795690168,0.008328462213446117,-2.1382085695969932,0.3574510800888491,-4.175838837034589,0.2446431202034518,-1.2011884824684214,0.2722272983397439
2024-08-07 04:00:00,-1.0,1.0,-3.3144489909654857,0.32285163883063417,-1.5445549769051248,1.867406615735759,-19.885697457626996,0.00818138897405845,-19.865894469660553,0.005216326029613502,-1.777058360611628,0.36115020898536526,-3.9423646171444373,0.23347421989015138,-0.9906926175034141,0.21049586496500722
2024-08-07 05:00:00,0.0,3.0,-2.9251503411689255,0.38929864979656026,-1.4641644461262566,1.8534630959228169,-19.87778200037657,0.007915457250426918,-19.860558736578845,0.005335733081707594,-1.4335921698358205,0.34346619077580737,-3.719549394268018,0.22281522287641953,-0.7353933099757362,0.2552993075276779
2024-08-07 06:00:00,3.0,1.0,-2.5346609690717674,0.39048937209715784,-1.4462299383790194,1.8367193104761772,-19.870151019118417,0.007630981258153966,-19.85517216618479,0.00538657039405572,-1.1090654416490362,0.3245267281867844,-3.506906544154515,0.2126428501135027,-0.4944804877498452,0.24091282222589092
2024-08-07 07:00:00,4.0,-7.0,-2.211735150560533,0.32292581851123425,-1.4970748157398215,1.8200006342510557,-19.862212339715995,0.007938679402420804,-19.84918672310682,0.005985443077971321,-0.8095142326829905,0.2995512089660457,-3.3039716588236665,0.20293488533084858,-0.2701217773672825,0.2243587103825627
2024-08-07 08:00:00,-3.0,1.0,-1.8372681836818918,0.3744669668786411,-1.431765447405688,1.8062324142843291,-19.857763991915764,0.00444834780022962,-19.846434457731156,0.0027522653756609622,-0.49562148213814383,0.31389275054484667,-3.1103015323074796,0.19367012651618665,-0.04591105586864663,0.22421072149863586
2024-08-07 09:00:00,-2.0,0.0,-4.409382120294406,-2.572113936612514,-4.362446086864768,1.790332150252254,-24.70994216698228,-4.8521781750665145,-24.69765514896305,-4.851220691231896,-2.5156963359833555,-2.0200748538452116,-5.266980039292592,-2.156678506985112,-2.7360368230053496,-2.6901257671367027
2024-08-07 10:00:00,-2.0,-4.0,-5.089522363864731,-0.6801402435703245,-2.581103893762149,1.9009636501918243,-24.354632426248013,0.35530974073426713,-23.587126328431694,1.1105288205313562,-2.941422878862077,-0.42572654287872164,-5.050590686642838,0.21638935264975379,-3.4250800993025674,-0.6890432762972178
2024-08-07 11:00:00,-6.0,2.0,-4.556947759705207,0.5325746041595234,-1.3981976009296988,1.9307722050892222,-23.766016814791893,0.588615611456122,-23.098774861158965,0.48835146727272766,-2.5555416248416596,0.3858812540204177,-4.777180677023449,0.273410009619389,-3.05884999036114,0.36623010894142705
2024-08-07 12:00:00,-4.0,7.0,-4.018658951168074,0.5382888085371331,-1.3691225130136078,1.907411321550741,-23.254012144326506,0.5120046704653868,-22.673936483043974,0.4248383781149911,-2.1822129366211134,0.3733286882205461,-4.5162528869717224,0.26092779005172684,-2.7088490826613567,0.3500009076997834
2024-08-07 13:00:00,3.0,3.0,-3.507635947037448,0.5110230041306265,-1.3729212682187253,1.8839442723493518,-22.808228377391572,0.44578376693493277,-22.303932556002813,0.3700039270411624,-1.8246026648560107,0.3576102717651027,-4.267237455107849,0.24901543186387376,-2.3758717491444883,0.33297733351686853
2024-08-07 14:00:00,6.0,3.0,-3.042170399701641,0.4654655473358067,-1.3963347498194967,1.8618002971553034,-22.419538795796356,0.38868958159521455,-21.981124239504634,0.3228083164981777,-1.4872626312878034,0.33734003356820735,-4.029590536417974,0.23764691868987553,-2.0612430816787204,0.31462866746576795
2024-08-07 15:00:00,9.0,1.0,-2.6153162354506545,0.4268541642509869,-1.414890207936801,1.841744372187788,-22.081278592049355,0.33826020374700067,-21.70013891340166,0.28098532610297383,-1.1628050572559998,0.3244575740318036,-3.8027931145069283,0.22679742191104557,-1.7612408916133864,0.30000219006533396
2024-08-07 16:00:00,10.0,3.0,-2.185463898592836,0.42985233685781865,-1.3935952628927295,1.8234475997505482,-21.786742443697435,0.2945361483519214,-21.45539566652082,0.2447432468808401,-0.8523545429585369,0.31045051429746295,-3.586349868076196,0.21644324643073198,-1.4758392385124954,0.2854016531008909
2024-08-07 17:00:00,13.0,2.0,-1.7948011723416404,0.3906627262511957,-1.4144518900285183,1.805114616279714,-21.530041968278958,0.2567004754184758,-21.241983684117706,0.21341198240311254,-0.557765608242623,0.2945889347159138,-3.3797880891515257,0.20656177892467031,-1.2053188391321983,0.2705203993802972
2024-08-07 18:00:00,15.0,0.0,-1.4179801814962862,0.37682099084535414,-1.4117124031017512,1.7885333939471053,-21.30584413173346,0.22419783654549974,-21.055419988209078,0.1865636959086283,-0.2835775727921871,0.2741880354504359,-3.1826566506976155,0.19713143845391023,-0.951140686747177,0.25417815238502134
2024-08-07 19:00:00,15.0,-2.0,-1.042835096023902,0.37514508547238434,-1.3974670710825607,1.772612156554945,-21.111724021923578,0.19412010980987884,-20.894016420624954,0.16140356758412522,-0.008681668326781133,0.27489590446540596,-2.994525021365164,0.1881316293324511,-0.7040430687795896,0.2470976179675875
2024-08-07 20:00:00,13.0,-3.0,-0.6790500257535186,0.3637850702703833,-1.393047365507376,1.7568324357777594,-20.94382058938614,0.16790343253744047,-20.75455443823872,0.1394619823862331,0.26718615284305336,0.2758678211698345,-2.814982325218512,0.17954269614665197,-0.4639894397189346,0.24005362906065497
2024-08-07 21:00:00,10.0,-3.0,-3.3976312658603054,-2.718581240106787,-4.460179168604693,1.7415979284979062,-26.002629953565105,-5.058809364178965,-25.69425677212472,-4.939702333885999,-1.9106462083790356,-2.177832361222089,-5.1595369526461585,-2.3445546274276463,-3.2507376566502346,-2.7867482169313
2024-08-07 22:00:00,7.0,-3.0,-5.563375762260345,-2.16574449640004,-4.022795123775656,1.857050627375616,-29.179678624826217,-3.1770486712611117,-27.997500126604635,-2.303243354479914,-3.5926895887976764,-1.6820433804186408,-6.728159440357288,-1.5686224877111299,-5.324105882423487,-2.073368225773252
2024-08-07 23:00:00,4.0,-4.0,-5.588984791929018,-0.025609029668673067,-1.9772859022196605,1.9516768725509874,-27.96223187267914,1.2174467521470744,-26.934799280072898,1.062700846531737,-3.517269141064594,0.07542044773308243,-6.378161958491133,0.3499974818661553,-5.208374053539217,0.11573182888426992
2024-08-08 00:00:00,0.0,1.0,-7.36219054021633,-1.7732057482873125,-3.726015602936247,1.9528098546489345,-30.23055317315969,-2.2683213004805514,-28.230470609126442,-1.2956713290535449,-4.838452134870053,-1.3211829938054591,-7.496433288406076,-1.1182713299149423,-6.85489769086484,-1.6465236373256231
2024-08-08 01:00:00,1.0,-1.0,-6.740164086086503,0.6220264541298266,-1.4100321844533337,2.0320586385831603,-28.877597761447635,1.3529554117120577,-27.138617783564268,1.0918528255621731,-4.390327496307203,0.4481246385628495,-7.111361147522178,0.38507214088389774,-6.335405423768469,0.5194922670963711
2024-08-08 02:00:00,0.0,-1.0,-6.1515594022520474,0.5886046838344561,-1.4154746318145113,2.0040793156489674,-27.700575133336606,1.1770226281110308,-26.188612557803836,0.9500052257604323,-3.9574537011261506,0.43287379518105296,-6.743869032397373,0.3674921151248054,-5.839204074544843,0.49620134922362646
2024-08-08 03:00:00,-1.0,1.0,-5.626691745771305,0.5248676564807417,-1.4529142864803317,1.9777819429610735,-26.67602501870036,1.0245501146362446,-25.361444745798856,0.8271678120049792,-3.543733456973593,0.4137202441525574,-6.393154347172658,0.3507146852247147,-5.367507716594718,0.4716963579501252
2024-08-08 04:00:00,0.0,1.0,-5.805403439064799,-0.17871169329349335,-2.133190358865371,1.9544786655718778,-25.78601183963928,0.890013179061081,-24.64304540155921,0.7183993442396456,-3.585705588172222,-0.04197213119862869,-6.05845113757999,0.3347032095926683,-5.416260217738108,-0.04875250114339069
2024-08-08 05:00:00,1.0,0.0,-6.339055646330161,-0.5336522072653627,-2.4960498780997664,1.9623976708344038,-25.173686187549563,0.6123256520897142,-23.430699970571727,1.212345430987484,-3.9036238224019852,-0.31791823422976334,-5.739028418112584,0.31942271946740597,-5.824913487345945,-0.4086532696078376
2024-08-08 06:00:00,1.0,-3.0,-5.706477921746108,0.6325777245840525,-1.3535622272695693,1.9861399518536218,-24.4797894879184,0.6938966996311654,-22.963858320797453,0.4668416497742723,-3.4766100144390695,0.4270138079629156,-5.434188575566335,0.3048398425462491,-5.346362016422661,0.47855147092328487
2024-08-08 07:00:00,-2.0,-1.0,-5.089353313952593,0.6171246077935151,-1.3408875344217257,1.9580121422152408,-23.876484503119862,0.6033049847985384,-22.558030215829604,0.4058281049678475,-3.0614265364152558,0.4151834780238138,-5.143265845465716,0.290922730100619,-4.8883121628549535,0.45804985356770733
2024-08-08 08:00:00,-3.0,4.0,-5.207353119804358,-0.11799980585176462,-2.0487645731665816,1.930764767314817,-23.351858021999835,0.5246264811200272,-22.205155666606533,0.3528745492230705,-3.1001794963271654,-0.03875295991190969,-4.865624858046701,0.2776409874190149,-4.957710129947616,-0.06939796709266266
2024-08-08 09:00:00,1.0,2.0,-6.5645042187408755,-1.3571510989365172,-3.2931110483592803,1.935959949422763,-25.09325796933211,-1.7413999473322774,-23.72646417441622,-1.5213085078096855,-4.08330892478824,-0.9831294284610748,-5.595320641670509,-0.7296957836238078,-6.191200605987391,-1.2334904760397754
2024-08-08 10:00:00,3.0,6.0,-5.955019406775371,0.609484811965505,-1.3867282823296327,1.9962130942951377,-24.408729572175414,0.6845283971566959,-23.22012530946354,0.5063388649526771,-3.6573441065096737,0.4259648182785667,-5.297041612393779,0.2982790292767292,-5.699608250730532,0.4915923552568595
2024-08-08 11:00:00,9.0,0.0,-5.393016708950852,0.5620026978245185,-1.407037012080068,1.9690397099045864,-23.813614839117605,0.59511473305781,-22.779969286581156,0.44015602288238403,-3.2430085512491287,0.4143355552605452,-5.012380169177796,0.2846614432159835,-5.228793677548741,0.4708145731817911
2024-08-08 12:00:00,9.0,2.0,-4.871063916374548,0.5219527925763039,-1.4221955064081808,1.9441482989844847,-23.293770472034982,0.5198443670826244,-22.394883926688163,0.38508535989299303,-2.8595418664565173,0.38346668479261115,-4.740714616791178,0.2716655523866176,-4.787163495440233,0.4416301821085079
2024-08-08 13:00:00,11.0,5.0,-4.359119986869848,0.5119439295047004,-1.409228601621482,1.9211725311261822,-22.84202783977173,0.45174263226324984,-22.060331098148538,0.3345528285396237,-2.485103356615911,0.37443850984060606,-4.4814516427833855,0.25926297400779186,-4.363311419671534,0.4238520757686986
2024-08-08 14:00:00,16.0,4.0,-3.8277192184401025,0.5314007684297453,-1.3673692413804768,1.898770009810222,-22.45159668338082,0.3904311563909102,-21.771809040226564,0.2885220579219731,-2.10309918696665,0.38200416964926115,-4.234025021701499,0.24742662108188607,-3.9497789907180687,0.41353242895346587
2024-08-08 15:00:00,20.0,-3.0,-3.3603796266668224,0.4673395917732803,-1.4083154393125594,1.8756550310858398,-22.109806181227533,0.34179050215328893,-21.51864409662693,0.253164943599636,-1.7510484885615276,0.35205069840512243,-3.9978943784644922,0.23613064323700694,-3.5619249040823897,0.387854086635679
2024-08-08 16:00:00,17.0,2.0,-2.909708407133625,0.4506712195331972,-1.4047723695539402,1.8554435890871375,-21.81228244295635,0.29752373827118567,-21.29819188156888,0.22045221505804902,-1.4128081386521556,0.33824034990937196,-3.772544008194231,0.22535037027026106,-3.192232480516345,0.3696924235660445
2024-08-08 17:00:00,19.0,-2.0,-2.474040880164952,0.4356675269686734,-1.4003891904711123,1.8360567174397857,-21.55278735159876,0.2594950913575876,-21.105721034039192,0.19247084752968685,-1.092754750895615,0.32005338775654063,-3.557481749925733,0.215062258268498,-2.8418709216401017,0.35036155887624354
2024-08-08 18:00:00,17.0,2.0,-2.008218617784252,0.4658222623807,-1.3515897966822967,1.8174120590629967,-21.331855527162773,0.22093182443598458,-20.94307048143855,0.16265055260064015,-0.7426226519270519,0.3501320989685631,-3.3522379117368866,0.20524383818884684,-2.492371181802789,0.34949973983731236
2024-08-08 19:00:00,19.0,-4.0,-1.5600711850584343,0.4481474327258177,-1.34943473363324,1.7975821663590577,-21.136386392999984,0.19546913416278827,-20.798288185515833,0.14478229592271655,-0.43071662609049083,0.3119060258365611,-3.1563642449501375,0.1958736667867489,-2.1676386657883318,0.3247325160144573
2024-08-08 20:00:00,15.0,-2.0,-1.071506492971144,0.48856469208729036,-1.2900426570609238,1.7786073491482142,-20.96832378169455,0.1680626113054327,-20.674302327041815,0.12398585847401901,-0.11157725751788533,0.3191393685726055,-2.9694329651658204,0.18693127978431678,-1.8515871813661167,0.3160514844222152
2024-08-08 21:00:00,13.0,0.0,-0.5913864042713133,0.4801200886998307,-1.2779158615984336,1.7580359502982643,-20.821371226204835,0.14695255548971364,-20.565681181802198,0.10862114523961836,0.19060296828223672,0.30218022580012205,-2.7910358179890853,0.17839714717673538,-1.551838003251303,0.2997491781148136
2024-08-08 22:00:00,13.0,0.0,-0.1617190898547265,0.4296673144165868,-1.308269376747016,1.7379366911636027,-20.694995443472713,0.12637578273212335,-20.472638147876342,0.0930430339258546,0.49572267720994795,0.30511970892771123,-2.6207831874099847,0.17025263057910078,-1.2618045540546015,0.2900334491967016
2024-08-08 23:00:00,13.0,2.0,0.2622223711775038,0.4239414610322303,-1.2961060547921688,1.720047515824399,-20.584863883761177,0.11013155971153599,-20.39149418055965,0.08114396731669105,0.7894360190612977,0.2937133418513498,-2.4583032448894473,0.1624799425205372,-0.985310886451962,0.27649366760263944
2024-08-09 00:00:00,15.0,0.0,0.6689324957814886,0.4067101246039848,-1.2957773163609567,1.7024874409649415,-20.489571311403513,0.09529257235766274,-20.3214097540447,0.0700844265149494,1.0782645196776128,0.28882850061631504,-2.3032411372927513,0.1550621075966958,-0.7201114217154214,0.2651994647365406
2024-08-09 01:00:00,15.0,-1.0,-1.8175299490279713,-2.48646244480946,-4.172188227766759,1.6857257829572987,-25.03295596296395,-4.543384651560438,-24.81143227537895,-4.490022521334249,-0.9261085129320934,-2.0043730326097062,-4.403380686919058,-2.1001395496263067,-3.2602499106422775,-2.540138488926856
2024-08-09 02:00:00,14.0,-6.0,-2.882908938393693,-1.0653789893657215,-2.854874983546943,1.7894959941812216,-25.551754970795454,-0.5187990078315053,-24.58419482201094,0.2272374533680106,-1.7557224181826878,-0.8296139052505944,-4.707806477633855,-0.30442579071479714,-4.2564664350941115,-0.9962165244518337
2024-08-09 03:00:00,8.0,0.0,-2.379173354543153,0.50373558385054,-1.3311714874547909,1.8349070713053308,-24.807336475614957,0.7444184951804979,-23.966177163830608,0.6180176581803306,-1.4122421717820217,0.34348024640066616,-4.45004588687493,0.2577605907589242,-3.853302208649705,0.4031642264444065
2024-08-09 04:00:00,8.0,7.0,-1.9479345382762763,0.43123881626687655,-1.3821259442926634,1.81336476055954,-24.1612681206966,0.6460683549183567,-23.42999570090714,0.5361814629234678,-1.0670781368808215,0.3451640349012001,-4.204053059462425,0.24599282741250472,-3.4632366749187415,0.39006553373096353
2024-08-09 05:00:00,15.0,2.0,-1.5598016009145517,0.3881329373617246,-1.4068909061106405,1.795023843472365,-23.5993625622157,0.5619055584809017,-22.963621930769005,0.4663737701381334,-0.731987341076861,0.3350907958039605,-3.969290751693687,0.23476230776873863,-3.0902964494341894,0.37294022548455213
2024-08-09 06:00:00,17.0,-2.0,-1.1946713105472326,0.36513029036731903,-1.4134656747348822,1.7785959651022012,-23.110320928993055,0.48904163322264266,-22.557632568996205,0.40598936177279954,-0.40959878886226786,0.32238855221459317,-3.745246247109476,0.22404450458421077,-2.7347348466532515,0.3555616027809379
2024-08-09 07:00:00,15.0,-2.0,-0.829256499003302,0.36541481154393063,-1.3977958095137728,1.7632106210577034,-22.68391098145,0.42640994754305467,-22.20342631450723,0.3542062544889752,-0.10662755996015832,0.30297122890210954,-3.531430236730877,0.21381601037859888,-2.398174605473026,0.3365602411802257
2024-08-09 08:00:00,13.0,-2.0,-0.6405765659554585,0.18867993304784347,-1.5592002664562623,1.7478801995041058,-22.31225533127322,0.3716556501767816,-21.89454255479272,0.3088837597145067,0.07503925413889731,0.18166681409905563,-3.3273757504177013,0.2040544863131759,-2.1085279938775043,0.2896466115955218
2024-08-09 09:00:00,11.0,1.0,-2.265576429099084,-1.6249998631436255,-3.3649904880773933,1.7399906249337678,-24.16932176733993,-1.8570664360667108,-23.482107916307395,-1.587565361514673,-1.2476734719609888,-1.322712726099886,-4.289035486471268,-0.9616597360535664,-3.595711168910336,-1.487183175032832
2024-08-09 10:00:00,12.0,0.0,-1.8887809978837076,0.3767954312153765,-1.431728920913331,1.8085243521287075,-23.60498747621757,0.564334291122359,-23.007585947787785,0.4745219685196098,-0.9183946362327815,0.32927883572820726,-4.050393403727232,0.2386420827440363,-3.221107287483414,0.3746038814269222
2024-08-09 11:00:00,12.0,-3.0,-1.5238306296306932,0.3649503682530144,-1.4275649007846447,1.7925152690376591,-23.114675731121025,0.49031174509654407,-22.595348638696205,0.4122373090915804,-0.5944445809826189,0.32395005525016257,-3.8226462508324794,0.22774715289475234,-2.8612643974986134,0.35984288998480063
2024-08-09 12:00:00,9.0,1.0,-1.2221679319706975,0.30166269765999565,-1.475414605772181,1.7770773034321767,-22.686717042330923,0.4279586887901018,-22.235262558002024,0.3600860806941809,-0.2946874403240151,0.29975714065860376,-3.6052966322939115,0.21734961853856816,-2.522471495749337,0.33879290174927634
2024-08-09 13:00:00,10.0,0.0,-0.89219637897389,0.32997155299680747,-1.4343953548553845,1.764366907852192,-22.314213216384452,0.3725038259464697,-21.921761316260053,0.31350124174197086,-0.007230970144008253,0.28745647018000686,-3.3978698606376603,0.20742677165625123,-2.199674089236256,0.322797406513081
2024-08-09 14:00:00,10.0,4.0,-0.5413755916263501,0.35082078734753996,-1.3996951871163315,1.7505159744638714,-21.99167411962256,0.32253909676189185,-21.650512215614977,0.27124910064507485,0.2856668387848932,0.29289780892890144,-3.199912919700588,0.1979569409370725,-1.886071069266759,0.313603019969497
2024-08-09 15:00:00,14.0,1.0,-0.25372822595628275,0.2876473656700673,-1.448202368966292,1.7358497346363593,-21.71074720563363,0.2809269139889276,-21.414172688673975,0.236339526941001,0.5655192135652615,0.2798523747803683,-3.0109934752515155,0.1889194444490725,-1.5876615312786957,0.29840953798806336
2024-08-09 16:00:00,15.0,4.0,0.05028448729258028,0.30401271324886303,-1.4198578108973392,1.7238705241462022,-21.46684095143387,0.24390625419976222,-21.209026268099542,0.20514642057443258,0.8408652755455388,0.27534606198027733,-2.8306989307814043,0.18029454447011117,-1.3011442564555187,0.286517274823177
2024-08-09 17:00:00,19.0,2.0,0.3840522633276422,0.3337677760350619,-1.3774870797633376,1.7112548557983995,-21.25522128093569,0.2116196704981786,-21.031100432270655,0.17792583582888707,1.112678647744759,0.2718133721992203,-2.65863552640035,0.1720634043810545,-1.0258653392735022,0.27527891718201647
2024-08-09 18:00:00,21.0,-1.0,0.6541277872374527,0.2700755239098105,-1.42738226832286,1.6974577922326706,-21.071338474402708,0.18388280653298048,-20.876507928567833,0.15459250370282315,1.3776994601462031,0.26502081240144404,-2.4944274788733973,0.1642080475269525,-0.7623941923837306,0.2634711468897716
2024-08-09 19:00:00,20.0,-3.0,0.9009531954424339,0.24682540820498122,-1.4395090637853503,1.6863344719903315,-20.911073809560087,0.1602646648426208,-20.74170603657574,0.13480189199209486,1.6310710473085626,0.2533715871623594,-2.3377161609170334,0.15671131795636395,-0.5116292928832823,0.25076489950044833
2024-08-09 20:00:00,17.0,0.0,1.1580996763732363,0.2571464809308024,-1.4190542280654874,1.6762007089962898,-20.77154521584041,0.13952859371967896,-20.624312646733866,0.11739338984187185,1.8520962728101078,0.2210252255015452,-2.1881593179639514,0.14955684295308203,-0.2724775360186368,0.23915175686464551
2024-08-09 21:00:00,17.0,-4.0,0.861352475428637,-0.2967472009445993,-1.9624228835953437,1.6656756826507444,-20.64898552701893,0.12255968882147712,-20.520996508034937,0.10331613869892771,1.5805230464793063,-0.27157322633080144,-2.045430320685523,0.14272899727842847,-0.5535712960125809,-0.2810937599939441
2024-08-09 22:00:00,13.0,1.0,0.27345393856645583,-0.5878985368621812,-2.265723052021256,1.677824515159075,-20.543234258674463,0.10575126834446646,-20.431972835830592,0.08902367220434308,1.0884231875163435,-0.4920998589629629,-1.9092174516394944,0.1362128690460287,-1.13375204030987,-0.580180744297289
2024-08-09 23:00:00,14.0,-1.0,-0.17629344149915194,-0.44974738006560777,-2.1517708234849646,1.7020234434193569,-20.452027932917822,0.09120632575664235,-20.355307160718766,0.0766656751118273,0.7337954899825752,-0.35462769753376827,-1.7792232244849628,0.12999422715453157,-1.558092839797954,-0.42434079948808406
2024-08-10 00:00:00,13.0,0.0,0.11032927038018969,0.28662271187934163,-1.4340300899318157,1.7206528018111573,-20.373589799765973,0.07843813315184854,-20.28950852658693,0.06579863413183938,1.0207795692691901,0.2869840792866149,-1.65516373427781,0.12405949020715279,-1.2679566941807177,0.29013614561723633
2024-08-10 01:00:00,13.0,1.0,-0.22508526746561563,-0.3354145378458053,-2.044183183979279,1.7087686461334735,-20.30580253204698,0.06778726771899575,-20.23270862428351,0.05679990230341647,0.7422771073774526,-0.2785024618917376,-1.5367680374276511,0.11839569685015894,-1.6270834355069461,-0.3591267413262285
2024-08-10 02:00:00,14.0,-1.0,0.14070853981499432,0.36579380728060995,-1.3568861380740471,1.722679945354657,-20.246867367311445,0.058935164735535325,-20.183325051130378,0.04938357315313134,1.0332901600025115,0.29101305262505894,-1.423777559962135,0.11299047746551616,-1.3327124019910528,0.2943710335158933
2024-08-10 03:00:00,13.0,-2.0,-1.151797013982442,-1.2925055537974364,-3.000017006776847,1.7075114529794104,-21.763649845590656,-1.5167824782792114,-21.656970485993565,-1.4736454348631862,0.042585520671444055,-0.9907046393310674,-2.1299846289231845,-0.7062070689610496,-2.6365210038414877,-1.303808601850435
2024-08-10 04:00:00,11.0,-2.0,-3.450244240032638,-2.298447226050196,-4.059855655184,1.7614084291338044,-25.614403608229257,-3.8507537626386,-25.238588028622623,-3.5816175426290573,-1.7174754004794526,-1.7600609211508966,-3.997385983023868,-1.8674013541006838,-4.8045308500449515,-2.1680098462034643
2024-08-10 05:00:00,9.0,-4.0,-5.781236137943933,-2.3309918979112956,-4.190313437707143,1.8593215397958474,-29.21826276921587,-3.6038591609866124,-28.04943780812916,-2.8108497795065372,-3.4819039315672407,-1.764428531087788,-5.82707399696681,-1.8296880139429417,-6.882413150189592,-2.077882300144641
2024-08-10 06:00:00,5.0,-1.0,-6.306049937203294,-0.5248137992593607,-2.4861396415922226,1.961325842332862,-28.15743010956858,1.0608326596472906,-25.861662404511538,2.1877754036176227,-3.8039128630286005,-0.32200893146135995,-5.518214534770387,0.30885946219642313,-7.160608421666179,-0.2781952714765871
2024-08-10 07:00:00,4.0,-1.0,-5.709024001592486,0.5970259356108087,-1.387641444638555,1.9846673802493637,-27.074762910537178,1.082667199031403,-25.07822844110096,0.7834339634105769,-3.3861141033084694,0.4177987597201311,-5.223455696132159,0.29475883863822694,-6.624517717375967,0.5360907042902128
2024-08-10 08:00:00,3.0,-2.0,-5.127765178428403,0.581258823164083,-1.3768661293932702,1.9581249525573532,-26.133126347192267,0.9416365633449117,-24.3968227644594,0.6814056766415619,-2.9805649112777317,0.40554919203073786,-4.942153733299296,0.281301962832863,-6.111708588099386,0.51280912927658
2024-08-10 09:00:00,1.0,3.0,-4.483964667056384,0.6438005113720195,-1.2886546503513616,1.9324551617233812,-25.31890679422794,0.8142195529643291,-23.808910589425377,0.5879121750340225,-2.560514318020825,0.4200505932569066,-4.67369428808231,0.26845944521698595,-5.610576027814448,0.501132560284939
2024-08-10 10:00:00,4.0,4.0,-3.913398891529181,0.5705657755272029,-1.33365528893506,1.9042210644622628,-24.607353755360503,0.7115530388674374,-23.29417179597572,0.5147387934496547,-2.1701125999519912,0.3904017180688338,-4.417491050108344,0.2562032379739665,-5.138356128542676,0.4722198992717716
2024-08-10 11:00:00,8.0,2.0,-3.3415653675867825,0.5718335239423986,-1.3075388468998779,1.8793723708422765,-23.988756154380525,0.6185976009799781,-22.846735286225517,0.44743650975020616,-1.7894152716883438,0.3806973282636475,-4.172984476330355,0.2445065737779888,-4.686374457224363,0.451981671318313
2024-08-10 12:00:00,10.0,11.0,-2.793230108701821,0.5483352588849615,-1.3062969461597433,1.8546322050447048,-23.452010429013402,0.5367457253671221,-22.458840168835934,0.3878951173895814,-1.4119321408867593,0.37748313080158447,-3.9396405689956406,0.23334390733471455,-4.251809824552794,0.43456463267156925
2024-08-10 13:00:00,21.0,2.0,-2.48992453941157,0.3033055692902513,-1.5277570693196159,1.8310626386098672,-22.98231415803647,0.46969627097693223,-22.11859627557533,0.3402438932606007,-1.065339970877109,0.34659217000965037,-3.7169497094047994,0.22269085959084145,-3.8432227991245256,0.4085870254282682
2024-08-10 14:00:00,23.0,3.0,-2.1754109320652253,0.3145136073463446,-1.5035765313793494,1.818090138725694,-22.570028945810865,0.4122852122256057,-21.818894090254993,0.2997021853203374,-0.7648262666059863,0.3005137042711227,-3.5044255449140893,0.2125241644907101,-3.466464644301979,0.37675815482254654
2024-08-10 15:00:00,26.0,-8.0,-2.6287696110256578,-0.45335867896043247,-2.25804564979066,1.8046869708302276,-22.205742417017284,0.36428652879358125,-21.552521465308622,0.26637262494637154,-1.2409562137699086,-0.4761299471639224,-3.359033851335014,0.1453916935790749,-3.7646732732641963,-0.29820862896221706
2024-08-10 16:00:00,18.0,0.0,-2.2290607797564492,0.3997088312692083,-1.4243140429648806,1.824022874234089,-21.89257085651565,0.3131715605016346,-21.324496653341082,0.228024811967541,-0.9549185914440571,0.2860376223258515,-3.162849923741243,0.1961839275937709,-3.4009037121052828,0.36376956115891346
2024-08-10 17:00:00,18.0,1.0,-1.896665495935411,0.3323952838210382,-1.4745744964479723,1.8069697802690106,-21.62226612500857,0.27030473150708234,-21.12823782707296,0.19625882626812038,-0.6550136638390405,0.29990492760501664,-2.975622547750249,0.18722737599099393,-3.0427187505171753,0.3581849615881073
2024-08-10 18:00:00,19.0,1.0,-1.57119474106514,0.3254707548702711,-1.4673787774536635,1.7928495323239346,-21.384868559133608,0.23739756587496127,-20.955236940815887,0.17300088625707527,-0.39180849715964694,0.26320516667939353,-2.7969428222986417,0.17867972545160749,-2.7120153751024496,0.3307033754147259
2024-08-10 19:00:00,20.0,-3.0,-1.2581449299345753,0.3130498111305646,-1.4660272972364583,1.779077108367023,-21.1791022267989,0.20576633233470792,-20.805472483319978,0.14976445749590825,-0.12893311117727668,0.26287538598237026,-2.6264205142308428,0.1705223080677989,-2.3920207484606237,0.31999462664182604
2024-08-10 20:00:00,17.0,-2.0,-0.9692497914060012,0.28889513852857407,-1.476985244943528,1.765880383472102,-21.000293813612085,0.17880841318681595,-20.675366043225516,0.13010644009446157,0.12680042295596183,0.2557335341332385,-2.463683206037225,0.16273730819361765,-2.085402028790317,0.30661871967030657
2024-08-10 21:00:00,15.0,-2.0,-0.7181311390912721,0.2511186523147291,-1.50262684257807,1.753745494892799,-20.84179449096685,0.1584993226452352,-20.55922347330046,0.11614256992505612,0.3339170714324334,0.20711664847647154,-2.3083754825012828,0.15530772353594235,-1.810516350538632,0.27488567825168503
2024-08-10 22:00:00,13.0,3.0,-0.4272296240274094,0.29090151506386275,-1.4523298626026215,1.7432313776664843,-20.709641893384262,0.13215259758259063,-20.463900431056743,0.09532304224371596,0.6048379451749484,0.27092087374251494,-2.1601581544794914,0.1482173280217911,-1.5179730734350247,0.2925432771036072
2024-08-10 23:00:00,16.0,9.0,-0.1453271003924892,0.2819025236349202,-1.4491885842599284,1.7310911078948485,-20.59305778215362,0.11658411123064533,-20.379347263096633,0.08455316796010771,0.8482547363578377,0.24341679118288923,-2.018707518118608,0.1414506363608834,-1.2451317191949998,0.27284135424002487
2024-08-11 00:00:00,25.0,6.0,0.02633923438787633,0.17166633478036553,-1.5477005341464822,1.7193668689268478,-20.48506056675481,0.10799721539880765,-20.29921254988844,0.08013471320819142,0.9887327601532634,0.14047802379542573,-1.8837146478925488,0.13499287022605921,-1.0279284643224607,0.21720325487253922
2024-08-11 01:00:00,31.0,7.0,0.1430723569383745,0.11673312255049817,-1.5955137126416616,1.7122468351921598,-20.38766077189409,0.09739979486072031,-20.226046163606632,0.07316638628181044,1.0606698379675723,0.07193707781430897,-1.7548847219148596,0.12882992597768927,-0.8575282898936438,0.1704001744288169
2024-08-11 02:00:00,38.0,0.0,0.1746140110362473,0.031541654097872796,-1.6758719958268373,1.7074136499247101,-20.29438519376161,0.09327557813248202,-20.15385267803709,0.07219348556954294,0.9301196615557759,-0.1305501764117964,-1.631936378053267,0.12294834386159259,-0.8483918048290152,0.009136485064628608
2024-08-11 03:00:00,38.0,-9.0,0.14074690154463454,-0.03386710949161276,-1.7399759899131932,1.7061088804215805,-20.209508630618977,0.08487656314263348,-20.087311882733946,0.0665407953031428,0.6983235810164969,-0.23179608053927886,-1.51460109944008,0.11733527861318693,-0.9428994606910552,-0.09450765586203996
2024-08-11 04:00:00,29.0,6.0,0.17253087742574458,0.03178397588111004,-1.6757258898574097,1.7075098657385197,-20.13351265829757,0.07599597232140944,-20.02726153798234,0.0600503447516038,0.4101254982127111,-0.28819808280378584,-1.4026226280364076,0.11197847140367245,-1.1052439912496754,-0.16234453055862025
2024-08-11 05:00:00,35.0,5.0,0.20749278322520026,0.034961905799455684,-1.6712331312975113,1.706195037096967,-20.060779079149754,0.0727335791478172,-19.968399466546938,0.058862071435402105,-0.10020913416312421,-0.5103346323758353,-1.295756404969428,0.10686622306697968,-1.5497761848169573,-0.44453219356728185
2024-08-11 06:00:00,40.0,-21.0,-4.99610300006648,-5.20359578329168,-6.908345113134544,1.7047493298428635,-28.5119413669357,-8.451162287785948,-28.35703899464433,-8.388639528097393,-7.12293604640409,-7.022726912240965,-8.278853653694778,-6.9830972487253495,-6.995552436955682,-5.445776252138725
2024-08-11 07:00:00,19.0,0.0,-4.797361077866757,0.19874192219972242,-1.7279222474354168,1.9266641696351392,-27.349317890895655,1.1626234760400465,-27.215694171824982,1.1413448228193488,-7.251265522687602,-0.12832947628351193,-7.858061010817045,0.4207926428777332,-7.211021509077297,-0.2154690721216152
2024-08-11 08:00:00,19.0,15.0,-4.613736241535081,0.18362483633167548,-1.734314383597874,1.9179392199295495,-26.340052511387878,1.0092653795077766,-26.22479077918903,0.9909033926359531,-7.294999872587008,-0.0437343498994065,-7.456479172138356,0.4015818386786896,-7.303071783407975,-0.09205027433067736
2024-08-11 09:00:00,34.0,-10.0,-4.3555687034072355,0.25816753812784543,-1.6517279843789276,1.909895522506773,-25.449315351810416,0.8907371595774629,-25.34991252305355,0.874878256135477,-7.854034148275416,-0.5590342756884084,-7.073231090485427,0.38324808165292845,-8.253832295418729,-0.9507605120107532
2024-08-11 10:00:00,24.0,26.0,-4.1553990060031785,0.20016969740405677,-1.6984453681034002,1.898615065507457,-24.696412783253496,0.7529025685569178,-24.610671563194884,0.7392409598586666,-7.597924030669176,0.2561101176062402,-6.707479759265069,0.36575133122035797,-7.952005415646875,0.30182687977185413
2024-08-11 11:00:00,50.0,-15.0,-3.989995982147723,0.16540302385545536,-1.7244887571538685,1.8898917810093239,-24.016803344969556,0.679609438283941,-23.942876278802956,0.6677952843919296,-8.264983408830949,-0.667059378161772,-6.3584263844575455,0.3490533748075233,-9.118468625176956,-1.1664632095300815
2024-08-11 12:00:00,35.0,3.0,-3.826489633080641,0.16350634906708206,-1.7191924157621183,1.8826987648292004,-23.437653047613455,0.5791502973560992,-23.37390547085646,0.5689708079464947,-8.363641797359163,-0.09865838852821496,-6.025308640065479,0.333117744392067,-9.287888518735752,-0.16941989355879689
2024-08-11 13:00:00,38.0,16.0,-3.6543374201515526,0.17215221292908844,-1.7034494975562953,1.8756017104853837,-22.93379956833737,0.5038534792760843,-22.87883424778186,0.4950712230746002,-8.45662801890245,-0.09298622154328617,-5.707399003208225,0.31790963685725315,-9.449238110846675,-0.16134959211092248
2024-08-11 14:00:00,54.0,-4.0,-3.512764324597608,0.14157309555394426,-1.7265707672182116,1.8681438627721558,-22.488059945678696,0.44573962265867434,-22.440678272770413,0.4381559750114465,-8.845735874144221,-0.389107855241772,-5.691655160312793,0.015743842895432403,-10.113994501261374,-0.6647563904146978
2024-08-11 15:00:00,50.0,-9.0,-3.35495900549462,0.157805319102988,-1.70421655389579,1.862021872998778,-22.088500743243497,0.3995592024352005,-22.047671694391667,0.39300657837874486,-9.822900800960635,-0.9771649268164138,-5.388978089372147,0.3026770709406461,-12.01560987527136,-1.9016153740099866
2024-08-11 16:00:00,41.0,24.0,-3.189136002400593,0.16582300309402664,-1.6893867979988895,1.855209801092916,-21.76184708914897,0.3266536540945295,-21.726646841500767,0.3210248528909007,-9.772678924222314,0.05022187673832196,-5.100119392026665,0.28885869734548253,-11.955276318517257,0.06033355675410404
2024-08-11 17:00:00,65.0,-1.0,-3.037689969539507,0.15144603286108582,-1.6966190434855555,1.8480650763466413,-21.460257664916625,0.3015894242323427,-21.429930166138053,0.2967166753627137,-10.489770196654138,-0.717091272431825,-4.824448206320988,0.2756711857056764,-13.32184170318483,-1.3665653846675732
2024-08-11 18:00:00,64.0,7.0,-2.9464145826029733,0.09127538693653392,-1.7502764607578385,1.8415518476943724,-21.200020374244552,0.2602372906720715,-21.17389148898435,0.25603867715370293,-11.049496391059606,-0.5597261944054674,-4.561362471576841,0.2630857347441473,-14.38474612459086,-1.0629044214060297
2024-08-11 19:00:00,71.0,-3.0,-2.902196904146506,0.04421767845646696,-1.793414248231335,1.837631926687802,-20.958106417225316,0.2419139570192359,-20.93561256597195,0.23827892301239711,-12.519901325861898,-1.4704049348022934,-6.278277573455739,-1.7169151018788982,-17.707712806682114,-3.3229666820912525
2024-08-11 20:00:00,68.0,-6.0,-4.3712867955647505,-1.4690898914182442,-3.304824343380896,1.835734451962652,-21.425430067162548,-0.4673236499372313,-21.151829552170124,-0.21621698619817264,-15.332340380842243,-2.812439054980346,-11.949995536922962,-5.671717963467223,-22.383645257700856,-4.675932451018742
2024-08-11 21:00:00,62.0,-2.0,-4.301597895929344,0.06968889963540681,-1.8296120021570208,1.8993009017924276,-21.161977363183553,0.2634527039789942,-20.924172572120195,0.2276569800499291,-16.016284844682712,-0.6839444638404686,-11.361601133179612,0.5883944037433503,-24.019227075472596,-1.6355818177717394
2024-08-11 22:00:00,60.0,-22.0,-4.267603512369103,0.03399438356024076,-1.8622666863240875,1.8962610698843283,-20.934687329401314,0.22729003378224,-20.727993340407902,0.1961792317122912,-16.54618297359903,-0.5298981289163185,-10.8000691992856,0.5615319338940119,-25.309143341814025,-1.2899162663414279
2024-08-11 23:00:00,38.0,-34.0,-19.482878164356645,-15.215274651987542,-17.11005376928335,1.8947791172958084,-46.475551135371234,-25.54086380596992,-46.093716288120135,-25.36572294771223,-31.899720166476136,-15.353537192877104,-25.647042835478963,-14.846973636193365,-36.106083496595126,-10.7969401547811
2024-08-12 00:00:00,4.0,-8.0,-28.152027428112326,-8.669149263755681,-11.28512044435434,2.6159711805986583,-59.1181777811281,-12.64262664575686,-54.63062300842673,-8.536906720306597,-40.01397270895038,-8.114252542474238,-34.88770647406838,-9.24066363858942,-42.66020431700157,-6.55412082040645
2024-08-12 01:00:00,-4.0,-4.0,-26.902201127709166,1.249826300403161,-1.828954525294597,3.078780825697758,-53.94390215456336,5.174275626564739,-50.044315809512085,4.586307198914647,-39.721052670829934,0.292920038120443,-33.252117255857236,1.6355892182111464,-45.32457451591372,-2.664370198912146
2024-08-12 02:00:00,-8.0,-37.0,-38.195406325507875,-11.293205197798708,-14.302938787180988,3.0097335893822805,-68.77437762719312,-14.830475472629752,-60.60145978137234,-10.55714397186026,-49.52515254733514,-9.804099876505203,-44.194657044987,-10.942539789129764,-53.62657236033858,-8.301997844424863
2024-08-12 03:00:00,-45.0,-42.0,-62.888325988054625,-24.69291966254675,-28.35498072637867,3.6620610638319215,-102.42225624438458,-33.647878617191466,-88.89805827624744,-28.29659849487509,-68.97708712885571,-19.45193458152058,-62.63521735372086,-18.440560308733865,-67.75816518974469,-14.131592829406104
2024-08-12 04:00:00,-87.0,-38.0,-76.95374325395609,-14.065417265901468,-19.376538504374697,5.311121238473229,-119.60254851743866,-17.18029227305408,-97.00837750770218,-8.110319231454742,-79.55520646020832,-10.578119331352612,-74.4236059505018,-11.788388596780932,-77.06758402152136,-9.309418831776673
2024-08-12 05:00:00,-125.0,-3.0,-87.71292619242541,-10.759182938469323,-17.14627273455915,6.387089796089828,-131.73940832322168,-12.136859805783015,-99.99483404486429,-2.9864565371621055,-86.6161466711971,-7.060940210988781,-83.37805322698512,-8.954447276483325,-83.99886321025737,-6.931279188736016
2024-08-12 06:00:00,-128.0,-11.0,-99.54879185597756,-11.835865663552148,-19.11295195800021,7.277086294448061,-146.80543385165674,-15.06602552843507,-106.6433899441204,-6.64855589925611,-94.58872820335952,-7.972581532162424,-92.71873684682693,-9.340683619841814,-91.06197718977833,-7.063113979520958
2024-08-12 07:00:00,-139.0,14.0,-95.62655125002064,3.9222406059569144,-4.400936613539508,8.323177219496422,-133.50167376283886,13.30376008881787,-84.9845598143003,21.6588301298201,-90.02855101886617,4.56017718449335,-88.52868412319347,4.190052723633457,-88.62967875824889,2.4322984315294445
2024-08-12 08:00:00,-125.0,-6.0,-90.52404457298493,5.102506677035711,-2.866230688789687,7.968737365825398,-118.69049667172432,14.81117709111454,-76.48910299331676,8.49545682098354,-85.6508990514243,4.377651967441869,-84.44417775753581,4.084506365657656,-85.15058707504788,3.479091683201011
2024-08-12 09:00:00,-131.0,13.0,-96.68772369021617,-6.163679117231246,-13.682861997737042,7.519182880505796,-132.80774368923795,-14.117247017513641,-87.25035767865,-10.761254685333242,-89.39120777250314,-3.7403087210788395,-89.49641531994632,-5.052237562410517,-89.00814899123411,-3.857561916186233
2024-08-12 10:00:00,-118.0,-23.0,-108.36694840547483,-11.67922471525865,-19.743095717255414,8.063871001996764,-158.909484532734,-26.101740843496056,-108.75406147960052,-21.50370380095051,-98.74645880376772,-9.35525103126458,-100.60394275690153,-11.107527436955209,-97.88657416249201,-8.878425171257906
2024-08-12 11:00:00,-141.0,9.0,-123.18940746028363,-14.822459054808808,-23.97066340034328,9.148204345534472,-191.810091012925,-32.90060648019099,-134.30462536080566,-25.550563881205136,-111.65705201450827,-12.910593210740545,-115.4093341749296,-14.80539141802807,-109.92878256842462,-12.042208405932607
2024-08-12 12:00:00,-132.0,-16.0,-132.85027092821642,-9.660863467932787,-20.28368817229642,10.622824704363632,-208.97718584520175,-17.16709483227673,-141.09181115863475,-6.78718579782911,-118.94323717303917,-7.286185158530894,-123.78356333851202,-8.374229163582422,-116.65902203726482,-6.730239468840194
2024-08-12 13:00:00,-148.0,-22.0,-143.77373487173656,-10.923463943520149,-22.56669088523192,11.643226941711772,-227.11269937086468,-18.135513525662944,-149.1358960104076,-8.044084851772858,-127.27588048820253,-8.332643315163367,-133.05832027336646,-9.274756934854427,-124.15238386418514,-7.493361826920315
2024-08-12 14:00:00,-170.0,-5.0,-154.48404835614622,-10.71031348440964,-23.563660339957515,12.853346855547874,-240.59326134584325,-13.480561974978556,-152.5769294611504,-3.4410334507428004,-134.1720690066295,-6.896188518426956,-140.83803787623927,-7.779717602872819,-130.40304157329237,-6.250657709107228
2024-08-12 15:00:00,-175.0,-13.0,-158.87970041044727,-4.395652054301051,-18.493582155417396,14.097930101116345,-246.0040274317854,-5.41076608594215,-148.7298601110234,3.8470693501269935,-136.49170383369793,-2.3196348270684135,-144.09260658298493,-3.254568706745663,-133.22100727766855,-2.817965704376184
2024-08-12 16:00:00,-188.0,5.0,-156.68358771909115,2.196112691356115,-12.429253806239544,14.625366497595659,-240.32165102205497,5.682376409730445,-135.6036315424709,13.126228568552495,-133.91816674375235,2.5735370899455825,-141.58465348155462,2.5079531014303074,-131.57054355098396,1.6504637266845885
2024-08-12 17:00:00,-183.0,13.0,-155.6370421767146,1.046545542376542,-13.314097597112374,14.360643139488916,-238.5283364565079,1.7933145655470533,-129.38327511776515,6.220356424705763,-132.8373531727939,1.080813570958446,-140.56540201202515,1.0192514695294848,-131.21913179035812,0.35141176062584994
2024-08-12 18:00:00,-170.0,3.0,-153.5144403371293,2.122601839585318,-12.112739425053466,14.235341264638784,-234.3170443391248,4.2112921173830955,-122.29192337326727,7.0913517444978815,-130.87719784736916,1.9601553254247557,-138.3003100021685,2.2650920098566605,-129.85432419670335,1.3648075936547677
2024-08-12 19:00:00,-167.0,0.0,-151.72268673454707,1.7917536025822258,-12.19113669350748,13.982890296089705,-229.10844641260786,5.20859792651693,-115.67227493116738,6.619648442099894,-128.4112082636077,2.4659895837614694,-135.96154898273187,2.338761019436627,-128.12066559691343,1.733658599789907
2024-08-12 20:00:00,-167.0,16.0,-146.9546056343852,4.76808110016187,-9.003465497916965,13.771546598078835,-216.3399751054768,12.768471307131064,-102.69734639951068,12.9749285316567,-122.46546179514473,5.945746468462973,-130.53953884388133,5.422010138850544,-123.56414953536567,4.556516061547759
2024-08-12 21:00:00,-151.0,24.0,-143.55982521244195,3.394780421943228,-9.822193838158544,13.216974260101772,-207.21615711230885,9.123817993167965,-95.41582655689008,7.281519842620593,-118.08329994466837,4.382161850476367,-126.49521165515095,4.044327188730374,-120.13433802014559,3.429811515220086
2024-08-12 22:00:00,-127.0,17.0,-136.33790556594528,7.2219196464966755,-5.607155727215253,12.829075373711929,-189.5362975039838,17.679859608325042,-80.46885833297668,14.946968223913409,-112.3648028764851,5.71849706818327,-120.67738713652844,5.817824518622513,-114.8942935787245,5.2400444414210945
2024-08-12 23:00:00,-110.0,7.0,-127.66776089810814,8.670144667837139,-3.3529481768609073,12.023092844698047,-168.858001302713,20.678296201270786,-64.48662668968028,15.982231643296398,-106.77664412663498,5.5881587498501215,-115.12516870580544,5.5522184307229985,-110.21989017716888,4.67440340155562
2024-08-13 00:00:00,-103.0,8.0,-118.18947119555955,9.478289702548595,-1.6117314752481244,11.09002117779672,-149.4525865036903,19.405414799022704,-58.655321895146365,5.831304794533916,-101.51827992560881,5.258364201026166,-109.8264304224859,5.298738283319535,-105.65864427330236,4.561245903866517
2024-08-13 01:00:00,-95.0,3.0,-109.71137657543218,8.478094620127363,-1.6349988508794684,10.113093471006831,-132.57082299355653,16.881763510133773,-53.582275830188266,5.073046064958103,-96.55287033752018,4.965409588088638,-104.76959994194229,5.056830480543607,-101.25895168856111,4.399692584741246
2024-08-13 02:00:00,-92.0,5.0,-102.0649803496734,7.646396225758783,-1.6310174632125665,9.27741368897135,-117.88391442535318,14.686908568203352,-49.1682923766763,4.413983453511966,-91.8523713078185,4.700499029701669,-99.94363324163285,4.825966700309442,-97.04778830546209,4.2111633830990165
2024-08-13 03:00:00,-87.0,-3.0,-95.1512060358742,6.913774313799216,-1.6408430896565722,8.554617403455788,-105.10793410004035,12.775980325312835,-45.329182028040094,3.839110348636202,-87.4173699476396,4.4350013601789,-95.33799050116433,4.60564274046852,-92.95658637216381,4.091201933298286
2024-08-13 04:00:00,-90.0,7.0,-88.83948063016518,6.3117254057090175,-1.6145805416519623,7.92630594736098,-94.01272613987837,11.095207960161991,-42.008532486779394,3.3206495412606976,-83.70403641737491,3.7133335302646904,-90.94261308352274,4.395377417641581,-88.5981049085967,4.358481463567118
2024-08-13 05:00:00,-83.0,8.0,-83.05624991031623,5.783230719848959,-1.5904000037116959,7.373630723560654,-84.35053680128823,9.662189338590139,-39.10978706851039,2.8987454182690024,-79.85592299140568,3.8481134259692302,-86.74790156719956,4.194711516323185,-84.57199717353382,4.026107735062876
2024-08-13 06:00:00,-75.0,2.0,-77.75114653631034,5.305103374005885,-1.579661214958768,6.884764588964653,-75.94413390706588,8.406402894222351,-36.58720422239527,2.522582846115118,-76.17942730192283,3.6764956894828504,-82.74469478123586,4.003206785963693,-80.73400106999456,3.837996103539253
2024-08-13 07:00:00,-73.0,-1.0,-72.87602232827558,4.875124208034764,-1.5759355127383643,6.451059720773128,-68.63118753500946,7.312946372056419,-34.39285306050792,2.194351161887353,-72.68534457574998,3.4940827261728415,-78.92424979739754,3.820444983838324,-77.05659832465558,3.6774027453389855
2024-08-13 08:00:00,-74.0,0.0,-68.39026234632755,4.485759981948032,-1.5791863705581282,6.06494635250616,-62.27253545497119,6.358652080038268,-32.48709022499037,1.9057628355175498,-69.4245216484638,3.2608229272861893,-75.27822283578462,3.6460269616129173,-73.48207271937467,3.5745256052809173
2024-08-13 09:00:00,-74.0,5.0,-64.23124532289168,4.1590170234358705,-1.5611788098261776,5.720195833262048,-56.74451394662779,5.528021508343397,-30.832830855913556,1.6542593690768121,-66.40141572117687,3.023105927286926,-71.79865104217313,3.479571793611485,-70.01768513903494,3.4643875803397353
2024-08-13 10:00:00,-69.0,6.0,-60.344758267531276,3.8864870553604067,-1.523081678297933,5.40956873365834,-51.93467400044661,4.809839946181176,-29.392949592788355,1.4398812631252011,-63.492395870058886,2.9090198511179888,-68.47793509729142,3.3207159448817154,-66.71486533071358,3.3028198083213622
2024-08-13 11:00:00,-63.0,0.0,-56.747500144459785,3.5972581230714926,-1.5298756058763159,5.1271337289478085,-47.75265503700472,4.182018963441892,-28.142605146788036,1.2503444460003181,-60.765596381672964,2.726799488385925,-65.30882262004994,3.1691124772414776,-63.536047295167926,3.17881803554565
2024-08-13 12:00:00,-63.0,1.0,-53.355161668555176,3.392338475904608,-1.4801265232862209,4.872464999190829,-44.118037459723595,3.634617577281125,-27.058378282099767,1.084226864688267,-58.2480343957999,2.5175619858730673,-62.28439232847757,3.0244302915723664,-60.47362314095335,3.0624241542145723
2024-08-13 13:00:00,-62.0,5.0,-50.162487369341136,3.1926742992140427,-1.4455724615165955,4.638246760730638,-40.95585729705691,3.162180162666684,-26.11489729351277,0.9434809885869988,-55.823289678303354,2.4247447174965426,-59.398038923772106,2.8863534047054653,-57.54994341244106,2.9236797285122877
2024-08-13 14:00:00,-57.0,2.0,-47.20104789792376,2.9614394714173757,-1.4616441181536306,4.423083589571006,-38.20190375666124,2.753953540395674,-25.291092358512834,0.8238049349999361,-53.4214478590892,2.4018418192141535,-56.643458664452055,2.754580259320053,-54.77832806111376,2.771615351327296
2024-08-13 15:00:00,-55.0,0.0,-44.41577228535392,2.78527561256984,-1.442796448097471,4.228072060667311,-35.80677390151981,2.395129855141429,-24.575083993495717,0.716008365017119,-51.13147743215732,2.289970426931882,-54.01463559910396,2.628823065348094,-52.12566308600676,2.652664975107001
2024-08-13 16:00:00,-55.0,6.0,-41.762776658679975,2.65299562667394,-1.3956772729570728,4.048672899631013,-33.7252954045664,2.0814784969534106,-23.95434592265628,0.6207380708394383,-48.9797639944255,2.1517134377318197,-51.50582842765781,2.5088071714461524,-49.57777481147527,2.5478882745314904
2024-08-13 17:00:00,-49.0,3.0,-39.300238092251746,2.4625385664282264,-1.418871595603703,3.8814101620319295,-31.914732556466458,1.8105628480999443,-23.414546306820487,0.5397996158357921,-46.915627489246354,2.0641365051791394,-49.11155796249579,2.394270465162025,-47.14316391646347,2.4346108950117995
2024-08-13 18:00:00,-46.0,-7.0,-40.42965954830546,-1.129421456053716,-4.85873405328556,3.729312597231844,-36.48340625809503,-4.568673701628574,-28.52968221821071,-5.115135911390221,-45.880609820826294,1.0350176684200583,-47.2742817103039,1.837276252191883,-46.17952558763331,0.9636383288301633
2024-08-13 19:00:00,-53.0,4.0,-38.335935557582104,2.093723990723355,-1.7049694147111487,3.798693405434504,-34.30898210828189,2.1744241498131403,-27.390381494306435,1.139300723904274,-43.84552278865686,2.035087032169438,-45.07319764424395,2.2010840660599573,-43.93845107593891,2.241074511694403
2024-08-13 20:00:00,-49.0,3.0,-37.538158383373755,0.7977771742083508,-2.8728039917635715,3.6705811659719223,-33.37610566338947,0.9328764448924186,-26.163303430228172,1.2270780640782628,-41.856101983433874,1.9894208052229827,-42.97260153997328,2.1005961042706662,-41.84804774977393,2.0904033261649726
2024-08-13 21:00:00,-46.0,-4.0,-40.212389408362036,-2.674231024988281,-6.29657543688939,3.6223444119011092,-40.745220052602306,-7.369114389212838,-33.47003006386291,-7.306726633634739,-42.43019350571196,-0.5740915222780851,-43.61972143469868,-0.6471198947254015,-42.585691016730415,-0.7376432669564805
2024-08-13 22:00:00,-50.0,-1.0,-40.17044978523057,0.04193962313145949,-3.743357116968439,3.7852967400998985,-41.07827752859688,-0.3330574759945728,-32.61361757195235,0.8564124919105618,-40.63155102296083,1.798642482751137,-41.585482115277166,2.034239319421518,-40.895711784845275,1.6899792318851383
2024-08-13 23:00:00,-51.0,-4.0,-42.59734907538975,-2.4268992901591777,-6.2096127987664245,3.7827135086072468,-47.634020867148024,-6.555743338551143,-38.271635515325826,-5.658017943373476,-41.22975092693835,-0.5981999039775265,-42.210539023699035,-0.6250569084218711,-41.73843835866291,-0.8427265738176362
2024-08-14 00:00:00,-55.0,-5.0,-44.38945802731795,-1.7921089519282005,-5.72575580160224,3.9336468496740395,-52.32004145386663,-4.686020586718607,-41.29871128889833,-3.027075773572509,-41.364002128324934,-0.13425120138658492,-42.19288604483718,0.01765297886185091,-42.0984101042694,-0.3599717456064842
2024-08-14 01:00:00,-60.0,2.0,-45.81446251902187,-1.4250044917039268,-5.472001038381621,4.046996546677694,-55.956310013611294,-3.636268559744665,-43.02637034364678,-1.7276590547484476,-41.26119340769813,0.10280872062680602,-41.793842094370184,0.3990439504669989,-42.23535771164794,-0.1369476073785441
2024-08-14 02:00:00,-58.0,14.0,-47.086064173431005,-1.2716016544091309,-5.4098778609901395,4.138276206581009,-58.71716548455219,-2.7608554709408946,-43.853651739858385,-0.827281396211605,-41.08620458323322,0.17498882446491182,-41.36325138802517,0.43059070634501684,-42.21851429443847,0.016843417209469747
2024-08-14 03:00:00,-44.0,10.0,-44.28997183095652,2.796092342474487,-1.4244966754266652,4.220589017901152,-53.64424731398978,5.072918170562408,-40.716127879966066,3.137523859892321,-39.20730423807933,1.878900345153891,-39.43202861364398,1.9312227743811927,-40.271092044432216,1.947422250006254
2024-08-14 04:00:00,-34.0,3.0,-41.69020699782954,2.5997648331269776,-1.4408970704949124,4.04066190362189,-49.228970375393345,4.415276938596432,-37.98423835731537,2.731889522650698,-37.418284425026,1.7890198130533288,-37.58897359412097,1.84305501952301,-38.44967147970442,1.8214205647277975
2024-08-14 05:00:00,-31.0,-6.0,-39.28476022884224,2.405446768987305,-1.4714376888716592,3.876884457858964,-45.39248950979003,3.8364808656033147,-35.61194494747203,2.3722934098433344,-35.70602146089933,1.7122629641266758,-35.83006113200101,1.7589124621199594,-36.621316558733945,1.8283549209704741
2024-08-14 06:00:00,-37.0,-5.0,-39.185664246643164,0.09909598219907201,-3.6292702453906958,3.7283662275897678,-44.81800741044291,0.5744820993471218,-33.84838590741537,1.763559040056664,-34.42662363840658,1.2793978224927443,-34.15144979558981,1.6786113364112043,-35.28971344991093,1.3316031088230154
2024-08-14 07:00:00,-42.0,-1.0,-37.296653611025576,1.8890106356175906,-1.833299369642939,3.7223100052605296,-41.56427175203395,3.253735658408954,-32.02252690340401,1.825859004011362,-32.891705617998284,1.5349180204083002,-32.54947352933942,1.6019762662503876,-33.507370928470166,1.7823425214407578
2024-08-14 08:00:00,-43.0,4.0,-35.23314424424578,2.0635093667797997,-1.5442956249572837,3.6078049917370834,-38.73472694004667,2.8295448119872866,-30.43499645218983,1.587530451214179,-31.427086539981055,1.4646190780172308,-31.02063364725199,1.5288398820874325,-31.798401765811256,1.7089691626589085
2024-08-14 09:00:00,-39.0,6.0,-33.23588231617603,1.9972619280697506,-1.4875048747423143,3.484766802812065,-36.2752767036674,2.459450236379268,-29.055890285398743,1.3791061667910867,-30.041474044555056,1.3856124954260003,-29.561591191815396,1.459042455436595,-30.15567457950295,1.642727186308305
2024-08-14 10:00:00,-33.0,0.0,-31.338106415011936,1.8977759011640956,-1.4699356319186463,3.367711533082742,-34.13635152754758,2.1389251761198227,-27.856684549389854,1.1992057360088886,-28.71436521337362,1.327108831181439,-28.169159641782933,1.392431550032461,-28.583963987336578,1.571710592166371
2024-08-14 11:00:00,-33.0,1.0,-29.56705242889658,1.7710539861153534,-1.487285715788173,3.2583397019035263,-32.27531139490549,1.861040132642089,-26.813044763693966,1.0436397856958877,-27.431663593410143,1.2827016199634742,-26.840297952870923,1.3288616889120115,-27.083946430749474,1.500017556587102
2024-08-14 12:00:00,-32.0,4.0,-27.88157216617414,1.685480262722439,-1.4724194333989153,3.1578996961213543,-30.655548845006344,1.619762549899149,-25.90428563498103,0.908759128712937,-26.187609340668274,1.2440542527418679,-25.572103916175248,1.268194036695676,-25.65438843810814,1.429557992641334
2024-08-14 13:00:00,-28.0,3.0,-26.271297868704686,1.6102742974694546,-1.4534987103580421,3.0637730078274967,-29.246849186104974,1.4086996589013685,-25.114040438579355,0.7902451964016758,-24.99200588419624,1.1956034564720361,-24.361807819801772,1.210296096373477,-24.287386905984626,1.3670015321235145
2024-08-14 14:00:00,-25.0,1.0,-25.446223116001114,0.8250747527035696,-2.150101701803233,2.9751764545068027,-28.019977375163233,1.2268718109417405,-24.425122682571953,0.6889177560074026,-23.829007800112954,1.162998084083286,-23.206766399867714,1.155041419934057,-22.987807070203203,1.299579835781422
2024-08-14 15:00:00,-24.0,1.0,-24.810310280133077,0.6359128358680382,-2.294372024395742,2.93028486026378,-26.951398440312868,1.068578934850365,-23.82447550493609,0.6006471776358626,-22.70195332595515,1.1270544741578072,-22.104457067663112,1.1023093322046005,-21.753009727160173,1.2347973430430308
2024-08-14 16:00:00,-23.0,0.0,-23.33461508769378,1.4756951924392974,-1.4202230758209082,2.8959182682602056,-26.021894348441123,0.9295040918717448,-23.30199387629197,0.5224816286441192,-21.617193964909983,1.0847593610451656,-21.052472400364582,1.0519846672985316,-20.57314858174911,1.1798611454110621
2024-08-14 17:00:00,-23.0,4.0,-21.913526570137,1.4210885175567773,-1.3958599054188572,2.8169484229756345,-25.214003758576233,0.8078905898648904,-22.848144197485276,0.4538496788066938,-20.575109401050092,1.0420845638598912,-20.0485148832692,1.0039575170953845,-19.442645550271898,1.1305030314772102
2024-08-14 18:00:00,-19.0,2.0,-20.566796400145265,1.3467301699917387,-1.395202428556433,2.7419325985481717,-24.509845652539333,0.7041581060369002,-22.451944034553133,0.3962001629321436,-19.567762580652428,1.0073468203976659,-19.09039189206566,0.9581229912035393,-18.369996657107233,1.0726488931646638
2024-08-14 19:00:00,-17.0,1.0,-19.311225295188756,1.2555711049565084,-1.4162051616616493,2.6717762666181577,-23.895957718879483,0.613887933659849,-22.105929325940103,0.34601470861302985,-18.597410555861945,0.9703520247904818,-18.17601090418408,0.9143809878815816,-17.35351378302189,1.016482874085345
2024-08-14 20:00:00,-16.0,-2.0,-18.154598781472565,1.1566265137161889,-1.4505612097437277,2.6071877234599166,-23.36084972642054,0.5351079924589448,-21.803827126762457,0.30210219917764775,-17.665486678048385,0.9319238778135599,-17.303374928766093,0.8726359754179841,-16.390001108424894,0.9635126745969949
2024-08-14 21:00:00,-18.0,-1.0,-17.024278435733837,1.130320345738727,-1.4180680127718512,2.548388358510578,-22.893584935140456,0.4672647912800845,-21.539239860703983,0.2645872660584752,-16.775529043084983,0.8899576349634026,-16.470578145274445,0.8327967834916478,-15.483664320292272,0.9063367881326221
2024-08-14 22:00:00,-19.0,2.0,-15.943795646343862,1.0804827893899747,-1.4110914527316836,2.4915742421216582,-22.4833795531387,0.4102053820017566,-21.305333244994678,0.2339066157093057,-15.945337802642687,0.8301912404422964,-15.675801741216807,0.7947764040576375,-14.656371649116242,0.8272926711760293
2024-08-14 23:00:00,-17.0,6.0,-14.900659349419103,1.0431362969247588,-1.3947275841557933,2.437863881080552,-22.127680417343537,0.35569913579516294,-21.102982480023208,0.2023507649714685,-15.14051590324204,0.8048218994006477,-14.917309939893556,0.7584918013232507,-13.852826671743138,0.803544977373104
2024-08-15 00:00:00,-11.0,2.0,-13.913350975965958,0.9873083734531445,-1.3992568692080485,2.386565242661193,-21.814575646201874,0.31310477114166435,-20.92326815505815,0.1797143249650564,-14.405651993291588,0.7348639099504513,-14.193446209494146,0.7238637303994092,-13.132683424095429,0.720143247647709
2024-08-15 01:00:00,-9.0,4.0,-12.96667842609563,0.9466725498703281,-1.3918419912595985,2.3385145411299266,-21.543244078033688,0.27133156816818627,-20.767961867026678,0.1553062880314706,-13.690506717641759,0.7151452756498297,-13.502629645262832,0.6908165642313142,-12.429706666372603,0.7029767577228261
2024-08-15 02:00:00,-5.0,-2.0,-12.054296785507916,0.912381640587715,-1.38051877862896,2.292900419216675,-21.307259506307627,0.23598457172606097,-20.632899045553003,0.135062821473676,-13.005408780993509,0.6850979366482493,-12.843351516832449,0.6592781284303824,-11.757480852285273,0.6722258140873308
2024-08-15 03:00:00,-7.0,-4.0,-11.161307852349465,0.8929889331584513,-1.3563747671810504,2.2493637003395017,-21.106724836229237,0.2005346700783908,-20.52014399042784,0.11275505512516451,-12.303566905697938,0.7018418752955711,-12.214171973185708,0.6291795436467409,-11.06252383568546,0.6949570165998139
2024-08-15 04:00:00,-11.0,1.0,-10.251681993992372,0.9096258583570915,-1.297530587994088,2.2071564463511795,-20.937411259400086,0.16931357682915185,-20.427178888654645,0.09296510177319708,-11.601050968829522,0.7025159368684164,-11.613716898047684,0.6004550751380242,-10.363704331654525,0.6988195040309342
2024-08-15 05:00:00,-10.0,0.0,-9.36027557558745,0.8914064184049237,-1.2731674175920367,2.1645738359969604,-20.79078474367856,0.14662651572152416,-20.34696279722146,0.08021609143318355,-10.921891530732134,0.6791594380973878,-11.04067490884175,0.5730419892059341,-9.69315735305693,0.6705469785975933
2024-08-15 06:00:00,-10.0,1.0,-8.506361168476143,0.8539144071113054,-1.2693321358945624,2.123246543005868,-20.663183903919105,0.12760083975945527,-20.277128644653995,0.0698341525674649,-10.267397922195828,0.6544936085363061,-10.493794492654725,0.5468804161870248,-9.053075999873059,0.6400813531838723
2024-08-15 07:00:00,-9.0,-1.0,-7.681288773908414,0.8250723945677294,-1.2589586120652034,2.084031006632933,-20.54936942852679,0.11381447539231261,-20.213564916694107,0.06356372795988846,-9.651725257271094,0.6156726649247337,-9.97188127295624,0.5219132196984847,-8.457514840031468,0.5955611598415909
2024-08-15 08:00:00,-10.0,1.0,-6.907713262260329,0.7735755116480849,-1.2729117321455385,2.0464872437936235,-20.44472714206743,0.10464228645936131,-20.15263814354614,0.060926773147964394,-9.113118156185006,0.5386071010860871,-9.473795401102887,0.4980858718533532,-7.938114129596329,0.5194007104351392
2024-08-15 09:00:00,-9.0,3.0,-6.157668509578941,0.7500447526813883,-1.2615519930225432,2.0115967457039314,-20.356568894622033,0.08815824744539728,-20.102501602449607,0.05013654109653348,-8.565095296082534,0.5480228601024717,-8.998449066930245,0.47534633417264094,-7.413570623539076,0.524543506057253
2024-08-15 10:00:00,-6.0,-1.0,-5.409205831262574,0.7484626783163668,-1.2295913122102575,1.9780539905266243,-20.285060203677183,0.07150869094485064,-20.064060100988634,0.038441501460974296,-7.997787310574854,0.5673079855076807,-8.544804122995972,0.45364494393427324,-6.878200757288303,0.5353698662507737
2024-08-15 11:00:00,-7.0,-3.0,-4.700362696739857,0.7088431345227173,-1.2360199748650715,1.9448631093877888,-20.22310102473143,0.061959178945753916,-20.03086413136202,0.03319596962661588,-7.449601513619955,0.5481857969548986,-8.111869817285331,0.4329343057106395,-6.365794368597427,0.5124063886908755
2024-08-15 12:00:00,-10.0,-1.0,-4.022329313004038,0.6780333837358192,-1.2356547099415025,1.9136880936773217,-20.175100988245614,0.048000036485818784,-20.007877877268317,0.022986254093701565,-6.897842094952889,0.551759418667066,-7.69870062942746,0.4131691878578718,-5.856917398749069,0.5088769698483593
2024-08-15 13:00:00,-11.0,2.0,-4.486589121161475,-0.46425980815743695,-2.348363600473728,1.884103792316291,-20.442652557805058,-0.26755156955944354,-20.276484455524344,-0.26860657825602646,-6.924305463376669,-0.02646336842378022,-7.304394205696673,0.3943064237307867,-6.271892743225105,-0.4149753444760365
2024-08-15 14:00:00,-9.0,2.0,-3.9193421613367425,0.5672469598247327,-1.3370887792166082,1.904335739041341,-20.358191300514452,0.0844612572906046,-20.213687848137617,0.06279660738672498,-6.43020544584365,0.4941000175330194,-6.928089388288928,0.3763048174077448,-5.797716605438988,0.474176137786117
2024-08-15 15:00:00,-7.0,2.0,-3.3746820390862435,0.5446601222504992,-1.3349702426599084,1.8796303649104076,-20.284458371724405,0.07373292879004666,-20.158795260743954,0.05489258739366445,-5.956932756387832,0.47327268945581846,-6.568964334569394,0.3591250537195343,-5.346501564520654,0.45121504091833436
2024-08-15 16:00:00,-5.0,0.0,-2.8403691776362416,0.5343128614500017,-1.321747652426711,1.8560605138767128,-20.226053190716456,0.05840518100794949,-20.116768311113095,0.042026949630860004,-5.461606153996517,0.4953266023913149,-6.226234722183613,0.3427296123857808,-4.889892100302471,0.45660946421818366
2024-08-15 17:00:00,-5.0,2.0,-2.279942288361286,0.5604268892749553,-1.2726560466990402,1.8330829359739955,-20.172649714360727,0.05340347635572911,-20.077611026390525,0.03915728472256955,-4.998707963164825,0.46289819083169204,-5.899152036112251,0.32708268607136226,-4.46332623915342,0.4265658611490505
2024-08-15 18:00:00,-3.0,2.0,-1.671176277110883,0.6087660112504032,-1.200370118324739,1.8091361295751422,-20.129216539407246,0.04343317495348188,-20.046563927971587,0.03104709841893664,-4.533261860520571,0.465446102644254,-5.587001933928388,0.3121501021838631,-4.045335150853674,0.4179910882997464
2024-08-15 19:00:00,-1.0,2.0,-1.1177210589064628,0.5534552182044201,-1.2298469976567556,1.7833022158611758,-20.083738206546688,0.04547833286055628,-20.011865133392245,0.03469879457934081,-4.148170024027599,0.38509183649297146,-5.289102685687111,0.29789924824127634,-3.68347019322196,0.361864957631714
2024-08-15 20:00:00,1.0,3.0,-0.6468126163650518,0.47090844254141095,-1.2890682842146939,1.7599767267561048,-20.046426408049456,0.037311798497230986,-19.98392477476372,0.027940358628524918,-3.753656703922574,0.394513320105025,-5.004803685040155,0.28429900064695657,-3.323374135495656,0.36009605772630393
2024-08-15 21:00:00,4.0,-6.0,-2.1755300589652755,-1.528717442600224,-3.2689685402719064,1.7402510976716825,-22.23321328841297,-2.1867868803635115,-22.144084515666265,-2.160159740902542,-5.069086073688959,-1.315429369766386,-6.1102519917191565,-1.105448306679001,-4.7662195421589235,-1.442845406663268
2024-08-15 22:00:00,-2.0,1.0,-3.0972695080060744,-0.9217394490407991,-2.726431487140943,1.804692038100144,-22.927691739003173,-0.6944784505902023,-22.48671464689104,-0.3426301312247776,-5.629486534955678,-0.5604004612667184,-6.271532745934762,-0.1612807542156054,-5.571067279264138,-0.8048477371052145
2024-08-15 23:00:00,-1.0,-3.0,-4.488559529687885,-1.391290021681811,-3.235402830412757,1.844112808730946,-24.549030383903002,-1.6213386448998306,-23.736400434658968,-1.2496857877679286,-6.851012152285387,-1.2215256173297093,-7.349290889151971,-1.0777581432172092,-6.785702663120666,-1.2146353838565276
2024-08-16 00:00:00,-4.0,-2.0,-6.830891759736791,-2.342332230048906,-4.2467540676520965,1.9044218376031907,-28.748518481319305,-4.199488097416304,-27.42992130502826,-3.6935208703692917,-8.533200502601446,-1.6821883503160588,-9.16435877575955,-1.815067886607581,-8.878161549221023,-2.0924588861003564
2024-08-16 01:00:00,-6.0,-8.0,-10.715499418659865,-3.884607658923074,-5.892755906755732,2.008148247832658,-36.719754573963556,-7.971236092644251,-34.389194976813066,-6.959273671784809,-11.289553202112792,-2.7563526995113463,-12.706224738119444,-3.5418659623598927,-12.435373674702797,-3.557212125481774
2024-08-16 02:00:00,-14.0,-2.0,-12.025244419421398,-1.309745000761532,-3.4959798446853143,2.186234843923782,-37.37418074116192,-0.654426167198364,-33.075054899687636,1.3141400771254328,-12.002006719478057,-0.7124535173652651,-13.10828122674672,-0.40205648862727705,-13.279908733888927,-0.8445350591861303
2024-08-16 03:00:00,-16.0,3.0,-13.092289908824482,-1.067045489403084,-3.3150297342240735,2.2479842448209895,-37.390767665882436,-0.016586924720511487,-31.579566745978116,1.4954881537095193,-12.563948721821525,-0.561942002343468,-13.354171596220239,-0.2458903694735175,-13.860485764918353,-0.5805770310294254
2024-08-16 04:00:00,-13.0,0.0,-14.195080615201771,-1.1027907063772888,-3.401717692467013,2.2989269860897243,-37.683590262814256,-0.2928225969318188,-30.792743428416312,0.7868233175618031,-13.106010304450582,-0.5420615826290556,-13.599066908004877,-0.24489531178463886,-14.479191084684492,-0.618705319766139
2024-08-16 05:00:00,-13.0,-4.0,-16.23879378284058,-2.043713167638811,-4.3958892099901865,2.3521760423513753,-40.47683379845204,-2.793243535637787,-32.77137673536031,-1.9786333069440003,-14.39450002503476,-1.288489720584179,-14.929689004811761,-1.330622096806884,-16.009904331566936,-1.5307132468824456
2024-08-16 06:00:00,-17.0,-7.0,-17.890473953062664,-1.651680170222082,-4.10415020946612,2.4524700392440377,-42.191799679979674,-1.7149658815276299,-33.4699177821945,-0.6985410468341859,-15.332912786784364,-0.9384127617496039,-15.782202822576581,-0.8525138177648202,-17.128926016396775,-1.1190216848298375
2024-08-16 07:00:00,-24.0,0.0,-18.687581669296527,-0.7971077162338642,-3.3321628313413405,2.5350551151074763,-41.82115197604723,0.37064770393243895,-32.10892231146842,1.3609954707260803,-15.536506789873345,-0.2035940030889804,-15.601997637144835,0.18020518543174502,-17.422687216148887,-0.29376119975211207
2024-08-16 08:00:00,-24.0,-3.0,-21.390121889703607,-2.702540220407082,-5.277940490105957,2.575400269698875,-46.10565400998985,-4.284502033942615,-35.737768347375805,-3.628846035907383,-17.429995756204317,-1.8934889663309722,-17.771303268920498,-2.1693056317756607,-19.4890316519941,-2.0663444358452137
2024-08-16 09:00:00,-27.0,-4.0,-23.887602771890723,-2.4974808821871153,-5.212039313762604,2.714558431575489,-49.60317552610333,-3.4975215161134834,-38.09828406674572,-2.3605157193699116,-19.148578419187633,-1.718582662983315,-19.670255123662614,-1.8989518547421167,-21.29387539956524,-1.8048437475711396
2024-08-16 10:00:00,-31.0,3.0,-25.443275565393083,-1.5556727935023602,-4.402085716728009,2.8464129232256488,-50.564839434058456,-0.9616639079551259,-37.69954361604597,0.39874045069974784,-20.08758442807104,-0.939006008883408,-20.54960914413252,-0.8793540204699075,-22.165719222888978,-0.8718438233237349
2024-08-16 11:00:00,-28.0,5.0,-24.583009846643847,0.8602657187492366,-2.06985937961233,2.9301250983615668,-46.5443105763623,4.020528857696159,-35.35384890939808,2.345694706647888,-19.287528559413456,0.8000558686575852,-19.60648134264982,0.9431278014827043,-21.312699439026552,0.853019783862424
2024-08-16 12:00:00,-23.0,9.0,-23.976597645501265,0.6064122011425805,-2.277271265532774,2.8836834666753544,-43.04694500787437,3.497365568487932,-33.313283922602295,2.0405649867957876,-18.51737989324902,0.7701486661644332,-18.93597011279212,0.6705112298576995,-20.482520055451438,0.8301793835751148
2024-08-16 13:00:00,-14.0,-2.0,-23.315566877101197,0.661030768400066,-2.1901383339181364,2.8511691023182024,-40.010832288976076,3.0361127188982953,-31.544316112599372,1.7689678100029222,-17.674803843016644,0.8425760502323784,-18.028639073658226,0.9073310391338943,-19.523516908971438,0.9590031464800002
2024-08-16 14:00:00,-16.0,-3.0,-23.929034986791862,-0.6134681096906656,-3.4294043297962933,2.8159362201056277,-40.15307034977806,-0.14223806080198376,-30.95831680493114,0.5859993076682302,-17.85027918003214,-0.1754753370154965,-17.869506256982707,0.15913281667551815,-19.712713691025503,-0.18919678205406593
2024-08-16 15:00:00,-19.0,-1.0,-23.86449577461827,0.06453921217359238,-2.784087491111022,2.8486267032846144,-38.81149899031006,1.3415713594680023,-29.079265673309376,1.8790511316217648,-17.47654141883349,0.37373776119864915,-17.010863398752356,0.8586428582303497,-19.30228783657308,0.41042585445242463
2024-08-16 16:00:00,-20.0,8.0,-22.245146199646804,1.6193495749714646,-1.2258290834974972,2.845178658468962,-36.34350755682349,2.467991433486566,-27.877666170535672,1.2015995027737034,-16.590083997031883,0.8864574218016079,-16.191420892775227,0.8194425059771301,-18.218612593134978,1.0836752434381
2024-08-16 17:00:00,-12.0,1.0,-20.70571055174783,1.5394356478989735,-1.2199117917356797,2.759347439634653,-34.19749842078396,2.1460091360395275,-26.833260820064034,1.0444053504716393,-15.73774364878124,0.8523403482506426,-15.4093890920496,0.7820318007256262,-17.18017881234336,1.0384337807916162
2024-08-16 18:00:00,-11.0,0.0,-19.240551637074702,1.465158914673128,-1.2138118675120775,2.6789707821852056,-32.33019891508867,1.867299505695285,-25.92422124204036,0.9090395780236715,-14.913207513023675,0.8245361357575649,-14.663060053849533,0.7463290382000685,-16.18949687234882,0.9906819399945426
2024-08-16 19:00:00,-11.0,0.0,-17.81553978614123,1.4250118509334733,-1.1785638023876712,2.6035756533211445,-30.70827630423681,1.6219226108518627,-25.13586408584098,0.7883571561993832,-14.125309135864304,0.7878983771593702,-13.950803809610095,0.7122562442394383,-15.236751498892863,0.9527453734559557
2024-08-16 20:00:00,-11.0,2.0,-17.53507692163581,0.28046286450541924,-2.2508158791184876,2.531278743623907,-29.42635943531283,1.281916868923982,-23.75805305809917,1.3778110277418103,-13.644014013423142,0.4812951224411621,-13.271064805106727,0.6797390045033677,-14.757714267041763,0.4790372318511004
2024-08-16 21:00:00,-9.0,3.0,-16.238586208609092,1.296490713026717,-1.2206788480751742,2.517169561101891,-28.17871603617865,1.2476433991341804,-23.247799741319543,0.5102533167796247,-12.889642140407188,0.7543718730159539,-12.622358503154105,0.6487063019526216,-13.878412678571484,0.8793015884702786
2024-08-16 22:00:00,-6.0,4.0,-14.96472679114594,1.2738594174631515,-1.178600328880028,2.4524597463431794,-27.096250964225558,1.0824650719530924,-22.80679479264681,0.4410049486727357,-12.16510976469404,0.7245323757131485,-12.003268141404883,0.6190903617492218,-13.03059705799117,0.8478156205803151
2024-08-16 23:00:00,-2.0,2.0,-13.863285721177387,1.1014410699685528,-1.2882591149033706,2.3897001848719235,-26.15485308665318,0.9413978775723764,-22.42340960256975,0.3833851900770619,-11.464419033182661,0.7006907315113798,-11.412441638167406,0.5908265032374771,-12.220347555301599,0.8102495026895704
2024-08-17 00:00:00,0.0,2.0,-13.621919376277106,0.24136634490028275,-2.094724619059846,2.3360909639601286,-25.336006481749187,0.8188466049039906,-22.089984076123052,0.3334255264466977,-11.053223055831445,0.411195977351217,-10.848588639484758,0.5638529986826489,-11.852962426982186,0.36738512831941217
2024-08-17 01:00:00,2.0,0.0,-12.456809272464351,1.1651101038127543,-1.1593143409155857,2.32442444472834,-24.623649525789297,0.7123569559598896,-21.79990011685383,0.2900839592692227,-10.387932893746727,0.6652901620847186,-10.310477701026016,0.5381109384587411,-11.095494750085091,0.7574676768970945
2024-08-17 02:00:00,2.0,2.0,-11.358525819752535,1.0982834527118168,-1.1702357621302983,2.268519214842115,-24.004933738518357,0.6187157872709392,-21.548523129731624,0.2513769871222064,-9.745091907615043,0.6428409861316844,-9.79693359863503,0.5135441023909865,-10.37033779227539,0.7251569578097026
2024-08-17 03:00:00,4.0,0.0,-10.342963719907171,1.0155620998453627,-1.2008814892177355,2.2164435890630982,-23.46473737064823,0.5401963678701275,-21.327880783350153,0.22064234638147068,-9.120679235922033,0.6244126716930093,-9.306834761662987,0.4900988369720436,-9.681756191292681,0.6885816009827086
2024-08-17 04:00:00,4.0,-2.0,-9.397444161835242,0.9455195580719298,-1.2233087555248712,2.168828313596801,-22.99444275362623,0.4702946170219991,-21.135569833626626,0.19231094972352558,-8.516578921071485,0.6041003148505487,-8.83911082347924,0.4677239381837477,-9.02505321845124,0.656702972841441
2024-08-17 05:00:00,2.0,-5.0,-10.230004721239654,-0.8325605594044116,-2.9575223502874834,2.124961790883072,-24.415390905168703,-1.4209481515424705,-22.602576650906666,-1.467006817280042,-8.829882074896158,-0.3133031538246735,-8.834028871226437,0.005081952252802946,-9.744822363992283,-0.7197691455410424
2024-08-17 06:00:00,-3.0,-1.0,-9.269659795042573,0.9603449261970805,-1.2032191847285771,2.1635641109256576,-23.821514161765723,0.5938767434029806,-22.244723613595063,0.35785303731160417,-8.235189969647623,0.5946921052485361,-8.387890342243796,0.44613852898264084,-9.085262979490249,0.6595593845020329
2024-08-17 07:00:00,-4.0,-2.0,-8.343255095576577,0.9264046994659954,-1.1926630284374335,2.119067727903429,-23.306710746181945,0.5148034155837793,-21.93521248040666,0.30951113318840506,-7.657999162732273,0.5771908069153495,-7.96211975474255,0.42577058750124674,-8.451573591423312,0.633689388066937
2024-08-17 08:00:00,-6.0,2.0,-7.768342445081036,0.5749126504955417,-1.5016693801595031,2.076582030655045,-22.860425523608537,0.44628522257340786,-21.667489755109337,0.26772272529732316,-7.0984986288896055,0.559500533842668,-7.5557872337774965,0.406332520965053,-7.844003308033429,0.6075702833898831
2024-08-17 09:00:00,-4.0,2.0,-7.089733740726174,0.6786087043548621,-1.3718236912214725,2.0504323955763346,-22.470104998278327,0.3903205253302098,-21.432485883555575,0.2350038715537599,-6.556934084114903,0.5415645447747026,-7.168005356774704,0.38778187700279276,-7.267256961164247,0.5767463468691819
2024-08-17 10:00:00,-2.0,5.0,-6.272552566803324,0.817181173922849,-1.2025982343585098,2.0197794082813587,-22.1298999446,0.34020505367832604,-21.22737642425051,0.20510945930506322,-6.033645441401191,0.5232886427137111,-6.797927215417316,0.3700781413573886,-6.717850360384669,0.5494066007795777
2024-08-17 11:00:00,3.0,-1.0,-5.489968412865649,0.7825841539376752,-1.2005892772788804,1.9831734312165556,-21.833022495369914,0.29687744923008735,-21.04800640268742,0.17937002156309054,-5.52984937238552,0.5037960690156713,-6.4447445660137355,0.3531826494035797,-6.195339829161687,0.5225105312229825
2024-08-17 12:00:00,2.0,1.0,-4.840017086998464,0.6499513258671854,-1.298479716677754,1.9484310425449394,-21.57558972633036,0.25743276903955303,-20.89278095114813,0.15522545153928957,-5.039297929343392,0.4905514430421286,-6.10768606430863,0.337058501705106,-5.6944705204616195,0.5008693087000671
2024-08-17 13:00:00,3.0,16.0,-4.41968761610785,0.42032947089061423,-1.499480717506188,1.9198101883968022,-21.35314457914135,0.22244514718900887,-20.759234491192768,0.1335464599553635,-4.608353895177759,0.4309440341656331,-5.786015580881593,0.3216704834270363,-5.288177782291337,0.4062927381702826
2024-08-17 14:00:00,19.0,12.0,-5.379276037708769,-0.9595884216009196,-2.8610020012671877,1.9014135796662681,-22.160943631577037,-0.807799052435688,-21.48470649872904,-0.7254720075362713,-5.514308676606078,-0.9059547814283186,-6.418906622608876,-0.6328910417272826,-6.130928660538565,-0.8427508782472288
2024-08-17 15:00:00,31.0,-19.0,-12.351134193007814,-6.971858155299045,-8.91539985524893,1.9435416999498853,-35.116152385480504,-12.955208753903463,-34.234517741748164,-12.749811243019126,-12.867503735432027,-7.353195058825949,-13.821764962747263,-7.402858340138386,-12.069870044265617,-5.938941383727052
2024-08-17 16:00:00,12.0,15.0,-18.08281906462267,-5.731684871614855,-7.995167161364035,2.26348228974918,-44.47141408043008,-9.35526169494958,-41.42190170142901,-7.187383959680843,-18.748393814571372,-5.880890079139347,-19.85169370267756,-6.029928739930298,-16.9015994301881,-4.831729385922484
2024-08-17 17:00:00,27.0,21.0,-17.839616667731917,0.24320239689075152,-2.3015590005845987,2.5447613974753502,-41.20722791427117,3.264186166158906,-38.55701702921246,2.86488467221655,-19.502270803396424,-0.7538769888250514,-22.2806253685849,-2.4289316659073394,-19.552076606007542,-2.6504771758194416
2024-08-17 18:00:00,48.0,-11.0,-17.00736002219585,0.832256645536068,-1.7002351662288884,2.5324918117649564,-38.34370894081524,2.8635189734559314,-36.04054194589747,2.5164750833149836,-22.103945037547145,-2.6016742341507224,-24.22012111855542,-1.9394957499705188,-28.39543867643024,-8.843362070422698
2024-08-17 19:00:00,37.0,-18.0,-16.65848519028445,0.3488748319114028,-2.141853892605339,2.490728724516742,-35.86217920779494,2.481529733020304,-33.86060386030208,2.1799380855953987,-23.643144168020186,-1.5391991304730421,-27.900888581738634,-3.680767463183214,-33.670653071713524,-5.275214395283283
2024-08-17 20:00:00,19.0,-26.0,-19.49568731149601,-2.837202121211562,-5.310527402717802,2.4733252815062396,-37.97611144456527,-2.1139322367703346,-33.96318301708099,-0.1025791567789156,-27.403158344327586,-3.7600141763074,-33.647044366228556,-5.746155784489924,-39.325433230051054,-5.654780158337531
2024-08-17 21:00:00,-7.0,-13.0,-20.03791373066014,-0.5422264191641295,-3.1588536345499314,2.616627215385802,-36.03301697837877,1.9430944661865004,-30.256365052721556,3.7068179643594377,-28.25028382898326,-0.8471254846556742,-36.80791737447697,-3.160873008248415,-43.03706745993768,-3.711634229886628
2024-08-17 22:00:00,-20.0,10.0,-19.04005462459013,0.9978591060700099,-1.646614275448962,2.644473381518972,-33.88423099867306,2.1487859797057087,-28.85994024815585,1.3964248045657057,-27.492182994464823,0.7581008345184381,-35.08466313585021,1.7232542386267653,-42.19643406722266,0.840633392715018
2024-08-17 23:00:00,-10.0,9.0,-18.067867884629777,0.9721867399603541,-1.6211553102762042,2.5933420502365583,-32.02261582876709,1.8616151699059715,-27.652690125939333,1.207250122216517,-26.52921412278187,0.9629688716829541,-33.44008208774557,1.6445810481046348,-40.85425365248966,1.3421804147330034
2024-08-18 00:00:00,-1.0,5.0,-17.12795906942535,0.939908815204425,-1.6040974383455329,2.544006253549958,-30.40644592058143,1.616169908185657,-26.605657591655568,1.0470325342837652,-25.53107214797362,0.9981419748082483,-31.87058249612395,1.569499591621623,-39.39661108818501,1.4576425643046511
2024-08-18 01:00:00,4.0,-2.0,-16.2127972507465,0.9151618186788493,-1.5815971190536835,2.4967589377325328,-28.99008121437668,1.4163647062047497,-25.684316709093743,0.9213408825618258,-24.895826442573156,0.6352457054004634,-30.37273660343328,1.4978458926906681,-38.64216614069493,0.7544449474900765
2024-08-18 02:00:00,2.0,3.0,-15.337405529927869,0.8753917208186317,-1.5757894067689369,2.4511811275875686,-27.753080331744425,1.2370008826322547,-24.877871657200163,0.8064450518935791,-24.485539728674915,0.41028671389823945,-28.94327314245063,1.4294634609826524,-38.343379663138435,0.29878647755649923
2024-08-18 03:00:00,5.0,-9.0,-14.4927625387689,0.8446429911589688,-1.5633338728752346,2.4079768640342034,-26.677007710415296,1.0760726213291287,-24.176277757461527,0.701593899738636,-24.09483496793526,0.3907047607396571,-27.579070191896157,1.3642029505544695,-38.0465078541383,0.2968718090001352
2024-08-18 04:00:00,-4.0,2.0,-13.718845911725737,0.7739166270431632,-1.5927376992225375,2.3666543262657007,-25.753451091293833,0.9235566191214648,-23.57841389608543,0.5978638613760987,-23.286058214627513,0.8087767533077472,-26.27714835821586,1.3019218336802982,-36.83079242943094,1.2157154247073536
2024-08-18 05:00:00,-2.0,0.0,-12.95833368887764,0.7605122228480967,-1.5685936877746278,2.3291059106227245,-24.946939114950943,0.8065119763428886,-23.05517998902669,0.5232339070587373,-22.61034372072608,0.6757144939014329,-25.03466426864213,1.242484089573733,-35.843146294136695,0.9876461352942476
2024-08-18 06:00:00,-2.0,5.0,-12.279865996162211,0.6784676927154298,-1.6140326442666089,2.2925003369820387,-24.248260239698855,0.6986788752520893,-22.602882098035746,0.4522978909909454,-21.8827576278735,0.7275860928525779,-23.848904361321182,1.185759907320947,-34.72863680409637,1.1145094900403232
2024-08-18 07:00:00,3.0,5.0,-11.686152599725508,0.5937133964367025,-1.6663751078140436,2.260088504250746,-23.640538235668632,0.6077220040302231,-22.209452681837924,0.3934294161978211,-21.190882700546773,0.6918749273267266,-22.71727895894508,1.1316254023761028,-33.65769232911865,1.0709444749777168
2024-08-18 08:00:00,8.0,2.0,-11.105016014376025,0.5811365853494839,-1.6507782955776484,2.2319148809271323,-23.10367144377968,0.53686679188895,-21.85897748714166,0.35047519469626154,-20.809432661131858,0.38145003941491384,-21.637316612945245,1.0799623459998346,-33.16810704280198,0.48958528631667586
2024-08-18 09:00:00,10.0,4.0,-10.569036987066363,0.5359790273096607,-1.6685301708631008,2.2045091981727616,-22.637252012478353,0.4664194313013281,-21.5546725751153,0.3043049120263591,-20.425103326560134,0.3843293345717237,-20.606658705895335,1.03065790704991,-32.649455143443326,0.5186518993586509
2024-08-18 10:00:00,14.0,-7.0,-10.05274154435122,0.5162954427151447,-1.663087723501923,2.1793831662170677,-22.222363797153488,0.41488821532486564,-21.280793565657092,0.2738790094582107,-20.45864457479031,-0.033541248230177234,-20.268400498571342,0.3382582073239939,-33.02220926273196,-0.3727541192886336
2024-08-18 11:00:00,7.0,2.0,-9.50999707893282,0.5427444654183988,-1.6125715845723332,2.155316049990732,-21.883539958084853,0.3388238390686356,-21.064590060188458,0.21620350546863548,-19.70013162183204,0.7585129529582688,-19.300238882469642,0.9681616161017012,-31.777993754959862,1.2442155077721015
2024-08-18 12:00:00,9.0,-3.0,-8.97750577223762,0.5324913066951984,-1.5976687756907184,2.130160082385917,-21.58832702503418,0.2952129330506741,-20.876029174749753,0.18856088543870395,-18.9907675018157,0.7093641200163393,-18.376277571565208,0.9239613109044365,-30.60696465506144,1.1710290998984236
2024-08-18 13:00:00,6.0,-11.0,-8.476856992223597,0.5006487800140236,-1.6049740741620981,2.1056228541761217,-21.323718002711914,0.2646090223222634,-20.70419071142779,0.1718384633219661,-18.539180548740394,0.4515869530753078,-17.494498651754604,0.8817789198106021,-29.873748611629782,0.7332160434316557
2024-08-18 14:00:00,-5.0,-3.0,-7.971607514080112,0.5052494781434853,-1.5774330989249972,2.0826825770684825,-21.11828505909349,0.20543294361842407,-20.579421085302425,0.12476962612536238,-17.629525682119976,0.909654866620417,-16.652976334482197,0.8415223172724067,-28.388117207831254,1.4856314037985283
2024-08-18 15:00:00,-8.0,3.0,-7.378523830569158,0.5930836835109541,-1.4665751946218117,2.059658878132766,-20.9406666201958,0.17761843889769213,-20.471962421661214,0.10745866364121226,-16.750690470403285,0.8788352117166927,-15.849872750854198,0.8031035836279999,-26.957540822941514,1.4305763848897404
2024-08-18 16:00:00,-5.0,-3.0,-6.801272086074109,0.5772517444950496,-1.4555441939300287,2.032795938425078,-20.785660884544892,0.15500573565090764,-20.377982212029433,0.0939802096317798,-15.911350662519363,0.8393398078839223,-15.083433937767612,0.7664388130865848,-25.596656004325443,1.3608848186160727
2024-08-18 17:00:00,-8.0,-3.0,-6.7501918388491315,0.05108024722497673,-1.955739171162303,2.0068194183872796,-20.654844343234796,0.13081654131009718,-20.300241638719655,0.07774057330977771,-15.083937935622425,0.8274127268969385,-14.351986007287861,0.7314479304797518,-24.261032757595732,1.3356232467297096
2024-08-18 18:00:00,-11.0,-4.0,-7.907735660129244,-1.1575438212801132,-3.162072656260596,2.0045288349804826,-22.148900531287687,-1.49405618805289,-21.759251935246816,-1.4590102965271605,-15.123027650720784,-0.03908971509835929,-14.127664474659413,0.22432153262844823,-23.602365568377643,0.6586671892180882
2024-08-18 19:00:00,-15.0,0.0,-7.29625849495061,0.6114771651786344,-1.4452802495777404,2.0567574147563747,-21.84159830000151,0.3073022312861766,-21.502860412968232,0.25639152227858475,-14.323363112120282,0.7996645386005035,-13.439851099882985,0.6878133747764296,-22.351697258263158,1.2506683101144829
2024-08-18 20:00:00,-15.0,1.0,-8.219398386800075,-0.9231398918494644,-2.95222365639392,2.0290837645444557,-22.78962621831416,-0.9480279183126504,-22.232791095225323,-0.7299306822570911,-14.20360130170824,0.11976181041204242,-12.917076025160732,0.5227750747222527,-21.679464095786816,0.672233162476342
2024-08-18 21:00:00,-14.0,4.0,-7.553017134490265,0.6663812523098096,-1.4045532105997987,2.0709344629096083,-22.400717927866992,0.3889082904471706,-21.916587574300628,0.3162035209246969,-13.433396799475764,0.7702045022324764,-12.284530673869448,0.6325453512912842,-20.50529492834168,1.1741691674451367
2024-08-18 22:00:00,-10.0,5.0,-6.943297925318036,0.609719209172229,-1.430961864573836,2.040681073746065,-22.064743025249175,0.33597490261781565,-21.643822382837904,0.27276519146272554,-12.68675692400063,0.7466398754751347,-11.680863453164212,0.6036672207052345,-19.372599969283566,1.1326949590581135
2024-08-18 23:00:00,-5.0,6.0,-6.304777330337278,0.6385205949807575,-1.3746745398518565,2.013195134832614,-21.773250959147173,0.2914920661020031,-21.40728653609611,0.236535846741796,-11.965585819583497,0.7211711044171334,-11.10475596520297,0.5761074879612408,-18.287862389480896,1.084737579802672
2024-08-19 00:00:00,1.0,,-5.757265032643099,0.5475122976941791,-1.437098315289795,1.984610612983974,-21.52058024788877,0.25267071125840224,-21.20239609028016,0.20489044581594792,-11.268595973099297,0.6969898464842008,-10.55495000208099,0.5498059631219815,-17.24882567443672,1.0390367150441757
