Timestamp,Observed_DST,Real_dDST_dt,Pred_DST_Equation,Pred_dDST_dt_Equation,Injection_Component,Decay_Component,Pred_DST_Equation_1,Pred_dDST_dt_Equation_1,Injection_Component_1,Decay_Component_1,Pred_DST_Equation_2,Pred_dDST_dt_Equation_2,Injection_Component_2,Decay_Component_2,Pred_DST_Equation_3,Pred_dDST_dt_Equation_3,Injection_Component_3,Decay_Component_3
2024-08-02 00:00:00,20.0,3.0,15.101926870977614,0.10192687097761437,-0.0,0.10192687097761437,15.099479210110562,0.09947921011056254,-0.0,0.09947921011056254,15.10208203920784,0.10208203920784002,-0.0,0.10208203920784002,15.101926870977614,0.10192687097761437,-0.0,0.10192687097761437
2024-08-02 01:00:00,23.0,-2.0,15.202672076901917,0.10074520592430397,-0.0,0.10074520592430397,15.197807938091854,0.09832872798129212,-0.0,0.09832872798129212,15.202985363820078,0.10090332461223878,-0.0,0.10090332461223878,15.202672076901917,0.10074520592430397,-0.0,0.10074520592430397
2024-08-02 02:00:00,21.0,0.0,15.00842262259485,-0.19424945430706708,-0.29383346485664463,0.09958401054957754,14.997228920694042,-0.20057901739781267,-0.2977771444433136,0.09719812704550093,15.009685603904733,-0.19329975991534407,-0.29304470687486267,0.0997449469595186,15.00842262259485,-0.19424945430706708,-0.29383346485664463,0.09958401054957754
2024-08-02 03:00:00,21.0,2.0,15.110251586753114,0.10182896415826381,-0.0,0.10182896415826381,15.096740274271905,0.09951135357786312,-0.0,0.09951135357786312,15.111655512071938,0.10196990816720376,-0.0,0.10196990816720376,15.110251586753114,0.10182896415826381,-0.0,0.10182896415826381
2024-08-02 04:00:00,23.0,-3.0,15.210900586385948,0.10064899963283419,-0.0,0.10064899963283419,15.195100588604951,0.09836031433304677,-0.0,0.09836031433304677,15.212448645354744,0.10079313328280581,-0.0,0.10079313328280581,15.210900586385948,0.10064899963283419,-0.0,0.10064899963283419
2024-08-02 05:00:00,20.0,2.0,15.31039005196127,0.09948946557532222,-0.0,0.09948946557532222,15.292329757705582,0.09722916910063073,-0.0,0.09722916910063073,15.312085296150352,0.09963665079560806,-0.0,0.09963665079560806,15.31039005196127,0.09948946557532222,-0.0,0.09948946557532222
2024-08-02 06:00:00,22.0,-7.0,15.408739944329305,0.09834989236803433,-0.0,0.09834989236803433,15.388447219113527,0.09611746140794451,-0.0,0.09611746140794451,15.410585292300304,0.09849999614995249,-0.0,0.09849999614995249,15.408739944329305,0.09834989236803433,-0.0,0.09834989236803433
2024-08-02 07:00:00,15.0,-6.0,15.505969768154003,0.09722982382469858,-0.0,0.09722982382469858,15.483471966928176,0.0950247478146495,-0.0,0.0950247478146495,15.507968010323587,0.0973827180232826,-0.0,0.0973827180232826,15.505969768154003,0.09722982382469858,-0.0,0.09722982382469858
2024-08-02 08:00:00,9.0,0.0,15.602098584885683,0.09612881673168029,-0.0,0.09612881673168029,15.577422564396548,0.09395059746837155,-0.0,0.09395059746837155,15.604252388199534,0.09628437787594608,-0.0,0.09628437787594608,15.602098584885683,0.09612881673168029,-0.0,0.09612881673168029
2024-08-02 09:00:00,9.0,2.0,15.697145025293075,0.09504644040739156,-0.0,0.09504644040739156,15.670317156074473,0.09289459167792477,-0.0,0.09289459167792477,15.699456937718313,0.09520454951877952,-0.0,0.09520454951877952,15.697145025293075,0.09504644040739156,-0.0,0.09504644040739156
2024-08-02 10:00:00,11.0,1.0,15.79112730157215,0.09398227627907388,-0.0,0.09398227627907388,15.762173479577807,0.09185632350333421,-0.0,0.09185632350333421,15.79359975641599,0.09414281869767602,-0.0,0.09414281869767602,15.79112730157215,0.09398227627907388,-0.0,0.09398227627907388
2024-08-02 11:00:00,12.0,-7.0,15.616330950037794,-0.17479635153435524,-0.26773226901053016,0.09293591747617491,15.570239143433756,-0.19193433614405087,-0.2827697335059567,0.09083539736190581,15.619069705602303,-0.17453005081368633,-0.26762883350806405,0.09309878269437771,15.616330950037794,-0.17479635153435524,-0.26773226901053016,0.09293591747617491
2024-08-02 12:00:00,5.0,-3.0,15.478081971093118,-0.13824897894467603,-0.23313568879318522,0.09488670984850918,15.417791304591283,-0.15244783884247404,-0.24542296153125503,0.09297512268878101,15.48110716526549,-0.13796254033681257,-0.2330014544377441,0.09503891410093152,15.478081971093118,-0.13824897894467603,-0.23313568879318522,0.09488670984850918
2024-08-02 13:00:00,2.0,-2.0,14.570412015105198,-0.90766995598792,-1.0041139262002703,0.09644397021235024,14.45937751882799,-0.9584137857632931,-1.0531061793362684,0.09469239357297529,14.574372395644291,-0.9067347696211997,-1.003321477949686,0.09658670832848627,14.570412015105198,-0.90766995598792,-1.0041139262002703,0.09644397021235024
2024-08-02 14:00:00,0.0,1.0,13.33943607346221,-1.2309759416429888,-1.337958850195614,0.10698290855262514,13.166494103235609,-1.2928834155923814,-1.3987319474444604,0.10584853185207897,13.344784959629177,-1.2295874360151144,-1.3366578511492242,0.10707041513410975,13.33943607346221,-1.2309759416429888,-1.337958850195614,0.10698290855262514
2024-08-02 15:00:00,1.0,3.0,13.28953595122996,-0.04990012223225021,-0.17204879909781098,0.12214867686556077,13.10843426653926,-0.05805983669634819,-0.17994185395016066,0.12188201725381247,13.295048856671505,-0.04973610295767272,-0.1718857494630768,0.12214964650540408,13.28953595122996,-0.04990012223225021,-0.17204879909781098,0.12214867686556077
2024-08-02 16:00:00,4.0,2.0,13.412320596831552,0.12278464560159259,-0.0,0.12278464560159259,13.23106282133431,0.12262855479505025,-0.0,0.12262855479505025,13.417829346190524,0.1227804895190195,-0.0,0.1227804895190195,13.412320596831552,0.12278464560159259,-0.0,0.12278464560159259
2024-08-02 17:00:00,6.0,3.0,13.533543339963856,0.12122274313230397,-0.0,0.12122274313230397,13.352117286324548,0.12105446499023727,-0.0,0.12105446499023727,13.539055457363226,0.12122611117270077,-0.0,0.12122611117270077,13.533543339963856,0.12122274313230397,-0.0,0.12122274313230397
2024-08-02 18:00:00,9.0,1.0,13.653233857016952,0.11969051705309533,-0.0,0.11969051705309533,13.471627840029806,0.11951055370525746,-0.0,0.11951055370525746,13.658756582941994,0.1197011255787671,-0.0,0.1197011255787671,13.653233857016952,0.11969051705309533,-0.0,0.11969051705309533
2024-08-02 19:00:00,10.0,-2.0,13.771421076139813,0.1181872191228612,-0.0,0.1181872191228612,13.58962389321786,0.11799605318805387,-0.0,0.11799605318805387,13.776961378102905,0.11820479516091249,-0.0,0.11820479516091249,13.771421076139813,0.1181872191228612,-0.0,0.1181872191228612
2024-08-02 20:00:00,8.0,2.0,13.501654321207155,-0.26976675493265717,-0.3864788794964792,0.11671212456382203,13.304236977990438,-0.2853869152274211,-0.40189713520478937,0.11651021997736827,13.507710393316566,-0.26925098478633974,-0.3859873901489725,0.11673640536263274,13.501654321207155,-0.26976675493265717,-0.3864788794964792,0.11671212456382203
2024-08-02 21:00:00,10.0,2.0,13.14664187721138,-0.3550124439957747,-0.47510508591389966,0.12009264191812494,12.923556887330257,-0.3806800906601816,-0.5008001184382835,0.12012002777810195,13.152937567090188,-0.35477282622637896,-0.4748673373942604,0.12009451116788147,13.14664187721138,-0.3550124439957747,-0.47510508591389966,0.12009264191812494
2024-08-02 22:00:00,12.0,2.0,13.233436051477218,0.08679417426583932,-0.037820767285224495,0.12461494155106381,13.008386987848608,0.08483010051835195,-0.040190805451776765,0.12502090597012872,13.239709855829895,0.08677228873970783,-0.037819666510436396,0.12459195525014423,13.233436051477218,0.08679417426583932,-0.037820767285224495,0.12461494155106381
2024-08-02 23:00:00,14.0,-1.0,13.335042048289148,0.10160599681192965,-0.021895604439710076,0.12350160125163973,13.10903785457241,0.10065086672380248,-0.023269451032017403,0.12392031775581988,13.341299099976112,0.10158924414621716,-0.021895064120394155,0.12348430826661132,13.335042048289148,0.10160599681192965,-0.021895604439710076,0.12350160125163973
2024-08-03 00:00:00,13.0,-4.0,13.457246659971258,0.12220461168210939,-0.0,0.12220461168210939,13.23165863666454,0.12262078209212984,-0.0,0.12262078209212984,13.46349290749613,0.12219380752001861,-0.0,0.12219380752001861,13.457246659971258,0.12220461168210939,-0.0,0.12220461168210939
2024-08-03 01:00:00,9.0,-1.0,13.577900411991747,0.12065375202048952,-0.0,0.12065375202048952,13.352705478446817,0.12104684178227815,-0.0,0.12104684178227815,13.584143452521463,0.12065054502533362,-0.0,0.12065054502533362,13.577900411991747,0.12065375202048952,-0.0,0.12065375202048952
2024-08-03 02:00:00,8.0,-3.0,12.290030409447578,-1.2878700025441698,-1.4070022923128092,0.11913228976863925,11.96160668766035,-1.391098790786466,-1.510601866963436,0.11950307617697005,12.295463782678656,-1.2886796698428074,-1.4078160656394954,0.11913639579668792,12.290030409447578,-1.2878700025441698,-1.4070022923128092,0.11913228976863925
2024-08-03 03:00:00,5.0,-7.0,10.644839172914333,-1.6451912365332457,-1.7810622057371341,0.13587096920388841,10.222266059649902,-1.7393406280104475,-1.8771823383138582,0.13784171030341066,10.651107549395112,-1.644356233283543,-1.7801597380829906,0.13580350479944747,10.644839172914333,-1.6451912365332457,-1.7810622057371341,0.13587096920388841
2024-08-03 04:00:00,-2.0,4.0,10.803693022378159,0.15885384946382675,-0.0,0.15885384946382675,10.384878056434756,0.16261199678485408,-0.0,0.16261199678485408,10.80976224573296,0.1586546963378475,-0.0,0.1586546963378475,10.803693022378159,0.15885384946382675,-0.0,0.15885384946382675
2024-08-03 05:00:00,2.0,3.0,10.96024943617149,0.15655641379333077,-0.0,0.15655641379333077,10.545087581172488,0.16020952473773156,-0.0,0.16020952473773156,10.96613474627956,0.15637250054659899,-0.0,0.15637250054659899,10.96024943617149,0.15655641379333077,-0.0,0.15655641379333077
2024-08-03 06:00:00,5.0,-1.0,11.114558014491351,0.1543085783198612,-0.0,0.1543085783198612,10.702947614023698,0.15786003285120984,-0.0,0.15786003285120984,11.120274058089928,0.15413931181036813,-0.0,0.15413931181036813,11.114558014491351,0.1543085783198612,-0.0,0.1543085783198612
2024-08-03 07:00:00,4.0,-4.0,11.266666937447843,0.15210892295649164,-0.0,0.15210892295649164,10.858509585942608,0.15556197191891064,-0.0,0.15556197191891064,11.27222779259519,0.15195373450526206,-0.0,0.15195373450526206,11.266666937447843,0.15210892295649164,-0.0,0.15210892295649164
2024-08-03 08:00:00,0.0,2.0,10.511492695962522,-0.7551742414853208,-0.9051303196336091,0.14995607814828835,10.063852060744805,-0.7946575251978021,-0.9479713742275498,0.1533138490297477,10.517698139529116,-0.7545296530660743,-0.904344075471699,0.1498144224056247,10.511492695962522,-0.7551742414853208,-0.9051303196336091,0.14995607814828835
2024-08-03 09:00:00,2.0,4.0,9.462424817631135,-1.0490678783313863,-1.2098631809138047,0.16079530258241848,8.961259519867305,-1.1025925408775001,-1.2675621806772683,0.16496963979976828,9.469448821519372,-1.0482493180097454,-1.2088358615003096,0.16058654349056428,9.462424817631135,-1.0490678783313863,-1.2098631809138047,0.16079530258241848
2024-08-03 10:00:00,6.0,1.0,7.886543396859649,-1.5758814207714855,-1.7523618939258647,0.1764804731543793,7.284939192561946,-1.6763203273053584,-1.858169689963901,0.1818493626585426,7.89353104848795,-1.5759177730314218,-1.7520903896697417,0.17617261663832,7.886543396859649,-1.5758814207714855,-1.7523618939258647,0.1764804731543793
2024-08-03 11:00:00,7.0,-3.0,6.014505947842416,-1.8720374490172327,-2.0734513873432996,0.20141393832606683,5.28602329440497,-1.998915898156977,-2.2080031664684223,0.20908726831144536,6.020847712446789,-1.872683336041161,-2.073645919226747,0.20096258318558602,6.014505947842416,-1.8720374490172327,-2.0734513873432996,0.20141393832606683
2024-08-03 12:00:00,4.0,3.0,4.365623500836286,-1.6488824470061305,-1.8820558479600595,0.233173400953929,3.529789915282242,-1.7562333791227276,-2.0002840211705255,0.244050642047798,4.371372491296573,-1.6494752211502162,-1.8820170118927182,0.232541790742502,4.365623500836286,-1.6488824470061305,-1.8820558479600595,0.233173400953929
2024-08-03 13:00:00,7.0,2.0,2.450952786468088,-1.9146707143681976,-2.177742739786485,0.2630720254182871,1.4976518821612395,-2.0321380331210026,-2.3091368868917828,0.2769988537707804,2.456237603819877,-1.9151348874766962,-2.177399926851797,0.2622650393751008,2.450952786468088,-1.9146707143681976,-2.177742739786485,0.2630720254182871
2024-08-03 14:00:00,9.0,-3.0,0.6749882682118695,-1.7759645182562185,-2.0760170117921026,0.30005249353588404,-0.36669652289704,-1.8643484050582795,-2.1820743820955464,0.3177259770372668,0.680616700400793,-1.775620903419084,-2.0746383485928597,0.29901744517377565,0.6749882682118695,-1.7759645182562185,-2.0760170117921026,0.30005249353588404
2024-08-03 15:00:00,6.0,0.0,-0.32488406932656266,-0.9998723375384322,-1.336399624752313,0.336527287213881,-1.4149826256886395,-1.0482861027915995,-1.4058324275810616,0.35754632478946213,-0.3197140023207128,-1.0003307027215058,-1.3355754620146003,0.3352447592930944,-0.32488406932656266,-0.9998723375384322,-1.336399624752313,0.336527287213881
2024-08-03 16:00:00,6.0,5.0,-1.0118418519584191,-0.6869577826318565,-1.044940767803249,0.3579829851713925,-2.1284693503036842,-0.7134867246150447,-1.0944555047817008,0.3809687801666561,-1.0071840393775535,-0.6874700370568407,-1.0440361363582247,0.35656609930138394,-1.0118418519584191,-0.6869577826318565,-1.044940767803249,0.3579829851713925
2024-08-03 17:00:00,11.0,4.0,-1.3279402962872704,-0.3160984443288512,-0.6892067012226186,0.3731082568937674,-2.4559996899963332,-0.327530339692649,-0.7248659339628131,0.39733559427016407,-1.3243574878115063,-0.3171734484339528,-0.6887735524243687,0.3716001039904159,-1.3279402962872704,-0.3160984443288512,-0.6892067012226186,0.3731082568937674
2024-08-03 18:00:00,15.0,2.0,-0.9477671267071469,0.3801731695801235,-0.0,0.3801731695801235,-2.0510355372020346,0.4049641527942986,-0.0,0.4049641527942986,-0.945716596415223,0.3786408913962834,-0.0,0.3786408913962834,-0.9477671267071469,0.3801731695801235,-0.0,0.3801731695801235
2024-08-03 19:00:00,17.0,-6.0,-1.4576830734846355,-0.5099159467774887,-0.8816001879397293,0.3716842411622405,-2.583140347053286,-0.5321048098512515,-0.9276474831269128,0.3955426732756613,-1.4565431438429624,-0.5108265474277395,-0.8810698075820689,0.3702432601543294,-1.4576830734846355,-0.5099159467774887,-0.8816001879397293,0.3716842411622405
2024-08-03 20:00:00,11.0,-4.0,-3.1174090015666325,-1.6597259280819971,-2.042818075154209,0.38309214707221195,-4.344482045868336,-1.76134169881505,-2.169286647520948,0.40794494870589787,-3.117621914146718,-1.661078770303756,-2.042673497914092,0.381594727610336,-3.1174090015666325,-1.6597259280819971,-2.042818075154209,0.38309214707221195
2024-08-03 21:00:00,7.0,-4.0,-5.544488980462469,-2.4270799788958364,-2.8484977614092357,0.42141778251339934,-6.925113917691621,-2.580631871823285,-3.0309958013621077,0.4503639295388228,-5.546565578814109,-2.428943664667391,-2.8486353315063107,0.41969166683891945,-5.544488980462469,-2.4270799788958364,-2.8484977614092357,0.42141778251339934
2024-08-03 22:00:00,3.0,0.0,-6.943196253538993,-1.3987072730765244,-1.8794590465771706,0.48075177350064613,-8.391685733609986,-1.4665718159183647,-1.9828742123891656,0.5163023964708009,-6.946518636981079,-1.3999530581669697,-1.8786153424812524,0.47866228431428265,-6.943196253538993,-1.3987072730765244,-1.8794590465771706,0.48075177350064613
2024-08-03 23:00:00,3.0,5.0,-6.6607727180692,0.2824235354697924,-0.2342963026351147,0.5167198381049071,-8.07558850240279,0.3160972312071958,-0.23968466803966246,0.5557818992468583,-6.665893628727217,0.2806250082538626,-0.23378616682513334,0.5144111750789959,-6.6607727180692,0.2824235354697924,-0.2342963026351147,0.5167198381049071
2024-08-04 00:00:00,8.0,2.0,-6.4472092524164815,0.21356346565271866,-0.295789253045159,0.5093527186978777,-7.829574653999095,0.2460138484036941,-0.30113589659366524,0.5471497449973594,-6.453819563981423,0.2120740647457937,-0.29506797236545024,0.507142037111244,-6.4472092524164815,0.21356346565271866,-0.295789253045159,0.5093527186978777
2024-08-04 01:00:00,10.0,-1.0,-8.251079733352691,-1.8038704809362105,-2.307687442635404,0.5038169616991934,-9.664058194213826,-1.8344835402147313,-2.3749617586133573,0.5404782183986261,-8.255556990730817,-1.801737426749394,-2.303420343475987,0.5016829167265928,-8.251079733352691,-1.8038704809362105,-2.307687442635404,0.5038169616991934
2024-08-04 02:00:00,9.0,-8.0,-11.046549669102587,-2.7954699357498964,-3.346996054186772,0.5515261184368755,-12.579756065983204,-2.9156978717693782,-3.5069097174782313,0.591211845708853,-11.050723901428626,-2.795166910697809,-3.3441700277860127,0.5490031170882035,-11.046549669102587,-2.7954699357498964,-3.346996054186772,0.5515261184368755
2024-08-04 03:00:00,1.0,-13.0,-13.24668159834002,-2.200131929237432,-2.829856498747335,0.6297245695099027,-14.862134546610513,-2.282378480627308,-2.9589080164083024,0.6765295357809942,-13.251222281525163,-2.200498380096536,-2.82713266817923,0.6266342880826938,-13.24668159834002,-2.200131929237432,-2.829856498747335,0.6297245695099027
2024-08-04 04:00:00,-12.0,5.0,-15.214723301186904,-1.9680417028468848,-2.6629555833813408,0.6949138805344559,-16.896853924838435,-2.0347193782279223,-2.782045754489747,0.7473263762618246,-15.220127335520402,-1.9689050539952393,-2.66026486020529,0.6913598062100507,-15.214723301186904,-1.9680417028468848,-2.6629555833813408,0.6949138805344559
2024-08-04 05:00:00,-7.0,-5.0,-17.306733816016532,-2.0920105148296297,-2.8479569509196847,0.7559464360900551,-19.060023903495793,-2.1631699786573564,-2.976580846476064,0.8134108678187078,-17.313305743292297,-2.0931784077718936,-2.8451476795303696,0.7519692717584762,-17.306733816016532,-2.0920105148296297,-2.8479569509196847,0.7559464360900551
2024-08-04 06:00:00,-12.0,-9.0,-20.34820561735297,-3.0414718013364386,-3.8651116417140874,0.8236398403776489,-22.21508746471174,-3.155063561215948,-4.041800853268952,0.8867372920530037,-20.35552351920806,-3.042217775915763,-3.8614144940728825,0.8191967181571195,-20.34820561735297,-3.0414718013364386,-3.8651116417140874,0.8236398403776489
2024-08-04 07:00:00,-21.0,-27.0,-26.05500861723311,-5.706802999880138,-6.6340360767797035,0.9272330768995649,-28.190524814077364,-5.975437349365622,-6.974796788517594,0.9993594391519719,-26.063219119553704,-5.707695600345644,-6.6297313209208575,0.9220357205752142,-26.05500861723311,-5.706802999880138,-6.6340360767797035,0.9272330768995649
2024-08-04 08:00:00,-48.0,-13.0,-30.060237925952936,-4.0052293087198265,-5.143391556599146,1.138162247879319,-32.31830855353424,-4.1277837394568735,-5.358885947416149,1.2311022079592755,-30.069246522095803,-4.006027402542099,-5.13740765036902,1.1313802478269204,-30.060237925952936,-4.0052293087198265,-5.143391556599146,1.138162247879319
2024-08-04 09:00:00,-61.0,6.0,-35.077727868545324,-5.017489942592389,-6.316587676050373,1.2990977334579834,-37.45474955625598,-5.136441002721748,-6.5417286786194975,1.4052876758977497,-35.085262088422716,-5.016015566326912,-6.307107143567925,1.2910915772410134,-35.077727868545324,-5.017489942592389,-6.316587676050373,1.2990977334579834
2024-08-04 10:00:00,-55.0,-10.0,-40.97656662949799,-5.898838760952665,-7.414557160266131,1.5157183993134666,-43.455788488200426,-6.001038931944442,-7.639163492445558,1.6381245605011163,-40.980630253830526,-5.895368165407807,-7.401299517856927,1.5059313524491198,-40.97656662949799,-5.898838760952665,-7.414557160266131,1.5157183993134666
2024-08-04 11:00:00,-65.0,-1.0,-45.4647284890402,-4.488161859542213,-6.279903288648993,1.79174142910678,-48.11298296198437,-4.657194473783949,-6.589944839553683,1.932750365769734,-45.476214907685254,-4.495584653854725,-6.275145176815543,1.7795605229608176,-45.4647284890402,-4.488161859542213,-6.279903288648993,1.79174142910678
2024-08-04 12:00:00,-66.0,-2.0,-48.9295722123875,-3.464843723347297,-5.48205657354333,2.0172128501960334,-51.62053793620747,-3.5075549742231,-5.685735676938321,2.178180702715221,-48.946928147341026,-3.47071323965577,-5.474274559168804,2.003561319513034,-48.9295722123875,-3.464843723347297,-5.48205657354333,2.0172128501960334
2024-08-04 13:00:00,-68.0,-4.0,-55.00039403502903,-6.070821822641534,-8.271234796616287,2.2004129739747533,-57.69950041633595,-6.078962480128485,-8.451670622514332,2.372708142385847,-55.01405732910984,-6.0671291817688155,-8.252705545228926,2.18557636346011,-55.00039403502903,-6.070821822641534,-8.271234796616287,2.2004129739747533
2024-08-04 14:00:00,-72.0,-16.0,-64.50598720893065,-9.505593173901621,-12.046189809007812,2.5405966351061906,-67.06586414822138,-9.366363731885428,-12.095910661364803,2.729546929479374,-64.49927455986027,-9.485217230750433,-12.007977498818063,2.5227602680676298,-64.50598720893065,-9.505593173901621,-12.046189809007812,2.5405966351061906
2024-08-04 15:00:00,-88.0,-11.0,-72.50713123072707,-8.001144021796422,-11.123489723211984,3.122345701415562,-74.92808276645613,-7.862218618234754,-11.190486276769755,3.3282676585350006,-72.4902279852622,-7.990953425401928,-11.089307079800484,3.0983536543985557,-72.50713123072707,-8.001144021796422,-11.123489723211984,3.122345701415562
2024-08-04 16:00:00,-99.0,-1.0,-79.57851019379271,-7.071378963065637,-10.72984638913617,3.658467426070533,-81.85178032284112,-6.923697556384991,-10.800332507837716,3.8766349514527247,-79.55827388432313,-7.068045899060939,-10.697180278972464,3.6291343799115245,-79.57851019379271,-7.071378963065637,-10.72984638913617,3.658467426070533
2024-08-04 17:00:00,-100.0,3.0,-76.42049658887989,3.1580136049128207,-1.0096172450439747,4.167630849956796,-78.50949471869997,3.34228560414115,-1.0518682567585758,4.394153860899726,-76.43314465838164,3.125129225941498,-1.0084399743896588,4.133569200331157,-76.42049658887989,3.1580136049128207,-1.0096172450439747,4.167630849956796
2024-08-04 18:00:00,-97.0,6.0,-72.48435134393038,3.936145244949494,-0.0,3.936145244949494,-74.36921034379775,4.140284374902222,-0.0,4.140284374902222,-72.52665760847461,3.9064870499070223,-0.0,3.9064870499070223,-72.48435134393038,3.936145244949494,-0.0,3.936145244949494
2024-08-04 19:00:00,-91.0,8.0,-68.8274705624188,3.6568807815115894,-0.0,3.6568807815115894,-70.53293508576662,3.8362752580311197,-0.0,3.8362752580311197,-68.89500743361484,3.631650174859773,-0.0,3.631650174859773,-68.8274705624188,3.6568807815115894,-0.0,3.6568807815115894
2024-08-04 20:00:00,-83.0,11.0,-65.42083381541536,3.4066367470034393,-0.0,3.4066367470034393,-66.96800095868186,3.564934127084772,-0.0,3.564934127084772,-65.50986752428182,3.3851399093330183,-0.0,3.3851399093330183,-65.42083381541536,3.4066367470034393,-0.0,3.4066367470034393
2024-08-04 21:00:00,-72.0,17.0,-62.23933784333477,3.1814959720805875,-0.0,3.1814959720805875,-63.64629561074147,3.3217053479403877,-0.0,3.3217053479403877,-62.34670431716334,3.1631632071184734,-0.0,3.1631632071184734,-62.23933784333477,3.1814959720805875,-0.0,3.1814959720805875
2024-08-04 22:00:00,-55.0,8.0,-59.2611533452224,2.978184498112379,-0.0,2.978184498112379,-60.543490187611404,3.1028054231300617,-0.0,3.1028054231300617,-59.384159294840366,2.962545022322979,-0.0,2.962545022322979,-59.2611533452224,2.978184498112379,-0.0,2.978184498112379
2024-08-04 23:00:00,-47.0,-4.0,-56.46720506691934,2.793948278303056,-0.0,2.793948278303056,-57.6384198387869,2.9050703488245015,-0.0,2.9050703488245015,-56.60354855843709,2.7806107364032786,-0.0,2.7806107364032786,-56.46720506691934,2.793948278303056,-0.0,2.793948278303056
2024-08-05 00:00:00,-51.0,-1.0,-53.840748362448615,2.6264567044707285,-0.0,2.6264567044707285,-54.912582647871204,2.7258371909156973,-0.0,2.7258371909156973,-53.988454580916304,2.6150939775207833,-0.0,2.6150939775207833,-53.840748362448615,2.6264567044707285,-0.0,2.6264567044707285
2024-08-05 01:00:00,-52.0,1.0,-51.36702189314389,2.473726469304723,-0.0,2.473726469304723,-52.349731291057715,2.5628513568134883,-0.0,2.5628513568134883,-51.52439084828069,2.4640637326356147,-0.0,2.4640637326356147,-51.36702189314389,2.473726469304723,-0.0,2.473726469304723
2024-08-05 02:00:00,-51.0,-3.0,-49.03296089982069,2.3340609933232037,-0.0,2.3340609933232037,-49.93553792863682,2.4141933624208978,-0.0,2.4141933624208978,-49.19852459081335,2.3258662574673368,-0.0,2.3258662574673368,-49.03296089982069,2.3340609933232037,-0.0,2.3340609933232037
2024-08-05 03:00:00,-54.0,2.0,-46.82695902748669,2.2060018723339985,-0.0,2.2060018723339985,-47.65731739639751,2.278220532239312,-0.0,2.278220532239312,-46.999446153494986,2.199078437318363,-0.0,2.199078437318363,-46.82695902748669,2.2060018723339985,-0.0,2.2060018723339985
2024-08-05 04:00:00,-52.0,6.0,-44.738669341162186,2.088289686324503,-0.0,2.088289686324503,-45.50379715582133,2.1535202405761793,-0.0,2.1535202405761793,-44.91697607132162,2.082470082173368,-0.0,2.082470082173368,-44.738669341162186,2.088289686324503,-0.0,2.088289686324503
2024-08-05 05:00:00,-46.0,14.0,-42.75883718485553,1.9798321563066572,-0.0,1.9798321563066572,-43.46492500890187,2.0388721469194593,-0.0,2.0388721469194593,-42.942002824704446,1.9749732466171719,-0.0,1.9749732466171719,-42.75883718485553,1.9798321563066572,-0.0,1.9798321563066572
2024-08-05 06:00:00,-32.0,5.0,-40.87915907357724,1.8796781112782912,-0.0,1.8796781112782912,-41.531707513423314,1.9332174954785617,-0.0,1.9332174954785617,-41.066345711309104,1.875657113395342,-0.0,1.875657113395342,-40.87915907357724,1.8796781112782912,-0.0,1.8796781112782912
2024-08-05 07:00:00,-27.0,-7.0,-39.09216299239349,1.7869960811837504,-0.0,1.7869960811837504,-39.6960735096461,1.835634003777218,-0.0,1.835634003777218,-39.28263839779619,1.7837073135129107,-0.0,1.7837073135129107,-39.09216299239349,1.7869960811837504,-0.0,1.7869960811837504
2024-08-05 08:00:00,-34.0,3.0,-37.391106395250645,1.701056597142846,-0.0,1.701056597142846,-37.950758305914526,1.7453152037315718,-0.0,1.7453152037315718,-37.58422959089744,1.6984088068987506,-0.0,1.6984088068987506,-37.391106395250645,1.701056597142846,-0.0,1.701056597142846
2024-08-05 09:00:00,-31.0,5.0,-35.76988891426378,1.6212174809868651,-0.0,1.6212174809868651,-36.28920495308434,1.6615533528301867,-0.0,1.6615533528301867,-35.96509795289866,1.6191316379987815,-0.0,1.6191316379987815,-35.76988891426378,1.6212174809868651,-0.0,1.6212174809868651
2024-08-05 10:00:00,-26.0,-5.0,-34.42925228970899,1.340636624554793,-0.20627493466456698,1.5469115592193599,-34.92024836222446,1.3689565908598709,-0.21476863459705467,1.5837252254569256,-34.62580583585663,1.339292117042025,-0.2060269089943246,1.5453190260363496,-34.42925228970899,1.340636624554793,-0.20627493466456698,1.5469115592193599
2024-08-05 11:00:00,-31.0,-4.0,-32.94247003888791,1.486782250821076,-0.0,1.486782250821076,-33.399243272222535,1.5210050900019276,-0.0,1.5210050900019276,-33.1402409025073,1.4855649333493337,-0.0,1.4855649333493337,-32.94247003888791,1.486782250821076,-0.0,1.486782250821076
2024-08-05 12:00:00,-35.0,0.0,-31.520978028579197,1.421492010308714,-0.0,1.421492010308714,-31.9464384747307,1.4528047974918317,-0.0,1.4528047974918317,-31.71957798457108,1.4206629179362213,-0.0,1.4206629179362213,-31.520978028579197,1.421492010308714,-0.0,1.421492010308714
2024-08-05 13:00:00,-35.0,4.0,-30.440284231921616,1.0806937966575796,-0.279745905017209,1.3604397016747884,-30.850520191463584,1.0959182832671166,-0.29320490003196154,1.389123183299078,-30.639140424039176,1.0804375605319052,-0.27951477426170157,1.3599523347936069,-30.440284231921616,1.0806937966575796,-0.279745905017209,1.3604397016747884
2024-08-05 14:00:00,-31.0,3.0,-29.265580944897046,1.1747032870245704,-0.14021783417810496,1.3149211212026755,-29.65525528711945,1.1952649043441363,-0.14676460770373223,1.3420295120478687,-29.464563153466255,1.1745772705729223,-0.14009114492493224,1.3146684154978545,-29.265580944897046,1.1747032870245704,-0.14021783417810496,1.3149211212026755
2024-08-05 15:00:00,-28.0,6.0,-27.99925956159545,1.2663213833015934,-0.0,1.2663213833015934,-28.36366268968167,1.2915925974377775,-0.0,1.2915925974377775,-28.198254416359738,1.2663087371065185,-0.0,1.2663087371065185,-27.99925956159545,1.2663213833015934,-0.0,1.2663213833015934
2024-08-05 16:00:00,-22.0,6.0,-26.784303372458137,1.2149561891373155,-0.0,1.2149561891373155,-27.125485843235715,1.2381768464459577,-0.0,1.2381768464459577,-26.9830670105535,1.2151874058062382,-0.0,1.2151874058062382,-26.784303372458137,1.2149561891373155,-0.0,1.2149561891373155
2024-08-05 17:00:00,-16.0,3.0,-25.61762927339144,1.1666740990666966,-0.0,1.1666740990666966,-25.937456676955705,1.1880291662800095,-0.0,1.1880291662800095,-25.815946809529787,1.1671202010237138,-0.0,1.1671202010237138,-25.61762927339144,1.1666740990666966,-0.0,1.1666740990666966
2024-08-05 18:00:00,-13.0,0.0,-24.496397215107706,1.1212320582837332,-0.0,1.1212320582837332,-24.796569652822427,1.140887024133277,-0.0,1.140887024133277,-24.694079348867664,1.121867460662124,-0.0,1.121867460662124,-24.496397215107706,1.1212320582837332,-0.0,1.1212320582837332
2024-08-05 19:00:00,-13.0,2.0,-23.417986627778124,1.0784105873295813,-0.0,1.0784105873295813,-23.700055824876664,1.0965138279457636,-0.0,1.0965138279457636,-23.61486668528724,1.0792126635804236,-0.0,1.0792126635804236,-23.417986627778124,1.0784105873295813,-0.0,1.0784105873295813
2024-08-05 20:00:00,-11.0,-1.0,-22.932081502985046,0.48590512479307757,-0.552105957396244,1.0380110821893216,-23.214768734802924,0.48528709007373905,-0.5694088109123888,1.0546959009861279,-23.127056623484638,0.48781006180260333,-0.5511497294463938,1.0389597912489972,-22.932081502985046,0.48590512479307757,-0.552105957396244,1.0380110821893216
2024-08-05 21:00:00,-12.0,4.0,-21.912021399501235,1.0200601034838117,-0.0,1.0200601034838117,-22.178320783976172,1.0364479508267501,-0.0,1.0364479508267501,-22.106040305809938,1.0210163176747002,-0.0,1.0210163176747002,-21.912021399501235,1.0200601034838117,-0.0,1.0200601034838117
2024-08-05 22:00:00,-8.0,1.0,-20.929136397954903,0.9828850015463336,-0.0,0.9828850015463336,-21.18031251776157,0.9980082662146005,-0.0,0.9980082662146005,-21.122074836015564,0.9839654697943723,-0.0,0.9839654697943723,-20.929136397954903,0.9828850015463336,-0.0,0.9828850015463336
2024-08-05 23:00:00,-7.0,-1.0,-20.613070348290762,0.3160660496641394,-0.6316514346336451,0.9477174842977846,-20.873791671992578,0.3065208457689922,-0.6551598311032066,0.9616806768721988,-20.803924732799807,0.3181501032157579,-0.6307569421738701,0.948907045389628,-20.613070348290762,0.3160660496641394,-0.6316514346336451,0.9477174842977846
2024-08-06 00:00:00,-8.0,-3.0,-20.013173426523288,0.5998969217674737,-0.3366478865342641,0.9365448083017377,-20.274786785110802,0.5990048868817753,-0.35165359225775883,0.9506584791395342,-20.202522277374143,0.6014024554256618,-0.3363050408966582,0.9377074963223201,-20.013173426523288,0.5998969217674737,-0.3366478865342641,0.9365448083017377
2024-08-06 01:00:00,-11.0,-2.0,-19.097652284197384,0.9155211423259053,-0.0,0.9155211423259053,-19.345484569512003,0.9293022155987984,-0.0,0.9293022155987984,-19.285803782987674,0.9167184943864678,-0.0,0.9167184943864678,-19.097652284197384,0.9155211423259053,-0.0,0.9155211423259053
2024-08-06 02:00:00,-13.0,0.0,-18.21375596889912,0.883896315298264,-0.0,0.883896315298264,-18.448834508912324,0.8966500605996797,-0.0,0.8966500605996797,-18.400621793214135,0.8851819897735406,-0.0,0.8851819897735406,-18.21375596889912,0.883896315298264,-0.0,0.883896315298264
2024-08-06 03:00:00,-13.0,3.0,-17.74175711381548,0.47199885508364015,-0.3818924298430233,0.8538912849266634,-17.9808276951083,0.46800681380402237,-0.39769188995721355,0.8656987037612359,-17.92680484008467,0.4738169531294662,-0.3814372662690571,0.8552542193985233,-17.74175711381548,0.47199885508364015,-0.3818924298430233,0.8538912849266634
2024-08-06 04:00:00,-10.0,0.0,-16.903676248493266,0.8380808653222155,-0.0,0.8380808653222155,-17.131068139017817,0.849759556090484,-0.0,0.849759556090484,-17.087358773155184,0.8394460669294882,-0.0,0.8394460669294882,-16.903676248493266,0.8380808653222155,-0.0,0.8380808653222155
2024-08-06 05:00:00,-10.0,-4.0,-17.032384936299863,-0.12870868780659672,-0.9390806437473191,0.8103719559407224,-17.285736629307994,-0.15466849029017815,-0.9758659317430657,0.8211974414528875,-17.213407208273257,-0.1260484351180735,-0.9378497660408573,0.8118013309227838,-17.032384936299863,-0.12870868780659672,-0.9390806437473191,0.8103719559407224
2024-08-06 06:00:00,-14.0,-1.0,-16.217787844986447,0.8145970913134173,-0.0,0.8145970913134173,-16.45937681821117,0.8263598110968249,-0.0,0.8263598110968249,-16.397484367812105,0.8159228404611507,-0.0,0.8159228404611507,-16.217787844986447,0.8145970913134173,-0.0,0.8145970913134173
2024-08-06 07:00:00,-15.0,-4.0,-15.460362766416901,0.7574250785695443,-0.030616399820329945,0.7880414783898743,-15.692334814715293,0.7670420034958759,-0.031924055819516066,0.798966059315392,-15.638637695750113,0.7588466720619923,-0.030582128622160046,0.7894288006841523,-15.460362766416901,0.7574250785695443,-0.030616399820329945,0.7880414783898743
2024-08-06 08:00:00,-19.0,2.0,-14.696618299785223,0.7637444666316774,-0.0,0.7637444666316774,-14.918382918558274,0.7739518961570193,-0.0,0.7739518961570193,-14.87345713703115,0.7651805587189641,-0.0,0.7651805587189641,-14.696618299785223,0.7637444666316774,-0.0,0.7637444666316774
2024-08-06 09:00:00,-17.0,4.0,-13.956988333856922,0.7396299659283022,-0.0,0.7396299659283022,-14.169267307444732,0.7491156111135425,-0.0,0.7491156111135425,-14.13234422656795,0.7411129104631989,-0.0,0.7411129104631989,-13.956988333856922,0.7396299659283022,-0.0,0.7396299659283022
2024-08-06 10:00:00,-13.0,2.0,-13.240342776604566,0.7166455572523567,-0.0,0.7166455572523567,-13.443805241009963,0.7254620664347691,-0.0,0.7254620664347691,-13.414175326713325,0.7181688998546244,-0.0,0.7181688998546244,-13.240342776604566,0.7166455572523567,-0.0,0.7166455572523567
2024-08-06 11:00:00,-11.0,3.0,-12.545621324637882,0.6947214519666838,-0.0,0.6947214519666838,-12.740888185874322,0.702917055135642,-0.0,0.702917055135642,-12.717895930941863,0.6962793957714628,-0.0,0.6962793957714628,-12.545621324637882,0.6947214519666838,-0.0,0.6947214519666838
2024-08-06 12:00:00,-8.0,4.0,-11.871828142285349,0.6737931823525323,-0.0,0.6737931823525323,-12.059476068593769,0.6814121172805532,-0.0,0.6814121172805532,-12.04251541248704,0.6753805184548229,-0.0,0.6753805184548229,-11.871828142285349,0.6737931823525323,-0.0,0.6737931823525323
2024-08-06 13:00:00,-4.0,4.0,-11.218027021333796,0.6538011209515521,-0.0,0.6538011209515521,-11.398592055846638,0.6608840127471304,-0.0,0.6608840127471304,-11.387102245627185,0.655413166859855,-0.0,0.655413166859855,-11.218027021333796,0.6538011209515521,-0.0,0.6538011209515521
2024-08-06 14:00:00,0.0,3.0,-10.583336971421005,0.6346900499127915,-0.0,0.6346900499127915,-10.757317806162993,0.6412742496836452,-0.0,0.6412742496836452,-10.750779650625105,0.63632259500208,-0.0,0.63632259500208,-10.583336971421005,0.6346900499127915,-0.0,0.6346900499127915
2024-08-06 15:00:00,3.0,-1.0,-9.966928196944725,0.6164087744762808,-0.0,0.6164087744762808,-10.134789144138065,0.6225286620249291,-0.0,0.6225286620249291,-10.132721619055724,0.6180580315693806,-0.0,0.6180580315693806,-9.966928196944725,0.6164087744762808,-0.0,0.6164087744762808
2024-08-06 16:00:00,2.0,-2.0,-9.368018421455211,0.5989097754895135,-0.0,0.5989097754895135,-9.530192113828813,0.6045970303092522,-0.0,0.6045970303092522,-9.53214928124159,0.6005723378141334,-0.0,0.6005723378141334,-9.368018421455211,0.5989097754895135,-0.0,0.5989097754895135
2024-08-06 17:00:00,0.0,0.0,-9.272914440430066,0.09510398102514495,-0.4870449154834241,0.582148896508569,-9.4493061179689,0.08088599585991263,-0.5065467449290081,0.5874327407889207,-9.434756983293443,0.09739229794814791,-0.48642940142988095,0.5838216993780289,-9.272914440430066,0.09510398102514495,-0.4870449154834241,0.582148896508569
2024-08-06 18:00:00,0.0,-1.0,-8.693405205013581,0.5795092354164849,-0.0,0.5795092354164849,-8.864150955730196,0.5851551622387041,-0.0,0.5851551622387041,-8.85362934001918,0.5811276432742626,-0.0,0.5811276432742626,-8.693405205013581,0.5795092354164849,-0.0,0.5795092354164849
2024-08-06 19:00:00,-1.0,-1.0,-8.129850923441664,0.563554281571918,-0.0,0.563554281571918,-8.295340760996911,0.5688101947332841,-0.0,0.5688101947332841,-8.28844729447404,0.5651820455451406,-0.0,0.5651820455451406,-8.129850923441664,0.563554281571918,-0.0,0.563554281571918
2024-08-06 20:00:00,-2.0,0.0,-7.58159872846965,0.5482521949720137,-0.0,0.5482521949720137,-7.7421970603306525,0.5531437006662585,-0.0,0.5531437006662585,-7.738560540722858,0.5498867537511812,-0.0,0.5498867537511812,-7.58159872846965,0.5482521949720137,-0.0,0.5482521949720137
2024-08-06 21:00:00,-2.0,1.0,-7.097655429374343,0.4839432990953074,-0.0496244200709416,0.533567719166249,-7.255780228746479,0.4864168315841731,-0.051701686237891564,0.5381185178220647,-7.2529203602223795,0.48564018050047886,-0.04956658530635573,0.5352067658068346,-7.097655429374343,0.4839432990953074,-0.0496244200709416,0.533567719166249
2024-08-06 22:00:00,-1.0,-1.0,-6.576884092819952,0.5207713365543902,-0.0,0.5207713365543902,-6.730703419233378,0.5250768095131015,-0.0,0.5250768095131015,-6.730513271652788,0.5224070885695916,-0.0,0.5224070885695916,-6.576884092819952,0.5207713365543902,-0.0,0.5207713365543902
2024-08-06 23:00:00,-2.0,1.0,-6.0697094497265915,0.5071746430933605,-0.0,0.5071746430933605,-6.219525300824799,0.511178118408579,-0.0,0.511178118408579,-6.221701951101809,0.5088113205509786,-0.0,0.5088113205509786,-6.0697094497265915,0.5071746430933605,-0.0,0.5071746430933605
2024-08-07 00:00:00,-1.0,0.0,-5.57560363754889,0.49410581217770133,-0.0,0.49410581217770133,-5.72169889066072,0.49782641016407825,-0.0,0.49782641016407825,-5.725960245758907,0.4957417053429017,-0.0,0.4957417053429017,-5.57560363754889,0.49410581217770133,-0.0,0.49410581217770133
2024-08-07 01:00:00,-1.0,0.0,-5.094065853353099,0.4815377841957915,-0.0,0.4815377841957915,-5.236705626179855,0.48499326448086544,-0.0,0.48499326448086544,-5.242788890079731,0.4831713556791765,-0.0,0.4831713556791765,-5.094065853353099,0.4815377841957915,-0.0,0.4815377841957915
2024-08-07 02:00:00,-1.0,0.0,-4.624620637611532,0.46944521574156706,-0.0,0.46944521574156706,-4.764053538408493,0.47265208777136214,-0.0,0.47265208777136214,-4.771713805811325,0.4710750842684051,-0.0,0.4710750842684051,-4.624620637611532,0.46944521574156706,-0.0,0.46944521574156706
2024-08-07 03:00:00,-1.0,0.0,-4.166816287237122,0.4578043503744098,-0.0,0.4578043503744098,-4.303275564638656,0.4607779737698377,-0.0,0.4607779737698377,-4.3122845296415155,0.45942927616981,-0.0,0.45942927616981,-4.166816287237122,0.4578043503744098,-0.0,0.4578043503744098
2024-08-07 04:00:00,-1.0,1.0,-3.797005627318658,0.3698106599184641,-0.07678224069342109,0.4465929006118852,-3.9339027398942847,0.36937282474437144,-0.07997475167287256,0.449347576417244,-3.9407643450180188,0.3715201846234968,-0.07669158760422659,0.4482117722277234,-3.797005627318658,0.3698106599184641,-0.07678224069342109,0.4465929006118852
2024-08-07 05:00:00,0.0,3.0,-3.359367761029115,0.43763786628954277,-0.0,0.43763786628954277,-3.4936144289261297,0.44028831096815485,-0.0,0.44028831096815485,-3.501522285741123,0.43924205927689586,-0.0,0.43924205927689586,-3.359367761029115,0.43763786628954277,-0.0,0.43763786628954277
2024-08-07 06:00:00,3.0,1.0,-2.9322102063448225,0.4271575546842924,-0.0,0.4271575546842924,-3.0640041401394873,0.4296102887866422,-0.0,0.4296102887866422,-3.0727680103916457,0.42875427534947685,-0.0,0.42875427534947685,-2.9322102063448225,0.4271575546842924,-0.0,0.4271575546842924
2024-08-07 07:00:00,4.0,-7.0,-2.5151594987633237,0.417050707581499,-0.0,0.417050707581499,-2.64468655850313,0.41931758163635735,-0.0,0.41931758163635735,-2.654128878839362,0.41863913155228366,-0.0,0.41863913155228366,-2.5151594987633237,0.417050707581499,-0.0,0.417050707581499
2024-08-07 08:00:00,-3.0,1.0,-2.1078597605249474,0.40729973823837623,-0.0,0.40729973823837623,-2.235294740838391,0.4093918176647387,-0.0,0.4093918176647387,-2.245249748123857,0.4088791307155053,-0.0,0.4088791307155053,-2.1078597605249474,0.40729973823837623,-0.0,0.40729973823837623
2024-08-07 09:00:00,-2.0,0.0,-3.7655701537432797,-1.6577103932183321,-2.0555984786230312,0.39788808540469917,-3.976483545076908,-1.7411888042385169,-2.141004513807709,0.399815709569192,-3.898960068022335,-1.653710319898478,-2.053168112914298,0.39945779301581985,-3.7655701537432797,-1.6577103932183321,-2.0555984786230312,0.39788808540469917
2024-08-07 10:00:00,-2.0,-4.0,-4.126756125240693,-0.3611859714974133,-0.7980668042787673,0.436880832781354,-4.367751554836939,-0.39126800976003095,-0.8325959562655585,0.44132794650552754,-4.257919087261264,-0.35895901923892937,-0.7971974611309299,0.43823844189200056,-4.126756125240693,-0.3611859714974133,-0.7980668042787673,0.436880832781354
2024-08-07 11:00:00,-6.0,2.0,-3.681137669100474,0.44561845614021905,-0.0,0.44561845614021905,-3.916813178298683,0.4509383765382562,-0.0,0.4509383765382562,-3.8110255373841877,0.44689354987707675,-0.0,0.44689354987707675,-3.681137669100474,0.44561845614021905,-0.0,0.44561845614021905
2024-08-07 12:00:00,-4.0,7.0,-3.2462869074474194,0.4348507616530542,-0.0,0.4348507616530542,-3.476941774324001,0.439871403974682,-0.0,0.439871403974682,-3.3748944395018112,0.43613109788237653,-0.0,0.43613109788237653,-3.2462869074474194,0.4348507616530542,-0.0,0.4348507616530542
2024-08-07 13:00:00,3.0,3.0,-2.8218167015006936,0.42447020594672596,-0.0,0.42447020594672596,-3.0477332606584446,0.42920851366555623,-0.0,0.42920851366555623,-2.949140124816083,0.42575431468572794,-0.0,0.42575431468572794,-2.8218167015006936,0.42447020594672596,-0.0,0.42447020594672596
2024-08-07 14:00:00,6.0,3.0,-2.407358304811668,0.4144583966890259,-0.0,0.4144583966890259,-2.6288030479250057,0.4189302127334387,-0.0,0.4189302127334387,-2.53339518689065,0.4157449379254328,-0.0,0.4157449379254328,-2.407358304811668,0.4144583966890259,-0.0,0.4144583966890259
2024-08-07 15:00:00,9.0,1.0,-2.0025602813778725,0.4047980234337953,-0.0,0.4047980234337953,-2.219784875517108,0.4090181724078979,-0.0,0.4090181724078979,-2.1273094109021193,0.40608577598853074,-0.0,0.40608577598853074,-2.0025602813778725,0.4047980234337953,-0.0,0.4047980234337953
2024-08-07 16:00:00,10.0,3.0,-1.6070874993776931,0.3954727820001793,-0.0,0.3954727820001793,-1.8203297300876655,0.39945514542944227,-0.0,0.39945514542944227,-1.730548777492693,0.3967606334094262,-0.0,0.3967606334094262,-1.6070874993776931,0.3954727820001793,-0.0,0.3954727820001793
2024-08-07 17:00:00,13.0,2.0,-1.2206201944205817,0.38646730495711146,-0.0,0.38646730495711146,-1.4301048398661917,0.39022489022147366,-0.0,0.39022489022147366,-1.3427945352204391,0.3877542422722539,-0.0,0.3877542422722539,-1.2206201944205817,0.38646730495711146,-0.0,0.38646730495711146
2024-08-07 18:00:00,15.0,0.0,-0.8428530967652091,0.37776709765537253,-0.0,0.37776709765537253,-1.0487927386632663,0.3813121012029255,-0.0,0.3813121012029255,-0.9637423361501117,0.3790521990703274,-0.0,0.3790521990703274,-0.8428530967652091,0.37776709765537253,-0.0,0.37776709765537253
2024-08-07 19:00:00,15.0,-2.0,-0.47349461745891114,0.369358479306298,-0.0,0.369358479306298,-0.6760903939842682,0.37270234467899815,-0.0,0.37270234467899815,-0.593101429618661,0.37064090653145076,-0.0,0.37064090653145076,-0.47349461745891114,0.369358479306298,-0.0,0.369358479306298
2024-08-07 20:00:00,13.0,-3.0,-0.11226608880233147,0.3612285286565797,-0.0,0.3612285286565797,-0.31170839417946666,0.3643819998048015,-0.0,0.3643819998048015,-0.23059390965154125,0.3625075199671197,-0.0,0.3625075199671197,-0.11226608880233147,0.3612285286565797,-0.0,0.3612285286565797
2024-08-07 21:00:00,10.0,-3.0,-1.9050641974604232,-1.7927981086580917,-2.1461631425115093,0.3533650338534176,-2.1911542561897437,-1.8794458620102772,-2.235784066177944,0.35633820416766654,-2.019604171174607,-1.7890102615230656,-2.143650159270525,0.3546398977474593,-1.9050641974604232,-1.7927981086580917,-2.1461631425115093,0.3533650338534176
2024-08-07 22:00:00,7.0,-3.0,-3.3531458924597826,-1.4480816949993593,-1.841324719688836,0.39324302468947675,-3.707528080483956,-1.5163738242942122,-1.9151638093460883,0.3987899850518762,-3.464302316740078,-1.444698145565471,-1.8390036658776698,0.3943055203121987,-3.3531458924597826,-1.4480816949993593,-1.841324719688836,0.39324302468947675
2024-08-07 23:00:00,4.0,-4.0,-3.336324960603294,0.01682093185648864,-0.4101885406411886,0.42700947249767723,-3.6983029002399195,0.009225180244036457,-0.4255566437193612,0.43478182396339765,-3.446044079064466,0.0182582376756118,-0.40961316050688057,0.42787139818249237,-3.336324960603294,0.01682093185648864,-0.4101885406411886,0.42700947249767723
2024-08-08 00:00:00,0.0,1.0,-4.549634619413963,-1.2133096588106693,-1.6399189170162423,0.426609258205573,-4.971727223257453,-1.2734243230175335,-1.7079824824022387,0.43455815938470527,-4.656581574468125,-1.2105374954036585,-1.6379761312879915,0.42743863588433306,-4.549634619413963,-1.2133096588106693,-1.6399189170162423,0.426609258205573
2024-08-08 01:00:00,1.0,-1.0,-4.093676165747628,0.45595845366633425,-0.0,0.45595845366633425,-4.505750610494999,0.4659766127624539,-0.0,0.4659766127624539,-4.199976404995529,0.456605169472596,-0.0,0.456605169472596,-4.093676165747628,0.45595845366633425,-0.0,0.45595845366633425
2024-08-08 02:00:00,0.0,-1.0,-3.6488615617045044,0.44481460404312423,-0.0,0.44481460404312423,-4.0513979709317045,0.45435263956329497,-0.0,0.45435263956329497,-3.754485679187285,0.4454907258082439,-0.0,0.4454907258082439,-3.6488615617045044,0.44481460404312423,-0.0,0.44481460404312423
2024-08-08 03:00:00,-1.0,1.0,-3.2147855887453183,0.4340759729591863,-0.0,0.4340759729591863,-3.6082379685725456,0.44316000235915903,-0.0,0.44316000235915903,-3.3197068717881972,0.4347788073990879,-0.0,0.4347788073990879,-3.2147855887453183,0.4340759729591863,-0.0,0.4340759729591863
2024-08-08 04:00:00,0.0,1.0,-3.311604527634724,-0.09681893888940568,-0.5205420311419053,0.42372309225249966,-3.7178870367465082,-0.10964906817396236,-0.5420266258120295,0.4323775576380672,-3.4151755769346273,-0.09546870514642986,-0.5199188576274996,0.4244501524810697,-3.311604527634724,-0.09681893888940568,-0.5205420311419053,0.42372309225249966
2024-08-08 05:00:00,1.0,0.0,-3.6556558076710686,-0.34405128003634483,-0.7700727145116745,0.42602143447532964,-4.085861981814328,-0.3679749450678202,-0.8030079906073437,0.43503304553952354,-3.7576812349207107,-0.3425056579860835,-0.7692131372882443,0.42670747930216074,-3.6556558076710686,-0.34405128003634483,-0.7700727145116745,0.42602143447532964
2024-08-08 06:00:00,1.0,-3.0,-3.2214167960893936,0.4342390115816749,-0.0,0.4342390115816749,-3.6418578767766925,0.4440041050376357,-0.0,0.4440041050376357,-3.3228260538901484,0.4348551810305623,-0.0,0.4348551810305623,-3.2214167960893936,0.4342390115816749,-0.0,0.4342390115816749
2024-08-08 07:00:00,-2.0,-1.0,-2.7975364868251296,0.4238803092642641,-0.0,0.4238803092642641,-3.208666974301598,0.4331909024750943,-0.0,0.4331909024750943,-2.898302243954292,0.4245238099358564,-0.0,0.4245238099358564,-2.7975364868251296,0.4238803092642641,-0.0,0.4238803092642641
2024-08-08 08:00:00,-3.0,4.0,-2.879116429192367,-0.08157994236723748,-0.49546926416640447,0.413889321799167,-3.3032697910400337,-0.09460281673843574,-0.5173723292473248,0.42276951250888906,-2.9786993413432223,-0.08039709738893014,-0.49495480676385917,0.41455770937492903,-2.879116429192367,-0.08157994236723748,-0.49546926416640447,0.413889321799167
2024-08-08 09:00:00,1.0,2.0,-3.785098896708957,-0.9059824675165898,-1.3217853939224282,0.4158029264058384,-4.256168498656699,-0.9528987076166646,-1.3779332762031877,0.42503456858652316,-3.8825525274342207,-0.9038531860909983,-1.320289207575835,0.4164360214848367,-3.785098896708957,-0.9059824675165898,-1.3217853939224282,0.4158029264058384
2024-08-08 10:00:00,3.0,6.0,-3.3477478470858815,0.4373510496230754,-0.0,0.4373510496230754,-3.8079814061096826,0.44818709254701594,-0.0,0.44818709254701594,-3.44470767636912,0.4378448510651009,-0.0,0.4378448510651009,-3.3477478470858815,0.4373510496230754,-0.0,0.4373510496230754
2024-08-08 11:00:00,9.0,0.0,-2.9208668287573003,0.4268810183285814,-0.0,0.4268810183285814,-3.3707603654872003,0.4372210406224825,-0.0,0.4372210406224825,-3.0173007077075367,0.4274069686615831,-0.0,0.4274069686615831,-2.9208668287573003,0.4268810183285814,-0.0,0.4268810183285814
2024-08-08 12:00:00,9.0,2.0,-2.504082864122332,0.4167839646349685,-0.0,0.4167839646349685,-2.9441061851811288,0.4266541803060713,-0.0,0.4266541803060713,-2.5999613364423233,0.41733937126521325,-0.0,0.41733937126521325,-2.504082864122332,0.4167839646349685,-0.0,0.4167839646349685
2024-08-08 13:00:00,11.0,5.0,-2.097040533769448,0.40704233035288384,-0.0,0.40704233035288384,-2.527638873075012,0.41646731210611676,-0.0,0.41646731210611676,-2.1923366371070245,0.40762469933529877,-0.0,0.40762469933529877,-2.097040533769448,0.40704233035288384,-0.0,0.40704233035288384
2024-08-08 14:00:00,16.0,4.0,-1.6994009529736611,0.39763958079578693,-0.0,0.39763958079578693,-2.1209964933462233,0.40664237972878875,-0.0,0.40664237972878875,-1.7940900359869003,0.3982466011201241,-0.0,0.3982466011201241,-1.6994009529736611,0.39763958079578693,-0.0,0.39763958079578693
2024-08-08 15:00:00,20.0,-3.0,-1.3108408190945924,0.38856013387906885,-0.0,0.38856013387906885,-1.7238341041433372,0.39716238920288616,-0.0,0.39716238920288616,-1.404900372859843,0.3891896631270574,-0.0,0.3891896631270574,-1.3108408190945924,0.38856013387906885,-0.0,0.38856013387906885
2024-08-08 16:00:00,17.0,2.0,-0.9310515242018744,0.3797892948927179,-0.0,0.3797892948927179,-1.3358227695308866,0.38801133461245046,-0.0,0.38801133461245046,-1.0244610267256347,0.38043934613420843,-0.0,0.38043934613420843,-0.9310515242018744,0.3797892948927179,-0.0,0.3797892948927179
2024-08-08 17:00:00,19.0,-2.0,-0.5597383277680272,0.37131319643384714,-0.0,0.37131319643384714,-0.9566486397044193,0.37917412982646737,-0.0,0.37917412982646737,-0.6524791004817401,0.37198192624389453,-0.0,0.37198192624389453,-0.5597383277680272,0.37131319643384714,-0.0,0.37131319643384714
2024-08-08 18:00:00,17.0,2.0,-0.19661958473083085,0.3631187430371964,-0.0,0.3631187430371964,-0.5860120940266356,0.37063654567778365,-0.0,0.37063654567778365,-0.2886746599533777,0.36380444052836236,-0.0,0.36380444052836236,-0.19661958473083085,0.3631187430371964,-0.0,0.3631187430371964
2024-08-08 19:00:00,19.0,-4.0,0.1585739753569435,0.35519356008777436,-0.0,0.35519356008777436,-0.2236269419275368,0.3623851520990988,-0.0,0.3623851520990988,0.06721997690948966,0.3558946368628674,-0.0,0.3558946368628674,0.1585739753569435,0.35519356008777436,-0.0,0.35519356008777436
2024-08-08 20:00:00,15.0,-2.0,0.5060999219977533,0.34752594664080977,-0.0,0.34752594664080977,0.130780322845861,0.3544072647733978,-0.0,0.3544072647733978,0.41546090449046796,0.3482409275809783,-0.0,0.3482409275809783,0.5060999219977533,0.34752594664080977,-0.0,0.34752594664080977
2024-08-08 21:00:00,13.0,0.0,0.8462047538084844,0.34010483181073103,-0.0,0.34010483181073103,0.47747121874607656,0.34669089590021557,-0.0,0.34669089590021557,0.7562932511129172,0.3408323466224493,-0.0,0.3408323466224493,0.8462047538084844,0.34010483181073103,-0.0,0.34010483181073103
2024-08-08 22:00:00,13.0,0.0,1.179124488232016,0.33291973442353157,-0.0,0.33291973442353157,0.8166959274644068,0.33922470871833027,-0.0,0.33922470871833027,1.0899517609886014,0.3336585098756841,-0.0,0.3336585098756841,1.179124488232016,0.33291973442353157,-0.0,0.33291973442353157
2024-08-08 23:00:00,13.0,2.0,1.5050852138880524,0.32596072565603645,-0.0,0.32596072565603645,1.1486939029248564,0.3319979754604496,-0.0,0.3319979754604496,1.4166613394337426,0.3267095784451412,-0.0,0.3267095784451412,1.5050852138880524,0.32596072565603645,-0.0,0.32596072565603645
2024-08-09 00:00:00,15.0,0.0,1.8243036082997532,0.31921839441170097,-0.0,0.31921839441170097,1.4736944413715314,0.32500053844667487,-0.0,0.32500053844667487,1.7366375640331477,0.3199762245994052,-0.0,0.3199762245994052,1.8243036082997532,0.31921839441170097,-0.0,0.31921839441170097
2024-08-09 01:00:00,15.0,-1.0,0.17757190454620142,-1.6467317037535518,-1.959415518959506,0.31268381520595406,-0.2527734080847872,-1.7264678494563186,-2.044690623507763,0.3182227740514443,0.0927790181084025,-1.6438585459247452,-1.9573081461031203,0.3134496001783751,0.17757190454620142,-1.6467317037535518,-1.959415518959506,0.31268381520595406
2024-08-09 02:00:00,14.0,-6.0,-0.5236047185844019,-0.7011766231306034,-1.0482948159685999,0.3471181928379965,-0.9908413810543619,-0.7380679729695747,-1.0931136117202704,0.3550456387506957,-0.6066503385861504,-0.6994293566945529,-1.0471238250276649,0.34769446833311196,-0.5236047185844019,-0.7011766231306034,-1.0482948159685999,0.3471181928379965
2024-08-09 03:00:00,8.0,0.0,-0.1612785208429139,0.36232619774148805,-0.0,0.36232619774148805,-0.6194389306403905,0.37140245041397146,-0.0,0.37140245041397146,-0.24384708876321753,0.3628032498229328,-0.0,0.3628032498229328,-0.1612785208429139,0.36232619774148805,-0.0,0.36232619774148805
2024-08-09 04:00:00,8.0,7.0,0.1931483785364344,0.3544268993793483,-0.0,0.3544268993793483,-0.2563134156369435,0.363125515003447,-0.0,0.363125515003447,0.11107892701242444,0.354926015775642,-0.0,0.354926015775642,0.1931483785364344,0.3544268993793483,-0.0,0.3544268993793483
2024-08-09 05:00:00,15.0,2.0,0.5399324310621094,0.346784052525675,-0.0,0.346784052525675,0.09880979645984095,0.35512321209678444,-0.0,0.35512321209678444,0.45838240191272317,0.3473034749002987,-0.0,0.3473034749002987,0.5399324310621094,0.346784052525675,-0.0,0.346784052525675
2024-08-09 06:00:00,17.0,-2.0,0.8793190771960444,0.33938664613393493,-0.0,0.33938664613393493,0.4461932888234567,0.34738349236361576,-0.0,0.34738349236361576,0.7983071377555653,0.3399247358428421,-0.0,0.3399247358428421,0.8793190771960444,0.33938664613393493,-0.0,0.33938664613393493
2024-08-09 07:00:00,15.0,-2.0,1.2115433322560762,0.3322242550600318,-0.0,0.3322242550600318,0.7860882503334389,0.33989496150998216,-0.0,0.33989496150998216,1.1310866222162415,0.3327794844606761,-0.0,0.3327794844606761,1.2115433322560762,0.3322242550600318,-0.0,0.3322242550600318
2024-08-09 08:00:00,13.0,-2.0,1.4420321450452191,0.23048881278914296,-0.09479819019275128,0.3252870029818942,1.0201400475317457,0.23405179719830688,-0.0985950407345753,0.3326468379328822,1.3622661275194836,0.2311795053032421,-0.09467844213411943,0.3258579474373615,1.4420321450452191,0.23048881278914296,-0.09479819019275128,0.3252870029818942
2024-08-09 09:00:00,11.0,1.0,0.38449139366029095,-1.0575407513849282,-1.3780578696618768,0.3205171182769487,-0.08197079553042386,-1.1021108430621696,-1.4298120363734614,0.3277011933112919,0.3072270334089391,-1.0550390941105445,-1.3761315175581874,0.321092423447643,0.38449139366029095,-1.0575407513849282,-1.3780578696618768,0.3205171182769487
2024-08-09 10:00:00,12.0,0.0,0.7271839602818562,0.3426925666215652,-0.0,0.3426925666215652,0.269342057108137,0.3513128526385609,-0.0,0.3513128526385609,0.6503534482702185,0.3431264148612794,-0.0,0.3431264148612794,0.7271839602818562,0.3426925666215652,-0.0,0.3426925666215652
2024-08-09 11:00:00,12.0,-3.0,1.0626094178161007,0.33542545753424463,-0.0,0.33542545753424463,0.613039196705597,0.34369713959746007,-0.0,0.34369713959746007,0.9862336058239545,0.335880157553736,-0.0,0.335880157553736,1.0626094178161007,0.33542545753424463,-0.0,0.33542545753424463
2024-08-09 12:00:00,9.0,1.0,1.3909972929877372,0.3283878751716364,-0.0,0.3283878751716364,0.949366474874032,0.33632727816843505,-0.0,0.33632727816843505,1.315095435639461,0.3288618298155066,-0.0,0.3288618298155066,1.3909972929877372,0.3283878751716364,-0.0,0.3283878751716364
2024-08-09 13:00:00,10.0,0.0,1.71256752276764,0.32157022977990274,-0.0,0.32157022977990274,1.2785592463005155,0.3291927714264835,-0.0,0.3291927714264835,1.6371573830069088,0.3220619473674478,-0.0,0.3220619473674478,1.71256752276764,0.32157022977990274,-0.0,0.32157022977990274
2024-08-09 14:00:00,10.0,4.0,2.027530951028963,0.3149634282613232,-0.0,0.3149634282613232,1.600842924197695,0.3222836778971795,-0.0,0.3222836778971795,1.9526288981491389,0.31547151514223004,-0.0,0.31547151514223004,2.027530951028963,0.3149634282613232,-0.0,0.3149634282613232
2024-08-09 15:00:00,14.0,1.0,2.336089794602665,0.30855884357370145,-0.0,0.30855884357370145,1.9164335007942639,0.315590576596569,-0.0,0.315590576596569,2.2617108954121106,0.30908199726297175,-0.0,0.30908199726297175,2.336089794602665,0.30855884357370145,-0.0,0.30855884357370145
2024-08-09 16:00:00,15.0,4.0,2.6384380809127626,0.30234828631009786,-0.0,0.30234828631009786,2.2255380354094325,0.3091045346151688,-0.0,0.3091045346151688,2.564596184564558,0.3028852891524477,-0.0,0.3028852891524477,2.6384380809127626,0.30234828631009786,-0.0,0.30234828631009786
2024-08-09 17:00:00,19.0,2.0,2.9347620591956827,0.2963239782829203,-0.0,0.2963239782829203,2.5283551124458348,0.3028170770364024,-0.0,0.3028170770364024,2.8614698761661552,0.2968736916015971,-0.0,0.2968736916015971,2.9347620591956827,0.2963239782829203,-0.0,0.2963239782829203
2024-08-09 18:00:00,21.0,-1.0,3.2252405871479253,0.2904785279522424,-0.0,0.2904785279522424,2.825075271444901,0.296720158999066,-0.0,0.296720158999066,3.15250976280756,0.29103988664140473,-0.0,0.29103988664140473,3.2252405871479253,0.2904785279522424,-0.0,0.2904785279522424
2024-08-09 19:00:00,20.0,-3.0,3.510045494700405,0.28480490755247967,-0.0,0.28480490755247967,3.115881411175632,0.29080613973073133,-0.0,0.29080613973073133,3.4378866778836326,0.2853769150760725,-0.0,0.2853769150760725,3.510045494700405,0.28480490755247967,-0.0,0.28480490755247967
2024-08-09 20:00:00,17.0,0.0,3.7893419264848287,0.27929643178442387,-0.0,0.27929643178442387,3.40094916957021,0.2850677583945779,-0.0,0.2850677583945779,3.717764833431507,0.27987815554787476,-0.0,0.27987815554787476,3.7893419264848287,0.27929643178442387,-0.0,0.27929643178442387
2024-08-09 21:00:00,17.0,-4.0,3.695690618930549,-0.09365130755427986,-0.36759804550552694,0.2739467379512471,3.297771508094081,-0.10317766147612895,-0.38267577308230066,0.2794981116061717,3.62514926855678,-0.09261556487472744,-0.3671528698900992,0.27453730501537177,3.695690618930549,-0.09365130755427986,-0.36759804550552694,0.2739467379512471
2024-08-09 22:00:00,13.0,1.0,3.3810615807430677,-0.31462903818748145,-0.5903638251846772,0.2757347869971958,2.963661899549168,-0.33410960854491306,-0.6156172579131093,0.2815076493681962,3.311743171139108,-0.3134060974176717,-0.5897050680733787,0.276298970655707,3.3810615807430677,-0.31462903818748145,-0.5903638251846772,0.2757347869971958
2024-08-09 23:00:00,14.0,-1.0,3.151390137355975,-0.22967144338709267,-0.5114559177874128,0.2817844744003202,2.717557578390476,-0.24610432115869174,-0.5341686447229593,0.2880643235642676,3.0831148712121093,-0.2286282999269989,-0.5109304436372737,0.2823021437102748,3.151390137355975,-0.22967144338709267,-0.5114559177874128,0.2817844744003202
2024-08-10 00:00:00,13.0,0.0,3.4376321856369305,0.2862420482809551,-0.0,0.2862420482809551,3.01049980827452,0.29294222988404384,-0.0,0.29294222988404384,3.3698370009914047,0.2867221297792957,-0.0,0.2867221297792957,3.4376321856369305,0.2862420482809551,-0.0,0.2862420482809551
2024-08-10 01:00:00,13.0,1.0,3.252592189255835,-0.18503999638109536,-0.465731890534759,0.28069189415366363,2.809897629949523,-0.2006021783249971,-0.48774279074067306,0.28714061241567596,3.1856959624605947,-0.18414103853080988,-0.46532554618616634,0.28118450765535646,3.252592189255835,-0.18503999638109536,-0.465731890534759,0.28069189415366363
2024-08-10 02:00:00,14.0,-1.0,3.5368657483984944,0.2842735591426596,-0.0,0.2842735591426596,3.101004835159651,0.29110720521012773,-0.0,0.29110720521012773,3.470430683604141,0.28473472114354637,-0.0,0.28473472114354637,3.5368657483984944,0.2842735591426596,-0.0,0.2842735591426596
2024-08-10 03:00:00,13.0,-2.0,2.712424125022703,-0.8244416233757914,-1.103222089921063,0.2787804665452715,2.2306697398971522,-0.8703350952624989,-1.155695020411312,0.2853599251488131,2.64740747538114,-0.8230232082230009,-1.1022776904671119,0.2792544822441109,2.712424125022703,-0.8244416233757914,-1.103222089921063,0.2787804665452715
2024-08-10 04:00:00,11.0,-2.0,1.1937614975839825,-1.5186626274387203,-1.8135216616891383,0.29485903425041804,0.6403633267381061,-1.590306413159046,-1.893019652005177,0.30271323884613094,1.1310458211108347,-1.5163616542703053,-1.8116022161163534,0.2952405618460481,1.1937614975839825,-1.5186626274387203,-1.8135216616891383,0.29485903425041804
2024-08-10 05:00:00,9.0,-4.0,-0.39439557083970356,-1.588157068423686,-1.9138135240421827,0.32565645561849665,-1.017862056648626,-1.6582253833867322,-1.9939701805663153,0.3357447971795831,-0.4546808867996155,-1.5857267079104502,-1.9115854995182893,0.3258587916078391,-0.39439557083970356,-1.588157068423686,-1.9138135240421827,0.32565645561849665
2024-08-10 06:00:00,5.0,-1.0,-0.8027276725410263,-0.4083321017013227,-0.7678313430635124,0.3594992413621897,-1.4467061034053494,-0.42884404675672333,-0.8008523094924797,0.3720082627357563,-0.8621718416801349,-0.40749095488051945,-0.7669841004441433,0.3594931455636239,-0.8027276725410263,-0.4083321017013227,-0.7678313430635124,0.3594992413621897
2024-08-10 07:00:00,4.0,-1.0,-0.4342567744783239,0.3684708980627024,-0.0,0.3684708980627024,-1.0650169241187502,0.38168917928659934,-0.0,0.38168917928659934,-0.4937687852797771,0.36840305640035786,-0.0,0.36840305640035786,-0.4342567744783239,0.3684708980627024,-0.0,0.3684708980627024
2024-08-10 08:00:00,3.0,-2.0,-0.07388659403621844,0.36037018044210545,-0.0,0.36037018044210545,-0.6919502514103542,0.37306667270839605,-0.0,0.37306667270839605,-0.1334257004581748,0.36034308482160227,-0.0,0.36034308482160227,-0.07388659403621844,0.36037018044210545,-0.0,0.36037018044210545
2024-08-10 09:00:00,1.0,3.0,0.27864805144984994,0.3525346454860684,-0.0,0.3525346454860684,-0.32721610366591275,0.3647341477444414,-0.0,0.3647341477444414,0.21911999217041128,0.3525456926285861,-0.0,0.3525456926285861,0.27864805144984994,0.3525346454860684,-0.0,0.3525346454860684
2024-08-10 10:00:00,4.0,4.0,0.6236008645922078,0.3449528131423579,-0.0,0.3449528131423579,0.029462606751692932,0.3566787104176057,-0.0,0.3566787104176057,0.5641195588815999,0.3449995667111887,-0.0,0.3449995667111887,0.6236008645922078,0.3449528131423579,-0.0,0.3449528131423579
2024-08-10 11:00:00,8.0,2.0,0.961214683815226,0.3376138192230183,-0.0,0.3376138192230183,0.3783507838050293,0.34888817705333636,-0.0,0.34888817705333636,0.9018135568782908,0.33769399799669086,-0.0,0.33769399799669086,0.961214683815226,0.3376138192230183,-0.0,0.3376138192230183
2024-08-10 12:00:00,10.0,11.0,1.2917220599264307,0.3305073761112047,-0.0,0.3305073761112047,0.7197018115597263,0.34135102775469706,-0.0,0.34135102775469706,1.232432399970155,0.33061884309186423,-0.0,0.33061884309186423,1.2917220599264307,0.3305073761112047,-0.0,0.3305073761112047
2024-08-10 13:00:00,21.0,2.0,1.6153457962926594,0.3236237363662287,-0.0,0.3236237363662287,1.0537581749592526,0.3340563633995263,-0.0,0.3340563633995263,1.5561968887112996,0.32376448874114466,-0.0,0.32376448874114466,1.6153457962926594,0.3236237363662287,-0.0,0.3236237363662287
2024-08-10 14:00:00,23.0,3.0,1.9322994552774144,0.3169536589847551,-0.0,0.3169536589847551,1.3807520408171128,0.3269938658578601,-0.0,0.3269938658578601,1.8733187075780728,0.31712181886677315,-0.0,0.31712181886677315,1.9322994552774144,0.3169536589847551,-0.0,0.3169536589847551
2024-08-10 15:00:00,26.0,-8.0,1.610186835271632,-0.32211262000578234,-0.632600998104407,0.3104883780986246,1.051213621300741,-0.3295384195163718,-0.6496921806729659,0.32015376115659405,1.5526417887174115,-0.32067691886066135,-0.6313591028391417,0.3106821839784803,1.610186835271632,-0.32211262000578234,-0.632600998104407,0.3104883780986246
2024-08-10 16:00:00,18.0,0.0,1.9272462787344753,0.31705944346284337,-0.0,0.31705944346284337,1.378260997991139,0.3270473766903981,-0.0,0.3270473766903981,1.8698361736394784,0.3171943849220668,-0.0,0.3171943849220668,1.9272462787344753,0.31705944346284337,-0.0,0.31705944346284337
2024-08-10 17:00:00,18.0,1.0,2.237837209884439,0.31059093114996383,-0.0,0.31059093114996383,1.6984665938491057,0.32020559585796654,-0.0,0.32020559585796654,2.1805887169825864,0.31075254334310815,-0.0,0.31075254334310815,2.237837209884439,0.31059093114996383,-0.0,0.31059093114996383
2024-08-10 18:00:00,19.0,1.0,2.5421562360296743,0.3043190261452351,-0.0,0.3043190261452351,2.01204360721813,0.31357701336902405,-0.0,0.31357701336902405,2.4850943312088347,0.3045056142262482,-0.0,0.3045056142262482,2.5421562360296743,0.3043190261452351,-0.0,0.3043190261452351
2024-08-10 19:00:00,20.0,-3.0,2.840392057196515,0.29823582116684083,-0.0,0.29823582116684083,2.319196447284465,0.30715284006633514,-0.0,0.30715284006633514,2.7835401247949365,0.2984457935861016,-0.0,0.2984457935861016,2.840392057196515,0.29823582116684083,-0.0,0.29823582116684083
2024-08-10 20:00:00,17.0,-2.0,3.132725860464256,0.2923338032677408,-0.0,0.2923338032677408,2.620121183270343,0.300924735985878,-0.0,0.300924735985878,3.0761057896854633,0.2925656648905269,-0.0,0.2925656648905269,3.132725860464256,0.2923338032677408,-0.0,0.2923338032677408
2024-08-10 21:00:00,15.0,-2.0,3.419331690897108,0.2866058304328518,-0.0,0.2866058304328518,2.9150059663126116,0.29488478304226845,-0.0,0.29488478304226845,3.3629639658530484,0.2868581761675851,-0.0,0.2868581761675851,3.419331690897108,0.2866058304328518,-0.0,0.2866058304328518
2024-08-10 22:00:00,13.0,3.0,3.7003768006800177,0.28104510978290975,-0.0,0.28104510978290975,3.2040314259477793,0.2890254596351678,-0.0,0.2890254596351678,3.6442805845303607,0.2813166186773122,-0.0,0.2813166186773122,3.7003768006800177,0.28104510978290975,-0.0,0.28104510978290975
2024-08-10 23:00:00,16.0,9.0,3.976021977940049,0.2756451772600314,-0.0,0.2756451772600314,3.4873710429714038,0.28333961702362453,-0.0,0.28333961702362453,3.9202151915574657,0.275934607027105,-0.0,0.275934607027105,3.976021977940049,0.2756451772600314,-0.0,0.2756451772600314
2024-08-11 00:00:00,25.0,6.0,4.2464218566208825,0.27039987868083365,-0.0,0.27039987868083365,3.7651915003003102,0.2778204573289065,-0.0,0.2778204573289065,4.19092125217746,0.2707060606199939,-0.0,0.2707060606199939,4.2464218566208825,0.27039987868083365,-0.0,0.27039987868083365
2024-08-11 01:00:00,31.0,7.0,4.5117252086736634,0.26530335205278144,-0.0,0.26530335205278144,4.0376530133389466,0.2724615130386363,-0.0,0.2724615130386363,4.456546438512007,0.26562518633454724,-0.0,0.26562518633454724,4.5117252086736634,0.26530335205278144,-0.0,0.26530335205278144
2024-08-11 02:00:00,38.0,0.0,4.7720752197319705,0.26035001105830746,-0.0,0.26035001105830746,4.304909641235073,0.26725662789612675,-0.0,0.26725662789612675,4.7172329008557385,0.26068646234373205,-0.0,0.26068646234373205,4.7720752197319705,0.26035001105830746,-0.0,0.26035001105830746
2024-08-11 03:00:00,38.0,-9.0,5.02760974935127,0.2555345296192993,-0.0,0.2555345296192993,4.5671095803038995,0.262199939068826,-0.0,0.262199939068826,4.973117523843577,0.25588462298783793,-0.0,0.25588462298783793,5.02760974935127,0.2555345296192993,-0.0,0.2555345296192993
2024-08-11 04:00:00,29.0,6.0,5.278461576813115,0.2508518274618444,-0.0,0.2508518274618444,4.8243954408027445,0.25728586049884467,-0.0,0.25728586049884467,5.224332168467204,0.2512146446236274,-0.0,0.2512146446236274,5.278461576813115,0.2508518274618444,-0.0,0.2508518274618444
2024-08-11 05:00:00,35.0,5.0,5.524758633420868,0.24629705660775347,-0.0,0.24629705660775347,5.076904508149494,0.25250906734674916,-0.0,0.25250906734674916,5.471003900845497,0.24667173237829357,-0.0,0.24667173237829357,5.524758633420868,0.24629705660775347,-0.0,0.24629705660775347
2024-08-11 06:00:00,40.0,-21.0,-0.4788097790397696,-6.003568412460638,-6.245434001186042,0.24186558872540395,-0.9084238814766481,-5.985328389626142,-6.233192871073391,0.247864481447249,-0.5103863790819059,-5.981390279927403,-6.223641587670034,0.2422513077426311,-0.4788097790397696,-6.003568412460638,-6.245434001186042,0.24186558872540395
2024-08-11 07:00:00,19.0,0.0,-0.11746489993953402,0.3613448791002356,-0.0,0.3613448791002356,-0.5388662087757239,0.36955767270092427,-0.0,0.36955767270092427,-0.14968165218774432,0.36070472689416155,-0.0,0.36070472689416155,-0.11746489993953402,0.3613448791002356,-0.0,0.3613448791002356
2024-08-11 08:00:00,19.0,15.0,0.23601269181628987,0.3534775917558239,-0.0,0.3534775917558239,-0.17752399519328277,0.3613422135824411,-0.0,0.3613422135824411,0.20321396274346876,0.3528956149312131,-0.0,0.3528956149312131,0.23601269181628987,0.3534775917558239,-0.0,0.3534775917558239
2024-08-11 09:00:00,34.0,-10.0,0.5818780667976473,0.34586537498135744,-0.0,0.34586537498135744,0.17587468295599445,0.3533986781492772,-0.0,0.3533986781492772,0.5485522342928238,0.3453382715493551,-0.0,0.3453382715493551,0.5818780667976473,0.34586537498135744,-0.0,0.34586537498135744
2024-08-11 10:00:00,24.0,26.0,0.9203753583524785,0.3384972915548312,-0.0,0.3384972915548312,0.5215898479117043,0.34571516495570986,-0.0,0.34571516495570986,0.8865741952882764,0.33802196099545256,-0.0,0.33802196099545256,0.9203753583524785,0.3384972915548312,-0.0,0.3384972915548312
2024-08-11 11:00:00,50.0,-15.0,1.251738343815326,0.3313629854628474,-0.0,0.3313629854628474,0.8598702659038443,0.33828041799214004,-0.0,0.33828041799214004,1.2175107101696905,0.33093651488141396,-0.0,0.33093651488141396,1.251738343815326,0.3313629854628474,-0.0,0.3313629854628474
2024-08-11 12:00:00,35.0,3.0,1.5761909889805494,0.32445264516522343,-0.0,0.32445264516522343,1.1909540509638492,0.331083785060005,-0.0,0.331083785060005,1.5415830066889424,0.3240722965192519,-0.0,0.3240722965192519,1.5761909889805494,0.32445264516522343,-0.0,0.32445264516522343
2024-08-11 13:00:00,38.0,16.0,1.8939479585246006,0.31775696954405114,-0.0,0.31775696954405114,1.5150692302136362,0.3241151792497869,-0.0,0.3241151792497869,1.859003174537235,0.31742016784829263,-0.0,0.31742016784829263,1.8939479585246006,0.31775696954405114,-0.0,0.31775696954405114
2024-08-11 14:00:00,54.0,-4.0,2.20521509483966,0.31126713631505926,-0.0,0.31126713631505926,1.832434273473831,0.31736504326019493,-0.0,0.31736504326019493,2.1699746332784087,0.31097145874117377,-0.0,0.31097145874117377,2.20521509483966,0.31126713631505926,-0.0,0.31126713631505926
2024-08-11 15:00:00,50.0,-9.0,2.5101898675392813,0.3049747726996214,-0.0,0.3049747726996214,2.14325858979507,0.31082431632123875,-0.0,0.31082431632123875,2.474692571773253,0.3047179384948444,-0.0,0.3047179384948444,2.5101898675392813,0.3049747726996214,-0.0,0.3049747726996214
2024-08-11 16:00:00,41.0,24.0,2.809061795713446,0.2988719281741648,-0.0,0.2988719281741648,2.447742993301065,0.30448440350599487,-0.0,0.30448440350599487,2.7733443611036344,0.29865178933038156,-0.0,0.29865178933038156,2.809061795713446,0.2988719281741648,-0.0,0.2988719281741648
2024-08-11 17:00:00,65.0,-1.0,3.102012844843739,0.29295104913029296,-0.0,0.29295104913029296,2.7460801405367614,0.2983371472356967,-0.0,0.2983371472356967,3.0661099428449115,0.29276558174127726,-0.0,0.29276558174127726,3.102012844843739,0.29295104913029296,-0.0,0.29295104913029296
2024-08-11 18:00:00,64.0,7.0,3.389217800137588,0.2872049552938491,-0.0,0.2872049552938491,3.0384549413373523,0.292374800800591,-0.0,0.292374800800591,3.353162194389032,0.28705225154412073,-0.0,0.28705225154412073,3.389217800137588,0.2872049552938491,-0.0,0.2872049552938491
2024-08-11 19:00:00,71.0,-3.0,3.6708446179021808,0.2816268177645926,-0.0,0.2816268177645926,3.3250449450723796,0.2865900037350272,-0.0,0.2865900037350272,3.6346672728875067,0.2815050784984743,-0.0,0.2815050784984743,3.6708446179021808,0.2816268177645926,-0.0,0.2816268177645926
2024-08-11 20:00:00,68.0,-6.0,1.468560466923114,-2.2022841509790667,-2.4784942895293547,0.27621013855028786,1.1470934101406889,-2.1779515349316907,-2.458927293831374,0.2809757588996831,1.4417009918206793,-2.1929662810668273,-2.4690839474411916,0.2761176663743643,1.468560466923114,-2.2022841509790667,-2.4784942895293547,0.27621013855028786
2024-08-11 21:00:00,62.0,-2.0,1.7885308517379273,0.31997038481481316,-0.0,0.31997038481481316,1.47212750298872,0.32503409284803114,-0.0,0.32503409284803114,1.761164051795615,0.31946305997493574,-0.0,0.31946305997493574,1.7885308517379273,0.31997038481481316,-0.0,0.31997038481481316
2024-08-11 22:00:00,60.0,-22.0,2.10194359317217,0.31341274143424275,-0.0,0.31341274143424275,1.7903827836114123,0.3182552806226925,-0.0,0.3182552806226925,2.074116154838756,0.3129521030431411,-0.0,0.3129521030431411,2.10194359317217,0.31341274143424275,-0.0,0.31341274143424275
2024-08-11 23:00:00,38.0,-34.0,-14.989966353402714,-17.091909946574884,-17.398965262953563,0.30705531637867933,-15.220651772305512,-17.011034555916925,-17.32272161724994,0.3116870613330137,-14.95531253649833,-17.029428691337085,-17.336067536019385,0.30663884468230185,-14.989966353402714,-17.091909946574884,-17.398965262953563,0.30705531637867933
2024-08-12 00:00:00,4.0,-8.0,-26.188271183742586,-11.198304830339872,-11.947151225373053,0.7488463950331812,-26.34742037944185,-11.12676860713634,-11.885535889244675,0.7587672821083353,-26.115125392165442,-11.159812855667113,-11.903482039671108,0.7436691840039941,-26.188271183742586,-11.198304830339872,-11.947151225373053,0.7488463950331812
2024-08-12 01:00:00,-4.0,-4.0,-25.044925359702837,1.14334582403975,-0.0,1.14334582403975,-25.190373442207672,1.1570469372341772,-0.0,1.1570469372341772,-24.98174316346516,1.1333822287002815,-0.0,1.1333822287002815,-25.044925359702837,1.14334582403975,-0.0,1.14334582403975
2024-08-12 02:00:00,-8.0,-37.0,-39.21685133256938,-14.171925972866536,-15.27118147728958,1.0992555044230443,-39.24376586293691,-14.05339242072924,-15.165123227355716,1.1117308066264757,-39.10562145804947,-14.123878294584305,-15.213949483759736,1.0900711891754302,-39.21685133256938,-14.171925972866536,-15.27118147728958,1.0992555044230443
2024-08-12 03:00:00,-45.0,-42.0,-64.42530533192331,-25.208453999353935,-26.915438329944287,1.706984330590351,-64.30072764451367,-25.056961781576756,-26.780371935255115,1.7234101536783575,-64.23281489068289,-25.127193432633415,-26.817251116365888,1.6900576837324743,-64.42530533192331,-25.208453999353935,-26.915438329944287,1.706984330590351
2024-08-12 04:00:00,-87.0,-38.0,-82.15257171690706,-17.727266384983746,-20.844422156550785,3.117155771567039,-81.86277915825971,-17.562051513746045,-20.707393774922195,3.1453422611761503,-81.91814094337133,-17.685326052688435,-20.766703344170985,3.0813772914825504,-82.15257171690706,-17.727266384983746,-20.844422156550785,3.117155771567039
2024-08-12 05:00:00,-125.0,-3.0,-96.1486739851715,-13.996102268264437,-18.35730684265945,4.361204574395013,-95.71541343320442,-13.85263427494471,-18.247636042037897,4.395001767093186,-95.89827588348408,-13.980134940112752,-18.289430832733043,4.309295892620291,-96.1486739851715,-13.996102268264437,-18.35730684265945,4.361204574395013
2024-08-12 06:00:00,-128.0,-11.0,-110.3183956807874,-14.169721695615912,-19.660356307657104,5.490634612041192,-109.76509571214486,-14.049682278940434,-19.577519510175904,5.527837231235469,-110.06238712416767,-14.164111240683598,-19.589455511513112,5.425344270829514,-110.3183956807874,-14.169721695615912,-19.660356307657104,5.490634612041192
2024-08-12 07:00:00,-139.0,14.0,-107.0446043924463,3.2737912883411053,-3.492618833626287,6.766410121967392,-106.43660634201419,3.328489370130673,-3.480832820838889,6.809322190969562,-106.85556270832981,3.2068244158378625,-3.4801754118716413,6.686999827709504,-107.0446043924463,3.2737912883411053,-3.492618833626287,6.766410121967392
2024-08-12 08:00:00,-125.0,-6.0,-101.80417031598118,5.24043407646512,-1.2193913116631088,6.459825388128229,-101.16550376844047,5.2711025735737085,-1.2225602509956877,6.493662824569396,-101.68117378331861,5.174388925011199,-1.2154258825054398,6.389814807516639,-101.80417031598118,5.24043407646512,-1.2193913116631088,6.459825388128229
2024-08-12 09:00:00,-131.0,13.0,-106.67385564289006,-4.869685326908878,-10.853547992493535,5.983862665584657,-106.18636503675559,-5.020861268315119,-11.029960928316022,6.009099660000904,-106.5826764178522,-4.901502634533591,-10.826035681496316,5.9245330469627255,-106.67385564289006,-4.869685326908878,-10.853547992493535,5.983862665584657
2024-08-12 10:00:00,-118.0,-23.0,-116.7675748046613,-10.093719161771233,-16.519272625347302,6.42555346357607,-116.46568605519236,-10.27932101843678,-16.749554822831698,6.470233804394917,-116.69321943924483,-10.110543021392628,-16.475380579225153,6.364837557832525,-116.7675748046613,-10.093719161771233,-16.519272625347302,6.42555346357607
2024-08-12 11:00:00,-141.0,9.0,-130.1472593089637,-13.379684504302409,-20.77084070481227,7.39115620050986,-130.03625623126715,-13.570570176074774,-21.03806655641471,7.467496380339934,-130.084774671125,-13.391555231880176,-20.714475421802536,7.32292018992236,-130.1472593089637,-13.379684504302409,-20.77084070481227,7.39115620050986
2024-08-12 12:00:00,-132.0,-16.0,-139.29497348809656,-9.147714179132855,-17.922959720706555,8.7752455415737,-139.21000985011543,-9.173753618848277,-18.067240910413595,8.893487291565318,-139.25928354154934,-9.174508870424358,-17.869785900727344,8.695277030302986,-139.29497348809656,-9.147714179132855,-17.922959720706555,8.7752455415737
2024-08-12 13:00:00,-148.0,-22.0,-149.827126905542,-10.53215341744544,-20.322033845186407,9.789880427740968,-149.71935050228493,-10.509340652169488,-20.437344438797425,9.928003786627936,-149.81502912918046,-10.555745587631133,-20.25921293184989,9.703467344218758,-149.827126905542,-10.53215341744544,-20.322033845186407,9.789880427740968
2024-08-12 14:00:00,-170.0,-5.0,-159.94316757423263,-10.116040668690628,-21.142841004305428,11.0268003356148,-159.7231814065208,-10.003830904235882,-21.186899105353163,11.183068201117282,-159.95670498548927,-10.141675856308812,-21.073517060857423,10.931841204548611,-159.94316757423263,-10.116040668690628,-21.142841004305428,11.0268003356148
2024-08-12 15:00:00,-175.0,-13.0,-163.0951615809069,-3.151994006674265,-15.436105240303172,12.284111233628908,-162.84548286766164,-3.122301461140829,-15.569442618273785,12.447141157132956,-163.16652363794603,-3.2098186524567645,-15.390785541251459,12.180966888794694,-163.0951615809069,-3.151994006674265,-15.436105240303172,12.284111233628908
2024-08-12 16:00:00,-188.0,5.0,-159.8491923720988,3.245969208808104,-9.443766704749368,12.689735913557472,-159.60144610815973,3.2440367595019044,-9.611490902098327,12.855527661600231,-159.9967168731467,3.169806764799329,-9.420580385202788,12.590387150002117,-159.8491923720988,3.245969208808104,-9.443766704749368,12.689735913557472
2024-08-12 17:00:00,-183.0,13.0,-157.3656091495241,2.4835832225746994,-9.788535650178334,12.272118872753033,-157.18617295118523,2.4152731569744983,-10.016078947722878,12.431352104697377,-157.57804001598123,2.4186768571654778,-9.76735199297808,12.186028850143558,-157.3656091495241,2.4835832225746994,-9.788535650178334,12.272118872753033
2024-08-12 18:00:00,-170.0,3.0,-153.94078197351615,3.424827176007936,-8.532479393864289,11.957306569872225,-153.82655191098715,3.359621040198082,-8.760542083705657,12.120163123903739,-154.21170937030237,3.3663306456788593,-8.515597387405085,11.881928033083945,-153.94078197351615,3.424827176007936,-8.532479393864289,11.957306569872225
2024-08-12 19:00:00,-167.0,0.0,-151.69288452538942,2.2478974481267304,-9.281996936622727,11.529894384749458,-151.5656475373236,2.260904373663557,-9.432957288534425,11.693861662197982,-152.00510831394791,2.2066010563544616,-9.258473126218272,11.465074182572733,-151.69288452538942,2.2478974481267304,-9.281996936622727,11.529894384749458
2024-08-12 20:00:00,-167.0,16.0,-147.61053592533116,4.082348600058255,-7.1712405205308265,11.253589120589082,-147.38857630527198,4.1770712320516035,-7.23420104440913,11.411272276460734,-147.95947900340244,4.045629310545489,-7.150239364609178,11.195868675154667,-147.61053592533116,4.082348600058255,-7.1712405205308265,11.253589120589082
2024-08-12 21:00:00,-151.0,24.0,-144.68691557195382,2.9236203533773546,-7.836746737165471,10.760367090542825,-144.40393484333484,2.984641461937139,-7.913632349186017,10.898273811123156,-145.0630913658683,2.8963876375341373,-7.814221019273069,10.710608656807207,-144.68691557195382,2.9236203533773546,-7.836746737165471,10.760367090542825
2024-08-12 22:00:00,-127.0,17.0,-138.3201285723745,6.366786999579313,-4.047145256970312,10.413932256549625,-137.94202901564827,6.461905827686558,-4.077041944700334,10.538947772386893,-138.72828901743915,6.334802348429152,-4.034997509591532,10.369799858020684,-138.3201285723745,6.366786999579313,-4.047145256970312,10.413932256549625
2024-08-12 23:00:00,-110.0,7.0,-130.62492331820397,7.695205254170525,-1.9839067187168553,9.67911197288738,-130.14963488989,7.792394125758283,-1.9892314445248342,9.781625570283117,-131.0621441171299,7.666144900309259,-1.9774639223362145,9.643608822645474,-130.62492331820397,7.695205254170525,-1.9839067187168553,9.67911197288738
2024-08-13 00:00:00,-103.0,8.0,-121.79807003358616,8.826853284617817,-0.0,8.826853284617817,-121.24370928037264,8.905925609517354,-0.0,8.905925609517354,-122.26209475046215,8.80004936666774,-0.0,8.80004936666774,-121.79807003358616,8.826853284617817,-0.0,8.826853284617817
2024-08-13 01:00:00,-95.0,3.0,-113.9004504087305,7.897619624855654,-0.0,7.897619624855654,-113.28834309930187,7.955366181070771,-0.0,7.955366181070771,-114.38278733703086,7.879307413431292,-0.0,7.879307413431292,-113.9004504087305,7.897619624855654,-0.0,7.897619624855654
2024-08-13 02:00:00,-92.0,5.0,-106.79044422960044,7.11000617913006,-0.0,7.11000617913006,-106.13673006487679,7.151613034425084,-0.0,7.151613034425084,-107.2847240594958,7.09806327753506,-0.0,7.09806327753506,-106.79044422960044,7.11000617913006,-0.0,7.11000617913006
2024-08-13 03:00:00,-87.0,-3.0,-100.35412317082672,6.436321058773708,-0.0,6.436321058773708,-99.67113833785814,6.465591727018654,-0.0,6.465591727018654,-100.85552921482504,6.429194844670759,-0.0,6.429194844670759,-100.35412317082672,6.436321058773708,-0.0,6.436321058773708
2024-08-13 04:00:00,-90.0,7.0,-94.49874427068241,5.8553789001443155,-0.0,5.8553789001443155,-93.79599499647273,5.875143341385404,-0.0,5.875143341385404,-95.00361128980083,5.851917925024208,-0.0,5.851917925024208,-94.49874427068241,5.8553789001443155,-0.0,5.8553789001443155
2024-08-13 05:00:00,-83.0,8.0,-89.14800688797149,5.350737382710924,-0.0,5.350737382710924,-88.43286700303489,5.363127993437839,-0.0,5.363127993437839,-89.65353383291531,5.350077456885513,-0.0,5.350077456885513,-89.14800688797149,5.350737382710924,-0.0,5.350737382710924
2024-08-13 06:00:00,-75.0,2.0,-84.23853687127774,4.909470016693744,-0.0,4.909470016693744,-83.51675539901493,4.916111604019961,-0.0,4.916111604019961,-84.74257809550153,4.910955737413784,-0.0,4.910955737413784,-84.23853687127774,4.909470016693744,-0.0,4.909470016693744
2024-08-13 07:00:00,-73.0,-1.0,-79.71724103898856,4.521295832289188,-0.0,4.521295832289188,-78.99331667906995,4.5234387199449815,-0.0,4.5234387199449815,-80.21815251081486,4.524425584686663,-0.0,4.524425584686663,-79.71724103898856,4.521295832289188,-0.0,4.521295832289188
2024-08-13 08:00:00,-74.0,0.0,-75.53928942469088,4.17795161429769,-0.0,4.17795161429769,-74.81675027855476,4.176566400515191,-0.0,4.176566400515191,-76.03581408983872,4.18233842097614,-0.0,4.18233842097614,-75.53928942469088,4.17795161429769,-0.0,4.17795161429769
2024-08-13 09:00:00,-74.0,5.0,-71.66655732959437,3.8727320950965134,-0.0,3.8727320950965134,-70.94817219172982,3.8685780868249333,-0.0,3.8685780868249333,-72.15773873536186,3.8780753544768674,-0.0,3.8780753544768674,-71.66655732959437,3.8727320950965134,-0.0,3.8727320950965134
2024-08-13 10:00:00,-69.0,6.0,-68.06640887960664,3.6001484499877305,-0.0,3.6001484499877305,-67.35434845756177,3.5938237341680512,-0.0,3.5938237341680512,-68.55152546082833,3.606213274533535,-0.0,3.606213274533535,-68.06640887960664,3.6001484499877305,-0.0,3.6001484499877305
2024-08-13 11:00:00,-63.0,0.0,-64.71073746236766,3.355671417238974,-0.0,3.355671417238974,-64.0066985240743,3.3476499334874723,-0.0,3.3476499334874723,-65.189252108223,3.36227335260533,-0.0,3.36227335260533,-64.71073746236766,3.355671417238974,-0.0,3.355671417238974
2024-08-13 12:00:00,-63.0,1.0,-61.57520164962837,3.1355358127392883,-0.0,3.1355358127392883,-60.88050342318759,3.126195100886707,-0.0,3.126195100886707,-62.04672269130336,3.142529416919643,-0.0,3.142529416919643,-61.57520164962837,3.1355358127392883,-0.0,3.1355358127392883
2024-08-13 13:00:00,-62.0,5.0,-58.63861148334991,2.9365901662784566,-0.0,2.9365901662784566,-57.95427108156269,2.9262323416249005,-0.0,2.9262323416249005,-59.1028623002068,2.9438603910965577,-0.0,2.9438603910965577,-58.63861148334991,2.9365901662784566,-0.0,2.9365901662784566
2024-08-13 14:00:00,-57.0,2.0,-55.88243156614544,2.756179917204473,-0.0,2.756179917204473,-55.20922340980649,2.7450476717561973,-0.0,2.7450476717561973,-56.33922675337322,2.7636355468335867,-0.0,2.7636355468335867,-55.88243156614544,2.756179917204473,-0.0,2.756179917204473
2024-08-13 15:00:00,-55.0,0.0,-53.29037571989924,2.5920558462462027,-0.0,2.5920558462462027,-52.6288786512668,2.580344758539689,-0.0,2.580344758539689,-53.73960229229838,2.599624461074842,-0.0,2.599624461074842,-53.29037571989924,2.5920558462462027,-0.0,2.5920558462462027
2024-08-13 16:00:00,-55.0,6.0,-50.84807404076946,2.4423016791297765,-0.0,2.4423016791297765,-50.19870889321257,2.430169758054236,-0.0,2.430169758054236,-51.289676530915784,2.449925761382598,-0.0,2.449925761382598,-50.84807404076946,2.4423016791297765,-0.0,2.4423016791297765
2024-08-13 17:00:00,-49.0,3.0,-48.54279764711779,2.3052763936516767,-0.0,2.3052763936516767,-47.905857362082855,2.2928515311297164,-0.0,2.2928515311297164,-48.97676623581387,2.3129102951019123,-0.0,2.3129102951019123,-48.54279764711779,2.3052763936516767,-0.0,2.3052763936516767
2024-08-13 18:00:00,-46.0,-7.0,-48.7872207180859,-0.2444230709681139,-2.4239909743403434,2.1795679033722295,-48.261489371846494,-0.3556320097636356,-2.522585742714679,2.1669537329510433,-49.21060133478107,-0.23383509896719712,-2.4210105682254355,2.1871754692582384,-48.7872207180859,-0.2444230709681139,-2.4239909743403434,2.1795679033722295
2024-08-13 19:00:00,-53.0,4.0,-46.84921318482854,1.9380075332573539,-0.25472192308232366,2.1927294563396775,-46.33631291239898,1.9251764594475158,-0.26107169266782443,2.1862481521153403,-47.26506723143961,1.9455341033414575,-0.25419348546396,2.1997275888054175,-46.84921318482854,1.9380075332573539,-0.25472192308232366,2.1927294563396775
2024-08-13 20:00:00,-49.0,3.0,-46.03830215795457,0.8109110268739763,-1.278550026487551,2.089461053361527,-45.55676756198168,0.7795453504173009,-1.303276066590579,2.08282141700788,-46.44419883517111,0.8208683962684995,-1.275517846928736,2.0963862431972355,-46.03830215795457,0.8109110268739763,-1.278550026487551,2.089461053361527
2024-08-13 21:00:00,-46.0,-4.0,-47.97430576729757,-1.936003609343007,-3.982993708446534,2.046990099103527,-47.585759666633805,-2.0289921046521227,-4.070646647418521,2.041654542766398,-48.36478065013024,-1.920581814959137,-3.974111608185286,2.053529793226149,-47.97430576729757,-1.936003609343007,-3.982993708446534,2.046990099103527
2024-08-13 22:00:00,-50.0,-1.0,-47.689656466588154,0.2846493007094155,-1.864460014746013,2.1491093154554286,-47.34717212427212,0.23858754236168167,-1.9110727736094066,2.1496603159710883,-48.0708854425363,0.2938952075939385,-1.8605992635262267,2.1544944711201652,-47.689656466588154,0.2846493007094155,-1.864460014746013,2.1491093154554286
2024-08-13 23:00:00,-51.0,-4.0,-49.230830261080285,-1.5411737944921282,-3.6751127281923397,2.1339389337002115,-48.99519317215251,-1.6480210478803903,-3.7848366333497316,2.1368155854693414,-49.60045351511132,-1.5295680725750156,-3.6684555109848573,2.1388874384098417,-49.230830261080285,-1.5411737944921282,-3.6751127281923397,2.1339389337002115
2024-08-14 00:00:00,-55.0,-5.0,-50.221475213107915,-0.9906449520276293,-3.207362844729386,2.2167178927017566,-50.08629469348868,-1.0911015213361739,-3.317426170980941,2.2263246496447673,-50.58203912714267,-0.9815856120313557,-3.2023200717768225,2.220734459745467,-50.221475213107915,-0.9906449520276293,-3.207362844729386,2.2167178927017566
2024-08-14 01:00:00,-60.0,2.0,-50.76123368311805,-0.5397584700101361,-2.8105171717197073,2.270758701709571,-50.73400514266586,-0.6477104491771724,-2.934306579396477,2.2865961302193045,-51.115544918382,-0.533505791239326,-2.8075743131744084,2.2740685219350825,-50.76123368311805,-0.5397584700101361,-2.8105171717197073,2.270758701709571
2024-08-14 02:00:00,-58.0,14.0,-51.33451263422321,-0.5732789511051588,-2.873755994200219,2.3004770430950603,-51.39231905363706,-0.6583139109711995,-2.9810697584573864,2.322755847486187,-51.681928934555806,-0.5663840161738043,-2.8697058261522614,2.303321809978457,-51.33451263422321,-0.5732789511051588,-2.873755994200219,2.3004770430950603
2024-08-14 03:00:00,-44.0,10.0,-49.00226008298861,2.3322525512345935,-0.0,2.3322525512345935,-49.03252085352172,2.359798200115342,-0.0,2.359798200115342,-49.34734646005446,2.334582474501344,-0.0,2.334582474501344,-49.00226008298861,2.3322525512345935,-0.0,2.3322525512345935
2024-08-14 04:00:00,-34.0,3.0,-46.79791854943694,2.204341533551672,-0.0,2.204341533551672,-46.80414755438141,2.2283732991403116,-0.0,2.2283732991403116,-47.1402618371849,2.207084622869556,-0.0,2.207084622869556,-46.79791854943694,2.204341533551672,-0.0,2.204341533551672
2024-08-14 05:00:00,-31.0,-6.0,-44.71959667622615,2.0783218732107893,-0.0084397360820318,2.086761609292821,-44.705016290309075,2.099131264072334,-0.008593245883344711,2.1077245099556787,-45.058839254910694,2.0814225822742105,-0.008419206353540891,2.0898417886277514,-44.71959667622615,2.0783218732107893,-0.0084397360820318,2.086761609292821
2024-08-14 06:00:00,-37.0,-5.0,-44.29713908706743,0.42245758915872234,-1.55639733544213,1.9788549246008524,-44.32089579350574,0.38412049680333293,-1.613023816162777,1.99714431296611,-44.63075681820185,0.42808243670884316,-1.5541233552171945,1.9822057919260376,-44.29713908706743,0.42245758915872234,-1.55639733544213,1.9788549246008524
2024-08-14 07:00:00,-42.0,-1.0,-42.57137182411292,1.7257672629545022,-0.2315039280167536,1.957271190971256,-42.58246623452787,1.7384295589778695,-0.2388021469535188,1.9772317059313884,-42.90144078954438,1.7293160286574718,-0.23110527330438788,1.9604213019618597,-42.57137182411292,1.7257672629545022,-0.2315039280167536,1.957271190971256
2024-08-14 08:00:00,-43.0,4.0,-40.74366769042213,1.8277041336907924,-0.0426253608614984,1.8703294945522908,-40.73816461078354,1.844301623744326,-0.04405829551157791,1.8883599192559037,-41.07035332583888,1.8310874637054988,-0.04255674279926821,1.873644206504767,-40.74366769042213,1.8277041336907924,-0.0426253608614984,1.8703294945522908
2024-08-14 09:00:00,-39.0,6.0,-38.96326180174593,1.7804058886762009,-0.0,1.7804058886762009,-38.941854918561184,1.7963096922223618,-0.0,1.7963096922223618,-39.28645201160776,1.7839013142311235,-0.0,1.7839013142311235,-38.96326180174593,1.7804058886762009,-0.0,1.7804058886762009
2024-08-14 10:00:00,-33.0,0.0,-37.26832237988745,1.6949394218584777,-0.0,1.6949394218584777,-37.2329891881088,1.70886573045238,-0.0,1.70886573045238,-37.58786306347468,1.6985889481330796,-0.0,1.6985889481330796,-37.26832237988745,1.6949394218584777,-0.0,1.6949394218584777
2024-08-14 11:00:00,-33.0,1.0,-35.652793514443196,1.6155288654442566,-0.0,1.6155288654442566,-35.60528558387877,1.627703604230037,-0.0,1.627703604230037,-35.96856384709363,1.6192992163810527,-0.0,1.6192992163810527,-35.652793514443196,1.6155288654442566,-0.0,1.6155288654442566
2024-08-14 12:00:00,-32.0,4.0,-34.111181343387805,1.5416121710553876,-0.0,1.5416121710553876,-34.053053214348694,1.5522323695300746,-0.0,1.5522323695300746,-34.42308865769947,1.54547518939415,-0.0,1.54547518939415,-34.111181343387805,1.5416121710553876,-0.0,1.5416121710553876
2024-08-14 13:00:00,-28.0,3.0,-32.63849005273476,1.4726912906530427,-0.0,1.4726912906530427,-32.57112394371825,1.4819292706304474,-0.0,1.4819292706304474,-32.94646552871487,1.4766231289846043,-0.0,1.4766231289846043,-32.63849005273476,1.4726912906530427,-0.0,1.4726912906530427
2024-08-14 14:00:00,-25.0,1.0,-31.740646364529596,0.8978436882051624,-0.5104799081530333,1.4083235963581957,-31.683736745897168,0.8873871978210804,-0.5289432810738569,1.4163304788949374,-32.043889660137054,0.9025758685778106,-0.5097281776755515,1.412304046253362,-31.740646364529596,0.8978436882051624,-0.5104799081530333,1.4083235963581957
2024-08-14 15:00:00,-24.0,1.0,-31.01197482342221,0.7286715411073852,-0.6411152575510393,1.3697867986584245,-30.968880506994577,0.7148562389025901,-0.6629041542668632,1.3777603931694533,-31.310290868700683,0.7335987914363699,-0.6400959002531806,1.3736946916895505,-31.01197482342221,0.7286715411073852,-0.6411152575510393,1.3697867986584245
2024-08-14 16:00:00,-23.0,0.0,-29.673070710527227,1.3389041128949821,-0.0,1.3389041128949821,-29.621803947157662,1.3470765598369139,-0.0,1.3470765598369139,-29.967583024805016,1.3427078438956659,-0.0,1.3427078438956659,-29.673070710527227,1.3389041128949821,-0.0,1.3389041128949821
2024-08-14 17:00:00,-23.0,4.0,-28.38999435372947,1.2830763567977552,-0.0,1.2830763567977552,-28.331609008896375,1.2901949382612872,-0.0,1.2901949382612872,-28.680674902802085,1.2869081220029304,-0.0,1.2869081220029304,-28.38999435372947,1.2830763567977552,-0.0,1.2830763567977552
2024-08-14 18:00:00,-19.0,2.0,-27.15930241599211,1.23069193773736,-0.0,1.23069193773736,-27.09474344638988,1.2368655625064944,-0.0,1.2368655625064944,-27.44613620740937,1.2345386953927147,-0.0,1.2345386953927147,-27.15930241599211,1.23069193773736,-0.0,1.23069193773736
2024-08-14 19:00:00,-17.0,1.0,-25.97783038071781,1.1814720352743007,-0.0,1.1814720352743007,-25.90794619632793,1.1867972500619504,-0.0,1.1867972500619504,-26.260813508866157,1.1853226985432124,-0.0,1.1853226985432124,-25.97783038071781,1.1814720352743007,-0.0,1.1814720352743007
2024-08-14 20:00:00,-16.0,-2.0,-24.867775427408574,1.1100549533092328,-0.025110642108526256,1.135165595417759,-24.794068563475307,1.1138776328526248,-0.025850534403315212,1.13972816725594,-25.14686738992604,1.1139461189401172,-0.025064630985745615,1.1390107499258628,-24.867775427408574,1.1100549533092328,-0.025110642108526256,1.135165595417759
2024-08-14 21:00:00,-18.0,-1.0,-23.775273708816076,1.0925017185924983,-0.0,1.0925017185924983,-23.69765104505686,1.096417518418447,-0.0,1.096417518418447,-24.050538656264372,1.096328733661668,-0.0,1.096328733661668,-23.775273708816076,1.0925017185924983,-0.0,1.0925017185924983
2024-08-14 22:00:00,-19.0,2.0,-22.72396334045695,1.0513103683591254,-0.0,1.0513103683591254,-22.643045962110456,1.0546050829464009,-0.0,1.0546050829464009,-22.995421090565486,1.055117565698886,-0.0,1.055117565698886,-22.72396334045695,1.0513103683591254,-0.0,1.0513103683591254
2024-08-14 23:00:00,-17.0,6.0,-21.711543932431642,1.0124194080253095,-0.0,1.0124194080253095,-21.62789183894744,1.0151541231630163,-0.0,1.0151541231630163,-21.979220039195706,1.0162010513697788,-0.0,1.0162010513697788,-21.711543932431642,1.0124194080253095,-0.0,1.0124194080253095
2024-08-15 00:00:00,-11.0,2.0,-20.735884002955604,0.9756599294760393,-0.0,0.9756599294760393,-20.650002525781925,0.9778893131655169,-0.0,0.9778893131655169,-20.999808841509278,0.9794111976864286,-0.0,0.9794111976864286,-20.735884002955604,0.9756599294760393,-0.0,0.9756599294760393
2024-08-15 01:00:00,-9.0,4.0,-19.795005702328687,0.9408783006269156,-0.0,0.9408783006269156,-19.70735116819399,0.9426513575879343,-0.0,0.9426513575879343,-20.055213680465776,0.9445951610435025,-0.0,0.9445951610435025,-19.795005702328687,0.9408783006269156,-0.0,0.9408783006269156
2024-08-15 02:00:00,-5.0,-2.0,-18.887071169898192,0.9079345324304969,-0.0,0.9079345324304969,-18.79805590876754,0.9092952594264492,-0.0,0.9092952594264492,-19.143600048095774,0.9116136323700033,-0.0,0.9116136323700033,-18.887071169898192,0.9079345324304969,-0.0,0.9079345324304969
2024-08-15 03:00:00,-7.0,-4.0,-18.010370323451816,0.876700846446377,-0.0,0.876700846446377,-17.920367105893593,0.8776888028739467,-0.0,0.8776888028739467,-18.263260628035184,0.8803394200605894,-0.0,0.8803394200605894,-18.010370323451816,0.876700846446377,-0.0,0.876700846446377
2024-08-15 04:00:00,-11.0,1.0,-17.163309908198823,0.8470604152529952,-0.0,0.8470604152529952,-17.072655884759804,0.8477112211337904,-0.0,0.8477112211337904,-17.412604424610503,0.8506562034246808,-0.0,0.8506562034246808,-17.163309908198823,0.8470604152529952,-0.0,0.8470604152529952
2024-08-15 05:00:00,-10.0,0.0,-16.344403655974816,0.8189062522240075,-0.0,0.8189062522240075,-16.253403860931346,0.8192520238284579,-0.0,0.8192520238284579,-16.590146991055907,0.8224574335545956,-0.0,0.8224574335545956,-16.344403655974816,0.8189062522240075,-0.0,0.8189062522240075
2024-08-15 06:00:00,-10.0,1.0,-15.552263425249144,0.792140230725671,-0.0,0.792140230725671,-15.461193898453251,0.7922099624780952,-0.0,0.7922099624780952,-15.794501629074547,0.7956453619813587,-0.0,0.7956453619813587,-15.552263425249144,0.792140230725671,-0.0,0.792140230725671
2024-08-15 07:00:00,-9.0,-1.0,-14.785591209505899,0.766672215743246,-0.0,0.766672215743246,-14.694701782711919,0.7664921157413326,-0.0,0.7664921157413326,-15.024371448690005,0.7701301803845433,-0.0,0.7701301803845433,-14.785591209505899,0.766672215743246,-0.0,0.766672215743246
2024-08-15 08:00:00,-10.0,1.0,-14.043171916088157,0.7424192934177408,-0.0,0.7424192934177408,-13.95268870391028,0.7420130788016394,-0.0,0.7420130788016394,-14.278542191638055,0.7458292570519495,-0.0,0.7458292570519495,-14.043171916088157,0.7424192934177408,-0.0,0.7424192934177408
2024-08-15 09:00:00,-9.0,3.0,-13.323866830034698,0.7193050860534602,-0.0,0.7193050860534602,-13.233994460369903,0.718694243540376,-0.0,0.718694243540376,-13.555875733809922,0.7226664578281335,-0.0,0.7226664578281335,-13.323866830034698,0.7193050860534602,-0.0,0.7193050860534602
2024-08-15 10:00:00,-6.0,-1.0,-12.626607688124883,0.6972591419098148,-0.0,0.6972591419098148,-12.537531302331798,0.6964631580381047,-0.0,0.6964631580381047,-12.855304192795579,0.7005715410143423,-0.0,0.7005715410143423,-12.626607688124883,0.6972591419098148,-0.0,0.6972591419098148
2024-08-15 11:00:00,-7.0,-3.0,-11.950391297551644,0.6762163905732401,-0.0,0.6762163905732401,-11.862278346781837,0.6752529555499617,-0.0,0.6752529555499617,-12.175824575655067,0.6794796171405119,-0.0,0.6794796171405119,-11.950391297551644,0.6762163905732401,-0.0,0.6762163905732401
2024-08-15 12:00:00,-10.0,-1.0,-11.294274641589512,0.6561166559621309,-0.0,0.6561166559621309,-11.207276502322745,0.6550018444590909,-0.0,0.6550018444590909,-11.51649390988806,0.6593306657670067,-0.0,0.6593306657670067,-11.294274641589512,0.6561166559621309,-0.0,0.6561166559621309
2024-08-15 13:00:00,-11.0,2.0,-11.39870476712313,-0.10443012553361841,-0.7413343456201996,0.6369042200865812,-11.352731030261104,-0.14545452793835878,-0.7811071798035141,0.6356526518651553,-11.617370642417155,-0.10087673252909435,-0.7409458350551584,0.6400691025260641,-11.39870476712313,-0.10443012553361841,-0.7413343456201996,0.6369042200865812
2024-08-15 14:00:00,-9.0,2.0,-10.75876172299343,0.6399430441297004,-0.0,0.6399430441297004,-10.712806611798168,0.6399244184629368,-0.0,0.6399244184629368,-10.974373047277467,0.642997595139688,-0.0,0.642997595139688,-10.75876172299343,0.6399430441297004,-0.0,0.6399430441297004
2024-08-15 15:00:00,-7.0,2.0,-10.13732682146738,0.6214349015260503,-0.0,0.6214349015260503,-10.09156877113733,0.6212378406608369,-0.0,0.6212378406608369,-10.34992745319153,0.6244455940859381,-0.0,0.6244455940859381,-10.13732682146738,0.6214349015260503,-0.0,0.6214349015260503
2024-08-15 16:00:00,-5.0,0.0,-9.533604863012183,0.6037219584551954,-0.0,0.6037219584551954,-9.488206954387923,0.6033618167494073,-0.0,0.6033618167494073,-9.743238664477982,0.6066887887135481,-0.0,0.6066887887135481,-9.533604863012183,0.6037219584551954,-0.0,0.6037219584551954
2024-08-15 17:00:00,-5.0,2.0,-8.946845714249562,0.5867591487626211,-0.0,0.5867591487626211,-8.901956979059117,0.5862499753288073,-0.0,0.5862499753288073,-9.153556445784675,0.5896822186933061,-0.0,0.5896822186933061,-8.946845714249562,0.5867591487626211,-0.0,0.5867591487626211
2024-08-15 18:00:00,-3.0,2.0,-8.376341151500181,0.5705045627493801,-0.0,0.5705045627493801,-8.332097755776886,0.5698592232822305,-0.0,0.5698592232822305,-8.580172380340718,0.5733840654439563,-0.0,0.5733840654439563,-8.376341151500181,0.5705045627493801,-0.0,0.5705045627493801
2024-08-15 19:00:00,-1.0,2.0,-7.821421966537261,0.5549191849629204,-0.0,0.5549191849629204,-7.777948284849879,0.5541494709270064,-0.0,0.5541494709270064,-8.022416988598351,0.557755391742366,-0.0,0.557755391742366,-7.821421966537261,0.5549191849629204,-0.0,0.5549191849629204
2024-08-15 20:00:00,1.0,3.0,-7.319773165591505,0.501648800945756,-0.03831785615388922,0.5399666570996452,-7.27845490941933,0.499493375430549,-0.039590008297974356,0.5390833837285234,-7.517912396775493,0.504504591822858,-0.03825531439191112,0.5427599062147691,-7.319773165591505,0.501648800945756,-0.03831785615388922,0.5399666570996452
2024-08-15 21:00:00,4.0,-6.0,-8.374249286359763,-1.0544761207682596,-1.5811013898170836,0.5266252690488239,-8.37439824634863,-1.0959433369293006,-1.6216245403030698,0.5256812033737692,-8.566420699833538,-1.048508303058044,-1.5778803980375762,0.5293720949795323,-8.374249286359763,-1.0544761207682596,-1.5811013898170836,0.5266252690488239
2024-08-15 22:00:00,-2.0,1.0,-8.878909091178382,-0.5046598048186189,-1.0595222401517483,0.5548624353331294,-8.917119000575294,-0.5427207542266645,-1.0980288109840368,0.5553080567573723,-9.067009440284478,-0.5005887404509394,-1.0579719556599942,0.5573832152090549,-8.878909091178382,-0.5046598048186189,-1.0595222401517483,0.5548624353331294
2024-08-15 23:00:00,-1.0,-3.0,-9.937684083770224,-1.0587749925918417,-1.6274123017485513,0.5686373091567095,-10.007538975273114,-1.0904199746978191,-1.6607001800613468,0.5702802053635276,-10.119647243084566,-1.052637802800089,-1.6236490272536501,0.5710112244535613,-9.937684083770224,-1.0587749925918417,-1.6274123017485513,0.5686373091567095
2024-08-16 00:00:00,-4.0,-2.0,-11.493726563366486,-1.5560424795962626,-2.15412831563916,0.5980858360428976,-11.638232826222557,-1.6306938509494429,-2.2316577592264175,0.6009639082769748,-11.670377655155182,-1.5507304120706156,-2.1509355681859725,0.6002051561153571,-11.493726563366486,-1.5560424795962626,-2.15412831563916,0.5980858360428976
2024-08-16 01:00:00,-6.0,-8.0,-14.074095093043699,-2.580368529677212,-3.223082908049297,0.642714378372085,-14.346380157131499,-2.7081473309089406,-3.3564980774947024,0.6483507465857621,-14.245083862373624,-2.5747062072184423,-3.2192452964003113,0.6445390891818689,-14.074095093043699,-2.580368529677212,-3.223082908049297,0.642714378372085
2024-08-16 02:00:00,-14.0,-2.0,-14.973462450698868,-0.8993673576551697,-1.6196278990708615,0.7202605414156917,-15.290480555993833,-0.9441003988623339,-1.6751206043649924,0.7310202055026586,-15.140524747900821,-0.8954408855271967,-1.617076809937422,0.7216359244102253,-14.973462450698868,-0.8993673576551697,-1.6196278990708615,0.7202605414156917
2024-08-16 03:00:00,-16.0,3.0,-15.777675939687946,-0.8042134889890782,-1.5525398482824364,0.7483263592933582,-16.12631901949956,-0.8358384635057273,-1.5968442154888958,0.7610057519831684,-15.940673277837861,-0.8001485299370394,-1.5496179765450029,0.7494694466079634,-15.777675939687946,-0.8042134889890782,-1.5525398482824364,0.7483263592933582
2024-08-16 04:00:00,-13.0,0.0,-16.568837153778563,-0.791161214090619,-1.5650382844336226,0.7738770703430036,-16.95447214307074,-0.8281531235711751,-1.6162088997822914,0.7880557762111163,-16.72832829300157,-0.7876550151637083,-1.5624415279753427,0.7747865128116345,-16.568837153778563,-0.791161214090619,-1.5650382844336226,0.7738770703430036
2024-08-16 05:00:00,-13.0,-4.0,-18.01117307993125,-1.4423359261526874,-2.2417675455541257,0.7994316194014385,-18.46146980694605,-1.506997663875311,-2.32232063933479,0.8153229754594788,-18.16664715622527,-1.4383188632236998,-2.23843787546435,0.8001190122406504,-18.01117307993125,-1.4423359261526874,-2.2417675455541257,0.7994316194014385
2024-08-16 06:00:00,-17.0,-7.0,-19.188708687671532,-1.1775356077402814,-2.024622930288631,0.8470873225483495,-19.69392704092885,-1.2324572339827993,-2.0985883177635287,0.8661310837807294,-19.34089874534464,-1.1742515891193668,-2.0216811853296544,0.8474295962102876,-19.188708687671532,-1.1775356077402814,-2.024622930288631,0.8470873225483495
2024-08-16 07:00:00,-24.0,0.0,-19.734712890966538,-0.5460042032950048,-1.4330209851696925,0.8870167818746877,-20.276730076353893,-0.5828030354250462,-1.4916276158349095,0.9088245804098634,-19.88511326820846,-0.5442145228638214,-1.431276272394033,0.8870617495302117,-19.734712890966538,-0.5460042032950048,-1.4330209851696925,0.8870167818746877
2024-08-16 08:00:00,-24.0,-3.0,-21.77995755597201,-2.045244665005474,-2.951088129640958,0.9058434646354837,-22.391899273641872,-2.1151691972879796,-3.044540304595021,0.9293711073070412,-21.925405318997388,-2.040292050788927,-2.946028720722039,0.9057366699331122,-21.77995755597201,-2.045244665005474,-2.951088129640958,0.9058434646354837
2024-08-16 09:00:00,-27.0,-4.0,-23.752148424168137,-1.9721908681961253,-2.950313382473999,0.9781225142778738,-24.423521720522118,-2.0316224468802457,-3.037492474751119,1.0058700278708734,-23.89284412921701,-1.9674388102196232,-2.944920647462639,0.9774818372430156,-23.752148424168137,-1.9721908681961253,-2.950313382473999,0.9781225142778738
2024-08-16 10:00:00,-31.0,3.0,-25.146332638126168,-1.394184213958031,-2.444631228218822,1.050447014260791,-25.846747512999457,-1.4232257924773406,-2.5054213857723093,1.0821955932949687,-25.283141055301815,-1.3902969260848057,-2.4395516755454416,1.049254749460636,-25.146332638126168,-1.394184213958031,-2.444631228218822,1.050447014260791
2024-08-16 11:00:00,-28.0,5.0,-24.82418723199259,0.32214540613358034,-0.7809855855450144,1.1031309916785947,-25.49686146935887,0.3498860436405862,-0.7874407689697334,1.1373268126103195,-24.960311988776173,0.32282906652564236,-0.7786773803178977,1.10150644684354,-24.82418723199259,0.32214540613358034,-0.7809855855450144,1.1031309916785947
2024-08-16 12:00:00,-23.0,9.0,-24.69998107711393,0.12420615487865883,-0.9666369677230209,1.0908431226016797,-25.34820999071547,0.14865147864339856,-0.974994900264085,1.1236463789074835,-24.834851032973695,0.1254609558024764,-0.9637993910426172,1.0892603468450937,-24.69998107711393,0.12420615487865883,-0.9666369677230209,1.0908431226016797
2024-08-16 13:00:00,-14.0,-2.0,-24.431442084151886,0.26853899296204353,-0.8175848103185798,1.0861238032806233,-25.059839337233512,0.288370653481959,-0.8294885544706276,1.1178592079525866,-24.56577059958508,0.26908043338861687,-0.8154391867774796,1.0845196201660965,-24.431442084151886,0.26853899296204353,-0.8175848103185798,1.0861238032806233
2024-08-16 14:00:00,-16.0,-3.0,-24.958738702882542,-0.5272966187306547,-1.603252023894167,1.0759554051635123,-25.61055067162826,-0.5507113343947485,-1.6573865520353974,1.106675217640649,-25.09206761828766,-0.5262970187025835,-1.600683905078976,1.0743868863763926,-24.958738702882542,-0.5272966187306547,-1.603252023894167,1.0759554051635123
2024-08-16 15:00:00,-19.0,-1.0,-24.95255880857052,0.006179894312023926,-1.0897871711979996,1.0959670655100235,-25.61737269794927,-0.006822026321011032,-1.1349045385094279,1.1280825121884168,-25.086307544995233,0.005760073292427892,-1.0884899837474664,1.0942500570398943,-24.95255880857052,0.006179894312023926,-1.0897871711979996,1.0959670655100235
2024-08-16 16:00:00,-20.0,8.0,-23.85682734672515,1.0957314618453677,-0.0,1.0957314618453677,-24.489023713507876,1.1283489844413932,-0.0,1.1283489844413932,-23.99227586572165,1.0940316792735856,-0.0,1.0940316792735856,-23.85682734672515,1.0957314618453677,-0.0,1.0957314618453677
2024-08-16 17:00:00,-12.0,1.0,-22.802469442764792,1.0543579039603577,-0.0,1.0543579039603577,-23.40432084937749,1.0847028641303842,-0.0,1.0847028641303842,-22.939326314778906,1.0529495509427422,-0.0,1.0529495509427422,-22.802469442764792,1.0543579039603577,-0.0,1.0543579039603577
2024-08-16 18:00:00,-11.0,0.0,-21.787171194038557,1.0152982487262372,-0.0,1.0152982487262372,-22.36076423973676,1.0435566096407298,-0.0,1.0435566096407298,-21.925173768245166,1.01415254653374,-0.0,1.01415254653374,-21.787171194038557,1.0152982487262372,-0.0,1.0152982487262372
2024-08-16 19:00:00,-11.0,0.0,-20.80878884012414,0.9783823539144145,-0.0,0.9783823539144145,-21.356042203794384,1.0047220359423754,-0.0,1.0047220359423754,-20.947700228428637,0.9774735398165306,-0.0,0.9774735398165306,-20.80878884012414,0.9783823539144145,-0.0,0.9783823539144145
2024-08-16 20:00:00,-11.0,2.0,-20.573200999844556,0.23558784027958368,-0.7078676462471233,0.943455486526707,-21.132423325764638,0.223618878029746,-0.7444095222214846,0.9680284002512306,-20.71235801356661,0.2353422148620251,-0.7074182459107026,0.9427604607727277,-20.573200999844556,0.23558784027958368,-0.7078676462471233,0.943455486526707
2024-08-16 21:00:00,-9.0,3.0,-19.638060834903598,0.9351401649409584,-0.0,0.9351401649409584,-20.172468886032718,0.9599544397319205,-0.0,0.9599544397319205,-19.777861536192326,0.9344964773742854,-0.0,0.9344964773742854,-19.638060834903598,0.9351401649409584,-0.0,0.9351401649409584
2024-08-16 22:00:00,-6.0,4.0,-18.7355644150872,0.9024964198163973,-0.0,0.9024964198163973,-19.246790340421615,0.9256785456111037,-0.0,0.9256785456111037,-18.875820640009,0.9020408961833272,-0.0,0.9020408961833272,-18.7355644150872,0.9024964198163973,-0.0,0.9024964198163973
2024-08-16 23:00:00,-2.0,2.0,-17.944497714427378,0.7910667006598238,-0.08047541334750051,0.8715421140073243,-18.437909640234572,0.8088807001870422,-0.08433592068131854,0.8932166208683607,-18.084972365314304,0.790848274694695,-0.08040830914863827,0.8712565838433333,-17.944497714427378,0.7910667006598238,-0.08047541334750051,0.8715421140073243
2024-08-17 00:00:00,0.0,2.0,-17.721256759535493,0.22324095489188478,-0.6216129572566673,0.8448539121485521,-18.224241252076276,0.21366838815829692,-0.65165655351247,0.8653249416707669,-17.861372504248624,0.2235998610656792,-0.6211068184706103,0.8447066795362895,-17.721256759535493,0.22324095489188478,-0.6216129572566673,0.8448539121485521
2024-08-17 01:00:00,2.0,0.0,-16.883859241317083,0.8373975182184087,-0.0,0.8373975182184087,-17.366210118599422,0.8580311334768534,-0.0,0.8580311334768534,-17.024097895578784,0.8372746086698392,-0.0,0.8372746086698392,-16.883859241317083,0.8373975182184087,-0.0,0.8373975182184087
2024-08-17 02:00:00,2.0,2.0,-16.074136844665922,0.8097223966511619,-0.0,0.8097223966511619,-16.537157946672945,0.8290521719264762,-0.0,0.8290521719264762,-16.214361124594646,0.8097367709841379,-0.0,0.8097367709841379,-16.074136844665922,0.8097223966511619,-0.0,0.8097223966511619
2024-08-17 03:00:00,4.0,0.0,-15.290732701022963,0.7834041436429601,-0.0,0.7834041436429601,-15.735633135158952,0.8015248115139921,-0.0,0.8015248115139921,-15.43081848201064,0.7835426425840064,-0.0,0.7835426425840064,-15.290732701022963,0.7834041436429601,-0.0,0.7834041436429601
2024-08-17 04:00:00,4.0,-2.0,-14.532377558126806,0.7583551428961567,-0.0,0.7583551428961567,-14.960279823156895,0.7753533120020579,-0.0,0.7753533120020579,-14.672212617059376,0.7586058649512641,-0.0,0.7586058649512641,-14.532377558126806,0.7583551428961567,-0.0,0.7583551428961567
2024-08-17 05:00:00,2.0,-5.0,-14.903695434891807,-0.37131787676500116,-1.1058126358652518,0.7344947591002506,-15.376342936626347,-0.4160631134694528,-1.16651283605353,0.7504497225840772,-15.04267392712668,-0.37046131006730476,-1.105308238465262,0.7348469283979572,-14.903695434891807,-0.37131787676500116,-1.1058126358652518,0.7344947591002506
2024-08-17 06:00:00,-3.0,-1.0,-14.15756542907295,0.7461300058188574,-0.0,0.7461300058188574,-14.61258021345479,0.7637627231715584,-0.0,0.7637627231715584,-14.296271667210736,0.7464022599159454,-0.0,0.7464022599159454,-14.15756542907295,0.7461300058188574,-0.0,0.7461300058188574
2024-08-17 07:00:00,-4.0,-2.0,-13.434722679297614,0.7228427497753345,-0.0,0.7228427497753345,-13.873166245098677,0.7394139683561118,-0.0,0.7394139683561118,-13.57305883454153,0.7232128326692056,-0.0,0.7232128326692056,-13.434722679297614,0.7228427497753345,-0.0,0.7228427497753345
2024-08-17 08:00:00,-6.0,2.0,-12.934521672803752,0.5002010064938626,-0.20043338530036506,0.7006343917942276,-13.368062534734,0.505103710364677,-0.21111351200573714,0.7162172223704142,-13.0722902583745,0.5007685761670317,-0.20032434242735023,0.7010929185943819,-12.934521672803752,0.5002010064938626,-0.20043338530036506,0.7006343917942276
2024-08-17 09:00:00,-4.0,2.0,-12.355332319623422,0.57918935318033,-0.10627989592173168,0.6854692491020618,-12.778952125087134,0.5891104096468662,-0.1114733242931515,0.7005837339400177,-12.492508808156186,0.5797814502183125,-0.10619644817862293,0.6859778983969355,-12.355332319623422,0.57918935318033,-0.10627989592173168,0.6854692491020618
2024-08-17 10:00:00,-2.0,5.0,-11.687215693885065,0.6681166257383557,-0.0,0.6681166257383557,-12.096384041295368,0.682568083791766,-0.0,0.682568083791766,-11.823825077831446,0.6686837303247405,-0.0,0.6686837303247405,-11.687215693885065,0.6681166257383557,-0.0,0.6681166257383557
2024-08-17 11:00:00,3.0,-1.0,-11.038839646904101,0.6483760469809647,-0.0,0.6483760469809647,-11.434396187422717,0.6619878538726508,-0.0,0.6619878538726508,-11.17481318826705,0.6490118895643949,-0.0,0.6490118895643949,-11.038839646904101,0.6483760469809647,-0.0,0.6483760469809647
2024-08-17 12:00:00,2.0,1.0,-10.477961135676825,0.5608785112272769,-0.06862325678166888,0.6295017680089459,-10.863945293027223,0.5704508943954937,-0.07187816968777552,0.6423290640832692,-10.613177576070951,0.5616356121960989,-0.0685640211373778,0.6301996333334767,-10.477961135676825,0.5608785112272769,-0.06862325678166888,0.6295017680089459
2024-08-17 13:00:00,3.0,16.0,-10.073805063190958,0.4041560724858667,-0.20924337078542007,0.6133994432712868,-10.458167026630994,0.40577826639622977,-0.21984803331944452,0.6256262997156743,-10.208133985313784,0.40504359075716634,-0.209099780564269,0.6141433713214354,-10.073805063190958,0.4041560724858667,-0.20924337078542007,0.6133994432712868
2024-08-17 14:00:00,19.0,12.0,-10.740800890488833,-0.6669958272978754,-1.2689216332862598,0.6019258059883844,-11.13977795781461,-0.6816109311836168,-1.29548999638382,0.6138790652002032,-10.871461456554133,-0.6633274712403494,-1.2660198868128376,0.6026924155724882,-10.740800890488833,-0.6669958272978754,-1.2689216332862598,0.6019258059883844
2024-08-17 15:00:00,31.0,-19.0,-17.388274468944108,-6.647473578455274,-7.268392943067402,0.6209193646121285,-17.810616798740348,-6.670838840925738,-7.304514028242787,0.6336751873170489,-17.49561637062702,-6.624154914072884,-7.245656475711111,0.6215015616382273,-17.388274468944108,-6.647473578455274,-7.268392943067402,0.6209193646121285
2024-08-17 16:00:00,12.0,15.0,-23.273567290720994,-5.885292821776886,-6.711629926824171,0.8263371050472842,-23.698895877748726,-5.888279079008377,-6.732278402101646,0.843999323093269,-23.3603992883787,-5.864782917751684,-6.689971222133785,0.8251883043821006,-23.273567290720994,-5.885292821776886,-6.711629926824171,0.8263371050472842
2024-08-17 17:00:00,27.0,21.0,-23.217891891812982,0.05567539890800988,-0.9769839918368011,1.032659390744811,-23.614873207904335,0.08402266984439155,-0.9706294245123606,1.0546520943567521,-23.304164064096774,0.0562352242819284,-0.9733448060955572,1.0295800303774856,-23.217891891812982,0.05567539890800988,-0.9769839918368011,1.032659390744811
2024-08-17 18:00:00,48.0,-11.0,-22.187291948821375,1.0305999429916068,-0.0,1.0305999429916068,-22.563391898726795,1.0514813091775392,-0.0,1.0514813091775392,-22.27665114628545,1.027512917811326,-0.0,1.027512917811326,-22.187291948821375,1.0305999429916068,-0.0,1.0305999429916068
2024-08-17 19:00:00,37.0,-18.0,-22.00047631080236,0.18681563801901702,-0.8060333514110286,0.9928489894300456,-22.350083931150927,0.2133079675758689,-0.7988969796284642,1.012204947204333,-22.089475256666862,0.18717588961858833,-0.8029330913589924,0.9901089809775807,-22.00047631080236,0.18681563801901702,-0.8060333514110286,0.9928489894300456
2024-08-17 20:00:00,19.0,-26.0,-26.335264612946705,-4.334788302144347,-5.320869633164646,0.9860813310202988,-26.621235178628336,-4.27115124747741,-5.275479636602227,1.0043283891248171,-26.406597893847348,-4.317122637180486,-5.300492635822105,0.9833699986416198,-26.335264612946705,-4.334788302144347,-5.320869633164646,0.9860813310202988
2024-08-17 21:00:00,-7.0,-13.0,-27.576491968116834,-1.241227355170128,-2.3903045109258376,1.1490771557557096,-27.823880438956735,-1.2026452603283997,-2.3705487042728666,1.1679034439444669,-27.64312424162141,-1.2365263477740644,-2.381183293362493,1.1446569455884286,-27.576491968116834,-1.241227355170128,-2.3903045109258376,1.1490771557557096
2024-08-17 22:00:00,-20.0,10.0,-26.378447520319234,1.1980444477975987,-0.0,1.1980444477975987,-26.607692886761964,1.216187552194773,-0.0,1.216187552194773,-26.450015561530616,1.1931086800907937,-0.0,1.1931086800907937,-26.378447520319234,1.1980444477975987,-0.0,1.1980444477975987
2024-08-17 23:00:00,-10.0,9.0,-25.227683922917656,1.1507635974015777,-0.0,1.1507635974015777,-25.440327573962943,1.1673653127990202,-0.0,1.1673653127990202,-25.303674361806806,1.1463411997238118,-0.0,1.1463411997238118,-25.227683922917656,1.1507635974015777,-0.0,1.1507635974015777
2024-08-18 00:00:00,-1.0,5.0,-24.121438995093854,1.1062449278238002,-0.0,1.1062449278238002,-24.318883884498646,1.1214436894642956,-0.0,1.1214436894642956,-24.201386695265388,1.102287666541417,-0.0,1.102287666541417,-24.121438995093854,1.1062449278238002,-0.0,1.1062449278238002
2024-08-18 01:00:00,4.0,-2.0,-23.05716258295606,1.064276412137792,-0.0,1.064276412137792,-23.240687576267078,1.0781963082315686,-0.0,1.0781963082315686,-23.140645568598185,1.0607411266672033,-0.0,1.0607411266672033,-23.05716258295606,1.064276412137792,-0.0,1.064276412137792
2024-08-18 02:00:00,2.0,3.0,-22.032496526390656,1.0246660565654055,-0.0,1.0246660565654055,-22.203269040614142,1.0374185356529364,-0.0,1.0374185356529364,-22.119131515219085,1.0215140533790987,-0.0,1.0215140533790987,-22.032496526390656,1.0246660565654055,-0.0,1.0246660565654055
2024-08-18 03:00:00,5.0,-9.0,-21.04525686168164,0.9872396647090168,-0.0,0.9872396647090168,-21.204344027402396,0.9989250132117447,-0.0,0.9989250132117447,-21.13469532242232,0.9844361927967629,-0.0,0.9844361927967629,-21.04525686168164,0.9872396647090168,-0.0,0.9872396647090168
2024-08-18 04:00:00,-4.0,2.0,-20.09341797341128,0.9518388882703585,-0.0,0.9518388882703585,-20.24179651469609,0.9625475127063053,-0.0,0.9625475127063053,-20.18534263853624,0.9493526838860795,-0.0,0.9493526838860795,-20.09341797341128,0.9518388882703585,-0.0,0.9518388882703585
2024-08-18 05:00:00,-2.0,0.0,-19.175098450440625,0.918319522970655,-0.0,0.918319522970655,-19.3136634490769,0.928133065619191,-0.0,0.928133065619191,-19.269220225043025,0.9161224134932163,-0.0,0.9161224134932163,-19.175098450440625,0.918319522970655,-0.0,0.918319522970655
2024-08-18 06:00:00,-2.0,5.0,-18.288548435467245,0.8865500149733797,-0.0,0.8865500149733797,-18.418121121972533,0.8955423271043663,-0.0,0.8955423271043663,-18.384603651692462,0.8846165733505641,-0.0,0.8846165733505641,-18.288548435467245,0.8865500149733797,-0.0,0.8865500149733797
2024-08-18 07:00:00,3.0,5.0,-17.43213828691871,0.8564101485485337,-0.0,0.8564101485485337,-17.553472980485562,0.8646481414869718,-0.0,0.8646481414869718,-17.52988626054606,0.8547173911463999,-0.0,0.8547173911463999,-17.43213828691871,0.8564101485485337,-0.0,0.8564101485485337
2024-08-18 08:00:00,8.0,2.0,-16.6043483966958,0.8277898902229097,-0.0,0.8277898902229097,-16.71813869914186,0.8353342813437007,-0.0,0.8353342813437007,-16.703569248523905,0.8263170120221562,-0.0,0.8263170120221562,-16.6043483966958,0.8277898902229097,-0.0,0.8277898902229097
2024-08-18 09:00:00,10.0,4.0,-15.803760028288469,0.8005883684073316,-0.0,0.8005883684073316,-15.910644362621229,0.8074943365206325,-0.0,0.8074943365206325,-15.904252738106198,0.7993165104177071,-0.0,0.7993165104177071,-15.803760028288469,0.8005883684073316,-0.0,0.8005883684073316
2024-08-18 10:00:00,14.0,-7.0,-15.029047057670597,0.7747129706178719,-0.0,0.7747129706178719,-15.129613629607473,0.781030733013755,-0.0,0.781030733013755,-15.130627722950312,0.7736250151558854,-0.0,0.7736250151558854,-15.029047057670597,0.7747129706178719,-0.0,0.7747129706178719
2024-08-18 11:00:00,7.0,2.0,-14.278968514645682,0.7500785430249156,-0.0,0.7500785430249156,-14.373759764991119,0.7558538646163542,-0.0,0.7558538646163542,-14.381468789803234,0.7491589331470782,-0.0,0.7491589331470782,-14.278968514645682,0.7500785430249156,-0.0,0.7500785430249156
2024-08-18 12:00:00,9.0,-3.0,-13.552361835384183,0.7266066792614996,-0.0,0.7266066792614996,-13.641878442258616,0.731881322732504,-0.0,0.731881322732504,-13.655627530615563,0.7258412591876718,-0.0,0.7258412591876718,-13.552361835384183,0.7266066792614996,-0.0,0.7266066792614996
2024-08-18 13:00:00,6.0,-11.0,-12.848136748110687,0.7042250872734956,-0.0,0.7042250872734956,-12.932841230406419,0.7090372118521969,-0.0,0.7090372118521969,-12.952026569524701,0.7036009610908625,-0.0,0.7036009610908625,-12.848136748110687,0.7042250872734956,-0.0,0.7042250872734956
2024-08-18 14:00:00,-5.0,-3.0,-12.16526972355261,0.6828670245580771,-0.0,0.6828670245580771,-12.24558969045608,0.6872515399503393,-0.0,0.6872515399503393,-12.269654138643988,0.682372430880714,-0.0,0.682372430880714,-12.16526972355261,0.6828670245580771,-0.0,0.6828670245580771
2024-08-18 15:00:00,-8.0,3.0,-11.502798930090691,0.6624707934619187,-0.0,0.6624707934619187,-11.57913001589101,0.6664596745650694,-0.0,0.6664596745650694,-11.607559144598035,0.6620949940459526,-0.0,0.6620949940459526,-11.502798930090691,0.6624707934619187,-0.0,0.6624707934619187
2024-08-18 16:00:00,-5.0,-3.0,-10.859819640754433,0.6429792893362593,-0.0,0.6429792893362593,-10.932528159314435,0.646601856576575,-0.0,0.646601856576575,-10.964846674671863,0.6427124699261718,-0.0,0.6427124699261718,-10.859819640754433,0.6429792893362593,-0.0,0.6429792893362593
2024-08-18 17:00:00,-8.0,-3.0,-10.63786112222193,0.22195851853250387,-0.4023810767723695,0.6243395953048734,-10.71911193182869,0.21341622748574413,-0.41420653729761364,0.6276227647833578,-10.742316028557493,0.22253064611437012,-0.4016421311063272,0.6241727772206973,-10.63786112222193,0.22195851853250387,-0.4023810767723695,0.6243395953048734
2024-08-18 18:00:00,-11.0,-4.0,-11.344247379050914,-0.7063862568289841,-1.324355027058358,0.6179687702293738,-11.460898173047948,-0.7417862412192566,-1.3632068542528002,0.6214206130335436,-11.446418372183826,-0.7041023436263336,-1.3219192334988596,0.617816889872526,-11.344247379050914,-0.7063862568289841,-1.324355027058358,0.6179687702293738
2024-08-18 19:00:00,-15.0,0.0,-10.705889898983317,0.6383574800675967,-0.0,0.6383574800675967,-10.817787783940695,0.6431103891072536,-0.0,0.6431103891072536,-10.808379656733093,0.6380387154507338,-0.0,0.6380387154507338,-10.705889898983317,0.6383574800675967,-0.0,0.6383574800675967
2024-08-18 20:00:00,-15.0,1.0,-11.178688202394852,-0.47279830341153506,-1.092716215996054,0.6199179125845189,-11.328442343103621,-0.5106545591629272,-1.134938992327743,0.6242844331648159,-11.27993189120066,-0.47155223446756545,-1.091252629112006,0.6197003946444405,-11.178688202394852,-0.47279830341153506,-1.092716215996054,0.6199179125845189
2024-08-18 21:00:00,-14.0,4.0,-10.545139012741853,0.6335491896530003,-0.0,0.6335491896530003,-10.689232239462223,0.6392101036413976,-0.0,0.6392101036413976,-10.646704064316287,0.6332278268843721,-0.0,0.6332278268843721,-10.545139012741853,0.6335491896530003,-0.0,0.6335491896530003
2024-08-18 22:00:00,-10.0,5.0,-9.92982194936032,0.6153170633815312,-0.0,0.6153170633815312,-10.06867751121537,0.6205547282468534,-0.0,0.6205547282468534,-10.031608039290091,0.6150960250261951,-0.0,0.6150960250261951,-9.92982194936032,0.6153170633815312,-0.0,0.6153170633815312
2024-08-18 23:00:00,-5.0,6.0,-9.33195752860669,0.5978644207536297,-0.0,0.5978644207536297,-9.465969401942537,0.6027081092728322,-0.0,0.6027081092728322,-9.43387245882819,0.5977355804619006,-0.0,0.5977355804619006,-9.33195752860669,0.5978644207536297,-0.0,0.5978644207536297
2024-08-19 00:00:00,1.0,,-8.750810227162255,0.5811473014444353,-0.0,0.5811473014444353,-8.880345398678736,0.5856240032638012,-0.0,0.5856240032638012,-8.852769254633271,0.5811032041949198,-0.0,0.5811032041949198,-8.750810227162255,0.5811473014444353,-0.0,0.5811473014444353
