Timestamp,Observed_DST,Real_dDST_dt,Pred_DST_Equation,Pred_dDST_dt_Equation,Injection_Component,Decay_Component,Pred_DST_Burton,Pred_dDST_dt_Burton,Pred_DST_OBM,Pred_dDST_dt_OBM,Pred_DST_DDM1,Pred_dDST_dt_DDM1,Pred_DST_DDM2,Pred_dDST_dt_DDM2,Pred_DST_DDM3,Pred_dDST_dt_DDM3
2024-08-02 00:00:00,20.0,3.0,15.105871802751276,0.10587180275127568,-0.0,0.10587180275127568,10.487600027941518,-4.512399972058483,10.492107920021496,-4.507892079978504,14.379792339393088,-0.6202076606069122,14.35802335,-0.6419766500000004,14.399295248625771,-0.6007047513742285
2024-08-02 01:00:00,23.0,-2.0,15.210498817239404,0.10462701448812953,-0.0,0.10462701448812953,6.569664584540248,-3.9179354434012703,6.577501057512338,-3.914606862509158,13.461915659228918,-0.9178766801641705,13.583468290553114,-0.7745550594468862,13.650591184536916,-0.7487040640888558
2024-08-02 02:00:00,21.0,0.0,15.020047921101453,-0.19045089613795144,-0.29385498979363234,0.1034040936556809,3.1567532084146723,-3.4129113761255754,3.1669814594984045,-3.4105195980139333,11.731756160621957,-1.7301594986069602,12.00650793730252,-1.576960353250594,12.162873286721352,-1.4877178978155643
2024-08-02 03:00:00,21.0,2.0,15.125683445339096,0.10563552423764369,-0.0,0.10563552423764369,0.18780928762735316,-2.968943920787319,0.1996751723573409,-2.9673062871410636,10.62060073718979,-1.111155423432168,11.066807791687355,-0.9397001456151644,11.211240271078044,-0.9516330156433075
2024-08-02 04:00:00,23.0,-3.0,15.230078341960938,0.10439489662184205,-0.0,0.10439489662184205,-2.3981323382438786,-2.5859416258712318,-2.3852241192371944,-2.5848992915945352,9.993321168634614,-0.6272795685551757,10.604396508786829,-0.4624112829005258,10.65003054663128,-0.5612097244467638
2024-08-02 05:00:00,20.0,2.0,15.333254381140625,0.10317603917968728,-0.0,0.10317603917968728,-4.652117411092585,-2.2539850728487067,-4.638633850825181,-2.253409731587987,9.684330656386708,-0.30899051224790636,10.163096081234151,-0.4413004275526775,10.29382993213732,-0.35620061449395873
2024-08-02 06:00:00,22.0,-7.0,15.435232825928301,0.1019784447876768,-0.0,0.1019784447876768,-6.6186763377035005,-1.9665589266109151,-6.604979294826857,-1.9663454440016757,9.517017559158075,-0.1673130972286327,9.7419427172059,-0.42115336402825165,10.007907538337104,-0.28592239380021606
2024-08-02 07:00:00,15.0,-6.0,15.536034446948335,0.1008016210200339,-0.0,0.1008016210200339,-8.342416951326186,-1.7237406136226854,-8.328776726591741,-1.7237974317648839,9.579992323111423,0.06297476395334806,9.340016625685989,-0.40192609151991054,9.782168388289184,-0.22573915004791978
2024-08-02 08:00:00,9.0,0.0,15.635679536588336,0.09964508964000049,-0.0,0.09964508964000049,-9.843613719428676,-1.5011967681024903,-9.83024525538092,-1.501468528789179,9.663505946607456,0.08351362349603342,8.956440007659413,-0.3835766180265745,9.568259633618915,-0.21390875467026998
2024-08-02 09:00:00,9.0,2.0,15.734187922699906,0.09850838611157019,-0.0,0.09850838611157019,-11.14804969237879,-1.3044359729501134,-11.135114259652969,-1.3048690042720497,9.721321509867717,0.05781556326026066,8.590375139015732,-0.3660648686436818,9.36230790163077,-0.20595173198814598
2024-08-02 10:00:00,11.0,1.0,15.831578981830633,0.09739105913072739,-0.0,0.09739105913072739,-12.284112052171773,-1.1360623597929838,-12.271721618341621,-1.1366073586886516,9.795130332624318,0.07380882275659956,8.24102254097538,-0.34935259804035335,9.166992088713291,-0.19531581291747763
2024-08-02 11:00:00,12.0,-7.0,15.654116170232477,-0.17746281159815513,-0.27375548177346154,0.09629267017530639,-13.272096265273735,-0.9879842131019613,-13.260327981478365,-0.9886063631367442,9.249849107844767,-0.5452812247795509,7.90761923404307,-0.333403306932309,8.161091299510165,-1.0059007892031255
2024-08-02 12:00:00,5.0,-3.0,15.514461439935662,-0.13965473029681474,-0.23795351496528144,0.09829878466846668,-14.130042571211954,-0.8579463059382184,-14.118945546744715,-0.85861756526635,8.72959235318365,-0.5202567546611174,7.589437071674952,-0.31818216236811736,7.306122210430285,-0.85496908907988
2024-08-02 13:00:00,2.0,-2.0,14.59156499257456,-0.9228964473611033,-1.0227884902306024,0.09989204286949908,-16.097694851022595,-1.9676522798106404,-16.981645407582917,-2.862699860838201,7.3367489764066995,-1.39284337677695,6.157478304118657,-1.4319587675562955,5.375095189333496,-1.931027021096789
2024-08-02 14:00:00,0.0,1.0,13.341843588043197,-1.249721404531362,-1.3604643602481696,0.11074295571680749,-18.970395969341144,-2.8727011183185476,-20.185361988694357,-3.2037165811114408,5.6125665292622475,-1.7241824471444516,4.281871390171822,-1.8756069139468348,3.1633449916419063,-2.21175019769159
2024-08-02 15:00:00,1.0,3.0,13.293187623219849,-0.048655964823348635,-0.1749840238676681,0.12632805904431946,-19.08436559094143,-0.11396962160028537,-20.14142995980761,0.04393202888674555,5.330949242934491,-0.2816172863277568,4.129218576005625,-0.15265281416619603,2.8512942351015718,-0.3120507565403344
2024-08-02 16:00:00,4.0,2.0,13.420143208045952,0.12695558482610317,-0.0,0.12695558482610317,-19.18522171089332,-0.10085611995188952,-20.104904237529176,0.036525722278435306,5.488252366208398,0.15730312327390744,3.983534950519451,-0.14568362548617442,2.9453392683822117,0.0940450332806399
2024-08-02 17:00:00,6.0,3.0,13.545464685233698,0.12532147718774736,-0.0,0.12532147718774736,-19.280524055195123,-0.09530234430180205,-20.080672085520327,0.02423215200885046,5.720121206471429,0.23186884026303148,3.8445023434186787,-0.13903260710077237,3.042577609123335,0.09723834074112345
2024-08-02 18:00:00,9.0,1.0,13.669183469628447,0.12371878439474836,-0.0,0.12371878439474836,-19.358079014207135,-0.07755495901201073,-20.054234238437143,0.026437847083182576,5.891130779842292,0.17100957337086273,3.711817110107594,-0.13268523331108484,3.131374971716287,0.08879736259295193
2024-08-02 19:00:00,10.0,-2.0,13.791330174696268,0.12214670506782234,-0.0,0.12214670506782234,-19.420397302708437,-0.062318288501303165,-20.026080501525456,0.028153736911686184,5.992452660170336,0.10132188032804512,3.5851894685353085,-0.12662764157228557,3.205800226016226,0.07442525429993899
2024-08-02 20:00:00,8.0,2.0,13.520079666116791,-0.27125050857947747,-0.39185497183052737,0.12060446325104988,-19.47291799487048,-0.05252069216204106,-19.999888569773038,0.026191931752418966,5.377122255982506,-0.6153304041878302,3.4643428663172173,-0.12084660221809096,2.595195226785479,-0.610604999230747
2024-08-02 21:00:00,10.0,2.0,13.158852562238389,-0.36122710387840157,-0.48526969543437215,0.12404259155597057,-19.525394231466482,-0.05247623659600233,-19.983874645555925,0.01601392421711332,4.8594690865503365,-0.51765316943217,3.349013376749801,-0.1153294895674164,1.8489121785416283,-0.7462830482438509
2024-08-02 22:00:00,12.0,2.0,13.248746793107454,0.08989423086906445,-0.03880197216582757,0.12869620303489201,-19.575087728098826,-0.04969349663234514,-19.973975587414785,0.009899058141141361,4.911764643389267,0.05229555683893056,3.2389491223996716,-0.11006425435012912,1.8528490689620798,0.003936890420451561
2024-08-02 23:00:00,14.0,-1.0,13.353812310784548,0.10506551767709293,-0.022464588025875802,0.12753010570296874,-19.618360434264662,-0.04327270616583729,-19.96540144601095,0.008574141403833557,4.977594055355482,0.06582941196621522,3.1339097250080052,-0.10503939739166634,1.8829105120878018,0.030061443125721954
2024-08-03 00:00:00,13.0,-4.0,13.479986245060523,0.12617393427597517,-0.0,0.12617393427597517,-19.657086603034255,-0.038726168769592915,-19.959018666033504,0.006382779977447117,5.08652266922018,0.10892861386469865,3.033665780508948,-0.10024394449905683,1.9621837793604724,0.07927326727267064
2024-08-03 01:00:00,9.0,-1.0,13.604541123789616,0.12455487872909209,-0.0,0.12455487872909209,-19.690514811919638,-0.033428208885382345,-19.953201523871147,0.005817142162357696,5.323111858001987,0.2365891887818065,2.9379983580154594,-0.09566742249348859,2.1036326127944274,0.14144883343395503
2024-08-03 02:00:00,8.0,-3.0,12.275790388886787,-1.3287507349028287,-1.4517175883162055,0.12296685341337672,-23.52973102364368,-3.839216211724042,-23.758891187432347,-3.805689663561198,4.480776173895508,-0.8423356841064782,1.004288437385236,-1.9337099206302233,-0.35342169824641756,-2.457054311040845
2024-08-03 03:00:00,5.0,-7.0,10.597164990389002,-1.6786253984977846,-1.8190587030456187,0.14043330454783412,-27.595056070306175,-4.065325046662495,-27.189830711322386,-3.430939523890041,2.6081634408672967,-1.8726127330282116,-1.2492328994111024,-2.2535213367963385,-2.8822197869959543,-2.5287980887495367
2024-08-03 04:00:00,-2.0,4.0,10.761321516703772,0.16415652631476996,-0.0,0.16415652631476996,-26.584107874835176,1.010948195470998,-26.232519124106496,0.9573115872158895,2.7894904339242887,0.1813269930569922,-1.1493695080063229,0.09986339140477951,-2.544594905622712,0.3376248813732425
2024-08-03 05:00:00,2.0,3.0,10.92307646182348,0.16175494511970898,-0.0,0.16175494511970898,-25.704215087991425,0.8798927868437514,-25.399166227753824,0.8333528963526702,2.959625133718816,0.1701346997945272,-1.0540652648932285,0.09530424311309438,-2.223751221477209,0.3208436841455027
2024-08-03 06:00:00,5.0,-1.0,11.082482271043432,0.15940580921995184,-0.0,0.15940580921995184,-24.94316928270652,0.7610458052849044,-24.678497443084478,0.7206687846693468,3.176819484341592,0.21719435062277576,-0.9631120273995828,0.0909532374936457,-1.9031286152542752,0.3206226062229337
2024-08-03 07:00:00,4.0,-4.0,11.239589870930116,0.1571075998866849,-0.0,0.1571075998866849,-24.28051352880312,0.6626557539034003,-24.0508766491259,0.6276207939585761,3.3810950689419594,0.20427558460036752,-0.8763111553674865,0.0868008720320963,-1.5982954333347443,0.3048331819195308
2024-08-03 08:00:00,0.0,2.0,10.473182188226675,-0.7664076827034407,-0.9212665357514814,0.15485885304804073,-24.49987754473184,-0.21936401592872157,-23.646331566063832,0.4045450830620664,2.446973026551607,-0.9341220423903525,-1.2808900416006073,-0.40457888623312077,-2.5815177299699084,-0.983222296635164
2024-08-03 09:00:00,2.0,4.0,9.407503019522956,-1.0656791687037197,-1.2316612722265692,0.16598210352284937,-25.88120747166649,-1.3813299269346475,-24.548057241144026,-0.9017256750801947,1.2405223833170123,-1.2064506432345947,-2.1938661991330743,-0.9129761575324669,-3.9357802136496103,-1.354262483679702
2024-08-03 10:00:00,6.0,1.0,7.7938937780634205,-1.6136092414595358,-1.7956991711168244,0.1820899296572886,-29.857994434456067,-3.9767869627895767,-27.974256310962698,-3.426199069818673,-0.26597824335106446,-1.5065006266680767,-4.161289957129387,-1.9674237579963132,-6.228463326558656,-2.292683112909046
2024-08-03 11:00:00,7.0,-3.0,5.8720951064583335,-1.9217986716050868,-2.129698055136717,0.20789938353163007,-34.95263920091218,-5.094644766456115,-32.05903410423798,-4.084777793275282,-1.8775269994181027,-1.6115487560670383,-6.651396209759679,-2.4901062526302917,-8.946192508231363,-2.7177291816727074
2024-08-03 12:00:00,4.0,3.0,4.181927793150756,-1.690167313307578,-1.931036609529553,0.24086929622197503,-38.434627040341255,-3.481987839429073,-34.02513704653846,-1.9661029423004788,-3.2792347327596953,-1.4017077333415926,-8.468274288018282,-1.8168780782586034,-11.0596597700814,-2.113467261850036
2024-08-03 13:00:00,7.0,2.0,2.222249864716913,-1.9596779284338428,-2.2315479263953497,0.271869997961507,-42.586159002044894,-4.151531961703636,-36.5502628776989,-2.5251258311604383,-4.9612913190364285,-1.6820565862767332,-10.648401379364845,-2.180127091346564,-13.41993492234533,-2.36027515226393
2024-08-03 14:00:00,9.0,-3.0,0.41526882945313837,-1.8069810352637745,-2.117143668134966,0.3101626328711914,-45.19051428515346,-2.604355283108568,-37.341294589552845,-0.7910317118539503,-6.588648083077278,-1.6273567640408495,-12.242115262140183,-1.5937138827753377,-15.191069488353858,-1.7711345660085276
2024-08-03 15:00:00,6.0,0.0,-0.6005120867819476,-1.015780916235086,-1.3634873779574082,0.3477064617223222,-44.55006570669541,0.6404485784580483,-35.00056142904742,2.3407331605054233,-7.28979117005944,-0.7011430869821629,-12.313598119518705,-0.07148285737852222,-15.687053150222274,-0.4959836618684165
2024-08-03 16:00:00,6.0,5.0,-1.2943582602990176,-0.69384617351707,-1.0635991370751627,0.3697529635580928,-42.676036910641024,1.8740287960543864,-32.0092144488493,2.9913469801981267,-7.639417057295331,-0.349625887235891,-11.824211920509939,0.48938619900876734,-15.637358633922604,0.04969451629966984
2024-08-03 17:00:00,11.0,4.0,-1.6122543857241909,-0.3178961254251733,-0.7030978318578865,0.38520170643271323,-39.7662903401446,2.9097465704964267,-28.595633152885558,3.4135812959637413,-7.5637578423157255,0.0756592149796052,-11.241560023122766,0.5826518973871725,-15.095207382408768,0.5421512515138365
2024-08-03 18:00:00,15.0,2.0,-1.2198689928170405,0.3923853929071503,-0.0,0.3923853929071503,-37.178769733871675,2.587520606272926,-27.461432181927265,1.134200970958292,-7.007174504630258,0.5565833376854681,-10.685508428061123,0.5560515950616431,-14.189783075967544,0.9054243064412246
2024-08-03 19:00:00,17.0,-6.0,-1.7359392900234434,-0.5160702972064029,-0.8995983232377288,0.3835280260313259,-35.76623041791304,1.412539315958632,-26.13005250134296,1.3313796805843041,-7.182509071974534,-0.17533456734427671,-10.154842729112685,0.5306656989484382,-14.075864470308973,0.11391860565857026
2024-08-03 20:00:00,11.0,-4.0,-3.4357368951489997,-1.6997976051255563,-2.0949959130383076,0.3951983079127513,-39.78406588647886,-4.017835468565817,-30.43123330248566,-4.3011808011427,-8.472150915558721,-1.2896418435841877,-11.927713207085059,-1.7728704779723736,-15.98469553642704,-1.9088310661180663
2024-08-03 21:00:00,7.0,-4.0,-5.925384053981489,-2.4896471588324895,-2.924521044495473,0.43487388566298346,-46.91835231217097,-7.134286425692113,-37.14354887536748,-6.71231557288182,-10.426862938184808,-1.9547120226260861,-15.196541651223065,-3.2688284441380056,-19.124589173136354,-3.1398936367093127
2024-08-03 22:00:00,3.0,0.0,-7.349578539987302,-1.4241944860058133,-1.9206050143722455,0.4964105283664321,-48.403053849547916,-1.4847015373769512,-37.21078207075518,-0.06723319538770056,-11.449351088014314,-1.0224881498295069,-16.03000787082666,-0.833466219603592,-20.175750233430254,-1.0511610602939017
2024-08-03 23:00:00,3.0,5.0,-7.051617613798633,0.29796092618866993,-0.23548175674927702,0.5334426829379469,-44.67771122998658,3.7253426195613417,-34.942702861646005,2.2680792091091764,-10.832524039938814,0.6168270480754989,-15.255345195993119,0.7746626748335395,-19.123764820763075,1.0519854126671777
2024-08-04 00:00:00,8.0,2.0,-6.822559690627063,0.22905792317156953,-0.29652693753191767,0.5255848607034872,-41.43279796608261,3.244913263903965,-32.965318070417545,1.9773847912284614,-10.291024077961987,0.5414999619768278,-14.51604885471703,0.7392963412760902,-18.170093470582927,0.9536713501801484
2024-08-04 01:00:00,10.0,-1.0,-8.629760883927776,-1.8072011933007128,-2.326784980298286,0.5195837869975731,-43.40862426589282,-1.9758262998102096,-33.98850284810253,-1.023184777684985,-11.872022657498867,-1.58099857953688,-15.76104690211963,-1.244998047402601,-19.273721140753587,-1.1036276701706593
2024-08-04 02:00:00,9.0,-8.0,-11.469347658834248,-2.839586774906473,-3.407453808250746,0.5678670333442735,-50.6173481841127,-7.20872391821988,-40.22090308351487,-6.232400235412345,-14.478034599727957,-2.6060119422290904,-19.077606534478637,-3.3165596323590067,-22.345490497507413,-3.071769356753825
2024-08-04 03:00:00,1.0,-13.0,-13.699009596512393,-2.229661937678146,-2.87772734562028,0.6480654079421343,-54.6895281637438,-4.072179979631098,-42.47196973021556,-2.2510666467006955,-16.334919440407873,-1.8568848406799159,-21.069552714293447,-1.9919461798148113,-24.303056759698695,-1.957566262191282
2024-08-04 04:00:00,-12.0,5.0,-15.69102499292093,-1.9920153964085374,-2.706764482264058,0.7147490858555207,-57.52153219475516,-2.8320040310113574,-43.368573271182655,-0.8966035409670932,-17.872573940072794,-1.5376544996649193,-22.54444390959466,-1.4748911953012105,-25.815888895327795,-1.5128321356291021
2024-08-04 05:00:00,-7.0,-5.0,-17.809411735968975,-2.1183867430480463,-2.895473504563589,0.7770867615155428,-60.72492287449593,-3.203390679740772,-44.74880710143584,-1.3802338302531805,-19.50930799679581,-1.6367340567230158,-24.209108723498023,-1.6646648139033655,-27.47937578811808,-1.6634868927902846
2024-08-04 06:00:00,-12.0,-9.0,-20.89389346379557,-3.0844817278265966,-3.9307199979672403,0.8462382701406435,-67.43764947900084,-6.712726604504909,-49.660781527485774,-4.911974426049936,-22.176553003760507,-2.6672450069646976,-27.525395981425135,-3.3162872579271134,-30.50617389038927,-3.026798102271192
2024-08-04 07:00:00,-21.0,-27.0,-26.708132711218028,-5.814239247422455,-6.766435348435617,0.9521961010131618,-84.99885797233787,-17.561208493337034,-64.8936524845495,-15.232870957063724,-27.670717344166174,-5.494164340405669,-35.88718480425223,-8.361788822827094,-37.77022762624393,-7.264053735854659
2024-08-04 08:00:00,-48.0,-13.0,-30.75957550291504,-4.0514427916970135,-5.220358381604038,1.1689155899070252,-92.79144058710067,-7.792582614762793,-68.28319478867101,-3.3895423041214983,-31.196941928734304,-3.5262245845681295,-40.06380679330917,-4.1766219890569385,-41.52612531884543,-3.755897692601501
2024-08-04 09:00:00,-61.0,6.0,-35.81686906394829,-5.05729356103325,-6.390347064132645,1.3330535030993953,-102.56622880860684,-9.774788221506178,-73.69564709280735,-5.4124523041363375,-35.74676198007177,-4.549820051337461,-45.33143953781571,-5.267632744506542,-46.11790791919717,-4.591782600351741
2024-08-04 10:00:00,-55.0,-10.0,-41.74414386970432,-5.927274805756027,-7.480342937126143,1.5530681313701162,-113.48140258637902,-10.915173777772184,-79.96912379317244,-6.273476700365089,-41.086985397671995,-5.340223417600231,-51.3169787026026,-5.985539164786889,-51.251955999192205,-5.134048079995034
2024-08-04 11:00:00,-65.0,-1.0,-46.31045042707067,-4.566306557366356,-6.398616601672624,1.8323100443062683,-123.25890284895593,-9.777500262576902,-84.74333627282905,-4.774212479656608,-44.953814228032066,-3.8668288303600717,-56.48519867897365,-5.168219976371053,-55.9983097908816,-4.746353791689392
2024-08-04 12:00:00,-66.0,-2.0,-49.79770113499413,-3.487250707923461,-5.550419765070256,2.0631690571467947,-126.45597825045196,-3.197075401496031,-82.83692152237306,1.9064147504559905,-47.48785843714218,-2.534044209110116,-58.86064660428104,-2.375447925307382,-58.3039618861366,-2.305652095254996
2024-08-04 13:00:00,-68.0,-4.0,-55.85698352736076,-6.059282392366635,-8.307978582516881,2.248696190150247,-134.410472512394,-7.954494261942017,-86.63677663242201,-3.799855110048952,-52.432897449385756,-4.945039012243575,-63.82605535657006,-4.965408752289024,-62.475002035377315,-4.1710401492407145
2024-08-04 14:00:00,-72.0,-16.0,-65.25596449038652,-9.39898096302576,-11.989034567052391,2.59005360402663,-142.73917726220554,-8.328704749811559,-90.73599201112073,-4.099215378698716,-59.3178813213693,-6.884983871983541,-70.22666486016159,-6.400609503591528,-67.34706096881722,-4.8720589334399085
2024-08-04 15:00:00,-88.0,-11.0,-73.17032195039997,-7.914357460013441,-11.081623185553003,3.167265725539561,-149.1135424791632,-6.374365216957649,-92.79599463977716,-2.0600026286564344,-64.72742782942666,-5.409546508057361,-75.34624677177355,-5.119581911611964,-71.32473209429385,-3.9776711254766264
2024-08-04 16:00:00,-99.0,-1.0,-80.16452040247263,-6.994198452072671,-10.692495924001229,3.6982974719285577,-154.07359690843666,-4.960054429273477,-93.68274226640058,-0.8867476266234213,-69.19333935311566,-4.465911523689004,-79.62042784187486,-4.274181070101312,-74.69565194689645,-3.370919852602602
2024-08-04 17:00:00,-100.0,3.0,-76.98739124181462,3.177129160658013,-1.0246994521539134,4.201828612811926,-137.64314415792234,16.43045275051433,-73.60348194943434,20.079260316966238,-66.55469604919215,2.6386433039235135,-75.94261767224607,3.6778101696287786,-71.1069169983591,3.588734948537352
2024-08-04 18:00:00,-97.0,6.0,-73.01827486108527,3.9691163807293455,-0.0,3.9691163807293455,-122.3266031530272,15.316541004895148,-66.6190814321599,6.984400517274435,-63.960858040783314,2.5938380084088295,-72.43271369643,3.509903975816071,-67.68410994329673,3.4228070550623695
2024-08-04 19:00:00,-91.0,8.0,-69.33056687944001,3.687707981645254,-0.0,3.687707981645254,-109.00091884694494,13.32568430608225,-60.54145257864392,6.077628853515985,-61.446078007166555,2.5147800336167574,-69.08305035024024,3.34966334618976,-64.41707122615084,3.2670387171459003
2024-08-04 20:00:00,-83.0,11.0,-65.89504387271614,3.435523006723866,-0.0,3.435523006723866,-97.40694134915624,11.593977497788698,-55.25249465365934,5.2889579249845795,-58.99705010256742,2.4490279045991326,-65.88631203200792,3.196738318232315,-61.30019502608611,3.116876200064731
2024-08-04 21:00:00,-72.0,17.0,-62.686424386228836,3.2086194864873043,-0.0,3.2086194864873043,-87.3201511019535,10.086790247202739,-50.65038458693792,4.60211006672142,-56.63387837176319,2.3631717308042295,-62.835517125445435,3.0507949065624844,-58.3242750930293,2.9759199330568054
2024-08-04 22:00:00,-55.0,8.0,-59.68272206680876,3.003702319420078,-0.0,3.003702319420078,-78.5339110843961,8.786240017557398,-46.635229371547936,4.015155215389982,-54.10629922851239,2.5275791432507977,-59.924002751927915,2.911514373517517,-55.56855641615673,2.7557186768725654
2024-08-04 23:00:00,-47.0,-4.0,-56.86472271748522,2.817999349323538,-0.0,2.817999349323538,-70.87881031903396,7.6551007653621355,-43.13046199623138,3.5047673753165567,-51.609980487929136,2.4963187405832534,-57.14541021889181,2.778592533036104,-53.16288193365303,2.4056744825037004
2024-08-05 00:00:00,-51.0,-1.0,-54.2155583297888,2.6491643876964237,-0.0,2.6491643876964237,-64.23171392720431,6.647096391829647,-40.0936876607016,3.036774335529782,-49.32123655800282,2.2887439299263157,-54.49367113257006,2.6517390863217534,-50.619386938759796,2.543494994893236
2024-08-05 01:00:00,-52.0,1.0,-51.72035766386386,2.4952006659249424,-0.0,2.4952006659249424,-58.468436914836865,5.763277012367449,-37.47097677386634,2.6227108868352595,-47.67088170422139,1.6503548537814399,-51.962994144734374,2.530676987835683,-48.10324263455401,2.516144304205791
2024-08-05 02:00:00,-51.0,-3.0,-49.36595773675356,2.354399927110297,-0.0,2.354399927110297,-53.44916319516319,5.01927371967368,-35.18366018910359,2.2873165847627486,-45.86664500690656,1.8042366973148292,-49.54785230449979,2.415141840234581,-45.707277411906404,2.395965222647601
2024-08-05 03:00:00,-54.0,2.0,-47.14066413850928,2.2252935982442783,-0.0,2.2252935982442783,-49.08121338844891,4.367949806714276,-33.19221721615002,1.9914429729535745,-44.08261751026479,1.7840274966417682,-47.242970987568,2.3048813169317874,-43.422061774582055,2.2852156373243484
2024-08-05 04:00:00,-52.0,6.0,-45.034050766653195,2.1066133718560867,-0.0,2.1066133718560867,-45.283696330904874,3.7975170575440336,-31.46199987834265,1.7302173378073704,-42.434048326784975,1.6485691834798168,-45.04331637654722,2.199654611020781,-41.235190616704934,2.1868711578771243
2024-08-05 05:00:00,-46.0,14.0,-43.03679159227366,1.9972591743795358,-0.0,1.9972591743795358,-41.976732169087676,3.306964161817201,-29.953364890346535,1.5086349879961154,-40.74643866885638,1.6876096579285969,-42.94408446718979,2.09923190935743,-39.15330139358878,2.0818892231161557
2024-08-05 06:00:00,-32.0,5.0,-41.14051861620046,1.8962729760731993,-0.0,1.8962729760731993,-39.08820256076985,2.888529608317825,-28.629197195959446,1.3241676943870895,-38.92105060662894,1.825388062227437,-40.94069057653738,2.0033938906524122,-37.22943410751778,1.9238672860709953
2024-08-05 07:00:00,-27.0,-7.0,-39.3377013636432,1.8028172525572599,-0.0,1.8028172525572599,-36.57751680377012,2.5106857569997247,-27.479332001579454,1.1498651943799916,-37.19292590981119,1.7281246968177526,-39.02875933005973,1.9119312464776508,-35.37223865503871,1.8571954524790788
2024-08-05 08:00:00,-34.0,3.0,-37.62154418905068,1.7161571745925208,-0.0,1.7161571745925208,-34.39872076878044,2.178796034989679,-26.484295027848294,0.9950369737311603,-35.60615503210997,1.5867708777012213,-37.20411510591908,1.824644224140647,-33.56712769790565,1.805110957133057
2024-08-05 09:00:00,-31.0,5.0,-35.98589838463404,1.6356458044166402,-0.0,1.6356458044166402,-32.50945859851475,1.8892621702656927,-25.62476773120043,0.8595272966478649,-34.19952369087113,1.4066313412388345,-35.46277291549072,1.7413421904283637,-31.826272083827163,1.740855614078482
2024-08-05 10:00:00,-26.0,-5.0,-34.634470100549606,1.351428284084431,-0.2092834466706416,1.5607117307550726,-30.861050430773222,1.648408167741524,-24.872122021919047,0.7526457092813807,-32.74246928706026,1.4570544038108741,-33.80092970022284,1.6618432152678757,-30.17562664160958,1.6506454422175827
2024-08-05 11:00:00,-31.0,-4.0,-33.13434600380976,1.5001240967398446,-0.0,1.5001240967398446,-29.430664008929586,1.430386421843635,-24.220947467780594,0.6511745541384538,-31.401303900465162,1.3411653865950968,-32.21495602582832,1.5859736743945183,-28.58983229123143,1.585794350378149
2024-08-05 12:00:00,-35.0,0.0,-31.700071282356397,1.4342747214533644,-0.0,1.4342747214533644,-28.186165553383468,1.244498455546119,-23.654278831220402,0.5666686365601896,-30.100773295135397,1.3005306053297665,-30.70138815566856,1.5135678701597621,-27.075810825746398,1.5140214654850335
2024-08-05 13:00:00,-35.0,4.0,-30.612221649184818,1.0878496331715788,-0.28484822743749433,1.3726978606090732,-27.103144794988513,1.0830207583949556,-23.160896728809057,0.4933821024113457,-28.83543920167463,1.2653340934607669,-29.25692048601789,1.4444676696506689,-25.630814545229807,1.44499628051659
2024-08-05 14:00:00,-31.0,3.0,-29.42799699418849,1.1842246549963262,-0.14267013392029457,1.3268947889166207,-26.160244692435562,0.9429001025529512,-22.73091885273551,0.4299778760735483,-27.599211768512877,1.2362274331617535,-27.878398326687304,1.3785221593305876,-24.252566688202556,1.3782478570272523
2024-08-05 15:00:00,-28.0,6.0,-28.150079563807157,1.2779174303813343,-0.0,1.2779174303813343,-25.346008588709683,0.814236103725878,-22.362863163859515,0.36805568887599516,-26.515015778241246,1.0841959902716305,-26.56281101124047,1.315587315446833,-22.92794524443193,1.3246214437706272
2024-08-05 16:00:00,-22.0,6.0,-26.923981286513698,1.2260982772934585,-0.0,1.2260982772934585,-24.635810529021317,0.7101980596883664,-22.04079607648904,0.322067087370474,-25.422788276652334,1.0922275015889127,-25.30728532175495,1.2555256894855205,-21.664821211327418,1.2631240331045093
2024-08-05 17:00:00,-16.0,3.0,-25.746592781152206,1.1773885053614905,-0.0,1.1773885053614905,-24.015066460745352,0.6207440682759664,-21.757686996122636,0.2831090803664041,-24.314978312849043,1.1078099638032899,-24.109079213768347,1.198206107986602,-20.46289389639149,1.2019273149359282
2024-08-05 18:00:00,-13.0,0.0,-24.615049717542,1.1315430636102066,-0.0,1.1315430636102066,-23.473509222766182,0.5415572379791691,-21.509836938601943,0.2478500575206953,-23.22235715413545,1.0926211587135921,-22.96557582770485,1.1435033860634978,-19.318397520004165,1.1444963763873228
2024-08-05 19:00:00,-13.0,2.0,-23.52670905470216,1.0883406628398387,-0.0,1.0883406628398387,-22.994719864645923,0.4787893581202607,-21.28654826609554,0.2232886725064031,-22.11355420764407,1.1088029464913811,-21.874277773703188,1.0912980540016628,-18.256676858779773,1.0617206612243917
2024-08-05 20:00:00,-11.0,-1.0,-23.036435283166508,0.49027377153565155,-0.5573072836469977,1.0475810551826492,-22.57790223677837,0.41681762786755033,-21.091987506798837,0.19456075929670386,-21.046268689651885,1.0672855179921867,-20.83280167736421,1.041476096338979,-17.2446426754374,1.0120341833423716
2024-08-05 21:00:00,-12.0,4.0,-22.006961405975296,1.029473877191212,-0.0,1.029473877191212,-22.22085540803056,0.3570468287478114,-20.928273307148014,0.16371419965082115,-20.040544403667216,1.0057242859846702,-19.838872974506074,0.9939287028581338,-16.25198740321788,0.9926552722195228
2024-08-05 22:00:00,-8.0,1.0,-21.01499513322061,0.9919662727546863,-0.0,0.9919662727546863,-21.911694073657543,0.30916133437301574,-20.787288630566312,0.14098467658170322,-19.078664892538193,0.9618795111290217,-18.89032094355892,0.948552030947154,-15.299865646132044,0.9521217570858345
2024-08-05 23:00:00,-7.0,-1.0,-20.698060931882225,0.31693420133838424,-0.6395494441074814,0.9564836454458656,-21.638953643804584,0.2727404298529583,-20.660847349596185,0.12644128097012816,-18.130762886542666,0.9479020059955261,-17.985073964749823,0.9052469788090972,-14.605369915308666,0.694495730823379
2024-08-06 00:00:00,-8.0,-3.0,-20.09493785836024,0.6031230735219846,-0.3421600542045044,0.945283127726489,-21.405384123243106,0.2335695205614761,-20.55453795667472,0.10630939292146281,-17.231255232649183,0.8995076538934819,-17.12115499572423,0.8639189690255935,-13.727794804204184,0.8775751111044832
2024-08-06 01:00:00,-11.0,-2.0,-19.170787008726485,0.9241508496337559,-0.0,0.9241508496337559,-21.202202341299323,0.20318178194378422,-20.462058655685816,0.0924793009889053,-16.361434760194463,0.8698204724547209,-16.296677253722684,0.8244777420015444,-12.889808527472352,0.8379862767318309
2024-08-06 02:00:00,-13.0,0.0,-18.27855317382147,0.8922338349050136,-0.0,0.8922338349050136,-21.029203893435216,0.17299844786410615,-20.385355590017134,0.07670306566868153,-15.543522208094128,0.8179125521003356,-15.509840094882817,0.7868371588398672,-12.082123633009077,0.8076848944632755
2024-08-06 03:00:00,-13.0,3.0,-17.804103367224037,0.47444980659743524,-0.38750147679650077,0.861951283393936,-20.87332656639929,0.15587732703592874,-20.313250647368204,0.07210494264892914,-14.724446885552167,0.8190753225419611,-14.758925081667051,0.7509150132157657,-11.343977446675149,0.7381461863339276
2024-08-06 04:00:00,-10.0,0.0,-16.95804206394556,0.8460613032784796,-0.0,0.8460613032784796,-20.73867984126773,0.1346467251315614,-20.25147556679126,0.061775080576943336,-13.935245460109495,0.7892014254426718,-14.042292229827387,0.7166328518396651,-10.615456894580365,0.728520552094783
2024-08-06 05:00:00,-10.0,-4.0,-17.09173659212717,-0.13369452818161165,-0.9517869267690744,0.8180923985874627,-21.297228228639213,-0.558548387371486,-20.80641520493066,-0.5549396381393994,-13.67121417925119,0.2640312808583053,-13.358376426710683,0.683915803116705,-10.771006754168369,-0.1555498595880031
2024-08-06 06:00:00,-14.0,-1.0,-16.26925582299193,0.8224807691352409,-0.0,0.8224807691352409,-21.107578117823124,0.18965011081609,-20.680696505895714,0.12571869903494295,-12.917316671543082,0.7538975077081091,-12.705684013082097,0.6526924136285853,-10.068075457958969,0.702931296209399
2024-08-06 07:00:00,-15.0,-4.0,-15.504673688465843,0.7645821345260863,-0.031087662719125105,0.7956697972452114,-20.94217773027038,0.16540038755274453,-20.570900523875554,0.10979598202016105,-12.188125719946148,0.7291909515969339,-12.082789521001448,0.622894492080648,-9.39809789185943,0.6699775660995382
2024-08-06 08:00:00,-19.0,2.0,-14.733529052420065,0.7711446360457769,-0.0,0.7711446360457769,-20.80197839394835,0.14019933632203083,-20.479059065842883,0.09184145803267078,-11.490137339379396,0.6979883805667527,-11.488332560628077,0.5944569603733718,-8.74976278857374,0.64833510328569
2024-08-06 09:00:00,-17.0,4.0,-13.98673121015044,0.7467978422696254,-0.0,0.7467978422696254,-20.674408350660915,0.127570043287436,-20.393554040234765,0.08550502560811718,-10.811146202243354,0.6789911371360424,-10.921014849155046,0.5673177114730299,-8.14591529336397,0.6038474952097709
2024-08-06 10:00:00,-13.0,2.0,-13.263139246607478,0.7235919635429621,-0.0,0.7235919635429621,-20.56931618848331,0.1050921621776045,-20.32504145100179,0.06851258923297199,-10.155941147415987,0.6552050548273665,-10.37959737538395,0.541417473771097,-7.553660640006567,0.5922546533574031
2024-08-06 11:00:00,-11.0,3.0,-12.561682699904255,0.7014565467032242,-0.0,0.7014565467032242,-20.47851100844802,0.09080518003529094,-20.266050977312787,0.05899047368900453,-9.521972160177024,0.6339689872389642,-9.862897693747778,0.5166996816361724,-6.9871998719408825,0.5664607680656841
2024-08-06 12:00:00,-8.0,4.0,-11.881356190022126,0.6803265098821293,-0.0,0.6803265098821293,-20.39993610990756,0.07857489854046013,-20.21514678701021,0.05090419030257723,-8.90775539862673,0.6142167615502944,-9.36978734187207,0.49311035187570695,-6.445734644329829,0.541465227611053
2024-08-06 13:00:00,-4.0,4.0,-11.221214532699253,0.6601416573228727,-0.0,0.6601416573228727,-20.331275007370134,0.06866110253742626,-20.1705528903461,0.04459389666410641,-8.31109533907859,0.596660059548139,-8.899189376034345,0.47059796583772606,-5.929153446528921,0.5165811978009085
2024-08-06 14:00:00,0.0,3.0,-10.580368288028843,0.6408462446704097,-0.0,0.6408462446704097,-20.268193652957635,0.06308135441249803,-20.128407556480592,0.042145333865508235,-7.733426458645215,0.5776688804333758,-8.45007601913928,0.4491133568950654,-5.442341040050059,0.48681240647886165
2024-08-06 15:00:00,3.0,-1.0,-9.957979699217065,0.622388588811779,-0.0,0.622388588811779,-20.21393983074552,0.054253822212114396,-20.09236197239458,0.036045584086012876,-7.173294226941303,0.5601322317039115,-8.021466416072897,0.42860960306638163,-4.976043889185361,0.4662971508646986
2024-08-06 16:00:00,2.0,-2.0,-9.35325898210183,0.6047207171152348,-0.0,0.6047207171152348,-20.163732255224616,0.050207575520902596,-20.05799388654515,0.03436808584943109,-6.64111541877246,0.5321788081688432,-7.612424491533468,0.40904192453942945,-4.53932358543263,0.4367203037527311
2024-08-06 17:00:00,0.0,0.0,-9.259318493311259,0.09394048879057132,-0.4938575627878869,0.5877980515784582,-20.119694338576025,0.04403791664859039,-20.027732219491945,0.030261667053206806,-6.414688151300005,0.22642726747245465,-7.222056905660673,0.3903675858727951,-4.608317839500629,-0.06899425406799858
2024-08-06 18:00:00,0.0,-1.0,-8.674127746056834,0.5851907472544244,-0.0,0.5851907472544244,-20.080064342008477,0.03962999656754839,-20.00008494567914,0.027647273812805177,-5.918225611177182,0.4964625401228229,-6.849511102998177,0.3725458026624964,-4.19470259080466,0.4136152486959689
2024-08-06 19:00:00,-1.0,-1.0,-8.105048382600856,0.5690793634559784,-0.0,0.5690793634559784,-20.046478110134725,0.033586231873751586,-19.97691920107281,0.023165744606331654,-5.433694633282688,0.484530977894495,-6.493973450528563,0.3555376524696132,-3.796144702901275,0.3985578879033848
2024-08-06 20:00:00,-2.0,0.0,-7.551421134373875,0.5536272482269808,-0.0,0.5536272482269808,-20.015992883499184,0.030485226635541807,-19.95549805376263,0.021421147310182746,-4.974894238732125,0.458800394550563,-6.15466746071415,0.3393059898144133,-3.420871132935958,0.37527356996531724
2024-08-06 21:00:00,-2.0,1.0,-7.062988364233981,0.48843277013989467,-0.050366029273356136,0.5387987994132508,-19.992076813814094,0.02391606968509006,-19.939462347649403,0.016035706113224645,-4.514884032797216,0.46001020593490827,-5.830852095662825,0.3238153650513247,-3.05255373463021,0.3683173983057476
2024-08-06 22:00:00,-1.0,-1.0,-6.53710470427846,0.525883659955521,-0.0,0.525883659955521,-19.96910454543662,0.02297226837747509,-19.923346076144842,0.016116271504560697,-4.085553444856426,0.4293305879407895,-5.521820148715249,0.3090319469475762,-2.708944023118457,0.3436097115117527
2024-08-06 23:00:00,-2.0,1.0,-6.024951307199947,0.5121533970785124,-0.0,0.5121533970785124,-19.949631128852985,0.019473416583631255,-19.909834771873413,0.013511304271428907,-3.667439404038235,0.41811404081819126,-5.226896699918825,0.2949234487964234,-2.3787412709742135,0.33020275214424355
2024-08-07 00:00:00,-1.0,0.0,-5.525995121327389,0.4989561858725575,-0.0,0.4989561858725575,-19.933592003803913,0.01603912504907399,-19.898980027975583,0.010854743897831786,-3.2570921597045843,0.41034724433365094,-4.945437642015236,0.28145905790358894,-2.060049119182573,0.3186921517916407
2024-08-07 01:00:00,-1.0,0.0,-5.039730420791146,0.48626470053624254,-0.0,0.48626470053624254,-19.917675876607706,0.01591612719620624,-19.887574862802232,0.011405165173349977,-2.8773707984608254,0.37972136124375905,-4.676828273722318,0.26860936829291715,-1.7636996424311682,0.2963494767514048
2024-08-07 02:00:00,-1.0,0.0,-4.565677072423441,0.4740533483677063,-0.0,0.4740533483677063,-19.905619004309475,0.0120568722982296,-19.879439257903613,0.008135604898619326,-2.4956596496858423,0.3817111487749832,-4.4204819572380405,0.25634631648427764,-1.4734157808081652,0.29028386162300307
2024-08-07 03:00:00,-1.0,0.0,-4.1033789331719746,0.4622981392514659,-0.0,0.4622981392514659,-19.893878846601055,0.011740157708421677,-19.871110795690168,0.008328462213446117,-2.1382085695969932,0.3574510800888491,-4.175838837034589,0.2446431202034518,-1.2011884824684214,0.2722272983397439
2024-08-07 04:00:00,-1.0,1.0,-3.730320721252112,0.37305821191986244,-0.07791835456894733,0.4509765664888098,-19.885697457626996,0.00818138897405845,-19.865894469660553,0.005216326029613502,-1.777058360611628,0.36115020898536526,-3.9423646171444373,0.23347421989015138,-0.9906926175034141,0.21049586496500722
2024-08-07 05:00:00,0.0,3.0,-3.28837793270504,0.4419427885470723,-0.0,0.4419427885470723,-19.87778200037657,0.007915457250426918,-19.860558736578845,0.005335733081707594,-1.4335921698358205,0.34346619077580737,-3.719549394268018,0.22281522287641953,-0.7353933099757362,0.2552993075276779
2024-08-07 06:00:00,3.0,1.0,-2.857018723015554,0.4313592096894856,-0.0,0.4313592096894856,-19.870151019118417,0.007630981258153966,-19.85517216618479,0.00538657039405572,-1.1090654416490362,0.3245267281867844,-3.506906544154515,0.2126428501135027,-0.4944804877498452,0.24091282222589092
2024-08-07 07:00:00,4.0,-7.0,-2.4358659415684527,0.42115278144710133,-0.0,0.42115278144710133,-19.862212339715995,0.007938679402420804,-19.84918672310682,0.005985443077971321,-0.8095142326829905,0.2995512089660457,-3.3039716588236665,0.20293488533084858,-0.2701217773672825,0.2243587103825627
2024-08-07 08:00:00,-3.0,1.0,-2.024560198362585,0.4113057432058673,-0.0,0.4113057432058673,-19.857763991915764,0.00444834780022962,-19.846434457731156,0.0027522653756609622,-0.49562148213814383,0.31389275054484667,-3.1103015323074796,0.19367012651618665,-0.04591105586864663,0.22421072149863586
2024-08-07 09:00:00,-2.0,0.0,-3.7087398501874955,-1.6841796518249104,-2.085981021824438,0.4018013699995277,-24.70994216698228,-4.8521781750665145,-24.69765514896305,-4.851220691231896,-2.5156963359833555,-2.0200748538452116,-5.266980039292592,-2.156678506985112,-2.7360368230053496,-2.6901257671367027
2024-08-07 10:00:00,-2.0,-4.0,-4.077901133325322,-0.3691612831378269,-0.81058427742084,0.4414229942830131,-24.354632426248013,0.35530974073426713,-23.587126328431694,1.1105288205313562,-2.941422878862077,-0.42572654287872164,-5.050590686642838,0.21638935264975379,-3.4250800993025674,-0.6890432762972178
2024-08-07 11:00:00,-6.0,2.0,-3.62754443144602,0.4503567018793021,-0.0,0.4503567018793021,-23.766016814791893,0.588615611456122,-23.098774861158965,0.48835146727272766,-2.5555416248416596,0.3858812540204177,-4.777180677023449,0.273410009619389,-3.05884999036114,0.36623010894142705
2024-08-07 12:00:00,-4.0,7.0,-3.1880743600710195,0.4394700713750006,-0.0,0.4394700713750006,-23.254012144326506,0.5120046704653868,-22.673936483043974,0.4248383781149911,-2.1822129366211134,0.3733286882205461,-4.5162528869717224,0.26092779005172684,-2.7088490826613567,0.3500009076997834
2024-08-07 13:00:00,3.0,3.0,-2.7590993456950605,0.428975014375959,-0.0,0.428975014375959,-22.808228377391572,0.44578376693493277,-22.303932556002813,0.3700039270411624,-1.8246026648560107,0.3576102717651027,-4.267237455107849,0.24901543186387376,-2.3758717491444883,0.33297733351686853
2024-08-07 14:00:00,6.0,3.0,-2.340246425298153,0.4188529203969073,-0.0,0.4188529203969073,-22.419538795796356,0.38868958159521455,-21.981124239504634,0.3228083164981777,-1.4872626312878034,0.33734003356820735,-4.029590536417974,0.23764691868987553,-2.0612430816787204,0.31462866746576795
2024-08-07 15:00:00,9.0,1.0,-1.9311601511919998,0.40908627410615334,-0.0,0.40908627410615334,-22.081278592049355,0.33826020374700067,-21.70013891340166,0.28098532610297383,-1.1628050572559998,0.3244575740318036,-3.8027931145069283,0.22679742191104557,-1.7612408916133864,0.30000219006533396
2024-08-07 16:00:00,10.0,3.0,-1.531501572444655,0.39965857874734484,-0.0,0.39965857874734484,-21.786742443697435,0.2945361483519214,-21.45539566652082,0.2447432468808401,-0.8523545429585369,0.31045051429746295,-3.586349868076196,0.21644324643073198,-1.4758392385124954,0.2854016531008909
2024-08-07 17:00:00,13.0,2.0,-1.1409472866984827,0.3905542857461724,-0.0,0.3905542857461724,-21.530041968278958,0.2567004754184758,-21.241983684117706,0.21341198240311254,-0.557765608242623,0.2945889347159138,-3.3797880891515257,0.20656177892467031,-1.2053188391321983,0.2705203993802972
2024-08-07 18:00:00,15.0,0.0,-0.759188556761621,0.3817587299368617,-0.0,0.3817587299368617,-21.30584413173346,0.22419783654549974,-21.055419988209078,0.1865636959086283,-0.2835775727921871,0.2741880354504359,-3.1826566506976155,0.19713143845391023,-0.951140686747177,0.25417815238502134
2024-08-07 19:00:00,15.0,-2.0,-0.3859304868608087,0.3732580699008123,-0.0,0.3732580699008123,-21.111724021923578,0.19412010980987884,-20.894016420624954,0.16140356758412522,-0.008681668326781133,0.27489590446540596,-2.994525021365164,0.1881316293324511,-0.7040430687795896,0.2470976179675875
2024-08-07 20:00:00,13.0,-3.0,-0.020891253899997797,0.3650392329608109,-0.0,0.3650392329608109,-20.94382058938614,0.16790343253744047,-20.75455443823872,0.1394619823862331,0.26718615284305336,0.2758678211698345,-2.814982325218512,0.17954269614665197,-0.4639894397189346,0.24005362906065497
2024-08-07 21:00:00,10.0,-3.0,-1.8419235690216067,-1.8210323151216088,-2.1781221795412797,0.357089864419671,-26.002629953565105,-5.058809364178965,-25.69425677212472,-4.939702333885999,-1.9106462083790356,-2.177832361222089,-5.1595369526461585,-2.3445546274276463,-3.2507376566502346,-2.7867482169313
2024-08-07 22:00:00,7.0,-3.0,-3.3114456001922807,-1.4695220311706743,-1.8671386888288675,0.39761665765819326,-29.179678624826217,-3.1770486712611117,-27.997500126604635,-2.303243354479914,-3.5926895887976764,-1.6820433804186408,-6.728159440357288,-1.5686224877111299,-5.324105882423487,-2.073368225773252
2024-08-07 23:00:00,4.0,-4.0,-3.294908133926051,0.01653746626622965,-0.41537099162454466,0.4319084578907743,-27.96223187267914,1.2174467521470744,-26.934799280072898,1.062700846531737,-3.517269141064594,0.07542044773308243,-6.378161958491133,0.3499974818661553,-5.208374053539217,0.11573182888426992
2024-08-08 00:00:00,0.0,1.0,-4.527513242323417,-1.232605108397366,-1.6641197687094993,0.4315146603121333,-30.23055317315969,-2.2683213004805514,-28.230470609126442,-1.2956713290535449,-4.838452134870053,-1.3211829938054591,-7.496433288406076,-1.1182713299149423,-6.85489769086484,-1.6465236373256231
2024-08-08 01:00:00,1.0,-1.0,-4.066155041380907,0.46135820094250996,-0.0,0.46135820094250996,-28.877597761447635,1.3529554117120577,-27.138617783564268,1.0918528255621731,-4.390327496307203,0.4481246385628495,-7.111361147522178,0.38507214088389774,-6.335405423768469,0.5194922670963711
2024-08-08 02:00:00,0.0,-1.0,-3.616083973616096,0.4500710677648108,-0.0,0.4500710677648108,-27.700575133336606,1.1770226281110308,-26.188612557803836,0.9500052257604323,-3.9574537011261506,0.43287379518105296,-6.743869032397373,0.3674921151248054,-5.839204074544843,0.49620134922362646
2024-08-08 03:00:00,-1.0,1.0,-3.1768892020006656,0.43919477161543047,-0.0,0.43919477161543047,-26.67602501870036,1.0245501146362446,-25.361444745798856,0.8271678120049792,-3.543733456973593,0.4137202441525574,-6.393154347172658,0.3507146852247147,-5.367507716594718,0.4716963579501252
2024-08-08 04:00:00,0.0,1.0,-3.276340304524997,-0.09945110252433126,-0.5281606574662057,0.4287095549418744,-25.78601183963928,0.890013179061081,-24.64304540155921,0.7183993442396456,-3.585705588172222,-0.04197213119862869,-6.05845113757999,0.3347032095926683,-5.416260217738108,-0.04875250114339069
2024-08-08 05:00:00,1.0,0.0,-3.6272171815558396,-0.35087687703084264,-0.781949605881637,0.43107272885079434,-25.173686187549563,0.6123256520897142,-23.430699970571727,1.212345430987484,-3.9036238224019852,-0.31791823422976334,-5.739028418112584,0.31942271946740597,-5.824913487345945,-0.4086532696078376
2024-08-08 06:00:00,1.0,-3.0,-3.1877549724781415,0.43946220907769823,-0.0,0.43946220907769823,-24.4797894879184,0.6938966996311654,-22.963858320797453,0.4668416497742723,-3.4766100144390695,0.4270138079629156,-5.434188575566335,0.3048398425462491,-5.346362016422661,0.47855147092328487
2024-08-08 07:00:00,-2.0,-1.0,-2.7587875393267987,0.42896743315134295,-0.0,0.42896743315134295,-23.876484503119862,0.6033049847985384,-22.558030215829604,0.4058281049678475,-3.0614265364152558,0.4151834780238138,-5.143265845465716,0.290922730100619,-4.8883121628549535,0.45804985356770733
2024-08-08 08:00:00,-3.0,4.0,-2.8434280046262597,-0.08464046529946112,-0.5034860722664863,0.4188456069670252,-23.351858021999835,0.5246264811200272,-22.205155666606533,0.3528745492230705,-3.1001794963271654,-0.03875295991190969,-4.865624858046701,0.2776409874190149,-4.957710129947616,-0.06939796709266266
2024-08-08 09:00:00,1.0,2.0,-3.7645642423260024,-0.9211362376997428,-1.3419694336368049,0.42083319593706203,-25.09325796933211,-1.7413999473322774,-23.72646417441622,-1.5213085078096855,-4.08330892478824,-0.9831294284610748,-5.595320641670509,-0.7296957836238078,-6.191200605987391,-1.2334904760397754
2024-08-08 10:00:00,3.0,6.0,-3.321796040743283,0.44276820158271957,-0.0,0.44276820158271957,-24.408729572175414,0.6845283971566959,-23.22012530946354,0.5063388649526771,-3.6573441065096737,0.4259648182785667,-5.297041612393779,0.2982790292767292,-5.699608250730532,0.4915923552568595
2024-08-08 11:00:00,9.0,0.0,-2.889641022126604,0.4321550186166792,-0.0,0.4321550186166792,-23.813614839117605,0.59511473305781,-22.779969286581156,0.44015602288238403,-3.2430085512491287,0.4143355552605452,-5.012380169177796,0.2846614432159835,-5.228793677548741,0.4708145731817911
2024-08-08 12:00:00,9.0,2.0,-2.4677206328427794,0.42192038928382447,-0.0,0.42192038928382447,-23.293770472034982,0.5198443670826244,-22.394883926688163,0.38508535989299303,-2.8595418664565173,0.38346668479261115,-4.740714616791178,0.2716655523866176,-4.787163495440233,0.4416301821085079
2024-08-08 13:00:00,11.0,5.0,-2.0556741622019157,0.41204647064086397,-0.0,0.41204647064086397,-22.84202783977173,0.45174263226324984,-22.060331098148538,0.3345528285396237,-2.485103356615911,0.37443850984060606,-4.4814516427833855,0.25926297400779186,-4.363311419671534,0.4238520757686986
2024-08-08 14:00:00,16.0,4.0,-1.6531577010689094,0.40251646113300643,-0.0,0.40251646113300643,-22.45159668338082,0.3904311563909102,-21.771809040226564,0.2885220579219731,-2.10309918696665,0.38200416964926115,-4.234025021701499,0.24742662108188607,-3.9497789907180687,0.41353242895346587
2024-08-08 15:00:00,20.0,-3.0,-1.2598431727031996,0.39331452836570985,-0.0,0.39331452836570985,-22.109806181227533,0.34179050215328893,-21.51864409662693,0.253164943599636,-1.7510484885615276,0.35205069840512243,-3.9978943784644922,0.23613064323700694,-3.5619249040823897,0.387854086635679
2024-08-08 16:00:00,17.0,2.0,-0.8754174300399943,0.3844257426632053,-0.0,0.3844257426632053,-21.81228244295635,0.29752373827118567,-21.29819188156888,0.22045221505804902,-1.4128081386521556,0.33824034990937196,-3.772544008194231,0.22535037027026106,-3.192232480516345,0.3696924235660445
2024-08-08 17:00:00,19.0,-2.0,-0.49958141415076507,0.3758360158892292,-0.0,0.3758360158892292,-21.55278735159876,0.2594950913575876,-21.105721034039192,0.19247084752968685,-1.092754750895615,0.32005338775654063,-3.557481749925733,0.215062258268498,-2.8418709216401017,0.35036155887624354
2024-08-08 18:00:00,17.0,2.0,-0.13204936909240977,0.3675320450583553,-0.0,0.3675320450583553,-21.331855527162773,0.22093182443598458,-20.94307048143855,0.16265055260064015,-0.7426226519270519,0.3501320989685631,-3.3522379117368866,0.20524383818884684,-2.492371181802789,0.34949973983731236
2024-08-08 19:00:00,19.0,-4.0,0.2274518912209879,0.3595012603133977,-0.0,0.3595012603133977,-21.136386392999984,0.19546913416278827,-20.798288185515833,0.14478229592271655,-0.43071662609049083,0.3119060258365611,-3.1563642449501375,0.1958736667867489,-2.1676386657883318,0.3247325160144573
2024-08-08 20:00:00,15.0,-2.0,0.5791836681072497,0.35173177688626184,-0.0,0.35173177688626184,-20.96832378169455,0.1680626113054327,-20.674302327041815,0.12398585847401901,-0.11157725751788533,0.3191393685726055,-2.9694329651658204,0.18693127978431678,-1.8515871813661167,0.3160514844222152
2024-08-08 21:00:00,13.0,0.0,0.9233960188042272,0.3442123506969775,-0.0,0.3442123506969775,-20.821371226204835,0.14695255548971364,-20.565681181802198,0.10862114523961836,0.19060296828223672,0.30218022580012205,-2.7910358179890853,0.17839714717673538,-1.551838003251303,0.2997491781148136
2024-08-08 22:00:00,13.0,0.0,1.260328356083218,0.33693233727899075,-0.0,0.33693233727899075,-20.694995443472713,0.12637578273212335,-20.472638147876342,0.0930430339258546,0.49572267720994795,0.30511970892771123,-2.6207831874099847,0.17025263057910078,-1.2618045540546015,0.2900334491967016
2024-08-08 23:00:00,13.0,2.0,1.5902100098318126,0.3298816537485946,-0.0,0.3298816537485946,-20.584863883761177,0.11013155971153599,-20.39149418055965,0.08114396731669105,0.7894360190612977,0.2937133418513498,-2.4583032448894473,0.1624799425205372,-0.985310886451962,0.27649366760263944
2024-08-09 00:00:00,15.0,0.0,1.9132607533948525,0.32305074356303976,-0.0,0.32305074356303976,-20.489571311403513,0.09529257235766274,-20.3214097540447,0.0700844265149494,1.0782645196776128,0.28882850061631504,-2.3032411372927513,0.1550621075966958,-0.7201114217154214,0.2651994647365406
2024-08-09 01:00:00,15.0,-1.0,0.23928003169621315,-1.6739807216986393,-1.9904112655344044,0.31643054383576513,-25.03295596296395,-4.543384651560438,-24.81143227537895,-4.490022521334249,-0.9261085129320934,-2.0043730326097062,-4.403380686919058,-2.1001395496263067,-3.2602499106422775,-2.540138488926856
2024-08-09 02:00:00,14.0,-6.0,-0.47369682043108585,-0.712976852127299,-1.0644544433596579,0.3514775912323589,-25.551754970795454,-0.5187990078315053,-24.58419482201094,0.2272374533680106,-1.7557224181826878,-0.8296139052505944,-4.707806477633855,-0.30442579071479714,-4.2564664350941115,-0.9962165244518337
2024-08-09 03:00:00,8.0,0.0,-0.10673327235347568,0.36696354807761017,-0.0,0.36696354807761017,-24.807336475614957,0.7444184951804979,-23.966177163830608,0.6180176581803306,-1.4122421717820217,0.34348024640066616,-4.45004588687493,0.2577605907589242,-3.853302208649705,0.4031642264444065
2024-08-09 04:00:00,8.0,7.0,0.252218082508803,0.3589513548622787,-0.0,0.3589513548622787,-24.1612681206966,0.6460683549183567,-23.42999570090714,0.5361814629234678,-1.0670781368808215,0.3451640349012001,-4.204053059462425,0.24599282741250472,-3.4632366749187415,0.39006553373096353
2024-08-09 05:00:00,15.0,2.0,0.6034177414321027,0.35119965892329974,-0.0,0.35119965892329974,-23.5993625622157,0.5619055584809017,-22.963621930769005,0.4663737701381334,-0.731987341076861,0.3350907958039605,-3.969290751693687,0.23476230776873863,-3.0902964494341894,0.37294022548455213
2024-08-09 06:00:00,17.0,-2.0,0.9471150007035252,0.3436972592714224,-0.0,0.3436972592714224,-23.110320928993055,0.48904163322264266,-22.557632568996205,0.40598936177279954,-0.40959878886226786,0.32238855221459317,-3.745246247109476,0.22404450458421077,-2.7347348466532515,0.3555616027809379
2024-08-09 07:00:00,15.0,-2.0,1.2835485524878372,0.33643355178431206,-0.0,0.33643355178431206,-22.68391098145,0.42640994754305467,-22.20342631450723,0.3542062544889752,-0.10662755996015832,0.30297122890210954,-3.531430236730877,0.21381601037859888,-2.398174605473026,0.3365602411802257
2024-08-09 08:00:00,13.0,-2.0,1.5168223048997027,0.23327375241186557,-0.09612473896648957,0.32939849137835514,-22.31225533127322,0.3716556501767816,-21.89454255479272,0.3088837597145067,0.07503925413889731,0.18166681409905563,-3.3273757504177013,0.2040544863131759,-2.1085279938775043,0.2896466115955218
2024-08-09 09:00:00,11.0,1.0,0.445852740733345,-1.0709695641663577,-1.3955337772869532,0.32456421312059547,-24.16932176733993,-1.8570664360667108,-23.482107916307395,-1.587565361514673,-1.2476734719609888,-1.322712726099886,-4.289035486471268,-0.9616597360535664,-3.595711168910336,-1.487183175032832
2024-08-09 10:00:00,12.0,0.0,0.7929059177173228,0.3470531769839777,-0.0,0.3470531769839777,-23.60498747621757,0.564334291122359,-23.007585947787785,0.4745219685196098,-0.9183946362327815,0.32927883572820726,-4.050393403727232,0.2386420827440363,-3.221107287483414,0.3746038814269222
2024-08-09 11:00:00,12.0,-3.0,1.1325889335380634,0.33968301582074073,-0.0,0.33968301582074073,-23.114675731121025,0.49031174509654407,-22.595348638696205,0.4122373090915804,-0.5944445809826189,0.32395005525016257,-3.8226462508324794,0.22774715289475234,-2.8612643974986134,0.35984288998480063
2024-08-09 12:00:00,9.0,1.0,1.4651349020559203,0.33254596851785684,-0.0,0.33254596851785684,-22.686717042330923,0.4279586887901018,-22.235262558002024,0.3600860806941809,-0.2946874403240151,0.29975714065860376,-3.6052966322939115,0.21734961853856816,-2.522471495749337,0.33879290174927634
2024-08-09 13:00:00,10.0,0.0,1.7907671837115475,0.3256322816556273,-0.0,0.3256322816556273,-22.314213216384452,0.3725038259464697,-21.921761316260053,0.31350124174197086,-0.007230970144008253,0.28745647018000686,-3.3978698606376603,0.20742677165625123,-2.199674089236256,0.322797406513081
2024-08-09 14:00:00,10.0,4.0,2.1096998913676845,0.31893270765613685,-0.0,0.31893270765613685,-21.99167411962256,0.32253909676189185,-21.650512215614977,0.27124910064507485,0.2856668387848932,0.29289780892890144,-3.199912919700588,0.1979569409370725,-1.886071069266759,0.313603019969497
2024-08-09 15:00:00,14.0,1.0,2.422138364940999,0.3124384735733145,-0.0,0.3124384735733145,-21.71074720563363,0.2809269139889276,-21.414172688673975,0.236339526941001,0.5655192135652615,0.2798523747803683,-3.0109934752515155,0.1889194444490725,-1.5876615312786957,0.29840953798806336
2024-08-09 16:00:00,15.0,4.0,2.728279617050802,0.3061412521098029,-0.0,0.3061412521098029,-21.46684095143387,0.24390625419976222,-21.209026268099542,0.20514642057443258,0.8408652755455388,0.27534606198027733,-2.8306989307814043,0.18029454447011117,-1.3011442564555187,0.286517274823177
2024-08-09 17:00:00,19.0,2.0,3.0283127517314794,0.3000331346806773,-0.0,0.3000331346806773,-21.25522128093569,0.2116196704981786,-21.031100432270655,0.17792583582888707,1.112678647744759,0.2718133721992203,-2.65863552640035,0.1720634043810545,-1.0258653392735022,0.27527891718201647
2024-08-09 18:00:00,21.0,-1.0,3.3224193580917394,0.29410660636026,-0.0,0.29410660636026,-21.071338474402708,0.18388280653298048,-20.876507928567833,0.15459250370282315,1.3776994601462031,0.26502081240144404,-2.4944274788733973,0.1642080475269525,-0.7623941923837306,0.2634711468897716
2024-08-09 19:00:00,20.0,-3.0,3.6107738806546315,0.28835452256289207,-0.0,0.28835452256289207,-20.911073809560087,0.1602646648426208,-20.74170603657574,0.13480189199209486,1.6310710473085626,0.2533715871623594,-2.3377161609170334,0.15671131795636395,-0.5116292928832823,0.25076489950044833
2024-08-09 20:00:00,17.0,0.0,3.893543967976325,0.2827700873216936,-0.0,0.2827700873216936,-20.77154521584041,0.13952859371967896,-20.624312646733866,0.11739338984187185,1.8520962728101078,0.2210252255015452,-2.1881593179639514,0.14955684295308203,-0.2724775360186368,0.23915175686464551
2024-08-09 21:00:00,17.0,-4.0,3.7979622391614822,-0.09558172881484295,-0.3729285618560731,0.27734683304123015,-20.64898552701893,0.12255968882147712,-20.520996508034937,0.10331613869892771,1.5805230464793063,-0.27157322633080144,-2.045430320685523,0.14272899727842847,-0.5535712960125809,-0.2810937599939441
2024-08-09 22:00:00,13.0,1.0,3.47766513227539,-0.32029710688609203,-0.5994712291899746,0.2791741223038826,-20.543234258674463,0.10575126834446646,-20.431972835830592,0.08902367220434308,1.0884231875163435,-0.4920998589629629,-1.9092174516394944,0.1362128690460287,-1.13375204030987,-0.580180744297289
2024-08-09 23:00:00,14.0,-1.0,3.243220662990859,-0.23444446928453105,-0.5197856297197756,0.28534116043524455,-20.452027932917822,0.09120632575664235,-20.355307160718766,0.0766656751118273,0.7337954899825752,-0.35462769753376827,-1.7792232244849628,0.12999422715453157,-1.558092839797954,-0.42434079948808406
2024-08-10 00:00:00,13.0,0.0,3.5331185504221034,0.28989788743124445,-0.0,0.28989788743124445,-20.373589799765973,0.07843813315184854,-20.28950852658693,0.06579863413183938,1.0207795692691901,0.2869840792866149,-1.65516373427781,0.12405949020715279,-1.2679566941807177,0.29013614561723633
2024-08-10 01:00:00,13.0,1.0,3.3433697703349234,-0.18974878008718005,-0.47401741139126663,0.2842686313040866,-20.30580253204698,0.06778726771899575,-20.23270862428351,0.05679990230341647,0.7422771073774526,-0.2785024618917376,-1.5367680374276511,0.11839569685015894,-1.6270834355069461,-0.3591267413262285
2024-08-10 02:00:00,14.0,-1.0,3.6313167159113298,0.2879469455764064,-0.0,0.2879469455764064,-20.246867367311445,0.058935164735535325,-20.183325051130378,0.04938357315313134,1.0332901600025115,0.29101305262505894,-1.423777559962135,0.11299047746551616,-1.3327124019910528,0.2943710335158933
2024-08-10 03:00:00,13.0,-2.0,2.7906662374185442,-0.8406504784927857,-1.1230248054279381,0.28237432693515235,-21.763649845590656,-1.5167824782792114,-21.656970485993565,-1.4736454348631862,0.042585520671444055,-0.9907046393310674,-2.1299846289231845,-0.7062070689610496,-2.6365210038414877,-1.303808601850435
2024-08-10 04:00:00,11.0,-2.0,1.2469512303427688,-1.5437150070757755,-1.8425109559890762,0.29879594891330075,-25.614403608229257,-3.8507537626386,-25.238588028622623,-3.5816175426290573,-1.7174754004794526,-1.7600609211508966,-3.997385983023868,-1.8674013541006838,-4.8045308500449515,-2.1680098462034643
2024-08-10 05:00:00,9.0,-4.0,-0.36532662613002587,-1.6122778564727946,-1.9424380202067475,0.33016016373395285,-29.21826276921587,-3.6038591609866124,-28.04943780812916,-2.8108497795065372,-3.4819039315672407,-1.764428531087788,-5.82707399696681,-1.8296880139429417,-6.882413150189592,-2.077882300144641
2024-08-10 06:00:00,5.0,-1.0,-0.7805076644964681,-0.4151810383664422,-0.7797692558844189,0.3645882175179767,-28.15743010956858,1.0608326596472906,-25.861662404511538,2.1877754036176227,-3.8039128630286005,-0.32200893146135995,-5.518214534770387,0.30885946219642313,-7.160608421666179,-0.2781952714765871
2024-08-10 07:00:00,4.0,-1.0,-0.40677740310487087,0.37373026139159726,-0.0,0.37373026139159726,-27.074762910537178,1.082667199031403,-25.07822844110096,0.7834339634105769,-3.3861141033084694,0.4177987597201311,-5.223455696132159,0.29475883863822694,-6.624517717375967,0.5360907042902128
2024-08-10 08:00:00,3.0,-2.0,-0.04128155050673288,0.365495852598138,-0.0,0.365495852598138,-26.133126347192267,0.9416365633449117,-24.3968227644594,0.6814056766415619,-2.9805649112777317,0.40554919203073786,-4.942153733299296,0.281301962832863,-6.111708588099386,0.51280912927658
2024-08-10 09:00:00,1.0,3.0,0.3162500407577845,0.3575315912645174,-0.0,0.3575315912645174,-25.31890679422794,0.8142195529643291,-23.808910589425377,0.5879121750340225,-2.560514318020825,0.4200505932569066,-4.67369428808231,0.26845944521698595,-5.610576027814448,0.501132560284939
2024-08-10 10:00:00,4.0,4.0,0.6660757978503424,0.34982575709255787,-0.0,0.34982575709255787,-24.607353755360503,0.7115530388674374,-23.29417179597572,0.5147387934496547,-2.1701125999519912,0.3904017180688338,-4.417491050108344,0.2562032379739665,-5.138356128542676,0.4722198992717716
2024-08-10 11:00:00,8.0,2.0,1.0084430577361627,0.3423672598858203,-0.0,0.3423672598858203,-23.988756154380525,0.6185976009799781,-22.846735286225517,0.44743650975020616,-1.7894152716883438,0.3806973282636475,-4.172984476330355,0.2445065737779888,-4.686374457224363,0.451981671318313
2024-08-10 12:00:00,10.0,11.0,1.3435886569987423,0.33514559926257964,-0.0,0.33514559926257964,-23.452010429013402,0.5367457253671221,-22.458840168835934,0.3878951173895814,-1.4119321408867593,0.37748313080158447,-3.9396405689956406,0.23334390733471455,-4.251809824552794,0.43456463267156925
2024-08-10 13:00:00,21.0,2.0,1.6717394843453204,0.328150827346578,-0.0,0.328150827346578,-22.98231415803647,0.46969627097693223,-22.11859627557533,0.3402438932606007,-1.065339970877109,0.34659217000965037,-3.7169497094047994,0.22269085959084145,-3.8432227991245256,0.4085870254282682
2024-08-10 14:00:00,23.0,3.0,1.9931129985316516,0.32137351418633114,-0.0,0.32137351418633114,-22.570028945810865,0.4122852122256057,-21.818894090254993,0.2997021853203374,-0.7648262666059863,0.3005137042711227,-3.5044255449140893,0.2125241644907101,-3.466464644301979,0.37675815482254654
2024-08-10 15:00:00,26.0,-8.0,1.6707879627635274,-0.32232503576812427,-0.6371297514451382,0.3148047156770139,-22.205742417017284,0.36428652879358125,-21.552521465308622,0.26637262494637154,-1.2409562137699086,-0.4761299471639224,-3.359033851335014,0.1453916935790749,-3.7646732732641963,-0.29820862896221706
2024-08-10 16:00:00,18.0,0.0,1.992181026534356,0.32139306377082855,-0.0,0.32139306377082855,-21.89257085651565,0.3131715605016346,-21.324496653341082,0.228024811967541,-0.9549185914440571,0.2860376223258515,-3.162849923741243,0.1961839275937709,-3.4009037121052828,0.36376956115891346
2024-08-10 17:00:00,18.0,1.0,2.3070046934350223,0.31482366690066654,-0.0,0.31482366690066654,-21.62226612500857,0.27030473150708234,-21.12823782707296,0.19625882626812038,-0.6550136638390405,0.29990492760501664,-2.975622547750249,0.18722737599099393,-3.0427187505171753,0.3581849615881073
2024-08-10 18:00:00,19.0,1.0,2.6154590143099083,0.3084543208748859,-0.0,0.3084543208748859,-21.384868559133608,0.23739756587496127,-20.955236940815887,0.17300088625707527,-0.39180849715964694,0.26320516667939353,-2.7969428222986417,0.17867972545160749,-2.7120153751024496,0.3307033754147259
2024-08-10 19:00:00,20.0,-3.0,2.917735979144248,0.3022769648343397,-0.0,0.3022769648343397,-21.1791022267989,0.20576633233470792,-20.805472483319978,0.14976445749590825,-0.12893311117727668,0.26287538598237026,-2.6264205142308428,0.1705223080677989,-2.3920207484606237,0.31999462664182604
2024-08-10 20:00:00,17.0,-2.0,3.2140199198052777,0.29628394066102987,-0.0,0.29628394066102987,-21.000293813612085,0.17880841318681595,-20.675366043225516,0.13010644009446157,0.12680042295596183,0.2557335341332385,-2.463683206037225,0.16273730819361765,-2.085402028790317,0.30661871967030657
2024-08-10 21:00:00,15.0,-2.0,3.504487888837594,0.2904679690323164,-0.0,0.2904679690323164,-20.84179449096685,0.1584993226452352,-20.55922347330046,0.11614256992505612,0.3339170714324334,0.20711664847647154,-2.3083754825012828,0.15530772353594235,-1.810516350538632,0.27488567825168503
2024-08-10 22:00:00,13.0,3.0,3.789310015959686,0.284822127122092,-0.0,0.284822127122092,-20.709641893384262,0.13215259758259063,-20.463900431056743,0.09532304224371596,0.6048379451749484,0.27092087374251494,-2.1601581544794914,0.1482173280217911,-1.5179730734350247,0.2925432771036072
2024-08-10 23:00:00,16.0,9.0,4.068649843780255,0.2793398278205692,-0.0,0.2793398278205692,-20.59305778215362,0.11658411123064533,-20.379347263096633,0.08455316796010771,0.8482547363578377,0.24341679118288923,-2.018707518118608,0.1414506363608834,-1.2451317191949998,0.27284135424002487
2024-08-11 00:00:00,25.0,6.0,4.3426646441357475,0.27401480035549225,-0.0,0.27401480035549225,-20.48506056675481,0.10799721539880765,-20.29921254988844,0.08013471320819142,0.9887327601532634,0.14047802379542573,-1.8837146478925488,0.13499287022605921,-1.0279284643224607,0.21720325487253922
2024-08-11 01:00:00,31.0,7.0,4.6115057163434106,0.26884107220766335,-0.0,0.26884107220766335,-20.38766077189409,0.09739979486072031,-20.226046163606632,0.07316638628181044,1.0606698379675723,0.07193707781430897,-1.7548847219148596,0.12882992597768927,-0.8575282898936438,0.1704001744288169
2024-08-11 02:00:00,38.0,0.0,4.875318668566221,0.26381295222281087,-0.0,0.26381295222281087,-20.29438519376161,0.09327557813248202,-20.15385267803709,0.07219348556954294,0.9301196615557759,-0.1305501764117964,-1.631936378053267,0.12294834386159259,-0.8483918048290152,0.009136485064628608
2024-08-11 03:00:00,38.0,-9.0,5.13424368339632,0.2589250148300983,-0.0,0.2589250148300983,-20.209508630618977,0.08487656314263348,-20.087311882733946,0.0665407953031428,0.6983235810164969,-0.23179608053927886,-1.51460109944008,0.11733527861318693,-0.9428994606910552,-0.09450765586203996
2024-08-11 04:00:00,29.0,6.0,5.388415768681393,0.2541720852850741,-0.0,0.2541720852850741,-20.13351265829757,0.07599597232140944,-20.02726153798234,0.0600503447516038,0.4101254982127111,-0.28819808280378584,-1.4026226280364076,0.11197847140367245,-1.1052439912496754,-0.16234453055862025
2024-08-11 05:00:00,35.0,5.0,5.637964994543073,0.2495492258616798,-0.0,0.2495492258616798,-20.060779079149754,0.0727335791478172,-19.968399466546938,0.058862071435402105,-0.10020913416312421,-0.5103346323758353,-1.295756404969428,0.10686622306697968,-1.5497761848169573,-0.44453219356728185
2024-08-11 06:00:00,40.0,-21.0,-0.31314769470538373,-5.951112689248457,-6.196164412172573,0.2450517229241162,-28.5119413669357,-8.451162287785948,-28.35703899464433,-8.388639528097393,-7.12293604640409,-7.022726912240965,-8.278853653694778,-6.9830972487253495,-6.995552436955682,-5.445776252138725
2024-08-11 07:00:00,19.0,0.0,0.050299580809058664,0.3634472755144424,-0.0,0.3634472755144424,-27.349317890895655,1.1626234760400465,-27.215694171824982,1.1413448228193488,-7.251265522687602,-0.12832947628351193,-7.858061010817045,0.4207926428777332,-7.211021509077297,-0.2154690721216152
2024-08-11 08:00:00,19.0,15.0,0.4058493376469908,0.35554975683793216,-0.0,0.35554975683793216,-26.340052511387878,1.0092653795077766,-26.22479077918903,0.9909033926359531,-7.294999872587008,-0.0437343498994065,-7.456479172138356,0.4015818386786896,-7.303071783407975,-0.09205027433067736
2024-08-11 09:00:00,34.0,-10.0,0.7537571272624253,0.34790778961543445,-0.0,0.34790778961543445,-25.449315351810416,0.8907371595774629,-25.34991252305355,0.874878256135477,-7.854034148275416,-0.5590342756884084,-7.073231090485427,0.38324808165292845,-8.253832295418729,-0.9507605120107532
2024-08-11 10:00:00,24.0,26.0,1.094267564460272,0.34051043719784674,-0.0,0.34051043719784674,-24.696412783253496,0.7529025685569178,-24.610671563194884,0.7392409598586666,-7.597924030669176,0.2561101176062402,-6.707479759265069,0.36575133122035797,-7.952005415646875,0.30182687977185413
2024-08-11 11:00:00,50.0,-15.0,1.4276149074601419,0.33334734299986996,-0.0,0.33334734299986996,-24.016803344969556,0.679609438283941,-23.942876278802956,0.6677952843919296,-8.264983408830949,-0.667059378161772,-6.3584263844575455,0.3490533748075233,-9.118468625176956,-1.1664632095300815
2024-08-11 12:00:00,35.0,3.0,1.7540236013667907,0.3264086939066488,-0.0,0.3264086939066488,-23.437653047613455,0.5791502973560992,-23.37390547085646,0.5689708079464947,-8.363641797359163,-0.09865838852821496,-6.025308640065479,0.333117744392067,-9.287888518735752,-0.16941989355879689
2024-08-11 13:00:00,38.0,16.0,2.0737087877162383,0.31968518634944765,-0.0,0.31968518634944765,-22.93379956833737,0.5038534792760843,-22.87883424778186,0.4950712230746002,-8.45662801890245,-0.09298622154328617,-5.707399003208225,0.31790963685725315,-9.449238110846675,-0.16134959211092248
2024-08-11 14:00:00,54.0,-4.0,2.3868767825461417,0.31316799482990326,-0.0,0.31316799482990326,-22.488059945678696,0.44573962265867434,-22.440678272770413,0.4381559750114465,-8.845735874144221,-0.389107855241772,-5.691655160312793,0.015743842895432403,-10.113994501261374,-0.6647563904146978
2024-08-11 15:00:00,50.0,-9.0,2.693725525238832,0.30684874269269063,-0.0,0.30684874269269063,-22.088500743243497,0.3995592024352005,-22.047671694391667,0.39300657837874486,-9.822900800960635,-0.9771649268164138,-5.388978089372147,0.3026770709406461,-12.01560987527136,-1.9016153740099866
2024-08-11 16:00:00,41.0,24.0,2.9944450002035126,0.30071947496468054,-0.0,0.30071947496468054,-21.76184708914897,0.3266536540945295,-21.726646841500767,0.3210248528909007,-9.772678924222314,0.05022187673832196,-5.100119392026665,0.28885869734548253,-11.955276318517257,0.06033355675410404
2024-08-11 17:00:00,65.0,-1.0,3.289217633298591,0.2947726330950787,-0.0,0.2947726330950787,-21.460257664916625,0.3015894242323427,-21.429930166138053,0.2967166753627137,-10.489770196654138,-0.717091272431825,-4.824448206320988,0.2756711857056764,-13.32184170318483,-1.3665653846675732
2024-08-11 18:00:00,64.0,7.0,3.578218664744408,0.28900103144581707,-0.0,0.28900103144581707,-21.200020374244552,0.2602372906720715,-21.17389148898435,0.25603867715370293,-11.049496391059606,-0.5597261944054674,-4.561362471576841,0.2630857347441473,-14.38474612459086,-1.0629044214060297
2024-08-11 19:00:00,71.0,-3.0,3.8616165001392027,0.2833978353947947,-0.0,0.2833978353947947,-20.958106417225316,0.2419139570192359,-20.93561256597195,0.23827892301239711,-12.519901325861898,-1.4704049348022934,-6.278277573455739,-1.7169151018788982,-17.707712806682114,-3.3229666820912525
2024-08-11 20:00:00,68.0,-6.0,1.6882066489132805,-2.173409851225922,-2.4513663921525173,0.27795654092659533,-21.425430067162548,-0.4673236499372313,-21.151829552170124,-0.21621698619817264,-15.332340380842243,-2.812439054980346,-11.949995536922962,-5.671717963467223,-22.383645257700856,-4.675932451018742
2024-08-11 21:00:00,62.0,-2.0,2.0092419294632813,0.32103528055000075,-0.0,0.32103528055000075,-21.161977363183553,0.2634527039789942,-20.924172572120195,0.2276569800499291,-16.016284844682712,-0.6839444638404686,-11.361601133179612,0.5883944037433503,-24.019227075472596,-1.6355818177717394
2024-08-11 22:00:00,60.0,-22.0,2.3237187610751078,0.31447683161182644,-0.0,0.31447683161182644,-20.934687329401314,0.22729003378224,-20.727993340407902,0.1961792317122912,-16.54618297359903,-0.5298981289163185,-10.8000691992856,0.5615319338940119,-25.309143341814025,-1.2899162663414279
2024-08-11 23:00:00,38.0,-34.0,-14.608148194767049,-16.931866955842157,-17.239984946108475,0.30811799026631737,-46.475551135371234,-25.54086380596992,-46.093716288120135,-25.36572294771223,-31.899720166476136,-15.353537192877104,-25.647042835478963,-14.846973636193365,-36.106083496595126,-10.7969401547811
2024-08-12 00:00:00,4.0,-8.0,-25.698487647842562,-11.090339453075511,-11.833215646265124,0.742876193189613,-59.1181777811281,-12.64262664575686,-54.63062300842673,-8.536906720306597,-40.01397270895038,-8.114252542474238,-34.88770647406838,-9.24066363858942,-42.66020431700157,-6.55412082040645
2024-08-12 01:00:00,-4.0,-4.0,-24.568798355841746,1.1296892920008166,-0.0,1.1296892920008166,-53.94390215456336,5.174275626564739,-50.044315809512085,4.586307198914647,-39.721052670829934,0.292920038120443,-33.252117255857236,1.6355892182111464,-45.32457451591372,-2.664370198912146
2024-08-12 02:00:00,-8.0,-37.0,-38.593699571971364,-14.024901216129619,-15.111493885893207,1.086592669763588,-68.77437762719312,-14.830475472629752,-60.60145978137234,-10.55714397186026,-49.52515254733514,-9.804099876505203,-44.194657044987,-10.942539789129764,-53.62657236033858,-8.301997844424863
2024-08-12 03:00:00,-45.0,-42.0,-63.57336821260382,-24.979668640632454,-26.660684400210002,1.6810157595775486,-102.42225624438458,-33.647878617191466,-88.89805827624744,-28.29659849487509,-68.97708712885571,-19.45193458152058,-62.63521735372086,-18.440560308733865,-67.75816518974469,-14.131592829406104
2024-08-12 04:00:00,-87.0,-38.0,-81.14413464456345,-17.570766431959637,-20.630436890777904,3.059670458818269,-119.60254851743866,-17.18029227305408,-97.00837750770218,-8.110319231454742,-79.55520646020832,-10.578119331352612,-74.4236059505018,-11.788388596780932,-77.06758402152136,-9.309418831776673
2024-08-12 05:00:00,-125.0,-3.0,-95.04373522855583,-13.899600583992381,-18.174519189019193,4.274918605026811,-131.73940832322168,-12.136859805783015,-99.99483404486429,-2.9864565371621055,-86.6161466711971,-7.060940210988781,-83.37805322698512,-8.954447276483325,-83.99886321025737,-6.931279188736016
2024-08-12 06:00:00,-128.0,-11.0,-109.14626452719375,-14.102529298637915,-19.4824214022355,5.379892103597585,-146.80543385165674,-15.06602552843507,-106.6433899441204,-6.64855589925611,-94.58872820335952,-7.972581532162424,-92.71873684682693,-9.340683619841814,-91.06197718977833,-7.063113979520958
2024-08-12 07:00:00,-139.0,14.0,-105.97811460331214,3.1681499238816095,-3.4625187714325834,6.630668695314193,-133.50167376283886,13.30376008881787,-84.9845598143003,21.6588301298201,-90.02855101886617,4.56017718449335,-88.52868412319347,4.190052723633457,-88.62967875824889,2.4322984315294445
2024-08-12 08:00:00,-125.0,-6.0,-100.85245125426401,5.125663349048124,-1.212641824958635,6.338305174006759,-118.69049667172432,14.81117709111454,-76.48910299331676,8.49545682098354,-85.6508990514243,4.377651967441869,-84.44417775753581,4.084506365657656,-85.15058707504788,3.479091683201011
2024-08-12 09:00:00,-131.0,13.0,-105.84351897353068,-4.991067719266663,-10.87032507175996,5.879257352493298,-132.80774368923795,-14.117247017513641,-87.25035767865,-10.761254685333242,-89.39120777250314,-3.7403087210788395,-89.49641531994632,-5.052237562410517,-89.00814899123411,-3.857561916186233
2024-08-12 10:00:00,-118.0,-23.0,-116.04242378704397,-10.198904813513298,-16.524935189420056,6.3260303759067575,-158.909484532734,-26.101740843496056,-108.75406147960052,-21.50370380095051,-98.74645880376772,-9.35525103126458,-100.60394275690153,-11.107527436955209,-97.88657416249201,-8.878425171257906
2024-08-12 11:00:00,-141.0,9.0,-129.51893573684617,-13.476511949802198,-20.76636276340546,7.2898508136032625,-191.810091012925,-32.90060648019099,-134.30462536080566,-25.550563881205136,-111.65705201450827,-12.910593210740545,-115.4093341749296,-14.80539141802807,-109.92878256842462,-12.042208405932607
2024-08-12 12:00:00,-132.0,-16.0,-138.72507468953089,-9.206138952684706,-17.874320004710516,8.66818105202581,-208.97718584520175,-17.16709483227673,-141.09181115863475,-6.78718579782911,-118.94323717303917,-7.286185158530894,-123.78356333851202,-8.374229163582422,-116.65902203726482,-6.730239468840194
2024-08-12 13:00:00,-148.0,-22.0,-149.28862969939553,-10.563555009864647,-20.241876257554242,9.678321247689595,-227.11269937086468,-18.135513525662944,-149.1358960104076,-8.044084851772858,-127.27588048820253,-8.332643315163367,-133.05832027336646,-9.274756934854427,-124.15238386418514,-7.493361826920315
2024-08-12 14:00:00,-170.0,-5.0,-159.4028372676565,-10.114207568260984,-21.02018578537546,10.905978217114477,-240.59326134584325,-13.480561974978556,-152.5769294611504,-3.4410334507428004,-134.1720690066295,-6.896188518426956,-140.83803787623927,-7.779717602872819,-130.40304157329237,-6.250657709107228
2024-08-12 15:00:00,-175.0,-13.0,-162.651668121376,-3.248830853719479,-15.39891816999929,12.15008731627981,-246.0040274317854,-5.41076608594215,-148.7298601110234,3.8470693501269935,-136.49170383369793,-2.3196348270684135,-144.09260658298493,-3.254568706745663,-133.22100727766855,-2.817965704376184
2024-08-12 16:00:00,-188.0,5.0,-159.55346679534733,3.0982013260286436,-9.465767604936493,12.563968930965137,-240.32165102205497,5.682376409730445,-135.6036315424709,13.126228568552495,-133.91816674375235,2.5735370899455825,-141.58465348155462,2.5079531014303074,-131.57054355098396,1.6504637266845885
2024-08-12 17:00:00,-183.0,13.0,-157.22367141815855,2.329795377188777,-9.839327999038783,12.16912337622756,-238.5283364565079,1.7933145655470533,-129.38327511776515,6.220356424705763,-132.8373531727939,1.080813570958446,-140.56540201202515,1.0192514695294848,-131.21913179035812,0.35141176062584994
2024-08-12 18:00:00,-170.0,3.0,-153.9395886171027,3.2840828010558702,-8.5922758687263,11.87635866978217,-234.3170443391248,4.2112921173830955,-122.29192337326727,7.0913517444978815,-130.87719784736916,1.9601553254247557,-138.3003100021685,2.2650920098566605,-129.85432419670335,1.3648075936547677
2024-08-12 19:00:00,-167.0,0.0,-151.76624989975144,2.173338717351248,-9.296392264313287,11.469730981664535,-229.10844641260786,5.20859792651693,-115.67227493116738,6.619648442099894,-128.4112082636077,2.4659895837614694,-135.96154898273187,2.338761019436627,-128.12066559691343,1.733658599789907
2024-08-12 20:00:00,-167.0,16.0,-147.71621270400163,4.050037195749818,-7.1544905711693225,11.20452776691914,-216.3399751054768,12.768471307131064,-102.69734639951068,12.9749285316567,-122.46546179514473,5.945746468462973,-130.53953884388133,5.422010138850544,-123.56414953536567,4.556516061547759
2024-08-12 21:00:00,-151.0,24.0,-144.82025043236885,2.8959622716327758,-7.822633166772091,10.718595438404867,-207.21615711230885,9.123817993167965,-95.41582655689008,7.281519842620593,-118.08329994466837,4.382161850476367,-126.49521165515095,4.044327188730374,-120.13433802014559,3.429811515220086
2024-08-12 22:00:00,-127.0,17.0,-138.4772855391529,6.342964893215968,-4.034771794119615,10.377736687335583,-189.5362975039838,17.679859608325042,-80.46885833297668,14.946968223913409,-112.3648028764851,5.71849706818327,-120.67738713652844,5.817824518622513,-114.8942935787245,5.2400444414210945
2024-08-12 23:00:00,-110.0,7.0,-130.79989464089383,7.677390898259059,-1.9730128817343822,9.650403779993441,-168.858001302713,20.678296201270786,-64.48662668968028,15.982231643296398,-106.77664412663498,5.5881587498501215,-115.12516870580544,5.5522184307229985,-110.21989017716888,4.67440340155562
2024-08-13 00:00:00,-103.0,8.0,-121.99449433381564,8.805400307078187,-0.0,8.805400307078187,-149.4525865036903,19.405414799022704,-58.655321895146365,5.831304794533916,-101.51827992560881,5.258364201026166,-109.8264304224859,5.298738283319535,-105.65864427330236,4.561245903866517
2024-08-13 01:00:00,-95.0,3.0,-114.11059275794861,7.883901575867033,-0.0,7.883901575867033,-132.57082299355653,16.881763510133773,-53.582275830188266,5.073046064958103,-96.55287033752018,4.965409588088638,-104.76959994194229,5.056830480543607,-101.25895168856111,4.399692584741246
2024-08-13 02:00:00,-92.0,5.0,-107.0085486639508,7.102044093997809,-0.0,7.102044093997809,-117.88391442535318,14.686908568203352,-49.1682923766763,4.413983453511966,-91.8523713078185,4.700499029701669,-99.94363324163285,4.825966700309442,-97.04778830546209,4.2111633830990165
2024-08-13 03:00:00,-87.0,-3.0,-100.57587618347404,6.432672480476769,-0.0,6.432672480476769,-105.10793410004035,12.775980325312835,-45.329182028040094,3.839110348636202,-87.4173699476396,4.4350013601789,-95.33799050116433,4.60564274046852,-92.95658637216381,4.091201933298286
2024-08-13 04:00:00,-90.0,7.0,-94.72089792332773,5.854978260146305,-0.0,5.854978260146305,-94.01272613987837,11.095207960161991,-42.008532486779394,3.3206495412606976,-83.70403641737491,3.7133335302646904,-90.94261308352274,4.395377417641581,-88.5981049085967,4.358481463567118
2024-08-13 05:00:00,-83.0,8.0,-89.36810959025216,5.3527883330755595,-0.0,5.3527883330755595,-84.35053680128823,9.662189338590139,-39.10978706851039,2.8987454182690024,-79.85592299140568,3.8481134259692302,-86.74790156719956,4.194711516323185,-84.57199717353382,4.026107735062876
2024-08-13 06:00:00,-75.0,2.0,-84.45473820093297,4.913371389319192,-0.0,4.913371389319192,-75.94413390706588,8.406402894222351,-36.58720422239527,2.522582846115118,-76.17942730192283,3.6764956894828504,-82.74469478123586,4.003206785963693,-80.73400106999456,3.837996103539253
2024-08-13 07:00:00,-73.0,-1.0,-79.92814836249764,4.526589838435334,-0.0,4.526589838435334,-68.63118753500946,7.312946372056419,-34.39285306050792,2.194351161887353,-72.68534457574998,3.4940827261728415,-78.92424979739754,3.820444983838324,-77.05659832465558,3.6774027453389855
2024-08-13 08:00:00,-74.0,0.0,-75.74386132266416,4.184287039833472,-0.0,4.184287039833472,-62.27253545497119,6.358652080038268,-32.48709022499037,1.9057628355175498,-69.4245216484638,3.2608229272861893,-75.27822283578462,3.6460269616129173,-73.48207271937467,3.5745256052809173
2024-08-13 09:00:00,-74.0,5.0,-71.8640235388376,3.8798377838265554,-0.0,3.8798377838265554,-56.74451394662779,5.528021508343397,-30.832830855913556,1.6542593690768121,-66.40141572117687,3.023105927286926,-71.79865104217313,3.479571793611485,-70.01768513903494,3.4643875803397353
2024-08-13 10:00:00,-69.0,6.0,-68.25620958179134,3.6078139570462575,-0.0,3.6078139570462575,-51.93467400044661,4.809839946181176,-29.392949592788355,1.4398812631252011,-63.492395870058886,2.9090198511179888,-68.47793509729142,3.3207159448817154,-66.71486533071358,3.3028198083213622
2024-08-13 11:00:00,-63.0,0.0,-64.89247685042967,3.3637327313616634,-0.0,3.3637327313616634,-47.75265503700472,4.182018963441892,-28.142605146788036,1.2503444460003181,-60.765596381672964,2.726799488385925,-65.30882262004994,3.1691124772414776,-63.536047295167926,3.17881803554565
2024-08-13 12:00:00,-63.0,1.0,-61.74861214147392,3.1438647089557525,-0.0,3.1438647089557525,-44.118037459723595,3.634617577281125,-27.058378282099767,1.084226864688267,-58.2480343957999,2.5175619858730673,-62.28439232847757,3.0244302915723664,-60.47362314095335,3.0624241542145723
2024-08-13 13:00:00,-62.0,5.0,-58.803525951503914,2.945086189970003,-0.0,2.945086189970003,-40.95585729705691,3.162180162666684,-26.11489729351277,0.9434809885869988,-55.823289678303354,2.4247447174965426,-59.398038923772106,2.8863534047054653,-57.54994341244106,2.9236797285122877
2024-08-13 14:00:00,-57.0,2.0,-56.0387616550972,2.7647642964067196,-0.0,2.7647642964067196,-38.20190375666124,2.753953540395674,-25.291092358512834,0.8238049349999361,-53.4214478590892,2.4018418192141535,-56.643458664452055,2.754580259320053,-54.77832806111376,2.771615351327296
2024-08-13 15:00:00,-55.0,0.0,-53.438094823815554,2.6006668312816448,-0.0,2.6006668312816448,-35.80677390151981,2.395129855141429,-24.575083993495717,0.716008365017119,-51.13147743215732,2.289970426931882,-54.01463559910396,2.628823065348094,-52.12566308600676,2.652664975107001
2024-08-13 16:00:00,-55.0,6.0,-50.987203875146854,2.4508909486687025,-0.0,2.4508909486687025,-33.7252954045664,2.0814784969534106,-23.95434592265628,0.6207380708394383,-48.9797639944255,2.1517134377318197,-51.50582842765781,2.5088071714461524,-49.57777481147527,2.5478882745314904
2024-08-13 17:00:00,-49.0,3.0,-48.67339761069617,2.31380626445068,-0.0,2.31380626445068,-31.914732556466458,1.8105628480999443,-23.414546306820487,0.5397996158357921,-46.915627489246354,2.0641365051791394,-49.11155796249579,2.394270465162025,-47.14316391646347,2.4346108950117995
2024-08-13 18:00:00,-46.0,-7.0,-48.94409306705719,-0.2706954563610191,-2.4587046068964393,2.18800915053542,-36.48340625809503,-4.568673701628574,-28.52968221821071,-5.115135911390221,-45.880609820826294,1.0350176684200583,-47.2742817103039,1.837276252191883,-46.17952558763331,0.9636383288301633
2024-08-13 19:00:00,-53.0,4.0,-46.99781573856813,1.946277328489062,-0.25626739889920247,2.2025447273882643,-34.30898210828189,2.1744241498131403,-27.390381494306435,1.139300723904274,-43.84552278865686,2.035087032169438,-45.07319764424395,2.2010840660599573,-43.93845107593891,2.241074511694403
2024-08-13 20:00:00,-49.0,3.0,-46.1812895841139,0.816526154454229,-1.2825798512492947,2.099106005703524,-33.37610566338947,0.9328764448924186,-26.163303430228172,1.2270780640782628,-41.856101983433874,1.9894208052229827,-42.97260153997328,2.1005961042706662,-41.84804774977393,2.0904033261649726
2024-08-13 21:00:00,-46.0,-4.0,-48.12592503650505,-1.9446354523911564,-4.001086330910228,2.0564508785190716,-40.745220052602306,-7.369114389212838,-33.47003006386291,-7.306726633634739,-42.43019350571196,-0.5740915222780851,-43.61972143469868,-0.6471198947254015,-42.585691016730415,-0.7376432669564805
2024-08-13 22:00:00,-50.0,-1.0,-47.84300932653722,0.28291570996783455,-1.8758428008677142,2.1587585108355487,-41.07827752859688,-0.3330574759945728,-32.61361757195235,0.8564124919105618,-40.63155102296083,1.798642482751137,-41.585482115277166,2.034239319421518,-40.895711784845275,1.6899792318851383
2024-08-13 23:00:00,-51.0,-4.0,-49.406169481177656,-1.5631601546404341,-3.7068800451432837,2.1437198905028496,-47.634020867148024,-6.555743338551143,-38.271635515325826,-5.658017943373476,-41.22975092693835,-0.5981999039775265,-42.210539023699035,-0.6250569084218711,-41.73843835866291,-0.8427265738176362
2024-08-14 00:00:00,-55.0,-5.0,-50.421283822781916,-1.015114341604261,-3.2425824421538216,2.2274681005495607,-52.32004145386663,-4.686020586718607,-41.29871128889833,-3.027075773572509,-41.364002128324934,-0.13425120138658492,-42.19288604483718,0.01765297886185091,-42.0984101042694,-0.3599717456064842
2024-08-14 01:00:00,-60.0,2.0,-50.994322992245685,-0.5730391694637715,-2.8557526642686,2.2827134948048284,-55.956310013611294,-3.636268559744665,-43.02637034364678,-1.7276590547484476,-41.26119340769813,0.10280872062680602,-41.793842094370184,0.3990439504669989,-42.23535771164794,-0.1369476073785441
2024-08-14 02:00:00,-58.0,14.0,-51.59000212322666,-0.5956791309809755,-2.909877873407663,2.3141987424266874,-58.71716548455219,-2.7608554709408946,-43.853651739858385,-0.827281396211605,-41.08620458323322,0.17498882446491182,-41.36325138802517,0.43059070634501684,-42.21851429443847,0.016843417209469747
2024-08-14 03:00:00,-44.0,10.0,-49.24284559562064,2.347156527606017,-0.0,2.347156527606017,-53.64424731398978,5.072918170562408,-40.716127879966066,3.137523859892321,-39.20730423807933,1.878900345153891,-39.43202861364398,1.9312227743811927,-40.271092044432216,1.947422250006254
2024-08-14 04:00:00,-34.0,3.0,-47.02420284385228,2.218642751768365,-0.0,2.218642751768365,-49.228970375393345,4.415276938596432,-37.98423835731537,2.731889522650698,-37.418284425026,1.7890198130533288,-37.58897359412097,1.84305501952301,-38.44967147970442,1.8214205647277975
2024-08-14 05:00:00,-31.0,-6.0,-44.9321723600251,2.092030483827183,-0.008461281289414656,2.1004917651165975,-45.39248950979003,3.8364808656033147,-35.61194494747203,2.3722934098433344,-35.70602146089933,1.7122629641266758,-35.83006113200101,1.7589124621199594,-36.621316558733945,1.8283549209704741
2024-08-14 06:00:00,-37.0,-5.0,-44.515304091350124,0.4168682686749716,-1.575176283523293,1.9920445521982646,-44.81800741044291,0.5744820993471218,-33.84838590741537,1.763559040056664,-34.42662363840658,1.2793978224927443,-34.15144979558981,1.6786113364112043,-35.28971344991093,1.3316031088230154
2024-08-14 07:00:00,-42.0,-1.0,-42.77823323208394,1.7370708592661834,-0.23370739728275122,1.9707782565489347,-41.56427175203395,3.253735658408954,-32.02252690340401,1.825859004011362,-32.891705617998284,1.5349180204083002,-32.54947352933942,1.6019762662503876,-33.507370928470166,1.7823425214407578
2024-08-14 08:00:00,-43.0,4.0,-40.937919864432395,1.8403133676515455,-0.043077800931663746,1.8833911685832092,-38.73472694004667,2.8295448119872866,-30.43499645218983,1.587530451214179,-31.427086539981055,1.4646190780172308,-31.02063364725199,1.5288398820874325,-31.798401765811256,1.7089691626589085
2024-08-14 09:00:00,-39.0,6.0,-39.14494783855585,1.792972025876543,-0.0,1.792972025876543,-36.2752767036674,2.459450236379268,-29.055890285398743,1.3791061667910867,-30.041474044555056,1.3856124954260003,-29.561591191815396,1.459042455436595,-30.15567457950295,1.642727186308305
2024-08-14 10:00:00,-33.0,0.0,-37.43792987586318,1.7070179626926663,-0.0,1.7070179626926663,-34.13635152754758,2.1389251761198227,-27.856684549389854,1.1992057360088886,-28.71436521337362,1.327108831181439,-28.169159641782933,1.392431550032461,-28.583963987336578,1.571710592166371
2024-08-14 11:00:00,-33.0,1.0,-35.81078356622012,1.6271463096430656,-0.0,1.6271463096430656,-32.27531139490549,1.861040132642089,-26.813044763693966,1.0436397856958877,-27.431663593410143,1.2827016199634742,-26.840297952870923,1.3288616889120115,-27.083946430749474,1.500017556587102
2024-08-14 12:00:00,-32.0,4.0,-34.25799027449983,1.552793291720288,-0.0,1.552793291720288,-30.655548845006344,1.619762549899149,-25.90428563498103,0.908759128712937,-26.187609340668274,1.2440542527418679,-25.572103916175248,1.268194036695676,-25.65438843810814,1.429557992641334
2024-08-14 13:00:00,-28.0,3.0,-32.77453102541084,1.4834592490889915,-0.0,1.4834592490889915,-29.246849186104974,1.4086996589013685,-25.114040438579355,0.7902451964016758,-24.99200588419624,1.1956034564720361,-24.361807819801772,1.210296096373477,-24.287386905984626,1.3670015321235145
2024-08-14 14:00:00,-25.0,1.0,-31.87241269912145,0.9021183262893852,-0.5165817259623523,1.4187000522517375,-28.019977375163233,1.2268718109417405,-24.425122682571953,0.6889177560074026,-23.829007800112954,1.162998084083286,-23.206766399867714,1.155041419934057,-22.987807070203203,1.299579835781422
2024-08-14 15:00:00,-24.0,1.0,-31.1404315432739,0.7319811558475539,-0.6480443224395765,1.3800254782871304,-26.951398440312868,1.068578934850365,-23.82447550493609,0.6006471776358626,-22.70195332595515,1.1270544741578072,-22.104457067663112,1.1023093322046005,-21.753009727160173,1.2347973430430308
2024-08-14 16:00:00,-23.0,0.0,-29.791393949775017,1.3490375934988796,-0.0,1.3490375934988796,-26.021894348441123,0.9295040918717448,-23.30199387629197,0.5224816286441192,-21.617193964909983,1.0847593610451656,-21.052472400364582,1.0519846672985316,-20.57314858174911,1.1798611454110621
2024-08-14 17:00:00,-23.0,4.0,-28.49854503443109,1.292848915343927,-0.0,1.292848915343927,-25.214003758576233,0.8078905898648904,-22.848144197485276,0.4538496788066938,-20.575109401050092,1.0420845638598912,-20.0485148832692,1.0039575170953845,-19.442645550271898,1.1305030314772102
2024-08-14 18:00:00,-19.0,2.0,-27.258422941931702,1.2401220924993865,-0.0,1.2401220924993865,-24.509845652539333,0.7041581060369002,-22.451944034553133,0.3962001629321436,-19.567762580652428,1.0073468203976659,-19.09039189206566,0.9581229912035393,-18.369996657107233,1.0726488931646638
2024-08-14 19:00:00,-17.0,1.0,-26.067845838874682,1.1905771030570216,-0.0,1.1905771030570216,-23.895957718879483,0.613887933659849,-22.105929325940103,0.34601470861302985,-18.597410555861945,0.9703520247904818,-18.17601090418408,0.9143809878815816,-17.35351378302189,1.016482874085345
2024-08-14 20:00:00,-16.0,-2.0,-24.949206618530646,1.118639220344037,-0.025322561697513013,1.14396178204155,-23.36084972642054,0.5351079924589448,-21.803827126762457,0.30210219917764775,-17.665486678048385,0.9319238778135599,-17.303374928766093,0.8726359754179841,-16.390001108424894,0.9635126745969949
2024-08-14 21:00:00,-18.0,-1.0,-23.848195312700266,1.101011305830378,-0.0,1.101011305830378,-22.893584935140456,0.4672647912800845,-21.539239860703983,0.2645872660584752,-16.775529043084983,0.8899576349634026,-16.470578145274445,0.8327967834916478,-15.483664320292272,0.9063367881326221
2024-08-14 22:00:00,-19.0,2.0,-22.788655180383525,1.0595401323167424,-0.0,1.0595401323167424,-22.4833795531387,0.4102053820017566,-21.305333244994678,0.2339066157093057,-15.945337802642687,0.8301912404422964,-15.675801741216807,0.7947764040576375,-14.656371649116242,0.8272926711760293
2024-08-14 23:00:00,-17.0,6.0,-21.76827246412202,1.0203827162615045,-0.0,1.0203827162615045,-22.127680417343537,0.35569913579516294,-21.102982480023208,0.2023507649714685,-15.14051590324204,0.8048218994006477,-14.917309939893556,0.7584918013232507,-13.852826671743138,0.803544977373104
2024-08-15 00:00:00,-11.0,2.0,-20.784903132676185,0.9833693314458363,-0.0,0.9833693314458363,-21.814575646201874,0.31310477114166435,-20.92326815505815,0.1797143249650564,-14.405651993291588,0.7348639099504513,-14.193446209494146,0.7238637303994092,-13.132683424095429,0.720143247647709
2024-08-15 01:00:00,-9.0,4.0,-19.83655754555289,0.9483455871232944,-0.0,0.9483455871232944,-21.543244078033688,0.27133156816818627,-20.767961867026678,0.1553062880314706,-13.690506717641759,0.7151452756498297,-13.502629645262832,0.6908165642313142,-12.429706666372603,0.7029767577228261
2024-08-15 02:00:00,-5.0,-2.0,-18.92138675535091,0.9151707902019801,-0.0,0.9151707902019801,-21.307259506307627,0.23598457172606097,-20.632899045553003,0.135062821473676,-13.005408780993509,0.6850979366482493,-12.843351516832449,0.6592781284303824,-11.757480852285273,0.6722258140873308
2024-08-15 03:00:00,-7.0,-4.0,-18.03767024695284,0.8837165083980705,-0.0,0.8837165083980705,-21.106724836229237,0.2005346700783908,-20.52014399042784,0.11275505512516451,-12.303566905697938,0.7018418752955711,-12.214171973185708,0.6291795436467409,-11.06252383568546,0.6949570165998139
2024-08-15 04:00:00,-11.0,1.0,-17.183804940345325,0.853865306607512,-0.0,0.853865306607512,-20.937411259400086,0.16931357682915185,-20.427178888654645,0.09296510177319708,-11.601050968829522,0.7025159368684164,-11.613716898047684,0.6004550751380242,-10.363704331654525,0.6988195040309342
2024-08-15 05:00:00,-10.0,0.0,-16.35829530735684,0.8255096329884852,-0.0,0.8255096329884852,-20.79078474367856,0.14662651572152416,-20.34696279722146,0.08021609143318355,-10.921891530732134,0.6791594380973878,-11.04067490884175,0.5730419892059341,-9.69315735305693,0.6705469785975933
2024-08-15 06:00:00,-10.0,1.0,-15.559744472574506,0.7985508347823338,-0.0,0.7985508347823338,-20.663183903919105,0.12760083975945527,-20.277128644653995,0.0698341525674649,-10.267397922195828,0.6544936085363061,-10.493794492654725,0.5468804161870248,-9.053075999873059,0.6400813531838723
2024-08-15 07:00:00,-9.0,-1.0,-14.786846185720602,0.772898286853903,-0.0,0.772898286853903,-20.54936942852679,0.11381447539231261,-20.213564916694107,0.06356372795988846,-9.651725257271094,0.6156726649247337,-9.97188127295624,0.5219132196984847,-8.457514840031468,0.5955611598415909
2024-08-15 08:00:00,-10.0,1.0,-14.038377567313193,0.7484686184074102,-0.0,0.7484686184074102,-20.44472714206743,0.10464228645936131,-20.15263814354614,0.060926773147964394,-9.113118156185006,0.5386071010860871,-9.473795401102887,0.4980858718533532,-7.938114129596329,0.5194007104351392
2024-08-15 09:00:00,-9.0,3.0,-13.313192541898227,0.7251850254149657,-0.0,0.7251850254149657,-20.356568894622033,0.08815824744539728,-20.102501602449607,0.05013654109653348,-8.565095296082534,0.5480228601024717,-8.998449066930245,0.47534633417264094,-7.413570623539076,0.524543506057253
2024-08-15 10:00:00,-6.0,-1.0,-12.610215883848499,0.7029766580497285,-0.0,0.7029766580497285,-20.285060203677183,0.07150869094485064,-20.064060100988634,0.038441501460974296,-7.997787310574854,0.5673079855076807,-8.544804122995972,0.45364494393427324,-6.878200757288303,0.5353698662507737
2024-08-15 11:00:00,-7.0,-3.0,-11.928437809948658,0.6817780738998405,-0.0,0.6817780738998405,-20.22310102473143,0.061959178945753916,-20.03086413136202,0.03319596962661588,-7.449601513619955,0.5481857969548986,-8.111869817285331,0.4329343057106395,-6.365794368597427,0.5124063886908755
2024-08-15 12:00:00,-10.0,-1.0,-11.266909060950626,0.6615287489980317,-0.0,0.6615287489980317,-20.175100988245614,0.048000036485818784,-20.007877877268317,0.022986254093701565,-6.897842094952889,0.551759418667066,-7.69870062942746,0.4131691878578718,-5.856917398749069,0.5088769698483593
2024-08-15 13:00:00,-11.0,2.0,-11.381761575036458,-0.11485251408583275,-0.7570251538581111,0.6421726397722783,-20.442652557805058,-0.26755156955944354,-20.276484455524344,-0.26860657825602646,-6.924305463376669,-0.02646336842378022,-7.304394205696673,0.3943064237307867,-6.271892743225105,-0.4149753444760365
2024-08-15 14:00:00,-9.0,2.0,-10.736249006226657,0.6455125688098006,-0.0,0.6455125688098006,-20.358191300514452,0.0844612572906046,-20.213687848137617,0.06279660738672498,-6.43020544584365,0.4941000175330194,-6.928089388288928,0.3763048174077448,-5.797716605438988,0.474176137786117
2024-08-15 15:00:00,-7.0,2.0,-10.109395563604783,0.6268534426218738,-0.0,0.6268534426218738,-20.284458371724405,0.07373292879004666,-20.158795260743954,0.05489258739366445,-5.956932756387832,0.47327268945581846,-6.568964334569394,0.3591250537195343,-5.346501564520654,0.45121504091833436
2024-08-15 16:00:00,-5.0,0.0,-9.500399989973756,0.6089955736310273,-0.0,0.6089955736310273,-20.226053190716456,0.05840518100794949,-20.116768311113095,0.042026949630860004,-5.461606153996517,0.4953266023913149,-6.226234722183613,0.3427296123857808,-4.889892100302471,0.45660946421818366
2024-08-15 17:00:00,-5.0,2.0,-8.90850641354022,0.5918935764335355,-0.0,0.5918935764335355,-20.172649714360727,0.05340347635572911,-20.077611026390525,0.03915728472256955,-4.998707963164825,0.46289819083169204,-5.899152036112251,0.32708268607136226,-4.46332623915342,0.4265658611490505
2024-08-15 18:00:00,-3.0,2.0,-8.33300117076339,0.5755052427768294,-0.0,0.5755052427768294,-20.129216539407246,0.04343317495348188,-20.046563927971587,0.03104709841893664,-4.533261860520571,0.465446102644254,-5.587001933928388,0.3121501021838631,-4.045335150853674,0.4179910882997464
2024-08-15 19:00:00,-1.0,2.0,-7.773209892995661,0.5597912777677294,-0.0,0.5597912777677294,-20.083738206546688,0.04547833286055628,-20.011865133392245,0.03469879457934081,-4.148170024027599,0.38509183649297146,-5.289102685687111,0.29789924824127634,-3.68347019322196,0.361864957631714
2024-08-15 20:00:00,1.0,3.0,-7.267211029584939,0.5059988634107222,-0.03871619792033145,0.5447150613310536,-20.046426408049456,0.037311798497230986,-19.98392477476372,0.027940358628524918,-3.753656703922574,0.394513320105025,-5.004803685040155,0.28429900064695657,-3.323374135495656,0.36009605772630393
2024-08-15 21:00:00,4.0,-6.0,-8.327220145090319,-1.0600091155053812,-1.591273772335531,0.5312646568301497,-22.23321328841297,-2.1867868803635115,-22.144084515666265,-2.160159740902542,-5.069086073688959,-1.315429369766386,-6.1102519917191565,-1.105448306679001,-4.7662195421589235,-1.442845406663268
2024-08-15 22:00:00,-2.0,1.0,-8.839869587808902,-0.5126494427185841,-1.0722839750879034,0.5596345323693193,-22.927691739003173,-0.6944784505902023,-22.48671464689104,-0.3426301312247776,-5.629486534955678,-0.5604004612667184,-6.271532745934762,-0.1612807542156054,-5.571067279264138,-0.8048477371052145
2024-08-15 23:00:00,-1.0,-3.0,-9.899737424890862,-1.059867837081959,-1.6334875521548198,0.5736197150728608,-24.549030383903002,-1.6213386448998306,-23.736400434658968,-1.2496857877679286,-6.851012152285387,-1.2215256173297093,-7.349290889151971,-1.0777581432172092,-6.785702663120666,-1.2146353838565276
2024-08-16 00:00:00,-4.0,-2.0,-11.476333076112862,-1.576595651222,-2.1796760498345185,0.6030803986125185,-28.748518481319305,-4.199488097416304,-27.42992130502826,-3.6935208703692917,-8.533200502601446,-1.6821883503160588,-9.16435877575955,-1.815067886607581,-8.878161549221023,-2.0924588861003564
2024-08-16 01:00:00,-6.0,-8.0,-14.09852338120442,-2.6221903050915563,-3.270459531326659,0.6482692262351029,-36.719754573963556,-7.971236092644251,-34.389194976813066,-6.959273671784809,-11.289553202112792,-2.7563526995113463,-12.706224738119444,-3.5418659623598927,-12.435373674702797,-3.557212125481774
2024-08-16 02:00:00,-14.0,-2.0,-15.00884851968155,-0.9103251384771296,-1.6373676043003595,0.72704246582323,-37.37418074116192,-0.654426167198364,-33.075054899687636,1.3141400771254328,-12.002006719478057,-0.7124535173652651,-13.10828122674672,-0.40205648862727705,-13.279908733888927,-0.8445350591861303
2024-08-16 03:00:00,-16.0,3.0,-15.818291072674596,-0.8094425529930454,-1.564888033393072,0.7554454804000266,-37.390767665882436,-0.016586924720511487,-31.579566745978116,1.4954881537095193,-12.563948721821525,-0.561942002343468,-13.354171596220239,-0.2458903694735175,-13.860485764918353,-0.5805770310294254
2024-08-16 04:00:00,-13.0,0.0,-16.61802770303022,-0.799736630355622,-1.58089459126626,0.7811579609106379,-37.683590262814256,-0.2928225969318188,-30.792743428416312,0.7868233175618031,-13.106010304450582,-0.5420615826290556,-13.599066908004877,-0.24489531178463886,-14.479191084684492,-0.618705319766139
2024-08-16 05:00:00,-13.0,-4.0,-18.079329128436413,-1.4613014254061958,-2.268286128778262,0.8069847033720664,-40.47683379845204,-2.793243535637787,-32.77137673536031,-1.9786333069440003,-14.39450002503476,-1.288489720584179,-14.929689004811761,-1.330622096806884,-16.009904331566936,-1.5307132468824456
2024-08-16 06:00:00,-17.0,-7.0,-19.273278771684584,-1.193949643248172,-2.049210633188532,0.8552609899403597,-42.191799679979674,-1.7149658815276299,-33.4699177821945,-0.6985410468341859,-15.332912786784364,-0.9384127617496039,-15.782202822576581,-0.8525138177648202,-17.128926016396775,-1.1190216848298375
2024-08-16 07:00:00,-24.0,0.0,-19.831243823034512,-0.5579650513499264,-1.4537109492319895,0.8957458978820632,-41.82115197604723,0.37064770393243895,-32.10892231146842,1.3609954707260803,-15.536506789873345,-0.2035940030889804,-15.601997637144835,0.18020518543174502,-17.422687216148887,-0.29376119975211207
2024-08-16 08:00:00,-24.0,-3.0,-21.895653211948694,-2.064409388914183,-2.9793959597291444,0.9149865708149616,-46.10565400998985,-4.284502033942615,-35.737768347375805,-3.628846035907383,-17.429995756204317,-1.8934889663309722,-17.771303268920498,-2.1693056317756607,-19.4890316519941,-2.0663444358452137
2024-08-16 09:00:00,-27.0,-4.0,-23.88304238724656,-1.9873891752978672,-2.9753417670289264,0.9879525917310592,-49.60317552610333,-3.4975215161134834,-38.09828406674572,-2.3605157193699116,-19.148578419187633,-1.718582662983315,-19.670255123662614,-1.8989518547421167,-21.29387539956524,-1.8048437475711396
2024-08-16 10:00:00,-31.0,3.0,-25.281586995365686,-1.3985446081191244,-2.459385106009211,1.0608404978900865,-50.564839434058456,-0.9616639079551259,-37.69954361604597,0.39874045069974784,-20.08758442807104,-0.939006008883408,-20.54960914413252,-0.8793540204699075,-22.165719222888978,-0.8718438233237349
2024-08-16 11:00:00,-28.0,5.0,-24.946852955783523,0.3347340395821623,-0.778953293432256,1.1136873330144184,-46.5443105763623,4.020528857696159,-35.35384890939808,2.345694706647888,-19.287528559413456,0.8000558686575852,-19.60648134264982,0.9431278014827043,-21.312699439026552,0.853019783862424
2024-08-16 12:00:00,-23.0,9.0,-24.81024359952285,0.13660935626067605,-0.964312446374558,1.100921802635234,-43.04694500787437,3.497365568487932,-33.313283922602295,2.0405649867957876,-18.51737989324902,0.7701486661644332,-18.93597011279212,0.6705112298576995,-20.482520055451438,0.8301793835751148
2024-08-16 13:00:00,-14.0,-2.0,-24.532638709964214,0.2776048895586336,-0.8181282758110382,1.0957331653696718,-40.010832288976076,3.0361127188982953,-31.544316112599372,1.7689678100029222,-17.674803843016644,0.8425760502323784,-18.028639073658226,0.9073310391338943,-19.523516908971438,0.9590031464800002
2024-08-16 14:00:00,-16.0,-3.0,-25.06780598542153,-0.5351672754573134,-1.6203943302198347,1.0852270547625213,-40.15307034977806,-0.14223806080198376,-30.95831680493114,0.5859993076682302,-17.85027918003214,-0.1754753370154965,-17.869506256982707,0.15913281667551815,-19.712713691025503,-0.18919678205406593
2024-08-16 15:00:00,-19.0,-1.0,-25.06808983349012,-0.0002838480685913858,-1.105809865651226,1.1055260175826347,-38.81149899031006,1.3415713594680023,-29.079265673309376,1.8790511316217648,-17.47654141883349,0.37373776119864915,-17.010863398752356,0.8586428582303497,-19.30228783657308,0.41042585445242463
2024-08-16 16:00:00,-20.0,8.0,-23.962552999607283,1.105536833882839,-0.0,1.105536833882839,-36.34350755682349,2.467991433486566,-27.877666170535672,1.2015995027737034,-16.590083997031883,0.8864574218016079,-16.191420892775227,0.8194425059771301,-18.218612593134978,1.0836752434381
2024-08-16 17:00:00,-12.0,1.0,-22.898742470315803,1.0638105292914812,-0.0,1.0638105292914812,-34.19749842078396,2.1460091360395275,-26.833260820064034,1.0444053504716393,-15.73774364878124,0.8523403482506426,-15.4093890920496,0.7820318007256262,-17.18017881234336,1.0384337807916162
2024-08-16 18:00:00,-11.0,0.0,-21.874325580381623,1.02441688993418,-0.0,1.02441688993418,-32.33019891508867,1.867299505695285,-25.92422124204036,0.9090395780236715,-14.913207513023675,0.8245361357575649,-14.663060053849533,0.7463290382000685,-16.18949687234882,0.9906819399945426
2024-08-16 19:00:00,-11.0,0.0,-20.88714111645358,0.9871844639280417,-0.0,0.9871844639280417,-30.70827630423681,1.6219226108518627,-25.13586408584098,0.7883571561993832,-14.125309135864304,0.7878983771593702,-13.950803809610095,0.7122562442394383,-15.236751498892863,0.9527453734559557
2024-08-16 20:00:00,-11.0,2.0,-20.657274890335927,0.2298662261176524,-0.7220910948737859,0.9519573209914383,-29.42635943531283,1.281916868923982,-23.75805305809917,1.3778110277418103,-13.644014013423142,0.4812951224411621,-13.271064805106727,0.6797390045033677,-14.757714267041763,0.4790372318511004
2024-08-16 21:00:00,-9.0,3.0,-19.71342835861393,0.9438465317219981,-0.0,0.9438465317219981,-28.17871603617865,1.2476433991341804,-23.247799741319543,0.5102533167796247,-12.889642140407188,0.7543718730159539,-12.622358503154105,0.6487063019526216,-13.878412678571484,0.8793015884702786
2024-08-16 22:00:00,-6.0,4.0,-18.80252152307535,0.9109068355385802,-0.0,0.9109068355385802,-27.096250964225558,1.0824650719530924,-22.80679479264681,0.4410049486727357,-12.16510976469404,0.7245323757131485,-12.003268141404883,0.6190903617492218,-13.03059705799117,0.8478156205803151
2024-08-16 23:00:00,-2.0,2.0,-18.004787294888807,0.7977342281865402,-0.081937259563602,0.8796714877501421,-26.15485308665318,0.9413978775723764,-22.42340960256975,0.3833851900770619,-11.464419033182661,0.7006907315113798,-11.412441638167406,0.5908265032374771,-12.220347555301599,0.8102495026895704
2024-08-17 00:00:00,0.0,2.0,-17.78504571801488,0.2197415768739247,-0.6330228682475746,0.8527644451214993,-25.336006481749187,0.8188466049039906,-22.089984076123052,0.3334255264466977,-11.053223055831445,0.411195977351217,-10.848588639484758,0.5638529986826489,-11.852962426982186,0.36738512831941217
2024-08-17 01:00:00,2.0,0.0,-16.939619593476067,0.8454261245388158,-0.0,0.8454261245388158,-24.623649525789297,0.7123569559598896,-21.79990011685383,0.2900839592692227,-10.387932893746727,0.6652901620847186,-10.310477701026016,0.5381109384587411,-11.095494750085091,0.7574676768970945
2024-08-17 02:00:00,2.0,2.0,-16.122130971294553,0.8174886221815133,-0.0,0.8174886221815133,-24.004933738518357,0.6187157872709392,-21.548523129731624,0.2513769871222064,-9.745091907615043,0.6428409861316844,-9.79693359863503,0.5135441023909865,-10.37033779227539,0.7251569578097026
2024-08-17 03:00:00,4.0,0.0,-15.331210262107586,0.7909207091869667,-0.0,0.7909207091869667,-23.46473737064823,0.5401963678701275,-21.327880783350153,0.22064234638147068,-9.120679235922033,0.6244126716930093,-9.306834761662987,0.4900988369720436,-9.681756191292681,0.6885816009827086
2024-08-17 04:00:00,4.0,-2.0,-14.565576305123681,0.7656339569839055,-0.0,0.7656339569839055,-22.99444275362623,0.4702946170219991,-21.135569833626626,0.19231094972352558,-8.516578921071485,0.6041003148505487,-8.83911082347924,0.4677239381837477,-9.02505321845124,0.656702972841441
2024-08-17 05:00:00,2.0,-5.0,-14.95397367366316,-0.38839736853947904,-1.1299443505283766,0.7415469819888976,-24.415390905168703,-1.4209481515424705,-22.602576650906666,-1.467006817280042,-8.829882074896158,-0.3133031538246735,-8.834028871226437,0.005081952252802946,-9.744822363992283,-0.7197691455410424
2024-08-17 06:00:00,-3.0,-1.0,-14.200255755175121,0.7537179184880403,-0.0,0.7537179184880403,-23.821514161765723,0.5938767434029806,-22.244723613595063,0.35785303731160417,-8.235189969647623,0.5946921052485361,-8.387890342243796,0.44613852898264084,-9.085262979490249,0.6595593845020329
2024-08-17 07:00:00,-4.0,-2.0,-13.470066153207448,0.7301896019676728,-0.0,0.7301896019676728,-23.306710746181945,0.5148034155837793,-21.93521248040666,0.30951113318840506,-7.657999162732273,0.5771908069153495,-7.96211975474255,0.42577058750124674,-8.451573591423312,0.633689388066937
2024-08-17 08:00:00,-6.0,2.0,-12.96695157669578,0.503114576511666,-0.20463696956919453,0.7077515460808605,-22.860425523608537,0.44628522257340786,-21.667489755109337,0.26772272529732316,-7.0984986288896055,0.559500533842668,-7.5557872337774965,0.406332520965053,-7.844003308033429,0.6075702833898831
2024-08-17 09:00:00,-4.0,2.0,-12.382717181785203,0.5842343949105773,-0.10826064945341034,0.6924950443639876,-22.470104998278327,0.3903205253302098,-21.432485883555575,0.2350038715537599,-6.556934084114903,0.5415645447747026,-7.168005356774704,0.38778187700279276,-7.267256961164247,0.5767463468691819
2024-08-17 10:00:00,-2.0,5.0,-11.70772992722398,0.6749872545612231,-0.0,0.6749872545612231,-22.1298999446,0.34020505367832604,-21.22737642425051,0.20510945930506322,-6.033645441401191,0.5232886427137111,-6.797927215417316,0.3700781413573886,-6.717850360384669,0.5494066007795777
2024-08-17 11:00:00,3.0,-1.0,-11.052690964141696,0.6550389630822842,-0.0,0.6550389630822842,-21.833022495369914,0.29687744923008735,-21.04800640268742,0.17937002156309054,-5.52984937238552,0.5037960690156713,-6.4447445660137355,0.3531826494035797,-6.195339829161687,0.5225105312229825
2024-08-17 12:00:00,2.0,1.0,-10.486574940900233,0.5661160232414635,-0.06985026810568591,0.6359662913471494,-21.57558972633036,0.25743276903955303,-20.89278095114813,0.15522545153928957,-5.039297929343392,0.4905514430421286,-6.10768606430863,0.337058501705106,-5.6944705204616195,0.5008693087000671
2024-08-17 13:00:00,3.0,16.0,-10.0802088410091,0.4063660998911337,-0.21334367823642988,0.6197097781275636,-21.35314457914135,0.22244514718900887,-20.759234491192768,0.1335464599553635,-4.608353895177759,0.4309440341656331,-5.786015580881593,0.3216704834270363,-5.288177782291337,0.4062927381702826
2024-08-17 14:00:00,19.0,12.0,-10.746016730532354,-0.6658078895232549,-1.273978276017271,0.6081703864940162,-22.160943631577037,-0.807799052435688,-21.48470649872904,-0.7254720075362713,-5.514308676606078,-0.9059547814283186,-6.418906622608876,-0.6328910417272826,-6.130928660538565,-0.8427508782472288
2024-08-17 15:00:00,31.0,-19.0,-17.355956349535024,-6.609939619002671,-7.237073367490089,0.6271337484874177,-35.116152385480504,-12.955208753903463,-34.234517741748164,-12.749811243019126,-12.867503735432027,-7.353195058825949,-13.821764962747263,-7.402858340138386,-12.069870044265617,-5.938941383727052
2024-08-17 16:00:00,12.0,15.0,-23.20090603356178,-5.844949684026755,-6.6761376886931805,0.8311880046664258,-44.47141408043008,-9.35526169494958,-41.42190170142901,-7.187383959680843,-18.748393814571372,-5.880890079139347,-19.85169370267756,-6.029928739930298,-16.9015994301881,-4.831729385922484
2024-08-17 17:00:00,27.0,21.0,-23.132364818716294,0.06854121484548403,-0.9669894305808029,1.035530645426287,-41.20722791427117,3.264186166158906,-38.55701702921246,2.86488467221655,-19.502270803396424,-0.7538769888250514,-22.2806253685849,-2.4289316659073394,-19.552076606007542,-2.6504771758194416
2024-08-17 18:00:00,48.0,-11.0,-22.099360417920863,1.0330044007954322,-0.0,1.0330044007954322,-38.34370894081524,2.8635189734559314,-36.04054194589747,2.5164750833149836,-22.103945037547145,-2.6016742341507224,-24.22012111855542,-1.9394957499705188,-28.39543867643024,-8.843362070422698
2024-08-17 19:00:00,37.0,-18.0,-21.900869777041557,0.19849064087930635,-0.7968136440647029,0.9953042849440092,-35.86217920779494,2.481529733020304,-33.86060386030208,2.1799380855953987,-23.643144168020186,-1.5391991304730421,-27.900888581738634,-3.680767463183214,-33.670653071713524,-5.275214395283283
2024-08-17 20:00:00,19.0,-26.0,-26.17362067961613,-4.272750902574574,-5.2608914175826555,0.988140515008082,-37.97611144456527,-2.1139322367703346,-33.96318301708099,-0.1025791567789156,-27.403158344327586,-3.7600141763074,-33.647044366228556,-5.746155784489924,-39.325433230051054,-5.654780158337531
2024-08-17 21:00:00,-7.0,-13.0,-27.389241886988334,-1.2156212073722055,-2.363686772041233,1.1480655646690276,-36.03301697837877,1.9430944661865004,-30.256365052721556,3.7068179643594377,-28.25028382898326,-0.8471254846556742,-36.80791737447697,-3.160873008248415,-43.03706745993768,-3.711634229886628
2024-08-17 22:00:00,-20.0,10.0,-26.193485995669178,1.195755891319155,-0.0,1.195755891319155,-33.88423099867306,2.1487859797057087,-28.85994024815585,1.3964248045657057,-27.492182994464823,0.7581008345184381,-35.08466313585021,1.7232542386267653,-42.19643406722266,0.840633392715018
2024-08-17 23:00:00,-10.0,9.0,-25.044648889991883,1.1488371056772966,-0.0,1.1488371056772966,-32.02261582876709,1.8616151699059715,-27.652690125939333,1.207250122216517,-26.52921412278187,0.9629688716829541,-33.44008208774557,1.6445810481046348,-40.85425365248966,1.3421804147330034
2024-08-18 00:00:00,-1.0,5.0,-23.940005117277767,1.1046437727141147,-0.0,1.1046437727141147,-30.40644592058143,1.616169908185657,-26.605657591655568,1.0470325342837652,-25.53107214797362,0.9981419748082483,-31.87058249612395,1.569499591621623,-39.39661108818501,1.4576425643046511
2024-08-18 01:00:00,4.0,-2.0,-22.87703726105662,1.0629678562211455,-0.0,1.0629678562211455,-28.99008121437668,1.4163647062047497,-25.684316709093743,0.9213408825618258,-24.895826442573156,0.6352457054004634,-30.37273660343328,1.4978458926906681,-38.64216614069493,0.7544449474900765
2024-08-18 02:00:00,2.0,3.0,-21.85341639334772,1.0236208677088978,-0.0,1.0236208677088978,-27.753080331744425,1.2370008826322547,-24.877871657200163,0.8064450518935791,-24.485539728674915,0.41028671389823945,-28.94327314245063,1.4294634609826524,-38.343379663138435,0.29878647755649923
2024-08-18 03:00:00,5.0,-9.0,-20.866984696694914,0.9864316966528076,-0.0,0.9864316966528076,-26.677007710415296,1.0760726213291287,-24.176277757461527,0.701593899738636,-24.09483496793526,0.3907047607396571,-27.579070191896157,1.3642029505544695,-38.0465078541383,0.2968718090001352
2024-08-18 04:00:00,-4.0,2.0,-19.915739979412564,0.9512447172823503,-0.0,0.9512447172823503,-25.753451091293833,0.9235566191214648,-23.57841389608543,0.5978638613760987,-23.286058214627513,0.8087767533077472,-26.27714835821586,1.3019218336802982,-36.83079242943094,1.2157154247073536
2024-08-18 05:00:00,-2.0,0.0,-18.99782184714224,0.9179181322703238,-0.0,0.9179181322703238,-24.946939114950943,0.8065119763428886,-23.05517998902669,0.5232339070587373,-22.61034372072608,0.6757144939014329,-25.03466426864213,1.242484089573733,-35.843146294136695,0.9876461352942476
2024-08-18 06:00:00,-2.0,5.0,-18.111499327171007,0.8863225199712339,-0.0,0.8863225199712339,-24.248260239698855,0.6986788752520893,-22.602882098035746,0.4522978909909454,-21.8827576278735,0.7275860928525779,-23.848904361321182,1.185759907320947,-34.72863680409637,1.1145094900403232
2024-08-18 07:00:00,3.0,5.0,-17.25515977011342,0.8563395570575894,-0.0,0.8563395570575894,-23.640538235668632,0.6077220040302231,-22.209452681837924,0.3934294161978211,-21.190882700546773,0.6918749273267266,-22.71727895894508,1.1316254023761028,-33.65769232911865,1.0709444749777168
2024-08-18 08:00:00,8.0,2.0,-16.427298877397465,0.8278608927159533,-0.0,0.8278608927159533,-23.10367144377968,0.53686679188895,-21.85897748714166,0.35047519469626154,-20.809432661131858,0.38145003941491384,-21.637316612945245,1.0799623459998346,-33.16810704280198,0.48958528631667586
2024-08-18 09:00:00,10.0,4.0,-15.626511723242858,0.8007871541546062,-0.0,0.8007871541546062,-22.637252012478353,0.4664194313013281,-21.5546725751153,0.3043049120263591,-20.425103326560134,0.3843293345717237,-20.606658705895335,1.03065790704991,-32.649455143443326,0.5186518993586509
2024-08-18 10:00:00,14.0,-7.0,-14.85148465706989,0.7750270661729698,-0.0,0.7750270661729698,-22.222363797153488,0.41488821532486564,-21.280793565657092,0.2738790094582107,-20.45864457479031,-0.033541248230177234,-20.268400498571342,0.3382582073239939,-33.02220926273196,-0.3727541192886336
2024-08-18 11:00:00,7.0,2.0,-14.100987987014694,0.7504966700551957,-0.0,0.7504966700551957,-21.883539958084853,0.3388238390686356,-21.064590060188458,0.21620350546863548,-19.70013162183204,0.7585129529582688,-19.300238882469642,0.9681616161017012,-31.777993754959862,1.2442155077721015
2024-08-18 12:00:00,9.0,-3.0,-13.373869357852769,0.7271186291619255,-0.0,0.7271186291619255,-21.58832702503418,0.2952129330506741,-20.876029174749753,0.18856088543870395,-18.9907675018157,0.7093641200163393,-18.376277571565208,0.9239613109044365,-30.60696465506144,1.1710290998984236
2024-08-18 13:00:00,6.0,-11.0,-12.669047747478297,0.7048216103744712,-0.0,0.7048216103744712,-21.323718002711914,0.2646090223222634,-20.70419071142779,0.1718384633219661,-18.539180548740394,0.4515869530753078,-17.494498651754604,0.8817789198106021,-29.873748611629782,0.7332160434316557
2024-08-18 14:00:00,-5.0,-3.0,-11.985508015427378,0.6835397320509183,-0.0,0.6835397320509183,-21.11828505909349,0.20543294361842407,-20.579421085302425,0.12476962612536238,-17.629525682119976,0.909654866620417,-16.652976334482197,0.8415223172724067,-28.388117207831254,1.4856314037985283
2024-08-18 15:00:00,-8.0,3.0,-11.322295944997393,0.6632120704299844,-0.0,0.6632120704299844,-20.9406666201958,0.17761843889769213,-20.471962421661214,0.10745866364121226,-16.750690470403285,0.8788352117166927,-15.849872750854198,0.8031035836279999,-26.957540822941514,1.4305763848897404
2024-08-18 16:00:00,-5.0,-3.0,-10.67851372749373,0.643782217503663,-0.0,0.643782217503663,-20.785660884544892,0.15500573565090764,-20.377982212029433,0.0939802096317798,-15.911350662519363,0.8393398078839223,-15.083433937767612,0.7664388130865848,-25.596656004325443,1.3608848186160727
2024-08-18 17:00:00,-8.0,-3.0,-10.459076661431453,0.2194370660622766,-0.4057608182425095,0.6251978843047861,-20.654844343234796,0.13081654131009718,-20.300241638719655,0.07774057330977771,-15.083937935622425,0.8274127268969385,-14.351986007287861,0.7314479304797518,-24.261032757595732,1.3356232467297096
2024-08-18 18:00:00,-11.0,-4.0,-11.175593669209398,-0.716517007777945,-1.3354425089260487,0.6189255011481036,-22.148900531287687,-1.49405618805289,-21.759251935246816,-1.4590102965271605,-15.123027650720784,-0.03908971509835929,-14.127664474659413,0.22432153262844823,-23.602365568377643,0.6586671892180882
2024-08-18 19:00:00,-15.0,0.0,-10.536070313417493,0.6395233557919057,-0.0,0.6395233557919057,-21.84159830000151,0.3073022312861766,-21.502860412968232,0.25639152227858475,-14.323363112120282,0.7996645386005035,-13.439851099882985,0.6878133747764296,-22.351697258263158,1.2506683101144829
2024-08-18 20:00:00,-15.0,1.0,-11.022143711034776,-0.48607339761728174,-1.1071960819920146,0.6211226843747328,-22.78962621831416,-0.9480279183126504,-22.232791095225323,-0.7299306822570911,-14.20360130170824,0.11976181041204242,-12.917076025160732,0.5227750747222527,-21.679464095786816,0.672233162476342
2024-08-18 21:00:00,-14.0,4.0,-10.38705998266063,0.6350837283741464,-0.0,0.6350837283741464,-22.400717927866992,0.3889082904471706,-21.916587574300628,0.3162035209246969,-13.433396799475764,0.7702045022324764,-12.284530673869448,0.6325453512912842,-20.50529492834168,1.1741691674451367
2024-08-18 22:00:00,-10.0,5.0,-9.770186112119477,0.6168738705411525,-0.0,0.6168738705411525,-22.064743025249175,0.33597490261781565,-21.643822382837904,0.27276519146272554,-12.68675692400063,0.7466398754751347,-11.680863453164212,0.6036672207052345,-19.372599969283566,1.1326949590581135
2024-08-18 23:00:00,-5.0,6.0,-9.170746370345313,0.599439741774164,-0.0,0.599439741774164,-21.773250959147173,0.2914920661020031,-21.40728653609611,0.236535846741796,-11.965585819583497,0.7211711044171334,-11.10475596520297,0.5761074879612408,-18.287862389480896,1.084737579802672
2024-08-19 00:00:00,1.0,,-8.588008621053037,0.5827377492922757,-0.0,0.5827377492922757,-21.52058024788877,0.25267071125840224,-21.20239609028016,0.20489044581594792,-11.268595973099297,0.6969898464842008,-10.55495000208099,0.5498059631219815,-17.24882567443672,1.0390367150441757
